Device: cuda
Loading 2 parquets:
  unified_v15r_zenjpeg.parquet: 1,785,696 rows × 239 cols (3.4s)
  unified_v15rc_zenjpeg.parquet: 513,570 rows × 239 cols (3.0s)
Total: 2,299,266 rows
Loading safesyn safe_synth_218k_features.csv...
/home/lilith/work/zen/zensim/scripts/v_next/train_v_next_mlp.py:133: PerformanceWarning: DataFrame is highly fragmented.  This is usually the result of calling `frame.insert` many times, which has poor performance.  Consider joining all columns at once using pd.concat(axis=1) instead. To get a de-fragmented frame, use `newframe = frame.copy()`
  out[f"feat_{i}"] = df[f"f{i}"]
/home/lilith/work/zen/zensim/scripts/v_next/train_v_next_mlp.py:133: PerformanceWarning: DataFrame is highly fragmented.  This is usually the result of calling `frame.insert` many times, which has poor performance.  Consider joining all columns at once using pd.concat(axis=1) instead. To get a de-fragmented frame, use `newframe = frame.copy()`
  out[f"feat_{i}"] = df[f"f{i}"]
/home/lilith/work/zen/zensim/scripts/v_next/train_v_next_mlp.py:133: PerformanceWarning: DataFrame is highly fragmented.  This is usually the result of calling `frame.insert` many times, which has poor performance.  Consider joining all columns at once using pd.concat(axis=1) instead. To get a de-fragmented frame, use `newframe = frame.copy()`
  out[f"feat_{i}"] = df[f"f{i}"]
/home/lilith/work/zen/zensim/scripts/v_next/train_v_next_mlp.py:133: PerformanceWarning: DataFrame is highly fragmented.  This is usually the result of calling `frame.insert` many times, which has poor performance.  Consider joining all columns at once using pd.concat(axis=1) instead. To get a de-fragmented frame, use `newframe = frame.copy()`
  out[f"feat_{i}"] = df[f"f{i}"]
/home/lilith/work/zen/zensim/scripts/v_next/train_v_next_mlp.py:133: PerformanceWarning: DataFrame is highly fragmented.  This is usually the result of calling `frame.insert` many times, which has poor performance.  Consider joining all columns at once using pd.concat(axis=1) instead. To get a de-fragmented frame, use `newframe = frame.copy()`
  out[f"feat_{i}"] = df[f"f{i}"]
/home/lilith/work/zen/zensim/scripts/v_next/train_v_next_mlp.py:133: PerformanceWarning: DataFrame is highly fragmented.  This is usually the result of calling `frame.insert` many times, which has poor performance.  Consider joining all columns at once using pd.concat(axis=1) instead. To get a de-fragmented frame, use `newframe = frame.copy()`
  out[f"feat_{i}"] = df[f"f{i}"]
/home/lilith/work/zen/zensim/scripts/v_next/train_v_next_mlp.py:133: PerformanceWarning: DataFrame is highly fragmented.  This is usually the result of calling `frame.insert` many times, which has poor performance.  Consider joining all columns at once using pd.concat(axis=1) instead. To get a de-fragmented frame, use `newframe = frame.copy()`
  out[f"feat_{i}"] = df[f"f{i}"]
/home/lilith/work/zen/zensim/scripts/v_next/train_v_next_mlp.py:133: PerformanceWarning: DataFrame is highly fragmented.  This is usually the result of calling `frame.insert` many times, which has poor performance.  Consider joining all columns at once using pd.concat(axis=1) instead. To get a de-fragmented frame, use `newframe = frame.copy()`
  out[f"feat_{i}"] = df[f"f{i}"]
/home/lilith/work/zen/zensim/scripts/v_next/train_v_next_mlp.py:133: PerformanceWarning: DataFrame is highly fragmented.  This is usually the result of calling `frame.insert` many times, which has poor performance.  Consider joining all columns at once using pd.concat(axis=1) instead. To get a de-fragmented frame, use `newframe = frame.copy()`
  out[f"feat_{i}"] = df[f"f{i}"]
/home/lilith/work/zen/zensim/scripts/v_next/train_v_next_mlp.py:133: PerformanceWarning: DataFrame is highly fragmented.  This is usually the result of calling `frame.insert` many times, which has poor performance.  Consider joining all columns at once using pd.concat(axis=1) instead. To get a de-fragmented frame, use `newframe = frame.copy()`
  out[f"feat_{i}"] = df[f"f{i}"]
/home/lilith/work/zen/zensim/scripts/v_next/train_v_next_mlp.py:133: PerformanceWarning: DataFrame is highly fragmented.  This is usually the result of calling `frame.insert` many times, which has poor performance.  Consider joining all columns at once using pd.concat(axis=1) instead. To get a de-fragmented frame, use `newframe = frame.copy()`
  out[f"feat_{i}"] = df[f"f{i}"]
/home/lilith/work/zen/zensim/scripts/v_next/train_v_next_mlp.py:133: PerformanceWarning: DataFrame is highly fragmented.  This is usually the result of calling `frame.insert` many times, which has poor performance.  Consider joining all columns at once using pd.concat(axis=1) instead. To get a de-fragmented frame, use `newframe = frame.copy()`
  out[f"feat_{i}"] = df[f"f{i}"]
/home/lilith/work/zen/zensim/scripts/v_next/train_v_next_mlp.py:133: PerformanceWarning: DataFrame is highly fragmented.  This is usually the result of calling `frame.insert` many times, which has poor performance.  Consider joining all columns at once using pd.concat(axis=1) instead. To get a de-fragmented frame, use `newframe = frame.copy()`
  out[f"feat_{i}"] = df[f"f{i}"]
/home/lilith/work/zen/zensim/scripts/v_next/train_v_next_mlp.py:133: PerformanceWarning: DataFrame is highly fragmented.  This is usually the result of calling `frame.insert` many times, which has poor performance.  Consider joining all columns at once using pd.concat(axis=1) instead. To get a de-fragmented frame, use `newframe = frame.copy()`
  out[f"feat_{i}"] = df[f"f{i}"]
/home/lilith/work/zen/zensim/scripts/v_next/train_v_next_mlp.py:133: PerformanceWarning: DataFrame is highly fragmented.  This is usually the result of calling `frame.insert` many times, which has poor performance.  Consider joining all columns at once using pd.concat(axis=1) instead. To get a de-fragmented frame, use `newframe = frame.copy()`
  out[f"feat_{i}"] = df[f"f{i}"]
/home/lilith/work/zen/zensim/scripts/v_next/train_v_next_mlp.py:133: PerformanceWarning: DataFrame is highly fragmented.  This is usually the result of calling `frame.insert` many times, which has poor performance.  Consider joining all columns at once using pd.concat(axis=1) instead. To get a de-fragmented frame, use `newframe = frame.copy()`
  out[f"feat_{i}"] = df[f"f{i}"]
/home/lilith/work/zen/zensim/scripts/v_next/train_v_next_mlp.py:133: PerformanceWarning: DataFrame is highly fragmented.  This is usually the result of calling `frame.insert` many times, which has poor performance.  Consider joining all columns at once using pd.concat(axis=1) instead. To get a de-fragmented frame, use `newframe = frame.copy()`
  out[f"feat_{i}"] = df[f"f{i}"]
/home/lilith/work/zen/zensim/scripts/v_next/train_v_next_mlp.py:133: PerformanceWarning: DataFrame is highly fragmented.  This is usually the result of calling `frame.insert` many times, which has poor performance.  Consider joining all columns at once using pd.concat(axis=1) instead. To get a de-fragmented frame, use `newframe = frame.copy()`
  out[f"feat_{i}"] = df[f"f{i}"]
/home/lilith/work/zen/zensim/scripts/v_next/train_v_next_mlp.py:133: PerformanceWarning: DataFrame is highly fragmented.  This is usually the result of calling `frame.insert` many times, which has poor performance.  Consider joining all columns at once using pd.concat(axis=1) instead. To get a de-fragmented frame, use `newframe = frame.copy()`
  out[f"feat_{i}"] = df[f"f{i}"]
/home/lilith/work/zen/zensim/scripts/v_next/train_v_next_mlp.py:133: PerformanceWarning: DataFrame is highly fragmented.  This is usually the result of calling `frame.insert` many times, which has poor performance.  Consider joining all columns at once using pd.concat(axis=1) instead. To get a de-fragmented frame, use `newframe = frame.copy()`
  out[f"feat_{i}"] = df[f"f{i}"]
/home/lilith/work/zen/zensim/scripts/v_next/train_v_next_mlp.py:133: PerformanceWarning: DataFrame is highly fragmented.  This is usually the result of calling `frame.insert` many times, which has poor performance.  Consider joining all columns at once using pd.concat(axis=1) instead. To get a de-fragmented frame, use `newframe = frame.copy()`
  out[f"feat_{i}"] = df[f"f{i}"]
/home/lilith/work/zen/zensim/scripts/v_next/train_v_next_mlp.py:133: PerformanceWarning: DataFrame is highly fragmented.  This is usually the result of calling `frame.insert` many times, which has poor performance.  Consider joining all columns at once using pd.concat(axis=1) instead. To get a de-fragmented frame, use `newframe = frame.copy()`
  out[f"feat_{i}"] = df[f"f{i}"]
/home/lilith/work/zen/zensim/scripts/v_next/train_v_next_mlp.py:133: PerformanceWarning: DataFrame is highly fragmented.  This is usually the result of calling `frame.insert` many times, which has poor performance.  Consider joining all columns at once using pd.concat(axis=1) instead. To get a de-fragmented frame, use `newframe = frame.copy()`
  out[f"feat_{i}"] = df[f"f{i}"]
/home/lilith/work/zen/zensim/scripts/v_next/train_v_next_mlp.py:133: PerformanceWarning: DataFrame is highly fragmented.  This is usually the result of calling `frame.insert` many times, which has poor performance.  Consider joining all columns at once using pd.concat(axis=1) instead. To get a de-fragmented frame, use `newframe = frame.copy()`
  out[f"feat_{i}"] = df[f"f{i}"]
/home/lilith/work/zen/zensim/scripts/v_next/train_v_next_mlp.py:133: PerformanceWarning: DataFrame is highly fragmented.  This is usually the result of calling `frame.insert` many times, which has poor performance.  Consider joining all columns at once using pd.concat(axis=1) instead. To get a de-fragmented frame, use `newframe = frame.copy()`
  out[f"feat_{i}"] = df[f"f{i}"]
/home/lilith/work/zen/zensim/scripts/v_next/train_v_next_mlp.py:133: PerformanceWarning: DataFrame is highly fragmented.  This is usually the result of calling `frame.insert` many times, which has poor performance.  Consider joining all columns at once using pd.concat(axis=1) instead. To get a de-fragmented frame, use `newframe = frame.copy()`
  out[f"feat_{i}"] = df[f"f{i}"]
/home/lilith/work/zen/zensim/scripts/v_next/train_v_next_mlp.py:133: PerformanceWarning: DataFrame is highly fragmented.  This is usually the result of calling `frame.insert` many times, which has poor performance.  Consider joining all columns at once using pd.concat(axis=1) instead. To get a de-fragmented frame, use `newframe = frame.copy()`
  out[f"feat_{i}"] = df[f"f{i}"]
/home/lilith/work/zen/zensim/scripts/v_next/train_v_next_mlp.py:133: PerformanceWarning: DataFrame is highly fragmented.  This is usually the result of calling `frame.insert` many times, which has poor performance.  Consider joining all columns at once using pd.concat(axis=1) instead. To get a de-fragmented frame, use `newframe = frame.copy()`
  out[f"feat_{i}"] = df[f"f{i}"]
/home/lilith/work/zen/zensim/scripts/v_next/train_v_next_mlp.py:133: PerformanceWarning: DataFrame is highly fragmented.  This is usually the result of calling `frame.insert` many times, which has poor performance.  Consider joining all columns at once using pd.concat(axis=1) instead. To get a de-fragmented frame, use `newframe = frame.copy()`
  out[f"feat_{i}"] = df[f"f{i}"]
/home/lilith/work/zen/zensim/scripts/v_next/train_v_next_mlp.py:133: PerformanceWarning: DataFrame is highly fragmented.  This is usually the result of calling `frame.insert` many times, which has poor performance.  Consider joining all columns at once using pd.concat(axis=1) instead. To get a de-fragmented frame, use `newframe = frame.copy()`
  out[f"feat_{i}"] = df[f"f{i}"]
/home/lilith/work/zen/zensim/scripts/v_next/train_v_next_mlp.py:133: PerformanceWarning: DataFrame is highly fragmented.  This is usually the result of calling `frame.insert` many times, which has poor performance.  Consider joining all columns at once using pd.concat(axis=1) instead. To get a de-fragmented frame, use `newframe = frame.copy()`
  out[f"feat_{i}"] = df[f"f{i}"]
/home/lilith/work/zen/zensim/scripts/v_next/train_v_next_mlp.py:133: PerformanceWarning: DataFrame is highly fragmented.  This is usually the result of calling `frame.insert` many times, which has poor performance.  Consider joining all columns at once using pd.concat(axis=1) instead. To get a de-fragmented frame, use `newframe = frame.copy()`
  out[f"feat_{i}"] = df[f"f{i}"]
/home/lilith/work/zen/zensim/scripts/v_next/train_v_next_mlp.py:133: PerformanceWarning: DataFrame is highly fragmented.  This is usually the result of calling `frame.insert` many times, which has poor performance.  Consider joining all columns at once using pd.concat(axis=1) instead. To get a de-fragmented frame, use `newframe = frame.copy()`
  out[f"feat_{i}"] = df[f"f{i}"]
/home/lilith/work/zen/zensim/scripts/v_next/train_v_next_mlp.py:133: PerformanceWarning: DataFrame is highly fragmented.  This is usually the result of calling `frame.insert` many times, which has poor performance.  Consider joining all columns at once using pd.concat(axis=1) instead. To get a de-fragmented frame, use `newframe = frame.copy()`
  out[f"feat_{i}"] = df[f"f{i}"]
/home/lilith/work/zen/zensim/scripts/v_next/train_v_next_mlp.py:133: PerformanceWarning: DataFrame is highly fragmented.  This is usually the result of calling `frame.insert` many times, which has poor performance.  Consider joining all columns at once using pd.concat(axis=1) instead. To get a de-fragmented frame, use `newframe = frame.copy()`
  out[f"feat_{i}"] = df[f"f{i}"]
/home/lilith/work/zen/zensim/scripts/v_next/train_v_next_mlp.py:133: PerformanceWarning: DataFrame is highly fragmented.  This is usually the result of calling `frame.insert` many times, which has poor performance.  Consider joining all columns at once using pd.concat(axis=1) instead. To get a de-fragmented frame, use `newframe = frame.copy()`
  out[f"feat_{i}"] = df[f"f{i}"]
/home/lilith/work/zen/zensim/scripts/v_next/train_v_next_mlp.py:133: PerformanceWarning: DataFrame is highly fragmented.  This is usually the result of calling `frame.insert` many times, which has poor performance.  Consider joining all columns at once using pd.concat(axis=1) instead. To get a de-fragmented frame, use `newframe = frame.copy()`
  out[f"feat_{i}"] = df[f"f{i}"]
/home/lilith/work/zen/zensim/scripts/v_next/train_v_next_mlp.py:133: PerformanceWarning: DataFrame is highly fragmented.  This is usually the result of calling `frame.insert` many times, which has poor performance.  Consider joining all columns at once using pd.concat(axis=1) instead. To get a de-fragmented frame, use `newframe = frame.copy()`
  out[f"feat_{i}"] = df[f"f{i}"]
/home/lilith/work/zen/zensim/scripts/v_next/train_v_next_mlp.py:133: PerformanceWarning: DataFrame is highly fragmented.  This is usually the result of calling `frame.insert` many times, which has poor performance.  Consider joining all columns at once using pd.concat(axis=1) instead. To get a de-fragmented frame, use `newframe = frame.copy()`
  out[f"feat_{i}"] = df[f"f{i}"]
/home/lilith/work/zen/zensim/scripts/v_next/train_v_next_mlp.py:133: PerformanceWarning: DataFrame is highly fragmented.  This is usually the result of calling `frame.insert` many times, which has poor performance.  Consider joining all columns at once using pd.concat(axis=1) instead. To get a de-fragmented frame, use `newframe = frame.copy()`
  out[f"feat_{i}"] = df[f"f{i}"]
/home/lilith/work/zen/zensim/scripts/v_next/train_v_next_mlp.py:133: PerformanceWarning: DataFrame is highly fragmented.  This is usually the result of calling `frame.insert` many times, which has poor performance.  Consider joining all columns at once using pd.concat(axis=1) instead. To get a de-fragmented frame, use `newframe = frame.copy()`
  out[f"feat_{i}"] = df[f"f{i}"]
/home/lilith/work/zen/zensim/scripts/v_next/train_v_next_mlp.py:133: PerformanceWarning: DataFrame is highly fragmented.  This is usually the result of calling `frame.insert` many times, which has poor performance.  Consider joining all columns at once using pd.concat(axis=1) instead. To get a de-fragmented frame, use `newframe = frame.copy()`
  out[f"feat_{i}"] = df[f"f{i}"]
/home/lilith/work/zen/zensim/scripts/v_next/train_v_next_mlp.py:133: PerformanceWarning: DataFrame is highly fragmented.  This is usually the result of calling `frame.insert` many times, which has poor performance.  Consider joining all columns at once using pd.concat(axis=1) instead. To get a de-fragmented frame, use `newframe = frame.copy()`
  out[f"feat_{i}"] = df[f"f{i}"]
/home/lilith/work/zen/zensim/scripts/v_next/train_v_next_mlp.py:133: PerformanceWarning: DataFrame is highly fragmented.  This is usually the result of calling `frame.insert` many times, which has poor performance.  Consider joining all columns at once using pd.concat(axis=1) instead. To get a de-fragmented frame, use `newframe = frame.copy()`
  out[f"feat_{i}"] = df[f"f{i}"]
/home/lilith/work/zen/zensim/scripts/v_next/train_v_next_mlp.py:133: PerformanceWarning: DataFrame is highly fragmented.  This is usually the result of calling `frame.insert` many times, which has poor performance.  Consider joining all columns at once using pd.concat(axis=1) instead. To get a de-fragmented frame, use `newframe = frame.copy()`
  out[f"feat_{i}"] = df[f"f{i}"]
/home/lilith/work/zen/zensim/scripts/v_next/train_v_next_mlp.py:133: PerformanceWarning: DataFrame is highly fragmented.  This is usually the result of calling `frame.insert` many times, which has poor performance.  Consider joining all columns at once using pd.concat(axis=1) instead. To get a de-fragmented frame, use `newframe = frame.copy()`
  out[f"feat_{i}"] = df[f"f{i}"]
/home/lilith/work/zen/zensim/scripts/v_next/train_v_next_mlp.py:133: PerformanceWarning: DataFrame is highly fragmented.  This is usually the result of calling `frame.insert` many times, which has poor performance.  Consider joining all columns at once using pd.concat(axis=1) instead. To get a de-fragmented frame, use `newframe = frame.copy()`
  out[f"feat_{i}"] = df[f"f{i}"]
/home/lilith/work/zen/zensim/scripts/v_next/train_v_next_mlp.py:133: PerformanceWarning: DataFrame is highly fragmented.  This is usually the result of calling `frame.insert` many times, which has poor performance.  Consider joining all columns at once using pd.concat(axis=1) instead. To get a de-fragmented frame, use `newframe = frame.copy()`
  out[f"feat_{i}"] = df[f"f{i}"]
/home/lilith/work/zen/zensim/scripts/v_next/train_v_next_mlp.py:133: PerformanceWarning: DataFrame is highly fragmented.  This is usually the result of calling `frame.insert` many times, which has poor performance.  Consider joining all columns at once using pd.concat(axis=1) instead. To get a de-fragmented frame, use `newframe = frame.copy()`
  out[f"feat_{i}"] = df[f"f{i}"]
/home/lilith/work/zen/zensim/scripts/v_next/train_v_next_mlp.py:133: PerformanceWarning: DataFrame is highly fragmented.  This is usually the result of calling `frame.insert` many times, which has poor performance.  Consider joining all columns at once using pd.concat(axis=1) instead. To get a de-fragmented frame, use `newframe = frame.copy()`
  out[f"feat_{i}"] = df[f"f{i}"]
/home/lilith/work/zen/zensim/scripts/v_next/train_v_next_mlp.py:133: PerformanceWarning: DataFrame is highly fragmented.  This is usually the result of calling `frame.insert` many times, which has poor performance.  Consider joining all columns at once using pd.concat(axis=1) instead. To get a de-fragmented frame, use `newframe = frame.copy()`
  out[f"feat_{i}"] = df[f"f{i}"]
/home/lilith/work/zen/zensim/scripts/v_next/train_v_next_mlp.py:133: PerformanceWarning: DataFrame is highly fragmented.  This is usually the result of calling `frame.insert` many times, which has poor performance.  Consider joining all columns at once using pd.concat(axis=1) instead. To get a de-fragmented frame, use `newframe = frame.copy()`
  out[f"feat_{i}"] = df[f"f{i}"]
/home/lilith/work/zen/zensim/scripts/v_next/train_v_next_mlp.py:133: PerformanceWarning: DataFrame is highly fragmented.  This is usually the result of calling `frame.insert` many times, which has poor performance.  Consider joining all columns at once using pd.concat(axis=1) instead. To get a de-fragmented frame, use `newframe = frame.copy()`
  out[f"feat_{i}"] = df[f"f{i}"]
/home/lilith/work/zen/zensim/scripts/v_next/train_v_next_mlp.py:133: PerformanceWarning: DataFrame is highly fragmented.  This is usually the result of calling `frame.insert` many times, which has poor performance.  Consider joining all columns at once using pd.concat(axis=1) instead. To get a de-fragmented frame, use `newframe = frame.copy()`
  out[f"feat_{i}"] = df[f"f{i}"]
/home/lilith/work/zen/zensim/scripts/v_next/train_v_next_mlp.py:133: PerformanceWarning: DataFrame is highly fragmented.  This is usually the result of calling `frame.insert` many times, which has poor performance.  Consider joining all columns at once using pd.concat(axis=1) instead. To get a de-fragmented frame, use `newframe = frame.copy()`
  out[f"feat_{i}"] = df[f"f{i}"]
/home/lilith/work/zen/zensim/scripts/v_next/train_v_next_mlp.py:133: PerformanceWarning: DataFrame is highly fragmented.  This is usually the result of calling `frame.insert` many times, which has poor performance.  Consider joining all columns at once using pd.concat(axis=1) instead. To get a de-fragmented frame, use `newframe = frame.copy()`
  out[f"feat_{i}"] = df[f"f{i}"]
/home/lilith/work/zen/zensim/scripts/v_next/train_v_next_mlp.py:133: PerformanceWarning: DataFrame is highly fragmented.  This is usually the result of calling `frame.insert` many times, which has poor performance.  Consider joining all columns at once using pd.concat(axis=1) instead. To get a de-fragmented frame, use `newframe = frame.copy()`
  out[f"feat_{i}"] = df[f"f{i}"]
/home/lilith/work/zen/zensim/scripts/v_next/train_v_next_mlp.py:133: PerformanceWarning: DataFrame is highly fragmented.  This is usually the result of calling `frame.insert` many times, which has poor performance.  Consider joining all columns at once using pd.concat(axis=1) instead. To get a de-fragmented frame, use `newframe = frame.copy()`
  out[f"feat_{i}"] = df[f"f{i}"]
/home/lilith/work/zen/zensim/scripts/v_next/train_v_next_mlp.py:133: PerformanceWarning: DataFrame is highly fragmented.  This is usually the result of calling `frame.insert` many times, which has poor performance.  Consider joining all columns at once using pd.concat(axis=1) instead. To get a de-fragmented frame, use `newframe = frame.copy()`
  out[f"feat_{i}"] = df[f"f{i}"]
/home/lilith/work/zen/zensim/scripts/v_next/train_v_next_mlp.py:133: PerformanceWarning: DataFrame is highly fragmented.  This is usually the result of calling `frame.insert` many times, which has poor performance.  Consider joining all columns at once using pd.concat(axis=1) instead. To get a de-fragmented frame, use `newframe = frame.copy()`
  out[f"feat_{i}"] = df[f"f{i}"]
/home/lilith/work/zen/zensim/scripts/v_next/train_v_next_mlp.py:133: PerformanceWarning: DataFrame is highly fragmented.  This is usually the result of calling `frame.insert` many times, which has poor performance.  Consider joining all columns at once using pd.concat(axis=1) instead. To get a de-fragmented frame, use `newframe = frame.copy()`
  out[f"feat_{i}"] = df[f"f{i}"]
/home/lilith/work/zen/zensim/scripts/v_next/train_v_next_mlp.py:133: PerformanceWarning: DataFrame is highly fragmented.  This is usually the result of calling `frame.insert` many times, which has poor performance.  Consider joining all columns at once using pd.concat(axis=1) instead. To get a de-fragmented frame, use `newframe = frame.copy()`
  out[f"feat_{i}"] = df[f"f{i}"]
/home/lilith/work/zen/zensim/scripts/v_next/train_v_next_mlp.py:133: PerformanceWarning: DataFrame is highly fragmented.  This is usually the result of calling `frame.insert` many times, which has poor performance.  Consider joining all columns at once using pd.concat(axis=1) instead. To get a de-fragmented frame, use `newframe = frame.copy()`
  out[f"feat_{i}"] = df[f"f{i}"]
/home/lilith/work/zen/zensim/scripts/v_next/train_v_next_mlp.py:133: PerformanceWarning: DataFrame is highly fragmented.  This is usually the result of calling `frame.insert` many times, which has poor performance.  Consider joining all columns at once using pd.concat(axis=1) instead. To get a de-fragmented frame, use `newframe = frame.copy()`
  out[f"feat_{i}"] = df[f"f{i}"]
/home/lilith/work/zen/zensim/scripts/v_next/train_v_next_mlp.py:133: PerformanceWarning: DataFrame is highly fragmented.  This is usually the result of calling `frame.insert` many times, which has poor performance.  Consider joining all columns at once using pd.concat(axis=1) instead. To get a de-fragmented frame, use `newframe = frame.copy()`
  out[f"feat_{i}"] = df[f"f{i}"]
/home/lilith/work/zen/zensim/scripts/v_next/train_v_next_mlp.py:133: PerformanceWarning: DataFrame is highly fragmented.  This is usually the result of calling `frame.insert` many times, which has poor performance.  Consider joining all columns at once using pd.concat(axis=1) instead. To get a de-fragmented frame, use `newframe = frame.copy()`
  out[f"feat_{i}"] = df[f"f{i}"]
/home/lilith/work/zen/zensim/scripts/v_next/train_v_next_mlp.py:133: PerformanceWarning: DataFrame is highly fragmented.  This is usually the result of calling `frame.insert` many times, which has poor performance.  Consider joining all columns at once using pd.concat(axis=1) instead. To get a de-fragmented frame, use `newframe = frame.copy()`
  out[f"feat_{i}"] = df[f"f{i}"]
/home/lilith/work/zen/zensim/scripts/v_next/train_v_next_mlp.py:133: PerformanceWarning: DataFrame is highly fragmented.  This is usually the result of calling `frame.insert` many times, which has poor performance.  Consider joining all columns at once using pd.concat(axis=1) instead. To get a de-fragmented frame, use `newframe = frame.copy()`
  out[f"feat_{i}"] = df[f"f{i}"]
/home/lilith/work/zen/zensim/scripts/v_next/train_v_next_mlp.py:133: PerformanceWarning: DataFrame is highly fragmented.  This is usually the result of calling `frame.insert` many times, which has poor performance.  Consider joining all columns at once using pd.concat(axis=1) instead. To get a de-fragmented frame, use `newframe = frame.copy()`
  out[f"feat_{i}"] = df[f"f{i}"]
/home/lilith/work/zen/zensim/scripts/v_next/train_v_next_mlp.py:133: PerformanceWarning: DataFrame is highly fragmented.  This is usually the result of calling `frame.insert` many times, which has poor performance.  Consider joining all columns at once using pd.concat(axis=1) instead. To get a de-fragmented frame, use `newframe = frame.copy()`
  out[f"feat_{i}"] = df[f"f{i}"]
/home/lilith/work/zen/zensim/scripts/v_next/train_v_next_mlp.py:133: PerformanceWarning: DataFrame is highly fragmented.  This is usually the result of calling `frame.insert` many times, which has poor performance.  Consider joining all columns at once using pd.concat(axis=1) instead. To get a de-fragmented frame, use `newframe = frame.copy()`
  out[f"feat_{i}"] = df[f"f{i}"]
/home/lilith/work/zen/zensim/scripts/v_next/train_v_next_mlp.py:133: PerformanceWarning: DataFrame is highly fragmented.  This is usually the result of calling `frame.insert` many times, which has poor performance.  Consider joining all columns at once using pd.concat(axis=1) instead. To get a de-fragmented frame, use `newframe = frame.copy()`
  out[f"feat_{i}"] = df[f"f{i}"]
/home/lilith/work/zen/zensim/scripts/v_next/train_v_next_mlp.py:133: PerformanceWarning: DataFrame is highly fragmented.  This is usually the result of calling `frame.insert` many times, which has poor performance.  Consider joining all columns at once using pd.concat(axis=1) instead. To get a de-fragmented frame, use `newframe = frame.copy()`
  out[f"feat_{i}"] = df[f"f{i}"]
/home/lilith/work/zen/zensim/scripts/v_next/train_v_next_mlp.py:133: PerformanceWarning: DataFrame is highly fragmented.  This is usually the result of calling `frame.insert` many times, which has poor performance.  Consider joining all columns at once using pd.concat(axis=1) instead. To get a de-fragmented frame, use `newframe = frame.copy()`
  out[f"feat_{i}"] = df[f"f{i}"]
/home/lilith/work/zen/zensim/scripts/v_next/train_v_next_mlp.py:133: PerformanceWarning: DataFrame is highly fragmented.  This is usually the result of calling `frame.insert` many times, which has poor performance.  Consider joining all columns at once using pd.concat(axis=1) instead. To get a de-fragmented frame, use `newframe = frame.copy()`
  out[f"feat_{i}"] = df[f"f{i}"]
/home/lilith/work/zen/zensim/scripts/v_next/train_v_next_mlp.py:133: PerformanceWarning: DataFrame is highly fragmented.  This is usually the result of calling `frame.insert` many times, which has poor performance.  Consider joining all columns at once using pd.concat(axis=1) instead. To get a de-fragmented frame, use `newframe = frame.copy()`
  out[f"feat_{i}"] = df[f"f{i}"]
/home/lilith/work/zen/zensim/scripts/v_next/train_v_next_mlp.py:133: PerformanceWarning: DataFrame is highly fragmented.  This is usually the result of calling `frame.insert` many times, which has poor performance.  Consider joining all columns at once using pd.concat(axis=1) instead. To get a de-fragmented frame, use `newframe = frame.copy()`
  out[f"feat_{i}"] = df[f"f{i}"]
/home/lilith/work/zen/zensim/scripts/v_next/train_v_next_mlp.py:133: PerformanceWarning: DataFrame is highly fragmented.  This is usually the result of calling `frame.insert` many times, which has poor performance.  Consider joining all columns at once using pd.concat(axis=1) instead. To get a de-fragmented frame, use `newframe = frame.copy()`
  out[f"feat_{i}"] = df[f"f{i}"]
/home/lilith/work/zen/zensim/scripts/v_next/train_v_next_mlp.py:133: PerformanceWarning: DataFrame is highly fragmented.  This is usually the result of calling `frame.insert` many times, which has poor performance.  Consider joining all columns at once using pd.concat(axis=1) instead. To get a de-fragmented frame, use `newframe = frame.copy()`
  out[f"feat_{i}"] = df[f"f{i}"]
/home/lilith/work/zen/zensim/scripts/v_next/train_v_next_mlp.py:133: PerformanceWarning: DataFrame is highly fragmented.  This is usually the result of calling `frame.insert` many times, which has poor performance.  Consider joining all columns at once using pd.concat(axis=1) instead. To get a de-fragmented frame, use `newframe = frame.copy()`
  out[f"feat_{i}"] = df[f"f{i}"]
/home/lilith/work/zen/zensim/scripts/v_next/train_v_next_mlp.py:133: PerformanceWarning: DataFrame is highly fragmented.  This is usually the result of calling `frame.insert` many times, which has poor performance.  Consider joining all columns at once using pd.concat(axis=1) instead. To get a de-fragmented frame, use `newframe = frame.copy()`
  out[f"feat_{i}"] = df[f"f{i}"]
/home/lilith/work/zen/zensim/scripts/v_next/train_v_next_mlp.py:133: PerformanceWarning: DataFrame is highly fragmented.  This is usually the result of calling `frame.insert` many times, which has poor performance.  Consider joining all columns at once using pd.concat(axis=1) instead. To get a de-fragmented frame, use `newframe = frame.copy()`
  out[f"feat_{i}"] = df[f"f{i}"]
/home/lilith/work/zen/zensim/scripts/v_next/train_v_next_mlp.py:133: PerformanceWarning: DataFrame is highly fragmented.  This is usually the result of calling `frame.insert` many times, which has poor performance.  Consider joining all columns at once using pd.concat(axis=1) instead. To get a de-fragmented frame, use `newframe = frame.copy()`
  out[f"feat_{i}"] = df[f"f{i}"]
/home/lilith/work/zen/zensim/scripts/v_next/train_v_next_mlp.py:133: PerformanceWarning: DataFrame is highly fragmented.  This is usually the result of calling `frame.insert` many times, which has poor performance.  Consider joining all columns at once using pd.concat(axis=1) instead. To get a de-fragmented frame, use `newframe = frame.copy()`
  out[f"feat_{i}"] = df[f"f{i}"]
/home/lilith/work/zen/zensim/scripts/v_next/train_v_next_mlp.py:133: PerformanceWarning: DataFrame is highly fragmented.  This is usually the result of calling `frame.insert` many times, which has poor performance.  Consider joining all columns at once using pd.concat(axis=1) instead. To get a de-fragmented frame, use `newframe = frame.copy()`
  out[f"feat_{i}"] = df[f"f{i}"]
/home/lilith/work/zen/zensim/scripts/v_next/train_v_next_mlp.py:133: PerformanceWarning: DataFrame is highly fragmented.  This is usually the result of calling `frame.insert` many times, which has poor performance.  Consider joining all columns at once using pd.concat(axis=1) instead. To get a de-fragmented frame, use `newframe = frame.copy()`
  out[f"feat_{i}"] = df[f"f{i}"]
/home/lilith/work/zen/zensim/scripts/v_next/train_v_next_mlp.py:133: PerformanceWarning: DataFrame is highly fragmented.  This is usually the result of calling `frame.insert` many times, which has poor performance.  Consider joining all columns at once using pd.concat(axis=1) instead. To get a de-fragmented frame, use `newframe = frame.copy()`
  out[f"feat_{i}"] = df[f"f{i}"]
/home/lilith/work/zen/zensim/scripts/v_next/train_v_next_mlp.py:133: PerformanceWarning: DataFrame is highly fragmented.  This is usually the result of calling `frame.insert` many times, which has poor performance.  Consider joining all columns at once using pd.concat(axis=1) instead. To get a de-fragmented frame, use `newframe = frame.copy()`
  out[f"feat_{i}"] = df[f"f{i}"]
/home/lilith/work/zen/zensim/scripts/v_next/train_v_next_mlp.py:133: PerformanceWarning: DataFrame is highly fragmented.  This is usually the result of calling `frame.insert` many times, which has poor performance.  Consider joining all columns at once using pd.concat(axis=1) instead. To get a de-fragmented frame, use `newframe = frame.copy()`
  out[f"feat_{i}"] = df[f"f{i}"]
/home/lilith/work/zen/zensim/scripts/v_next/train_v_next_mlp.py:133: PerformanceWarning: DataFrame is highly fragmented.  This is usually the result of calling `frame.insert` many times, which has poor performance.  Consider joining all columns at once using pd.concat(axis=1) instead. To get a de-fragmented frame, use `newframe = frame.copy()`
  out[f"feat_{i}"] = df[f"f{i}"]
/home/lilith/work/zen/zensim/scripts/v_next/train_v_next_mlp.py:133: PerformanceWarning: DataFrame is highly fragmented.  This is usually the result of calling `frame.insert` many times, which has poor performance.  Consider joining all columns at once using pd.concat(axis=1) instead. To get a de-fragmented frame, use `newframe = frame.copy()`
  out[f"feat_{i}"] = df[f"f{i}"]
/home/lilith/work/zen/zensim/scripts/v_next/train_v_next_mlp.py:133: PerformanceWarning: DataFrame is highly fragmented.  This is usually the result of calling `frame.insert` many times, which has poor performance.  Consider joining all columns at once using pd.concat(axis=1) instead. To get a de-fragmented frame, use `newframe = frame.copy()`
  out[f"feat_{i}"] = df[f"f{i}"]
/home/lilith/work/zen/zensim/scripts/v_next/train_v_next_mlp.py:133: PerformanceWarning: DataFrame is highly fragmented.  This is usually the result of calling `frame.insert` many times, which has poor performance.  Consider joining all columns at once using pd.concat(axis=1) instead. To get a de-fragmented frame, use `newframe = frame.copy()`
  out[f"feat_{i}"] = df[f"f{i}"]
/home/lilith/work/zen/zensim/scripts/v_next/train_v_next_mlp.py:133: PerformanceWarning: DataFrame is highly fragmented.  This is usually the result of calling `frame.insert` many times, which has poor performance.  Consider joining all columns at once using pd.concat(axis=1) instead. To get a de-fragmented frame, use `newframe = frame.copy()`
  out[f"feat_{i}"] = df[f"f{i}"]
/home/lilith/work/zen/zensim/scripts/v_next/train_v_next_mlp.py:133: PerformanceWarning: DataFrame is highly fragmented.  This is usually the result of calling `frame.insert` many times, which has poor performance.  Consider joining all columns at once using pd.concat(axis=1) instead. To get a de-fragmented frame, use `newframe = frame.copy()`
  out[f"feat_{i}"] = df[f"f{i}"]
/home/lilith/work/zen/zensim/scripts/v_next/train_v_next_mlp.py:133: PerformanceWarning: DataFrame is highly fragmented.  This is usually the result of calling `frame.insert` many times, which has poor performance.  Consider joining all columns at once using pd.concat(axis=1) instead. To get a de-fragmented frame, use `newframe = frame.copy()`
  out[f"feat_{i}"] = df[f"f{i}"]
/home/lilith/work/zen/zensim/scripts/v_next/train_v_next_mlp.py:133: PerformanceWarning: DataFrame is highly fragmented.  This is usually the result of calling `frame.insert` many times, which has poor performance.  Consider joining all columns at once using pd.concat(axis=1) instead. To get a de-fragmented frame, use `newframe = frame.copy()`
  out[f"feat_{i}"] = df[f"f{i}"]
/home/lilith/work/zen/zensim/scripts/v_next/train_v_next_mlp.py:133: PerformanceWarning: DataFrame is highly fragmented.  This is usually the result of calling `frame.insert` many times, which has poor performance.  Consider joining all columns at once using pd.concat(axis=1) instead. To get a de-fragmented frame, use `newframe = frame.copy()`
  out[f"feat_{i}"] = df[f"f{i}"]
/home/lilith/work/zen/zensim/scripts/v_next/train_v_next_mlp.py:133: PerformanceWarning: DataFrame is highly fragmented.  This is usually the result of calling `frame.insert` many times, which has poor performance.  Consider joining all columns at once using pd.concat(axis=1) instead. To get a de-fragmented frame, use `newframe = frame.copy()`
  out[f"feat_{i}"] = df[f"f{i}"]
/home/lilith/work/zen/zensim/scripts/v_next/train_v_next_mlp.py:133: PerformanceWarning: DataFrame is highly fragmented.  This is usually the result of calling `frame.insert` many times, which has poor performance.  Consider joining all columns at once using pd.concat(axis=1) instead. To get a de-fragmented frame, use `newframe = frame.copy()`
  out[f"feat_{i}"] = df[f"f{i}"]
/home/lilith/work/zen/zensim/scripts/v_next/train_v_next_mlp.py:133: PerformanceWarning: DataFrame is highly fragmented.  This is usually the result of calling `frame.insert` many times, which has poor performance.  Consider joining all columns at once using pd.concat(axis=1) instead. To get a de-fragmented frame, use `newframe = frame.copy()`
  out[f"feat_{i}"] = df[f"f{i}"]
/home/lilith/work/zen/zensim/scripts/v_next/train_v_next_mlp.py:133: PerformanceWarning: DataFrame is highly fragmented.  This is usually the result of calling `frame.insert` many times, which has poor performance.  Consider joining all columns at once using pd.concat(axis=1) instead. To get a de-fragmented frame, use `newframe = frame.copy()`
  out[f"feat_{i}"] = df[f"f{i}"]
/home/lilith/work/zen/zensim/scripts/v_next/train_v_next_mlp.py:133: PerformanceWarning: DataFrame is highly fragmented.  This is usually the result of calling `frame.insert` many times, which has poor performance.  Consider joining all columns at once using pd.concat(axis=1) instead. To get a de-fragmented frame, use `newframe = frame.copy()`
  out[f"feat_{i}"] = df[f"f{i}"]
/home/lilith/work/zen/zensim/scripts/v_next/train_v_next_mlp.py:133: PerformanceWarning: DataFrame is highly fragmented.  This is usually the result of calling `frame.insert` many times, which has poor performance.  Consider joining all columns at once using pd.concat(axis=1) instead. To get a de-fragmented frame, use `newframe = frame.copy()`
  out[f"feat_{i}"] = df[f"f{i}"]
/home/lilith/work/zen/zensim/scripts/v_next/train_v_next_mlp.py:133: PerformanceWarning: DataFrame is highly fragmented.  This is usually the result of calling `frame.insert` many times, which has poor performance.  Consider joining all columns at once using pd.concat(axis=1) instead. To get a de-fragmented frame, use `newframe = frame.copy()`
  out[f"feat_{i}"] = df[f"f{i}"]
/home/lilith/work/zen/zensim/scripts/v_next/train_v_next_mlp.py:133: PerformanceWarning: DataFrame is highly fragmented.  This is usually the result of calling `frame.insert` many times, which has poor performance.  Consider joining all columns at once using pd.concat(axis=1) instead. To get a de-fragmented frame, use `newframe = frame.copy()`
  out[f"feat_{i}"] = df[f"f{i}"]
/home/lilith/work/zen/zensim/scripts/v_next/train_v_next_mlp.py:133: PerformanceWarning: DataFrame is highly fragmented.  This is usually the result of calling `frame.insert` many times, which has poor performance.  Consider joining all columns at once using pd.concat(axis=1) instead. To get a de-fragmented frame, use `newframe = frame.copy()`
  out[f"feat_{i}"] = df[f"f{i}"]
/home/lilith/work/zen/zensim/scripts/v_next/train_v_next_mlp.py:133: PerformanceWarning: DataFrame is highly fragmented.  This is usually the result of calling `frame.insert` many times, which has poor performance.  Consider joining all columns at once using pd.concat(axis=1) instead. To get a de-fragmented frame, use `newframe = frame.copy()`
  out[f"feat_{i}"] = df[f"f{i}"]
/home/lilith/work/zen/zensim/scripts/v_next/train_v_next_mlp.py:133: PerformanceWarning: DataFrame is highly fragmented.  This is usually the result of calling `frame.insert` many times, which has poor performance.  Consider joining all columns at once using pd.concat(axis=1) instead. To get a de-fragmented frame, use `newframe = frame.copy()`
  out[f"feat_{i}"] = df[f"f{i}"]
/home/lilith/work/zen/zensim/scripts/v_next/train_v_next_mlp.py:133: PerformanceWarning: DataFrame is highly fragmented.  This is usually the result of calling `frame.insert` many times, which has poor performance.  Consider joining all columns at once using pd.concat(axis=1) instead. To get a de-fragmented frame, use `newframe = frame.copy()`
  out[f"feat_{i}"] = df[f"f{i}"]
/home/lilith/work/zen/zensim/scripts/v_next/train_v_next_mlp.py:133: PerformanceWarning: DataFrame is highly fragmented.  This is usually the result of calling `frame.insert` many times, which has poor performance.  Consider joining all columns at once using pd.concat(axis=1) instead. To get a de-fragmented frame, use `newframe = frame.copy()`
  out[f"feat_{i}"] = df[f"f{i}"]
/home/lilith/work/zen/zensim/scripts/v_next/train_v_next_mlp.py:133: PerformanceWarning: DataFrame is highly fragmented.  This is usually the result of calling `frame.insert` many times, which has poor performance.  Consider joining all columns at once using pd.concat(axis=1) instead. To get a de-fragmented frame, use `newframe = frame.copy()`
  out[f"feat_{i}"] = df[f"f{i}"]
/home/lilith/work/zen/zensim/scripts/v_next/train_v_next_mlp.py:133: PerformanceWarning: DataFrame is highly fragmented.  This is usually the result of calling `frame.insert` many times, which has poor performance.  Consider joining all columns at once using pd.concat(axis=1) instead. To get a de-fragmented frame, use `newframe = frame.copy()`
  out[f"feat_{i}"] = df[f"f{i}"]
/home/lilith/work/zen/zensim/scripts/v_next/train_v_next_mlp.py:133: PerformanceWarning: DataFrame is highly fragmented.  This is usually the result of calling `frame.insert` many times, which has poor performance.  Consider joining all columns at once using pd.concat(axis=1) instead. To get a de-fragmented frame, use `newframe = frame.copy()`
  out[f"feat_{i}"] = df[f"f{i}"]
/home/lilith/work/zen/zensim/scripts/v_next/train_v_next_mlp.py:133: PerformanceWarning: DataFrame is highly fragmented.  This is usually the result of calling `frame.insert` many times, which has poor performance.  Consider joining all columns at once using pd.concat(axis=1) instead. To get a de-fragmented frame, use `newframe = frame.copy()`
  out[f"feat_{i}"] = df[f"f{i}"]
/home/lilith/work/zen/zensim/scripts/v_next/train_v_next_mlp.py:133: PerformanceWarning: DataFrame is highly fragmented.  This is usually the result of calling `frame.insert` many times, which has poor performance.  Consider joining all columns at once using pd.concat(axis=1) instead. To get a de-fragmented frame, use `newframe = frame.copy()`
  out[f"feat_{i}"] = df[f"f{i}"]
/home/lilith/work/zen/zensim/scripts/v_next/train_v_next_mlp.py:133: PerformanceWarning: DataFrame is highly fragmented.  This is usually the result of calling `frame.insert` many times, which has poor performance.  Consider joining all columns at once using pd.concat(axis=1) instead. To get a de-fragmented frame, use `newframe = frame.copy()`
  out[f"feat_{i}"] = df[f"f{i}"]
/home/lilith/work/zen/zensim/scripts/v_next/train_v_next_mlp.py:133: PerformanceWarning: DataFrame is highly fragmented.  This is usually the result of calling `frame.insert` many times, which has poor performance.  Consider joining all columns at once using pd.concat(axis=1) instead. To get a de-fragmented frame, use `newframe = frame.copy()`
  out[f"feat_{i}"] = df[f"f{i}"]
/home/lilith/work/zen/zensim/scripts/v_next/train_v_next_mlp.py:133: PerformanceWarning: DataFrame is highly fragmented.  This is usually the result of calling `frame.insert` many times, which has poor performance.  Consider joining all columns at once using pd.concat(axis=1) instead. To get a de-fragmented frame, use `newframe = frame.copy()`
  out[f"feat_{i}"] = df[f"f{i}"]
/home/lilith/work/zen/zensim/scripts/v_next/train_v_next_mlp.py:133: PerformanceWarning: DataFrame is highly fragmented.  This is usually the result of calling `frame.insert` many times, which has poor performance.  Consider joining all columns at once using pd.concat(axis=1) instead. To get a de-fragmented frame, use `newframe = frame.copy()`
  out[f"feat_{i}"] = df[f"f{i}"]
/home/lilith/work/zen/zensim/scripts/v_next/train_v_next_mlp.py:133: PerformanceWarning: DataFrame is highly fragmented.  This is usually the result of calling `frame.insert` many times, which has poor performance.  Consider joining all columns at once using pd.concat(axis=1) instead. To get a de-fragmented frame, use `newframe = frame.copy()`
  out[f"feat_{i}"] = df[f"f{i}"]
/home/lilith/work/zen/zensim/scripts/v_next/train_v_next_mlp.py:133: PerformanceWarning: DataFrame is highly fragmented.  This is usually the result of calling `frame.insert` many times, which has poor performance.  Consider joining all columns at once using pd.concat(axis=1) instead. To get a de-fragmented frame, use `newframe = frame.copy()`
  out[f"feat_{i}"] = df[f"f{i}"]
/home/lilith/work/zen/zensim/scripts/v_next/train_v_next_mlp.py:133: PerformanceWarning: DataFrame is highly fragmented.  This is usually the result of calling `frame.insert` many times, which has poor performance.  Consider joining all columns at once using pd.concat(axis=1) instead. To get a de-fragmented frame, use `newframe = frame.copy()`
  out[f"feat_{i}"] = df[f"f{i}"]
/home/lilith/work/zen/zensim/scripts/v_next/train_v_next_mlp.py:133: PerformanceWarning: DataFrame is highly fragmented.  This is usually the result of calling `frame.insert` many times, which has poor performance.  Consider joining all columns at once using pd.concat(axis=1) instead. To get a de-fragmented frame, use `newframe = frame.copy()`
  out[f"feat_{i}"] = df[f"f{i}"]
/home/lilith/work/zen/zensim/scripts/v_next/train_v_next_mlp.py:133: PerformanceWarning: DataFrame is highly fragmented.  This is usually the result of calling `frame.insert` many times, which has poor performance.  Consider joining all columns at once using pd.concat(axis=1) instead. To get a de-fragmented frame, use `newframe = frame.copy()`
  out[f"feat_{i}"] = df[f"f{i}"]
/home/lilith/work/zen/zensim/scripts/v_next/train_v_next_mlp.py:133: PerformanceWarning: DataFrame is highly fragmented.  This is usually the result of calling `frame.insert` many times, which has poor performance.  Consider joining all columns at once using pd.concat(axis=1) instead. To get a de-fragmented frame, use `newframe = frame.copy()`
  out[f"feat_{i}"] = df[f"f{i}"]
/home/lilith/work/zen/zensim/scripts/v_next/train_v_next_mlp.py:133: PerformanceWarning: DataFrame is highly fragmented.  This is usually the result of calling `frame.insert` many times, which has poor performance.  Consider joining all columns at once using pd.concat(axis=1) instead. To get a de-fragmented frame, use `newframe = frame.copy()`
  out[f"feat_{i}"] = df[f"f{i}"]
/home/lilith/work/zen/zensim/scripts/v_next/train_v_next_mlp.py:133: PerformanceWarning: DataFrame is highly fragmented.  This is usually the result of calling `frame.insert` many times, which has poor performance.  Consider joining all columns at once using pd.concat(axis=1) instead. To get a de-fragmented frame, use `newframe = frame.copy()`
  out[f"feat_{i}"] = df[f"f{i}"]
/home/lilith/work/zen/zensim/scripts/v_next/train_v_next_mlp.py:133: PerformanceWarning: DataFrame is highly fragmented.  This is usually the result of calling `frame.insert` many times, which has poor performance.  Consider joining all columns at once using pd.concat(axis=1) instead. To get a de-fragmented frame, use `newframe = frame.copy()`
  out[f"feat_{i}"] = df[f"f{i}"]
/home/lilith/work/zen/zensim/scripts/v_next/train_v_next_mlp.py:133: PerformanceWarning: DataFrame is highly fragmented.  This is usually the result of calling `frame.insert` many times, which has poor performance.  Consider joining all columns at once using pd.concat(axis=1) instead. To get a de-fragmented frame, use `newframe = frame.copy()`
  out[f"feat_{i}"] = df[f"f{i}"]
/home/lilith/work/zen/zensim/scripts/v_next/train_v_next_mlp.py:133: PerformanceWarning: DataFrame is highly fragmented.  This is usually the result of calling `frame.insert` many times, which has poor performance.  Consider joining all columns at once using pd.concat(axis=1) instead. To get a de-fragmented frame, use `newframe = frame.copy()`
  out[f"feat_{i}"] = df[f"f{i}"]
/home/lilith/work/zen/zensim/scripts/v_next/train_v_next_mlp.py:133: PerformanceWarning: DataFrame is highly fragmented.  This is usually the result of calling `frame.insert` many times, which has poor performance.  Consider joining all columns at once using pd.concat(axis=1) instead. To get a de-fragmented frame, use `newframe = frame.copy()`
  out[f"feat_{i}"] = df[f"f{i}"]
/home/lilith/work/zen/zensim/scripts/v_next/train_v_next_mlp.py:133: PerformanceWarning: DataFrame is highly fragmented.  This is usually the result of calling `frame.insert` many times, which has poor performance.  Consider joining all columns at once using pd.concat(axis=1) instead. To get a de-fragmented frame, use `newframe = frame.copy()`
  out[f"feat_{i}"] = df[f"f{i}"]
/home/lilith/work/zen/zensim/scripts/v_next/train_v_next_mlp.py:133: PerformanceWarning: DataFrame is highly fragmented.  This is usually the result of calling `frame.insert` many times, which has poor performance.  Consider joining all columns at once using pd.concat(axis=1) instead. To get a de-fragmented frame, use `newframe = frame.copy()`
  out[f"feat_{i}"] = df[f"f{i}"]
/home/lilith/work/zen/zensim/scripts/v_next/train_v_next_mlp.py:133: PerformanceWarning: DataFrame is highly fragmented.  This is usually the result of calling `frame.insert` many times, which has poor performance.  Consider joining all columns at once using pd.concat(axis=1) instead. To get a de-fragmented frame, use `newframe = frame.copy()`
  out[f"feat_{i}"] = df[f"f{i}"]
/home/lilith/work/zen/zensim/scripts/v_next/train_v_next_mlp.py:133: PerformanceWarning: DataFrame is highly fragmented.  This is usually the result of calling `frame.insert` many times, which has poor performance.  Consider joining all columns at once using pd.concat(axis=1) instead. To get a de-fragmented frame, use `newframe = frame.copy()`
  out[f"feat_{i}"] = df[f"f{i}"]
/home/lilith/work/zen/zensim/scripts/v_next/train_v_next_mlp.py:133: PerformanceWarning: DataFrame is highly fragmented.  This is usually the result of calling `frame.insert` many times, which has poor performance.  Consider joining all columns at once using pd.concat(axis=1) instead. To get a de-fragmented frame, use `newframe = frame.copy()`
  out[f"feat_{i}"] = df[f"f{i}"]
/home/lilith/work/zen/zensim/scripts/v_next/train_v_next_mlp.py:133: PerformanceWarning: DataFrame is highly fragmented.  This is usually the result of calling `frame.insert` many times, which has poor performance.  Consider joining all columns at once using pd.concat(axis=1) instead. To get a de-fragmented frame, use `newframe = frame.copy()`
  out[f"feat_{i}"] = df[f"f{i}"]
/home/lilith/work/zen/zensim/scripts/v_next/train_v_next_mlp.py:133: PerformanceWarning: DataFrame is highly fragmented.  This is usually the result of calling `frame.insert` many times, which has poor performance.  Consider joining all columns at once using pd.concat(axis=1) instead. To get a de-fragmented frame, use `newframe = frame.copy()`
  out[f"feat_{i}"] = df[f"f{i}"]
/home/lilith/work/zen/zensim/scripts/v_next/train_v_next_mlp.py:149: PerformanceWarning: DataFrame is highly fragmented.  This is usually the result of calling `frame.insert` many times, which has poor performance.  Consider joining all columns at once using pd.concat(axis=1) instead. To get a de-fragmented frame, use `newframe = frame.copy()`
  out["is_val_only"] = out["image_basename"].isin(val_refs)
/home/lilith/work/zen/zensim/scripts/v_next/train_v_next_mlp.py:150: PerformanceWarning: DataFrame is highly fragmented.  This is usually the result of calling `frame.insert` many times, which has poor performance.  Consider joining all columns at once using pd.concat(axis=1) instead. To get a de-fragmented frame, use `newframe = frame.copy()`
  out["train_weight"] = np.where(out["is_val_only"], 0.0, train_weight)
/home/lilith/work/zen/zensim/scripts/v_next/train_v_next_mlp.py:151: PerformanceWarning: DataFrame is highly fragmented.  This is usually the result of calling `frame.insert` many times, which has poor performance.  Consider joining all columns at once using pd.concat(axis=1) instead. To get a de-fragmented frame, use `newframe = frame.copy()`
  out["dataset"] = dataset_name
/home/lilith/work/zen/zensim/scripts/v_next/train_v_next_mlp.py:152: PerformanceWarning: DataFrame is highly fragmented.  This is usually the result of calling `frame.insert` many times, which has poor performance.  Consider joining all columns at once using pd.concat(axis=1) instead. To get a de-fragmented frame, use `newframe = frame.copy()`
  out["target_human"] = score_100  # explicit copy for V0_6 ranknet groups
  218,089 rows, 3579 unique refs (val=895 val_only refs); train_w=1.0, loaded in 4.5s
Loading kadid kadid_features.csv...
/home/lilith/work/zen/zensim/scripts/v_next/train_v_next_mlp.py:133: PerformanceWarning: DataFrame is highly fragmented.  This is usually the result of calling `frame.insert` many times, which has poor performance.  Consider joining all columns at once using pd.concat(axis=1) instead. To get a de-fragmented frame, use `newframe = frame.copy()`
  out[f"feat_{i}"] = df[f"f{i}"]
/home/lilith/work/zen/zensim/scripts/v_next/train_v_next_mlp.py:133: PerformanceWarning: DataFrame is highly fragmented.  This is usually the result of calling `frame.insert` many times, which has poor performance.  Consider joining all columns at once using pd.concat(axis=1) instead. To get a de-fragmented frame, use `newframe = frame.copy()`
  out[f"feat_{i}"] = df[f"f{i}"]
/home/lilith/work/zen/zensim/scripts/v_next/train_v_next_mlp.py:133: PerformanceWarning: DataFrame is highly fragmented.  This is usually the result of calling `frame.insert` many times, which has poor performance.  Consider joining all columns at once using pd.concat(axis=1) instead. To get a de-fragmented frame, use `newframe = frame.copy()`
  out[f"feat_{i}"] = df[f"f{i}"]
/home/lilith/work/zen/zensim/scripts/v_next/train_v_next_mlp.py:133: PerformanceWarning: DataFrame is highly fragmented.  This is usually the result of calling `frame.insert` many times, which has poor performance.  Consider joining all columns at once using pd.concat(axis=1) instead. To get a de-fragmented frame, use `newframe = frame.copy()`
  out[f"feat_{i}"] = df[f"f{i}"]
/home/lilith/work/zen/zensim/scripts/v_next/train_v_next_mlp.py:133: PerformanceWarning: DataFrame is highly fragmented.  This is usually the result of calling `frame.insert` many times, which has poor performance.  Consider joining all columns at once using pd.concat(axis=1) instead. To get a de-fragmented frame, use `newframe = frame.copy()`
  out[f"feat_{i}"] = df[f"f{i}"]
/home/lilith/work/zen/zensim/scripts/v_next/train_v_next_mlp.py:133: PerformanceWarning: DataFrame is highly fragmented.  This is usually the result of calling `frame.insert` many times, which has poor performance.  Consider joining all columns at once using pd.concat(axis=1) instead. To get a de-fragmented frame, use `newframe = frame.copy()`
  out[f"feat_{i}"] = df[f"f{i}"]
/home/lilith/work/zen/zensim/scripts/v_next/train_v_next_mlp.py:133: PerformanceWarning: DataFrame is highly fragmented.  This is usually the result of calling `frame.insert` many times, which has poor performance.  Consider joining all columns at once using pd.concat(axis=1) instead. To get a de-fragmented frame, use `newframe = frame.copy()`
  out[f"feat_{i}"] = df[f"f{i}"]
/home/lilith/work/zen/zensim/scripts/v_next/train_v_next_mlp.py:133: PerformanceWarning: DataFrame is highly fragmented.  This is usually the result of calling `frame.insert` many times, which has poor performance.  Consider joining all columns at once using pd.concat(axis=1) instead. To get a de-fragmented frame, use `newframe = frame.copy()`
  out[f"feat_{i}"] = df[f"f{i}"]
/home/lilith/work/zen/zensim/scripts/v_next/train_v_next_mlp.py:133: PerformanceWarning: DataFrame is highly fragmented.  This is usually the result of calling `frame.insert` many times, which has poor performance.  Consider joining all columns at once using pd.concat(axis=1) instead. To get a de-fragmented frame, use `newframe = frame.copy()`
  out[f"feat_{i}"] = df[f"f{i}"]
/home/lilith/work/zen/zensim/scripts/v_next/train_v_next_mlp.py:133: PerformanceWarning: DataFrame is highly fragmented.  This is usually the result of calling `frame.insert` many times, which has poor performance.  Consider joining all columns at once using pd.concat(axis=1) instead. To get a de-fragmented frame, use `newframe = frame.copy()`
  out[f"feat_{i}"] = df[f"f{i}"]
/home/lilith/work/zen/zensim/scripts/v_next/train_v_next_mlp.py:133: PerformanceWarning: DataFrame is highly fragmented.  This is usually the result of calling `frame.insert` many times, which has poor performance.  Consider joining all columns at once using pd.concat(axis=1) instead. To get a de-fragmented frame, use `newframe = frame.copy()`
  out[f"feat_{i}"] = df[f"f{i}"]
/home/lilith/work/zen/zensim/scripts/v_next/train_v_next_mlp.py:133: PerformanceWarning: DataFrame is highly fragmented.  This is usually the result of calling `frame.insert` many times, which has poor performance.  Consider joining all columns at once using pd.concat(axis=1) instead. To get a de-fragmented frame, use `newframe = frame.copy()`
  out[f"feat_{i}"] = df[f"f{i}"]
/home/lilith/work/zen/zensim/scripts/v_next/train_v_next_mlp.py:133: PerformanceWarning: DataFrame is highly fragmented.  This is usually the result of calling `frame.insert` many times, which has poor performance.  Consider joining all columns at once using pd.concat(axis=1) instead. To get a de-fragmented frame, use `newframe = frame.copy()`
  out[f"feat_{i}"] = df[f"f{i}"]
/home/lilith/work/zen/zensim/scripts/v_next/train_v_next_mlp.py:133: PerformanceWarning: DataFrame is highly fragmented.  This is usually the result of calling `frame.insert` many times, which has poor performance.  Consider joining all columns at once using pd.concat(axis=1) instead. To get a de-fragmented frame, use `newframe = frame.copy()`
  out[f"feat_{i}"] = df[f"f{i}"]
/home/lilith/work/zen/zensim/scripts/v_next/train_v_next_mlp.py:133: PerformanceWarning: DataFrame is highly fragmented.  This is usually the result of calling `frame.insert` many times, which has poor performance.  Consider joining all columns at once using pd.concat(axis=1) instead. To get a de-fragmented frame, use `newframe = frame.copy()`
  out[f"feat_{i}"] = df[f"f{i}"]
/home/lilith/work/zen/zensim/scripts/v_next/train_v_next_mlp.py:133: PerformanceWarning: DataFrame is highly fragmented.  This is usually the result of calling `frame.insert` many times, which has poor performance.  Consider joining all columns at once using pd.concat(axis=1) instead. To get a de-fragmented frame, use `newframe = frame.copy()`
  out[f"feat_{i}"] = df[f"f{i}"]
/home/lilith/work/zen/zensim/scripts/v_next/train_v_next_mlp.py:133: PerformanceWarning: DataFrame is highly fragmented.  This is usually the result of calling `frame.insert` many times, which has poor performance.  Consider joining all columns at once using pd.concat(axis=1) instead. To get a de-fragmented frame, use `newframe = frame.copy()`
  out[f"feat_{i}"] = df[f"f{i}"]
/home/lilith/work/zen/zensim/scripts/v_next/train_v_next_mlp.py:133: PerformanceWarning: DataFrame is highly fragmented.  This is usually the result of calling `frame.insert` many times, which has poor performance.  Consider joining all columns at once using pd.concat(axis=1) instead. To get a de-fragmented frame, use `newframe = frame.copy()`
  out[f"feat_{i}"] = df[f"f{i}"]
/home/lilith/work/zen/zensim/scripts/v_next/train_v_next_mlp.py:133: PerformanceWarning: DataFrame is highly fragmented.  This is usually the result of calling `frame.insert` many times, which has poor performance.  Consider joining all columns at once using pd.concat(axis=1) instead. To get a de-fragmented frame, use `newframe = frame.copy()`
  out[f"feat_{i}"] = df[f"f{i}"]
/home/lilith/work/zen/zensim/scripts/v_next/train_v_next_mlp.py:133: PerformanceWarning: DataFrame is highly fragmented.  This is usually the result of calling `frame.insert` many times, which has poor performance.  Consider joining all columns at once using pd.concat(axis=1) instead. To get a de-fragmented frame, use `newframe = frame.copy()`
  out[f"feat_{i}"] = df[f"f{i}"]
/home/lilith/work/zen/zensim/scripts/v_next/train_v_next_mlp.py:133: PerformanceWarning: DataFrame is highly fragmented.  This is usually the result of calling `frame.insert` many times, which has poor performance.  Consider joining all columns at once using pd.concat(axis=1) instead. To get a de-fragmented frame, use `newframe = frame.copy()`
  out[f"feat_{i}"] = df[f"f{i}"]
/home/lilith/work/zen/zensim/scripts/v_next/train_v_next_mlp.py:133: PerformanceWarning: DataFrame is highly fragmented.  This is usually the result of calling `frame.insert` many times, which has poor performance.  Consider joining all columns at once using pd.concat(axis=1) instead. To get a de-fragmented frame, use `newframe = frame.copy()`
  out[f"feat_{i}"] = df[f"f{i}"]
/home/lilith/work/zen/zensim/scripts/v_next/train_v_next_mlp.py:133: PerformanceWarning: DataFrame is highly fragmented.  This is usually the result of calling `frame.insert` many times, which has poor performance.  Consider joining all columns at once using pd.concat(axis=1) instead. To get a de-fragmented frame, use `newframe = frame.copy()`
  out[f"feat_{i}"] = df[f"f{i}"]
/home/lilith/work/zen/zensim/scripts/v_next/train_v_next_mlp.py:133: PerformanceWarning: DataFrame is highly fragmented.  This is usually the result of calling `frame.insert` many times, which has poor performance.  Consider joining all columns at once using pd.concat(axis=1) instead. To get a de-fragmented frame, use `newframe = frame.copy()`
  out[f"feat_{i}"] = df[f"f{i}"]
/home/lilith/work/zen/zensim/scripts/v_next/train_v_next_mlp.py:133: PerformanceWarning: DataFrame is highly fragmented.  This is usually the result of calling `frame.insert` many times, which has poor performance.  Consider joining all columns at once using pd.concat(axis=1) instead. To get a de-fragmented frame, use `newframe = frame.copy()`
  out[f"feat_{i}"] = df[f"f{i}"]
/home/lilith/work/zen/zensim/scripts/v_next/train_v_next_mlp.py:133: PerformanceWarning: DataFrame is highly fragmented.  This is usually the result of calling `frame.insert` many times, which has poor performance.  Consider joining all columns at once using pd.concat(axis=1) instead. To get a de-fragmented frame, use `newframe = frame.copy()`
  out[f"feat_{i}"] = df[f"f{i}"]
/home/lilith/work/zen/zensim/scripts/v_next/train_v_next_mlp.py:133: PerformanceWarning: DataFrame is highly fragmented.  This is usually the result of calling `frame.insert` many times, which has poor performance.  Consider joining all columns at once using pd.concat(axis=1) instead. To get a de-fragmented frame, use `newframe = frame.copy()`
  out[f"feat_{i}"] = df[f"f{i}"]
/home/lilith/work/zen/zensim/scripts/v_next/train_v_next_mlp.py:133: PerformanceWarning: DataFrame is highly fragmented.  This is usually the result of calling `frame.insert` many times, which has poor performance.  Consider joining all columns at once using pd.concat(axis=1) instead. To get a de-fragmented frame, use `newframe = frame.copy()`
  out[f"feat_{i}"] = df[f"f{i}"]
/home/lilith/work/zen/zensim/scripts/v_next/train_v_next_mlp.py:133: PerformanceWarning: DataFrame is highly fragmented.  This is usually the result of calling `frame.insert` many times, which has poor performance.  Consider joining all columns at once using pd.concat(axis=1) instead. To get a de-fragmented frame, use `newframe = frame.copy()`
  out[f"feat_{i}"] = df[f"f{i}"]
/home/lilith/work/zen/zensim/scripts/v_next/train_v_next_mlp.py:133: PerformanceWarning: DataFrame is highly fragmented.  This is usually the result of calling `frame.insert` many times, which has poor performance.  Consider joining all columns at once using pd.concat(axis=1) instead. To get a de-fragmented frame, use `newframe = frame.copy()`
  out[f"feat_{i}"] = df[f"f{i}"]
/home/lilith/work/zen/zensim/scripts/v_next/train_v_next_mlp.py:133: PerformanceWarning: DataFrame is highly fragmented.  This is usually the result of calling `frame.insert` many times, which has poor performance.  Consider joining all columns at once using pd.concat(axis=1) instead. To get a de-fragmented frame, use `newframe = frame.copy()`
  out[f"feat_{i}"] = df[f"f{i}"]
/home/lilith/work/zen/zensim/scripts/v_next/train_v_next_mlp.py:133: PerformanceWarning: DataFrame is highly fragmented.  This is usually the result of calling `frame.insert` many times, which has poor performance.  Consider joining all columns at once using pd.concat(axis=1) instead. To get a de-fragmented frame, use `newframe = frame.copy()`
  out[f"feat_{i}"] = df[f"f{i}"]
/home/lilith/work/zen/zensim/scripts/v_next/train_v_next_mlp.py:133: PerformanceWarning: DataFrame is highly fragmented.  This is usually the result of calling `frame.insert` many times, which has poor performance.  Consider joining all columns at once using pd.concat(axis=1) instead. To get a de-fragmented frame, use `newframe = frame.copy()`
  out[f"feat_{i}"] = df[f"f{i}"]
/home/lilith/work/zen/zensim/scripts/v_next/train_v_next_mlp.py:133: PerformanceWarning: DataFrame is highly fragmented.  This is usually the result of calling `frame.insert` many times, which has poor performance.  Consider joining all columns at once using pd.concat(axis=1) instead. To get a de-fragmented frame, use `newframe = frame.copy()`
  out[f"feat_{i}"] = df[f"f{i}"]
/home/lilith/work/zen/zensim/scripts/v_next/train_v_next_mlp.py:133: PerformanceWarning: DataFrame is highly fragmented.  This is usually the result of calling `frame.insert` many times, which has poor performance.  Consider joining all columns at once using pd.concat(axis=1) instead. To get a de-fragmented frame, use `newframe = frame.copy()`
  out[f"feat_{i}"] = df[f"f{i}"]
/home/lilith/work/zen/zensim/scripts/v_next/train_v_next_mlp.py:133: PerformanceWarning: DataFrame is highly fragmented.  This is usually the result of calling `frame.insert` many times, which has poor performance.  Consider joining all columns at once using pd.concat(axis=1) instead. To get a de-fragmented frame, use `newframe = frame.copy()`
  out[f"feat_{i}"] = df[f"f{i}"]
/home/lilith/work/zen/zensim/scripts/v_next/train_v_next_mlp.py:133: PerformanceWarning: DataFrame is highly fragmented.  This is usually the result of calling `frame.insert` many times, which has poor performance.  Consider joining all columns at once using pd.concat(axis=1) instead. To get a de-fragmented frame, use `newframe = frame.copy()`
  out[f"feat_{i}"] = df[f"f{i}"]
/home/lilith/work/zen/zensim/scripts/v_next/train_v_next_mlp.py:133: PerformanceWarning: DataFrame is highly fragmented.  This is usually the result of calling `frame.insert` many times, which has poor performance.  Consider joining all columns at once using pd.concat(axis=1) instead. To get a de-fragmented frame, use `newframe = frame.copy()`
  out[f"feat_{i}"] = df[f"f{i}"]
/home/lilith/work/zen/zensim/scripts/v_next/train_v_next_mlp.py:133: PerformanceWarning: DataFrame is highly fragmented.  This is usually the result of calling `frame.insert` many times, which has poor performance.  Consider joining all columns at once using pd.concat(axis=1) instead. To get a de-fragmented frame, use `newframe = frame.copy()`
  out[f"feat_{i}"] = df[f"f{i}"]
/home/lilith/work/zen/zensim/scripts/v_next/train_v_next_mlp.py:133: PerformanceWarning: DataFrame is highly fragmented.  This is usually the result of calling `frame.insert` many times, which has poor performance.  Consider joining all columns at once using pd.concat(axis=1) instead. To get a de-fragmented frame, use `newframe = frame.copy()`
  out[f"feat_{i}"] = df[f"f{i}"]
/home/lilith/work/zen/zensim/scripts/v_next/train_v_next_mlp.py:133: PerformanceWarning: DataFrame is highly fragmented.  This is usually the result of calling `frame.insert` many times, which has poor performance.  Consider joining all columns at once using pd.concat(axis=1) instead. To get a de-fragmented frame, use `newframe = frame.copy()`
  out[f"feat_{i}"] = df[f"f{i}"]
/home/lilith/work/zen/zensim/scripts/v_next/train_v_next_mlp.py:133: PerformanceWarning: DataFrame is highly fragmented.  This is usually the result of calling `frame.insert` many times, which has poor performance.  Consider joining all columns at once using pd.concat(axis=1) instead. To get a de-fragmented frame, use `newframe = frame.copy()`
  out[f"feat_{i}"] = df[f"f{i}"]
/home/lilith/work/zen/zensim/scripts/v_next/train_v_next_mlp.py:133: PerformanceWarning: DataFrame is highly fragmented.  This is usually the result of calling `frame.insert` many times, which has poor performance.  Consider joining all columns at once using pd.concat(axis=1) instead. To get a de-fragmented frame, use `newframe = frame.copy()`
  out[f"feat_{i}"] = df[f"f{i}"]
/home/lilith/work/zen/zensim/scripts/v_next/train_v_next_mlp.py:133: PerformanceWarning: DataFrame is highly fragmented.  This is usually the result of calling `frame.insert` many times, which has poor performance.  Consider joining all columns at once using pd.concat(axis=1) instead. To get a de-fragmented frame, use `newframe = frame.copy()`
  out[f"feat_{i}"] = df[f"f{i}"]
/home/lilith/work/zen/zensim/scripts/v_next/train_v_next_mlp.py:133: PerformanceWarning: DataFrame is highly fragmented.  This is usually the result of calling `frame.insert` many times, which has poor performance.  Consider joining all columns at once using pd.concat(axis=1) instead. To get a de-fragmented frame, use `newframe = frame.copy()`
  out[f"feat_{i}"] = df[f"f{i}"]
/home/lilith/work/zen/zensim/scripts/v_next/train_v_next_mlp.py:133: PerformanceWarning: DataFrame is highly fragmented.  This is usually the result of calling `frame.insert` many times, which has poor performance.  Consider joining all columns at once using pd.concat(axis=1) instead. To get a de-fragmented frame, use `newframe = frame.copy()`
  out[f"feat_{i}"] = df[f"f{i}"]
/home/lilith/work/zen/zensim/scripts/v_next/train_v_next_mlp.py:133: PerformanceWarning: DataFrame is highly fragmented.  This is usually the result of calling `frame.insert` many times, which has poor performance.  Consider joining all columns at once using pd.concat(axis=1) instead. To get a de-fragmented frame, use `newframe = frame.copy()`
  out[f"feat_{i}"] = df[f"f{i}"]
/home/lilith/work/zen/zensim/scripts/v_next/train_v_next_mlp.py:133: PerformanceWarning: DataFrame is highly fragmented.  This is usually the result of calling `frame.insert` many times, which has poor performance.  Consider joining all columns at once using pd.concat(axis=1) instead. To get a de-fragmented frame, use `newframe = frame.copy()`
  out[f"feat_{i}"] = df[f"f{i}"]
/home/lilith/work/zen/zensim/scripts/v_next/train_v_next_mlp.py:133: PerformanceWarning: DataFrame is highly fragmented.  This is usually the result of calling `frame.insert` many times, which has poor performance.  Consider joining all columns at once using pd.concat(axis=1) instead. To get a de-fragmented frame, use `newframe = frame.copy()`
  out[f"feat_{i}"] = df[f"f{i}"]
/home/lilith/work/zen/zensim/scripts/v_next/train_v_next_mlp.py:133: PerformanceWarning: DataFrame is highly fragmented.  This is usually the result of calling `frame.insert` many times, which has poor performance.  Consider joining all columns at once using pd.concat(axis=1) instead. To get a de-fragmented frame, use `newframe = frame.copy()`
  out[f"feat_{i}"] = df[f"f{i}"]
/home/lilith/work/zen/zensim/scripts/v_next/train_v_next_mlp.py:133: PerformanceWarning: DataFrame is highly fragmented.  This is usually the result of calling `frame.insert` many times, which has poor performance.  Consider joining all columns at once using pd.concat(axis=1) instead. To get a de-fragmented frame, use `newframe = frame.copy()`
  out[f"feat_{i}"] = df[f"f{i}"]
/home/lilith/work/zen/zensim/scripts/v_next/train_v_next_mlp.py:133: PerformanceWarning: DataFrame is highly fragmented.  This is usually the result of calling `frame.insert` many times, which has poor performance.  Consider joining all columns at once using pd.concat(axis=1) instead. To get a de-fragmented frame, use `newframe = frame.copy()`
  out[f"feat_{i}"] = df[f"f{i}"]
/home/lilith/work/zen/zensim/scripts/v_next/train_v_next_mlp.py:133: PerformanceWarning: DataFrame is highly fragmented.  This is usually the result of calling `frame.insert` many times, which has poor performance.  Consider joining all columns at once using pd.concat(axis=1) instead. To get a de-fragmented frame, use `newframe = frame.copy()`
  out[f"feat_{i}"] = df[f"f{i}"]
/home/lilith/work/zen/zensim/scripts/v_next/train_v_next_mlp.py:133: PerformanceWarning: DataFrame is highly fragmented.  This is usually the result of calling `frame.insert` many times, which has poor performance.  Consider joining all columns at once using pd.concat(axis=1) instead. To get a de-fragmented frame, use `newframe = frame.copy()`
  out[f"feat_{i}"] = df[f"f{i}"]
/home/lilith/work/zen/zensim/scripts/v_next/train_v_next_mlp.py:133: PerformanceWarning: DataFrame is highly fragmented.  This is usually the result of calling `frame.insert` many times, which has poor performance.  Consider joining all columns at once using pd.concat(axis=1) instead. To get a de-fragmented frame, use `newframe = frame.copy()`
  out[f"feat_{i}"] = df[f"f{i}"]
/home/lilith/work/zen/zensim/scripts/v_next/train_v_next_mlp.py:133: PerformanceWarning: DataFrame is highly fragmented.  This is usually the result of calling `frame.insert` many times, which has poor performance.  Consider joining all columns at once using pd.concat(axis=1) instead. To get a de-fragmented frame, use `newframe = frame.copy()`
  out[f"feat_{i}"] = df[f"f{i}"]
/home/lilith/work/zen/zensim/scripts/v_next/train_v_next_mlp.py:133: PerformanceWarning: DataFrame is highly fragmented.  This is usually the result of calling `frame.insert` many times, which has poor performance.  Consider joining all columns at once using pd.concat(axis=1) instead. To get a de-fragmented frame, use `newframe = frame.copy()`
  out[f"feat_{i}"] = df[f"f{i}"]
/home/lilith/work/zen/zensim/scripts/v_next/train_v_next_mlp.py:133: PerformanceWarning: DataFrame is highly fragmented.  This is usually the result of calling `frame.insert` many times, which has poor performance.  Consider joining all columns at once using pd.concat(axis=1) instead. To get a de-fragmented frame, use `newframe = frame.copy()`
  out[f"feat_{i}"] = df[f"f{i}"]
/home/lilith/work/zen/zensim/scripts/v_next/train_v_next_mlp.py:133: PerformanceWarning: DataFrame is highly fragmented.  This is usually the result of calling `frame.insert` many times, which has poor performance.  Consider joining all columns at once using pd.concat(axis=1) instead. To get a de-fragmented frame, use `newframe = frame.copy()`
  out[f"feat_{i}"] = df[f"f{i}"]
/home/lilith/work/zen/zensim/scripts/v_next/train_v_next_mlp.py:133: PerformanceWarning: DataFrame is highly fragmented.  This is usually the result of calling `frame.insert` many times, which has poor performance.  Consider joining all columns at once using pd.concat(axis=1) instead. To get a de-fragmented frame, use `newframe = frame.copy()`
  out[f"feat_{i}"] = df[f"f{i}"]
/home/lilith/work/zen/zensim/scripts/v_next/train_v_next_mlp.py:133: PerformanceWarning: DataFrame is highly fragmented.  This is usually the result of calling `frame.insert` many times, which has poor performance.  Consider joining all columns at once using pd.concat(axis=1) instead. To get a de-fragmented frame, use `newframe = frame.copy()`
  out[f"feat_{i}"] = df[f"f{i}"]
/home/lilith/work/zen/zensim/scripts/v_next/train_v_next_mlp.py:133: PerformanceWarning: DataFrame is highly fragmented.  This is usually the result of calling `frame.insert` many times, which has poor performance.  Consider joining all columns at once using pd.concat(axis=1) instead. To get a de-fragmented frame, use `newframe = frame.copy()`
  out[f"feat_{i}"] = df[f"f{i}"]
/home/lilith/work/zen/zensim/scripts/v_next/train_v_next_mlp.py:133: PerformanceWarning: DataFrame is highly fragmented.  This is usually the result of calling `frame.insert` many times, which has poor performance.  Consider joining all columns at once using pd.concat(axis=1) instead. To get a de-fragmented frame, use `newframe = frame.copy()`
  out[f"feat_{i}"] = df[f"f{i}"]
/home/lilith/work/zen/zensim/scripts/v_next/train_v_next_mlp.py:133: PerformanceWarning: DataFrame is highly fragmented.  This is usually the result of calling `frame.insert` many times, which has poor performance.  Consider joining all columns at once using pd.concat(axis=1) instead. To get a de-fragmented frame, use `newframe = frame.copy()`
  out[f"feat_{i}"] = df[f"f{i}"]
/home/lilith/work/zen/zensim/scripts/v_next/train_v_next_mlp.py:133: PerformanceWarning: DataFrame is highly fragmented.  This is usually the result of calling `frame.insert` many times, which has poor performance.  Consider joining all columns at once using pd.concat(axis=1) instead. To get a de-fragmented frame, use `newframe = frame.copy()`
  out[f"feat_{i}"] = df[f"f{i}"]
/home/lilith/work/zen/zensim/scripts/v_next/train_v_next_mlp.py:133: PerformanceWarning: DataFrame is highly fragmented.  This is usually the result of calling `frame.insert` many times, which has poor performance.  Consider joining all columns at once using pd.concat(axis=1) instead. To get a de-fragmented frame, use `newframe = frame.copy()`
  out[f"feat_{i}"] = df[f"f{i}"]
/home/lilith/work/zen/zensim/scripts/v_next/train_v_next_mlp.py:133: PerformanceWarning: DataFrame is highly fragmented.  This is usually the result of calling `frame.insert` many times, which has poor performance.  Consider joining all columns at once using pd.concat(axis=1) instead. To get a de-fragmented frame, use `newframe = frame.copy()`
  out[f"feat_{i}"] = df[f"f{i}"]
/home/lilith/work/zen/zensim/scripts/v_next/train_v_next_mlp.py:133: PerformanceWarning: DataFrame is highly fragmented.  This is usually the result of calling `frame.insert` many times, which has poor performance.  Consider joining all columns at once using pd.concat(axis=1) instead. To get a de-fragmented frame, use `newframe = frame.copy()`
  out[f"feat_{i}"] = df[f"f{i}"]
/home/lilith/work/zen/zensim/scripts/v_next/train_v_next_mlp.py:133: PerformanceWarning: DataFrame is highly fragmented.  This is usually the result of calling `frame.insert` many times, which has poor performance.  Consider joining all columns at once using pd.concat(axis=1) instead. To get a de-fragmented frame, use `newframe = frame.copy()`
  out[f"feat_{i}"] = df[f"f{i}"]
/home/lilith/work/zen/zensim/scripts/v_next/train_v_next_mlp.py:133: PerformanceWarning: DataFrame is highly fragmented.  This is usually the result of calling `frame.insert` many times, which has poor performance.  Consider joining all columns at once using pd.concat(axis=1) instead. To get a de-fragmented frame, use `newframe = frame.copy()`
  out[f"feat_{i}"] = df[f"f{i}"]
/home/lilith/work/zen/zensim/scripts/v_next/train_v_next_mlp.py:133: PerformanceWarning: DataFrame is highly fragmented.  This is usually the result of calling `frame.insert` many times, which has poor performance.  Consider joining all columns at once using pd.concat(axis=1) instead. To get a de-fragmented frame, use `newframe = frame.copy()`
  out[f"feat_{i}"] = df[f"f{i}"]
/home/lilith/work/zen/zensim/scripts/v_next/train_v_next_mlp.py:133: PerformanceWarning: DataFrame is highly fragmented.  This is usually the result of calling `frame.insert` many times, which has poor performance.  Consider joining all columns at once using pd.concat(axis=1) instead. To get a de-fragmented frame, use `newframe = frame.copy()`
  out[f"feat_{i}"] = df[f"f{i}"]
/home/lilith/work/zen/zensim/scripts/v_next/train_v_next_mlp.py:133: PerformanceWarning: DataFrame is highly fragmented.  This is usually the result of calling `frame.insert` many times, which has poor performance.  Consider joining all columns at once using pd.concat(axis=1) instead. To get a de-fragmented frame, use `newframe = frame.copy()`
  out[f"feat_{i}"] = df[f"f{i}"]
/home/lilith/work/zen/zensim/scripts/v_next/train_v_next_mlp.py:133: PerformanceWarning: DataFrame is highly fragmented.  This is usually the result of calling `frame.insert` many times, which has poor performance.  Consider joining all columns at once using pd.concat(axis=1) instead. To get a de-fragmented frame, use `newframe = frame.copy()`
  out[f"feat_{i}"] = df[f"f{i}"]
/home/lilith/work/zen/zensim/scripts/v_next/train_v_next_mlp.py:133: PerformanceWarning: DataFrame is highly fragmented.  This is usually the result of calling `frame.insert` many times, which has poor performance.  Consider joining all columns at once using pd.concat(axis=1) instead. To get a de-fragmented frame, use `newframe = frame.copy()`
  out[f"feat_{i}"] = df[f"f{i}"]
/home/lilith/work/zen/zensim/scripts/v_next/train_v_next_mlp.py:133: PerformanceWarning: DataFrame is highly fragmented.  This is usually the result of calling `frame.insert` many times, which has poor performance.  Consider joining all columns at once using pd.concat(axis=1) instead. To get a de-fragmented frame, use `newframe = frame.copy()`
  out[f"feat_{i}"] = df[f"f{i}"]
/home/lilith/work/zen/zensim/scripts/v_next/train_v_next_mlp.py:133: PerformanceWarning: DataFrame is highly fragmented.  This is usually the result of calling `frame.insert` many times, which has poor performance.  Consider joining all columns at once using pd.concat(axis=1) instead. To get a de-fragmented frame, use `newframe = frame.copy()`
  out[f"feat_{i}"] = df[f"f{i}"]
/home/lilith/work/zen/zensim/scripts/v_next/train_v_next_mlp.py:133: PerformanceWarning: DataFrame is highly fragmented.  This is usually the result of calling `frame.insert` many times, which has poor performance.  Consider joining all columns at once using pd.concat(axis=1) instead. To get a de-fragmented frame, use `newframe = frame.copy()`
  out[f"feat_{i}"] = df[f"f{i}"]
/home/lilith/work/zen/zensim/scripts/v_next/train_v_next_mlp.py:133: PerformanceWarning: DataFrame is highly fragmented.  This is usually the result of calling `frame.insert` many times, which has poor performance.  Consider joining all columns at once using pd.concat(axis=1) instead. To get a de-fragmented frame, use `newframe = frame.copy()`
  out[f"feat_{i}"] = df[f"f{i}"]
/home/lilith/work/zen/zensim/scripts/v_next/train_v_next_mlp.py:133: PerformanceWarning: DataFrame is highly fragmented.  This is usually the result of calling `frame.insert` many times, which has poor performance.  Consider joining all columns at once using pd.concat(axis=1) instead. To get a de-fragmented frame, use `newframe = frame.copy()`
  out[f"feat_{i}"] = df[f"f{i}"]
/home/lilith/work/zen/zensim/scripts/v_next/train_v_next_mlp.py:133: PerformanceWarning: DataFrame is highly fragmented.  This is usually the result of calling `frame.insert` many times, which has poor performance.  Consider joining all columns at once using pd.concat(axis=1) instead. To get a de-fragmented frame, use `newframe = frame.copy()`
  out[f"feat_{i}"] = df[f"f{i}"]
/home/lilith/work/zen/zensim/scripts/v_next/train_v_next_mlp.py:133: PerformanceWarning: DataFrame is highly fragmented.  This is usually the result of calling `frame.insert` many times, which has poor performance.  Consider joining all columns at once using pd.concat(axis=1) instead. To get a de-fragmented frame, use `newframe = frame.copy()`
  out[f"feat_{i}"] = df[f"f{i}"]
/home/lilith/work/zen/zensim/scripts/v_next/train_v_next_mlp.py:133: PerformanceWarning: DataFrame is highly fragmented.  This is usually the result of calling `frame.insert` many times, which has poor performance.  Consider joining all columns at once using pd.concat(axis=1) instead. To get a de-fragmented frame, use `newframe = frame.copy()`
  out[f"feat_{i}"] = df[f"f{i}"]
/home/lilith/work/zen/zensim/scripts/v_next/train_v_next_mlp.py:133: PerformanceWarning: DataFrame is highly fragmented.  This is usually the result of calling `frame.insert` many times, which has poor performance.  Consider joining all columns at once using pd.concat(axis=1) instead. To get a de-fragmented frame, use `newframe = frame.copy()`
  out[f"feat_{i}"] = df[f"f{i}"]
/home/lilith/work/zen/zensim/scripts/v_next/train_v_next_mlp.py:133: PerformanceWarning: DataFrame is highly fragmented.  This is usually the result of calling `frame.insert` many times, which has poor performance.  Consider joining all columns at once using pd.concat(axis=1) instead. To get a de-fragmented frame, use `newframe = frame.copy()`
  out[f"feat_{i}"] = df[f"f{i}"]
/home/lilith/work/zen/zensim/scripts/v_next/train_v_next_mlp.py:133: PerformanceWarning: DataFrame is highly fragmented.  This is usually the result of calling `frame.insert` many times, which has poor performance.  Consider joining all columns at once using pd.concat(axis=1) instead. To get a de-fragmented frame, use `newframe = frame.copy()`
  out[f"feat_{i}"] = df[f"f{i}"]
/home/lilith/work/zen/zensim/scripts/v_next/train_v_next_mlp.py:133: PerformanceWarning: DataFrame is highly fragmented.  This is usually the result of calling `frame.insert` many times, which has poor performance.  Consider joining all columns at once using pd.concat(axis=1) instead. To get a de-fragmented frame, use `newframe = frame.copy()`
  out[f"feat_{i}"] = df[f"f{i}"]
/home/lilith/work/zen/zensim/scripts/v_next/train_v_next_mlp.py:133: PerformanceWarning: DataFrame is highly fragmented.  This is usually the result of calling `frame.insert` many times, which has poor performance.  Consider joining all columns at once using pd.concat(axis=1) instead. To get a de-fragmented frame, use `newframe = frame.copy()`
  out[f"feat_{i}"] = df[f"f{i}"]
/home/lilith/work/zen/zensim/scripts/v_next/train_v_next_mlp.py:133: PerformanceWarning: DataFrame is highly fragmented.  This is usually the result of calling `frame.insert` many times, which has poor performance.  Consider joining all columns at once using pd.concat(axis=1) instead. To get a de-fragmented frame, use `newframe = frame.copy()`
  out[f"feat_{i}"] = df[f"f{i}"]
/home/lilith/work/zen/zensim/scripts/v_next/train_v_next_mlp.py:133: PerformanceWarning: DataFrame is highly fragmented.  This is usually the result of calling `frame.insert` many times, which has poor performance.  Consider joining all columns at once using pd.concat(axis=1) instead. To get a de-fragmented frame, use `newframe = frame.copy()`
  out[f"feat_{i}"] = df[f"f{i}"]
/home/lilith/work/zen/zensim/scripts/v_next/train_v_next_mlp.py:133: PerformanceWarning: DataFrame is highly fragmented.  This is usually the result of calling `frame.insert` many times, which has poor performance.  Consider joining all columns at once using pd.concat(axis=1) instead. To get a de-fragmented frame, use `newframe = frame.copy()`
  out[f"feat_{i}"] = df[f"f{i}"]
/home/lilith/work/zen/zensim/scripts/v_next/train_v_next_mlp.py:133: PerformanceWarning: DataFrame is highly fragmented.  This is usually the result of calling `frame.insert` many times, which has poor performance.  Consider joining all columns at once using pd.concat(axis=1) instead. To get a de-fragmented frame, use `newframe = frame.copy()`
  out[f"feat_{i}"] = df[f"f{i}"]
/home/lilith/work/zen/zensim/scripts/v_next/train_v_next_mlp.py:133: PerformanceWarning: DataFrame is highly fragmented.  This is usually the result of calling `frame.insert` many times, which has poor performance.  Consider joining all columns at once using pd.concat(axis=1) instead. To get a de-fragmented frame, use `newframe = frame.copy()`
  out[f"feat_{i}"] = df[f"f{i}"]
/home/lilith/work/zen/zensim/scripts/v_next/train_v_next_mlp.py:133: PerformanceWarning: DataFrame is highly fragmented.  This is usually the result of calling `frame.insert` many times, which has poor performance.  Consider joining all columns at once using pd.concat(axis=1) instead. To get a de-fragmented frame, use `newframe = frame.copy()`
  out[f"feat_{i}"] = df[f"f{i}"]
/home/lilith/work/zen/zensim/scripts/v_next/train_v_next_mlp.py:133: PerformanceWarning: DataFrame is highly fragmented.  This is usually the result of calling `frame.insert` many times, which has poor performance.  Consider joining all columns at once using pd.concat(axis=1) instead. To get a de-fragmented frame, use `newframe = frame.copy()`
  out[f"feat_{i}"] = df[f"f{i}"]
/home/lilith/work/zen/zensim/scripts/v_next/train_v_next_mlp.py:133: PerformanceWarning: DataFrame is highly fragmented.  This is usually the result of calling `frame.insert` many times, which has poor performance.  Consider joining all columns at once using pd.concat(axis=1) instead. To get a de-fragmented frame, use `newframe = frame.copy()`
  out[f"feat_{i}"] = df[f"f{i}"]
/home/lilith/work/zen/zensim/scripts/v_next/train_v_next_mlp.py:133: PerformanceWarning: DataFrame is highly fragmented.  This is usually the result of calling `frame.insert` many times, which has poor performance.  Consider joining all columns at once using pd.concat(axis=1) instead. To get a de-fragmented frame, use `newframe = frame.copy()`
  out[f"feat_{i}"] = df[f"f{i}"]
/home/lilith/work/zen/zensim/scripts/v_next/train_v_next_mlp.py:133: PerformanceWarning: DataFrame is highly fragmented.  This is usually the result of calling `frame.insert` many times, which has poor performance.  Consider joining all columns at once using pd.concat(axis=1) instead. To get a de-fragmented frame, use `newframe = frame.copy()`
  out[f"feat_{i}"] = df[f"f{i}"]
/home/lilith/work/zen/zensim/scripts/v_next/train_v_next_mlp.py:133: PerformanceWarning: DataFrame is highly fragmented.  This is usually the result of calling `frame.insert` many times, which has poor performance.  Consider joining all columns at once using pd.concat(axis=1) instead. To get a de-fragmented frame, use `newframe = frame.copy()`
  out[f"feat_{i}"] = df[f"f{i}"]
/home/lilith/work/zen/zensim/scripts/v_next/train_v_next_mlp.py:133: PerformanceWarning: DataFrame is highly fragmented.  This is usually the result of calling `frame.insert` many times, which has poor performance.  Consider joining all columns at once using pd.concat(axis=1) instead. To get a de-fragmented frame, use `newframe = frame.copy()`
  out[f"feat_{i}"] = df[f"f{i}"]
/home/lilith/work/zen/zensim/scripts/v_next/train_v_next_mlp.py:133: PerformanceWarning: DataFrame is highly fragmented.  This is usually the result of calling `frame.insert` many times, which has poor performance.  Consider joining all columns at once using pd.concat(axis=1) instead. To get a de-fragmented frame, use `newframe = frame.copy()`
  out[f"feat_{i}"] = df[f"f{i}"]
/home/lilith/work/zen/zensim/scripts/v_next/train_v_next_mlp.py:133: PerformanceWarning: DataFrame is highly fragmented.  This is usually the result of calling `frame.insert` many times, which has poor performance.  Consider joining all columns at once using pd.concat(axis=1) instead. To get a de-fragmented frame, use `newframe = frame.copy()`
  out[f"feat_{i}"] = df[f"f{i}"]
/home/lilith/work/zen/zensim/scripts/v_next/train_v_next_mlp.py:133: PerformanceWarning: DataFrame is highly fragmented.  This is usually the result of calling `frame.insert` many times, which has poor performance.  Consider joining all columns at once using pd.concat(axis=1) instead. To get a de-fragmented frame, use `newframe = frame.copy()`
  out[f"feat_{i}"] = df[f"f{i}"]
/home/lilith/work/zen/zensim/scripts/v_next/train_v_next_mlp.py:133: PerformanceWarning: DataFrame is highly fragmented.  This is usually the result of calling `frame.insert` many times, which has poor performance.  Consider joining all columns at once using pd.concat(axis=1) instead. To get a de-fragmented frame, use `newframe = frame.copy()`
  out[f"feat_{i}"] = df[f"f{i}"]
/home/lilith/work/zen/zensim/scripts/v_next/train_v_next_mlp.py:133: PerformanceWarning: DataFrame is highly fragmented.  This is usually the result of calling `frame.insert` many times, which has poor performance.  Consider joining all columns at once using pd.concat(axis=1) instead. To get a de-fragmented frame, use `newframe = frame.copy()`
  out[f"feat_{i}"] = df[f"f{i}"]
/home/lilith/work/zen/zensim/scripts/v_next/train_v_next_mlp.py:133: PerformanceWarning: DataFrame is highly fragmented.  This is usually the result of calling `frame.insert` many times, which has poor performance.  Consider joining all columns at once using pd.concat(axis=1) instead. To get a de-fragmented frame, use `newframe = frame.copy()`
  out[f"feat_{i}"] = df[f"f{i}"]
/home/lilith/work/zen/zensim/scripts/v_next/train_v_next_mlp.py:133: PerformanceWarning: DataFrame is highly fragmented.  This is usually the result of calling `frame.insert` many times, which has poor performance.  Consider joining all columns at once using pd.concat(axis=1) instead. To get a de-fragmented frame, use `newframe = frame.copy()`
  out[f"feat_{i}"] = df[f"f{i}"]
/home/lilith/work/zen/zensim/scripts/v_next/train_v_next_mlp.py:133: PerformanceWarning: DataFrame is highly fragmented.  This is usually the result of calling `frame.insert` many times, which has poor performance.  Consider joining all columns at once using pd.concat(axis=1) instead. To get a de-fragmented frame, use `newframe = frame.copy()`
  out[f"feat_{i}"] = df[f"f{i}"]
/home/lilith/work/zen/zensim/scripts/v_next/train_v_next_mlp.py:133: PerformanceWarning: DataFrame is highly fragmented.  This is usually the result of calling `frame.insert` many times, which has poor performance.  Consider joining all columns at once using pd.concat(axis=1) instead. To get a de-fragmented frame, use `newframe = frame.copy()`
  out[f"feat_{i}"] = df[f"f{i}"]
/home/lilith/work/zen/zensim/scripts/v_next/train_v_next_mlp.py:133: PerformanceWarning: DataFrame is highly fragmented.  This is usually the result of calling `frame.insert` many times, which has poor performance.  Consider joining all columns at once using pd.concat(axis=1) instead. To get a de-fragmented frame, use `newframe = frame.copy()`
  out[f"feat_{i}"] = df[f"f{i}"]
/home/lilith/work/zen/zensim/scripts/v_next/train_v_next_mlp.py:133: PerformanceWarning: DataFrame is highly fragmented.  This is usually the result of calling `frame.insert` many times, which has poor performance.  Consider joining all columns at once using pd.concat(axis=1) instead. To get a de-fragmented frame, use `newframe = frame.copy()`
  out[f"feat_{i}"] = df[f"f{i}"]
/home/lilith/work/zen/zensim/scripts/v_next/train_v_next_mlp.py:133: PerformanceWarning: DataFrame is highly fragmented.  This is usually the result of calling `frame.insert` many times, which has poor performance.  Consider joining all columns at once using pd.concat(axis=1) instead. To get a de-fragmented frame, use `newframe = frame.copy()`
  out[f"feat_{i}"] = df[f"f{i}"]
/home/lilith/work/zen/zensim/scripts/v_next/train_v_next_mlp.py:133: PerformanceWarning: DataFrame is highly fragmented.  This is usually the result of calling `frame.insert` many times, which has poor performance.  Consider joining all columns at once using pd.concat(axis=1) instead. To get a de-fragmented frame, use `newframe = frame.copy()`
  out[f"feat_{i}"] = df[f"f{i}"]
/home/lilith/work/zen/zensim/scripts/v_next/train_v_next_mlp.py:133: PerformanceWarning: DataFrame is highly fragmented.  This is usually the result of calling `frame.insert` many times, which has poor performance.  Consider joining all columns at once using pd.concat(axis=1) instead. To get a de-fragmented frame, use `newframe = frame.copy()`
  out[f"feat_{i}"] = df[f"f{i}"]
/home/lilith/work/zen/zensim/scripts/v_next/train_v_next_mlp.py:133: PerformanceWarning: DataFrame is highly fragmented.  This is usually the result of calling `frame.insert` many times, which has poor performance.  Consider joining all columns at once using pd.concat(axis=1) instead. To get a de-fragmented frame, use `newframe = frame.copy()`
  out[f"feat_{i}"] = df[f"f{i}"]
/home/lilith/work/zen/zensim/scripts/v_next/train_v_next_mlp.py:133: PerformanceWarning: DataFrame is highly fragmented.  This is usually the result of calling `frame.insert` many times, which has poor performance.  Consider joining all columns at once using pd.concat(axis=1) instead. To get a de-fragmented frame, use `newframe = frame.copy()`
  out[f"feat_{i}"] = df[f"f{i}"]
/home/lilith/work/zen/zensim/scripts/v_next/train_v_next_mlp.py:133: PerformanceWarning: DataFrame is highly fragmented.  This is usually the result of calling `frame.insert` many times, which has poor performance.  Consider joining all columns at once using pd.concat(axis=1) instead. To get a de-fragmented frame, use `newframe = frame.copy()`
  out[f"feat_{i}"] = df[f"f{i}"]
/home/lilith/work/zen/zensim/scripts/v_next/train_v_next_mlp.py:133: PerformanceWarning: DataFrame is highly fragmented.  This is usually the result of calling `frame.insert` many times, which has poor performance.  Consider joining all columns at once using pd.concat(axis=1) instead. To get a de-fragmented frame, use `newframe = frame.copy()`
  out[f"feat_{i}"] = df[f"f{i}"]
/home/lilith/work/zen/zensim/scripts/v_next/train_v_next_mlp.py:133: PerformanceWarning: DataFrame is highly fragmented.  This is usually the result of calling `frame.insert` many times, which has poor performance.  Consider joining all columns at once using pd.concat(axis=1) instead. To get a de-fragmented frame, use `newframe = frame.copy()`
  out[f"feat_{i}"] = df[f"f{i}"]
/home/lilith/work/zen/zensim/scripts/v_next/train_v_next_mlp.py:133: PerformanceWarning: DataFrame is highly fragmented.  This is usually the result of calling `frame.insert` many times, which has poor performance.  Consider joining all columns at once using pd.concat(axis=1) instead. To get a de-fragmented frame, use `newframe = frame.copy()`
  out[f"feat_{i}"] = df[f"f{i}"]
/home/lilith/work/zen/zensim/scripts/v_next/train_v_next_mlp.py:133: PerformanceWarning: DataFrame is highly fragmented.  This is usually the result of calling `frame.insert` many times, which has poor performance.  Consider joining all columns at once using pd.concat(axis=1) instead. To get a de-fragmented frame, use `newframe = frame.copy()`
  out[f"feat_{i}"] = df[f"f{i}"]
/home/lilith/work/zen/zensim/scripts/v_next/train_v_next_mlp.py:133: PerformanceWarning: DataFrame is highly fragmented.  This is usually the result of calling `frame.insert` many times, which has poor performance.  Consider joining all columns at once using pd.concat(axis=1) instead. To get a de-fragmented frame, use `newframe = frame.copy()`
  out[f"feat_{i}"] = df[f"f{i}"]
/home/lilith/work/zen/zensim/scripts/v_next/train_v_next_mlp.py:133: PerformanceWarning: DataFrame is highly fragmented.  This is usually the result of calling `frame.insert` many times, which has poor performance.  Consider joining all columns at once using pd.concat(axis=1) instead. To get a de-fragmented frame, use `newframe = frame.copy()`
  out[f"feat_{i}"] = df[f"f{i}"]
/home/lilith/work/zen/zensim/scripts/v_next/train_v_next_mlp.py:133: PerformanceWarning: DataFrame is highly fragmented.  This is usually the result of calling `frame.insert` many times, which has poor performance.  Consider joining all columns at once using pd.concat(axis=1) instead. To get a de-fragmented frame, use `newframe = frame.copy()`
  out[f"feat_{i}"] = df[f"f{i}"]
/home/lilith/work/zen/zensim/scripts/v_next/train_v_next_mlp.py:133: PerformanceWarning: DataFrame is highly fragmented.  This is usually the result of calling `frame.insert` many times, which has poor performance.  Consider joining all columns at once using pd.concat(axis=1) instead. To get a de-fragmented frame, use `newframe = frame.copy()`
  out[f"feat_{i}"] = df[f"f{i}"]
/home/lilith/work/zen/zensim/scripts/v_next/train_v_next_mlp.py:133: PerformanceWarning: DataFrame is highly fragmented.  This is usually the result of calling `frame.insert` many times, which has poor performance.  Consider joining all columns at once using pd.concat(axis=1) instead. To get a de-fragmented frame, use `newframe = frame.copy()`
  out[f"feat_{i}"] = df[f"f{i}"]
/home/lilith/work/zen/zensim/scripts/v_next/train_v_next_mlp.py:133: PerformanceWarning: DataFrame is highly fragmented.  This is usually the result of calling `frame.insert` many times, which has poor performance.  Consider joining all columns at once using pd.concat(axis=1) instead. To get a de-fragmented frame, use `newframe = frame.copy()`
  out[f"feat_{i}"] = df[f"f{i}"]
/home/lilith/work/zen/zensim/scripts/v_next/train_v_next_mlp.py:133: PerformanceWarning: DataFrame is highly fragmented.  This is usually the result of calling `frame.insert` many times, which has poor performance.  Consider joining all columns at once using pd.concat(axis=1) instead. To get a de-fragmented frame, use `newframe = frame.copy()`
  out[f"feat_{i}"] = df[f"f{i}"]
/home/lilith/work/zen/zensim/scripts/v_next/train_v_next_mlp.py:133: PerformanceWarning: DataFrame is highly fragmented.  This is usually the result of calling `frame.insert` many times, which has poor performance.  Consider joining all columns at once using pd.concat(axis=1) instead. To get a de-fragmented frame, use `newframe = frame.copy()`
  out[f"feat_{i}"] = df[f"f{i}"]
/home/lilith/work/zen/zensim/scripts/v_next/train_v_next_mlp.py:133: PerformanceWarning: DataFrame is highly fragmented.  This is usually the result of calling `frame.insert` many times, which has poor performance.  Consider joining all columns at once using pd.concat(axis=1) instead. To get a de-fragmented frame, use `newframe = frame.copy()`
  out[f"feat_{i}"] = df[f"f{i}"]
/home/lilith/work/zen/zensim/scripts/v_next/train_v_next_mlp.py:133: PerformanceWarning: DataFrame is highly fragmented.  This is usually the result of calling `frame.insert` many times, which has poor performance.  Consider joining all columns at once using pd.concat(axis=1) instead. To get a de-fragmented frame, use `newframe = frame.copy()`
  out[f"feat_{i}"] = df[f"f{i}"]
/home/lilith/work/zen/zensim/scripts/v_next/train_v_next_mlp.py:133: PerformanceWarning: DataFrame is highly fragmented.  This is usually the result of calling `frame.insert` many times, which has poor performance.  Consider joining all columns at once using pd.concat(axis=1) instead. To get a de-fragmented frame, use `newframe = frame.copy()`
  out[f"feat_{i}"] = df[f"f{i}"]
/home/lilith/work/zen/zensim/scripts/v_next/train_v_next_mlp.py:133: PerformanceWarning: DataFrame is highly fragmented.  This is usually the result of calling `frame.insert` many times, which has poor performance.  Consider joining all columns at once using pd.concat(axis=1) instead. To get a de-fragmented frame, use `newframe = frame.copy()`
  out[f"feat_{i}"] = df[f"f{i}"]
/home/lilith/work/zen/zensim/scripts/v_next/train_v_next_mlp.py:133: PerformanceWarning: DataFrame is highly fragmented.  This is usually the result of calling `frame.insert` many times, which has poor performance.  Consider joining all columns at once using pd.concat(axis=1) instead. To get a de-fragmented frame, use `newframe = frame.copy()`
  out[f"feat_{i}"] = df[f"f{i}"]
/home/lilith/work/zen/zensim/scripts/v_next/train_v_next_mlp.py:133: PerformanceWarning: DataFrame is highly fragmented.  This is usually the result of calling `frame.insert` many times, which has poor performance.  Consider joining all columns at once using pd.concat(axis=1) instead. To get a de-fragmented frame, use `newframe = frame.copy()`
  out[f"feat_{i}"] = df[f"f{i}"]
/home/lilith/work/zen/zensim/scripts/v_next/train_v_next_mlp.py:133: PerformanceWarning: DataFrame is highly fragmented.  This is usually the result of calling `frame.insert` many times, which has poor performance.  Consider joining all columns at once using pd.concat(axis=1) instead. To get a de-fragmented frame, use `newframe = frame.copy()`
  out[f"feat_{i}"] = df[f"f{i}"]
/home/lilith/work/zen/zensim/scripts/v_next/train_v_next_mlp.py:133: PerformanceWarning: DataFrame is highly fragmented.  This is usually the result of calling `frame.insert` many times, which has poor performance.  Consider joining all columns at once using pd.concat(axis=1) instead. To get a de-fragmented frame, use `newframe = frame.copy()`
  out[f"feat_{i}"] = df[f"f{i}"]
/home/lilith/work/zen/zensim/scripts/v_next/train_v_next_mlp.py:133: PerformanceWarning: DataFrame is highly fragmented.  This is usually the result of calling `frame.insert` many times, which has poor performance.  Consider joining all columns at once using pd.concat(axis=1) instead. To get a de-fragmented frame, use `newframe = frame.copy()`
  out[f"feat_{i}"] = df[f"f{i}"]
/home/lilith/work/zen/zensim/scripts/v_next/train_v_next_mlp.py:133: PerformanceWarning: DataFrame is highly fragmented.  This is usually the result of calling `frame.insert` many times, which has poor performance.  Consider joining all columns at once using pd.concat(axis=1) instead. To get a de-fragmented frame, use `newframe = frame.copy()`
  out[f"feat_{i}"] = df[f"f{i}"]
/home/lilith/work/zen/zensim/scripts/v_next/train_v_next_mlp.py:149: PerformanceWarning: DataFrame is highly fragmented.  This is usually the result of calling `frame.insert` many times, which has poor performance.  Consider joining all columns at once using pd.concat(axis=1) instead. To get a de-fragmented frame, use `newframe = frame.copy()`
  out["is_val_only"] = out["image_basename"].isin(val_refs)
/home/lilith/work/zen/zensim/scripts/v_next/train_v_next_mlp.py:150: PerformanceWarning: DataFrame is highly fragmented.  This is usually the result of calling `frame.insert` many times, which has poor performance.  Consider joining all columns at once using pd.concat(axis=1) instead. To get a de-fragmented frame, use `newframe = frame.copy()`
  out["train_weight"] = np.where(out["is_val_only"], 0.0, train_weight)
/home/lilith/work/zen/zensim/scripts/v_next/train_v_next_mlp.py:151: PerformanceWarning: DataFrame is highly fragmented.  This is usually the result of calling `frame.insert` many times, which has poor performance.  Consider joining all columns at once using pd.concat(axis=1) instead. To get a de-fragmented frame, use `newframe = frame.copy()`
  out["dataset"] = dataset_name
/home/lilith/work/zen/zensim/scripts/v_next/train_v_next_mlp.py:152: PerformanceWarning: DataFrame is highly fragmented.  This is usually the result of calling `frame.insert` many times, which has poor performance.  Consider joining all columns at once using pd.concat(axis=1) instead. To get a de-fragmented frame, use `newframe = frame.copy()`
  out["target_human"] = score_100  # explicit copy for V0_6 ranknet groups
  10,125 rows, 81 unique refs (val=20 val_only refs); train_w=0.3, loaded in 0.5s
Loading tid tid_features.csv...
/home/lilith/work/zen/zensim/scripts/v_next/train_v_next_mlp.py:133: PerformanceWarning: DataFrame is highly fragmented.  This is usually the result of calling `frame.insert` many times, which has poor performance.  Consider joining all columns at once using pd.concat(axis=1) instead. To get a de-fragmented frame, use `newframe = frame.copy()`
  out[f"feat_{i}"] = df[f"f{i}"]
/home/lilith/work/zen/zensim/scripts/v_next/train_v_next_mlp.py:133: PerformanceWarning: DataFrame is highly fragmented.  This is usually the result of calling `frame.insert` many times, which has poor performance.  Consider joining all columns at once using pd.concat(axis=1) instead. To get a de-fragmented frame, use `newframe = frame.copy()`
  out[f"feat_{i}"] = df[f"f{i}"]
/home/lilith/work/zen/zensim/scripts/v_next/train_v_next_mlp.py:133: PerformanceWarning: DataFrame is highly fragmented.  This is usually the result of calling `frame.insert` many times, which has poor performance.  Consider joining all columns at once using pd.concat(axis=1) instead. To get a de-fragmented frame, use `newframe = frame.copy()`
  out[f"feat_{i}"] = df[f"f{i}"]
/home/lilith/work/zen/zensim/scripts/v_next/train_v_next_mlp.py:133: PerformanceWarning: DataFrame is highly fragmented.  This is usually the result of calling `frame.insert` many times, which has poor performance.  Consider joining all columns at once using pd.concat(axis=1) instead. To get a de-fragmented frame, use `newframe = frame.copy()`
  out[f"feat_{i}"] = df[f"f{i}"]
/home/lilith/work/zen/zensim/scripts/v_next/train_v_next_mlp.py:133: PerformanceWarning: DataFrame is highly fragmented.  This is usually the result of calling `frame.insert` many times, which has poor performance.  Consider joining all columns at once using pd.concat(axis=1) instead. To get a de-fragmented frame, use `newframe = frame.copy()`
  out[f"feat_{i}"] = df[f"f{i}"]
/home/lilith/work/zen/zensim/scripts/v_next/train_v_next_mlp.py:133: PerformanceWarning: DataFrame is highly fragmented.  This is usually the result of calling `frame.insert` many times, which has poor performance.  Consider joining all columns at once using pd.concat(axis=1) instead. To get a de-fragmented frame, use `newframe = frame.copy()`
  out[f"feat_{i}"] = df[f"f{i}"]
/home/lilith/work/zen/zensim/scripts/v_next/train_v_next_mlp.py:133: PerformanceWarning: DataFrame is highly fragmented.  This is usually the result of calling `frame.insert` many times, which has poor performance.  Consider joining all columns at once using pd.concat(axis=1) instead. To get a de-fragmented frame, use `newframe = frame.copy()`
  out[f"feat_{i}"] = df[f"f{i}"]
/home/lilith/work/zen/zensim/scripts/v_next/train_v_next_mlp.py:133: PerformanceWarning: DataFrame is highly fragmented.  This is usually the result of calling `frame.insert` many times, which has poor performance.  Consider joining all columns at once using pd.concat(axis=1) instead. To get a de-fragmented frame, use `newframe = frame.copy()`
  out[f"feat_{i}"] = df[f"f{i}"]
/home/lilith/work/zen/zensim/scripts/v_next/train_v_next_mlp.py:133: PerformanceWarning: DataFrame is highly fragmented.  This is usually the result of calling `frame.insert` many times, which has poor performance.  Consider joining all columns at once using pd.concat(axis=1) instead. To get a de-fragmented frame, use `newframe = frame.copy()`
  out[f"feat_{i}"] = df[f"f{i}"]
/home/lilith/work/zen/zensim/scripts/v_next/train_v_next_mlp.py:133: PerformanceWarning: DataFrame is highly fragmented.  This is usually the result of calling `frame.insert` many times, which has poor performance.  Consider joining all columns at once using pd.concat(axis=1) instead. To get a de-fragmented frame, use `newframe = frame.copy()`
  out[f"feat_{i}"] = df[f"f{i}"]
/home/lilith/work/zen/zensim/scripts/v_next/train_v_next_mlp.py:133: PerformanceWarning: DataFrame is highly fragmented.  This is usually the result of calling `frame.insert` many times, which has poor performance.  Consider joining all columns at once using pd.concat(axis=1) instead. To get a de-fragmented frame, use `newframe = frame.copy()`
  out[f"feat_{i}"] = df[f"f{i}"]
/home/lilith/work/zen/zensim/scripts/v_next/train_v_next_mlp.py:133: PerformanceWarning: DataFrame is highly fragmented.  This is usually the result of calling `frame.insert` many times, which has poor performance.  Consider joining all columns at once using pd.concat(axis=1) instead. To get a de-fragmented frame, use `newframe = frame.copy()`
  out[f"feat_{i}"] = df[f"f{i}"]
/home/lilith/work/zen/zensim/scripts/v_next/train_v_next_mlp.py:133: PerformanceWarning: DataFrame is highly fragmented.  This is usually the result of calling `frame.insert` many times, which has poor performance.  Consider joining all columns at once using pd.concat(axis=1) instead. To get a de-fragmented frame, use `newframe = frame.copy()`
  out[f"feat_{i}"] = df[f"f{i}"]
/home/lilith/work/zen/zensim/scripts/v_next/train_v_next_mlp.py:133: PerformanceWarning: DataFrame is highly fragmented.  This is usually the result of calling `frame.insert` many times, which has poor performance.  Consider joining all columns at once using pd.concat(axis=1) instead. To get a de-fragmented frame, use `newframe = frame.copy()`
  out[f"feat_{i}"] = df[f"f{i}"]
/home/lilith/work/zen/zensim/scripts/v_next/train_v_next_mlp.py:133: PerformanceWarning: DataFrame is highly fragmented.  This is usually the result of calling `frame.insert` many times, which has poor performance.  Consider joining all columns at once using pd.concat(axis=1) instead. To get a de-fragmented frame, use `newframe = frame.copy()`
  out[f"feat_{i}"] = df[f"f{i}"]
/home/lilith/work/zen/zensim/scripts/v_next/train_v_next_mlp.py:133: PerformanceWarning: DataFrame is highly fragmented.  This is usually the result of calling `frame.insert` many times, which has poor performance.  Consider joining all columns at once using pd.concat(axis=1) instead. To get a de-fragmented frame, use `newframe = frame.copy()`
  out[f"feat_{i}"] = df[f"f{i}"]
/home/lilith/work/zen/zensim/scripts/v_next/train_v_next_mlp.py:133: PerformanceWarning: DataFrame is highly fragmented.  This is usually the result of calling `frame.insert` many times, which has poor performance.  Consider joining all columns at once using pd.concat(axis=1) instead. To get a de-fragmented frame, use `newframe = frame.copy()`
  out[f"feat_{i}"] = df[f"f{i}"]
/home/lilith/work/zen/zensim/scripts/v_next/train_v_next_mlp.py:133: PerformanceWarning: DataFrame is highly fragmented.  This is usually the result of calling `frame.insert` many times, which has poor performance.  Consider joining all columns at once using pd.concat(axis=1) instead. To get a de-fragmented frame, use `newframe = frame.copy()`
  out[f"feat_{i}"] = df[f"f{i}"]
/home/lilith/work/zen/zensim/scripts/v_next/train_v_next_mlp.py:133: PerformanceWarning: DataFrame is highly fragmented.  This is usually the result of calling `frame.insert` many times, which has poor performance.  Consider joining all columns at once using pd.concat(axis=1) instead. To get a de-fragmented frame, use `newframe = frame.copy()`
  out[f"feat_{i}"] = df[f"f{i}"]
/home/lilith/work/zen/zensim/scripts/v_next/train_v_next_mlp.py:133: PerformanceWarning: DataFrame is highly fragmented.  This is usually the result of calling `frame.insert` many times, which has poor performance.  Consider joining all columns at once using pd.concat(axis=1) instead. To get a de-fragmented frame, use `newframe = frame.copy()`
  out[f"feat_{i}"] = df[f"f{i}"]
/home/lilith/work/zen/zensim/scripts/v_next/train_v_next_mlp.py:133: PerformanceWarning: DataFrame is highly fragmented.  This is usually the result of calling `frame.insert` many times, which has poor performance.  Consider joining all columns at once using pd.concat(axis=1) instead. To get a de-fragmented frame, use `newframe = frame.copy()`
  out[f"feat_{i}"] = df[f"f{i}"]
/home/lilith/work/zen/zensim/scripts/v_next/train_v_next_mlp.py:133: PerformanceWarning: DataFrame is highly fragmented.  This is usually the result of calling `frame.insert` many times, which has poor performance.  Consider joining all columns at once using pd.concat(axis=1) instead. To get a de-fragmented frame, use `newframe = frame.copy()`
  out[f"feat_{i}"] = df[f"f{i}"]
/home/lilith/work/zen/zensim/scripts/v_next/train_v_next_mlp.py:133: PerformanceWarning: DataFrame is highly fragmented.  This is usually the result of calling `frame.insert` many times, which has poor performance.  Consider joining all columns at once using pd.concat(axis=1) instead. To get a de-fragmented frame, use `newframe = frame.copy()`
  out[f"feat_{i}"] = df[f"f{i}"]
/home/lilith/work/zen/zensim/scripts/v_next/train_v_next_mlp.py:133: PerformanceWarning: DataFrame is highly fragmented.  This is usually the result of calling `frame.insert` many times, which has poor performance.  Consider joining all columns at once using pd.concat(axis=1) instead. To get a de-fragmented frame, use `newframe = frame.copy()`
  out[f"feat_{i}"] = df[f"f{i}"]
/home/lilith/work/zen/zensim/scripts/v_next/train_v_next_mlp.py:133: PerformanceWarning: DataFrame is highly fragmented.  This is usually the result of calling `frame.insert` many times, which has poor performance.  Consider joining all columns at once using pd.concat(axis=1) instead. To get a de-fragmented frame, use `newframe = frame.copy()`
  out[f"feat_{i}"] = df[f"f{i}"]
/home/lilith/work/zen/zensim/scripts/v_next/train_v_next_mlp.py:133: PerformanceWarning: DataFrame is highly fragmented.  This is usually the result of calling `frame.insert` many times, which has poor performance.  Consider joining all columns at once using pd.concat(axis=1) instead. To get a de-fragmented frame, use `newframe = frame.copy()`
  out[f"feat_{i}"] = df[f"f{i}"]
/home/lilith/work/zen/zensim/scripts/v_next/train_v_next_mlp.py:133: PerformanceWarning: DataFrame is highly fragmented.  This is usually the result of calling `frame.insert` many times, which has poor performance.  Consider joining all columns at once using pd.concat(axis=1) instead. To get a de-fragmented frame, use `newframe = frame.copy()`
  out[f"feat_{i}"] = df[f"f{i}"]
/home/lilith/work/zen/zensim/scripts/v_next/train_v_next_mlp.py:133: PerformanceWarning: DataFrame is highly fragmented.  This is usually the result of calling `frame.insert` many times, which has poor performance.  Consider joining all columns at once using pd.concat(axis=1) instead. To get a de-fragmented frame, use `newframe = frame.copy()`
  out[f"feat_{i}"] = df[f"f{i}"]
/home/lilith/work/zen/zensim/scripts/v_next/train_v_next_mlp.py:133: PerformanceWarning: DataFrame is highly fragmented.  This is usually the result of calling `frame.insert` many times, which has poor performance.  Consider joining all columns at once using pd.concat(axis=1) instead. To get a de-fragmented frame, use `newframe = frame.copy()`
  out[f"feat_{i}"] = df[f"f{i}"]
/home/lilith/work/zen/zensim/scripts/v_next/train_v_next_mlp.py:133: PerformanceWarning: DataFrame is highly fragmented.  This is usually the result of calling `frame.insert` many times, which has poor performance.  Consider joining all columns at once using pd.concat(axis=1) instead. To get a de-fragmented frame, use `newframe = frame.copy()`
  out[f"feat_{i}"] = df[f"f{i}"]
/home/lilith/work/zen/zensim/scripts/v_next/train_v_next_mlp.py:133: PerformanceWarning: DataFrame is highly fragmented.  This is usually the result of calling `frame.insert` many times, which has poor performance.  Consider joining all columns at once using pd.concat(axis=1) instead. To get a de-fragmented frame, use `newframe = frame.copy()`
  out[f"feat_{i}"] = df[f"f{i}"]
/home/lilith/work/zen/zensim/scripts/v_next/train_v_next_mlp.py:133: PerformanceWarning: DataFrame is highly fragmented.  This is usually the result of calling `frame.insert` many times, which has poor performance.  Consider joining all columns at once using pd.concat(axis=1) instead. To get a de-fragmented frame, use `newframe = frame.copy()`
  out[f"feat_{i}"] = df[f"f{i}"]
/home/lilith/work/zen/zensim/scripts/v_next/train_v_next_mlp.py:133: PerformanceWarning: DataFrame is highly fragmented.  This is usually the result of calling `frame.insert` many times, which has poor performance.  Consider joining all columns at once using pd.concat(axis=1) instead. To get a de-fragmented frame, use `newframe = frame.copy()`
  out[f"feat_{i}"] = df[f"f{i}"]
/home/lilith/work/zen/zensim/scripts/v_next/train_v_next_mlp.py:133: PerformanceWarning: DataFrame is highly fragmented.  This is usually the result of calling `frame.insert` many times, which has poor performance.  Consider joining all columns at once using pd.concat(axis=1) instead. To get a de-fragmented frame, use `newframe = frame.copy()`
  out[f"feat_{i}"] = df[f"f{i}"]
/home/lilith/work/zen/zensim/scripts/v_next/train_v_next_mlp.py:133: PerformanceWarning: DataFrame is highly fragmented.  This is usually the result of calling `frame.insert` many times, which has poor performance.  Consider joining all columns at once using pd.concat(axis=1) instead. To get a de-fragmented frame, use `newframe = frame.copy()`
  out[f"feat_{i}"] = df[f"f{i}"]
/home/lilith/work/zen/zensim/scripts/v_next/train_v_next_mlp.py:133: PerformanceWarning: DataFrame is highly fragmented.  This is usually the result of calling `frame.insert` many times, which has poor performance.  Consider joining all columns at once using pd.concat(axis=1) instead. To get a de-fragmented frame, use `newframe = frame.copy()`
  out[f"feat_{i}"] = df[f"f{i}"]
/home/lilith/work/zen/zensim/scripts/v_next/train_v_next_mlp.py:133: PerformanceWarning: DataFrame is highly fragmented.  This is usually the result of calling `frame.insert` many times, which has poor performance.  Consider joining all columns at once using pd.concat(axis=1) instead. To get a de-fragmented frame, use `newframe = frame.copy()`
  out[f"feat_{i}"] = df[f"f{i}"]
/home/lilith/work/zen/zensim/scripts/v_next/train_v_next_mlp.py:133: PerformanceWarning: DataFrame is highly fragmented.  This is usually the result of calling `frame.insert` many times, which has poor performance.  Consider joining all columns at once using pd.concat(axis=1) instead. To get a de-fragmented frame, use `newframe = frame.copy()`
  out[f"feat_{i}"] = df[f"f{i}"]
/home/lilith/work/zen/zensim/scripts/v_next/train_v_next_mlp.py:133: PerformanceWarning: DataFrame is highly fragmented.  This is usually the result of calling `frame.insert` many times, which has poor performance.  Consider joining all columns at once using pd.concat(axis=1) instead. To get a de-fragmented frame, use `newframe = frame.copy()`
  out[f"feat_{i}"] = df[f"f{i}"]
/home/lilith/work/zen/zensim/scripts/v_next/train_v_next_mlp.py:133: PerformanceWarning: DataFrame is highly fragmented.  This is usually the result of calling `frame.insert` many times, which has poor performance.  Consider joining all columns at once using pd.concat(axis=1) instead. To get a de-fragmented frame, use `newframe = frame.copy()`
  out[f"feat_{i}"] = df[f"f{i}"]
/home/lilith/work/zen/zensim/scripts/v_next/train_v_next_mlp.py:133: PerformanceWarning: DataFrame is highly fragmented.  This is usually the result of calling `frame.insert` many times, which has poor performance.  Consider joining all columns at once using pd.concat(axis=1) instead. To get a de-fragmented frame, use `newframe = frame.copy()`
  out[f"feat_{i}"] = df[f"f{i}"]
/home/lilith/work/zen/zensim/scripts/v_next/train_v_next_mlp.py:133: PerformanceWarning: DataFrame is highly fragmented.  This is usually the result of calling `frame.insert` many times, which has poor performance.  Consider joining all columns at once using pd.concat(axis=1) instead. To get a de-fragmented frame, use `newframe = frame.copy()`
  out[f"feat_{i}"] = df[f"f{i}"]
/home/lilith/work/zen/zensim/scripts/v_next/train_v_next_mlp.py:133: PerformanceWarning: DataFrame is highly fragmented.  This is usually the result of calling `frame.insert` many times, which has poor performance.  Consider joining all columns at once using pd.concat(axis=1) instead. To get a de-fragmented frame, use `newframe = frame.copy()`
  out[f"feat_{i}"] = df[f"f{i}"]
/home/lilith/work/zen/zensim/scripts/v_next/train_v_next_mlp.py:133: PerformanceWarning: DataFrame is highly fragmented.  This is usually the result of calling `frame.insert` many times, which has poor performance.  Consider joining all columns at once using pd.concat(axis=1) instead. To get a de-fragmented frame, use `newframe = frame.copy()`
  out[f"feat_{i}"] = df[f"f{i}"]
/home/lilith/work/zen/zensim/scripts/v_next/train_v_next_mlp.py:133: PerformanceWarning: DataFrame is highly fragmented.  This is usually the result of calling `frame.insert` many times, which has poor performance.  Consider joining all columns at once using pd.concat(axis=1) instead. To get a de-fragmented frame, use `newframe = frame.copy()`
  out[f"feat_{i}"] = df[f"f{i}"]
/home/lilith/work/zen/zensim/scripts/v_next/train_v_next_mlp.py:133: PerformanceWarning: DataFrame is highly fragmented.  This is usually the result of calling `frame.insert` many times, which has poor performance.  Consider joining all columns at once using pd.concat(axis=1) instead. To get a de-fragmented frame, use `newframe = frame.copy()`
  out[f"feat_{i}"] = df[f"f{i}"]
/home/lilith/work/zen/zensim/scripts/v_next/train_v_next_mlp.py:133: PerformanceWarning: DataFrame is highly fragmented.  This is usually the result of calling `frame.insert` many times, which has poor performance.  Consider joining all columns at once using pd.concat(axis=1) instead. To get a de-fragmented frame, use `newframe = frame.copy()`
  out[f"feat_{i}"] = df[f"f{i}"]
/home/lilith/work/zen/zensim/scripts/v_next/train_v_next_mlp.py:133: PerformanceWarning: DataFrame is highly fragmented.  This is usually the result of calling `frame.insert` many times, which has poor performance.  Consider joining all columns at once using pd.concat(axis=1) instead. To get a de-fragmented frame, use `newframe = frame.copy()`
  out[f"feat_{i}"] = df[f"f{i}"]
/home/lilith/work/zen/zensim/scripts/v_next/train_v_next_mlp.py:133: PerformanceWarning: DataFrame is highly fragmented.  This is usually the result of calling `frame.insert` many times, which has poor performance.  Consider joining all columns at once using pd.concat(axis=1) instead. To get a de-fragmented frame, use `newframe = frame.copy()`
  out[f"feat_{i}"] = df[f"f{i}"]
/home/lilith/work/zen/zensim/scripts/v_next/train_v_next_mlp.py:133: PerformanceWarning: DataFrame is highly fragmented.  This is usually the result of calling `frame.insert` many times, which has poor performance.  Consider joining all columns at once using pd.concat(axis=1) instead. To get a de-fragmented frame, use `newframe = frame.copy()`
  out[f"feat_{i}"] = df[f"f{i}"]
/home/lilith/work/zen/zensim/scripts/v_next/train_v_next_mlp.py:133: PerformanceWarning: DataFrame is highly fragmented.  This is usually the result of calling `frame.insert` many times, which has poor performance.  Consider joining all columns at once using pd.concat(axis=1) instead. To get a de-fragmented frame, use `newframe = frame.copy()`
  out[f"feat_{i}"] = df[f"f{i}"]
/home/lilith/work/zen/zensim/scripts/v_next/train_v_next_mlp.py:133: PerformanceWarning: DataFrame is highly fragmented.  This is usually the result of calling `frame.insert` many times, which has poor performance.  Consider joining all columns at once using pd.concat(axis=1) instead. To get a de-fragmented frame, use `newframe = frame.copy()`
  out[f"feat_{i}"] = df[f"f{i}"]
/home/lilith/work/zen/zensim/scripts/v_next/train_v_next_mlp.py:133: PerformanceWarning: DataFrame is highly fragmented.  This is usually the result of calling `frame.insert` many times, which has poor performance.  Consider joining all columns at once using pd.concat(axis=1) instead. To get a de-fragmented frame, use `newframe = frame.copy()`
  out[f"feat_{i}"] = df[f"f{i}"]
/home/lilith/work/zen/zensim/scripts/v_next/train_v_next_mlp.py:133: PerformanceWarning: DataFrame is highly fragmented.  This is usually the result of calling `frame.insert` many times, which has poor performance.  Consider joining all columns at once using pd.concat(axis=1) instead. To get a de-fragmented frame, use `newframe = frame.copy()`
  out[f"feat_{i}"] = df[f"f{i}"]
/home/lilith/work/zen/zensim/scripts/v_next/train_v_next_mlp.py:133: PerformanceWarning: DataFrame is highly fragmented.  This is usually the result of calling `frame.insert` many times, which has poor performance.  Consider joining all columns at once using pd.concat(axis=1) instead. To get a de-fragmented frame, use `newframe = frame.copy()`
  out[f"feat_{i}"] = df[f"f{i}"]
/home/lilith/work/zen/zensim/scripts/v_next/train_v_next_mlp.py:133: PerformanceWarning: DataFrame is highly fragmented.  This is usually the result of calling `frame.insert` many times, which has poor performance.  Consider joining all columns at once using pd.concat(axis=1) instead. To get a de-fragmented frame, use `newframe = frame.copy()`
  out[f"feat_{i}"] = df[f"f{i}"]
/home/lilith/work/zen/zensim/scripts/v_next/train_v_next_mlp.py:133: PerformanceWarning: DataFrame is highly fragmented.  This is usually the result of calling `frame.insert` many times, which has poor performance.  Consider joining all columns at once using pd.concat(axis=1) instead. To get a de-fragmented frame, use `newframe = frame.copy()`
  out[f"feat_{i}"] = df[f"f{i}"]
/home/lilith/work/zen/zensim/scripts/v_next/train_v_next_mlp.py:133: PerformanceWarning: DataFrame is highly fragmented.  This is usually the result of calling `frame.insert` many times, which has poor performance.  Consider joining all columns at once using pd.concat(axis=1) instead. To get a de-fragmented frame, use `newframe = frame.copy()`
  out[f"feat_{i}"] = df[f"f{i}"]
/home/lilith/work/zen/zensim/scripts/v_next/train_v_next_mlp.py:133: PerformanceWarning: DataFrame is highly fragmented.  This is usually the result of calling `frame.insert` many times, which has poor performance.  Consider joining all columns at once using pd.concat(axis=1) instead. To get a de-fragmented frame, use `newframe = frame.copy()`
  out[f"feat_{i}"] = df[f"f{i}"]
/home/lilith/work/zen/zensim/scripts/v_next/train_v_next_mlp.py:133: PerformanceWarning: DataFrame is highly fragmented.  This is usually the result of calling `frame.insert` many times, which has poor performance.  Consider joining all columns at once using pd.concat(axis=1) instead. To get a de-fragmented frame, use `newframe = frame.copy()`
  out[f"feat_{i}"] = df[f"f{i}"]
/home/lilith/work/zen/zensim/scripts/v_next/train_v_next_mlp.py:133: PerformanceWarning: DataFrame is highly fragmented.  This is usually the result of calling `frame.insert` many times, which has poor performance.  Consider joining all columns at once using pd.concat(axis=1) instead. To get a de-fragmented frame, use `newframe = frame.copy()`
  out[f"feat_{i}"] = df[f"f{i}"]
/home/lilith/work/zen/zensim/scripts/v_next/train_v_next_mlp.py:133: PerformanceWarning: DataFrame is highly fragmented.  This is usually the result of calling `frame.insert` many times, which has poor performance.  Consider joining all columns at once using pd.concat(axis=1) instead. To get a de-fragmented frame, use `newframe = frame.copy()`
  out[f"feat_{i}"] = df[f"f{i}"]
/home/lilith/work/zen/zensim/scripts/v_next/train_v_next_mlp.py:133: PerformanceWarning: DataFrame is highly fragmented.  This is usually the result of calling `frame.insert` many times, which has poor performance.  Consider joining all columns at once using pd.concat(axis=1) instead. To get a de-fragmented frame, use `newframe = frame.copy()`
  out[f"feat_{i}"] = df[f"f{i}"]
/home/lilith/work/zen/zensim/scripts/v_next/train_v_next_mlp.py:133: PerformanceWarning: DataFrame is highly fragmented.  This is usually the result of calling `frame.insert` many times, which has poor performance.  Consider joining all columns at once using pd.concat(axis=1) instead. To get a de-fragmented frame, use `newframe = frame.copy()`
  out[f"feat_{i}"] = df[f"f{i}"]
/home/lilith/work/zen/zensim/scripts/v_next/train_v_next_mlp.py:133: PerformanceWarning: DataFrame is highly fragmented.  This is usually the result of calling `frame.insert` many times, which has poor performance.  Consider joining all columns at once using pd.concat(axis=1) instead. To get a de-fragmented frame, use `newframe = frame.copy()`
  out[f"feat_{i}"] = df[f"f{i}"]
/home/lilith/work/zen/zensim/scripts/v_next/train_v_next_mlp.py:133: PerformanceWarning: DataFrame is highly fragmented.  This is usually the result of calling `frame.insert` many times, which has poor performance.  Consider joining all columns at once using pd.concat(axis=1) instead. To get a de-fragmented frame, use `newframe = frame.copy()`
  out[f"feat_{i}"] = df[f"f{i}"]
/home/lilith/work/zen/zensim/scripts/v_next/train_v_next_mlp.py:133: PerformanceWarning: DataFrame is highly fragmented.  This is usually the result of calling `frame.insert` many times, which has poor performance.  Consider joining all columns at once using pd.concat(axis=1) instead. To get a de-fragmented frame, use `newframe = frame.copy()`
  out[f"feat_{i}"] = df[f"f{i}"]
/home/lilith/work/zen/zensim/scripts/v_next/train_v_next_mlp.py:133: PerformanceWarning: DataFrame is highly fragmented.  This is usually the result of calling `frame.insert` many times, which has poor performance.  Consider joining all columns at once using pd.concat(axis=1) instead. To get a de-fragmented frame, use `newframe = frame.copy()`
  out[f"feat_{i}"] = df[f"f{i}"]
/home/lilith/work/zen/zensim/scripts/v_next/train_v_next_mlp.py:133: PerformanceWarning: DataFrame is highly fragmented.  This is usually the result of calling `frame.insert` many times, which has poor performance.  Consider joining all columns at once using pd.concat(axis=1) instead. To get a de-fragmented frame, use `newframe = frame.copy()`
  out[f"feat_{i}"] = df[f"f{i}"]
/home/lilith/work/zen/zensim/scripts/v_next/train_v_next_mlp.py:133: PerformanceWarning: DataFrame is highly fragmented.  This is usually the result of calling `frame.insert` many times, which has poor performance.  Consider joining all columns at once using pd.concat(axis=1) instead. To get a de-fragmented frame, use `newframe = frame.copy()`
  out[f"feat_{i}"] = df[f"f{i}"]
/home/lilith/work/zen/zensim/scripts/v_next/train_v_next_mlp.py:133: PerformanceWarning: DataFrame is highly fragmented.  This is usually the result of calling `frame.insert` many times, which has poor performance.  Consider joining all columns at once using pd.concat(axis=1) instead. To get a de-fragmented frame, use `newframe = frame.copy()`
  out[f"feat_{i}"] = df[f"f{i}"]
/home/lilith/work/zen/zensim/scripts/v_next/train_v_next_mlp.py:133: PerformanceWarning: DataFrame is highly fragmented.  This is usually the result of calling `frame.insert` many times, which has poor performance.  Consider joining all columns at once using pd.concat(axis=1) instead. To get a de-fragmented frame, use `newframe = frame.copy()`
  out[f"feat_{i}"] = df[f"f{i}"]
/home/lilith/work/zen/zensim/scripts/v_next/train_v_next_mlp.py:133: PerformanceWarning: DataFrame is highly fragmented.  This is usually the result of calling `frame.insert` many times, which has poor performance.  Consider joining all columns at once using pd.concat(axis=1) instead. To get a de-fragmented frame, use `newframe = frame.copy()`
  out[f"feat_{i}"] = df[f"f{i}"]
/home/lilith/work/zen/zensim/scripts/v_next/train_v_next_mlp.py:133: PerformanceWarning: DataFrame is highly fragmented.  This is usually the result of calling `frame.insert` many times, which has poor performance.  Consider joining all columns at once using pd.concat(axis=1) instead. To get a de-fragmented frame, use `newframe = frame.copy()`
  out[f"feat_{i}"] = df[f"f{i}"]
/home/lilith/work/zen/zensim/scripts/v_next/train_v_next_mlp.py:133: PerformanceWarning: DataFrame is highly fragmented.  This is usually the result of calling `frame.insert` many times, which has poor performance.  Consider joining all columns at once using pd.concat(axis=1) instead. To get a de-fragmented frame, use `newframe = frame.copy()`
  out[f"feat_{i}"] = df[f"f{i}"]
/home/lilith/work/zen/zensim/scripts/v_next/train_v_next_mlp.py:133: PerformanceWarning: DataFrame is highly fragmented.  This is usually the result of calling `frame.insert` many times, which has poor performance.  Consider joining all columns at once using pd.concat(axis=1) instead. To get a de-fragmented frame, use `newframe = frame.copy()`
  out[f"feat_{i}"] = df[f"f{i}"]
/home/lilith/work/zen/zensim/scripts/v_next/train_v_next_mlp.py:133: PerformanceWarning: DataFrame is highly fragmented.  This is usually the result of calling `frame.insert` many times, which has poor performance.  Consider joining all columns at once using pd.concat(axis=1) instead. To get a de-fragmented frame, use `newframe = frame.copy()`
  out[f"feat_{i}"] = df[f"f{i}"]
/home/lilith/work/zen/zensim/scripts/v_next/train_v_next_mlp.py:133: PerformanceWarning: DataFrame is highly fragmented.  This is usually the result of calling `frame.insert` many times, which has poor performance.  Consider joining all columns at once using pd.concat(axis=1) instead. To get a de-fragmented frame, use `newframe = frame.copy()`
  out[f"feat_{i}"] = df[f"f{i}"]
/home/lilith/work/zen/zensim/scripts/v_next/train_v_next_mlp.py:133: PerformanceWarning: DataFrame is highly fragmented.  This is usually the result of calling `frame.insert` many times, which has poor performance.  Consider joining all columns at once using pd.concat(axis=1) instead. To get a de-fragmented frame, use `newframe = frame.copy()`
  out[f"feat_{i}"] = df[f"f{i}"]
/home/lilith/work/zen/zensim/scripts/v_next/train_v_next_mlp.py:133: PerformanceWarning: DataFrame is highly fragmented.  This is usually the result of calling `frame.insert` many times, which has poor performance.  Consider joining all columns at once using pd.concat(axis=1) instead. To get a de-fragmented frame, use `newframe = frame.copy()`
  out[f"feat_{i}"] = df[f"f{i}"]
/home/lilith/work/zen/zensim/scripts/v_next/train_v_next_mlp.py:133: PerformanceWarning: DataFrame is highly fragmented.  This is usually the result of calling `frame.insert` many times, which has poor performance.  Consider joining all columns at once using pd.concat(axis=1) instead. To get a de-fragmented frame, use `newframe = frame.copy()`
  out[f"feat_{i}"] = df[f"f{i}"]
/home/lilith/work/zen/zensim/scripts/v_next/train_v_next_mlp.py:133: PerformanceWarning: DataFrame is highly fragmented.  This is usually the result of calling `frame.insert` many times, which has poor performance.  Consider joining all columns at once using pd.concat(axis=1) instead. To get a de-fragmented frame, use `newframe = frame.copy()`
  out[f"feat_{i}"] = df[f"f{i}"]
/home/lilith/work/zen/zensim/scripts/v_next/train_v_next_mlp.py:133: PerformanceWarning: DataFrame is highly fragmented.  This is usually the result of calling `frame.insert` many times, which has poor performance.  Consider joining all columns at once using pd.concat(axis=1) instead. To get a de-fragmented frame, use `newframe = frame.copy()`
  out[f"feat_{i}"] = df[f"f{i}"]
/home/lilith/work/zen/zensim/scripts/v_next/train_v_next_mlp.py:133: PerformanceWarning: DataFrame is highly fragmented.  This is usually the result of calling `frame.insert` many times, which has poor performance.  Consider joining all columns at once using pd.concat(axis=1) instead. To get a de-fragmented frame, use `newframe = frame.copy()`
  out[f"feat_{i}"] = df[f"f{i}"]
/home/lilith/work/zen/zensim/scripts/v_next/train_v_next_mlp.py:133: PerformanceWarning: DataFrame is highly fragmented.  This is usually the result of calling `frame.insert` many times, which has poor performance.  Consider joining all columns at once using pd.concat(axis=1) instead. To get a de-fragmented frame, use `newframe = frame.copy()`
  out[f"feat_{i}"] = df[f"f{i}"]
/home/lilith/work/zen/zensim/scripts/v_next/train_v_next_mlp.py:133: PerformanceWarning: DataFrame is highly fragmented.  This is usually the result of calling `frame.insert` many times, which has poor performance.  Consider joining all columns at once using pd.concat(axis=1) instead. To get a de-fragmented frame, use `newframe = frame.copy()`
  out[f"feat_{i}"] = df[f"f{i}"]
/home/lilith/work/zen/zensim/scripts/v_next/train_v_next_mlp.py:133: PerformanceWarning: DataFrame is highly fragmented.  This is usually the result of calling `frame.insert` many times, which has poor performance.  Consider joining all columns at once using pd.concat(axis=1) instead. To get a de-fragmented frame, use `newframe = frame.copy()`
  out[f"feat_{i}"] = df[f"f{i}"]
/home/lilith/work/zen/zensim/scripts/v_next/train_v_next_mlp.py:133: PerformanceWarning: DataFrame is highly fragmented.  This is usually the result of calling `frame.insert` many times, which has poor performance.  Consider joining all columns at once using pd.concat(axis=1) instead. To get a de-fragmented frame, use `newframe = frame.copy()`
  out[f"feat_{i}"] = df[f"f{i}"]
/home/lilith/work/zen/zensim/scripts/v_next/train_v_next_mlp.py:133: PerformanceWarning: DataFrame is highly fragmented.  This is usually the result of calling `frame.insert` many times, which has poor performance.  Consider joining all columns at once using pd.concat(axis=1) instead. To get a de-fragmented frame, use `newframe = frame.copy()`
  out[f"feat_{i}"] = df[f"f{i}"]
/home/lilith/work/zen/zensim/scripts/v_next/train_v_next_mlp.py:133: PerformanceWarning: DataFrame is highly fragmented.  This is usually the result of calling `frame.insert` many times, which has poor performance.  Consider joining all columns at once using pd.concat(axis=1) instead. To get a de-fragmented frame, use `newframe = frame.copy()`
  out[f"feat_{i}"] = df[f"f{i}"]
/home/lilith/work/zen/zensim/scripts/v_next/train_v_next_mlp.py:133: PerformanceWarning: DataFrame is highly fragmented.  This is usually the result of calling `frame.insert` many times, which has poor performance.  Consider joining all columns at once using pd.concat(axis=1) instead. To get a de-fragmented frame, use `newframe = frame.copy()`
  out[f"feat_{i}"] = df[f"f{i}"]
/home/lilith/work/zen/zensim/scripts/v_next/train_v_next_mlp.py:133: PerformanceWarning: DataFrame is highly fragmented.  This is usually the result of calling `frame.insert` many times, which has poor performance.  Consider joining all columns at once using pd.concat(axis=1) instead. To get a de-fragmented frame, use `newframe = frame.copy()`
  out[f"feat_{i}"] = df[f"f{i}"]
/home/lilith/work/zen/zensim/scripts/v_next/train_v_next_mlp.py:133: PerformanceWarning: DataFrame is highly fragmented.  This is usually the result of calling `frame.insert` many times, which has poor performance.  Consider joining all columns at once using pd.concat(axis=1) instead. To get a de-fragmented frame, use `newframe = frame.copy()`
  out[f"feat_{i}"] = df[f"f{i}"]
/home/lilith/work/zen/zensim/scripts/v_next/train_v_next_mlp.py:133: PerformanceWarning: DataFrame is highly fragmented.  This is usually the result of calling `frame.insert` many times, which has poor performance.  Consider joining all columns at once using pd.concat(axis=1) instead. To get a de-fragmented frame, use `newframe = frame.copy()`
  out[f"feat_{i}"] = df[f"f{i}"]
/home/lilith/work/zen/zensim/scripts/v_next/train_v_next_mlp.py:133: PerformanceWarning: DataFrame is highly fragmented.  This is usually the result of calling `frame.insert` many times, which has poor performance.  Consider joining all columns at once using pd.concat(axis=1) instead. To get a de-fragmented frame, use `newframe = frame.copy()`
  out[f"feat_{i}"] = df[f"f{i}"]
/home/lilith/work/zen/zensim/scripts/v_next/train_v_next_mlp.py:133: PerformanceWarning: DataFrame is highly fragmented.  This is usually the result of calling `frame.insert` many times, which has poor performance.  Consider joining all columns at once using pd.concat(axis=1) instead. To get a de-fragmented frame, use `newframe = frame.copy()`
  out[f"feat_{i}"] = df[f"f{i}"]
/home/lilith/work/zen/zensim/scripts/v_next/train_v_next_mlp.py:133: PerformanceWarning: DataFrame is highly fragmented.  This is usually the result of calling `frame.insert` many times, which has poor performance.  Consider joining all columns at once using pd.concat(axis=1) instead. To get a de-fragmented frame, use `newframe = frame.copy()`
  out[f"feat_{i}"] = df[f"f{i}"]
/home/lilith/work/zen/zensim/scripts/v_next/train_v_next_mlp.py:133: PerformanceWarning: DataFrame is highly fragmented.  This is usually the result of calling `frame.insert` many times, which has poor performance.  Consider joining all columns at once using pd.concat(axis=1) instead. To get a de-fragmented frame, use `newframe = frame.copy()`
  out[f"feat_{i}"] = df[f"f{i}"]
/home/lilith/work/zen/zensim/scripts/v_next/train_v_next_mlp.py:133: PerformanceWarning: DataFrame is highly fragmented.  This is usually the result of calling `frame.insert` many times, which has poor performance.  Consider joining all columns at once using pd.concat(axis=1) instead. To get a de-fragmented frame, use `newframe = frame.copy()`
  out[f"feat_{i}"] = df[f"f{i}"]
/home/lilith/work/zen/zensim/scripts/v_next/train_v_next_mlp.py:133: PerformanceWarning: DataFrame is highly fragmented.  This is usually the result of calling `frame.insert` many times, which has poor performance.  Consider joining all columns at once using pd.concat(axis=1) instead. To get a de-fragmented frame, use `newframe = frame.copy()`
  out[f"feat_{i}"] = df[f"f{i}"]
/home/lilith/work/zen/zensim/scripts/v_next/train_v_next_mlp.py:133: PerformanceWarning: DataFrame is highly fragmented.  This is usually the result of calling `frame.insert` many times, which has poor performance.  Consider joining all columns at once using pd.concat(axis=1) instead. To get a de-fragmented frame, use `newframe = frame.copy()`
  out[f"feat_{i}"] = df[f"f{i}"]
/home/lilith/work/zen/zensim/scripts/v_next/train_v_next_mlp.py:133: PerformanceWarning: DataFrame is highly fragmented.  This is usually the result of calling `frame.insert` many times, which has poor performance.  Consider joining all columns at once using pd.concat(axis=1) instead. To get a de-fragmented frame, use `newframe = frame.copy()`
  out[f"feat_{i}"] = df[f"f{i}"]
/home/lilith/work/zen/zensim/scripts/v_next/train_v_next_mlp.py:133: PerformanceWarning: DataFrame is highly fragmented.  This is usually the result of calling `frame.insert` many times, which has poor performance.  Consider joining all columns at once using pd.concat(axis=1) instead. To get a de-fragmented frame, use `newframe = frame.copy()`
  out[f"feat_{i}"] = df[f"f{i}"]
/home/lilith/work/zen/zensim/scripts/v_next/train_v_next_mlp.py:133: PerformanceWarning: DataFrame is highly fragmented.  This is usually the result of calling `frame.insert` many times, which has poor performance.  Consider joining all columns at once using pd.concat(axis=1) instead. To get a de-fragmented frame, use `newframe = frame.copy()`
  out[f"feat_{i}"] = df[f"f{i}"]
/home/lilith/work/zen/zensim/scripts/v_next/train_v_next_mlp.py:133: PerformanceWarning: DataFrame is highly fragmented.  This is usually the result of calling `frame.insert` many times, which has poor performance.  Consider joining all columns at once using pd.concat(axis=1) instead. To get a de-fragmented frame, use `newframe = frame.copy()`
  out[f"feat_{i}"] = df[f"f{i}"]
/home/lilith/work/zen/zensim/scripts/v_next/train_v_next_mlp.py:133: PerformanceWarning: DataFrame is highly fragmented.  This is usually the result of calling `frame.insert` many times, which has poor performance.  Consider joining all columns at once using pd.concat(axis=1) instead. To get a de-fragmented frame, use `newframe = frame.copy()`
  out[f"feat_{i}"] = df[f"f{i}"]
/home/lilith/work/zen/zensim/scripts/v_next/train_v_next_mlp.py:133: PerformanceWarning: DataFrame is highly fragmented.  This is usually the result of calling `frame.insert` many times, which has poor performance.  Consider joining all columns at once using pd.concat(axis=1) instead. To get a de-fragmented frame, use `newframe = frame.copy()`
  out[f"feat_{i}"] = df[f"f{i}"]
/home/lilith/work/zen/zensim/scripts/v_next/train_v_next_mlp.py:133: PerformanceWarning: DataFrame is highly fragmented.  This is usually the result of calling `frame.insert` many times, which has poor performance.  Consider joining all columns at once using pd.concat(axis=1) instead. To get a de-fragmented frame, use `newframe = frame.copy()`
  out[f"feat_{i}"] = df[f"f{i}"]
/home/lilith/work/zen/zensim/scripts/v_next/train_v_next_mlp.py:133: PerformanceWarning: DataFrame is highly fragmented.  This is usually the result of calling `frame.insert` many times, which has poor performance.  Consider joining all columns at once using pd.concat(axis=1) instead. To get a de-fragmented frame, use `newframe = frame.copy()`
  out[f"feat_{i}"] = df[f"f{i}"]
/home/lilith/work/zen/zensim/scripts/v_next/train_v_next_mlp.py:133: PerformanceWarning: DataFrame is highly fragmented.  This is usually the result of calling `frame.insert` many times, which has poor performance.  Consider joining all columns at once using pd.concat(axis=1) instead. To get a de-fragmented frame, use `newframe = frame.copy()`
  out[f"feat_{i}"] = df[f"f{i}"]
/home/lilith/work/zen/zensim/scripts/v_next/train_v_next_mlp.py:133: PerformanceWarning: DataFrame is highly fragmented.  This is usually the result of calling `frame.insert` many times, which has poor performance.  Consider joining all columns at once using pd.concat(axis=1) instead. To get a de-fragmented frame, use `newframe = frame.copy()`
  out[f"feat_{i}"] = df[f"f{i}"]
/home/lilith/work/zen/zensim/scripts/v_next/train_v_next_mlp.py:133: PerformanceWarning: DataFrame is highly fragmented.  This is usually the result of calling `frame.insert` many times, which has poor performance.  Consider joining all columns at once using pd.concat(axis=1) instead. To get a de-fragmented frame, use `newframe = frame.copy()`
  out[f"feat_{i}"] = df[f"f{i}"]
/home/lilith/work/zen/zensim/scripts/v_next/train_v_next_mlp.py:133: PerformanceWarning: DataFrame is highly fragmented.  This is usually the result of calling `frame.insert` many times, which has poor performance.  Consider joining all columns at once using pd.concat(axis=1) instead. To get a de-fragmented frame, use `newframe = frame.copy()`
  out[f"feat_{i}"] = df[f"f{i}"]
/home/lilith/work/zen/zensim/scripts/v_next/train_v_next_mlp.py:133: PerformanceWarning: DataFrame is highly fragmented.  This is usually the result of calling `frame.insert` many times, which has poor performance.  Consider joining all columns at once using pd.concat(axis=1) instead. To get a de-fragmented frame, use `newframe = frame.copy()`
  out[f"feat_{i}"] = df[f"f{i}"]
/home/lilith/work/zen/zensim/scripts/v_next/train_v_next_mlp.py:133: PerformanceWarning: DataFrame is highly fragmented.  This is usually the result of calling `frame.insert` many times, which has poor performance.  Consider joining all columns at once using pd.concat(axis=1) instead. To get a de-fragmented frame, use `newframe = frame.copy()`
  out[f"feat_{i}"] = df[f"f{i}"]
/home/lilith/work/zen/zensim/scripts/v_next/train_v_next_mlp.py:133: PerformanceWarning: DataFrame is highly fragmented.  This is usually the result of calling `frame.insert` many times, which has poor performance.  Consider joining all columns at once using pd.concat(axis=1) instead. To get a de-fragmented frame, use `newframe = frame.copy()`
  out[f"feat_{i}"] = df[f"f{i}"]
/home/lilith/work/zen/zensim/scripts/v_next/train_v_next_mlp.py:133: PerformanceWarning: DataFrame is highly fragmented.  This is usually the result of calling `frame.insert` many times, which has poor performance.  Consider joining all columns at once using pd.concat(axis=1) instead. To get a de-fragmented frame, use `newframe = frame.copy()`
  out[f"feat_{i}"] = df[f"f{i}"]
/home/lilith/work/zen/zensim/scripts/v_next/train_v_next_mlp.py:133: PerformanceWarning: DataFrame is highly fragmented.  This is usually the result of calling `frame.insert` many times, which has poor performance.  Consider joining all columns at once using pd.concat(axis=1) instead. To get a de-fragmented frame, use `newframe = frame.copy()`
  out[f"feat_{i}"] = df[f"f{i}"]
/home/lilith/work/zen/zensim/scripts/v_next/train_v_next_mlp.py:133: PerformanceWarning: DataFrame is highly fragmented.  This is usually the result of calling `frame.insert` many times, which has poor performance.  Consider joining all columns at once using pd.concat(axis=1) instead. To get a de-fragmented frame, use `newframe = frame.copy()`
  out[f"feat_{i}"] = df[f"f{i}"]
/home/lilith/work/zen/zensim/scripts/v_next/train_v_next_mlp.py:133: PerformanceWarning: DataFrame is highly fragmented.  This is usually the result of calling `frame.insert` many times, which has poor performance.  Consider joining all columns at once using pd.concat(axis=1) instead. To get a de-fragmented frame, use `newframe = frame.copy()`
  out[f"feat_{i}"] = df[f"f{i}"]
/home/lilith/work/zen/zensim/scripts/v_next/train_v_next_mlp.py:133: PerformanceWarning: DataFrame is highly fragmented.  This is usually the result of calling `frame.insert` many times, which has poor performance.  Consider joining all columns at once using pd.concat(axis=1) instead. To get a de-fragmented frame, use `newframe = frame.copy()`
  out[f"feat_{i}"] = df[f"f{i}"]
/home/lilith/work/zen/zensim/scripts/v_next/train_v_next_mlp.py:133: PerformanceWarning: DataFrame is highly fragmented.  This is usually the result of calling `frame.insert` many times, which has poor performance.  Consider joining all columns at once using pd.concat(axis=1) instead. To get a de-fragmented frame, use `newframe = frame.copy()`
  out[f"feat_{i}"] = df[f"f{i}"]
/home/lilith/work/zen/zensim/scripts/v_next/train_v_next_mlp.py:133: PerformanceWarning: DataFrame is highly fragmented.  This is usually the result of calling `frame.insert` many times, which has poor performance.  Consider joining all columns at once using pd.concat(axis=1) instead. To get a de-fragmented frame, use `newframe = frame.copy()`
  out[f"feat_{i}"] = df[f"f{i}"]
/home/lilith/work/zen/zensim/scripts/v_next/train_v_next_mlp.py:133: PerformanceWarning: DataFrame is highly fragmented.  This is usually the result of calling `frame.insert` many times, which has poor performance.  Consider joining all columns at once using pd.concat(axis=1) instead. To get a de-fragmented frame, use `newframe = frame.copy()`
  out[f"feat_{i}"] = df[f"f{i}"]
/home/lilith/work/zen/zensim/scripts/v_next/train_v_next_mlp.py:133: PerformanceWarning: DataFrame is highly fragmented.  This is usually the result of calling `frame.insert` many times, which has poor performance.  Consider joining all columns at once using pd.concat(axis=1) instead. To get a de-fragmented frame, use `newframe = frame.copy()`
  out[f"feat_{i}"] = df[f"f{i}"]
/home/lilith/work/zen/zensim/scripts/v_next/train_v_next_mlp.py:133: PerformanceWarning: DataFrame is highly fragmented.  This is usually the result of calling `frame.insert` many times, which has poor performance.  Consider joining all columns at once using pd.concat(axis=1) instead. To get a de-fragmented frame, use `newframe = frame.copy()`
  out[f"feat_{i}"] = df[f"f{i}"]
/home/lilith/work/zen/zensim/scripts/v_next/train_v_next_mlp.py:133: PerformanceWarning: DataFrame is highly fragmented.  This is usually the result of calling `frame.insert` many times, which has poor performance.  Consider joining all columns at once using pd.concat(axis=1) instead. To get a de-fragmented frame, use `newframe = frame.copy()`
  out[f"feat_{i}"] = df[f"f{i}"]
/home/lilith/work/zen/zensim/scripts/v_next/train_v_next_mlp.py:133: PerformanceWarning: DataFrame is highly fragmented.  This is usually the result of calling `frame.insert` many times, which has poor performance.  Consider joining all columns at once using pd.concat(axis=1) instead. To get a de-fragmented frame, use `newframe = frame.copy()`
  out[f"feat_{i}"] = df[f"f{i}"]
/home/lilith/work/zen/zensim/scripts/v_next/train_v_next_mlp.py:133: PerformanceWarning: DataFrame is highly fragmented.  This is usually the result of calling `frame.insert` many times, which has poor performance.  Consider joining all columns at once using pd.concat(axis=1) instead. To get a de-fragmented frame, use `newframe = frame.copy()`
  out[f"feat_{i}"] = df[f"f{i}"]
/home/lilith/work/zen/zensim/scripts/v_next/train_v_next_mlp.py:133: PerformanceWarning: DataFrame is highly fragmented.  This is usually the result of calling `frame.insert` many times, which has poor performance.  Consider joining all columns at once using pd.concat(axis=1) instead. To get a de-fragmented frame, use `newframe = frame.copy()`
  out[f"feat_{i}"] = df[f"f{i}"]
/home/lilith/work/zen/zensim/scripts/v_next/train_v_next_mlp.py:133: PerformanceWarning: DataFrame is highly fragmented.  This is usually the result of calling `frame.insert` many times, which has poor performance.  Consider joining all columns at once using pd.concat(axis=1) instead. To get a de-fragmented frame, use `newframe = frame.copy()`
  out[f"feat_{i}"] = df[f"f{i}"]
/home/lilith/work/zen/zensim/scripts/v_next/train_v_next_mlp.py:133: PerformanceWarning: DataFrame is highly fragmented.  This is usually the result of calling `frame.insert` many times, which has poor performance.  Consider joining all columns at once using pd.concat(axis=1) instead. To get a de-fragmented frame, use `newframe = frame.copy()`
  out[f"feat_{i}"] = df[f"f{i}"]
/home/lilith/work/zen/zensim/scripts/v_next/train_v_next_mlp.py:133: PerformanceWarning: DataFrame is highly fragmented.  This is usually the result of calling `frame.insert` many times, which has poor performance.  Consider joining all columns at once using pd.concat(axis=1) instead. To get a de-fragmented frame, use `newframe = frame.copy()`
  out[f"feat_{i}"] = df[f"f{i}"]
/home/lilith/work/zen/zensim/scripts/v_next/train_v_next_mlp.py:133: PerformanceWarning: DataFrame is highly fragmented.  This is usually the result of calling `frame.insert` many times, which has poor performance.  Consider joining all columns at once using pd.concat(axis=1) instead. To get a de-fragmented frame, use `newframe = frame.copy()`
  out[f"feat_{i}"] = df[f"f{i}"]
/home/lilith/work/zen/zensim/scripts/v_next/train_v_next_mlp.py:133: PerformanceWarning: DataFrame is highly fragmented.  This is usually the result of calling `frame.insert` many times, which has poor performance.  Consider joining all columns at once using pd.concat(axis=1) instead. To get a de-fragmented frame, use `newframe = frame.copy()`
  out[f"feat_{i}"] = df[f"f{i}"]
/home/lilith/work/zen/zensim/scripts/v_next/train_v_next_mlp.py:133: PerformanceWarning: DataFrame is highly fragmented.  This is usually the result of calling `frame.insert` many times, which has poor performance.  Consider joining all columns at once using pd.concat(axis=1) instead. To get a de-fragmented frame, use `newframe = frame.copy()`
  out[f"feat_{i}"] = df[f"f{i}"]
/home/lilith/work/zen/zensim/scripts/v_next/train_v_next_mlp.py:133: PerformanceWarning: DataFrame is highly fragmented.  This is usually the result of calling `frame.insert` many times, which has poor performance.  Consider joining all columns at once using pd.concat(axis=1) instead. To get a de-fragmented frame, use `newframe = frame.copy()`
  out[f"feat_{i}"] = df[f"f{i}"]
/home/lilith/work/zen/zensim/scripts/v_next/train_v_next_mlp.py:133: PerformanceWarning: DataFrame is highly fragmented.  This is usually the result of calling `frame.insert` many times, which has poor performance.  Consider joining all columns at once using pd.concat(axis=1) instead. To get a de-fragmented frame, use `newframe = frame.copy()`
  out[f"feat_{i}"] = df[f"f{i}"]
/home/lilith/work/zen/zensim/scripts/v_next/train_v_next_mlp.py:133: PerformanceWarning: DataFrame is highly fragmented.  This is usually the result of calling `frame.insert` many times, which has poor performance.  Consider joining all columns at once using pd.concat(axis=1) instead. To get a de-fragmented frame, use `newframe = frame.copy()`
  out[f"feat_{i}"] = df[f"f{i}"]
/home/lilith/work/zen/zensim/scripts/v_next/train_v_next_mlp.py:149: PerformanceWarning: DataFrame is highly fragmented.  This is usually the result of calling `frame.insert` many times, which has poor performance.  Consider joining all columns at once using pd.concat(axis=1) instead. To get a de-fragmented frame, use `newframe = frame.copy()`
  out["is_val_only"] = out["image_basename"].isin(val_refs)
/home/lilith/work/zen/zensim/scripts/v_next/train_v_next_mlp.py:150: PerformanceWarning: DataFrame is highly fragmented.  This is usually the result of calling `frame.insert` many times, which has poor performance.  Consider joining all columns at once using pd.concat(axis=1) instead. To get a de-fragmented frame, use `newframe = frame.copy()`
  out["train_weight"] = np.where(out["is_val_only"], 0.0, train_weight)
/home/lilith/work/zen/zensim/scripts/v_next/train_v_next_mlp.py:151: PerformanceWarning: DataFrame is highly fragmented.  This is usually the result of calling `frame.insert` many times, which has poor performance.  Consider joining all columns at once using pd.concat(axis=1) instead. To get a de-fragmented frame, use `newframe = frame.copy()`
  out["dataset"] = dataset_name
/home/lilith/work/zen/zensim/scripts/v_next/train_v_next_mlp.py:152: PerformanceWarning: DataFrame is highly fragmented.  This is usually the result of calling `frame.insert` many times, which has poor performance.  Consider joining all columns at once using pd.concat(axis=1) instead. To get a de-fragmented frame, use `newframe = frame.copy()`
  out["target_human"] = score_100  # explicit copy for V0_6 ranknet groups
  3,000 rows, 25 unique refs (val=6 val_only refs); train_w=0.3, loaded in 0.2s
After human-MOS splice: 2,299,266 synthetic + 231,214 human = 2,530,480 total rows
Split: train=2,012,982 (79.5%) val=286,548 (11.3%) test=230,950 (9.1%)
Using 228 feature columns: feat_0..feat_227
Materializing feature matrix (this is the slow part — pandas → numpy on 2M+ rows × 228 cols)...
  done in 4.5s, X shape (2530480, 228)
Encoding RankNet groups (key=image)...
  4,639 unique groups (0.1s)
Config: TrainConfig(target='ssim2', loss='mse_rank', hidden=[192, 128], epochs=300, batch_size=2048, lr=0.003, weight_decay=1e-05, dropout=0.0, rank_weight=0.5, seed=0, tv_weight=10.0, lr_schedule='cosine', optimizer='adamw', init='kaiming', val_policy='mean', lr_cycle_period=50)
Train rows: 1,966,582  Val rows: 338,606  Test rows: 225,292
Standardized features: train mean abs=0.643, std=1.000
Building TV adjacency pairs from training rows...
  1,731,456 adjacent-q pairs (0.7s)
  TV regularizer: 1,731,456 adjacent-q pairs, weight=10.0
  epoch   0  train_loss=99.1972  val_mse=36.521  val_srocc=0.9735  val_krocc=0.8837  sel=0.8387  kadid=0.7302  safesyn=0.9955  synthetic=0.9705  tid=0.6588
  epoch   1  train_loss=9.9071  val_mse=27.357  val_srocc=0.9786  val_krocc=0.9002  sel=0.8756  kadid=0.8049  safesyn=0.9965  synthetic=0.9754  tid=0.7255
  epoch   2  train_loss=27.3446  val_mse=23.480  val_srocc=0.9786  val_krocc=0.8999  sel=0.8815  kadid=0.8174  safesyn=0.9971  synthetic=0.9753  tid=0.7363
  epoch   3  train_loss=7.6347  val_mse=21.675  val_srocc=0.9805  val_krocc=0.9046  sel=0.8814  kadid=0.8093  safesyn=0.9975  synthetic=0.9773  tid=0.7415
  epoch   4  train_loss=59.4014  val_mse=20.746  val_srocc=0.9814  val_krocc=0.9062  sel=0.8875  kadid=0.8346  safesyn=0.9974  synthetic=0.9781  tid=0.7400
  epoch   5  train_loss=7.9363  val_mse=20.000  val_srocc=0.9817  val_krocc=0.9078  sel=0.9011  kadid=0.8565  safesyn=0.9976  synthetic=0.9782  tid=0.7722
  epoch   6  train_loss=5.8405  val_mse=19.864  val_srocc=0.9818  val_krocc=0.9073  sel=0.8940  kadid=0.8451  safesyn=0.9977  synthetic=0.9781  tid=0.7550
  epoch   7  train_loss=9.6253  val_mse=23.514  val_srocc=0.9803  val_krocc=0.9045  sel=0.8973  kadid=0.8469  safesyn=0.9974  synthetic=0.9772  tid=0.7677
  epoch   8  train_loss=56.4138  val_mse=47.834  val_srocc=0.9711  val_krocc=0.8738  sel=0.8184  kadid=0.6972  safesyn=0.9939  synthetic=0.9666  tid=0.6159
  epoch   9  train_loss=110.6998  val_mse=22.432  val_srocc=0.9810  val_krocc=0.9053  sel=0.8742  kadid=0.8072  safesyn=0.9974  synthetic=0.9776  tid=0.7147
  epoch  10  train_loss=10.7006  val_mse=41.790  val_srocc=0.9765  val_krocc=0.8946  sel=0.8500  kadid=0.6649  safesyn=0.9951  synthetic=0.9748  tid=0.7653
  epoch  11  train_loss=11.4910  val_mse=31.158  val_srocc=0.9795  val_krocc=0.9032  sel=0.8790  kadid=0.8044  safesyn=0.9966  synthetic=0.9760  tid=0.7389
  epoch  12  train_loss=31.4531  val_mse=47.624  val_srocc=0.9782  val_krocc=0.8987  sel=0.8784  kadid=0.7785  safesyn=0.9953  synthetic=0.9754  tid=0.7646
  epoch  13  train_loss=63.9303  val_mse=26.264  val_srocc=0.9791  val_krocc=0.9001  sel=0.8784  kadid=0.8171  safesyn=0.9973  synthetic=0.9758  tid=0.7234
  epoch  14  train_loss=11.2597  val_mse=24.143  val_srocc=0.9805  val_krocc=0.9046  sel=0.8828  kadid=0.8120  safesyn=0.9972  synthetic=0.9774  tid=0.7444
  epoch  15  train_loss=51.1166  val_mse=32.742  val_srocc=0.9767  val_krocc=0.8949  sel=0.8517  kadid=0.7256  safesyn=0.9962  synthetic=0.9747  tid=0.7104
  epoch  16  train_loss=20.3238  val_mse=24.822  val_srocc=0.9803  val_krocc=0.9040  sel=0.8885  kadid=0.8332  safesyn=0.9974  synthetic=0.9770  tid=0.7466
  epoch  17  train_loss=11.3991  val_mse=31.058  val_srocc=0.9798  val_krocc=0.9036  sel=0.8706  kadid=0.7918  safesyn=0.9975  synthetic=0.9761  tid=0.7171
  epoch  18  train_loss=35.3645  val_mse=24.172  val_srocc=0.9802  val_krocc=0.9041  sel=0.8790  kadid=0.7896  safesyn=0.9974  synthetic=0.9769  tid=0.7521
  epoch  19  train_loss=12.8458  val_mse=25.575  val_srocc=0.9795  val_krocc=0.9030  sel=0.8919  kadid=0.8345  safesyn=0.9976  synthetic=0.9757  tid=0.7597
  epoch  20  train_loss=15.3485  val_mse=25.731  val_srocc=0.9791  val_krocc=0.9020  sel=0.8830  kadid=0.8066  safesyn=0.9971  synthetic=0.9759  tid=0.7523
  epoch  21  train_loss=6.0975  val_mse=22.241  val_srocc=0.9809  val_krocc=0.9072  sel=0.8969  kadid=0.8524  safesyn=0.9978  synthetic=0.9770  tid=0.7605
  epoch  22  train_loss=4.6252  val_mse=22.317  val_srocc=0.9806  val_krocc=0.9059  sel=0.8973  kadid=0.8572  safesyn=0.9980  synthetic=0.9762  tid=0.7578
  epoch  23  train_loss=4.5859  val_mse=22.178  val_srocc=0.9804  val_krocc=0.9066  sel=0.9039  kadid=0.8664  safesyn=0.9981  synthetic=0.9756  tid=0.7755
  epoch  24  train_loss=3.8646  val_mse=22.070  val_srocc=0.9803  val_krocc=0.9060  sel=0.9037  kadid=0.8712  safesyn=0.9982  synthetic=0.9755  tid=0.7702
  epoch  25  train_loss=3.6494  val_mse=21.448  val_srocc=0.9811  val_krocc=0.9081  sel=0.9098  kadid=0.8780  safesyn=0.9983  synthetic=0.9764  tid=0.7865
  epoch  26  train_loss=3.3707  val_mse=20.461  val_srocc=0.9818  val_krocc=0.9092  sel=0.9134  kadid=0.8844  safesyn=0.9983  synthetic=0.9774  tid=0.7937
  epoch  27  train_loss=3.3952  val_mse=20.342  val_srocc=0.9813  val_krocc=0.9087  sel=0.9098  kadid=0.8718  safesyn=0.9982  synthetic=0.9767  tid=0.7924
  epoch  28  train_loss=3.2485  val_mse=20.512  val_srocc=0.9815  val_krocc=0.9093  sel=0.9127  kadid=0.8784  safesyn=0.9983  synthetic=0.9768  tid=0.7974
  epoch  29  train_loss=3.7358  val_mse=20.425  val_srocc=0.9816  val_krocc=0.9094  sel=0.9015  kadid=0.8721  safesyn=0.9984  synthetic=0.9769  tid=0.7588
  epoch  30  train_loss=3.0494  val_mse=22.561  val_srocc=0.9809  val_krocc=0.9057  sel=0.9050  kadid=0.8455  safesyn=0.9974  synthetic=0.9765  tid=0.8006
  epoch  31  train_loss=7.5791  val_mse=20.942  val_srocc=0.9809  val_krocc=0.9086  sel=0.9072  kadid=0.8812  safesyn=0.9983  synthetic=0.9761  tid=0.7733
  epoch  32  train_loss=2.8683  val_mse=19.526  val_srocc=0.9821  val_krocc=0.9101  sel=0.9122  kadid=0.8851  safesyn=0.9984  synthetic=0.9776  tid=0.7878
  epoch  33  train_loss=3.9425  val_mse=20.055  val_srocc=0.9817  val_krocc=0.9101  sel=0.9157  kadid=0.8913  safesyn=0.9985  synthetic=0.9768  tid=0.7961
  epoch  34  train_loss=2.9002  val_mse=20.061  val_srocc=0.9817  val_krocc=0.9097  sel=0.9139  kadid=0.8927  safesyn=0.9985  synthetic=0.9769  tid=0.7874
  epoch  35  train_loss=7.4772  val_mse=21.431  val_srocc=0.9809  val_krocc=0.9061  sel=0.8917  kadid=0.8589  safesyn=0.9978  synthetic=0.9765  tid=0.7335
  epoch  36  train_loss=9.5241  val_mse=19.563  val_srocc=0.9825  val_krocc=0.9109  sel=0.9078  kadid=0.8797  safesyn=0.9983  synthetic=0.9783  tid=0.7748
  epoch  37  train_loss=2.7231  val_mse=20.223  val_srocc=0.9822  val_krocc=0.9101  sel=0.9075  kadid=0.8851  safesyn=0.9984  synthetic=0.9777  tid=0.7688
  epoch  38  train_loss=2.9377  val_mse=20.734  val_srocc=0.9823  val_krocc=0.9108  sel=0.9130  kadid=0.8957  safesyn=0.9985  synthetic=0.9777  tid=0.7803
  epoch  39  train_loss=2.7206  val_mse=20.215  val_srocc=0.9824  val_krocc=0.9112  sel=0.9117  kadid=0.8921  safesyn=0.9984  synthetic=0.9778  tid=0.7784
  epoch  40  train_loss=2.6521  val_mse=19.292  val_srocc=0.9825  val_krocc=0.9108  sel=0.9094  kadid=0.8936  safesyn=0.9984  synthetic=0.9779  tid=0.7676
  epoch  41  train_loss=2.8218  val_mse=19.708  val_srocc=0.9823  val_krocc=0.9112  sel=0.9171  kadid=0.8992  safesyn=0.9985  synthetic=0.9775  tid=0.7929
  epoch  42  train_loss=3.3400  val_mse=23.127  val_srocc=0.9819  val_krocc=0.9110  sel=0.9191  kadid=0.8987  safesyn=0.9983  synthetic=0.9775  tid=0.8020
  epoch  43  train_loss=8.4779  val_mse=21.802  val_srocc=0.9817  val_krocc=0.9097  sel=0.9122  kadid=0.8823  safesyn=0.9982  synthetic=0.9770  tid=0.7912
  epoch  44  train_loss=3.6099  val_mse=21.116  val_srocc=0.9817  val_krocc=0.9101  sel=0.9109  kadid=0.8827  safesyn=0.9981  synthetic=0.9771  tid=0.7858
  epoch  45  train_loss=15.7214  val_mse=23.187  val_srocc=0.9808  val_krocc=0.9078  sel=0.9000  kadid=0.8544  safesyn=0.9982  synthetic=0.9760  tid=0.7713
  epoch  46  train_loss=17.0413  val_mse=21.238  val_srocc=0.9817  val_krocc=0.9095  sel=0.9094  kadid=0.8793  safesyn=0.9982  synthetic=0.9771  tid=0.7831
  epoch  47  train_loss=11.7035  val_mse=21.028  val_srocc=0.9810  val_krocc=0.9085  sel=0.9093  kadid=0.8869  safesyn=0.9982  synthetic=0.9759  tid=0.7761
  epoch  48  train_loss=2.8493  val_mse=20.917  val_srocc=0.9812  val_krocc=0.9094  sel=0.9147  kadid=0.8954  safesyn=0.9985  synthetic=0.9761  tid=0.7888
  epoch  49  train_loss=6.0610  val_mse=21.136  val_srocc=0.9814  val_krocc=0.9098  sel=0.9150  kadid=0.8879  safesyn=0.9983  synthetic=0.9767  tid=0.7973
  epoch  50  train_loss=3.6135  val_mse=22.674  val_srocc=0.9812  val_krocc=0.9089  sel=0.9119  kadid=0.8776  safesyn=0.9980  synthetic=0.9767  tid=0.7953
  epoch  51  train_loss=8.3514  val_mse=21.541  val_srocc=0.9815  val_krocc=0.9100  sel=0.9154  kadid=0.8889  safesyn=0.9980  synthetic=0.9767  tid=0.7978
  epoch  52  train_loss=3.6302  val_mse=20.476  val_srocc=0.9817  val_krocc=0.9097  sel=0.9163  kadid=0.8938  safesyn=0.9985  synthetic=0.9768  tid=0.7962
  epoch  53  train_loss=2.4191  val_mse=20.672  val_srocc=0.9821  val_krocc=0.9111  sel=0.9152  kadid=0.8971  safesyn=0.9985  synthetic=0.9774  tid=0.7880
  epoch  54  train_loss=2.3369  val_mse=20.021  val_srocc=0.9819  val_krocc=0.9099  sel=0.9177  kadid=0.8950  safesyn=0.9985  synthetic=0.9770  tid=0.8003
  epoch  55  train_loss=2.2281  val_mse=21.063  val_srocc=0.9820  val_krocc=0.9115  sel=0.9174  kadid=0.8947  safesyn=0.9986  synthetic=0.9771  tid=0.7994
  epoch  56  train_loss=2.2106  val_mse=20.279  val_srocc=0.9827  val_krocc=0.9126  sel=0.9201  kadid=0.9028  safesyn=0.9986  synthetic=0.9779  tid=0.8011
  epoch  57  train_loss=2.2112  val_mse=20.830  val_srocc=0.9817  val_krocc=0.9107  sel=0.9175  kadid=0.9000  safesyn=0.9986  synthetic=0.9765  tid=0.7947
  epoch  58  train_loss=2.1344  val_mse=20.875  val_srocc=0.9820  val_krocc=0.9118  sel=0.9186  kadid=0.8975  safesyn=0.9986  synthetic=0.9770  tid=0.8012
  epoch  59  train_loss=2.0630  val_mse=20.367  val_srocc=0.9825  val_krocc=0.9129  sel=0.9160  kadid=0.9017  safesyn=0.9986  synthetic=0.9776  tid=0.7859
  epoch  60  train_loss=2.0211  val_mse=19.849  val_srocc=0.9826  val_krocc=0.9127  sel=0.9195  kadid=0.9012  safesyn=0.9986  synthetic=0.9778  tid=0.8005
  epoch  61  train_loss=2.0174  val_mse=20.984  val_srocc=0.9820  val_krocc=0.9118  sel=0.9164  kadid=0.8978  safesyn=0.9986  synthetic=0.9770  tid=0.7920
  epoch  62  train_loss=1.9729  val_mse=20.364  val_srocc=0.9826  val_krocc=0.9121  sel=0.9215  kadid=0.9074  safesyn=0.9987  synthetic=0.9776  tid=0.8023
  epoch  63  train_loss=1.9751  val_mse=20.259  val_srocc=0.9822  val_krocc=0.9118  sel=0.9232  kadid=0.9053  safesyn=0.9986  synthetic=0.9772  tid=0.8117
  epoch  64  train_loss=1.9618  val_mse=20.133  val_srocc=0.9826  val_krocc=0.9127  sel=0.9252  kadid=0.9101  safesyn=0.9987  synthetic=0.9776  tid=0.8146
  epoch  65  train_loss=2.7259  val_mse=19.751  val_srocc=0.9828  val_krocc=0.9133  sel=0.9184  kadid=0.9015  safesyn=0.9987  synthetic=0.9782  tid=0.7954
  epoch  66  train_loss=2.2319  val_mse=19.872  val_srocc=0.9831  val_krocc=0.9126  sel=0.9211  kadid=0.9065  safesyn=0.9987  synthetic=0.9784  tid=0.8008
  epoch  67  train_loss=2.2810  val_mse=19.323  val_srocc=0.9826  val_krocc=0.9118  sel=0.9155  kadid=0.9001  safesyn=0.9986  synthetic=0.9779  tid=0.7854
  epoch  68  train_loss=1.9818  val_mse=20.105  val_srocc=0.9825  val_krocc=0.9117  sel=0.9189  kadid=0.8977  safesyn=0.9984  synthetic=0.9776  tid=0.8017
  epoch  69  train_loss=5.5997  val_mse=25.547  val_srocc=0.9810  val_krocc=0.9070  sel=0.9055  kadid=0.8774  safesyn=0.9975  synthetic=0.9762  tid=0.7707
  epoch  70  train_loss=10.2554  val_mse=20.942  val_srocc=0.9819  val_krocc=0.9111  sel=0.9144  kadid=0.8914  safesyn=0.9985  synthetic=0.9769  tid=0.7906
  epoch  71  train_loss=5.2883  val_mse=21.625  val_srocc=0.9814  val_krocc=0.9104  sel=0.9213  kadid=0.8946  safesyn=0.9986  synthetic=0.9762  tid=0.8157
  epoch  72  train_loss=5.2393  val_mse=22.592  val_srocc=0.9817  val_krocc=0.9106  sel=0.9196  kadid=0.8963  safesyn=0.9986  synthetic=0.9766  tid=0.8069
  epoch  73  train_loss=3.1082  val_mse=22.166  val_srocc=0.9817  val_krocc=0.9108  sel=0.9158  kadid=0.8850  safesyn=0.9984  synthetic=0.9766  tid=0.8033
  epoch  74  train_loss=4.2796  val_mse=21.879  val_srocc=0.9815  val_krocc=0.9094  sel=0.9050  kadid=0.8575  safesyn=0.9982  synthetic=0.9770  tid=0.7873
  epoch  75  train_loss=3.3805  val_mse=22.428  val_srocc=0.9814  val_krocc=0.9102  sel=0.9189  kadid=0.8938  safesyn=0.9985  synthetic=0.9763  tid=0.8068
  epoch  76  train_loss=3.7118  val_mse=21.340  val_srocc=0.9819  val_krocc=0.9116  sel=0.8877  kadid=0.8458  safesyn=0.9984  synthetic=0.9779  tid=0.7287
  epoch  77  train_loss=4.8441  val_mse=23.293  val_srocc=0.9810  val_krocc=0.9101  sel=0.9020  kadid=0.8659  safesyn=0.9983  synthetic=0.9762  tid=0.7676
  epoch  78  train_loss=3.8036  val_mse=21.370  val_srocc=0.9819  val_krocc=0.9109  sel=0.9158  kadid=0.8899  safesyn=0.9986  synthetic=0.9771  tid=0.7976
  epoch  79  train_loss=12.5663  val_mse=22.055  val_srocc=0.9819  val_krocc=0.9105  sel=0.9054  kadid=0.8725  safesyn=0.9984  synthetic=0.9771  tid=0.7734
  epoch  80  train_loss=4.4515  val_mse=20.798  val_srocc=0.9818  val_krocc=0.9113  sel=0.9089  kadid=0.8712  safesyn=0.9986  synthetic=0.9770  tid=0.7890
  epoch  81  train_loss=3.5365  val_mse=20.937  val_srocc=0.9815  val_krocc=0.9100  sel=0.9168  kadid=0.8978  safesyn=0.9986  synthetic=0.9763  tid=0.7943
  epoch  82  train_loss=2.7631  val_mse=20.190  val_srocc=0.9824  val_krocc=0.9120  sel=0.9182  kadid=0.8972  safesyn=0.9985  synthetic=0.9775  tid=0.7994
  epoch  83  train_loss=3.4629  val_mse=20.688  val_srocc=0.9816  val_krocc=0.9097  sel=0.9063  kadid=0.8820  safesyn=0.9985  synthetic=0.9766  tid=0.7682
  epoch  84  train_loss=2.7999  val_mse=21.863  val_srocc=0.9817  val_krocc=0.9106  sel=0.9130  kadid=0.8951  safesyn=0.9986  synthetic=0.9765  tid=0.7816
  epoch  85  train_loss=3.5292  val_mse=19.829  val_srocc=0.9819  val_krocc=0.9114  sel=0.9166  kadid=0.8959  safesyn=0.9987  synthetic=0.9767  tid=0.7950
  epoch  86  train_loss=5.3274  val_mse=21.369  val_srocc=0.9810  val_krocc=0.9097  sel=0.9147  kadid=0.8899  safesyn=0.9986  synthetic=0.9757  tid=0.7946
  epoch  87  train_loss=2.4042  val_mse=21.134  val_srocc=0.9814  val_krocc=0.9097  sel=0.9228  kadid=0.9013  safesyn=0.9985  synthetic=0.9761  tid=0.8155
  epoch  88  train_loss=2.0424  val_mse=20.835  val_srocc=0.9819  val_krocc=0.9118  sel=0.9205  kadid=0.8985  safesyn=0.9985  synthetic=0.9767  tid=0.8084
  epoch  89  train_loss=2.6019  val_mse=21.362  val_srocc=0.9816  val_krocc=0.9107  sel=0.9183  kadid=0.9013  safesyn=0.9986  synthetic=0.9763  tid=0.7968
  epoch  90  train_loss=2.1104  val_mse=21.153  val_srocc=0.9820  val_krocc=0.9122  sel=0.9209  kadid=0.8997  safesyn=0.9987  synthetic=0.9769  tid=0.8084
  epoch  91  train_loss=2.0835  val_mse=21.825  val_srocc=0.9811  val_krocc=0.9103  sel=0.9199  kadid=0.9021  safesyn=0.9987  synthetic=0.9756  tid=0.8030
  epoch  92  train_loss=1.8715  val_mse=21.451  val_srocc=0.9814  val_krocc=0.9105  sel=0.9246  kadid=0.9056  safesyn=0.9987  synthetic=0.9761  tid=0.8180
  epoch  93  train_loss=2.7920  val_mse=21.571  val_srocc=0.9819  val_krocc=0.9120  sel=0.9239  kadid=0.9094  safesyn=0.9987  synthetic=0.9766  tid=0.8110
  epoch  94  train_loss=1.9276  val_mse=20.482  val_srocc=0.9815  val_krocc=0.9110  sel=0.9232  kadid=0.9080  safesyn=0.9987  synthetic=0.9761  tid=0.8100
  epoch  95  train_loss=1.8219  val_mse=21.710  val_srocc=0.9816  val_krocc=0.9105  sel=0.9226  kadid=0.8925  safesyn=0.9987  synthetic=0.9764  tid=0.8229
  epoch  96  train_loss=1.8559  val_mse=20.591  val_srocc=0.9820  val_krocc=0.9115  sel=0.9224  kadid=0.9002  safesyn=0.9987  synthetic=0.9767  tid=0.8139
  epoch  97  train_loss=1.9074  val_mse=20.509  val_srocc=0.9822  val_krocc=0.9131  sel=0.9206  kadid=0.9022  safesyn=0.9987  synthetic=0.9772  tid=0.8043
  epoch  98  train_loss=2.2868  val_mse=21.031  val_srocc=0.9819  val_krocc=0.9119  sel=0.9195  kadid=0.8993  safesyn=0.9986  synthetic=0.9767  tid=0.8034
  epoch  99  train_loss=1.8153  val_mse=21.274  val_srocc=0.9819  val_krocc=0.9126  sel=0.9256  kadid=0.9087  safesyn=0.9986  synthetic=0.9767  tid=0.8186
  epoch 100  train_loss=3.1635  val_mse=21.674  val_srocc=0.9815  val_krocc=0.9112  sel=0.9189  kadid=0.9013  safesyn=0.9986  synthetic=0.9763  tid=0.7995
  epoch 101  train_loss=2.0977  val_mse=21.156  val_srocc=0.9825  val_krocc=0.9134  sel=0.9214  kadid=0.9002  safesyn=0.9986  synthetic=0.9775  tid=0.8093
  epoch 102  train_loss=4.7557  val_mse=23.896  val_srocc=0.9806  val_krocc=0.9078  sel=0.9015  kadid=0.8661  safesyn=0.9981  synthetic=0.9755  tid=0.7663
  epoch 103  train_loss=2.5545  val_mse=21.316  val_srocc=0.9819  val_krocc=0.9127  sel=0.9199  kadid=0.9022  safesyn=0.9986  synthetic=0.9767  tid=0.8022
  epoch 104  train_loss=2.8868  val_mse=20.462  val_srocc=0.9823  val_krocc=0.9138  sel=0.9235  kadid=0.9036  safesyn=0.9985  synthetic=0.9773  tid=0.8145
  epoch 105  train_loss=2.6613  val_mse=20.471  val_srocc=0.9821  val_krocc=0.9129  sel=0.9159  kadid=0.8926  safesyn=0.9986  synthetic=0.9771  tid=0.7953
  epoch 106  train_loss=2.8291  val_mse=24.361  val_srocc=0.9811  val_krocc=0.9074  sel=0.9117  kadid=0.8734  safesyn=0.9982  synthetic=0.9761  tid=0.7989
  epoch 107  train_loss=5.2795  val_mse=22.187  val_srocc=0.9813  val_krocc=0.9119  sel=0.9191  kadid=0.8953  safesyn=0.9985  synthetic=0.9759  tid=0.8066
  epoch 108  train_loss=4.1055  val_mse=22.131  val_srocc=0.9816  val_krocc=0.9111  sel=0.9141  kadid=0.8820  safesyn=0.9985  synthetic=0.9765  tid=0.7993
  epoch 109  train_loss=2.7556  val_mse=21.517  val_srocc=0.9815  val_krocc=0.9113  sel=0.9190  kadid=0.8900  safesyn=0.9986  synthetic=0.9762  tid=0.8113
  epoch 110  train_loss=2.0712  val_mse=22.434  val_srocc=0.9816  val_krocc=0.9118  sel=0.9120  kadid=0.8911  safesyn=0.9986  synthetic=0.9764  tid=0.7820
  epoch 111  train_loss=1.9373  val_mse=21.256  val_srocc=0.9815  val_krocc=0.9120  sel=0.9213  kadid=0.9061  safesyn=0.9987  synthetic=0.9760  tid=0.8045
  epoch 112  train_loss=6.4645  val_mse=21.933  val_srocc=0.9811  val_krocc=0.9108  sel=0.9165  kadid=0.9028  safesyn=0.9987  synthetic=0.9756  tid=0.7891
  epoch 113  train_loss=2.3821  val_mse=25.276  val_srocc=0.9806  val_krocc=0.9086  sel=0.9172  kadid=0.8795  safesyn=0.9982  synthetic=0.9755  tid=0.8155
  epoch 114  train_loss=2.9379  val_mse=20.674  val_srocc=0.9818  val_krocc=0.9120  sel=0.9103  kadid=0.8987  safesyn=0.9986  synthetic=0.9767  tid=0.7672
  epoch 115  train_loss=1.9159  val_mse=20.815  val_srocc=0.9822  val_krocc=0.9128  sel=0.9184  kadid=0.9026  safesyn=0.9985  synthetic=0.9770  tid=0.7955
  epoch 116  train_loss=3.2202  val_mse=91.441  val_srocc=0.9817  val_krocc=0.9051  sel=0.9119  kadid=0.8836  safesyn=0.9975  synthetic=0.9777  tid=0.7886
  epoch 117  train_loss=3.9488  val_mse=20.915  val_srocc=0.9819  val_krocc=0.9128  sel=0.9157  kadid=0.8962  safesyn=0.9986  synthetic=0.9767  tid=0.7912
  epoch 118  train_loss=1.7773  val_mse=19.701  val_srocc=0.9821  val_krocc=0.9129  sel=0.9191  kadid=0.9028  safesyn=0.9986  synthetic=0.9769  tid=0.7983
  epoch 119  train_loss=3.5176  val_mse=20.869  val_srocc=0.9822  val_krocc=0.9140  sel=0.9191  kadid=0.8957  safesyn=0.9987  synthetic=0.9771  tid=0.8049
  epoch 120  train_loss=1.9153  val_mse=20.073  val_srocc=0.9825  val_krocc=0.9144  sel=0.9210  kadid=0.9037  safesyn=0.9988  synthetic=0.9775  tid=0.8039
  epoch 121  train_loss=2.0949  val_mse=22.102  val_srocc=0.9815  val_krocc=0.9120  sel=0.9115  kadid=0.8945  safesyn=0.9987  synthetic=0.9760  tid=0.7769
  epoch 122  train_loss=2.5421  val_mse=20.473  val_srocc=0.9820  val_krocc=0.9131  sel=0.9118  kadid=0.8634  safesyn=0.9986  synthetic=0.9771  tid=0.8081
  epoch 123  train_loss=1.8804  val_mse=20.361  val_srocc=0.9820  val_krocc=0.9131  sel=0.9231  kadid=0.9040  safesyn=0.9987  synthetic=0.9768  tid=0.8128
  epoch 124  train_loss=3.7038  val_mse=23.151  val_srocc=0.9812  val_krocc=0.9106  sel=0.9121  kadid=0.8869  safesyn=0.9986  synthetic=0.9759  tid=0.7870
  epoch 125  train_loss=1.8678  val_mse=21.104  val_srocc=0.9819  val_krocc=0.9128  sel=0.9166  kadid=0.9007  safesyn=0.9988  synthetic=0.9766  tid=0.7905
  epoch 126  train_loss=2.3786  val_mse=21.089  val_srocc=0.9821  val_krocc=0.9131  sel=0.9189  kadid=0.9035  safesyn=0.9987  synthetic=0.9768  tid=0.7967
  epoch 127  train_loss=2.2358  val_mse=20.949  val_srocc=0.9824  val_krocc=0.9135  sel=0.9143  kadid=0.8892  safesyn=0.9985  synthetic=0.9776  tid=0.7919
  epoch 128  train_loss=1.7975  val_mse=20.571  val_srocc=0.9820  val_krocc=0.9127  sel=0.9194  kadid=0.9029  safesyn=0.9987  synthetic=0.9766  tid=0.7994
  epoch 129  train_loss=1.6968  val_mse=20.750  val_srocc=0.9820  val_krocc=0.9134  sel=0.9219  kadid=0.9081  safesyn=0.9988  synthetic=0.9767  tid=0.8039
  epoch 130  train_loss=1.6816  val_mse=20.240  val_srocc=0.9820  val_krocc=0.9136  sel=0.9200  kadid=0.9071  safesyn=0.9988  synthetic=0.9768  tid=0.7974
  epoch 131  train_loss=1.6789  val_mse=19.965  val_srocc=0.9822  val_krocc=0.9137  sel=0.9240  kadid=0.9130  safesyn=0.9988  synthetic=0.9770  tid=0.8071
  epoch 132  train_loss=1.6050  val_mse=20.056  val_srocc=0.9826  val_krocc=0.9143  sel=0.9259  kadid=0.9107  safesyn=0.9988  synthetic=0.9775  tid=0.8164
  epoch 133  train_loss=1.5673  val_mse=20.628  val_srocc=0.9823  val_krocc=0.9131  sel=0.9218  kadid=0.9065  safesyn=0.9988  synthetic=0.9770  tid=0.8049
  epoch 134  train_loss=1.5750  val_mse=20.493  val_srocc=0.9823  val_krocc=0.9138  sel=0.9213  kadid=0.9090  safesyn=0.9988  synthetic=0.9771  tid=0.8005
  epoch 135  train_loss=1.5839  val_mse=21.285  val_srocc=0.9816  val_krocc=0.9124  sel=0.9245  kadid=0.9106  safesyn=0.9988  synthetic=0.9761  tid=0.8127
  epoch 136  train_loss=1.5880  val_mse=20.660  val_srocc=0.9818  val_krocc=0.9126  sel=0.9233  kadid=0.9115  safesyn=0.9988  synthetic=0.9763  tid=0.8068
  epoch 137  train_loss=1.5954  val_mse=21.407  val_srocc=0.9821  val_krocc=0.9135  sel=0.9217  kadid=0.9094  safesyn=0.9988  synthetic=0.9767  tid=0.8020
  epoch 138  train_loss=1.6448  val_mse=20.923  val_srocc=0.9821  val_krocc=0.9134  sel=0.9192  kadid=0.9042  safesyn=0.9988  synthetic=0.9769  tid=0.7971
  epoch 139  train_loss=1.6295  val_mse=21.533  val_srocc=0.9816  val_krocc=0.9121  sel=0.9252  kadid=0.9099  safesyn=0.9988  synthetic=0.9760  tid=0.8162
  epoch 140  train_loss=1.5321  val_mse=21.853  val_srocc=0.9815  val_krocc=0.9125  sel=0.9281  kadid=0.9158  safesyn=0.9988  synthetic=0.9758  tid=0.8218
  epoch 141  train_loss=1.5691  val_mse=22.143  val_srocc=0.9820  val_krocc=0.9132  sel=0.9245  kadid=0.9090  safesyn=0.9988  synthetic=0.9767  tid=0.8135
  epoch 142  train_loss=1.5080  val_mse=21.769  val_srocc=0.9819  val_krocc=0.9128  sel=0.9220  kadid=0.9055  safesyn=0.9988  synthetic=0.9764  tid=0.8072
  epoch 143  train_loss=1.5049  val_mse=20.518  val_srocc=0.9823  val_krocc=0.9137  sel=0.9271  kadid=0.9115  safesyn=0.9988  synthetic=0.9770  tid=0.8211
  epoch 144  train_loss=1.5013  val_mse=20.406  val_srocc=0.9821  val_krocc=0.9134  sel=0.9235  kadid=0.9109  safesyn=0.9988  synthetic=0.9766  tid=0.8079
  epoch 145  train_loss=1.5062  val_mse=19.857  val_srocc=0.9826  val_krocc=0.9138  sel=0.9288  kadid=0.9143  safesyn=0.9988  synthetic=0.9773  tid=0.8249
  epoch 146  train_loss=1.5283  val_mse=21.606  val_srocc=0.9821  val_krocc=0.9137  sel=0.9273  kadid=0.9127  safesyn=0.9988  synthetic=0.9766  tid=0.8213
  epoch 147  train_loss=1.4930  val_mse=20.914  val_srocc=0.9822  val_krocc=0.9135  sel=0.9257  kadid=0.9138  safesyn=0.9989  synthetic=0.9767  tid=0.8134
  epoch 148  train_loss=1.7585  val_mse=21.468  val_srocc=0.9820  val_krocc=0.9132  sel=0.9259  kadid=0.9144  safesyn=0.9988  synthetic=0.9766  tid=0.8140
  epoch 149  train_loss=1.4930  val_mse=21.621  val_srocc=0.9816  val_krocc=0.9122  sel=0.9258  kadid=0.9134  safesyn=0.9988  synthetic=0.9759  tid=0.8149
  epoch 150  train_loss=1.4682  val_mse=21.814  val_srocc=0.9818  val_krocc=0.9124  sel=0.9265  kadid=0.9127  safesyn=0.9988  synthetic=0.9762  tid=0.8183
  epoch 151  train_loss=1.4410  val_mse=19.546  val_srocc=0.9823  val_krocc=0.9132  sel=0.9242  kadid=0.9114  safesyn=0.9988  synthetic=0.9769  tid=0.8099
  epoch 152  train_loss=1.4471  val_mse=21.257  val_srocc=0.9819  val_krocc=0.9127  sel=0.9263  kadid=0.9130  safesyn=0.9988  synthetic=0.9763  tid=0.8171
  epoch 153  train_loss=1.4570  val_mse=20.623  val_srocc=0.9820  val_krocc=0.9133  sel=0.9234  kadid=0.9097  safesyn=0.9988  synthetic=0.9766  tid=0.8087
  epoch 154  train_loss=1.4503  val_mse=21.183  val_srocc=0.9817  val_krocc=0.9125  sel=0.9271  kadid=0.9152  safesyn=0.9988  synthetic=0.9761  tid=0.8184
  epoch 155  train_loss=1.4316  val_mse=20.849  val_srocc=0.9821  val_krocc=0.9128  sel=0.9253  kadid=0.9140  safesyn=0.9988  synthetic=0.9767  tid=0.8118
  epoch 156  train_loss=1.4400  val_mse=21.006  val_srocc=0.9820  val_krocc=0.9131  sel=0.9253  kadid=0.9149  safesyn=0.9988  synthetic=0.9764  tid=0.8109
  epoch 157  train_loss=1.4301  val_mse=20.838  val_srocc=0.9823  val_krocc=0.9142  sel=0.9212  kadid=0.9086  safesyn=0.9987  synthetic=0.9770  tid=0.8008
  epoch 158  train_loss=1.5309  val_mse=20.627  val_srocc=0.9821  val_krocc=0.9135  sel=0.9279  kadid=0.9161  safesyn=0.9988  synthetic=0.9767  tid=0.8200
  epoch 159  train_loss=1.4238  val_mse=20.950  val_srocc=0.9821  val_krocc=0.9137  sel=0.9248  kadid=0.9117  safesyn=0.9988  synthetic=0.9767  tid=0.8118
  epoch 160  train_loss=1.4141  val_mse=20.154  val_srocc=0.9827  val_krocc=0.9147  sel=0.9234  kadid=0.9130  safesyn=0.9988  synthetic=0.9774  tid=0.8042
  epoch 161  train_loss=1.4133  val_mse=20.616  val_srocc=0.9823  val_krocc=0.9136  sel=0.9263  kadid=0.9151  safesyn=0.9988  synthetic=0.9770  tid=0.8144
  epoch 162  train_loss=1.4003  val_mse=20.690  val_srocc=0.9823  val_krocc=0.9140  sel=0.9266  kadid=0.9136  safesyn=0.9988  synthetic=0.9770  tid=0.8170
  epoch 163  train_loss=1.4015  val_mse=20.739  val_srocc=0.9823  val_krocc=0.9135  sel=0.9279  kadid=0.9165  safesyn=0.9988  synthetic=0.9768  tid=0.8194
  epoch 164  train_loss=1.3977  val_mse=21.690  val_srocc=0.9818  val_krocc=0.9136  sel=0.9277  kadid=0.9154  safesyn=0.9988  synthetic=0.9763  tid=0.8204
  epoch 165  train_loss=1.3770  val_mse=21.451  val_srocc=0.9824  val_krocc=0.9138  sel=0.9276  kadid=0.9164  safesyn=0.9988  synthetic=0.9770  tid=0.8181
  epoch 166  train_loss=1.3927  val_mse=20.434  val_srocc=0.9824  val_krocc=0.9143  sel=0.9310  kadid=0.9193  safesyn=0.9988  synthetic=0.9770  tid=0.8289
  epoch 167  train_loss=1.3921  val_mse=21.641  val_srocc=0.9817  val_krocc=0.9129  sel=0.9231  kadid=0.9118  safesyn=0.9988  synthetic=0.9760  tid=0.8060
  epoch 168  train_loss=1.3681  val_mse=20.846  val_srocc=0.9823  val_krocc=0.9139  sel=0.9261  kadid=0.9151  safesyn=0.9987  synthetic=0.9769  tid=0.8135
  epoch 169  train_loss=1.3778  val_mse=20.466  val_srocc=0.9826  val_krocc=0.9144  sel=0.9272  kadid=0.9114  safesyn=0.9989  synthetic=0.9773  tid=0.8212
  epoch 170  train_loss=1.3832  val_mse=20.519  val_srocc=0.9825  val_krocc=0.9144  sel=0.9229  kadid=0.9074  safesyn=0.9987  synthetic=0.9774  tid=0.8081
  epoch 171  train_loss=1.3686  val_mse=21.326  val_srocc=0.9821  val_krocc=0.9135  sel=0.9273  kadid=0.9176  safesyn=0.9988  synthetic=0.9766  tid=0.8163
  epoch 172  train_loss=1.3689  val_mse=20.656  val_srocc=0.9825  val_krocc=0.9148  sel=0.9254  kadid=0.9096  safesyn=0.9987  synthetic=0.9773  tid=0.8161
  epoch 173  train_loss=1.3637  val_mse=20.294  val_srocc=0.9825  val_krocc=0.9144  sel=0.9303  kadid=0.9192  safesyn=0.9988  synthetic=0.9772  tid=0.8260
  epoch 174  train_loss=1.3524  val_mse=20.646  val_srocc=0.9826  val_krocc=0.9144  sel=0.9304  kadid=0.9189  safesyn=0.9988  synthetic=0.9773  tid=0.8268
  epoch 175  train_loss=1.3336  val_mse=20.709  val_srocc=0.9824  val_krocc=0.9139  sel=0.9288  kadid=0.9191  safesyn=0.9988  synthetic=0.9769  tid=0.8202
  epoch 176  train_loss=1.3492  val_mse=21.075  val_srocc=0.9822  val_krocc=0.9140  sel=0.9267  kadid=0.9180  safesyn=0.9988  synthetic=0.9767  tid=0.8133
  epoch 177  train_loss=1.3585  val_mse=21.623  val_srocc=0.9820  val_krocc=0.9135  sel=0.9295  kadid=0.9173  safesyn=0.9988  synthetic=0.9763  tid=0.8254
  epoch 178  train_loss=1.3352  val_mse=20.003  val_srocc=0.9824  val_krocc=0.9143  sel=0.9255  kadid=0.9153  safesyn=0.9988  synthetic=0.9771  tid=0.8110
  epoch 179  train_loss=1.3526  val_mse=21.833  val_srocc=0.9819  val_krocc=0.9132  sel=0.9247  kadid=0.9149  safesyn=0.9987  synthetic=0.9763  tid=0.8089
  epoch 180  train_loss=1.3470  val_mse=20.966  val_srocc=0.9822  val_krocc=0.9139  sel=0.9265  kadid=0.9077  safesyn=0.9988  synthetic=0.9768  tid=0.8227
  epoch 181  train_loss=1.3305  val_mse=21.052  val_srocc=0.9823  val_krocc=0.9141  sel=0.9277  kadid=0.9159  safesyn=0.9988  synthetic=0.9768  tid=0.8194
  epoch 182  train_loss=1.3220  val_mse=21.854  val_srocc=0.9818  val_krocc=0.9131  sel=0.9267  kadid=0.9158  safesyn=0.9988  synthetic=0.9762  tid=0.8159
  epoch 183  train_loss=1.3103  val_mse=20.916  val_srocc=0.9823  val_krocc=0.9141  sel=0.9270  kadid=0.9165  safesyn=0.9988  synthetic=0.9769  tid=0.8159
  epoch 184  train_loss=1.3214  val_mse=21.003  val_srocc=0.9820  val_krocc=0.9136  sel=0.9258  kadid=0.9147  safesyn=0.9988  synthetic=0.9765  tid=0.8134
  epoch 185  train_loss=1.3208  val_mse=20.852  val_srocc=0.9821  val_krocc=0.9132  sel=0.9282  kadid=0.9180  safesyn=0.9988  synthetic=0.9765  tid=0.8196
  epoch 186  train_loss=1.3287  val_mse=20.810  val_srocc=0.9822  val_krocc=0.9134  sel=0.9279  kadid=0.9179  safesyn=0.9987  synthetic=0.9766  tid=0.8185
  epoch 187  train_loss=1.6277  val_mse=21.293  val_srocc=0.9820  val_krocc=0.9129  sel=0.9269  kadid=0.9167  safesyn=0.9987  synthetic=0.9764  tid=0.8158
  epoch 188  train_loss=1.4860  val_mse=21.097  val_srocc=0.9821  val_krocc=0.9135  sel=0.9291  kadid=0.9176  safesyn=0.9988  synthetic=0.9766  tid=0.8233
  epoch 189  train_loss=1.3312  val_mse=20.911  val_srocc=0.9822  val_krocc=0.9139  sel=0.9311  kadid=0.9202  safesyn=0.9988  synthetic=0.9768  tid=0.8286
  epoch 190  train_loss=1.2970  val_mse=21.530  val_srocc=0.9820  val_krocc=0.9132  sel=0.9277  kadid=0.9171  safesyn=0.9988  synthetic=0.9764  tid=0.8183
  epoch 191  train_loss=1.2824  val_mse=20.815  val_srocc=0.9825  val_krocc=0.9142  sel=0.9282  kadid=0.9172  safesyn=0.9988  synthetic=0.9771  tid=0.8198
  epoch 192  train_loss=1.2980  val_mse=20.688  val_srocc=0.9823  val_krocc=0.9139  sel=0.9280  kadid=0.9191  safesyn=0.9988  synthetic=0.9768  tid=0.8174
  epoch 193  train_loss=1.2912  val_mse=20.227  val_srocc=0.9823  val_krocc=0.9137  sel=0.9305  kadid=0.9207  safesyn=0.9988  synthetic=0.9768  tid=0.8257
  epoch 194  train_loss=1.2708  val_mse=19.953  val_srocc=0.9825  val_krocc=0.9141  sel=0.9286  kadid=0.9195  safesyn=0.9988  synthetic=0.9771  tid=0.8190
  epoch 195  train_loss=1.2766  val_mse=20.418  val_srocc=0.9824  val_krocc=0.9140  sel=0.9298  kadid=0.9206  safesyn=0.9987  synthetic=0.9769  tid=0.8227
  epoch 196  train_loss=1.2832  val_mse=20.986  val_srocc=0.9822  val_krocc=0.9138  sel=0.9278  kadid=0.9187  safesyn=0.9988  synthetic=0.9765  tid=0.8170
  epoch 197  train_loss=1.2631  val_mse=20.358  val_srocc=0.9825  val_krocc=0.9142  sel=0.9309  kadid=0.9204  safesyn=0.9988  synthetic=0.9770  tid=0.8273
  epoch 198  train_loss=1.2760  val_mse=20.790  val_srocc=0.9821  val_krocc=0.9131  sel=0.9265  kadid=0.9190  safesyn=0.9987  synthetic=0.9764  tid=0.8117
  epoch 199  train_loss=1.2783  val_mse=21.397  val_srocc=0.9823  val_krocc=0.9137  sel=0.9289  kadid=0.9202  safesyn=0.9988  synthetic=0.9766  tid=0.8200
  epoch 200  train_loss=1.2609  val_mse=21.442  val_srocc=0.9822  val_krocc=0.9135  sel=0.9296  kadid=0.9214  safesyn=0.9988  synthetic=0.9765  tid=0.8215
  epoch 201  train_loss=1.2767  val_mse=20.972  val_srocc=0.9824  val_krocc=0.9143  sel=0.9299  kadid=0.9212  safesyn=0.9988  synthetic=0.9768  tid=0.8226
  epoch 202  train_loss=1.2674  val_mse=20.787  val_srocc=0.9823  val_krocc=0.9140  sel=0.9277  kadid=0.9210  safesyn=0.9988  synthetic=0.9766  tid=0.8146
  epoch 203  train_loss=1.2657  val_mse=20.665  val_srocc=0.9824  val_krocc=0.9139  sel=0.9289  kadid=0.9224  safesyn=0.9988  synthetic=0.9768  tid=0.8175
  epoch 204  train_loss=1.2575  val_mse=21.132  val_srocc=0.9822  val_krocc=0.9138  sel=0.9286  kadid=0.9208  safesyn=0.9988  synthetic=0.9765  tid=0.8183
  epoch 205  train_loss=1.2635  val_mse=21.466  val_srocc=0.9821  val_krocc=0.9135  sel=0.9295  kadid=0.9225  safesyn=0.9988  synthetic=0.9763  tid=0.8205
  epoch 206  train_loss=1.2502  val_mse=21.117  val_srocc=0.9823  val_krocc=0.9140  sel=0.9320  kadid=0.9240  safesyn=0.9988  synthetic=0.9766  tid=0.8287
  epoch 207  train_loss=1.2436  val_mse=21.112  val_srocc=0.9822  val_krocc=0.9138  sel=0.9308  kadid=0.9225  safesyn=0.9987  synthetic=0.9765  tid=0.8256
  epoch 208  train_loss=1.2370  val_mse=21.482  val_srocc=0.9820  val_krocc=0.9127  sel=0.9296  kadid=0.9217  safesyn=0.9988  synthetic=0.9762  tid=0.8217
  epoch 209  train_loss=1.2418  val_mse=20.971  val_srocc=0.9821  val_krocc=0.9131  sel=0.9291  kadid=0.9204  safesyn=0.9987  synthetic=0.9763  tid=0.8212
  epoch 210  train_loss=1.2468  val_mse=21.271  val_srocc=0.9821  val_krocc=0.9133  sel=0.9289  kadid=0.9234  safesyn=0.9988  synthetic=0.9763  tid=0.8173
  epoch 211  train_loss=1.2250  val_mse=21.294  val_srocc=0.9823  val_krocc=0.9137  sel=0.9300  kadid=0.9237  safesyn=0.9988  synthetic=0.9766  tid=0.8211
  epoch 212  train_loss=1.2371  val_mse=21.441  val_srocc=0.9820  val_krocc=0.9134  sel=0.9296  kadid=0.9215  safesyn=0.9988  synthetic=0.9761  tid=0.8222
  epoch 213  train_loss=1.2413  val_mse=21.481  val_srocc=0.9821  val_krocc=0.9135  sel=0.9293  kadid=0.9223  safesyn=0.9987  synthetic=0.9763  tid=0.8200
  epoch 214  train_loss=1.2380  val_mse=21.528  val_srocc=0.9820  val_krocc=0.9133  sel=0.9289  kadid=0.9212  safesyn=0.9986  synthetic=0.9762  tid=0.8197
  epoch 215  train_loss=1.2371  val_mse=21.354  val_srocc=0.9821  val_krocc=0.9136  sel=0.9303  kadid=0.9212  safesyn=0.9987  synthetic=0.9765  tid=0.8248
  epoch 216  train_loss=1.2292  val_mse=21.119  val_srocc=0.9822  val_krocc=0.9137  sel=0.9289  kadid=0.9199  safesyn=0.9987  synthetic=0.9766  tid=0.8204
  epoch 217  train_loss=1.2197  val_mse=21.099  val_srocc=0.9820  val_krocc=0.9135  sel=0.9279  kadid=0.9197  safesyn=0.9986  synthetic=0.9763  tid=0.8171
  epoch 218  train_loss=1.2188  val_mse=22.039  val_srocc=0.9816  val_krocc=0.9124  sel=0.9275  kadid=0.9211  safesyn=0.9987  synthetic=0.9756  tid=0.8146
  epoch 219  train_loss=1.2124  val_mse=21.063  val_srocc=0.9819  val_krocc=0.9131  sel=0.9301  kadid=0.9232  safesyn=0.9987  synthetic=0.9761  tid=0.8224
  epoch 220  train_loss=1.2069  val_mse=21.706  val_srocc=0.9819  val_krocc=0.9133  sel=0.9278  kadid=0.9194  safesyn=0.9988  synthetic=0.9761  tid=0.8171
  epoch 221  train_loss=1.2114  val_mse=20.894  val_srocc=0.9822  val_krocc=0.9136  sel=0.9287  kadid=0.9212  safesyn=0.9988  synthetic=0.9765  tid=0.8182
  epoch 222  train_loss=1.2282  val_mse=21.332  val_srocc=0.9821  val_krocc=0.9135  sel=0.9269  kadid=0.9196  safesyn=0.9987  synthetic=0.9763  tid=0.8129
  epoch 223  train_loss=1.2086  val_mse=21.122  val_srocc=0.9823  val_krocc=0.9138  sel=0.9294  kadid=0.9218  safesyn=0.9988  synthetic=0.9765  tid=0.8206
  epoch 224  train_loss=1.1930  val_mse=21.255  val_srocc=0.9820  val_krocc=0.9133  sel=0.9270  kadid=0.9209  safesyn=0.9987  synthetic=0.9761  tid=0.8124
  epoch 225  train_loss=1.2070  val_mse=21.657  val_srocc=0.9819  val_krocc=0.9132  sel=0.9283  kadid=0.9203  safesyn=0.9987  synthetic=0.9760  tid=0.8182
  epoch 226  train_loss=1.1976  val_mse=21.846  val_srocc=0.9817  val_krocc=0.9128  sel=0.9264  kadid=0.9184  safesyn=0.9987  synthetic=0.9758  tid=0.8128
  epoch 227  train_loss=1.1946  val_mse=21.021  val_srocc=0.9823  val_krocc=0.9135  sel=0.9293  kadid=0.9209  safesyn=0.9988  synthetic=0.9765  tid=0.8209
  epoch 228  train_loss=1.2055  val_mse=21.292  val_srocc=0.9820  val_krocc=0.9132  sel=0.9289  kadid=0.9203  safesyn=0.9987  synthetic=0.9763  tid=0.8202
  epoch 229  train_loss=1.1882  val_mse=21.037  val_srocc=0.9822  val_krocc=0.9135  sel=0.9279  kadid=0.9205  safesyn=0.9987  synthetic=0.9765  tid=0.8158
  epoch 230  train_loss=1.1985  val_mse=21.383  val_srocc=0.9819  val_krocc=0.9129  sel=0.9283  kadid=0.9203  safesyn=0.9988  synthetic=0.9760  tid=0.8182
  epoch 231  train_loss=1.1899  val_mse=21.120  val_srocc=0.9819  val_krocc=0.9132  sel=0.9278  kadid=0.9190  safesyn=0.9987  synthetic=0.9761  tid=0.8173
  epoch 232  train_loss=1.1914  val_mse=21.298  val_srocc=0.9819  val_krocc=0.9130  sel=0.9288  kadid=0.9210  safesyn=0.9987  synthetic=0.9761  tid=0.8193
  epoch 233  train_loss=1.1762  val_mse=21.611  val_srocc=0.9817  val_krocc=0.9126  sel=0.9283  kadid=0.9215  safesyn=0.9987  synthetic=0.9758  tid=0.8171
  epoch 234  train_loss=1.1842  val_mse=21.377  val_srocc=0.9819  val_krocc=0.9131  sel=0.9275  kadid=0.9194  safesyn=0.9987  synthetic=0.9761  tid=0.8159
  epoch 235  train_loss=1.1894  val_mse=21.257  val_srocc=0.9821  val_krocc=0.9134  sel=0.9287  kadid=0.9213  safesyn=0.9988  synthetic=0.9762  tid=0.8186
  epoch 236  train_loss=1.1895  val_mse=21.137  val_srocc=0.9821  val_krocc=0.9133  sel=0.9276  kadid=0.9195  safesyn=0.9987  synthetic=0.9763  tid=0.8159
  epoch 237  train_loss=1.2043  val_mse=21.421  val_srocc=0.9819  val_krocc=0.9128  sel=0.9288  kadid=0.9214  safesyn=0.9988  synthetic=0.9760  tid=0.8188
  epoch 238  train_loss=1.1739  val_mse=21.917  val_srocc=0.9820  val_krocc=0.9133  sel=0.9286  kadid=0.9210  safesyn=0.9987  synthetic=0.9761  tid=0.8187
  epoch 239  train_loss=1.1757  val_mse=21.500  val_srocc=0.9819  val_krocc=0.9131  sel=0.9281  kadid=0.9209  safesyn=0.9987  synthetic=0.9761  tid=0.8166
  epoch 240  train_loss=1.1847  val_mse=21.544  val_srocc=0.9820  val_krocc=0.9133  sel=0.9282  kadid=0.9207  safesyn=0.9987  synthetic=0.9761  tid=0.8171
  epoch 241  train_loss=1.1793  val_mse=21.761  val_srocc=0.9819  val_krocc=0.9133  sel=0.9280  kadid=0.9196  safesyn=0.9987  synthetic=0.9761  tid=0.8176
  epoch 242  train_loss=1.1622  val_mse=21.208  val_srocc=0.9821  val_krocc=0.9131  sel=0.9278  kadid=0.9198  safesyn=0.9987  synthetic=0.9763  tid=0.8163
  epoch 243  train_loss=1.1605  val_mse=21.417  val_srocc=0.9819  val_krocc=0.9133  sel=0.9275  kadid=0.9208  safesyn=0.9988  synthetic=0.9761  tid=0.8143
  epoch 244  train_loss=1.1791  val_mse=21.407  val_srocc=0.9820  val_krocc=0.9132  sel=0.9281  kadid=0.9207  safesyn=0.9987  synthetic=0.9762  tid=0.8169
  epoch 245  train_loss=1.1786  val_mse=21.267  val_srocc=0.9819  val_krocc=0.9132  sel=0.9292  kadid=0.9217  safesyn=0.9988  synthetic=0.9761  tid=0.8201
  epoch 246  train_loss=1.1819  val_mse=21.348  val_srocc=0.9820  val_krocc=0.9134  sel=0.9271  kadid=0.9197  safesyn=0.9987  synthetic=0.9762  tid=0.8138
  epoch 247  train_loss=1.1685  val_mse=21.015  val_srocc=0.9821  val_krocc=0.9133  sel=0.9282  kadid=0.9202  safesyn=0.9987  synthetic=0.9763  tid=0.8175
  epoch 248  train_loss=1.1710  val_mse=21.539  val_srocc=0.9820  val_krocc=0.9135  sel=0.9274  kadid=0.9199  safesyn=0.9987  synthetic=0.9762  tid=0.8147
  epoch 249  train_loss=1.1592  val_mse=21.469  val_srocc=0.9821  val_krocc=0.9135  sel=0.9286  kadid=0.9210  safesyn=0.9987  synthetic=0.9763  tid=0.8182
  epoch 250  train_loss=1.1725  val_mse=21.199  val_srocc=0.9820  val_krocc=0.9133  sel=0.9276  kadid=0.9201  safesyn=0.9987  synthetic=0.9762  tid=0.8152
  epoch 251  train_loss=1.1595  val_mse=21.378  val_srocc=0.9819  val_krocc=0.9130  sel=0.9276  kadid=0.9197  safesyn=0.9987  synthetic=0.9761  tid=0.8160
  epoch 252  train_loss=1.1603  val_mse=21.349  val_srocc=0.9820  val_krocc=0.9130  sel=0.9280  kadid=0.9196  safesyn=0.9988  synthetic=0.9761  tid=0.8174
  epoch 253  train_loss=1.1782  val_mse=21.168  val_srocc=0.9819  val_krocc=0.9131  sel=0.9258  kadid=0.9193  safesyn=0.9987  synthetic=0.9760  tid=0.8090
  epoch 254  train_loss=1.1462  val_mse=21.214  val_srocc=0.9820  val_krocc=0.9134  sel=0.9275  kadid=0.9195  safesyn=0.9987  synthetic=0.9762  tid=0.8156
  epoch 255  train_loss=1.1552  val_mse=21.312  val_srocc=0.9818  val_krocc=0.9129  sel=0.9280  kadid=0.9201  safesyn=0.9987  synthetic=0.9759  tid=0.8174
  epoch 256  train_loss=1.1504  val_mse=21.080  val_srocc=0.9821  val_krocc=0.9135  sel=0.9279  kadid=0.9200  safesyn=0.9988  synthetic=0.9763  tid=0.8165
  epoch 257  train_loss=1.1516  val_mse=21.538  val_srocc=0.9819  val_krocc=0.9132  sel=0.9280  kadid=0.9207  safesyn=0.9987  synthetic=0.9760  tid=0.8167
  epoch 258  train_loss=1.1446  val_mse=21.435  val_srocc=0.9819  val_krocc=0.9131  sel=0.9277  kadid=0.9207  safesyn=0.9987  synthetic=0.9760  tid=0.8154
  epoch 259  train_loss=1.1668  val_mse=21.596  val_srocc=0.9818  val_krocc=0.9129  sel=0.9275  kadid=0.9191  safesyn=0.9987  synthetic=0.9759  tid=0.8163
  epoch 260  train_loss=1.1664  val_mse=21.527  val_srocc=0.9818  val_krocc=0.9130  sel=0.9277  kadid=0.9204  safesyn=0.9987  synthetic=0.9759  tid=0.8158
  epoch 261  train_loss=1.1559  val_mse=21.424  val_srocc=0.9819  val_krocc=0.9132  sel=0.9280  kadid=0.9206  safesyn=0.9988  synthetic=0.9761  tid=0.8166
  epoch 262  train_loss=1.1552  val_mse=21.395  val_srocc=0.9819  val_krocc=0.9131  sel=0.9278  kadid=0.9202  safesyn=0.9988  synthetic=0.9760  tid=0.8163
  epoch 263  train_loss=1.1403  val_mse=21.435  val_srocc=0.9819  val_krocc=0.9132  sel=0.9279  kadid=0.9204  safesyn=0.9987  synthetic=0.9761  tid=0.8162
  epoch 264  train_loss=1.1539  val_mse=21.224  val_srocc=0.9819  val_krocc=0.9131  sel=0.9273  kadid=0.9194  safesyn=0.9987  synthetic=0.9761  tid=0.8149
  epoch 265  train_loss=1.1500  val_mse=21.487  val_srocc=0.9818  val_krocc=0.9129  sel=0.9275  kadid=0.9195  safesyn=0.9987  synthetic=0.9760  tid=0.8156
  epoch 266  train_loss=1.1496  val_mse=21.384  val_srocc=0.9818  val_krocc=0.9129  sel=0.9271  kadid=0.9199  safesyn=0.9987  synthetic=0.9759  tid=0.8136
  epoch 267  train_loss=1.1477  val_mse=21.438  val_srocc=0.9819  val_krocc=0.9130  sel=0.9272  kadid=0.9198  safesyn=0.9987  synthetic=0.9761  tid=0.8140
  epoch 268  train_loss=1.1504  val_mse=21.422  val_srocc=0.9818  val_krocc=0.9130  sel=0.9270  kadid=0.9197  safesyn=0.9988  synthetic=0.9760  tid=0.8137
  epoch 269  train_loss=1.1523  val_mse=21.753  val_srocc=0.9818  val_krocc=0.9130  sel=0.9279  kadid=0.9202  safesyn=0.9988  synthetic=0.9760  tid=0.8166
  epoch 270  train_loss=1.1342  val_mse=21.398  val_srocc=0.9819  val_krocc=0.9132  sel=0.9268  kadid=0.9194  safesyn=0.9987  synthetic=0.9761  tid=0.8131
  epoch 271  train_loss=1.1383  val_mse=21.392  val_srocc=0.9820  val_krocc=0.9131  sel=0.9281  kadid=0.9201  safesyn=0.9988  synthetic=0.9761  tid=0.8173
  epoch 272  train_loss=1.1404  val_mse=21.426  val_srocc=0.9819  val_krocc=0.9131  sel=0.9277  kadid=0.9202  safesyn=0.9988  synthetic=0.9760  tid=0.8157
  epoch 273  train_loss=1.1480  val_mse=21.412  val_srocc=0.9818  val_krocc=0.9130  sel=0.9278  kadid=0.9203  safesyn=0.9987  synthetic=0.9760  tid=0.8161
  epoch 274  train_loss=1.1500  val_mse=21.531  val_srocc=0.9818  val_krocc=0.9130  sel=0.9266  kadid=0.9193  safesyn=0.9987  synthetic=0.9760  tid=0.8126
  epoch 275  train_loss=1.1221  val_mse=21.323  val_srocc=0.9819  val_krocc=0.9130  sel=0.9269  kadid=0.9188  safesyn=0.9987  synthetic=0.9760  tid=0.8142
  epoch 276  train_loss=1.1480  val_mse=21.426  val_srocc=0.9818  val_krocc=0.9129  sel=0.9269  kadid=0.9200  safesyn=0.9987  synthetic=0.9759  tid=0.8129
  epoch 277  train_loss=1.1239  val_mse=21.507  val_srocc=0.9819  val_krocc=0.9130  sel=0.9273  kadid=0.9197  safesyn=0.9987  synthetic=0.9760  tid=0.8147
  epoch 278  train_loss=1.1223  val_mse=21.591  val_srocc=0.9818  val_krocc=0.9130  sel=0.9270  kadid=0.9195  safesyn=0.9987  synthetic=0.9760  tid=0.8140
  epoch 279  train_loss=1.1607  val_mse=21.414  val_srocc=0.9819  val_krocc=0.9131  sel=0.9274  kadid=0.9199  safesyn=0.9987  synthetic=0.9760  tid=0.8149
  epoch 280  train_loss=1.1450  val_mse=21.408  val_srocc=0.9819  val_krocc=0.9131  sel=0.9275  kadid=0.9198  safesyn=0.9987  synthetic=0.9760  tid=0.8154
  epoch 281  train_loss=1.1366  val_mse=21.505  val_srocc=0.9819  val_krocc=0.9131  sel=0.9275  kadid=0.9201  safesyn=0.9987  synthetic=0.9760  tid=0.8151
  epoch 282  train_loss=1.1457  val_mse=21.508  val_srocc=0.9818  val_krocc=0.9130  sel=0.9275  kadid=0.9201  safesyn=0.9987  synthetic=0.9759  tid=0.8151
  epoch 283  train_loss=1.1404  val_mse=21.378  val_srocc=0.9819  val_krocc=0.9130  sel=0.9273  kadid=0.9198  safesyn=0.9988  synthetic=0.9760  tid=0.8147
  epoch 284  train_loss=1.1403  val_mse=21.529  val_srocc=0.9819  val_krocc=0.9130  sel=0.9270  kadid=0.9196  safesyn=0.9987  synthetic=0.9760  tid=0.8137
  epoch 285  train_loss=1.1383  val_mse=21.432  val_srocc=0.9818  val_krocc=0.9130  sel=0.9270  kadid=0.9197  safesyn=0.9987  synthetic=0.9760  tid=0.8135
  epoch 286  train_loss=1.1541  val_mse=21.419  val_srocc=0.9819  val_krocc=0.9130  sel=0.9267  kadid=0.9192  safesyn=0.9987  synthetic=0.9760  tid=0.8127
  epoch 287  train_loss=1.1290  val_mse=21.639  val_srocc=0.9818  val_krocc=0.9130  sel=0.9269  kadid=0.9195  safesyn=0.9987  synthetic=0.9760  tid=0.8135
  epoch 288  train_loss=1.1245  val_mse=21.472  val_srocc=0.9819  val_krocc=0.9131  sel=0.9269  kadid=0.9193  safesyn=0.9987  synthetic=0.9760  tid=0.8134
  epoch 289  train_loss=1.1373  val_mse=21.612  val_srocc=0.9818  val_krocc=0.9129  sel=0.9268  kadid=0.9194  safesyn=0.9987  synthetic=0.9759  tid=0.8131
  epoch 290  train_loss=1.1294  val_mse=21.402  val_srocc=0.9819  val_krocc=0.9132  sel=0.9270  kadid=0.9196  safesyn=0.9987  synthetic=0.9761  tid=0.8137
  epoch 291  train_loss=1.1481  val_mse=21.516  val_srocc=0.9818  val_krocc=0.9130  sel=0.9269  kadid=0.9196  safesyn=0.9987  synthetic=0.9759  tid=0.8135
  epoch 292  train_loss=1.1403  val_mse=21.540  val_srocc=0.9818  val_krocc=0.9130  sel=0.9270  kadid=0.9194  safesyn=0.9987  synthetic=0.9759  tid=0.8139
  epoch 293  train_loss=1.1284  val_mse=21.474  val_srocc=0.9819  val_krocc=0.9130  sel=0.9269  kadid=0.9197  safesyn=0.9987  synthetic=0.9760  tid=0.8132
  epoch 294  train_loss=1.1582  val_mse=21.528  val_srocc=0.9818  val_krocc=0.9129  sel=0.9273  kadid=0.9198  safesyn=0.9987  synthetic=0.9759  tid=0.8148
  epoch 295  train_loss=1.1397  val_mse=21.480  val_srocc=0.9818  val_krocc=0.9129  sel=0.9271  kadid=0.9198  safesyn=0.9988  synthetic=0.9759  tid=0.8140
  epoch 296  train_loss=1.1189  val_mse=21.498  val_srocc=0.9819  val_krocc=0.9131  sel=0.9271  kadid=0.9195  safesyn=0.9987  synthetic=0.9760  tid=0.8141
  epoch 297  train_loss=1.1298  val_mse=21.468  val_srocc=0.9819  val_krocc=0.9131  sel=0.9270  kadid=0.9194  safesyn=0.9987  synthetic=0.9760  tid=0.8139
  epoch 298  train_loss=1.1260  val_mse=21.482  val_srocc=0.9818  val_krocc=0.9129  sel=0.9273  kadid=0.9196  safesyn=0.9987  synthetic=0.9759  tid=0.8149
  epoch 299  train_loss=1.1363  val_mse=21.401  val_srocc=0.9819  val_krocc=0.9131  sel=0.9268  kadid=0.9194  safesyn=0.9987  synthetic=0.9760  tid=0.8131

Final: best_val_srocc=0.9320 test_srocc=0.9636 test_krocc=0.8745 test_mse=37.439  (985s)

Per-(sweep:codec) test metrics:
  human-kadid:human-kadid  n=  1,375  srocc=+0.9172  krocc=+0.7516  mse=124.921
  human-safesyn:human-safesyn n= 16,761  srocc=+0.9989  krocc=+0.9730  mse=1.643
  human-tid:human-tid      n=    360  srocc=+0.9015  krocc=+0.7279  mse=75.175
  v15r:zenjpeg             n=162,336  srocc=+0.9600  krocc=+0.8672  mse=39.435
  v15rc:zenjpeg            n= 44,460  srocc=+0.9594  krocc=+0.8639  mse=40.635

Wrote /mnt/v/zen/zensim-training/2026-05-07/runs/20260510T124347_bs2048_cosine_2026-05-10/
