training_source	dhash	nearest_cid22_ref	nearest_dhash	hamming
/mnt/v/input/zensim/sources/00b13be94a4867dd_1022x818.png	9c1414141598980a	I08.png	9ade5edcd5949f8e	21
/mnt/v/input/zensim/sources/00b13be94a4867dd_1024sq.png	189c141475989862	I10.png	9c9f585e4c18bc24	20
/mnt/v/input/zensim/sources/00b13be94a4867dd_512sq.png	72353531242a383c	I15.png	1517333479696c79	25
/mnt/v/input/zensim/sources/00b13be94a4867dd_513x769.png	1a3235252238181a	I20.png	9adea783e1110b0b	25
/mnt/v/input/zensim/sources/00b13be94a4867dd_769x513.png	3436343234323818	I01.png	5db2525252732b34	24
/mnt/v/input/zensim/sources/00b13be94a4867dd_818x1022.png	18543434b21818c2	I03.png	905258189b380c87	20
/mnt/v/input/zensim/sources/00b851348ab37a95_1022x818.png	35545a90d0b525ea	I03.png	905258189b380c87	25
/mnt/v/input/zensim/sources/00b851348ab37a95_1024sq.png	51345290d0b5abba	I01.png	5db2525252732b34	19
/mnt/v/input/zensim/sources/00b851348ab37a95_513x769.png	55393425355b432c	I11.png	1f8b64765e595aac	23
/mnt/v/input/zensim/sources/00b851348ab37a95_818x1022.png	55b2d235122669d9	I01.png	5db2525252732b34	20
/mnt/v/input/zensim/sources/00fbdd22f9e43a55_1022x818.png	c3723007a390b4a4	I12.png	c3c3c3c3e3c3d6ec	23
/mnt/v/input/zensim/sources/00fbdd22f9e43a55_1024sq.png	e0e37003a3b4a4eb	I14.png	40c0383739adecec	22
/mnt/v/input/zensim/sources/00fbdd22f9e43a55_512sq.png	f0fc527249d675a3	I23.png	ecf8d15458b85959	26
/mnt/v/input/zensim/sources/00fbdd22f9e43a55_513x769.png	52f0f8524a74b393	I01.png	5db2525252732b34	23
/mnt/v/input/zensim/sources/00fbdd22f9e43a55_769x513.png	f17865b523253436	I07.png	4d65e5a5e171b165	24
/mnt/v/input/zensim/sources/00fbdd22f9e43a55_818x1022.png	e8d1f125213464e9	I14.png	40c0383739adecec	21
/mnt/v/input/zensim/sources/012d03fa1de7403d_1022x818.png	65aaaa2eb45a4b6e	I11.png	1f8b64765e595aac	27
/mnt/v/input/zensim/sources/012d03fa1de7403d_1024sq.png	c1acaa2a905a6fd0	I09.png	c8b4acccd2563c26	25
/mnt/v/input/zensim/sources/012d03fa1de7403d_512sq.png	6d6cec2889741889	I07.png	4d65e5a5e171b165	23
/mnt/v/input/zensim/sources/012d03fa1de7403d_513x769.png	8a6c6c88443899ce	I08.png	9ade5edcd5949f8e	21
/mnt/v/input/zensim/sources/012d03fa1de7403d_769x513.png	2d2d2e284bb41bdb	I24.png	cdcdebcb4accc999	26
/mnt/v/input/zensim/sources/012d03fa1de7403d_818x1022.png	aa2cad6d1a5aebd4	I09.png	c8b4acccd2563c26	26
/mnt/v/input/zensim/sources/0247f78c5099e6fd_1022x818.png	2eb99838183c3c5c	I23.png	ecf8d15458b85959	21
/mnt/v/input/zensim/sources/0247f78c5099e6fd_1024sq.png	9c389938183c1c4c	I03.png	905258189b380c87	20
/mnt/v/input/zensim/sources/0247f78c5099e6fd_512sq.png	dadadcdadc1b9bfe	I08.png	9ade5edcd5949f8e	17
/mnt/v/input/zensim/sources/0247f78c5099e6fd_513x769.png	665adadc5e9bfe1e	I08.png	9ade5edcd5949f8e	23
/mnt/v/input/zensim/sources/0247f78c5099e6fd_769x513.png	1c1c1a18381a5e7c	I10.png	9c9f585e4c18bc24	21
/mnt/v/input/zensim/sources/0247f78c5099e6fd_818x1022.png	bc2d1c383a7e1ccc	I03.png	905258189b380c87	24
/mnt/v/input/zensim/sources/03484c8be395c40d_1022x818.png	2ac6689eb2aa2322	I18.png	33158e27a7a62331	26
/mnt/v/input/zensim/sources/03484c8be395c40d_1024sq.png	6aee441eb22a2aae	I01.png	5db2525252732b34	27
/mnt/v/input/zensim/sources/03484c8be395c40d_513x769.png	c29595766888b494	I10.png	9c9f585e4c18bc24	22
/mnt/v/input/zensim/sources/03484c8be395c40d_769x513.png	9a545d37334b4b79	I15.png	1517333479696c79	24
/mnt/v/input/zensim/sources/03484c8be395c40d_818x1022.png	caca521d3b6b6b4b	I03.png	905258189b380c87	26
/mnt/v/input/zensim/sources/0364e65f5cf278d0_1022x818.png	090ccdcd392f1f87	I03.png	905258189b380c87	28
/mnt/v/input/zensim/sources/0364e65f5cf278d0_512sq.png	8f0f063d76cec75f	I16.png	8187023342038190	26
/mnt/v/input/zensim/sources/0364e65f5cf278d0_513x769.png	1e070f3cf6c67d63	I15.png	1517333479696c79	25
/mnt/v/input/zensim/sources/0364e65f5cf278d0_769x513.png	4e4ecc9e3d6d6f3f	I17.png	646094f473796971	26
/mnt/v/input/zensim/sources/0364e65f5cf278d0_818x1022.png	080c4c8c6d3f07c7	I03.png	905258189b380c87	26
/mnt/v/input/zensim/sources/037aa5751d88b97f_1022x818.png	e9061bd6a7a5a72d	I18.png	33158e27a7a62331	24
/mnt/v/input/zensim/sources/037aa5751d88b97f_1024sq.png	d3e91b93a5a52f2f	I20.png	9adea783e1110b0b	24
/mnt/v/input/zensim/sources/037aa5751d88b97f_512sq.png	975c3963424f6b4b	I19.png	177df9e766474148	15
/mnt/v/input/zensim/sources/037aa5751d88b97f_513x769.png	86863863436b43c7	I16.png	8187023342038190	22
/mnt/v/input/zensim/sources/037aa5751d88b97f_769x513.png	275991b725aea627	I18.png	33158e27a7a62331	21
/mnt/v/input/zensim/sources/037aa5751d88b97f_818x1022.png	d1c51bb3a6266e2d	I18.png	33158e27a7a62331	23
/mnt/v/input/zensim/sources/03a84e2c51c807b8_1024sq.png	8888ac82cca4aca4	I09.png	c8b4acccd2563c26	22
/mnt/v/input/zensim/sources/03a84e2c51c807b8_512sq.png	5c44452425252545	I07.png	4d65e5a5e171b165	18
/mnt/v/input/zensim/sources/03a84e2c51c807b8_513x769.png	8cdc052484258584	I05.png	04cb2e9095568c8d	25
/mnt/v/input/zensim/sources/03a84e2c51c807b8_769x513.png	4846ac2845448624	I09.png	c8b4acccd2563c26	23
/mnt/v/input/zensim/sources/03a84e2c51c807b8_818x1022.png	48080c8484242426	I09.png	c8b4acccd2563c26	20
/mnt/v/input/zensim/sources/0415bcad3f0c2039_1022x818.png	6d5b735b5bf74b4b	I01.png	5db2525252732b34	24
/mnt/v/input/zensim/sources/0415bcad3f0c2039_1024sq.png	ad695b5b5b6b6b73	I01.png	5db2525252732b34	23
/mnt/v/input/zensim/sources/0415bcad3f0c2039_512sq.png	58c8d21a5859c944	I01.png	5db2525252732b34	22
/mnt/v/input/zensim/sources/0415bcad3f0c2039_513x769.png	cc58e05a58c14c0c	I23.png	ecf8d15458b85959	21
/mnt/v/input/zensim/sources/0415bcad3f0c2039_769x513.png	b9a9e1919959caed	I06.png	9313a3de8ec9c8e8	24
/mnt/v/input/zensim/sources/0415bcad3f0c2039_818x1022.png	6cedd9d1d969cdd1	I23.png	ecf8d15458b85959	19
/mnt/v/input/zensim/sources/0543403b53d39228_1022x818.png	691b1b1bb292a36a	I01.png	5db2525252732b34	27
/mnt/v/input/zensim/sources/0543403b53d39228_512sq.png	5c4c9a68686a6846	I17.png	646094f473796971	26
/mnt/v/input/zensim/sources/0543403b53d39228_513x769.png	cd5c5c6a6868444d	I10.png	9c9f585e4c18bc24	25
/mnt/v/input/zensim/sources/0543403b53d39228_769x513.png	b9291da92133b321	I07.png	4d65e5a5e171b165	22
/mnt/v/input/zensim/sources/0543403b53d39228_818x1022.png	eca999a9b3b3ebda	I22.png	949515181b9372f0	26
/mnt/v/input/zensim/sources/05a772d7118cef2c_1024sq.png	5a511999139b1113	I03.png	905258189b380c87	23
/mnt/v/input/zensim/sources/05a772d7118cef2c_512sq.png	20222d2c62616c24	I17.png	646094f473796971	23
/mnt/v/input/zensim/sources/05a772d7118cef2c_513x769.png	56612c2c612c6165	I07.png	4d65e5a5e171b165	21
/mnt/v/input/zensim/sources/05a772d7118cef2c_818x1022.png	95b5b5bdb5b5b5b5	I07.png	4d65e5a5e171b165	21
/mnt/v/input/zensim/sources/05bee9c76e63eb06_1022x818.png	65b8bc8db652536b	I09.png	c8b4acccd2563c26	24
/mnt/v/input/zensim/sources/05bee9c76e63eb06_1024sq.png	c5adbc9cb2527be9	I09.png	c8b4acccd2563c26	22
/mnt/v/input/zensim/sources/05bee9c76e63eb06_512sq.png	54562acd71509a39	I15.png	1517333479696c79	25
/mnt/v/input/zensim/sources/05bee9c76e63eb06_513x769.png	ab54562b75523a64	I01.png	5db2525252732b34	27
/mnt/v/input/zensim/sources/05bee9c76e63eb06_769x513.png	2c3416293273d9d2	I17.png	646094f473796971	24
/mnt/v/input/zensim/sources/05bee9c76e63eb06_818x1022.png	d66e349632d3e9ed	I17.png	646094f473796971	23
/mnt/v/input/zensim/sources/065a6bee151821e3_1022x818.png	3089804264a4a428	I10.png	9c9f585e4c18bc24	25
/mnt/v/input/zensim/sources/065a6bee151821e3_1024sq.png	b430804264a42c78	I18.png	33158e27a7a62331	26
/mnt/v/input/zensim/sources/065a6bee151821e3_512sq.png	980919998313c946	I03.png	905258189b380c87	23
/mnt/v/input/zensim/sources/065a6bee151821e3_513x769.png	b89a099993cb46c6	I03.png	905258189b380c87	22
/mnt/v/input/zensim/sources/065a6bee151821e3_769x513.png	40c012d3c296e2e5	I12.png	c3c3c3c3e3c3d6ec	21
/mnt/v/input/zensim/sources/065a6bee151821e3_818x1022.png	b4704152d6656578	I01.png	5db2525252732b34	23
/mnt/v/input/zensim/sources/0687d73c6af39005_512sq.png	4448d9f565ed2d39	I17.png	646094f473796971	18
/mnt/v/input/zensim/sources/0687d73c6af39005_513x769.png	6604d9d5e52d39b5	I17.png	646094f473796971	22
/mnt/v/input/zensim/sources/0687d73c6af39005_769x513.png	496b6b646468b8ba	I21.png	3ad9a265616b94d3	25
/mnt/v/input/zensim/sources/0687d73c6af39005_818x1022.png	898d696264bad34d	I24.png	cdcdebcb4accc999	25
/mnt/v/input/zensim/sources/07d3fcd97d41da42_1022x818.png	45e5dd9496941515	I05.png	04cb2e9095568c8d	25
/mnt/v/input/zensim/sources/07d3fcd97d41da42_1024sq.png	6765cd9496941522	I09.png	c8b4acccd2563c26	25
/mnt/v/input/zensim/sources/07d3fcd97d41da42_769x513.png	e69c969692121212	I09.png	c8b4acccd2563c26	24
/mnt/v/input/zensim/sources/07d3fcd97d41da42_818x1022.png	e7e484969612524a	I09.png	c8b4acccd2563c26	26
/mnt/v/input/zensim/sources/07e89d58e8a3c3af_1022x818.png	4c8d8f4daee60902	I24.png	cdcdebcb4accc999	23
/mnt/v/input/zensim/sources/07e89d58e8a3c3af_1024sq.png	2dcc9d4dee4e4201	I19.png	177df9e766474148	24
/mnt/v/input/zensim/sources/07e89d58e8a3c3af_512sq.png	24261686c64349ce	I16.png	8187023342038190	25
/mnt/v/input/zensim/sources/07e89d58e8a3c3af_513x769.png	94263686c7494e09	I15.png	1517333479696c79	23
/mnt/v/input/zensim/sources/07e89d58e8a3c3af_769x513.png	2d9fcdcd6de7cb4c	I19.png	177df9e766474148	23
/mnt/v/input/zensim/sources/08cce9dcd3dba4e6_1022x818.png	ccc9dad296dbd9d9	I24.png	cdcdebcb4accc999	19
/mnt/v/input/zensim/sources/08cce9dcd3dba4e6_1024sq.png	96c9d8d297d9d971	I17.png	646094f473796971	24
/mnt/v/input/zensim/sources/08cce9dcd3dba4e6_513x769.png	4c9cdc7939746c4c	I14.png	40c0383739adecec	22
/mnt/v/input/zensim/sources/08cce9dcd3dba4e6_769x513.png	d999a99b33b2b9ad	I24.png	cdcdebcb4accc999	26
/mnt/v/input/zensim/sources/08cce9dcd3dba4e6_818x1022.png	b68cd9bbb2a9b9d1	I22.png	949515181b9372f0	28
/mnt/v/input/zensim/sources/08d56aac4314beb7_1022x818.png	d0785823939a92cc	I03.png	905258189b380c87	22
/mnt/v/input/zensim/sources/08d56aac4314beb7_1024sq.png	c6d878638792c434	I12.png	c3c3c3c3e3c3d6ec	26
/mnt/v/input/zensim/sources/08d56aac4314beb7_512sq.png	9020ad25202c302c	I14.png	40c0383739adecec	24
/mnt/v/input/zensim/sources/08d56aac4314beb7_513x769.png	3894ad2520ac340d	I18.png	33158e27a7a62331	23
/mnt/v/input/zensim/sources/08d56aac4314beb7_769x513.png	53b04843b3191139	I01.png	5db2525252732b34	24
/mnt/v/input/zensim/sources/08d56aac4314beb7_818x1022.png	839a5a4303198a5a	I16.png	8187023342038190	23
/mnt/v/input/zensim/sources/090d19695a8b43c2_1022x818.png	6061720c4cc7c6d2	I13.png	ecc1d690c9fcc6c0	22
/mnt/v/input/zensim/sources/090d19695a8b43c2_1024sq.png	9a60720cccc7c2d2	I02.png	2a60a389c9767032	23
/mnt/v/input/zensim/sources/090d19695a8b43c2_512sq.png	c2c0bc8f87040727	I09.png	c8b4acccd2563c26	23
/mnt/v/input/zensim/sources/090d19695a8b43c2_513x769.png	80c0b88f87072730	I18.png	33158e27a7a62331	23
/mnt/v/input/zensim/sources/090d19695a8b43c2_769x513.png	6060190e46cd87a7	I04.png	63322169e8adc1c1	27
/mnt/v/input/zensim/sources/090d19695a8b43c2_818x1022.png	3b60714e8e87a3d3	I04.png	63322169e8adc1c1	24
/mnt/v/input/zensim/sources/092cc5991d935114_1022x818.png	8281818181818585	I12.png	c3c3c3c3e3c3d6ec	21
/mnt/v/input/zensim/sources/092cc5991d935114_512sq.png	3232323232323233	I01.png	5db2525252732b34	21
/mnt/v/input/zensim/sources/092cc5991d935114_513x769.png	3236323232323333	I01.png	5db2525252732b34	21
/mnt/v/input/zensim/sources/092cc5991d935114_818x1022.png	8381808481849492	I16.png	8187023342038190	23
/mnt/v/input/zensim/sources/097cb426910ba8ce2525dd8bb7fb1777_1022x818.png	25252436b6b2321a	I18.png	33158e27a7a62331	21
/mnt/v/input/zensim/sources/097cb426910ba8ce2525dd8bb7fb1777_1024sq.png	2e25a5b6b6321218	I18.png	33158e27a7a62331	24
/mnt/v/input/zensim/sources/097cb426910ba8ce2525dd8bb7fb1777_512sq.png	47c7136361617131	I15.png	1517333479696c79	21
/mnt/v/input/zensim/sources/097cb426910ba8ce2525dd8bb7fb1777_513x769.png	c747d76361613130	I07.png	4d65e5a5e171b165	19
/mnt/v/input/zensim/sources/097cb426910ba8ce2525dd8bb7fb1777_818x1022.png	2d64663623333318	I07.png	4d65e5a5e171b165	23
/mnt/v/input/zensim/sources/0987f273de1dc9b3_1022x818.png	d24ac9c92935352c	I02.png	2a60a389c9767032	26
/mnt/v/input/zensim/sources/0987f273de1dc9b3_1024sq.png	92c2c9c929352d48	I20.png	9adea783e1110b0b	23
/mnt/v/input/zensim/sources/0987f273de1dc9b3_512sq.png	280e0c0e4e8cb672	I10.png	9c9f585e4c18bc24	22
/mnt/v/input/zensim/sources/0987f273de1dc9b3_513x769.png	b12a0e0c8cb672ce	I08.png	9ade5edcd5949f8e	27
/mnt/v/input/zensim/sources/0987f273de1dc9b3_769x513.png	dacd8d8c6c4c7434	I09.png	c8b4acccd2563c26	23
/mnt/v/input/zensim/sources/0987f273de1dc9b3_818x1022.png	b3d3cd8d4c74244a	I02.png	2a60a389c9767032	26
/mnt/v/input/zensim/sources/09928cea53e5d8c9_1022x818.png	7c7c3c3c58387c38	I23.png	ecf8d15458b85959	20
/mnt/v/input/zensim/sources/09928cea53e5d8c9_1024sq.png	543c7c7c187c38f9	I15.png	1517333479696c79	23
/mnt/v/input/zensim/sources/09928cea53e5d8c9_513x769.png	b3b7b2b2b8b2baf8	I06.png	9313a3de8ec9c8e8	25
/mnt/v/input/zensim/sources/09928cea53e5d8c9_818x1022.png	d6767e78585c3878	I10.png	9c9f585e4c18bc24	24
/mnt/v/input/zensim/sources/0aec8e4cbe5fb70d_1022x818.png	c79c3463544a5af2	I11.png	1f8b64765e595aac	23
/mnt/v/input/zensim/sources/0aec8e4cbe5fb70d_1024sq.png	668f3c67505ad272	I11.png	1f8b64765e595aac	24
/mnt/v/input/zensim/sources/0aec8e4cbe5fb70d_512sq.png	7cf3906933545455	I17.png	646094f473796971	24
/mnt/v/input/zensim/sources/0aec8e4cbe5fb70d_513x769.png	077ef38953545471	I02.png	2a60a389c9767032	21
/mnt/v/input/zensim/sources/0aec8e4cbe5fb70d_769x513.png	3c67d3c392a4a9ab	I24.png	cdcdebcb4accc999	25
/mnt/v/input/zensim/sources/0aec8e4cbe5fb70d_818x1022.png	a68e3ce3d0a8daf2	I04.png	63322169e8adc1c1	29
/mnt/v/input/zensim/sources/0b4d0b6fca6a4803_1022x818.png	cccb8ac949cececd	I24.png	cdcdebcb4accc999	16
/mnt/v/input/zensim/sources/0b4d0b6fca6a4803_1024sq.png	4ccc8ac949cecd8d	I24.png	cdcdebcb4accc999	13
/mnt/v/input/zensim/sources/0b4d0b6fca6a4803_512sq.png	8ecc4e4dcc8c6d2d	I08.png	9ade5edcd5949f8e	22
/mnt/v/input/zensim/sources/0b4d0b6fca6a4803_513x769.png	4d8c8e4fcc4c2cc4	I09.png	c8b4acccd2563c26	23
/mnt/v/input/zensim/sources/0b4d0b6fca6a4803_769x513.png	4d4d4c4d4ccdaead	I24.png	cdcdebcb4accc999	21
/mnt/v/input/zensim/sources/0b656aa9d012426a_1022x818.png	0b11db917645735a	I19.png	177df9e766474148	21
/mnt/v/input/zensim/sources/0b656aa9d012426a_1024sq.png	4213db9156655a6b	I12.png	c3c3c3c3e3c3d6ec	26
/mnt/v/input/zensim/sources/0b656aa9d012426a_512sq.png	b82c7c7935a909ab	I03.png	905258189b380c87	26
/mnt/v/input/zensim/sources/0b656aa9d012426a_513x769.png	18382c79b529cb29	I04.png	63322169e8adc1c1	25
/mnt/v/input/zensim/sources/0b656aa9d012426a_769x513.png	39b938b2b3da92e2	I21.png	3ad9a265616b94d3	27
/mnt/v/input/zensim/sources/0b656aa9d012426a_818x1022.png	c311b939d2c2db49	I04.png	63322169e8adc1c1	25
/mnt/v/input/zensim/sources/0c49a5cce349020bbba2f97ae41e90ba_1022x818.png	29d1809034692931	I17.png	646094f473796971	20
/mnt/v/input/zensim/sources/0c49a5cce349020bbba2f97ae41e90ba_512sq.png	c630303069e48c8c	I14.png	40c0383739adecec	20
/mnt/v/input/zensim/sources/0c49a5cce349020bbba2f97ae41e90ba_513x769.png	58823030618c8ce8	I14.png	40c0383739adecec	16
/mnt/v/input/zensim/sources/0c49a5cce349020bbba2f97ae41e90ba_769x513.png	44b0b0b03264cc48	I14.png	40c0383739adecec	21
/mnt/v/input/zensim/sources/0c49a5cce349020bbba2f97ae41e90ba_818x1022.png	6438c490644849f1	I17.png	646094f473796971	17
/mnt/v/input/zensim/sources/0c5bf9604d8d8f97_1022x818.png	53e5696ab2a148b4	I04.png	63322169e8adc1c1	26
/mnt/v/input/zensim/sources/0c5bf9604d8d8f97_1024sq.png	1fe3656ab2606472	I01.png	5db2525252732b34	27
/mnt/v/input/zensim/sources/0c5bf9604d8d8f97_512sq.png	a7b29c998d50d3d9	I13.png	ecc1d690c9fcc6c0	26
/mnt/v/input/zensim/sources/0c5bf9604d8d8f97_513x769.png	ece7969dc8d2d94b	I13.png	ecc1d690c9fcc6c0	21
/mnt/v/input/zensim/sources/0c5bf9604d8d8f97_769x513.png	a4d5cdd969a9524a	I13.png	ecc1d690c9fcc6c0	23
/mnt/v/input/zensim/sources/0c5bf9604d8d8f97_818x1022.png	3fa1e4d9a14aeeb1	I21.png	3ad9a265616b94d3	26
/mnt/v/input/zensim/sources/0c6d427e5cada6ce_1022x818.png	65239e161d1f1e1e	I05.png	04cb2e9095568c8d	25
/mnt/v/input/zensim/sources/0c6d427e5cada6ce_1024sq.png	29671216191e1c5e	I03.png	905258189b380c87	26
/mnt/v/input/zensim/sources/0c6d427e5cada6ce_512sq.png	8c39392536393436	I10.png	9c9f585e4c18bc24	25
/mnt/v/input/zensim/sources/0c6d427e5cada6ce_513x769.png	c6e4392536323636	I09.png	c8b4acccd2563c26	24
/mnt/v/input/zensim/sources/0c6d427e5cada6ce_769x513.png	0d3b1b16351a1515	I10.png	9c9f585e4c18bc24	24
/mnt/v/input/zensim/sources/0c6d427e5cada6ce_818x1022.png	6ce52b1a1495b795	I05.png	04cb2e9095568c8d	25
/mnt/v/input/zensim/sources/0cb29d8ed9ee684f_1022x818.png	adedc24342628243	I16.png	8187023342038190	22
/mnt/v/input/zensim/sources/0cb29d8ed9ee684f_1024sq.png	2dadea424282c342	I24.png	cdcdebcb4accc999	22
/mnt/v/input/zensim/sources/0cb29d8ed9ee684f_512sq.png	848808290595898d	I05.png	04cb2e9095568c8d	20
/mnt/v/input/zensim/sources/0cb29d8ed9ee684f_513x769.png	26ac0809118500a4	I14.png	40c0383739adecec	26
/mnt/v/input/zensim/sources/0cb29d8ed9ee684f_769x513.png	cb898b9383a3898b	I16.png	8187023342038190	21
/mnt/v/input/zensim/sources/0cb29d8ed9ee684f_818x1022.png	6a4cca83c282a383	I18.png	33158e27a7a62331	24
/mnt/v/input/zensim/sources/0d2dfacf6222674d_512sq.png	e17958d65c49dbb1	I23.png	ecf8d15458b85959	22
/mnt/v/input/zensim/sources/0d2dfacf6222674d_513x769.png	c3d159d04cdbe169	I06.png	9313a3de8ec9c8e8	24
/mnt/v/input/zensim/sources/0da4027d50328aae_512sq.png	d888e4e2e1c1d1f3	I21.png	3ad9a265616b94d3	23
/mnt/v/input/zensim/sources/0da4027d50328aae_769x513.png	c9c9e563e3e3e3f7	I12.png	c3c3c3c3e3c3d6ec	18
/mnt/v/input/zensim/sources/0dc754e21a0e1bd7_1022x818.png	3f1ecc92da60a4cc	I03.png	905258189b380c87	27
/mnt/v/input/zensim/sources/0dc754e21a0e1bd7_1024sq.png	cf1ece92da64ccc6	I13.png	ecc1d690c9fcc6c0	23
/mnt/v/input/zensim/sources/0dc754e21a0e1bd7_512sq.png	0f2db91335282281	I18.png	33158e27a7a62331	26
/mnt/v/input/zensim/sources/0dc754e21a0e1bd7_769x513.png	0eae9b1791b9e542	I14.png	40c0383739adecec	26
/mnt/v/input/zensim/sources/0dc754e21a0e1bd7_818x1022.png	d73f8e1399628ec3	I05.png	04cb2e9095568c8d	25
/mnt/v/input/zensim/sources/0dc81419a556e117_1022x818.png	7084684f4dccd292	I24.png	cdcdebcb4accc999	24
/mnt/v/input/zensim/sources/0dc81419a556e117_1024sq.png	69d2ac4d4dce9285	I04.png	63322169e8adc1c1	25
/mnt/v/input/zensim/sources/0dc81419a556e117_512sq.png	4bc4c48783464e6d	I12.png	c3c3c3c3e3c3d6ec	20
/mnt/v/input/zensim/sources/0dc81419a556e117_513x769.png	9a4bc497874e3939	I18.png	33158e27a7a62331	24
/mnt/v/input/zensim/sources/0dc81419a556e117_818x1022.png	d1d1acceccae9204	I09.png	c8b4acccd2563c26	24
/mnt/v/input/zensim/sources/0e3c3532dfc3409e_1022x818.png	81092f0cc6c60f0f	I05.png	04cb2e9095568c8d	22
/mnt/v/input/zensim/sources/0e3c3532dfc3409e_1024sq.png	23812f0ec6460f47	I18.png	33158e27a7a62331	24
/mnt/v/input/zensim/sources/0e3c3532dfc3409e_512sq.png	cc4f570b03010102	I16.png	8187023342038190	21
/mnt/v/input/zensim/sources/0e3c3532dfc3409e_513x769.png	92c84f070301062f	I20.png	9adea783e1110b0b	20
/mnt/v/input/zensim/sources/0e3c3532dfc3409e_769x513.png	292f2e0686838387	I16.png	8187023342038190	22
/mnt/v/input/zensim/sources/0e53ea752da698d9_1022x818.png	61f8b8bcfcfc9cce	I14.png	40c0383739adecec	22
/mnt/v/input/zensim/sources/0e53ea752da698d9_1024sq.png	2160f8bcfcfccc07	I03.png	905258189b380c87	23
/mnt/v/input/zensim/sources/0e53ea752da698d9_513x769.png	a8f6f6fefefdbf2f	I08.png	9ade5edcd5949f8e	22
/mnt/v/input/zensim/sources/0e53ea752da698d9_818x1022.png	20e8fc7cbcfe9e03	I05.png	04cb2e9095568c8d	26
/mnt/v/input/zensim/sources/0f58cd3ccdc0f3b2_512sq.png	d98fccc5e1335148	I07.png	4d65e5a5e171b165	22
/mnt/v/input/zensim/sources/0f58cd3ccdc0f3b2_769x513.png	4a4eede2e2b2d2c8	I12.png	c3c3c3c3e3c3d6ec	21
/mnt/v/input/zensim/sources/0fcd9ac82d0279fa_1022x818.png	3610901d8ca4bcfc	I14.png	40c0383739adecec	24
/mnt/v/input/zensim/sources/0fcd9ac82d0279fa_1024sq.png	c632901d85acdcf8	I06.png	9313a3de8ec9c8e8	24
/mnt/v/input/zensim/sources/0fcd9ac82d0279fa_512sq.png	99b136175756a6ce	I05.png	04cb2e9095568c8d	25
/mnt/v/input/zensim/sources/0fcd9ac82d0279fa_513x769.png	d2d931175746debc	I12.png	c3c3c3c3e3c3d6ec	24
/mnt/v/input/zensim/sources/0fcd9ac82d0279fa_818x1022.png	8732129ea52cdcda	I06.png	9313a3de8ec9c8e8	23
/mnt/v/input/zensim/sources/100a02c269c5948392f283b2aa3bb4da_1022x818.png	e121a16d25ac6cca	I04.png	63322169e8adc1c1	21
/mnt/v/input/zensim/sources/100a02c269c5948392f283b2aa3bb4da_1024sq.png	e1e1216d2cacecc3	I04.png	63322169e8adc1c1	17
/mnt/v/input/zensim/sources/100a02c269c5948392f283b2aa3bb4da_512sq.png	e464654763aeafe7	I07.png	4d65e5a5e171b165	25
/mnt/v/input/zensim/sources/100a02c269c5948392f283b2aa3bb4da_513x769.png	86e4646762af6faa	I14.png	40c0383739adecec	24
/mnt/v/input/zensim/sources/100a02c269c5948392f283b2aa3bb4da_769x513.png	6529ece525642e66	I07.png	4d65e5a5e171b165	22
/mnt/v/input/zensim/sources/100a02c269c5948392f283b2aa3bb4da_818x1022.png	e5e521e5242cedd1	I04.png	63322169e8adc1c1	22
/mnt/v/input/zensim/sources/100f17892cf7bb12beb12479641fcc4c_1022x818.png	c1c3c2d9c8c094d0	I12.png	c3c3c3c3e3c3d6ec	17
/mnt/v/input/zensim/sources/100f17892cf7bb12beb12479641fcc4c_1024sq.png	a0c1e3d9c8c0d0f0	I02.png	2a60a389c9767032	20
/mnt/v/input/zensim/sources/100f17892cf7bb12beb12479641fcc4c_512sq.png	c090181c1a482ca7	I03.png	905258189b380c87	14
/mnt/v/input/zensim/sources/100f17892cf7bb12beb12479641fcc4c_513x769.png	0480901c486c3734	I10.png	9c9f585e4c18bc24	23
/mnt/v/input/zensim/sources/100f17892cf7bb12beb12479641fcc4c_769x513.png	c1c1d99898a8a824	I03.png	905258189b380c87	21
/mnt/v/input/zensim/sources/100f17892cf7bb12beb12479641fcc4c_818x1022.png	2089c1d988a090e0	I13.png	ecc1d690c9fcc6c0	24
/mnt/v/input/zensim/sources/1028637_512sq.png	ca5644ccfe6a682d	I09.png	c8b4acccd2563c26	22
/mnt/v/input/zensim/sources/1029604_512sq.png	1de99f9a86c9b668	I06.png	9313a3de8ec9c8e8	24
/mnt/v/input/zensim/sources/106399_512sq.png	6c948430b786f819	I18.png	33158e27a7a62331	24
/mnt/v/input/zensim/sources/1080721_512sq.png	afe3d8fc98d91c7e	I23.png	ecf8d15458b85959	24
/mnt/v/input/zensim/sources/1089930_512sq.png	1a9a989b2f9fbeec	I10.png	9c9f585e4c18bc24	23
/mnt/v/input/zensim/sources/10_512sq.png	585c1c9c24634786	I08.png	9ade5edcd5949f8e	25
/mnt/v/input/zensim/sources/110472_512sq.png	26f2f0b4243612c2	I19.png	177df9e766474148	27
/mnt/v/input/zensim/sources/1129482_512sq.png	0c084d1692929e10	I05.png	04cb2e9095568c8d	25
/mnt/v/input/zensim/sources/1130683_512sq.png	f064703cc64c64f2	I17.png	646094f473796971	26
/mnt/v/input/zensim/sources/1147124_512sq.png	673524a2929b2464	I09.png	c8b4acccd2563c26	25
/mnt/v/input/zensim/sources/11497373a03c0db8_1022x818.png	79783163c230c68d	I04.png	63322169e8adc1c1	23
/mnt/v/input/zensim/sources/11497373a03c0db8_1024sq.png	763839738220851d	I04.png	63322169e8adc1c1	25
/mnt/v/input/zensim/sources/11497373a03c0db8_512sq.png	f8f8e2e08030e002	I02.png	2a60a389c9767032	23
/mnt/v/input/zensim/sources/11497373a03c0db8_513x769.png	adfcf8e20070830b	I19.png	177df9e766474148	25
/mnt/v/input/zensim/sources/11497373a03c0db8_769x513.png	f870f161c110e082	I02.png	2a60a389c9767032	22
/mnt/v/input/zensim/sources/11497373a03c0db8_818x1022.png	f27878e183208414	I03.png	905258189b380c87	23
/mnt/v/input/zensim/sources/1157d801526b588d_1022x818.png	b292d2d25232b252	I01.png	5db2525252732b34	20
/mnt/v/input/zensim/sources/1157d801526b588d_1024sq.png	b2b2d2d25232b2d2	I01.png	5db2525252732b34	20
/mnt/v/input/zensim/sources/1157d801526b588d_512sq.png	098989098909e9b9	I24.png	cdcdebcb4accc999	21
/mnt/v/input/zensim/sources/1157d801526b588d_513x769.png	6989098909a9a9a9	I24.png	cdcdebcb4accc999	22
/mnt/v/input/zensim/sources/1157d801526b588d_769x513.png	9391939351917171	I22.png	949515181b9372f0	19
/mnt/v/input/zensim/sources/1157d801526b588d_818x1022.png	b333d393c33332d2	I02.png	2a60a389c9767032	24
/mnt/v/input/zensim/sources/1173777_512sq.png	6bd890601d92e963	I23.png	ecf8d15458b85959	23
/mnt/v/input/zensim/sources/1183021_512sq.png	0c61703c3b132400	I03.png	905258189b380c87	24
/mnt/v/input/zensim/sources/11_512sq.png	827c8dd3726872a4	I09.png	c8b4acccd2563c26	26
/mnt/v/input/zensim/sources/11f2b039b293758398b1a7a8afa64bb2_1022x818.png	7678393319199c9d	I14.png	40c0383739adecec	22
/mnt/v/input/zensim/sources/11f2b039b293758398b1a7a8afa64bb2_1024sq.png	727c393b191d9c9d	I14.png	40c0383739adecec	22
/mnt/v/input/zensim/sources/11f2b039b293758398b1a7a8afa64bb2_512sq.png	78f878780e9a1d9d	I23.png	ecf8d15458b85959	21
/mnt/v/input/zensim/sources/11f2b039b293758398b1a7a8afa64bb2_513x769.png	fd7c78789e1fdd5b	I23.png	ecf8d15458b85959	23
/mnt/v/input/zensim/sources/11f2b039b293758398b1a7a8afa64bb2_769x513.png	f87839394d5c1c1a	I02.png	2a60a389c9767032	24
/mnt/v/input/zensim/sources/11f2b039b293758398b1a7a8afa64bb2_818x1022.png	f3fa78391d1c3c9c	I03.png	905258189b380c87	21
/mnt/v/input/zensim/sources/1200348_512sq.png	395cbcfc60669632	I21.png	3ad9a265616b94d3	22
/mnt/v/input/zensim/sources/1248582_512sq.png	161cc1e56a63cdcc	I19.png	177df9e766474148	17
/mnt/v/input/zensim/sources/1277396_512sq.png	f0f0712d1d12e0d0	I22.png	949515181b9372f0	22
/mnt/v/input/zensim/sources/1287145_512sq.png	e7b31d4933ce2024	I09.png	c8b4acccd2563c26	26
/mnt/v/input/zensim/sources/1292115_512sq.png	eece343213ccc378	I13.png	ecc1d690c9fcc6c0	25
/mnt/v/input/zensim/sources/13233a6bec123cf8_512sq.png	84f0714d0c1068cc	I23.png	ecf8d15458b85959	22
/mnt/v/input/zensim/sources/13233a6bec123cf8_769x513.png	c432b288c9d12149	I04.png	63322169e8adc1c1	25
/mnt/v/input/zensim/sources/1370704_512sq.png	ddece415bec71f21	I09.png	c8b4acccd2563c26	26
/mnt/v/input/zensim/sources/1391487_512sq.png	66db8ab3c96092ca	I13.png	ecc1d690c9fcc6c0	22
/mnt/v/input/zensim/sources/13_512sq.png	76c4e5968964c2c8	I13.png	ecc1d690c9fcc6c0	18
/mnt/v/input/zensim/sources/1424246_512sq.png	cac1333274313900	I16.png	8187023342038190	24
/mnt/v/input/zensim/sources/1428647_512sq.png	c464d99a96ae8d9b	I03.png	905258189b380c87	23
/mnt/v/input/zensim/sources/1435d2e01fb3e90c_1022x818.png	482d4959696b4c26	I10.png	9c9f585e4c18bc24	26
/mnt/v/input/zensim/sources/1435d2e01fb3e90c_1024sq.png	484a49596b4b66d8	I12.png	c3c3c3c3e3c3d6ec	24
/mnt/v/input/zensim/sources/1435d2e01fb3e90c_512sq.png	c5a4142b8894d856	I22.png	949515181b9372f0	26
/mnt/v/input/zensim/sources/1435d2e01fb3e90c_513x769.png	1cc5343a88dc55a5	I13.png	ecc1d690c9fcc6c0	24
/mnt/v/input/zensim/sources/1435d2e01fb3e90c_769x513.png	6cccd9988959c99d	I24.png	cdcdebcb4accc999	20
/mnt/v/input/zensim/sources/1435d2e01fb3e90c_818x1022.png	dcddcc9949c9a6d8	I13.png	ecc1d690c9fcc6c0	19
/mnt/v/input/zensim/sources/144200_512sq.png	dcddec8697708040	I05.png	04cb2e9095568c8d	24
/mnt/v/input/zensim/sources/144428_512sq.png	a0a0c4cce6e3989c	I09.png	c8b4acccd2563c26	24
/mnt/v/input/zensim/sources/1454613116_512sq.png	24646c4c0e6d6961	I17.png	646094f473796971	20
/mnt/v/input/zensim/sources/1454804_512sq.png	c8c38f0b2307232c	I12.png	c3c3c3c3e3c3d6ec	22
/mnt/v/input/zensim/sources/1459534_512sq.png	e9d2b2b090525056	I02.png	2a60a389c9767032	24
/mnt/v/input/zensim/sources/146083_512sq.png	9e1d3dad1c09c1a2	I06.png	9313a3de8ec9c8e8	26
/mnt/v/input/zensim/sources/14768480444_bc0a1b4a2e_o_512sq.png	9c8c79740f537107	I10.png	9c9f585e4c18bc24	23
/mnt/v/input/zensim/sources/14_512sq.png	88c028322ae8fe9a	I14.png	40c0383739adecec	19
/mnt/v/input/zensim/sources/14ab4af28901fbeb1356b06d2d08ae06_1022x818.png	b53268d9c9e9e161	I04.png	63322169e8adc1c1	18
/mnt/v/input/zensim/sources/14ab4af28901fbeb1356b06d2d08ae06_1024sq.png	1db572d9c9e16171	I15.png	1517333479696c79	21
/mnt/v/input/zensim/sources/14ab4af28901fbeb1356b06d2d08ae06_512sq.png	e82c6c384858dc4a	I09.png	c8b4acccd2563c26	25
/mnt/v/input/zensim/sources/14ab4af28901fbeb1356b06d2d08ae06_513x769.png	63e00c3858d84a80	I13.png	ecc1d690c9fcc6c0	24
/mnt/v/input/zensim/sources/14ab4af28901fbeb1356b06d2d08ae06_769x513.png	71c99999c8c8e8e0	I13.png	ecc1d690c9fcc6c0	22
/mnt/v/input/zensim/sources/14c6095784a6be26_1022x818.png	4f0d0d0c2f262627	I18.png	33158e27a7a62331	22
/mnt/v/input/zensim/sources/14c6095784a6be26_1024sq.png	0f4f0d0c27262627	I18.png	33158e27a7a62331	22
/mnt/v/input/zensim/sources/14c6095784a6be26_512sq.png	130383a3a3a3a3a3	I18.png	33158e27a7a62331	16
/mnt/v/input/zensim/sources/14c6095784a6be26_769x513.png	1616261627667666	I18.png	33158e27a7a62331	23
/mnt/v/input/zensim/sources/14c6095784a6be26_818x1022.png	a787040627262627	I18.png	33158e27a7a62331	18
/mnt/v/input/zensim/sources/14f9d635e30c41ec_1022x818.png	c15a5b61e1f3f30e	I12.png	c3c3c3c3e3c3d6ec	21
/mnt/v/input/zensim/sources/14f9d635e30c41ec_1024sq.png	e8c95b41e1f38e0f	I12.png	c3c3c3c3e3c3d6ec	22
/mnt/v/input/zensim/sources/14f9d635e30c41ec_512sq.png	191cc2b8c1cdd1d1	I04.png	63322169e8adc1c1	25
/mnt/v/input/zensim/sources/14f9d635e30c41ec_513x769.png	44181c928dd195c9	I05.png	04cb2e9095568c8d	21
/mnt/v/input/zensim/sources/1511193d1feb04db_1022x818.png	9690ea02795b4248	I20.png	9adea783e1110b0b	24
/mnt/v/input/zensim/sources/1511193d1feb04db_1024sq.png	1f90e806714248c0	I19.png	177df9e766474148	23
/mnt/v/input/zensim/sources/1511193d1feb04db_512sq.png	388d9f8aa4b43000	I18.png	33158e27a7a62331	23
/mnt/v/input/zensim/sources/1511193d1feb04db_513x769.png	62288d8ba6340888	I02.png	2a60a389c9767032	26
/mnt/v/input/zensim/sources/1511193d1feb04db_769x513.png	984b4f42f4dcb183	I08.png	9ade5edcd5949f8e	23
/mnt/v/input/zensim/sources/1511193d1feb04db_818x1022.png	9fb1d842f48988c0	I06.png	9313a3de8ec9c8e8	24
/mnt/v/input/zensim/sources/1536017106_512sq.png	041109bd18b44410	I22.png	949515181b9372f0	24
/mnt/v/input/zensim/sources/1545529_512sq.png	45ca8c2dc2cddd1f	I24.png	cdcdebcb4accc999	23
/mnt/v/input/zensim/sources/1583244_512sq.png	5f5a7ef737373720	I01.png	5db2525252732b34	23
/mnt/v/input/zensim/sources/1583339_512sq.png	609a1b3989d9f3d9	I04.png	63322169e8adc1c1	23
/mnt/v/input/zensim/sources/159741_512sq.png	c0ec1ec999199939	I08.png	9ade5edcd5949f8e	26
/mnt/v/input/zensim/sources/1599791_512sq.png	0604ce6931c9c980	I04.png	63322169e8adc1c1	26
/mnt/v/input/zensim/sources/15_512sq.png	9d554dd3e7b3e5c5	I07.png	4d65e5a5e171b165	23
/mnt/v/input/zensim/sources/15be27b8fbf7981c_1022x818.png	34b60e1cb7ebbb16	I01.png	5db2525252732b34	25
/mnt/v/input/zensim/sources/15be27b8fbf7981c_1024sq.png	c4b4a60cf7bb36b4	I09.png	c8b4acccd2563c26	20
/mnt/v/input/zensim/sources/15be27b8fbf7981c_512sq.png	db4b9b1bc9896a29	I06.png	9313a3de8ec9c8e8	23
/mnt/v/input/zensim/sources/15be27b8fbf7981c_513x769.png	9b8b4b1b89692b5b	I20.png	9adea783e1110b0b	23
/mnt/v/input/zensim/sources/15be27b8fbf7981c_769x513.png	d24e4a5a7242a979	I01.png	5db2525252732b34	24
/mnt/v/input/zensim/sources/160577_512sq.png	b43426248ca4e0db	I04.png	63322169e8adc1c1	25
/mnt/v/input/zensim/sources/1618269_512sq.png	54161ad4950d4ec6	I03.png	905258189b380c87	22
/mnt/v/input/zensim/sources/1624307_512sq.png	d479785b1b02e8ed	I03.png	905258189b380c87	23
/mnt/v/input/zensim/sources/162511_512sq.png	ec9e9c8e8c9c98e5	I10.png	9c9f585e4c18bc24	19
/mnt/v/input/zensim/sources/164338_512sq.png	d9abcecbcb9a6890	I24.png	cdcdebcb4accc999	20
/mnt/v/input/zensim/sources/1661950_512sq.png	740081715178e411	I17.png	646094f473796971	18
/mnt/v/input/zensim/sources/167491_512sq.png	19d9929bc8ec4dde	I24.png	cdcdebcb4accc999	22
/mnt/v/input/zensim/sources/167bf91d446950dc_1022x818.png	acc6cba5e14a4262	I02.png	2a60a389c9767032	24
/mnt/v/input/zensim/sources/167bf91d446950dc_1024sq.png	b8a4cba541526252	I02.png	2a60a389c9767032	20
/mnt/v/input/zensim/sources/167bf91d446950dc_512sq.png	c7dcd4e6a50c1a1a	I08.png	9ade5edcd5949f8e	25
/mnt/v/input/zensim/sources/167bf91d446950dc_513x769.png	6d87dcd6251a1aa5	I10.png	9c9f585e4c18bc24	22
/mnt/v/input/zensim/sources/167bf91d446950dc_769x513.png	ce5b1ba4e0899b93	I20.png	9adea783e1110b0b	24
/mnt/v/input/zensim/sources/167bf91d446950dc_818x1022.png	282ecb04c59bc3c3	I04.png	63322169e8adc1c1	27
/mnt/v/input/zensim/sources/1687147_512sq.png	f8e73b4e6be9e6ee	I14.png	40c0383739adecec	23
/mnt/v/input/zensim/sources/169647_512sq.png	0c2c9395040d0d0d	I05.png	04cb2e9095568c8d	26
/mnt/v/input/zensim/sources/16_512sq.png	8681830333038190	I16.png	8187023342038190	13
/mnt/v/input/zensim/sources/16e999ba9972c62d_1022x818.png	2579361909522419	I05.png	04cb2e9095568c8d	22
/mnt/v/input/zensim/sources/16e999ba9972c62d_1024sq.png	1465361d0976994c	I05.png	04cb2e9095568c8d	23
/mnt/v/input/zensim/sources/16e999ba9972c62d_512sq.png	e27b93da8d304800	I06.png	9313a3de8ec9c8e8	23
/mnt/v/input/zensim/sources/16e999ba9972c62d_513x769.png	8bfab3db8c320c00	I20.png	9adea783e1110b0b	23
/mnt/v/input/zensim/sources/16e999ba9972c62d_769x513.png	7432522848912902	I01.png	5db2525252732b34	21
/mnt/v/input/zensim/sources/16e999ba9972c62d_818x1022.png	1664721a48b215ca	I03.png	905258189b380c87	26
/mnt/v/input/zensim/sources/1722183_512sq.png	a6aaa9fddcdfcfef	I04.png	63322169e8adc1c1	26
/mnt/v/input/zensim/sources/17_512sq.png	6e585864c4b47379	I23.png	ecf8d15458b85959	19
/mnt/v/input/zensim/sources/1830d6b6bae6cd88_1022x818.png	69696929696b6be6	I07.png	4d65e5a5e171b165	23
/mnt/v/input/zensim/sources/1830d6b6bae6cd88_1024sq.png	29696929696be626	I02.png	2a60a389c9767032	22
/mnt/v/input/zensim/sources/1830d6b6bae6cd88_512sq.png	a4acac74acac2ca4	I14.png	40c0383739adecec	23
/mnt/v/input/zensim/sources/1830d6b6bae6cd88_513x769.png	a4a4ac6cac2c6cad	I09.png	c8b4acccd2563c26	24
/mnt/v/input/zensim/sources/1830d6b6bae6cd88_769x513.png	cccccc2cec0cada1	I10.png	9c9f585e4c18bc24	22
/mnt/v/input/zensim/sources/1830d6b6bae6cd88_818x1022.png	4ccccd6dada9eb66	I07.png	4d65e5a5e171b165	23
/mnt/v/input/zensim/sources/185bd92b16626205_1022x818.png	2727a7a72767e767	I18.png	33158e27a7a62331	20
/mnt/v/input/zensim/sources/185bd92b16626205_1024sq.png	2727a7a727676763	I18.png	33158e27a7a62331	18
/mnt/v/input/zensim/sources/185bd92b16626205_512sq.png	e3e2e2e3e3e6e6e2	I12.png	c3c3c3c3e3c3d6ec	14
/mnt/v/input/zensim/sources/185bd92b16626205_513x769.png	e0e2e2e3e3e6e2e6	I12.png	c3c3c3c3e3c3d6ec	16
/mnt/v/input/zensim/sources/185bd92b16626205_769x513.png	6565656567676565	I07.png	4d65e5a5e171b165	15
/mnt/v/input/zensim/sources/185bd92b16626205_818x1022.png	6565656567656565	I07.png	4d65e5a5e171b165	14
/mnt/v/input/zensim/sources/1867bddaee0a8721_1022x818.png	3131648d8dcc58d8	I06.png	9313a3de8ec9c8e8	22
/mnt/v/input/zensim/sources/1867bddaee0a8721_1024sq.png	623164cd8dccd818	I04.png	63322169e8adc1c1	24
/mnt/v/input/zensim/sources/1867bddaee0a8721_512sq.png	c1c3832e0e179e32	I16.png	8187023342038190	22
/mnt/v/input/zensim/sources/1867bddaee0a8721_513x769.png	f1e1c32e0e16323c	I18.png	33158e27a7a62331	26
/mnt/v/input/zensim/sources/1867bddaee0a8721_769x513.png	62e6c42c0c1c9c94	I10.png	9c9f585e4c18bc24	26
/mnt/v/input/zensim/sources/1867bddaee0a8721_818x1022.png	e170608c8cdc989c	I06.png	9313a3de8ec9c8e8	25
/mnt/v/input/zensim/sources/18_512sq.png	3532350ea7a62779	I18.png	33158e27a7a62331	18
/mnt/v/input/zensim/sources/1910225_512sq.png	602420b0b2d0d868	I17.png	646094f473796971	23
/mnt/v/input/zensim/sources/1938351_512sq.png	febff1f2b09cdc4c	I23.png	ecf8d15458b85959	23
/mnt/v/input/zensim/sources/1947a28b2bdf6161_1022x818.png	b5f032183962cb8d	I03.png	905258189b380c87	24
/mnt/v/input/zensim/sources/1947a28b2bdf6161_1024sq.png	49f1b2183bea898d	I03.png	905258189b380c87	25
/mnt/v/input/zensim/sources/1947a28b2bdf6161_512sq.png	79b938385cdcc68e	I11.png	1f8b64765e595aac	25
/mnt/v/input/zensim/sources/1947a28b2bdf6161_513x769.png	71713938dcc48e9d	I05.png	04cb2e9095568c8d	25
/mnt/v/input/zensim/sources/1947a28b2bdf6161_818x1022.png	c5b2b21869c90c0c	I15.png	1517333479696c79	22
/mnt/v/input/zensim/sources/19_512sq.png	1f79e7664f404b18	I19.png	177df9e766474148	18
/mnt/v/input/zensim/sources/1_512sq.png	ec931bbb3b959430	I22.png	949515181b9372f0	23
/mnt/v/input/zensim/sources/1a20ecb0c1b92466_1022x818.png	6d6bb4e5a9a91d0f	I07.png	4d65e5a5e171b165	22
/mnt/v/input/zensim/sources/1a20ecb0c1b92466_1024sq.png	2d69fae5a92d0d4c	I19.png	177df9e766474148	23
/mnt/v/input/zensim/sources/1a20ecb0c1b92466_512sq.png	4c65cb824dcc6dad	I24.png	cdcdebcb4accc999	18
/mnt/v/input/zensim/sources/1a20ecb0c1b92466_513x769.png	854c65cbcccd6b0e	I24.png	cdcdebcb4accc999	20
/mnt/v/input/zensim/sources/1a20ecb0c1b92466_769x513.png	a9346ae6ac692a6e	I06.png	9313a3de8ec9c8e8	26
/mnt/v/input/zensim/sources/1a20ecb0c1b92466_818x1022.png	6c48a9e6a92c0dca	I14.png	40c0383739adecec	23
/mnt/v/input/zensim/sources/1a753e090508c6e2_1022x818.png	8383b3928162c6c7	I12.png	c3c3c3c3e3c3d6ec	19
/mnt/v/input/zensim/sources/1a753e090508c6e2_1024sq.png	8f838393a1c2c796	I12.png	c3c3c3c3e3c3d6ec	17
/mnt/v/input/zensim/sources/1a753e090508c6e2_513x769.png	00006001936001c9	I03.png	905258189b380c87	22
/mnt/v/input/zensim/sources/1a753e090508c6e2_769x513.png	2323332250a5e392	I04.png	63322169e8adc1c1	20
/mnt/v/input/zensim/sources/1a753e090508c6e2_818x1022.png	0f832333a5a28212	I16.png	8187023342038190	20
/mnt/v/input/zensim/sources/1d5cbeabbcc89df0_1022x818.png	52532a6df365322a	I18.png	33158e27a7a62331	25
/mnt/v/input/zensim/sources/1d5cbeabbcc89df0_1024sq.png	4852aa69e7313aae	I09.png	c8b4acccd2563c26	25
/mnt/v/input/zensim/sources/1d5cbeabbcc89df0_512sq.png	826cd4aaabababe9	I17.png	646094f473796971	27
/mnt/v/input/zensim/sources/1d5cbeabbcc89df0_513x769.png	30224caaababedac	I14.png	40c0383739adecec	23
/mnt/v/input/zensim/sources/1d5cbeabbcc89df0_769x513.png	452969c4214dd62a	I19.png	177df9e766474148	25
/mnt/v/input/zensim/sources/1d5cbeabbcc89df0_818x1022.png	c89129a4e5a0abaf	I07.png	4d65e5a5e171b165	25
/mnt/v/input/zensim/sources/1d8a4acc0a63ade2_1022x818.png	d151a5a1bb1b82ba	I20.png	9adea783e1110b0b	25
/mnt/v/input/zensim/sources/1d8a4acc0a63ade2_1024sq.png	fb5181a1bb02a22b	I18.png	33158e27a7a62331	23
/mnt/v/input/zensim/sources/1d8a4acc0a63ade2_512sq.png	56cb45d5d8553522	I11.png	1f8b64765e595aac	25
/mnt/v/input/zensim/sources/1d8a4acc0a63ade2_513x769.png	b4b6c755555520f0	I22.png	949515181b9372f0	23
/mnt/v/input/zensim/sources/1d8a4acc0a63ade2_769x513.png	8445405059f13d01	I03.png	905258189b380c87	23
/mnt/v/input/zensim/sources/1d8a4acc0a63ade2_818x1022.png	f995454179013169	I07.png	4d65e5a5e171b165	23
/mnt/v/input/zensim/sources/1db248795968a212_512sq.png	3838e9c9f21e0f47	I09.png	c8b4acccd2563c26	22
/mnt/v/input/zensim/sources/1e2f9d41529197f10d32bfa68a1e0bcc_1022x818.png	3215d237162bc21a	I18.png	33158e27a7a62331	22
/mnt/v/input/zensim/sources/1e2f9d41529197f10d32bfa68a1e0bcc_1024sq.png	33309716160a5a83	I06.png	9313a3de8ec9c8e8	26
/mnt/v/input/zensim/sources/1e2f9d41529197f10d32bfa68a1e0bcc_512sq.png	5613a63362635414	I16.png	8187023342038190	22
/mnt/v/input/zensim/sources/1e2f9d41529197f10d32bfa68a1e0bcc_513x769.png	785332a362540d7d	I01.png	5db2525252732b34	26
/mnt/v/input/zensim/sources/1e2f9d41529197f10d32bfa68a1e0bcc_769x513.png	34932516a6332dcb	I05.png	04cb2e9095568c8d	25
/mnt/v/input/zensim/sources/1e2f9d41529197f10d32bfa68a1e0bcc_818x1022.png	713195173789990b	I18.png	33158e27a7a62331	26
/mnt/v/input/zensim/sources/1eb1a3d35b8bf802_1022x818.png	dcd4d0dcdcd28dad	I08.png	9ade5edcd5949f8e	19
/mnt/v/input/zensim/sources/1eb1a3d35b8bf802_512sq.png	b5b5b49191b53496	I22.png	949515181b9372f0	22
/mnt/v/input/zensim/sources/1eb1a3d35b8bf802_513x769.png	b2b43191b1b006c6	I03.png	905258189b380c87	23
/mnt/v/input/zensim/sources/1eb1a3d35b8bf802_769x513.png	141397521254169d	I05.png	04cb2e9095568c8d	23
/mnt/v/input/zensim/sources/1eb1a3d35b8bf802_818x1022.png	9d941216128cac98	I16.png	8187023342038190	22
/mnt/v/input/zensim/sources/1ebf7141ff840f98_1022x818.png	07256c7cfcf9fbfe	I11.png	1f8b64765e595aac	21
/mnt/v/input/zensim/sources/1ebf7141ff840f98_1024sq.png	8f07647cf9f9fe3e	I11.png	1f8b64765e595aac	20
/mnt/v/input/zensim/sources/1ebf7141ff840f98_512sq.png	c6e6e6f6fefefcfc	I12.png	c3c3c3c3e3c3d6ec	25
/mnt/v/input/zensim/sources/1ebf7141ff840f98_513x769.png	43c3e6f6fef8fcfe	I11.png	1f8b64765e595aac	21
/mnt/v/input/zensim/sources/1ebf7141ff840f98_818x1022.png	0f0364fcfcf8fd7f	I11.png	1f8b64765e595aac	22
/mnt/v/input/zensim/sources/1ec1256a9becdc81_1022x818.png	44ed63278686a672	I18.png	33158e27a7a62331	26
/mnt/v/input/zensim/sources/1ec1256a9becdc81_1024sq.png	c4ece32786a6a642	I18.png	33158e27a7a62331	28
/mnt/v/input/zensim/sources/1ec1256a9becdc81_512sq.png	c5c4c1808139c9c5	I07.png	4d65e5a5e171b165	20
/mnt/v/input/zensim/sources/1ec1256a9becdc81_513x769.png	9793c5808109c3e0	I06.png	9313a3de8ec9c8e8	21
/mnt/v/input/zensim/sources/1ec1256a9becdc81_769x513.png	49c5434343124b47	I12.png	c3c3c3c3e3c3d6ec	23
/mnt/v/input/zensim/sources/1ec5bb3290e32d9e_1022x818.png	f6e4dcfcbcfef6bd	I13.png	ecc1d690c9fcc6c0	26
/mnt/v/input/zensim/sources/1ec5bb3290e32d9e_512sq.png	4fb6b6beb67e5d79	I17.png	646094f473796971	25
/mnt/v/input/zensim/sources/1ec5bb3290e32d9e_513x769.png	f74fb6b6b67d5b7b	I17.png	646094f473796971	23
/mnt/v/input/zensim/sources/1ec5bb3290e32d9e_769x513.png	ae34d6ff763cbffb	I17.png	646094f473796971	25
/mnt/v/input/zensim/sources/1ed6364f24c52fce_1022x818.png	24a4c184803f0360	I07.png	4d65e5a5e171b165	24
/mnt/v/input/zensim/sources/1ed6364f24c52fce_1024sq.png	04a4c384841f21e0	I07.png	4d65e5a5e171b165	25
/mnt/v/input/zensim/sources/1ed6364f24c52fce_512sq.png	00000c0000286703	I03.png	905258189b380c87	23
/mnt/v/input/zensim/sources/1ed6364f24c52fce_513x769.png	8302040400ef01e0	I16.png	8187023342038190	22
/mnt/v/input/zensim/sources/1ed6364f24c52fce_769x513.png	80800840002b2707	I03.png	905258189b380c87	23
/mnt/v/input/zensim/sources/1ed6364f24c52fce_818x1022.png	4666810402276060	I02.png	2a60a389c9767032	24
/mnt/v/input/zensim/sources/1efc926eade8d598_1022x818.png	e49d2d6455554565	I09.png	c8b4acccd2563c26	25
/mnt/v/input/zensim/sources/1efc926eade8d598_1024sq.png	edcd9d6555454575	I07.png	4d65e5a5e171b165	24
/mnt/v/input/zensim/sources/1efc926eade8d598_512sq.png	3ea6d62696767696	I01.png	5db2525252732b34	25
/mnt/v/input/zensim/sources/1efc926eade8d598_513x769.png	563ab64632769656	I01.png	5db2525252732b34	24
/mnt/v/input/zensim/sources/1efc926eade8d598_769x513.png	1cc4e5a587b4a586	I07.png	4d65e5a5e171b165	21
/mnt/v/input/zensim/sources/1efc926eade8d598_818x1022.png	cd851ce5b5a5a5a5	I07.png	4d65e5a5e171b165	22
/mnt/v/input/zensim/sources/1fb72c0d6d4352c8_1024sq.png	1539080c04060e1e	I05.png	04cb2e9095568c8d	25
/mnt/v/input/zensim/sources/1fb72c0d6d4352c8_512sq.png	0c04020303030307	I16.png	8187023342038190	18
/mnt/v/input/zensim/sources/1fb72c0d6d4352c8_513x769.png	cccc060303030707	I20.png	9adea783e1110b0b	20
/mnt/v/input/zensim/sources/1fb72c0d6d4352c8_769x513.png	080d040606060707	I18.png	33158e27a7a62331	23
/mnt/v/input/zensim/sources/200bcdb3e17d3073_1022x818.png	b7d6488acbc596d0	I12.png	c3c3c3c3e3c3d6ec	23
/mnt/v/input/zensim/sources/200bcdb3e17d3073_1024sq.png	26b74e8acd85d855	I05.png	04cb2e9095568c8d	27
/mnt/v/input/zensim/sources/200bcdb3e17d3073_512sq.png	1b0a9a0c0c146565	I10.png	9c9f585e4c18bc24	24
/mnt/v/input/zensim/sources/200bcdb3e17d3073_769x513.png	9a8b580d8dd2a6a6	I10.png	9c9f585e4c18bc24	20
/mnt/v/input/zensim/sources/200bcdb3e17d3073_818x1022.png	56379a89cca6bad2	I02.png	2a60a389c9767032	26
/mnt/v/input/zensim/sources/2020432_512sq.png	141c3870aa9c8c40	I03.png	905258189b380c87	23
/mnt/v/input/zensim/sources/2062426_512sq.png	e3a313db3333098b	I16.png	8187023342038190	23
/mnt/v/input/zensim/sources/207691_512sq.png	13d2a824401aa3c4	I16.png	8187023342038190	24
/mnt/v/input/zensim/sources/208560_512sq.png	ce62939293fd3c5a	I02.png	2a60a389c9767032	25
/mnt/v/input/zensim/sources/209864_512sq.png	b04080c04098a0e3	I13.png	ecc1d690c9fcc6c0	25
/mnt/v/input/zensim/sources/20_512sq.png	09657bc120080412	I19.png	177df9e766474148	26
/mnt/v/input/zensim/sources/20cb269f9cbcd97d_1022x818.png	480dcdcb4a4d49cb	I24.png	cdcdebcb4accc999	14
/mnt/v/input/zensim/sources/20cb269f9cbcd97d_1024sq.png	48488dca4a4dcb88	I24.png	cdcdebcb4accc999	16
/mnt/v/input/zensim/sources/20cb269f9cbcd97d_512sq.png	4b494b4acb4a0b8b	I24.png	cdcdebcb4accc999	19
/mnt/v/input/zensim/sources/20cb269f9cbcd97d_513x769.png	4a4b49ca4a4b0a4a	I24.png	cdcdebcb4accc999	24
/mnt/v/input/zensim/sources/20cb269f9cbcd97d_769x513.png	4e4aca4acaabcacc	I12.png	c3c3c3c3e3c3d6ec	22
/mnt/v/input/zensim/sources/20cb269f9cbcd97d_818x1022.png	c8c84aca88ccca88	I24.png	cdcdebcb4accc999	15
/mnt/v/input/zensim/sources/20f63bf11ab2c911_512sq.png	78f1943ae0912b07	I20.png	9adea783e1110b0b	23
/mnt/v/input/zensim/sources/20f63bf11ab2c911_769x513.png	3af0c0b071438307	I21.png	3ad9a265616b94d3	22
/mnt/v/input/zensim/sources/2119713_512sq.png	1100d4149a594d29	I03.png	905258189b380c87	21
/mnt/v/input/zensim/sources/2123337_512sq.png	0080f3f2c8f26878	I02.png	2a60a389c9767032	22
/mnt/v/input/zensim/sources/2127969_512sq.png	1871ccb9e34f1f3f	I09.png	c8b4acccd2563c26	26
/mnt/v/input/zensim/sources/21389ca315690a68_1022x818.png	6474725311394967	I17.png	646094f473796971	20
/mnt/v/input/zensim/sources/21389ca315690a68_1024sq.png	6c64765291494304	I01.png	5db2525252732b34	23
/mnt/v/input/zensim/sources/21389ca315690a68_513x769.png	d7e1d1d899d99448	I13.png	ecc1d690c9fcc6c0	21
/mnt/v/input/zensim/sources/21389ca315690a68_769x513.png	f3d2d2dada5a48d8	I06.png	9313a3de8ec9c8e8	20
/mnt/v/input/zensim/sources/21389ca315690a68_818x1022.png	4c66f2d25ad8c102	I24.png	cdcdebcb4accc999	22
/mnt/v/input/zensim/sources/2156881_512sq.png	279a936e99cbcad0	I06.png	9313a3de8ec9c8e8	21
/mnt/v/input/zensim/sources/2184504_512sq.png	b4b4b4b4b49c999c	I08.png	9ade5edcd5949f8e	24
/mnt/v/input/zensim/sources/21_512sq.png	800e2499d89aa5d0	I16.png	8187023342038190	22
/mnt/v/input/zensim/sources/2232979_512sq.png	c8e072f1f0f0f8e8	I14.png	40c0383739adecec	22
/mnt/v/input/zensim/sources/225284_512sq.png	d8337130d6a8d95e	I23.png	ecf8d15458b85959	22
/mnt/v/input/zensim/sources/2263510_512sq.png	973781c9cbca8381	I04.png	63322169e8adc1c1	22
/mnt/v/input/zensim/sources/2272939_512sq.png	382423b123217133	I02.png	2a60a389c9767032	20
/mnt/v/input/zensim/sources/2290070_512sq.png	31172a4a6af2c48d	I04.png	63322169e8adc1c1	25
/mnt/v/input/zensim/sources/22a98a05bdc11c1b_1022x818.png	4b634b6b2b0fd89a	I24.png	cdcdebcb4accc999	23
/mnt/v/input/zensim/sources/22a98a05bdc11c1b_1024sq.png	5b4b6b6b0b0ff89a	I24.png	cdcdebcb4accc999	21
/mnt/v/input/zensim/sources/22a98a05bdc11c1b_512sq.png	d39bcbd35b521f1e	I12.png	c3c3c3c3e3c3d6ec	22
/mnt/v/input/zensim/sources/22a98a05bdc11c1b_513x769.png	11c3cbdbd21f1ffc	I12.png	c3c3c3c3e3c3d6ec	20
/mnt/v/input/zensim/sources/22a98a05bdc11c1b_769x513.png	c5cdcdc56d251f9c	I24.png	cdcdebcb4accc999	23
/mnt/v/input/zensim/sources/22a98a05bdc11c1b_818x1022.png	d5c5c5ed0f1ff819	I24.png	cdcdebcb4accc999	22
/mnt/v/input/zensim/sources/22c5f9799e6a75f1_1022x818.png	a272cae8aaaacaaa	I06.png	9313a3de8ec9c8e8	23
/mnt/v/input/zensim/sources/22c5f9799e6a75f1_1024sq.png	c832dac8aaeaaaae	I03.png	905258189b380c87	24
/mnt/v/input/zensim/sources/22c5f9799e6a75f1_512sq.png	2d9c0c2deded2c2c	I14.png	40c0383739adecec	24
/mnt/v/input/zensim/sources/22c5f9799e6a75f1_513x769.png	68299c4cedec2cec	I14.png	40c0383739adecec	24
/mnt/v/input/zensim/sources/22c5f9799e6a75f1_769x513.png	9bd9c82eed6dae2d	I10.png	9c9f585e4c18bc24	23
/mnt/v/input/zensim/sources/22c5f9799e6a75f1_818x1022.png	cc23d9c82d2d6b2f	I17.png	646094f473796971	28
/mnt/v/input/zensim/sources/22ea12c903e41583b7c469cb86040157_1022x818.png	b449082508080e4e	I03.png	905258189b380c87	24
/mnt/v/input/zensim/sources/22ea12c903e41583b7c469cb86040157_1024sq.png	33b54924080e4e4d	I15.png	1517333479696c79	26
/mnt/v/input/zensim/sources/22ea12c903e41583b7c469cb86040157_512sq.png	848427a60c4c4c4e	I05.png	04cb2e9095568c8d	25
/mnt/v/input/zensim/sources/22ea12c903e41583b7c469cb86040157_513x769.png	678484a60c4c4c4d	I11.png	1f8b64765e595aac	27
/mnt/v/input/zensim/sources/22ea12c903e41583b7c469cb86040157_769x513.png	0c0d24040d4d0d0d	I05.png	04cb2e9095568c8d	20
/mnt/v/input/zensim/sources/22ea12c903e41583b7c469cb86040157_818x1022.png	31b44c250d0d4b4e	I14.png	40c0383739adecec	27
/mnt/v/input/zensim/sources/2387532_512sq.png	3f3e7ef9363b9e4f	I08.png	9ade5edcd5949f8e	26
/mnt/v/input/zensim/sources/2387876_512sq.png	6a828dafb29081e1	I04.png	63322169e8adc1c1	24
/mnt/v/input/zensim/sources/239581_512sq.png	972f5a181a165eac	I03.png	905258189b380c87	23
/mnt/v/input/zensim/sources/23_512sq.png	76f67ce8a4dc2c2c	I09.png	c8b4acccd2563c26	24
/mnt/v/input/zensim/sources/23ae3f340c3d9946_1024sq.png	866472c393931d2a	I20.png	9adea783e1110b0b	25
/mnt/v/input/zensim/sources/23ae3f340c3d9946_512sq.png	b9688c084959583b	I02.png	2a60a389c9767032	22
/mnt/v/input/zensim/sources/23ae3f340c3d9946_513x769.png	89f9c80849583b6b	I23.png	ecf8d15458b85959	23
/mnt/v/input/zensim/sources/23ae3f340c3d9946_769x513.png	7a6bc9890b091932	I02.png	2a60a389c9767032	23
/mnt/v/input/zensim/sources/23ae3f340c3d9946_818x1022.png	87c278cb9b9bbc2b	I03.png	905258189b380c87	23
/mnt/v/input/zensim/sources/23c28370c60c9586_1022x818.png	99357074e3393569	I15.png	1517333479696c79	20
/mnt/v/input/zensim/sources/23c28370c60c9586_1024sq.png	0c397474a1316992	I17.png	646094f473796971	22
/mnt/v/input/zensim/sources/23c28370c60c9586_512sq.png	d194f4d1d4d27b72	I09.png	c8b4acccd2563c26	22
/mnt/v/input/zensim/sources/23c28370c60c9586_513x769.png	fed1d4d5d67ab2ae	I13.png	ecc1d690c9fcc6c0	24
/mnt/v/input/zensim/sources/23c28370c60c9586_769x513.png	c2d03aa2a525bcb3	I14.png	40c0383739adecec	22
/mnt/v/input/zensim/sources/2444429_512sq.png	f0cc8c10b39ccce9	I14.png	40c0383739adecec	22
/mnt/v/input/zensim/sources/2471234_512sq.png	ce0381e0313099dc	I07.png	4d65e5a5e171b165	25
/mnt/v/input/zensim/sources/248bba102cf8cd1c_512sq.png	1594b6ea48b2f361	I22.png	949515181b9372f0	23
/mnt/v/input/zensim/sources/248bba102cf8cd1c_513x769.png	868db6e2cab35d9c	I16.png	8187023342038190	25
/mnt/v/input/zensim/sources/24_512sq.png	e266f5e5e6c4c1cd	I04.png	63322169e8adc1c1	21
/mnt/v/input/zensim/sources/24db1293956a6949_1022x818.png	062c803ca8197461	I17.png	646094f473796971	24
/mnt/v/input/zensim/sources/24db1293956a6949_1024sq.png	d20e0c3ca83d6159	I04.png	63322169e8adc1c1	24
/mnt/v/input/zensim/sources/24db1293956a6949_512sq.png	fe0405df91047bdb	I08.png	9ade5edcd5949f8e	27
/mnt/v/input/zensim/sources/24db1293956a6949_513x769.png	89ce01df940acb91	I16.png	8187023342038190	22
/mnt/v/input/zensim/sources/24db1293956a6949_769x513.png	7c80067e720038fa	I17.png	646094f473796971	24
/mnt/v/input/zensim/sources/24db1293956a6949_818x1022.png	9a0e0c7e583ae2d9	I10.png	9c9f585e4c18bc24	25
/mnt/v/input/zensim/sources/2504911_512sq.png	a831514142f6e8f0	I02.png	2a60a389c9767032	24
/mnt/v/input/zensim/sources/257e1aa92f805530_1024sq.png	ddd5c526246a64c4	I07.png	4d65e5a5e171b165	25
/mnt/v/input/zensim/sources/257e1aa92f805530_512sq.png	0464e36763dc23db	I19.png	177df9e766474148	24
/mnt/v/input/zensim/sources/257e1aa92f805530_513x769.png	330464e36319daa3	I11.png	1f8b64765e595aac	23
/mnt/v/input/zensim/sources/257e1aa92f805530_769x513.png	8022262624d8864b	I05.png	04cb2e9095568c8d	27
/mnt/v/input/zensim/sources/257e1aa92f805530_818x1022.png	1cd48026a46ae686	I21.png	3ad9a265616b94d3	24
/mnt/v/input/zensim/sources/2581922_512sq.png	8fec933b3786381c	I16.png	8187023342038190	28
/mnt/v/input/zensim/sources/258947_512sq.png	5b2bfaf0bc34f0d9	I04.png	63322169e8adc1c1	28
/mnt/v/input/zensim/sources/2599868_512sq.png	272e72472e336e6e	I01.png	5db2525252732b34	26
/mnt/v/input/zensim/sources/2600340_512sq.png	bf8776b8b6a62d12	I18.png	33158e27a7a62331	25
/mnt/v/input/zensim/sources/26103251787_d8635e260d_o_512sq.png	b273491c0c052309	I03.png	905258189b380c87	26
/mnt/v/input/zensim/sources/261045_512sq.png	707e776de276f0f8	I02.png	2a60a389c9767032	25
/mnt/v/input/zensim/sources/262780_512sq.png	f262b3cccce8f8fc	I06.png	9313a3de8ec9c8e8	18
/mnt/v/input/zensim/sources/2693208_512sq.png	6276b5b2f6e36773	I17.png	646094f473796971	21
/mnt/v/input/zensim/sources/2693212_512sq.png	2d051e3633593a7d	I15.png	1517333479696c79	20
/mnt/v/input/zensim/sources/271619_512sq.png	0481622cc0808000	I16.png	8187023342038190	20
/mnt/v/input/zensim/sources/271624_512sq.png	b0a338b1b468deff	I14.png	40c0383739adecec	25
/mnt/v/input/zensim/sources/271a645aa6d6aec1_1022x818.png	7d333280d4d86824	I01.png	5db2525252732b34	21
/mnt/v/input/zensim/sources/271a645aa6d6aec1_1024sq.png	7c7f3280d4d82804	I05.png	04cb2e9095568c8d	24
/mnt/v/input/zensim/sources/271a645aa6d6aec1_512sq.png	6a680061371158ec	I17.png	646094f473796971	24
/mnt/v/input/zensim/sources/271a645aa6d6aec1_513x769.png	6b62486037196ca6	I03.png	905258189b380c87	24
/mnt/v/input/zensim/sources/271a645aa6d6aec1_769x513.png	312101a0b69298a8	I06.png	9313a3de8ec9c8e8	26
/mnt/v/input/zensim/sources/271a645aa6d6aec1_818x1022.png	bdb531a094d86c04	I09.png	c8b4acccd2563c26	26
/mnt/v/input/zensim/sources/2738653_512sq.png	7961e7d3ececc962	I13.png	ecc1d690c9fcc6c0	23
/mnt/v/input/zensim/sources/274fa4fe89fa75c2_1022x818.png	96767633e9315966	I20.png	9adea783e1110b0b	22
/mnt/v/input/zensim/sources/274fa4fe89fa75c2_1024sq.png	db16763339594ee3	I15.png	1517333479696c79	21
/mnt/v/input/zensim/sources/274fa4fe89fa75c2_512sq.png	99f3f1e4e4c6f038	I19.png	177df9e766474148	22
/mnt/v/input/zensim/sources/274fa4fe89fa75c2_513x769.png	23d3f1e0c4f03c87	I03.png	905258189b380c87	27
/mnt/v/input/zensim/sources/274fa4fe89fa75c2_769x513.png	5373726969e871b8	I04.png	63322169e8adc1c1	21
/mnt/v/input/zensim/sources/274fa4fe89fa75c2_818x1022.png	99b2727169b8cee3	I03.png	905258189b380c87	24
/mnt/v/input/zensim/sources/2770eefaab923787_1022x818.png	65606964696471d2	I04.png	63322169e8adc1c1	22
/mnt/v/input/zensim/sources/2770eefaab923787_1024sq.png	656565606865d38e	I07.png	4d65e5a5e171b165	21
/mnt/v/input/zensim/sources/2770eefaab923787_512sq.png	0909990008691b04	I01.png	5db2525252732b34	28
/mnt/v/input/zensim/sources/2770eefaab923787_513x769.png	80088910080de528	I14.png	40c0383739adecec	23
/mnt/v/input/zensim/sources/2770eefaab923787_769x513.png	5bcad840494a52e4	I12.png	c3c3c3c3e3c3d6ec	22
/mnt/v/input/zensim/sources/2770eefaab923787_818x1022.png	4a424a524a64bb0b	I01.png	5db2525252732b34	24
/mnt/v/input/zensim/sources/27ef3600eee5acf6_1022x818.png	6c6c6f2d6c6c2f6c	I07.png	4d65e5a5e171b165	24
/mnt/v/input/zensim/sources/27ef3600eee5acf6_512sq.png	a7a547c7a5a5a5a5	I18.png	33158e27a7a62331	22
/mnt/v/input/zensim/sources/27ef3600eee5acf6_513x769.png	a4a725c7e5252587	I07.png	4d65e5a5e171b165	24
/mnt/v/input/zensim/sources/27ef3600eee5acf6_769x513.png	ccc5ad6c6ece4665	I09.png	c8b4acccd2563c26	24
/mnt/v/input/zensim/sources/281026c160796d21_512sq.png	a8c8c04cf085060e	I08.png	9ade5edcd5949f8e	23
/mnt/v/input/zensim/sources/281026c160796d21_513x769.png	c0c8c04cf4860e8c	I08.png	9ade5edcd5949f8e	22
/mnt/v/input/zensim/sources/2866385_512sq.png	06c632302d100000	I05.png	04cb2e9095568c8d	23
/mnt/v/input/zensim/sources/28805f3098a3edb4_512sq.png	8d878f0c36071f9c	I16.png	8187023342038190	24
/mnt/v/input/zensim/sources/28805f3098a3edb4_769x513.png	4bcf4e0c9d0c8c9c	I05.png	04cb2e9095568c8d	19
/mnt/v/input/zensim/sources/28805f3098a3edb4_818x1022.png	9627cb0c1c8c7933	I10.png	9c9f585e4c18bc24	26
/mnt/v/input/zensim/sources/28d24b9c83de066597ff96a68769884f_1022x818.png	95db9f9f17271797	I08.png	9ade5edcd5949f8e	25
/mnt/v/input/zensim/sources/28d24b9c83de066597ff96a68769884f_1024sq.png	82d9db9f373797b7	I08.png	9ade5edcd5949f8e	24
/mnt/v/input/zensim/sources/28d24b9c83de066597ff96a68769884f_512sq.png	083b1f1b33f14121	I01.png	5db2525252732b34	26
/mnt/v/input/zensim/sources/28d24b9c83de066597ff96a68769884f_513x769.png	2b281f1f31612121	I18.png	33158e27a7a62331	24
/mnt/v/input/zensim/sources/28d24b9c83de066597ff96a68769884f_769x513.png	999b1f1b333323b3	I22.png	949515181b9372f0	20
/mnt/v/input/zensim/sources/28d24b9c83de066597ff96a68769884f_818x1022.png	239d9b1f33233337	I18.png	33158e27a7a62331	18
/mnt/v/input/zensim/sources/28e8028e1dd079a2_1022x818.png	6424bc8c2d3f7ffb	I17.png	646094f473796971	22
/mnt/v/input/zensim/sources/28e8028e1dd079a2_1024sq.png	66243c8c3d3f7fff	I17.png	646094f473796971	24
/mnt/v/input/zensim/sources/28e8028e1dd079a2_512sq.png	95d10e0e6eeb5d96	I16.png	8187023342038190	27
/mnt/v/input/zensim/sources/28e8028e1dd079a2_513x769.png	b397d70e6efb96df	I12.png	c3c3c3c3e3c3d6ec	25
/mnt/v/input/zensim/sources/28e8028e1dd079a2_769x513.png	4e7a0d8dac343bdf	I08.png	9ade5edcd5949f8e	27
/mnt/v/input/zensim/sources/28e8028e1dd079a2_818x1022.png	e2465e8d2d7f5ffb	I08.png	9ade5edcd5949f8e	28
/mnt/v/input/zensim/sources/2932297a45cefbc5_512sq.png	3143112918d8fc26	I03.png	905258189b380c87	24
/mnt/v/input/zensim/sources/2932297a45cefbc5_769x513.png	932292330b717904	I01.png	5db2525252732b34	22
/mnt/v/input/zensim/sources/29b4ec0dc5fd3502_1022x818.png	e50732f2222237e3	I16.png	8187023342038190	23
/mnt/v/input/zensim/sources/29b4ec0dc5fd3502_512sq.png	3374f4d4d44084f3	I21.png	3ad9a265616b94d3	26
/mnt/v/input/zensim/sources/29b4ec0dc5fd3502_513x769.png	8303f4f4d004b3d2	I16.png	8187023342038190	25
/mnt/v/input/zensim/sources/29b4ec0dc5fd3502_769x513.png	363bf3e343434d77	I19.png	177df9e766474148	20
/mnt/v/input/zensim/sources/29b4ec0dc5fd3502_818x1022.png	f6863af243677393	I16.png	8187023342038190	24
/mnt/v/input/zensim/sources/29baa0363cb3a33a_1022x818.png	55d62d5f67a5cf2c	I14.png	40c0383739adecec	23
/mnt/v/input/zensim/sources/29baa0363cb3a33a_1024sq.png	90d48d5fa7e5af20	I18.png	33158e27a7a62331	21
/mnt/v/input/zensim/sources/29baa0363cb3a33a_512sq.png	a6a65697a1e7649b	I13.png	ecc1d690c9fcc6c0	27
/mnt/v/input/zensim/sources/29baa0363cb3a33a_513x769.png	3326f6d7a1641b8f	I20.png	9adea783e1110b0b	24
/mnt/v/input/zensim/sources/29baa0363cb3a33a_769x513.png	a535ee16436766d2	I18.png	33158e27a7a62331	25
/mnt/v/input/zensim/sources/29baa0363cb3a33a_818x1022.png	1194a55e63664f60	I09.png	c8b4acccd2563c26	25
/mnt/v/input/zensim/sources/2_512sq.png	7a3bb3e44c743819	I02.png	2a60a389c9767032	23
/mnt/v/input/zensim/sources/2a2420f929cd47122eae364a2bc27710_1022x818.png	f87060e6e2f2f0d2	I21.png	3ad9a265616b94d3	24
/mnt/v/input/zensim/sources/2a2420f929cd47122eae364a2bc27710_1024sq.png	817860e6e2f0d0f0	I07.png	4d65e5a5e171b165	25
/mnt/v/input/zensim/sources/2a2420f929cd47122eae364a2bc27710_512sq.png	c8f8e3e189c9e9e9	I24.png	cdcdebcb4accc999	20
/mnt/v/input/zensim/sources/2a2420f929cd47122eae364a2bc27710_513x769.png	f8e4e1e1c9e9e938	I24.png	cdcdebcb4accc999	22
/mnt/v/input/zensim/sources/2a2420f929cd47122eae364a2bc27710_769x513.png	e2f0e6e3cbebba7a	I12.png	c3c3c3c3e3c3d6ec	22
/mnt/v/input/zensim/sources/2a2420f929cd47122eae364a2bc27710_818x1022.png	0078e2e2ebfa98f0	I21.png	3ad9a265616b94d3	23
/mnt/v/input/zensim/sources/2a43660a8d5c9996_1022x818.png	39b19718584e763d	I15.png	1517333479696c79	24
/mnt/v/input/zensim/sources/2a43660a8d5c9996_1024sq.png	17b9b7185a463e0d	I05.png	04cb2e9095568c8d	25
/mnt/v/input/zensim/sources/2a43660a8d5c9996_512sq.png	73674c3434180a25	I11.png	1f8b64765e595aac	24
/mnt/v/input/zensim/sources/2a43660a8d5c9996_513x769.png	7c75633c140a33db	I23.png	ecf8d15458b85959	26
/mnt/v/input/zensim/sources/2a43660a8d5c9996_769x513.png	b627293818190b2f	I03.png	905258189b380c87	24
/mnt/v/input/zensim/sources/2a43660a8d5c9996_818x1022.png	33b8b61818077e2c	I22.png	949515181b9372f0	25
/mnt/v/input/zensim/sources/2a46db68d1568ca0_1022x818.png	6303477171716463	I15.png	1517333479696c79	21
/mnt/v/input/zensim/sources/2a46db68d1568ca0_1024sq.png	63a3076179746623	I02.png	2a60a389c9767032	23
/mnt/v/input/zensim/sources/2a46db68d1568ca0_512sq.png	1b91c5c2c9c9c9c9	I06.png	9313a3de8ec9c8e8	18
/mnt/v/input/zensim/sources/2a46db68d1568ca0_513x769.png	c21991c5c9d9c8e3	I06.png	9313a3de8ec9c8e8	20
/mnt/v/input/zensim/sources/2a46db68d1568ca0_769x513.png	17c3e0ece4ece8e4	I06.png	9313a3de8ec9c8e8	21
/mnt/v/input/zensim/sources/2a46db68d1568ca0_818x1022.png	636313e4e4ece361	I04.png	63322169e8adc1c1	18
/mnt/v/input/zensim/sources/2b06ca7aa0396f81_1022x818.png	1422124520114581	I16.png	8187023342038190	24
/mnt/v/input/zensim/sources/2b06ca7aa0396f81_1024sq.png	9515124500150814	I16.png	8187023342038190	21
/mnt/v/input/zensim/sources/2b06ca7aa0396f81_513x769.png	5290511223121a4a	I22.png	949515181b9372f0	23
/mnt/v/input/zensim/sources/2b31b8809dd40395_512sq.png	3e7c9993261ddf6a	I19.png	177df9e766474148	22
/mnt/v/input/zensim/sources/2b31b8809dd40395_769x513.png	1d399a168c9e4cfc	I06.png	9313a3de8ec9c8e8	24
/mnt/v/input/zensim/sources/2b36bf48d5312dd8_1022x818.png	c329332f3b67a704	I14.png	40c0383739adecec	26
/mnt/v/input/zensim/sources/2b36bf48d5312dd8_512sq.png	9bd29e8c9c71c381	I08.png	9ade5edcd5949f8e	23
/mnt/v/input/zensim/sources/2b36bf48d5312dd8_769x513.png	5d31cf4ddab34743	I01.png	5db2525252732b34	27
/mnt/v/input/zensim/sources/2b79a18d1b7537e0_1022x818.png	78f0e0c0c4e672b0	I02.png	2a60a389c9767032	19
/mnt/v/input/zensim/sources/2b79a18d1b7537e0_1024sq.png	3878f0c0c4e6b039	I02.png	2a60a389c9767032	21
/mnt/v/input/zensim/sources/2b79a18d1b7537e0_512sq.png	f0e08080838387c3	I12.png	c3c3c3c3e3c3d6ec	24
/mnt/v/input/zensim/sources/2b79a18d1b7537e0_769x513.png	f0e0c0c0c6c6c7e3	I12.png	c3c3c3c3e3c3d6ec	22
/mnt/v/input/zensim/sources/2b79a18d1b7537e0_818x1022.png	78f8f0c0c6c63075	I09.png	c8b4acccd2563c26	22
/mnt/v/input/zensim/sources/2bb930dafe1b4ce5_512sq.png	4bcd7df73d342c0e	I14.png	40c0383739adecec	22
/mnt/v/input/zensim/sources/2bb930dafe1b4ce5_513x769.png	f44ecdff3d2c2e78	I14.png	40c0383739adecec	26
/mnt/v/input/zensim/sources/2c1f84548ef99faec2b4f9bf12227c83_1022x818.png	7963736373733327	I01.png	5db2525252732b34	18
/mnt/v/input/zensim/sources/2c1f84548ef99faec2b4f9bf12227c83_1024sq.png	1c6b63637333370f	I01.png	5db2525252732b34	24
/mnt/v/input/zensim/sources/2c1f84548ef99faec2b4f9bf12227c83_512sq.png	9be9c9c4e8d0d8f3	I23.png	ecf8d15458b85959	24
/mnt/v/input/zensim/sources/2c1f84548ef99faec2b4f9bf12227c83_513x769.png	9c99c9c4c0daf3e3	I10.png	9c9f585e4c18bc24	25
/mnt/v/input/zensim/sources/2c1f84548ef99faec2b4f9bf12227c83_769x513.png	436369e961715373	I07.png	4d65e5a5e171b165	19
/mnt/v/input/zensim/sources/2c1f84548ef99faec2b4f9bf12227c83_818x1022.png	1e4963696173274f	I21.png	3ad9a265616b94d3	20
/mnt/v/input/zensim/sources/2ca1afdf22ab9f48_512sq.png	16160b8b4b1f66e3	I22.png	949515181b9372f0	23
/mnt/v/input/zensim/sources/2ca1afdf22ab9f48_513x769.png	9cde279b1b67e3e3	I22.png	949515181b9372f0	22
/mnt/v/input/zensim/sources/2ca1afdf22ab9f48_769x513.png	0c0dd646679575e7	I07.png	4d65e5a5e171b165	26
/mnt/v/input/zensim/sources/2ca1afdf22ab9f48_818x1022.png	c9d86cc61fe56726	I09.png	c8b4acccd2563c26	24
/mnt/v/input/zensim/sources/2ca7ced33caea5a4_1022x818.png	96246dd899ace44d	I03.png	905258189b380c87	25
/mnt/v/input/zensim/sources/2ca7ced33caea5a4_1024sq.png	b296254d99a44c5c	I04.png	63322169e8adc1c1	25
/mnt/v/input/zensim/sources/2ca7ced33caea5a4_512sq.png	ea869d346e4ed7d6	I13.png	ecc1d690c9fcc6c0	27
/mnt/v/input/zensim/sources/2ca7ced33caea5a4_513x769.png	6162863c6ed6564c	I12.png	c3c3c3c3e3c3d6ec	27
/mnt/v/input/zensim/sources/2ca7ced33caea5a4_769x513.png	62e4cd94a8ad6654	I13.png	ecc1d690c9fcc6c0	23
/mnt/v/input/zensim/sources/2ca7ced33caea5a4_818x1022.png	7232648cbd668cac	I05.png	04cb2e9095568c8d	23
/mnt/v/input/zensim/sources/2dab2fdf09ac8ecd_1024sq.png	632fa6a65a268e82	I16.png	8187023342038190	25
/mnt/v/input/zensim/sources/2dab2fdf09ac8ecd_512sq.png	ce444e53bc9c8242	I13.png	ecc1d690c9fcc6c0	23
/mnt/v/input/zensim/sources/2dab2fdf09ac8ecd_513x769.png	8dce4c439c8c424c	I11.png	1f8b64765e595aac	25
/mnt/v/input/zensim/sources/2dab2fdf09ac8ecd_769x513.png	0f230f4659594327	I11.png	1f8b64765e595aac	21
/mnt/v/input/zensim/sources/2dab2fdf09ac8ecd_818x1022.png	4b4f2f465b23afa3	I20.png	9adea783e1110b0b	27
/mnt/v/input/zensim/sources/2e85c9a181d4188a_1022x818.png	8c94b06c6d73cb3d	I15.png	1517333479696c79	25
/mnt/v/input/zensim/sources/2e85c9a181d4188a_1024sq.png	ce96b16c69dbdb3c	I23.png	ecf8d15458b85959	25
/mnt/v/input/zensim/sources/2e85c9a181d4188a_512sq.png	63c6e2c6ce8cf01f	I24.png	cdcdebcb4accc999	23
/mnt/v/input/zensim/sources/2e85c9a181d4188a_513x769.png	3223f2c6cef01ede	I06.png	9313a3de8ec9c8e8	24
/mnt/v/input/zensim/sources/2e85c9a181d4188a_769x513.png	266d64cc4c4cb18d	I24.png	cdcdebcb4accc999	25
/mnt/v/input/zensim/sources/2e85c9a181d4188a_818x1022.png	ce1572cc4d99dd3e	I10.png	9c9f585e4c18bc24	21
/mnt/v/input/zensim/sources/2f9bd7da298e65ee_1022x818.png	8e0c240b1422bd9c	I05.png	04cb2e9095568c8d	26
/mnt/v/input/zensim/sources/2f9bd7da298e65ee_1024sq.png	8d0e2c0310a2bc2c	I10.png	9c9f585e4c18bc24	24
/mnt/v/input/zensim/sources/2f9bd7da298e65ee_513x769.png	0616a9027028ce9f	I15.png	1517333479696c79	24
/mnt/v/input/zensim/sources/2f9bd7da298e65ee_769x513.png	0e224d4a2222186b	I01.png	5db2525252732b34	29
/mnt/v/input/zensim/sources/2f9bd7da298e65ee_818x1022.png	8d0f6e43302b3c2d	I10.png	9c9f585e4c18bc24	24
/mnt/v/input/zensim/sources/2fb11fa7c8f34255_1022x818.png	3b3b4bc995b0f105	I04.png	63322169e8adc1c1	26
/mnt/v/input/zensim/sources/2fb11fa7c8f34255_1024sq.png	313b1bc994f0458d	I05.png	04cb2e9095568c8d	25
/mnt/v/input/zensim/sources/2fb11fa7c8f34255_512sq.png	7c1b9e1a534d22f0	I01.png	5db2525252732b34	23
/mnt/v/input/zensim/sources/2fb11fa7c8f34255_513x769.png	6c781a1a5364b00b	I02.png	2a60a389c9767032	26
/mnt/v/input/zensim/sources/2fb11fa7c8f34255_769x513.png	3913cd9c322ab4b0	I03.png	905258189b380c87	27
/mnt/v/input/zensim/sources/2fb11fa7c8f34255_818x1022.png	61399b8d30b04605	I04.png	63322169e8adc1c1	28
/mnt/v/input/zensim/sources/2fd8501c7184575a_1022x818.png	26aaaa2562a91a10	I21.png	3ad9a265616b94d3	23
/mnt/v/input/zensim/sources/2fd8501c7184575a_1024sq.png	26aaaa65629a1849	I21.png	3ad9a265616b94d3	23
/mnt/v/input/zensim/sources/2fd8501c7184575a_513x769.png	c5cdddb6e58dad38	I14.png	40c0383739adecec	25
/mnt/v/input/zensim/sources/2fd8501c7184575a_769x513.png	6a4a6465e14d5c3a	I21.png	3ad9a265616b94d3	22
/mnt/v/input/zensim/sources/2fd8501c7184575a_818x1022.png	672b6a65e53b3acc	I11.png	1f8b64765e595aac	25
/mnt/v/input/zensim/sources/2fe0acf8200b556b_1022x818.png	ad3c5ede3fbfbf37	I08.png	9ade5edcd5949f8e	25
/mnt/v/input/zensim/sources/2fe0acf8200b556b_1024sq.png	7fac1c5ebfbf3fb7	I01.png	5db2525252732b34	27
/mnt/v/input/zensim/sources/2fe0acf8200b556b_512sq.png	b6b6bf3bb7b737b7	I18.png	33158e27a7a62331	21
/mnt/v/input/zensim/sources/2fe0acf8200b556b_513x769.png	4eb6b6bfb737b7b7	I09.png	c8b4acccd2563c26	26
/mnt/v/input/zensim/sources/2fe0acf8200b556b_769x513.png	3e5fdfbb77b7b7b7	I08.png	9ade5edcd5949f8e	24
/mnt/v/input/zensim/sources/2fe0acf8200b556b_818x1022.png	ff2c1e3fb7b7b7b7	I18.png	33158e27a7a62331	21
/mnt/v/input/zensim/sources/2fffcc1c5e59641a_1022x818.png	6c708c30b0310200	I17.png	646094f473796971	22
/mnt/v/input/zensim/sources/2fffcc1c5e59641a_1024sq.png	8c78c438b0020210	I03.png	905258189b380c87	27
/mnt/v/input/zensim/sources/2fffcc1c5e59641a_512sq.png	c30f7c78606143d8	I16.png	8187023342038190	24
/mnt/v/input/zensim/sources/2fffcc1c5e59641a_513x769.png	bce00f7860421901	I23.png	ecf8d15458b85959	26
/mnt/v/input/zensim/sources/2fffcc1c5e59641a_769x513.png	e60c383030222640	I14.png	40c0383739adecec	26
/mnt/v/input/zensim/sources/2fffcc1c5e59641a_818x1022.png	4e78c23830220210	I01.png	5db2525252732b34	24
/mnt/v/input/zensim/sources/3004909_512sq.png	9d1e2667a66f434c	I19.png	177df9e766474148	21
/mnt/v/input/zensim/sources/3044702_512sq.png	70b0b161636bf8e4	I21.png	3ad9a265616b94d3	21
/mnt/v/input/zensim/sources/3140d643a1f57e80ff265507984d95a0_1022x818.png	b22030c6c76d6746	I17.png	646094f473796971	26
/mnt/v/input/zensim/sources/3140d643a1f57e80ff265507984d95a0_1024sq.png	0a3030d4cf674632	I02.png	2a60a389c9767032	20
/mnt/v/input/zensim/sources/3140d643a1f57e80ff265507984d95a0_512sq.png	c8f1f147030387c3	I21.png	3ad9a265616b94d3	23
/mnt/v/input/zensim/sources/3140d643a1f57e80ff265507984d95a0_513x769.png	d8c8f14103838321	I20.png	9adea783e1110b0b	24
/mnt/v/input/zensim/sources/3140d643a1f57e80ff265507984d95a0_769x513.png	607072a786c6c6c6	I12.png	c3c3c3c3e3c3d6ec	26
/mnt/v/input/zensim/sources/3140d643a1f57e80ff265507984d95a0_818x1022.png	4b2070b2c7c6c333	I02.png	2a60a389c9767032	26
/mnt/v/input/zensim/sources/3214023_512sq.png	0e2e1c1c0c4cca4f	I10.png	9c9f585e4c18bc24	25
/mnt/v/input/zensim/sources/32426d438f469435_1022x818.png	994c1e4e663e1c1c	I10.png	9c9f585e4c18bc24	22
/mnt/v/input/zensim/sources/32426d438f469435_1024sq.png	f3d80c4e6e3c1cc8	I10.png	9c9f585e4c18bc24	25
/mnt/v/input/zensim/sources/32426d438f469435_512sq.png	0ef21e4ccd49b9ff	I08.png	9ade5edcd5949f8e	24
/mnt/v/input/zensim/sources/32426d438f469435_513x769.png	9b1d564ccdf9bf3f	I08.png	9ade5edcd5949f8e	20
/mnt/v/input/zensim/sources/32426d438f469435_769x513.png	8e378fcbcf6b3a3e	I02.png	2a60a389c9767032	24
/mnt/v/input/zensim/sources/32426d438f469435_818x1022.png	f15c8ecf6a3a1cc8	I09.png	c8b4acccd2563c26	27
/mnt/v/input/zensim/sources/32f5d77a0bec48e4_1022x818.png	723ce2628d8910a2	I04.png	63322169e8adc1c1	26
/mnt/v/input/zensim/sources/32f5d77a0bec48e4_1024sq.png	637ef6e28919b096	I02.png	2a60a389c9767032	28
/mnt/v/input/zensim/sources/32f5d77a0bec48e4_512sq.png	a3a9e046c6c49a16	I09.png	c8b4acccd2563c26	26
/mnt/v/input/zensim/sources/32f5d77a0bec48e4_513x769.png	dbd3a1c2c69e12d1	I12.png	c3c3c3c3e3c3d6ec	23
/mnt/v/input/zensim/sources/32f5d77a0bec48e4_769x513.png	66d2e3c5044c195c	I23.png	ecf8d15458b85959	24
/mnt/v/input/zensim/sources/32f5d77a0bec48e4_818x1022.png	eb5f72c30d582017	I10.png	9c9f585e4c18bc24	27
/mnt/v/input/zensim/sources/3311574_512sq.png	dbf6c7071d9c261f	I20.png	9adea783e1110b0b	24
/mnt/v/input/zensim/sources/3315291_512sq.png	eec4f37398c9a930	I24.png	cdcdebcb4accc999	23
/mnt/v/input/zensim/sources/33162_512sq.png	e6b79f93c6a389c3	I16.png	8187023342038190	23
/mnt/v/input/zensim/sources/3330118_512sq.png	610c4c26ceccf4e5	I14.png	40c0383739adecec	26
/mnt/v/input/zensim/sources/3363331_512sq.png	81b0f00204040820	I16.png	8187023342038190	25
/mnt/v/input/zensim/sources/3396657_512sq.png	a969cddfdd321199	I23.png	ecf8d15458b85959	23
/mnt/v/input/zensim/sources/3417226eea86468a_1022x818.png	31a545c9df0fcba6	I04.png	63322169e8adc1c1	28
/mnt/v/input/zensim/sources/3417226eea86468a_1024sq.png	b5a565c9d70fe6a5	I22.png	949515181b9372f0	26
/mnt/v/input/zensim/sources/3417226eea86468a_512sq.png	82b231cd19632d94	I01.png	5db2525252732b34	26
/mnt/v/input/zensim/sources/3417226eea86468a_513x769.png	4cd222991b2d95c3	I03.png	905258189b380c87	23
/mnt/v/input/zensim/sources/3417226eea86468a_769x513.png	5656922859a78b4d	I04.png	63322169e8adc1c1	26
/mnt/v/input/zensim/sources/3417226eea86468a_818x1022.png	a422b648978fa626	I09.png	c8b4acccd2563c26	25
/mnt/v/input/zensim/sources/34320ca7f1603d22_1022x818.png	3c3c2c3c3e9c8cc5	I03.png	905258189b380c87	25
/mnt/v/input/zensim/sources/34320ca7f1603d22_1024sq.png	8c3c3c3c3e9c8c65	I10.png	9c9f585e4c18bc24	21
/mnt/v/input/zensim/sources/34320ca7f1603d22_512sq.png	efafafefffdf6f3f	I24.png	cdcdebcb4accc999	25
/mnt/v/input/zensim/sources/34320ca7f1603d22_513x769.png	7eefafeeff7f0e49	I19.png	177df9e766474148	26
/mnt/v/input/zensim/sources/34320ca7f1603d22_769x513.png	6e5e5e6e7e1e3e1e	I08.png	9ade5edcd5949f8e	23
/mnt/v/input/zensim/sources/34320ca7f1603d22_818x1022.png	0c3c7e7e3e1e8eea	I10.png	9c9f585e4c18bc24	24
/mnt/v/input/zensim/sources/3493730_512sq.png	abc94dcecf595adf	I11.png	1f8b64765e595aac	21
/mnt/v/input/zensim/sources/351582868653999a_1022x818.png	e913132ce3f8fcfd	I15.png	1517333479696c79	21
/mnt/v/input/zensim/sources/351582868653999a_1024sq.png	cb71130af4f8ff65	I07.png	4d65e5a5e171b165	27
/mnt/v/input/zensim/sources/351582868653999a_512sq.png	0908964990586a4a	I02.png	2a60a389c9767032	27
/mnt/v/input/zensim/sources/351582868653999a_513x769.png	98088896c8d5cafa	I06.png	9313a3de8ec9c8e8	22
/mnt/v/input/zensim/sources/351582868653999a_818x1022.png	cde11169f67aefd2	I17.png	646094f473796971	26
/mnt/v/input/zensim/sources/3534924_512sq.png	a2b21a3c363820c0	I03.png	905258189b380c87	22
/mnt/v/input/zensim/sources/3561ec053cb2e9e5_1022x818.png	b1668c74360db596	I16.png	8187023342038190	26
/mnt/v/input/zensim/sources/3561ec053cb2e9e5_1024sq.png	312586543725979d	I18.png	33158e27a7a62331	22
/mnt/v/input/zensim/sources/3561ec053cb2e9e5_512sq.png	0725296963d3cb13	I04.png	63322169e8adc1c1	24
/mnt/v/input/zensim/sources/3561ec053cb2e9e5_513x769.png	d927256963db6b73	I07.png	4d65e5a5e171b165	25
/mnt/v/input/zensim/sources/3561ec053cb2e9e5_769x513.png	27859ee232263e06	I18.png	33158e27a7a62331	23
/mnt/v/input/zensim/sources/3561ec053cb2e9e5_818x1022.png	3426875636243616	I18.png	33158e27a7a62331	25
/mnt/v/input/zensim/sources/3584430_512sq.png	062386862c40c08c	I06.png	9313a3de8ec9c8e8	22
/mnt/v/input/zensim/sources/35875869841_0b10e41e57_o_512sq.png	86064c0c9c1c58e9	I03.png	905258189b380c87	23
/mnt/v/input/zensim/sources/35993f224145d2e6_1022x818.png	612c52d52557d50a	I19.png	177df9e766474148	25
/mnt/v/input/zensim/sources/35993f224145d2e6_1024sq.png	20a55ad53555ad46	I05.png	04cb2e9095568c8d	25
/mnt/v/input/zensim/sources/35993f224145d2e6_513x769.png	44cb10a5a3b227ce	I14.png	40c0383739adecec	25
/mnt/v/input/zensim/sources/35993f224145d2e6_769x513.png	926f92b2665596b6	I16.png	8187023342038190	24
/mnt/v/input/zensim/sources/35993f224145d2e6_818x1022.png	2064d99636d6aa97	I05.png	04cb2e9095568c8d	28
/mnt/v/input/zensim/sources/35e6043305749f9f_1022x818.png	f8dade9ad6dadcf8	I08.png	9ade5edcd5949f8e	22
/mnt/v/input/zensim/sources/35e6043305749f9f_512sq.png	393b39d83939383b	I15.png	1517333479696c79	21
/mnt/v/input/zensim/sources/35e6043305749f9f_513x769.png	fc39399939393ae6	I22.png	949515181b9372f0	23
/mnt/v/input/zensim/sources/3616956_512sq.png	acb032b834300800	I01.png	5db2525252732b34	26
/mnt/v/input/zensim/sources/3623285_512sq.png	747a7b7969fedae6	I04.png	63322169e8adc1c1	25
/mnt/v/input/zensim/sources/36a758d37dfc0364_1022x818.png	ac6cecec2c4c0783	I24.png	cdcdebcb4accc999	26
/mnt/v/input/zensim/sources/36a758d37dfc0364_1024sq.png	a4ec6cec2c0c87aa	I08.png	9ade5edcd5949f8e	26
/mnt/v/input/zensim/sources/36a758d37dfc0364_512sq.png	6b4b4b4b4a4f6f2e	I24.png	cdcdebcb4accc999	23
/mnt/v/input/zensim/sources/36a758d37dfc0364_513x769.png	ab2b5b534f6f2b89	I01.png	5db2525252732b34	26
/mnt/v/input/zensim/sources/36a758d37dfc0364_769x513.png	565466e6aeaeaeaf	I18.png	33158e27a7a62331	25
/mnt/v/input/zensim/sources/36a758d37dfc0364_818x1022.png	56565e766cac830d	I08.png	9ade5edcd5949f8e	24
/mnt/v/input/zensim/sources/36e8e6088fe5a72e_1022x818.png	0985a4c52236290b	I09.png	c8b4acccd2563c26	22
/mnt/v/input/zensim/sources/36e8e6088fe5a72e_1024sq.png	6490a48d26222963	I17.png	646094f473796971	23
/mnt/v/input/zensim/sources/36e8e6088fe5a72e_512sq.png	248486269199d9cd	I14.png	40c0383739adecec	25
/mnt/v/input/zensim/sources/36e8e6088fe5a72e_513x769.png	142184269d99cda5	I11.png	1f8b64765e595aac	25
/mnt/v/input/zensim/sources/36e8e6088fe5a72e_769x513.png	144c24847a4a526e	I11.png	1f8b64765e595aac	23
/mnt/v/input/zensim/sources/36e8e6088fe5a72e_818x1022.png	4490648d7262684b	I09.png	c8b4acccd2563c26	23
/mnt/v/input/zensim/sources/3705529_512sq.png	4c8cecc2cad3664a	I09.png	c8b4acccd2563c26	22
/mnt/v/input/zensim/sources/3779187_512sq.png	b4b41b9c9c0d1c70	I10.png	9c9f585e4c18bc24	23
/mnt/v/input/zensim/sources/39027a57f8a0dffc_1022x818.png	69646c6c646cb4e8	I07.png	4d65e5a5e171b165	23
/mnt/v/input/zensim/sources/39027a57f8a0dffc_1024sq.png	596c6c6c6424e84a	I19.png	177df9e766474148	24
/mnt/v/input/zensim/sources/39027a57f8a0dffc_513x769.png	52929292929293ae	I01.png	5db2525252732b34	23
/mnt/v/input/zensim/sources/39027a57f8a0dffc_769x513.png	d444445557644456	I17.png	646094f473796971	25
/mnt/v/input/zensim/sources/39027a57f8a0dffc_818x1022.png	58c4444464545cc9	I08.png	9ade5edcd5949f8e	26
/mnt/v/input/zensim/sources/3952034_512sq.png	d1e89a9ada5adada	I24.png	cdcdebcb4accc999	25
/mnt/v/input/zensim/sources/3DPieChart_512sq.png	71af0f2307061731	I18.png	33158e27a7a62331	17
/mnt/v/input/zensim/sources/3_512sq.png	5848a98ccd3e0741	I02.png	2a60a389c9767032	24
/mnt/v/input/zensim/sources/3a2544850a5cb85b_1024sq.png	27b69b2e229b25a9	I18.png	33158e27a7a62331	24
/mnt/v/input/zensim/sources/3a2544850a5cb85b_512sq.png	3038b6a682d6281a	I09.png	c8b4acccd2563c26	24
/mnt/v/input/zensim/sources/3a2544850a5cb85b_513x769.png	5a303eb6c23a12c2	I09.png	c8b4acccd2563c26	26
/mnt/v/input/zensim/sources/3a2544850a5cb85b_769x513.png	91391d6545459917	I19.png	177df9e766474148	25
/mnt/v/input/zensim/sources/3a695d7842d66b4d_1022x818.png	9b8dac6ceeedef96	I11.png	1f8b64765e595aac	26
/mnt/v/input/zensim/sources/3a695d7842d66b4d_1024sq.png	c49bac6ceeef8e0f	I09.png	c8b4acccd2563c26	25
/mnt/v/input/zensim/sources/3a695d7842d66b4d_512sq.png	c7c78e8e8e0e66c7	I05.png	04cb2e9095568c8d	27
/mnt/v/input/zensim/sources/3a695d7842d66b4d_513x769.png	1bcfc68e8e66c52f	I05.png	04cb2e9095568c8d	26
/mnt/v/input/zensim/sources/3a695d7842d66b4d_769x513.png	2c2dcccccd8d2c67	I09.png	c8b4acccd2563c26	24
/mnt/v/input/zensim/sources/3a695d7842d66b4d_818x1022.png	861a2ceccdad8f07	I08.png	9ade5edcd5949f8e	22
/mnt/v/input/zensim/sources/3bc5d2920c2bb1be_1022x818.png	c94144664e716464	I11.png	1f8b64765e595aac	22
/mnt/v/input/zensim/sources/3bc5d2920c2bb1be_1024sq.png	1cc144464e656464	I11.png	1f8b64765e595aac	21
/mnt/v/input/zensim/sources/3bc5d2920c2bb1be_512sq.png	b40b41d7494956b6	I11.png	1f8b64765e595aac	22
/mnt/v/input/zensim/sources/3bc5d2920c2bb1be_513x769.png	55944bd54953b6c3	I21.png	3ad9a265616b94d3	26
/mnt/v/input/zensim/sources/3bc5d2920c2bb1be_769x513.png	a5c6e2a6caabb584	I16.png	8187023342038190	21
/mnt/v/input/zensim/sources/3bc5d2920c2bb1be_818x1022.png	9c80c5c6eba5c6c6	I13.png	ecc1d690c9fcc6c0	20
/mnt/v/input/zensim/sources/3bd6bfbcb85d489c_1022x818.png	1414c4c424c48471	I18.png	33158e27a7a62331	25
/mnt/v/input/zensim/sources/3bd6bfbcb85d489c_1024sq.png	1e14c4c424c864f0	I06.png	9313a3de8ec9c8e8	26
/mnt/v/input/zensim/sources/3bd6bfbcb85d489c_512sq.png	2387870313120402	I16.png	8187023342038190	19
/mnt/v/input/zensim/sources/3bd6bfbcb85d489c_513x769.png	3323870353024248	I12.png	c3c3c3c3e3c3d6ec	23
/mnt/v/input/zensim/sources/3bd6bfbcb85d489c_769x513.png	16c6c60696160216	I18.png	33158e27a7a62331	24
/mnt/v/input/zensim/sources/3bd6bfbcb85d489c_818x1022.png	1a16c6c6168864d0	I06.png	9313a3de8ec9c8e8	23
/mnt/v/input/zensim/sources/3c8cac61e6682d7a_1022x818.png	eb723c2ca7a6a6ae	I18.png	33158e27a7a62331	25
/mnt/v/input/zensim/sources/3c8cac61e6682d7a_1024sq.png	eceb3e2ca7a6ae2e	I05.png	04cb2e9095568c8d	24
/mnt/v/input/zensim/sources/3c8cac61e6682d7a_512sq.png	f1e6dedbcbcbcbcb	I24.png	cdcdebcb4accc999	22
/mnt/v/input/zensim/sources/3c8cac61e6682d7a_513x769.png	9cf9e69fcbcbcbcb	I24.png	cdcdebcb4accc999	21
/mnt/v/input/zensim/sources/3c8cac61e6682d7a_769x513.png	737d6f7666666666	I19.png	177df9e766474148	20
/mnt/v/input/zensim/sources/3c8cac61e6682d7a_818x1022.png	ecc9772f2626666e	I14.png	40c0383739adecec	27
/mnt/v/input/zensim/sources/3ca5d66f16aab526_1022x818.png	ede1e5e5226aa5ad	I07.png	4d65e5a5e171b165	18
/mnt/v/input/zensim/sources/3ca5d66f16aab526_1024sq.png	a5ede5e52266ad25	I07.png	4d65e5a5e171b165	19
/mnt/v/input/zensim/sources/3ca5d66f16aab526_513x769.png	24242527a4a424a5	I18.png	33158e27a7a62331	21
/mnt/v/input/zensim/sources/3ca5d66f16aab526_769x513.png	24a4aca4656ded25	I17.png	646094f473796971	19
/mnt/v/input/zensim/sources/3ca5d66f16aab526_818x1022.png	24aca4a465652465	I07.png	4d65e5a5e171b165	19
/mnt/v/input/zensim/sources/3d26e058691fefaf_1022x818.png	18d0d945242ac733	I21.png	3ad9a265616b94d3	23
/mnt/v/input/zensim/sources/3d26e058691fefaf_1024sq.png	ba9cd111222b3324	I01.png	5db2525252732b34	25
/mnt/v/input/zensim/sources/3d26e058691fefaf_512sq.png	d72425d616a69251	I18.png	33158e27a7a62331	27
/mnt/v/input/zensim/sources/3d26e058691fefaf_513x769.png	2c44240796920294	I18.png	33158e27a7a62331	25
/mnt/v/input/zensim/sources/3d26e058691fefaf_769x513.png	25b4944786616102	I18.png	33158e27a7a62331	24
/mnt/v/input/zensim/sources/3d26e058691fefaf_818x1022.png	5995959561216222	I07.png	4d65e5a5e171b165	23
/mnt/v/input/zensim/sources/3d4f8bdb5b3733d3_1024sq.png	c0c0c1c0c0c08686	I12.png	c3c3c3c3e3c3d6ec	18
/mnt/v/input/zensim/sources/3d4f8bdb5b3733d3_512sq.png	0080800000808003	I16.png	8187023342038190	21
/mnt/v/input/zensim/sources/3d4f8bdb5b3733d3_513x769.png	0000800000800303	I16.png	8187023342038190	23
/mnt/v/input/zensim/sources/3d4f8bdb5b3733d3_769x513.png	c0c0c0c0c0c0c080	I13.png	ecc1d690c9fcc6c0	18
/mnt/v/input/zensim/sources/3d4f8bdb5b3733d3_818x1022.png	c0c0c0c0c0c08687	I12.png	c3c3c3c3e3c3d6ec	20
/mnt/v/input/zensim/sources/3dbd7272e4a82558_1022x818.png	0b8fcf23698724c0	I16.png	8187023342038190	22
/mnt/v/input/zensim/sources/3dbd7272e4a82558_1024sq.png	430b8f236187c040	I12.png	c3c3c3c3e3c3d6ec	21
/mnt/v/input/zensim/sources/3dbd7272e4a82558_513x769.png	144e8740c8464212	I02.png	2a60a389c9767032	22
/mnt/v/input/zensim/sources/3dbd7272e4a82558_818x1022.png	ca090f21c925808a	I16.png	8187023342038190	24
/mnt/v/input/zensim/sources/3f54a0ab779c5b92_1022x818.png	1663e1e9f9696961	I07.png	4d65e5a5e171b165	20
/mnt/v/input/zensim/sources/3f54a0ab779c5b92_1024sq.png	b86663e9f9696160	I02.png	2a60a389c9767032	21
/mnt/v/input/zensim/sources/3f54a0ab779c5b92_512sq.png	c8e4a8a8a8a8e0a8	I14.png	40c0383739adecec	21
/mnt/v/input/zensim/sources/3f54a0ab779c5b92_513x769.png	23e1eca8a8e8a2c0	I13.png	ecc1d690c9fcc6c0	22
/mnt/v/input/zensim/sources/3f54a0ab779c5b92_818x1022.png	786761f9d8f0e9e0	I04.png	63322169e8adc1c1	22
/mnt/v/input/zensim/sources/3f7274cc69ce6496_1022x818.png	1410cfcc46529949	I19.png	177df9e766474148	24
/mnt/v/input/zensim/sources/3f7274cc69ce6496_1024sq.png	1a1087ce4653890e	I06.png	9313a3de8ec9c8e8	22
/mnt/v/input/zensim/sources/3f7274cc69ce6496_512sq.png	44808f8da091181c	I09.png	c8b4acccd2563c26	26
/mnt/v/input/zensim/sources/3f7274cc69ce6496_513x769.png	6c648d8da1910c16	I07.png	4d65e5a5e171b165	23
/mnt/v/input/zensim/sources/3f7274cc69ce6496_769x513.png	2c41cfce43d39119	I24.png	cdcdebcb4accc999	22
/mnt/v/input/zensim/sources/3f7274cc69ce6496_818x1022.png	1b38a3ced3510886	I06.png	9313a3de8ec9c8e8	22
/mnt/v/input/zensim/sources/3f9e001556cb4bd3_1022x818.png	1699105299248c18	I05.png	04cb2e9095568c8d	23
/mnt/v/input/zensim/sources/3f9e001556cb4bd3_1024sq.png	1216895211a48cb4	I03.png	905258189b380c87	23
/mnt/v/input/zensim/sources/3f9e001556cb4bd3_512sq.png	2224b09a146d9326	I02.png	2a60a389c9767032	26
/mnt/v/input/zensim/sources/3f9e001556cb4bd3_513x769.png	228c211a1ce3061c	I22.png	949515181b9372f0	27
/mnt/v/input/zensim/sources/3f9e001556cb4bd3_769x513.png	051ad2d998285627	I03.png	905258189b380c87	21
/mnt/v/input/zensim/sources/3f9e001556cb4bd3_818x1022.png	1312285a52060c36	I01.png	5db2525252732b34	22
/mnt/v/input/zensim/sources/4099238_512sq.png	33e6264b673b0382	I20.png	9adea783e1110b0b	22
/mnt/v/input/zensim/sources/40a031c7377d1249_1022x818.png	90924665e7e7e65e	I12.png	c3c3c3c3e3c3d6ec	23
/mnt/v/input/zensim/sources/40a031c7377d1249_1024sq.png	5492c664e7e6565b	I18.png	33158e27a7a62331	25
/mnt/v/input/zensim/sources/40a031c7377d1249_512sq.png	9599e5e786d7c1c3	I19.png	177df9e766474148	19
/mnt/v/input/zensim/sources/40a031c7377d1249_513x769.png	791599e7d6c3c134	I19.png	177df9e766474148	21
/mnt/v/input/zensim/sources/40a031c7377d1249_769x513.png	1bcbe6e667a76363	I18.png	33158e27a7a62331	21
/mnt/v/input/zensim/sources/40a031c7377d1249_818x1022.png	d232dae6e76393dd	I12.png	c3c3c3c3e3c3d6ec	22
/mnt/v/input/zensim/sources/40a5c2144e6d5cc6_1022x818.png	27ad2464c6c9b947	I07.png	4d65e5a5e171b165	24
/mnt/v/input/zensim/sources/40a5c2144e6d5cc6_1024sq.png	a6272424cea92104	I04.png	63322169e8adc1c1	24
/mnt/v/input/zensim/sources/40a5c2144e6d5cc6_512sq.png	aba989262525152c	I18.png	33158e27a7a62331	25
/mnt/v/input/zensim/sources/40a5c2144e6d5cc6_513x769.png	c9aaa9c524142caa	I09.png	c8b4acccd2563c26	21
/mnt/v/input/zensim/sources/40a5c2144e6d5cc6_769x513.png	2a424aa5a52e9c59	I21.png	3ad9a265616b94d3	22
/mnt/v/input/zensim/sources/40a5c2144e6d5cc6_818x1022.png	6262626285494186	I04.png	63322169e8adc1c1	23
/mnt/v/input/zensim/sources/40d841fb5439d0da_1022x818.png	723078787a56e76f	I01.png	5db2525252732b34	27
/mnt/v/input/zensim/sources/40d841fb5439d0da_1024sq.png	317038787ac66f7d	I15.png	1517333479696c79	24
/mnt/v/input/zensim/sources/40d841fb5439d0da_512sq.png	7cbcbcdbd95d5bc9	I23.png	ecf8d15458b85959	24
/mnt/v/input/zensim/sources/40d841fb5439d0da_513x769.png	687cbcdad95bcded	I17.png	646094f473796971	24
/mnt/v/input/zensim/sources/40d841fb5439d0da_769x513.png	797858dcebbbbae3	I03.png	905258189b380c87	25
/mnt/v/input/zensim/sources/40d841fb5439d0da_818x1022.png	b2b17858fba2efa5	I03.png	905258189b380c87	22
/mnt/v/input/zensim/sources/41f6b8d5e960ecce_1022x818.png	7361c99a3b393c74	I17.png	646094f473796971	24
/mnt/v/input/zensim/sources/41f6b8d5e960ecce_1024sq.png	5973499a3b3974e6	I03.png	905258189b380c87	20
/mnt/v/input/zensim/sources/41f6b8d5e960ecce_512sq.png	8829acdbd8fc7b3b	I02.png	2a60a389c9767032	23
/mnt/v/input/zensim/sources/41f6b8d5e960ecce_513x769.png	69082cdddc7f7bf4	I09.png	c8b4acccd2563c26	25
/mnt/v/input/zensim/sources/41f6b8d5e960ecce_769x513.png	c89b896e3b7c7c7a	I09.png	c8b4acccd2563c26	24
/mnt/v/input/zensim/sources/41f6b8d5e960ecce_818x1022.png	98e2c80b397c72e7	I03.png	905258189b380c87	22
/mnt/v/input/zensim/sources/41f6e4939f6a2055_1022x818.png	9658116da1d9dbb4	I22.png	949515181b9372f0	26
/mnt/v/input/zensim/sources/41f6e4939f6a2055_1024sq.png	839c1925a1d99c96	I21.png	3ad9a265616b94d3	25
/mnt/v/input/zensim/sources/41f6e4939f6a2055_512sq.png	34388396e6e6b62a	I18.png	33158e27a7a62331	25
/mnt/v/input/zensim/sources/41f6e4939f6a2055_513x769.png	67143a96e62e28d3	I18.png	33158e27a7a62331	23
/mnt/v/input/zensim/sources/41f6e4939f6a2055_769x513.png	91186494252dd599	I15.png	1517333479696c79	27
/mnt/v/input/zensim/sources/41f6e4939f6a2055_818x1022.png	03ad9d2425d91a22	I11.png	1f8b64765e595aac	27
/mnt/v/input/zensim/sources/41f9443a79fd502b_1022x818.png	1407e45466544466	I11.png	1f8b64765e595aac	23
/mnt/v/input/zensim/sources/41f9443a79fd502b_1024sq.png	1414e54476546444	I09.png	c8b4acccd2563c26	22
/mnt/v/input/zensim/sources/41f9443a79fd502b_512sq.png	1303331919931b19	I22.png	949515181b9372f0	22
/mnt/v/input/zensim/sources/41f9443a79fd502b_513x769.png	db230339131b19d1	I16.png	8187023342038190	20
/mnt/v/input/zensim/sources/41f9443a79fd502b_769x513.png	16862692d2d6d2d2	I22.png	949515181b9372f0	23
/mnt/v/input/zensim/sources/41f9443a79fd502b_818x1022.png	16b686d6d656e6d6	I09.png	c8b4acccd2563c26	23
/mnt/v/input/zensim/sources/4293938488f8f45a_1022x818.png	59e9858444245645	I07.png	4d65e5a5e171b165	24
/mnt/v/input/zensim/sources/4293938488f8f45a_1024sq.png	6469a18405044764	I07.png	4d65e5a5e171b165	25
/mnt/v/input/zensim/sources/4293938488f8f45a_512sq.png	4633261212430252	I01.png	5db2525252732b34	21
/mnt/v/input/zensim/sources/4293938488f8f45a_513x769.png	6c46321212422165	I01.png	5db2525252732b34	20
/mnt/v/input/zensim/sources/4293938488f8f45a_769x513.png	21862414862624a6	I09.png	c8b4acccd2563c26	23
/mnt/v/input/zensim/sources/4293938488f8f45a_818x1022.png	eea824840456a264	I09.png	c8b4acccd2563c26	22
/mnt/v/input/zensim/sources/43db13920b63ad0f_1022x818.png	98199ab8eac1dc61	I06.png	9313a3de8ec9c8e8	22
/mnt/v/input/zensim/sources/43db13920b63ad0f_1024sq.png	18191a9aebd0e969	I06.png	9313a3de8ec9c8e8	24
/mnt/v/input/zensim/sources/43db13920b63ad0f_512sq.png	1ad91bf9cc59492c	I06.png	9313a3de8ec9c8e8	24
/mnt/v/input/zensim/sources/43db13920b63ad0f_513x769.png	1eda1bb9cc4954e4	I10.png	9c9f585e4c18bc24	24
/mnt/v/input/zensim/sources/43db13920b63ad0f_769x513.png	1d1b1a7ac9ba819a	I16.png	8187023342038190	24
/mnt/v/input/zensim/sources/43db13920b63ad0f_818x1022.png	181c191ae982e468	I10.png	9c9f585e4c18bc24	23
/mnt/v/input/zensim/sources/44b89b50be94d772_1022x818.png	4d40b10486939224	I07.png	4d65e5a5e171b165	23
/mnt/v/input/zensim/sources/44b89b50be94d772_1024sq.png	0b443114829a1203	I03.png	905258189b380c87	26
/mnt/v/input/zensim/sources/44b89b50be94d772_512sq.png	b25253064110145a	I03.png	905258189b380c87	24
/mnt/v/input/zensim/sources/44b89b50be94d772_513x769.png	4652521141087a10	I01.png	5db2525252732b34	24
/mnt/v/input/zensim/sources/44b89b50be94d772_818x1022.png	09863012029b93a5	I16.png	8187023342038190	18
/mnt/v/input/zensim/sources/45258_512sq.png	49e6dc7c98844eeb	I08.png	9ade5edcd5949f8e	25
/mnt/v/input/zensim/sources/459728_512sq.png	90ac0a44b64d01de	I16.png	8187023342038190	27
/mnt/v/input/zensim/sources/45a7e703ed342765_1022x818.png	8e86995959d1a5cc	I08.png	9ade5edcd5949f8e	25
/mnt/v/input/zensim/sources/45a7e703ed342765_513x769.png	0f4d7d9a9821c30d	I24.png	cdcdebcb4accc999	26
/mnt/v/input/zensim/sources/45a7e703ed342765_769x513.png	0bb898d8d991b264	I08.png	9ade5edcd5949f8e	25
/mnt/v/input/zensim/sources/45a7e703ed342765_818x1022.png	070ba898d9a2cccc	I05.png	04cb2e9095568c8d	19
/mnt/v/input/zensim/sources/4666751_512sq.png	10b0f22084d1380c	I01.png	5db2525252732b34	25
/mnt/v/input/zensim/sources/4676046951012074_1022x818.png	2cda0c944e0c4b6a	I11.png	1f8b64765e595aac	25
/mnt/v/input/zensim/sources/4676046951012074_1024sq.png	0e3c5a8c4c0d6aee	I10.png	9c9f585e4c18bc24	24
/mnt/v/input/zensim/sources/4676046951012074_512sq.png	6d4d35b50d4a2a99	I15.png	1517333479696c79	25
/mnt/v/input/zensim/sources/4676046951012074_769x513.png	8a8a16168a0cac4b	I03.png	905258189b380c87	25
/mnt/v/input/zensim/sources/4676046951012074_818x1022.png	0e268a9e8e8ccdaf	I06.png	9313a3de8ec9c8e8	22
/mnt/v/input/zensim/sources/4725a87612bb5c5a_1022x818.png	c6c6c6c6c6d2d2c3	I12.png	c3c3c3c3e3c3d6ec	19
/mnt/v/input/zensim/sources/4725a87612bb5c5a_1024sq.png	c6c6c6c6c6d2d3d7	I12.png	c3c3c3c3e3c3d6ec	20
/mnt/v/input/zensim/sources/4725a87612bb5c5a_513x769.png	0313190b090d290b	I03.png	905258189b380c87	24
/mnt/v/input/zensim/sources/4725a87612bb5c5a_818x1022.png	c6c6d6d2d3cad3d7	I12.png	c3c3c3c3e3c3d6ec	20
/mnt/v/input/zensim/sources/473ee51327816001_1022x818.png	6190181852595949	I23.png	ecf8d15458b85959	21
/mnt/v/input/zensim/sources/473ee51327816001_1024sq.png	210190085259494c	I17.png	646094f473796971	22
/mnt/v/input/zensim/sources/473ee51327816001_513x769.png	00706c6c60191919	I17.png	646094f473796971	23
/mnt/v/input/zensim/sources/473ee51327816001_818x1022.png	6540b028935898cc	I03.png	905258189b380c87	24
/mnt/v/input/zensim/sources/4826cc6bf6a8bdd0_1022x818.png	65e4646c6d6c6cc4	I14.png	40c0383739adecec	23
/mnt/v/input/zensim/sources/4826cc6bf6a8bdd0_1024sq.png	25e4646c6d6c4490	I04.png	63322169e8adc1c1	25
/mnt/v/input/zensim/sources/4826cc6bf6a8bdd0_512sq.png	c7a6a6c6c6a6a6e6	I09.png	c8b4acccd2563c26	22
/mnt/v/input/zensim/sources/4826cc6bf6a8bdd0_513x769.png	a6c7a6e6a6a6c603	I18.png	33158e27a7a62331	22
/mnt/v/input/zensim/sources/4826cc6bf6a8bdd0_769x513.png	e6e665e4e5e564ec	I07.png	4d65e5a5e171b165	23
/mnt/v/input/zensim/sources/4826cc6bf6a8bdd0_818x1022.png	a6e6e6e4646cc410	I13.png	ecc1d690c9fcc6c0	24
/mnt/v/input/zensim/sources/483368e09f8dca71_1022x818.png	b852561c7b56457b	I03.png	905258189b380c87	23
/mnt/v/input/zensim/sources/483368e09f8dca71_1024sq.png	9192521c52467966	I01.png	5db2525252732b34	19
/mnt/v/input/zensim/sources/483368e09f8dca71_512sq.png	59321502521c2132	I01.png	5db2525252732b34	18
/mnt/v/input/zensim/sources/483368e09f8dca71_513x769.png	5c113315283133ac	I01.png	5db2525252732b34	24
/mnt/v/input/zensim/sources/483368e09f8dca71_769x513.png	d3941a82d4d9d2d4	I12.png	c3c3c3c3e3c3d6ec	25
/mnt/v/input/zensim/sources/483368e09f8dca71_818x1022.png	b5bbd39cd157d9c7	I08.png	9ade5edcd5949f8e	25
/mnt/v/input/zensim/sources/483af61c0901b533_1022x818.png	4b4b5b4b5b5b435b	I24.png	cdcdebcb4accc999	23
/mnt/v/input/zensim/sources/483af61c0901b533_1024sq.png	4b4b5b5b5b4b4b4b	I24.png	cdcdebcb4accc999	23
/mnt/v/input/zensim/sources/483af61c0901b533_512sq.png	88b2180024344820	I03.png	905258189b380c87	24
/mnt/v/input/zensim/sources/483af61c0901b533_513x769.png	7080b44024180212	I17.png	646094f473796971	27
/mnt/v/input/zensim/sources/483af61c0901b533_818x1022.png	9181998999819181	I22.png	949515181b9372f0	23
/mnt/v/input/zensim/sources/484079e8efa6f21e_512sq.png	983016b626a6eccc	I14.png	40c0383739adecec	23
/mnt/v/input/zensim/sources/484079e8efa6f21e_769x513.png	c88017f4c5e468e9	I13.png	ecc1d690c9fcc6c0	22
/mnt/v/input/zensim/sources/4994eb543fd7d6e1_1022x818.png	d2b1a2b3a9adf7f5	I14.png	40c0383739adecec	22
/mnt/v/input/zensim/sources/4994eb543fd7d6e1_1024sq.png	c7f2a2b3a9aff5f6	I14.png	40c0383739adecec	22
/mnt/v/input/zensim/sources/4994eb543fd7d6e1_512sq.png	c045d1129686cfdb	I24.png	cdcdebcb4accc999	26
/mnt/v/input/zensim/sources/4994eb543fd7d6e1_513x769.png	a9e04192968edbd3	I23.png	ecf8d15458b85959	25
/mnt/v/input/zensim/sources/4994eb543fd7d6e1_769x513.png	e1277315654c4e7a	I15.png	1517333479696c79	20
/mnt/v/input/zensim/sources/4994eb543fd7d6e1_818x1022.png	d3f163334d6e72e3	I02.png	2a60a389c9767032	25
/mnt/v/input/zensim/sources/49d427c2f815cd37_512sq.png	d0c0e1cc718ffce9	I14.png	40c0383739adecec	21
/mnt/v/input/zensim/sources/49d427c2f815cd37_513x769.png	f4d0c0e887fde0c6	I13.png	ecc1d690c9fcc6c0	21
/mnt/v/input/zensim/sources/49d427c2f815cd37_769x513.png	f0e0e0ecb25ef8f4	I09.png	c8b4acccd2563c26	20
/mnt/v/input/zensim/sources/4a18abf66d65ad1a95ce455c8b6cd8de_1022x818.png	d5e86978f6cfdbf3	I24.png	cdcdebcb4accc999	25
/mnt/v/input/zensim/sources/4a18abf66d65ad1a95ce455c8b6cd8de_1024sq.png	d4d46868f6dbfbf7	I09.png	c8b4acccd2563c26	26
/mnt/v/input/zensim/sources/4a18abf66d65ad1a95ce455c8b6cd8de_512sq.png	aac48ba873b72e9c	I02.png	2a60a389c9767032	26
/mnt/v/input/zensim/sources/4a18abf66d65ad1a95ce455c8b6cd8de_513x769.png	23aac6aab3a69c99	I05.png	04cb2e9095568c8d	25
/mnt/v/input/zensim/sources/4a18abf66d65ad1a95ce455c8b6cd8de_769x513.png	ddedc4d8f5d59d5d	I08.png	9ade5edcd5949f8e	22
/mnt/v/input/zensim/sources/4a18abf66d65ad1a95ce455c8b6cd8de_818x1022.png	b694edd8f7d9dbeb	I06.png	9313a3de8ec9c8e8	24
/mnt/v/input/zensim/sources/4a5e711f03145986_512sq.png	4c6b2b2b2b2b4b6b	I04.png	63322169e8adc1c1	27
/mnt/v/input/zensim/sources/4a5e711f03145986_513x769.png	6b4c6b2b2b6b6b2b	I24.png	cdcdebcb4accc999	25
/mnt/v/input/zensim/sources/4ac3dfb32d4051bc_1022x818.png	555554d656d7d7d7	I01.png	5db2525252732b34	26
/mnt/v/input/zensim/sources/4ac3dfb32d4051bc_1024sq.png	5457555656d7d717	I01.png	5db2525252732b34	24
/mnt/v/input/zensim/sources/4ac3dfb32d4051bc_512sq.png	313135352533252f	I15.png	1517333479696c79	23
/mnt/v/input/zensim/sources/4ac3dfb32d4051bc_513x769.png	3331353535252d39	I15.png	1517333479696c79	18
/mnt/v/input/zensim/sources/4ac3dfb32d4051bc_769x513.png	929292b39b93b39b	I16.png	8187023342038190	22
/mnt/v/input/zensim/sources/4bb837d2ff0eabc5_1022x818.png	437d4388ca662f4d	I19.png	177df9e766474148	27
/mnt/v/input/zensim/sources/4bb837d2ff0eabc5_1024sq.png	45494388ca662d10	I24.png	cdcdebcb4accc999	22
/mnt/v/input/zensim/sources/4bb837d2ff0eabc5_512sq.png	0d24494adad44dc5	I24.png	cdcdebcb4accc999	22
/mnt/v/input/zensim/sources/4bb837d2ff0eabc5_513x769.png	90a7454ad8558787	I03.png	905258189b380c87	25
/mnt/v/input/zensim/sources/4bb837d2ff0eabc5_769x513.png	8c81aa0859db2f47	I09.png	c8b4acccd2563c26	25
/mnt/v/input/zensim/sources/4bb837d2ff0eabc5_818x1022.png	82c881885b674692	I02.png	2a60a389c9767032	20
/mnt/v/input/zensim/sources/4caf4f7e74a31fbf_1022x818.png	2d36283e9d989899	I03.png	905258189b380c87	26
/mnt/v/input/zensim/sources/4caf4f7e74a31fbf_1024sq.png	2c2f263d9d98999c	I05.png	04cb2e9095568c8d	23
/mnt/v/input/zensim/sources/4caf4f7e74a31fbf_512sq.png	030cfc6b7b387f7f	I17.png	646094f473796971	27
/mnt/v/input/zensim/sources/4caf4f7e74a31fbf_513x769.png	07238c6f7b787f3b	I17.png	646094f473796971	22
/mnt/v/input/zensim/sources/4caf4f7e74a31fbf_769x513.png	06487d663e183c3c	I11.png	1f8b64765e595aac	21
/mnt/v/input/zensim/sources/4caf4f7e74a31fbf_818x1022.png	2c0f563e1c1c1c1c	I10.png	9c9f585e4c18bc24	18
/mnt/v/input/zensim/sources/4cd6910a0b7b39365fda5df87618d091_1022x818.png	801060e018288946	I03.png	905258189b380c87	21
/mnt/v/input/zensim/sources/4cd6910a0b7b39365fda5df87618d091_512sq.png	0000c10025142c29	I05.png	04cb2e9095568c8d	25
/mnt/v/input/zensim/sources/4cd6910a0b7b39365fda5df87618d091_513x769.png	40508280152c2909	I05.png	04cb2e9095568c8d	24
/mnt/v/input/zensim/sources/4cd6910a0b7b39365fda5df87618d091_769x513.png	0000e080105969a4	I17.png	646094f473796971	23
/mnt/v/input/zensim/sources/4cd6910a0b7b39365fda5df87618d091_818x1022.png	06a050600a2884d1	I03.png	905258189b380c87	24
/mnt/v/input/zensim/sources/4d26d3ea6888d2e6_1022x818.png	d45627363f0f1311	I15.png	1517333479696c79	25
/mnt/v/input/zensim/sources/4d26d3ea6888d2e6_1024sq.png	dcd426373f1a1141	I20.png	9adea783e1110b0b	26
/mnt/v/input/zensim/sources/4d26d3ea6888d2e6_512sq.png	c345d7d43ce79b98	I12.png	c3c3c3c3e3c3d6ec	26
/mnt/v/input/zensim/sources/4d26d3ea6888d2e6_513x769.png	93d3c5f57d9f3b61	I11.png	1f8b64765e595aac	27
/mnt/v/input/zensim/sources/4d26d3ea6888d2e6_769x513.png	c66667773f774f58	I19.png	177df9e766474148	25
/mnt/v/input/zensim/sources/4d26d3ea6888d2e6_818x1022.png	d6d626377f5a1040	I11.png	1f8b64765e595aac	25
/mnt/v/input/zensim/sources/4d6d253b9ba074f7_1022x818.png	65c5060061171b50	I16.png	8187023342038190	22
/mnt/v/input/zensim/sources/4d6d253b9ba074f7_1024sq.png	3345c600611f5024	I02.png	2a60a389c9767032	24
/mnt/v/input/zensim/sources/4d6d253b9ba074f7_512sq.png	0743400082696972	I17.png	646094f473796971	24
/mnt/v/input/zensim/sources/4d6d253b9ba074f7_513x769.png	53074f0021696c2d	I15.png	1517333479696c79	18
/mnt/v/input/zensim/sources/4d6d253b9ba074f7_769x513.png	0f860000c0a2ab35	I01.png	5db2525252732b34	21
/mnt/v/input/zensim/sources/4d6d253b9ba074f7_818x1022.png	2bc48600e2baba64	I18.png	33158e27a7a62331	25
/mnt/v/input/zensim/sources/4d71f96ddbb82005_1022x818.png	35b65959cec3adaf	I01.png	5db2525252732b34	25
/mnt/v/input/zensim/sources/4d71f96ddbb82005_1024sq.png	09b59559daabaf5a	I22.png	949515181b9372f0	25
/mnt/v/input/zensim/sources/4d71f96ddbb82005_769x513.png	45125858a6ad464a	I03.png	905258189b380c87	24
/mnt/v/input/zensim/sources/4d71f96ddbb82005_818x1022.png	84261458a54a4ad9	I22.png	949515181b9372f0	25
/mnt/v/input/zensim/sources/4d758e9ac0c83a89_1022x818.png	4040e24090900185	I03.png	905258189b380c87	23
/mnt/v/input/zensim/sources/4d758e9ac0c83a89_1024sq.png	22c0264090918101	I05.png	04cb2e9095568c8d	23
/mnt/v/input/zensim/sources/4d758e9ac0c83a89_513x769.png	c941c1843060b086	I07.png	4d65e5a5e171b165	20
/mnt/v/input/zensim/sources/4d758e9ac0c83a89_818x1022.png	628242c090300501	I03.png	905258189b380c87	24
/mnt/v/input/zensim/sources/4d96fbdbce2cf8b2_1022x818.png	54e4222a27233a6b	I01.png	5db2525252732b34	28
/mnt/v/input/zensim/sources/4d96fbdbce2cf8b2_1024sq.png	7be4242a232b3be9	I18.png	33158e27a7a62331	26
/mnt/v/input/zensim/sources/4d96fbdbce2cf8b2_512sq.png	e3ede5bdb5e2b8b2	I07.png	4d65e5a5e171b165	24
/mnt/v/input/zensim/sources/4d96fbdbce2cf8b2_513x769.png	52e2edada2e2bc49	I07.png	4d65e5a5e171b165	24
/mnt/v/input/zensim/sources/4d96fbdbce2cf8b2_769x513.png	e66a605a56657959	I23.png	ecf8d15458b85959	22
/mnt/v/input/zensim/sources/4d96fbdbce2cf8b2_818x1022.png	59a6666a45715bd9	I01.png	5db2525252732b34	23
/mnt/v/input/zensim/sources/4e344181fc7d194a_1022x818.png	1b1b198c0a098b09	I06.png	9313a3de8ec9c8e8	22
/mnt/v/input/zensim/sources/4e344181fc7d194a_1024sq.png	0b1b198c0b098b0b	I03.png	905258189b380c87	25
/mnt/v/input/zensim/sources/4e344181fc7d194a_512sq.png	585a5b1a9818194a	I03.png	905258189b380c87	18
/mnt/v/input/zensim/sources/4e344181fc7d194a_513x769.png	18585b1a18194a49	I03.png	905258189b380c87	20
/mnt/v/input/zensim/sources/4e344181fc7d194a_818x1022.png	5b1b181a1a080a0a	I03.png	905258189b380c87	20
/mnt/v/input/zensim/sources/4e67ae02b92a0d76_1022x818.png	a99585ca59054959	I24.png	cdcdebcb4accc999	22
/mnt/v/input/zensim/sources/4e67ae02b92a0d76_1024sq.png	95a995955969494b	I15.png	1517333479696c79	21
/mnt/v/input/zensim/sources/4e67ae02b92a0d76_512sq.png	727296599ab3c30c	I01.png	5db2525252732b34	25
/mnt/v/input/zensim/sources/4e67ae02b92a0d76_513x769.png	8c72729c9a23c888	I03.png	905258189b380c87	21
/mnt/v/input/zensim/sources/4e67ae02b92a0d76_769x513.png	b6b654481a96e688	I22.png	949515181b9372f0	19
/mnt/v/input/zensim/sources/4e67ae02b92a0d76_818x1022.png	1228b4541ac8c8c9	I06.png	9313a3de8ec9c8e8	20
/mnt/v/input/zensim/sources/4e7208e4f81b6b0c_512sq.png	f8b636e6e2b4b0e9	I09.png	c8b4acccd2563c26	25
/mnt/v/input/zensim/sources/4e7208e4f81b6b0c_513x769.png	dcd8b6e6b2b4e1b2	I17.png	646094f473796971	26
/mnt/v/input/zensim/sources/4e7208e4f81b6b0c_769x513.png	f2e5f4ece4d4d0e0	I13.png	ecc1d690c9fcc6c0	23
/mnt/v/input/zensim/sources/4e7208e4f81b6b0c_818x1022.png	e9f8d4e4d0d0f879	I23.png	ecf8d15458b85959	16
/mnt/v/input/zensim/sources/4e7cee0ea31ba096_769x513.png	cfe5627371f8f8f8	I14.png	40c0383739adecec	24
/mnt/v/input/zensim/sources/4ec3eebeb6987162_1022x818.png	4dcfbc56d2653430	I09.png	c8b4acccd2563c26	22
/mnt/v/input/zensim/sources/4ec3eebeb6987162_1024sq.png	674f9d56d27530a1	I17.png	646094f473796971	24
/mnt/v/input/zensim/sources/4ec3eebeb6987162_512sq.png	96db4d1139652b39	I15.png	1517333479696c79	24
/mnt/v/input/zensim/sources/4ec3eebeb6987162_513x769.png	0c96df19296771da	I22.png	949515181b9372f0	23
/mnt/v/input/zensim/sources/4ec3eebeb6987162_769x513.png	551eebd39ba5b6b2	I12.png	c3c3c3c3e3c3d6ec	28
/mnt/v/input/zensim/sources/4ec3eebeb6987162_818x1022.png	e7ce1cd29bb63061	I22.png	949515181b9372f0	25
/mnt/v/input/zensim/sources/4edfcb7ea5fe12a6_1022x818.png	25cecd12bdb5f6e9	I14.png	40c0383739adecec	25
/mnt/v/input/zensim/sources/4edfcb7ea5fe12a6_1024sq.png	a4a5ce1abdf5ed69	I13.png	ecc1d690c9fcc6c0	24
/mnt/v/input/zensim/sources/4edfcb7ea5fe12a6_512sq.png	475ceb3ff3d67259	I19.png	177df9e766474148	23
/mnt/v/input/zensim/sources/4edfcb7ea5fe12a6_513x769.png	b1c7ce33f452719e	I16.png	8187023342038190	22
/mnt/v/input/zensim/sources/4edfcb7ea5fe12a6_769x513.png	c6ccf21c37fc32d3	I13.png	ecc1d690c9fcc6c0	26
/mnt/v/input/zensim/sources/4edfcb7ea5fe12a6_818x1022.png	6464ce193472cccc	I05.png	04cb2e9095568c8d	22
/mnt/v/input/zensim/sources/4eeb604afff2b80f_1022x818.png	2c2d6d6dedd5c799	I04.png	63322169e8adc1c1	25
/mnt/v/input/zensim/sources/4eeb604afff2b80f_1024sq.png	ad3c6d6dfdc58958	I04.png	63322169e8adc1c1	24
/mnt/v/input/zensim/sources/4eeb604afff2b80f_512sq.png	9697b7efef7743d1	I19.png	177df9e766474148	22
/mnt/v/input/zensim/sources/4eeb604afff2b80f_513x769.png	f69697e7e753918d	I20.png	9adea783e1110b0b	22
/mnt/v/input/zensim/sources/4eeb604afff2b80f_769x513.png	76d6766e6cb6a642	I08.png	9ade5edcd5949f8e	27
/mnt/v/input/zensim/sources/4eeb604afff2b80f_818x1022.png	2434766eacc60a98	I18.png	33158e27a7a62331	26
/mnt/v/input/zensim/sources/4fb81ac9845c2f96_1022x818.png	7cb6f3f1f36b7931	I17.png	646094f473796971	19
/mnt/v/input/zensim/sources/4fb81ac9845c2f96_1024sq.png	7c3cb2f3e3793937	I17.png	646094f473796971	19
/mnt/v/input/zensim/sources/4fb81ac9845c2f96_512sq.png	5950d0d191d89c9e	I03.png	905258189b380c87	21
/mnt/v/input/zensim/sources/4fb81ac9845c2f96_513x769.png	5b5950d3919cbe3a	I08.png	9ade5edcd5949f8e	23
/mnt/v/input/zensim/sources/4fb81ac9845c2f96_769x513.png	7373f1d2d3d9c9dd	I06.png	9313a3de8ec9c8e8	21
/mnt/v/input/zensim/sources/4fb81ac9845c2f96_818x1022.png	fabe33f1d3d9bc73	I21.png	3ad9a265616b94d3	25
/mnt/v/input/zensim/sources/5002b18aa50f70d9_1022x818.png	13d3e3e5c3c1c3d8	I12.png	c3c3c3c3e3c3d6ec	16
/mnt/v/input/zensim/sources/5002b18aa50f70d9_1024sq.png	c393e3e5c1c3cbdc	I12.png	c3c3c3c3e3c3d6ec	14
/mnt/v/input/zensim/sources/5002b18aa50f70d9_512sq.png	f160e5464c899282	I04.png	63322169e8adc1c1	26
/mnt/v/input/zensim/sources/5002b18aa50f70d9_513x769.png	3811e144c892829e	I21.png	3ad9a265616b94d3	26
/mnt/v/input/zensim/sources/5002b18aa50f70d9_818x1022.png	8311e1e5cbc1c5de	I12.png	c3c3c3c3e3c3d6ec	19
/mnt/v/input/zensim/sources/504c5df15c8ade20_1022x818.png	0919959699169a94	I05.png	04cb2e9095568c8d	24
/mnt/v/input/zensim/sources/504c5df15c8ade20_512sq.png	94d293d2545292d2	I01.png	5db2525252732b34	24
/mnt/v/input/zensim/sources/504c5df15c8ade20_513x769.png	989492925012d252	I22.png	949515181b9372f0	21
/mnt/v/input/zensim/sources/504c5df15c8ade20_769x513.png	7936163739349637	I18.png	33158e27a7a62331	25
/mnt/v/input/zensim/sources/504c5df15c8ade20_818x1022.png	311a321732161617	I01.png	5db2525252732b34	26
/mnt/v/input/zensim/sources/5097354_512sq.png	c968ccc3c1d1d3d3	I07.png	4d65e5a5e171b165	23
/mnt/v/input/zensim/sources/5146462_512sq.png	b3b7c28292b3c967	I01.png	5db2525252732b34	25
/mnt/v/input/zensim/sources/5184684_512sq.png	d24642eada99f9d9	I06.png	9313a3de8ec9c8e8	24
/mnt/v/input/zensim/sources/52e1daf0a40fe204_1022x818.png	9a3a59d888080c0c	I03.png	905258189b380c87	17
/mnt/v/input/zensim/sources/52e1daf0a40fe204_1024sq.png	06b879c888080c8a	I03.png	905258189b380c87	22
/mnt/v/input/zensim/sources/52e1daf0a40fe204_512sq.png	f9186a8a0a0a0a0a	I03.png	905258189b380c87	25
/mnt/v/input/zensim/sources/52e1daf0a40fe204_513x769.png	79f91aca0a1a0b0d	I01.png	5db2525252732b34	23
/mnt/v/input/zensim/sources/52e1daf0a40fe204_769x513.png	78dab8cc88080a08	I03.png	905258189b380c87	25
/mnt/v/input/zensim/sources/52e1daf0a40fe204_818x1022.png	173afac808080e0b	I03.png	905258189b380c87	23
/mnt/v/input/zensim/sources/53435_512sq.png	3c386786970b0fec	I11.png	1f8b64765e595aac	26
/mnt/v/input/zensim/sources/53696b920fae2310_1022x818.png	3aac14924ba39951	I16.png	8187023342038190	25
/mnt/v/input/zensim/sources/53696b920fae2310_1024sq.png	72bab5920bb3d196	I22.png	949515181b9372f0	25
/mnt/v/input/zensim/sources/53696b920fae2310_512sq.png	5f5a38101e84c5d8	I14.png	40c0383739adecec	26
/mnt/v/input/zensim/sources/53696b920fae2310_513x769.png	d85b1a3016c45874	I01.png	5db2525252732b34	27
/mnt/v/input/zensim/sources/53696b920fae2310_769x513.png	6ed21b139d496139	I15.png	1517333479696c79	25
/mnt/v/input/zensim/sources/53696b920fae2310_818x1022.png	7b6b7a134929b052	I21.png	3ad9a265616b94d3	23
/mnt/v/input/zensim/sources/5398956_512sq.png	22a76736672b6565	I15.png	1517333479696c79	23
/mnt/v/input/zensim/sources/53a5247234c6e0d7_1022x818.png	9cccf133e2c90d8c	I20.png	9adea783e1110b0b	23
/mnt/v/input/zensim/sources/53a5247234c6e0d7_1024sq.png	9cccf873e2490c8d	I24.png	cdcdebcb4accc999	23
/mnt/v/input/zensim/sources/53a5247234c6e0d7_512sq.png	dad8e0c3c9cb8c8c	I12.png	c3c3c3c3e3c3d6ec	20
/mnt/v/input/zensim/sources/53a5247234c6e0d7_513x769.png	2f9ef0e3cb890c4f	I20.png	9adea783e1110b0b	24
/mnt/v/input/zensim/sources/53a5247234c6e0d7_769x513.png	dcd871626262c9cd	I19.png	177df9e766474148	23
/mnt/v/input/zensim/sources/53a5247234c6e0d7_818x1022.png	3e9ed86162498d2d	I10.png	9c9f585e4c18bc24	23
/mnt/v/input/zensim/sources/53ed9ee610371bcc_1022x818.png	80c0e6d0e70f9cb8	I05.png	04cb2e9095568c8d	22
/mnt/v/input/zensim/sources/53ed9ee610371bcc_1024sq.png	3180ced0e70eb8b8	I18.png	33158e27a7a62331	25
/mnt/v/input/zensim/sources/53ed9ee610371bcc_512sq.png	1e43e11cd1e70c5f	I15.png	1517333479696c79	24
/mnt/v/input/zensim/sources/53ed9ee610371bcc_513x769.png	00084758c1077ffe	I08.png	9ade5edcd5949f8e	26
/mnt/v/input/zensim/sources/53ed9ee610371bcc_769x513.png	9c47f098e3270d9f	I03.png	905258189b380c87	21
/mnt/v/input/zensim/sources/53ed9ee610371bcc_818x1022.png	3100cfb0a70f3cbc	I18.png	33158e27a7a62331	24
/mnt/v/input/zensim/sources/546d698ca50f61c2_1022x818.png	3a9a082e4a4c4fc3	I03.png	905258189b380c87	26
/mnt/v/input/zensim/sources/546d698ca50f61c2_1024sq.png	3a3a982a4a4c43cb	I04.png	63322169e8adc1c1	24
/mnt/v/input/zensim/sources/546d698ca50f61c2_512sq.png	4c4cb8af28321b2b	I20.png	9adea783e1110b0b	25
/mnt/v/input/zensim/sources/546d698ca50f61c2_513x769.png	eccc4cab2a3b2b44	I07.png	4d65e5a5e171b165	28
/mnt/v/input/zensim/sources/546d698ca50f61c2_818x1022.png	3939295dd9d68b89	I04.png	63322169e8adc1c1	25
/mnt/v/input/zensim/sources/54e352c746e4f0f7_1022x818.png	1123121201410141	I16.png	8187023342038190	18
/mnt/v/input/zensim/sources/54e352c746e4f0f7_1024sq.png	0101231201015141	I16.png	8187023342038190	19
/mnt/v/input/zensim/sources/54e352c746e4f0f7_513x769.png	2000201090001010	I16.png	8187023342038190	22
/mnt/v/input/zensim/sources/54e352c746e4f0f7_769x513.png	4141119151404041	I17.png	646094f473796971	23
/mnt/v/input/zensim/sources/54e352c746e4f0f7_818x1022.png	0101415151415101	I16.png	8187023342038190	21
/mnt/v/input/zensim/sources/54e61589011162ad_1022x818.png	6662988ce8b0b333	I02.png	2a60a389c9767032	22
/mnt/v/input/zensim/sources/54e61589011162ad_1024sq.png	2c66d28ce896b3b3	I02.png	2a60a389c9767032	21
/mnt/v/input/zensim/sources/54e61589011162ad_512sq.png	c8345d4e28cc70e1	I04.png	63322169e8adc1c1	26
/mnt/v/input/zensim/sources/54e61589011162ad_513x769.png	e3c15c4e8878f3f0	I13.png	ecc1d690c9fcc6c0	23
/mnt/v/input/zensim/sources/54e61589011162ad_769x513.png	eb903a2c90e83032	I09.png	c8b4acccd2563c26	24
/mnt/v/input/zensim/sources/54e61589011162ad_818x1022.png	2ce3d32ce8b2f163	I02.png	2a60a389c9767032	22
/mnt/v/input/zensim/sources/551991_512sq.png	f8b6f6fcfee8cd8e	I08.png	9ade5edcd5949f8e	22
/mnt/v/input/zensim/sources/5528ebce8de7ee60_1022x818.png	5c194165e6866e7c	I19.png	177df9e766474148	25
/mnt/v/input/zensim/sources/5528ebce8de7ee60_1024sq.png	c4185165a6067e74	I09.png	c8b4acccd2563c26	28
/mnt/v/input/zensim/sources/5528ebce8de7ee60_512sq.png	2a3266c6cf614188	I06.png	9313a3de8ec9c8e8	23
/mnt/v/input/zensim/sources/5528ebce8de7ee60_513x769.png	3e2a72c6cf4109ff	I11.png	1f8b64765e595aac	24
/mnt/v/input/zensim/sources/5528ebce8de7ee60_769x513.png	3c93e4e567a323c9	I18.png	33158e27a7a62331	23
/mnt/v/input/zensim/sources/5528ebce8de7ee60_818x1022.png	841c90e46683fff6	I22.png	949515181b9372f0	26
/mnt/v/input/zensim/sources/5617414_512sq.png	71737359dbd236c9	I12.png	c3c3c3c3e3c3d6ec	25
/mnt/v/input/zensim/sources/5739122_512sq.png	ce1f1f9ccb348518	I08.png	9ade5edcd5949f8e	22
/mnt/v/input/zensim/sources/577032aca90ea0bc_1022x818.png	a44d9ab2cc5a32b9	I05.png	04cb2e9095568c8d	26
/mnt/v/input/zensim/sources/577032aca90ea0bc_1024sq.png	a6a59aba4c1ab339	I10.png	9c9f585e4c18bc24	24
/mnt/v/input/zensim/sources/577032aca90ea0bc_512sq.png	551a5895b60d2c5a	I03.png	905258189b380c87	25
/mnt/v/input/zensim/sources/577032aca90ea0bc_513x769.png	951758dc8f6cd0a5	I03.png	905258189b380c87	20
/mnt/v/input/zensim/sources/577032aca90ea0bc_769x513.png	5a196b5b948ead29	I06.png	9313a3de8ec9c8e8	26
/mnt/v/input/zensim/sources/577032aca90ea0bc_818x1022.png	56641b7b8da92139	I18.png	33158e27a7a62331	25
/mnt/v/input/zensim/sources/5818cf22ee373218_1022x818.png	ff7e7c3dbd9d8d87	I08.png	9ade5edcd5949f8e	21
/mnt/v/input/zensim/sources/5818cf22ee373218_1024sq.png	e7ff7e3dbd9d87ad	I08.png	9ade5edcd5949f8e	23
/mnt/v/input/zensim/sources/5818cf22ee373218_512sq.png	efff9fafef6f3f87	I18.png	33158e27a7a62331	28
/mnt/v/input/zensim/sources/5818cf22ee373218_513x769.png	dbefffafef3f0723	I20.png	9adea783e1110b0b	22
/mnt/v/input/zensim/sources/5818cf22ee373218_769x513.png	efff5f7f2e3e1e2e	I10.png	9c9f585e4c18bc24	23
/mnt/v/input/zensim/sources/5818cf22ee373218_818x1022.png	e3fffe5e2e1e0724	I10.png	9c9f585e4c18bc24	24
/mnt/v/input/zensim/sources/5894435_512sq.png	b0d6b2b668b80470	I15.png	1517333479696c79	22
/mnt/v/input/zensim/sources/599acb58f6410703_1022x818.png	27060f4fdfcfcf4e	I06.png	9313a3de8ec9c8e8	26
/mnt/v/input/zensim/sources/599acb58f6410703_1024sq.png	2727064fdfcfce66	I06.png	9313a3de8ec9c8e8	25
/mnt/v/input/zensim/sources/599acb58f6410703_512sq.png	030f1f2f3f3e3f1f	I18.png	33158e27a7a62331	22
/mnt/v/input/zensim/sources/599acb58f6410703_818x1022.png	6767038f9d9fcfca	I04.png	63322169e8adc1c1	26
/mnt/v/input/zensim/sources/5_512sq.png	486a44a5d0fad684	I13.png	ecc1d690c9fcc6c0	23
/mnt/v/input/zensim/sources/5a9b3b963f852e20_1022x818.png	bdbaba8c793bde5a	I15.png	1517333479696c79	25
/mnt/v/input/zensim/sources/5a9b3b963f852e20_1024sq.png	50bcbaec797a5aca	I09.png	c8b4acccd2563c26	25
/mnt/v/input/zensim/sources/5a9b3b963f852e20_512sq.png	f4f9ca572656d58a	I19.png	177df9e766474148	23
/mnt/v/input/zensim/sources/5a9b3b963f852e20_513x769.png	a5f4f85f76d42d38	I09.png	c8b4acccd2563c26	24
/mnt/v/input/zensim/sources/5a9b3b963f852e20_769x513.png	797a6baecd7da64f	I07.png	4d65e5a5e171b165	27
/mnt/v/input/zensim/sources/5a9b3b963f852e20_818x1022.png	d03d39aeedffd9db	I04.png	63322169e8adc1c1	26
/mnt/v/input/zensim/sources/5aaab877e5ddd08d_1022x818.png	31b43239e84c2c2c	I15.png	1517333479696c79	21
/mnt/v/input/zensim/sources/5aaab877e5ddd08d_1024sq.png	22b13639e84c2cb1	I04.png	63322169e8adc1c1	24
/mnt/v/input/zensim/sources/5aaab877e5ddd08d_512sq.png	f170796c669e99e4	I04.png	63322169e8adc1c1	24
/mnt/v/input/zensim/sources/5aaab877e5ddd08d_513x769.png	f2f3716ce69be7cb	I04.png	63322169e8adc1c1	22
/mnt/v/input/zensim/sources/5aaab877e5ddd08d_769x513.png	727371a86cccd22f	I04.png	63322169e8adc1c1	23
/mnt/v/input/zensim/sources/5aaab877e5ddd08d_818x1022.png	61707239ccde2c30	I02.png	2a60a389c9767032	22
/mnt/v/input/zensim/sources/5ad8a9e209c94016_1022x818.png	0fde9e9e3c3c3ddf	I08.png	9ade5edcd5949f8e	22
/mnt/v/input/zensim/sources/5ad8a9e209c94016_1024sq.png	0f8f9e9e3c3d9f6a	I08.png	9ade5edcd5949f8e	24
/mnt/v/input/zensim/sources/5ad8a9e209c94016_512sq.png	1b1b3b7b77dffd6f	I15.png	1517333479696c79	25
/mnt/v/input/zensim/sources/5ad8a9e209c94016_513x769.png	0b1b3f7bf7fdff7c	I11.png	1f8b64765e595aac	26
/mnt/v/input/zensim/sources/5ad8a9e209c94016_769x513.png	9f9f97b73e6e7e3e	I11.png	1f8b64765e595aac	24
/mnt/v/input/zensim/sources/5ad8a9e209c94016_818x1022.png	8f8f9f973e3ebfcb	I08.png	9ade5edcd5949f8e	27
/mnt/v/input/zensim/sources/5b4e51b3cdae4652_1022x818.png	f1f0e2e398e6e6e6	I12.png	c3c3c3c3e3c3d6ec	23
/mnt/v/input/zensim/sources/5b4e51b3cdae4652_1024sq.png	e1f1e2e39ae6e6ec	I12.png	c3c3c3c3e3c3d6ec	18
/mnt/v/input/zensim/sources/5b4e51b3cdae4652_512sq.png	e484e474001dd3c0	I13.png	ecc1d690c9fcc6c0	22
/mnt/v/input/zensim/sources/5b4e51b3cdae4652_513x769.png	f8e4c4641899c1d3	I23.png	ecf8d15458b85959	19
/mnt/v/input/zensim/sources/5b4e51b3cdae4652_769x513.png	65e5e52980d843e3	I07.png	4d65e5a5e171b165	21
/mnt/v/input/zensim/sources/5b4e51b3cdae4652_818x1022.png	e0f8e5e198e2e2ec	I12.png	c3c3c3c3e3c3d6ec	24
/mnt/v/input/zensim/sources/5d527b437d1b0565_1022x818.png	c0b0b2c96cccc8a4	I04.png	63322169e8adc1c1	23
/mnt/v/input/zensim/sources/5d527b437d1b0565_1024sq.png	c8d0b1e46cca84e1	I21.png	3ad9a265616b94d3	22
/mnt/v/input/zensim/sources/5d527b437d1b0565_512sq.png	68c0c4440dac8c08	I13.png	ecc1d690c9fcc6c0	20
/mnt/v/input/zensim/sources/5d527b437d1b0565_513x769.png	1168c0480d8c0c94	I03.png	905258189b380c87	22
/mnt/v/input/zensim/sources/5d527b437d1b0565_769x513.png	212069c8cacccd89	I04.png	63322169e8adc1c1	18
/mnt/v/input/zensim/sources/5d527b437d1b0565_818x1022.png	ac5021accc898460	I04.png	63322169e8adc1c1	23
/mnt/v/input/zensim/sources/5d948a942167e843_1022x818.png	4b46468c9c1435f0	I08.png	9ade5edcd5949f8e	25
/mnt/v/input/zensim/sources/5d948a942167e843_1024sq.png	7943468c9c15f034	I02.png	2a60a389c9767032	25
/mnt/v/input/zensim/sources/5d948a942167e843_512sq.png	a7939f9d99b9b9fd	I06.png	9313a3de8ec9c8e8	25
/mnt/v/input/zensim/sources/5d948a942167e843_513x769.png	94a3839db9b9edf0	I06.png	9313a3de8ec9c8e8	23
/mnt/v/input/zensim/sources/5d948a942167e843_818x1022.png	dcc9c74e1e36f064	I10.png	9c9f585e4c18bc24	23
/mnt/v/input/zensim/sources/5dbdb989cf026f7ab3dd7167d7fc0fe2_1022x818.png	8cc951c3f318cca4	I12.png	c3c3c3c3e3c3d6ec	22
/mnt/v/input/zensim/sources/5dbdb989cf026f7ab3dd7167d7fc0fe2_1024sq.png	c98dd1c33358a4b3	I24.png	cdcdebcb4accc999	23
/mnt/v/input/zensim/sources/5dbdb989cf026f7ab3dd7167d7fc0fe2_512sq.png	494a29454bf9bb3a	I24.png	cdcdebcb4accc999	26
/mnt/v/input/zensim/sources/5dbdb989cf026f7ab3dd7167d7fc0fe2_513x769.png	4e2a494549b93ae5	I23.png	ecf8d15458b85959	24
/mnt/v/input/zensim/sources/5dbdb989cf026f7ab3dd7167d7fc0fe2_769x513.png	e8b19083e3785b9c	I13.png	ecc1d690c9fcc6c0	24
/mnt/v/input/zensim/sources/5dbdb989cf026f7ab3dd7167d7fc0fe2_818x1022.png	cd0dd0c37bd82469	I24.png	cdcdebcb4accc999	23
/mnt/v/input/zensim/sources/5dc7f889e59a0ba2_1022x818.png	e5e5a765e7478667	I07.png	4d65e5a5e171b165	20
/mnt/v/input/zensim/sources/5dc7f889e59a0ba2_1024sq.png	26e5e767e7860767	I18.png	33158e27a7a62331	20
/mnt/v/input/zensim/sources/5dc7f889e59a0ba2_512sq.png	4606070301002501	I16.png	8187023342038190	22
/mnt/v/input/zensim/sources/5dc7f889e59a0ba2_769x513.png	e507a6c7c3c38507	I12.png	c3c3c3c3e3c3d6ec	22
/mnt/v/input/zensim/sources/5dc7f889e59a0ba2_818x1022.png	27e4a5e6c38787e6	I12.png	c3c3c3c3e3c3d6ec	23
/mnt/v/input/zensim/sources/5dfb57a97046ec00_1022x818.png	3060d0f1634146c6	I17.png	646094f473796971	22
/mnt/v/input/zensim/sources/5dfb57a97046ec00_1024sq.png	9c30e0f16142c6c5	I21.png	3ad9a265616b94d3	23
/mnt/v/input/zensim/sources/5dfb57a97046ec00_512sq.png	a42490c081800189	I23.png	ecf8d15458b85959	26
/mnt/v/input/zensim/sources/5dfb57a97046ec00_513x769.png	e0c424e081018911	I16.png	8187023342038190	22
/mnt/v/input/zensim/sources/5dfb57a97046ec00_769x513.png	c0c8d0c0c0c182ca	I12.png	c3c3c3c3e3c3d6ec	20
/mnt/v/input/zensim/sources/5dfb57a97046ec00_818x1022.png	9c70c8d0c1c3d3d6	I12.png	c3c3c3c3e3c3d6ec	25
/mnt/v/input/zensim/sources/5e5ce43575fa67fdc0dd37146d7f479e_1022x818.png	9c1d690cd53269b4	I10.png	9c9f585e4c18bc24	22
/mnt/v/input/zensim/sources/5e5ce43575fa67fdc0dd37146d7f479e_1024sq.png	499d1d4cb02230b2	I09.png	c8b4acccd2563c26	22
/mnt/v/input/zensim/sources/5e5ce43575fa67fdc0dd37146d7f479e_512sq.png	16b6a6250ff0d09c	I11.png	1f8b64765e595aac	26
/mnt/v/input/zensim/sources/5e5ce43575fa67fdc0dd37146d7f479e_513x769.png	5656b6a435d09c71	I15.png	1517333479696c79	23
/mnt/v/input/zensim/sources/5e5ce43575fa67fdc0dd37146d7f479e_769x513.png	1cd4540c8c726149	I22.png	949515181b9372f0	25
/mnt/v/input/zensim/sources/5e5ce43575fa67fdc0dd37146d7f479e_818x1022.png	5c141ccc3069b032	I09.png	c8b4acccd2563c26	23
/mnt/v/input/zensim/sources/5ed8e8d245e2e5f9_1022x818.png	b5378db5b5ddb5b6	I07.png	4d65e5a5e171b165	25
/mnt/v/input/zensim/sources/5ed8e8d245e2e5f9_1024sq.png	d4350fbdb5ddb497	I05.png	04cb2e9095568c8d	27
/mnt/v/input/zensim/sources/5ed8e8d245e2e5f9_513x769.png	7b6b4b5beb6a3bab	I02.png	2a60a389c9767032	27
/mnt/v/input/zensim/sources/5ed8e8d245e2e5f9_769x513.png	26aeaa3232039a12	I16.png	8187023342038190	21
/mnt/v/input/zensim/sources/5ed8e8d245e2e5f9_818x1022.png	f636ae3e36523636	I09.png	c8b4acccd2563c26	21
/mnt/v/input/zensim/sources/5ff6a30b8adb21fe_1022x818.png	73733373e3e1c063	I04.png	63322169e8adc1c1	18
/mnt/v/input/zensim/sources/5ff6a30b8adb21fe_1024sq.png	31733373e3e1e363	I04.png	63322169e8adc1c1	21
/mnt/v/input/zensim/sources/5ff6a30b8adb21fe_512sq.png	e8e8d881c0c3c000	I13.png	ecc1d690c9fcc6c0	21
/mnt/v/input/zensim/sources/5ff6a30b8adb21fe_513x769.png	e8e8e8d8c0c00091	I24.png	cdcdebcb4accc999	21
/mnt/v/input/zensim/sources/5ff6a30b8adb21fe_769x513.png	f17161c3e1e2e101	I04.png	63322169e8adc1c1	21
/mnt/v/input/zensim/sources/5ff6a30b8adb21fe_818x1022.png	72717161e3a1d252	I04.png	63322169e8adc1c1	20
/mnt/v/input/zensim/sources/60003_512sq.png	f1f8ecf6e3e6a36b	I18.png	33158e27a7a62331	24
/mnt/v/input/zensim/sources/6001c8cb5caa9661_1022x818.png	98b3236263e17351	I01.png	5db2525252732b34	24
/mnt/v/input/zensim/sources/6001c8cb5caa9661_1024sq.png	0998236263f153e3	I21.png	3ad9a265616b94d3	23
/mnt/v/input/zensim/sources/6001c8cb5caa9661_512sq.png	6de84884a44b64f1	I17.png	646094f473796971	25
/mnt/v/input/zensim/sources/6001c8cb5caa9661_513x769.png	7ced6884c066f018	I02.png	2a60a389c9767032	23
/mnt/v/input/zensim/sources/6001c8cb5caa9661_769x513.png	6a28e1c9c1cda4f2	I02.png	2a60a389c9767032	19
/mnt/v/input/zensim/sources/6001c8cb5caa9661_818x1022.png	0d3923c1c5e1d1f1	I07.png	4d65e5a5e171b165	21
/mnt/v/input/zensim/sources/60093e708d254b88_1022x818.png	17930941b0939390	I16.png	8187023342038190	22
/mnt/v/input/zensim/sources/60093e708d254b88_1024sq.png	07130341b2939110	I16.png	8187023342038190	19
/mnt/v/input/zensim/sources/60093e708d254b88_513x769.png	61400420e0692914	I17.png	646094f473796971	19
/mnt/v/input/zensim/sources/60093e708d254b88_818x1022.png	2703098030331030	I02.png	2a60a389c9767032	25
/mnt/v/input/zensim/sources/60430844748882ff66b9a5598ef06dd6_1022x818.png	3b3b393d3d1d1d2d	I15.png	1517333479696c79	24
/mnt/v/input/zensim/sources/60430844748882ff66b9a5598ef06dd6_1024sq.png	733b393d3d1d2d2d	I15.png	1517333479696c79	22
/mnt/v/input/zensim/sources/60430844748882ff66b9a5598ef06dd6_512sq.png	fefefefe7f7f3f3f	I08.png	9ade5edcd5949f8e	24
/mnt/v/input/zensim/sources/60430844748882ff66b9a5598ef06dd6_513x769.png	fcfefefe7f7f3f76	I01.png	5db2525252732b34	24
/mnt/v/input/zensim/sources/60430844748882ff66b9a5598ef06dd6_818x1022.png	73797d3d3c1c6d65	I14.png	40c0383739adecec	25
/mnt/v/input/zensim/sources/6108af34298ddf03_1022x818.png	07263ae62ca80002	I04.png	63322169e8adc1c1	26
/mnt/v/input/zensim/sources/6108af34298ddf03_1024sq.png	0f073a662c800604	I10.png	9c9f585e4c18bc24	24
/mnt/v/input/zensim/sources/6108af34298ddf03_512sq.png	d4dc79400bc6dc01	I24.png	cdcdebcb4accc999	22
/mnt/v/input/zensim/sources/6108af34298ddf03_769x513.png	6149bae3066c2802	I19.png	177df9e766474148	25
/mnt/v/input/zensim/sources/61ab5b54d079348a_1022x818.png	23054f0346cfcfcf	I12.png	c3c3c3c3e3c3d6ec	24
/mnt/v/input/zensim/sources/61ab5b54d079348a_1024sq.png	36274f0347cfcfcf	I12.png	c3c3c3c3e3c3d6ec	26
/mnt/v/input/zensim/sources/61ab5b54d079348a_513x769.png	62460281871f2f3e	I02.png	2a60a389c9767032	25
/mnt/v/input/zensim/sources/61ab5b54d079348a_769x513.png	4d470363c78f9f9f	I12.png	c3c3c3c3e3c3d6ec	23
/mnt/v/input/zensim/sources/61eb3c9ef0f575ac_1022x818.png	9696d5cd8ba7fffa	I22.png	949515181b9372f0	21
/mnt/v/input/zensim/sources/61eb3c9ef0f575ac_1024sq.png	d79697cd87bffab3	I22.png	949515181b9372f0	24
/mnt/v/input/zensim/sources/61eb3c9ef0f575ac_512sq.png	a736270f2c619d9f	I04.png	63322169e8adc1c1	26
/mnt/v/input/zensim/sources/61eb3c9ef0f575ac_769x513.png	a695960e98234b5f	I22.png	949515181b9372f0	25
/mnt/v/input/zensim/sources/61eb3c9ef0f575ac_818x1022.png	97a6978c0b7ffb73	I22.png	949515181b9372f0	23
/mnt/v/input/zensim/sources/6254131c49205ec4_1022x818.png	2c2ccfbc6c2dad2d	I07.png	4d65e5a5e171b165	25
/mnt/v/input/zensim/sources/6254131c49205ec4_1024sq.png	ad2cecac6c2d2d24	I07.png	4d65e5a5e171b165	24
/mnt/v/input/zensim/sources/6254131c49205ec4_512sq.png	c7072767c7a7e7c7	I12.png	c3c3c3c3e3c3d6ec	23
/mnt/v/input/zensim/sources/6254131c49205ec4_513x769.png	c7c72766c7c7c7c7	I12.png	c3c3c3c3e3c3d6ec	19
/mnt/v/input/zensim/sources/6254131c49205ec4_769x513.png	64448d2464666424	I07.png	4d65e5a5e171b165	24
/mnt/v/input/zensim/sources/6254131c49205ec4_818x1022.png	2c6c6c2c64642466	I07.png	4d65e5a5e171b165	23
/mnt/v/input/zensim/sources/631317_512sq.png	cc19be202064d0c0	I13.png	ecc1d690c9fcc6c0	22
/mnt/v/input/zensim/sources/632c86480e8442a8_1022x818.png	4808356dd0aaae99	I04.png	63322169e8adc1c1	26
/mnt/v/input/zensim/sources/632c86480e8442a8_1024sq.png	558a0875e2aa9999	I16.png	8187023342038190	22
/mnt/v/input/zensim/sources/632c86480e8442a8_512sq.png	4444494825dccccd	I05.png	04cb2e9095568c8d	23
/mnt/v/input/zensim/sources/632c86480e8442a8_513x769.png	0d4c554a91cccc33	I24.png	cdcdebcb4accc999	24
/mnt/v/input/zensim/sources/632c86480e8442a8_769x513.png	4c2caaa8926a2b2c	I09.png	c8b4acccd2563c26	21
/mnt/v/input/zensim/sources/632c86480e8442a8_818x1022.png	d24d0ab4ea2a1c1c	I03.png	905258189b380c87	26
/mnt/v/input/zensim/sources/63d1678fc1eef9ac_1022x818.png	5672b090d98cf7c2	I13.png	ecc1d690c9fcc6c0	22
/mnt/v/input/zensim/sources/63d1678fc1eef9ac_1024sq.png	a8563190d8a5d2eb	I04.png	63322169e8adc1c1	24
/mnt/v/input/zensim/sources/63d1678fc1eef9ac_512sq.png	93d05a38921da662	I03.png	905258189b380c87	20
/mnt/v/input/zensim/sources/63d1678fc1eef9ac_513x769.png	33b3d27a9a0e6329	I01.png	5db2525252732b34	24
/mnt/v/input/zensim/sources/63d1678fc1eef9ac_769x513.png	74313818d1182c27	I03.png	905258189b380c87	17
/mnt/v/input/zensim/sources/63d1678fc1eef9ac_818x1022.png	2cd370385824d3e9	I23.png	ecf8d15458b85959	23
/mnt/v/input/zensim/sources/64271_512sq.png	311292b2f0f2d8e5	I01.png	5db2525252732b34	26
/mnt/v/input/zensim/sources/6435e91b2c9cb6ef_1024sq.png	5414e47494d06764	I09.png	c8b4acccd2563c26	25
/mnt/v/input/zensim/sources/6435e91b2c9cb6ef_512sq.png	a32fcbfb7b8b175b	I12.png	c3c3c3c3e3c3d6ec	25
/mnt/v/input/zensim/sources/6435e91b2c9cb6ef_513x769.png	1b23cbeb2b175aab	I12.png	c3c3c3c3e3c3d6ec	24
/mnt/v/input/zensim/sources/6435e91b2c9cb6ef_769x513.png	66a6ea72b2429492	I16.png	8187023342038190	24
/mnt/v/input/zensim/sources/6435e91b2c9cb6ef_818x1022.png	b692e6e21694e7e6	I08.png	9ade5edcd5949f8e	26
/mnt/v/input/zensim/sources/64908c1ea18b0fcb_1022x818.png	39586e4ccb4b0c92	I21.png	3ad9a265616b94d3	21
/mnt/v/input/zensim/sources/64908c1ea18b0fcb_1024sq.png	7d195c4ccb0f8cf2	I10.png	9c9f585e4c18bc24	25
/mnt/v/input/zensim/sources/64908c1ea18b0fcb_512sq.png	94969e9c0d0c0e0f	I03.png	905258189b380c87	20
/mnt/v/input/zensim/sources/64908c1ea18b0fcb_513x769.png	b2be969e0d0c0e3d	I08.png	9ade5edcd5949f8e	24
/mnt/v/input/zensim/sources/64908c1ea18b0fcb_769x513.png	5c5f4ccc8a898d8f	I03.png	905258189b380c87	22
/mnt/v/input/zensim/sources/64908c1ea18b0fcb_818x1022.png	745c5ccc890d1e72	I03.png	905258189b380c87	26
/mnt/v/input/zensim/sources/65ccc333c397c9e3_1024sq.png	d242d2525a5a52da	I12.png	c3c3c3c3e3c3d6ec	24
/mnt/v/input/zensim/sources/65ccc333c397c9e3_512sq.png	2829b49010909490	I05.png	04cb2e9095568c8d	24
/mnt/v/input/zensim/sources/65ccc333c397c9e3_818x1022.png	5351d3d25b5b5bdb	I12.png	c3c3c3c3e3c3d6ec	24
/mnt/v/input/zensim/sources/6638cd7fb680d890_1022x818.png	1299dbd7fbde9e2c	I12.png	c3c3c3c3e3c3d6ec	22
/mnt/v/input/zensim/sources/6638cd7fb680d890_1024sq.png	d1999bd7dbde1c94	I09.png	c8b4acccd2563c26	25
/mnt/v/input/zensim/sources/6638cd7fb680d890_512sq.png	39393933b4ac3d35	I18.png	33158e27a7a62331	23
/mnt/v/input/zensim/sources/6638cd7fb680d890_513x769.png	7c3d3933b43d3567	I07.png	4d65e5a5e171b165	25
/mnt/v/input/zensim/sources/6638cd7fb680d890_769x513.png	989a9bb6f5d99b9f	I08.png	9ade5edcd5949f8e	19
/mnt/v/input/zensim/sources/6638cd7fb680d890_818x1022.png	d1989b93d99b2eb4	I01.png	5db2525252732b34	24
/mnt/v/input/zensim/sources/670530_512sq.png	c9c999bbb3c11d33	I24.png	cdcdebcb4accc999	26
/mnt/v/input/zensim/sources/67216_512sq.png	fec435f03135c066	I17.png	646094f473796971	24
/mnt/v/input/zensim/sources/675951_512sq.png	c70b216516b64a7e	I11.png	1f8b64765e595aac	25
/mnt/v/input/zensim/sources/675f8b3d2d78ca0e_1022x818.png	cca44e6627361a1c	I01.png	5db2525252732b34	25
/mnt/v/input/zensim/sources/675f8b3d2d78ca0e_1024sq.png	71ec2666273a1ecc	I11.png	1f8b64765e595aac	26
/mnt/v/input/zensim/sources/675f8b3d2d78ca0e_512sq.png	d73bada5e6e664ac	I19.png	177df9e766474148	21
/mnt/v/input/zensim/sources/675f8b3d2d78ca0e_513x769.png	27c79ba5e6e6bc3f	I18.png	33158e27a7a62331	23
/mnt/v/input/zensim/sources/675f8b3d2d78ca0e_769x513.png	65564b6767653739	I18.png	33158e27a7a62331	21
/mnt/v/input/zensim/sources/675f8b3d2d78ca0e_818x1022.png	f8a44747653b1a8c	I20.png	9adea783e1110b0b	25
/mnt/v/input/zensim/sources/67601d2b16975039_1022x818.png	2020203c0488d299	I04.png	63322169e8adc1c1	24
/mnt/v/input/zensim/sources/67601d2b16975039_512sq.png	a082e6e75bc3ac50	I16.png	8187023342038190	23
/mnt/v/input/zensim/sources/67601d2b16975039_513x769.png	60a0c2e6c38c5074	I12.png	c3c3c3c3e3c3d6ec	24
/mnt/v/input/zensim/sources/67601d2b16975039_769x513.png	6064646e2e2429b1	I17.png	646094f473796971	23
/mnt/v/input/zensim/sources/67601d2b16975039_818x1022.png	416160262521b19d	I07.png	4d65e5a5e171b165	19
/mnt/v/input/zensim/sources/6763758_512sq.png	4aeae066371c8786	I08.png	9ade5edcd5949f8e	26
/mnt/v/input/zensim/sources/68618081733c0315_1022x818.png	f3b667584c54752b	I09.png	c8b4acccd2563c26	26
/mnt/v/input/zensim/sources/68618081733c0315_1024sq.png	caf227594c74732b	I02.png	2a60a389c9767032	20
/mnt/v/input/zensim/sources/68618081733c0315_513x769.png	adabdb38952732c0	I22.png	949515181b9372f0	26
/mnt/v/input/zensim/sources/68618081733c0315_769x513.png	7352d2dadcc696f2	I12.png	c3c3c3c3e3c3d6ec	24
/mnt/v/input/zensim/sources/6864f8ab968f9b7c_1022x818.png	692d2ecfc32707c7	I09.png	c8b4acccd2563c26	26
/mnt/v/input/zensim/sources/6864f8ab968f9b7c_1024sq.png	282d2ecfc3274747	I09.png	c8b4acccd2563c26	26
/mnt/v/input/zensim/sources/6864f8ab968f9b7c_513x769.png	cf4fd71310438303	I16.png	8187023342038190	22
/mnt/v/input/zensim/sources/6864f8ab968f9b7c_769x513.png	366f9495134583c3	I17.png	646094f473796971	25
/mnt/v/input/zensim/sources/6864f8ab968f9b7c_818x1022.png	ac64669581478793	I05.png	04cb2e9095568c8d	24
/mnt/v/input/zensim/sources/68845bbc29306de5_1022x818.png	6c6c6d6e70e0a007	I07.png	4d65e5a5e171b165	22
/mnt/v/input/zensim/sources/68845bbc29306de5_1024sq.png	6c6c6c6c70e0213a	I17.png	646094f473796971	23
/mnt/v/input/zensim/sources/68845bbc29306de5_512sq.png	8e8e8ea9b1b0b0a0	I08.png	9ade5edcd5949f8e	26
/mnt/v/input/zensim/sources/68845bbc29306de5_513x769.png	8e8e8e8cb0b08080	I08.png	9ade5edcd5949f8e	23
/mnt/v/input/zensim/sources/68845bbc29306de5_769x513.png	4c4c4d6b70f0f060	I07.png	4d65e5a5e171b165	21
/mnt/v/input/zensim/sources/68845bbc29306de5_818x1022.png	4c4c4c4c70600039	I17.png	646094f473796971	24
/mnt/v/input/zensim/sources/68b6c80c19d8a4b0_1022x818.png	c7ce0e0e4e8e8dac	I24.png	cdcdebcb4accc999	22
/mnt/v/input/zensim/sources/68b6c80c19d8a4b0_1024sq.png	c6cf4e2ece8d8dac	I08.png	9ade5edcd5949f8e	23
/mnt/v/input/zensim/sources/68b6c80c19d8a4b0_512sq.png	9367061676060616	I16.png	8187023342038190	21
/mnt/v/input/zensim/sources/68b6c80c19d8a4b0_513x769.png	4b9326165606168e	I11.png	1f8b64765e595aac	21
/mnt/v/input/zensim/sources/68b6c80c19d8a4b0_769x513.png	d72f0d0fad8d0f0c	I18.png	33158e27a7a62331	27
/mnt/v/input/zensim/sources/68b6c80c19d8a4b0_818x1022.png	86a7cf2f8f0c0d6d	I18.png	33158e27a7a62331	26
/mnt/v/input/zensim/sources/69195a22352f2f1e_1024sq.png	05664625323a6c3d	I15.png	1517333479696c79	22
/mnt/v/input/zensim/sources/69195a22352f2f1e_513x769.png	4926a6a618546257	I09.png	c8b4acccd2563c26	25
/mnt/v/input/zensim/sources/69195a22352f2f1e_818x1022.png	9762c5a7397de434	I07.png	4d65e5a5e171b165	23
/mnt/v/input/zensim/sources/696e12f4e1ca550b_1022x818.png	7169242623908c27	I07.png	4d65e5a5e171b165	26
/mnt/v/input/zensim/sources/696e12f4e1ca550b_1024sq.png	60616c2633988e67	I14.png	40c0383739adecec	22
/mnt/v/input/zensim/sources/696e12f4e1ca550b_512sq.png	06cfcbd9d3402833	I24.png	cdcdebcb4accc999	24
/mnt/v/input/zensim/sources/696e12f4e1ca550b_513x769.png	e88ecbd9d1701d46	I08.png	9ade5edcd5949f8e	22
/mnt/v/input/zensim/sources/696e12f4e1ca550b_769x513.png	cc4e43636322b09a	I16.png	8187023342038190	21
/mnt/v/input/zensim/sources/696e12f4e1ca550b_818x1022.png	a0a84c6322180f63	I17.png	646094f473796971	27
/mnt/v/input/zensim/sources/698d732eb8d06578_1022x818.png	6149491b1b588580	I03.png	905258189b380c87	22
/mnt/v/input/zensim/sources/698d732eb8d06578_1024sq.png	7c69491b19198534	I10.png	9c9f585e4c18bc24	24
/mnt/v/input/zensim/sources/698d732eb8d06578_512sq.png	8c8c0c5c2c0c1909	I10.png	9c9f585e4c18bc24	20
/mnt/v/input/zensim/sources/698d732eb8d06578_513x769.png	26ce8c3c0c1d0906	I10.png	9c9f585e4c18bc24	25
/mnt/v/input/zensim/sources/698d732eb8d06578_769x513.png	ccc9893d19d85a12	I23.png	ecf8d15458b85959	21
/mnt/v/input/zensim/sources/698d732eb8d06578_818x1022.png	decccd19195a042a	I03.png	905258189b380c87	25
/mnt/v/input/zensim/sources/6_512sq.png	378d0141ef24f5fe	I12.png	c3c3c3c3e3c3d6ec	27
/mnt/v/input/zensim/sources/6a686061cf92b845_1022x818.png	0909073333193cbc	I11.png	1f8b64765e595aac	23
/mnt/v/input/zensim/sources/6a686061cf92b845_1024sq.png	280905233b1dbc7d	I14.png	40c0383739adecec	23
/mnt/v/input/zensim/sources/6a686061cf92b845_512sq.png	4241c161719c363e	I12.png	c3c3c3c3e3c3d6ec	24
/mnt/v/input/zensim/sources/6a686061cf92b845_513x769.png	6e4e41e07016b7b7	I07.png	4d65e5a5e171b165	27
/mnt/v/input/zensim/sources/6a686061cf92b845_769x513.png	0422616131593c6c	I15.png	1517333479696c79	22
/mnt/v/input/zensim/sources/6a686061cf92b845_818x1022.png	2c8c0423795c3cec	I14.png	40c0383739adecec	22
/mnt/v/input/zensim/sources/6a6e389f7af72477_1022x818.png	79339d4d8f8e3662	I18.png	33158e27a7a62331	24
/mnt/v/input/zensim/sources/6a6e389f7af72477_1024sq.png	ae33118d8f9636c4	I22.png	949515181b9372f0	23
/mnt/v/input/zensim/sources/6a6e389f7af72477_512sq.png	70321a16064f454b	I19.png	177df9e766474148	26
/mnt/v/input/zensim/sources/6a6e389f7af72477_513x769.png	a9713a160e4d6be8	I06.png	9313a3de8ec9c8e8	21
/mnt/v/input/zensim/sources/6a6e389f7af72477_769x513.png	321c940c858f2f23	I18.png	33158e27a7a62331	19
/mnt/v/input/zensim/sources/6a6e389f7af72477_818x1022.png	2f72128c8d2763a6	I02.png	2a60a389c9767032	21
/mnt/v/input/zensim/sources/6a8b49feaef947dc_1022x818.png	e7e7e7e4e7e7e6e7	I12.png	c3c3c3c3e3c3d6ec	18
/mnt/v/input/zensim/sources/6a8b49feaef947dc_1024sq.png	e7e7e7e5e7e7e6e7	I12.png	c3c3c3c3e3c3d6ec	17
/mnt/v/input/zensim/sources/6a8b49feaef947dc_512sq.png	c3e3e3e7e7e7e7e7	I12.png	c3c3c3c3e3c3d6ec	13
/mnt/v/input/zensim/sources/6a8b49feaef947dc_513x769.png	c3c3e3e7e7e7e7e3	I12.png	c3c3c3c3e3c3d6ec	13
/mnt/v/input/zensim/sources/6a8b49feaef947dc_769x513.png	e6e6e6e6e6e7e7e6	I12.png	c3c3c3c3e3c3d6ec	21
/mnt/v/input/zensim/sources/6a8b49feaef947dc_818x1022.png	e7e6e6e6e7e6e6e7	I12.png	c3c3c3c3e3c3d6ec	20
/mnt/v/input/zensim/sources/6b21fe3ef4064db0_1022x818.png	6b06865d4d871717	I18.png	33158e27a7a62331	25
/mnt/v/input/zensim/sources/6b21fe3ef4064db0_1024sq.png	c34f065d4d97171f	I08.png	9ade5edcd5949f8e	22
/mnt/v/input/zensim/sources/6b21fe3ef4064db0_512sq.png	230393bb9bd30b33	I18.png	33158e27a7a62331	24
/mnt/v/input/zensim/sources/6b21fe3ef4064db0_513x769.png	cd03039b9b033133	I16.png	8187023342038190	21
/mnt/v/input/zensim/sources/6b21fe3ef4064db0_769x513.png	0705555a5e438393	I16.png	8187023342038190	21
/mnt/v/input/zensim/sources/6b21fe3ef4064db0_818x1022.png	83ca075c5693935b	I08.png	9ade5edcd5949f8e	23
/mnt/v/input/zensim/sources/6c53196fef1e91ca_1022x818.png	c94969366c49c929	I24.png	cdcdebcb4accc999	21
/mnt/v/input/zensim/sources/6c53196fef1e91ca_1024sq.png	cd4949366c49c902	I24.png	cdcdebcb4accc999	23
/mnt/v/input/zensim/sources/6c53196fef1e91ca_512sq.png	8dddf1d3d29d9c8d	I24.png	cdcdebcb4accc999	19
/mnt/v/input/zensim/sources/6c53196fef1e91ca_513x769.png	8d8dddf3d69d8dcc	I24.png	cdcdebcb4accc999	22
/mnt/v/input/zensim/sources/6c53196fef1e91ca_769x513.png	ccecb36667cccccc	I24.png	cdcdebcb4accc999	21
/mnt/v/input/zensim/sources/6cc290815ae79c70_1022x818.png	b18ead314b0b0fb0	I16.png	8187023342038190	19
/mnt/v/input/zensim/sources/6cc290815ae79c70_1024sq.png	959a8de54b0bada3	I16.png	8187023342038190	26
/mnt/v/input/zensim/sources/6cc290815ae79c70_512sq.png	4da752314a9aac89	I16.png	8187023342038190	20
/mnt/v/input/zensim/sources/6cc290815ae79c70_513x769.png	4a4d07615a98a952	I24.png	cdcdebcb4accc999	25
/mnt/v/input/zensim/sources/6cc290815ae79c70_769x513.png	2f249433c9595b4a	I17.png	646094f473796971	25
/mnt/v/input/zensim/sources/6cc290815ae79c70_818x1022.png	95ab2de5594a6a29	I11.png	1f8b64765e595aac	22
/mnt/v/input/zensim/sources/6db323fe43516e3c_1022x818.png	4e4e4ef3bf85e2b6	I08.png	9ade5edcd5949f8e	27
/mnt/v/input/zensim/sources/6db323fe43516e3c_1024sq.png	ce4e4e46bf83fe97	I08.png	9ade5edcd5949f8e	24
/mnt/v/input/zensim/sources/6db323fe43516e3c_513x769.png	8b9d9560f75951f7	I11.png	1f8b64765e595aac	26
/mnt/v/input/zensim/sources/6db323fe43516e3c_769x513.png	dbca03c07f37acb2	I01.png	5db2525252732b34	26
/mnt/v/input/zensim/sources/6db323fe43516e3c_818x1022.png	cfcfcbc2bfa17517	I12.png	c3c3c3c3e3c3d6ec	24
/mnt/v/input/zensim/sources/7062197_512sq.png	a5a76061e0b8b80c	I07.png	4d65e5a5e171b165	24
/mnt/v/input/zensim/sources/7062227_512sq.png	fcf0c6c6525352e6	I01.png	5db2525252732b34	21
/mnt/v/input/zensim/sources/70849402699f932d_512sq.png	ca2f0f0f170783e0	I16.png	8187023342038190	23
/mnt/v/input/zensim/sources/70849402699f932d_769x513.png	e4978e8e868e86f0	I18.png	33158e27a7a62331	23
/mnt/v/input/zensim/sources/708587_512sq.png	71cc8c8ed6e1716c	I09.png	c8b4acccd2563c26	26
/mnt/v/input/zensim/sources/7099ea12c97928a0_1022x818.png	4acb4aca31758d4e	I05.png	04cb2e9095568c8d	22
/mnt/v/input/zensim/sources/7099ea12c97928a0_1024sq.png	904b4aca3155ce52	I05.png	04cb2e9095568c8d	25
/mnt/v/input/zensim/sources/7099ea12c97928a0_512sq.png	4989988ef173e64a	I12.png	c3c3c3c3e3c3d6ec	26
/mnt/v/input/zensim/sources/7099ea12c97928a0_513x769.png	9c69899cf3638e8f	I05.png	04cb2e9095568c8d	23
/mnt/v/input/zensim/sources/7099ea12c97928a0_769x513.png	ab89db4d65b6b62d	I12.png	c3c3c3c3e3c3d6ec	25
/mnt/v/input/zensim/sources/7099ea12c97928a0_818x1022.png	3acbcbc9b5b6cfd3	I08.png	9ade5edcd5949f8e	23
/mnt/v/input/zensim/sources/712fc5e88698250a_1022x818.png	87835a655d5d662e	I11.png	1f8b64765e595aac	21
/mnt/v/input/zensim/sources/712fc5e88698250a_1024sq.png	d2875a715d752e26	I01.png	5db2525252732b34	23
/mnt/v/input/zensim/sources/712fc5e88698250a_512sq.png	939954e396d959d6	I11.png	1f8b64765e595aac	22
/mnt/v/input/zensim/sources/712fc5e88698250a_513x769.png	625511e493d9e9ca	I17.png	646094f473796971	22
/mnt/v/input/zensim/sources/712fc5e88698250a_769x513.png	5bdaaa65dadada7d	I11.png	1f8b64765e595aac	23
/mnt/v/input/zensim/sources/712fc5e88698250a_818x1022.png	b3a3dafadada6d62	I06.png	9313a3de8ec9c8e8	24
/mnt/v/input/zensim/sources/717df959e85e1afd_1022x818.png	0989e978ccb0b034	I10.png	9c9f585e4c18bc24	21
/mnt/v/input/zensim/sources/717df959e85e1afd_1024sq.png	3b89c9708cb03434	I10.png	9c9f585e4c18bc24	23
/mnt/v/input/zensim/sources/717df959e85e1afd_512sq.png	0ce4f4fa3e8e6460	I14.png	40c0383739adecec	25
/mnt/v/input/zensim/sources/717df959e85e1afd_513x769.png	0c0ce4f81e646065	I17.png	646094f473796971	25
/mnt/v/input/zensim/sources/717df959e85e1afd_769x513.png	8ce8f9fc1c4c6031	I23.png	ecf8d15458b85959	22
/mnt/v/input/zensim/sources/717df959e85e1afd_818x1022.png	290dccf00c303672	I10.png	9c9f585e4c18bc24	26
/mnt/v/input/zensim/sources/71813b1e023f8f6d_1022x818.png	16aa8945652d096f	I19.png	177df9e766474148	25
/mnt/v/input/zensim/sources/71813b1e023f8f6d_1024sq.png	3696aa51650d8f2c	I20.png	9adea783e1110b0b	24
/mnt/v/input/zensim/sources/71813b1e023f8f6d_512sq.png	cc8c9aeba3939b8e	I08.png	9ade5edcd5949f8e	24
/mnt/v/input/zensim/sources/71813b1e023f8f6d_513x769.png	d3cc988ba39b8cdf	I12.png	c3c3c3c3e3c3d6ec	24
/mnt/v/input/zensim/sources/71813b1e023f8f6d_769x513.png	69199ae464464e1c	I19.png	177df9e766474148	24
/mnt/v/input/zensim/sources/71813b1e023f8f6d_818x1022.png	76262990664cac6e	I09.png	c8b4acccd2563c26	27
/mnt/v/input/zensim/sources/71ee7c1d4ba18e16_1022x818.png	5bd3b626c68e2d0f	I18.png	33158e27a7a62331	24
/mnt/v/input/zensim/sources/71ee7c1d4ba18e16_1024sq.png	315bb276ce0d6d0f	I06.png	9313a3de8ec9c8e8	24
/mnt/v/input/zensim/sources/71ee7c1d4ba18e16_512sq.png	303272e787070787	I18.png	33158e27a7a62331	25
/mnt/v/input/zensim/sources/71ee7c1d4ba18e16_513x769.png	383072e68717e707	I01.png	5db2525252732b34	27
/mnt/v/input/zensim/sources/71ee7c1d4ba18e16_769x513.png	b3b33667c68f0e4e	I06.png	9313a3de8ec9c8e8	25
/mnt/v/input/zensim/sources/71ee7c1d4ba18e16_818x1022.png	35d9b366ce0eee0d	I19.png	177df9e766474148	25
/mnt/v/input/zensim/sources/7218572_512sq.png	77373223212b2929	I15.png	1517333479696c79	19
/mnt/v/input/zensim/sources/7223ec300561ea95_1022x818.png	170f0e2f6766e6e7	I18.png	33158e27a7a62331	20
/mnt/v/input/zensim/sources/7223ec300561ea95_1024sq.png	961f0e2f6776e727	I18.png	33158e27a7a62331	19
/mnt/v/input/zensim/sources/7223ec300561ea95_512sq.png	9f9fcf4fcfe1d1e3	I06.png	9313a3de8ec9c8e8	22
/mnt/v/input/zensim/sources/7223ec300561ea95_513x769.png	3b9f9f4fcde1d3c3	I21.png	3ad9a265616b94d3	24
/mnt/v/input/zensim/sources/7223ec300561ea95_769x513.png	4f4f4f6f6f6363e7	I07.png	4d65e5a5e171b165	24
/mnt/v/input/zensim/sources/7223ec300561ea95_818x1022.png	1f9f4f4f67e3e747	I18.png	33158e27a7a62331	25
/mnt/v/input/zensim/sources/7233401_512sq.png	810c44c4482085c0	I16.png	8187023342038190	22
/mnt/v/input/zensim/sources/724c2f124ea7e13a_1022x818.png	8ece9dad8d8e6216	I02.png	2a60a389c9767032	26
/mnt/v/input/zensim/sources/724c2f124ea7e13a_1024sq.png	968e8c9d8d6a6672	I22.png	949515181b9372f0	26
/mnt/v/input/zensim/sources/724c2f124ea7e13a_512sq.png	4f6a664e4e494949	I11.png	1f8b64765e595aac	20
/mnt/v/input/zensim/sources/724c2f124ea7e13a_513x769.png	4d4d666e4b494929	I24.png	cdcdebcb4accc999	18
/mnt/v/input/zensim/sources/724c2f124ea7e13a_769x513.png	aeb62c2cae8aaacb	I04.png	63322169e8adc1c1	27
/mnt/v/input/zensim/sources/724c2f124ea7e13a_818x1022.png	22aaaeac8eea42e2	I06.png	9313a3de8ec9c8e8	24
/mnt/v/input/zensim/sources/7256805_512sq.png	a3b0e8e8686070b2	I02.png	2a60a389c9767032	20
/mnt/v/input/zensim/sources/7280783_512sq.png	bcf09ccc81f0b5ac	I08.png	9ade5edcd5949f8e	22
/mnt/v/input/zensim/sources/729d0eef82bbd8e1_1022x818.png	113ab9accecea284	I06.png	9313a3de8ec9c8e8	24
/mnt/v/input/zensim/sources/729d0eef82bbd8e1_512sq.png	c99ce6de06178d4d	I09.png	c8b4acccd2563c26	23
/mnt/v/input/zensim/sources/729d0eef82bbd8e1_513x769.png	7ac9ccc6168d4d02	I08.png	9ade5edcd5949f8e	27
/mnt/v/input/zensim/sources/729d0eef82bbd8e1_769x513.png	5a782c2d8f8e4b0b	I18.png	33158e27a7a62331	25
/mnt/v/input/zensim/sources/729d0eef82bbd8e1_818x1022.png	913a2a2c8f4a2000	I03.png	905258189b380c87	24
/mnt/v/input/zensim/sources/729f1e461d3552da_1022x818.png	90c10f3ce03931df	I03.png	905258189b380c87	26
/mnt/v/input/zensim/sources/729f1e461d3552da_1024sq.png	98e0873ce039f17f	I07.png	4d65e5a5e171b165	22
/mnt/v/input/zensim/sources/729f1e461d3552da_512sq.png	80033ffce003fcf8	I06.png	9313a3de8ec9c8e8	23
/mnt/v/input/zensim/sources/729f1e461d3552da_513x769.png	30000ffe801cfc0b	I05.png	04cb2e9095568c8d	27
/mnt/v/input/zensim/sources/729f1e461d3552da_769x513.png	c0073ff8e0077879	I15.png	1517333479696c79	23
/mnt/v/input/zensim/sources/7394483_512sq.png	6c60613135355138	I02.png	2a60a389c9767032	23
/mnt/v/input/zensim/sources/744d0eeeaf9280c6_1022x818.png	d493b2b270525207	I01.png	5db2525252732b34	24
/mnt/v/input/zensim/sources/744d0eeeaf9280c6_1024sq.png	4c9393b270520f87	I01.png	5db2525252732b34	21
/mnt/v/input/zensim/sources/744d0eeeaf9280c6_512sq.png	6968787878387a78	I23.png	ecf8d15458b85959	19
/mnt/v/input/zensim/sources/744d0eeeaf9280c6_513x769.png	39696878787a7807	I03.png	905258189b380c87	25
/mnt/v/input/zensim/sources/744d0eeeaf9280c6_769x513.png	3b3931b1b0b0b3b3	I04.png	63322169e8adc1c1	26
/mnt/v/input/zensim/sources/744d0eeeaf9280c6_818x1022.png	de333b31f0b38b03	I20.png	9adea783e1110b0b	23
/mnt/v/input/zensim/sources/7495658df4638145_1022x818.png	b7b6d55b7b797b3b	I01.png	5db2525252732b34	23
/mnt/v/input/zensim/sources/7495658df4638145_1024sq.png	fbb6d45979793b6b	I01.png	5db2525252732b34	24
/mnt/v/input/zensim/sources/7495658df4638145_512sq.png	276634b4bdd5dcdc	I05.png	04cb2e9095568c8d	23
/mnt/v/input/zensim/sources/7495658df4638145_513x769.png	b76726b4b5dc5c56	I05.png	04cb2e9095568c8d	25
/mnt/v/input/zensim/sources/7495658df4638145_818x1022.png	fb36b5d979786969	I17.png	646094f473796971	21
/mnt/v/input/zensim/sources/74c5ce9cb3e04af5_1022x818.png	b14f5dd5da86c1d9	I24.png	cdcdebcb4accc999	23
/mnt/v/input/zensim/sources/74c5ce9cb3e04af5_1024sq.png	b5af4fd5ca85d19b	I24.png	cdcdebcb4accc999	21
/mnt/v/input/zensim/sources/74c5ce9cb3e04af5_512sq.png	0e2b32c2a4583426	I10.png	9c9f585e4c18bc24	23
/mnt/v/input/zensim/sources/74c5ce9cb3e04af5_769x513.png	8d9e94444d99a5a5	I10.png	9c9f585e4c18bc24	18
/mnt/v/input/zensim/sources/74c5ce9cb3e04af5_818x1022.png	36ab8d94aba5a159	I18.png	33158e27a7a62331	24
/mnt/v/input/zensim/sources/7561b71c31f71fa7_1022x818.png	2eecafefad8dac2e	I14.png	40c0383739adecec	25
/mnt/v/input/zensim/sources/7561b71c31f71fa7_1024sq.png	eeecafafadadae4c	I14.png	40c0383739adecec	23
/mnt/v/input/zensim/sources/7561b71c31f71fa7_512sq.png	656565e5c52524ad	I07.png	4d65e5a5e171b165	16
/mnt/v/input/zensim/sources/7561b71c31f71fa7_513x769.png	a46565cd2525ac64	I07.png	4d65e5a5e171b165	20
/mnt/v/input/zensim/sources/7561b71c31f71fa7_769x513.png	2d2dad2cad2c2c6d	I07.png	4d65e5a5e171b165	23
/mnt/v/input/zensim/sources/7561b71c31f71fa7_818x1022.png	6d6d2dad2c2c6dcd	I07.png	4d65e5a5e171b165	24
/mnt/v/input/zensim/sources/765e12a70aa263fa_1022x818.png	673cb1d352539b43	I19.png	177df9e766474148	23
/mnt/v/input/zensim/sources/765e12a70aa263fa_1024sq.png	c33eb8d352d3035a	I19.png	177df9e766474148	22
/mnt/v/input/zensim/sources/765e12a70aa263fa_512sq.png	f67260babababa90	I03.png	905258189b380c87	24
/mnt/v/input/zensim/sources/765e12a70aa263fa_513x769.png	67ff707ababa1542	I04.png	63322169e8adc1c1	26
/mnt/v/input/zensim/sources/765e12a70aa263fa_769x513.png	7fb4a191d1d1d0d3	I02.png	2a60a389c9767032	24
/mnt/v/input/zensim/sources/765e12a70aa263fa_818x1022.png	c37e3cb1d1d1258b	I20.png	9adea783e1110b0b	23
/mnt/v/input/zensim/sources/76aab923a5fd93aa_1022x818.png	a9a94d5aa8402152	I16.png	8187023342038190	28
/mnt/v/input/zensim/sources/76aab923a5fd93aa_1024sq.png	c9a9c95a3805525a	I23.png	ecf8d15458b85959	24
/mnt/v/input/zensim/sources/76aab923a5fd93aa_512sq.png	cc8e1adc4949307f	I10.png	9c9f585e4c18bc24	21
/mnt/v/input/zensim/sources/76aab923a5fd93aa_513x769.png	cacc8e5849116a14	I20.png	9adea783e1110b0b	24
/mnt/v/input/zensim/sources/76aab923a5fd93aa_769x513.png	4c8c9db96a6e903f	I24.png	cdcdebcb4accc999	25
/mnt/v/input/zensim/sources/76aab923a5fd93aa_818x1022.png	cc2c8c996a04dbdb	I24.png	cdcdebcb4accc999	21
/mnt/v/input/zensim/sources/76c1e30469720c75_1022x818.png	fab4a248e590656f	I09.png	c8b4acccd2563c26	24
/mnt/v/input/zensim/sources/76c1e30469720c75_1024sq.png	9ab1b242c52567fa	I20.png	9adea783e1110b0b	26
/mnt/v/input/zensim/sources/76c1e30469720c75_512sq.png	7b9cc5dfe4c79850	I19.png	177df9e766474148	25
/mnt/v/input/zensim/sources/76c1e30469720c75_513x769.png	7c7ac4c5e30cd2e5	I07.png	4d65e5a5e171b165	24
/mnt/v/input/zensim/sources/76c1e30469720c75_769x513.png	3ccb6bdce067d822	I02.png	2a60a389c9767032	24
/mnt/v/input/zensim/sources/76c1e30469720c75_818x1022.png	99382bcae46066a9	I06.png	9313a3de8ec9c8e8	25
/mnt/v/input/zensim/sources/76ecb127afd8b6da_1022x818.png	90481c99cd591931	I03.png	905258189b380c87	22
/mnt/v/input/zensim/sources/76ecb127afd8b6da_1024sq.png	114058d84d193150	I03.png	905258189b380c87	24
/mnt/v/input/zensim/sources/76ecb127afd8b6da_512sq.png	0c595c425b0b1a19	I11.png	1f8b64765e595aac	24
/mnt/v/input/zensim/sources/76ecb127afd8b6da_513x769.png	080c5c5a0a191949	I10.png	9c9f585e4c18bc24	22
/mnt/v/input/zensim/sources/76ecb127afd8b6da_769x513.png	8838bca4848a1c18	I09.png	c8b4acccd2563c26	23
/mnt/v/input/zensim/sources/76ecb127afd8b6da_818x1022.png	304098bc84183090	I03.png	905258189b380c87	23
/mnt/v/input/zensim/sources/78a910e9aa4369a6_1022x818.png	0d9ae282f38e3e69	I12.png	c3c3c3c3e3c3d6ec	25
/mnt/v/input/zensim/sources/78a910e9aa4369a6_1024sq.png	2c8dd2a2c21e7c91	I13.png	ecc1d690c9fcc6c0	24
/mnt/v/input/zensim/sources/78a910e9aa4369a6_512sq.png	4d4d816545b14e56	I07.png	4d65e5a5e171b165	24
/mnt/v/input/zensim/sources/78a910e9aa4369a6_513x769.png	ad994d6da54edeaa	I08.png	9ade5edcd5949f8e	28
/mnt/v/input/zensim/sources/78a910e9aa4369a6_769x513.png	2beb43a3ebd32d3c	I12.png	c3c3c3c3e3c3d6ec	21
/mnt/v/input/zensim/sources/78a910e9aa4369a6_818x1022.png	2e0ed322c22c5c30	I02.png	2a60a389c9767032	25
/mnt/v/input/zensim/sources/79eb619f35f25743_1022x818.png	b8c8e664c48a8288	I21.png	3ad9a265616b94d3	23
/mnt/v/input/zensim/sources/79eb619f35f25743_1024sq.png	f6d8c364c48a8888	I23.png	ecf8d15458b85959	23
/mnt/v/input/zensim/sources/79eb619f35f25743_512sq.png	1990e3c327363012	I02.png	2a60a389c9767032	21
/mnt/v/input/zensim/sources/79eb619f35f25743_513x769.png	f61491e327341202	I18.png	33158e27a7a62331	24
/mnt/v/input/zensim/sources/79eb619f35f25743_769x513.png	d25262e6c6959391	I08.png	9ade5edcd5949f8e	24
/mnt/v/input/zensim/sources/79eb619f35f25743_818x1022.png	76d0d2669613048c	I01.png	5db2525252732b34	25
/mnt/v/input/zensim/sources/7_512sq.png	d5c9e9e16121e5b9	I24.png	cdcdebcb4accc999	21
/mnt/v/input/zensim/sources/7c10704816e945b7_1022x818.png	939393b3f3f333b3	I18.png	33158e27a7a62331	22
/mnt/v/input/zensim/sources/7c10704816e945b7_1024sq.png	939393b3f3f33323	I18.png	33158e27a7a62331	22
/mnt/v/input/zensim/sources/7c10704816e945b7_513x769.png	78587060c8a840d1	I04.png	63322169e8adc1c1	19
/mnt/v/input/zensim/sources/7c10704816e945b7_769x513.png	2539313161eef120	I04.png	63322169e8adc1c1	22
/mnt/v/input/zensim/sources/7c10704816e945b7_818x1022.png	39313131e1f13351	I07.png	4d65e5a5e171b165	20
/mnt/v/input/zensim/sources/7c34eeb963687474_512sq.png	dba733d3b5b6369e	I08.png	9ade5edcd5949f8e	25
/mnt/v/input/zensim/sources/7c3e6198a60e5b0b_1022x818.png	323a1a0b3804484c	I03.png	905258189b380c87	26
/mnt/v/input/zensim/sources/7c3e6198a60e5b0b_1024sq.png	12321a0a38404856	I03.png	905258189b380c87	22
/mnt/v/input/zensim/sources/7c3e6198a60e5b0b_512sq.png	5c4c484848c94b4b	I24.png	cdcdebcb4accc999	21
/mnt/v/input/zensim/sources/7c3e6198a60e5b0b_513x769.png	644c4c48484b496c	I17.png	646094f473796971	25
/mnt/v/input/zensim/sources/7c3e6198a60e5b0b_769x513.png	39a9a989582aa28a	I02.png	2a60a389c9767032	24
/mnt/v/input/zensim/sources/7c3e6198a60e5b0b_818x1022.png	33792b8928a88896	I04.png	63322169e8adc1c1	23
/mnt/v/input/zensim/sources/7c91e001cec2e4d0_1022x818.png	893e669e5ab2bbd5	I01.png	5db2525252732b34	24
/mnt/v/input/zensim/sources/7c91e001cec2e4d0_1024sq.png	920866be5ab29536	I08.png	9ade5edcd5949f8e	26
/mnt/v/input/zensim/sources/7c91e001cec2e4d0_512sq.png	d9c0672e6f524de9	I11.png	1f8b64765e595aac	26
/mnt/v/input/zensim/sources/7c91e001cec2e4d0_513x769.png	4ed9e12e7a55c8d2	I24.png	cdcdebcb4accc999	23
/mnt/v/input/zensim/sources/7c91e001cec2e4d0_769x513.png	73e3a73f3c932b6b	I18.png	33158e27a7a62331	26
/mnt/v/input/zensim/sources/7c91e001cec2e4d0_818x1022.png	130c632f9d6bb223	I18.png	33158e27a7a62331	25
/mnt/v/input/zensim/sources/7ccea196894ff1ad_1022x818.png	14141c9cb0b0bcb4	I03.png	905258189b380c87	22
/mnt/v/input/zensim/sources/7ccea196894ff1ad_1024sq.png	1c141c9cb2b0b4b6	I03.png	905258189b380c87	22
/mnt/v/input/zensim/sources/7ccea196894ff1ad_512sq.png	6e7676766f687c7c	I15.png	1517333479696c79	21
/mnt/v/input/zensim/sources/7ccea196894ff1ad_513x769.png	322a777669687c79	I15.png	1517333479696c79	16
/mnt/v/input/zensim/sources/7ccea196894ff1ad_769x513.png	3434363c36313934	I17.png	646094f473796971	21
/mnt/v/input/zensim/sources/7ccea196894ff1ad_818x1022.png	3c34343c32383232	I22.png	949515181b9372f0	22
/mnt/v/input/zensim/sources/7d1c1bf2efc8f99f_1024sq.png	6820a92322a3a3a8	I04.png	63322169e8adc1c1	24
/mnt/v/input/zensim/sources/7d1c1bf2efc8f99f_512sq.png	8a88928a929a8491	I16.png	8187023342038190	24
/mnt/v/input/zensim/sources/7d1c1bf2efc8f99f_513x769.png	90888a9292909192	I16.png	8187023342038190	20
/mnt/v/input/zensim/sources/7d1c1bf2efc8f99f_769x513.png	4849454557454963	I17.png	646094f473796971	23
/mnt/v/input/zensim/sources/7d1c1bf2efc8f99f_818x1022.png	4d50484565632328	I01.png	5db2525252732b34	22
/mnt/v/input/zensim/sources/7da807b26919f18a_1022x818.png	7afdc1707c9c2637	I23.png	ecf8d15458b85959	25
/mnt/v/input/zensim/sources/7da807b26919f18a_1024sq.png	727ec1705cbe375f	I23.png	ecf8d15458b85959	21
/mnt/v/input/zensim/sources/7da807b26919f18a_513x769.png	f5978074362de473	I15.png	1517333479696c79	21
/mnt/v/input/zensim/sources/7da807b26919f18a_818x1022.png	a2ffc0f0dc2d3795	I08.png	9ade5edcd5949f8e	27
/mnt/v/input/zensim/sources/7db9399c1b592da0_1022x818.png	0c2c76f2a8b65ada	I13.png	ecc1d690c9fcc6c0	27
/mnt/v/input/zensim/sources/7db9399c1b592da0_1024sq.png	8c2c36f2a83a5a8d	I11.png	1f8b64765e595aac	26
/mnt/v/input/zensim/sources/7db9399c1b592da0_512sq.png	c9e1e1f4cee43468	I07.png	4d65e5a5e171b165	23
/mnt/v/input/zensim/sources/7db9399c1b592da0_513x769.png	adcde1f0cea44c19	I24.png	cdcdebcb4accc999	18
/mnt/v/input/zensim/sources/7db9399c1b592da0_769x513.png	6a7333f96c6433a9	I04.png	63322169e8adc1c1	22
/mnt/v/input/zensim/sources/7db9399c1b592da0_818x1022.png	1c4e62f26c3bda1c	I11.png	1f8b64765e595aac	20
/mnt/v/input/zensim/sources/7e499613c3e376ea93afb3649719abeb_1022x818.png	a6aeb2fa8c8c89b1	I06.png	9313a3de8ec9c8e8	24
/mnt/v/input/zensim/sources/7e499613c3e376ea93afb3649719abeb_512sq.png	c995aacacf4d0f4e	I09.png	c8b4acccd2563c26	22
/mnt/v/input/zensim/sources/7e499613c3e376ea93afb3649719abeb_513x769.png	cbc9a9ea4d0f4e4c	I24.png	cdcdebcb4accc999	23
/mnt/v/input/zensim/sources/7e499613c3e376ea93afb3649719abeb_818x1022.png	64622ba9ac8ca8b0	I04.png	63322169e8adc1c1	21
/mnt/v/input/zensim/sources/7f001e535003cd15_1022x818.png	e6d29636b4b49e7b	I08.png	9ade5edcd5949f8e	26
/mnt/v/input/zensim/sources/7f001e535003cd15_1024sq.png	64f2d6b6b4947a71	I17.png	646094f473796971	21
/mnt/v/input/zensim/sources/7f001e535003cd15_512sq.png	1b6772f3e3e3631b	I19.png	177df9e766474148	23
/mnt/v/input/zensim/sources/7f001e535003cd15_513x769.png	f01973f3e3e34bdc	I12.png	c3c3c3c3e3c3d6ec	22
/mnt/v/input/zensim/sources/7f001e535003cd15_769x513.png	91a73372b236362e	I01.png	5db2525252732b34	24
/mnt/v/input/zensim/sources/7f001e535003cd15_818x1022.png	e6f3933236367bf0	I01.png	5db2525252732b34	24
/mnt/v/input/zensim/sources/7f652624d230fc81_1022x818.png	1b190b1931616166	I15.png	1517333479696c79	24
/mnt/v/input/zensim/sources/7f652624d230fc81_1024sq.png	591b09193161666c	I15.png	1517333479696c79	21
/mnt/v/input/zensim/sources/7f652624d230fc81_513x769.png	0a4a02fce4242585	I08.png	9ade5edcd5949f8e	24
/mnt/v/input/zensim/sources/7f652624d230fc81_769x513.png	2d0c253878d0e8c2	I04.png	63322169e8adc1c1	26
/mnt/v/input/zensim/sources/7f652624d230fc81_818x1022.png	991d0d3870414a4a	I15.png	1517333479696c79	23
/mnt/v/input/zensim/sources/7f744b965980723a_1022x818.png	f2ccccdedac8e4fe	I06.png	9313a3de8ec9c8e8	26
/mnt/v/input/zensim/sources/7f744b965980723a_1024sq.png	9cfaccdedae4e6de	I08.png	9ade5edcd5949f8e	22
/mnt/v/input/zensim/sources/7f744b965980723a_512sq.png	6f2c2f7c6c4956e4	I11.png	1f8b64765e595aac	22
/mnt/v/input/zensim/sources/7f744b965980723a_513x769.png	e56d2f7f684fe4e4	I14.png	40c0383739adecec	24
/mnt/v/input/zensim/sources/7f744b965980723a_769x513.png	afac9fbcbaa88ce4	I13.png	ecc1d690c9fcc6c0	27
/mnt/v/input/zensim/sources/7f744b965980723a_818x1022.png	9eedacbeb8e4e69f	I05.png	04cb2e9095568c8d	27
/mnt/v/input/zensim/sources/7f7998c62e54398f_1022x818.png	a62236362639cbcb	I17.png	646094f473796971	24
/mnt/v/input/zensim/sources/7f7998c62e54398f_1024sq.png	aaa63636261bcbc9	I16.png	8187023342038190	23
/mnt/v/input/zensim/sources/7f7998c62e54398f_513x769.png	6668686969d81d0c	I04.png	63322169e8adc1c1	26
/mnt/v/input/zensim/sources/7f7998c62e54398f_818x1022.png	a92522226b59cbcd	I16.png	8187023342038190	23
/mnt/v/input/zensim/sources/80afa6d34f75188e_1022x818.png	29bc4bab29a9aaaa	I14.png	40c0383739adecec	26
/mnt/v/input/zensim/sources/80afa6d34f75188e_1024sq.png	7929ddab29abaaaa	I14.png	40c0383739adecec	27
/mnt/v/input/zensim/sources/80afa6d34f75188e_512sq.png	f6939c5c5c4ccbde	I08.png	9ade5edcd5949f8e	24
/mnt/v/input/zensim/sources/80afa6d34f75188e_513x769.png	c876975c5ccdde98	I08.png	9ade5edcd5949f8e	23
/mnt/v/input/zensim/sources/80afa6d34f75188e_769x513.png	f65d4d6d6d486f6d	I10.png	9c9f585e4c18bc24	26
/mnt/v/input/zensim/sources/80afa6d34f75188e_818x1022.png	796c9c692969496b	I17.png	646094f473796971	21
/mnt/v/input/zensim/sources/80df1f152e850d07_1022x818.png	38b9bc9cd5676333	I02.png	2a60a389c9767032	24
/mnt/v/input/zensim/sources/80df1f152e850d07_1024sq.png	39b8bcbc67677347	I19.png	177df9e766474148	25
/mnt/v/input/zensim/sources/80df1f152e850d07_512sq.png	65f6d313679391b1	I16.png	8187023342038190	21
/mnt/v/input/zensim/sources/80df1f152e850d07_513x769.png	7874f6d3679391b4	I01.png	5db2525252732b34	25
/mnt/v/input/zensim/sources/80df1f152e850d07_769x513.png	34747696a6d743d3	I19.png	177df9e766474148	24
/mnt/v/input/zensim/sources/80df1f152e850d07_818x1022.png	793834365643d3c3	I11.png	1f8b64765e595aac	25
/mnt/v/input/zensim/sources/81324d631aa0284a_1022x818.png	0611262723252416	I18.png	33158e27a7a62331	20
/mnt/v/input/zensim/sources/81324d631aa0284a_1024sq.png	2411a62723241696	I18.png	33158e27a7a62331	20
/mnt/v/input/zensim/sources/81324d631aa0284a_512sq.png	0893232002131313	I16.png	8187023342038190	18
/mnt/v/input/zensim/sources/81324d631aa0284a_513x769.png	0110232102131313	I16.png	8187023342038190	18
/mnt/v/input/zensim/sources/81324d631aa0284a_769x513.png	1926272723a21212	I18.png	33158e27a7a62331	20
/mnt/v/input/zensim/sources/81324d631aa0284a_818x1022.png	2619a6a721161212	I18.png	33158e27a7a62331	20
/mnt/v/input/zensim/sources/81c6d217aa790f7b_1024sq.png	17069d878e088627	I18.png	33158e27a7a62331	25
/mnt/v/input/zensim/sources/81c6d217aa790f7b_512sq.png	37327636351b160e	I11.png	1f8b64765e595aac	23
/mnt/v/input/zensim/sources/81c6d217aa790f7b_513x769.png	03377226351e1801	I15.png	1517333479696c79	25
/mnt/v/input/zensim/sources/81c6d217aa790f7b_818x1022.png	330615271f0c0223	I18.png	33158e27a7a62331	20
/mnt/v/input/zensim/sources/81d2d585106da033_1022x818.png	67424c6c4c424848	I11.png	1f8b64765e595aac	25
/mnt/v/input/zensim/sources/81d2d585106da033_1024sq.png	83634ccc4c404858	I06.png	9313a3de8ec9c8e8	23
/mnt/v/input/zensim/sources/81d2d585106da033_769x513.png	48ccccccccc9c5d2	I24.png	cdcdebcb4accc999	22
/mnt/v/input/zensim/sources/81d2d585106da033_818x1022.png	07434ccccd40c8da	I06.png	9313a3de8ec9c8e8	23
/mnt/v/input/zensim/sources/81ecf9fffe38810b_1022x818.png	42b6b2b39412b2b3	I16.png	8187023342038190	25
/mnt/v/input/zensim/sources/81ecf9fffe38810b_1024sq.png	96b6b2b29692b39e	I08.png	9ade5edcd5949f8e	24
/mnt/v/input/zensim/sources/81ecf9fffe38810b_512sq.png	6164646461896864	I17.png	646094f473796971	19
/mnt/v/input/zensim/sources/81ecf9fffe38810b_769x513.png	3331313122ca2131	I18.png	33158e27a7a62331	20
/mnt/v/input/zensim/sources/81ecf9fffe38810b_818x1022.png	b6a23331a2b1312f	I20.png	9adea783e1110b0b	26
/mnt/v/input/zensim/sources/8272647447c53df9_1022x818.png	ce59c3bfc9460dcd	I24.png	cdcdebcb4accc999	23
/mnt/v/input/zensim/sources/8272647447c53df9_512sq.png	2d8ac9759d921416	I10.png	9c9f585e4c18bc24	27
/mnt/v/input/zensim/sources/8272647447c53df9_513x769.png	372c8b6d9c923626	I18.png	33158e27a7a62331	25
/mnt/v/input/zensim/sources/8272647447c53df9_818x1022.png	079dc84ddade0c14	I09.png	c8b4acccd2563c26	22
/mnt/v/input/zensim/sources/827c058ed1d9a8a4_1022x818.png	25b346949b37aa49	I05.png	04cb2e9095568c8d	22
/mnt/v/input/zensim/sources/827c058ed1d9a8a4_1024sq.png	2525b6849fb7c9a9	I05.png	04cb2e9095568c8d	24
/mnt/v/input/zensim/sources/827c058ed1d9a8a4_512sq.png	b1026366385575ee	I11.png	1f8b64765e595aac	25
/mnt/v/input/zensim/sources/827c058ed1d9a8a4_513x769.png	e3f112625555ee02	I01.png	5db2525252732b34	26
/mnt/v/input/zensim/sources/827c058ed1d9a8a4_769x513.png	72963624980f362d	I15.png	1517333479696c79	25
/mnt/v/input/zensim/sources/827c058ed1d9a8a4_818x1022.png	656673a53f278d25	I07.png	4d65e5a5e171b165	23
/mnt/v/input/zensim/sources/8365c8bceb91c202_1022x818.png	59db49595b4a4a92	I03.png	905258189b380c87	23
/mnt/v/input/zensim/sources/8365c8bceb91c202_1024sq.png	79594b595b4a1232	I02.png	2a60a389c9767032	25
/mnt/v/input/zensim/sources/8365c8bceb91c202_512sq.png	96ad9592b5b5b5b5	I22.png	949515181b9372f0	24
/mnt/v/input/zensim/sources/8365c8bceb91c202_513x769.png	1495ad94b5b5b576	I07.png	4d65e5a5e171b165	23
/mnt/v/input/zensim/sources/8365c8bceb91c202_769x513.png	558999159d959919	I23.png	ecf8d15458b85959	24
/mnt/v/input/zensim/sources/8365c8bceb91c202_818x1022.png	7dd5d9999dd93523	I07.png	4d65e5a5e171b165	26
/mnt/v/input/zensim/sources/8442861_512sq.png	e2b6fcc0e0d060f8	I09.png	c8b4acccd2563c26	24
/mnt/v/input/zensim/sources/8460db26bf4b760f_1022x818.png	f0bce0e0d492b2b6	I09.png	c8b4acccd2563c26	21
/mnt/v/input/zensim/sources/8460db26bf4b760f_1024sq.png	e0b0e4e896b2b6b4	I09.png	c8b4acccd2563c26	19
/mnt/v/input/zensim/sources/8460db26bf4b760f_512sq.png	f6e849c0db7131b3	I02.png	2a60a389c9767032	24
/mnt/v/input/zensim/sources/8460db26bf4b760f_513x769.png	e0f2c9c86b71b1f1	I17.png	646094f473796971	22
/mnt/v/input/zensim/sources/8460db26bf4b760f_818x1022.png	6074e4c8b2333336	I09.png	c8b4acccd2563c26	19
/mnt/v/input/zensim/sources/84de3a6b0f32a722_1022x818.png	5756565656160606	I01.png	5db2525252732b34	20
/mnt/v/input/zensim/sources/84de3a6b0f32a722_1024sq.png	7456565656160607	I01.png	5db2525252732b34	22
/mnt/v/input/zensim/sources/84de3a6b0f32a722_512sq.png	b5b5b5a525253521	I07.png	4d65e5a5e171b165	20
/mnt/v/input/zensim/sources/84de3a6b0f32a722_513x769.png	b5b5b5a525352121	I07.png	4d65e5a5e171b165	19
/mnt/v/input/zensim/sources/84de3a6b0f32a722_769x513.png	9392939392929313	I16.png	8187023342038190	21
/mnt/v/input/zensim/sources/84de3a6b0f32a722_818x1022.png	b2d2d25352570617	I01.png	5db2525252732b34	20
/mnt/v/input/zensim/sources/85527805a892e4de_1022x818.png	b1a1a8a9aaa2e0cd	I04.png	63322169e8adc1c1	23
/mnt/v/input/zensim/sources/85527805a892e4de_1024sq.png	e3a1a8a9aae4cd8d	I04.png	63322169e8adc1c1	20
/mnt/v/input/zensim/sources/85527805a892e4de_512sq.png	8585858585a5a5a5	I07.png	4d65e5a5e171b165	20
/mnt/v/input/zensim/sources/85527805a892e4de_513x769.png	a5a5858585a5a5ad	I07.png	4d65e5a5e171b165	21
/mnt/v/input/zensim/sources/85527805a892e4de_769x513.png	644c4c6c6c4a6a4a	I17.png	646094f473796971	26
/mnt/v/input/zensim/sources/85527805a892e4de_818x1022.png	e1a06d6d69e2ca1d	I04.png	63322169e8adc1c1	24
/mnt/v/input/zensim/sources/859cc50927eaac66_1022x818.png	ad2ccdc521a9c89c	I24.png	cdcdebcb4accc999	24
/mnt/v/input/zensim/sources/859cc50927eaac66_1024sq.png	e0accdc529689c9e	I09.png	c8b4acccd2563c26	27
/mnt/v/input/zensim/sources/859cc50927eaac66_512sq.png	4d0d5a922c922de8	I10.png	9c9f585e4c18bc24	24
/mnt/v/input/zensim/sources/859cc50927eaac66_513x769.png	a50c4c52322d8924	I16.png	8187023342038190	25
/mnt/v/input/zensim/sources/859cc50927eaac66_769x513.png	4e8c86c6ac042ca8	I09.png	c8b4acccd2563c26	25
/mnt/v/input/zensim/sources/859cc50927eaac66_818x1022.png	6a6e8cc425ad9c9d	I08.png	9ade5edcd5949f8e	26
/mnt/v/input/zensim/sources/85b8db758657b79c_1022x818.png	8c8c8c8c8c21d4d0	I13.png	ecc1d690c9fcc6c0	25
/mnt/v/input/zensim/sources/85b8db758657b79c_1024sq.png	8c8c8c8c8c34d433	I09.png	c8b4acccd2563c26	22
/mnt/v/input/zensim/sources/85b8db758657b79c_512sq.png	969e9e9a9ebec851	I03.png	905258189b380c87	25
/mnt/v/input/zensim/sources/85b8db758657b79c_513x769.png	869e9e9abeac5337	I08.png	9ade5edcd5949f8e	26
/mnt/v/input/zensim/sources/85b8db758657b79c_769x513.png	5d5d4d455d5d6092	I11.png	1f8b64765e595aac	26
/mnt/v/input/zensim/sources/85b8db758657b79c_818x1022.png	4d4d4d4c5d729231	I07.png	4d65e5a5e171b165	23
/mnt/v/input/zensim/sources/85d6b54b6872b19b_1022x818.png	a21c192dcc587664	I10.png	9c9f585e4c18bc24	22
/mnt/v/input/zensim/sources/85d6b54b6872b19b_1024sq.png	861a180dcc586686	I03.png	905258189b380c87	21
/mnt/v/input/zensim/sources/85d6b54b6872b19b_512sq.png	3d78eacf4e5b3538	I19.png	177df9e766474148	22
/mnt/v/input/zensim/sources/85d6b54b6872b19b_513x769.png	d9397ace4f3532c6	I10.png	9c9f585e4c18bc24	25
/mnt/v/input/zensim/sources/85d6b54b6872b19b_769x513.png	9eb9bdae8e9e9c99	I06.png	9313a3de8ec9c8e8	26
/mnt/v/input/zensim/sources/85d6b54b6872b19b_818x1022.png	0a5a99ad8ed8e587	I03.png	905258189b380c87	24
/mnt/v/input/zensim/sources/85d9ee9f38c29ce2_1022x818.png	8185854505854189	I16.png	8187023342038190	22
/mnt/v/input/zensim/sources/85d9ee9f38c29ce2_1024sq.png	8185918585498105	I07.png	4d65e5a5e171b165	22
/mnt/v/input/zensim/sources/85d9ee9f38c29ce2_512sq.png	4020400044181400	I03.png	905258189b380c87	25
/mnt/v/input/zensim/sources/85d9ee9f38c29ce2_513x769.png	80a0200040140008	I16.png	8187023342038190	21
/mnt/v/input/zensim/sources/85d9ee9f38c29ce2_769x513.png	22222282040a9280	I16.png	8187023342038190	22
/mnt/v/input/zensim/sources/85d9ee9f38c29ce2_818x1022.png	0000200004900004	I05.png	04cb2e9095568c8d	24
/mnt/v/input/zensim/sources/861443_512sq.png	0301008812323333	I02.png	2a60a389c9767032	23
/mnt/v/input/zensim/sources/8644a2ab3f092db0_1022x818.png	d9c3c7e1789eb731	I12.png	c3c3c3c3e3c3d6ec	25
/mnt/v/input/zensim/sources/8644a2ab3f092db0_1024sq.png	4cdb87e0789e337c	I23.png	ecf8d15458b85959	24
/mnt/v/input/zensim/sources/8644a2ab3f092db0_512sq.png	0103c3e0f87e3f65	I07.png	4d65e5a5e171b165	24
/mnt/v/input/zensim/sources/8644a2ab3f092db0_513x769.png	181183e0f83f6564	I15.png	1517333479696c79	24
/mnt/v/input/zensim/sources/8644a2ab3f092db0_818x1022.png	dc9987e2f81f71ee	I09.png	c8b4acccd2563c26	27
/mnt/v/input/zensim/sources/870516c65d81fb9267de6865964083a9_1022x818.png	d252b53552fd210e	I17.png	646094f473796971	26
/mnt/v/input/zensim/sources/870516c65d81fb9267de6865964083a9_1024sq.png	2b52533552a9273e	I01.png	5db2525252732b34	23
/mnt/v/input/zensim/sources/870516c65d81fb9267de6865964083a9_513x769.png	1419a2b33927d907	I21.png	3ad9a265616b94d3	25
/mnt/v/input/zensim/sources/870516c65d81fb9267de6865964083a9_769x513.png	d33636d3dba21c74	I01.png	5db2525252732b34	24
/mnt/v/input/zensim/sources/870516c65d81fb9267de6865964083a9_818x1022.png	6b93d336db74467f	I15.png	1517333479696c79	24
/mnt/v/input/zensim/sources/870cb2bcf06c4937_1022x818.png	382a6676e66273a3	I11.png	1f8b64765e595aac	24
/mnt/v/input/zensim/sources/870cb2bcf06c4937_1024sq.png	74386e76e662a3f3	I18.png	33158e27a7a62331	23
/mnt/v/input/zensim/sources/870cb2bcf06c4937_512sq.png	c6d3d8f34340e0e1	I12.png	c3c3c3c3e3c3d6ec	21
/mnt/v/input/zensim/sources/870cb2bcf06c4937_513x769.png	fcc6d3d343e0e1a0	I13.png	ecc1d690c9fcc6c0	21
/mnt/v/input/zensim/sources/870cb2bcf06c4937_769x513.png	6d67fbb6e7e161e3	I07.png	4d65e5a5e171b165	19
/mnt/v/input/zensim/sources/870cb2bcf06c4937_818x1022.png	f47d67f6e7e363e1	I19.png	177df9e766474148	23
/mnt/v/input/zensim/sources/87f9cb62ee6baaaf_1022x818.png	cacbcec9cbc2cd69	I12.png	c3c3c3c3e3c3d6ec	18
/mnt/v/input/zensim/sources/87f9cb62ee6baaaf_1024sq.png	c8cacec9cbd6496c	I24.png	cdcdebcb4accc999	21
/mnt/v/input/zensim/sources/87f9cb62ee6baaaf_512sq.png	0d9d9d9d9c989191	I10.png	9c9f585e4c18bc24	25
/mnt/v/input/zensim/sources/87f9cb62ee6baaaf_513x769.png	0c099d9d8891959d	I05.png	04cb2e9095568c8d	25
/mnt/v/input/zensim/sources/87f9cb62ee6baaaf_769x513.png	cbcbc8d8d8d9d3da	I24.png	cdcdebcb4accc999	22
/mnt/v/input/zensim/sources/87f9cb62ee6baaaf_818x1022.png	cdd9cbc8d9d2c8cc	I24.png	cdcdebcb4accc999	18
/mnt/v/input/zensim/sources/88ce4989ef0f3acf_1022x818.png	c98cc7c606060686	I09.png	c8b4acccd2563c26	23
/mnt/v/input/zensim/sources/88ce4989ef0f3acf_769x513.png	8796868202020606	I16.png	8187023342038190	20
/mnt/v/input/zensim/sources/88ce4989ef0f3acf_818x1022.png	c0cc868202062602	I09.png	c8b4acccd2563c26	22
/mnt/v/input/zensim/sources/88fb223be8102ea4_1022x818.png	5554343434256554	I15.png	1517333479696c79	20
/mnt/v/input/zensim/sources/88fb223be8102ea4_512sq.png	7959cbd1d9ab5b59	I23.png	ecf8d15458b85959	19
/mnt/v/input/zensim/sources/88fb223be8102ea4_513x769.png	1b395bd3d9db5b5b	I23.png	ecf8d15458b85959	25
/mnt/v/input/zensim/sources/88fb223be8102ea4_769x513.png	32b22262527256da	I21.png	3ad9a265616b94d3	22
/mnt/v/input/zensim/sources/88fb223be8102ea4_818x1022.png	d6d6b22272d6d616	I12.png	c3c3c3c3e3c3d6ec	26
/mnt/v/input/zensim/sources/894b7e4fb2b2d4b4_1022x818.png	ba3e7e7bbcdc74b9	I08.png	9ade5edcd5949f8e	27
/mnt/v/input/zensim/sources/894b7e4fb2b2d4b4_1024sq.png	f7ba7e7fbcfc7973	I23.png	ecf8d15458b85959	26
/mnt/v/input/zensim/sources/894b7e4fb2b2d4b4_513x769.png	f8bd9fdc6e7b3bac	I09.png	c8b4acccd2563c26	24
/mnt/v/input/zensim/sources/894b7e4fb2b2d4b4_769x513.png	5fbfcf3c3c3fdafc	I11.png	1f8b64765e595aac	22
/mnt/v/input/zensim/sources/894b7e4fb2b2d4b4_818x1022.png	757bdffd3cfef873	I17.png	646094f473796971	25
/mnt/v/input/zensim/sources/89c0652dd6deb0f8_1024sq.png	34c7343434353207	I05.png	04cb2e9095568c8d	26
/mnt/v/input/zensim/sources/89c0652dd6deb0f8_512sq.png	8b7bbb6b7b7b737b	I02.png	2a60a389c9767032	25
/mnt/v/input/zensim/sources/89c0652dd6deb0f8_769x513.png	c232723232323232	I01.png	5db2525252732b34	19
/mnt/v/input/zensim/sources/89c0652dd6deb0f8_818x1022.png	36c736323232330b	I18.png	33158e27a7a62331	25
/mnt/v/input/zensim/sources/89ea0cf17f8fb405_1022x818.png	f6028183a7f5367d	I12.png	c3c3c3c3e3c3d6ec	22
/mnt/v/input/zensim/sources/89ea0cf17f8fb405_1024sq.png	1c960183a7773e0e	I20.png	9adea783e1110b0b	22
/mnt/v/input/zensim/sources/89ea0cf17f8fb405_512sq.png	6aa2a8a3a3a3a3e6	I12.png	c3c3c3c3e3c3d6ec	24
/mnt/v/input/zensim/sources/89ea0cf17f8fb405_513x769.png	390aa2a9a3a3e694	I18.png	33158e27a7a62331	25
/mnt/v/input/zensim/sources/89ea0cf17f8fb405_769x513.png	210100624666f677	I18.png	33158e27a7a62331	25
/mnt/v/input/zensim/sources/89ea0cf17f8fb405_818x1022.png	3ab2010367f57f0e	I20.png	9adea783e1110b0b	24
/mnt/v/input/zensim/sources/89f29d9127aedcd5_1022x818.png	cdcb4a4a4a4bcc4e	I24.png	cdcdebcb4accc999	19
/mnt/v/input/zensim/sources/89f29d9127aedcd5_1024sq.png	4acf4a4a4acacc09	I24.png	cdcdebcb4accc999	16
/mnt/v/input/zensim/sources/89f29d9127aedcd5_512sq.png	5a595b5a5e595958	I23.png	ecf8d15458b85959	21
/mnt/v/input/zensim/sources/89f29d9127aedcd5_513x769.png	5d5a595a5b595a5f	I01.png	5db2525252732b34	22
/mnt/v/input/zensim/sources/89f29d9127aedcd5_769x513.png	494a4b4bc9c9494a	I24.png	cdcdebcb4accc999	20
/mnt/v/input/zensim/sources/89f29d9127aedcd5_818x1022.png	4a4a494bc9494e48	I12.png	c3c3c3c3e3c3d6ec	23
/mnt/v/input/zensim/sources/8_512sq.png	4d4f4faf6e6a4bc7	I24.png	cdcdebcb4accc999	22
/mnt/v/input/zensim/sources/8a36f99dfbca4473_1022x818.png	f6f2f6e2e1f47666	I13.png	ecc1d690c9fcc6c0	22
/mnt/v/input/zensim/sources/8a36f99dfbca4473_1024sq.png	f6f2f6f2e1f47666	I13.png	ecc1d690c9fcc6c0	21
/mnt/v/input/zensim/sources/8a36f99dfbca4473_512sq.png	6663e1c0c080b1e1	I07.png	4d65e5a5e171b165	20
/mnt/v/input/zensim/sources/8a36f99dfbca4473_513x769.png	646663e080a16169	I04.png	63322169e8adc1c1	21
/mnt/v/input/zensim/sources/8a36f99dfbca4473_769x513.png	b5b7f3e0e0c0f2f2	I12.png	c3c3c3c3e3c3d6ec	24
/mnt/v/input/zensim/sources/8a36f99dfbca4473_818x1022.png	f7b5b5f3c0f2e3e5	I07.png	4d65e5a5e171b165	23
/mnt/v/input/zensim/sources/8a4ee391fcaeedda_1022x818.png	9a2d4d9eb0b4a736	I08.png	9ade5edcd5949f8e	23
/mnt/v/input/zensim/sources/8a4ee391fcaeedda_1024sq.png	ce256d1bb0a66796	I09.png	c8b4acccd2563c26	29
/mnt/v/input/zensim/sources/8a4ee391fcaeedda_513x769.png	99471d7f6061659b	I15.png	1517333479696c79	23
/mnt/v/input/zensim/sources/8a4ee391fcaeedda_769x513.png	6cda1d34c932222e	I01.png	5db2525252732b34	27
/mnt/v/input/zensim/sources/8a4ee391fcaeedda_818x1022.png	4a74cc9f32264612	I09.png	c8b4acccd2563c26	24
/mnt/v/input/zensim/sources/8aa88dc088933c0c_1022x818.png	f965e5b9fdf9e187	I07.png	4d65e5a5e171b165	18
/mnt/v/input/zensim/sources/8aa88dc088933c0c_1024sq.png	fcf965f9edf18303	I07.png	4d65e5a5e171b165	23
/mnt/v/input/zensim/sources/8aa88dc088933c0c_512sq.png	2d636dd92c6c6e60	I02.png	2a60a389c9767032	27
/mnt/v/input/zensim/sources/8aa88dc088933c0c_513x769.png	c46b61d96c6e6006	I02.png	2a60a389c9767032	24
/mnt/v/input/zensim/sources/8aa88dc088933c0c_769x513.png	d6a6aa5898ecaca0	I06.png	9313a3de8ec9c8e8	24
/mnt/v/input/zensim/sources/8aa88dc088933c0c_818x1022.png	fc78e6a8eca00101	I04.png	63322169e8adc1c1	25
/mnt/v/input/zensim/sources/8af82a660ac1508d_1022x818.png	751229ebcbfbfc71	I04.png	63322169e8adc1c1	22
/mnt/v/input/zensim/sources/8af82a660ac1508d_1024sq.png	713029e9cbfb70f3	I04.png	63322169e8adc1c1	19
/mnt/v/input/zensim/sources/8af82a660ac1508d_512sq.png	58cccc4b1bbc9cdc	I14.png	40c0383739adecec	23
/mnt/v/input/zensim/sources/8af82a660ac1508d_513x769.png	c35ccc4b1d9c7d79	I23.png	ecf8d15458b85959	25
/mnt/v/input/zensim/sources/8af82a660ac1508d_769x513.png	39696cad9fd9d9f8	I11.png	1f8b64765e595aac	24
/mnt/v/input/zensim/sources/8af82a660ac1508d_818x1022.png	783269add9f9f0f1	I04.png	63322169e8adc1c1	20
/mnt/v/input/zensim/sources/8b3011e082fab4d8_1022x818.png	52490871fbf098cc	I14.png	40c0383739adecec	23
/mnt/v/input/zensim/sources/8b3011e082fab4d8_1024sq.png	62524921f3f0c8cc	I04.png	63322169e8adc1c1	22
/mnt/v/input/zensim/sources/8b3011e082fab4d8_512sq.png	94add8f86cd9f924	I10.png	9c9f585e4c18bc24	16
/mnt/v/input/zensim/sources/8b3011e082fab4d8_513x769.png	39958cd8e8f97c9e	I09.png	c8b4acccd2563c26	25
/mnt/v/input/zensim/sources/8b3011e082fab4d8_769x513.png	4d084978697bf8b0	I17.png	646094f473796971	25
/mnt/v/input/zensim/sources/8b3011e082fab4d8_818x1022.png	c3da4969fbf88c8c	I03.png	905258189b380c87	20
/mnt/v/input/zensim/sources/8b5d4a61c0e0efb3_1022x818.png	b0c0a0a0a0b0a0a1	I02.png	2a60a389c9767032	26
/mnt/v/input/zensim/sources/8b5d4a61c0e0efb3_1024sq.png	e0c080a0a0b0a110	I13.png	ecc1d690c9fcc6c0	24
/mnt/v/input/zensim/sources/8b5d4a61c0e0efb3_512sq.png	dac844c6e4606090	I13.png	ecc1d690c9fcc6c0	27
/mnt/v/input/zensim/sources/8b5d4a61c0e0efb3_513x769.png	c1dac8c66460d454	I12.png	c3c3c3c3e3c3d6ec	22
/mnt/v/input/zensim/sources/8b5d4a61c0e0efb3_769x513.png	41280c2465212150	I17.png	646094f473796971	21
/mnt/v/input/zensim/sources/8b5d4a61c0e0efb3_818x1022.png	e280a82420302010	I18.png	33158e27a7a62331	25
/mnt/v/input/zensim/sources/8b987b967a79abfc_1022x818.png	31717979797af8bb	I15.png	1517333479696c79	22
/mnt/v/input/zensim/sources/8b987b967a79abfc_1024sq.png	90337979797abbb2	I03.png	905258189b380c87	24
/mnt/v/input/zensim/sources/8bb119b8ca17492392e1e3ea4b811b32_1022x818.png	2b0f0f2f53331313	I18.png	33158e27a7a62331	21
/mnt/v/input/zensim/sources/8bb119b8ca17492392e1e3ea4b811b32_1024sq.png	2b2b0f0f33331387	I18.png	33158e27a7a62331	25
/mnt/v/input/zensim/sources/8bb119b8ca17492392e1e3ea4b811b32_513x769.png	134e4d4625e03130	I18.png	33158e27a7a62331	21
/mnt/v/input/zensim/sources/8bb119b8ca17492392e1e3ea4b811b32_769x513.png	0f0f6d0db2f27133	I07.png	4d65e5a5e171b165	24
/mnt/v/input/zensim/sources/8bf490cd2945f7dc_1022x818.png	98c9e0e8f4faf918	I23.png	ecf8d15458b85959	25
/mnt/v/input/zensim/sources/8bf490cd2945f7dc_1024sq.png	1898c0e0f4f91d0e	I08.png	9ade5edcd5949f8e	24
/mnt/v/input/zensim/sources/8bf490cd2945f7dc_512sq.png	84004846d3d83cae	I03.png	905258189b380c87	21
/mnt/v/input/zensim/sources/8bf490cd2945f7dc_513x769.png	3c064046d3b8bb59	I23.png	ecf8d15458b85959	23
/mnt/v/input/zensim/sources/8bf490cd2945f7dc_769x513.png	ccc0a8ac56dbd9fc	I09.png	c8b4acccd2563c26	24
/mnt/v/input/zensim/sources/8bf490cd2945f7dc_818x1022.png	181cc0a452f91c2f	I09.png	c8b4acccd2563c26	23
/mnt/v/input/zensim/sources/8c083136cac147c4_1022x818.png	406444b4c9c33124	I07.png	4d65e5a5e171b165	18
/mnt/v/input/zensim/sources/8c083136cac147c4_512sq.png	40200060929d9870	I17.png	646094f473796971	23
/mnt/v/input/zensim/sources/8c083136cac147c4_513x769.png	0080006099997096	I22.png	949515181b9372f0	22
/mnt/v/input/zensim/sources/8c083136cac147c4_769x513.png	e0c0c03242c8c030	I16.png	8187023342038190	20
/mnt/v/input/zensim/sources/8c939020a71aca8f_1022x818.png	297616945221126e	I01.png	5db2525252732b34	24
/mnt/v/input/zensim/sources/8c939020a71aca8f_1024sq.png	4864569452303627	I09.png	c8b4acccd2563c26	21
/mnt/v/input/zensim/sources/8c939020a71aca8f_512sq.png	5332765b684d9073	I04.png	63322169e8adc1c1	21
/mnt/v/input/zensim/sources/8c939020a71aca8f_513x769.png	aa53765b69d53292	I02.png	2a60a389c9767032	24
/mnt/v/input/zensim/sources/8c939020a71aca8f_769x513.png	f795b4329bab5033	I22.png	949515181b9372f0	20
/mnt/v/input/zensim/sources/8c939020a71aca8f_818x1022.png	d965971252505565	I07.png	4d65e5a5e171b165	24
/mnt/v/input/zensim/sources/8cfd9ba034a0b228_1022x818.png	050424148dc95149	I15.png	1517333479696c79	23
/mnt/v/input/zensim/sources/8cfd9ba034a0b228_1024sq.png	2444242489c9691d	I17.png	646094f473796971	22
/mnt/v/input/zensim/sources/8cfd9ba034a0b228_512sq.png	1292921220da98b2	I16.png	8187023342038190	24
/mnt/v/input/zensim/sources/8cfd9ba034a0b228_513x769.png	421292324998921a	I16.png	8187023342038190	25
/mnt/v/input/zensim/sources/8cfd9ba034a0b228_769x513.png	96666695b0ca5ad0	I06.png	9313a3de8ec9c8e8	28
/mnt/v/input/zensim/sources/8cfd9ba034a0b228_818x1022.png	6686667448d84cbe	I11.png	1f8b64765e595aac	20
/mnt/v/input/zensim/sources/8d4bd95154da5af7_1022x818.png	ecaeaded2eae8c6d	I09.png	c8b4acccd2563c26	26
/mnt/v/input/zensim/sources/8d4bd95154da5af7_1024sq.png	6dacaced2eac6dee	I14.png	40c0383739adecec	24
/mnt/v/input/zensim/sources/8d4bd95154da5af7_512sq.png	e5e52ca5e5e56425	I07.png	4d65e5a5e171b165	18
/mnt/v/input/zensim/sources/8d4bd95154da5af7_513x769.png	6cede4ace56425a5	I07.png	4d65e5a5e171b165	16
/mnt/v/input/zensim/sources/8d4bd95154da5af7_769x513.png	2d2cac6c6d2d2dac	I14.png	40c0383739adecec	26
/mnt/v/input/zensim/sources/8d4bd95154da5af7_818x1022.png	6cadadadadadadaf	I07.png	4d65e5a5e171b165	23
/mnt/v/input/zensim/sources/8e0c30a1f49053a9_1022x818.png	2b1b3b5b33766dc9	I15.png	1517333479696c79	26
/mnt/v/input/zensim/sources/8e0c30a1f49053a9_1024sq.png	072b1b5bb36769c9	I19.png	177df9e766474148	24
/mnt/v/input/zensim/sources/8e0c30a1f49053a9_513x769.png	8c1cac3c71f2c70e	I08.png	9ade5edcd5949f8e	25
/mnt/v/input/zensim/sources/8e0c30a1f49053a9_818x1022.png	254959d9b3e5cdc9	I24.png	cdcdebcb4accc999	24
/mnt/v/input/zensim/sources/8e3e5ba995e72643_1022x818.png	af271535670b0b1a	I16.png	8187023342038190	22
/mnt/v/input/zensim/sources/8e3e5ba995e72643_1024sq.png	0f270525470b4b1e	I16.png	8187023342038190	23
/mnt/v/input/zensim/sources/8e3e5ba995e72643_512sq.png	23279651cb9b69c9	I04.png	63322169e8adc1c1	24
/mnt/v/input/zensim/sources/8e3e5ba995e72643_513x769.png	6b2b27d0db0bc99d	I04.png	63322169e8adc1c1	24
/mnt/v/input/zensim/sources/8e3e5ba995e72643_769x513.png	a7969513c2cb2bcb	I20.png	9adea783e1110b0b	23
/mnt/v/input/zensim/sources/8e3e5ba995e72643_818x1022.png	2f2706524a0bdb1e	I16.png	8187023342038190	21
/mnt/v/input/zensim/sources/8eab03599c49d210_1022x818.png	b1b139313b292392	I22.png	949515181b9372f0	23
/mnt/v/input/zensim/sources/8eab03599c49d210_1024sq.png	b9b131393923b2b2	I22.png	949515181b9372f0	19
/mnt/v/input/zensim/sources/8eab03599c49d210_512sq.png	504c4848d4c9c6c5	I03.png	905258189b380c87	25
/mnt/v/input/zensim/sources/8eab03599c49d210_513x769.png	50444848cdced5d5	I03.png	905258189b380c87	26
/mnt/v/input/zensim/sources/8eab03599c49d210_769x513.png	25a52d2925a92561	I07.png	4d65e5a5e171b165	22
/mnt/v/input/zensim/sources/8eea751dc6e722e4_512sq.png	0b861c343171cf4f	I14.png	40c0383739adecec	24
/mnt/v/input/zensim/sources/8f0cf3087dd4497f_1022x818.png	c4c6e2991c8e4e27	I05.png	04cb2e9095568c8d	25
/mnt/v/input/zensim/sources/8f0cf3087dd4497f_1024sq.png	96c6e6999e4e4f33	I05.png	04cb2e9095568c8d	26
/mnt/v/input/zensim/sources/8f0cf3087dd4497f_512sq.png	21c6991d77dbb99b	I16.png	8187023342038190	27
/mnt/v/input/zensim/sources/8f0cf3087dd4497f_513x769.png	2603c0195f998f47	I03.png	905258189b380c87	23
/mnt/v/input/zensim/sources/8f0cf3087dd4497f_769x513.png	c3e5d01abe5b5bce	I12.png	c3c3c3c3e3c3d6ec	25
/mnt/v/input/zensim/sources/8f0cf3087dd4497f_818x1022.png	9286c3981e4f8631	I06.png	9313a3de8ec9c8e8	24
/mnt/v/input/zensim/sources/8f3c078b9c01c2d7_1022x818.png	55352c35b68dd4c4	I14.png	40c0383739adecec	23
/mnt/v/input/zensim/sources/8f3c078b9c01c2d7_1024sq.png	44552c3d9495c4a5	I05.png	04cb2e9095568c8d	21
/mnt/v/input/zensim/sources/8f3c078b9c01c2d7_512sq.png	62ea5a5a3aab6b6a	I01.png	5db2525252732b34	24
/mnt/v/input/zensim/sources/8f3c078b9c01c2d7_513x769.png	7a624a5abb6b6a8a	I03.png	905258189b380c87	23
/mnt/v/input/zensim/sources/8f3c078b9c01c2d7_769x513.png	266e1c763686aeb6	I08.png	9ade5edcd5949f8e	27
/mnt/v/input/zensim/sources/8f3c078b9c01c2d7_818x1022.png	d4b4243436a68664	I09.png	c8b4acccd2563c26	25
/mnt/v/input/zensim/sources/9059ec43b26aa167_1022x818.png	53531a3a733a1a2c	I01.png	5db2525252732b34	22
/mnt/v/input/zensim/sources/9059ec43b26aa167_1024sq.png	5353133a7b1a2c05	I03.png	905258189b380c87	19
/mnt/v/input/zensim/sources/9059ec43b26aa167_512sq.png	b839d8dad9d8babc	I10.png	9c9f585e4c18bc24	20
/mnt/v/input/zensim/sources/9059ec43b26aa167_513x769.png	b0b8b9d8d998bda6	I03.png	905258189b380c87	22
/mnt/v/input/zensim/sources/9059ec43b26aa167_769x513.png	113b397a7b7b5959	I15.png	1517333479696c79	18
/mnt/v/input/zensim/sources/9059ec43b26aa167_818x1022.png	1313133b7b5b6e86	I15.png	1517333479696c79	21
/mnt/v/input/zensim/sources/91dc900918262594_513x769.png	9a49a9e802290b03	I20.png	9adea783e1110b0b	22
/mnt/v/input/zensim/sources/91e0d7d1d9d1388d_1022x818.png	fa84e1f093692b17	I17.png	646094f473796971	25
/mnt/v/input/zensim/sources/91e0d7d1d9d1388d_1024sq.png	79fae0f0512b1796	I21.png	3ad9a265616b94d3	21
/mnt/v/input/zensim/sources/91e0d7d1d9d1388d_512sq.png	c276e06071078cd4	I04.png	63322169e8adc1c1	25
/mnt/v/input/zensim/sources/91e0d7d1d9d1388d_513x769.png	f002e4e0718ed43f	I12.png	c3c3c3c3e3c3d6ec	27
/mnt/v/input/zensim/sources/91e0d7d1d9d1388d_769x513.png	24b4e0f0338c4d79	I17.png	646094f473796971	20
/mnt/v/input/zensim/sources/91e0d7d1d9d1388d_818x1022.png	d5d9e4f0b26d1797	I21.png	3ad9a265616b94d3	26
/mnt/v/input/zensim/sources/923d6bb87c79ead7_1022x818.png	462631129b194959	I15.png	1517333479696c79	22
/mnt/v/input/zensim/sources/923d6bb87c79ead7_1024sq.png	da4634921b594959	I17.png	646094f473796971	22
/mnt/v/input/zensim/sources/923d6bb87c79ead7_513x769.png	b54a6b593a5a592c	I11.png	1f8b64765e595aac	24
/mnt/v/input/zensim/sources/923d6bb87c79ead7_769x513.png	26b4319ab931b8b8	I22.png	949515181b9372f0	22
/mnt/v/input/zensim/sources/923d6bb87c79ead7_818x1022.png	daca35b139b99999	I20.png	9adea783e1110b0b	22
/mnt/v/input/zensim/sources/925d9429919155a5_1022x818.png	2d4d497a6e6eec74	I10.png	9c9f585e4c18bc24	23
/mnt/v/input/zensim/sources/925d9429919155a5_1024sq.png	714d49796e6eac48	I19.png	177df9e766474148	24
/mnt/v/input/zensim/sources/925d9429919155a5_512sq.png	8fcddb59e6cbcd8d	I24.png	cdcdebcb4accc999	17
/mnt/v/input/zensim/sources/925d9429919155a5_769x513.png	cecc5bfa6ccecb4b	I24.png	cdcdebcb4accc999	18
/mnt/v/input/zensim/sources/925d9429919155a5_818x1022.png	758cccf8ce4a6a59	I24.png	cdcdebcb4accc999	25
/mnt/v/input/zensim/sources/92748c7ba3f7d681_1022x818.png	8a494b8b094d4d0b	I24.png	cdcdebcb4accc999	19
/mnt/v/input/zensim/sources/92748c7ba3f7d681_1024sq.png	0b8a4b1b494d0909	I24.png	cdcdebcb4accc999	21
/mnt/v/input/zensim/sources/92748c7ba3f7d681_512sq.png	de1a190a1a1d050b	I03.png	905258189b380c87	20
/mnt/v/input/zensim/sources/92748c7ba3f7d681_513x769.png	49ca1b191a150d0d	I03.png	905258189b380c87	22
/mnt/v/input/zensim/sources/92748c7ba3f7d681_818x1022.png	090a4a1a488c0909	I24.png	cdcdebcb4accc999	21
/mnt/v/input/zensim/sources/93933e81f8a4de8b_1022x818.png	96e0cb06c20a7518	I19.png	177df9e766474148	26
/mnt/v/input/zensim/sources/93933e81f8a4de8b_1024sq.png	d2b4c1c382605107	I09.png	c8b4acccd2563c26	25
/mnt/v/input/zensim/sources/93933e81f8a4de8b_513x769.png	23a0081612ca9b39	I16.png	8187023342038190	25
/mnt/v/input/zensim/sources/93933e81f8a4de8b_769x513.png	40c99a8597892950	I17.png	646094f473796971	24
/mnt/v/input/zensim/sources/93933e81f8a4de8b_818x1022.png	d3d4c0838140d202	I12.png	c3c3c3c3e3c3d6ec	21
/mnt/v/input/zensim/sources/93cfaa588a2f6eb0_1022x818.png	299cdcd9d352386a	I09.png	c8b4acccd2563c26	18
/mnt/v/input/zensim/sources/93cfaa588a2f6eb0_1024sq.png	2918d4d9d33a6aaa	I03.png	905258189b380c87	25
/mnt/v/input/zensim/sources/93cfaa588a2f6eb0_512sq.png	96343db92d90d4dc	I22.png	949515181b9372f0	22
/mnt/v/input/zensim/sources/93cfaa588a2f6eb0_513x769.png	99973e39b590dcdd	I08.png	9ade5edcd5949f8e	22
/mnt/v/input/zensim/sources/93cfaa588a2f6eb0_769x513.png	449498daa2d1d959	I17.png	646094f473796971	24
/mnt/v/input/zensim/sources/93cfaa588a2f6eb0_818x1022.png	4959969ad359eb49	I17.png	646094f473796971	22
/mnt/v/input/zensim/sources/9466a908d088d32ee73f04116c40e48c_1022x818.png	bf3b396d68747460	I04.png	63322169e8adc1c1	24
/mnt/v/input/zensim/sources/9466a908d088d32ee73f04116c40e48c_1024sq.png	bf3b396d68747461	I04.png	63322169e8adc1c1	23
/mnt/v/input/zensim/sources/9466a908d088d32ee73f04116c40e48c_512sq.png	78ecd7ccceb6f4f3	I02.png	2a60a389c9767032	23
/mnt/v/input/zensim/sources/9466a908d088d32ee73f04116c40e48c_769x513.png	307c64e8ccf4f4f6	I02.png	2a60a389c9767032	23
/mnt/v/input/zensim/sources/9466a908d088d32ee73f04116c40e48c_818x1022.png	3f3f786ce4f4f0e0	I04.png	63322169e8adc1c1	24
/mnt/v/input/zensim/sources/94b495c26c7048a8_1022x818.png	c1f00e03b1c9c34b	I20.png	9adea783e1110b0b	24
/mnt/v/input/zensim/sources/94b495c26c7048a8_1024sq.png	80e00c03b1c9c34b	I14.png	40c0383739adecec	24
/mnt/v/input/zensim/sources/94b495c26c7048a8_512sq.png	3c060309b48c480c	I04.png	63322169e8adc1c1	27
/mnt/v/input/zensim/sources/94b495c26c7048a8_513x769.png	80b80609bc4c0414	I05.png	04cb2e9095568c8d	25
/mnt/v/input/zensim/sources/94b495c26c7048a8_769x513.png	1a8d060b59c98989	I20.png	9adea783e1110b0b	22
/mnt/v/input/zensim/sources/94b495c26c7048a8_818x1022.png	04e05c035989898b	I14.png	40c0383739adecec	22
/mnt/v/input/zensim/sources/9552c3d8e4b47918_1022x818.png	391a288cdd6a306c	I02.png	2a60a389c9767032	25
/mnt/v/input/zensim/sources/9552c3d8e4b47918_1024sq.png	5c3a388cdd726c2c	I09.png	c8b4acccd2563c26	21
/mnt/v/input/zensim/sources/9552c3d8e4b47918_512sq.png	9cec37265f9b98c0	I22.png	949515181b9372f0	23
/mnt/v/input/zensim/sources/9552c3d8e4b47918_513x769.png	b898ee361f98e0e6	I10.png	9c9f585e4c18bc24	25
/mnt/v/input/zensim/sources/9552c3d8e4b47918_769x513.png	582d3c849eded961	I09.png	c8b4acccd2563c26	24
/mnt/v/input/zensim/sources/95583445d778fe2a_1022x818.png	66c98952c9895151	I23.png	ecf8d15458b85959	19
/mnt/v/input/zensim/sources/95583445d778fe2a_1024sq.png	1e65c912c9895155	I23.png	ecf8d15458b85959	24
/mnt/v/input/zensim/sources/95583445d778fe2a_512sq.png	4c1810a885cc0820	I05.png	04cb2e9095568c8d	27
/mnt/v/input/zensim/sources/95583445d778fe2a_513x769.png	050d1ab58d4a293c	I15.png	1517333479696c79	23
/mnt/v/input/zensim/sources/95583445d778fe2a_769x513.png	c8191239cbc80892	I03.png	905258189b380c87	22
/mnt/v/input/zensim/sources/95583445d778fe2a_818x1022.png	17c6c813c888dad2	I16.png	8187023342038190	25
/mnt/v/input/zensim/sources/95c00fee31b9504c_1022x818.png	c9cc585b47ca5a5b	I24.png	cdcdebcb4accc999	21
/mnt/v/input/zensim/sources/95c00fee31b9504c_1024sq.png	59c9c8594f4a5b58	I24.png	cdcdebcb4accc999	21
/mnt/v/input/zensim/sources/95c00fee31b9504c_513x769.png	959d949391969616	I22.png	949515181b9372f0	22
/mnt/v/input/zensim/sources/95c00fee31b9504c_769x513.png	9e9c59d7d217ddd9	I08.png	9ade5edcd5949f8e	22
/mnt/v/input/zensim/sources/961421fa61bdcbda_1022x818.png	2cec8cae8e8cedac	I14.png	40c0383739adecec	25
/mnt/v/input/zensim/sources/961421fa61bdcbda_1024sq.png	ac2c8c8e8e8cadad	I09.png	c8b4acccd2563c26	25
/mnt/v/input/zensim/sources/961421fa61bdcbda_512sq.png	2f26a7a48e24272f	I18.png	33158e27a7a62331	23
/mnt/v/input/zensim/sources/961421fa61bdcbda_513x769.png	e72f26a78c262fef	I18.png	33158e27a7a62331	25
/mnt/v/input/zensim/sources/961421fa61bdcbda_818x1022.png	2e2ead2f0dac2c2d	I14.png	40c0383739adecec	26
/mnt/v/input/zensim/sources/961a6c377d008828_512sq.png	2fdba90c6ec6a01e	I19.png	177df9e766474148	26
/mnt/v/input/zensim/sources/961a6c377d008828_769x513.png	8e76f3832d6d609c	I02.png	2a60a389c9767032	24
/mnt/v/input/zensim/sources/962312_512sq.png	145c5e196b3a0e0c	I03.png	905258189b380c87	18
/mnt/v/input/zensim/sources/962d5e2dac9b77b0_1022x818.png	5626362626676677	I15.png	1517333479696c79	24
/mnt/v/input/zensim/sources/962d5e2dac9b77b0_1024sq.png	1166362666666626	I18.png	33158e27a7a62331	24
/mnt/v/input/zensim/sources/962d5e2dac9b77b0_512sq.png	61692b3399a14989	I04.png	63322169e8adc1c1	22
/mnt/v/input/zensim/sources/962d5e2dac9b77b0_513x769.png	594121b391a909b1	I14.png	40c0383739adecec	24
/mnt/v/input/zensim/sources/962d5e2dac9b77b0_769x513.png	625257534252c342	I01.png	5db2525252732b34	24
/mnt/v/input/zensim/sources/962d5e2dac9b77b0_818x1022.png	1442725352425242	I01.png	5db2525252732b34	22
/mnt/v/input/zensim/sources/96838bfa9a2a4be2_1022x818.png	354aca518a2e5406	I03.png	905258189b380c87	22
/mnt/v/input/zensim/sources/96838bfa9a2a4be2_1024sq.png	0972cad38a26562a	I02.png	2a60a389c9767032	23
/mnt/v/input/zensim/sources/96838bfa9a2a4be2_512sq.png	9224acb299ec6592	I02.png	2a60a389c9767032	26
/mnt/v/input/zensim/sources/96838bfa9a2a4be2_513x769.png	7986a4338d6c3395	I18.png	33158e27a7a62331	23
/mnt/v/input/zensim/sources/96838bfa9a2a4be2_769x513.png	cdad19151a2ba7d4	I16.png	8187023342038190	23
/mnt/v/input/zensim/sources/96838bfa9a2a4be2_818x1022.png	58d1c9912a6a932b	I21.png	3ad9a265616b94d3	27
/mnt/v/input/zensim/sources/96a0024c685ead3f_1022x818.png	7676292c23372624	I18.png	33158e27a7a62331	25
/mnt/v/input/zensim/sources/96a0024c685ead3f_1024sq.png	7676662833272639	I18.png	33158e27a7a62331	23
/mnt/v/input/zensim/sources/96a0024c685ead3f_512sq.png	b9de91a4b89b9b9b	I20.png	9adea783e1110b0b	22
/mnt/v/input/zensim/sources/96a0024c685ead3f_513x769.png	b1b18cf4b99b9b9b	I08.png	9ade5edcd5949f8e	28
/mnt/v/input/zensim/sources/96a0024c685ead3f_769x513.png	525d527659535252	I21.png	3ad9a265616b94d3	24
/mnt/v/input/zensim/sources/96a0024c685ead3f_818x1022.png	d3d2726c71737669	I15.png	1517333479696c79	21
/mnt/v/input/zensim/sources/96fb3950f83572b8_1022x818.png	c600964816a7a313	I18.png	33158e27a7a62331	25
/mnt/v/input/zensim/sources/96fb3950f83572b8_1024sq.png	80c40444b7a51311	I18.png	33158e27a7a62331	22
/mnt/v/input/zensim/sources/96fb3950f83572b8_512sq.png	80210222883192ca	I16.png	8187023342038190	21
/mnt/v/input/zensim/sources/96fb3950f83572b8_513x769.png	0b1121022993d2b0	I22.png	949515181b9372f0	20
/mnt/v/input/zensim/sources/96fb3950f83572b8_818x1022.png	8084028c77653330	I16.png	8187023342038190	24
/mnt/v/input/zensim/sources/975e1802a299a8c2_1022x818.png	86a6a72c06874704	I16.png	8187023342038190	25
/mnt/v/input/zensim/sources/975e1802a299a8c2_1024sq.png	87a6a62506874505	I16.png	8187023342038190	21
/mnt/v/input/zensim/sources/975e1802a299a8c2_512sq.png	6567b74757272623	I18.png	33158e27a7a62331	24
/mnt/v/input/zensim/sources/975e1802a299a8c2_513x769.png	6767e74767262726	I18.png	33158e27a7a62331	21
/mnt/v/input/zensim/sources/975e1802a299a8c2_769x513.png	2727362627272586	I18.png	33158e27a7a62331	21
/mnt/v/input/zensim/sources/975e1802a299a8c2_818x1022.png	86a6262627078525	I16.png	8187023342038190	21
/mnt/v/input/zensim/sources/97a1cae849e43e6e_1022x818.png	9210909080901000	I03.png	905258189b380c87	22
/mnt/v/input/zensim/sources/97a1cae849e43e6e_1024sq.png	9292909090900080	I03.png	905258189b380c87	19
/mnt/v/input/zensim/sources/97a1cae849e43e6e_512sq.png	2048242894a46044	I04.png	63322169e8adc1c1	25
/mnt/v/input/zensim/sources/97a1cae849e43e6e_513x769.png	5060402488606080	I03.png	905258189b380c87	24
/mnt/v/input/zensim/sources/97a1cae849e43e6e_769x513.png	1020001809013120	I22.png	949515181b9372f0	21
/mnt/v/input/zensim/sources/9841b9115950729a_1022x818.png	2a544b8bd42d2929	I20.png	9adea783e1110b0b	24
/mnt/v/input/zensim/sources/9841b9115950729a_1024sq.png	0b28594b05253b01	I01.png	5db2525252732b34	28
/mnt/v/input/zensim/sources/9841b9115950729a_512sq.png	2938c90d51ada5c6	I04.png	63322169e8adc1c1	23
/mnt/v/input/zensim/sources/9841b9115950729a_513x769.png	c93229c9b5a544d6	I04.png	63322169e8adc1c1	20
/mnt/v/input/zensim/sources/9841b9115950729a_769x513.png	9a9a490d520a262c	I10.png	9c9f585e4c18bc24	21
/mnt/v/input/zensim/sources/9841b9115950729a_818x1022.png	494c9a890a2c2d04	I24.png	cdcdebcb4accc999	23
/mnt/v/input/zensim/sources/99eadd0d34a77133_1022x818.png	b46a6ad402b4d357	I23.png	ecf8d15458b85959	25
/mnt/v/input/zensim/sources/99eadd0d34a77133_1024sq.png	393c6ad626d6d362	I19.png	177df9e766474148	23
/mnt/v/input/zensim/sources/99eadd0d34a77133_512sq.png	ac8d6ba630c96333	I24.png	cdcdebcb4accc999	25
/mnt/v/input/zensim/sources/99eadd0d34a77133_513x769.png	638c8d2208e33930	I18.png	33158e27a7a62331	23
/mnt/v/input/zensim/sources/99eadd0d34a77133_769x513.png	c94bb24d932b26d3	I21.png	3ad9a265616b94d3	22
/mnt/v/input/zensim/sources/99eadd0d34a77133_818x1022.png	303d4bd22292d3e3	I22.png	949515181b9372f0	26
/mnt/v/input/zensim/sources/9_512sq.png	b4ccc2523cb6a6ce	I13.png	ecc1d690c9fcc6c0	25
/mnt/v/input/zensim/sources/9aa0d053bef20da1_1022x818.png	6367407034600c9c	I05.png	04cb2e9095568c8d	27
/mnt/v/input/zensim/sources/9aa0d053bef20da1_1024sq.png	a163434034689c9e	I03.png	905258189b380c87	26
/mnt/v/input/zensim/sources/9aa0d053bef20da1_512sq.png	9080427273d3d996	I16.png	8187023342038190	19
/mnt/v/input/zensim/sources/9aa0d053bef20da1_513x769.png	c490007273d99c37	I17.png	646094f473796971	23
/mnt/v/input/zensim/sources/9aa0d053bef20da1_769x513.png	d3c1a0b0b272cacc	I12.png	c3c3c3c3e3c3d6ec	22
/mnt/v/input/zensim/sources/9aa0d053bef20da1_818x1022.png	21e1c3a072481c1b	I21.png	3ad9a265616b94d3	25
/mnt/v/input/zensim/sources/9af2a0b366edc13d_1022x818.png	994686b851d339c8	I16.png	8187023342038190	24
/mnt/v/input/zensim/sources/9af2a0b366edc13d_1024sq.png	8c66068c53f3984d	I05.png	04cb2e9095568c8d	24
/mnt/v/input/zensim/sources/9af2a0b366edc13d_512sq.png	830fd8c3236455f5	I12.png	c3c3c3c3e3c3d6ec	22
/mnt/v/input/zensim/sources/9af2a0b366edc13d_513x769.png	780307da2465dd0a	I06.png	9313a3de8ec9c8e8	26
/mnt/v/input/zensim/sources/9af2a0b366edc13d_769x513.png	c30f18c6b4b2aa7b	I18.png	33158e27a7a62331	26
/mnt/v/input/zensim/sources/9af2a0b366edc13d_818x1022.png	ac63074cb2ba58ac	I23.png	ecf8d15458b85959	26
/mnt/v/input/zensim/sources/9b3e926fd170642d_1024sq.png	c8e49c4e4506e3e1	I09.png	c8b4acccd2563c26	25
/mnt/v/input/zensim/sources/9b3e926fd170642d_512sq.png	1e275364044363e0	I19.png	177df9e766474148	22
/mnt/v/input/zensim/sources/9b3e926fd170642d_513x769.png	231c0f74474361c0	I19.png	177df9e766474148	22
/mnt/v/input/zensim/sources/9b3e926fd170642d_769x513.png	1c0e9789c1a6e663	I02.png	2a60a389c9767032	23
/mnt/v/input/zensim/sources/9b3e926fd170642d_818x1022.png	c8a41c87c60661e9	I09.png	c8b4acccd2563c26	23
/mnt/v/input/zensim/sources/9bae94ea4473a469_1022x818.png	c4e870b0b1372731	I17.png	646094f473796971	22
/mnt/v/input/zensim/sources/9bae94ea4473a469_1024sq.png	46c468b033272390	I16.png	8187023342038190	24
/mnt/v/input/zensim/sources/9bae94ea4473a469_513x769.png	0284e878f175c5e0	I04.png	63322169e8adc1c1	24
/mnt/v/input/zensim/sources/9bae94ea4473a469_818x1022.png	46c4e83032676190	I16.png	8187023342038190	24
/mnt/v/input/zensim/sources/9d80b844ac89b16b_1022x818.png	aeae27262eafae2e	I11.png	1f8b64765e595aac	28
/mnt/v/input/zensim/sources/9d80b844ac89b16b_1024sq.png	26aeaf26aeaf2e4c	I18.png	33158e27a7a62331	25
/mnt/v/input/zensim/sources/9d80b844ac89b16b_512sq.png	cbcb4bd3d3cdcbcb	I24.png	cdcdebcb4accc999	17
/mnt/v/input/zensim/sources/9d80b844ac89b16b_513x769.png	4fcbcbd3d7cbcf8f	I12.png	c3c3c3c3e3c3d6ec	17
/mnt/v/input/zensim/sources/9d80b844ac89b16b_818x1022.png	662f6f272f2e2fcc	I18.png	33158e27a7a62331	25
/mnt/v/input/zensim/sources/9df81df4f600703c_1022x818.png	010f2f1b336c18b0	I16.png	8187023342038190	24
/mnt/v/input/zensim/sources/9df81df4f600703c_1024sq.png	c0012f1b332838e0	I14.png	40c0383739adecec	22
/mnt/v/input/zensim/sources/9df81df4f600703c_512sq.png	c7667a3a7292973e	I01.png	5db2525252732b34	25
/mnt/v/input/zensim/sources/9df81df4f600703c_513x769.png	0946267ad2973c7c	I09.png	c8b4acccd2563c26	23
/mnt/v/input/zensim/sources/9df81df4f600703c_818x1022.png	c0002f99514c38e8	I09.png	c8b4acccd2563c26	24
/mnt/v/input/zensim/sources/9ff4c03b6bd50ed2_1022x818.png	39e7e36e6deb6f6f	I15.png	1517333479696c79	23
/mnt/v/input/zensim/sources/9ff4c03b6bd50ed2_1024sq.png	5439e76f6def6fef	I15.png	1517333479696c79	26
/mnt/v/input/zensim/sources/9ff4c03b6bd50ed2_512sq.png	65e44545e5654552	I07.png	4d65e5a5e171b165	22
/mnt/v/input/zensim/sources/9ff4c03b6bd50ed2_769x513.png	a7e3ede7eeedebf3	I04.png	63322169e8adc1c1	24
/mnt/v/input/zensim/sources/9ff4c03b6bd50ed2_818x1022.png	962de3ededefefaf	I06.png	9313a3de8ec9c8e8	27
/mnt/v/input/zensim/sources/Abstract-Art-1_512sq.png	3959ae76360d9899	I21.png	3ad9a265616b94d3	22
/mnt/v/input/zensim/sources/AgilityCourseElements_512sq.png	8017deab51262900	I16.png	8187023342038190	22
/mnt/v/input/zensim/sources/Beam-Space-Processing_512sq.png	0c2d31311a060e08	I05.png	04cb2e9095568c8d	26
/mnt/v/input/zensim/sources/Boxplot_512sq.png	330f0e0f0b0f0f0e	I18.png	33158e27a7a62331	23
/mnt/v/input/zensim/sources/Lungs-Cross-Section-Illustration_512sq.png	333303030706944a	I16.png	8187023342038190	24
/mnt/v/input/zensim/sources/No-interference_512sq.png	8ab4b28e8a888e4e	I06.png	9313a3de8ec9c8e8	22
/mnt/v/input/zensim/sources/Performance-Graph_512sq.png	00415b4f7cf2ca21	I10.png	9c9f585e4c18bc24	28
/mnt/v/input/zensim/sources/Temperament-pie-chart-according-to-Eysenck_512sq.png	86276563667c191e	I11.png	1f8b64765e595aac	25
/mnt/v/input/zensim/sources/Verkehrstote Deutschland 1953-2012_512sq.png	005be19088c55700	I13.png	ecc1d690c9fcc6c0	25
/mnt/v/input/zensim/sources/a06b91d3d8419aad_1022x818.png	bfb73fbb3ebe362f	I18.png	33158e27a7a62331	27
/mnt/v/input/zensim/sources/a06b91d3d8419aad_1024sq.png	33afbfbbbe3e2739	I18.png	33158e27a7a62331	20
/mnt/v/input/zensim/sources/a06b91d3d8419aad_512sq.png	dbf9694bb3ed7667	I12.png	c3c3c3c3e3c3d6ec	24
/mnt/v/input/zensim/sources/a06b91d3d8419aad_513x769.png	e6d37969bd7667cb	I04.png	63322169e8adc1c1	26
/mnt/v/input/zensim/sources/a06b91d3d8419aad_769x513.png	777b3b7b736f7d37	I15.png	1517333479696c79	23
/mnt/v/input/zensim/sources/a0b330b5d297aa7f_1022x818.png	1966f45018984ccc	I03.png	905258189b380c87	22
/mnt/v/input/zensim/sources/a0b330b5d297aa7f_1024sq.png	240a645018cc4ccc	I05.png	04cb2e9095568c8d	21
/mnt/v/input/zensim/sources/a0b330b5d297aa7f_512sq.png	c7db30733b384d56	I03.png	905258189b380c87	24
/mnt/v/input/zensim/sources/a0b330b5d297aa7f_513x769.png	1ccbf371390d6606	I14.png	40c0383739adecec	25
/mnt/v/input/zensim/sources/a0b330b5d297aa7f_769x513.png	c7f2b0b29a1888ac	I03.png	905258189b380c87	23
/mnt/v/input/zensim/sources/a0b330b5d297aa7f_818x1022.png	0649e6b01a8cc484	I05.png	04cb2e9095568c8d	21
/mnt/v/input/zensim/sources/a0c163204fc0d7d1_1022x818.png	59c182414ca4a4d8	I13.png	ecc1d690c9fcc6c0	23
/mnt/v/input/zensim/sources/a0c163204fc0d7d1_1024sq.png	595983414ca6c884	I24.png	cdcdebcb4accc999	23
/mnt/v/input/zensim/sources/a0c163204fc0d7d1_512sq.png	030092929b9be365	I06.png	9313a3de8ec9c8e8	25
/mnt/v/input/zensim/sources/a0c163204fc0d7d1_513x769.png	180280929bd36598	I22.png	949515181b9372f0	24
/mnt/v/input/zensim/sources/a0c163204fc0d7d1_769x513.png	c0818480dade6666	I09.png	c8b4acccd2563c26	18
/mnt/v/input/zensim/sources/a0c163204fc0d7d1_818x1022.png	d9d881c1de268804	I09.png	c8b4acccd2563c26	24
/mnt/v/input/zensim/sources/a10ae819a2d24873079c93346200cab3_1022x818.png	b9f2b4a4329139a3	I17.png	646094f473796971	24
/mnt/v/input/zensim/sources/a10ae819a2d24873079c93346200cab3_1024sq.png	f9b9b0a4b39929a9	I17.png	646094f473796971	24
/mnt/v/input/zensim/sources/a10ae819a2d24873079c93346200cab3_512sq.png	79f9e7cd4948587c	I23.png	ecf8d15458b85959	23
/mnt/v/input/zensim/sources/a10ae819a2d24873079c93346200cab3_513x769.png	f479f1c549586cca	I23.png	ecf8d15458b85959	21
/mnt/v/input/zensim/sources/a10ae819a2d24873079c93346200cab3_769x513.png	3a32266f232b39bc	I18.png	33158e27a7a62331	24
/mnt/v/input/zensim/sources/a10ae819a2d24873079c93346200cab3_818x1022.png	f979b2a62bb929a8	I17.png	646094f473796971	25
/mnt/v/input/zensim/sources/a198e8d337a44451_1024sq.png	eefcb9b830706868	I23.png	ecf8d15458b85959	22
/mnt/v/input/zensim/sources/a198e8d337a44451_513x769.png	eb6ebc6d69d8d8f2	I04.png	63322169e8adc1c1	26
/mnt/v/input/zensim/sources/a198e8d337a44451_818x1022.png	eff4bc3c7868e4c4	I14.png	40c0383739adecec	23
/mnt/v/input/zensim/sources/a22c527386437b90_1022x818.png	ec4c6cc862646264	I09.png	c8b4acccd2563c26	23
/mnt/v/input/zensim/sources/a22c527386437b90_1024sq.png	6cc464c462626468	I17.png	646094f473796971	22
/mnt/v/input/zensim/sources/a22c527386437b90_512sq.png	6524844464242420	I17.png	646094f473796971	23
/mnt/v/input/zensim/sources/a22c527386437b90_513x769.png	2465a4c464241000	I07.png	4d65e5a5e171b165	23
/mnt/v/input/zensim/sources/a22c527386437b90_769x513.png	c4c4c9a5c1d5c591	I24.png	cdcdebcb4accc999	21
/mnt/v/input/zensim/sources/a24d6945ac8862ed_1022x818.png	8436b5948674a4b5	I09.png	c8b4acccd2563c26	23
/mnt/v/input/zensim/sources/a24d6945ac8862ed_1024sq.png	94c4b5948664b495	I05.png	04cb2e9095568c8d	23
/mnt/v/input/zensim/sources/a24d6945ac8862ed_512sq.png	dbf3634b49d35bdb	I12.png	c3c3c3c3e3c3d6ec	22
/mnt/v/input/zensim/sources/a24d6945ac8862ed_513x769.png	9bcb736bc95b5b73	I20.png	9adea783e1110b0b	23
/mnt/v/input/zensim/sources/a24d6945ac8862ed_769x513.png	7226360a0a12f66a	I22.png	949515181b9372f0	25
/mnt/v/input/zensim/sources/a24d6945ac8862ed_818x1022.png	5652363602e63636	I01.png	5db2525252732b34	23
/mnt/v/input/zensim/sources/a3603a7f4fe41d9b_1024sq.png	4ab54a244aafa420	I16.png	8187023342038190	25
/mnt/v/input/zensim/sources/a3603a7f4fe41d9b_769x513.png	8adbaa26db9b8b2e	I20.png	9adea783e1110b0b	21
/mnt/v/input/zensim/sources/a3603a7f4fe41d9b_818x1022.png	dba48aaedaaba5aa	I09.png	c8b4acccd2563c26	25
/mnt/v/input/zensim/sources/a36713f1943dac6bc74dea50cadaee6f_1022x818.png	4bab6b6727656510	I19.png	177df9e766474148	22
/mnt/v/input/zensim/sources/a36713f1943dac6bc74dea50cadaee6f_1024sq.png	4a2beb6727651410	I19.png	177df9e766474148	23
/mnt/v/input/zensim/sources/a36713f1943dac6bc74dea50cadaee6f_512sq.png	4e4e4642434343a2	I01.png	5db2525252732b34	23
/mnt/v/input/zensim/sources/a36713f1943dac6bc74dea50cadaee6f_513x769.png	9e4e46424343833b	I20.png	9adea783e1110b0b	20
/mnt/v/input/zensim/sources/a36713f1943dac6bc74dea50cadaee6f_769x513.png	2dede5e327e4e6c6	I07.png	4d65e5a5e171b165	24
/mnt/v/input/zensim/sources/a36713f1943dac6bc74dea50cadaee6f_818x1022.png	cd2dade725645232	I07.png	4d65e5a5e171b165	23
/mnt/v/input/zensim/sources/a3efca6b6ae49c16_1022x818.png	252f097373717565	I07.png	4d65e5a5e171b165	22
/mnt/v/input/zensim/sources/a3efca6b6ae49c16_1024sq.png	32252933737165e7	I15.png	1517333479696c79	24
/mnt/v/input/zensim/sources/a3efca6b6ae49c16_512sq.png	9e9d96d0d0d2d2f2	I22.png	949515181b9372f0	19
/mnt/v/input/zensim/sources/a3efca6b6ae49c16_513x769.png	67ce9dd0d2d2b2a3	I09.png	c8b4acccd2563c26	26
/mnt/v/input/zensim/sources/a3efca6b6ae49c16_769x513.png	4f4855f1f1f5f5f1	I07.png	4d65e5a5e171b165	19
/mnt/v/input/zensim/sources/a3efca6b6ae49c16_818x1022.png	b3264d71f1f5e5e5	I04.png	63322169e8adc1c1	21
/mnt/v/input/zensim/sources/a4164b115c87d45f_1022x818.png	23b41aceaaaacaaa	I06.png	9313a3de8ec9c8e8	23
/mnt/v/input/zensim/sources/a4164b115c87d45f_1024sq.png	3aa7b2caaa8aaaaa	I06.png	9313a3de8ec9c8e8	22
/mnt/v/input/zensim/sources/a4164b115c87d45f_512sq.png	f2bc096aeac84828	I04.png	63322169e8adc1c1	24
/mnt/v/input/zensim/sources/a4164b115c87d45f_513x769.png	e4a2b80be8c80cc8	I04.png	63322169e8adc1c1	24
/mnt/v/input/zensim/sources/a4164b115c87d45f_769x513.png	3138cba92969a809	I04.png	63322169e8adc1c1	25
/mnt/v/input/zensim/sources/a4164b115c87d45f_818x1022.png	3b6531896909292b	I20.png	9adea783e1110b0b	22
/mnt/v/input/zensim/sources/a4870e10eb781ada_1022x818.png	99b9d1393d7d6c64	I15.png	1517333479696c79	23
/mnt/v/input/zensim/sources/a4870e10eb781ada_1024sq.png	99b9d9793d6d644d	I15.png	1517333479696c79	24
/mnt/v/input/zensim/sources/a4870e10eb781ada_512sq.png	989d9199999b5b5b	I22.png	949515181b9372f0	18
/mnt/v/input/zensim/sources/a4870e10eb781ada_513x769.png	dc949191995bdbda	I22.png	949515181b9372f0	20
/mnt/v/input/zensim/sources/a4870e10eb781ada_769x513.png	5a5a5a5a5a525a5a	I01.png	5db2525252732b34	21
/mnt/v/input/zensim/sources/a4870e10eb781ada_818x1022.png	18385a5a5a5a56cc	I01.png	5db2525252732b34	23
/mnt/v/input/zensim/sources/a71f8b959515308e_1022x818.png	654cdcd29696292a	I09.png	c8b4acccd2563c26	26
/mnt/v/input/zensim/sources/a71f8b959515308e_1024sq.png	6545dcd6969a2a2a	I17.png	646094f473796971	26
/mnt/v/input/zensim/sources/a71f8b959515308e_512sq.png	999939191a195849	I22.png	949515181b9372f0	21
/mnt/v/input/zensim/sources/a71f8b959515308e_513x769.png	eb8999191a19c9c9	I23.png	ecf8d15458b85959	22
/mnt/v/input/zensim/sources/a71f8b959515308e_818x1022.png	c6c69a9a1a1a6a6b	I03.png	905258189b380c87	25
/mnt/v/input/zensim/sources/a7d672d9a96b0b2f_1022x818.png	f0fce869ccc4ccd8	I24.png	cdcdebcb4accc999	21
/mnt/v/input/zensim/sources/a7d672d9a96b0b2f_512sq.png	f6e892d016272327	I01.png	5db2525252732b34	22
/mnt/v/input/zensim/sources/a7d672d9a96b0b2f_513x769.png	a463929017232326	I01.png	5db2525252732b34	23
/mnt/v/input/zensim/sources/a7d672d9a96b0b2f_818x1022.png	60f4c4c8868694f0	I09.png	c8b4acccd2563c26	22
/mnt/v/input/zensim/sources/a841783db697750f_1022x818.png	38bc4e9793e7ede9	I14.png	40c0383739adecec	26
/mnt/v/input/zensim/sources/a841783db697750f_1024sq.png	e0384e9793ede999	I17.png	646094f473796971	25
/mnt/v/input/zensim/sources/a841783db697750f_512sq.png	c31a333b9899db57	I04.png	63322169e8adc1c1	22
/mnt/v/input/zensim/sources/a841783db697750f_769x513.png	669f96321b5b4246	I22.png	949515181b9372f0	23
/mnt/v/input/zensim/sources/a841783db697750f_818x1022.png	e078ce971b464918	I23.png	ecf8d15458b85959	25
/mnt/v/input/zensim/sources/a90a4981e7db544c_1022x818.png	c581838639828283	I12.png	c3c3c3c3e3c3d6ec	24
/mnt/v/input/zensim/sources/a90a4981e7db544c_512sq.png	2d5891a7d3880448	I19.png	177df9e766474148	25
/mnt/v/input/zensim/sources/a90a4981e7db544c_513x769.png	162c5095da08484d	I03.png	905258189b380c87	24
/mnt/v/input/zensim/sources/a90a4981e7db544c_769x513.png	2909031e6248090b	I16.png	8187023342038190	24
/mnt/v/input/zensim/sources/a90a4981e7db544c_818x1022.png	c2840903640b0925	I16.png	8187023342038190	21
/mnt/v/input/zensim/sources/a9143f4b78fe5a13_1022x818.png	b3a248751aeeb9c5	I04.png	63322169e8adc1c1	25
/mnt/v/input/zensim/sources/a9143f4b78fe5a13_1024sq.png	b1b34c31caaf9565	I04.png	63322169e8adc1c1	23
/mnt/v/input/zensim/sources/a9143f4b78fe5a13_513x769.png	652586a954d9e936	I17.png	646094f473796971	22
/mnt/v/input/zensim/sources/a9143f4b78fe5a13_769x513.png	aa2552929899c669	I13.png	ecc1d690c9fcc6c0	21
/mnt/v/input/zensim/sources/a9143f4b78fe5a13_818x1022.png	a922ca34894b34e6	I03.png	905258189b380c87	26
/mnt/v/input/zensim/sources/a955f0ed6e0cf41e_1022x818.png	e8e8eb41dacb4c1a	I24.png	cdcdebcb4accc999	20
/mnt/v/input/zensim/sources/a955f0ed6e0cf41e_1024sq.png	8be8e941da494a92	I24.png	cdcdebcb4accc999	21
/mnt/v/input/zensim/sources/a955f0ed6e0cf41e_512sq.png	8c89c4133c349c8e	I05.png	04cb2e9095568c8d	22
/mnt/v/input/zensim/sources/a955f0ed6e0cf41e_513x769.png	668c85163cbc8e9c	I14.png	40c0383739adecec	24
/mnt/v/input/zensim/sources/a955f0ed6e0cf41e_769x513.png	49cac0c6991999cc	I11.png	1f8b64765e595aac	24
/mnt/v/input/zensim/sources/a9c9dfa1ff44cd4e_1022x818.png	b22426e66993b9e4	I07.png	4d65e5a5e171b165	26
/mnt/v/input/zensim/sources/a9c9dfa1ff44cd4e_1024sq.png	b3b226e663bbb8c4	I21.png	3ad9a265616b94d3	24
/mnt/v/input/zensim/sources/a9c9dfa1ff44cd4e_512sq.png	92c9d5d5aa355534	I12.png	c3c3c3c3e3c3d6ec	27
/mnt/v/input/zensim/sources/a9c9dfa1ff44cd4e_513x769.png	51a2c9d5a855ecef	I14.png	40c0383739adecec	24
/mnt/v/input/zensim/sources/a9c9dfa1ff44cd4e_769x513.png	6462a2da7411d839	I17.png	646094f473796971	21
/mnt/v/input/zensim/sources/a9c9dfa1ff44cd4e_818x1022.png	292362e259393dc4	I01.png	5db2525252732b34	25
/mnt/v/input/zensim/sources/aa24604af4fd46ed_1022x818.png	bc22768394b4e392	I13.png	ecc1d690c9fcc6c0	25
/mnt/v/input/zensim/sources/aa24604af4fd46ed_1024sq.png	592872d394b4d292	I01.png	5db2525252732b34	27
/mnt/v/input/zensim/sources/aa24604af4fd46ed_512sq.png	4999926292772758	I01.png	5db2525252732b34	19
/mnt/v/input/zensim/sources/aa24604af4fd46ed_513x769.png	ccc99b92d6674835	I05.png	04cb2e9095568c8d	23
/mnt/v/input/zensim/sources/aa24604af4fd46ed_769x513.png	ebd253a0573626a9	I01.png	5db2525252732b34	26
/mnt/v/input/zensim/sources/aa24604af4fd46ed_818x1022.png	996a63d33636db12	I01.png	5db2525252732b34	25
/mnt/v/input/zensim/sources/aaabe66b8d49888f_1022x818.png	9d46ce6629899b7b	I20.png	9adea783e1110b0b	26
/mnt/v/input/zensim/sources/aaabe66b8d49888f_1024sq.png	99dd4e4e299b3b63	I10.png	9c9f585e4c18bc24	23
/mnt/v/input/zensim/sources/aaabe66b8d49888f_512sq.png	3b3f2ddbc946d4bc	I02.png	2a60a389c9767032	24
/mnt/v/input/zensim/sources/aaabe66b8d49888f_513x769.png	1b1b3dcb4c441cd8	I06.png	9313a3de8ec9c8e8	24
/mnt/v/input/zensim/sources/aaabe66b8d49888f_769x513.png	9e9e8e434a2cad19	I24.png	cdcdebcb4accc999	21
/mnt/v/input/zensim/sources/aaabe66b8d49888f_818x1022.png	1896de4a2d1979e1	I10.png	9c9f585e4c18bc24	21
/mnt/v/input/zensim/sources/ab14a339f15ab543_1022x818.png	c989894949abb8b8	I24.png	cdcdebcb4accc999	21
/mnt/v/input/zensim/sources/ab14a339f15ab543_1024sq.png	c0c9894949bab859	I23.png	ecf8d15458b85959	20
/mnt/v/input/zensim/sources/ab14a339f15ab543_512sq.png	080c0c0c0c1c9cdc	I10.png	9c9f585e4c18bc24	21
/mnt/v/input/zensim/sources/ab14a339f15ab543_513x769.png	0408080c0c9cdcdc	I10.png	9c9f585e4c18bc24	23
/mnt/v/input/zensim/sources/ab14a339f15ab543_769x513.png	0888880888c95979	I23.png	ecf8d15458b85959	23
/mnt/v/input/zensim/sources/ab14a339f15ab543_818x1022.png	c4880888596938d8	I14.png	40c0383739adecec	25
/mnt/v/input/zensim/sources/ab20ccae14b687d3_1022x818.png	7b72e4b0b13061e1	I07.png	4d65e5a5e171b165	21
/mnt/v/input/zensim/sources/ab20ccae14b687d3_1024sq.png	627bf6f0b160e171	I17.png	646094f473796971	18
/mnt/v/input/zensim/sources/ab20ccae14b687d3_512sq.png	999b92707064e4e0	I15.png	1517333479696c79	22
/mnt/v/input/zensim/sources/ab20ccae14b687d3_513x769.png	da989b3270e4c2e2	I13.png	ecc1d690c9fcc6c0	25
/mnt/v/input/zensim/sources/ab20ccae14b687d3_818x1022.png	4359d2f43060e170	I17.png	646094f473796971	20
/mnt/v/input/zensim/sources/ab713625eeff48e1_1022x818.png	e4e0c0d0c1229270	I13.png	ecc1d690c9fcc6c0	20
/mnt/v/input/zensim/sources/ab713625eeff48e1_513x769.png	0380005800c42961	I04.png	63322169e8adc1c1	25
/mnt/v/input/zensim/sources/ab713625eeff48e1_769x513.png	e080801080c0210b	I16.png	8187023342038190	25
/mnt/v/input/zensim/sources/ab8342c35625fff7_1022x818.png	b02088f22e2e2e2e	I03.png	905258189b380c87	27
/mnt/v/input/zensim/sources/ab8342c35625fff7_1024sq.png	be3000f02e2e2e2f	I03.png	905258189b380c87	27
/mnt/v/input/zensim/sources/ab8342c35625fff7_512sq.png	8202cc194d4f4f6f	I03.png	905258189b380c87	26
/mnt/v/input/zensim/sources/ab8342c35625fff7_769x513.png	840468d32f2f2f2f	I14.png	40c0383739adecec	25
/mnt/v/input/zensim/sources/ab8342c35625fff7_818x1022.png	2b2044d02f2f2e2f	I17.png	646094f473796971	28
/mnt/v/input/zensim/sources/ab893253d3d2626c_1022x818.png	83b66c88da4ad444	I09.png	c8b4acccd2563c26	20
/mnt/v/input/zensim/sources/ab893253d3d2626c_1024sq.png	52926e8cda48c445	I03.png	905258189b380c87	23
/mnt/v/input/zensim/sources/ab893253d3d2626c_512sq.png	d59dac49184c4811	I24.png	cdcdebcb4accc999	18
/mnt/v/input/zensim/sources/ab893253d3d2626c_513x769.png	42d58d6d48485140	I04.png	63322169e8adc1c1	24
/mnt/v/input/zensim/sources/ab893253d3d2626c_769x513.png	3acaec8a9aabca92	I03.png	905258189b380c87	26
/mnt/v/input/zensim/sources/ab893253d3d2626c_818x1022.png	91916a0a8aca86c0	I06.png	9313a3de8ec9c8e8	20
/mnt/v/input/zensim/sources/abb8c527dbadd6b6_1022x818.png	93b3b3679f636626	I06.png	9313a3de8ec9c8e8	24
/mnt/v/input/zensim/sources/abb8c527dbadd6b6_1024sq.png	9393b3275d632607	I15.png	1517333479696c79	22
/mnt/v/input/zensim/sources/abb8c527dbadd6b6_512sq.png	e8714d83eb5e634d	I07.png	4d65e5a5e171b165	25
/mnt/v/input/zensim/sources/abb8c527dbadd6b6_513x769.png	29e8790bdb434dcd	I24.png	cdcdebcb4accc999	25
/mnt/v/input/zensim/sources/abb8c527dbadd6b6_769x513.png	3b336b06679be7eb	I06.png	9313a3de8ec9c8e8	26
/mnt/v/input/zensim/sources/abb8c527dbadd6b6_818x1022.png	bb333363d4eb632f	I01.png	5db2525252732b34	25
/mnt/v/input/zensim/sources/ac5258a4f0bd895e_1022x818.png	1ae4ec10183cd9a3	I03.png	905258189b380c87	24
/mnt/v/input/zensim/sources/ac5258a4f0bd895e_1024sq.png	9d8cec18387c9189	I24.png	cdcdebcb4accc999	23
/mnt/v/input/zensim/sources/ac5258a4f0bd895e_512sq.png	45c6367598ce9f38	I14.png	40c0383739adecec	25
/mnt/v/input/zensim/sources/ac5258a4f0bd895e_513x769.png	2ec52630dede30c9	I05.png	04cb2e9095568c8d	22
/mnt/v/input/zensim/sources/ac5258a4f0bd895e_769x513.png	cecc3532587cce11	I13.png	ecc1d690c9fcc6c0	22
/mnt/v/input/zensim/sources/ac5258a4f0bd895e_818x1022.png	160e4c30485c912a	I10.png	9c9f585e4c18bc24	23
/mnt/v/input/zensim/sources/ac656a68365934bf_1022x818.png	67eebdbfbefbf6fe	I14.png	40c0383739adecec	26
/mnt/v/input/zensim/sources/ac656a68365934bf_1024sq.png	7fe7efbfbffbf63c	I07.png	4d65e5a5e171b165	26
/mnt/v/input/zensim/sources/ac656a68365934bf_512sq.png	df6b7c65f77cf679	I07.png	4d65e5a5e171b165	25
/mnt/v/input/zensim/sources/ac656a68365934bf_513x769.png	a7cf7f6cf57cf9b7	I08.png	9ade5edcd5949f8e	25
/mnt/v/input/zensim/sources/ac656a68365934bf_769x513.png	ed7e793f77bdfdfb	I14.png	40c0383739adecec	25
/mnt/v/input/zensim/sources/ad004f1aacde0745_1022x818.png	b359dcccf1263767	I08.png	9ade5edcd5949f8e	24
/mnt/v/input/zensim/sources/ad004f1aacde0745_1024sq.png	93135ccc633227a9	I03.png	905258189b380c87	24
/mnt/v/input/zensim/sources/ad004f1aacde0745_512sq.png	9abaaf8b1053ebe9	I20.png	9adea783e1110b0b	19
/mnt/v/input/zensim/sources/ad004f1aacde0745_513x769.png	e49aafaf50ebe9c3	I04.png	63322169e8adc1c1	25
/mnt/v/input/zensim/sources/ad004f1aacde0745_769x513.png	db9ccfce102b6273	I01.png	5db2525252732b34	28
/mnt/v/input/zensim/sources/ad004f1aacde0745_818x1022.png	b1319ece60236764	I18.png	33158e27a7a62331	24
/mnt/v/input/zensim/sources/ad1c60ee9a0c4c8c_1022x818.png	012c4065714d493b	I17.png	646094f473796971	22
/mnt/v/input/zensim/sources/ad1c60ee9a0c4c8c_1024sq.png	b221207579497b32	I17.png	646094f473796971	22
/mnt/v/input/zensim/sources/ad1c60ee9a0c4c8c_512sq.png	e6199277a9991d4c	I23.png	ecf8d15458b85959	24
/mnt/v/input/zensim/sources/ad1c60ee9a0c4c8c_513x769.png	8ace1857b91d4cd8	I14.png	40c0383739adecec	19
/mnt/v/input/zensim/sources/ad1c60ee9a0c4c8c_769x513.png	2ddad074fada9ec9	I23.png	ecf8d15458b85959	20
/mnt/v/input/zensim/sources/ad1c60ee9a0c4c8c_818x1022.png	512828745ac8d96a	I11.png	1f8b64765e595aac	23
/mnt/v/input/zensim/sources/ad31f526f5b114d1_1022x818.png	519471694b73c8cc	I04.png	63322169e8adc1c1	24
/mnt/v/input/zensim/sources/ad31f526f5b114d1_1024sq.png	f1d4f5694bd1cca4	I12.png	c3c3c3c3e3c3d6ec	25
/mnt/v/input/zensim/sources/ad31f526f5b114d1_512sq.png	2a5999c504282854	I21.png	3ad9a265616b94d3	25
/mnt/v/input/zensim/sources/ad31f526f5b114d1_513x769.png	722bd99d0428554d	I23.png	ecf8d15458b85959	25
/mnt/v/input/zensim/sources/ad31f526f5b114d1_769x513.png	ced2d2cc8963c994	I13.png	ecc1d690c9fcc6c0	24
/mnt/v/input/zensim/sources/ad31f526f5b114d1_818x1022.png	f0b6d2c8cb908c2e	I03.png	905258189b380c87	22
/mnt/v/input/zensim/sources/add29603b58d45ae_1022x818.png	3d2d7579712d6d67	I15.png	1517333479696c79	21
/mnt/v/input/zensim/sources/add29603b58d45ae_1024sq.png	352d7579312d6d35	I15.png	1517333479696c79	20
/mnt/v/input/zensim/sources/add29603b58d45ae_512sq.png	ece828486060a22e	I09.png	c8b4acccd2563c26	24
/mnt/v/input/zensim/sources/add29603b58d45ae_513x769.png	eceae85870682e24	I01.png	5db2525252732b34	23
/mnt/v/input/zensim/sources/add29603b58d45ae_818x1022.png	7a786a78704ce672	I21.png	3ad9a265616b94d3	24
/mnt/v/input/zensim/sources/ae794930bdb4369d_512sq.png	175755d644614d8e	I19.png	177df9e766474148	21
/mnt/v/input/zensim/sources/ae794930bdb4369d_513x769.png	171757d6656d8e4d	I15.png	1517333479696c79	19
/mnt/v/input/zensim/sources/aec92357fc8c025d_1022x818.png	7dccb4f4fc46c6cd	I05.png	04cb2e9095568c8d	24
/mnt/v/input/zensim/sources/aec92357fc8c025d_1024sq.png	7c6cb4f4f846cf0d	I17.png	646094f473796971	24
/mnt/v/input/zensim/sources/aec92357fc8c025d_512sq.png	edc9c9cac90ee181	I24.png	cdcdebcb4accc999	15
/mnt/v/input/zensim/sources/aec92357fc8c025d_513x769.png	64a9c9c9ce41838f	I24.png	cdcdebcb4accc999	22
/mnt/v/input/zensim/sources/aec92357fc8c025d_769x513.png	6e6a6b6e6a1ce383	I04.png	63322169e8adc1c1	22
/mnt/v/input/zensim/sources/aec92357fc8c025d_818x1022.png	bcac72eabcc7cf4c	I08.png	9ade5edcd5949f8e	27
/mnt/v/input/zensim/sources/aecee93d92f145a2_1022x818.png	28ed45cb6b241828	I02.png	2a60a389c9767032	24
/mnt/v/input/zensim/sources/aecee93d92f145a2_1024sq.png	b42c654b6b241828	I02.png	2a60a389c9767032	27
/mnt/v/input/zensim/sources/aecee93d92f145a2_512sq.png	5625545a04678d6c	I01.png	5db2525252732b34	24
/mnt/v/input/zensim/sources/aecee93d92f145a2_513x769.png	a456655a5ca56c6c	I10.png	9c9f585e4c18bc24	25
/mnt/v/input/zensim/sources/aecee93d92f145a2_769x513.png	a4a64389c966494d	I02.png	2a60a389c9767032	23
/mnt/v/input/zensim/sources/aecee93d92f145a2_818x1022.png	2545a489c9662d49	I02.png	2a60a389c9767032	22
/mnt/v/input/zensim/sources/aed95e005df28e790519eefb6eb1e565_1022x818.png	4514f8d0f0d0e0e0	I07.png	4d65e5a5e171b165	25
/mnt/v/input/zensim/sources/aed95e005df28e790519eefb6eb1e565_1024sq.png	e905fcf0d0f0e0e0	I13.png	ecc1d690c9fcc6c0	19
/mnt/v/input/zensim/sources/aed95e005df28e790519eefb6eb1e565_818x1022.png	ec14d4f098f0c060	I13.png	ecc1d690c9fcc6c0	17
/mnt/v/input/zensim/sources/afc5a9edd14832d6_1022x818.png	603199c23622a392	I18.png	33158e27a7a62331	25
/mnt/v/input/zensim/sources/afc5a9edd14832d6_1024sq.png	2b31b99236229232	I18.png	33158e27a7a62331	25
/mnt/v/input/zensim/sources/afc5a9edd14832d6_512sq.png	61951589b9a2b6b4	I22.png	949515181b9372f0	20
/mnt/v/input/zensim/sources/afc5a9edd14832d6_513x769.png	80639599a9b69459	I02.png	2a60a389c9767032	24
/mnt/v/input/zensim/sources/afc5a9edd14832d6_769x513.png	345c190b5b735551	I22.png	949515181b9372f0	22
/mnt/v/input/zensim/sources/afc5a9edd14832d6_818x1022.png	4970349b7351a933	I17.png	646094f473796971	19
/mnt/v/input/zensim/sources/afe3676bbfcf7183d697ff7b5d5bd45b_1022x818.png	878d3cb8a9996448	I22.png	949515181b9372f0	23
/mnt/v/input/zensim/sources/afe3676bbfcf7183d697ff7b5d5bd45b_1024sq.png	b3853db8a9346088	I22.png	949515181b9372f0	24
/mnt/v/input/zensim/sources/afe3676bbfcf7183d697ff7b5d5bd45b_512sq.png	34d7cd6c6ee63c73	I18.png	33158e27a7a62331	25
/mnt/v/input/zensim/sources/afe3676bbfcf7183d697ff7b5d5bd45b_513x769.png	0534d56c667e63ca	I19.png	177df9e766474148	20
/mnt/v/input/zensim/sources/afe3676bbfcf7183d697ff7b5d5bd45b_769x513.png	1e7c69286c6d3837	I02.png	2a60a389c9767032	25
/mnt/v/input/zensim/sources/afe3676bbfcf7183d697ff7b5d5bd45b_818x1022.png	a30a7ca82db5e508	I04.png	63322169e8adc1c1	25
/mnt/v/input/zensim/sources/akfcrc022_512sq.png	4c8e0f4d350d0e4c	I05.png	04cb2e9095568c8d	25
/mnt/v/input/zensim/sources/b08266b9882c59d4_1022x818.png	496b389016da5848	I05.png	04cb2e9095568c8d	23
/mnt/v/input/zensim/sources/b08266b9882c59d4_1024sq.png	484b3990165a4808	I05.png	04cb2e9095568c8d	19
/mnt/v/input/zensim/sources/b08266b9882c59d4_512sq.png	ccea7a703539b695	I05.png	04cb2e9095568c8d	25
/mnt/v/input/zensim/sources/b08266b9882c59d4_513x769.png	9cccea7035b19659	I21.png	3ad9a265616b94d3	24
/mnt/v/input/zensim/sources/b08266b9882c59d4_769x513.png	693c3939b3929c5a	I09.png	c8b4acccd2563c26	28
/mnt/v/input/zensim/sources/b08266b9882c59d4_818x1022.png	cac96939925a4808	I24.png	cdcdebcb4accc999	24
/mnt/v/input/zensim/sources/b0d2d8b3cd725d9a_1024sq.png	8ce5cda6296dec2c	I14.png	40c0383739adecec	21
/mnt/v/input/zensim/sources/b0d2d8b3cd725d9a_512sq.png	0d4c09e46e0c0b8d	I24.png	cdcdebcb4accc999	22
/mnt/v/input/zensim/sources/b0d2d8b3cd725d9a_513x769.png	054d0def6e0b4d4c	I19.png	177df9e766474148	17
/mnt/v/input/zensim/sources/b0d2d8b3cd725d9a_769x513.png	8d4dce252dcdcecc	I13.png	ecc1d690c9fcc6c0	23
/mnt/v/input/zensim/sources/b0d2d8b3cd725d9a_818x1022.png	4ea4cd272dcccc6e	I14.png	40c0383739adecec	21
/mnt/v/input/zensim/sources/b16a0fb4d0baad49_1022x818.png	5617525656555551	I01.png	5db2525252732b34	22
/mnt/v/input/zensim/sources/b16a0fb4d0baad49_1024sq.png	5657525656555153	I01.png	5db2525252732b34	23
/mnt/v/input/zensim/sources/b16a0fb4d0baad49_512sq.png	1191111139b12b23	I22.png	949515181b9372f0	20
/mnt/v/input/zensim/sources/b16a0fb4d0baad49_513x769.png	9359911931bb2b15	I03.png	905258189b380c87	24
/mnt/v/input/zensim/sources/b16a0fb4d0baad49_769x513.png	9b93939392939292	I16.png	8187023342038190	19
/mnt/v/input/zensim/sources/b16a0fb4d0baad49_818x1022.png	d2d392d3929298d1	I12.png	c3c3c3c3e3c3d6ec	23
/mnt/v/input/zensim/sources/b18ed09989e58983_1022x818.png	bbfb33b7b53732b6	I02.png	2a60a389c9767032	26
/mnt/v/input/zensim/sources/b18ed09989e58983_1024sq.png	31bbf3b6b537b3b7	I18.png	33158e27a7a62331	25
/mnt/v/input/zensim/sources/b18ed09989e58983_512sq.png	6870d4d1c1c0cb48	I13.png	ecc1d690c9fcc6c0	19
/mnt/v/input/zensim/sources/b18ed09989e58983_769x513.png	b9b9262b25212229	I18.png	33158e27a7a62331	21
/mnt/v/input/zensim/sources/b18ed09989e58983_818x1022.png	292dbb2325232b25	I18.png	33158e27a7a62331	19
/mnt/v/input/zensim/sources/b1b95691d54e6337_1022x818.png	01031013763c7cb0	I16.png	8187023342038190	23
/mnt/v/input/zensim/sources/b1b95691d54e6337_1024sq.png	01210853763cb030	I16.png	8187023342038190	23
/mnt/v/input/zensim/sources/b1b95691d54e6337_512sq.png	489c983b73f7efdf	I14.png	40c0383739adecec	22
/mnt/v/input/zensim/sources/b1b95691d54e6337_818x1022.png	00200813767e3820	I01.png	5db2525252732b34	24
/mnt/v/input/zensim/sources/b242bfe2da8337bb_1022x818.png	6d9288cdb2144928	I09.png	c8b4acccd2563c26	22
/mnt/v/input/zensim/sources/b242bfe2da8337bb_1024sq.png	323b92cc32042a22	I09.png	c8b4acccd2563c26	26
/mnt/v/input/zensim/sources/b242bfe2da8337bb_512sq.png	38498b5d4a72559a	I02.png	2a60a389c9767032	21
/mnt/v/input/zensim/sources/b242bfe2da8337bb_513x769.png	976849dd52569d9a	I08.png	9ade5edcd5949f8e	23
/mnt/v/input/zensim/sources/b242bfe2da8337bb_769x513.png	312aca2a2d350ad9	I18.png	33158e27a7a62331	26
/mnt/v/input/zensim/sources/b242bfe2da8337bb_818x1022.png	32759a4a35166961	I18.png	33158e27a7a62331	21
/mnt/v/input/zensim/sources/b26f2e8ea1f332f4_1022x818.png	1a69c88e9c256468	I19.png	177df9e766474148	25
/mnt/v/input/zensim/sources/b26f2e8ea1f332f4_1024sq.png	6868c98e8c6564fb	I02.png	2a60a389c9767032	22
/mnt/v/input/zensim/sources/b26f2e8ea1f332f4_512sq.png	d8998d1d2956cae7	I22.png	949515181b9372f0	25
/mnt/v/input/zensim/sources/b26f2e8ea1f332f4_513x769.png	0d989d2d57cae414	I09.png	c8b4acccd2563c26	28
/mnt/v/input/zensim/sources/b26f2e8ea1f332f4_769x513.png	c8d81e1f1a2c6ce4	I14.png	40c0383739adecec	16
/mnt/v/input/zensim/sources/b26f2e8ea1f332f4_818x1022.png	5849c81e2ce4c4de	I14.png	40c0383739adecec	23
/mnt/v/input/zensim/sources/b2993a8e9a311465_1024sq.png	20b0646db224a024	I09.png	c8b4acccd2563c26	22
/mnt/v/input/zensim/sources/b2993a8e9a311465_513x769.png	a4d9c7c6b8868081	I05.png	04cb2e9095568c8d	24
/mnt/v/input/zensim/sources/b2993a8e9a311465_769x513.png	6846c4ec73646460	I17.png	646094f473796971	18
/mnt/v/input/zensim/sources/b2993a8e9a311465_818x1022.png	683364cc23642024	I09.png	c8b4acccd2563c26	21
/mnt/v/input/zensim/sources/b2e6e2b5969eaf25_1022x818.png	65692cb03d30b030	I07.png	4d65e5a5e171b165	23
/mnt/v/input/zensim/sources/b2e6e2b5969eaf25_1024sq.png	6d6d69b43930b434	I07.png	4d65e5a5e171b165	18
/mnt/v/input/zensim/sources/b2e6e2b5969eaf25_512sq.png	e5c5d8d0ced24842	I13.png	ecc1d690c9fcc6c0	20
/mnt/v/input/zensim/sources/b2e6e2b5969eaf25_513x769.png	8aede5d8d6404244	I09.png	c8b4acccd2563c26	24
/mnt/v/input/zensim/sources/b2e6e2b5969eaf25_818x1022.png	ac64ad2224202424	I07.png	4d65e5a5e171b165	24
/mnt/v/input/zensim/sources/b30feab35e3abc64_1022x818.png	32226070a4a7a623	I04.png	63322169e8adc1c1	23
/mnt/v/input/zensim/sources/b30feab35e3abc64_1024sq.png	1a222070a4a7a3f6	I04.png	63322169e8adc1c1	23
/mnt/v/input/zensim/sources/b30feab35e3abc64_512sq.png	01a8e918c5c7c7e5	I05.png	04cb2e9095568c8d	25
/mnt/v/input/zensim/sources/b30feab35e3abc64_513x769.png	3703a9b8c7c5e7e4	I06.png	9313a3de8ec9c8e8	22
/mnt/v/input/zensim/sources/b30feab35e3abc64_769x513.png	04c0e09a66662527	I09.png	c8b4acccd2563c26	25
/mnt/v/input/zensim/sources/b30feab35e3abc64_818x1022.png	3a3760d8242721e3	I04.png	63322169e8adc1c1	24
/mnt/v/input/zensim/sources/b35b0a7e3790c484_1022x818.png	3b1a93313381c008	I16.png	8187023342038190	25
/mnt/v/input/zensim/sources/b35b0a7e3790c484_1024sq.png	e33b933113804009	I16.png	8187023342038190	25
/mnt/v/input/zensim/sources/b35b0a7e3790c484_512sq.png	b4387370f0125292	I22.png	949515181b9372f0	25
/mnt/v/input/zensim/sources/b35b0a7e3790c484_513x769.png	f0343a7132129299	I16.png	8187023342038190	24
/mnt/v/input/zensim/sources/b35b0a7e3790c484_769x513.png	711a343171110154	I16.png	8187023342038190	24
/mnt/v/input/zensim/sources/b35b0a7e3790c484_818x1022.png	e17913301191c20d	I23.png	ecf8d15458b85959	25
/mnt/v/input/zensim/sources/b3fd4e0c765e8243_1022x818.png	3058220a98a22a59	I03.png	905258189b380c87	26
/mnt/v/input/zensim/sources/b3fd4e0c765e8243_1024sq.png	26bc22229aa2a8a3	I18.png	33158e27a7a62331	26
/mnt/v/input/zensim/sources/b3fd4e0c765e8243_512sq.png	0260c494698a4446	I13.png	ecc1d690c9fcc6c0	24
/mnt/v/input/zensim/sources/b3fd4e0c765e8243_513x769.png	d91060941b444698	I03.png	905258189b380c87	25
/mnt/v/input/zensim/sources/b3fd4e0c765e8243_769x513.png	8521295d82092125	I07.png	4d65e5a5e171b165	25
/mnt/v/input/zensim/sources/b3fd4e0c765e8243_818x1022.png	6234a34919214d21	I04.png	63322169e8adc1c1	20
/mnt/v/input/zensim/sources/b42f01da5dbf1ed7_1022x818.png	7672727666637273	I01.png	5db2525252732b34	21
/mnt/v/input/zensim/sources/b42f01da5dbf1ed7_1024sq.png	7676727266637272	I01.png	5db2525252732b34	20
/mnt/v/input/zensim/sources/b42f01da5dbf1ed7_512sq.png	6171d9c5c1c1c14a	I19.png	177df9e766474148	20
/mnt/v/input/zensim/sources/b42f01da5dbf1ed7_513x769.png	c16569cdc1c14445	I07.png	4d65e5a5e171b165	20
/mnt/v/input/zensim/sources/b42f01da5dbf1ed7_818x1022.png	e2f2f2eae3e3ebeb	I12.png	c3c3c3c3e3c3d6ec	20
/mnt/v/input/zensim/sources/b48352bc1163909a_1022x818.png	9c6153ba4c410e2c	I10.png	9c9f585e4c18bc24	23
/mnt/v/input/zensim/sources/b48352bc1163909a_512sq.png	2694d80b180a110a	I03.png	905258189b380c87	27
/mnt/v/input/zensim/sources/b48352bc1163909a_513x769.png	a95294d80a10094b	I03.png	905258189b380c87	21
/mnt/v/input/zensim/sources/b48352bc1163909a_769x513.png	86d27b04090a9209	I03.png	905258189b380c87	25
/mnt/v/input/zensim/sources/b48352bc1163909a_818x1022.png	3c38d33a0c8a2e09	I10.png	9c9f585e4c18bc24	25
/mnt/v/input/zensim/sources/b49e324b4de24d0b_1022x818.png	e8c0037ffcf11f30	I23.png	ecf8d15458b85959	25
/mnt/v/input/zensim/sources/b49e324b4de24d0b_1024sq.png	73e8937ff4f334e0	I21.png	3ad9a265616b94d3	25
/mnt/v/input/zensim/sources/b49e324b4de24d0b_512sq.png	42021bfde972a262	I02.png	2a60a389c9767032	22
/mnt/v/input/zensim/sources/b49e324b4de24d0b_513x769.png	080212fd63e22278	I17.png	646094f473796971	24
/mnt/v/input/zensim/sources/b49e324b4de24d0b_769x513.png	24011f7af6b474f1	I22.png	949515181b9372f0	24
/mnt/v/input/zensim/sources/b49e324b4de24d0b_818x1022.png	f1c825daf4b530e2	I04.png	63322169e8adc1c1	28
/mnt/v/input/zensim/sources/b51d5fb537246482ef7a7ab63f093cab_1022x818.png	e2d2d2e44461e1b1	I17.png	646094f473796971	22
/mnt/v/input/zensim/sources/b51d5fb537246482ef7a7ab63f093cab_1024sq.png	c3e2d2f44461b193	I16.png	8187023342038190	23
/mnt/v/input/zensim/sources/b51d5fb537246482ef7a7ab63f093cab_512sq.png	3131b393939292a4	I22.png	949515181b9372f0	24
/mnt/v/input/zensim/sources/b51d5fb537246482ef7a7ab63f093cab_513x769.png	803131939392e4e0	I22.png	949515181b9372f0	19
/mnt/v/input/zensim/sources/b51d5fb537246482ef7a7ab63f093cab_769x513.png	93b3d2d2d2d0d060	I06.png	9313a3de8ec9c8e8	19
/mnt/v/input/zensim/sources/b51d5fb537246482ef7a7ab63f093cab_818x1022.png	c1c393d2d2402091	I16.png	8187023342038190	19
/mnt/v/input/zensim/sources/b59797f835e7bfa6_1022x818.png	588ec7a54af50854	I07.png	4d65e5a5e171b165	26
/mnt/v/input/zensim/sources/b59797f835e7bfa6_1024sq.png	4a8cc6e548904495	I24.png	cdcdebcb4accc999	25
/mnt/v/input/zensim/sources/b59797f835e7bfa6_512sq.png	4b8995858a330219	I20.png	9adea783e1110b0b	25
/mnt/v/input/zensim/sources/b59797f835e7bfa6_513x769.png	044b99950a331820	I03.png	905258189b380c87	26
/mnt/v/input/zensim/sources/b59797f835e7bfa6_769x513.png	a7cb564c8ba6848a	I13.png	ecc1d690c9fcc6c0	23
/mnt/v/input/zensim/sources/b59797f835e7bfa6_818x1022.png	898dc7468d10d236	I10.png	9c9f585e4c18bc24	24
/mnt/v/input/zensim/sources/b59d2436aaf44d77_1022x818.png	7319955111959515	I04.png	63322169e8adc1c1	28
/mnt/v/input/zensim/sources/b59d2436aaf44d77_1024sq.png	7971955511959555	I23.png	ecf8d15458b85959	23
/mnt/v/input/zensim/sources/b59d2436aaf44d77_513x769.png	5429242428262029	I15.png	1517333479696c79	25
/mnt/v/input/zensim/sources/b59d2436aaf44d77_769x513.png	b236b4b0b4b2b434	I09.png	c8b4acccd2563c26	26
/mnt/v/input/zensim/sources/b59d2436aaf44d77_818x1022.png	f8ba149490343494	I09.png	c8b4acccd2563c26	22
/mnt/v/input/zensim/sources/b5cd470348ef0609_1022x818.png	02726276777f383a	I01.png	5db2525252732b34	23
/mnt/v/input/zensim/sources/b5cd470348ef0609_1024sq.png	02127272777e30dc	I01.png	5db2525252732b34	24
/mnt/v/input/zensim/sources/b5cd470348ef0609_512sq.png	aaa2b2b2a2abfff8	I12.png	c3c3c3c3e3c3d6ec	25
/mnt/v/input/zensim/sources/b5cd470348ef0609_513x769.png	44aba2b2a27ffa78	I17.png	646094f473796971	25
/mnt/v/input/zensim/sources/b5cd470348ef0609_769x513.png	d3c3f3d3d3c3fef8	I12.png	c3c3c3c3e3c3d6ec	10
/mnt/v/input/zensim/sources/b5cd470348ef0609_818x1022.png	00137373d3be30dc	I16.png	8187023342038190	26
/mnt/v/input/zensim/sources/b5f01fc5ad9d2626_1022x818.png	c3c3cfdf1d39f81e	I06.png	9313a3de8ec9c8e8	26
/mnt/v/input/zensim/sources/b5f01fc5ad9d2626_1024sq.png	c8c3c7cf3df0dc27	I12.png	c3c3c3c3e3c3d6ec	23
/mnt/v/input/zensim/sources/b5f01fc5ad9d2626_512sq.png	040c152bcf3ef2c0	I22.png	949515181b9372f0	22
/mnt/v/input/zensim/sources/b5f01fc5ad9d2626_513x769.png	51420d335ff6fa3f	I14.png	40c0383739adecec	26
/mnt/v/input/zensim/sources/b5f01fc5ad9d2626_769x513.png	a58b9b972c7c74e0	I13.png	ecc1d690c9fcc6c0	24
/mnt/v/input/zensim/sources/b5f01fc5ad9d2626_818x1022.png	8881878f3d709e26	I09.png	c8b4acccd2563c26	25
/mnt/v/input/zensim/sources/b6aec8d49597a3d9_512sq.png	fbb7cf8d7ae644d4	I12.png	c3c3c3c3e3c3d6ec	26
/mnt/v/input/zensim/sources/b6aec8d49597a3d9_769x513.png	7e166e4f3f6e6879	I15.png	1517333479696c79	24
/mnt/v/input/zensim/sources/b6d2f01935595016_1022x818.png	00281410082a0114	I16.png	8187023342038190	23
/mnt/v/input/zensim/sources/b6d2f01935595016_1024sq.png	a520145009228906	I03.png	905258189b380c87	24
/mnt/v/input/zensim/sources/b6d2f01935595016_512sq.png	8a91314a00454426	I09.png	c8b4acccd2563c26	24
/mnt/v/input/zensim/sources/b6d2f01935595016_513x769.png	414cb11a04442235	I02.png	2a60a389c9767032	28
/mnt/v/input/zensim/sources/b6d2f01935595016_769x513.png	4c12b208002d0544	I04.png	63322169e8adc1c1	24
/mnt/v/input/zensim/sources/b6d2f01935595016_818x1022.png	2428129209251405	I05.png	04cb2e9095568c8d	25
/mnt/v/input/zensim/sources/b6d63584560f5640_1024sq.png	c0c1090100010665	I12.png	c3c3c3c3e3c3d6ec	24
/mnt/v/input/zensim/sources/b6d63584560f5640_512sq.png	0c2c520108040280	I16.png	8187023342038190	24
/mnt/v/input/zensim/sources/b6d63584560f5640_769x513.png	080c440000010140	I16.png	8187023342038190	21
/mnt/v/input/zensim/sources/b6d63584560f5640_818x1022.png	88910c0841000245	I03.png	905258189b380c87	24
/mnt/v/input/zensim/sources/b939ac34faa94b5d0e753d570edc7048_512sq.png	f2d266b4b6664306	I08.png	9ade5edcd5949f8e	27
/mnt/v/input/zensim/sources/b939ac34faa94b5d0e753d570edc7048_513x769.png	4cdaf234b6470602	I05.png	04cb2e9095568c8d	25
/mnt/v/input/zensim/sources/b939ac34faa94b5d0e753d570edc7048_769x513.png	75e7add4d5242604	I05.png	04cb2e9095568c8d	24
/mnt/v/input/zensim/sources/b9c5ee636f29ae0d_1022x818.png	48000080e1e0c0f0	I13.png	ecc1d690c9fcc6c0	21
/mnt/v/input/zensim/sources/b9c5ee636f29ae0d_1024sq.png	00000000e1e0d0f8	I02.png	2a60a389c9767032	24
/mnt/v/input/zensim/sources/b9c5ee636f29ae0d_512sq.png	008000209084a000	I16.png	8187023342038190	21
/mnt/v/input/zensim/sources/b9c5ee636f29ae0d_513x769.png	88000002908440d0	I16.png	8187023342038190	22
/mnt/v/input/zensim/sources/b9c5ee636f29ae0d_769x513.png	0040000041c0c0c0	I13.png	ecc1d690c9fcc6c0	22
/mnt/v/input/zensim/sources/b9c5ee636f29ae0d_818x1022.png	00404000c1c0b0f8	I02.png	2a60a389c9767032	24
/mnt/v/input/zensim/sources/ba3d3840d7949008_1022x818.png	696869e828786869	I17.png	646094f473796971	23
/mnt/v/input/zensim/sources/ba3d3840d7949008_1024sq.png	e969e9e968786971	I24.png	cdcdebcb4accc999	20
/mnt/v/input/zensim/sources/ba3d3840d7949008_512sq.png	6aec68e8e8a9a9a8	I04.png	63322169e8adc1c1	21
/mnt/v/input/zensim/sources/baa350ec3ac7f9e8_1022x818.png	3bb3f4392b93332b	I18.png	33158e27a7a62331	25
/mnt/v/input/zensim/sources/baa350ec3ac7f9e8_1024sq.png	313bb1303bb33bab	I15.png	1517333479696c79	24
/mnt/v/input/zensim/sources/baa350ec3ac7f9e8_512sq.png	59c9c2dc51d76668	I12.png	c3c3c3c3e3c3d6ec	23
/mnt/v/input/zensim/sources/baa350ec3ac7f9e8_513x769.png	5659c9c6536764d4	I19.png	177df9e766474148	20
/mnt/v/input/zensim/sources/baa350ec3ac7f9e8_769x513.png	3172646d25653535	I07.png	4d65e5a5e171b165	23
/mnt/v/input/zensim/sources/baa350ec3ac7f9e8_818x1022.png	2d29f16165356965	I07.png	4d65e5a5e171b165	18
/mnt/v/input/zensim/sources/bafc4125efd40457_1022x818.png	6c20646616140614	I01.png	5db2525252732b34	25
/mnt/v/input/zensim/sources/bafc4125efd40457_1024sq.png	7c6c246614149614	I09.png	c8b4acccd2563c26	27
/mnt/v/input/zensim/sources/bafc4125efd40457_512sq.png	61a3cba3a515130b	I20.png	9adea783e1110b0b	23
/mnt/v/input/zensim/sources/bafc4125efd40457_513x769.png	89c1e3cb25130b81	I20.png	9adea783e1110b0b	19
/mnt/v/input/zensim/sources/bafc4125efd40457_769x513.png	a266626633161607	I03.png	905258189b380c87	27
/mnt/v/input/zensim/sources/bafc4125efd40457_818x1022.png	5e4e626616160206	I11.png	1f8b64765e595aac	23
/mnt/v/input/zensim/sources/bba507ec1b8d913a_1022x818.png	6935756b98636290	I04.png	63322169e8adc1c1	24
/mnt/v/input/zensim/sources/bba507ec1b8d913a_1024sq.png	4969356ad1639a11	I07.png	4d65e5a5e171b165	24
/mnt/v/input/zensim/sources/bba507ec1b8d913a_512sq.png	f6b393c9bcb2a545	I04.png	63322169e8adc1c1	25
/mnt/v/input/zensim/sources/bba507ec1b8d913a_513x769.png	4c72b3c9baa545ba	I04.png	63322169e8adc1c1	23
/mnt/v/input/zensim/sources/bba507ec1b8d913a_769x513.png	34b6d76b3c92c3e3	I22.png	949515181b9372f0	25
/mnt/v/input/zensim/sources/bba507ec1b8d913a_818x1022.png	cdecb4eb1243b594	I09.png	c8b4acccd2563c26	23
/mnt/v/input/zensim/sources/bbd2ca4c78dab7cf_1022x818.png	7d09696dcd92292c	I10.png	9c9f585e4c18bc24	25
/mnt/v/input/zensim/sources/bbd2ca4c78dab7cf_1024sq.png	e04d696dc4932d9e	I08.png	9ade5edcd5949f8e	28
/mnt/v/input/zensim/sources/bbd2ca4c78dab7cf_512sq.png	6ee686ee27a519fc	I17.png	646094f473796971	25
/mnt/v/input/zensim/sources/bbd2ca4c78dab7cf_513x769.png	2726e6e627b16c0f	I17.png	646094f473796971	26
/mnt/v/input/zensim/sources/bbd2ca4c78dab7cf_769x513.png	2da4ec2fa6251338	I18.png	33158e27a7a62331	20
/mnt/v/input/zensim/sources/bbd2ca4c78dab7cf_818x1022.png	e2cdadaca6312c3e	I09.png	c8b4acccd2563c26	23
/mnt/v/input/zensim/sources/bbd5d5edc8d73c74_1022x818.png	27270fc3980f271f	I18.png	33158e27a7a62331	26
/mnt/v/input/zensim/sources/bbd5d5edc8d73c74_1024sq.png	37270fc3982f3f1f	I18.png	33158e27a7a62331	26
/mnt/v/input/zensim/sources/bbd5d5edc8d73c74_512sq.png	4d0f01e02494d94d	I07.png	4d65e5a5e171b165	25
/mnt/v/input/zensim/sources/bbd5d5edc8d73c74_513x769.png	e34f09403499473f	I12.png	c3c3c3c3e3c3d6ec	29
/mnt/v/input/zensim/sources/bbd5d5edc8d73c74_769x513.png	4b0f03f0b0194b67	I20.png	9adea783e1110b0b	25
/mnt/v/input/zensim/sources/bbd5d5edc8d73c74_818x1022.png	37274f83984f3f1f	I18.png	33158e27a7a62331	28
/mnt/v/input/zensim/sources/bbe70b1a20145d17_1022x818.png	8fcd8d09098cda4d	I24.png	cdcdebcb4accc999	20
/mnt/v/input/zensim/sources/bbe70b1a20145d17_1024sq.png	c3cd8d0909dc5c6c	I24.png	cdcdebcb4accc999	24
/mnt/v/input/zensim/sources/bbe70b1a20145d17_512sq.png	060e0e0e4d4e161c	I05.png	04cb2e9095568c8d	24
/mnt/v/input/zensim/sources/bbe70b1a20145d17_513x769.png	0e060e0e4e161c1e	I09.png	c8b4acccd2563c26	23
/mnt/v/input/zensim/sources/bbe70b1a20145d17_769x513.png	0d0d058d0c0c1e99	I24.png	cdcdebcb4accc999	24
/mnt/v/input/zensim/sources/bbe70b1a20145d17_818x1022.png	898d8d8d0d9e9cdc	I24.png	cdcdebcb4accc999	24
/mnt/v/input/zensim/sources/bc6efead04bbb386_512sq.png	f8667566feb4776c	I23.png	ecf8d15458b85959	27
/mnt/v/input/zensim/sources/bc6efead04bbb386_769x513.png	fcb4b6b4fcbe37bb	I09.png	c8b4acccd2563c26	26
/mnt/v/input/zensim/sources/bcc13ce53a2bae60_1022x818.png	1566545416554596	I01.png	5db2525252732b34	23
/mnt/v/input/zensim/sources/bcc13ce53a2bae60_1024sq.png	d544545416454594	I01.png	5db2525252732b34	25
/mnt/v/input/zensim/sources/bcc13ce53a2bae60_512sq.png	cb32121bbb9b4b1b	I01.png	5db2525252732b34	25
/mnt/v/input/zensim/sources/bcc13ce53a2bae60_513x769.png	2b2b321b9b9b0b0b	I20.png	9adea783e1110b0b	25
/mnt/v/input/zensim/sources/bcc13ce53a2bae60_769x513.png	e296d6d65252d6d8	I12.png	c3c3c3c3e3c3d6ec	22
/mnt/v/input/zensim/sources/bcc13ce53a2bae60_818x1022.png	96e696d652d45616	I08.png	9ade5edcd5949f8e	22
/mnt/v/input/zensim/sources/be137659b8f65c43_1022x818.png	3d4ec2fb700c0f1c	I24.png	cdcdebcb4accc999	25
/mnt/v/input/zensim/sources/be137659b8f65c43_1024sq.png	a03dc2f35c0e8d1c	I16.png	8187023342038190	23
/mnt/v/input/zensim/sources/be137659b8f65c43_512sq.png	2928196442ba938f	I23.png	ecf8d15458b85959	25
/mnt/v/input/zensim/sources/be137659b8f65c43_513x769.png	5b2d0955e29b8f1e	I16.png	8187023342038190	28
/mnt/v/input/zensim/sources/be137659b8f65c43_769x513.png	a380daf923dc564f	I12.png	c3c3c3c3e3c3d6ec	24
/mnt/v/input/zensim/sources/be137659b8f65c43_818x1022.png	457e8bb9d64e0f1e	I05.png	04cb2e9095568c8d	26
/mnt/v/input/zensim/sources/be18a80f451e4f83_1022x818.png	3b39353929393d4d	I15.png	1517333479696c79	23
/mnt/v/input/zensim/sources/be18a80f451e4f83_1024sq.png	3339353929395d45	I04.png	63322169e8adc1c1	21
/mnt/v/input/zensim/sources/be18a80f451e4f83_512sq.png	6ef6b29cbc3e7cfa	I02.png	2a60a389c9767032	23
/mnt/v/input/zensim/sources/be18a80f451e4f83_513x769.png	fc64b29ebc7efabb	I02.png	2a60a389c9767032	24
/mnt/v/input/zensim/sources/be18a80f451e4f83_769x513.png	ac37555c5d1d3c38	I10.png	9c9f585e4c18bc24	17
/mnt/v/input/zensim/sources/be321ee79511102a_1022x818.png	942799d92829c3c1	I04.png	63322169e8adc1c1	22
/mnt/v/input/zensim/sources/be321ee79511102a_1024sq.png	dea6a9d928a3c3ec	I04.png	63322169e8adc1c1	24
/mnt/v/input/zensim/sources/be321ee79511102a_512sq.png	e66e2c991aeeaa51	I24.png	cdcdebcb4accc999	27
/mnt/v/input/zensim/sources/be321ee79511102a_513x769.png	73e62e144aaa20a8	I16.png	8187023342038190	26
/mnt/v/input/zensim/sources/be321ee79511102a_769x513.png	65ad8c5898696993	I17.png	646094f473796971	23
/mnt/v/input/zensim/sources/be321ee79511102a_818x1022.png	9a672d9d686982aa	I06.png	9313a3de8ec9c8e8	25
/mnt/v/input/zensim/sources/be4057d1f8f1897e_1022x818.png	4560ebcb4bd0d497	I24.png	cdcdebcb4accc999	18
/mnt/v/input/zensim/sources/be4057d1f8f1897e_1024sq.png	6165e8cb49d0d690	I24.png	cdcdebcb4accc999	21
/mnt/v/input/zensim/sources/be4057d1f8f1897e_512sq.png	c4444d8d25342446	I07.png	4d65e5a5e171b165	23
/mnt/v/input/zensim/sources/be4057d1f8f1897e_513x769.png	8264448d25246471	I02.png	2a60a389c9767032	24
/mnt/v/input/zensim/sources/be4057d1f8f1897e_769x513.png	e1a90949c99998a4	I04.png	63322169e8adc1c1	23
/mnt/v/input/zensim/sources/be4057d1f8f1897e_818x1022.png	42c4a94bc890b331	I02.png	2a60a389c9767032	23
/mnt/v/input/zensim/sources/be4a0d05ad6c6e16_1022x818.png	2a46c2ca36b3ec34	I01.png	5db2525252732b34	26
/mnt/v/input/zensim/sources/be4a0d05ad6c6e16_1024sq.png	2b2a42ca36ab3c3c	I01.png	5db2525252732b34	24
/mnt/v/input/zensim/sources/be4a0d05ad6c6e16_512sq.png	9bb29293d9c6589b	I02.png	2a60a389c9767032	24
/mnt/v/input/zensim/sources/be4a0d05ad6c6e16_513x769.png	ad9a9292d9c49ad3	I13.png	ecc1d690c9fcc6c0	21
/mnt/v/input/zensim/sources/be4a0d05ad6c6e16_769x513.png	d311c555fb69a955	I07.png	4d65e5a5e171b165	23
/mnt/v/input/zensim/sources/be4a0d05ad6c6e16_818x1022.png	694bd3d56b797e3a	I17.png	646094f473796971	23
/mnt/v/input/zensim/sources/be834766593efb54_1022x818.png	5397715231231c38	I15.png	1517333479696c79	20
/mnt/v/input/zensim/sources/be834766593efb54_1024sq.png	59533572b3073863	I15.png	1517333479696c79	25
/mnt/v/input/zensim/sources/be834766593efb54_512sq.png	7bb2b2b2b1b3b0b3	I01.png	5db2525252732b34	25
/mnt/v/input/zensim/sources/be834766593efb54_513x769.png	b033b2b2b1a0b37c	I18.png	33158e27a7a62331	25
/mnt/v/input/zensim/sources/be834766593efb54_769x513.png	3074d15152745156	I23.png	ecf8d15458b85959	21
/mnt/v/input/zensim/sources/be834766593efb54_818x1022.png	d8d334d3715738e1	I01.png	5db2525252732b34	25
/mnt/v/input/zensim/sources/bedc4c20d2b2ee72_1022x818.png	99eccc01906d6c8c	I03.png	905258189b380c87	26
/mnt/v/input/zensim/sources/bedc4c20d2b2ee72_513x769.png	33cc4d93696d659a	I14.png	40c0383739adecec	27
/mnt/v/input/zensim/sources/bedc4c20d2b2ee72_769x513.png	ac4c4a45aaaaaae5	I03.png	905258189b380c87	28
/mnt/v/input/zensim/sources/bedc4c20d2b2ee72_818x1022.png	95954c4caaae4566	I03.png	905258189b380c87	26
/mnt/v/input/zensim/sources/bf124d53069f3908_1022x818.png	800082925251b4b0	I16.png	8187023342038190	18
/mnt/v/input/zensim/sources/bf124d53069f3908_1024sq.png	8080029253d1b4a1	I16.png	8187023342038190	20
/mnt/v/input/zensim/sources/bf124d53069f3908_512sq.png	d8d0336399796c47	I03.png	905258189b380c87	22
/mnt/v/input/zensim/sources/bf124d53069f3908_513x769.png	49d89023396957c9	I14.png	40c0383739adecec	21
/mnt/v/input/zensim/sources/bf124d53069f3908_769x513.png	880131b2d2b2a8ac	I16.png	8187023342038190	24
/mnt/v/input/zensim/sources/bf124d53069f3908_818x1022.png	a0200191b2a02ea0	I03.png	905258189b380c87	25
/mnt/v/input/zensim/sources/bf151bc638c4d864_1022x818.png	034383834343a367	I12.png	c3c3c3c3e3c3d6ec	17
/mnt/v/input/zensim/sources/bf151bc638c4d864_1024sq.png	830383834343e736	I12.png	c3c3c3c3e3c3d6ec	16
/mnt/v/input/zensim/sources/bf151bc638c4d864_512sq.png	a060002000008080	I16.png	8187023342038190	18
/mnt/v/input/zensim/sources/bf151bc638c4d864_513x769.png	60202020008081e3	I04.png	63322169e8adc1c1	19
/mnt/v/input/zensim/sources/bf151bc638c4d864_769x513.png	6121010181c14143	I04.png	63322169e8adc1c1	19
/mnt/v/input/zensim/sources/bf151bc638c4d864_818x1022.png	01212101c141e362	I07.png	4d65e5a5e171b165	20
/mnt/v/input/zensim/sources/bf325ea43cdd7d27_1022x818.png	9bbc2c2c2cac9c72	I10.png	9c9f585e4c18bc24	25
/mnt/v/input/zensim/sources/bf325ea43cdd7d27_1024sq.png	73ba2c2c2c8c7ae2	I04.png	63322169e8adc1c1	23
/mnt/v/input/zensim/sources/bf325ea43cdd7d27_513x769.png	99cfcfdee6e61efc	I12.png	c3c3c3c3e3c3d6ec	21
/mnt/v/input/zensim/sources/bf325ea43cdd7d27_818x1022.png	597b6c6c640cf9e1	I04.png	63322169e8adc1c1	23
/mnt/v/input/zensim/sources/bf74e67d603afb30_1022x818.png	cece86c6c6063030	I09.png	c8b4acccd2563c26	21
/mnt/v/input/zensim/sources/bf74e67d603afb30_1024sq.png	cececec6c6143028	I09.png	c8b4acccd2563c26	21
/mnt/v/input/zensim/sources/bf74e67d603afb30_512sq.png	1b1b1b1b1b0341f2	I22.png	949515181b9372f0	21
/mnt/v/input/zensim/sources/bf74e67d603afb30_513x769.png	1b1b1b1b1b01f0b1	I22.png	949515181b9372f0	21
/mnt/v/input/zensim/sources/bf74e67d603afb30_769x513.png	4e46424246860276	I01.png	5db2525252732b34	23
/mnt/v/input/zensim/sources/bf74e67d603afb30_818x1022.png	cfce4e4606223068	I10.png	9c9f585e4c18bc24	25
/mnt/v/input/zensim/sources/bfafe461e9e03776_1022x818.png	a3b384e69c9a6395	I18.png	33158e27a7a62331	24
/mnt/v/input/zensim/sources/bfafe461e9e03776_1024sq.png	44a3b2c69a9a15d5	I23.png	ecf8d15458b85959	26
/mnt/v/input/zensim/sources/bfafe461e9e03776_512sq.png	a0262320d61c1cc4	I03.png	905258189b380c87	25
/mnt/v/input/zensim/sources/bfafe461e9e03776_769x513.png	71b526c3351d9b43	I20.png	9adea783e1110b0b	24
/mnt/v/input/zensim/sources/bfafe461e9e03776_818x1022.png	ce6171a61e1b1294	I11.png	1f8b64765e595aac	23
/mnt/v/input/zensim/sources/c012224352519666_1022x818.png	a3a7c7efeff4afcd	I12.png	c3c3c3c3e3c3d6ec	23
/mnt/v/input/zensim/sources/c012224352519666_513x769.png	c0c16387def7db8e	I12.png	c3c3c3c3e3c3d6ec	21
/mnt/v/input/zensim/sources/c012224352519666_769x513.png	a3a7c7ceaefef657	I12.png	c3c3c3c3e3c3d6ec	25
/mnt/v/input/zensim/sources/c0146216bbe503cc_1022x818.png	6333734151734a5b	I01.png	5db2525252732b34	23
/mnt/v/input/zensim/sources/c0146216bbe503cc_1024sq.png	43737341536a5b5a	I01.png	5db2525252732b34	24
/mnt/v/input/zensim/sources/c0146216bbe503cc_512sq.png	68da92101130640c	I03.png	905258189b380c87	23
/mnt/v/input/zensim/sources/c0146216bbe503cc_513x769.png	e4689a1230241c18	I23.png	ecf8d15458b85959	22
/mnt/v/input/zensim/sources/c0146216bbe503cc_769x513.png	7172d3919291e9c9	I04.png	63322169e8adc1c1	25
/mnt/v/input/zensim/sources/c0146216bbe503cc_818x1022.png	d961f3d291c9d99b	I24.png	cdcdebcb4accc999	21
/mnt/v/input/zensim/sources/c03036ae5fc7f79f_1022x818.png	f6ac8d666ca51666	I09.png	c8b4acccd2563c26	29
/mnt/v/input/zensim/sources/c03036ae5fc7f79f_1024sq.png	53a4ad4664a7366f	I09.png	c8b4acccd2563c26	25
/mnt/v/input/zensim/sources/c03036ae5fc7f79f_512sq.png	c60d63868e83c559	I06.png	9313a3de8ec9c8e8	23
/mnt/v/input/zensim/sources/c03036ae5fc7f79f_513x769.png	63c62b6387c359eb	I12.png	c3c3c3c3e3c3d6ec	21
/mnt/v/input/zensim/sources/c03036ae5fc7f79f_769x513.png	654a26c7cc664613	I02.png	2a60a389c9767032	24
/mnt/v/input/zensim/sources/c03036ae5fc7f79f_818x1022.png	d2a72e87c426a26b	I18.png	33158e27a7a62331	23
/mnt/v/input/zensim/sources/c1469369117c046f_1022x818.png	f0f870342c2486c7	I03.png	905258189b380c87	24
/mnt/v/input/zensim/sources/c1469369117c046f_1024sq.png	79f878342ca4c6df	I14.png	40c0383739adecec	22
/mnt/v/input/zensim/sources/c1469369117c046f_512sq.png	feea646d4fd3c587	I11.png	1f8b64765e595aac	26
/mnt/v/input/zensim/sources/c1469369117c046f_513x769.png	78fea46d4fc3a713	I21.png	3ad9a265616b94d3	22
/mnt/v/input/zensim/sources/c1469369117c046f_769x513.png	fcf4b06e6e66666f	I09.png	c8b4acccd2563c26	24
/mnt/v/input/zensim/sources/c1469369117c046f_818x1022.png	b4fcfc6c6e66879b	I19.png	177df9e766474148	24
/mnt/v/input/zensim/sources/c1c2e1fcab9f8d68_1022x818.png	27069e9f373c5cde	I03.png	905258189b380c87	28
/mnt/v/input/zensim/sources/c1c2e1fcab9f8d68_1024sq.png	2726969f371c5c36	I17.png	646094f473796971	26
/mnt/v/input/zensim/sources/c1c2e1fcab9f8d68_512sq.png	372b3d4d73334edf	I15.png	1517333479696c79	26
/mnt/v/input/zensim/sources/c1c2e1fcab9f8d68_513x769.png	c1133f5d737e1f59	I15.png	1517333479696c79	23
/mnt/v/input/zensim/sources/c1c2e1fcab9f8d68_769x513.png	131f1f2bb63e6dae	I18.png	33158e27a7a62331	23
/mnt/v/input/zensim/sources/c1c2e1fcab9f8d68_818x1022.png	67671fab373c9e73	I18.png	33158e27a7a62331	27
/mnt/v/input/zensim/sources/c20c6d8b7bdd7059_1022x818.png	a6b6b4c3c20351b4	I16.png	8187023342038190	22
/mnt/v/input/zensim/sources/c20c6d8b7bdd7059_1024sq.png	d6a6b4c78243f430	I09.png	c8b4acccd2563c26	22
/mnt/v/input/zensim/sources/c20c6d8b7bdd7059_512sq.png	733b46646d29d951	I04.png	63322169e8adc1c1	20
/mnt/v/input/zensim/sources/c20c6d8b7bdd7059_513x769.png	e5f373646cd951b1	I23.png	ecf8d15458b85959	21
/mnt/v/input/zensim/sources/c20c6d8b7bdd7059_769x513.png	f27625a5a19a88a1	I04.png	63322169e8adc1c1	23
/mnt/v/input/zensim/sources/c20c6d8b7bdd7059_818x1022.png	566276a58981f272	I02.png	2a60a389c9767032	25
/mnt/v/input/zensim/sources/c2af5a747428b1da_1022x818.png	66f0d2c9a425a7c3	I04.png	63322169e8adc1c1	23
/mnt/v/input/zensim/sources/c2af5a747428b1da_512sq.png	6551944b45c6c2c3	I13.png	ecc1d690c9fcc6c0	23
/mnt/v/input/zensim/sources/c2af5a747428b1da_513x769.png	5270d4d844c6c181	I04.png	63322169e8adc1c1	25
/mnt/v/input/zensim/sources/c2af5a747428b1da_769x513.png	a4b319ca27252526	I10.png	9c9f585e4c18bc24	26
/mnt/v/input/zensim/sources/c2af5a747428b1da_818x1022.png	9b47b18824256214	I02.png	2a60a389c9767032	26
/mnt/v/input/zensim/sources/c2fe0f579aef7f50_1022x818.png	4a49c84acb1ac98b	I24.png	cdcdebcb4accc999	20
/mnt/v/input/zensim/sources/c2fe0f579aef7f50_1024sq.png	ca48c94a4b58c90b	I24.png	cdcdebcb4accc999	17
/mnt/v/input/zensim/sources/c2fe0f579aef7f50_512sq.png	5edfdedc5c5c5e1e	I08.png	9ade5edcd5949f8e	16
/mnt/v/input/zensim/sources/c2fe0f579aef7f50_513x769.png	5ede9fdc5c5e1ede	I08.png	9ade5edcd5949f8e	17
/mnt/v/input/zensim/sources/c2fe0f579aef7f50_769x513.png	dc5b5ddb59185d59	I23.png	ecf8d15458b85959	18
/mnt/v/input/zensim/sources/c2fe0f579aef7f50_818x1022.png	995c585a58595959	I23.png	ecf8d15458b85959	18
/mnt/v/input/zensim/sources/c37e9ae52fbab790_1022x818.png	4e2e6c72631e85e6	I09.png	c8b4acccd2563c26	28
/mnt/v/input/zensim/sources/c37e9ae52fbab790_1024sq.png	5e4e6e72729fa496	I01.png	5db2525252732b34	27
/mnt/v/input/zensim/sources/c37e9ae52fbab790_512sq.png	ed9d919981f51b0b	I20.png	9adea783e1110b0b	23
/mnt/v/input/zensim/sources/c37e9ae52fbab790_513x769.png	9dcd9991f17f6b6b	I20.png	9adea783e1110b0b	23
/mnt/v/input/zensim/sources/c37e9ae52fbab790_769x513.png	6bce525362771f05	I01.png	5db2525252732b34	19
/mnt/v/input/zensim/sources/c37e9ae52fbab790_818x1022.png	9a4a6e52731f2615	I01.png	5db2525252732b34	25
/mnt/v/input/zensim/sources/c3989205bd0e10b8_1022x818.png	9633330e1b333495	I22.png	949515181b9372f0	20
/mnt/v/input/zensim/sources/c3989205bd0e10b8_1024sq.png	ee92330f3b379468	I14.png	40c0383739adecec	25
/mnt/v/input/zensim/sources/c3989205bd0e10b8_512sq.png	6960a32d2c69616e	I02.png	2a60a389c9767032	22
/mnt/v/input/zensim/sources/c3989205bd0e10b8_513x769.png	b478612d2d696e69	I15.png	1517333479696c79	20
/mnt/v/input/zensim/sources/c3989205bd0e10b8_769x513.png	3063670c193b7334	I02.png	2a60a389c9767032	22
/mnt/v/input/zensim/sources/c3989205bd0e10b8_818x1022.png	ce337347793334c8	I15.png	1517333479696c79	25
/mnt/v/input/zensim/sources/c44152f6fdeded3c_1022x818.png	c31c60821f3f3e27	I03.png	905258189b380c87	25
/mnt/v/input/zensim/sources/c44152f6fdeded3c_1024sq.png	888330811f3e371c	I05.png	04cb2e9095568c8d	26
/mnt/v/input/zensim/sources/c44152f6fdeded3c_512sq.png	ce7080032e699f7e	I12.png	c3c3c3c3e3c3d6ec	28
/mnt/v/input/zensim/sources/c44152f6fdeded3c_513x769.png	033ec0031cdffec0	I04.png	63322169e8adc1c1	28
/mnt/v/input/zensim/sources/c44152f6fdeded3c_769x513.png	ec3041071d5b5f7d	I23.png	ecf8d15458b85959	21
/mnt/v/input/zensim/sources/c44152f6fdeded3c_818x1022.png	ac0330001f7f339c	I22.png	949515181b9372f0	24
/mnt/v/input/zensim/sources/c47bedcd8e83a254_1022x818.png	4b4b4b5b4b5beece	I12.png	c3c3c3c3e3c3d6ec	20
/mnt/v/input/zensim/sources/c47bedcd8e83a254_1024sq.png	594b4b5b4b4bee6c	I12.png	c3c3c3c3e3c3d6ec	20
/mnt/v/input/zensim/sources/c47bedcd8e83a254_513x769.png	2c2c2c4c4848494b	I23.png	ecf8d15458b85959	23
/mnt/v/input/zensim/sources/c47bedcd8e83a254_769x513.png	c949c939c909992b	I24.png	cdcdebcb4accc999	23
/mnt/v/input/zensim/sources/c47bedcd8e83a254_818x1022.png	59c9c949490bee4e	I12.png	c3c3c3c3e3c3d6ec	24
/mnt/v/input/zensim/sources/c56d6e96445e22ab_1022x818.png	1e36fadc739b0fe5	I01.png	5db2525252732b34	24
/mnt/v/input/zensim/sources/c56d6e96445e22ab_1024sq.png	0f1ef0fe7b1b27ed	I11.png	1f8b64765e595aac	23
/mnt/v/input/zensim/sources/c56d6e96445e22ab_512sq.png	d482fc07e1fc3e46	I13.png	ecc1d690c9fcc6c0	24
/mnt/v/input/zensim/sources/c56d6e96445e22ab_513x769.png	3be4f837e07e46f7	I21.png	3ad9a265616b94d3	24
/mnt/v/input/zensim/sources/c56d6e96445e22ab_818x1022.png	0f1ef1fef93d25cc	I15.png	1517333479696c79	24
/mnt/v/input/zensim/sources/c6722326d0a0de31_1022x818.png	302890584832c5cd	I23.png	ecf8d15458b85959	23
/mnt/v/input/zensim/sources/c6722326d0a0de31_1024sq.png	896418d80854cddb	I24.png	cdcdebcb4accc999	23
/mnt/v/input/zensim/sources/c6722326d0a0de31_512sq.png	2c752d9a3c01ff21	I10.png	9c9f585e4c18bc24	27
/mnt/v/input/zensim/sources/c6722326d0a0de31_769x513.png	b83a0aded8417f82	I08.png	9ade5edcd5949f8e	23
/mnt/v/input/zensim/sources/c6722326d0a0de31_818x1022.png	0c4aba5a58a29499	I05.png	04cb2e9095568c8d	24
/mnt/v/input/zensim/sources/c7a818898b742155_1022x818.png	5ad35c535b745959	I23.png	ecf8d15458b85959	22
/mnt/v/input/zensim/sources/c7a818898b742155_1024sq.png	5edadb1b3b545953	I23.png	ecf8d15458b85959	24
/mnt/v/input/zensim/sources/c7a818898b742155_512sq.png	b0b4b5b0b4b5e0b2	I22.png	949515181b9372f0	23
/mnt/v/input/zensim/sources/c7a818898b742155_513x769.png	b0b0b5b4b4e1b6b6	I09.png	c8b4acccd2563c26	27
/mnt/v/input/zensim/sources/c7a818898b742155_769x513.png	915992115954f192	I02.png	2a60a389c9767032	24
/mnt/v/input/zensim/sources/c7a818898b742155_818x1022.png	56d999515956d5d1	I21.png	3ad9a265616b94d3	23
/mnt/v/input/zensim/sources/c7e14911fca105b8_1022x818.png	9a4a1bdbd363a3a3	I20.png	9adea783e1110b0b	24
/mnt/v/input/zensim/sources/c7e14911fca105b8_1024sq.png	92ca4b9b73a3a3b1	I16.png	8187023342038190	22
/mnt/v/input/zensim/sources/c7e14911fca105b8_512sq.png	9b5bdc3830901065	I03.png	905258189b380c87	23
/mnt/v/input/zensim/sources/c7e14911fca105b8_513x769.png	0d9b5938b0906564	I10.png	9c9f585e4c18bc24	23
/mnt/v/input/zensim/sources/c7e14911fca105b8_769x513.png	ce19799991f1d161	I07.png	4d65e5a5e171b165	23
/mnt/v/input/zensim/sources/c7e14911fca105b8_818x1022.png	3b894b99d1616171	I02.png	2a60a389c9767032	23
/mnt/v/input/zensim/sources/c7ff181f513ae312_1022x818.png	1c7beffeb69c3833	I09.png	c8b4acccd2563c26	27
/mnt/v/input/zensim/sources/c7ff181f513ae312_1024sq.png	4e1c7beeb6983363	I08.png	9ade5edcd5949f8e	29
/mnt/v/input/zensim/sources/c7ff181f513ae312_512sq.png	b4c6dff373fb7b99	I17.png	646094f473796971	22
/mnt/v/input/zensim/sources/c7ff181f513ae312_769x513.png	f9e7ce7637363d5a	I18.png	33158e27a7a62331	26
/mnt/v/input/zensim/sources/c7ff181f513ae312_818x1022.png	8e5cf9ee361c7169	I19.png	177df9e766474148	19
/mnt/v/input/zensim/sources/c80999cd5533e448167cd9b3ccfa2a37_1022x818.png	20681215edd2204c	I02.png	2a60a389c9767032	24
/mnt/v/input/zensim/sources/c80999cd5533e448167cd9b3ccfa2a37_512sq.png	cd3272578fa6308a	I01.png	5db2525252732b34	27
/mnt/v/input/zensim/sources/c80999cd5533e448167cd9b3ccfa2a37_513x769.png	a49c3217a7248ac7	I05.png	04cb2e9095568c8d	26
/mnt/v/input/zensim/sources/c80999cd5533e448167cd9b3ccfa2a37_769x513.png	c81031d64effb348	I06.png	9313a3de8ec9c8e8	25
/mnt/v/input/zensim/sources/c8398965c0acb780_1022x818.png	19e6a7199bb399a9	I20.png	9adea783e1110b0b	24
/mnt/v/input/zensim/sources/c8398965c0acb780_1024sq.png	a906a7399b93d923	I02.png	2a60a389c9767032	25
/mnt/v/input/zensim/sources/c8398965c0acb780_512sq.png	5343d11a3d765d7d	I15.png	1517333479696c79	25
/mnt/v/input/zensim/sources/c8398965c0acb780_513x769.png	8653c3983e557d92	I03.png	905258189b380c87	26
/mnt/v/input/zensim/sources/c8398965c0acb780_769x513.png	a32621589b35bbba	I02.png	2a60a389c9767032	25
/mnt/v/input/zensim/sources/c8398965c0acb780_818x1022.png	6d47a739193a9c51	I15.png	1517333479696c79	24
/mnt/v/input/zensim/sources/c8a2965aad9736eb_1022x818.png	786358f6faeeb5d9	I17.png	646094f473796971	26
/mnt/v/input/zensim/sources/c8a2965aad9736eb_512sq.png	873ef033ee9c46e3	I04.png	63322169e8adc1c1	25
/mnt/v/input/zensim/sources/c8a2965aad9736eb_769x513.png	c71c70936fdbc564	I19.png	177df9e766474148	24
/mnt/v/input/zensim/sources/c8a2965aad9736eb_818x1022.png	7840c533fbc55dac	I14.png	40c0383739adecec	23
/mnt/v/input/zensim/sources/c90bf039aa022ee6_1022x818.png	c262f090f8f0fab9	I23.png	ecf8d15458b85959	24
/mnt/v/input/zensim/sources/c90bf039aa022ee6_1024sq.png	94c2e090f8f2f9fc	I23.png	ecf8d15458b85959	25
/mnt/v/input/zensim/sources/c90bf039aa022ee6_512sq.png	c0ca12529ae5f0f0	I14.png	40c0383739adecec	22
/mnt/v/input/zensim/sources/c90bf039aa022ee6_513x769.png	80c09a52dae5f8dc	I14.png	40c0383739adecec	20
/mnt/v/input/zensim/sources/c90bf039aa022ee6_818x1022.png	16c3e058f0f1f9fc	I11.png	1f8b64765e595aac	24
/mnt/v/input/zensim/sources/ca0549070472dbc4_1022x818.png	67a5a5c7d527e5e5	I07.png	4d65e5a5e171b165	20
/mnt/v/input/zensim/sources/ca0549070472dbc4_1024sq.png	6667a5c7d5a7e5a4	I07.png	4d65e5a5e171b165	23
/mnt/v/input/zensim/sources/ca0549070472dbc4_512sq.png	1216925236565212	I01.png	5db2525252732b34	24
/mnt/v/input/zensim/sources/ca0549070472dbc4_513x769.png	9212d612365292d6	I01.png	5db2525252732b34	25
/mnt/v/input/zensim/sources/ca0549070472dbc4_769x513.png	a4a645a5943525c5	I07.png	4d65e5a5e171b165	23
/mnt/v/input/zensim/sources/ca0549070472dbc4_818x1022.png	e7c725859525c525	I07.png	4d65e5a5e171b165	22
/mnt/v/input/zensim/sources/ca908ae129926eff_1024sq.png	444c59996de3a54d	I07.png	4d65e5a5e171b165	24
/mnt/v/input/zensim/sources/ca908ae129926eff_512sq.png	161a2802958e12e2	I05.png	04cb2e9095568c8d	26
/mnt/v/input/zensim/sources/ca908ae129926eff_513x769.png	4e1e1a68870ae6e5	I10.png	9c9f585e4c18bc24	26
/mnt/v/input/zensim/sources/ca908ae129926eff_769x513.png	c49838804eccd525	I10.png	9c9f585e4c18bc24	24
/mnt/v/input/zensim/sources/ca908ae129926eff_818x1022.png	94ccd838cce5a6c5	I13.png	ecc1d690c9fcc6c0	22
/mnt/v/input/zensim/sources/cb0260b6b79ecca6_1022x818.png	f4c4464e10d307e0	I22.png	949515181b9372f0	23
/mnt/v/input/zensim/sources/cb0260b6b79ecca6_512sq.png	411307092b281823	I03.png	905258189b380c87	23
/mnt/v/input/zensim/sources/cb0260b6b79ecca6_513x769.png	a541170f29180140	I13.png	ecc1d690c9fcc6c0	26
/mnt/v/input/zensim/sources/cb0260b6b79ecca6_818x1022.png	31e4c34f98930380	I16.png	8187023342038190	25
/mnt/v/input/zensim/sources/cb9c8fc5e1b6fd33_1022x818.png	480e6ecc28282c25	I10.png	9c9f585e4c18bc24	22
/mnt/v/input/zensim/sources/cb9c8fc5e1b6fd33_1024sq.png	cc086ecc082825c5	I03.png	905258189b380c87	26
/mnt/v/input/zensim/sources/cb9c8fc5e1b6fd33_513x769.png	880fcf8f6c2445c5	I24.png	cdcdebcb4accc999	24
/mnt/v/input/zensim/sources/cb9c8fc5e1b6fd33_818x1022.png	8e084fcc2c2c6494	I10.png	9c9f585e4c18bc24	26
/mnt/v/input/zensim/sources/cbcbe60e1ca9d546_1022x818.png	e3343437184e7ffe	I14.png	40c0383739adecec	24
/mnt/v/input/zensim/sources/cbcbe60e1ca9d546_1024sq.png	c1b43436185efffa	I14.png	40c0383739adecec	23
/mnt/v/input/zensim/sources/cbcbe60e1ca9d546_512sq.png	e363e7edbc6c4f1f	I04.png	63322169e8adc1c1	26
/mnt/v/input/zensim/sources/cbcbe60e1ca9d546_513x769.png	e1e3e3e53c4fffff	I12.png	c3c3c3c3e3c3d6ec	23
/mnt/v/input/zensim/sources/cbcbe60e1ca9d546_769x513.png	6667677b1839cf9e	I04.png	63322169e8adc1c1	27
/mnt/v/input/zensim/sources/cbcbe60e1ca9d546_818x1022.png	c8662677b88ffef9	I14.png	40c0383739adecec	20
/mnt/v/input/zensim/sources/cc1eb72bea489637_1022x818.png	b424ac8e2c881878	I06.png	9313a3de8ec9c8e8	25
/mnt/v/input/zensim/sources/cc1eb72bea489637_1024sq.png	c534a4ae2c981828	I06.png	9313a3de8ec9c8e8	25
/mnt/v/input/zensim/sources/cc1eb72bea489637_512sq.png	cbcfd792839a9a54	I12.png	c3c3c3c3e3c3d6ec	21
/mnt/v/input/zensim/sources/cc1eb72bea489637_513x769.png	676bcf97939a548c	I12.png	c3c3c3c3e3c3d6ec	22
/mnt/v/input/zensim/sources/cc1eb72bea489637_769x513.png	666e4f4e464c5cb8	I24.png	cdcdebcb4accc999	24
/mnt/v/input/zensim/sources/cc1eb72bea489637_818x1022.png	94256e0e4c18b848	I10.png	9c9f585e4c18bc24	17
/mnt/v/input/zensim/sources/cc2a71839308d12c_1024sq.png	9d620a8aaedaaab7	I03.png	905258189b380c87	25
/mnt/v/input/zensim/sources/cc2a71839308d12c_512sq.png	554c4d4dc74d6eb0	I24.png	cdcdebcb4accc999	26
/mnt/v/input/zensim/sources/cc2a71839308d12c_513x769.png	a9594d4dcd4db4e6	I10.png	9c9f585e4c18bc24	24
/mnt/v/input/zensim/sources/cc2a71839308d12c_769x513.png	8bab2bcb67abac51	I21.png	3ad9a265616b94d3	25
/mnt/v/input/zensim/sources/cc2a71839308d12c_818x1022.png	b45a0b8a2bd96525	I03.png	905258189b380c87	24
/mnt/v/input/zensim/sources/cc99bf185cfa39bb_1022x818.png	46a5127239ba9038	I14.png	40c0383739adecec	25
/mnt/v/input/zensim/sources/cc99bf185cfa39bb_1024sq.png	8646927239b238ba	I22.png	949515181b9372f0	25
/mnt/v/input/zensim/sources/cc99bf185cfa39bb_512sq.png	952969cd32f4ac2c	I09.png	c8b4acccd2563c26	25
/mnt/v/input/zensim/sources/cc99bf185cfa39bb_513x769.png	098369edf2ac2c54	I04.png	63322169e8adc1c1	26
/mnt/v/input/zensim/sources/cc99bf185cfa39bb_769x513.png	40b3bb6a34695a58	I15.png	1517333479696c79	24
/mnt/v/input/zensim/sources/cc99bf185cfa39bb_818x1022.png	8646b3ba785a5a7a	I15.png	1517333479696c79	23
/mnt/v/input/zensim/sources/cd62af4966c58268_1022x818.png	fd3493e1f2dab9e4	I07.png	4d65e5a5e171b165	24
/mnt/v/input/zensim/sources/cd62af4966c58268_1024sq.png	fb7592e1f2fae4e0	I12.png	c3c3c3c3e3c3d6ec	24
/mnt/v/input/zensim/sources/cd62af4966c58268_512sq.png	739866e1c431d88c	I11.png	1f8b64765e595aac	23
/mnt/v/input/zensim/sources/cd62af4966c58268_513x769.png	d76348e0f1d8ecc9	I12.png	c3c3c3c3e3c3d6ec	24
/mnt/v/input/zensim/sources/cd62af4966c58268_769x513.png	3319a4e262b3dbed	I11.png	1f8b64765e595aac	24
/mnt/v/input/zensim/sources/cd62af4966c58268_818x1022.png	fde433a0f2fbcec0	I13.png	ecc1d690c9fcc6c0	21
/mnt/v/input/zensim/sources/cded42f3789e3054_1022x818.png	ea99c8cb4972d4ca	I21.png	3ad9a265616b94d3	22
/mnt/v/input/zensim/sources/cded42f3789e3054_512sq.png	1a05555a4e9256f2	I22.png	949515181b9372f0	17
/mnt/v/input/zensim/sources/cded42f3789e3054_513x769.png	5c12155c12d6b294	I22.png	949515181b9372f0	19
/mnt/v/input/zensim/sources/cded42f3789e3054_769x513.png	128cc9998c55b5b6	I02.png	2a60a389c9767032	25
/mnt/v/input/zensim/sources/ce963d2fabb72e14_1022x818.png	4d4c484c4c4c4c4c	I10.png	9c9f585e4c18bc24	22
/mnt/v/input/zensim/sources/ce963d2fabb72e14_1024sq.png	4d4c484c4c4c4c4c	I10.png	9c9f585e4c18bc24	22
/mnt/v/input/zensim/sources/ce963d2fabb72e14_512sq.png	0444252504242424	I07.png	4d65e5a5e171b165	23
/mnt/v/input/zensim/sources/ce963d2fabb72e14_513x769.png	2404442504a42405	I18.png	33158e27a7a62331	22
/mnt/v/input/zensim/sources/ce963d2fabb72e14_769x513.png	8c88a6868ca585a5	I05.png	04cb2e9095568c8d	23
/mnt/v/input/zensim/sources/ce963d2fabb72e14_818x1022.png	8c8c8a868ea4ce84	I13.png	ecc1d690c9fcc6c0	23
/mnt/v/input/zensim/sources/cec6141e28eae086_1022x818.png	66f63cb434644444	I14.png	40c0383739adecec	24
/mnt/v/input/zensim/sources/cec6141e28eae086_1024sq.png	9cf634b534444642	I19.png	177df9e766474148	26
/mnt/v/input/zensim/sources/cec6141e28eae086_512sq.png	f26baa7256a24a02	I16.png	8187023342038190	28
/mnt/v/input/zensim/sources/cec6141e28eae086_513x769.png	4afa2b62d6aa129a	I21.png	3ad9a265616b94d3	27
/mnt/v/input/zensim/sources/cec6141e28eae086_769x513.png	335ef6b774648687	I08.png	9ade5edcd5949f8e	25
/mnt/v/input/zensim/sources/cec6141e28eae086_818x1022.png	14b376b634c6d7c1	I05.png	04cb2e9095568c8d	24
/mnt/v/input/zensim/sources/cf6a44e99bd15708_1022x818.png	762d495775cc6567	I19.png	177df9e766474148	25
/mnt/v/input/zensim/sources/cf6a44e99bd15708_1024sq.png	26476953d5cd653a	I15.png	1517333479696c79	27
/mnt/v/input/zensim/sources/cf6a44e99bd15708_512sq.png	ae567469b04a99cd	I04.png	63322169e8adc1c1	26
/mnt/v/input/zensim/sources/cf6a44e99bd15708_769x513.png	ccccf4b2b26ada4a	I13.png	ecc1d690c9fcc6c0	24
/mnt/v/input/zensim/sources/cf6a44e99bd15708_818x1022.png	a7c6ccf29ace525b	I24.png	cdcdebcb4accc999	27
/mnt/v/input/zensim/sources/cf9f2df83ac6ab20_1022x818.png	f2f2d2c370303231	I01.png	5db2525252732b34	21
/mnt/v/input/zensim/sources/cf9f2df83ac6ab20_1024sq.png	f2f2f2c370303129	I20.png	9adea783e1110b0b	22
/mnt/v/input/zensim/sources/cf9f2df83ac6ab20_512sq.png	c93181616103a1d1	I16.png	8187023342038190	19
/mnt/v/input/zensim/sources/cf9f2df83ac6ab20_513x769.png	d9c910412181c130	I16.png	8187023342038190	22
/mnt/v/input/zensim/sources/cf9f2df83ac6ab20_769x513.png	e0d082e252525252	I09.png	c8b4acccd2563c26	24
/mnt/v/input/zensim/sources/cf9f2df83ac6ab20_818x1022.png	f3f2f2d252725068	I01.png	5db2525252732b34	20
/mnt/v/input/zensim/sources/cfe5ac71022fadee_1022x818.png	4b971639262f1d1c	I16.png	8187023342038190	22
/mnt/v/input/zensim/sources/cfe5ac71022fadee_512sq.png	1c79833ce383cd5d	I15.png	1517333479696c79	25
/mnt/v/input/zensim/sources/cfe5ac71022fadee_513x769.png	2412417ce3cd5d79	I15.png	1517333479696c79	21
/mnt/v/input/zensim/sources/cfe5ac71022fadee_769x513.png	183a031866474b4a	I01.png	5db2525252732b34	25
/mnt/v/input/zensim/sources/cfe5ac71022fadee_818x1022.png	4a950338674b3a27	I01.png	5db2525252732b34	27
/mnt/v/input/zensim/sources/codec_wiki_1022x818.png	0000619669691796	I03.png	905258189b380c87	27
/mnt/v/input/zensim/sources/codec_wiki_1024sq.png	0400699669691612	I15.png	1517333479696c79	24
/mnt/v/input/zensim/sources/codec_wiki_512sq.png	00008003c496c435	I02.png	2a60a389c9767032	24
/mnt/v/input/zensim/sources/codec_wiki_513x769.png	00008241969661a6	I02.png	2a60a389c9767032	24
/mnt/v/input/zensim/sources/codec_wiki_769x513.png	0000600669696992	I14.png	40c0383739adecec	23
/mnt/v/input/zensim/sources/codec_wiki_818x1022.png	0600409669693733	I17.png	646094f473796971	23
/mnt/v/input/zensim/sources/d00045b6b4414d43_1022x818.png	92430660057de407	I05.png	04cb2e9095568c8d	24
/mnt/v/input/zensim/sources/d00045b6b4414d43_1024sq.png	8a0206e015ed0666	I13.png	ecc1d690c9fcc6c0	27
/mnt/v/input/zensim/sources/d00045b6b4414d43_512sq.png	4e256420033de7ce	I07.png	4d65e5a5e171b165	24
/mnt/v/input/zensim/sources/d00045b6b4414d43_513x769.png	514a654005ffcf09	I05.png	04cb2e9095568c8d	24
/mnt/v/input/zensim/sources/d00045b6b4414d43_769x513.png	0d0729e0073cafed	I05.png	04cb2e9095568c8d	24
/mnt/v/input/zensim/sources/d00045b6b4414d43_818x1022.png	8921074012ec4e62	I13.png	ecc1d690c9fcc6c0	26
/mnt/v/input/zensim/sources/d01e6b7798bbe066_1022x818.png	516b2559a21d5b55	I04.png	63322169e8adc1c1	23
/mnt/v/input/zensim/sources/d01e6b7798bbe066_1024sq.png	5559235f625f57cd	I19.png	177df9e766474148	22
/mnt/v/input/zensim/sources/d01e6b7798bbe066_512sq.png	08c9b7ba4999a6a4	I13.png	ecc1d690c9fcc6c0	21
/mnt/v/input/zensim/sources/d01e6b7798bbe066_513x769.png	a449c5b659a5a5b5	I07.png	4d65e5a5e171b165	25
/mnt/v/input/zensim/sources/d01e6b7798bbe066_818x1022.png	96d96bdd53b5d6dc	I08.png	9ade5edcd5949f8e	21
/mnt/v/input/zensim/sources/d09a25f5b3a92e72_1022x818.png	cd8ddd8c8cd49c19	I24.png	cdcdebcb4accc999	20
/mnt/v/input/zensim/sources/d09a25f5b3a92e72_1024sq.png	cdcdddccc4d49a4f	I08.png	9ade5edcd5949f8e	20
/mnt/v/input/zensim/sources/d09a25f5b3a92e72_512sq.png	db7295a927273b56	I18.png	33158e27a7a62331	27
/mnt/v/input/zensim/sources/d09a25f5b3a92e72_513x769.png	46db17ad2723543c	I12.png	c3c3c3c3e3c3d6ec	25
/mnt/v/input/zensim/sources/d09a25f5b3a92e72_769x513.png	acb49e6a26869626	I09.png	c8b4acccd2563c26	22
/mnt/v/input/zensim/sources/d09a25f5b3a92e72_818x1022.png	8cac9c9ea6969ace	I08.png	9ade5edcd5949f8e	21
/mnt/v/input/zensim/sources/d179fb10701c3b34_1022x818.png	b8120e06662c303a	I18.png	33158e27a7a62331	22
/mnt/v/input/zensim/sources/d179fb10701c3b34_1024sq.png	38ba0226262c3870	I18.png	33158e27a7a62331	24
/mnt/v/input/zensim/sources/d179fb10701c3b34_512sq.png	098d4fb793c32765	I18.png	33158e27a7a62331	23
/mnt/v/input/zensim/sources/d179fb10701c3b34_513x769.png	b4114da7d3cf6569	I18.png	33158e27a7a62331	24
/mnt/v/input/zensim/sources/d179fb10701c3b34_769x513.png	0b4b0f4756668c62	I05.png	04cb2e9095568c8d	26
/mnt/v/input/zensim/sources/d179fb10701c3b34_818x1022.png	b83b0b47666e69b8	I18.png	33158e27a7a62331	25
/mnt/v/input/zensim/sources/d1a11e0018602a78_1022x818.png	94c66d3cb6545426	I09.png	c8b4acccd2563c26	22
/mnt/v/input/zensim/sources/d1a11e0018602a78_1024sq.png	34d6672cb65c3631	I15.png	1517333479696c79	26
/mnt/v/input/zensim/sources/d1a11e0018602a78_512sq.png	e3e64a5b6b6b363b	I12.png	c3c3c3c3e3c3d6ec	24
/mnt/v/input/zensim/sources/d1a11e0018602a78_513x769.png	5ba3ce4b6b323b63	I01.png	5db2525252732b34	23
/mnt/v/input/zensim/sources/d1a11e0018602a78_769x513.png	e3ed285232239492	I16.png	8187023342038190	21
/mnt/v/input/zensim/sources/d1a11e0018602a78_818x1022.png	3492e56e32962675	I18.png	33158e27a7a62331	25
/mnt/v/input/zensim/sources/d1a9be98d1936065967adac50a6fb750_512sq.png	906613191c1b521c	I22.png	949515181b9372f0	21
/mnt/v/input/zensim/sources/d1a9be98d1936065967adac50a6fb750_513x769.png	a1856211181b5c58	I16.png	8187023342038190	21
/mnt/v/input/zensim/sources/d1a9be98d1936065967adac50a6fb750_769x513.png	c1a49692c992d089	I13.png	ecc1d690c9fcc6c0	21
/mnt/v/input/zensim/sources/d1a9be98d1936065967adac50a6fb750_818x1022.png	92c2c5909090c9d0	I13.png	ecc1d690c9fcc6c0	24
/mnt/v/input/zensim/sources/d1b5f4c190beda12_1022x818.png	de8649b4b6327267	I09.png	c8b4acccd2563c26	27
/mnt/v/input/zensim/sources/d1b5f4c190beda12_1024sq.png	36c682dd36726763	I17.png	646094f473796971	24
/mnt/v/input/zensim/sources/d1b5f4c190beda12_513x769.png	19411c39e9b179e4	I14.png	40c0383739adecec	22
/mnt/v/input/zensim/sources/d1b5f4c190beda12_818x1022.png	77db095c7253e363	I01.png	5db2525252732b34	25
/mnt/v/input/zensim/sources/d23d2dca3be7a513_1022x818.png	2861d1e0e5dbc28e	I12.png	c3c3c3c3e3c3d6ec	23
/mnt/v/input/zensim/sources/d23d2dca3be7a513_1024sq.png	882851f0e5d38609	I05.png	04cb2e9095568c8d	27
/mnt/v/input/zensim/sources/d23d2dca3be7a513_512sq.png	31394290a2a308b4	I01.png	5db2525252732b34	23
/mnt/v/input/zensim/sources/d23d2dca3be7a513_513x769.png	a4b439d2a329a50b	I03.png	905258189b380c87	27
/mnt/v/input/zensim/sources/d23d2dca3be7a513_769x513.png	509be4d0c6f689f8	I05.png	04cb2e9095568c8d	23
/mnt/v/input/zensim/sources/d23d2dca3be7a513_818x1022.png	884850e0c589070c	I08.png	9ade5edcd5949f8e	23
/mnt/v/input/zensim/sources/d248ff23cf7b6954_1022x818.png	672d1b1c30308d8d	I05.png	04cb2e9095568c8d	25
/mnt/v/input/zensim/sources/d248ff23cf7b6954_1024sq.png	6a270b1830088dcd	I04.png	63322169e8adc1c1	25
/mnt/v/input/zensim/sources/d248ff23cf7b6954_512sq.png	4e2909866979800e	I07.png	4d65e5a5e171b165	24
/mnt/v/input/zensim/sources/d248ff23cf7b6954_513x769.png	c34f09ca69610e1e	I12.png	c3c3c3c3e3c3d6ec	24
/mnt/v/input/zensim/sources/d248ff23cf7b6954_769x513.png	2d090b447030030c	I01.png	5db2525252732b34	26
/mnt/v/input/zensim/sources/d248ff23cf7b6954_818x1022.png	49662b3cf00c0c8c	I14.png	40c0383739adecec	24
/mnt/v/input/zensim/sources/d2b881f750d80313_1022x818.png	3626ae11998a48cd	I05.png	04cb2e9095568c8d	23
/mnt/v/input/zensim/sources/d2b881f750d80313_1024sq.png	3026a6b599c84883	I03.png	905258189b380c87	26
/mnt/v/input/zensim/sources/d2b881f750d80313_512sq.png	24cdeb792a458ece	I24.png	cdcdebcb4accc999	23
/mnt/v/input/zensim/sources/d2b881f750d80313_513x769.png	d365ef692c8eceae	I24.png	cdcdebcb4accc999	25
/mnt/v/input/zensim/sources/d2b881f750d80313_769x513.png	276e26ba182c8dac	I05.png	04cb2e9095568c8d	23
/mnt/v/input/zensim/sources/d2b881f750d80313_818x1022.png	60622fba99ad8c81	I04.png	63322169e8adc1c1	21
/mnt/v/input/zensim/sources/d319c192693a9cb9_1022x818.png	9e9cb1b52f6b4ad8	I15.png	1517333479696c79	23
/mnt/v/input/zensim/sources/d319c192693a9cb9_1024sq.png	969eb4b32f4bc8d9	I06.png	9313a3de8ec9c8e8	23
/mnt/v/input/zensim/sources/d319c192693a9cb9_513x769.png	9f9fd2b3d693b93a	I16.png	8187023342038190	22
/mnt/v/input/zensim/sources/d319c192693a9cb9_818x1022.png	373e36336fcb929c	I11.png	1f8b64765e595aac	24
/mnt/v/input/zensim/sources/d36c149add88d09e_513x769.png	9b1f1fe7f7f6f6f6	I08.png	9ade5edcd5949f8e	24
/mnt/v/input/zensim/sources/d37375a57988f714_1022x818.png	07252aa4bcd8a9ad	I05.png	04cb2e9095568c8d	23
/mnt/v/input/zensim/sources/d37375a57988f714_1024sq.png	032529a49cd8ad9c	I05.png	04cb2e9095568c8d	25
/mnt/v/input/zensim/sources/d37375a57988f714_512sq.png	ceccc57276563bfa	I11.png	1f8b64765e595aac	25
/mnt/v/input/zensim/sources/d37375a57988f714_513x769.png	43c6c4465613ce86	I11.png	1f8b64765e595aac	22
/mnt/v/input/zensim/sources/d37375a57988f714_769x513.png	6d6965643414947c	I07.png	4d65e5a5e171b165	22
/mnt/v/input/zensim/sources/d37375a57988f714_818x1022.png	81256d6434dc4c3c	I09.png	c8b4acccd2563c26	26
/mnt/v/input/zensim/sources/d3b4f66e6d842ae9_1022x818.png	1993931393919099	I16.png	8187023342038190	20
/mnt/v/input/zensim/sources/d3b4f66e6d842ae9_1024sq.png	399b933393915018	I16.png	8187023342038190	23
/mnt/v/input/zensim/sources/d3b4f66e6d842ae9_769x513.png	3131313131313030	I15.png	1517333479696c79	20
/mnt/v/input/zensim/sources/d3b4f66e6d842ae9_818x1022.png	2999317131309018	I21.png	3ad9a265616b94d3	23
/mnt/v/input/zensim/sources/d3c635e5e1a68fb6_1022x818.png	9887c18101038286	I16.png	8187023342038190	19
/mnt/v/input/zensim/sources/d3c635e5e1a68fb6_1024sq.png	449881810303821f	I20.png	9adea783e1110b0b	24
/mnt/v/input/zensim/sources/d3c635e5e1a68fb6_513x769.png	280304000004118b	I16.png	8187023342038190	23
/mnt/v/input/zensim/sources/d3c635e5e1a68fb6_818x1022.png	909a85000103131b	I20.png	9adea783e1110b0b	17
/mnt/v/input/zensim/sources/d3d1ee218a48b9e3_1022x818.png	18acacaca4e40404	I09.png	c8b4acccd2563c26	21
/mnt/v/input/zensim/sources/d3d1ee218a48b9e3_1024sq.png	fa1aacace4040484	I09.png	c8b4acccd2563c26	23
/mnt/v/input/zensim/sources/d3d1ee218a48b9e3_512sq.png	ed666667e3a32313	I18.png	33158e27a7a62331	22
/mnt/v/input/zensim/sources/d3d1ee218a48b9e3_513x769.png	2ced6667a3a31349	I07.png	4d65e5a5e171b165	23
/mnt/v/input/zensim/sources/d3d1ee218a48b9e3_769x513.png	2e2c262626a6a656	I18.png	33158e27a7a62331	22
/mnt/v/input/zensim/sources/d4303fbfe7e9cc69_1022x818.png	648c6e6799288697	I14.png	40c0383739adecec	26
/mnt/v/input/zensim/sources/d4303fbfe7e9cc69_1024sq.png	646c6c6799ac97ce	I14.png	40c0383739adecec	22
/mnt/v/input/zensim/sources/d4303fbfe7e9cc69_512sq.png	adc6c60a346e8b9b	I24.png	cdcdebcb4accc999	24
/mnt/v/input/zensim/sources/d4303fbfe7e9cc69_513x769.png	0a8ac69266ca4b29	I11.png	1f8b64765e595aac	23
/mnt/v/input/zensim/sources/d4303fbfe7e9cc69_769x513.png	8fa4c781b0ad5d8e	I20.png	9adea783e1110b0b	26
/mnt/v/input/zensim/sources/d4303fbfe7e9cc69_818x1022.png	e64eeee5b9ad96c5	I13.png	ecc1d690c9fcc6c0	25
/mnt/v/input/zensim/sources/d4821d39f012f05b_1022x818.png	cf89d4d2de5f7f7f	I11.png	1f8b64765e595aac	21
/mnt/v/input/zensim/sources/d4821d39f012f05b_1024sq.png	ddcfd5d6de7f7f7f	I11.png	1f8b64765e595aac	23
/mnt/v/input/zensim/sources/d4821d39f012f05b_512sq.png	2db191b9bdb56e73	I15.png	1517333479696c79	25
/mnt/v/input/zensim/sources/d4821d39f012f05b_769x513.png	19525292dbda3f77	I01.png	5db2525252732b34	19
/mnt/v/input/zensim/sources/d4821d39f012f05b_818x1022.png	9a8e52d29a7fffff	I01.png	5db2525252732b34	24
/mnt/v/input/zensim/sources/d4ca57dd68a5e2ae_512sq.png	59496969589d9db8	I24.png	cdcdebcb4accc999	20
/mnt/v/input/zensim/sources/d4ca57dd68a5e2ae_513x769.png	5b59696b199d99b9	I24.png	cdcdebcb4accc999	21
/mnt/v/input/zensim/sources/d4ca57dd68a5e2ae_769x513.png	1b7a2e3a195bdb59	I11.png	1f8b64765e595aac	25
/mnt/v/input/zensim/sources/d4ca57dd68a5e2ae_818x1022.png	5f5e3a3a5a5a583c	I11.png	1f8b64765e595aac	20
/mnt/v/input/zensim/sources/d502dbd424bd4865_1022x818.png	35966eac1651298e	I11.png	1f8b64765e595aac	24
/mnt/v/input/zensim/sources/d502dbd424bd4865_1024sq.png	b135662cd661a982	I16.png	8187023342038190	24
/mnt/v/input/zensim/sources/d502dbd424bd4865_512sq.png	3149c986c139b5c6	I07.png	4d65e5a5e171b165	22
/mnt/v/input/zensim/sources/d502dbd424bd4865_513x769.png	366149cb39b5c628	I14.png	40c0383739adecec	26
/mnt/v/input/zensim/sources/d502dbd424bd4865_769x513.png	32caca64a31a5565	I21.png	3ad9a265616b94d3	23
/mnt/v/input/zensim/sources/d502dbd424bd4865_818x1022.png	3a34ca6a12552d0b	I09.png	c8b4acccd2563c26	24
/mnt/v/input/zensim/sources/d522bafe14ac8f3e_1022x818.png	d3dbc7a6b28e5a43	I12.png	c3c3c3c3e3c3d6ec	24
/mnt/v/input/zensim/sources/d522bafe14ac8f3e_1024sq.png	d3dbd3a6a6ce5282	I12.png	c3c3c3c3e3c3d6ec	21
/mnt/v/input/zensim/sources/d522bafe14ac8f3e_512sq.png	34222501f2640619	I04.png	63322169e8adc1c1	26
/mnt/v/input/zensim/sources/d522bafe14ac8f3e_513x769.png	2432269164261bc8	I05.png	04cb2e9095568c8d	25
/mnt/v/input/zensim/sources/d522bafe14ac8f3e_769x513.png	9197a3c3372dc71b	I20.png	9adea783e1110b0b	22
/mnt/v/input/zensim/sources/d522bafe14ac8f3e_818x1022.png	939995a3238f9303	I18.png	33158e27a7a62331	22
/mnt/v/input/zensim/sources/d643ddfe1b37549e_1022x818.png	36d6c4d6565e5656	I11.png	1f8b64765e595aac	24
/mnt/v/input/zensim/sources/d643ddfe1b37549e_1024sq.png	5c36c6d6565c5634	I01.png	5db2525252732b34	20
/mnt/v/input/zensim/sources/d643ddfe1b37549e_512sq.png	13b31939291b194b	I03.png	905258189b380c87	25
/mnt/v/input/zensim/sources/d643ddfe1b37549e_513x769.png	699393993b1b5b1b	I20.png	9adea783e1110b0b	26
/mnt/v/input/zensim/sources/d643ddfe1b37549e_769x513.png	d65682923292da9a	I20.png	9adea783e1110b0b	25
/mnt/v/input/zensim/sources/d643ddfe1b37549e_818x1022.png	da32d69292de9656	I13.png	ecc1d690c9fcc6c0	24
/mnt/v/input/zensim/sources/d7859dc3cd53f050_1022x818.png	28ad5a12ca3952d4	I13.png	ecc1d690c9fcc6c0	23
/mnt/v/input/zensim/sources/d7859dc3cd53f050_1024sq.png	3620db52b1315238	I01.png	5db2525252732b34	25
/mnt/v/input/zensim/sources/d7859dc3cd53f050_513x769.png	a45bb634487c3455	I15.png	1517333479696c79	22
/mnt/v/input/zensim/sources/d7859dc3cd53f050_769x513.png	ced995a1da223cd9	I23.png	ecf8d15458b85959	23
/mnt/v/input/zensim/sources/d7859dc3cd53f050_818x1022.png	75649d112878db35	I17.png	646094f473796971	22
/mnt/v/input/zensim/sources/d79d465ac77c36518e0f0d626bf97ec4_1022x818.png	a2a7b3d39b898b93	I16.png	8187023342038190	23
/mnt/v/input/zensim/sources/d79d465ac77c36518e0f0d626bf97ec4_1024sq.png	4aa2b7d39b899347	I20.png	9adea783e1110b0b	25
/mnt/v/input/zensim/sources/d79d465ac77c36518e0f0d626bf97ec4_512sq.png	e3f2700d1c0c8e86	I03.png	905258189b380c87	22
/mnt/v/input/zensim/sources/d79d465ac77c36518e0f0d626bf97ec4_513x769.png	64e6f2381c8e862b	I05.png	04cb2e9095568c8d	27
/mnt/v/input/zensim/sources/d79d465ac77c36518e0f0d626bf97ec4_769x513.png	25713199990c0c0d	I03.png	905258189b380c87	21
/mnt/v/input/zensim/sources/d79d465ac77c36518e0f0d626bf97ec4_818x1022.png	cb257591990d9383	I07.png	4d65e5a5e171b165	25
/mnt/v/input/zensim/sources/d7d5bb9b8df86283_1022x818.png	a6b4b494ac9cd907	I23.png	ecf8d15458b85959	25
/mnt/v/input/zensim/sources/d7d5bb9b8df86283_1024sq.png	d1b6b494acd807de	I06.png	9313a3de8ec9c8e8	27
/mnt/v/input/zensim/sources/d7d5bb9b8df86283_512sq.png	69616957e5ff3e38	I02.png	2a60a389c9767032	26
/mnt/v/input/zensim/sources/d7d5bb9b8df86283_513x769.png	a5616175e73e3c03	I07.png	4d65e5a5e171b165	25
/mnt/v/input/zensim/sources/d7d5bb9b8df86283_769x513.png	323232266676bc98	I21.png	3ad9a265616b94d3	25
/mnt/v/input/zensim/sources/d7d5bb9b8df86283_818x1022.png	d83232362e9c039f	I03.png	905258189b380c87	26
/mnt/v/input/zensim/sources/d83bf61c1dad2a44_1022x818.png	43434347c6cd4c5c	I12.png	c3c3c3c3e3c3d6ec	18
/mnt/v/input/zensim/sources/d83bf61c1dad2a44_1024sq.png	63434347c7cd5c5a	I12.png	c3c3c3c3e3c3d6ec	19
/mnt/v/input/zensim/sources/d83bf61c1dad2a44_512sq.png	0000022393060e9e	I16.png	8187023342038190	21
/mnt/v/input/zensim/sources/d83bf61c1dad2a44_513x769.png	81000003130e9ebe	I16.png	8187023342038190	22
/mnt/v/input/zensim/sources/d83bf61c1dad2a44_769x513.png	8383838796858cdd	I06.png	9313a3de8ec9c8e8	19
/mnt/v/input/zensim/sources/d83bf61c1dad2a44_818x1022.png	c3c3838786ccdcb5	I12.png	c3c3c3c3e3c3d6ec	17
/mnt/v/input/zensim/sources/d861aae85d472311_1024sq.png	0c2c6c1e16453802	I09.png	c8b4acccd2563c26	21
/mnt/v/input/zensim/sources/d861aae85d472311_512sq.png	6b27db5b2b0bd102	I16.png	8187023342038190	25
/mnt/v/input/zensim/sources/d861aae85d472311_513x769.png	ab2b9bdb2b01f044	I12.png	c3c3c3c3e3c3d6ec	24
/mnt/v/input/zensim/sources/d861aae85d472311_769x513.png	f616165313866304	I01.png	5db2525252732b34	23
/mnt/v/input/zensim/sources/d861aae85d472311_818x1022.png	1e36d61717c23803	I01.png	5db2525252732b34	25
/mnt/v/input/zensim/sources/d86b378f478af83c_1022x818.png	0050808040000400	I16.png	8187023342038190	23
/mnt/v/input/zensim/sources/d86b378f478af83c_512sq.png	30080a10180000b2	I03.png	905258189b380c87	22
/mnt/v/input/zensim/sources/d86b378f478af83c_513x769.png	2230000008004a82	I03.png	905258189b380c87	24
/mnt/v/input/zensim/sources/d86b378f478af83c_818x1022.png	0010100008000010	I16.png	8187023342038190	21
/mnt/v/input/zensim/sources/d8b7477b3b5065e1_1022x818.png	defcfcfcb5fe4a5e	I08.png	9ade5edcd5949f8e	22
/mnt/v/input/zensim/sources/d8b7477b3b5065e1_1024sq.png	fcdefcfcb54a5bde	I08.png	9ade5edcd5949f8e	21
/mnt/v/input/zensim/sources/d8b7477b3b5065e1_512sq.png	7bffefdfe1e29dcd	I12.png	c3c3c3c3e3c3d6ec	23
/mnt/v/input/zensim/sources/d8b7477b3b5065e1_513x769.png	3b7bffffe2b98c1e	I06.png	9313a3de8ec9c8e8	27
/mnt/v/input/zensim/sources/d8b7477b3b5065e1_769x513.png	b6fe7fee6334decb	I08.png	9ade5edcd5949f8e	21
/mnt/v/input/zensim/sources/d8b7477b3b5065e1_818x1022.png	feb6fefe36ca199b	I08.png	9ade5edcd5949f8e	26
/mnt/v/input/zensim/sources/d9f6f041756d1ab9_1022x818.png	0f0f13598426e4c4	I05.png	04cb2e9095568c8d	26
/mnt/v/input/zensim/sources/d9f6f041756d1ab9_1024sq.png	260f17518ca6c464	I05.png	04cb2e9095568c8d	26
/mnt/v/input/zensim/sources/d9f6f041756d1ab9_512sq.png	1f22321e4b418783	I16.png	8187023342038190	24
/mnt/v/input/zensim/sources/d9f6f041756d1ab9_769x513.png	1f33909caa0747c6	I06.png	9313a3de8ec9c8e8	26
/mnt/v/input/zensim/sources/d9f6f041756d1ab9_818x1022.png	660f17908e46c2ec	I05.png	04cb2e9095568c8d	22
/mnt/v/input/zensim/sources/da76cd8775e67305_1022x818.png	0000208684b2c9c9	I05.png	04cb2e9095568c8d	23
/mnt/v/input/zensim/sources/da76cd8775e67305_512sq.png	0000000003c8d8d0	I16.png	8187023342038190	23
/mnt/v/input/zensim/sources/da76cd8775e67305_513x769.png	0000c0134bc89a1a	I16.png	8187023342038190	24
/mnt/v/input/zensim/sources/da76cd8775e67305_818x1022.png	0000208620298d85	I14.png	40c0383739adecec	21
/mnt/v/input/zensim/sources/daada31bdd0b2717_1022x818.png	174c4c0ccc4c50d4	I11.png	1f8b64765e595aac	25
/mnt/v/input/zensim/sources/daada31bdd0b2717_1024sq.png	8b534c4cce14d053	I03.png	905258189b380c87	26
/mnt/v/input/zensim/sources/daada31bdd0b2717_512sq.png	0c26ab924a1b3579	I15.png	1517333479696c79	25
/mnt/v/input/zensim/sources/daada31bdd0b2717_513x769.png	b24c279b4a176956	I02.png	2a60a389c9767032	22
/mnt/v/input/zensim/sources/daada31bdd0b2717_769x513.png	8ca49659ae8e56b3	I22.png	949515181b9372f0	24
/mnt/v/input/zensim/sources/daada31bdd0b2717_818x1022.png	8d53ac94ce56a2d5	I05.png	04cb2e9095568c8d	21
/mnt/v/input/zensim/sources/dac7232a30b3784d_1022x818.png	d2931565aaa24b6d	I04.png	63322169e8adc1c1	25
/mnt/v/input/zensim/sources/dac7232a30b3784d_1024sq.png	72909565aaca6daa	I04.png	63322169e8adc1c1	27
/mnt/v/input/zensim/sources/dac7232a30b3784d_512sq.png	59713531acacb594	I04.png	63322169e8adc1c1	23
/mnt/v/input/zensim/sources/dac7232a30b3784d_513x769.png	1a5b7131aca5949d	I04.png	63322169e8adc1c1	25
/mnt/v/input/zensim/sources/dac7232a30b3784d_818x1022.png	f190b2d26bdbccab	I06.png	9313a3de8ec9c8e8	21
/mnt/v/input/zensim/sources/dafb444e13a86f51_1022x818.png	4f212c64646c2c2c	I09.png	c8b4acccd2563c26	24
/mnt/v/input/zensim/sources/dafb444e13a86f51_1024sq.png	706f2c64642c2c6c	I14.png	40c0383739adecec	24
/mnt/v/input/zensim/sources/dafb444e13a86f51_512sq.png	c89f8b838b8b8787	I20.png	9adea783e1110b0b	22
/mnt/v/input/zensim/sources/dafb444e13a86f51_513x769.png	8fc89b838b8f8f8f	I24.png	cdcdebcb4accc999	21
/mnt/v/input/zensim/sources/dafb444e13a86f51_769x513.png	684e464646464646	I09.png	c8b4acccd2563c26	27
/mnt/v/input/zensim/sources/dafb444e13a86f51_818x1022.png	f06d6c4646464e46	I09.png	c8b4acccd2563c26	23
/mnt/v/input/zensim/sources/db1449ae5de118a6_1022x818.png	f338272777333bbb	I18.png	33158e27a7a62331	22
/mnt/v/input/zensim/sources/db1449ae5de118a6_1024sq.png	c7b03c67773b3bbb	I17.png	646094f473796971	24
/mnt/v/input/zensim/sources/db1449ae5de118a6_512sq.png	ea35c5594959cd52	I23.png	ecf8d15458b85959	24
/mnt/v/input/zensim/sources/db1449ae5de118a6_513x769.png	51ee954169d95650	I12.png	c3c3c3c3e3c3d6ec	25
/mnt/v/input/zensim/sources/db1449ae5de118a6_769x513.png	745747b1f2336d25	I07.png	4d65e5a5e171b165	23
/mnt/v/input/zensim/sources/db1449ae5de118a6_818x1022.png	87a0764773297525	I17.png	646094f473796971	24
/mnt/v/input/zensim/sources/db7376557e8be7af_1022x818.png	8c8c949b995c4c84	I13.png	ecc1d690c9fcc6c0	20
/mnt/v/input/zensim/sources/db7376557e8be7af_1024sq.png	8c8c9c99994c0c84	I05.png	04cb2e9095568c8d	20
/mnt/v/input/zensim/sources/db7376557e8be7af_512sq.png	2b2b0b3236359a9a	I16.png	8187023342038190	25
/mnt/v/input/zensim/sources/db7376557e8be7af_513x769.png	8b1b2b3a361b8d24	I16.png	8187023342038190	23
/mnt/v/input/zensim/sources/db7376557e8be7af_818x1022.png	0e0e1e999c5a0c06	I05.png	04cb2e9095568c8d	19
/mnt/v/input/zensim/sources/dc6718e321eb2860_1022x818.png	c098962a496fbb99	I16.png	8187023342038190	26
/mnt/v/input/zensim/sources/dc6718e321eb2860_1024sq.png	e4989423493bb911	I23.png	ecf8d15458b85959	22
/mnt/v/input/zensim/sources/dc6718e321eb2860_513x769.png	445651c99ba5f56c	I14.png	40c0383739adecec	24
/mnt/v/input/zensim/sources/dc6718e321eb2860_818x1022.png	e6ac344acd3b3831	I10.png	9c9f585e4c18bc24	25
/mnt/v/input/zensim/sources/dd33fa095cbb4bf3_1022x818.png	f9dad4583cdceddd	I23.png	ecf8d15458b85959	21
/mnt/v/input/zensim/sources/dd33fa095cbb4bf3_1024sq.png	f1fadc581cccc59f	I03.png	905258189b380c87	24
/mnt/v/input/zensim/sources/dd33fa095cbb4bf3_512sq.png	69733a9b36df3999	I01.png	5db2525252732b34	27
/mnt/v/input/zensim/sources/dd33fa095cbb4bf3_513x769.png	3c79333a963b8d66	I01.png	5db2525252732b34	26
/mnt/v/input/zensim/sources/dd33fa095cbb4bf3_769x513.png	bab69cda577e9aca	I08.png	9ade5edcd5949f8e	20
/mnt/v/input/zensim/sources/dd33fa095cbb4bf3_818x1022.png	70f8ba981eda869f	I05.png	04cb2e9095568c8d	23
/mnt/v/input/zensim/sources/dd467029248aead0_1022x818.png	68a1e6e5e7cee697	I21.png	3ad9a265616b94d3	23
/mnt/v/input/zensim/sources/dd467029248aead0_1024sq.png	0a69a5e5e6eef7e5	I07.png	4d65e5a5e171b165	21
/mnt/v/input/zensim/sources/dd467029248aead0_512sq.png	d6d6561656171656	I01.png	5db2525252732b34	22
/mnt/v/input/zensim/sources/dd467029248aead0_513x769.png	8857d6565617567b	I08.png	9ade5edcd5949f8e	26
/mnt/v/input/zensim/sources/dd467029248aead0_769x513.png	e5b5a485e797c7c7	I07.png	4d65e5a5e171b165	24
/mnt/v/input/zensim/sources/dd467029248aead0_818x1022.png	aaca34e5e7c7b7a5	I12.png	c3c3c3c3e3c3d6ec	24
/mnt/v/input/zensim/sources/ddaface5a7582229_1022x818.png	ec4642a326178ccc	I16.png	8187023342038190	23
/mnt/v/input/zensim/sources/ddaface5a7582229_1024sq.png	666446a326b6cccc	I14.png	40c0383739adecec	26
/mnt/v/input/zensim/sources/ddaface5a7582229_512sq.png	0901a4b2c941a9a5	I07.png	4d65e5a5e171b165	19
/mnt/v/input/zensim/sources/ddaface5a7582229_513x769.png	cd0984a249a9ad5e	I07.png	4d65e5a5e171b165	26
/mnt/v/input/zensim/sources/ddaface5a7582229_769x513.png	c280615162a39baa	I12.png	c3c3c3c3e3c3d6ec	21
/mnt/v/input/zensim/sources/ddaface5a7582229_818x1022.png	c6c2c261e2a34e5e	I12.png	c3c3c3c3e3c3d6ec	17
/mnt/v/input/zensim/sources/ddbb93d9a628f560_1022x818.png	783a672633b75b61	I01.png	5db2525252732b34	26
/mnt/v/input/zensim/sources/ddbb93d9a628f560_1024sq.png	4d3a6f27b7db63e4	I07.png	4d65e5a5e171b165	25
/mnt/v/input/zensim/sources/ddbb93d9a628f560_512sq.png	faa4a995e9495534	I02.png	2a60a389c9767032	23
/mnt/v/input/zensim/sources/ddbb93d9a628f560_513x769.png	fcfea0a9e95534a4	I09.png	c8b4acccd2563c26	22
/mnt/v/input/zensim/sources/ddbb93d9a628f560_769x513.png	ffe3235373622bb9	I01.png	5db2525252732b34	19
/mnt/v/input/zensim/sources/ddbb93d9a628f560_818x1022.png	cc79ef4363bbe1c2	I24.png	cdcdebcb4accc999	24
/mnt/v/input/zensim/sources/ddcd24d99f48eaa369207882a6f37831_1022x818.png	84cccdaeaef75b37	I09.png	c8b4acccd2563c26	28
/mnt/v/input/zensim/sources/ddcd24d99f48eaa369207882a6f37831_1024sq.png	10cccc0eaedb33b2	I18.png	33158e27a7a62331	25
/mnt/v/input/zensim/sources/ddcd24d99f48eaa369207882a6f37831_512sq.png	8f0c4dcdede1619c	I24.png	cdcdebcb4accc999	25
/mnt/v/input/zensim/sources/ddcd24d99f48eaa369207882a6f37831_513x769.png	0b0f8ccde9719c71	I07.png	4d65e5a5e171b165	21
/mnt/v/input/zensim/sources/ddcd24d99f48eaa369207882a6f37831_769x513.png	8ccc4d4f2b33e3cb	I20.png	9adea783e1110b0b	26
/mnt/v/input/zensim/sources/ddcd24d99f48eaa369207882a6f37831_818x1022.png	128e8c0f2bdb3b32	I18.png	33158e27a7a62331	23
/mnt/v/input/zensim/sources/dded2254e958fefe_1022x818.png	54562436b68c2436	I14.png	40c0383739adecec	25
/mnt/v/input/zensim/sources/dded2254e958fefe_512sq.png	3353776959919717	I04.png	63322169e8adc1c1	26
/mnt/v/input/zensim/sources/dded2254e958fefe_513x769.png	99937769599793f3	I22.png	949515181b9372f0	21
/mnt/v/input/zensim/sources/dded2254e958fefe_769x513.png	1626363232565e5e	I01.png	5db2525252732b34	26
/mnt/v/input/zensim/sources/dded2254e958fefe_818x1022.png	56d2263672567656	I01.png	5db2525252732b34	24
/mnt/v/input/zensim/sources/de627be799787acf_1022x818.png	1236a6ba2ba4c756	I18.png	33158e27a7a62331	25
/mnt/v/input/zensim/sources/de627be799787acf_1024sq.png	d812a6baabe54606	I13.png	ecc1d690c9fcc6c0	25
/mnt/v/input/zensim/sources/de627be799787acf_512sq.png	625b5d5cddd59b89	I08.png	9ade5edcd5949f8e	18
/mnt/v/input/zensim/sources/de627be799787acf_513x769.png	2852595cdcd98bb2	I03.png	905258189b380c87	23
/mnt/v/input/zensim/sources/de627be799787acf_769x513.png	e5626bd9496e524a	I02.png	2a60a389c9767032	21
/mnt/v/input/zensim/sources/de627be799787acf_818x1022.png	d81b6659694a5552	I21.png	3ad9a265616b94d3	22
/mnt/v/input/zensim/sources/def84b7f1f51140e_512sq.png	9d8d9c9d8d8d8e8d	I08.png	9ade5edcd5949f8e	22
/mnt/v/input/zensim/sources/def84b7f1f51140e_513x769.png	c99d9d9d8d8e8d4a	I08.png	9ade5edcd5949f8e	24
/mnt/v/input/zensim/sources/dfa7ed50658ec8e4_1022x818.png	e9a9e9edece4ece4	I04.png	63322169e8adc1c1	24
/mnt/v/input/zensim/sources/dfa7ed50658ec8e4_1024sq.png	e9a9e9edecececec	I24.png	cdcdebcb4accc999	22
/mnt/v/input/zensim/sources/dfa7ed50658ec8e4_512sq.png	8c2cacce4c04a5ae	I09.png	c8b4acccd2563c26	20
/mnt/v/input/zensim/sources/dfa7ed50658ec8e4_513x769.png	8ecc2c8e4ca6ae64	I10.png	9c9f585e4c18bc24	22
/mnt/v/input/zensim/sources/dfa7ed50658ec8e4_769x513.png	69484e4d4d44444c	I13.png	ecc1d690c9fcc6c0	26
/mnt/v/input/zensim/sources/dfa7ed50658ec8e4_818x1022.png	cd6d6c4c6c6c644c	I10.png	9c9f585e4c18bc24	25
/mnt/v/input/zensim/sources/dfaa7d5c3a7c4fba_1022x818.png	a82d6d4d8d8dad2c	I10.png	9c9f585e4c18bc24	24
/mnt/v/input/zensim/sources/dfaa7d5c3a7c4fba_1024sq.png	a8296d4d8dadad7e	I14.png	40c0383739adecec	27
/mnt/v/input/zensim/sources/dfaa7d5c3a7c4fba_513x769.png	cd8d3747c7a7e727	I18.png	33158e27a7a62331	26
/mnt/v/input/zensim/sources/dfaa7d5c3a7c4fba_769x513.png	5c5cdcac242c6c6e	I10.png	9c9f585e4c18bc24	25
/mnt/v/input/zensim/sources/dfaa7d5c3a7c4fba_818x1022.png	2d6c5cccac2c6ebe	I08.png	9ade5edcd5949f8e	28
/mnt/v/input/zensim/sources/e032eabe4fcace1c_1022x818.png	8b72da5b5b1898c1	I03.png	905258189b380c87	19
/mnt/v/input/zensim/sources/e032eabe4fcace1c_1024sq.png	f42bd25b5b9899c3	I23.png	ecf8d15458b85959	22
/mnt/v/input/zensim/sources/e032eabe4fcace1c_512sq.png	b23030343c381c1c	I03.png	905258189b380c87	22
/mnt/v/input/zensim/sources/e032eabe4fcace1c_513x769.png	ccb23034381c1c58	I23.png	ecf8d15458b85959	19
/mnt/v/input/zensim/sources/e032eabe4fcace1c_769x513.png	919191919999081c	I03.png	905258189b380c87	22
/mnt/v/input/zensim/sources/e032eabe4fcace1c_818x1022.png	f229d19999989881	I03.png	905258189b380c87	22
/mnt/v/input/zensim/sources/e0c167d669e76fea_1022x818.png	e6a2b0e6999d06ae	I14.png	40c0383739adecec	24
/mnt/v/input/zensim/sources/e0c167d669e76fea_1024sq.png	27a6b0e29994a62f	I05.png	04cb2e9095568c8d	28
/mnt/v/input/zensim/sources/e0c167d669e76fea_512sq.png	a4f189a916fec352	I02.png	2a60a389c9767032	27
/mnt/v/input/zensim/sources/e0c167d669e76fea_513x769.png	a7e4f1a996cf43c6	I19.png	177df9e766474148	23
/mnt/v/input/zensim/sources/e0c167d669e76fea_769x513.png	69324162943c2625	I01.png	5db2525252732b34	23
/mnt/v/input/zensim/sources/e0c167d669e76fea_818x1022.png	666732c398262525	I02.png	2a60a389c9767032	25
/mnt/v/input/zensim/sources/e13c47de0fef7f33_1022x818.png	5626266662646424	I01.png	5db2525252732b34	25
/mnt/v/input/zensim/sources/e13c47de0fef7f33_1024sq.png	5626262662646424	I15.png	1517333479696c79	24
/mnt/v/input/zensim/sources/e13c47de0fef7f33_512sq.png	e5e5e5c0ccc9cdcd	I24.png	cdcdebcb4accc999	19
/mnt/v/input/zensim/sources/e13c47de0fef7f33_513x769.png	35e5e5c5cccdcbcb	I24.png	cdcdebcb4accc999	21
/mnt/v/input/zensim/sources/e13c47de0fef7f33_769x513.png	636367636b626266	I12.png	c3c3c3c3e3c3d6ec	21
/mnt/v/input/zensim/sources/e13c47de0fef7f33_818x1022.png	93236662ea66e666	I12.png	c3c3c3c3e3c3d6ec	23
/mnt/v/input/zensim/sources/e1864d820f91ca05_512sq.png	2e4f0d0f1d9b9fbe	I08.png	9ade5edcd5949f8e	25
/mnt/v/input/zensim/sources/e1864d820f91ca05_769x513.png	8f2e0e8e9f5bdfde	I08.png	9ade5edcd5949f8e	24
/mnt/v/input/zensim/sources/e1c2be34ffde6715_1022x818.png	a969c9caaca737b1	I18.png	33158e27a7a62331	26
/mnt/v/input/zensim/sources/e1c2be34ffde6715_1024sq.png	a929c9cb2836b1dd	I24.png	cdcdebcb4accc999	24
/mnt/v/input/zensim/sources/e1c2be34ffde6715_512sq.png	ce9e1a42945b25f3	I01.png	5db2525252732b34	24
/mnt/v/input/zensim/sources/e1c2be34ffde6715_513x769.png	56ce9e1a6619f36a	I10.png	9c9f585e4c18bc24	26
/mnt/v/input/zensim/sources/e1c2be34ffde6715_769x513.png	cc4d5964483f1972	I23.png	ecf8d15458b85959	20
/mnt/v/input/zensim/sources/e1c2be34ffde6715_818x1022.png	a565cdd96c37305a	I02.png	2a60a389c9767032	24
/mnt/v/input/zensim/sources/e1fe84720d0142ba_1022x818.png	ec7e180b2b0c69c4	I03.png	905258189b380c87	25
/mnt/v/input/zensim/sources/e1fe84720d0142ba_1024sq.png	f0fc190b2f6cec46	I14.png	40c0383739adecec	23
/mnt/v/input/zensim/sources/e1fe84720d0142ba_512sq.png	7c6c4e4424a6075a	I18.png	33158e27a7a62331	26
/mnt/v/input/zensim/sources/e1fe84720d0142ba_513x769.png	a67c4c4ca427daa6	I08.png	9ade5edcd5949f8e	25
/mnt/v/input/zensim/sources/e1fe84720d0142ba_769x513.png	bb2c2d492d6d4e58	I04.png	63322169e8adc1c1	26
/mnt/v/input/zensim/sources/e1fe84720d0142ba_818x1022.png	f0ec28294d5ce4c7	I14.png	40c0383739adecec	25
/mnt/v/input/zensim/sources/e23b2b13a0f08310_1022x818.png	b5b0e4a56dedb0a4	I07.png	4d65e5a5e171b165	22
/mnt/v/input/zensim/sources/e23b2b13a0f08310_1024sq.png	a538a4e56cecb0e6	I04.png	63322169e8adc1c1	24
/mnt/v/input/zensim/sources/e23b2b13a0f08310_512sq.png	c9d6e707d9e6e498	I24.png	cdcdebcb4accc999	23
/mnt/v/input/zensim/sources/e23b2b13a0f08310_513x769.png	40d9c687c5e698c5	I05.png	04cb2e9095568c8d	21
/mnt/v/input/zensim/sources/e23b2b13a0f08310_769x513.png	2b2425047ae5e412	I02.png	2a60a389c9767032	23
/mnt/v/input/zensim/sources/e2677a2e2e97bf2d_1022x818.png	0c0dad6c8d0f1fbb	I05.png	04cb2e9095568c8d	28
/mnt/v/input/zensim/sources/e2677a2e2e97bf2d_1024sq.png	8c0c8d6c8d1f3fb1	I09.png	c8b4acccd2563c26	26
/mnt/v/input/zensim/sources/e2677a2e2e97bf2d_512sq.png	1fcfc7c70f0e4fad	I11.png	1f8b64765e595aac	22
/mnt/v/input/zensim/sources/e2677a2e2e97bf2d_513x769.png	8e1fcfc70e0fdf3a	I24.png	cdcdebcb4accc999	24
/mnt/v/input/zensim/sources/e2677a2e2e97bf2d_769x513.png	0e2c6fce0e0d0f7f	I24.png	cdcdebcb4accc999	26
/mnt/v/input/zensim/sources/e2677a2e2e97bf2d_818x1022.png	0c0d0cee0d0f3fb5	I10.png	9c9f585e4c18bc24	23
/mnt/v/input/zensim/sources/e2b02e87b78a8386_1022x818.png	555a44543c35321c	I01.png	5db2525252732b34	23
/mnt/v/input/zensim/sources/e2b02e87b78a8386_1024sq.png	55555a5435251c08	I15.png	1517333479696c79	22
/mnt/v/input/zensim/sources/e2b02e87b78a8386_512sq.png	ba5525aa5675e99a	I20.png	9adea783e1110b0b	26
/mnt/v/input/zensim/sources/e2b02e87b78a8386_513x769.png	321825a454e5ca15	I04.png	63322169e8adc1c1	26
/mnt/v/input/zensim/sources/e2b02e87b78a8386_769x513.png	59ea927939326250	I01.png	5db2525252732b34	23
/mnt/v/input/zensim/sources/e2b02e87b78a8386_818x1022.png	9696da923a629a4a	I01.png	5db2525252732b34	26
/mnt/v/input/zensim/sources/e376ed860d80fb66_1022x818.png	3a7469614d49b775	I21.png	3ad9a265616b94d3	23
/mnt/v/input/zensim/sources/e376ed860d80fb66_1024sq.png	983069694d09756d	I04.png	63322169e8adc1c1	25
/mnt/v/input/zensim/sources/e376ed860d80fb66_512sq.png	f0ed89c1510c2c12	I09.png	c8b4acccd2563c26	24
/mnt/v/input/zensim/sources/e376ed860d80fb66_513x769.png	62f3c8c10d2c7272	I02.png	2a60a389c9767032	22
/mnt/v/input/zensim/sources/e376ed860d80fb66_769x513.png	f0e8e8e0928cac10	I09.png	c8b4acccd2563c26	24
/mnt/v/input/zensim/sources/e376ed860d80fb66_818x1022.png	1872ece8cc8cf4ec	I04.png	63322169e8adc1c1	26
/mnt/v/input/zensim/sources/e3d9ebc313dd8458_1022x818.png	d5b512a52d663115	I18.png	33158e27a7a62331	22
/mnt/v/input/zensim/sources/e3d9ebc313dd8458_1024sq.png	c69516a025663127	I18.png	33158e27a7a62331	23
/mnt/v/input/zensim/sources/e3d9ebc313dd8458_512sq.png	359888c555c36365	I18.png	33158e27a7a62331	25
/mnt/v/input/zensim/sources/e3d9ebc313dd8458_513x769.png	6b7398c1d7eb65a1	I17.png	646094f473796971	24
/mnt/v/input/zensim/sources/e3d9ebc313dd8458_769x513.png	361bc3222447e7a9	I18.png	33158e27a7a62331	24
/mnt/v/input/zensim/sources/e3d9ebc313dd8458_818x1022.png	c7b4322226a73057	I18.png	33158e27a7a62331	25
/mnt/v/input/zensim/sources/e478b8ecb7cc2fa0_1022x818.png	56a435948414c7e7	I05.png	04cb2e9095568c8d	26
/mnt/v/input/zensim/sources/e478b8ecb7cc2fa0_1024sq.png	544625941494e774	I22.png	949515181b9372f0	25
/mnt/v/input/zensim/sources/e478b8ecb7cc2fa0_512sq.png	6bcb3b3b63536b6b	I20.png	9adea783e1110b0b	24
/mnt/v/input/zensim/sources/e478b8ecb7cc2fa0_513x769.png	93e34b3b636b6bab	I12.png	c3c3c3c3e3c3d6ec	24
/mnt/v/input/zensim/sources/e478b8ecb7cc2fa0_769x513.png	2622123626b6b236	I18.png	33158e27a7a62331	23
/mnt/v/input/zensim/sources/e478b8ecb7cc2fa0_818x1022.png	d6d62636b6b6a7b4	I18.png	33158e27a7a62331	22
/mnt/v/input/zensim/sources/e67601b4a515409d_1022x818.png	19d99b820406c6c6	I05.png	04cb2e9095568c8d	25
/mnt/v/input/zensim/sources/e67601b4a515409d_1024sq.png	bd5999920486c6a4	I13.png	ecc1d690c9fcc6c0	25
/mnt/v/input/zensim/sources/e67601b4a515409d_512sq.png	bc7c222420460216	I21.png	3ad9a265616b94d3	24
/mnt/v/input/zensim/sources/e67601b4a515409d_513x769.png	7e3d782242221181	I19.png	177df9e766474148	23
/mnt/v/input/zensim/sources/e67601b4a515409d_769x513.png	d83b3584c3040787	I20.png	9adea783e1110b0b	23
/mnt/v/input/zensim/sources/e67601b4a515409d_818x1022.png	ac9c19130406c224	I10.png	9c9f585e4c18bc24	22
/mnt/v/input/zensim/sources/e69a10d33fd3aa1b_1022x818.png	cbec31ba606c0783	I04.png	63322169e8adc1c1	26
/mnt/v/input/zensim/sources/e69a10d33fd3aa1b_1024sq.png	d1c870b8646c8783	I13.png	ecc1d690c9fcc6c0	25
/mnt/v/input/zensim/sources/e69a10d33fd3aa1b_512sq.png	cbf179c57064d647	I07.png	4d65e5a5e171b165	25
/mnt/v/input/zensim/sources/e69a10d33fd3aa1b_513x769.png	8ccff9fd4056d300	I19.png	177df9e766474148	22
/mnt/v/input/zensim/sources/e69a10d33fd3aa1b_769x513.png	e6723b4df0dcd426	I04.png	63322169e8adc1c1	24
/mnt/v/input/zensim/sources/e69a10d33fd3aa1b_818x1022.png	d0cdf23ae4d60311	I16.png	8187023342038190	25
/mnt/v/input/zensim/sources/e791681551a388ad_1022x818.png	a4a6565354c6cc5d	I05.png	04cb2e9095568c8d	24
/mnt/v/input/zensim/sources/e791681551a388ad_1024sq.png	48a6565644cc4d4d	I23.png	ecf8d15458b85959	24
/mnt/v/input/zensim/sources/e791681551a388ad_512sq.png	25292129390d2b69	I04.png	63322169e8adc1c1	22
/mnt/v/input/zensim/sources/e791681551a388ad_513x769.png	a12529213d2b491f	I15.png	1517333479696c79	24
/mnt/v/input/zensim/sources/e791681551a388ad_769x513.png	d2d2d2b292ce96aa	I12.png	c3c3c3c3e3c3d6ec	21
/mnt/v/input/zensim/sources/e791681551a388ad_818x1022.png	882652d2d6cadc94	I16.png	8187023342038190	24
/mnt/v/input/zensim/sources/e7a01ec14bcca684_1022x818.png	800000010000040c	I16.png	8187023342038190	20
/mnt/v/input/zensim/sources/e7a01ec14bcca684_513x769.png	0000000000001236	I16.png	8187023342038190	23
/mnt/v/input/zensim/sources/e7a01ec14bcca684_769x513.png	0000000000000000	I16.png	8187023342038190	19
/mnt/v/input/zensim/sources/e7a01ec14bcca684_818x1022.png	0400000000001414	I16.png	8187023342038190	22
/mnt/v/input/zensim/sources/e848b3f7fa4ec74c_1022x818.png	89abc272323a1e18	I01.png	5db2525252732b34	22
/mnt/v/input/zensim/sources/e848b3f7fa4ec74c_1024sq.png	1aa9e2723a1a189c	I11.png	1f8b64765e595aac	18
/mnt/v/input/zensim/sources/e848b3f7fa4ec74c_513x769.png	8dad49d9e979793f	I07.png	4d65e5a5e171b165	23
/mnt/v/input/zensim/sources/e848b3f7fa4ec74c_818x1022.png	0a4aeafa7a3a1c9c	I03.png	905258189b380c87	24
/mnt/v/input/zensim/sources/e85f9d2991988f43_1022x818.png	492dee2c6cec2ecc	I14.png	40c0383739adecec	27
/mnt/v/input/zensim/sources/e85f9d2991988f43_1024sq.png	6c692c2eec6c2c8d	I05.png	04cb2e9095568c8d	24
/mnt/v/input/zensim/sources/e85f9d2991988f43_512sq.png	acacae8d8d4dcc8d	I05.png	04cb2e9095568c8d	20
/mnt/v/input/zensim/sources/e85f9d2991988f43_513x769.png	4cacac8e8d4dacac	I09.png	c8b4acccd2563c26	21
/mnt/v/input/zensim/sources/e85f9d2991988f43_769x513.png	4ccd6f4c4c6dcdcd	I24.png	cdcdebcb4accc999	17
/mnt/v/input/zensim/sources/e99e717fcd3eff59_1022x818.png	7cdcc989494a4a4d	I24.png	cdcdebcb4accc999	22
/mnt/v/input/zensim/sources/e99e717fcd3eff59_1024sq.png	3c7ccd89494a48a5	I02.png	2a60a389c9767032	24
/mnt/v/input/zensim/sources/e99e717fcd3eff59_512sq.png	55de9e1c488c0c0c	I10.png	9c9f585e4c18bc24	21
/mnt/v/input/zensim/sources/e99e717fcd3eff59_513x769.png	9995de9ccc0c0c0c	I10.png	9c9f585e4c18bc24	18
/mnt/v/input/zensim/sources/e99e717fcd3eff59_818x1022.png	7cdacc484809cc24	I10.png	9c9f585e4c18bc24	18
/mnt/v/input/zensim/sources/e9e2cc8e3cbfbcf2_1022x818.png	475843484347565d	I12.png	c3c3c3c3e3c3d6ec	21
/mnt/v/input/zensim/sources/e9e2cc8e3cbfbcf2_1024sq.png	4956414b43565747	I12.png	c3c3c3c3e3c3d6ec	24
/mnt/v/input/zensim/sources/e9e2cc8e3cbfbcf2_512sq.png	2c254b2c01121311	I18.png	33158e27a7a62331	25
/mnt/v/input/zensim/sources/e9e2cc8e3cbfbcf2_513x769.png	2924012d01133127	I07.png	4d65e5a5e171b165	20
/mnt/v/input/zensim/sources/e9e2cc8e3cbfbcf2_769x513.png	ac80879c80939393	I22.png	949515181b9372f0	24
/mnt/v/input/zensim/sources/e9e2cc8e3cbfbcf2_818x1022.png	8a928589c3d3b787	I20.png	9adea783e1110b0b	21
/mnt/v/input/zensim/sources/e9ef9a109cb44c6f_1024sq.png	378f513355159696	I16.png	8187023342038190	23
/mnt/v/input/zensim/sources/e9ef9a109cb44c6f_512sq.png	123232e633333335	I01.png	5db2525252732b34	19
/mnt/v/input/zensim/sources/e9ef9a109cb44c6f_513x769.png	1f1732f2333325a5	I01.png	5db2525252732b34	20
/mnt/v/input/zensim/sources/e9ef9a109cb44c6f_769x513.png	d693906596961036	I09.png	c8b4acccd2563c26	24
/mnt/v/input/zensim/sources/e9ef9a109cb44c6f_818x1022.png	370ed13156363636	I01.png	5db2525252732b34	25
/mnt/v/input/zensim/sources/ea12cb83d0475c64_1022x818.png	4084c88088092908	I16.png	8187023342038190	26
/mnt/v/input/zensim/sources/ea12cb83d0475c64_1024sq.png	0b824088082928d0	I16.png	8187023342038190	24
/mnt/v/input/zensim/sources/ea12cb83d0475c64_512sq.png	1090191036ac4446	I03.png	905258189b380c87	20
/mnt/v/input/zensim/sources/ea12cb83d0475c64_513x769.png	01129411240c4c24	I03.png	905258189b380c87	25
/mnt/v/input/zensim/sources/ea12cb83d0475c64_769x513.png	00508a10448c882c	I05.png	04cb2e9095568c8d	23
/mnt/v/input/zensim/sources/ea12cb83d0475c64_818x1022.png	89024008082c4850	I03.png	905258189b380c87	22
/mnt/v/input/zensim/sources/ea9ed5804fc6f97f_1022x818.png	f839319119193b7b	I23.png	ecf8d15458b85959	22
/mnt/v/input/zensim/sources/ea9ed5804fc6f97f_512sq.png	76f49818b2349c9c	I03.png	905258189b380c87	22
/mnt/v/input/zensim/sources/ea9ed5804fc6f97f_769x513.png	3470509014145849	I23.png	ecf8d15458b85959	20
/mnt/v/input/zensim/sources/ea9ed5804fc6f97f_818x1022.png	18f83b1014587bd0	I23.png	ecf8d15458b85959	23
/mnt/v/input/zensim/sources/eaa7454a60717d91_1022x818.png	55002da9ae8cad72	I04.png	63322169e8adc1c1	25
/mnt/v/input/zensim/sources/eaa7454a60717d91_1024sq.png	b5562c29a68da953	I04.png	63322169e8adc1c1	23
/mnt/v/input/zensim/sources/eaa7454a60717d91_512sq.png	324ccdcdca4ad149	I19.png	177df9e766474148	22
/mnt/v/input/zensim/sources/eaa7454a60717d91_513x769.png	10264ccdca1b4948	I19.png	177df9e766474148	25
/mnt/v/input/zensim/sources/eaa7454a60717d91_769x513.png	56ac2c284b85522a	I22.png	949515181b9372f0	24
/mnt/v/input/zensim/sources/eaa7454a60717d91_818x1022.png	a497acac4baa2a93	I18.png	33158e27a7a62331	25
/mnt/v/input/zensim/sources/ead85af1818f71ce_512sq.png	c87c548b966b49dc	I01.png	5db2525252732b34	28
/mnt/v/input/zensim/sources/ead85af1818f71ce_513x769.png	50d85c946f69c4d2	I13.png	ecc1d690c9fcc6c0	23
/mnt/v/input/zensim/sources/ead85af1818f71ce_769x513.png	ebb90cc4cd2623ab	I18.png	33158e27a7a62331	24
/mnt/v/input/zensim/sources/eb3da4240f863d0c_1022x818.png	2727ce1e2f3334b5	I18.png	33158e27a7a62331	22
/mnt/v/input/zensim/sources/eb3da4240f863d0c_1024sq.png	0627ce0e3f36358d	I18.png	33158e27a7a62331	24
/mnt/v/input/zensim/sources/eb3da4240f863d0c_512sq.png	869b1716c77538f9	I15.png	1517333479696c79	24
/mnt/v/input/zensim/sources/eb3da4240f863d0c_513x769.png	61861717c739f9e3	I16.png	8187023342038190	25
/mnt/v/input/zensim/sources/eb3da4240f863d0c_818x1022.png	4627871f2f72360c	I18.png	33158e27a7a62331	27
/mnt/v/input/zensim/sources/ec9a97075cf134c0_1022x818.png	5425c15bc6c458d5	I24.png	cdcdebcb4accc999	23
/mnt/v/input/zensim/sources/ec9a97075cf134c0_1024sq.png	4a74e559c444d456	I02.png	2a60a389c9767032	22
/mnt/v/input/zensim/sources/ec9a97075cf134c0_512sq.png	4ba92c1835035236	I11.png	1f8b64765e595aac	26
/mnt/v/input/zensim/sources/ec9a97075cf134c0_513x769.png	6b4b693c370336ba	I11.png	1f8b64765e595aac	27
/mnt/v/input/zensim/sources/ec9a97075cf134c0_769x513.png	a782299b96c6c696	I05.png	04cb2e9095568c8d	24
/mnt/v/input/zensim/sources/ec9a97075cf134c0_818x1022.png	dab6a69896c6d2d6	I09.png	c8b4acccd2563c26	22
/mnt/v/input/zensim/sources/ecb96e218ec860aa_1022x818.png	2021484c52999828	I10.png	9c9f585e4c18bc24	24
/mnt/v/input/zensim/sources/ecb96e218ec860aa_1024sq.png	0420490892991048	I03.png	905258189b380c87	24
/mnt/v/input/zensim/sources/ecb96e218ec860aa_512sq.png	040d4c0da1193818	I10.png	9c9f585e4c18bc24	25
/mnt/v/input/zensim/sources/ecb96e218ec860aa_513x769.png	44100c0c09181854	I03.png	905258189b380c87	22
/mnt/v/input/zensim/sources/ecb96e218ec860aa_818x1022.png	0620988a1319148c	I03.png	905258189b380c87	22
/mnt/v/input/zensim/sources/ecfffb386ef0c714_1022x818.png	b5353f8f9f9dadbd	I06.png	9313a3de8ec9c8e8	26
/mnt/v/input/zensim/sources/ecfffb386ef0c714_1024sq.png	36353fbf9d9dad5f	I15.png	1517333479696c79	26
/mnt/v/input/zensim/sources/ecfffb386ef0c714_512sq.png	6775e79f343ebe5e	I07.png	4d65e5a5e171b165	28
/mnt/v/input/zensim/sources/ecfffb386ef0c714_513x769.png	e667775f363e5ece	I08.png	9ade5edcd5949f8e	29
/mnt/v/input/zensim/sources/ecfffb386ef0c714_769x513.png	26372f0e9f3d3cac	I05.png	04cb2e9095568c8d	26
/mnt/v/input/zensim/sources/ecfffb386ef0c714_818x1022.png	73f63e2f1d2c2c9f	I14.png	40c0383739adecec	23
/mnt/v/input/zensim/sources/ee7ea87b30f03263_1022x818.png	8c014a812880206c	I10.png	9c9f585e4c18bc24	27
/mnt/v/input/zensim/sources/ee7ea87b30f03263_1024sq.png	4b094a8828002000	I02.png	2a60a389c9767032	27
/mnt/v/input/zensim/sources/ee7ea87b30f03263_512sq.png	920d0c04488a8880	I16.png	8187023342038190	22
/mnt/v/input/zensim/sources/ee7ea87b30f03263_513x769.png	08000d04409881c8	I16.png	8187023342038190	25
/mnt/v/input/zensim/sources/ee7ea87b30f03263_769x513.png	20cb880001ccc840	I05.png	04cb2e9095568c8d	22
/mnt/v/input/zensim/sources/ee7ea87b30f03263_818x1022.png	cb04c90848482a08	I24.png	cdcdebcb4accc999	23
/mnt/v/input/zensim/sources/ef199f536ebc4590_1022x818.png	0d0e352a2d21919a	I16.png	8187023342038190	25
/mnt/v/input/zensim/sources/ef199f536ebc4590_1024sq.png	1d0c302a2131911c	I07.png	4d65e5a5e171b165	25
/mnt/v/input/zensim/sources/ef199f536ebc4590_513x769.png	af95f3ccc9495174	I06.png	9313a3de8ec9c8e8	24
/mnt/v/input/zensim/sources/ef199f536ebc4590_818x1022.png	bc0eb26d6a20b09e	I21.png	3ad9a265616b94d3	24
/mnt/v/input/zensim/sources/ef3259a497d981e0_1022x818.png	e1043c939b986101	I03.png	905258189b380c87	25
/mnt/v/input/zensim/sources/ef3259a497d981e0_513x769.png	9007ef34393814c6	I03.png	905258189b380c87	20
/mnt/v/input/zensim/sources/ef3259a497d981e0_769x513.png	2e7ef9101a181810	I23.png	ecf8d15458b85959	19
/mnt/v/input/zensim/sources/ef329725b57a14b5_1022x818.png	a5058e83b26171f2	I18.png	33158e27a7a62331	23
/mnt/v/input/zensim/sources/ef329725b57a14b5_1024sq.png	ad850c8eb161f2a5	I07.png	4d65e5a5e171b165	23
/mnt/v/input/zensim/sources/ef329725b57a14b5_512sq.png	250d9dfac352dae3	I22.png	949515181b9372f0	26
/mnt/v/input/zensim/sources/ef329725b57a14b5_513x769.png	52211d9af3d2d349	I22.png	949515181b9372f0	25
/mnt/v/input/zensim/sources/ef329725b57a14b5_769x513.png	0a4e1e7263d05464	I12.png	c3c3c3c3e3c3d6ec	26
/mnt/v/input/zensim/sources/ef329725b57a14b5_818x1022.png	2cb64e4b7074f166	I01.png	5db2525252732b34	24
/mnt/v/input/zensim/sources/ef576c4ed599d75d72145a8f34b58ccb_1022x818.png	4b8ebcf8b8be5456	I09.png	c8b4acccd2563c26	25
/mnt/v/input/zensim/sources/ef576c4ed599d75d72145a8f34b58ccb_1024sq.png	47cb8eb8b8ac5477	I05.png	04cb2e9095568c8d	27
/mnt/v/input/zensim/sources/ef576c4ed599d75d72145a8f34b58ccb_512sq.png	06d634b8ec7ecb4b	I05.png	04cb2e9095568c8d	25
/mnt/v/input/zensim/sources/ef576c4ed599d75d72145a8f34b58ccb_769x513.png	85763c58683c6f76	I03.png	905258189b380c87	25
/mnt/v/input/zensim/sources/ef576c4ed599d75d72145a8f34b58ccb_818x1022.png	8bcb0f787836d6eb	I08.png	9ade5edcd5949f8e	26
/mnt/v/input/zensim/sources/f05408e36815e428_1022x818.png	d2c74501c08081d3	I16.png	8187023342038190	20
/mnt/v/input/zensim/sources/f05408e36815e428_1024sq.png	d6d6c541c881c3f3	I04.png	63322169e8adc1c1	23
/mnt/v/input/zensim/sources/f05408e36815e428_512sq.png	6105ca02160c0642	I18.png	33158e27a7a62331	25
/mnt/v/input/zensim/sources/f05408e36815e428_513x769.png	6165018214044661	I04.png	63322169e8adc1c1	29
/mnt/v/input/zensim/sources/f05408e36815e428_769x513.png	a680400084888484	I13.png	ecc1d690c9fcc6c0	23
/mnt/v/input/zensim/sources/f05408e36815e428_818x1022.png	b3a384418084a3b3	I18.png	33158e27a7a62331	21
/mnt/v/input/zensim/sources/f05b70def903150c_1022x818.png	0f01059bbf4f57b3	I22.png	949515181b9372f0	26
/mnt/v/input/zensim/sources/f05b70def903150c_1024sq.png	f407019bff47b390	I16.png	8187023342038190	22
/mnt/v/input/zensim/sources/f05b70def903150c_769x513.png	1c4243396bdfd3d3	I04.png	63322169e8adc1c1	26
/mnt/v/input/zensim/sources/f05b70def903150c_818x1022.png	f625013bdfd333b4	I22.png	949515181b9372f0	19
/mnt/v/input/zensim/sources/f08817396fc61bd3_1022x818.png	606ced5a3e355914	I23.png	ecf8d15458b85959	25
/mnt/v/input/zensim/sources/f08817396fc61bd3_1024sq.png	ed646dea36551596	I09.png	c8b4acccd2563c26	24
/mnt/v/input/zensim/sources/f08817396fc61bd3_512sq.png	cdcf9814a7625a36	I01.png	5db2525252732b34	28
/mnt/v/input/zensim/sources/f08817396fc61bd3_513x769.png	a0ddcd1ca65232d3	I22.png	949515181b9372f0	23
/mnt/v/input/zensim/sources/f08817396fc61bd3_769x513.png	caeed9196d72d614	I02.png	2a60a389c9767032	25
/mnt/v/input/zensim/sources/f08817396fc61bd3_818x1022.png	6c62eec967d43637	I02.png	2a60a389c9767032	22
/mnt/v/input/zensim/sources/f121a20017a8bbe5_512sq.png	666363e67a3a27b7	I17.png	646094f473796971	25
/mnt/v/input/zensim/sources/f121a20017a8bbe5_513x769.png	656663673a37b720	I07.png	4d65e5a5e171b165	24
/mnt/v/input/zensim/sources/f121a20017a8bbe5_769x513.png	a5a7a724bc1cb6b6	I09.png	c8b4acccd2563c26	28
/mnt/v/input/zensim/sources/f121a20017a8bbe5_818x1022.png	b3b3a7279db6b6f2	I18.png	33158e27a7a62331	21
/mnt/v/input/zensim/sources/f12887fbd9fc6079_1022x818.png	92880a0e12041008	I16.png	8187023342038190	24
/mnt/v/input/zensim/sources/f12887fbd9fc6079_1024sq.png	9190880e02801008	I16.png	8187023342038190	23
/mnt/v/input/zensim/sources/f12887fbd9fc6079_512sq.png	4da80a4430282109	I23.png	ecf8d15458b85959	23
/mnt/v/input/zensim/sources/f12887fbd9fc6079_513x769.png	324d8a4e20290810	I21.png	3ad9a265616b94d3	22
/mnt/v/input/zensim/sources/f12887fbd9fc6079_769x513.png	2a5b0f2d1302020a	I18.png	33158e27a7a62331	25
/mnt/v/input/zensim/sources/f12887fbd9fc6079_818x1022.png	10100a0f02021884	I16.png	8187023342038190	21
/mnt/v/input/zensim/sources/f159275de736a5df_1022x818.png	4dcdb3f72f3fdf4f	I14.png	40c0383739adecec	26
/mnt/v/input/zensim/sources/f159275de736a5df_1024sq.png	4d4d9b773f9f4f03	I19.png	177df9e766474148	26
/mnt/v/input/zensim/sources/f159275de736a5df_512sq.png	1a49f267effffb7b	I21.png	3ad9a265616b94d3	22
/mnt/v/input/zensim/sources/f159275de736a5df_513x769.png	371ed9e3efff3b0f	I19.png	177df9e766474148	23
/mnt/v/input/zensim/sources/f159275de736a5df_769x513.png	8e3973e7ef7f7f3f	I19.png	177df9e766474148	26
/mnt/v/input/zensim/sources/f159275de736a5df_818x1022.png	cc9c9de76f3fcf43	I19.png	177df9e766474148	26
/mnt/v/input/zensim/sources/f26b2a378ca1bfe5_1022x818.png	d797349493199c9c	I05.png	04cb2e9095568c8d	23
/mnt/v/input/zensim/sources/f26b2a378ca1bfe5_1024sq.png	a3939694931d9c8e	I08.png	9ade5edcd5949f8e	21
/mnt/v/input/zensim/sources/f26b2a378ca1bfe5_512sq.png	7171657165602e73	I15.png	1517333479696c79	23
/mnt/v/input/zensim/sources/f26b2a378ca1bfe5_513x769.png	257175617022636b	I19.png	177df9e766474148	23
/mnt/v/input/zensim/sources/f26b2a378ca1bfe5_769x513.png	3332363231319534	I01.png	5db2525252732b34	23
/mnt/v/input/zensim/sources/f26b2a378ca1bfe5_818x1022.png	e29332369194968e	I08.png	9ade5edcd5949f8e	21
/mnt/v/input/zensim/sources/f2dcaa2f892fc8d4_1022x818.png	cfbf7fffef4f1e8b	I08.png	9ade5edcd5949f8e	26
/mnt/v/input/zensim/sources/f2dcaa2f892fc8d4_1024sq.png	4fdf7fffcf0f9fc3	I08.png	9ade5edcd5949f8e	23
/mnt/v/input/zensim/sources/f2dcaa2f892fc8d4_512sq.png	de9fff8dadaf0b1a	I20.png	9adea783e1110b0b	21
/mnt/v/input/zensim/sources/f2dcaa2f892fc8d4_513x769.png	1fdf9fddad0b1e16	I08.png	9ade5edcd5949f8e	23
/mnt/v/input/zensim/sources/f2dcaa2f892fc8d4_769x513.png	7fdbfecfcfcf0f1f	I24.png	cdcdebcb4accc999	23
/mnt/v/input/zensim/sources/f2dcaa2f892fc8d4_818x1022.png	cf9d7fffcf1f1b81	I24.png	cdcdebcb4accc999	23
/mnt/v/input/zensim/sources/f3b398bb6e83b7b6_1022x818.png	b41456265c030313	I16.png	8187023342038190	23
/mnt/v/input/zensim/sources/f3b398bb6e83b7b6_1024sq.png	b6145e265a230333	I18.png	33158e27a7a62331	20
/mnt/v/input/zensim/sources/f3b398bb6e83b7b6_512sq.png	b4b3cb9c1393cccb	I03.png	905258189b380c87	24
/mnt/v/input/zensim/sources/f3b398bb6e83b7b6_513x769.png	f333bbcb93988a30	I06.png	9313a3de8ec9c8e8	21
/mnt/v/input/zensim/sources/f3b398bb6e83b7b6_769x513.png	9092625992122967	I03.png	905258189b380c87	19
/mnt/v/input/zensim/sources/f3b398bb6e83b7b6_818x1022.png	a6b692a692a9a7b3	I18.png	33158e27a7a62331	25
/mnt/v/input/zensim/sources/f3e9e13855f8d39e_1022x818.png	30398d1d2d1d8f8e	I03.png	905258189b380c87	27
/mnt/v/input/zensim/sources/f3e9e13855f8d39e_1024sq.png	31380d1d2d0f8e5b	I04.png	63322169e8adc1c1	28
/mnt/v/input/zensim/sources/f3e9e13855f8d39e_513x769.png	789c2e3f9b6f5fd5	I14.png	40c0383739adecec	26
/mnt/v/input/zensim/sources/f3e9e13855f8d39e_769x513.png	4c0c1e5e5e262e0a	I09.png	c8b4acccd2563c26	24
/mnt/v/input/zensim/sources/f3e9e13855f8d39e_818x1022.png	703a0c1e6e0e8fd9	I04.png	63322169e8adc1c1	27
/mnt/v/input/zensim/sources/f4071c8a47d1a65c_1022x818.png	9a9a1b30032a2821	I03.png	905258189b380c87	21
/mnt/v/input/zensim/sources/f4071c8a47d1a65c_1024sq.png	98981b11032a2147	I03.png	905258189b380c87	21
/mnt/v/input/zensim/sources/f4071c8a47d1a65c_513x769.png	35f4342124646464	I14.png	40c0383739adecec	25
/mnt/v/input/zensim/sources/f4071c8a47d1a65c_769x513.png	383d342083292a28	I15.png	1517333479696c79	25
/mnt/v/input/zensim/sources/f4071c8a47d1a65c_818x1022.png	3a3a3a352a2a2187	I03.png	905258189b380c87	24
/mnt/v/input/zensim/sources/f4587ff7b42b6bef_1022x818.png	72703f3e62b76464	I14.png	40c0383739adecec	23
/mnt/v/input/zensim/sources/f4587ff7b42b6bef_512sq.png	f7d797b676f96652	I15.png	1517333479696c79	23
/mnt/v/input/zensim/sources/f4587ff7b42b6bef_513x769.png	f465979666fbd2d2	I13.png	ecc1d690c9fcc6c0	22
/mnt/v/input/zensim/sources/f4587ff7b42b6bef_769x513.png	f65f5ed5e5baf567	I08.png	9ade5edcd5949f8e	23
/mnt/v/input/zensim/sources/f4587ff7b42b6bef_818x1022.png	dbf27a5de5a6e7e7	I08.png	9ade5edcd5949f8e	22
/mnt/v/input/zensim/sources/f4bea6ba603df740_1022x818.png	b98d5575558dde1b	I08.png	9ade5edcd5949f8e	24
/mnt/v/input/zensim/sources/f4bea6ba603df740_1024sq.png	d4a94d5555cd5b9b	I23.png	ecf8d15458b85959	23
/mnt/v/input/zensim/sources/f4bea6ba603df740_512sq.png	9692cb96bbb31e4d	I03.png	905258189b380c87	23
/mnt/v/input/zensim/sources/f4bea6ba603df740_513x769.png	66169adbbb924d76	I03.png	905258189b380c87	27
/mnt/v/input/zensim/sources/f4bea6ba603df740_769x513.png	4d92f2dcd292cecd	I01.png	5db2525252732b34	24
/mnt/v/input/zensim/sources/f4bea6ba603df740_818x1022.png	942d9cd6d68eb9b9	I10.png	9c9f585e4c18bc24	25
/mnt/v/input/zensim/sources/f549710e1b1d2e65_1022x818.png	6c6465646b669d37	I07.png	4d65e5a5e171b165	20
/mnt/v/input/zensim/sources/f549710e1b1d2e65_1024sq.png	6c646465638d33e7	I07.png	4d65e5a5e171b165	19
/mnt/v/input/zensim/sources/f549710e1b1d2e65_512sq.png	a683a3a5acb0c30f	I20.png	9adea783e1110b0b	24
/mnt/v/input/zensim/sources/f549710e1b1d2e65_513x769.png	a6a6a3a7acc31ff1	I12.png	c3c3c3c3e3c3d6ec	26
/mnt/v/input/zensim/sources/f549710e1b1d2e65_769x513.png	c4c6c6c6c8f1660c	I13.png	ecc1d690c9fcc6c0	20
/mnt/v/input/zensim/sources/f549710e1b1d2e65_818x1022.png	c4c4c4c6690c33c6	I13.png	ecc1d690c9fcc6c0	24
/mnt/v/input/zensim/sources/f65a24b7e176eb47_1022x818.png	2d72676767335ddd	I07.png	4d65e5a5e171b165	25
/mnt/v/input/zensim/sources/f65a24b7e176eb47_1024sq.png	186d76676333dd8c	I19.png	177df9e766474148	24
/mnt/v/input/zensim/sources/f65a24b7e176eb47_512sq.png	29a3a3d3d3c0b2a4	I12.png	c3c3c3c3e3c3d6ec	19
/mnt/v/input/zensim/sources/f65a24b7e176eb47_513x769.png	a7b9a3d3d3f2a42f	I12.png	c3c3c3c3e3c3d6ec	24
/mnt/v/input/zensim/sources/f65a24b7e176eb47_769x513.png	dbf3e7e7f361713c	I07.png	4d65e5a5e171b165	20
/mnt/v/input/zensim/sources/f65a24b7e176eb47_818x1022.png	aca5d2e763719c0c	I07.png	4d65e5a5e171b165	23
/mnt/v/input/zensim/sources/f69f65ecb7f324a6_1022x818.png	08e0f8fc1c0c00cf	I03.png	905258189b380c87	24
/mnt/v/input/zensim/sources/f69f65ecb7f324a6_1024sq.png	0080f97c1c0ccfa2	I14.png	40c0383739adecec	22
/mnt/v/input/zensim/sources/f69f65ecb7f324a6_512sq.png	e2fc8deded0d0c3b	I20.png	9adea783e1110b0b	24
/mnt/v/input/zensim/sources/f69f65ecb7f324a6_513x769.png	08f0fdcd4d0c421f	I02.png	2a60a389c9767032	25
/mnt/v/input/zensim/sources/f69f65ecb7f324a6_769x513.png	e0fcdcec7c0c8c16	I09.png	c8b4acccd2563c26	22
/mnt/v/input/zensim/sources/f69f65ecb7f324a6_818x1022.png	0000fcfc0c0ccf62	I14.png	40c0383739adecec	25
/mnt/v/input/zensim/sources/f77e2ccea8e90cd7_1022x818.png	edab46f5e90a876b	I13.png	ecc1d690c9fcc6c0	25
/mnt/v/input/zensim/sources/f77e2ccea8e90cd7_1024sq.png	45ab2bf4e900636b	I15.png	1517333479696c79	23
/mnt/v/input/zensim/sources/f77e2ccea8e90cd7_512sq.png	d52185545454a851	I17.png	646094f473796971	22
/mnt/v/input/zensim/sources/f77e2ccea8e90cd7_513x769.png	ccd52561545423c5	I07.png	4d65e5a5e171b165	23
/mnt/v/input/zensim/sources/f77e2ccea8e90cd7_769x513.png	49f645a2ac8d49a6	I04.png	63322169e8adc1c1	24
/mnt/v/input/zensim/sources/f77e2ccea8e90cd7_818x1022.png	d6a949b6a80aeb69	I06.png	9313a3de8ec9c8e8	28
/mnt/v/input/zensim/sources/f81c48ad81c18223_1022x818.png	bb33aaba33aa3b3b	I18.png	33158e27a7a62331	21
/mnt/v/input/zensim/sources/f81c48ad81c18223_1024sq.png	aa3baaaa2aaa3baa	I06.png	9313a3de8ec9c8e8	27
/mnt/v/input/zensim/sources/f81c48ad81c18223_512sq.png	b2c8aab2f2e6ced2	I21.png	3ad9a265616b94d3	24
/mnt/v/input/zensim/sources/f81c48ad81c18223_513x769.png	eae28aaaf2eebaea	I12.png	c3c3c3c3e3c3d6ec	24
/mnt/v/input/zensim/sources/f81c48ad81c18223_818x1022.png	6929696969696929	I04.png	63322169e8adc1c1	20
/mnt/v/input/zensim/sources/f87775f71bf9bee2_1022x818.png	1c8c584169edec8d	I14.png	40c0383739adecec	20
/mnt/v/input/zensim/sources/f87775f71bf9bee2_1024sq.png	9e9c4c5369ed8db9	I24.png	cdcdebcb4accc999	23
/mnt/v/input/zensim/sources/f87775f71bf9bee2_512sq.png	97b73233c6cf8f63	I16.png	8187023342038190	22
/mnt/v/input/zensim/sources/f87775f71bf9bee2_769x513.png	4c15955065cc4c66	I13.png	ecc1d690c9fcc6c0	24
/mnt/v/input/zensim/sources/f87775f71bf9bee2_818x1022.png	3f1e9c556d64ac29	I10.png	9c9f585e4c18bc24	23
/mnt/v/input/zensim/sources/f94c3945431e8b8e_1022x818.png	2046d00b0b3ffef8	I14.png	40c0383739adecec	23
/mnt/v/input/zensim/sources/f94c3945431e8b8e_1024sq.png	b062c28b0bfff89c	I02.png	2a60a389c9767032	22
/mnt/v/input/zensim/sources/f94c3945431e8b8e_512sq.png	0049400eddadefff	I14.png	40c0383739adecec	21
/mnt/v/input/zensim/sources/f94c3945431e8b8e_513x769.png	c10858069dadfdf8	I14.png	40c0383739adecec	17
/mnt/v/input/zensim/sources/f94c3945431e8b8e_769x513.png	93ba000d0b0b7fff	I22.png	949515181b9372f0	25
/mnt/v/input/zensim/sources/f94c3945431e8b8e_818x1022.png	30638b090ffff81c	I02.png	2a60a389c9767032	21
/mnt/v/input/zensim/sources/f9f5c775fe2e7891_1022x818.png	e9d4b6b1c9c8c064	I13.png	ecc1d690c9fcc6c0	17
/mnt/v/input/zensim/sources/f9f5c775fe2e7891_1024sq.png	69e8f6b1c9c86449	I13.png	ecc1d690c9fcc6c0	18
/mnt/v/input/zensim/sources/f9f5c775fe2e7891_512sq.png	36e771a8359c1c49	I05.png	04cb2e9095568c8d	26
/mnt/v/input/zensim/sources/f9f5c775fe2e7891_513x769.png	cc36e3b8341c4845	I23.png	ecf8d15458b85959	26
/mnt/v/input/zensim/sources/f9f5c775fe2e7891_769x513.png	b5667258b4d8d9cb	I03.png	905258189b380c87	26
/mnt/v/input/zensim/sources/f9f5c775fe2e7891_818x1022.png	e9ecb770d8c9e2cc	I13.png	ecc1d690c9fcc6c0	22
/mnt/v/input/zensim/sources/fad83adb293eaa5f_1022x818.png	4ac88c05119d4e04	I14.png	40c0383739adecec	21
/mnt/v/input/zensim/sources/fad83adb293eaa5f_513x769.png	09195f4339a92737	I18.png	33158e27a7a62331	25
/mnt/v/input/zensim/sources/fad83adb293eaa5f_818x1022.png	07c988a6388c1606	I14.png	40c0383739adecec	26
/mnt/v/input/zensim/sources/fbcf78046d4bd911_1022x818.png	c6c2707a2c9f6382	I04.png	63322169e8adc1c1	26
/mnt/v/input/zensim/sources/fbcf78046d4bd911_1024sq.png	c6c6e278bc9f6200	I13.png	ecc1d690c9fcc6c0	27
/mnt/v/input/zensim/sources/fbcf78046d4bd911_513x769.png	8382b4bcca7f0000	I16.png	8187023342038190	24
/mnt/v/input/zensim/sources/fbcf78046d4bd911_818x1022.png	c7c7c3f82e3f4101	I24.png	cdcdebcb4accc999	24
/mnt/v/input/zensim/sources/fbe0ba86c6dba767_1022x818.png	e1c0c6c3d363d169	I12.png	c3c3c3c3e3c3d6ec	16
/mnt/v/input/zensim/sources/fbe0ba86c6dba767_1024sq.png	d3c1c6c3d3d3e126	I12.png	c3c3c3c3e3c3d6ec	16
/mnt/v/input/zensim/sources/fbe0ba86c6dba767_512sq.png	0049490828088948	I03.png	905258189b380c87	25
/mnt/v/input/zensim/sources/fbe0ba86c6dba767_513x769.png	41024908288949a9	I04.png	63322169e8adc1c1	19
/mnt/v/input/zensim/sources/fbe0ba86c6dba767_769x513.png	c0cbc3cbcbdbcbc9	I12.png	c3c3c3c3e3c3d6ec	15
/mnt/v/input/zensim/sources/fbe0ba86c6dba767_818x1022.png	d2c0c6c3d3c3e06b	I12.png	c3c3c3c3e3c3d6ec	16
/mnt/v/input/zensim/sources/fc4f9cff6f50e7ec_1022x818.png	36266941180a0c60	I03.png	905258189b380c87	27
/mnt/v/input/zensim/sources/fc4f9cff6f50e7ec_1024sq.png	36366841180e6024	I04.png	63322169e8adc1c1	26
/mnt/v/input/zensim/sources/fc4f9cff6f50e7ec_512sq.png	e62210904a4c540a	I13.png	ecc1d690c9fcc6c0	24
/mnt/v/input/zensim/sources/fc4f9cff6f50e7ec_513x769.png	61a542904a5c4a02	I13.png	ecc1d690c9fcc6c0	21
/mnt/v/input/zensim/sources/fc4f9cff6f50e7ec_769x513.png	edc1d2d01c282d8c	I13.png	ecc1d690c9fcc6c0	21
/mnt/v/input/zensim/sources/fc4f9cff6f50e7ec_818x1022.png	2323e9d0082b4445	I04.png	63322169e8adc1c1	22
/mnt/v/input/zensim/sources/fc97ae09fec6483b_1022x818.png	ab9e9945ce5832a4	I10.png	9c9f585e4c18bc24	21
/mnt/v/input/zensim/sources/fc97ae09fec6483b_1024sq.png	8aaa9845cc78a6c6	I10.png	9c9f585e4c18bc24	23
/mnt/v/input/zensim/sources/fc97ae09fec6483b_513x769.png	4c9d3d67271ab963	I10.png	9c9f585e4c18bc24	24
/mnt/v/input/zensim/sources/fc97ae09fec6483b_818x1022.png	0b295a06ce5867d7	I11.png	1f8b64765e595aac	27
/mnt/v/input/zensim/sources/fcbaceb5b52fdeb1_1022x818.png	2a2acb1d99b9696a	I02.png	2a60a389c9767032	23
/mnt/v/input/zensim/sources/fcbaceb5b52fdeb1_1024sq.png	552a2a5d99296829	I15.png	1517333479696c79	20
/mnt/v/input/zensim/sources/fcbaceb5b52fdeb1_512sq.png	9c1c0b3e0c6ccf27	I10.png	9c9f585e4c18bc24	21
/mnt/v/input/zensim/sources/fcbaceb5b52fdeb1_513x769.png	d49c193e6c6ca6ac	I10.png	9c9f585e4c18bc24	18
/mnt/v/input/zensim/sources/fcbaceb5b52fdeb1_769x513.png	5b998e9c88296c04	I06.png	9313a3de8ec9c8e8	25
/mnt/v/input/zensim/sources/fcbaceb5b52fdeb1_818x1022.png	e6694b9c89244869	I23.png	ecf8d15458b85959	24
/mnt/v/input/zensim/sources/fd4dbf2167b8b746_1024sq.png	b498ce869672b3f3	I18.png	33158e27a7a62331	24
/mnt/v/input/zensim/sources/fd4dbf2167b8b746_512sq.png	27232935636260f0	I15.png	1517333479696c79	21
/mnt/v/input/zensim/sources/fd4dbf2167b8b746_513x769.png	383f233d63e0f1f0	I15.png	1517333479696c79	23
/mnt/v/input/zensim/sources/fd4dbf2167b8b746_769x513.png	9d979b9207e1b1f1	I22.png	949515181b9372f0	22
/mnt/v/input/zensim/sources/fd4dbf2167b8b746_818x1022.png	749c9593a7f17171	I17.png	646094f473796971	21
/mnt/v/input/zensim/sources/fd511dacd2cac837_1022x818.png	1c696da211746c48	I05.png	04cb2e9095568c8d	22
/mnt/v/input/zensim/sources/fd511dacd2cac837_1024sq.png	4d6c6ca311644c21	I07.png	4d65e5a5e171b165	23
/mnt/v/input/zensim/sources/fd511dacd2cac837_512sq.png	c484c48a31356ac3	I22.png	949515181b9372f0	24
/mnt/v/input/zensim/sources/fd511dacd2cac837_513x769.png	5ac4c4ca3562a62e	I09.png	c8b4acccd2563c26	25
/mnt/v/input/zensim/sources/fd511dacd2cac837_818x1022.png	556aec6310e4cd6a	I14.png	40c0383739adecec	25
/mnt/v/input/zensim/sources/fd9a529710854d75_1024sq.png	7c7eee725272f3e7	I01.png	5db2525252732b34	22
/mnt/v/input/zensim/sources/fd9a529710854d75_512sq.png	3e9490a09a99b9e9	I22.png	949515181b9372f0	24
/mnt/v/input/zensim/sources/fd9a529710854d75_769x513.png	dbcbd3d1d3dbdbf3	I12.png	c3c3c3c3e3c3d6ec	18
/mnt/v/input/zensim/sources/fd9a529710854d75_818x1022.png	febecbd3dbf3e3e3	I01.png	5db2525252732b34	25
/mnt/v/input/zensim/sources/fe1279f9f9f58e81_1022x818.png	919319d43359b633	I15.png	1517333479696c79	23
/mnt/v/input/zensim/sources/fe1279f9f9f58e81_1024sq.png	419311d433513219	I01.png	5db2525252732b34	23
/mnt/v/input/zensim/sources/fe1279f9f9f58e81_512sq.png	a21822b1f1543223	I02.png	2a60a389c9767032	20
/mnt/v/input/zensim/sources/fe1279f9f9f58e81_513x769.png	92b95ea15554a3d1	I08.png	9ade5edcd5949f8e	25
/mnt/v/input/zensim/sources/fe1279f9f9f58e81_769x513.png	3688b59233d914b3	I22.png	949515181b9372f0	24
/mnt/v/input/zensim/sources/fe1279f9f9f58e81_818x1022.png	455138b233903399	I22.png	949515181b9372f0	25
/mnt/v/input/zensim/sources/fe87e52d6c01c71a_1022x818.png	224d30aec524a2cf	I05.png	04cb2e9095568c8d	27
/mnt/v/input/zensim/sources/fe87e52d6c01c71a_1024sq.png	24cf3c288524cf2c	I05.png	04cb2e9095568c8d	19
/mnt/v/input/zensim/sources/fe87e52d6c01c71a_512sq.png	96e7d22e23b5850b	I20.png	9adea783e1110b0b	26
/mnt/v/input/zensim/sources/fe87e52d6c01c71a_513x769.png	9997f6ca27a58b8c	I08.png	9ade5edcd5949f8e	22
/mnt/v/input/zensim/sources/fe87e52d6c01c71a_769x513.png	1474658d94746292	I02.png	2a60a389c9767032	22
/mnt/v/input/zensim/sources/fe87e52d6c01c71a_818x1022.png	66cf352d14728f6c	I05.png	04cb2e9095568c8d	24
/mnt/v/input/zensim/sources/fedb623228b219cc_1022x818.png	c69e9614b434159d	I08.png	9ade5edcd5949f8e	22
/mnt/v/input/zensim/sources/fedb623228b219cc_1024sq.png	618e961434351ddd	I05.png	04cb2e9095568c8d	25
/mnt/v/input/zensim/sources/fedb623228b219cc_512sq.png	15716363635333b3	I01.png	5db2525252732b34	22
/mnt/v/input/zensim/sources/fedb623228b219cc_513x769.png	0f3573636373b3b6	I01.png	5db2525252732b34	20
/mnt/v/input/zensim/sources/fedb623228b219cc_769x513.png	9f97a636b6267636	I18.png	33158e27a7a62331	20
/mnt/v/input/zensim/sources/fedb623228b219cc_818x1022.png	e19f96b63634b4bc	I16.png	8187023342038190	26
/mnt/v/input/zensim/sources/gmessages_1022x818.png	3008000000000000	I16.png	8187023342038190	22
/mnt/v/input/zensim/sources/gmessages_1024sq.png	d032480000000000	I03.png	905258189b380c87	20
/mnt/v/input/zensim/sources/gmessages_513x769.png	2004000000000000	I16.png	8187023342038190	19
/mnt/v/input/zensim/sources/gmessages_818x1022.png	d433840000000000	I16.png	8187023342038190	23
/mnt/v/input/zensim/sources/gui_1022x818.png	11d1cdc3835732d4	I12.png	c3c3c3c3e3c3d6ec	21
/mnt/v/input/zensim/sources/gui_1024sq.png	10d1cdc38b33d4d4	I12.png	c3c3c3c3e3c3d6ec	21
/mnt/v/input/zensim/sources/gui_512sq.png	4626166868930c71	I17.png	646094f473796971	24
/mnt/v/input/zensim/sources/gui_513x769.png	da560668688f7172	I04.png	63322169e8adc1c1	24
/mnt/v/input/zensim/sources/gui_769x513.png	848497a9a9550d32	I20.png	9adea783e1110b0b	23
/mnt/v/input/zensim/sources/gui_818x1022.png	10918d812973b296	I22.png	949515181b9372f0	22
/mnt/v/input/zensim/sources/imac_dark_1022x818.png	7d415e464b514cca	I13.png	ecc1d690c9fcc6c0	23
/mnt/v/input/zensim/sources/imac_dark_1024sq.png	5c5d46464b49c8c1	I24.png	cdcdebcb4accc999	22
/mnt/v/input/zensim/sources/imac_dark_513x769.png	d70d1995989a99ca	I06.png	9313a3de8ec9c8e8	27
/mnt/v/input/zensim/sources/imac_dark_769x513.png	dacbb3c99b6dca91	I24.png	cdcdebcb4accc999	20
/mnt/v/input/zensim/sources/imac_dark_818x1022.png	1cfccac3c9c2c9a1	I24.png	cdcdebcb4accc999	19
/mnt/v/input/zensim/sources/imac_g3_1022x818.png	50d2908988989192	I03.png	905258189b380c87	22
/mnt/v/input/zensim/sources/imac_g3_1024sq.png	d3d2d28988959390	I08.png	9ade5edcd5949f8e	24
/mnt/v/input/zensim/sources/imac_g3_512sq.png	303465142908692a	I15.png	1517333479696c79	22
/mnt/v/input/zensim/sources/imac_g3_513x769.png	ad30241509482a34	I01.png	5db2525252732b34	26
/mnt/v/input/zensim/sources/imac_g3_769x513.png	9195a4999a88220a	I22.png	949515181b9372f0	22
/mnt/v/input/zensim/sources/imac_g3_818x1022.png	a3a191848a8c9192	I16.png	8187023342038190	25
/mnt/v/input/zensim/sources/imessage_1022x818.png	4440195d2d40406d	I14.png	40c0383739adecec	22
/mnt/v/input/zensim/sources/imessage_1024sq.png	07403a1d1d404d3d	I15.png	1517333479696c79	22
/mnt/v/input/zensim/sources/imessage_512sq.png	d80c0c0f06dc7881	I09.png	c8b4acccd2563c26	25
/mnt/v/input/zensim/sources/imessage_513x769.png	cac01c0e46d88095	I03.png	905258189b380c87	26
/mnt/v/input/zensim/sources/imessage_769x513.png	600d1d0c0d697842	I15.png	1517333479696c79	26
/mnt/v/input/zensim/sources/imessage_818x1022.png	4b40780c1dc84d7c	I14.png	40c0383739adecec	21
/mnt/v/input/zensim/sources/nicubunu_Game_baddie_Policeman_512sq.png	2b2b3b2b1b1f864d	I04.png	63322169e8adc1c1	27
/mnt/v/input/zensim/sources/pexels-photo-1029599_512sq.png	25af595c9cd1e7eb	I10.png	9c9f585e4c18bc24	27
/mnt/v/input/zensim/sources/pexels-photo-1075776_512sq.png	07464f2d35816c30	I15.png	1517333479696c79	23
/mnt/v/input/zensim/sources/pexels-photo-1130297_512sq.png	32f2f2ea68ecbcde	I21.png	3ad9a265616b94d3	23
/mnt/v/input/zensim/sources/pexels-photo-1544724_512sq.png	7471666cb6633ab3	I17.png	646094f473796971	25
/mnt/v/input/zensim/sources/pexels-photo-2598024_512sq.png	636b692323414363	I19.png	177df9e766474148	22
/mnt/v/input/zensim/sources/pexels-photo-2811087_512sq.png	f8189933f2f0e0e1	I17.png	646094f473796971	26
/mnt/v/input/zensim/sources/pexels-photo-2846602_512sq.png	98ed86a6a6a29aca	I20.png	9adea783e1110b0b	25
/mnt/v/input/zensim/sources/pexels-photo-3155588_512sq.png	4d2d375549693333	I07.png	4d65e5a5e171b165	21
/mnt/v/input/zensim/sources/pexels-photo-3193731_512sq.png	8d19168a899c8ecc	I13.png	ecc1d690c9fcc6c0	19
/mnt/v/input/zensim/sources/pexels-photo-3214683_512sq.png	195a4c13292d0f2d	I03.png	905258189b380c87	22
/mnt/v/input/zensim/sources/pexels-photo-3289880_512sq.png	0f17c3c161739393	I21.png	3ad9a265616b94d3	21
/mnt/v/input/zensim/sources/pexels-photo-3568544_512sq.png	c1d9b9f84cd8d474	I10.png	9c9f585e4c18bc24	23
/mnt/v/input/zensim/sources/pexels-photo-3680501_512sq.png	9aae3bae1c293724	I10.png	9c9f585e4c18bc24	22
/mnt/v/input/zensim/sources/pexels-photo-4177747_512sq.png	f1e2c3c377bb9494	I12.png	c3c3c3c3e3c3d6ec	18
/mnt/v/input/zensim/sources/pexels-photo-4352249_512sq.png	4061630d253189cc	I07.png	4d65e5a5e171b165	21
/mnt/v/input/zensim/sources/pexels-photo-4354221_512sq.png	b9bbe3ecadc7c69f	I06.png	9313a3de8ec9c8e8	25
/mnt/v/input/zensim/sources/pexels-photo-4405455_512sq.png	ab5a54e18e9732f2	I22.png	949515181b9372f0	27
/mnt/v/input/zensim/sources/pexels-photo-4577831_512sq.png	abedef63d5cde89c	I24.png	cdcdebcb4accc999	20
/mnt/v/input/zensim/sources/pexels-photo-4672246_512sq.png	687991302c8d8d0f	I23.png	ecf8d15458b85959	24
/mnt/v/input/zensim/sources/pexels-photo-6096399_512sq.png	7347c686564b4b6e	I11.png	1f8b64765e595aac	23
/mnt/v/input/zensim/sources/pexels-photo-635405_512sq.png	0f0e0e18b364ad78	I05.png	04cb2e9095568c8d	24
/mnt/v/input/zensim/sources/pexels-photo-6635187_512sq.png	3331793333bbebf4	I14.png	40c0383739adecec	23
/mnt/v/input/zensim/sources/pexels-photo-7078290_512sq.png	193939332938b215	I10.png	9c9f585e4c18bc24	26
/mnt/v/input/zensim/sources/pexels-photo-7263002_512sq.png	4c9a1d1132b0d2f3	I22.png	949515181b9372f0	21
/mnt/v/input/zensim/sources/pexels-photo-7438498_512sq.png	61549e8f4e446464	I09.png	c8b4acccd2563c26	24
/mnt/v/input/zensim/sources/pexels-photo-796526_512sq.png	9ca2213763030701	I16.png	8187023342038190	19
/mnt/v/input/zensim/sources/pexels-photo-951408_512sq.png	6362624a62636362	I01.png	5db2525252732b34	21
/mnt/v/input/zensim/sources/terminal_1022x818.png	061a8d85c6e6c2c6	I19.png	177df9e766474148	26
/mnt/v/input/zensim/sources/terminal_512sq.png	388487174765a4a4	I16.png	8187023342038190	24
/mnt/v/input/zensim/sources/terminal_513x769.png	338c86074724a485	I18.png	33158e27a7a62331	19
/mnt/v/input/zensim/sources/terminal_769x513.png	394c46c6a6a76785	I18.png	33158e27a7a62331	21
/mnt/v/input/zensim/sources/terminal_818x1022.png	40b34c44a6a3c774	I12.png	c3c3c3c3e3c3d6ec	25
/mnt/v/input/zensim/sources/windows_1022x818.png	6969696523b3b171	I07.png	4d65e5a5e171b165	17
/mnt/v/input/zensim/sources/windows_1024sq.png	6969696023917161	I07.png	4d65e5a5e171b165	20
/mnt/v/input/zensim/sources/windows_512sq.png	959880d5c949585a	I06.png	9313a3de8ec9c8e8	23
/mnt/v/input/zensim/sources/windows_513x769.png	889c80d1495858d5	I23.png	ecf8d15458b85959	21
/mnt/v/input/zensim/sources/windows_769x513.png	cac8c0236a292120	I16.png	8187023342038190	23
/mnt/v/input/zensim/sources/windows_818x1022.png	40c8c8602b326c60	I14.png	40c0383739adecec	22
