ref_path	dist_path	image_id	codec	q
/mnt/v/input/zensim/sources/00b13be94a4867dd_1022x818_512sq.png	/mnt/v/output/zensim/exp_tuner_2026-05-18/qsweep/00b13be94a4867dd_1022x818_q005.png	00b13be94a4867dd_1022x818	jpeg420	5
/mnt/v/input/zensim/sources/00b13be94a4867dd_1022x818_512sq.png	/mnt/v/output/zensim/exp_tuner_2026-05-18/qsweep/00b13be94a4867dd_1022x818_q010.png	00b13be94a4867dd_1022x818	jpeg420	10
/mnt/v/input/zensim/sources/00b13be94a4867dd_1022x818_512sq.png	/mnt/v/output/zensim/exp_tuner_2026-05-18/qsweep/00b13be94a4867dd_1022x818_q015.png	00b13be94a4867dd_1022x818	jpeg420	15
/mnt/v/input/zensim/sources/00b13be94a4867dd_1022x818_512sq.png	/mnt/v/output/zensim/exp_tuner_2026-05-18/qsweep/00b13be94a4867dd_1022x818_q020.png	00b13be94a4867dd_1022x818	jpeg420	20
/mnt/v/input/zensim/sources/00b13be94a4867dd_1022x818_512sq.png	/mnt/v/output/zensim/exp_tuner_2026-05-18/qsweep/00b13be94a4867dd_1022x818_q025.png	00b13be94a4867dd_1022x818	jpeg420	25
/mnt/v/input/zensim/sources/00b13be94a4867dd_1022x818_512sq.png	/mnt/v/output/zensim/exp_tuner_2026-05-18/qsweep/00b13be94a4867dd_1022x818_q030.png	00b13be94a4867dd_1022x818	jpeg420	30
/mnt/v/input/zensim/sources/00b13be94a4867dd_1022x818_512sq.png	/mnt/v/output/zensim/exp_tuner_2026-05-18/qsweep/00b13be94a4867dd_1022x818_q035.png	00b13be94a4867dd_1022x818	jpeg420	35
/mnt/v/input/zensim/sources/00b13be94a4867dd_1022x818_512sq.png	/mnt/v/output/zensim/exp_tuner_2026-05-18/qsweep/00b13be94a4867dd_1022x818_q040.png	00b13be94a4867dd_1022x818	jpeg420	40
/mnt/v/input/zensim/sources/00b13be94a4867dd_1022x818_512sq.png	/mnt/v/output/zensim/exp_tuner_2026-05-18/qsweep/00b13be94a4867dd_1022x818_q045.png	00b13be94a4867dd_1022x818	jpeg420	45
/mnt/v/input/zensim/sources/00b13be94a4867dd_1022x818_512sq.png	/mnt/v/output/zensim/exp_tuner_2026-05-18/qsweep/00b13be94a4867dd_1022x818_q050.png	00b13be94a4867dd_1022x818	jpeg420	50
/mnt/v/input/zensim/sources/00b13be94a4867dd_1022x818_512sq.png	/mnt/v/output/zensim/exp_tuner_2026-05-18/qsweep/00b13be94a4867dd_1022x818_q055.png	00b13be94a4867dd_1022x818	jpeg420	55
/mnt/v/input/zensim/sources/00b13be94a4867dd_1022x818_512sq.png	/mnt/v/output/zensim/exp_tuner_2026-05-18/qsweep/00b13be94a4867dd_1022x818_q060.png	00b13be94a4867dd_1022x818	jpeg420	60
/mnt/v/input/zensim/sources/00b13be94a4867dd_1022x818_512sq.png	/mnt/v/output/zensim/exp_tuner_2026-05-18/qsweep/00b13be94a4867dd_1022x818_q065.png	00b13be94a4867dd_1022x818	jpeg420	65
/mnt/v/input/zensim/sources/00b13be94a4867dd_1022x818_512sq.png	/mnt/v/output/zensim/exp_tuner_2026-05-18/qsweep/00b13be94a4867dd_1022x818_q070.png	00b13be94a4867dd_1022x818	jpeg420	70
/mnt/v/input/zensim/sources/00b13be94a4867dd_1022x818_512sq.png	/mnt/v/output/zensim/exp_tuner_2026-05-18/qsweep/00b13be94a4867dd_1022x818_q075.png	00b13be94a4867dd_1022x818	jpeg420	75
/mnt/v/input/zensim/sources/00b13be94a4867dd_1022x818_512sq.png	/mnt/v/output/zensim/exp_tuner_2026-05-18/qsweep/00b13be94a4867dd_1022x818_q080.png	00b13be94a4867dd_1022x818	jpeg420	80
/mnt/v/input/zensim/sources/00b13be94a4867dd_1022x818_512sq.png	/mnt/v/output/zensim/exp_tuner_2026-05-18/qsweep/00b13be94a4867dd_1022x818_q085.png	00b13be94a4867dd_1022x818	jpeg420	85
/mnt/v/input/zensim/sources/00b13be94a4867dd_1022x818_512sq.png	/mnt/v/output/zensim/exp_tuner_2026-05-18/qsweep/00b13be94a4867dd_1022x818_q090.png	00b13be94a4867dd_1022x818	jpeg420	90
/mnt/v/input/zensim/sources/00b13be94a4867dd_1022x818_512sq.png	/mnt/v/output/zensim/exp_tuner_2026-05-18/qsweep/00b13be94a4867dd_1022x818_q095.png	00b13be94a4867dd_1022x818	jpeg420	95
/mnt/v/input/zensim/sources/0543403b53d39228_512sq.png	/mnt/v/output/zensim/exp_tuner_2026-05-18/qsweep/0543403b53d39228_q005.png	0543403b53d39228	jpeg420	5
/mnt/v/input/zensim/sources/0543403b53d39228_512sq.png	/mnt/v/output/zensim/exp_tuner_2026-05-18/qsweep/0543403b53d39228_q010.png	0543403b53d39228	jpeg420	10
/mnt/v/input/zensim/sources/0543403b53d39228_512sq.png	/mnt/v/output/zensim/exp_tuner_2026-05-18/qsweep/0543403b53d39228_q015.png	0543403b53d39228	jpeg420	15
/mnt/v/input/zensim/sources/0543403b53d39228_512sq.png	/mnt/v/output/zensim/exp_tuner_2026-05-18/qsweep/0543403b53d39228_q020.png	0543403b53d39228	jpeg420	20
/mnt/v/input/zensim/sources/0543403b53d39228_512sq.png	/mnt/v/output/zensim/exp_tuner_2026-05-18/qsweep/0543403b53d39228_q025.png	0543403b53d39228	jpeg420	25
/mnt/v/input/zensim/sources/0543403b53d39228_512sq.png	/mnt/v/output/zensim/exp_tuner_2026-05-18/qsweep/0543403b53d39228_q030.png	0543403b53d39228	jpeg420	30
/mnt/v/input/zensim/sources/0543403b53d39228_512sq.png	/mnt/v/output/zensim/exp_tuner_2026-05-18/qsweep/0543403b53d39228_q035.png	0543403b53d39228	jpeg420	35
/mnt/v/input/zensim/sources/0543403b53d39228_512sq.png	/mnt/v/output/zensim/exp_tuner_2026-05-18/qsweep/0543403b53d39228_q040.png	0543403b53d39228	jpeg420	40
/mnt/v/input/zensim/sources/0543403b53d39228_512sq.png	/mnt/v/output/zensim/exp_tuner_2026-05-18/qsweep/0543403b53d39228_q045.png	0543403b53d39228	jpeg420	45
/mnt/v/input/zensim/sources/0543403b53d39228_512sq.png	/mnt/v/output/zensim/exp_tuner_2026-05-18/qsweep/0543403b53d39228_q050.png	0543403b53d39228	jpeg420	50
/mnt/v/input/zensim/sources/0543403b53d39228_512sq.png	/mnt/v/output/zensim/exp_tuner_2026-05-18/qsweep/0543403b53d39228_q055.png	0543403b53d39228	jpeg420	55
/mnt/v/input/zensim/sources/0543403b53d39228_512sq.png	/mnt/v/output/zensim/exp_tuner_2026-05-18/qsweep/0543403b53d39228_q060.png	0543403b53d39228	jpeg420	60
/mnt/v/input/zensim/sources/0543403b53d39228_512sq.png	/mnt/v/output/zensim/exp_tuner_2026-05-18/qsweep/0543403b53d39228_q065.png	0543403b53d39228	jpeg420	65
/mnt/v/input/zensim/sources/0543403b53d39228_512sq.png	/mnt/v/output/zensim/exp_tuner_2026-05-18/qsweep/0543403b53d39228_q070.png	0543403b53d39228	jpeg420	70
/mnt/v/input/zensim/sources/0543403b53d39228_512sq.png	/mnt/v/output/zensim/exp_tuner_2026-05-18/qsweep/0543403b53d39228_q075.png	0543403b53d39228	jpeg420	75
/mnt/v/input/zensim/sources/0543403b53d39228_512sq.png	/mnt/v/output/zensim/exp_tuner_2026-05-18/qsweep/0543403b53d39228_q080.png	0543403b53d39228	jpeg420	80
/mnt/v/input/zensim/sources/0543403b53d39228_512sq.png	/mnt/v/output/zensim/exp_tuner_2026-05-18/qsweep/0543403b53d39228_q085.png	0543403b53d39228	jpeg420	85
/mnt/v/input/zensim/sources/0543403b53d39228_512sq.png	/mnt/v/output/zensim/exp_tuner_2026-05-18/qsweep/0543403b53d39228_q090.png	0543403b53d39228	jpeg420	90
/mnt/v/input/zensim/sources/0543403b53d39228_512sq.png	/mnt/v/output/zensim/exp_tuner_2026-05-18/qsweep/0543403b53d39228_q095.png	0543403b53d39228	jpeg420	95
/mnt/v/input/zensim/sources/097cb426910ba8ce2525dd8bb7fb1777_1022x818_512sq.png	/mnt/v/output/zensim/exp_tuner_2026-05-18/qsweep/097cb426910ba8ce2525dd8bb7fb1777_1022x818_q005.png	097cb426910ba8ce2525dd8bb7fb1777_1022x818	jpeg420	5
/mnt/v/input/zensim/sources/097cb426910ba8ce2525dd8bb7fb1777_1022x818_512sq.png	/mnt/v/output/zensim/exp_tuner_2026-05-18/qsweep/097cb426910ba8ce2525dd8bb7fb1777_1022x818_q010.png	097cb426910ba8ce2525dd8bb7fb1777_1022x818	jpeg420	10
/mnt/v/input/zensim/sources/097cb426910ba8ce2525dd8bb7fb1777_1022x818_512sq.png	/mnt/v/output/zensim/exp_tuner_2026-05-18/qsweep/097cb426910ba8ce2525dd8bb7fb1777_1022x818_q015.png	097cb426910ba8ce2525dd8bb7fb1777_1022x818	jpeg420	15
/mnt/v/input/zensim/sources/097cb426910ba8ce2525dd8bb7fb1777_1022x818_512sq.png	/mnt/v/output/zensim/exp_tuner_2026-05-18/qsweep/097cb426910ba8ce2525dd8bb7fb1777_1022x818_q020.png	097cb426910ba8ce2525dd8bb7fb1777_1022x818	jpeg420	20
/mnt/v/input/zensim/sources/097cb426910ba8ce2525dd8bb7fb1777_1022x818_512sq.png	/mnt/v/output/zensim/exp_tuner_2026-05-18/qsweep/097cb426910ba8ce2525dd8bb7fb1777_1022x818_q025.png	097cb426910ba8ce2525dd8bb7fb1777_1022x818	jpeg420	25
/mnt/v/input/zensim/sources/097cb426910ba8ce2525dd8bb7fb1777_1022x818_512sq.png	/mnt/v/output/zensim/exp_tuner_2026-05-18/qsweep/097cb426910ba8ce2525dd8bb7fb1777_1022x818_q030.png	097cb426910ba8ce2525dd8bb7fb1777_1022x818	jpeg420	30
/mnt/v/input/zensim/sources/097cb426910ba8ce2525dd8bb7fb1777_1022x818_512sq.png	/mnt/v/output/zensim/exp_tuner_2026-05-18/qsweep/097cb426910ba8ce2525dd8bb7fb1777_1022x818_q035.png	097cb426910ba8ce2525dd8bb7fb1777_1022x818	jpeg420	35
/mnt/v/input/zensim/sources/097cb426910ba8ce2525dd8bb7fb1777_1022x818_512sq.png	/mnt/v/output/zensim/exp_tuner_2026-05-18/qsweep/097cb426910ba8ce2525dd8bb7fb1777_1022x818_q040.png	097cb426910ba8ce2525dd8bb7fb1777_1022x818	jpeg420	40
/mnt/v/input/zensim/sources/097cb426910ba8ce2525dd8bb7fb1777_1022x818_512sq.png	/mnt/v/output/zensim/exp_tuner_2026-05-18/qsweep/097cb426910ba8ce2525dd8bb7fb1777_1022x818_q045.png	097cb426910ba8ce2525dd8bb7fb1777_1022x818	jpeg420	45
/mnt/v/input/zensim/sources/097cb426910ba8ce2525dd8bb7fb1777_1022x818_512sq.png	/mnt/v/output/zensim/exp_tuner_2026-05-18/qsweep/097cb426910ba8ce2525dd8bb7fb1777_1022x818_q050.png	097cb426910ba8ce2525dd8bb7fb1777_1022x818	jpeg420	50
/mnt/v/input/zensim/sources/097cb426910ba8ce2525dd8bb7fb1777_1022x818_512sq.png	/mnt/v/output/zensim/exp_tuner_2026-05-18/qsweep/097cb426910ba8ce2525dd8bb7fb1777_1022x818_q055.png	097cb426910ba8ce2525dd8bb7fb1777_1022x818	jpeg420	55
/mnt/v/input/zensim/sources/097cb426910ba8ce2525dd8bb7fb1777_1022x818_512sq.png	/mnt/v/output/zensim/exp_tuner_2026-05-18/qsweep/097cb426910ba8ce2525dd8bb7fb1777_1022x818_q060.png	097cb426910ba8ce2525dd8bb7fb1777_1022x818	jpeg420	60
/mnt/v/input/zensim/sources/097cb426910ba8ce2525dd8bb7fb1777_1022x818_512sq.png	/mnt/v/output/zensim/exp_tuner_2026-05-18/qsweep/097cb426910ba8ce2525dd8bb7fb1777_1022x818_q065.png	097cb426910ba8ce2525dd8bb7fb1777_1022x818	jpeg420	65
/mnt/v/input/zensim/sources/097cb426910ba8ce2525dd8bb7fb1777_1022x818_512sq.png	/mnt/v/output/zensim/exp_tuner_2026-05-18/qsweep/097cb426910ba8ce2525dd8bb7fb1777_1022x818_q070.png	097cb426910ba8ce2525dd8bb7fb1777_1022x818	jpeg420	70
/mnt/v/input/zensim/sources/097cb426910ba8ce2525dd8bb7fb1777_1022x818_512sq.png	/mnt/v/output/zensim/exp_tuner_2026-05-18/qsweep/097cb426910ba8ce2525dd8bb7fb1777_1022x818_q075.png	097cb426910ba8ce2525dd8bb7fb1777_1022x818	jpeg420	75
/mnt/v/input/zensim/sources/097cb426910ba8ce2525dd8bb7fb1777_1022x818_512sq.png	/mnt/v/output/zensim/exp_tuner_2026-05-18/qsweep/097cb426910ba8ce2525dd8bb7fb1777_1022x818_q080.png	097cb426910ba8ce2525dd8bb7fb1777_1022x818	jpeg420	80
/mnt/v/input/zensim/sources/097cb426910ba8ce2525dd8bb7fb1777_1022x818_512sq.png	/mnt/v/output/zensim/exp_tuner_2026-05-18/qsweep/097cb426910ba8ce2525dd8bb7fb1777_1022x818_q085.png	097cb426910ba8ce2525dd8bb7fb1777_1022x818	jpeg420	85
/mnt/v/input/zensim/sources/097cb426910ba8ce2525dd8bb7fb1777_1022x818_512sq.png	/mnt/v/output/zensim/exp_tuner_2026-05-18/qsweep/097cb426910ba8ce2525dd8bb7fb1777_1022x818_q090.png	097cb426910ba8ce2525dd8bb7fb1777_1022x818	jpeg420	90
/mnt/v/input/zensim/sources/097cb426910ba8ce2525dd8bb7fb1777_1022x818_512sq.png	/mnt/v/output/zensim/exp_tuner_2026-05-18/qsweep/097cb426910ba8ce2525dd8bb7fb1777_1022x818_q095.png	097cb426910ba8ce2525dd8bb7fb1777_1022x818	jpeg420	95
/mnt/v/input/zensim/sources/1248582_512sq.png	/mnt/v/output/zensim/exp_tuner_2026-05-18/qsweep/1248582_q005.png	1248582	jpeg420	5
/mnt/v/input/zensim/sources/1248582_512sq.png	/mnt/v/output/zensim/exp_tuner_2026-05-18/qsweep/1248582_q010.png	1248582	jpeg420	10
/mnt/v/input/zensim/sources/1248582_512sq.png	/mnt/v/output/zensim/exp_tuner_2026-05-18/qsweep/1248582_q015.png	1248582	jpeg420	15
/mnt/v/input/zensim/sources/1248582_512sq.png	/mnt/v/output/zensim/exp_tuner_2026-05-18/qsweep/1248582_q020.png	1248582	jpeg420	20
/mnt/v/input/zensim/sources/1248582_512sq.png	/mnt/v/output/zensim/exp_tuner_2026-05-18/qsweep/1248582_q025.png	1248582	jpeg420	25
/mnt/v/input/zensim/sources/1248582_512sq.png	/mnt/v/output/zensim/exp_tuner_2026-05-18/qsweep/1248582_q030.png	1248582	jpeg420	30
/mnt/v/input/zensim/sources/1248582_512sq.png	/mnt/v/output/zensim/exp_tuner_2026-05-18/qsweep/1248582_q035.png	1248582	jpeg420	35
/mnt/v/input/zensim/sources/1248582_512sq.png	/mnt/v/output/zensim/exp_tuner_2026-05-18/qsweep/1248582_q040.png	1248582	jpeg420	40
/mnt/v/input/zensim/sources/1248582_512sq.png	/mnt/v/output/zensim/exp_tuner_2026-05-18/qsweep/1248582_q045.png	1248582	jpeg420	45
/mnt/v/input/zensim/sources/1248582_512sq.png	/mnt/v/output/zensim/exp_tuner_2026-05-18/qsweep/1248582_q050.png	1248582	jpeg420	50
/mnt/v/input/zensim/sources/1248582_512sq.png	/mnt/v/output/zensim/exp_tuner_2026-05-18/qsweep/1248582_q055.png	1248582	jpeg420	55
/mnt/v/input/zensim/sources/1248582_512sq.png	/mnt/v/output/zensim/exp_tuner_2026-05-18/qsweep/1248582_q060.png	1248582	jpeg420	60
/mnt/v/input/zensim/sources/1248582_512sq.png	/mnt/v/output/zensim/exp_tuner_2026-05-18/qsweep/1248582_q065.png	1248582	jpeg420	65
/mnt/v/input/zensim/sources/1248582_512sq.png	/mnt/v/output/zensim/exp_tuner_2026-05-18/qsweep/1248582_q070.png	1248582	jpeg420	70
/mnt/v/input/zensim/sources/1248582_512sq.png	/mnt/v/output/zensim/exp_tuner_2026-05-18/qsweep/1248582_q075.png	1248582	jpeg420	75
/mnt/v/input/zensim/sources/1248582_512sq.png	/mnt/v/output/zensim/exp_tuner_2026-05-18/qsweep/1248582_q080.png	1248582	jpeg420	80
/mnt/v/input/zensim/sources/1248582_512sq.png	/mnt/v/output/zensim/exp_tuner_2026-05-18/qsweep/1248582_q085.png	1248582	jpeg420	85
/mnt/v/input/zensim/sources/1248582_512sq.png	/mnt/v/output/zensim/exp_tuner_2026-05-18/qsweep/1248582_q090.png	1248582	jpeg420	90
/mnt/v/input/zensim/sources/1248582_512sq.png	/mnt/v/output/zensim/exp_tuner_2026-05-18/qsweep/1248582_q095.png	1248582	jpeg420	95
/mnt/v/input/zensim/sources/1ebf7141ff840f98_512sq.png	/mnt/v/output/zensim/exp_tuner_2026-05-18/qsweep/1ebf7141ff840f98_q005.png	1ebf7141ff840f98	jpeg420	5
/mnt/v/input/zensim/sources/1ebf7141ff840f98_512sq.png	/mnt/v/output/zensim/exp_tuner_2026-05-18/qsweep/1ebf7141ff840f98_q010.png	1ebf7141ff840f98	jpeg420	10
/mnt/v/input/zensim/sources/1ebf7141ff840f98_512sq.png	/mnt/v/output/zensim/exp_tuner_2026-05-18/qsweep/1ebf7141ff840f98_q015.png	1ebf7141ff840f98	jpeg420	15
/mnt/v/input/zensim/sources/1ebf7141ff840f98_512sq.png	/mnt/v/output/zensim/exp_tuner_2026-05-18/qsweep/1ebf7141ff840f98_q020.png	1ebf7141ff840f98	jpeg420	20
/mnt/v/input/zensim/sources/1ebf7141ff840f98_512sq.png	/mnt/v/output/zensim/exp_tuner_2026-05-18/qsweep/1ebf7141ff840f98_q025.png	1ebf7141ff840f98	jpeg420	25
/mnt/v/input/zensim/sources/1ebf7141ff840f98_512sq.png	/mnt/v/output/zensim/exp_tuner_2026-05-18/qsweep/1ebf7141ff840f98_q030.png	1ebf7141ff840f98	jpeg420	30
/mnt/v/input/zensim/sources/1ebf7141ff840f98_512sq.png	/mnt/v/output/zensim/exp_tuner_2026-05-18/qsweep/1ebf7141ff840f98_q035.png	1ebf7141ff840f98	jpeg420	35
/mnt/v/input/zensim/sources/1ebf7141ff840f98_512sq.png	/mnt/v/output/zensim/exp_tuner_2026-05-18/qsweep/1ebf7141ff840f98_q040.png	1ebf7141ff840f98	jpeg420	40
/mnt/v/input/zensim/sources/1ebf7141ff840f98_512sq.png	/mnt/v/output/zensim/exp_tuner_2026-05-18/qsweep/1ebf7141ff840f98_q045.png	1ebf7141ff840f98	jpeg420	45
/mnt/v/input/zensim/sources/1ebf7141ff840f98_512sq.png	/mnt/v/output/zensim/exp_tuner_2026-05-18/qsweep/1ebf7141ff840f98_q050.png	1ebf7141ff840f98	jpeg420	50
/mnt/v/input/zensim/sources/1ebf7141ff840f98_512sq.png	/mnt/v/output/zensim/exp_tuner_2026-05-18/qsweep/1ebf7141ff840f98_q055.png	1ebf7141ff840f98	jpeg420	55
/mnt/v/input/zensim/sources/1ebf7141ff840f98_512sq.png	/mnt/v/output/zensim/exp_tuner_2026-05-18/qsweep/1ebf7141ff840f98_q060.png	1ebf7141ff840f98	jpeg420	60
/mnt/v/input/zensim/sources/1ebf7141ff840f98_512sq.png	/mnt/v/output/zensim/exp_tuner_2026-05-18/qsweep/1ebf7141ff840f98_q065.png	1ebf7141ff840f98	jpeg420	65
/mnt/v/input/zensim/sources/1ebf7141ff840f98_512sq.png	/mnt/v/output/zensim/exp_tuner_2026-05-18/qsweep/1ebf7141ff840f98_q070.png	1ebf7141ff840f98	jpeg420	70
/mnt/v/input/zensim/sources/1ebf7141ff840f98_512sq.png	/mnt/v/output/zensim/exp_tuner_2026-05-18/qsweep/1ebf7141ff840f98_q075.png	1ebf7141ff840f98	jpeg420	75
/mnt/v/input/zensim/sources/1ebf7141ff840f98_512sq.png	/mnt/v/output/zensim/exp_tuner_2026-05-18/qsweep/1ebf7141ff840f98_q080.png	1ebf7141ff840f98	jpeg420	80
/mnt/v/input/zensim/sources/1ebf7141ff840f98_512sq.png	/mnt/v/output/zensim/exp_tuner_2026-05-18/qsweep/1ebf7141ff840f98_q085.png	1ebf7141ff840f98	jpeg420	85
/mnt/v/input/zensim/sources/1ebf7141ff840f98_512sq.png	/mnt/v/output/zensim/exp_tuner_2026-05-18/qsweep/1ebf7141ff840f98_q090.png	1ebf7141ff840f98	jpeg420	90
/mnt/v/input/zensim/sources/1ebf7141ff840f98_512sq.png	/mnt/v/output/zensim/exp_tuner_2026-05-18/qsweep/1ebf7141ff840f98_q095.png	1ebf7141ff840f98	jpeg420	95
/mnt/v/input/zensim/sources/2866385_512sq.png	/mnt/v/output/zensim/exp_tuner_2026-05-18/qsweep/2866385_q005.png	2866385	jpeg420	5
/mnt/v/input/zensim/sources/2866385_512sq.png	/mnt/v/output/zensim/exp_tuner_2026-05-18/qsweep/2866385_q010.png	2866385	jpeg420	10
/mnt/v/input/zensim/sources/2866385_512sq.png	/mnt/v/output/zensim/exp_tuner_2026-05-18/qsweep/2866385_q015.png	2866385	jpeg420	15
/mnt/v/input/zensim/sources/2866385_512sq.png	/mnt/v/output/zensim/exp_tuner_2026-05-18/qsweep/2866385_q020.png	2866385	jpeg420	20
/mnt/v/input/zensim/sources/2866385_512sq.png	/mnt/v/output/zensim/exp_tuner_2026-05-18/qsweep/2866385_q025.png	2866385	jpeg420	25
/mnt/v/input/zensim/sources/2866385_512sq.png	/mnt/v/output/zensim/exp_tuner_2026-05-18/qsweep/2866385_q030.png	2866385	jpeg420	30
/mnt/v/input/zensim/sources/2866385_512sq.png	/mnt/v/output/zensim/exp_tuner_2026-05-18/qsweep/2866385_q035.png	2866385	jpeg420	35
/mnt/v/input/zensim/sources/2866385_512sq.png	/mnt/v/output/zensim/exp_tuner_2026-05-18/qsweep/2866385_q040.png	2866385	jpeg420	40
/mnt/v/input/zensim/sources/2866385_512sq.png	/mnt/v/output/zensim/exp_tuner_2026-05-18/qsweep/2866385_q045.png	2866385	jpeg420	45
/mnt/v/input/zensim/sources/2866385_512sq.png	/mnt/v/output/zensim/exp_tuner_2026-05-18/qsweep/2866385_q050.png	2866385	jpeg420	50
/mnt/v/input/zensim/sources/2866385_512sq.png	/mnt/v/output/zensim/exp_tuner_2026-05-18/qsweep/2866385_q055.png	2866385	jpeg420	55
/mnt/v/input/zensim/sources/2866385_512sq.png	/mnt/v/output/zensim/exp_tuner_2026-05-18/qsweep/2866385_q060.png	2866385	jpeg420	60
/mnt/v/input/zensim/sources/2866385_512sq.png	/mnt/v/output/zensim/exp_tuner_2026-05-18/qsweep/2866385_q065.png	2866385	jpeg420	65
/mnt/v/input/zensim/sources/2866385_512sq.png	/mnt/v/output/zensim/exp_tuner_2026-05-18/qsweep/2866385_q070.png	2866385	jpeg420	70
/mnt/v/input/zensim/sources/2866385_512sq.png	/mnt/v/output/zensim/exp_tuner_2026-05-18/qsweep/2866385_q075.png	2866385	jpeg420	75
/mnt/v/input/zensim/sources/2866385_512sq.png	/mnt/v/output/zensim/exp_tuner_2026-05-18/qsweep/2866385_q080.png	2866385	jpeg420	80
/mnt/v/input/zensim/sources/2866385_512sq.png	/mnt/v/output/zensim/exp_tuner_2026-05-18/qsweep/2866385_q085.png	2866385	jpeg420	85
/mnt/v/input/zensim/sources/2866385_512sq.png	/mnt/v/output/zensim/exp_tuner_2026-05-18/qsweep/2866385_q090.png	2866385	jpeg420	90
/mnt/v/input/zensim/sources/2866385_512sq.png	/mnt/v/output/zensim/exp_tuner_2026-05-18/qsweep/2866385_q095.png	2866385	jpeg420	95
/mnt/v/input/zensim/sources/3d4f8bdb5b3733d3_512sq.png	/mnt/v/output/zensim/exp_tuner_2026-05-18/qsweep/3d4f8bdb5b3733d3_q005.png	3d4f8bdb5b3733d3	jpeg420	5
/mnt/v/input/zensim/sources/3d4f8bdb5b3733d3_512sq.png	/mnt/v/output/zensim/exp_tuner_2026-05-18/qsweep/3d4f8bdb5b3733d3_q010.png	3d4f8bdb5b3733d3	jpeg420	10
/mnt/v/input/zensim/sources/3d4f8bdb5b3733d3_512sq.png	/mnt/v/output/zensim/exp_tuner_2026-05-18/qsweep/3d4f8bdb5b3733d3_q015.png	3d4f8bdb5b3733d3	jpeg420	15
/mnt/v/input/zensim/sources/3d4f8bdb5b3733d3_512sq.png	/mnt/v/output/zensim/exp_tuner_2026-05-18/qsweep/3d4f8bdb5b3733d3_q020.png	3d4f8bdb5b3733d3	jpeg420	20
/mnt/v/input/zensim/sources/3d4f8bdb5b3733d3_512sq.png	/mnt/v/output/zensim/exp_tuner_2026-05-18/qsweep/3d4f8bdb5b3733d3_q025.png	3d4f8bdb5b3733d3	jpeg420	25
/mnt/v/input/zensim/sources/3d4f8bdb5b3733d3_512sq.png	/mnt/v/output/zensim/exp_tuner_2026-05-18/qsweep/3d4f8bdb5b3733d3_q030.png	3d4f8bdb5b3733d3	jpeg420	30
/mnt/v/input/zensim/sources/3d4f8bdb5b3733d3_512sq.png	/mnt/v/output/zensim/exp_tuner_2026-05-18/qsweep/3d4f8bdb5b3733d3_q035.png	3d4f8bdb5b3733d3	jpeg420	35
/mnt/v/input/zensim/sources/3d4f8bdb5b3733d3_512sq.png	/mnt/v/output/zensim/exp_tuner_2026-05-18/qsweep/3d4f8bdb5b3733d3_q040.png	3d4f8bdb5b3733d3	jpeg420	40
/mnt/v/input/zensim/sources/3d4f8bdb5b3733d3_512sq.png	/mnt/v/output/zensim/exp_tuner_2026-05-18/qsweep/3d4f8bdb5b3733d3_q045.png	3d4f8bdb5b3733d3	jpeg420	45
/mnt/v/input/zensim/sources/3d4f8bdb5b3733d3_512sq.png	/mnt/v/output/zensim/exp_tuner_2026-05-18/qsweep/3d4f8bdb5b3733d3_q050.png	3d4f8bdb5b3733d3	jpeg420	50
/mnt/v/input/zensim/sources/3d4f8bdb5b3733d3_512sq.png	/mnt/v/output/zensim/exp_tuner_2026-05-18/qsweep/3d4f8bdb5b3733d3_q055.png	3d4f8bdb5b3733d3	jpeg420	55
/mnt/v/input/zensim/sources/3d4f8bdb5b3733d3_512sq.png	/mnt/v/output/zensim/exp_tuner_2026-05-18/qsweep/3d4f8bdb5b3733d3_q060.png	3d4f8bdb5b3733d3	jpeg420	60
/mnt/v/input/zensim/sources/3d4f8bdb5b3733d3_512sq.png	/mnt/v/output/zensim/exp_tuner_2026-05-18/qsweep/3d4f8bdb5b3733d3_q065.png	3d4f8bdb5b3733d3	jpeg420	65
/mnt/v/input/zensim/sources/3d4f8bdb5b3733d3_512sq.png	/mnt/v/output/zensim/exp_tuner_2026-05-18/qsweep/3d4f8bdb5b3733d3_q070.png	3d4f8bdb5b3733d3	jpeg420	70
/mnt/v/input/zensim/sources/3d4f8bdb5b3733d3_512sq.png	/mnt/v/output/zensim/exp_tuner_2026-05-18/qsweep/3d4f8bdb5b3733d3_q075.png	3d4f8bdb5b3733d3	jpeg420	75
/mnt/v/input/zensim/sources/3d4f8bdb5b3733d3_512sq.png	/mnt/v/output/zensim/exp_tuner_2026-05-18/qsweep/3d4f8bdb5b3733d3_q080.png	3d4f8bdb5b3733d3	jpeg420	80
/mnt/v/input/zensim/sources/3d4f8bdb5b3733d3_512sq.png	/mnt/v/output/zensim/exp_tuner_2026-05-18/qsweep/3d4f8bdb5b3733d3_q085.png	3d4f8bdb5b3733d3	jpeg420	85
/mnt/v/input/zensim/sources/3d4f8bdb5b3733d3_512sq.png	/mnt/v/output/zensim/exp_tuner_2026-05-18/qsweep/3d4f8bdb5b3733d3_q090.png	3d4f8bdb5b3733d3	jpeg420	90
/mnt/v/input/zensim/sources/3d4f8bdb5b3733d3_512sq.png	/mnt/v/output/zensim/exp_tuner_2026-05-18/qsweep/3d4f8bdb5b3733d3_q095.png	3d4f8bdb5b3733d3	jpeg420	95
/mnt/v/input/zensim/sources/599acb58f6410703_512sq.png	/mnt/v/output/zensim/exp_tuner_2026-05-18/qsweep/599acb58f6410703_q005.png	599acb58f6410703	jpeg420	5
/mnt/v/input/zensim/sources/599acb58f6410703_512sq.png	/mnt/v/output/zensim/exp_tuner_2026-05-18/qsweep/599acb58f6410703_q010.png	599acb58f6410703	jpeg420	10
/mnt/v/input/zensim/sources/599acb58f6410703_512sq.png	/mnt/v/output/zensim/exp_tuner_2026-05-18/qsweep/599acb58f6410703_q015.png	599acb58f6410703	jpeg420	15
/mnt/v/input/zensim/sources/599acb58f6410703_512sq.png	/mnt/v/output/zensim/exp_tuner_2026-05-18/qsweep/599acb58f6410703_q020.png	599acb58f6410703	jpeg420	20
/mnt/v/input/zensim/sources/599acb58f6410703_512sq.png	/mnt/v/output/zensim/exp_tuner_2026-05-18/qsweep/599acb58f6410703_q025.png	599acb58f6410703	jpeg420	25
/mnt/v/input/zensim/sources/599acb58f6410703_512sq.png	/mnt/v/output/zensim/exp_tuner_2026-05-18/qsweep/599acb58f6410703_q030.png	599acb58f6410703	jpeg420	30
/mnt/v/input/zensim/sources/599acb58f6410703_512sq.png	/mnt/v/output/zensim/exp_tuner_2026-05-18/qsweep/599acb58f6410703_q035.png	599acb58f6410703	jpeg420	35
/mnt/v/input/zensim/sources/599acb58f6410703_512sq.png	/mnt/v/output/zensim/exp_tuner_2026-05-18/qsweep/599acb58f6410703_q040.png	599acb58f6410703	jpeg420	40
/mnt/v/input/zensim/sources/599acb58f6410703_512sq.png	/mnt/v/output/zensim/exp_tuner_2026-05-18/qsweep/599acb58f6410703_q045.png	599acb58f6410703	jpeg420	45
/mnt/v/input/zensim/sources/599acb58f6410703_512sq.png	/mnt/v/output/zensim/exp_tuner_2026-05-18/qsweep/599acb58f6410703_q050.png	599acb58f6410703	jpeg420	50
/mnt/v/input/zensim/sources/599acb58f6410703_512sq.png	/mnt/v/output/zensim/exp_tuner_2026-05-18/qsweep/599acb58f6410703_q055.png	599acb58f6410703	jpeg420	55
/mnt/v/input/zensim/sources/599acb58f6410703_512sq.png	/mnt/v/output/zensim/exp_tuner_2026-05-18/qsweep/599acb58f6410703_q060.png	599acb58f6410703	jpeg420	60
/mnt/v/input/zensim/sources/599acb58f6410703_512sq.png	/mnt/v/output/zensim/exp_tuner_2026-05-18/qsweep/599acb58f6410703_q065.png	599acb58f6410703	jpeg420	65
/mnt/v/input/zensim/sources/599acb58f6410703_512sq.png	/mnt/v/output/zensim/exp_tuner_2026-05-18/qsweep/599acb58f6410703_q070.png	599acb58f6410703	jpeg420	70
/mnt/v/input/zensim/sources/599acb58f6410703_512sq.png	/mnt/v/output/zensim/exp_tuner_2026-05-18/qsweep/599acb58f6410703_q075.png	599acb58f6410703	jpeg420	75
/mnt/v/input/zensim/sources/599acb58f6410703_512sq.png	/mnt/v/output/zensim/exp_tuner_2026-05-18/qsweep/599acb58f6410703_q080.png	599acb58f6410703	jpeg420	80
/mnt/v/input/zensim/sources/599acb58f6410703_512sq.png	/mnt/v/output/zensim/exp_tuner_2026-05-18/qsweep/599acb58f6410703_q085.png	599acb58f6410703	jpeg420	85
/mnt/v/input/zensim/sources/599acb58f6410703_512sq.png	/mnt/v/output/zensim/exp_tuner_2026-05-18/qsweep/599acb58f6410703_q090.png	599acb58f6410703	jpeg420	90
/mnt/v/input/zensim/sources/599acb58f6410703_512sq.png	/mnt/v/output/zensim/exp_tuner_2026-05-18/qsweep/599acb58f6410703_q095.png	599acb58f6410703	jpeg420	95
/mnt/v/input/zensim/sources/729f1e461d3552da_512sq.png	/mnt/v/output/zensim/exp_tuner_2026-05-18/qsweep/729f1e461d3552da_q005.png	729f1e461d3552da	jpeg420	5
/mnt/v/input/zensim/sources/729f1e461d3552da_512sq.png	/mnt/v/output/zensim/exp_tuner_2026-05-18/qsweep/729f1e461d3552da_q010.png	729f1e461d3552da	jpeg420	10
/mnt/v/input/zensim/sources/729f1e461d3552da_512sq.png	/mnt/v/output/zensim/exp_tuner_2026-05-18/qsweep/729f1e461d3552da_q015.png	729f1e461d3552da	jpeg420	15
/mnt/v/input/zensim/sources/729f1e461d3552da_512sq.png	/mnt/v/output/zensim/exp_tuner_2026-05-18/qsweep/729f1e461d3552da_q020.png	729f1e461d3552da	jpeg420	20
/mnt/v/input/zensim/sources/729f1e461d3552da_512sq.png	/mnt/v/output/zensim/exp_tuner_2026-05-18/qsweep/729f1e461d3552da_q025.png	729f1e461d3552da	jpeg420	25
/mnt/v/input/zensim/sources/729f1e461d3552da_512sq.png	/mnt/v/output/zensim/exp_tuner_2026-05-18/qsweep/729f1e461d3552da_q030.png	729f1e461d3552da	jpeg420	30
/mnt/v/input/zensim/sources/729f1e461d3552da_512sq.png	/mnt/v/output/zensim/exp_tuner_2026-05-18/qsweep/729f1e461d3552da_q035.png	729f1e461d3552da	jpeg420	35
/mnt/v/input/zensim/sources/729f1e461d3552da_512sq.png	/mnt/v/output/zensim/exp_tuner_2026-05-18/qsweep/729f1e461d3552da_q040.png	729f1e461d3552da	jpeg420	40
/mnt/v/input/zensim/sources/729f1e461d3552da_512sq.png	/mnt/v/output/zensim/exp_tuner_2026-05-18/qsweep/729f1e461d3552da_q045.png	729f1e461d3552da	jpeg420	45
/mnt/v/input/zensim/sources/729f1e461d3552da_512sq.png	/mnt/v/output/zensim/exp_tuner_2026-05-18/qsweep/729f1e461d3552da_q050.png	729f1e461d3552da	jpeg420	50
/mnt/v/input/zensim/sources/729f1e461d3552da_512sq.png	/mnt/v/output/zensim/exp_tuner_2026-05-18/qsweep/729f1e461d3552da_q055.png	729f1e461d3552da	jpeg420	55
/mnt/v/input/zensim/sources/729f1e461d3552da_512sq.png	/mnt/v/output/zensim/exp_tuner_2026-05-18/qsweep/729f1e461d3552da_q060.png	729f1e461d3552da	jpeg420	60
/mnt/v/input/zensim/sources/729f1e461d3552da_512sq.png	/mnt/v/output/zensim/exp_tuner_2026-05-18/qsweep/729f1e461d3552da_q065.png	729f1e461d3552da	jpeg420	65
/mnt/v/input/zensim/sources/729f1e461d3552da_512sq.png	/mnt/v/output/zensim/exp_tuner_2026-05-18/qsweep/729f1e461d3552da_q070.png	729f1e461d3552da	jpeg420	70
/mnt/v/input/zensim/sources/729f1e461d3552da_512sq.png	/mnt/v/output/zensim/exp_tuner_2026-05-18/qsweep/729f1e461d3552da_q075.png	729f1e461d3552da	jpeg420	75
/mnt/v/input/zensim/sources/729f1e461d3552da_512sq.png	/mnt/v/output/zensim/exp_tuner_2026-05-18/qsweep/729f1e461d3552da_q080.png	729f1e461d3552da	jpeg420	80
/mnt/v/input/zensim/sources/729f1e461d3552da_512sq.png	/mnt/v/output/zensim/exp_tuner_2026-05-18/qsweep/729f1e461d3552da_q085.png	729f1e461d3552da	jpeg420	85
/mnt/v/input/zensim/sources/729f1e461d3552da_512sq.png	/mnt/v/output/zensim/exp_tuner_2026-05-18/qsweep/729f1e461d3552da_q090.png	729f1e461d3552da	jpeg420	90
/mnt/v/input/zensim/sources/729f1e461d3552da_512sq.png	/mnt/v/output/zensim/exp_tuner_2026-05-18/qsweep/729f1e461d3552da_q095.png	729f1e461d3552da	jpeg420	95
/mnt/v/input/zensim/sources/8f0cf3087dd4497f_512sq.png	/mnt/v/output/zensim/exp_tuner_2026-05-18/qsweep/8f0cf3087dd4497f_q005.png	8f0cf3087dd4497f	jpeg420	5
/mnt/v/input/zensim/sources/8f0cf3087dd4497f_512sq.png	/mnt/v/output/zensim/exp_tuner_2026-05-18/qsweep/8f0cf3087dd4497f_q010.png	8f0cf3087dd4497f	jpeg420	10
/mnt/v/input/zensim/sources/8f0cf3087dd4497f_512sq.png	/mnt/v/output/zensim/exp_tuner_2026-05-18/qsweep/8f0cf3087dd4497f_q015.png	8f0cf3087dd4497f	jpeg420	15
/mnt/v/input/zensim/sources/8f0cf3087dd4497f_512sq.png	/mnt/v/output/zensim/exp_tuner_2026-05-18/qsweep/8f0cf3087dd4497f_q020.png	8f0cf3087dd4497f	jpeg420	20
/mnt/v/input/zensim/sources/8f0cf3087dd4497f_512sq.png	/mnt/v/output/zensim/exp_tuner_2026-05-18/qsweep/8f0cf3087dd4497f_q025.png	8f0cf3087dd4497f	jpeg420	25
/mnt/v/input/zensim/sources/8f0cf3087dd4497f_512sq.png	/mnt/v/output/zensim/exp_tuner_2026-05-18/qsweep/8f0cf3087dd4497f_q030.png	8f0cf3087dd4497f	jpeg420	30
/mnt/v/input/zensim/sources/8f0cf3087dd4497f_512sq.png	/mnt/v/output/zensim/exp_tuner_2026-05-18/qsweep/8f0cf3087dd4497f_q035.png	8f0cf3087dd4497f	jpeg420	35
/mnt/v/input/zensim/sources/8f0cf3087dd4497f_512sq.png	/mnt/v/output/zensim/exp_tuner_2026-05-18/qsweep/8f0cf3087dd4497f_q040.png	8f0cf3087dd4497f	jpeg420	40
/mnt/v/input/zensim/sources/8f0cf3087dd4497f_512sq.png	/mnt/v/output/zensim/exp_tuner_2026-05-18/qsweep/8f0cf3087dd4497f_q045.png	8f0cf3087dd4497f	jpeg420	45
/mnt/v/input/zensim/sources/8f0cf3087dd4497f_512sq.png	/mnt/v/output/zensim/exp_tuner_2026-05-18/qsweep/8f0cf3087dd4497f_q050.png	8f0cf3087dd4497f	jpeg420	50
/mnt/v/input/zensim/sources/8f0cf3087dd4497f_512sq.png	/mnt/v/output/zensim/exp_tuner_2026-05-18/qsweep/8f0cf3087dd4497f_q055.png	8f0cf3087dd4497f	jpeg420	55
/mnt/v/input/zensim/sources/8f0cf3087dd4497f_512sq.png	/mnt/v/output/zensim/exp_tuner_2026-05-18/qsweep/8f0cf3087dd4497f_q060.png	8f0cf3087dd4497f	jpeg420	60
/mnt/v/input/zensim/sources/8f0cf3087dd4497f_512sq.png	/mnt/v/output/zensim/exp_tuner_2026-05-18/qsweep/8f0cf3087dd4497f_q065.png	8f0cf3087dd4497f	jpeg420	65
/mnt/v/input/zensim/sources/8f0cf3087dd4497f_512sq.png	/mnt/v/output/zensim/exp_tuner_2026-05-18/qsweep/8f0cf3087dd4497f_q070.png	8f0cf3087dd4497f	jpeg420	70
/mnt/v/input/zensim/sources/8f0cf3087dd4497f_512sq.png	/mnt/v/output/zensim/exp_tuner_2026-05-18/qsweep/8f0cf3087dd4497f_q075.png	8f0cf3087dd4497f	jpeg420	75
/mnt/v/input/zensim/sources/8f0cf3087dd4497f_512sq.png	/mnt/v/output/zensim/exp_tuner_2026-05-18/qsweep/8f0cf3087dd4497f_q080.png	8f0cf3087dd4497f	jpeg420	80
/mnt/v/input/zensim/sources/8f0cf3087dd4497f_512sq.png	/mnt/v/output/zensim/exp_tuner_2026-05-18/qsweep/8f0cf3087dd4497f_q085.png	8f0cf3087dd4497f	jpeg420	85
/mnt/v/input/zensim/sources/8f0cf3087dd4497f_512sq.png	/mnt/v/output/zensim/exp_tuner_2026-05-18/qsweep/8f0cf3087dd4497f_q090.png	8f0cf3087dd4497f	jpeg420	90
/mnt/v/input/zensim/sources/8f0cf3087dd4497f_512sq.png	/mnt/v/output/zensim/exp_tuner_2026-05-18/qsweep/8f0cf3087dd4497f_q095.png	8f0cf3087dd4497f	jpeg420	95
/mnt/v/input/zensim/sources/abb8c527dbadd6b6_512sq.png	/mnt/v/output/zensim/exp_tuner_2026-05-18/qsweep/abb8c527dbadd6b6_q005.png	abb8c527dbadd6b6	jpeg420	5
/mnt/v/input/zensim/sources/abb8c527dbadd6b6_512sq.png	/mnt/v/output/zensim/exp_tuner_2026-05-18/qsweep/abb8c527dbadd6b6_q010.png	abb8c527dbadd6b6	jpeg420	10
/mnt/v/input/zensim/sources/abb8c527dbadd6b6_512sq.png	/mnt/v/output/zensim/exp_tuner_2026-05-18/qsweep/abb8c527dbadd6b6_q015.png	abb8c527dbadd6b6	jpeg420	15
/mnt/v/input/zensim/sources/abb8c527dbadd6b6_512sq.png	/mnt/v/output/zensim/exp_tuner_2026-05-18/qsweep/abb8c527dbadd6b6_q020.png	abb8c527dbadd6b6	jpeg420	20
/mnt/v/input/zensim/sources/abb8c527dbadd6b6_512sq.png	/mnt/v/output/zensim/exp_tuner_2026-05-18/qsweep/abb8c527dbadd6b6_q025.png	abb8c527dbadd6b6	jpeg420	25
/mnt/v/input/zensim/sources/abb8c527dbadd6b6_512sq.png	/mnt/v/output/zensim/exp_tuner_2026-05-18/qsweep/abb8c527dbadd6b6_q030.png	abb8c527dbadd6b6	jpeg420	30
/mnt/v/input/zensim/sources/abb8c527dbadd6b6_512sq.png	/mnt/v/output/zensim/exp_tuner_2026-05-18/qsweep/abb8c527dbadd6b6_q035.png	abb8c527dbadd6b6	jpeg420	35
/mnt/v/input/zensim/sources/abb8c527dbadd6b6_512sq.png	/mnt/v/output/zensim/exp_tuner_2026-05-18/qsweep/abb8c527dbadd6b6_q040.png	abb8c527dbadd6b6	jpeg420	40
/mnt/v/input/zensim/sources/abb8c527dbadd6b6_512sq.png	/mnt/v/output/zensim/exp_tuner_2026-05-18/qsweep/abb8c527dbadd6b6_q045.png	abb8c527dbadd6b6	jpeg420	45
/mnt/v/input/zensim/sources/abb8c527dbadd6b6_512sq.png	/mnt/v/output/zensim/exp_tuner_2026-05-18/qsweep/abb8c527dbadd6b6_q050.png	abb8c527dbadd6b6	jpeg420	50
/mnt/v/input/zensim/sources/abb8c527dbadd6b6_512sq.png	/mnt/v/output/zensim/exp_tuner_2026-05-18/qsweep/abb8c527dbadd6b6_q055.png	abb8c527dbadd6b6	jpeg420	55
/mnt/v/input/zensim/sources/abb8c527dbadd6b6_512sq.png	/mnt/v/output/zensim/exp_tuner_2026-05-18/qsweep/abb8c527dbadd6b6_q060.png	abb8c527dbadd6b6	jpeg420	60
/mnt/v/input/zensim/sources/abb8c527dbadd6b6_512sq.png	/mnt/v/output/zensim/exp_tuner_2026-05-18/qsweep/abb8c527dbadd6b6_q065.png	abb8c527dbadd6b6	jpeg420	65
/mnt/v/input/zensim/sources/abb8c527dbadd6b6_512sq.png	/mnt/v/output/zensim/exp_tuner_2026-05-18/qsweep/abb8c527dbadd6b6_q070.png	abb8c527dbadd6b6	jpeg420	70
/mnt/v/input/zensim/sources/abb8c527dbadd6b6_512sq.png	/mnt/v/output/zensim/exp_tuner_2026-05-18/qsweep/abb8c527dbadd6b6_q075.png	abb8c527dbadd6b6	jpeg420	75
/mnt/v/input/zensim/sources/abb8c527dbadd6b6_512sq.png	/mnt/v/output/zensim/exp_tuner_2026-05-18/qsweep/abb8c527dbadd6b6_q080.png	abb8c527dbadd6b6	jpeg420	80
/mnt/v/input/zensim/sources/abb8c527dbadd6b6_512sq.png	/mnt/v/output/zensim/exp_tuner_2026-05-18/qsweep/abb8c527dbadd6b6_q085.png	abb8c527dbadd6b6	jpeg420	85
/mnt/v/input/zensim/sources/abb8c527dbadd6b6_512sq.png	/mnt/v/output/zensim/exp_tuner_2026-05-18/qsweep/abb8c527dbadd6b6_q090.png	abb8c527dbadd6b6	jpeg420	90
/mnt/v/input/zensim/sources/abb8c527dbadd6b6_512sq.png	/mnt/v/output/zensim/exp_tuner_2026-05-18/qsweep/abb8c527dbadd6b6_q095.png	abb8c527dbadd6b6	jpeg420	95
/mnt/v/input/zensim/sources/c20c6d8b7bdd7059_512sq.png	/mnt/v/output/zensim/exp_tuner_2026-05-18/qsweep/c20c6d8b7bdd7059_q005.png	c20c6d8b7bdd7059	jpeg420	5
/mnt/v/input/zensim/sources/c20c6d8b7bdd7059_512sq.png	/mnt/v/output/zensim/exp_tuner_2026-05-18/qsweep/c20c6d8b7bdd7059_q010.png	c20c6d8b7bdd7059	jpeg420	10
/mnt/v/input/zensim/sources/c20c6d8b7bdd7059_512sq.png	/mnt/v/output/zensim/exp_tuner_2026-05-18/qsweep/c20c6d8b7bdd7059_q015.png	c20c6d8b7bdd7059	jpeg420	15
/mnt/v/input/zensim/sources/c20c6d8b7bdd7059_512sq.png	/mnt/v/output/zensim/exp_tuner_2026-05-18/qsweep/c20c6d8b7bdd7059_q020.png	c20c6d8b7bdd7059	jpeg420	20
/mnt/v/input/zensim/sources/c20c6d8b7bdd7059_512sq.png	/mnt/v/output/zensim/exp_tuner_2026-05-18/qsweep/c20c6d8b7bdd7059_q025.png	c20c6d8b7bdd7059	jpeg420	25
/mnt/v/input/zensim/sources/c20c6d8b7bdd7059_512sq.png	/mnt/v/output/zensim/exp_tuner_2026-05-18/qsweep/c20c6d8b7bdd7059_q030.png	c20c6d8b7bdd7059	jpeg420	30
/mnt/v/input/zensim/sources/c20c6d8b7bdd7059_512sq.png	/mnt/v/output/zensim/exp_tuner_2026-05-18/qsweep/c20c6d8b7bdd7059_q035.png	c20c6d8b7bdd7059	jpeg420	35
/mnt/v/input/zensim/sources/c20c6d8b7bdd7059_512sq.png	/mnt/v/output/zensim/exp_tuner_2026-05-18/qsweep/c20c6d8b7bdd7059_q040.png	c20c6d8b7bdd7059	jpeg420	40
/mnt/v/input/zensim/sources/c20c6d8b7bdd7059_512sq.png	/mnt/v/output/zensim/exp_tuner_2026-05-18/qsweep/c20c6d8b7bdd7059_q045.png	c20c6d8b7bdd7059	jpeg420	45
/mnt/v/input/zensim/sources/c20c6d8b7bdd7059_512sq.png	/mnt/v/output/zensim/exp_tuner_2026-05-18/qsweep/c20c6d8b7bdd7059_q050.png	c20c6d8b7bdd7059	jpeg420	50
/mnt/v/input/zensim/sources/c20c6d8b7bdd7059_512sq.png	/mnt/v/output/zensim/exp_tuner_2026-05-18/qsweep/c20c6d8b7bdd7059_q055.png	c20c6d8b7bdd7059	jpeg420	55
/mnt/v/input/zensim/sources/c20c6d8b7bdd7059_512sq.png	/mnt/v/output/zensim/exp_tuner_2026-05-18/qsweep/c20c6d8b7bdd7059_q060.png	c20c6d8b7bdd7059	jpeg420	60
/mnt/v/input/zensim/sources/c20c6d8b7bdd7059_512sq.png	/mnt/v/output/zensim/exp_tuner_2026-05-18/qsweep/c20c6d8b7bdd7059_q065.png	c20c6d8b7bdd7059	jpeg420	65
/mnt/v/input/zensim/sources/c20c6d8b7bdd7059_512sq.png	/mnt/v/output/zensim/exp_tuner_2026-05-18/qsweep/c20c6d8b7bdd7059_q070.png	c20c6d8b7bdd7059	jpeg420	70
/mnt/v/input/zensim/sources/c20c6d8b7bdd7059_512sq.png	/mnt/v/output/zensim/exp_tuner_2026-05-18/qsweep/c20c6d8b7bdd7059_q075.png	c20c6d8b7bdd7059	jpeg420	75
/mnt/v/input/zensim/sources/c20c6d8b7bdd7059_512sq.png	/mnt/v/output/zensim/exp_tuner_2026-05-18/qsweep/c20c6d8b7bdd7059_q080.png	c20c6d8b7bdd7059	jpeg420	80
/mnt/v/input/zensim/sources/c20c6d8b7bdd7059_512sq.png	/mnt/v/output/zensim/exp_tuner_2026-05-18/qsweep/c20c6d8b7bdd7059_q085.png	c20c6d8b7bdd7059	jpeg420	85
/mnt/v/input/zensim/sources/c20c6d8b7bdd7059_512sq.png	/mnt/v/output/zensim/exp_tuner_2026-05-18/qsweep/c20c6d8b7bdd7059_q090.png	c20c6d8b7bdd7059	jpeg420	90
/mnt/v/input/zensim/sources/c20c6d8b7bdd7059_512sq.png	/mnt/v/output/zensim/exp_tuner_2026-05-18/qsweep/c20c6d8b7bdd7059_q095.png	c20c6d8b7bdd7059	jpeg420	95
/mnt/v/input/zensim/sources/dd33fa095cbb4bf3_512sq.png	/mnt/v/output/zensim/exp_tuner_2026-05-18/qsweep/dd33fa095cbb4bf3_q005.png	dd33fa095cbb4bf3	jpeg420	5
/mnt/v/input/zensim/sources/dd33fa095cbb4bf3_512sq.png	/mnt/v/output/zensim/exp_tuner_2026-05-18/qsweep/dd33fa095cbb4bf3_q010.png	dd33fa095cbb4bf3	jpeg420	10
/mnt/v/input/zensim/sources/dd33fa095cbb4bf3_512sq.png	/mnt/v/output/zensim/exp_tuner_2026-05-18/qsweep/dd33fa095cbb4bf3_q015.png	dd33fa095cbb4bf3	jpeg420	15
/mnt/v/input/zensim/sources/dd33fa095cbb4bf3_512sq.png	/mnt/v/output/zensim/exp_tuner_2026-05-18/qsweep/dd33fa095cbb4bf3_q020.png	dd33fa095cbb4bf3	jpeg420	20
/mnt/v/input/zensim/sources/dd33fa095cbb4bf3_512sq.png	/mnt/v/output/zensim/exp_tuner_2026-05-18/qsweep/dd33fa095cbb4bf3_q025.png	dd33fa095cbb4bf3	jpeg420	25
/mnt/v/input/zensim/sources/dd33fa095cbb4bf3_512sq.png	/mnt/v/output/zensim/exp_tuner_2026-05-18/qsweep/dd33fa095cbb4bf3_q030.png	dd33fa095cbb4bf3	jpeg420	30
/mnt/v/input/zensim/sources/dd33fa095cbb4bf3_512sq.png	/mnt/v/output/zensim/exp_tuner_2026-05-18/qsweep/dd33fa095cbb4bf3_q035.png	dd33fa095cbb4bf3	jpeg420	35
/mnt/v/input/zensim/sources/dd33fa095cbb4bf3_512sq.png	/mnt/v/output/zensim/exp_tuner_2026-05-18/qsweep/dd33fa095cbb4bf3_q040.png	dd33fa095cbb4bf3	jpeg420	40
/mnt/v/input/zensim/sources/dd33fa095cbb4bf3_512sq.png	/mnt/v/output/zensim/exp_tuner_2026-05-18/qsweep/dd33fa095cbb4bf3_q045.png	dd33fa095cbb4bf3	jpeg420	45
/mnt/v/input/zensim/sources/dd33fa095cbb4bf3_512sq.png	/mnt/v/output/zensim/exp_tuner_2026-05-18/qsweep/dd33fa095cbb4bf3_q050.png	dd33fa095cbb4bf3	jpeg420	50
/mnt/v/input/zensim/sources/dd33fa095cbb4bf3_512sq.png	/mnt/v/output/zensim/exp_tuner_2026-05-18/qsweep/dd33fa095cbb4bf3_q055.png	dd33fa095cbb4bf3	jpeg420	55
/mnt/v/input/zensim/sources/dd33fa095cbb4bf3_512sq.png	/mnt/v/output/zensim/exp_tuner_2026-05-18/qsweep/dd33fa095cbb4bf3_q060.png	dd33fa095cbb4bf3	jpeg420	60
/mnt/v/input/zensim/sources/dd33fa095cbb4bf3_512sq.png	/mnt/v/output/zensim/exp_tuner_2026-05-18/qsweep/dd33fa095cbb4bf3_q065.png	dd33fa095cbb4bf3	jpeg420	65
/mnt/v/input/zensim/sources/dd33fa095cbb4bf3_512sq.png	/mnt/v/output/zensim/exp_tuner_2026-05-18/qsweep/dd33fa095cbb4bf3_q070.png	dd33fa095cbb4bf3	jpeg420	70
/mnt/v/input/zensim/sources/dd33fa095cbb4bf3_512sq.png	/mnt/v/output/zensim/exp_tuner_2026-05-18/qsweep/dd33fa095cbb4bf3_q075.png	dd33fa095cbb4bf3	jpeg420	75
/mnt/v/input/zensim/sources/dd33fa095cbb4bf3_512sq.png	/mnt/v/output/zensim/exp_tuner_2026-05-18/qsweep/dd33fa095cbb4bf3_q080.png	dd33fa095cbb4bf3	jpeg420	80
/mnt/v/input/zensim/sources/dd33fa095cbb4bf3_512sq.png	/mnt/v/output/zensim/exp_tuner_2026-05-18/qsweep/dd33fa095cbb4bf3_q085.png	dd33fa095cbb4bf3	jpeg420	85
/mnt/v/input/zensim/sources/dd33fa095cbb4bf3_512sq.png	/mnt/v/output/zensim/exp_tuner_2026-05-18/qsweep/dd33fa095cbb4bf3_q090.png	dd33fa095cbb4bf3	jpeg420	90
/mnt/v/input/zensim/sources/dd33fa095cbb4bf3_512sq.png	/mnt/v/output/zensim/exp_tuner_2026-05-18/qsweep/dd33fa095cbb4bf3_q095.png	dd33fa095cbb4bf3	jpeg420	95
/mnt/v/input/zensim/sources/fd4dbf2167b8b746_512sq.png	/mnt/v/output/zensim/exp_tuner_2026-05-18/qsweep/fd4dbf2167b8b746_q005.png	fd4dbf2167b8b746	jpeg420	5
/mnt/v/input/zensim/sources/fd4dbf2167b8b746_512sq.png	/mnt/v/output/zensim/exp_tuner_2026-05-18/qsweep/fd4dbf2167b8b746_q010.png	fd4dbf2167b8b746	jpeg420	10
/mnt/v/input/zensim/sources/fd4dbf2167b8b746_512sq.png	/mnt/v/output/zensim/exp_tuner_2026-05-18/qsweep/fd4dbf2167b8b746_q015.png	fd4dbf2167b8b746	jpeg420	15
/mnt/v/input/zensim/sources/fd4dbf2167b8b746_512sq.png	/mnt/v/output/zensim/exp_tuner_2026-05-18/qsweep/fd4dbf2167b8b746_q020.png	fd4dbf2167b8b746	jpeg420	20
/mnt/v/input/zensim/sources/fd4dbf2167b8b746_512sq.png	/mnt/v/output/zensim/exp_tuner_2026-05-18/qsweep/fd4dbf2167b8b746_q025.png	fd4dbf2167b8b746	jpeg420	25
/mnt/v/input/zensim/sources/fd4dbf2167b8b746_512sq.png	/mnt/v/output/zensim/exp_tuner_2026-05-18/qsweep/fd4dbf2167b8b746_q030.png	fd4dbf2167b8b746	jpeg420	30
/mnt/v/input/zensim/sources/fd4dbf2167b8b746_512sq.png	/mnt/v/output/zensim/exp_tuner_2026-05-18/qsweep/fd4dbf2167b8b746_q035.png	fd4dbf2167b8b746	jpeg420	35
/mnt/v/input/zensim/sources/fd4dbf2167b8b746_512sq.png	/mnt/v/output/zensim/exp_tuner_2026-05-18/qsweep/fd4dbf2167b8b746_q040.png	fd4dbf2167b8b746	jpeg420	40
/mnt/v/input/zensim/sources/fd4dbf2167b8b746_512sq.png	/mnt/v/output/zensim/exp_tuner_2026-05-18/qsweep/fd4dbf2167b8b746_q045.png	fd4dbf2167b8b746	jpeg420	45
/mnt/v/input/zensim/sources/fd4dbf2167b8b746_512sq.png	/mnt/v/output/zensim/exp_tuner_2026-05-18/qsweep/fd4dbf2167b8b746_q050.png	fd4dbf2167b8b746	jpeg420	50
/mnt/v/input/zensim/sources/fd4dbf2167b8b746_512sq.png	/mnt/v/output/zensim/exp_tuner_2026-05-18/qsweep/fd4dbf2167b8b746_q055.png	fd4dbf2167b8b746	jpeg420	55
/mnt/v/input/zensim/sources/fd4dbf2167b8b746_512sq.png	/mnt/v/output/zensim/exp_tuner_2026-05-18/qsweep/fd4dbf2167b8b746_q060.png	fd4dbf2167b8b746	jpeg420	60
/mnt/v/input/zensim/sources/fd4dbf2167b8b746_512sq.png	/mnt/v/output/zensim/exp_tuner_2026-05-18/qsweep/fd4dbf2167b8b746_q065.png	fd4dbf2167b8b746	jpeg420	65
/mnt/v/input/zensim/sources/fd4dbf2167b8b746_512sq.png	/mnt/v/output/zensim/exp_tuner_2026-05-18/qsweep/fd4dbf2167b8b746_q070.png	fd4dbf2167b8b746	jpeg420	70
/mnt/v/input/zensim/sources/fd4dbf2167b8b746_512sq.png	/mnt/v/output/zensim/exp_tuner_2026-05-18/qsweep/fd4dbf2167b8b746_q075.png	fd4dbf2167b8b746	jpeg420	75
/mnt/v/input/zensim/sources/fd4dbf2167b8b746_512sq.png	/mnt/v/output/zensim/exp_tuner_2026-05-18/qsweep/fd4dbf2167b8b746_q080.png	fd4dbf2167b8b746	jpeg420	80
/mnt/v/input/zensim/sources/fd4dbf2167b8b746_512sq.png	/mnt/v/output/zensim/exp_tuner_2026-05-18/qsweep/fd4dbf2167b8b746_q085.png	fd4dbf2167b8b746	jpeg420	85
/mnt/v/input/zensim/sources/fd4dbf2167b8b746_512sq.png	/mnt/v/output/zensim/exp_tuner_2026-05-18/qsweep/fd4dbf2167b8b746_q090.png	fd4dbf2167b8b746	jpeg420	90
/mnt/v/input/zensim/sources/fd4dbf2167b8b746_512sq.png	/mnt/v/output/zensim/exp_tuner_2026-05-18/qsweep/fd4dbf2167b8b746_q095.png	fd4dbf2167b8b746	jpeg420	95
/mnt/v/input/zensim/sources/gen-chart__00028_s4059c457_512sq.png	/mnt/v/output/zensim/exp_tuner_2026-05-18/qsweep/gen-chart__00028_s4059c457_q005.png	gen-chart__00028_s4059c457	jpeg420	5
/mnt/v/input/zensim/sources/gen-chart__00028_s4059c457_512sq.png	/mnt/v/output/zensim/exp_tuner_2026-05-18/qsweep/gen-chart__00028_s4059c457_q010.png	gen-chart__00028_s4059c457	jpeg420	10
/mnt/v/input/zensim/sources/gen-chart__00028_s4059c457_512sq.png	/mnt/v/output/zensim/exp_tuner_2026-05-18/qsweep/gen-chart__00028_s4059c457_q015.png	gen-chart__00028_s4059c457	jpeg420	15
/mnt/v/input/zensim/sources/gen-chart__00028_s4059c457_512sq.png	/mnt/v/output/zensim/exp_tuner_2026-05-18/qsweep/gen-chart__00028_s4059c457_q020.png	gen-chart__00028_s4059c457	jpeg420	20
/mnt/v/input/zensim/sources/gen-chart__00028_s4059c457_512sq.png	/mnt/v/output/zensim/exp_tuner_2026-05-18/qsweep/gen-chart__00028_s4059c457_q025.png	gen-chart__00028_s4059c457	jpeg420	25
/mnt/v/input/zensim/sources/gen-chart__00028_s4059c457_512sq.png	/mnt/v/output/zensim/exp_tuner_2026-05-18/qsweep/gen-chart__00028_s4059c457_q030.png	gen-chart__00028_s4059c457	jpeg420	30
/mnt/v/input/zensim/sources/gen-chart__00028_s4059c457_512sq.png	/mnt/v/output/zensim/exp_tuner_2026-05-18/qsweep/gen-chart__00028_s4059c457_q035.png	gen-chart__00028_s4059c457	jpeg420	35
/mnt/v/input/zensim/sources/gen-chart__00028_s4059c457_512sq.png	/mnt/v/output/zensim/exp_tuner_2026-05-18/qsweep/gen-chart__00028_s4059c457_q040.png	gen-chart__00028_s4059c457	jpeg420	40
/mnt/v/input/zensim/sources/gen-chart__00028_s4059c457_512sq.png	/mnt/v/output/zensim/exp_tuner_2026-05-18/qsweep/gen-chart__00028_s4059c457_q045.png	gen-chart__00028_s4059c457	jpeg420	45
/mnt/v/input/zensim/sources/gen-chart__00028_s4059c457_512sq.png	/mnt/v/output/zensim/exp_tuner_2026-05-18/qsweep/gen-chart__00028_s4059c457_q050.png	gen-chart__00028_s4059c457	jpeg420	50
/mnt/v/input/zensim/sources/gen-chart__00028_s4059c457_512sq.png	/mnt/v/output/zensim/exp_tuner_2026-05-18/qsweep/gen-chart__00028_s4059c457_q055.png	gen-chart__00028_s4059c457	jpeg420	55
/mnt/v/input/zensim/sources/gen-chart__00028_s4059c457_512sq.png	/mnt/v/output/zensim/exp_tuner_2026-05-18/qsweep/gen-chart__00028_s4059c457_q060.png	gen-chart__00028_s4059c457	jpeg420	60
/mnt/v/input/zensim/sources/gen-chart__00028_s4059c457_512sq.png	/mnt/v/output/zensim/exp_tuner_2026-05-18/qsweep/gen-chart__00028_s4059c457_q065.png	gen-chart__00028_s4059c457	jpeg420	65
/mnt/v/input/zensim/sources/gen-chart__00028_s4059c457_512sq.png	/mnt/v/output/zensim/exp_tuner_2026-05-18/qsweep/gen-chart__00028_s4059c457_q070.png	gen-chart__00028_s4059c457	jpeg420	70
/mnt/v/input/zensim/sources/gen-chart__00028_s4059c457_512sq.png	/mnt/v/output/zensim/exp_tuner_2026-05-18/qsweep/gen-chart__00028_s4059c457_q075.png	gen-chart__00028_s4059c457	jpeg420	75
/mnt/v/input/zensim/sources/gen-chart__00028_s4059c457_512sq.png	/mnt/v/output/zensim/exp_tuner_2026-05-18/qsweep/gen-chart__00028_s4059c457_q080.png	gen-chart__00028_s4059c457	jpeg420	80
/mnt/v/input/zensim/sources/gen-chart__00028_s4059c457_512sq.png	/mnt/v/output/zensim/exp_tuner_2026-05-18/qsweep/gen-chart__00028_s4059c457_q085.png	gen-chart__00028_s4059c457	jpeg420	85
/mnt/v/input/zensim/sources/gen-chart__00028_s4059c457_512sq.png	/mnt/v/output/zensim/exp_tuner_2026-05-18/qsweep/gen-chart__00028_s4059c457_q090.png	gen-chart__00028_s4059c457	jpeg420	90
/mnt/v/input/zensim/sources/gen-chart__00028_s4059c457_512sq.png	/mnt/v/output/zensim/exp_tuner_2026-05-18/qsweep/gen-chart__00028_s4059c457_q095.png	gen-chart__00028_s4059c457	jpeg420	95
/mnt/v/input/zensim/sources/gen-chart__00059_s1bd0eb8a_512sq.png	/mnt/v/output/zensim/exp_tuner_2026-05-18/qsweep/gen-chart__00059_s1bd0eb8a_q005.png	gen-chart__00059_s1bd0eb8a	jpeg420	5
/mnt/v/input/zensim/sources/gen-chart__00059_s1bd0eb8a_512sq.png	/mnt/v/output/zensim/exp_tuner_2026-05-18/qsweep/gen-chart__00059_s1bd0eb8a_q010.png	gen-chart__00059_s1bd0eb8a	jpeg420	10
/mnt/v/input/zensim/sources/gen-chart__00059_s1bd0eb8a_512sq.png	/mnt/v/output/zensim/exp_tuner_2026-05-18/qsweep/gen-chart__00059_s1bd0eb8a_q015.png	gen-chart__00059_s1bd0eb8a	jpeg420	15
/mnt/v/input/zensim/sources/gen-chart__00059_s1bd0eb8a_512sq.png	/mnt/v/output/zensim/exp_tuner_2026-05-18/qsweep/gen-chart__00059_s1bd0eb8a_q020.png	gen-chart__00059_s1bd0eb8a	jpeg420	20
/mnt/v/input/zensim/sources/gen-chart__00059_s1bd0eb8a_512sq.png	/mnt/v/output/zensim/exp_tuner_2026-05-18/qsweep/gen-chart__00059_s1bd0eb8a_q025.png	gen-chart__00059_s1bd0eb8a	jpeg420	25
/mnt/v/input/zensim/sources/gen-chart__00059_s1bd0eb8a_512sq.png	/mnt/v/output/zensim/exp_tuner_2026-05-18/qsweep/gen-chart__00059_s1bd0eb8a_q030.png	gen-chart__00059_s1bd0eb8a	jpeg420	30
/mnt/v/input/zensim/sources/gen-chart__00059_s1bd0eb8a_512sq.png	/mnt/v/output/zensim/exp_tuner_2026-05-18/qsweep/gen-chart__00059_s1bd0eb8a_q035.png	gen-chart__00059_s1bd0eb8a	jpeg420	35
/mnt/v/input/zensim/sources/gen-chart__00059_s1bd0eb8a_512sq.png	/mnt/v/output/zensim/exp_tuner_2026-05-18/qsweep/gen-chart__00059_s1bd0eb8a_q040.png	gen-chart__00059_s1bd0eb8a	jpeg420	40
/mnt/v/input/zensim/sources/gen-chart__00059_s1bd0eb8a_512sq.png	/mnt/v/output/zensim/exp_tuner_2026-05-18/qsweep/gen-chart__00059_s1bd0eb8a_q045.png	gen-chart__00059_s1bd0eb8a	jpeg420	45
/mnt/v/input/zensim/sources/gen-chart__00059_s1bd0eb8a_512sq.png	/mnt/v/output/zensim/exp_tuner_2026-05-18/qsweep/gen-chart__00059_s1bd0eb8a_q050.png	gen-chart__00059_s1bd0eb8a	jpeg420	50
/mnt/v/input/zensim/sources/gen-chart__00059_s1bd0eb8a_512sq.png	/mnt/v/output/zensim/exp_tuner_2026-05-18/qsweep/gen-chart__00059_s1bd0eb8a_q055.png	gen-chart__00059_s1bd0eb8a	jpeg420	55
/mnt/v/input/zensim/sources/gen-chart__00059_s1bd0eb8a_512sq.png	/mnt/v/output/zensim/exp_tuner_2026-05-18/qsweep/gen-chart__00059_s1bd0eb8a_q060.png	gen-chart__00059_s1bd0eb8a	jpeg420	60
/mnt/v/input/zensim/sources/gen-chart__00059_s1bd0eb8a_512sq.png	/mnt/v/output/zensim/exp_tuner_2026-05-18/qsweep/gen-chart__00059_s1bd0eb8a_q065.png	gen-chart__00059_s1bd0eb8a	jpeg420	65
/mnt/v/input/zensim/sources/gen-chart__00059_s1bd0eb8a_512sq.png	/mnt/v/output/zensim/exp_tuner_2026-05-18/qsweep/gen-chart__00059_s1bd0eb8a_q070.png	gen-chart__00059_s1bd0eb8a	jpeg420	70
/mnt/v/input/zensim/sources/gen-chart__00059_s1bd0eb8a_512sq.png	/mnt/v/output/zensim/exp_tuner_2026-05-18/qsweep/gen-chart__00059_s1bd0eb8a_q075.png	gen-chart__00059_s1bd0eb8a	jpeg420	75
/mnt/v/input/zensim/sources/gen-chart__00059_s1bd0eb8a_512sq.png	/mnt/v/output/zensim/exp_tuner_2026-05-18/qsweep/gen-chart__00059_s1bd0eb8a_q080.png	gen-chart__00059_s1bd0eb8a	jpeg420	80
/mnt/v/input/zensim/sources/gen-chart__00059_s1bd0eb8a_512sq.png	/mnt/v/output/zensim/exp_tuner_2026-05-18/qsweep/gen-chart__00059_s1bd0eb8a_q085.png	gen-chart__00059_s1bd0eb8a	jpeg420	85
/mnt/v/input/zensim/sources/gen-chart__00059_s1bd0eb8a_512sq.png	/mnt/v/output/zensim/exp_tuner_2026-05-18/qsweep/gen-chart__00059_s1bd0eb8a_q090.png	gen-chart__00059_s1bd0eb8a	jpeg420	90
/mnt/v/input/zensim/sources/gen-chart__00059_s1bd0eb8a_512sq.png	/mnt/v/output/zensim/exp_tuner_2026-05-18/qsweep/gen-chart__00059_s1bd0eb8a_q095.png	gen-chart__00059_s1bd0eb8a	jpeg420	95
/mnt/v/input/zensim/sources/gen-chart__00092_s39f09758_512sq.png	/mnt/v/output/zensim/exp_tuner_2026-05-18/qsweep/gen-chart__00092_s39f09758_q005.png	gen-chart__00092_s39f09758	jpeg420	5
/mnt/v/input/zensim/sources/gen-chart__00092_s39f09758_512sq.png	/mnt/v/output/zensim/exp_tuner_2026-05-18/qsweep/gen-chart__00092_s39f09758_q010.png	gen-chart__00092_s39f09758	jpeg420	10
/mnt/v/input/zensim/sources/gen-chart__00092_s39f09758_512sq.png	/mnt/v/output/zensim/exp_tuner_2026-05-18/qsweep/gen-chart__00092_s39f09758_q015.png	gen-chart__00092_s39f09758	jpeg420	15
/mnt/v/input/zensim/sources/gen-chart__00092_s39f09758_512sq.png	/mnt/v/output/zensim/exp_tuner_2026-05-18/qsweep/gen-chart__00092_s39f09758_q020.png	gen-chart__00092_s39f09758	jpeg420	20
/mnt/v/input/zensim/sources/gen-chart__00092_s39f09758_512sq.png	/mnt/v/output/zensim/exp_tuner_2026-05-18/qsweep/gen-chart__00092_s39f09758_q025.png	gen-chart__00092_s39f09758	jpeg420	25
/mnt/v/input/zensim/sources/gen-chart__00092_s39f09758_512sq.png	/mnt/v/output/zensim/exp_tuner_2026-05-18/qsweep/gen-chart__00092_s39f09758_q030.png	gen-chart__00092_s39f09758	jpeg420	30
/mnt/v/input/zensim/sources/gen-chart__00092_s39f09758_512sq.png	/mnt/v/output/zensim/exp_tuner_2026-05-18/qsweep/gen-chart__00092_s39f09758_q035.png	gen-chart__00092_s39f09758	jpeg420	35
/mnt/v/input/zensim/sources/gen-chart__00092_s39f09758_512sq.png	/mnt/v/output/zensim/exp_tuner_2026-05-18/qsweep/gen-chart__00092_s39f09758_q040.png	gen-chart__00092_s39f09758	jpeg420	40
/mnt/v/input/zensim/sources/gen-chart__00092_s39f09758_512sq.png	/mnt/v/output/zensim/exp_tuner_2026-05-18/qsweep/gen-chart__00092_s39f09758_q045.png	gen-chart__00092_s39f09758	jpeg420	45
/mnt/v/input/zensim/sources/gen-chart__00092_s39f09758_512sq.png	/mnt/v/output/zensim/exp_tuner_2026-05-18/qsweep/gen-chart__00092_s39f09758_q050.png	gen-chart__00092_s39f09758	jpeg420	50
/mnt/v/input/zensim/sources/gen-chart__00092_s39f09758_512sq.png	/mnt/v/output/zensim/exp_tuner_2026-05-18/qsweep/gen-chart__00092_s39f09758_q055.png	gen-chart__00092_s39f09758	jpeg420	55
/mnt/v/input/zensim/sources/gen-chart__00092_s39f09758_512sq.png	/mnt/v/output/zensim/exp_tuner_2026-05-18/qsweep/gen-chart__00092_s39f09758_q060.png	gen-chart__00092_s39f09758	jpeg420	60
/mnt/v/input/zensim/sources/gen-chart__00092_s39f09758_512sq.png	/mnt/v/output/zensim/exp_tuner_2026-05-18/qsweep/gen-chart__00092_s39f09758_q065.png	gen-chart__00092_s39f09758	jpeg420	65
/mnt/v/input/zensim/sources/gen-chart__00092_s39f09758_512sq.png	/mnt/v/output/zensim/exp_tuner_2026-05-18/qsweep/gen-chart__00092_s39f09758_q070.png	gen-chart__00092_s39f09758	jpeg420	70
/mnt/v/input/zensim/sources/gen-chart__00092_s39f09758_512sq.png	/mnt/v/output/zensim/exp_tuner_2026-05-18/qsweep/gen-chart__00092_s39f09758_q075.png	gen-chart__00092_s39f09758	jpeg420	75
/mnt/v/input/zensim/sources/gen-chart__00092_s39f09758_512sq.png	/mnt/v/output/zensim/exp_tuner_2026-05-18/qsweep/gen-chart__00092_s39f09758_q080.png	gen-chart__00092_s39f09758	jpeg420	80
/mnt/v/input/zensim/sources/gen-chart__00092_s39f09758_512sq.png	/mnt/v/output/zensim/exp_tuner_2026-05-18/qsweep/gen-chart__00092_s39f09758_q085.png	gen-chart__00092_s39f09758	jpeg420	85
/mnt/v/input/zensim/sources/gen-chart__00092_s39f09758_512sq.png	/mnt/v/output/zensim/exp_tuner_2026-05-18/qsweep/gen-chart__00092_s39f09758_q090.png	gen-chart__00092_s39f09758	jpeg420	90
/mnt/v/input/zensim/sources/gen-chart__00092_s39f09758_512sq.png	/mnt/v/output/zensim/exp_tuner_2026-05-18/qsweep/gen-chart__00092_s39f09758_q095.png	gen-chart__00092_s39f09758	jpeg420	95
/mnt/v/input/zensim/sources/gen-chart__00125_s02bb2eae_512sq.png	/mnt/v/output/zensim/exp_tuner_2026-05-18/qsweep/gen-chart__00125_s02bb2eae_q005.png	gen-chart__00125_s02bb2eae	jpeg420	5
/mnt/v/input/zensim/sources/gen-chart__00125_s02bb2eae_512sq.png	/mnt/v/output/zensim/exp_tuner_2026-05-18/qsweep/gen-chart__00125_s02bb2eae_q010.png	gen-chart__00125_s02bb2eae	jpeg420	10
/mnt/v/input/zensim/sources/gen-chart__00125_s02bb2eae_512sq.png	/mnt/v/output/zensim/exp_tuner_2026-05-18/qsweep/gen-chart__00125_s02bb2eae_q015.png	gen-chart__00125_s02bb2eae	jpeg420	15
/mnt/v/input/zensim/sources/gen-chart__00125_s02bb2eae_512sq.png	/mnt/v/output/zensim/exp_tuner_2026-05-18/qsweep/gen-chart__00125_s02bb2eae_q020.png	gen-chart__00125_s02bb2eae	jpeg420	20
/mnt/v/input/zensim/sources/gen-chart__00125_s02bb2eae_512sq.png	/mnt/v/output/zensim/exp_tuner_2026-05-18/qsweep/gen-chart__00125_s02bb2eae_q025.png	gen-chart__00125_s02bb2eae	jpeg420	25
/mnt/v/input/zensim/sources/gen-chart__00125_s02bb2eae_512sq.png	/mnt/v/output/zensim/exp_tuner_2026-05-18/qsweep/gen-chart__00125_s02bb2eae_q030.png	gen-chart__00125_s02bb2eae	jpeg420	30
/mnt/v/input/zensim/sources/gen-chart__00125_s02bb2eae_512sq.png	/mnt/v/output/zensim/exp_tuner_2026-05-18/qsweep/gen-chart__00125_s02bb2eae_q035.png	gen-chart__00125_s02bb2eae	jpeg420	35
/mnt/v/input/zensim/sources/gen-chart__00125_s02bb2eae_512sq.png	/mnt/v/output/zensim/exp_tuner_2026-05-18/qsweep/gen-chart__00125_s02bb2eae_q040.png	gen-chart__00125_s02bb2eae	jpeg420	40
/mnt/v/input/zensim/sources/gen-chart__00125_s02bb2eae_512sq.png	/mnt/v/output/zensim/exp_tuner_2026-05-18/qsweep/gen-chart__00125_s02bb2eae_q045.png	gen-chart__00125_s02bb2eae	jpeg420	45
/mnt/v/input/zensim/sources/gen-chart__00125_s02bb2eae_512sq.png	/mnt/v/output/zensim/exp_tuner_2026-05-18/qsweep/gen-chart__00125_s02bb2eae_q050.png	gen-chart__00125_s02bb2eae	jpeg420	50
/mnt/v/input/zensim/sources/gen-chart__00125_s02bb2eae_512sq.png	/mnt/v/output/zensim/exp_tuner_2026-05-18/qsweep/gen-chart__00125_s02bb2eae_q055.png	gen-chart__00125_s02bb2eae	jpeg420	55
/mnt/v/input/zensim/sources/gen-chart__00125_s02bb2eae_512sq.png	/mnt/v/output/zensim/exp_tuner_2026-05-18/qsweep/gen-chart__00125_s02bb2eae_q060.png	gen-chart__00125_s02bb2eae	jpeg420	60
/mnt/v/input/zensim/sources/gen-chart__00125_s02bb2eae_512sq.png	/mnt/v/output/zensim/exp_tuner_2026-05-18/qsweep/gen-chart__00125_s02bb2eae_q065.png	gen-chart__00125_s02bb2eae	jpeg420	65
/mnt/v/input/zensim/sources/gen-chart__00125_s02bb2eae_512sq.png	/mnt/v/output/zensim/exp_tuner_2026-05-18/qsweep/gen-chart__00125_s02bb2eae_q070.png	gen-chart__00125_s02bb2eae	jpeg420	70
/mnt/v/input/zensim/sources/gen-chart__00125_s02bb2eae_512sq.png	/mnt/v/output/zensim/exp_tuner_2026-05-18/qsweep/gen-chart__00125_s02bb2eae_q075.png	gen-chart__00125_s02bb2eae	jpeg420	75
/mnt/v/input/zensim/sources/gen-chart__00125_s02bb2eae_512sq.png	/mnt/v/output/zensim/exp_tuner_2026-05-18/qsweep/gen-chart__00125_s02bb2eae_q080.png	gen-chart__00125_s02bb2eae	jpeg420	80
/mnt/v/input/zensim/sources/gen-chart__00125_s02bb2eae_512sq.png	/mnt/v/output/zensim/exp_tuner_2026-05-18/qsweep/gen-chart__00125_s02bb2eae_q085.png	gen-chart__00125_s02bb2eae	jpeg420	85
/mnt/v/input/zensim/sources/gen-chart__00125_s02bb2eae_512sq.png	/mnt/v/output/zensim/exp_tuner_2026-05-18/qsweep/gen-chart__00125_s02bb2eae_q090.png	gen-chart__00125_s02bb2eae	jpeg420	90
/mnt/v/input/zensim/sources/gen-chart__00125_s02bb2eae_512sq.png	/mnt/v/output/zensim/exp_tuner_2026-05-18/qsweep/gen-chart__00125_s02bb2eae_q095.png	gen-chart__00125_s02bb2eae	jpeg420	95
/mnt/v/input/zensim/sources/gen-chart__00157_s4c9d7598_512sq.png	/mnt/v/output/zensim/exp_tuner_2026-05-18/qsweep/gen-chart__00157_s4c9d7598_q005.png	gen-chart__00157_s4c9d7598	jpeg420	5
/mnt/v/input/zensim/sources/gen-chart__00157_s4c9d7598_512sq.png	/mnt/v/output/zensim/exp_tuner_2026-05-18/qsweep/gen-chart__00157_s4c9d7598_q010.png	gen-chart__00157_s4c9d7598	jpeg420	10
/mnt/v/input/zensim/sources/gen-chart__00157_s4c9d7598_512sq.png	/mnt/v/output/zensim/exp_tuner_2026-05-18/qsweep/gen-chart__00157_s4c9d7598_q015.png	gen-chart__00157_s4c9d7598	jpeg420	15
/mnt/v/input/zensim/sources/gen-chart__00157_s4c9d7598_512sq.png	/mnt/v/output/zensim/exp_tuner_2026-05-18/qsweep/gen-chart__00157_s4c9d7598_q020.png	gen-chart__00157_s4c9d7598	jpeg420	20
/mnt/v/input/zensim/sources/gen-chart__00157_s4c9d7598_512sq.png	/mnt/v/output/zensim/exp_tuner_2026-05-18/qsweep/gen-chart__00157_s4c9d7598_q025.png	gen-chart__00157_s4c9d7598	jpeg420	25
/mnt/v/input/zensim/sources/gen-chart__00157_s4c9d7598_512sq.png	/mnt/v/output/zensim/exp_tuner_2026-05-18/qsweep/gen-chart__00157_s4c9d7598_q030.png	gen-chart__00157_s4c9d7598	jpeg420	30
/mnt/v/input/zensim/sources/gen-chart__00157_s4c9d7598_512sq.png	/mnt/v/output/zensim/exp_tuner_2026-05-18/qsweep/gen-chart__00157_s4c9d7598_q035.png	gen-chart__00157_s4c9d7598	jpeg420	35
/mnt/v/input/zensim/sources/gen-chart__00157_s4c9d7598_512sq.png	/mnt/v/output/zensim/exp_tuner_2026-05-18/qsweep/gen-chart__00157_s4c9d7598_q040.png	gen-chart__00157_s4c9d7598	jpeg420	40
/mnt/v/input/zensim/sources/gen-chart__00157_s4c9d7598_512sq.png	/mnt/v/output/zensim/exp_tuner_2026-05-18/qsweep/gen-chart__00157_s4c9d7598_q045.png	gen-chart__00157_s4c9d7598	jpeg420	45
/mnt/v/input/zensim/sources/gen-chart__00157_s4c9d7598_512sq.png	/mnt/v/output/zensim/exp_tuner_2026-05-18/qsweep/gen-chart__00157_s4c9d7598_q050.png	gen-chart__00157_s4c9d7598	jpeg420	50
/mnt/v/input/zensim/sources/gen-chart__00157_s4c9d7598_512sq.png	/mnt/v/output/zensim/exp_tuner_2026-05-18/qsweep/gen-chart__00157_s4c9d7598_q055.png	gen-chart__00157_s4c9d7598	jpeg420	55
/mnt/v/input/zensim/sources/gen-chart__00157_s4c9d7598_512sq.png	/mnt/v/output/zensim/exp_tuner_2026-05-18/qsweep/gen-chart__00157_s4c9d7598_q060.png	gen-chart__00157_s4c9d7598	jpeg420	60
/mnt/v/input/zensim/sources/gen-chart__00157_s4c9d7598_512sq.png	/mnt/v/output/zensim/exp_tuner_2026-05-18/qsweep/gen-chart__00157_s4c9d7598_q065.png	gen-chart__00157_s4c9d7598	jpeg420	65
/mnt/v/input/zensim/sources/gen-chart__00157_s4c9d7598_512sq.png	/mnt/v/output/zensim/exp_tuner_2026-05-18/qsweep/gen-chart__00157_s4c9d7598_q070.png	gen-chart__00157_s4c9d7598	jpeg420	70
/mnt/v/input/zensim/sources/gen-chart__00157_s4c9d7598_512sq.png	/mnt/v/output/zensim/exp_tuner_2026-05-18/qsweep/gen-chart__00157_s4c9d7598_q075.png	gen-chart__00157_s4c9d7598	jpeg420	75
/mnt/v/input/zensim/sources/gen-chart__00157_s4c9d7598_512sq.png	/mnt/v/output/zensim/exp_tuner_2026-05-18/qsweep/gen-chart__00157_s4c9d7598_q080.png	gen-chart__00157_s4c9d7598	jpeg420	80
/mnt/v/input/zensim/sources/gen-chart__00157_s4c9d7598_512sq.png	/mnt/v/output/zensim/exp_tuner_2026-05-18/qsweep/gen-chart__00157_s4c9d7598_q085.png	gen-chart__00157_s4c9d7598	jpeg420	85
/mnt/v/input/zensim/sources/gen-chart__00157_s4c9d7598_512sq.png	/mnt/v/output/zensim/exp_tuner_2026-05-18/qsweep/gen-chart__00157_s4c9d7598_q090.png	gen-chart__00157_s4c9d7598	jpeg420	90
/mnt/v/input/zensim/sources/gen-chart__00157_s4c9d7598_512sq.png	/mnt/v/output/zensim/exp_tuner_2026-05-18/qsweep/gen-chart__00157_s4c9d7598_q095.png	gen-chart__00157_s4c9d7598	jpeg420	95
/mnt/v/input/zensim/sources/gen-chart__00190_s2be0c08d_512sq.png	/mnt/v/output/zensim/exp_tuner_2026-05-18/qsweep/gen-chart__00190_s2be0c08d_q005.png	gen-chart__00190_s2be0c08d	jpeg420	5
/mnt/v/input/zensim/sources/gen-chart__00190_s2be0c08d_512sq.png	/mnt/v/output/zensim/exp_tuner_2026-05-18/qsweep/gen-chart__00190_s2be0c08d_q010.png	gen-chart__00190_s2be0c08d	jpeg420	10
/mnt/v/input/zensim/sources/gen-chart__00190_s2be0c08d_512sq.png	/mnt/v/output/zensim/exp_tuner_2026-05-18/qsweep/gen-chart__00190_s2be0c08d_q015.png	gen-chart__00190_s2be0c08d	jpeg420	15
/mnt/v/input/zensim/sources/gen-chart__00190_s2be0c08d_512sq.png	/mnt/v/output/zensim/exp_tuner_2026-05-18/qsweep/gen-chart__00190_s2be0c08d_q020.png	gen-chart__00190_s2be0c08d	jpeg420	20
/mnt/v/input/zensim/sources/gen-chart__00190_s2be0c08d_512sq.png	/mnt/v/output/zensim/exp_tuner_2026-05-18/qsweep/gen-chart__00190_s2be0c08d_q025.png	gen-chart__00190_s2be0c08d	jpeg420	25
/mnt/v/input/zensim/sources/gen-chart__00190_s2be0c08d_512sq.png	/mnt/v/output/zensim/exp_tuner_2026-05-18/qsweep/gen-chart__00190_s2be0c08d_q030.png	gen-chart__00190_s2be0c08d	jpeg420	30
/mnt/v/input/zensim/sources/gen-chart__00190_s2be0c08d_512sq.png	/mnt/v/output/zensim/exp_tuner_2026-05-18/qsweep/gen-chart__00190_s2be0c08d_q035.png	gen-chart__00190_s2be0c08d	jpeg420	35
/mnt/v/input/zensim/sources/gen-chart__00190_s2be0c08d_512sq.png	/mnt/v/output/zensim/exp_tuner_2026-05-18/qsweep/gen-chart__00190_s2be0c08d_q040.png	gen-chart__00190_s2be0c08d	jpeg420	40
/mnt/v/input/zensim/sources/gen-chart__00190_s2be0c08d_512sq.png	/mnt/v/output/zensim/exp_tuner_2026-05-18/qsweep/gen-chart__00190_s2be0c08d_q045.png	gen-chart__00190_s2be0c08d	jpeg420	45
/mnt/v/input/zensim/sources/gen-chart__00190_s2be0c08d_512sq.png	/mnt/v/output/zensim/exp_tuner_2026-05-18/qsweep/gen-chart__00190_s2be0c08d_q050.png	gen-chart__00190_s2be0c08d	jpeg420	50
/mnt/v/input/zensim/sources/gen-chart__00190_s2be0c08d_512sq.png	/mnt/v/output/zensim/exp_tuner_2026-05-18/qsweep/gen-chart__00190_s2be0c08d_q055.png	gen-chart__00190_s2be0c08d	jpeg420	55
/mnt/v/input/zensim/sources/gen-chart__00190_s2be0c08d_512sq.png	/mnt/v/output/zensim/exp_tuner_2026-05-18/qsweep/gen-chart__00190_s2be0c08d_q060.png	gen-chart__00190_s2be0c08d	jpeg420	60
/mnt/v/input/zensim/sources/gen-chart__00190_s2be0c08d_512sq.png	/mnt/v/output/zensim/exp_tuner_2026-05-18/qsweep/gen-chart__00190_s2be0c08d_q065.png	gen-chart__00190_s2be0c08d	jpeg420	65
/mnt/v/input/zensim/sources/gen-chart__00190_s2be0c08d_512sq.png	/mnt/v/output/zensim/exp_tuner_2026-05-18/qsweep/gen-chart__00190_s2be0c08d_q070.png	gen-chart__00190_s2be0c08d	jpeg420	70
/mnt/v/input/zensim/sources/gen-chart__00190_s2be0c08d_512sq.png	/mnt/v/output/zensim/exp_tuner_2026-05-18/qsweep/gen-chart__00190_s2be0c08d_q075.png	gen-chart__00190_s2be0c08d	jpeg420	75
/mnt/v/input/zensim/sources/gen-chart__00190_s2be0c08d_512sq.png	/mnt/v/output/zensim/exp_tuner_2026-05-18/qsweep/gen-chart__00190_s2be0c08d_q080.png	gen-chart__00190_s2be0c08d	jpeg420	80
/mnt/v/input/zensim/sources/gen-chart__00190_s2be0c08d_512sq.png	/mnt/v/output/zensim/exp_tuner_2026-05-18/qsweep/gen-chart__00190_s2be0c08d_q085.png	gen-chart__00190_s2be0c08d	jpeg420	85
/mnt/v/input/zensim/sources/gen-chart__00190_s2be0c08d_512sq.png	/mnt/v/output/zensim/exp_tuner_2026-05-18/qsweep/gen-chart__00190_s2be0c08d_q090.png	gen-chart__00190_s2be0c08d	jpeg420	90
/mnt/v/input/zensim/sources/gen-chart__00190_s2be0c08d_512sq.png	/mnt/v/output/zensim/exp_tuner_2026-05-18/qsweep/gen-chart__00190_s2be0c08d_q095.png	gen-chart__00190_s2be0c08d	jpeg420	95
/mnt/v/input/zensim/sources/gen-chart__00221_s2f54e1a9_512sq.png	/mnt/v/output/zensim/exp_tuner_2026-05-18/qsweep/gen-chart__00221_s2f54e1a9_q005.png	gen-chart__00221_s2f54e1a9	jpeg420	5
/mnt/v/input/zensim/sources/gen-chart__00221_s2f54e1a9_512sq.png	/mnt/v/output/zensim/exp_tuner_2026-05-18/qsweep/gen-chart__00221_s2f54e1a9_q010.png	gen-chart__00221_s2f54e1a9	jpeg420	10
/mnt/v/input/zensim/sources/gen-chart__00221_s2f54e1a9_512sq.png	/mnt/v/output/zensim/exp_tuner_2026-05-18/qsweep/gen-chart__00221_s2f54e1a9_q015.png	gen-chart__00221_s2f54e1a9	jpeg420	15
/mnt/v/input/zensim/sources/gen-chart__00221_s2f54e1a9_512sq.png	/mnt/v/output/zensim/exp_tuner_2026-05-18/qsweep/gen-chart__00221_s2f54e1a9_q020.png	gen-chart__00221_s2f54e1a9	jpeg420	20
/mnt/v/input/zensim/sources/gen-chart__00221_s2f54e1a9_512sq.png	/mnt/v/output/zensim/exp_tuner_2026-05-18/qsweep/gen-chart__00221_s2f54e1a9_q025.png	gen-chart__00221_s2f54e1a9	jpeg420	25
/mnt/v/input/zensim/sources/gen-chart__00221_s2f54e1a9_512sq.png	/mnt/v/output/zensim/exp_tuner_2026-05-18/qsweep/gen-chart__00221_s2f54e1a9_q030.png	gen-chart__00221_s2f54e1a9	jpeg420	30
/mnt/v/input/zensim/sources/gen-chart__00221_s2f54e1a9_512sq.png	/mnt/v/output/zensim/exp_tuner_2026-05-18/qsweep/gen-chart__00221_s2f54e1a9_q035.png	gen-chart__00221_s2f54e1a9	jpeg420	35
/mnt/v/input/zensim/sources/gen-chart__00221_s2f54e1a9_512sq.png	/mnt/v/output/zensim/exp_tuner_2026-05-18/qsweep/gen-chart__00221_s2f54e1a9_q040.png	gen-chart__00221_s2f54e1a9	jpeg420	40
/mnt/v/input/zensim/sources/gen-chart__00221_s2f54e1a9_512sq.png	/mnt/v/output/zensim/exp_tuner_2026-05-18/qsweep/gen-chart__00221_s2f54e1a9_q045.png	gen-chart__00221_s2f54e1a9	jpeg420	45
/mnt/v/input/zensim/sources/gen-chart__00221_s2f54e1a9_512sq.png	/mnt/v/output/zensim/exp_tuner_2026-05-18/qsweep/gen-chart__00221_s2f54e1a9_q050.png	gen-chart__00221_s2f54e1a9	jpeg420	50
/mnt/v/input/zensim/sources/gen-chart__00221_s2f54e1a9_512sq.png	/mnt/v/output/zensim/exp_tuner_2026-05-18/qsweep/gen-chart__00221_s2f54e1a9_q055.png	gen-chart__00221_s2f54e1a9	jpeg420	55
/mnt/v/input/zensim/sources/gen-chart__00221_s2f54e1a9_512sq.png	/mnt/v/output/zensim/exp_tuner_2026-05-18/qsweep/gen-chart__00221_s2f54e1a9_q060.png	gen-chart__00221_s2f54e1a9	jpeg420	60
/mnt/v/input/zensim/sources/gen-chart__00221_s2f54e1a9_512sq.png	/mnt/v/output/zensim/exp_tuner_2026-05-18/qsweep/gen-chart__00221_s2f54e1a9_q065.png	gen-chart__00221_s2f54e1a9	jpeg420	65
/mnt/v/input/zensim/sources/gen-chart__00221_s2f54e1a9_512sq.png	/mnt/v/output/zensim/exp_tuner_2026-05-18/qsweep/gen-chart__00221_s2f54e1a9_q070.png	gen-chart__00221_s2f54e1a9	jpeg420	70
/mnt/v/input/zensim/sources/gen-chart__00221_s2f54e1a9_512sq.png	/mnt/v/output/zensim/exp_tuner_2026-05-18/qsweep/gen-chart__00221_s2f54e1a9_q075.png	gen-chart__00221_s2f54e1a9	jpeg420	75
/mnt/v/input/zensim/sources/gen-chart__00221_s2f54e1a9_512sq.png	/mnt/v/output/zensim/exp_tuner_2026-05-18/qsweep/gen-chart__00221_s2f54e1a9_q080.png	gen-chart__00221_s2f54e1a9	jpeg420	80
/mnt/v/input/zensim/sources/gen-chart__00221_s2f54e1a9_512sq.png	/mnt/v/output/zensim/exp_tuner_2026-05-18/qsweep/gen-chart__00221_s2f54e1a9_q085.png	gen-chart__00221_s2f54e1a9	jpeg420	85
/mnt/v/input/zensim/sources/gen-chart__00221_s2f54e1a9_512sq.png	/mnt/v/output/zensim/exp_tuner_2026-05-18/qsweep/gen-chart__00221_s2f54e1a9_q090.png	gen-chart__00221_s2f54e1a9	jpeg420	90
/mnt/v/input/zensim/sources/gen-chart__00221_s2f54e1a9_512sq.png	/mnt/v/output/zensim/exp_tuner_2026-05-18/qsweep/gen-chart__00221_s2f54e1a9_q095.png	gen-chart__00221_s2f54e1a9	jpeg420	95
/mnt/v/input/zensim/sources/gen-chart__00253_s3bd15381_512sq.png	/mnt/v/output/zensim/exp_tuner_2026-05-18/qsweep/gen-chart__00253_s3bd15381_q005.png	gen-chart__00253_s3bd15381	jpeg420	5
/mnt/v/input/zensim/sources/gen-chart__00253_s3bd15381_512sq.png	/mnt/v/output/zensim/exp_tuner_2026-05-18/qsweep/gen-chart__00253_s3bd15381_q010.png	gen-chart__00253_s3bd15381	jpeg420	10
/mnt/v/input/zensim/sources/gen-chart__00253_s3bd15381_512sq.png	/mnt/v/output/zensim/exp_tuner_2026-05-18/qsweep/gen-chart__00253_s3bd15381_q015.png	gen-chart__00253_s3bd15381	jpeg420	15
/mnt/v/input/zensim/sources/gen-chart__00253_s3bd15381_512sq.png	/mnt/v/output/zensim/exp_tuner_2026-05-18/qsweep/gen-chart__00253_s3bd15381_q020.png	gen-chart__00253_s3bd15381	jpeg420	20
/mnt/v/input/zensim/sources/gen-chart__00253_s3bd15381_512sq.png	/mnt/v/output/zensim/exp_tuner_2026-05-18/qsweep/gen-chart__00253_s3bd15381_q025.png	gen-chart__00253_s3bd15381	jpeg420	25
/mnt/v/input/zensim/sources/gen-chart__00253_s3bd15381_512sq.png	/mnt/v/output/zensim/exp_tuner_2026-05-18/qsweep/gen-chart__00253_s3bd15381_q030.png	gen-chart__00253_s3bd15381	jpeg420	30
/mnt/v/input/zensim/sources/gen-chart__00253_s3bd15381_512sq.png	/mnt/v/output/zensim/exp_tuner_2026-05-18/qsweep/gen-chart__00253_s3bd15381_q035.png	gen-chart__00253_s3bd15381	jpeg420	35
/mnt/v/input/zensim/sources/gen-chart__00253_s3bd15381_512sq.png	/mnt/v/output/zensim/exp_tuner_2026-05-18/qsweep/gen-chart__00253_s3bd15381_q040.png	gen-chart__00253_s3bd15381	jpeg420	40
/mnt/v/input/zensim/sources/gen-chart__00253_s3bd15381_512sq.png	/mnt/v/output/zensim/exp_tuner_2026-05-18/qsweep/gen-chart__00253_s3bd15381_q045.png	gen-chart__00253_s3bd15381	jpeg420	45
/mnt/v/input/zensim/sources/gen-chart__00253_s3bd15381_512sq.png	/mnt/v/output/zensim/exp_tuner_2026-05-18/qsweep/gen-chart__00253_s3bd15381_q050.png	gen-chart__00253_s3bd15381	jpeg420	50
/mnt/v/input/zensim/sources/gen-chart__00253_s3bd15381_512sq.png	/mnt/v/output/zensim/exp_tuner_2026-05-18/qsweep/gen-chart__00253_s3bd15381_q055.png	gen-chart__00253_s3bd15381	jpeg420	55
/mnt/v/input/zensim/sources/gen-chart__00253_s3bd15381_512sq.png	/mnt/v/output/zensim/exp_tuner_2026-05-18/qsweep/gen-chart__00253_s3bd15381_q060.png	gen-chart__00253_s3bd15381	jpeg420	60
/mnt/v/input/zensim/sources/gen-chart__00253_s3bd15381_512sq.png	/mnt/v/output/zensim/exp_tuner_2026-05-18/qsweep/gen-chart__00253_s3bd15381_q065.png	gen-chart__00253_s3bd15381	jpeg420	65
/mnt/v/input/zensim/sources/gen-chart__00253_s3bd15381_512sq.png	/mnt/v/output/zensim/exp_tuner_2026-05-18/qsweep/gen-chart__00253_s3bd15381_q070.png	gen-chart__00253_s3bd15381	jpeg420	70
/mnt/v/input/zensim/sources/gen-chart__00253_s3bd15381_512sq.png	/mnt/v/output/zensim/exp_tuner_2026-05-18/qsweep/gen-chart__00253_s3bd15381_q075.png	gen-chart__00253_s3bd15381	jpeg420	75
/mnt/v/input/zensim/sources/gen-chart__00253_s3bd15381_512sq.png	/mnt/v/output/zensim/exp_tuner_2026-05-18/qsweep/gen-chart__00253_s3bd15381_q080.png	gen-chart__00253_s3bd15381	jpeg420	80
/mnt/v/input/zensim/sources/gen-chart__00253_s3bd15381_512sq.png	/mnt/v/output/zensim/exp_tuner_2026-05-18/qsweep/gen-chart__00253_s3bd15381_q085.png	gen-chart__00253_s3bd15381	jpeg420	85
/mnt/v/input/zensim/sources/gen-chart__00253_s3bd15381_512sq.png	/mnt/v/output/zensim/exp_tuner_2026-05-18/qsweep/gen-chart__00253_s3bd15381_q090.png	gen-chart__00253_s3bd15381	jpeg420	90
/mnt/v/input/zensim/sources/gen-chart__00253_s3bd15381_512sq.png	/mnt/v/output/zensim/exp_tuner_2026-05-18/qsweep/gen-chart__00253_s3bd15381_q095.png	gen-chart__00253_s3bd15381	jpeg420	95
/mnt/v/input/zensim/sources/gen-chart__00285_s2ec64ff7_512sq.png	/mnt/v/output/zensim/exp_tuner_2026-05-18/qsweep/gen-chart__00285_s2ec64ff7_q005.png	gen-chart__00285_s2ec64ff7	jpeg420	5
/mnt/v/input/zensim/sources/gen-chart__00285_s2ec64ff7_512sq.png	/mnt/v/output/zensim/exp_tuner_2026-05-18/qsweep/gen-chart__00285_s2ec64ff7_q010.png	gen-chart__00285_s2ec64ff7	jpeg420	10
/mnt/v/input/zensim/sources/gen-chart__00285_s2ec64ff7_512sq.png	/mnt/v/output/zensim/exp_tuner_2026-05-18/qsweep/gen-chart__00285_s2ec64ff7_q015.png	gen-chart__00285_s2ec64ff7	jpeg420	15
/mnt/v/input/zensim/sources/gen-chart__00285_s2ec64ff7_512sq.png	/mnt/v/output/zensim/exp_tuner_2026-05-18/qsweep/gen-chart__00285_s2ec64ff7_q020.png	gen-chart__00285_s2ec64ff7	jpeg420	20
/mnt/v/input/zensim/sources/gen-chart__00285_s2ec64ff7_512sq.png	/mnt/v/output/zensim/exp_tuner_2026-05-18/qsweep/gen-chart__00285_s2ec64ff7_q025.png	gen-chart__00285_s2ec64ff7	jpeg420	25
/mnt/v/input/zensim/sources/gen-chart__00285_s2ec64ff7_512sq.png	/mnt/v/output/zensim/exp_tuner_2026-05-18/qsweep/gen-chart__00285_s2ec64ff7_q030.png	gen-chart__00285_s2ec64ff7	jpeg420	30
/mnt/v/input/zensim/sources/gen-chart__00285_s2ec64ff7_512sq.png	/mnt/v/output/zensim/exp_tuner_2026-05-18/qsweep/gen-chart__00285_s2ec64ff7_q035.png	gen-chart__00285_s2ec64ff7	jpeg420	35
/mnt/v/input/zensim/sources/gen-chart__00285_s2ec64ff7_512sq.png	/mnt/v/output/zensim/exp_tuner_2026-05-18/qsweep/gen-chart__00285_s2ec64ff7_q040.png	gen-chart__00285_s2ec64ff7	jpeg420	40
/mnt/v/input/zensim/sources/gen-chart__00285_s2ec64ff7_512sq.png	/mnt/v/output/zensim/exp_tuner_2026-05-18/qsweep/gen-chart__00285_s2ec64ff7_q045.png	gen-chart__00285_s2ec64ff7	jpeg420	45
/mnt/v/input/zensim/sources/gen-chart__00285_s2ec64ff7_512sq.png	/mnt/v/output/zensim/exp_tuner_2026-05-18/qsweep/gen-chart__00285_s2ec64ff7_q050.png	gen-chart__00285_s2ec64ff7	jpeg420	50
/mnt/v/input/zensim/sources/gen-chart__00285_s2ec64ff7_512sq.png	/mnt/v/output/zensim/exp_tuner_2026-05-18/qsweep/gen-chart__00285_s2ec64ff7_q055.png	gen-chart__00285_s2ec64ff7	jpeg420	55
/mnt/v/input/zensim/sources/gen-chart__00285_s2ec64ff7_512sq.png	/mnt/v/output/zensim/exp_tuner_2026-05-18/qsweep/gen-chart__00285_s2ec64ff7_q060.png	gen-chart__00285_s2ec64ff7	jpeg420	60
/mnt/v/input/zensim/sources/gen-chart__00285_s2ec64ff7_512sq.png	/mnt/v/output/zensim/exp_tuner_2026-05-18/qsweep/gen-chart__00285_s2ec64ff7_q065.png	gen-chart__00285_s2ec64ff7	jpeg420	65
/mnt/v/input/zensim/sources/gen-chart__00285_s2ec64ff7_512sq.png	/mnt/v/output/zensim/exp_tuner_2026-05-18/qsweep/gen-chart__00285_s2ec64ff7_q070.png	gen-chart__00285_s2ec64ff7	jpeg420	70
/mnt/v/input/zensim/sources/gen-chart__00285_s2ec64ff7_512sq.png	/mnt/v/output/zensim/exp_tuner_2026-05-18/qsweep/gen-chart__00285_s2ec64ff7_q075.png	gen-chart__00285_s2ec64ff7	jpeg420	75
/mnt/v/input/zensim/sources/gen-chart__00285_s2ec64ff7_512sq.png	/mnt/v/output/zensim/exp_tuner_2026-05-18/qsweep/gen-chart__00285_s2ec64ff7_q080.png	gen-chart__00285_s2ec64ff7	jpeg420	80
/mnt/v/input/zensim/sources/gen-chart__00285_s2ec64ff7_512sq.png	/mnt/v/output/zensim/exp_tuner_2026-05-18/qsweep/gen-chart__00285_s2ec64ff7_q085.png	gen-chart__00285_s2ec64ff7	jpeg420	85
/mnt/v/input/zensim/sources/gen-chart__00285_s2ec64ff7_512sq.png	/mnt/v/output/zensim/exp_tuner_2026-05-18/qsweep/gen-chart__00285_s2ec64ff7_q090.png	gen-chart__00285_s2ec64ff7	jpeg420	90
/mnt/v/input/zensim/sources/gen-chart__00285_s2ec64ff7_512sq.png	/mnt/v/output/zensim/exp_tuner_2026-05-18/qsweep/gen-chart__00285_s2ec64ff7_q095.png	gen-chart__00285_s2ec64ff7	jpeg420	95
/mnt/v/input/zensim/sources/gen-chart__00330_s67b01545_512sq.png	/mnt/v/output/zensim/exp_tuner_2026-05-18/qsweep/gen-chart__00330_s67b01545_q005.png	gen-chart__00330_s67b01545	jpeg420	5
/mnt/v/input/zensim/sources/gen-chart__00330_s67b01545_512sq.png	/mnt/v/output/zensim/exp_tuner_2026-05-18/qsweep/gen-chart__00330_s67b01545_q010.png	gen-chart__00330_s67b01545	jpeg420	10
/mnt/v/input/zensim/sources/gen-chart__00330_s67b01545_512sq.png	/mnt/v/output/zensim/exp_tuner_2026-05-18/qsweep/gen-chart__00330_s67b01545_q015.png	gen-chart__00330_s67b01545	jpeg420	15
/mnt/v/input/zensim/sources/gen-chart__00330_s67b01545_512sq.png	/mnt/v/output/zensim/exp_tuner_2026-05-18/qsweep/gen-chart__00330_s67b01545_q020.png	gen-chart__00330_s67b01545	jpeg420	20
/mnt/v/input/zensim/sources/gen-chart__00330_s67b01545_512sq.png	/mnt/v/output/zensim/exp_tuner_2026-05-18/qsweep/gen-chart__00330_s67b01545_q025.png	gen-chart__00330_s67b01545	jpeg420	25
/mnt/v/input/zensim/sources/gen-chart__00330_s67b01545_512sq.png	/mnt/v/output/zensim/exp_tuner_2026-05-18/qsweep/gen-chart__00330_s67b01545_q030.png	gen-chart__00330_s67b01545	jpeg420	30
/mnt/v/input/zensim/sources/gen-chart__00330_s67b01545_512sq.png	/mnt/v/output/zensim/exp_tuner_2026-05-18/qsweep/gen-chart__00330_s67b01545_q035.png	gen-chart__00330_s67b01545	jpeg420	35
/mnt/v/input/zensim/sources/gen-chart__00330_s67b01545_512sq.png	/mnt/v/output/zensim/exp_tuner_2026-05-18/qsweep/gen-chart__00330_s67b01545_q040.png	gen-chart__00330_s67b01545	jpeg420	40
/mnt/v/input/zensim/sources/gen-chart__00330_s67b01545_512sq.png	/mnt/v/output/zensim/exp_tuner_2026-05-18/qsweep/gen-chart__00330_s67b01545_q045.png	gen-chart__00330_s67b01545	jpeg420	45
/mnt/v/input/zensim/sources/gen-chart__00330_s67b01545_512sq.png	/mnt/v/output/zensim/exp_tuner_2026-05-18/qsweep/gen-chart__00330_s67b01545_q050.png	gen-chart__00330_s67b01545	jpeg420	50
/mnt/v/input/zensim/sources/gen-chart__00330_s67b01545_512sq.png	/mnt/v/output/zensim/exp_tuner_2026-05-18/qsweep/gen-chart__00330_s67b01545_q055.png	gen-chart__00330_s67b01545	jpeg420	55
/mnt/v/input/zensim/sources/gen-chart__00330_s67b01545_512sq.png	/mnt/v/output/zensim/exp_tuner_2026-05-18/qsweep/gen-chart__00330_s67b01545_q060.png	gen-chart__00330_s67b01545	jpeg420	60
/mnt/v/input/zensim/sources/gen-chart__00330_s67b01545_512sq.png	/mnt/v/output/zensim/exp_tuner_2026-05-18/qsweep/gen-chart__00330_s67b01545_q065.png	gen-chart__00330_s67b01545	jpeg420	65
/mnt/v/input/zensim/sources/gen-chart__00330_s67b01545_512sq.png	/mnt/v/output/zensim/exp_tuner_2026-05-18/qsweep/gen-chart__00330_s67b01545_q070.png	gen-chart__00330_s67b01545	jpeg420	70
/mnt/v/input/zensim/sources/gen-chart__00330_s67b01545_512sq.png	/mnt/v/output/zensim/exp_tuner_2026-05-18/qsweep/gen-chart__00330_s67b01545_q075.png	gen-chart__00330_s67b01545	jpeg420	75
/mnt/v/input/zensim/sources/gen-chart__00330_s67b01545_512sq.png	/mnt/v/output/zensim/exp_tuner_2026-05-18/qsweep/gen-chart__00330_s67b01545_q080.png	gen-chart__00330_s67b01545	jpeg420	80
/mnt/v/input/zensim/sources/gen-chart__00330_s67b01545_512sq.png	/mnt/v/output/zensim/exp_tuner_2026-05-18/qsweep/gen-chart__00330_s67b01545_q085.png	gen-chart__00330_s67b01545	jpeg420	85
/mnt/v/input/zensim/sources/gen-chart__00330_s67b01545_512sq.png	/mnt/v/output/zensim/exp_tuner_2026-05-18/qsweep/gen-chart__00330_s67b01545_q090.png	gen-chart__00330_s67b01545	jpeg420	90
/mnt/v/input/zensim/sources/gen-chart__00330_s67b01545_512sq.png	/mnt/v/output/zensim/exp_tuner_2026-05-18/qsweep/gen-chart__00330_s67b01545_q095.png	gen-chart__00330_s67b01545	jpeg420	95
/mnt/v/input/zensim/sources/gen-chart__00390_s05d072ca_512sq.png	/mnt/v/output/zensim/exp_tuner_2026-05-18/qsweep/gen-chart__00390_s05d072ca_q005.png	gen-chart__00390_s05d072ca	jpeg420	5
/mnt/v/input/zensim/sources/gen-chart__00390_s05d072ca_512sq.png	/mnt/v/output/zensim/exp_tuner_2026-05-18/qsweep/gen-chart__00390_s05d072ca_q010.png	gen-chart__00390_s05d072ca	jpeg420	10
/mnt/v/input/zensim/sources/gen-chart__00390_s05d072ca_512sq.png	/mnt/v/output/zensim/exp_tuner_2026-05-18/qsweep/gen-chart__00390_s05d072ca_q015.png	gen-chart__00390_s05d072ca	jpeg420	15
/mnt/v/input/zensim/sources/gen-chart__00390_s05d072ca_512sq.png	/mnt/v/output/zensim/exp_tuner_2026-05-18/qsweep/gen-chart__00390_s05d072ca_q020.png	gen-chart__00390_s05d072ca	jpeg420	20
/mnt/v/input/zensim/sources/gen-chart__00390_s05d072ca_512sq.png	/mnt/v/output/zensim/exp_tuner_2026-05-18/qsweep/gen-chart__00390_s05d072ca_q025.png	gen-chart__00390_s05d072ca	jpeg420	25
/mnt/v/input/zensim/sources/gen-chart__00390_s05d072ca_512sq.png	/mnt/v/output/zensim/exp_tuner_2026-05-18/qsweep/gen-chart__00390_s05d072ca_q030.png	gen-chart__00390_s05d072ca	jpeg420	30
/mnt/v/input/zensim/sources/gen-chart__00390_s05d072ca_512sq.png	/mnt/v/output/zensim/exp_tuner_2026-05-18/qsweep/gen-chart__00390_s05d072ca_q035.png	gen-chart__00390_s05d072ca	jpeg420	35
/mnt/v/input/zensim/sources/gen-chart__00390_s05d072ca_512sq.png	/mnt/v/output/zensim/exp_tuner_2026-05-18/qsweep/gen-chart__00390_s05d072ca_q040.png	gen-chart__00390_s05d072ca	jpeg420	40
/mnt/v/input/zensim/sources/gen-chart__00390_s05d072ca_512sq.png	/mnt/v/output/zensim/exp_tuner_2026-05-18/qsweep/gen-chart__00390_s05d072ca_q045.png	gen-chart__00390_s05d072ca	jpeg420	45
/mnt/v/input/zensim/sources/gen-chart__00390_s05d072ca_512sq.png	/mnt/v/output/zensim/exp_tuner_2026-05-18/qsweep/gen-chart__00390_s05d072ca_q050.png	gen-chart__00390_s05d072ca	jpeg420	50
/mnt/v/input/zensim/sources/gen-chart__00390_s05d072ca_512sq.png	/mnt/v/output/zensim/exp_tuner_2026-05-18/qsweep/gen-chart__00390_s05d072ca_q055.png	gen-chart__00390_s05d072ca	jpeg420	55
/mnt/v/input/zensim/sources/gen-chart__00390_s05d072ca_512sq.png	/mnt/v/output/zensim/exp_tuner_2026-05-18/qsweep/gen-chart__00390_s05d072ca_q060.png	gen-chart__00390_s05d072ca	jpeg420	60
/mnt/v/input/zensim/sources/gen-chart__00390_s05d072ca_512sq.png	/mnt/v/output/zensim/exp_tuner_2026-05-18/qsweep/gen-chart__00390_s05d072ca_q065.png	gen-chart__00390_s05d072ca	jpeg420	65
/mnt/v/input/zensim/sources/gen-chart__00390_s05d072ca_512sq.png	/mnt/v/output/zensim/exp_tuner_2026-05-18/qsweep/gen-chart__00390_s05d072ca_q070.png	gen-chart__00390_s05d072ca	jpeg420	70
/mnt/v/input/zensim/sources/gen-chart__00390_s05d072ca_512sq.png	/mnt/v/output/zensim/exp_tuner_2026-05-18/qsweep/gen-chart__00390_s05d072ca_q075.png	gen-chart__00390_s05d072ca	jpeg420	75
/mnt/v/input/zensim/sources/gen-chart__00390_s05d072ca_512sq.png	/mnt/v/output/zensim/exp_tuner_2026-05-18/qsweep/gen-chart__00390_s05d072ca_q080.png	gen-chart__00390_s05d072ca	jpeg420	80
/mnt/v/input/zensim/sources/gen-chart__00390_s05d072ca_512sq.png	/mnt/v/output/zensim/exp_tuner_2026-05-18/qsweep/gen-chart__00390_s05d072ca_q085.png	gen-chart__00390_s05d072ca	jpeg420	85
/mnt/v/input/zensim/sources/gen-chart__00390_s05d072ca_512sq.png	/mnt/v/output/zensim/exp_tuner_2026-05-18/qsweep/gen-chart__00390_s05d072ca_q090.png	gen-chart__00390_s05d072ca	jpeg420	90
/mnt/v/input/zensim/sources/gen-chart__00390_s05d072ca_512sq.png	/mnt/v/output/zensim/exp_tuner_2026-05-18/qsweep/gen-chart__00390_s05d072ca_q095.png	gen-chart__00390_s05d072ca	jpeg420	95
/mnt/v/input/zensim/sources/gen-chart__00450_s495b44cd_512sq.png	/mnt/v/output/zensim/exp_tuner_2026-05-18/qsweep/gen-chart__00450_s495b44cd_q005.png	gen-chart__00450_s495b44cd	jpeg420	5
/mnt/v/input/zensim/sources/gen-chart__00450_s495b44cd_512sq.png	/mnt/v/output/zensim/exp_tuner_2026-05-18/qsweep/gen-chart__00450_s495b44cd_q010.png	gen-chart__00450_s495b44cd	jpeg420	10
/mnt/v/input/zensim/sources/gen-chart__00450_s495b44cd_512sq.png	/mnt/v/output/zensim/exp_tuner_2026-05-18/qsweep/gen-chart__00450_s495b44cd_q015.png	gen-chart__00450_s495b44cd	jpeg420	15
/mnt/v/input/zensim/sources/gen-chart__00450_s495b44cd_512sq.png	/mnt/v/output/zensim/exp_tuner_2026-05-18/qsweep/gen-chart__00450_s495b44cd_q020.png	gen-chart__00450_s495b44cd	jpeg420	20
/mnt/v/input/zensim/sources/gen-chart__00450_s495b44cd_512sq.png	/mnt/v/output/zensim/exp_tuner_2026-05-18/qsweep/gen-chart__00450_s495b44cd_q025.png	gen-chart__00450_s495b44cd	jpeg420	25
/mnt/v/input/zensim/sources/gen-chart__00450_s495b44cd_512sq.png	/mnt/v/output/zensim/exp_tuner_2026-05-18/qsweep/gen-chart__00450_s495b44cd_q030.png	gen-chart__00450_s495b44cd	jpeg420	30
/mnt/v/input/zensim/sources/gen-chart__00450_s495b44cd_512sq.png	/mnt/v/output/zensim/exp_tuner_2026-05-18/qsweep/gen-chart__00450_s495b44cd_q035.png	gen-chart__00450_s495b44cd	jpeg420	35
/mnt/v/input/zensim/sources/gen-chart__00450_s495b44cd_512sq.png	/mnt/v/output/zensim/exp_tuner_2026-05-18/qsweep/gen-chart__00450_s495b44cd_q040.png	gen-chart__00450_s495b44cd	jpeg420	40
/mnt/v/input/zensim/sources/gen-chart__00450_s495b44cd_512sq.png	/mnt/v/output/zensim/exp_tuner_2026-05-18/qsweep/gen-chart__00450_s495b44cd_q045.png	gen-chart__00450_s495b44cd	jpeg420	45
/mnt/v/input/zensim/sources/gen-chart__00450_s495b44cd_512sq.png	/mnt/v/output/zensim/exp_tuner_2026-05-18/qsweep/gen-chart__00450_s495b44cd_q050.png	gen-chart__00450_s495b44cd	jpeg420	50
/mnt/v/input/zensim/sources/gen-chart__00450_s495b44cd_512sq.png	/mnt/v/output/zensim/exp_tuner_2026-05-18/qsweep/gen-chart__00450_s495b44cd_q055.png	gen-chart__00450_s495b44cd	jpeg420	55
/mnt/v/input/zensim/sources/gen-chart__00450_s495b44cd_512sq.png	/mnt/v/output/zensim/exp_tuner_2026-05-18/qsweep/gen-chart__00450_s495b44cd_q060.png	gen-chart__00450_s495b44cd	jpeg420	60
/mnt/v/input/zensim/sources/gen-chart__00450_s495b44cd_512sq.png	/mnt/v/output/zensim/exp_tuner_2026-05-18/qsweep/gen-chart__00450_s495b44cd_q065.png	gen-chart__00450_s495b44cd	jpeg420	65
/mnt/v/input/zensim/sources/gen-chart__00450_s495b44cd_512sq.png	/mnt/v/output/zensim/exp_tuner_2026-05-18/qsweep/gen-chart__00450_s495b44cd_q070.png	gen-chart__00450_s495b44cd	jpeg420	70
/mnt/v/input/zensim/sources/gen-chart__00450_s495b44cd_512sq.png	/mnt/v/output/zensim/exp_tuner_2026-05-18/qsweep/gen-chart__00450_s495b44cd_q075.png	gen-chart__00450_s495b44cd	jpeg420	75
/mnt/v/input/zensim/sources/gen-chart__00450_s495b44cd_512sq.png	/mnt/v/output/zensim/exp_tuner_2026-05-18/qsweep/gen-chart__00450_s495b44cd_q080.png	gen-chart__00450_s495b44cd	jpeg420	80
/mnt/v/input/zensim/sources/gen-chart__00450_s495b44cd_512sq.png	/mnt/v/output/zensim/exp_tuner_2026-05-18/qsweep/gen-chart__00450_s495b44cd_q085.png	gen-chart__00450_s495b44cd	jpeg420	85
/mnt/v/input/zensim/sources/gen-chart__00450_s495b44cd_512sq.png	/mnt/v/output/zensim/exp_tuner_2026-05-18/qsweep/gen-chart__00450_s495b44cd_q090.png	gen-chart__00450_s495b44cd	jpeg420	90
/mnt/v/input/zensim/sources/gen-chart__00450_s495b44cd_512sq.png	/mnt/v/output/zensim/exp_tuner_2026-05-18/qsweep/gen-chart__00450_s495b44cd_q095.png	gen-chart__00450_s495b44cd	jpeg420	95
/mnt/v/input/zensim/sources/gen-doc__00010_s1561a132_512sq.png	/mnt/v/output/zensim/exp_tuner_2026-05-18/qsweep/gen-doc__00010_s1561a132_q005.png	gen-doc__00010_s1561a132	jpeg420	5
/mnt/v/input/zensim/sources/gen-doc__00010_s1561a132_512sq.png	/mnt/v/output/zensim/exp_tuner_2026-05-18/qsweep/gen-doc__00010_s1561a132_q010.png	gen-doc__00010_s1561a132	jpeg420	10
/mnt/v/input/zensim/sources/gen-doc__00010_s1561a132_512sq.png	/mnt/v/output/zensim/exp_tuner_2026-05-18/qsweep/gen-doc__00010_s1561a132_q015.png	gen-doc__00010_s1561a132	jpeg420	15
/mnt/v/input/zensim/sources/gen-doc__00010_s1561a132_512sq.png	/mnt/v/output/zensim/exp_tuner_2026-05-18/qsweep/gen-doc__00010_s1561a132_q020.png	gen-doc__00010_s1561a132	jpeg420	20
/mnt/v/input/zensim/sources/gen-doc__00010_s1561a132_512sq.png	/mnt/v/output/zensim/exp_tuner_2026-05-18/qsweep/gen-doc__00010_s1561a132_q025.png	gen-doc__00010_s1561a132	jpeg420	25
/mnt/v/input/zensim/sources/gen-doc__00010_s1561a132_512sq.png	/mnt/v/output/zensim/exp_tuner_2026-05-18/qsweep/gen-doc__00010_s1561a132_q030.png	gen-doc__00010_s1561a132	jpeg420	30
/mnt/v/input/zensim/sources/gen-doc__00010_s1561a132_512sq.png	/mnt/v/output/zensim/exp_tuner_2026-05-18/qsweep/gen-doc__00010_s1561a132_q035.png	gen-doc__00010_s1561a132	jpeg420	35
/mnt/v/input/zensim/sources/gen-doc__00010_s1561a132_512sq.png	/mnt/v/output/zensim/exp_tuner_2026-05-18/qsweep/gen-doc__00010_s1561a132_q040.png	gen-doc__00010_s1561a132	jpeg420	40
/mnt/v/input/zensim/sources/gen-doc__00010_s1561a132_512sq.png	/mnt/v/output/zensim/exp_tuner_2026-05-18/qsweep/gen-doc__00010_s1561a132_q045.png	gen-doc__00010_s1561a132	jpeg420	45
/mnt/v/input/zensim/sources/gen-doc__00010_s1561a132_512sq.png	/mnt/v/output/zensim/exp_tuner_2026-05-18/qsweep/gen-doc__00010_s1561a132_q050.png	gen-doc__00010_s1561a132	jpeg420	50
/mnt/v/input/zensim/sources/gen-doc__00010_s1561a132_512sq.png	/mnt/v/output/zensim/exp_tuner_2026-05-18/qsweep/gen-doc__00010_s1561a132_q055.png	gen-doc__00010_s1561a132	jpeg420	55
/mnt/v/input/zensim/sources/gen-doc__00010_s1561a132_512sq.png	/mnt/v/output/zensim/exp_tuner_2026-05-18/qsweep/gen-doc__00010_s1561a132_q060.png	gen-doc__00010_s1561a132	jpeg420	60
/mnt/v/input/zensim/sources/gen-doc__00010_s1561a132_512sq.png	/mnt/v/output/zensim/exp_tuner_2026-05-18/qsweep/gen-doc__00010_s1561a132_q065.png	gen-doc__00010_s1561a132	jpeg420	65
/mnt/v/input/zensim/sources/gen-doc__00010_s1561a132_512sq.png	/mnt/v/output/zensim/exp_tuner_2026-05-18/qsweep/gen-doc__00010_s1561a132_q070.png	gen-doc__00010_s1561a132	jpeg420	70
/mnt/v/input/zensim/sources/gen-doc__00010_s1561a132_512sq.png	/mnt/v/output/zensim/exp_tuner_2026-05-18/qsweep/gen-doc__00010_s1561a132_q075.png	gen-doc__00010_s1561a132	jpeg420	75
/mnt/v/input/zensim/sources/gen-doc__00010_s1561a132_512sq.png	/mnt/v/output/zensim/exp_tuner_2026-05-18/qsweep/gen-doc__00010_s1561a132_q080.png	gen-doc__00010_s1561a132	jpeg420	80
/mnt/v/input/zensim/sources/gen-doc__00010_s1561a132_512sq.png	/mnt/v/output/zensim/exp_tuner_2026-05-18/qsweep/gen-doc__00010_s1561a132_q085.png	gen-doc__00010_s1561a132	jpeg420	85
/mnt/v/input/zensim/sources/gen-doc__00010_s1561a132_512sq.png	/mnt/v/output/zensim/exp_tuner_2026-05-18/qsweep/gen-doc__00010_s1561a132_q090.png	gen-doc__00010_s1561a132	jpeg420	90
/mnt/v/input/zensim/sources/gen-doc__00010_s1561a132_512sq.png	/mnt/v/output/zensim/exp_tuner_2026-05-18/qsweep/gen-doc__00010_s1561a132_q095.png	gen-doc__00010_s1561a132	jpeg420	95
/mnt/v/input/zensim/sources/gen-doc__00070_s577279c7_512sq.png	/mnt/v/output/zensim/exp_tuner_2026-05-18/qsweep/gen-doc__00070_s577279c7_q005.png	gen-doc__00070_s577279c7	jpeg420	5
/mnt/v/input/zensim/sources/gen-doc__00070_s577279c7_512sq.png	/mnt/v/output/zensim/exp_tuner_2026-05-18/qsweep/gen-doc__00070_s577279c7_q010.png	gen-doc__00070_s577279c7	jpeg420	10
/mnt/v/input/zensim/sources/gen-doc__00070_s577279c7_512sq.png	/mnt/v/output/zensim/exp_tuner_2026-05-18/qsweep/gen-doc__00070_s577279c7_q015.png	gen-doc__00070_s577279c7	jpeg420	15
/mnt/v/input/zensim/sources/gen-doc__00070_s577279c7_512sq.png	/mnt/v/output/zensim/exp_tuner_2026-05-18/qsweep/gen-doc__00070_s577279c7_q020.png	gen-doc__00070_s577279c7	jpeg420	20
/mnt/v/input/zensim/sources/gen-doc__00070_s577279c7_512sq.png	/mnt/v/output/zensim/exp_tuner_2026-05-18/qsweep/gen-doc__00070_s577279c7_q025.png	gen-doc__00070_s577279c7	jpeg420	25
/mnt/v/input/zensim/sources/gen-doc__00070_s577279c7_512sq.png	/mnt/v/output/zensim/exp_tuner_2026-05-18/qsweep/gen-doc__00070_s577279c7_q030.png	gen-doc__00070_s577279c7	jpeg420	30
/mnt/v/input/zensim/sources/gen-doc__00070_s577279c7_512sq.png	/mnt/v/output/zensim/exp_tuner_2026-05-18/qsweep/gen-doc__00070_s577279c7_q035.png	gen-doc__00070_s577279c7	jpeg420	35
/mnt/v/input/zensim/sources/gen-doc__00070_s577279c7_512sq.png	/mnt/v/output/zensim/exp_tuner_2026-05-18/qsweep/gen-doc__00070_s577279c7_q040.png	gen-doc__00070_s577279c7	jpeg420	40
/mnt/v/input/zensim/sources/gen-doc__00070_s577279c7_512sq.png	/mnt/v/output/zensim/exp_tuner_2026-05-18/qsweep/gen-doc__00070_s577279c7_q045.png	gen-doc__00070_s577279c7	jpeg420	45
/mnt/v/input/zensim/sources/gen-doc__00070_s577279c7_512sq.png	/mnt/v/output/zensim/exp_tuner_2026-05-18/qsweep/gen-doc__00070_s577279c7_q050.png	gen-doc__00070_s577279c7	jpeg420	50
/mnt/v/input/zensim/sources/gen-doc__00070_s577279c7_512sq.png	/mnt/v/output/zensim/exp_tuner_2026-05-18/qsweep/gen-doc__00070_s577279c7_q055.png	gen-doc__00070_s577279c7	jpeg420	55
/mnt/v/input/zensim/sources/gen-doc__00070_s577279c7_512sq.png	/mnt/v/output/zensim/exp_tuner_2026-05-18/qsweep/gen-doc__00070_s577279c7_q060.png	gen-doc__00070_s577279c7	jpeg420	60
/mnt/v/input/zensim/sources/gen-doc__00070_s577279c7_512sq.png	/mnt/v/output/zensim/exp_tuner_2026-05-18/qsweep/gen-doc__00070_s577279c7_q065.png	gen-doc__00070_s577279c7	jpeg420	65
/mnt/v/input/zensim/sources/gen-doc__00070_s577279c7_512sq.png	/mnt/v/output/zensim/exp_tuner_2026-05-18/qsweep/gen-doc__00070_s577279c7_q070.png	gen-doc__00070_s577279c7	jpeg420	70
/mnt/v/input/zensim/sources/gen-doc__00070_s577279c7_512sq.png	/mnt/v/output/zensim/exp_tuner_2026-05-18/qsweep/gen-doc__00070_s577279c7_q075.png	gen-doc__00070_s577279c7	jpeg420	75
/mnt/v/input/zensim/sources/gen-doc__00070_s577279c7_512sq.png	/mnt/v/output/zensim/exp_tuner_2026-05-18/qsweep/gen-doc__00070_s577279c7_q080.png	gen-doc__00070_s577279c7	jpeg420	80
/mnt/v/input/zensim/sources/gen-doc__00070_s577279c7_512sq.png	/mnt/v/output/zensim/exp_tuner_2026-05-18/qsweep/gen-doc__00070_s577279c7_q085.png	gen-doc__00070_s577279c7	jpeg420	85
/mnt/v/input/zensim/sources/gen-doc__00070_s577279c7_512sq.png	/mnt/v/output/zensim/exp_tuner_2026-05-18/qsweep/gen-doc__00070_s577279c7_q090.png	gen-doc__00070_s577279c7	jpeg420	90
/mnt/v/input/zensim/sources/gen-doc__00070_s577279c7_512sq.png	/mnt/v/output/zensim/exp_tuner_2026-05-18/qsweep/gen-doc__00070_s577279c7_q095.png	gen-doc__00070_s577279c7	jpeg420	95
/mnt/v/input/zensim/sources/gen-doc__00130_s3e119414_512sq.png	/mnt/v/output/zensim/exp_tuner_2026-05-18/qsweep/gen-doc__00130_s3e119414_q005.png	gen-doc__00130_s3e119414	jpeg420	5
/mnt/v/input/zensim/sources/gen-doc__00130_s3e119414_512sq.png	/mnt/v/output/zensim/exp_tuner_2026-05-18/qsweep/gen-doc__00130_s3e119414_q010.png	gen-doc__00130_s3e119414	jpeg420	10
/mnt/v/input/zensim/sources/gen-doc__00130_s3e119414_512sq.png	/mnt/v/output/zensim/exp_tuner_2026-05-18/qsweep/gen-doc__00130_s3e119414_q015.png	gen-doc__00130_s3e119414	jpeg420	15
/mnt/v/input/zensim/sources/gen-doc__00130_s3e119414_512sq.png	/mnt/v/output/zensim/exp_tuner_2026-05-18/qsweep/gen-doc__00130_s3e119414_q020.png	gen-doc__00130_s3e119414	jpeg420	20
/mnt/v/input/zensim/sources/gen-doc__00130_s3e119414_512sq.png	/mnt/v/output/zensim/exp_tuner_2026-05-18/qsweep/gen-doc__00130_s3e119414_q025.png	gen-doc__00130_s3e119414	jpeg420	25
/mnt/v/input/zensim/sources/gen-doc__00130_s3e119414_512sq.png	/mnt/v/output/zensim/exp_tuner_2026-05-18/qsweep/gen-doc__00130_s3e119414_q030.png	gen-doc__00130_s3e119414	jpeg420	30
/mnt/v/input/zensim/sources/gen-doc__00130_s3e119414_512sq.png	/mnt/v/output/zensim/exp_tuner_2026-05-18/qsweep/gen-doc__00130_s3e119414_q035.png	gen-doc__00130_s3e119414	jpeg420	35
/mnt/v/input/zensim/sources/gen-doc__00130_s3e119414_512sq.png	/mnt/v/output/zensim/exp_tuner_2026-05-18/qsweep/gen-doc__00130_s3e119414_q040.png	gen-doc__00130_s3e119414	jpeg420	40
/mnt/v/input/zensim/sources/gen-doc__00130_s3e119414_512sq.png	/mnt/v/output/zensim/exp_tuner_2026-05-18/qsweep/gen-doc__00130_s3e119414_q045.png	gen-doc__00130_s3e119414	jpeg420	45
/mnt/v/input/zensim/sources/gen-doc__00130_s3e119414_512sq.png	/mnt/v/output/zensim/exp_tuner_2026-05-18/qsweep/gen-doc__00130_s3e119414_q050.png	gen-doc__00130_s3e119414	jpeg420	50
/mnt/v/input/zensim/sources/gen-doc__00130_s3e119414_512sq.png	/mnt/v/output/zensim/exp_tuner_2026-05-18/qsweep/gen-doc__00130_s3e119414_q055.png	gen-doc__00130_s3e119414	jpeg420	55
/mnt/v/input/zensim/sources/gen-doc__00130_s3e119414_512sq.png	/mnt/v/output/zensim/exp_tuner_2026-05-18/qsweep/gen-doc__00130_s3e119414_q060.png	gen-doc__00130_s3e119414	jpeg420	60
/mnt/v/input/zensim/sources/gen-doc__00130_s3e119414_512sq.png	/mnt/v/output/zensim/exp_tuner_2026-05-18/qsweep/gen-doc__00130_s3e119414_q065.png	gen-doc__00130_s3e119414	jpeg420	65
/mnt/v/input/zensim/sources/gen-doc__00130_s3e119414_512sq.png	/mnt/v/output/zensim/exp_tuner_2026-05-18/qsweep/gen-doc__00130_s3e119414_q070.png	gen-doc__00130_s3e119414	jpeg420	70
/mnt/v/input/zensim/sources/gen-doc__00130_s3e119414_512sq.png	/mnt/v/output/zensim/exp_tuner_2026-05-18/qsweep/gen-doc__00130_s3e119414_q075.png	gen-doc__00130_s3e119414	jpeg420	75
/mnt/v/input/zensim/sources/gen-doc__00130_s3e119414_512sq.png	/mnt/v/output/zensim/exp_tuner_2026-05-18/qsweep/gen-doc__00130_s3e119414_q080.png	gen-doc__00130_s3e119414	jpeg420	80
/mnt/v/input/zensim/sources/gen-doc__00130_s3e119414_512sq.png	/mnt/v/output/zensim/exp_tuner_2026-05-18/qsweep/gen-doc__00130_s3e119414_q085.png	gen-doc__00130_s3e119414	jpeg420	85
/mnt/v/input/zensim/sources/gen-doc__00130_s3e119414_512sq.png	/mnt/v/output/zensim/exp_tuner_2026-05-18/qsweep/gen-doc__00130_s3e119414_q090.png	gen-doc__00130_s3e119414	jpeg420	90
/mnt/v/input/zensim/sources/gen-doc__00130_s3e119414_512sq.png	/mnt/v/output/zensim/exp_tuner_2026-05-18/qsweep/gen-doc__00130_s3e119414_q095.png	gen-doc__00130_s3e119414	jpeg420	95
/mnt/v/input/zensim/sources/gen-doc__00190_s0688b10a_512sq.png	/mnt/v/output/zensim/exp_tuner_2026-05-18/qsweep/gen-doc__00190_s0688b10a_q005.png	gen-doc__00190_s0688b10a	jpeg420	5
/mnt/v/input/zensim/sources/gen-doc__00190_s0688b10a_512sq.png	/mnt/v/output/zensim/exp_tuner_2026-05-18/qsweep/gen-doc__00190_s0688b10a_q010.png	gen-doc__00190_s0688b10a	jpeg420	10
/mnt/v/input/zensim/sources/gen-doc__00190_s0688b10a_512sq.png	/mnt/v/output/zensim/exp_tuner_2026-05-18/qsweep/gen-doc__00190_s0688b10a_q015.png	gen-doc__00190_s0688b10a	jpeg420	15
/mnt/v/input/zensim/sources/gen-doc__00190_s0688b10a_512sq.png	/mnt/v/output/zensim/exp_tuner_2026-05-18/qsweep/gen-doc__00190_s0688b10a_q020.png	gen-doc__00190_s0688b10a	jpeg420	20
/mnt/v/input/zensim/sources/gen-doc__00190_s0688b10a_512sq.png	/mnt/v/output/zensim/exp_tuner_2026-05-18/qsweep/gen-doc__00190_s0688b10a_q025.png	gen-doc__00190_s0688b10a	jpeg420	25
/mnt/v/input/zensim/sources/gen-doc__00190_s0688b10a_512sq.png	/mnt/v/output/zensim/exp_tuner_2026-05-18/qsweep/gen-doc__00190_s0688b10a_q030.png	gen-doc__00190_s0688b10a	jpeg420	30
/mnt/v/input/zensim/sources/gen-doc__00190_s0688b10a_512sq.png	/mnt/v/output/zensim/exp_tuner_2026-05-18/qsweep/gen-doc__00190_s0688b10a_q035.png	gen-doc__00190_s0688b10a	jpeg420	35
/mnt/v/input/zensim/sources/gen-doc__00190_s0688b10a_512sq.png	/mnt/v/output/zensim/exp_tuner_2026-05-18/qsweep/gen-doc__00190_s0688b10a_q040.png	gen-doc__00190_s0688b10a	jpeg420	40
/mnt/v/input/zensim/sources/gen-doc__00190_s0688b10a_512sq.png	/mnt/v/output/zensim/exp_tuner_2026-05-18/qsweep/gen-doc__00190_s0688b10a_q045.png	gen-doc__00190_s0688b10a	jpeg420	45
/mnt/v/input/zensim/sources/gen-doc__00190_s0688b10a_512sq.png	/mnt/v/output/zensim/exp_tuner_2026-05-18/qsweep/gen-doc__00190_s0688b10a_q050.png	gen-doc__00190_s0688b10a	jpeg420	50
/mnt/v/input/zensim/sources/gen-doc__00190_s0688b10a_512sq.png	/mnt/v/output/zensim/exp_tuner_2026-05-18/qsweep/gen-doc__00190_s0688b10a_q055.png	gen-doc__00190_s0688b10a	jpeg420	55
/mnt/v/input/zensim/sources/gen-doc__00190_s0688b10a_512sq.png	/mnt/v/output/zensim/exp_tuner_2026-05-18/qsweep/gen-doc__00190_s0688b10a_q060.png	gen-doc__00190_s0688b10a	jpeg420	60
/mnt/v/input/zensim/sources/gen-doc__00190_s0688b10a_512sq.png	/mnt/v/output/zensim/exp_tuner_2026-05-18/qsweep/gen-doc__00190_s0688b10a_q065.png	gen-doc__00190_s0688b10a	jpeg420	65
/mnt/v/input/zensim/sources/gen-doc__00190_s0688b10a_512sq.png	/mnt/v/output/zensim/exp_tuner_2026-05-18/qsweep/gen-doc__00190_s0688b10a_q070.png	gen-doc__00190_s0688b10a	jpeg420	70
/mnt/v/input/zensim/sources/gen-doc__00190_s0688b10a_512sq.png	/mnt/v/output/zensim/exp_tuner_2026-05-18/qsweep/gen-doc__00190_s0688b10a_q075.png	gen-doc__00190_s0688b10a	jpeg420	75
/mnt/v/input/zensim/sources/gen-doc__00190_s0688b10a_512sq.png	/mnt/v/output/zensim/exp_tuner_2026-05-18/qsweep/gen-doc__00190_s0688b10a_q080.png	gen-doc__00190_s0688b10a	jpeg420	80
/mnt/v/input/zensim/sources/gen-doc__00190_s0688b10a_512sq.png	/mnt/v/output/zensim/exp_tuner_2026-05-18/qsweep/gen-doc__00190_s0688b10a_q085.png	gen-doc__00190_s0688b10a	jpeg420	85
/mnt/v/input/zensim/sources/gen-doc__00190_s0688b10a_512sq.png	/mnt/v/output/zensim/exp_tuner_2026-05-18/qsweep/gen-doc__00190_s0688b10a_q090.png	gen-doc__00190_s0688b10a	jpeg420	90
/mnt/v/input/zensim/sources/gen-doc__00190_s0688b10a_512sq.png	/mnt/v/output/zensim/exp_tuner_2026-05-18/qsweep/gen-doc__00190_s0688b10a_q095.png	gen-doc__00190_s0688b10a	jpeg420	95
/mnt/v/input/zensim/sources/gen-doc__00250_s67c7600a_512sq.png	/mnt/v/output/zensim/exp_tuner_2026-05-18/qsweep/gen-doc__00250_s67c7600a_q005.png	gen-doc__00250_s67c7600a	jpeg420	5
/mnt/v/input/zensim/sources/gen-doc__00250_s67c7600a_512sq.png	/mnt/v/output/zensim/exp_tuner_2026-05-18/qsweep/gen-doc__00250_s67c7600a_q010.png	gen-doc__00250_s67c7600a	jpeg420	10
/mnt/v/input/zensim/sources/gen-doc__00250_s67c7600a_512sq.png	/mnt/v/output/zensim/exp_tuner_2026-05-18/qsweep/gen-doc__00250_s67c7600a_q015.png	gen-doc__00250_s67c7600a	jpeg420	15
/mnt/v/input/zensim/sources/gen-doc__00250_s67c7600a_512sq.png	/mnt/v/output/zensim/exp_tuner_2026-05-18/qsweep/gen-doc__00250_s67c7600a_q020.png	gen-doc__00250_s67c7600a	jpeg420	20
/mnt/v/input/zensim/sources/gen-doc__00250_s67c7600a_512sq.png	/mnt/v/output/zensim/exp_tuner_2026-05-18/qsweep/gen-doc__00250_s67c7600a_q025.png	gen-doc__00250_s67c7600a	jpeg420	25
/mnt/v/input/zensim/sources/gen-doc__00250_s67c7600a_512sq.png	/mnt/v/output/zensim/exp_tuner_2026-05-18/qsweep/gen-doc__00250_s67c7600a_q030.png	gen-doc__00250_s67c7600a	jpeg420	30
/mnt/v/input/zensim/sources/gen-doc__00250_s67c7600a_512sq.png	/mnt/v/output/zensim/exp_tuner_2026-05-18/qsweep/gen-doc__00250_s67c7600a_q035.png	gen-doc__00250_s67c7600a	jpeg420	35
/mnt/v/input/zensim/sources/gen-doc__00250_s67c7600a_512sq.png	/mnt/v/output/zensim/exp_tuner_2026-05-18/qsweep/gen-doc__00250_s67c7600a_q040.png	gen-doc__00250_s67c7600a	jpeg420	40
/mnt/v/input/zensim/sources/gen-doc__00250_s67c7600a_512sq.png	/mnt/v/output/zensim/exp_tuner_2026-05-18/qsweep/gen-doc__00250_s67c7600a_q045.png	gen-doc__00250_s67c7600a	jpeg420	45
/mnt/v/input/zensim/sources/gen-doc__00250_s67c7600a_512sq.png	/mnt/v/output/zensim/exp_tuner_2026-05-18/qsweep/gen-doc__00250_s67c7600a_q050.png	gen-doc__00250_s67c7600a	jpeg420	50
/mnt/v/input/zensim/sources/gen-doc__00250_s67c7600a_512sq.png	/mnt/v/output/zensim/exp_tuner_2026-05-18/qsweep/gen-doc__00250_s67c7600a_q055.png	gen-doc__00250_s67c7600a	jpeg420	55
/mnt/v/input/zensim/sources/gen-doc__00250_s67c7600a_512sq.png	/mnt/v/output/zensim/exp_tuner_2026-05-18/qsweep/gen-doc__00250_s67c7600a_q060.png	gen-doc__00250_s67c7600a	jpeg420	60
/mnt/v/input/zensim/sources/gen-doc__00250_s67c7600a_512sq.png	/mnt/v/output/zensim/exp_tuner_2026-05-18/qsweep/gen-doc__00250_s67c7600a_q065.png	gen-doc__00250_s67c7600a	jpeg420	65
/mnt/v/input/zensim/sources/gen-doc__00250_s67c7600a_512sq.png	/mnt/v/output/zensim/exp_tuner_2026-05-18/qsweep/gen-doc__00250_s67c7600a_q070.png	gen-doc__00250_s67c7600a	jpeg420	70
/mnt/v/input/zensim/sources/gen-doc__00250_s67c7600a_512sq.png	/mnt/v/output/zensim/exp_tuner_2026-05-18/qsweep/gen-doc__00250_s67c7600a_q075.png	gen-doc__00250_s67c7600a	jpeg420	75
/mnt/v/input/zensim/sources/gen-doc__00250_s67c7600a_512sq.png	/mnt/v/output/zensim/exp_tuner_2026-05-18/qsweep/gen-doc__00250_s67c7600a_q080.png	gen-doc__00250_s67c7600a	jpeg420	80
/mnt/v/input/zensim/sources/gen-doc__00250_s67c7600a_512sq.png	/mnt/v/output/zensim/exp_tuner_2026-05-18/qsweep/gen-doc__00250_s67c7600a_q085.png	gen-doc__00250_s67c7600a	jpeg420	85
/mnt/v/input/zensim/sources/gen-doc__00250_s67c7600a_512sq.png	/mnt/v/output/zensim/exp_tuner_2026-05-18/qsweep/gen-doc__00250_s67c7600a_q090.png	gen-doc__00250_s67c7600a	jpeg420	90
/mnt/v/input/zensim/sources/gen-doc__00250_s67c7600a_512sq.png	/mnt/v/output/zensim/exp_tuner_2026-05-18/qsweep/gen-doc__00250_s67c7600a_q095.png	gen-doc__00250_s67c7600a	jpeg420	95
/mnt/v/input/zensim/sources/gen-doc__00310_s730e6f7f_512sq.png	/mnt/v/output/zensim/exp_tuner_2026-05-18/qsweep/gen-doc__00310_s730e6f7f_q005.png	gen-doc__00310_s730e6f7f	jpeg420	5
/mnt/v/input/zensim/sources/gen-doc__00310_s730e6f7f_512sq.png	/mnt/v/output/zensim/exp_tuner_2026-05-18/qsweep/gen-doc__00310_s730e6f7f_q010.png	gen-doc__00310_s730e6f7f	jpeg420	10
/mnt/v/input/zensim/sources/gen-doc__00310_s730e6f7f_512sq.png	/mnt/v/output/zensim/exp_tuner_2026-05-18/qsweep/gen-doc__00310_s730e6f7f_q015.png	gen-doc__00310_s730e6f7f	jpeg420	15
/mnt/v/input/zensim/sources/gen-doc__00310_s730e6f7f_512sq.png	/mnt/v/output/zensim/exp_tuner_2026-05-18/qsweep/gen-doc__00310_s730e6f7f_q020.png	gen-doc__00310_s730e6f7f	jpeg420	20
/mnt/v/input/zensim/sources/gen-doc__00310_s730e6f7f_512sq.png	/mnt/v/output/zensim/exp_tuner_2026-05-18/qsweep/gen-doc__00310_s730e6f7f_q025.png	gen-doc__00310_s730e6f7f	jpeg420	25
/mnt/v/input/zensim/sources/gen-doc__00310_s730e6f7f_512sq.png	/mnt/v/output/zensim/exp_tuner_2026-05-18/qsweep/gen-doc__00310_s730e6f7f_q030.png	gen-doc__00310_s730e6f7f	jpeg420	30
/mnt/v/input/zensim/sources/gen-doc__00310_s730e6f7f_512sq.png	/mnt/v/output/zensim/exp_tuner_2026-05-18/qsweep/gen-doc__00310_s730e6f7f_q035.png	gen-doc__00310_s730e6f7f	jpeg420	35
/mnt/v/input/zensim/sources/gen-doc__00310_s730e6f7f_512sq.png	/mnt/v/output/zensim/exp_tuner_2026-05-18/qsweep/gen-doc__00310_s730e6f7f_q040.png	gen-doc__00310_s730e6f7f	jpeg420	40
/mnt/v/input/zensim/sources/gen-doc__00310_s730e6f7f_512sq.png	/mnt/v/output/zensim/exp_tuner_2026-05-18/qsweep/gen-doc__00310_s730e6f7f_q045.png	gen-doc__00310_s730e6f7f	jpeg420	45
/mnt/v/input/zensim/sources/gen-doc__00310_s730e6f7f_512sq.png	/mnt/v/output/zensim/exp_tuner_2026-05-18/qsweep/gen-doc__00310_s730e6f7f_q050.png	gen-doc__00310_s730e6f7f	jpeg420	50
/mnt/v/input/zensim/sources/gen-doc__00310_s730e6f7f_512sq.png	/mnt/v/output/zensim/exp_tuner_2026-05-18/qsweep/gen-doc__00310_s730e6f7f_q055.png	gen-doc__00310_s730e6f7f	jpeg420	55
/mnt/v/input/zensim/sources/gen-doc__00310_s730e6f7f_512sq.png	/mnt/v/output/zensim/exp_tuner_2026-05-18/qsweep/gen-doc__00310_s730e6f7f_q060.png	gen-doc__00310_s730e6f7f	jpeg420	60
/mnt/v/input/zensim/sources/gen-doc__00310_s730e6f7f_512sq.png	/mnt/v/output/zensim/exp_tuner_2026-05-18/qsweep/gen-doc__00310_s730e6f7f_q065.png	gen-doc__00310_s730e6f7f	jpeg420	65
/mnt/v/input/zensim/sources/gen-doc__00310_s730e6f7f_512sq.png	/mnt/v/output/zensim/exp_tuner_2026-05-18/qsweep/gen-doc__00310_s730e6f7f_q070.png	gen-doc__00310_s730e6f7f	jpeg420	70
/mnt/v/input/zensim/sources/gen-doc__00310_s730e6f7f_512sq.png	/mnt/v/output/zensim/exp_tuner_2026-05-18/qsweep/gen-doc__00310_s730e6f7f_q075.png	gen-doc__00310_s730e6f7f	jpeg420	75
/mnt/v/input/zensim/sources/gen-doc__00310_s730e6f7f_512sq.png	/mnt/v/output/zensim/exp_tuner_2026-05-18/qsweep/gen-doc__00310_s730e6f7f_q080.png	gen-doc__00310_s730e6f7f	jpeg420	80
/mnt/v/input/zensim/sources/gen-doc__00310_s730e6f7f_512sq.png	/mnt/v/output/zensim/exp_tuner_2026-05-18/qsweep/gen-doc__00310_s730e6f7f_q085.png	gen-doc__00310_s730e6f7f	jpeg420	85
/mnt/v/input/zensim/sources/gen-doc__00310_s730e6f7f_512sq.png	/mnt/v/output/zensim/exp_tuner_2026-05-18/qsweep/gen-doc__00310_s730e6f7f_q090.png	gen-doc__00310_s730e6f7f	jpeg420	90
/mnt/v/input/zensim/sources/gen-doc__00310_s730e6f7f_512sq.png	/mnt/v/output/zensim/exp_tuner_2026-05-18/qsweep/gen-doc__00310_s730e6f7f_q095.png	gen-doc__00310_s730e6f7f	jpeg420	95
/mnt/v/input/zensim/sources/gen-doc__00370_s58f1b32c_512sq.png	/mnt/v/output/zensim/exp_tuner_2026-05-18/qsweep/gen-doc__00370_s58f1b32c_q005.png	gen-doc__00370_s58f1b32c	jpeg420	5
/mnt/v/input/zensim/sources/gen-doc__00370_s58f1b32c_512sq.png	/mnt/v/output/zensim/exp_tuner_2026-05-18/qsweep/gen-doc__00370_s58f1b32c_q010.png	gen-doc__00370_s58f1b32c	jpeg420	10
/mnt/v/input/zensim/sources/gen-doc__00370_s58f1b32c_512sq.png	/mnt/v/output/zensim/exp_tuner_2026-05-18/qsweep/gen-doc__00370_s58f1b32c_q015.png	gen-doc__00370_s58f1b32c	jpeg420	15
/mnt/v/input/zensim/sources/gen-doc__00370_s58f1b32c_512sq.png	/mnt/v/output/zensim/exp_tuner_2026-05-18/qsweep/gen-doc__00370_s58f1b32c_q020.png	gen-doc__00370_s58f1b32c	jpeg420	20
/mnt/v/input/zensim/sources/gen-doc__00370_s58f1b32c_512sq.png	/mnt/v/output/zensim/exp_tuner_2026-05-18/qsweep/gen-doc__00370_s58f1b32c_q025.png	gen-doc__00370_s58f1b32c	jpeg420	25
/mnt/v/input/zensim/sources/gen-doc__00370_s58f1b32c_512sq.png	/mnt/v/output/zensim/exp_tuner_2026-05-18/qsweep/gen-doc__00370_s58f1b32c_q030.png	gen-doc__00370_s58f1b32c	jpeg420	30
/mnt/v/input/zensim/sources/gen-doc__00370_s58f1b32c_512sq.png	/mnt/v/output/zensim/exp_tuner_2026-05-18/qsweep/gen-doc__00370_s58f1b32c_q035.png	gen-doc__00370_s58f1b32c	jpeg420	35
/mnt/v/input/zensim/sources/gen-doc__00370_s58f1b32c_512sq.png	/mnt/v/output/zensim/exp_tuner_2026-05-18/qsweep/gen-doc__00370_s58f1b32c_q040.png	gen-doc__00370_s58f1b32c	jpeg420	40
/mnt/v/input/zensim/sources/gen-doc__00370_s58f1b32c_512sq.png	/mnt/v/output/zensim/exp_tuner_2026-05-18/qsweep/gen-doc__00370_s58f1b32c_q045.png	gen-doc__00370_s58f1b32c	jpeg420	45
/mnt/v/input/zensim/sources/gen-doc__00370_s58f1b32c_512sq.png	/mnt/v/output/zensim/exp_tuner_2026-05-18/qsweep/gen-doc__00370_s58f1b32c_q050.png	gen-doc__00370_s58f1b32c	jpeg420	50
/mnt/v/input/zensim/sources/gen-doc__00370_s58f1b32c_512sq.png	/mnt/v/output/zensim/exp_tuner_2026-05-18/qsweep/gen-doc__00370_s58f1b32c_q055.png	gen-doc__00370_s58f1b32c	jpeg420	55
/mnt/v/input/zensim/sources/gen-doc__00370_s58f1b32c_512sq.png	/mnt/v/output/zensim/exp_tuner_2026-05-18/qsweep/gen-doc__00370_s58f1b32c_q060.png	gen-doc__00370_s58f1b32c	jpeg420	60
/mnt/v/input/zensim/sources/gen-doc__00370_s58f1b32c_512sq.png	/mnt/v/output/zensim/exp_tuner_2026-05-18/qsweep/gen-doc__00370_s58f1b32c_q065.png	gen-doc__00370_s58f1b32c	jpeg420	65
/mnt/v/input/zensim/sources/gen-doc__00370_s58f1b32c_512sq.png	/mnt/v/output/zensim/exp_tuner_2026-05-18/qsweep/gen-doc__00370_s58f1b32c_q070.png	gen-doc__00370_s58f1b32c	jpeg420	70
/mnt/v/input/zensim/sources/gen-doc__00370_s58f1b32c_512sq.png	/mnt/v/output/zensim/exp_tuner_2026-05-18/qsweep/gen-doc__00370_s58f1b32c_q075.png	gen-doc__00370_s58f1b32c	jpeg420	75
/mnt/v/input/zensim/sources/gen-doc__00370_s58f1b32c_512sq.png	/mnt/v/output/zensim/exp_tuner_2026-05-18/qsweep/gen-doc__00370_s58f1b32c_q080.png	gen-doc__00370_s58f1b32c	jpeg420	80
/mnt/v/input/zensim/sources/gen-doc__00370_s58f1b32c_512sq.png	/mnt/v/output/zensim/exp_tuner_2026-05-18/qsweep/gen-doc__00370_s58f1b32c_q085.png	gen-doc__00370_s58f1b32c	jpeg420	85
/mnt/v/input/zensim/sources/gen-doc__00370_s58f1b32c_512sq.png	/mnt/v/output/zensim/exp_tuner_2026-05-18/qsweep/gen-doc__00370_s58f1b32c_q090.png	gen-doc__00370_s58f1b32c	jpeg420	90
/mnt/v/input/zensim/sources/gen-doc__00370_s58f1b32c_512sq.png	/mnt/v/output/zensim/exp_tuner_2026-05-18/qsweep/gen-doc__00370_s58f1b32c_q095.png	gen-doc__00370_s58f1b32c	jpeg420	95
/mnt/v/input/zensim/sources/gen-doc__00430_s39deff49_512sq.png	/mnt/v/output/zensim/exp_tuner_2026-05-18/qsweep/gen-doc__00430_s39deff49_q005.png	gen-doc__00430_s39deff49	jpeg420	5
/mnt/v/input/zensim/sources/gen-doc__00430_s39deff49_512sq.png	/mnt/v/output/zensim/exp_tuner_2026-05-18/qsweep/gen-doc__00430_s39deff49_q010.png	gen-doc__00430_s39deff49	jpeg420	10
/mnt/v/input/zensim/sources/gen-doc__00430_s39deff49_512sq.png	/mnt/v/output/zensim/exp_tuner_2026-05-18/qsweep/gen-doc__00430_s39deff49_q015.png	gen-doc__00430_s39deff49	jpeg420	15
/mnt/v/input/zensim/sources/gen-doc__00430_s39deff49_512sq.png	/mnt/v/output/zensim/exp_tuner_2026-05-18/qsweep/gen-doc__00430_s39deff49_q020.png	gen-doc__00430_s39deff49	jpeg420	20
/mnt/v/input/zensim/sources/gen-doc__00430_s39deff49_512sq.png	/mnt/v/output/zensim/exp_tuner_2026-05-18/qsweep/gen-doc__00430_s39deff49_q025.png	gen-doc__00430_s39deff49	jpeg420	25
/mnt/v/input/zensim/sources/gen-doc__00430_s39deff49_512sq.png	/mnt/v/output/zensim/exp_tuner_2026-05-18/qsweep/gen-doc__00430_s39deff49_q030.png	gen-doc__00430_s39deff49	jpeg420	30
/mnt/v/input/zensim/sources/gen-doc__00430_s39deff49_512sq.png	/mnt/v/output/zensim/exp_tuner_2026-05-18/qsweep/gen-doc__00430_s39deff49_q035.png	gen-doc__00430_s39deff49	jpeg420	35
/mnt/v/input/zensim/sources/gen-doc__00430_s39deff49_512sq.png	/mnt/v/output/zensim/exp_tuner_2026-05-18/qsweep/gen-doc__00430_s39deff49_q040.png	gen-doc__00430_s39deff49	jpeg420	40
/mnt/v/input/zensim/sources/gen-doc__00430_s39deff49_512sq.png	/mnt/v/output/zensim/exp_tuner_2026-05-18/qsweep/gen-doc__00430_s39deff49_q045.png	gen-doc__00430_s39deff49	jpeg420	45
/mnt/v/input/zensim/sources/gen-doc__00430_s39deff49_512sq.png	/mnt/v/output/zensim/exp_tuner_2026-05-18/qsweep/gen-doc__00430_s39deff49_q050.png	gen-doc__00430_s39deff49	jpeg420	50
/mnt/v/input/zensim/sources/gen-doc__00430_s39deff49_512sq.png	/mnt/v/output/zensim/exp_tuner_2026-05-18/qsweep/gen-doc__00430_s39deff49_q055.png	gen-doc__00430_s39deff49	jpeg420	55
/mnt/v/input/zensim/sources/gen-doc__00430_s39deff49_512sq.png	/mnt/v/output/zensim/exp_tuner_2026-05-18/qsweep/gen-doc__00430_s39deff49_q060.png	gen-doc__00430_s39deff49	jpeg420	60
/mnt/v/input/zensim/sources/gen-doc__00430_s39deff49_512sq.png	/mnt/v/output/zensim/exp_tuner_2026-05-18/qsweep/gen-doc__00430_s39deff49_q065.png	gen-doc__00430_s39deff49	jpeg420	65
/mnt/v/input/zensim/sources/gen-doc__00430_s39deff49_512sq.png	/mnt/v/output/zensim/exp_tuner_2026-05-18/qsweep/gen-doc__00430_s39deff49_q070.png	gen-doc__00430_s39deff49	jpeg420	70
/mnt/v/input/zensim/sources/gen-doc__00430_s39deff49_512sq.png	/mnt/v/output/zensim/exp_tuner_2026-05-18/qsweep/gen-doc__00430_s39deff49_q075.png	gen-doc__00430_s39deff49	jpeg420	75
/mnt/v/input/zensim/sources/gen-doc__00430_s39deff49_512sq.png	/mnt/v/output/zensim/exp_tuner_2026-05-18/qsweep/gen-doc__00430_s39deff49_q080.png	gen-doc__00430_s39deff49	jpeg420	80
/mnt/v/input/zensim/sources/gen-doc__00430_s39deff49_512sq.png	/mnt/v/output/zensim/exp_tuner_2026-05-18/qsweep/gen-doc__00430_s39deff49_q085.png	gen-doc__00430_s39deff49	jpeg420	85
/mnt/v/input/zensim/sources/gen-doc__00430_s39deff49_512sq.png	/mnt/v/output/zensim/exp_tuner_2026-05-18/qsweep/gen-doc__00430_s39deff49_q090.png	gen-doc__00430_s39deff49	jpeg420	90
/mnt/v/input/zensim/sources/gen-doc__00430_s39deff49_512sq.png	/mnt/v/output/zensim/exp_tuner_2026-05-18/qsweep/gen-doc__00430_s39deff49_q095.png	gen-doc__00430_s39deff49	jpeg420	95
/mnt/v/input/zensim/sources/gen-doc__00490_s78be63b8_512sq.png	/mnt/v/output/zensim/exp_tuner_2026-05-18/qsweep/gen-doc__00490_s78be63b8_q005.png	gen-doc__00490_s78be63b8	jpeg420	5
/mnt/v/input/zensim/sources/gen-doc__00490_s78be63b8_512sq.png	/mnt/v/output/zensim/exp_tuner_2026-05-18/qsweep/gen-doc__00490_s78be63b8_q010.png	gen-doc__00490_s78be63b8	jpeg420	10
/mnt/v/input/zensim/sources/gen-doc__00490_s78be63b8_512sq.png	/mnt/v/output/zensim/exp_tuner_2026-05-18/qsweep/gen-doc__00490_s78be63b8_q015.png	gen-doc__00490_s78be63b8	jpeg420	15
/mnt/v/input/zensim/sources/gen-doc__00490_s78be63b8_512sq.png	/mnt/v/output/zensim/exp_tuner_2026-05-18/qsweep/gen-doc__00490_s78be63b8_q020.png	gen-doc__00490_s78be63b8	jpeg420	20
/mnt/v/input/zensim/sources/gen-doc__00490_s78be63b8_512sq.png	/mnt/v/output/zensim/exp_tuner_2026-05-18/qsweep/gen-doc__00490_s78be63b8_q025.png	gen-doc__00490_s78be63b8	jpeg420	25
/mnt/v/input/zensim/sources/gen-doc__00490_s78be63b8_512sq.png	/mnt/v/output/zensim/exp_tuner_2026-05-18/qsweep/gen-doc__00490_s78be63b8_q030.png	gen-doc__00490_s78be63b8	jpeg420	30
/mnt/v/input/zensim/sources/gen-doc__00490_s78be63b8_512sq.png	/mnt/v/output/zensim/exp_tuner_2026-05-18/qsweep/gen-doc__00490_s78be63b8_q035.png	gen-doc__00490_s78be63b8	jpeg420	35
/mnt/v/input/zensim/sources/gen-doc__00490_s78be63b8_512sq.png	/mnt/v/output/zensim/exp_tuner_2026-05-18/qsweep/gen-doc__00490_s78be63b8_q040.png	gen-doc__00490_s78be63b8	jpeg420	40
/mnt/v/input/zensim/sources/gen-doc__00490_s78be63b8_512sq.png	/mnt/v/output/zensim/exp_tuner_2026-05-18/qsweep/gen-doc__00490_s78be63b8_q045.png	gen-doc__00490_s78be63b8	jpeg420	45
/mnt/v/input/zensim/sources/gen-doc__00490_s78be63b8_512sq.png	/mnt/v/output/zensim/exp_tuner_2026-05-18/qsweep/gen-doc__00490_s78be63b8_q050.png	gen-doc__00490_s78be63b8	jpeg420	50
/mnt/v/input/zensim/sources/gen-doc__00490_s78be63b8_512sq.png	/mnt/v/output/zensim/exp_tuner_2026-05-18/qsweep/gen-doc__00490_s78be63b8_q055.png	gen-doc__00490_s78be63b8	jpeg420	55
/mnt/v/input/zensim/sources/gen-doc__00490_s78be63b8_512sq.png	/mnt/v/output/zensim/exp_tuner_2026-05-18/qsweep/gen-doc__00490_s78be63b8_q060.png	gen-doc__00490_s78be63b8	jpeg420	60
/mnt/v/input/zensim/sources/gen-doc__00490_s78be63b8_512sq.png	/mnt/v/output/zensim/exp_tuner_2026-05-18/qsweep/gen-doc__00490_s78be63b8_q065.png	gen-doc__00490_s78be63b8	jpeg420	65
/mnt/v/input/zensim/sources/gen-doc__00490_s78be63b8_512sq.png	/mnt/v/output/zensim/exp_tuner_2026-05-18/qsweep/gen-doc__00490_s78be63b8_q070.png	gen-doc__00490_s78be63b8	jpeg420	70
/mnt/v/input/zensim/sources/gen-doc__00490_s78be63b8_512sq.png	/mnt/v/output/zensim/exp_tuner_2026-05-18/qsweep/gen-doc__00490_s78be63b8_q075.png	gen-doc__00490_s78be63b8	jpeg420	75
/mnt/v/input/zensim/sources/gen-doc__00490_s78be63b8_512sq.png	/mnt/v/output/zensim/exp_tuner_2026-05-18/qsweep/gen-doc__00490_s78be63b8_q080.png	gen-doc__00490_s78be63b8	jpeg420	80
/mnt/v/input/zensim/sources/gen-doc__00490_s78be63b8_512sq.png	/mnt/v/output/zensim/exp_tuner_2026-05-18/qsweep/gen-doc__00490_s78be63b8_q085.png	gen-doc__00490_s78be63b8	jpeg420	85
/mnt/v/input/zensim/sources/gen-doc__00490_s78be63b8_512sq.png	/mnt/v/output/zensim/exp_tuner_2026-05-18/qsweep/gen-doc__00490_s78be63b8_q090.png	gen-doc__00490_s78be63b8	jpeg420	90
/mnt/v/input/zensim/sources/gen-doc__00490_s78be63b8_512sq.png	/mnt/v/output/zensim/exp_tuner_2026-05-18/qsweep/gen-doc__00490_s78be63b8_q095.png	gen-doc__00490_s78be63b8	jpeg420	95
/mnt/v/input/zensim/sources/gen-line__00050_s221fd453_512sq.png	/mnt/v/output/zensim/exp_tuner_2026-05-18/qsweep/gen-line__00050_s221fd453_q005.png	gen-line__00050_s221fd453	jpeg420	5
/mnt/v/input/zensim/sources/gen-line__00050_s221fd453_512sq.png	/mnt/v/output/zensim/exp_tuner_2026-05-18/qsweep/gen-line__00050_s221fd453_q010.png	gen-line__00050_s221fd453	jpeg420	10
/mnt/v/input/zensim/sources/gen-line__00050_s221fd453_512sq.png	/mnt/v/output/zensim/exp_tuner_2026-05-18/qsweep/gen-line__00050_s221fd453_q015.png	gen-line__00050_s221fd453	jpeg420	15
/mnt/v/input/zensim/sources/gen-line__00050_s221fd453_512sq.png	/mnt/v/output/zensim/exp_tuner_2026-05-18/qsweep/gen-line__00050_s221fd453_q020.png	gen-line__00050_s221fd453	jpeg420	20
/mnt/v/input/zensim/sources/gen-line__00050_s221fd453_512sq.png	/mnt/v/output/zensim/exp_tuner_2026-05-18/qsweep/gen-line__00050_s221fd453_q025.png	gen-line__00050_s221fd453	jpeg420	25
/mnt/v/input/zensim/sources/gen-line__00050_s221fd453_512sq.png	/mnt/v/output/zensim/exp_tuner_2026-05-18/qsweep/gen-line__00050_s221fd453_q030.png	gen-line__00050_s221fd453	jpeg420	30
/mnt/v/input/zensim/sources/gen-line__00050_s221fd453_512sq.png	/mnt/v/output/zensim/exp_tuner_2026-05-18/qsweep/gen-line__00050_s221fd453_q035.png	gen-line__00050_s221fd453	jpeg420	35
/mnt/v/input/zensim/sources/gen-line__00050_s221fd453_512sq.png	/mnt/v/output/zensim/exp_tuner_2026-05-18/qsweep/gen-line__00050_s221fd453_q040.png	gen-line__00050_s221fd453	jpeg420	40
/mnt/v/input/zensim/sources/gen-line__00050_s221fd453_512sq.png	/mnt/v/output/zensim/exp_tuner_2026-05-18/qsweep/gen-line__00050_s221fd453_q045.png	gen-line__00050_s221fd453	jpeg420	45
/mnt/v/input/zensim/sources/gen-line__00050_s221fd453_512sq.png	/mnt/v/output/zensim/exp_tuner_2026-05-18/qsweep/gen-line__00050_s221fd453_q050.png	gen-line__00050_s221fd453	jpeg420	50
/mnt/v/input/zensim/sources/gen-line__00050_s221fd453_512sq.png	/mnt/v/output/zensim/exp_tuner_2026-05-18/qsweep/gen-line__00050_s221fd453_q055.png	gen-line__00050_s221fd453	jpeg420	55
/mnt/v/input/zensim/sources/gen-line__00050_s221fd453_512sq.png	/mnt/v/output/zensim/exp_tuner_2026-05-18/qsweep/gen-line__00050_s221fd453_q060.png	gen-line__00050_s221fd453	jpeg420	60
/mnt/v/input/zensim/sources/gen-line__00050_s221fd453_512sq.png	/mnt/v/output/zensim/exp_tuner_2026-05-18/qsweep/gen-line__00050_s221fd453_q065.png	gen-line__00050_s221fd453	jpeg420	65
/mnt/v/input/zensim/sources/gen-line__00050_s221fd453_512sq.png	/mnt/v/output/zensim/exp_tuner_2026-05-18/qsweep/gen-line__00050_s221fd453_q070.png	gen-line__00050_s221fd453	jpeg420	70
/mnt/v/input/zensim/sources/gen-line__00050_s221fd453_512sq.png	/mnt/v/output/zensim/exp_tuner_2026-05-18/qsweep/gen-line__00050_s221fd453_q075.png	gen-line__00050_s221fd453	jpeg420	75
/mnt/v/input/zensim/sources/gen-line__00050_s221fd453_512sq.png	/mnt/v/output/zensim/exp_tuner_2026-05-18/qsweep/gen-line__00050_s221fd453_q080.png	gen-line__00050_s221fd453	jpeg420	80
/mnt/v/input/zensim/sources/gen-line__00050_s221fd453_512sq.png	/mnt/v/output/zensim/exp_tuner_2026-05-18/qsweep/gen-line__00050_s221fd453_q085.png	gen-line__00050_s221fd453	jpeg420	85
/mnt/v/input/zensim/sources/gen-line__00050_s221fd453_512sq.png	/mnt/v/output/zensim/exp_tuner_2026-05-18/qsweep/gen-line__00050_s221fd453_q090.png	gen-line__00050_s221fd453	jpeg420	90
/mnt/v/input/zensim/sources/gen-line__00050_s221fd453_512sq.png	/mnt/v/output/zensim/exp_tuner_2026-05-18/qsweep/gen-line__00050_s221fd453_q095.png	gen-line__00050_s221fd453	jpeg420	95
/mnt/v/input/zensim/sources/gen-line__00110_s589df2d7_512sq.png	/mnt/v/output/zensim/exp_tuner_2026-05-18/qsweep/gen-line__00110_s589df2d7_q005.png	gen-line__00110_s589df2d7	jpeg420	5
/mnt/v/input/zensim/sources/gen-line__00110_s589df2d7_512sq.png	/mnt/v/output/zensim/exp_tuner_2026-05-18/qsweep/gen-line__00110_s589df2d7_q010.png	gen-line__00110_s589df2d7	jpeg420	10
/mnt/v/input/zensim/sources/gen-line__00110_s589df2d7_512sq.png	/mnt/v/output/zensim/exp_tuner_2026-05-18/qsweep/gen-line__00110_s589df2d7_q015.png	gen-line__00110_s589df2d7	jpeg420	15
/mnt/v/input/zensim/sources/gen-line__00110_s589df2d7_512sq.png	/mnt/v/output/zensim/exp_tuner_2026-05-18/qsweep/gen-line__00110_s589df2d7_q020.png	gen-line__00110_s589df2d7	jpeg420	20
/mnt/v/input/zensim/sources/gen-line__00110_s589df2d7_512sq.png	/mnt/v/output/zensim/exp_tuner_2026-05-18/qsweep/gen-line__00110_s589df2d7_q025.png	gen-line__00110_s589df2d7	jpeg420	25
/mnt/v/input/zensim/sources/gen-line__00110_s589df2d7_512sq.png	/mnt/v/output/zensim/exp_tuner_2026-05-18/qsweep/gen-line__00110_s589df2d7_q030.png	gen-line__00110_s589df2d7	jpeg420	30
/mnt/v/input/zensim/sources/gen-line__00110_s589df2d7_512sq.png	/mnt/v/output/zensim/exp_tuner_2026-05-18/qsweep/gen-line__00110_s589df2d7_q035.png	gen-line__00110_s589df2d7	jpeg420	35
/mnt/v/input/zensim/sources/gen-line__00110_s589df2d7_512sq.png	/mnt/v/output/zensim/exp_tuner_2026-05-18/qsweep/gen-line__00110_s589df2d7_q040.png	gen-line__00110_s589df2d7	jpeg420	40
/mnt/v/input/zensim/sources/gen-line__00110_s589df2d7_512sq.png	/mnt/v/output/zensim/exp_tuner_2026-05-18/qsweep/gen-line__00110_s589df2d7_q045.png	gen-line__00110_s589df2d7	jpeg420	45
/mnt/v/input/zensim/sources/gen-line__00110_s589df2d7_512sq.png	/mnt/v/output/zensim/exp_tuner_2026-05-18/qsweep/gen-line__00110_s589df2d7_q050.png	gen-line__00110_s589df2d7	jpeg420	50
/mnt/v/input/zensim/sources/gen-line__00110_s589df2d7_512sq.png	/mnt/v/output/zensim/exp_tuner_2026-05-18/qsweep/gen-line__00110_s589df2d7_q055.png	gen-line__00110_s589df2d7	jpeg420	55
/mnt/v/input/zensim/sources/gen-line__00110_s589df2d7_512sq.png	/mnt/v/output/zensim/exp_tuner_2026-05-18/qsweep/gen-line__00110_s589df2d7_q060.png	gen-line__00110_s589df2d7	jpeg420	60
/mnt/v/input/zensim/sources/gen-line__00110_s589df2d7_512sq.png	/mnt/v/output/zensim/exp_tuner_2026-05-18/qsweep/gen-line__00110_s589df2d7_q065.png	gen-line__00110_s589df2d7	jpeg420	65
/mnt/v/input/zensim/sources/gen-line__00110_s589df2d7_512sq.png	/mnt/v/output/zensim/exp_tuner_2026-05-18/qsweep/gen-line__00110_s589df2d7_q070.png	gen-line__00110_s589df2d7	jpeg420	70
/mnt/v/input/zensim/sources/gen-line__00110_s589df2d7_512sq.png	/mnt/v/output/zensim/exp_tuner_2026-05-18/qsweep/gen-line__00110_s589df2d7_q075.png	gen-line__00110_s589df2d7	jpeg420	75
/mnt/v/input/zensim/sources/gen-line__00110_s589df2d7_512sq.png	/mnt/v/output/zensim/exp_tuner_2026-05-18/qsweep/gen-line__00110_s589df2d7_q080.png	gen-line__00110_s589df2d7	jpeg420	80
/mnt/v/input/zensim/sources/gen-line__00110_s589df2d7_512sq.png	/mnt/v/output/zensim/exp_tuner_2026-05-18/qsweep/gen-line__00110_s589df2d7_q085.png	gen-line__00110_s589df2d7	jpeg420	85
/mnt/v/input/zensim/sources/gen-line__00110_s589df2d7_512sq.png	/mnt/v/output/zensim/exp_tuner_2026-05-18/qsweep/gen-line__00110_s589df2d7_q090.png	gen-line__00110_s589df2d7	jpeg420	90
/mnt/v/input/zensim/sources/gen-line__00110_s589df2d7_512sq.png	/mnt/v/output/zensim/exp_tuner_2026-05-18/qsweep/gen-line__00110_s589df2d7_q095.png	gen-line__00110_s589df2d7	jpeg420	95
/mnt/v/input/zensim/sources/gen-line__00170_s2892570a_512sq.png	/mnt/v/output/zensim/exp_tuner_2026-05-18/qsweep/gen-line__00170_s2892570a_q005.png	gen-line__00170_s2892570a	jpeg420	5
/mnt/v/input/zensim/sources/gen-line__00170_s2892570a_512sq.png	/mnt/v/output/zensim/exp_tuner_2026-05-18/qsweep/gen-line__00170_s2892570a_q010.png	gen-line__00170_s2892570a	jpeg420	10
/mnt/v/input/zensim/sources/gen-line__00170_s2892570a_512sq.png	/mnt/v/output/zensim/exp_tuner_2026-05-18/qsweep/gen-line__00170_s2892570a_q015.png	gen-line__00170_s2892570a	jpeg420	15
/mnt/v/input/zensim/sources/gen-line__00170_s2892570a_512sq.png	/mnt/v/output/zensim/exp_tuner_2026-05-18/qsweep/gen-line__00170_s2892570a_q020.png	gen-line__00170_s2892570a	jpeg420	20
/mnt/v/input/zensim/sources/gen-line__00170_s2892570a_512sq.png	/mnt/v/output/zensim/exp_tuner_2026-05-18/qsweep/gen-line__00170_s2892570a_q025.png	gen-line__00170_s2892570a	jpeg420	25
/mnt/v/input/zensim/sources/gen-line__00170_s2892570a_512sq.png	/mnt/v/output/zensim/exp_tuner_2026-05-18/qsweep/gen-line__00170_s2892570a_q030.png	gen-line__00170_s2892570a	jpeg420	30
/mnt/v/input/zensim/sources/gen-line__00170_s2892570a_512sq.png	/mnt/v/output/zensim/exp_tuner_2026-05-18/qsweep/gen-line__00170_s2892570a_q035.png	gen-line__00170_s2892570a	jpeg420	35
/mnt/v/input/zensim/sources/gen-line__00170_s2892570a_512sq.png	/mnt/v/output/zensim/exp_tuner_2026-05-18/qsweep/gen-line__00170_s2892570a_q040.png	gen-line__00170_s2892570a	jpeg420	40
/mnt/v/input/zensim/sources/gen-line__00170_s2892570a_512sq.png	/mnt/v/output/zensim/exp_tuner_2026-05-18/qsweep/gen-line__00170_s2892570a_q045.png	gen-line__00170_s2892570a	jpeg420	45
/mnt/v/input/zensim/sources/gen-line__00170_s2892570a_512sq.png	/mnt/v/output/zensim/exp_tuner_2026-05-18/qsweep/gen-line__00170_s2892570a_q050.png	gen-line__00170_s2892570a	jpeg420	50
/mnt/v/input/zensim/sources/gen-line__00170_s2892570a_512sq.png	/mnt/v/output/zensim/exp_tuner_2026-05-18/qsweep/gen-line__00170_s2892570a_q055.png	gen-line__00170_s2892570a	jpeg420	55
/mnt/v/input/zensim/sources/gen-line__00170_s2892570a_512sq.png	/mnt/v/output/zensim/exp_tuner_2026-05-18/qsweep/gen-line__00170_s2892570a_q060.png	gen-line__00170_s2892570a	jpeg420	60
/mnt/v/input/zensim/sources/gen-line__00170_s2892570a_512sq.png	/mnt/v/output/zensim/exp_tuner_2026-05-18/qsweep/gen-line__00170_s2892570a_q065.png	gen-line__00170_s2892570a	jpeg420	65
/mnt/v/input/zensim/sources/gen-line__00170_s2892570a_512sq.png	/mnt/v/output/zensim/exp_tuner_2026-05-18/qsweep/gen-line__00170_s2892570a_q070.png	gen-line__00170_s2892570a	jpeg420	70
/mnt/v/input/zensim/sources/gen-line__00170_s2892570a_512sq.png	/mnt/v/output/zensim/exp_tuner_2026-05-18/qsweep/gen-line__00170_s2892570a_q075.png	gen-line__00170_s2892570a	jpeg420	75
/mnt/v/input/zensim/sources/gen-line__00170_s2892570a_512sq.png	/mnt/v/output/zensim/exp_tuner_2026-05-18/qsweep/gen-line__00170_s2892570a_q080.png	gen-line__00170_s2892570a	jpeg420	80
/mnt/v/input/zensim/sources/gen-line__00170_s2892570a_512sq.png	/mnt/v/output/zensim/exp_tuner_2026-05-18/qsweep/gen-line__00170_s2892570a_q085.png	gen-line__00170_s2892570a	jpeg420	85
/mnt/v/input/zensim/sources/gen-line__00170_s2892570a_512sq.png	/mnt/v/output/zensim/exp_tuner_2026-05-18/qsweep/gen-line__00170_s2892570a_q090.png	gen-line__00170_s2892570a	jpeg420	90
/mnt/v/input/zensim/sources/gen-line__00170_s2892570a_512sq.png	/mnt/v/output/zensim/exp_tuner_2026-05-18/qsweep/gen-line__00170_s2892570a_q095.png	gen-line__00170_s2892570a	jpeg420	95
/mnt/v/input/zensim/sources/gen-line__00230_s6a3b9505_512sq.png	/mnt/v/output/zensim/exp_tuner_2026-05-18/qsweep/gen-line__00230_s6a3b9505_q005.png	gen-line__00230_s6a3b9505	jpeg420	5
/mnt/v/input/zensim/sources/gen-line__00230_s6a3b9505_512sq.png	/mnt/v/output/zensim/exp_tuner_2026-05-18/qsweep/gen-line__00230_s6a3b9505_q010.png	gen-line__00230_s6a3b9505	jpeg420	10
/mnt/v/input/zensim/sources/gen-line__00230_s6a3b9505_512sq.png	/mnt/v/output/zensim/exp_tuner_2026-05-18/qsweep/gen-line__00230_s6a3b9505_q015.png	gen-line__00230_s6a3b9505	jpeg420	15
/mnt/v/input/zensim/sources/gen-line__00230_s6a3b9505_512sq.png	/mnt/v/output/zensim/exp_tuner_2026-05-18/qsweep/gen-line__00230_s6a3b9505_q020.png	gen-line__00230_s6a3b9505	jpeg420	20
/mnt/v/input/zensim/sources/gen-line__00230_s6a3b9505_512sq.png	/mnt/v/output/zensim/exp_tuner_2026-05-18/qsweep/gen-line__00230_s6a3b9505_q025.png	gen-line__00230_s6a3b9505	jpeg420	25
/mnt/v/input/zensim/sources/gen-line__00230_s6a3b9505_512sq.png	/mnt/v/output/zensim/exp_tuner_2026-05-18/qsweep/gen-line__00230_s6a3b9505_q030.png	gen-line__00230_s6a3b9505	jpeg420	30
/mnt/v/input/zensim/sources/gen-line__00230_s6a3b9505_512sq.png	/mnt/v/output/zensim/exp_tuner_2026-05-18/qsweep/gen-line__00230_s6a3b9505_q035.png	gen-line__00230_s6a3b9505	jpeg420	35
/mnt/v/input/zensim/sources/gen-line__00230_s6a3b9505_512sq.png	/mnt/v/output/zensim/exp_tuner_2026-05-18/qsweep/gen-line__00230_s6a3b9505_q040.png	gen-line__00230_s6a3b9505	jpeg420	40
/mnt/v/input/zensim/sources/gen-line__00230_s6a3b9505_512sq.png	/mnt/v/output/zensim/exp_tuner_2026-05-18/qsweep/gen-line__00230_s6a3b9505_q045.png	gen-line__00230_s6a3b9505	jpeg420	45
/mnt/v/input/zensim/sources/gen-line__00230_s6a3b9505_512sq.png	/mnt/v/output/zensim/exp_tuner_2026-05-18/qsweep/gen-line__00230_s6a3b9505_q050.png	gen-line__00230_s6a3b9505	jpeg420	50
/mnt/v/input/zensim/sources/gen-line__00230_s6a3b9505_512sq.png	/mnt/v/output/zensim/exp_tuner_2026-05-18/qsweep/gen-line__00230_s6a3b9505_q055.png	gen-line__00230_s6a3b9505	jpeg420	55
/mnt/v/input/zensim/sources/gen-line__00230_s6a3b9505_512sq.png	/mnt/v/output/zensim/exp_tuner_2026-05-18/qsweep/gen-line__00230_s6a3b9505_q060.png	gen-line__00230_s6a3b9505	jpeg420	60
/mnt/v/input/zensim/sources/gen-line__00230_s6a3b9505_512sq.png	/mnt/v/output/zensim/exp_tuner_2026-05-18/qsweep/gen-line__00230_s6a3b9505_q065.png	gen-line__00230_s6a3b9505	jpeg420	65
/mnt/v/input/zensim/sources/gen-line__00230_s6a3b9505_512sq.png	/mnt/v/output/zensim/exp_tuner_2026-05-18/qsweep/gen-line__00230_s6a3b9505_q070.png	gen-line__00230_s6a3b9505	jpeg420	70
/mnt/v/input/zensim/sources/gen-line__00230_s6a3b9505_512sq.png	/mnt/v/output/zensim/exp_tuner_2026-05-18/qsweep/gen-line__00230_s6a3b9505_q075.png	gen-line__00230_s6a3b9505	jpeg420	75
/mnt/v/input/zensim/sources/gen-line__00230_s6a3b9505_512sq.png	/mnt/v/output/zensim/exp_tuner_2026-05-18/qsweep/gen-line__00230_s6a3b9505_q080.png	gen-line__00230_s6a3b9505	jpeg420	80
/mnt/v/input/zensim/sources/gen-line__00230_s6a3b9505_512sq.png	/mnt/v/output/zensim/exp_tuner_2026-05-18/qsweep/gen-line__00230_s6a3b9505_q085.png	gen-line__00230_s6a3b9505	jpeg420	85
/mnt/v/input/zensim/sources/gen-line__00230_s6a3b9505_512sq.png	/mnt/v/output/zensim/exp_tuner_2026-05-18/qsweep/gen-line__00230_s6a3b9505_q090.png	gen-line__00230_s6a3b9505	jpeg420	90
/mnt/v/input/zensim/sources/gen-line__00230_s6a3b9505_512sq.png	/mnt/v/output/zensim/exp_tuner_2026-05-18/qsweep/gen-line__00230_s6a3b9505_q095.png	gen-line__00230_s6a3b9505	jpeg420	95
/mnt/v/input/zensim/sources/gen-line__00290_s2ec8476c_512sq.png	/mnt/v/output/zensim/exp_tuner_2026-05-18/qsweep/gen-line__00290_s2ec8476c_q005.png	gen-line__00290_s2ec8476c	jpeg420	5
/mnt/v/input/zensim/sources/gen-line__00290_s2ec8476c_512sq.png	/mnt/v/output/zensim/exp_tuner_2026-05-18/qsweep/gen-line__00290_s2ec8476c_q010.png	gen-line__00290_s2ec8476c	jpeg420	10
/mnt/v/input/zensim/sources/gen-line__00290_s2ec8476c_512sq.png	/mnt/v/output/zensim/exp_tuner_2026-05-18/qsweep/gen-line__00290_s2ec8476c_q015.png	gen-line__00290_s2ec8476c	jpeg420	15
/mnt/v/input/zensim/sources/gen-line__00290_s2ec8476c_512sq.png	/mnt/v/output/zensim/exp_tuner_2026-05-18/qsweep/gen-line__00290_s2ec8476c_q020.png	gen-line__00290_s2ec8476c	jpeg420	20
/mnt/v/input/zensim/sources/gen-line__00290_s2ec8476c_512sq.png	/mnt/v/output/zensim/exp_tuner_2026-05-18/qsweep/gen-line__00290_s2ec8476c_q025.png	gen-line__00290_s2ec8476c	jpeg420	25
/mnt/v/input/zensim/sources/gen-line__00290_s2ec8476c_512sq.png	/mnt/v/output/zensim/exp_tuner_2026-05-18/qsweep/gen-line__00290_s2ec8476c_q030.png	gen-line__00290_s2ec8476c	jpeg420	30
/mnt/v/input/zensim/sources/gen-line__00290_s2ec8476c_512sq.png	/mnt/v/output/zensim/exp_tuner_2026-05-18/qsweep/gen-line__00290_s2ec8476c_q035.png	gen-line__00290_s2ec8476c	jpeg420	35
/mnt/v/input/zensim/sources/gen-line__00290_s2ec8476c_512sq.png	/mnt/v/output/zensim/exp_tuner_2026-05-18/qsweep/gen-line__00290_s2ec8476c_q040.png	gen-line__00290_s2ec8476c	jpeg420	40
/mnt/v/input/zensim/sources/gen-line__00290_s2ec8476c_512sq.png	/mnt/v/output/zensim/exp_tuner_2026-05-18/qsweep/gen-line__00290_s2ec8476c_q045.png	gen-line__00290_s2ec8476c	jpeg420	45
/mnt/v/input/zensim/sources/gen-line__00290_s2ec8476c_512sq.png	/mnt/v/output/zensim/exp_tuner_2026-05-18/qsweep/gen-line__00290_s2ec8476c_q050.png	gen-line__00290_s2ec8476c	jpeg420	50
/mnt/v/input/zensim/sources/gen-line__00290_s2ec8476c_512sq.png	/mnt/v/output/zensim/exp_tuner_2026-05-18/qsweep/gen-line__00290_s2ec8476c_q055.png	gen-line__00290_s2ec8476c	jpeg420	55
/mnt/v/input/zensim/sources/gen-line__00290_s2ec8476c_512sq.png	/mnt/v/output/zensim/exp_tuner_2026-05-18/qsweep/gen-line__00290_s2ec8476c_q060.png	gen-line__00290_s2ec8476c	jpeg420	60
/mnt/v/input/zensim/sources/gen-line__00290_s2ec8476c_512sq.png	/mnt/v/output/zensim/exp_tuner_2026-05-18/qsweep/gen-line__00290_s2ec8476c_q065.png	gen-line__00290_s2ec8476c	jpeg420	65
/mnt/v/input/zensim/sources/gen-line__00290_s2ec8476c_512sq.png	/mnt/v/output/zensim/exp_tuner_2026-05-18/qsweep/gen-line__00290_s2ec8476c_q070.png	gen-line__00290_s2ec8476c	jpeg420	70
/mnt/v/input/zensim/sources/gen-line__00290_s2ec8476c_512sq.png	/mnt/v/output/zensim/exp_tuner_2026-05-18/qsweep/gen-line__00290_s2ec8476c_q075.png	gen-line__00290_s2ec8476c	jpeg420	75
/mnt/v/input/zensim/sources/gen-line__00290_s2ec8476c_512sq.png	/mnt/v/output/zensim/exp_tuner_2026-05-18/qsweep/gen-line__00290_s2ec8476c_q080.png	gen-line__00290_s2ec8476c	jpeg420	80
/mnt/v/input/zensim/sources/gen-line__00290_s2ec8476c_512sq.png	/mnt/v/output/zensim/exp_tuner_2026-05-18/qsweep/gen-line__00290_s2ec8476c_q085.png	gen-line__00290_s2ec8476c	jpeg420	85
/mnt/v/input/zensim/sources/gen-line__00290_s2ec8476c_512sq.png	/mnt/v/output/zensim/exp_tuner_2026-05-18/qsweep/gen-line__00290_s2ec8476c_q090.png	gen-line__00290_s2ec8476c	jpeg420	90
/mnt/v/input/zensim/sources/gen-line__00290_s2ec8476c_512sq.png	/mnt/v/output/zensim/exp_tuner_2026-05-18/qsweep/gen-line__00290_s2ec8476c_q095.png	gen-line__00290_s2ec8476c	jpeg420	95
/mnt/v/input/zensim/sources/gen-mixed__00050_s67640476_512sq.png	/mnt/v/output/zensim/exp_tuner_2026-05-18/qsweep/gen-mixed__00050_s67640476_q005.png	gen-mixed__00050_s67640476	jpeg420	5
/mnt/v/input/zensim/sources/gen-mixed__00050_s67640476_512sq.png	/mnt/v/output/zensim/exp_tuner_2026-05-18/qsweep/gen-mixed__00050_s67640476_q010.png	gen-mixed__00050_s67640476	jpeg420	10
/mnt/v/input/zensim/sources/gen-mixed__00050_s67640476_512sq.png	/mnt/v/output/zensim/exp_tuner_2026-05-18/qsweep/gen-mixed__00050_s67640476_q015.png	gen-mixed__00050_s67640476	jpeg420	15
/mnt/v/input/zensim/sources/gen-mixed__00050_s67640476_512sq.png	/mnt/v/output/zensim/exp_tuner_2026-05-18/qsweep/gen-mixed__00050_s67640476_q020.png	gen-mixed__00050_s67640476	jpeg420	20
/mnt/v/input/zensim/sources/gen-mixed__00050_s67640476_512sq.png	/mnt/v/output/zensim/exp_tuner_2026-05-18/qsweep/gen-mixed__00050_s67640476_q025.png	gen-mixed__00050_s67640476	jpeg420	25
/mnt/v/input/zensim/sources/gen-mixed__00050_s67640476_512sq.png	/mnt/v/output/zensim/exp_tuner_2026-05-18/qsweep/gen-mixed__00050_s67640476_q030.png	gen-mixed__00050_s67640476	jpeg420	30
/mnt/v/input/zensim/sources/gen-mixed__00050_s67640476_512sq.png	/mnt/v/output/zensim/exp_tuner_2026-05-18/qsweep/gen-mixed__00050_s67640476_q035.png	gen-mixed__00050_s67640476	jpeg420	35
/mnt/v/input/zensim/sources/gen-mixed__00050_s67640476_512sq.png	/mnt/v/output/zensim/exp_tuner_2026-05-18/qsweep/gen-mixed__00050_s67640476_q040.png	gen-mixed__00050_s67640476	jpeg420	40
/mnt/v/input/zensim/sources/gen-mixed__00050_s67640476_512sq.png	/mnt/v/output/zensim/exp_tuner_2026-05-18/qsweep/gen-mixed__00050_s67640476_q045.png	gen-mixed__00050_s67640476	jpeg420	45
/mnt/v/input/zensim/sources/gen-mixed__00050_s67640476_512sq.png	/mnt/v/output/zensim/exp_tuner_2026-05-18/qsweep/gen-mixed__00050_s67640476_q050.png	gen-mixed__00050_s67640476	jpeg420	50
/mnt/v/input/zensim/sources/gen-mixed__00050_s67640476_512sq.png	/mnt/v/output/zensim/exp_tuner_2026-05-18/qsweep/gen-mixed__00050_s67640476_q055.png	gen-mixed__00050_s67640476	jpeg420	55
/mnt/v/input/zensim/sources/gen-mixed__00050_s67640476_512sq.png	/mnt/v/output/zensim/exp_tuner_2026-05-18/qsweep/gen-mixed__00050_s67640476_q060.png	gen-mixed__00050_s67640476	jpeg420	60
/mnt/v/input/zensim/sources/gen-mixed__00050_s67640476_512sq.png	/mnt/v/output/zensim/exp_tuner_2026-05-18/qsweep/gen-mixed__00050_s67640476_q065.png	gen-mixed__00050_s67640476	jpeg420	65
/mnt/v/input/zensim/sources/gen-mixed__00050_s67640476_512sq.png	/mnt/v/output/zensim/exp_tuner_2026-05-18/qsweep/gen-mixed__00050_s67640476_q070.png	gen-mixed__00050_s67640476	jpeg420	70
/mnt/v/input/zensim/sources/gen-mixed__00050_s67640476_512sq.png	/mnt/v/output/zensim/exp_tuner_2026-05-18/qsweep/gen-mixed__00050_s67640476_q075.png	gen-mixed__00050_s67640476	jpeg420	75
/mnt/v/input/zensim/sources/gen-mixed__00050_s67640476_512sq.png	/mnt/v/output/zensim/exp_tuner_2026-05-18/qsweep/gen-mixed__00050_s67640476_q080.png	gen-mixed__00050_s67640476	jpeg420	80
/mnt/v/input/zensim/sources/gen-mixed__00050_s67640476_512sq.png	/mnt/v/output/zensim/exp_tuner_2026-05-18/qsweep/gen-mixed__00050_s67640476_q085.png	gen-mixed__00050_s67640476	jpeg420	85
/mnt/v/input/zensim/sources/gen-mixed__00050_s67640476_512sq.png	/mnt/v/output/zensim/exp_tuner_2026-05-18/qsweep/gen-mixed__00050_s67640476_q090.png	gen-mixed__00050_s67640476	jpeg420	90
/mnt/v/input/zensim/sources/gen-mixed__00050_s67640476_512sq.png	/mnt/v/output/zensim/exp_tuner_2026-05-18/qsweep/gen-mixed__00050_s67640476_q095.png	gen-mixed__00050_s67640476	jpeg420	95
/mnt/v/input/zensim/sources/gen-mixed__00110_s3a68d917_512sq.png	/mnt/v/output/zensim/exp_tuner_2026-05-18/qsweep/gen-mixed__00110_s3a68d917_q005.png	gen-mixed__00110_s3a68d917	jpeg420	5
/mnt/v/input/zensim/sources/gen-mixed__00110_s3a68d917_512sq.png	/mnt/v/output/zensim/exp_tuner_2026-05-18/qsweep/gen-mixed__00110_s3a68d917_q010.png	gen-mixed__00110_s3a68d917	jpeg420	10
/mnt/v/input/zensim/sources/gen-mixed__00110_s3a68d917_512sq.png	/mnt/v/output/zensim/exp_tuner_2026-05-18/qsweep/gen-mixed__00110_s3a68d917_q015.png	gen-mixed__00110_s3a68d917	jpeg420	15
/mnt/v/input/zensim/sources/gen-mixed__00110_s3a68d917_512sq.png	/mnt/v/output/zensim/exp_tuner_2026-05-18/qsweep/gen-mixed__00110_s3a68d917_q020.png	gen-mixed__00110_s3a68d917	jpeg420	20
/mnt/v/input/zensim/sources/gen-mixed__00110_s3a68d917_512sq.png	/mnt/v/output/zensim/exp_tuner_2026-05-18/qsweep/gen-mixed__00110_s3a68d917_q025.png	gen-mixed__00110_s3a68d917	jpeg420	25
/mnt/v/input/zensim/sources/gen-mixed__00110_s3a68d917_512sq.png	/mnt/v/output/zensim/exp_tuner_2026-05-18/qsweep/gen-mixed__00110_s3a68d917_q030.png	gen-mixed__00110_s3a68d917	jpeg420	30
/mnt/v/input/zensim/sources/gen-mixed__00110_s3a68d917_512sq.png	/mnt/v/output/zensim/exp_tuner_2026-05-18/qsweep/gen-mixed__00110_s3a68d917_q035.png	gen-mixed__00110_s3a68d917	jpeg420	35
/mnt/v/input/zensim/sources/gen-mixed__00110_s3a68d917_512sq.png	/mnt/v/output/zensim/exp_tuner_2026-05-18/qsweep/gen-mixed__00110_s3a68d917_q040.png	gen-mixed__00110_s3a68d917	jpeg420	40
/mnt/v/input/zensim/sources/gen-mixed__00110_s3a68d917_512sq.png	/mnt/v/output/zensim/exp_tuner_2026-05-18/qsweep/gen-mixed__00110_s3a68d917_q045.png	gen-mixed__00110_s3a68d917	jpeg420	45
/mnt/v/input/zensim/sources/gen-mixed__00110_s3a68d917_512sq.png	/mnt/v/output/zensim/exp_tuner_2026-05-18/qsweep/gen-mixed__00110_s3a68d917_q050.png	gen-mixed__00110_s3a68d917	jpeg420	50
/mnt/v/input/zensim/sources/gen-mixed__00110_s3a68d917_512sq.png	/mnt/v/output/zensim/exp_tuner_2026-05-18/qsweep/gen-mixed__00110_s3a68d917_q055.png	gen-mixed__00110_s3a68d917	jpeg420	55
/mnt/v/input/zensim/sources/gen-mixed__00110_s3a68d917_512sq.png	/mnt/v/output/zensim/exp_tuner_2026-05-18/qsweep/gen-mixed__00110_s3a68d917_q060.png	gen-mixed__00110_s3a68d917	jpeg420	60
/mnt/v/input/zensim/sources/gen-mixed__00110_s3a68d917_512sq.png	/mnt/v/output/zensim/exp_tuner_2026-05-18/qsweep/gen-mixed__00110_s3a68d917_q065.png	gen-mixed__00110_s3a68d917	jpeg420	65
/mnt/v/input/zensim/sources/gen-mixed__00110_s3a68d917_512sq.png	/mnt/v/output/zensim/exp_tuner_2026-05-18/qsweep/gen-mixed__00110_s3a68d917_q070.png	gen-mixed__00110_s3a68d917	jpeg420	70
/mnt/v/input/zensim/sources/gen-mixed__00110_s3a68d917_512sq.png	/mnt/v/output/zensim/exp_tuner_2026-05-18/qsweep/gen-mixed__00110_s3a68d917_q075.png	gen-mixed__00110_s3a68d917	jpeg420	75
/mnt/v/input/zensim/sources/gen-mixed__00110_s3a68d917_512sq.png	/mnt/v/output/zensim/exp_tuner_2026-05-18/qsweep/gen-mixed__00110_s3a68d917_q080.png	gen-mixed__00110_s3a68d917	jpeg420	80
/mnt/v/input/zensim/sources/gen-mixed__00110_s3a68d917_512sq.png	/mnt/v/output/zensim/exp_tuner_2026-05-18/qsweep/gen-mixed__00110_s3a68d917_q085.png	gen-mixed__00110_s3a68d917	jpeg420	85
/mnt/v/input/zensim/sources/gen-mixed__00110_s3a68d917_512sq.png	/mnt/v/output/zensim/exp_tuner_2026-05-18/qsweep/gen-mixed__00110_s3a68d917_q090.png	gen-mixed__00110_s3a68d917	jpeg420	90
/mnt/v/input/zensim/sources/gen-mixed__00110_s3a68d917_512sq.png	/mnt/v/output/zensim/exp_tuner_2026-05-18/qsweep/gen-mixed__00110_s3a68d917_q095.png	gen-mixed__00110_s3a68d917	jpeg420	95
/mnt/v/input/zensim/sources/gen-screen__00032_s4735bae3_512sq.png	/mnt/v/output/zensim/exp_tuner_2026-05-18/qsweep/gen-screen__00032_s4735bae3_q005.png	gen-screen__00032_s4735bae3	jpeg420	5
/mnt/v/input/zensim/sources/gen-screen__00032_s4735bae3_512sq.png	/mnt/v/output/zensim/exp_tuner_2026-05-18/qsweep/gen-screen__00032_s4735bae3_q010.png	gen-screen__00032_s4735bae3	jpeg420	10
/mnt/v/input/zensim/sources/gen-screen__00032_s4735bae3_512sq.png	/mnt/v/output/zensim/exp_tuner_2026-05-18/qsweep/gen-screen__00032_s4735bae3_q015.png	gen-screen__00032_s4735bae3	jpeg420	15
/mnt/v/input/zensim/sources/gen-screen__00032_s4735bae3_512sq.png	/mnt/v/output/zensim/exp_tuner_2026-05-18/qsweep/gen-screen__00032_s4735bae3_q020.png	gen-screen__00032_s4735bae3	jpeg420	20
/mnt/v/input/zensim/sources/gen-screen__00032_s4735bae3_512sq.png	/mnt/v/output/zensim/exp_tuner_2026-05-18/qsweep/gen-screen__00032_s4735bae3_q025.png	gen-screen__00032_s4735bae3	jpeg420	25
/mnt/v/input/zensim/sources/gen-screen__00032_s4735bae3_512sq.png	/mnt/v/output/zensim/exp_tuner_2026-05-18/qsweep/gen-screen__00032_s4735bae3_q030.png	gen-screen__00032_s4735bae3	jpeg420	30
/mnt/v/input/zensim/sources/gen-screen__00032_s4735bae3_512sq.png	/mnt/v/output/zensim/exp_tuner_2026-05-18/qsweep/gen-screen__00032_s4735bae3_q035.png	gen-screen__00032_s4735bae3	jpeg420	35
/mnt/v/input/zensim/sources/gen-screen__00032_s4735bae3_512sq.png	/mnt/v/output/zensim/exp_tuner_2026-05-18/qsweep/gen-screen__00032_s4735bae3_q040.png	gen-screen__00032_s4735bae3	jpeg420	40
/mnt/v/input/zensim/sources/gen-screen__00032_s4735bae3_512sq.png	/mnt/v/output/zensim/exp_tuner_2026-05-18/qsweep/gen-screen__00032_s4735bae3_q045.png	gen-screen__00032_s4735bae3	jpeg420	45
/mnt/v/input/zensim/sources/gen-screen__00032_s4735bae3_512sq.png	/mnt/v/output/zensim/exp_tuner_2026-05-18/qsweep/gen-screen__00032_s4735bae3_q050.png	gen-screen__00032_s4735bae3	jpeg420	50
/mnt/v/input/zensim/sources/gen-screen__00032_s4735bae3_512sq.png	/mnt/v/output/zensim/exp_tuner_2026-05-18/qsweep/gen-screen__00032_s4735bae3_q055.png	gen-screen__00032_s4735bae3	jpeg420	55
/mnt/v/input/zensim/sources/gen-screen__00032_s4735bae3_512sq.png	/mnt/v/output/zensim/exp_tuner_2026-05-18/qsweep/gen-screen__00032_s4735bae3_q060.png	gen-screen__00032_s4735bae3	jpeg420	60
/mnt/v/input/zensim/sources/gen-screen__00032_s4735bae3_512sq.png	/mnt/v/output/zensim/exp_tuner_2026-05-18/qsweep/gen-screen__00032_s4735bae3_q065.png	gen-screen__00032_s4735bae3	jpeg420	65
/mnt/v/input/zensim/sources/gen-screen__00032_s4735bae3_512sq.png	/mnt/v/output/zensim/exp_tuner_2026-05-18/qsweep/gen-screen__00032_s4735bae3_q070.png	gen-screen__00032_s4735bae3	jpeg420	70
/mnt/v/input/zensim/sources/gen-screen__00032_s4735bae3_512sq.png	/mnt/v/output/zensim/exp_tuner_2026-05-18/qsweep/gen-screen__00032_s4735bae3_q075.png	gen-screen__00032_s4735bae3	jpeg420	75
/mnt/v/input/zensim/sources/gen-screen__00032_s4735bae3_512sq.png	/mnt/v/output/zensim/exp_tuner_2026-05-18/qsweep/gen-screen__00032_s4735bae3_q080.png	gen-screen__00032_s4735bae3	jpeg420	80
/mnt/v/input/zensim/sources/gen-screen__00032_s4735bae3_512sq.png	/mnt/v/output/zensim/exp_tuner_2026-05-18/qsweep/gen-screen__00032_s4735bae3_q085.png	gen-screen__00032_s4735bae3	jpeg420	85
/mnt/v/input/zensim/sources/gen-screen__00032_s4735bae3_512sq.png	/mnt/v/output/zensim/exp_tuner_2026-05-18/qsweep/gen-screen__00032_s4735bae3_q090.png	gen-screen__00032_s4735bae3	jpeg420	90
/mnt/v/input/zensim/sources/gen-screen__00032_s4735bae3_512sq.png	/mnt/v/output/zensim/exp_tuner_2026-05-18/qsweep/gen-screen__00032_s4735bae3_q095.png	gen-screen__00032_s4735bae3	jpeg420	95
/mnt/v/input/zensim/sources/gen-screen__00092_s4c2ebc09_512sq.png	/mnt/v/output/zensim/exp_tuner_2026-05-18/qsweep/gen-screen__00092_s4c2ebc09_q005.png	gen-screen__00092_s4c2ebc09	jpeg420	5
/mnt/v/input/zensim/sources/gen-screen__00092_s4c2ebc09_512sq.png	/mnt/v/output/zensim/exp_tuner_2026-05-18/qsweep/gen-screen__00092_s4c2ebc09_q010.png	gen-screen__00092_s4c2ebc09	jpeg420	10
/mnt/v/input/zensim/sources/gen-screen__00092_s4c2ebc09_512sq.png	/mnt/v/output/zensim/exp_tuner_2026-05-18/qsweep/gen-screen__00092_s4c2ebc09_q015.png	gen-screen__00092_s4c2ebc09	jpeg420	15
/mnt/v/input/zensim/sources/gen-screen__00092_s4c2ebc09_512sq.png	/mnt/v/output/zensim/exp_tuner_2026-05-18/qsweep/gen-screen__00092_s4c2ebc09_q020.png	gen-screen__00092_s4c2ebc09	jpeg420	20
/mnt/v/input/zensim/sources/gen-screen__00092_s4c2ebc09_512sq.png	/mnt/v/output/zensim/exp_tuner_2026-05-18/qsweep/gen-screen__00092_s4c2ebc09_q025.png	gen-screen__00092_s4c2ebc09	jpeg420	25
/mnt/v/input/zensim/sources/gen-screen__00092_s4c2ebc09_512sq.png	/mnt/v/output/zensim/exp_tuner_2026-05-18/qsweep/gen-screen__00092_s4c2ebc09_q030.png	gen-screen__00092_s4c2ebc09	jpeg420	30
/mnt/v/input/zensim/sources/gen-screen__00092_s4c2ebc09_512sq.png	/mnt/v/output/zensim/exp_tuner_2026-05-18/qsweep/gen-screen__00092_s4c2ebc09_q035.png	gen-screen__00092_s4c2ebc09	jpeg420	35
/mnt/v/input/zensim/sources/gen-screen__00092_s4c2ebc09_512sq.png	/mnt/v/output/zensim/exp_tuner_2026-05-18/qsweep/gen-screen__00092_s4c2ebc09_q040.png	gen-screen__00092_s4c2ebc09	jpeg420	40
/mnt/v/input/zensim/sources/gen-screen__00092_s4c2ebc09_512sq.png	/mnt/v/output/zensim/exp_tuner_2026-05-18/qsweep/gen-screen__00092_s4c2ebc09_q045.png	gen-screen__00092_s4c2ebc09	jpeg420	45
/mnt/v/input/zensim/sources/gen-screen__00092_s4c2ebc09_512sq.png	/mnt/v/output/zensim/exp_tuner_2026-05-18/qsweep/gen-screen__00092_s4c2ebc09_q050.png	gen-screen__00092_s4c2ebc09	jpeg420	50
/mnt/v/input/zensim/sources/gen-screen__00092_s4c2ebc09_512sq.png	/mnt/v/output/zensim/exp_tuner_2026-05-18/qsweep/gen-screen__00092_s4c2ebc09_q055.png	gen-screen__00092_s4c2ebc09	jpeg420	55
/mnt/v/input/zensim/sources/gen-screen__00092_s4c2ebc09_512sq.png	/mnt/v/output/zensim/exp_tuner_2026-05-18/qsweep/gen-screen__00092_s4c2ebc09_q060.png	gen-screen__00092_s4c2ebc09	jpeg420	60
/mnt/v/input/zensim/sources/gen-screen__00092_s4c2ebc09_512sq.png	/mnt/v/output/zensim/exp_tuner_2026-05-18/qsweep/gen-screen__00092_s4c2ebc09_q065.png	gen-screen__00092_s4c2ebc09	jpeg420	65
/mnt/v/input/zensim/sources/gen-screen__00092_s4c2ebc09_512sq.png	/mnt/v/output/zensim/exp_tuner_2026-05-18/qsweep/gen-screen__00092_s4c2ebc09_q070.png	gen-screen__00092_s4c2ebc09	jpeg420	70
/mnt/v/input/zensim/sources/gen-screen__00092_s4c2ebc09_512sq.png	/mnt/v/output/zensim/exp_tuner_2026-05-18/qsweep/gen-screen__00092_s4c2ebc09_q075.png	gen-screen__00092_s4c2ebc09	jpeg420	75
/mnt/v/input/zensim/sources/gen-screen__00092_s4c2ebc09_512sq.png	/mnt/v/output/zensim/exp_tuner_2026-05-18/qsweep/gen-screen__00092_s4c2ebc09_q080.png	gen-screen__00092_s4c2ebc09	jpeg420	80
/mnt/v/input/zensim/sources/gen-screen__00092_s4c2ebc09_512sq.png	/mnt/v/output/zensim/exp_tuner_2026-05-18/qsweep/gen-screen__00092_s4c2ebc09_q085.png	gen-screen__00092_s4c2ebc09	jpeg420	85
/mnt/v/input/zensim/sources/gen-screen__00092_s4c2ebc09_512sq.png	/mnt/v/output/zensim/exp_tuner_2026-05-18/qsweep/gen-screen__00092_s4c2ebc09_q090.png	gen-screen__00092_s4c2ebc09	jpeg420	90
/mnt/v/input/zensim/sources/gen-screen__00092_s4c2ebc09_512sq.png	/mnt/v/output/zensim/exp_tuner_2026-05-18/qsweep/gen-screen__00092_s4c2ebc09_q095.png	gen-screen__00092_s4c2ebc09	jpeg420	95
/mnt/v/input/zensim/sources/gen-screen__00152_s0cb979f8_512sq.png	/mnt/v/output/zensim/exp_tuner_2026-05-18/qsweep/gen-screen__00152_s0cb979f8_q005.png	gen-screen__00152_s0cb979f8	jpeg420	5
/mnt/v/input/zensim/sources/gen-screen__00152_s0cb979f8_512sq.png	/mnt/v/output/zensim/exp_tuner_2026-05-18/qsweep/gen-screen__00152_s0cb979f8_q010.png	gen-screen__00152_s0cb979f8	jpeg420	10
/mnt/v/input/zensim/sources/gen-screen__00152_s0cb979f8_512sq.png	/mnt/v/output/zensim/exp_tuner_2026-05-18/qsweep/gen-screen__00152_s0cb979f8_q015.png	gen-screen__00152_s0cb979f8	jpeg420	15
/mnt/v/input/zensim/sources/gen-screen__00152_s0cb979f8_512sq.png	/mnt/v/output/zensim/exp_tuner_2026-05-18/qsweep/gen-screen__00152_s0cb979f8_q020.png	gen-screen__00152_s0cb979f8	jpeg420	20
/mnt/v/input/zensim/sources/gen-screen__00152_s0cb979f8_512sq.png	/mnt/v/output/zensim/exp_tuner_2026-05-18/qsweep/gen-screen__00152_s0cb979f8_q025.png	gen-screen__00152_s0cb979f8	jpeg420	25
/mnt/v/input/zensim/sources/gen-screen__00152_s0cb979f8_512sq.png	/mnt/v/output/zensim/exp_tuner_2026-05-18/qsweep/gen-screen__00152_s0cb979f8_q030.png	gen-screen__00152_s0cb979f8	jpeg420	30
/mnt/v/input/zensim/sources/gen-screen__00152_s0cb979f8_512sq.png	/mnt/v/output/zensim/exp_tuner_2026-05-18/qsweep/gen-screen__00152_s0cb979f8_q035.png	gen-screen__00152_s0cb979f8	jpeg420	35
/mnt/v/input/zensim/sources/gen-screen__00152_s0cb979f8_512sq.png	/mnt/v/output/zensim/exp_tuner_2026-05-18/qsweep/gen-screen__00152_s0cb979f8_q040.png	gen-screen__00152_s0cb979f8	jpeg420	40
/mnt/v/input/zensim/sources/gen-screen__00152_s0cb979f8_512sq.png	/mnt/v/output/zensim/exp_tuner_2026-05-18/qsweep/gen-screen__00152_s0cb979f8_q045.png	gen-screen__00152_s0cb979f8	jpeg420	45
/mnt/v/input/zensim/sources/gen-screen__00152_s0cb979f8_512sq.png	/mnt/v/output/zensim/exp_tuner_2026-05-18/qsweep/gen-screen__00152_s0cb979f8_q050.png	gen-screen__00152_s0cb979f8	jpeg420	50
/mnt/v/input/zensim/sources/gen-screen__00152_s0cb979f8_512sq.png	/mnt/v/output/zensim/exp_tuner_2026-05-18/qsweep/gen-screen__00152_s0cb979f8_q055.png	gen-screen__00152_s0cb979f8	jpeg420	55
/mnt/v/input/zensim/sources/gen-screen__00152_s0cb979f8_512sq.png	/mnt/v/output/zensim/exp_tuner_2026-05-18/qsweep/gen-screen__00152_s0cb979f8_q060.png	gen-screen__00152_s0cb979f8	jpeg420	60
/mnt/v/input/zensim/sources/gen-screen__00152_s0cb979f8_512sq.png	/mnt/v/output/zensim/exp_tuner_2026-05-18/qsweep/gen-screen__00152_s0cb979f8_q065.png	gen-screen__00152_s0cb979f8	jpeg420	65
/mnt/v/input/zensim/sources/gen-screen__00152_s0cb979f8_512sq.png	/mnt/v/output/zensim/exp_tuner_2026-05-18/qsweep/gen-screen__00152_s0cb979f8_q070.png	gen-screen__00152_s0cb979f8	jpeg420	70
/mnt/v/input/zensim/sources/gen-screen__00152_s0cb979f8_512sq.png	/mnt/v/output/zensim/exp_tuner_2026-05-18/qsweep/gen-screen__00152_s0cb979f8_q075.png	gen-screen__00152_s0cb979f8	jpeg420	75
/mnt/v/input/zensim/sources/gen-screen__00152_s0cb979f8_512sq.png	/mnt/v/output/zensim/exp_tuner_2026-05-18/qsweep/gen-screen__00152_s0cb979f8_q080.png	gen-screen__00152_s0cb979f8	jpeg420	80
/mnt/v/input/zensim/sources/gen-screen__00152_s0cb979f8_512sq.png	/mnt/v/output/zensim/exp_tuner_2026-05-18/qsweep/gen-screen__00152_s0cb979f8_q085.png	gen-screen__00152_s0cb979f8	jpeg420	85
/mnt/v/input/zensim/sources/gen-screen__00152_s0cb979f8_512sq.png	/mnt/v/output/zensim/exp_tuner_2026-05-18/qsweep/gen-screen__00152_s0cb979f8_q090.png	gen-screen__00152_s0cb979f8	jpeg420	90
/mnt/v/input/zensim/sources/gen-screen__00152_s0cb979f8_512sq.png	/mnt/v/output/zensim/exp_tuner_2026-05-18/qsweep/gen-screen__00152_s0cb979f8_q095.png	gen-screen__00152_s0cb979f8	jpeg420	95
/mnt/v/input/zensim/sources/gen-screen__00212_s610db6b2_512sq.png	/mnt/v/output/zensim/exp_tuner_2026-05-18/qsweep/gen-screen__00212_s610db6b2_q005.png	gen-screen__00212_s610db6b2	jpeg420	5
/mnt/v/input/zensim/sources/gen-screen__00212_s610db6b2_512sq.png	/mnt/v/output/zensim/exp_tuner_2026-05-18/qsweep/gen-screen__00212_s610db6b2_q010.png	gen-screen__00212_s610db6b2	jpeg420	10
/mnt/v/input/zensim/sources/gen-screen__00212_s610db6b2_512sq.png	/mnt/v/output/zensim/exp_tuner_2026-05-18/qsweep/gen-screen__00212_s610db6b2_q015.png	gen-screen__00212_s610db6b2	jpeg420	15
/mnt/v/input/zensim/sources/gen-screen__00212_s610db6b2_512sq.png	/mnt/v/output/zensim/exp_tuner_2026-05-18/qsweep/gen-screen__00212_s610db6b2_q020.png	gen-screen__00212_s610db6b2	jpeg420	20
/mnt/v/input/zensim/sources/gen-screen__00212_s610db6b2_512sq.png	/mnt/v/output/zensim/exp_tuner_2026-05-18/qsweep/gen-screen__00212_s610db6b2_q025.png	gen-screen__00212_s610db6b2	jpeg420	25
/mnt/v/input/zensim/sources/gen-screen__00212_s610db6b2_512sq.png	/mnt/v/output/zensim/exp_tuner_2026-05-18/qsweep/gen-screen__00212_s610db6b2_q030.png	gen-screen__00212_s610db6b2	jpeg420	30
/mnt/v/input/zensim/sources/gen-screen__00212_s610db6b2_512sq.png	/mnt/v/output/zensim/exp_tuner_2026-05-18/qsweep/gen-screen__00212_s610db6b2_q035.png	gen-screen__00212_s610db6b2	jpeg420	35
/mnt/v/input/zensim/sources/gen-screen__00212_s610db6b2_512sq.png	/mnt/v/output/zensim/exp_tuner_2026-05-18/qsweep/gen-screen__00212_s610db6b2_q040.png	gen-screen__00212_s610db6b2	jpeg420	40
/mnt/v/input/zensim/sources/gen-screen__00212_s610db6b2_512sq.png	/mnt/v/output/zensim/exp_tuner_2026-05-18/qsweep/gen-screen__00212_s610db6b2_q045.png	gen-screen__00212_s610db6b2	jpeg420	45
/mnt/v/input/zensim/sources/gen-screen__00212_s610db6b2_512sq.png	/mnt/v/output/zensim/exp_tuner_2026-05-18/qsweep/gen-screen__00212_s610db6b2_q050.png	gen-screen__00212_s610db6b2	jpeg420	50
/mnt/v/input/zensim/sources/gen-screen__00212_s610db6b2_512sq.png	/mnt/v/output/zensim/exp_tuner_2026-05-18/qsweep/gen-screen__00212_s610db6b2_q055.png	gen-screen__00212_s610db6b2	jpeg420	55
/mnt/v/input/zensim/sources/gen-screen__00212_s610db6b2_512sq.png	/mnt/v/output/zensim/exp_tuner_2026-05-18/qsweep/gen-screen__00212_s610db6b2_q060.png	gen-screen__00212_s610db6b2	jpeg420	60
/mnt/v/input/zensim/sources/gen-screen__00212_s610db6b2_512sq.png	/mnt/v/output/zensim/exp_tuner_2026-05-18/qsweep/gen-screen__00212_s610db6b2_q065.png	gen-screen__00212_s610db6b2	jpeg420	65
/mnt/v/input/zensim/sources/gen-screen__00212_s610db6b2_512sq.png	/mnt/v/output/zensim/exp_tuner_2026-05-18/qsweep/gen-screen__00212_s610db6b2_q070.png	gen-screen__00212_s610db6b2	jpeg420	70
/mnt/v/input/zensim/sources/gen-screen__00212_s610db6b2_512sq.png	/mnt/v/output/zensim/exp_tuner_2026-05-18/qsweep/gen-screen__00212_s610db6b2_q075.png	gen-screen__00212_s610db6b2	jpeg420	75
/mnt/v/input/zensim/sources/gen-screen__00212_s610db6b2_512sq.png	/mnt/v/output/zensim/exp_tuner_2026-05-18/qsweep/gen-screen__00212_s610db6b2_q080.png	gen-screen__00212_s610db6b2	jpeg420	80
/mnt/v/input/zensim/sources/gen-screen__00212_s610db6b2_512sq.png	/mnt/v/output/zensim/exp_tuner_2026-05-18/qsweep/gen-screen__00212_s610db6b2_q085.png	gen-screen__00212_s610db6b2	jpeg420	85
/mnt/v/input/zensim/sources/gen-screen__00212_s610db6b2_512sq.png	/mnt/v/output/zensim/exp_tuner_2026-05-18/qsweep/gen-screen__00212_s610db6b2_q090.png	gen-screen__00212_s610db6b2	jpeg420	90
/mnt/v/input/zensim/sources/gen-screen__00212_s610db6b2_512sq.png	/mnt/v/output/zensim/exp_tuner_2026-05-18/qsweep/gen-screen__00212_s610db6b2_q095.png	gen-screen__00212_s610db6b2	jpeg420	95
/mnt/v/input/zensim/sources/gen-screen__00272_s5f0cab07_512sq.png	/mnt/v/output/zensim/exp_tuner_2026-05-18/qsweep/gen-screen__00272_s5f0cab07_q005.png	gen-screen__00272_s5f0cab07	jpeg420	5
/mnt/v/input/zensim/sources/gen-screen__00272_s5f0cab07_512sq.png	/mnt/v/output/zensim/exp_tuner_2026-05-18/qsweep/gen-screen__00272_s5f0cab07_q010.png	gen-screen__00272_s5f0cab07	jpeg420	10
/mnt/v/input/zensim/sources/gen-screen__00272_s5f0cab07_512sq.png	/mnt/v/output/zensim/exp_tuner_2026-05-18/qsweep/gen-screen__00272_s5f0cab07_q015.png	gen-screen__00272_s5f0cab07	jpeg420	15
/mnt/v/input/zensim/sources/gen-screen__00272_s5f0cab07_512sq.png	/mnt/v/output/zensim/exp_tuner_2026-05-18/qsweep/gen-screen__00272_s5f0cab07_q020.png	gen-screen__00272_s5f0cab07	jpeg420	20
/mnt/v/input/zensim/sources/gen-screen__00272_s5f0cab07_512sq.png	/mnt/v/output/zensim/exp_tuner_2026-05-18/qsweep/gen-screen__00272_s5f0cab07_q025.png	gen-screen__00272_s5f0cab07	jpeg420	25
/mnt/v/input/zensim/sources/gen-screen__00272_s5f0cab07_512sq.png	/mnt/v/output/zensim/exp_tuner_2026-05-18/qsweep/gen-screen__00272_s5f0cab07_q030.png	gen-screen__00272_s5f0cab07	jpeg420	30
/mnt/v/input/zensim/sources/gen-screen__00272_s5f0cab07_512sq.png	/mnt/v/output/zensim/exp_tuner_2026-05-18/qsweep/gen-screen__00272_s5f0cab07_q035.png	gen-screen__00272_s5f0cab07	jpeg420	35
/mnt/v/input/zensim/sources/gen-screen__00272_s5f0cab07_512sq.png	/mnt/v/output/zensim/exp_tuner_2026-05-18/qsweep/gen-screen__00272_s5f0cab07_q040.png	gen-screen__00272_s5f0cab07	jpeg420	40
/mnt/v/input/zensim/sources/gen-screen__00272_s5f0cab07_512sq.png	/mnt/v/output/zensim/exp_tuner_2026-05-18/qsweep/gen-screen__00272_s5f0cab07_q045.png	gen-screen__00272_s5f0cab07	jpeg420	45
/mnt/v/input/zensim/sources/gen-screen__00272_s5f0cab07_512sq.png	/mnt/v/output/zensim/exp_tuner_2026-05-18/qsweep/gen-screen__00272_s5f0cab07_q050.png	gen-screen__00272_s5f0cab07	jpeg420	50
/mnt/v/input/zensim/sources/gen-screen__00272_s5f0cab07_512sq.png	/mnt/v/output/zensim/exp_tuner_2026-05-18/qsweep/gen-screen__00272_s5f0cab07_q055.png	gen-screen__00272_s5f0cab07	jpeg420	55
/mnt/v/input/zensim/sources/gen-screen__00272_s5f0cab07_512sq.png	/mnt/v/output/zensim/exp_tuner_2026-05-18/qsweep/gen-screen__00272_s5f0cab07_q060.png	gen-screen__00272_s5f0cab07	jpeg420	60
/mnt/v/input/zensim/sources/gen-screen__00272_s5f0cab07_512sq.png	/mnt/v/output/zensim/exp_tuner_2026-05-18/qsweep/gen-screen__00272_s5f0cab07_q065.png	gen-screen__00272_s5f0cab07	jpeg420	65
/mnt/v/input/zensim/sources/gen-screen__00272_s5f0cab07_512sq.png	/mnt/v/output/zensim/exp_tuner_2026-05-18/qsweep/gen-screen__00272_s5f0cab07_q070.png	gen-screen__00272_s5f0cab07	jpeg420	70
/mnt/v/input/zensim/sources/gen-screen__00272_s5f0cab07_512sq.png	/mnt/v/output/zensim/exp_tuner_2026-05-18/qsweep/gen-screen__00272_s5f0cab07_q075.png	gen-screen__00272_s5f0cab07	jpeg420	75
/mnt/v/input/zensim/sources/gen-screen__00272_s5f0cab07_512sq.png	/mnt/v/output/zensim/exp_tuner_2026-05-18/qsweep/gen-screen__00272_s5f0cab07_q080.png	gen-screen__00272_s5f0cab07	jpeg420	80
/mnt/v/input/zensim/sources/gen-screen__00272_s5f0cab07_512sq.png	/mnt/v/output/zensim/exp_tuner_2026-05-18/qsweep/gen-screen__00272_s5f0cab07_q085.png	gen-screen__00272_s5f0cab07	jpeg420	85
/mnt/v/input/zensim/sources/gen-screen__00272_s5f0cab07_512sq.png	/mnt/v/output/zensim/exp_tuner_2026-05-18/qsweep/gen-screen__00272_s5f0cab07_q090.png	gen-screen__00272_s5f0cab07	jpeg420	90
/mnt/v/input/zensim/sources/gen-screen__00272_s5f0cab07_512sq.png	/mnt/v/output/zensim/exp_tuner_2026-05-18/qsweep/gen-screen__00272_s5f0cab07_q095.png	gen-screen__00272_s5f0cab07	jpeg420	95
/mnt/v/input/zensim/sources/gen-screen__00332_s73bebb88_512sq.png	/mnt/v/output/zensim/exp_tuner_2026-05-18/qsweep/gen-screen__00332_s73bebb88_q005.png	gen-screen__00332_s73bebb88	jpeg420	5
/mnt/v/input/zensim/sources/gen-screen__00332_s73bebb88_512sq.png	/mnt/v/output/zensim/exp_tuner_2026-05-18/qsweep/gen-screen__00332_s73bebb88_q010.png	gen-screen__00332_s73bebb88	jpeg420	10
/mnt/v/input/zensim/sources/gen-screen__00332_s73bebb88_512sq.png	/mnt/v/output/zensim/exp_tuner_2026-05-18/qsweep/gen-screen__00332_s73bebb88_q015.png	gen-screen__00332_s73bebb88	jpeg420	15
/mnt/v/input/zensim/sources/gen-screen__00332_s73bebb88_512sq.png	/mnt/v/output/zensim/exp_tuner_2026-05-18/qsweep/gen-screen__00332_s73bebb88_q020.png	gen-screen__00332_s73bebb88	jpeg420	20
/mnt/v/input/zensim/sources/gen-screen__00332_s73bebb88_512sq.png	/mnt/v/output/zensim/exp_tuner_2026-05-18/qsweep/gen-screen__00332_s73bebb88_q025.png	gen-screen__00332_s73bebb88	jpeg420	25
/mnt/v/input/zensim/sources/gen-screen__00332_s73bebb88_512sq.png	/mnt/v/output/zensim/exp_tuner_2026-05-18/qsweep/gen-screen__00332_s73bebb88_q030.png	gen-screen__00332_s73bebb88	jpeg420	30
/mnt/v/input/zensim/sources/gen-screen__00332_s73bebb88_512sq.png	/mnt/v/output/zensim/exp_tuner_2026-05-18/qsweep/gen-screen__00332_s73bebb88_q035.png	gen-screen__00332_s73bebb88	jpeg420	35
/mnt/v/input/zensim/sources/gen-screen__00332_s73bebb88_512sq.png	/mnt/v/output/zensim/exp_tuner_2026-05-18/qsweep/gen-screen__00332_s73bebb88_q040.png	gen-screen__00332_s73bebb88	jpeg420	40
/mnt/v/input/zensim/sources/gen-screen__00332_s73bebb88_512sq.png	/mnt/v/output/zensim/exp_tuner_2026-05-18/qsweep/gen-screen__00332_s73bebb88_q045.png	gen-screen__00332_s73bebb88	jpeg420	45
/mnt/v/input/zensim/sources/gen-screen__00332_s73bebb88_512sq.png	/mnt/v/output/zensim/exp_tuner_2026-05-18/qsweep/gen-screen__00332_s73bebb88_q050.png	gen-screen__00332_s73bebb88	jpeg420	50
/mnt/v/input/zensim/sources/gen-screen__00332_s73bebb88_512sq.png	/mnt/v/output/zensim/exp_tuner_2026-05-18/qsweep/gen-screen__00332_s73bebb88_q055.png	gen-screen__00332_s73bebb88	jpeg420	55
/mnt/v/input/zensim/sources/gen-screen__00332_s73bebb88_512sq.png	/mnt/v/output/zensim/exp_tuner_2026-05-18/qsweep/gen-screen__00332_s73bebb88_q060.png	gen-screen__00332_s73bebb88	jpeg420	60
/mnt/v/input/zensim/sources/gen-screen__00332_s73bebb88_512sq.png	/mnt/v/output/zensim/exp_tuner_2026-05-18/qsweep/gen-screen__00332_s73bebb88_q065.png	gen-screen__00332_s73bebb88	jpeg420	65
/mnt/v/input/zensim/sources/gen-screen__00332_s73bebb88_512sq.png	/mnt/v/output/zensim/exp_tuner_2026-05-18/qsweep/gen-screen__00332_s73bebb88_q070.png	gen-screen__00332_s73bebb88	jpeg420	70
/mnt/v/input/zensim/sources/gen-screen__00332_s73bebb88_512sq.png	/mnt/v/output/zensim/exp_tuner_2026-05-18/qsweep/gen-screen__00332_s73bebb88_q075.png	gen-screen__00332_s73bebb88	jpeg420	75
/mnt/v/input/zensim/sources/gen-screen__00332_s73bebb88_512sq.png	/mnt/v/output/zensim/exp_tuner_2026-05-18/qsweep/gen-screen__00332_s73bebb88_q080.png	gen-screen__00332_s73bebb88	jpeg420	80
/mnt/v/input/zensim/sources/gen-screen__00332_s73bebb88_512sq.png	/mnt/v/output/zensim/exp_tuner_2026-05-18/qsweep/gen-screen__00332_s73bebb88_q085.png	gen-screen__00332_s73bebb88	jpeg420	85
/mnt/v/input/zensim/sources/gen-screen__00332_s73bebb88_512sq.png	/mnt/v/output/zensim/exp_tuner_2026-05-18/qsweep/gen-screen__00332_s73bebb88_q090.png	gen-screen__00332_s73bebb88	jpeg420	90
/mnt/v/input/zensim/sources/gen-screen__00332_s73bebb88_512sq.png	/mnt/v/output/zensim/exp_tuner_2026-05-18/qsweep/gen-screen__00332_s73bebb88_q095.png	gen-screen__00332_s73bebb88	jpeg420	95
/mnt/v/input/zensim/sources/gen-screen__00392_s5d172827_512sq.png	/mnt/v/output/zensim/exp_tuner_2026-05-18/qsweep/gen-screen__00392_s5d172827_q005.png	gen-screen__00392_s5d172827	jpeg420	5
/mnt/v/input/zensim/sources/gen-screen__00392_s5d172827_512sq.png	/mnt/v/output/zensim/exp_tuner_2026-05-18/qsweep/gen-screen__00392_s5d172827_q010.png	gen-screen__00392_s5d172827	jpeg420	10
/mnt/v/input/zensim/sources/gen-screen__00392_s5d172827_512sq.png	/mnt/v/output/zensim/exp_tuner_2026-05-18/qsweep/gen-screen__00392_s5d172827_q015.png	gen-screen__00392_s5d172827	jpeg420	15
/mnt/v/input/zensim/sources/gen-screen__00392_s5d172827_512sq.png	/mnt/v/output/zensim/exp_tuner_2026-05-18/qsweep/gen-screen__00392_s5d172827_q020.png	gen-screen__00392_s5d172827	jpeg420	20
/mnt/v/input/zensim/sources/gen-screen__00392_s5d172827_512sq.png	/mnt/v/output/zensim/exp_tuner_2026-05-18/qsweep/gen-screen__00392_s5d172827_q025.png	gen-screen__00392_s5d172827	jpeg420	25
/mnt/v/input/zensim/sources/gen-screen__00392_s5d172827_512sq.png	/mnt/v/output/zensim/exp_tuner_2026-05-18/qsweep/gen-screen__00392_s5d172827_q030.png	gen-screen__00392_s5d172827	jpeg420	30
/mnt/v/input/zensim/sources/gen-screen__00392_s5d172827_512sq.png	/mnt/v/output/zensim/exp_tuner_2026-05-18/qsweep/gen-screen__00392_s5d172827_q035.png	gen-screen__00392_s5d172827	jpeg420	35
/mnt/v/input/zensim/sources/gen-screen__00392_s5d172827_512sq.png	/mnt/v/output/zensim/exp_tuner_2026-05-18/qsweep/gen-screen__00392_s5d172827_q040.png	gen-screen__00392_s5d172827	jpeg420	40
/mnt/v/input/zensim/sources/gen-screen__00392_s5d172827_512sq.png	/mnt/v/output/zensim/exp_tuner_2026-05-18/qsweep/gen-screen__00392_s5d172827_q045.png	gen-screen__00392_s5d172827	jpeg420	45
/mnt/v/input/zensim/sources/gen-screen__00392_s5d172827_512sq.png	/mnt/v/output/zensim/exp_tuner_2026-05-18/qsweep/gen-screen__00392_s5d172827_q050.png	gen-screen__00392_s5d172827	jpeg420	50
/mnt/v/input/zensim/sources/gen-screen__00392_s5d172827_512sq.png	/mnt/v/output/zensim/exp_tuner_2026-05-18/qsweep/gen-screen__00392_s5d172827_q055.png	gen-screen__00392_s5d172827	jpeg420	55
/mnt/v/input/zensim/sources/gen-screen__00392_s5d172827_512sq.png	/mnt/v/output/zensim/exp_tuner_2026-05-18/qsweep/gen-screen__00392_s5d172827_q060.png	gen-screen__00392_s5d172827	jpeg420	60
/mnt/v/input/zensim/sources/gen-screen__00392_s5d172827_512sq.png	/mnt/v/output/zensim/exp_tuner_2026-05-18/qsweep/gen-screen__00392_s5d172827_q065.png	gen-screen__00392_s5d172827	jpeg420	65
/mnt/v/input/zensim/sources/gen-screen__00392_s5d172827_512sq.png	/mnt/v/output/zensim/exp_tuner_2026-05-18/qsweep/gen-screen__00392_s5d172827_q070.png	gen-screen__00392_s5d172827	jpeg420	70
/mnt/v/input/zensim/sources/gen-screen__00392_s5d172827_512sq.png	/mnt/v/output/zensim/exp_tuner_2026-05-18/qsweep/gen-screen__00392_s5d172827_q075.png	gen-screen__00392_s5d172827	jpeg420	75
/mnt/v/input/zensim/sources/gen-screen__00392_s5d172827_512sq.png	/mnt/v/output/zensim/exp_tuner_2026-05-18/qsweep/gen-screen__00392_s5d172827_q080.png	gen-screen__00392_s5d172827	jpeg420	80
/mnt/v/input/zensim/sources/gen-screen__00392_s5d172827_512sq.png	/mnt/v/output/zensim/exp_tuner_2026-05-18/qsweep/gen-screen__00392_s5d172827_q085.png	gen-screen__00392_s5d172827	jpeg420	85
/mnt/v/input/zensim/sources/gen-screen__00392_s5d172827_512sq.png	/mnt/v/output/zensim/exp_tuner_2026-05-18/qsweep/gen-screen__00392_s5d172827_q090.png	gen-screen__00392_s5d172827	jpeg420	90
/mnt/v/input/zensim/sources/gen-screen__00392_s5d172827_512sq.png	/mnt/v/output/zensim/exp_tuner_2026-05-18/qsweep/gen-screen__00392_s5d172827_q095.png	gen-screen__00392_s5d172827	jpeg420	95
/mnt/v/input/zensim/sources/gen-screen__00452_s61aa6ded_512sq.png	/mnt/v/output/zensim/exp_tuner_2026-05-18/qsweep/gen-screen__00452_s61aa6ded_q005.png	gen-screen__00452_s61aa6ded	jpeg420	5
/mnt/v/input/zensim/sources/gen-screen__00452_s61aa6ded_512sq.png	/mnt/v/output/zensim/exp_tuner_2026-05-18/qsweep/gen-screen__00452_s61aa6ded_q010.png	gen-screen__00452_s61aa6ded	jpeg420	10
/mnt/v/input/zensim/sources/gen-screen__00452_s61aa6ded_512sq.png	/mnt/v/output/zensim/exp_tuner_2026-05-18/qsweep/gen-screen__00452_s61aa6ded_q015.png	gen-screen__00452_s61aa6ded	jpeg420	15
/mnt/v/input/zensim/sources/gen-screen__00452_s61aa6ded_512sq.png	/mnt/v/output/zensim/exp_tuner_2026-05-18/qsweep/gen-screen__00452_s61aa6ded_q020.png	gen-screen__00452_s61aa6ded	jpeg420	20
/mnt/v/input/zensim/sources/gen-screen__00452_s61aa6ded_512sq.png	/mnt/v/output/zensim/exp_tuner_2026-05-18/qsweep/gen-screen__00452_s61aa6ded_q025.png	gen-screen__00452_s61aa6ded	jpeg420	25
/mnt/v/input/zensim/sources/gen-screen__00452_s61aa6ded_512sq.png	/mnt/v/output/zensim/exp_tuner_2026-05-18/qsweep/gen-screen__00452_s61aa6ded_q030.png	gen-screen__00452_s61aa6ded	jpeg420	30
/mnt/v/input/zensim/sources/gen-screen__00452_s61aa6ded_512sq.png	/mnt/v/output/zensim/exp_tuner_2026-05-18/qsweep/gen-screen__00452_s61aa6ded_q035.png	gen-screen__00452_s61aa6ded	jpeg420	35
/mnt/v/input/zensim/sources/gen-screen__00452_s61aa6ded_512sq.png	/mnt/v/output/zensim/exp_tuner_2026-05-18/qsweep/gen-screen__00452_s61aa6ded_q040.png	gen-screen__00452_s61aa6ded	jpeg420	40
/mnt/v/input/zensim/sources/gen-screen__00452_s61aa6ded_512sq.png	/mnt/v/output/zensim/exp_tuner_2026-05-18/qsweep/gen-screen__00452_s61aa6ded_q045.png	gen-screen__00452_s61aa6ded	jpeg420	45
/mnt/v/input/zensim/sources/gen-screen__00452_s61aa6ded_512sq.png	/mnt/v/output/zensim/exp_tuner_2026-05-18/qsweep/gen-screen__00452_s61aa6ded_q050.png	gen-screen__00452_s61aa6ded	jpeg420	50
/mnt/v/input/zensim/sources/gen-screen__00452_s61aa6ded_512sq.png	/mnt/v/output/zensim/exp_tuner_2026-05-18/qsweep/gen-screen__00452_s61aa6ded_q055.png	gen-screen__00452_s61aa6ded	jpeg420	55
/mnt/v/input/zensim/sources/gen-screen__00452_s61aa6ded_512sq.png	/mnt/v/output/zensim/exp_tuner_2026-05-18/qsweep/gen-screen__00452_s61aa6ded_q060.png	gen-screen__00452_s61aa6ded	jpeg420	60
/mnt/v/input/zensim/sources/gen-screen__00452_s61aa6ded_512sq.png	/mnt/v/output/zensim/exp_tuner_2026-05-18/qsweep/gen-screen__00452_s61aa6ded_q065.png	gen-screen__00452_s61aa6ded	jpeg420	65
/mnt/v/input/zensim/sources/gen-screen__00452_s61aa6ded_512sq.png	/mnt/v/output/zensim/exp_tuner_2026-05-18/qsweep/gen-screen__00452_s61aa6ded_q070.png	gen-screen__00452_s61aa6ded	jpeg420	70
/mnt/v/input/zensim/sources/gen-screen__00452_s61aa6ded_512sq.png	/mnt/v/output/zensim/exp_tuner_2026-05-18/qsweep/gen-screen__00452_s61aa6ded_q075.png	gen-screen__00452_s61aa6ded	jpeg420	75
/mnt/v/input/zensim/sources/gen-screen__00452_s61aa6ded_512sq.png	/mnt/v/output/zensim/exp_tuner_2026-05-18/qsweep/gen-screen__00452_s61aa6ded_q080.png	gen-screen__00452_s61aa6ded	jpeg420	80
/mnt/v/input/zensim/sources/gen-screen__00452_s61aa6ded_512sq.png	/mnt/v/output/zensim/exp_tuner_2026-05-18/qsweep/gen-screen__00452_s61aa6ded_q085.png	gen-screen__00452_s61aa6ded	jpeg420	85
/mnt/v/input/zensim/sources/gen-screen__00452_s61aa6ded_512sq.png	/mnt/v/output/zensim/exp_tuner_2026-05-18/qsweep/gen-screen__00452_s61aa6ded_q090.png	gen-screen__00452_s61aa6ded	jpeg420	90
/mnt/v/input/zensim/sources/gen-screen__00452_s61aa6ded_512sq.png	/mnt/v/output/zensim/exp_tuner_2026-05-18/qsweep/gen-screen__00452_s61aa6ded_q095.png	gen-screen__00452_s61aa6ded	jpeg420	95
