Device: cuda
Loading 2 parquets:
  unified_v15r_zenjpeg.parquet: 1,785,696 rows × 239 cols (3.5s)
  unified_v15rc_zenjpeg.parquet: 513,570 rows × 239 cols (2.9s)
Total: 2,299,266 rows
Loading safesyn safe_synth_218k_features.csv...
/home/lilith/work/zen/zensim/scripts/v_next/train_v_next_mlp.py:133: PerformanceWarning: DataFrame is highly fragmented.  This is usually the result of calling `frame.insert` many times, which has poor performance.  Consider joining all columns at once using pd.concat(axis=1) instead. To get a de-fragmented frame, use `newframe = frame.copy()`
  out[f"feat_{i}"] = df[f"f{i}"]
/home/lilith/work/zen/zensim/scripts/v_next/train_v_next_mlp.py:133: PerformanceWarning: DataFrame is highly fragmented.  This is usually the result of calling `frame.insert` many times, which has poor performance.  Consider joining all columns at once using pd.concat(axis=1) instead. To get a de-fragmented frame, use `newframe = frame.copy()`
  out[f"feat_{i}"] = df[f"f{i}"]
/home/lilith/work/zen/zensim/scripts/v_next/train_v_next_mlp.py:133: PerformanceWarning: DataFrame is highly fragmented.  This is usually the result of calling `frame.insert` many times, which has poor performance.  Consider joining all columns at once using pd.concat(axis=1) instead. To get a de-fragmented frame, use `newframe = frame.copy()`
  out[f"feat_{i}"] = df[f"f{i}"]
/home/lilith/work/zen/zensim/scripts/v_next/train_v_next_mlp.py:133: PerformanceWarning: DataFrame is highly fragmented.  This is usually the result of calling `frame.insert` many times, which has poor performance.  Consider joining all columns at once using pd.concat(axis=1) instead. To get a de-fragmented frame, use `newframe = frame.copy()`
  out[f"feat_{i}"] = df[f"f{i}"]
/home/lilith/work/zen/zensim/scripts/v_next/train_v_next_mlp.py:133: PerformanceWarning: DataFrame is highly fragmented.  This is usually the result of calling `frame.insert` many times, which has poor performance.  Consider joining all columns at once using pd.concat(axis=1) instead. To get a de-fragmented frame, use `newframe = frame.copy()`
  out[f"feat_{i}"] = df[f"f{i}"]
/home/lilith/work/zen/zensim/scripts/v_next/train_v_next_mlp.py:133: PerformanceWarning: DataFrame is highly fragmented.  This is usually the result of calling `frame.insert` many times, which has poor performance.  Consider joining all columns at once using pd.concat(axis=1) instead. To get a de-fragmented frame, use `newframe = frame.copy()`
  out[f"feat_{i}"] = df[f"f{i}"]
/home/lilith/work/zen/zensim/scripts/v_next/train_v_next_mlp.py:133: PerformanceWarning: DataFrame is highly fragmented.  This is usually the result of calling `frame.insert` many times, which has poor performance.  Consider joining all columns at once using pd.concat(axis=1) instead. To get a de-fragmented frame, use `newframe = frame.copy()`
  out[f"feat_{i}"] = df[f"f{i}"]
/home/lilith/work/zen/zensim/scripts/v_next/train_v_next_mlp.py:133: PerformanceWarning: DataFrame is highly fragmented.  This is usually the result of calling `frame.insert` many times, which has poor performance.  Consider joining all columns at once using pd.concat(axis=1) instead. To get a de-fragmented frame, use `newframe = frame.copy()`
  out[f"feat_{i}"] = df[f"f{i}"]
/home/lilith/work/zen/zensim/scripts/v_next/train_v_next_mlp.py:133: PerformanceWarning: DataFrame is highly fragmented.  This is usually the result of calling `frame.insert` many times, which has poor performance.  Consider joining all columns at once using pd.concat(axis=1) instead. To get a de-fragmented frame, use `newframe = frame.copy()`
  out[f"feat_{i}"] = df[f"f{i}"]
/home/lilith/work/zen/zensim/scripts/v_next/train_v_next_mlp.py:133: PerformanceWarning: DataFrame is highly fragmented.  This is usually the result of calling `frame.insert` many times, which has poor performance.  Consider joining all columns at once using pd.concat(axis=1) instead. To get a de-fragmented frame, use `newframe = frame.copy()`
  out[f"feat_{i}"] = df[f"f{i}"]
/home/lilith/work/zen/zensim/scripts/v_next/train_v_next_mlp.py:133: PerformanceWarning: DataFrame is highly fragmented.  This is usually the result of calling `frame.insert` many times, which has poor performance.  Consider joining all columns at once using pd.concat(axis=1) instead. To get a de-fragmented frame, use `newframe = frame.copy()`
  out[f"feat_{i}"] = df[f"f{i}"]
/home/lilith/work/zen/zensim/scripts/v_next/train_v_next_mlp.py:133: PerformanceWarning: DataFrame is highly fragmented.  This is usually the result of calling `frame.insert` many times, which has poor performance.  Consider joining all columns at once using pd.concat(axis=1) instead. To get a de-fragmented frame, use `newframe = frame.copy()`
  out[f"feat_{i}"] = df[f"f{i}"]
/home/lilith/work/zen/zensim/scripts/v_next/train_v_next_mlp.py:133: PerformanceWarning: DataFrame is highly fragmented.  This is usually the result of calling `frame.insert` many times, which has poor performance.  Consider joining all columns at once using pd.concat(axis=1) instead. To get a de-fragmented frame, use `newframe = frame.copy()`
  out[f"feat_{i}"] = df[f"f{i}"]
/home/lilith/work/zen/zensim/scripts/v_next/train_v_next_mlp.py:133: PerformanceWarning: DataFrame is highly fragmented.  This is usually the result of calling `frame.insert` many times, which has poor performance.  Consider joining all columns at once using pd.concat(axis=1) instead. To get a de-fragmented frame, use `newframe = frame.copy()`
  out[f"feat_{i}"] = df[f"f{i}"]
/home/lilith/work/zen/zensim/scripts/v_next/train_v_next_mlp.py:133: PerformanceWarning: DataFrame is highly fragmented.  This is usually the result of calling `frame.insert` many times, which has poor performance.  Consider joining all columns at once using pd.concat(axis=1) instead. To get a de-fragmented frame, use `newframe = frame.copy()`
  out[f"feat_{i}"] = df[f"f{i}"]
/home/lilith/work/zen/zensim/scripts/v_next/train_v_next_mlp.py:133: PerformanceWarning: DataFrame is highly fragmented.  This is usually the result of calling `frame.insert` many times, which has poor performance.  Consider joining all columns at once using pd.concat(axis=1) instead. To get a de-fragmented frame, use `newframe = frame.copy()`
  out[f"feat_{i}"] = df[f"f{i}"]
/home/lilith/work/zen/zensim/scripts/v_next/train_v_next_mlp.py:133: PerformanceWarning: DataFrame is highly fragmented.  This is usually the result of calling `frame.insert` many times, which has poor performance.  Consider joining all columns at once using pd.concat(axis=1) instead. To get a de-fragmented frame, use `newframe = frame.copy()`
  out[f"feat_{i}"] = df[f"f{i}"]
/home/lilith/work/zen/zensim/scripts/v_next/train_v_next_mlp.py:133: PerformanceWarning: DataFrame is highly fragmented.  This is usually the result of calling `frame.insert` many times, which has poor performance.  Consider joining all columns at once using pd.concat(axis=1) instead. To get a de-fragmented frame, use `newframe = frame.copy()`
  out[f"feat_{i}"] = df[f"f{i}"]
/home/lilith/work/zen/zensim/scripts/v_next/train_v_next_mlp.py:133: PerformanceWarning: DataFrame is highly fragmented.  This is usually the result of calling `frame.insert` many times, which has poor performance.  Consider joining all columns at once using pd.concat(axis=1) instead. To get a de-fragmented frame, use `newframe = frame.copy()`
  out[f"feat_{i}"] = df[f"f{i}"]
/home/lilith/work/zen/zensim/scripts/v_next/train_v_next_mlp.py:133: PerformanceWarning: DataFrame is highly fragmented.  This is usually the result of calling `frame.insert` many times, which has poor performance.  Consider joining all columns at once using pd.concat(axis=1) instead. To get a de-fragmented frame, use `newframe = frame.copy()`
  out[f"feat_{i}"] = df[f"f{i}"]
/home/lilith/work/zen/zensim/scripts/v_next/train_v_next_mlp.py:133: PerformanceWarning: DataFrame is highly fragmented.  This is usually the result of calling `frame.insert` many times, which has poor performance.  Consider joining all columns at once using pd.concat(axis=1) instead. To get a de-fragmented frame, use `newframe = frame.copy()`
  out[f"feat_{i}"] = df[f"f{i}"]
/home/lilith/work/zen/zensim/scripts/v_next/train_v_next_mlp.py:133: PerformanceWarning: DataFrame is highly fragmented.  This is usually the result of calling `frame.insert` many times, which has poor performance.  Consider joining all columns at once using pd.concat(axis=1) instead. To get a de-fragmented frame, use `newframe = frame.copy()`
  out[f"feat_{i}"] = df[f"f{i}"]
/home/lilith/work/zen/zensim/scripts/v_next/train_v_next_mlp.py:133: PerformanceWarning: DataFrame is highly fragmented.  This is usually the result of calling `frame.insert` many times, which has poor performance.  Consider joining all columns at once using pd.concat(axis=1) instead. To get a de-fragmented frame, use `newframe = frame.copy()`
  out[f"feat_{i}"] = df[f"f{i}"]
/home/lilith/work/zen/zensim/scripts/v_next/train_v_next_mlp.py:133: PerformanceWarning: DataFrame is highly fragmented.  This is usually the result of calling `frame.insert` many times, which has poor performance.  Consider joining all columns at once using pd.concat(axis=1) instead. To get a de-fragmented frame, use `newframe = frame.copy()`
  out[f"feat_{i}"] = df[f"f{i}"]
/home/lilith/work/zen/zensim/scripts/v_next/train_v_next_mlp.py:133: PerformanceWarning: DataFrame is highly fragmented.  This is usually the result of calling `frame.insert` many times, which has poor performance.  Consider joining all columns at once using pd.concat(axis=1) instead. To get a de-fragmented frame, use `newframe = frame.copy()`
  out[f"feat_{i}"] = df[f"f{i}"]
/home/lilith/work/zen/zensim/scripts/v_next/train_v_next_mlp.py:133: PerformanceWarning: DataFrame is highly fragmented.  This is usually the result of calling `frame.insert` many times, which has poor performance.  Consider joining all columns at once using pd.concat(axis=1) instead. To get a de-fragmented frame, use `newframe = frame.copy()`
  out[f"feat_{i}"] = df[f"f{i}"]
/home/lilith/work/zen/zensim/scripts/v_next/train_v_next_mlp.py:133: PerformanceWarning: DataFrame is highly fragmented.  This is usually the result of calling `frame.insert` many times, which has poor performance.  Consider joining all columns at once using pd.concat(axis=1) instead. To get a de-fragmented frame, use `newframe = frame.copy()`
  out[f"feat_{i}"] = df[f"f{i}"]
/home/lilith/work/zen/zensim/scripts/v_next/train_v_next_mlp.py:133: PerformanceWarning: DataFrame is highly fragmented.  This is usually the result of calling `frame.insert` many times, which has poor performance.  Consider joining all columns at once using pd.concat(axis=1) instead. To get a de-fragmented frame, use `newframe = frame.copy()`
  out[f"feat_{i}"] = df[f"f{i}"]
/home/lilith/work/zen/zensim/scripts/v_next/train_v_next_mlp.py:133: PerformanceWarning: DataFrame is highly fragmented.  This is usually the result of calling `frame.insert` many times, which has poor performance.  Consider joining all columns at once using pd.concat(axis=1) instead. To get a de-fragmented frame, use `newframe = frame.copy()`
  out[f"feat_{i}"] = df[f"f{i}"]
/home/lilith/work/zen/zensim/scripts/v_next/train_v_next_mlp.py:133: PerformanceWarning: DataFrame is highly fragmented.  This is usually the result of calling `frame.insert` many times, which has poor performance.  Consider joining all columns at once using pd.concat(axis=1) instead. To get a de-fragmented frame, use `newframe = frame.copy()`
  out[f"feat_{i}"] = df[f"f{i}"]
/home/lilith/work/zen/zensim/scripts/v_next/train_v_next_mlp.py:133: PerformanceWarning: DataFrame is highly fragmented.  This is usually the result of calling `frame.insert` many times, which has poor performance.  Consider joining all columns at once using pd.concat(axis=1) instead. To get a de-fragmented frame, use `newframe = frame.copy()`
  out[f"feat_{i}"] = df[f"f{i}"]
/home/lilith/work/zen/zensim/scripts/v_next/train_v_next_mlp.py:133: PerformanceWarning: DataFrame is highly fragmented.  This is usually the result of calling `frame.insert` many times, which has poor performance.  Consider joining all columns at once using pd.concat(axis=1) instead. To get a de-fragmented frame, use `newframe = frame.copy()`
  out[f"feat_{i}"] = df[f"f{i}"]
/home/lilith/work/zen/zensim/scripts/v_next/train_v_next_mlp.py:133: PerformanceWarning: DataFrame is highly fragmented.  This is usually the result of calling `frame.insert` many times, which has poor performance.  Consider joining all columns at once using pd.concat(axis=1) instead. To get a de-fragmented frame, use `newframe = frame.copy()`
  out[f"feat_{i}"] = df[f"f{i}"]
/home/lilith/work/zen/zensim/scripts/v_next/train_v_next_mlp.py:133: PerformanceWarning: DataFrame is highly fragmented.  This is usually the result of calling `frame.insert` many times, which has poor performance.  Consider joining all columns at once using pd.concat(axis=1) instead. To get a de-fragmented frame, use `newframe = frame.copy()`
  out[f"feat_{i}"] = df[f"f{i}"]
/home/lilith/work/zen/zensim/scripts/v_next/train_v_next_mlp.py:133: PerformanceWarning: DataFrame is highly fragmented.  This is usually the result of calling `frame.insert` many times, which has poor performance.  Consider joining all columns at once using pd.concat(axis=1) instead. To get a de-fragmented frame, use `newframe = frame.copy()`
  out[f"feat_{i}"] = df[f"f{i}"]
/home/lilith/work/zen/zensim/scripts/v_next/train_v_next_mlp.py:133: PerformanceWarning: DataFrame is highly fragmented.  This is usually the result of calling `frame.insert` many times, which has poor performance.  Consider joining all columns at once using pd.concat(axis=1) instead. To get a de-fragmented frame, use `newframe = frame.copy()`
  out[f"feat_{i}"] = df[f"f{i}"]
/home/lilith/work/zen/zensim/scripts/v_next/train_v_next_mlp.py:133: PerformanceWarning: DataFrame is highly fragmented.  This is usually the result of calling `frame.insert` many times, which has poor performance.  Consider joining all columns at once using pd.concat(axis=1) instead. To get a de-fragmented frame, use `newframe = frame.copy()`
  out[f"feat_{i}"] = df[f"f{i}"]
/home/lilith/work/zen/zensim/scripts/v_next/train_v_next_mlp.py:133: PerformanceWarning: DataFrame is highly fragmented.  This is usually the result of calling `frame.insert` many times, which has poor performance.  Consider joining all columns at once using pd.concat(axis=1) instead. To get a de-fragmented frame, use `newframe = frame.copy()`
  out[f"feat_{i}"] = df[f"f{i}"]
/home/lilith/work/zen/zensim/scripts/v_next/train_v_next_mlp.py:133: PerformanceWarning: DataFrame is highly fragmented.  This is usually the result of calling `frame.insert` many times, which has poor performance.  Consider joining all columns at once using pd.concat(axis=1) instead. To get a de-fragmented frame, use `newframe = frame.copy()`
  out[f"feat_{i}"] = df[f"f{i}"]
/home/lilith/work/zen/zensim/scripts/v_next/train_v_next_mlp.py:133: PerformanceWarning: DataFrame is highly fragmented.  This is usually the result of calling `frame.insert` many times, which has poor performance.  Consider joining all columns at once using pd.concat(axis=1) instead. To get a de-fragmented frame, use `newframe = frame.copy()`
  out[f"feat_{i}"] = df[f"f{i}"]
/home/lilith/work/zen/zensim/scripts/v_next/train_v_next_mlp.py:133: PerformanceWarning: DataFrame is highly fragmented.  This is usually the result of calling `frame.insert` many times, which has poor performance.  Consider joining all columns at once using pd.concat(axis=1) instead. To get a de-fragmented frame, use `newframe = frame.copy()`
  out[f"feat_{i}"] = df[f"f{i}"]
/home/lilith/work/zen/zensim/scripts/v_next/train_v_next_mlp.py:133: PerformanceWarning: DataFrame is highly fragmented.  This is usually the result of calling `frame.insert` many times, which has poor performance.  Consider joining all columns at once using pd.concat(axis=1) instead. To get a de-fragmented frame, use `newframe = frame.copy()`
  out[f"feat_{i}"] = df[f"f{i}"]
/home/lilith/work/zen/zensim/scripts/v_next/train_v_next_mlp.py:133: PerformanceWarning: DataFrame is highly fragmented.  This is usually the result of calling `frame.insert` many times, which has poor performance.  Consider joining all columns at once using pd.concat(axis=1) instead. To get a de-fragmented frame, use `newframe = frame.copy()`
  out[f"feat_{i}"] = df[f"f{i}"]
/home/lilith/work/zen/zensim/scripts/v_next/train_v_next_mlp.py:133: PerformanceWarning: DataFrame is highly fragmented.  This is usually the result of calling `frame.insert` many times, which has poor performance.  Consider joining all columns at once using pd.concat(axis=1) instead. To get a de-fragmented frame, use `newframe = frame.copy()`
  out[f"feat_{i}"] = df[f"f{i}"]
/home/lilith/work/zen/zensim/scripts/v_next/train_v_next_mlp.py:133: PerformanceWarning: DataFrame is highly fragmented.  This is usually the result of calling `frame.insert` many times, which has poor performance.  Consider joining all columns at once using pd.concat(axis=1) instead. To get a de-fragmented frame, use `newframe = frame.copy()`
  out[f"feat_{i}"] = df[f"f{i}"]
/home/lilith/work/zen/zensim/scripts/v_next/train_v_next_mlp.py:133: PerformanceWarning: DataFrame is highly fragmented.  This is usually the result of calling `frame.insert` many times, which has poor performance.  Consider joining all columns at once using pd.concat(axis=1) instead. To get a de-fragmented frame, use `newframe = frame.copy()`
  out[f"feat_{i}"] = df[f"f{i}"]
/home/lilith/work/zen/zensim/scripts/v_next/train_v_next_mlp.py:133: PerformanceWarning: DataFrame is highly fragmented.  This is usually the result of calling `frame.insert` many times, which has poor performance.  Consider joining all columns at once using pd.concat(axis=1) instead. To get a de-fragmented frame, use `newframe = frame.copy()`
  out[f"feat_{i}"] = df[f"f{i}"]
/home/lilith/work/zen/zensim/scripts/v_next/train_v_next_mlp.py:133: PerformanceWarning: DataFrame is highly fragmented.  This is usually the result of calling `frame.insert` many times, which has poor performance.  Consider joining all columns at once using pd.concat(axis=1) instead. To get a de-fragmented frame, use `newframe = frame.copy()`
  out[f"feat_{i}"] = df[f"f{i}"]
/home/lilith/work/zen/zensim/scripts/v_next/train_v_next_mlp.py:133: PerformanceWarning: DataFrame is highly fragmented.  This is usually the result of calling `frame.insert` many times, which has poor performance.  Consider joining all columns at once using pd.concat(axis=1) instead. To get a de-fragmented frame, use `newframe = frame.copy()`
  out[f"feat_{i}"] = df[f"f{i}"]
/home/lilith/work/zen/zensim/scripts/v_next/train_v_next_mlp.py:133: PerformanceWarning: DataFrame is highly fragmented.  This is usually the result of calling `frame.insert` many times, which has poor performance.  Consider joining all columns at once using pd.concat(axis=1) instead. To get a de-fragmented frame, use `newframe = frame.copy()`
  out[f"feat_{i}"] = df[f"f{i}"]
/home/lilith/work/zen/zensim/scripts/v_next/train_v_next_mlp.py:133: PerformanceWarning: DataFrame is highly fragmented.  This is usually the result of calling `frame.insert` many times, which has poor performance.  Consider joining all columns at once using pd.concat(axis=1) instead. To get a de-fragmented frame, use `newframe = frame.copy()`
  out[f"feat_{i}"] = df[f"f{i}"]
/home/lilith/work/zen/zensim/scripts/v_next/train_v_next_mlp.py:133: PerformanceWarning: DataFrame is highly fragmented.  This is usually the result of calling `frame.insert` many times, which has poor performance.  Consider joining all columns at once using pd.concat(axis=1) instead. To get a de-fragmented frame, use `newframe = frame.copy()`
  out[f"feat_{i}"] = df[f"f{i}"]
/home/lilith/work/zen/zensim/scripts/v_next/train_v_next_mlp.py:133: PerformanceWarning: DataFrame is highly fragmented.  This is usually the result of calling `frame.insert` many times, which has poor performance.  Consider joining all columns at once using pd.concat(axis=1) instead. To get a de-fragmented frame, use `newframe = frame.copy()`
  out[f"feat_{i}"] = df[f"f{i}"]
/home/lilith/work/zen/zensim/scripts/v_next/train_v_next_mlp.py:133: PerformanceWarning: DataFrame is highly fragmented.  This is usually the result of calling `frame.insert` many times, which has poor performance.  Consider joining all columns at once using pd.concat(axis=1) instead. To get a de-fragmented frame, use `newframe = frame.copy()`
  out[f"feat_{i}"] = df[f"f{i}"]
/home/lilith/work/zen/zensim/scripts/v_next/train_v_next_mlp.py:133: PerformanceWarning: DataFrame is highly fragmented.  This is usually the result of calling `frame.insert` many times, which has poor performance.  Consider joining all columns at once using pd.concat(axis=1) instead. To get a de-fragmented frame, use `newframe = frame.copy()`
  out[f"feat_{i}"] = df[f"f{i}"]
/home/lilith/work/zen/zensim/scripts/v_next/train_v_next_mlp.py:133: PerformanceWarning: DataFrame is highly fragmented.  This is usually the result of calling `frame.insert` many times, which has poor performance.  Consider joining all columns at once using pd.concat(axis=1) instead. To get a de-fragmented frame, use `newframe = frame.copy()`
  out[f"feat_{i}"] = df[f"f{i}"]
/home/lilith/work/zen/zensim/scripts/v_next/train_v_next_mlp.py:133: PerformanceWarning: DataFrame is highly fragmented.  This is usually the result of calling `frame.insert` many times, which has poor performance.  Consider joining all columns at once using pd.concat(axis=1) instead. To get a de-fragmented frame, use `newframe = frame.copy()`
  out[f"feat_{i}"] = df[f"f{i}"]
/home/lilith/work/zen/zensim/scripts/v_next/train_v_next_mlp.py:133: PerformanceWarning: DataFrame is highly fragmented.  This is usually the result of calling `frame.insert` many times, which has poor performance.  Consider joining all columns at once using pd.concat(axis=1) instead. To get a de-fragmented frame, use `newframe = frame.copy()`
  out[f"feat_{i}"] = df[f"f{i}"]
/home/lilith/work/zen/zensim/scripts/v_next/train_v_next_mlp.py:133: PerformanceWarning: DataFrame is highly fragmented.  This is usually the result of calling `frame.insert` many times, which has poor performance.  Consider joining all columns at once using pd.concat(axis=1) instead. To get a de-fragmented frame, use `newframe = frame.copy()`
  out[f"feat_{i}"] = df[f"f{i}"]
/home/lilith/work/zen/zensim/scripts/v_next/train_v_next_mlp.py:133: PerformanceWarning: DataFrame is highly fragmented.  This is usually the result of calling `frame.insert` many times, which has poor performance.  Consider joining all columns at once using pd.concat(axis=1) instead. To get a de-fragmented frame, use `newframe = frame.copy()`
  out[f"feat_{i}"] = df[f"f{i}"]
/home/lilith/work/zen/zensim/scripts/v_next/train_v_next_mlp.py:133: PerformanceWarning: DataFrame is highly fragmented.  This is usually the result of calling `frame.insert` many times, which has poor performance.  Consider joining all columns at once using pd.concat(axis=1) instead. To get a de-fragmented frame, use `newframe = frame.copy()`
  out[f"feat_{i}"] = df[f"f{i}"]
/home/lilith/work/zen/zensim/scripts/v_next/train_v_next_mlp.py:133: PerformanceWarning: DataFrame is highly fragmented.  This is usually the result of calling `frame.insert` many times, which has poor performance.  Consider joining all columns at once using pd.concat(axis=1) instead. To get a de-fragmented frame, use `newframe = frame.copy()`
  out[f"feat_{i}"] = df[f"f{i}"]
/home/lilith/work/zen/zensim/scripts/v_next/train_v_next_mlp.py:133: PerformanceWarning: DataFrame is highly fragmented.  This is usually the result of calling `frame.insert` many times, which has poor performance.  Consider joining all columns at once using pd.concat(axis=1) instead. To get a de-fragmented frame, use `newframe = frame.copy()`
  out[f"feat_{i}"] = df[f"f{i}"]
/home/lilith/work/zen/zensim/scripts/v_next/train_v_next_mlp.py:133: PerformanceWarning: DataFrame is highly fragmented.  This is usually the result of calling `frame.insert` many times, which has poor performance.  Consider joining all columns at once using pd.concat(axis=1) instead. To get a de-fragmented frame, use `newframe = frame.copy()`
  out[f"feat_{i}"] = df[f"f{i}"]
/home/lilith/work/zen/zensim/scripts/v_next/train_v_next_mlp.py:133: PerformanceWarning: DataFrame is highly fragmented.  This is usually the result of calling `frame.insert` many times, which has poor performance.  Consider joining all columns at once using pd.concat(axis=1) instead. To get a de-fragmented frame, use `newframe = frame.copy()`
  out[f"feat_{i}"] = df[f"f{i}"]
/home/lilith/work/zen/zensim/scripts/v_next/train_v_next_mlp.py:133: PerformanceWarning: DataFrame is highly fragmented.  This is usually the result of calling `frame.insert` many times, which has poor performance.  Consider joining all columns at once using pd.concat(axis=1) instead. To get a de-fragmented frame, use `newframe = frame.copy()`
  out[f"feat_{i}"] = df[f"f{i}"]
/home/lilith/work/zen/zensim/scripts/v_next/train_v_next_mlp.py:133: PerformanceWarning: DataFrame is highly fragmented.  This is usually the result of calling `frame.insert` many times, which has poor performance.  Consider joining all columns at once using pd.concat(axis=1) instead. To get a de-fragmented frame, use `newframe = frame.copy()`
  out[f"feat_{i}"] = df[f"f{i}"]
/home/lilith/work/zen/zensim/scripts/v_next/train_v_next_mlp.py:133: PerformanceWarning: DataFrame is highly fragmented.  This is usually the result of calling `frame.insert` many times, which has poor performance.  Consider joining all columns at once using pd.concat(axis=1) instead. To get a de-fragmented frame, use `newframe = frame.copy()`
  out[f"feat_{i}"] = df[f"f{i}"]
/home/lilith/work/zen/zensim/scripts/v_next/train_v_next_mlp.py:133: PerformanceWarning: DataFrame is highly fragmented.  This is usually the result of calling `frame.insert` many times, which has poor performance.  Consider joining all columns at once using pd.concat(axis=1) instead. To get a de-fragmented frame, use `newframe = frame.copy()`
  out[f"feat_{i}"] = df[f"f{i}"]
/home/lilith/work/zen/zensim/scripts/v_next/train_v_next_mlp.py:133: PerformanceWarning: DataFrame is highly fragmented.  This is usually the result of calling `frame.insert` many times, which has poor performance.  Consider joining all columns at once using pd.concat(axis=1) instead. To get a de-fragmented frame, use `newframe = frame.copy()`
  out[f"feat_{i}"] = df[f"f{i}"]
/home/lilith/work/zen/zensim/scripts/v_next/train_v_next_mlp.py:133: PerformanceWarning: DataFrame is highly fragmented.  This is usually the result of calling `frame.insert` many times, which has poor performance.  Consider joining all columns at once using pd.concat(axis=1) instead. To get a de-fragmented frame, use `newframe = frame.copy()`
  out[f"feat_{i}"] = df[f"f{i}"]
/home/lilith/work/zen/zensim/scripts/v_next/train_v_next_mlp.py:133: PerformanceWarning: DataFrame is highly fragmented.  This is usually the result of calling `frame.insert` many times, which has poor performance.  Consider joining all columns at once using pd.concat(axis=1) instead. To get a de-fragmented frame, use `newframe = frame.copy()`
  out[f"feat_{i}"] = df[f"f{i}"]
/home/lilith/work/zen/zensim/scripts/v_next/train_v_next_mlp.py:133: PerformanceWarning: DataFrame is highly fragmented.  This is usually the result of calling `frame.insert` many times, which has poor performance.  Consider joining all columns at once using pd.concat(axis=1) instead. To get a de-fragmented frame, use `newframe = frame.copy()`
  out[f"feat_{i}"] = df[f"f{i}"]
/home/lilith/work/zen/zensim/scripts/v_next/train_v_next_mlp.py:133: PerformanceWarning: DataFrame is highly fragmented.  This is usually the result of calling `frame.insert` many times, which has poor performance.  Consider joining all columns at once using pd.concat(axis=1) instead. To get a de-fragmented frame, use `newframe = frame.copy()`
  out[f"feat_{i}"] = df[f"f{i}"]
/home/lilith/work/zen/zensim/scripts/v_next/train_v_next_mlp.py:133: PerformanceWarning: DataFrame is highly fragmented.  This is usually the result of calling `frame.insert` many times, which has poor performance.  Consider joining all columns at once using pd.concat(axis=1) instead. To get a de-fragmented frame, use `newframe = frame.copy()`
  out[f"feat_{i}"] = df[f"f{i}"]
/home/lilith/work/zen/zensim/scripts/v_next/train_v_next_mlp.py:133: PerformanceWarning: DataFrame is highly fragmented.  This is usually the result of calling `frame.insert` many times, which has poor performance.  Consider joining all columns at once using pd.concat(axis=1) instead. To get a de-fragmented frame, use `newframe = frame.copy()`
  out[f"feat_{i}"] = df[f"f{i}"]
/home/lilith/work/zen/zensim/scripts/v_next/train_v_next_mlp.py:133: PerformanceWarning: DataFrame is highly fragmented.  This is usually the result of calling `frame.insert` many times, which has poor performance.  Consider joining all columns at once using pd.concat(axis=1) instead. To get a de-fragmented frame, use `newframe = frame.copy()`
  out[f"feat_{i}"] = df[f"f{i}"]
/home/lilith/work/zen/zensim/scripts/v_next/train_v_next_mlp.py:133: PerformanceWarning: DataFrame is highly fragmented.  This is usually the result of calling `frame.insert` many times, which has poor performance.  Consider joining all columns at once using pd.concat(axis=1) instead. To get a de-fragmented frame, use `newframe = frame.copy()`
  out[f"feat_{i}"] = df[f"f{i}"]
/home/lilith/work/zen/zensim/scripts/v_next/train_v_next_mlp.py:133: PerformanceWarning: DataFrame is highly fragmented.  This is usually the result of calling `frame.insert` many times, which has poor performance.  Consider joining all columns at once using pd.concat(axis=1) instead. To get a de-fragmented frame, use `newframe = frame.copy()`
  out[f"feat_{i}"] = df[f"f{i}"]
/home/lilith/work/zen/zensim/scripts/v_next/train_v_next_mlp.py:133: PerformanceWarning: DataFrame is highly fragmented.  This is usually the result of calling `frame.insert` many times, which has poor performance.  Consider joining all columns at once using pd.concat(axis=1) instead. To get a de-fragmented frame, use `newframe = frame.copy()`
  out[f"feat_{i}"] = df[f"f{i}"]
/home/lilith/work/zen/zensim/scripts/v_next/train_v_next_mlp.py:133: PerformanceWarning: DataFrame is highly fragmented.  This is usually the result of calling `frame.insert` many times, which has poor performance.  Consider joining all columns at once using pd.concat(axis=1) instead. To get a de-fragmented frame, use `newframe = frame.copy()`
  out[f"feat_{i}"] = df[f"f{i}"]
/home/lilith/work/zen/zensim/scripts/v_next/train_v_next_mlp.py:133: PerformanceWarning: DataFrame is highly fragmented.  This is usually the result of calling `frame.insert` many times, which has poor performance.  Consider joining all columns at once using pd.concat(axis=1) instead. To get a de-fragmented frame, use `newframe = frame.copy()`
  out[f"feat_{i}"] = df[f"f{i}"]
/home/lilith/work/zen/zensim/scripts/v_next/train_v_next_mlp.py:133: PerformanceWarning: DataFrame is highly fragmented.  This is usually the result of calling `frame.insert` many times, which has poor performance.  Consider joining all columns at once using pd.concat(axis=1) instead. To get a de-fragmented frame, use `newframe = frame.copy()`
  out[f"feat_{i}"] = df[f"f{i}"]
/home/lilith/work/zen/zensim/scripts/v_next/train_v_next_mlp.py:133: PerformanceWarning: DataFrame is highly fragmented.  This is usually the result of calling `frame.insert` many times, which has poor performance.  Consider joining all columns at once using pd.concat(axis=1) instead. To get a de-fragmented frame, use `newframe = frame.copy()`
  out[f"feat_{i}"] = df[f"f{i}"]
/home/lilith/work/zen/zensim/scripts/v_next/train_v_next_mlp.py:133: PerformanceWarning: DataFrame is highly fragmented.  This is usually the result of calling `frame.insert` many times, which has poor performance.  Consider joining all columns at once using pd.concat(axis=1) instead. To get a de-fragmented frame, use `newframe = frame.copy()`
  out[f"feat_{i}"] = df[f"f{i}"]
/home/lilith/work/zen/zensim/scripts/v_next/train_v_next_mlp.py:133: PerformanceWarning: DataFrame is highly fragmented.  This is usually the result of calling `frame.insert` many times, which has poor performance.  Consider joining all columns at once using pd.concat(axis=1) instead. To get a de-fragmented frame, use `newframe = frame.copy()`
  out[f"feat_{i}"] = df[f"f{i}"]
/home/lilith/work/zen/zensim/scripts/v_next/train_v_next_mlp.py:133: PerformanceWarning: DataFrame is highly fragmented.  This is usually the result of calling `frame.insert` many times, which has poor performance.  Consider joining all columns at once using pd.concat(axis=1) instead. To get a de-fragmented frame, use `newframe = frame.copy()`
  out[f"feat_{i}"] = df[f"f{i}"]
/home/lilith/work/zen/zensim/scripts/v_next/train_v_next_mlp.py:133: PerformanceWarning: DataFrame is highly fragmented.  This is usually the result of calling `frame.insert` many times, which has poor performance.  Consider joining all columns at once using pd.concat(axis=1) instead. To get a de-fragmented frame, use `newframe = frame.copy()`
  out[f"feat_{i}"] = df[f"f{i}"]
/home/lilith/work/zen/zensim/scripts/v_next/train_v_next_mlp.py:133: PerformanceWarning: DataFrame is highly fragmented.  This is usually the result of calling `frame.insert` many times, which has poor performance.  Consider joining all columns at once using pd.concat(axis=1) instead. To get a de-fragmented frame, use `newframe = frame.copy()`
  out[f"feat_{i}"] = df[f"f{i}"]
/home/lilith/work/zen/zensim/scripts/v_next/train_v_next_mlp.py:133: PerformanceWarning: DataFrame is highly fragmented.  This is usually the result of calling `frame.insert` many times, which has poor performance.  Consider joining all columns at once using pd.concat(axis=1) instead. To get a de-fragmented frame, use `newframe = frame.copy()`
  out[f"feat_{i}"] = df[f"f{i}"]
/home/lilith/work/zen/zensim/scripts/v_next/train_v_next_mlp.py:133: PerformanceWarning: DataFrame is highly fragmented.  This is usually the result of calling `frame.insert` many times, which has poor performance.  Consider joining all columns at once using pd.concat(axis=1) instead. To get a de-fragmented frame, use `newframe = frame.copy()`
  out[f"feat_{i}"] = df[f"f{i}"]
/home/lilith/work/zen/zensim/scripts/v_next/train_v_next_mlp.py:133: PerformanceWarning: DataFrame is highly fragmented.  This is usually the result of calling `frame.insert` many times, which has poor performance.  Consider joining all columns at once using pd.concat(axis=1) instead. To get a de-fragmented frame, use `newframe = frame.copy()`
  out[f"feat_{i}"] = df[f"f{i}"]
/home/lilith/work/zen/zensim/scripts/v_next/train_v_next_mlp.py:133: PerformanceWarning: DataFrame is highly fragmented.  This is usually the result of calling `frame.insert` many times, which has poor performance.  Consider joining all columns at once using pd.concat(axis=1) instead. To get a de-fragmented frame, use `newframe = frame.copy()`
  out[f"feat_{i}"] = df[f"f{i}"]
/home/lilith/work/zen/zensim/scripts/v_next/train_v_next_mlp.py:133: PerformanceWarning: DataFrame is highly fragmented.  This is usually the result of calling `frame.insert` many times, which has poor performance.  Consider joining all columns at once using pd.concat(axis=1) instead. To get a de-fragmented frame, use `newframe = frame.copy()`
  out[f"feat_{i}"] = df[f"f{i}"]
/home/lilith/work/zen/zensim/scripts/v_next/train_v_next_mlp.py:133: PerformanceWarning: DataFrame is highly fragmented.  This is usually the result of calling `frame.insert` many times, which has poor performance.  Consider joining all columns at once using pd.concat(axis=1) instead. To get a de-fragmented frame, use `newframe = frame.copy()`
  out[f"feat_{i}"] = df[f"f{i}"]
/home/lilith/work/zen/zensim/scripts/v_next/train_v_next_mlp.py:133: PerformanceWarning: DataFrame is highly fragmented.  This is usually the result of calling `frame.insert` many times, which has poor performance.  Consider joining all columns at once using pd.concat(axis=1) instead. To get a de-fragmented frame, use `newframe = frame.copy()`
  out[f"feat_{i}"] = df[f"f{i}"]
/home/lilith/work/zen/zensim/scripts/v_next/train_v_next_mlp.py:133: PerformanceWarning: DataFrame is highly fragmented.  This is usually the result of calling `frame.insert` many times, which has poor performance.  Consider joining all columns at once using pd.concat(axis=1) instead. To get a de-fragmented frame, use `newframe = frame.copy()`
  out[f"feat_{i}"] = df[f"f{i}"]
/home/lilith/work/zen/zensim/scripts/v_next/train_v_next_mlp.py:133: PerformanceWarning: DataFrame is highly fragmented.  This is usually the result of calling `frame.insert` many times, which has poor performance.  Consider joining all columns at once using pd.concat(axis=1) instead. To get a de-fragmented frame, use `newframe = frame.copy()`
  out[f"feat_{i}"] = df[f"f{i}"]
/home/lilith/work/zen/zensim/scripts/v_next/train_v_next_mlp.py:133: PerformanceWarning: DataFrame is highly fragmented.  This is usually the result of calling `frame.insert` many times, which has poor performance.  Consider joining all columns at once using pd.concat(axis=1) instead. To get a de-fragmented frame, use `newframe = frame.copy()`
  out[f"feat_{i}"] = df[f"f{i}"]
/home/lilith/work/zen/zensim/scripts/v_next/train_v_next_mlp.py:133: PerformanceWarning: DataFrame is highly fragmented.  This is usually the result of calling `frame.insert` many times, which has poor performance.  Consider joining all columns at once using pd.concat(axis=1) instead. To get a de-fragmented frame, use `newframe = frame.copy()`
  out[f"feat_{i}"] = df[f"f{i}"]
/home/lilith/work/zen/zensim/scripts/v_next/train_v_next_mlp.py:133: PerformanceWarning: DataFrame is highly fragmented.  This is usually the result of calling `frame.insert` many times, which has poor performance.  Consider joining all columns at once using pd.concat(axis=1) instead. To get a de-fragmented frame, use `newframe = frame.copy()`
  out[f"feat_{i}"] = df[f"f{i}"]
/home/lilith/work/zen/zensim/scripts/v_next/train_v_next_mlp.py:133: PerformanceWarning: DataFrame is highly fragmented.  This is usually the result of calling `frame.insert` many times, which has poor performance.  Consider joining all columns at once using pd.concat(axis=1) instead. To get a de-fragmented frame, use `newframe = frame.copy()`
  out[f"feat_{i}"] = df[f"f{i}"]
/home/lilith/work/zen/zensim/scripts/v_next/train_v_next_mlp.py:133: PerformanceWarning: DataFrame is highly fragmented.  This is usually the result of calling `frame.insert` many times, which has poor performance.  Consider joining all columns at once using pd.concat(axis=1) instead. To get a de-fragmented frame, use `newframe = frame.copy()`
  out[f"feat_{i}"] = df[f"f{i}"]
/home/lilith/work/zen/zensim/scripts/v_next/train_v_next_mlp.py:133: PerformanceWarning: DataFrame is highly fragmented.  This is usually the result of calling `frame.insert` many times, which has poor performance.  Consider joining all columns at once using pd.concat(axis=1) instead. To get a de-fragmented frame, use `newframe = frame.copy()`
  out[f"feat_{i}"] = df[f"f{i}"]
/home/lilith/work/zen/zensim/scripts/v_next/train_v_next_mlp.py:133: PerformanceWarning: DataFrame is highly fragmented.  This is usually the result of calling `frame.insert` many times, which has poor performance.  Consider joining all columns at once using pd.concat(axis=1) instead. To get a de-fragmented frame, use `newframe = frame.copy()`
  out[f"feat_{i}"] = df[f"f{i}"]
/home/lilith/work/zen/zensim/scripts/v_next/train_v_next_mlp.py:133: PerformanceWarning: DataFrame is highly fragmented.  This is usually the result of calling `frame.insert` many times, which has poor performance.  Consider joining all columns at once using pd.concat(axis=1) instead. To get a de-fragmented frame, use `newframe = frame.copy()`
  out[f"feat_{i}"] = df[f"f{i}"]
/home/lilith/work/zen/zensim/scripts/v_next/train_v_next_mlp.py:133: PerformanceWarning: DataFrame is highly fragmented.  This is usually the result of calling `frame.insert` many times, which has poor performance.  Consider joining all columns at once using pd.concat(axis=1) instead. To get a de-fragmented frame, use `newframe = frame.copy()`
  out[f"feat_{i}"] = df[f"f{i}"]
/home/lilith/work/zen/zensim/scripts/v_next/train_v_next_mlp.py:133: PerformanceWarning: DataFrame is highly fragmented.  This is usually the result of calling `frame.insert` many times, which has poor performance.  Consider joining all columns at once using pd.concat(axis=1) instead. To get a de-fragmented frame, use `newframe = frame.copy()`
  out[f"feat_{i}"] = df[f"f{i}"]
/home/lilith/work/zen/zensim/scripts/v_next/train_v_next_mlp.py:133: PerformanceWarning: DataFrame is highly fragmented.  This is usually the result of calling `frame.insert` many times, which has poor performance.  Consider joining all columns at once using pd.concat(axis=1) instead. To get a de-fragmented frame, use `newframe = frame.copy()`
  out[f"feat_{i}"] = df[f"f{i}"]
/home/lilith/work/zen/zensim/scripts/v_next/train_v_next_mlp.py:133: PerformanceWarning: DataFrame is highly fragmented.  This is usually the result of calling `frame.insert` many times, which has poor performance.  Consider joining all columns at once using pd.concat(axis=1) instead. To get a de-fragmented frame, use `newframe = frame.copy()`
  out[f"feat_{i}"] = df[f"f{i}"]
/home/lilith/work/zen/zensim/scripts/v_next/train_v_next_mlp.py:133: PerformanceWarning: DataFrame is highly fragmented.  This is usually the result of calling `frame.insert` many times, which has poor performance.  Consider joining all columns at once using pd.concat(axis=1) instead. To get a de-fragmented frame, use `newframe = frame.copy()`
  out[f"feat_{i}"] = df[f"f{i}"]
/home/lilith/work/zen/zensim/scripts/v_next/train_v_next_mlp.py:133: PerformanceWarning: DataFrame is highly fragmented.  This is usually the result of calling `frame.insert` many times, which has poor performance.  Consider joining all columns at once using pd.concat(axis=1) instead. To get a de-fragmented frame, use `newframe = frame.copy()`
  out[f"feat_{i}"] = df[f"f{i}"]
/home/lilith/work/zen/zensim/scripts/v_next/train_v_next_mlp.py:133: PerformanceWarning: DataFrame is highly fragmented.  This is usually the result of calling `frame.insert` many times, which has poor performance.  Consider joining all columns at once using pd.concat(axis=1) instead. To get a de-fragmented frame, use `newframe = frame.copy()`
  out[f"feat_{i}"] = df[f"f{i}"]
/home/lilith/work/zen/zensim/scripts/v_next/train_v_next_mlp.py:133: PerformanceWarning: DataFrame is highly fragmented.  This is usually the result of calling `frame.insert` many times, which has poor performance.  Consider joining all columns at once using pd.concat(axis=1) instead. To get a de-fragmented frame, use `newframe = frame.copy()`
  out[f"feat_{i}"] = df[f"f{i}"]
/home/lilith/work/zen/zensim/scripts/v_next/train_v_next_mlp.py:133: PerformanceWarning: DataFrame is highly fragmented.  This is usually the result of calling `frame.insert` many times, which has poor performance.  Consider joining all columns at once using pd.concat(axis=1) instead. To get a de-fragmented frame, use `newframe = frame.copy()`
  out[f"feat_{i}"] = df[f"f{i}"]
/home/lilith/work/zen/zensim/scripts/v_next/train_v_next_mlp.py:133: PerformanceWarning: DataFrame is highly fragmented.  This is usually the result of calling `frame.insert` many times, which has poor performance.  Consider joining all columns at once using pd.concat(axis=1) instead. To get a de-fragmented frame, use `newframe = frame.copy()`
  out[f"feat_{i}"] = df[f"f{i}"]
/home/lilith/work/zen/zensim/scripts/v_next/train_v_next_mlp.py:133: PerformanceWarning: DataFrame is highly fragmented.  This is usually the result of calling `frame.insert` many times, which has poor performance.  Consider joining all columns at once using pd.concat(axis=1) instead. To get a de-fragmented frame, use `newframe = frame.copy()`
  out[f"feat_{i}"] = df[f"f{i}"]
/home/lilith/work/zen/zensim/scripts/v_next/train_v_next_mlp.py:133: PerformanceWarning: DataFrame is highly fragmented.  This is usually the result of calling `frame.insert` many times, which has poor performance.  Consider joining all columns at once using pd.concat(axis=1) instead. To get a de-fragmented frame, use `newframe = frame.copy()`
  out[f"feat_{i}"] = df[f"f{i}"]
/home/lilith/work/zen/zensim/scripts/v_next/train_v_next_mlp.py:133: PerformanceWarning: DataFrame is highly fragmented.  This is usually the result of calling `frame.insert` many times, which has poor performance.  Consider joining all columns at once using pd.concat(axis=1) instead. To get a de-fragmented frame, use `newframe = frame.copy()`
  out[f"feat_{i}"] = df[f"f{i}"]
/home/lilith/work/zen/zensim/scripts/v_next/train_v_next_mlp.py:133: PerformanceWarning: DataFrame is highly fragmented.  This is usually the result of calling `frame.insert` many times, which has poor performance.  Consider joining all columns at once using pd.concat(axis=1) instead. To get a de-fragmented frame, use `newframe = frame.copy()`
  out[f"feat_{i}"] = df[f"f{i}"]
/home/lilith/work/zen/zensim/scripts/v_next/train_v_next_mlp.py:133: PerformanceWarning: DataFrame is highly fragmented.  This is usually the result of calling `frame.insert` many times, which has poor performance.  Consider joining all columns at once using pd.concat(axis=1) instead. To get a de-fragmented frame, use `newframe = frame.copy()`
  out[f"feat_{i}"] = df[f"f{i}"]
/home/lilith/work/zen/zensim/scripts/v_next/train_v_next_mlp.py:133: PerformanceWarning: DataFrame is highly fragmented.  This is usually the result of calling `frame.insert` many times, which has poor performance.  Consider joining all columns at once using pd.concat(axis=1) instead. To get a de-fragmented frame, use `newframe = frame.copy()`
  out[f"feat_{i}"] = df[f"f{i}"]
/home/lilith/work/zen/zensim/scripts/v_next/train_v_next_mlp.py:133: PerformanceWarning: DataFrame is highly fragmented.  This is usually the result of calling `frame.insert` many times, which has poor performance.  Consider joining all columns at once using pd.concat(axis=1) instead. To get a de-fragmented frame, use `newframe = frame.copy()`
  out[f"feat_{i}"] = df[f"f{i}"]
/home/lilith/work/zen/zensim/scripts/v_next/train_v_next_mlp.py:133: PerformanceWarning: DataFrame is highly fragmented.  This is usually the result of calling `frame.insert` many times, which has poor performance.  Consider joining all columns at once using pd.concat(axis=1) instead. To get a de-fragmented frame, use `newframe = frame.copy()`
  out[f"feat_{i}"] = df[f"f{i}"]
/home/lilith/work/zen/zensim/scripts/v_next/train_v_next_mlp.py:133: PerformanceWarning: DataFrame is highly fragmented.  This is usually the result of calling `frame.insert` many times, which has poor performance.  Consider joining all columns at once using pd.concat(axis=1) instead. To get a de-fragmented frame, use `newframe = frame.copy()`
  out[f"feat_{i}"] = df[f"f{i}"]
/home/lilith/work/zen/zensim/scripts/v_next/train_v_next_mlp.py:133: PerformanceWarning: DataFrame is highly fragmented.  This is usually the result of calling `frame.insert` many times, which has poor performance.  Consider joining all columns at once using pd.concat(axis=1) instead. To get a de-fragmented frame, use `newframe = frame.copy()`
  out[f"feat_{i}"] = df[f"f{i}"]
/home/lilith/work/zen/zensim/scripts/v_next/train_v_next_mlp.py:133: PerformanceWarning: DataFrame is highly fragmented.  This is usually the result of calling `frame.insert` many times, which has poor performance.  Consider joining all columns at once using pd.concat(axis=1) instead. To get a de-fragmented frame, use `newframe = frame.copy()`
  out[f"feat_{i}"] = df[f"f{i}"]
/home/lilith/work/zen/zensim/scripts/v_next/train_v_next_mlp.py:133: PerformanceWarning: DataFrame is highly fragmented.  This is usually the result of calling `frame.insert` many times, which has poor performance.  Consider joining all columns at once using pd.concat(axis=1) instead. To get a de-fragmented frame, use `newframe = frame.copy()`
  out[f"feat_{i}"] = df[f"f{i}"]
/home/lilith/work/zen/zensim/scripts/v_next/train_v_next_mlp.py:133: PerformanceWarning: DataFrame is highly fragmented.  This is usually the result of calling `frame.insert` many times, which has poor performance.  Consider joining all columns at once using pd.concat(axis=1) instead. To get a de-fragmented frame, use `newframe = frame.copy()`
  out[f"feat_{i}"] = df[f"f{i}"]
/home/lilith/work/zen/zensim/scripts/v_next/train_v_next_mlp.py:133: PerformanceWarning: DataFrame is highly fragmented.  This is usually the result of calling `frame.insert` many times, which has poor performance.  Consider joining all columns at once using pd.concat(axis=1) instead. To get a de-fragmented frame, use `newframe = frame.copy()`
  out[f"feat_{i}"] = df[f"f{i}"]
/home/lilith/work/zen/zensim/scripts/v_next/train_v_next_mlp.py:133: PerformanceWarning: DataFrame is highly fragmented.  This is usually the result of calling `frame.insert` many times, which has poor performance.  Consider joining all columns at once using pd.concat(axis=1) instead. To get a de-fragmented frame, use `newframe = frame.copy()`
  out[f"feat_{i}"] = df[f"f{i}"]
/home/lilith/work/zen/zensim/scripts/v_next/train_v_next_mlp.py:133: PerformanceWarning: DataFrame is highly fragmented.  This is usually the result of calling `frame.insert` many times, which has poor performance.  Consider joining all columns at once using pd.concat(axis=1) instead. To get a de-fragmented frame, use `newframe = frame.copy()`
  out[f"feat_{i}"] = df[f"f{i}"]
/home/lilith/work/zen/zensim/scripts/v_next/train_v_next_mlp.py:133: PerformanceWarning: DataFrame is highly fragmented.  This is usually the result of calling `frame.insert` many times, which has poor performance.  Consider joining all columns at once using pd.concat(axis=1) instead. To get a de-fragmented frame, use `newframe = frame.copy()`
  out[f"feat_{i}"] = df[f"f{i}"]
/home/lilith/work/zen/zensim/scripts/v_next/train_v_next_mlp.py:133: PerformanceWarning: DataFrame is highly fragmented.  This is usually the result of calling `frame.insert` many times, which has poor performance.  Consider joining all columns at once using pd.concat(axis=1) instead. To get a de-fragmented frame, use `newframe = frame.copy()`
  out[f"feat_{i}"] = df[f"f{i}"]
/home/lilith/work/zen/zensim/scripts/v_next/train_v_next_mlp.py:133: PerformanceWarning: DataFrame is highly fragmented.  This is usually the result of calling `frame.insert` many times, which has poor performance.  Consider joining all columns at once using pd.concat(axis=1) instead. To get a de-fragmented frame, use `newframe = frame.copy()`
  out[f"feat_{i}"] = df[f"f{i}"]
/home/lilith/work/zen/zensim/scripts/v_next/train_v_next_mlp.py:133: PerformanceWarning: DataFrame is highly fragmented.  This is usually the result of calling `frame.insert` many times, which has poor performance.  Consider joining all columns at once using pd.concat(axis=1) instead. To get a de-fragmented frame, use `newframe = frame.copy()`
  out[f"feat_{i}"] = df[f"f{i}"]
/home/lilith/work/zen/zensim/scripts/v_next/train_v_next_mlp.py:133: PerformanceWarning: DataFrame is highly fragmented.  This is usually the result of calling `frame.insert` many times, which has poor performance.  Consider joining all columns at once using pd.concat(axis=1) instead. To get a de-fragmented frame, use `newframe = frame.copy()`
  out[f"feat_{i}"] = df[f"f{i}"]
/home/lilith/work/zen/zensim/scripts/v_next/train_v_next_mlp.py:133: PerformanceWarning: DataFrame is highly fragmented.  This is usually the result of calling `frame.insert` many times, which has poor performance.  Consider joining all columns at once using pd.concat(axis=1) instead. To get a de-fragmented frame, use `newframe = frame.copy()`
  out[f"feat_{i}"] = df[f"f{i}"]
/home/lilith/work/zen/zensim/scripts/v_next/train_v_next_mlp.py:133: PerformanceWarning: DataFrame is highly fragmented.  This is usually the result of calling `frame.insert` many times, which has poor performance.  Consider joining all columns at once using pd.concat(axis=1) instead. To get a de-fragmented frame, use `newframe = frame.copy()`
  out[f"feat_{i}"] = df[f"f{i}"]
/home/lilith/work/zen/zensim/scripts/v_next/train_v_next_mlp.py:149: PerformanceWarning: DataFrame is highly fragmented.  This is usually the result of calling `frame.insert` many times, which has poor performance.  Consider joining all columns at once using pd.concat(axis=1) instead. To get a de-fragmented frame, use `newframe = frame.copy()`
  out["is_val_only"] = out["image_basename"].isin(val_refs)
/home/lilith/work/zen/zensim/scripts/v_next/train_v_next_mlp.py:150: PerformanceWarning: DataFrame is highly fragmented.  This is usually the result of calling `frame.insert` many times, which has poor performance.  Consider joining all columns at once using pd.concat(axis=1) instead. To get a de-fragmented frame, use `newframe = frame.copy()`
  out["train_weight"] = np.where(out["is_val_only"], 0.0, train_weight)
/home/lilith/work/zen/zensim/scripts/v_next/train_v_next_mlp.py:151: PerformanceWarning: DataFrame is highly fragmented.  This is usually the result of calling `frame.insert` many times, which has poor performance.  Consider joining all columns at once using pd.concat(axis=1) instead. To get a de-fragmented frame, use `newframe = frame.copy()`
  out["dataset"] = dataset_name
/home/lilith/work/zen/zensim/scripts/v_next/train_v_next_mlp.py:152: PerformanceWarning: DataFrame is highly fragmented.  This is usually the result of calling `frame.insert` many times, which has poor performance.  Consider joining all columns at once using pd.concat(axis=1) instead. To get a de-fragmented frame, use `newframe = frame.copy()`
  out["target_human"] = score_100  # explicit copy for V0_6 ranknet groups
  218,089 rows, 3579 unique refs (val=895 val_only refs); train_w=1.0, loaded in 4.7s
Loading kadid kadid_features.csv...
/home/lilith/work/zen/zensim/scripts/v_next/train_v_next_mlp.py:133: PerformanceWarning: DataFrame is highly fragmented.  This is usually the result of calling `frame.insert` many times, which has poor performance.  Consider joining all columns at once using pd.concat(axis=1) instead. To get a de-fragmented frame, use `newframe = frame.copy()`
  out[f"feat_{i}"] = df[f"f{i}"]
/home/lilith/work/zen/zensim/scripts/v_next/train_v_next_mlp.py:133: PerformanceWarning: DataFrame is highly fragmented.  This is usually the result of calling `frame.insert` many times, which has poor performance.  Consider joining all columns at once using pd.concat(axis=1) instead. To get a de-fragmented frame, use `newframe = frame.copy()`
  out[f"feat_{i}"] = df[f"f{i}"]
/home/lilith/work/zen/zensim/scripts/v_next/train_v_next_mlp.py:133: PerformanceWarning: DataFrame is highly fragmented.  This is usually the result of calling `frame.insert` many times, which has poor performance.  Consider joining all columns at once using pd.concat(axis=1) instead. To get a de-fragmented frame, use `newframe = frame.copy()`
  out[f"feat_{i}"] = df[f"f{i}"]
/home/lilith/work/zen/zensim/scripts/v_next/train_v_next_mlp.py:133: PerformanceWarning: DataFrame is highly fragmented.  This is usually the result of calling `frame.insert` many times, which has poor performance.  Consider joining all columns at once using pd.concat(axis=1) instead. To get a de-fragmented frame, use `newframe = frame.copy()`
  out[f"feat_{i}"] = df[f"f{i}"]
/home/lilith/work/zen/zensim/scripts/v_next/train_v_next_mlp.py:133: PerformanceWarning: DataFrame is highly fragmented.  This is usually the result of calling `frame.insert` many times, which has poor performance.  Consider joining all columns at once using pd.concat(axis=1) instead. To get a de-fragmented frame, use `newframe = frame.copy()`
  out[f"feat_{i}"] = df[f"f{i}"]
/home/lilith/work/zen/zensim/scripts/v_next/train_v_next_mlp.py:133: PerformanceWarning: DataFrame is highly fragmented.  This is usually the result of calling `frame.insert` many times, which has poor performance.  Consider joining all columns at once using pd.concat(axis=1) instead. To get a de-fragmented frame, use `newframe = frame.copy()`
  out[f"feat_{i}"] = df[f"f{i}"]
/home/lilith/work/zen/zensim/scripts/v_next/train_v_next_mlp.py:133: PerformanceWarning: DataFrame is highly fragmented.  This is usually the result of calling `frame.insert` many times, which has poor performance.  Consider joining all columns at once using pd.concat(axis=1) instead. To get a de-fragmented frame, use `newframe = frame.copy()`
  out[f"feat_{i}"] = df[f"f{i}"]
/home/lilith/work/zen/zensim/scripts/v_next/train_v_next_mlp.py:133: PerformanceWarning: DataFrame is highly fragmented.  This is usually the result of calling `frame.insert` many times, which has poor performance.  Consider joining all columns at once using pd.concat(axis=1) instead. To get a de-fragmented frame, use `newframe = frame.copy()`
  out[f"feat_{i}"] = df[f"f{i}"]
/home/lilith/work/zen/zensim/scripts/v_next/train_v_next_mlp.py:133: PerformanceWarning: DataFrame is highly fragmented.  This is usually the result of calling `frame.insert` many times, which has poor performance.  Consider joining all columns at once using pd.concat(axis=1) instead. To get a de-fragmented frame, use `newframe = frame.copy()`
  out[f"feat_{i}"] = df[f"f{i}"]
/home/lilith/work/zen/zensim/scripts/v_next/train_v_next_mlp.py:133: PerformanceWarning: DataFrame is highly fragmented.  This is usually the result of calling `frame.insert` many times, which has poor performance.  Consider joining all columns at once using pd.concat(axis=1) instead. To get a de-fragmented frame, use `newframe = frame.copy()`
  out[f"feat_{i}"] = df[f"f{i}"]
/home/lilith/work/zen/zensim/scripts/v_next/train_v_next_mlp.py:133: PerformanceWarning: DataFrame is highly fragmented.  This is usually the result of calling `frame.insert` many times, which has poor performance.  Consider joining all columns at once using pd.concat(axis=1) instead. To get a de-fragmented frame, use `newframe = frame.copy()`
  out[f"feat_{i}"] = df[f"f{i}"]
/home/lilith/work/zen/zensim/scripts/v_next/train_v_next_mlp.py:133: PerformanceWarning: DataFrame is highly fragmented.  This is usually the result of calling `frame.insert` many times, which has poor performance.  Consider joining all columns at once using pd.concat(axis=1) instead. To get a de-fragmented frame, use `newframe = frame.copy()`
  out[f"feat_{i}"] = df[f"f{i}"]
/home/lilith/work/zen/zensim/scripts/v_next/train_v_next_mlp.py:133: PerformanceWarning: DataFrame is highly fragmented.  This is usually the result of calling `frame.insert` many times, which has poor performance.  Consider joining all columns at once using pd.concat(axis=1) instead. To get a de-fragmented frame, use `newframe = frame.copy()`
  out[f"feat_{i}"] = df[f"f{i}"]
/home/lilith/work/zen/zensim/scripts/v_next/train_v_next_mlp.py:133: PerformanceWarning: DataFrame is highly fragmented.  This is usually the result of calling `frame.insert` many times, which has poor performance.  Consider joining all columns at once using pd.concat(axis=1) instead. To get a de-fragmented frame, use `newframe = frame.copy()`
  out[f"feat_{i}"] = df[f"f{i}"]
/home/lilith/work/zen/zensim/scripts/v_next/train_v_next_mlp.py:133: PerformanceWarning: DataFrame is highly fragmented.  This is usually the result of calling `frame.insert` many times, which has poor performance.  Consider joining all columns at once using pd.concat(axis=1) instead. To get a de-fragmented frame, use `newframe = frame.copy()`
  out[f"feat_{i}"] = df[f"f{i}"]
/home/lilith/work/zen/zensim/scripts/v_next/train_v_next_mlp.py:133: PerformanceWarning: DataFrame is highly fragmented.  This is usually the result of calling `frame.insert` many times, which has poor performance.  Consider joining all columns at once using pd.concat(axis=1) instead. To get a de-fragmented frame, use `newframe = frame.copy()`
  out[f"feat_{i}"] = df[f"f{i}"]
/home/lilith/work/zen/zensim/scripts/v_next/train_v_next_mlp.py:133: PerformanceWarning: DataFrame is highly fragmented.  This is usually the result of calling `frame.insert` many times, which has poor performance.  Consider joining all columns at once using pd.concat(axis=1) instead. To get a de-fragmented frame, use `newframe = frame.copy()`
  out[f"feat_{i}"] = df[f"f{i}"]
/home/lilith/work/zen/zensim/scripts/v_next/train_v_next_mlp.py:133: PerformanceWarning: DataFrame is highly fragmented.  This is usually the result of calling `frame.insert` many times, which has poor performance.  Consider joining all columns at once using pd.concat(axis=1) instead. To get a de-fragmented frame, use `newframe = frame.copy()`
  out[f"feat_{i}"] = df[f"f{i}"]
/home/lilith/work/zen/zensim/scripts/v_next/train_v_next_mlp.py:133: PerformanceWarning: DataFrame is highly fragmented.  This is usually the result of calling `frame.insert` many times, which has poor performance.  Consider joining all columns at once using pd.concat(axis=1) instead. To get a de-fragmented frame, use `newframe = frame.copy()`
  out[f"feat_{i}"] = df[f"f{i}"]
/home/lilith/work/zen/zensim/scripts/v_next/train_v_next_mlp.py:133: PerformanceWarning: DataFrame is highly fragmented.  This is usually the result of calling `frame.insert` many times, which has poor performance.  Consider joining all columns at once using pd.concat(axis=1) instead. To get a de-fragmented frame, use `newframe = frame.copy()`
  out[f"feat_{i}"] = df[f"f{i}"]
/home/lilith/work/zen/zensim/scripts/v_next/train_v_next_mlp.py:133: PerformanceWarning: DataFrame is highly fragmented.  This is usually the result of calling `frame.insert` many times, which has poor performance.  Consider joining all columns at once using pd.concat(axis=1) instead. To get a de-fragmented frame, use `newframe = frame.copy()`
  out[f"feat_{i}"] = df[f"f{i}"]
/home/lilith/work/zen/zensim/scripts/v_next/train_v_next_mlp.py:133: PerformanceWarning: DataFrame is highly fragmented.  This is usually the result of calling `frame.insert` many times, which has poor performance.  Consider joining all columns at once using pd.concat(axis=1) instead. To get a de-fragmented frame, use `newframe = frame.copy()`
  out[f"feat_{i}"] = df[f"f{i}"]
/home/lilith/work/zen/zensim/scripts/v_next/train_v_next_mlp.py:133: PerformanceWarning: DataFrame is highly fragmented.  This is usually the result of calling `frame.insert` many times, which has poor performance.  Consider joining all columns at once using pd.concat(axis=1) instead. To get a de-fragmented frame, use `newframe = frame.copy()`
  out[f"feat_{i}"] = df[f"f{i}"]
/home/lilith/work/zen/zensim/scripts/v_next/train_v_next_mlp.py:133: PerformanceWarning: DataFrame is highly fragmented.  This is usually the result of calling `frame.insert` many times, which has poor performance.  Consider joining all columns at once using pd.concat(axis=1) instead. To get a de-fragmented frame, use `newframe = frame.copy()`
  out[f"feat_{i}"] = df[f"f{i}"]
/home/lilith/work/zen/zensim/scripts/v_next/train_v_next_mlp.py:133: PerformanceWarning: DataFrame is highly fragmented.  This is usually the result of calling `frame.insert` many times, which has poor performance.  Consider joining all columns at once using pd.concat(axis=1) instead. To get a de-fragmented frame, use `newframe = frame.copy()`
  out[f"feat_{i}"] = df[f"f{i}"]
/home/lilith/work/zen/zensim/scripts/v_next/train_v_next_mlp.py:133: PerformanceWarning: DataFrame is highly fragmented.  This is usually the result of calling `frame.insert` many times, which has poor performance.  Consider joining all columns at once using pd.concat(axis=1) instead. To get a de-fragmented frame, use `newframe = frame.copy()`
  out[f"feat_{i}"] = df[f"f{i}"]
/home/lilith/work/zen/zensim/scripts/v_next/train_v_next_mlp.py:133: PerformanceWarning: DataFrame is highly fragmented.  This is usually the result of calling `frame.insert` many times, which has poor performance.  Consider joining all columns at once using pd.concat(axis=1) instead. To get a de-fragmented frame, use `newframe = frame.copy()`
  out[f"feat_{i}"] = df[f"f{i}"]
/home/lilith/work/zen/zensim/scripts/v_next/train_v_next_mlp.py:133: PerformanceWarning: DataFrame is highly fragmented.  This is usually the result of calling `frame.insert` many times, which has poor performance.  Consider joining all columns at once using pd.concat(axis=1) instead. To get a de-fragmented frame, use `newframe = frame.copy()`
  out[f"feat_{i}"] = df[f"f{i}"]
/home/lilith/work/zen/zensim/scripts/v_next/train_v_next_mlp.py:133: PerformanceWarning: DataFrame is highly fragmented.  This is usually the result of calling `frame.insert` many times, which has poor performance.  Consider joining all columns at once using pd.concat(axis=1) instead. To get a de-fragmented frame, use `newframe = frame.copy()`
  out[f"feat_{i}"] = df[f"f{i}"]
/home/lilith/work/zen/zensim/scripts/v_next/train_v_next_mlp.py:133: PerformanceWarning: DataFrame is highly fragmented.  This is usually the result of calling `frame.insert` many times, which has poor performance.  Consider joining all columns at once using pd.concat(axis=1) instead. To get a de-fragmented frame, use `newframe = frame.copy()`
  out[f"feat_{i}"] = df[f"f{i}"]
/home/lilith/work/zen/zensim/scripts/v_next/train_v_next_mlp.py:133: PerformanceWarning: DataFrame is highly fragmented.  This is usually the result of calling `frame.insert` many times, which has poor performance.  Consider joining all columns at once using pd.concat(axis=1) instead. To get a de-fragmented frame, use `newframe = frame.copy()`
  out[f"feat_{i}"] = df[f"f{i}"]
/home/lilith/work/zen/zensim/scripts/v_next/train_v_next_mlp.py:133: PerformanceWarning: DataFrame is highly fragmented.  This is usually the result of calling `frame.insert` many times, which has poor performance.  Consider joining all columns at once using pd.concat(axis=1) instead. To get a de-fragmented frame, use `newframe = frame.copy()`
  out[f"feat_{i}"] = df[f"f{i}"]
/home/lilith/work/zen/zensim/scripts/v_next/train_v_next_mlp.py:133: PerformanceWarning: DataFrame is highly fragmented.  This is usually the result of calling `frame.insert` many times, which has poor performance.  Consider joining all columns at once using pd.concat(axis=1) instead. To get a de-fragmented frame, use `newframe = frame.copy()`
  out[f"feat_{i}"] = df[f"f{i}"]
/home/lilith/work/zen/zensim/scripts/v_next/train_v_next_mlp.py:133: PerformanceWarning: DataFrame is highly fragmented.  This is usually the result of calling `frame.insert` many times, which has poor performance.  Consider joining all columns at once using pd.concat(axis=1) instead. To get a de-fragmented frame, use `newframe = frame.copy()`
  out[f"feat_{i}"] = df[f"f{i}"]
/home/lilith/work/zen/zensim/scripts/v_next/train_v_next_mlp.py:133: PerformanceWarning: DataFrame is highly fragmented.  This is usually the result of calling `frame.insert` many times, which has poor performance.  Consider joining all columns at once using pd.concat(axis=1) instead. To get a de-fragmented frame, use `newframe = frame.copy()`
  out[f"feat_{i}"] = df[f"f{i}"]
/home/lilith/work/zen/zensim/scripts/v_next/train_v_next_mlp.py:133: PerformanceWarning: DataFrame is highly fragmented.  This is usually the result of calling `frame.insert` many times, which has poor performance.  Consider joining all columns at once using pd.concat(axis=1) instead. To get a de-fragmented frame, use `newframe = frame.copy()`
  out[f"feat_{i}"] = df[f"f{i}"]
/home/lilith/work/zen/zensim/scripts/v_next/train_v_next_mlp.py:133: PerformanceWarning: DataFrame is highly fragmented.  This is usually the result of calling `frame.insert` many times, which has poor performance.  Consider joining all columns at once using pd.concat(axis=1) instead. To get a de-fragmented frame, use `newframe = frame.copy()`
  out[f"feat_{i}"] = df[f"f{i}"]
/home/lilith/work/zen/zensim/scripts/v_next/train_v_next_mlp.py:133: PerformanceWarning: DataFrame is highly fragmented.  This is usually the result of calling `frame.insert` many times, which has poor performance.  Consider joining all columns at once using pd.concat(axis=1) instead. To get a de-fragmented frame, use `newframe = frame.copy()`
  out[f"feat_{i}"] = df[f"f{i}"]
/home/lilith/work/zen/zensim/scripts/v_next/train_v_next_mlp.py:133: PerformanceWarning: DataFrame is highly fragmented.  This is usually the result of calling `frame.insert` many times, which has poor performance.  Consider joining all columns at once using pd.concat(axis=1) instead. To get a de-fragmented frame, use `newframe = frame.copy()`
  out[f"feat_{i}"] = df[f"f{i}"]
/home/lilith/work/zen/zensim/scripts/v_next/train_v_next_mlp.py:133: PerformanceWarning: DataFrame is highly fragmented.  This is usually the result of calling `frame.insert` many times, which has poor performance.  Consider joining all columns at once using pd.concat(axis=1) instead. To get a de-fragmented frame, use `newframe = frame.copy()`
  out[f"feat_{i}"] = df[f"f{i}"]
/home/lilith/work/zen/zensim/scripts/v_next/train_v_next_mlp.py:133: PerformanceWarning: DataFrame is highly fragmented.  This is usually the result of calling `frame.insert` many times, which has poor performance.  Consider joining all columns at once using pd.concat(axis=1) instead. To get a de-fragmented frame, use `newframe = frame.copy()`
  out[f"feat_{i}"] = df[f"f{i}"]
/home/lilith/work/zen/zensim/scripts/v_next/train_v_next_mlp.py:133: PerformanceWarning: DataFrame is highly fragmented.  This is usually the result of calling `frame.insert` many times, which has poor performance.  Consider joining all columns at once using pd.concat(axis=1) instead. To get a de-fragmented frame, use `newframe = frame.copy()`
  out[f"feat_{i}"] = df[f"f{i}"]
/home/lilith/work/zen/zensim/scripts/v_next/train_v_next_mlp.py:133: PerformanceWarning: DataFrame is highly fragmented.  This is usually the result of calling `frame.insert` many times, which has poor performance.  Consider joining all columns at once using pd.concat(axis=1) instead. To get a de-fragmented frame, use `newframe = frame.copy()`
  out[f"feat_{i}"] = df[f"f{i}"]
/home/lilith/work/zen/zensim/scripts/v_next/train_v_next_mlp.py:133: PerformanceWarning: DataFrame is highly fragmented.  This is usually the result of calling `frame.insert` many times, which has poor performance.  Consider joining all columns at once using pd.concat(axis=1) instead. To get a de-fragmented frame, use `newframe = frame.copy()`
  out[f"feat_{i}"] = df[f"f{i}"]
/home/lilith/work/zen/zensim/scripts/v_next/train_v_next_mlp.py:133: PerformanceWarning: DataFrame is highly fragmented.  This is usually the result of calling `frame.insert` many times, which has poor performance.  Consider joining all columns at once using pd.concat(axis=1) instead. To get a de-fragmented frame, use `newframe = frame.copy()`
  out[f"feat_{i}"] = df[f"f{i}"]
/home/lilith/work/zen/zensim/scripts/v_next/train_v_next_mlp.py:133: PerformanceWarning: DataFrame is highly fragmented.  This is usually the result of calling `frame.insert` many times, which has poor performance.  Consider joining all columns at once using pd.concat(axis=1) instead. To get a de-fragmented frame, use `newframe = frame.copy()`
  out[f"feat_{i}"] = df[f"f{i}"]
/home/lilith/work/zen/zensim/scripts/v_next/train_v_next_mlp.py:133: PerformanceWarning: DataFrame is highly fragmented.  This is usually the result of calling `frame.insert` many times, which has poor performance.  Consider joining all columns at once using pd.concat(axis=1) instead. To get a de-fragmented frame, use `newframe = frame.copy()`
  out[f"feat_{i}"] = df[f"f{i}"]
/home/lilith/work/zen/zensim/scripts/v_next/train_v_next_mlp.py:133: PerformanceWarning: DataFrame is highly fragmented.  This is usually the result of calling `frame.insert` many times, which has poor performance.  Consider joining all columns at once using pd.concat(axis=1) instead. To get a de-fragmented frame, use `newframe = frame.copy()`
  out[f"feat_{i}"] = df[f"f{i}"]
/home/lilith/work/zen/zensim/scripts/v_next/train_v_next_mlp.py:133: PerformanceWarning: DataFrame is highly fragmented.  This is usually the result of calling `frame.insert` many times, which has poor performance.  Consider joining all columns at once using pd.concat(axis=1) instead. To get a de-fragmented frame, use `newframe = frame.copy()`
  out[f"feat_{i}"] = df[f"f{i}"]
/home/lilith/work/zen/zensim/scripts/v_next/train_v_next_mlp.py:133: PerformanceWarning: DataFrame is highly fragmented.  This is usually the result of calling `frame.insert` many times, which has poor performance.  Consider joining all columns at once using pd.concat(axis=1) instead. To get a de-fragmented frame, use `newframe = frame.copy()`
  out[f"feat_{i}"] = df[f"f{i}"]
/home/lilith/work/zen/zensim/scripts/v_next/train_v_next_mlp.py:133: PerformanceWarning: DataFrame is highly fragmented.  This is usually the result of calling `frame.insert` many times, which has poor performance.  Consider joining all columns at once using pd.concat(axis=1) instead. To get a de-fragmented frame, use `newframe = frame.copy()`
  out[f"feat_{i}"] = df[f"f{i}"]
/home/lilith/work/zen/zensim/scripts/v_next/train_v_next_mlp.py:133: PerformanceWarning: DataFrame is highly fragmented.  This is usually the result of calling `frame.insert` many times, which has poor performance.  Consider joining all columns at once using pd.concat(axis=1) instead. To get a de-fragmented frame, use `newframe = frame.copy()`
  out[f"feat_{i}"] = df[f"f{i}"]
/home/lilith/work/zen/zensim/scripts/v_next/train_v_next_mlp.py:133: PerformanceWarning: DataFrame is highly fragmented.  This is usually the result of calling `frame.insert` many times, which has poor performance.  Consider joining all columns at once using pd.concat(axis=1) instead. To get a de-fragmented frame, use `newframe = frame.copy()`
  out[f"feat_{i}"] = df[f"f{i}"]
/home/lilith/work/zen/zensim/scripts/v_next/train_v_next_mlp.py:133: PerformanceWarning: DataFrame is highly fragmented.  This is usually the result of calling `frame.insert` many times, which has poor performance.  Consider joining all columns at once using pd.concat(axis=1) instead. To get a de-fragmented frame, use `newframe = frame.copy()`
  out[f"feat_{i}"] = df[f"f{i}"]
/home/lilith/work/zen/zensim/scripts/v_next/train_v_next_mlp.py:133: PerformanceWarning: DataFrame is highly fragmented.  This is usually the result of calling `frame.insert` many times, which has poor performance.  Consider joining all columns at once using pd.concat(axis=1) instead. To get a de-fragmented frame, use `newframe = frame.copy()`
  out[f"feat_{i}"] = df[f"f{i}"]
/home/lilith/work/zen/zensim/scripts/v_next/train_v_next_mlp.py:133: PerformanceWarning: DataFrame is highly fragmented.  This is usually the result of calling `frame.insert` many times, which has poor performance.  Consider joining all columns at once using pd.concat(axis=1) instead. To get a de-fragmented frame, use `newframe = frame.copy()`
  out[f"feat_{i}"] = df[f"f{i}"]
/home/lilith/work/zen/zensim/scripts/v_next/train_v_next_mlp.py:133: PerformanceWarning: DataFrame is highly fragmented.  This is usually the result of calling `frame.insert` many times, which has poor performance.  Consider joining all columns at once using pd.concat(axis=1) instead. To get a de-fragmented frame, use `newframe = frame.copy()`
  out[f"feat_{i}"] = df[f"f{i}"]
/home/lilith/work/zen/zensim/scripts/v_next/train_v_next_mlp.py:133: PerformanceWarning: DataFrame is highly fragmented.  This is usually the result of calling `frame.insert` many times, which has poor performance.  Consider joining all columns at once using pd.concat(axis=1) instead. To get a de-fragmented frame, use `newframe = frame.copy()`
  out[f"feat_{i}"] = df[f"f{i}"]
/home/lilith/work/zen/zensim/scripts/v_next/train_v_next_mlp.py:133: PerformanceWarning: DataFrame is highly fragmented.  This is usually the result of calling `frame.insert` many times, which has poor performance.  Consider joining all columns at once using pd.concat(axis=1) instead. To get a de-fragmented frame, use `newframe = frame.copy()`
  out[f"feat_{i}"] = df[f"f{i}"]
/home/lilith/work/zen/zensim/scripts/v_next/train_v_next_mlp.py:133: PerformanceWarning: DataFrame is highly fragmented.  This is usually the result of calling `frame.insert` many times, which has poor performance.  Consider joining all columns at once using pd.concat(axis=1) instead. To get a de-fragmented frame, use `newframe = frame.copy()`
  out[f"feat_{i}"] = df[f"f{i}"]
/home/lilith/work/zen/zensim/scripts/v_next/train_v_next_mlp.py:133: PerformanceWarning: DataFrame is highly fragmented.  This is usually the result of calling `frame.insert` many times, which has poor performance.  Consider joining all columns at once using pd.concat(axis=1) instead. To get a de-fragmented frame, use `newframe = frame.copy()`
  out[f"feat_{i}"] = df[f"f{i}"]
/home/lilith/work/zen/zensim/scripts/v_next/train_v_next_mlp.py:133: PerformanceWarning: DataFrame is highly fragmented.  This is usually the result of calling `frame.insert` many times, which has poor performance.  Consider joining all columns at once using pd.concat(axis=1) instead. To get a de-fragmented frame, use `newframe = frame.copy()`
  out[f"feat_{i}"] = df[f"f{i}"]
/home/lilith/work/zen/zensim/scripts/v_next/train_v_next_mlp.py:133: PerformanceWarning: DataFrame is highly fragmented.  This is usually the result of calling `frame.insert` many times, which has poor performance.  Consider joining all columns at once using pd.concat(axis=1) instead. To get a de-fragmented frame, use `newframe = frame.copy()`
  out[f"feat_{i}"] = df[f"f{i}"]
/home/lilith/work/zen/zensim/scripts/v_next/train_v_next_mlp.py:133: PerformanceWarning: DataFrame is highly fragmented.  This is usually the result of calling `frame.insert` many times, which has poor performance.  Consider joining all columns at once using pd.concat(axis=1) instead. To get a de-fragmented frame, use `newframe = frame.copy()`
  out[f"feat_{i}"] = df[f"f{i}"]
/home/lilith/work/zen/zensim/scripts/v_next/train_v_next_mlp.py:133: PerformanceWarning: DataFrame is highly fragmented.  This is usually the result of calling `frame.insert` many times, which has poor performance.  Consider joining all columns at once using pd.concat(axis=1) instead. To get a de-fragmented frame, use `newframe = frame.copy()`
  out[f"feat_{i}"] = df[f"f{i}"]
/home/lilith/work/zen/zensim/scripts/v_next/train_v_next_mlp.py:133: PerformanceWarning: DataFrame is highly fragmented.  This is usually the result of calling `frame.insert` many times, which has poor performance.  Consider joining all columns at once using pd.concat(axis=1) instead. To get a de-fragmented frame, use `newframe = frame.copy()`
  out[f"feat_{i}"] = df[f"f{i}"]
/home/lilith/work/zen/zensim/scripts/v_next/train_v_next_mlp.py:133: PerformanceWarning: DataFrame is highly fragmented.  This is usually the result of calling `frame.insert` many times, which has poor performance.  Consider joining all columns at once using pd.concat(axis=1) instead. To get a de-fragmented frame, use `newframe = frame.copy()`
  out[f"feat_{i}"] = df[f"f{i}"]
/home/lilith/work/zen/zensim/scripts/v_next/train_v_next_mlp.py:133: PerformanceWarning: DataFrame is highly fragmented.  This is usually the result of calling `frame.insert` many times, which has poor performance.  Consider joining all columns at once using pd.concat(axis=1) instead. To get a de-fragmented frame, use `newframe = frame.copy()`
  out[f"feat_{i}"] = df[f"f{i}"]
/home/lilith/work/zen/zensim/scripts/v_next/train_v_next_mlp.py:133: PerformanceWarning: DataFrame is highly fragmented.  This is usually the result of calling `frame.insert` many times, which has poor performance.  Consider joining all columns at once using pd.concat(axis=1) instead. To get a de-fragmented frame, use `newframe = frame.copy()`
  out[f"feat_{i}"] = df[f"f{i}"]
/home/lilith/work/zen/zensim/scripts/v_next/train_v_next_mlp.py:133: PerformanceWarning: DataFrame is highly fragmented.  This is usually the result of calling `frame.insert` many times, which has poor performance.  Consider joining all columns at once using pd.concat(axis=1) instead. To get a de-fragmented frame, use `newframe = frame.copy()`
  out[f"feat_{i}"] = df[f"f{i}"]
/home/lilith/work/zen/zensim/scripts/v_next/train_v_next_mlp.py:133: PerformanceWarning: DataFrame is highly fragmented.  This is usually the result of calling `frame.insert` many times, which has poor performance.  Consider joining all columns at once using pd.concat(axis=1) instead. To get a de-fragmented frame, use `newframe = frame.copy()`
  out[f"feat_{i}"] = df[f"f{i}"]
/home/lilith/work/zen/zensim/scripts/v_next/train_v_next_mlp.py:133: PerformanceWarning: DataFrame is highly fragmented.  This is usually the result of calling `frame.insert` many times, which has poor performance.  Consider joining all columns at once using pd.concat(axis=1) instead. To get a de-fragmented frame, use `newframe = frame.copy()`
  out[f"feat_{i}"] = df[f"f{i}"]
/home/lilith/work/zen/zensim/scripts/v_next/train_v_next_mlp.py:133: PerformanceWarning: DataFrame is highly fragmented.  This is usually the result of calling `frame.insert` many times, which has poor performance.  Consider joining all columns at once using pd.concat(axis=1) instead. To get a de-fragmented frame, use `newframe = frame.copy()`
  out[f"feat_{i}"] = df[f"f{i}"]
/home/lilith/work/zen/zensim/scripts/v_next/train_v_next_mlp.py:133: PerformanceWarning: DataFrame is highly fragmented.  This is usually the result of calling `frame.insert` many times, which has poor performance.  Consider joining all columns at once using pd.concat(axis=1) instead. To get a de-fragmented frame, use `newframe = frame.copy()`
  out[f"feat_{i}"] = df[f"f{i}"]
/home/lilith/work/zen/zensim/scripts/v_next/train_v_next_mlp.py:133: PerformanceWarning: DataFrame is highly fragmented.  This is usually the result of calling `frame.insert` many times, which has poor performance.  Consider joining all columns at once using pd.concat(axis=1) instead. To get a de-fragmented frame, use `newframe = frame.copy()`
  out[f"feat_{i}"] = df[f"f{i}"]
/home/lilith/work/zen/zensim/scripts/v_next/train_v_next_mlp.py:133: PerformanceWarning: DataFrame is highly fragmented.  This is usually the result of calling `frame.insert` many times, which has poor performance.  Consider joining all columns at once using pd.concat(axis=1) instead. To get a de-fragmented frame, use `newframe = frame.copy()`
  out[f"feat_{i}"] = df[f"f{i}"]
/home/lilith/work/zen/zensim/scripts/v_next/train_v_next_mlp.py:133: PerformanceWarning: DataFrame is highly fragmented.  This is usually the result of calling `frame.insert` many times, which has poor performance.  Consider joining all columns at once using pd.concat(axis=1) instead. To get a de-fragmented frame, use `newframe = frame.copy()`
  out[f"feat_{i}"] = df[f"f{i}"]
/home/lilith/work/zen/zensim/scripts/v_next/train_v_next_mlp.py:133: PerformanceWarning: DataFrame is highly fragmented.  This is usually the result of calling `frame.insert` many times, which has poor performance.  Consider joining all columns at once using pd.concat(axis=1) instead. To get a de-fragmented frame, use `newframe = frame.copy()`
  out[f"feat_{i}"] = df[f"f{i}"]
/home/lilith/work/zen/zensim/scripts/v_next/train_v_next_mlp.py:133: PerformanceWarning: DataFrame is highly fragmented.  This is usually the result of calling `frame.insert` many times, which has poor performance.  Consider joining all columns at once using pd.concat(axis=1) instead. To get a de-fragmented frame, use `newframe = frame.copy()`
  out[f"feat_{i}"] = df[f"f{i}"]
/home/lilith/work/zen/zensim/scripts/v_next/train_v_next_mlp.py:133: PerformanceWarning: DataFrame is highly fragmented.  This is usually the result of calling `frame.insert` many times, which has poor performance.  Consider joining all columns at once using pd.concat(axis=1) instead. To get a de-fragmented frame, use `newframe = frame.copy()`
  out[f"feat_{i}"] = df[f"f{i}"]
/home/lilith/work/zen/zensim/scripts/v_next/train_v_next_mlp.py:133: PerformanceWarning: DataFrame is highly fragmented.  This is usually the result of calling `frame.insert` many times, which has poor performance.  Consider joining all columns at once using pd.concat(axis=1) instead. To get a de-fragmented frame, use `newframe = frame.copy()`
  out[f"feat_{i}"] = df[f"f{i}"]
/home/lilith/work/zen/zensim/scripts/v_next/train_v_next_mlp.py:133: PerformanceWarning: DataFrame is highly fragmented.  This is usually the result of calling `frame.insert` many times, which has poor performance.  Consider joining all columns at once using pd.concat(axis=1) instead. To get a de-fragmented frame, use `newframe = frame.copy()`
  out[f"feat_{i}"] = df[f"f{i}"]
/home/lilith/work/zen/zensim/scripts/v_next/train_v_next_mlp.py:133: PerformanceWarning: DataFrame is highly fragmented.  This is usually the result of calling `frame.insert` many times, which has poor performance.  Consider joining all columns at once using pd.concat(axis=1) instead. To get a de-fragmented frame, use `newframe = frame.copy()`
  out[f"feat_{i}"] = df[f"f{i}"]
/home/lilith/work/zen/zensim/scripts/v_next/train_v_next_mlp.py:133: PerformanceWarning: DataFrame is highly fragmented.  This is usually the result of calling `frame.insert` many times, which has poor performance.  Consider joining all columns at once using pd.concat(axis=1) instead. To get a de-fragmented frame, use `newframe = frame.copy()`
  out[f"feat_{i}"] = df[f"f{i}"]
/home/lilith/work/zen/zensim/scripts/v_next/train_v_next_mlp.py:133: PerformanceWarning: DataFrame is highly fragmented.  This is usually the result of calling `frame.insert` many times, which has poor performance.  Consider joining all columns at once using pd.concat(axis=1) instead. To get a de-fragmented frame, use `newframe = frame.copy()`
  out[f"feat_{i}"] = df[f"f{i}"]
/home/lilith/work/zen/zensim/scripts/v_next/train_v_next_mlp.py:133: PerformanceWarning: DataFrame is highly fragmented.  This is usually the result of calling `frame.insert` many times, which has poor performance.  Consider joining all columns at once using pd.concat(axis=1) instead. To get a de-fragmented frame, use `newframe = frame.copy()`
  out[f"feat_{i}"] = df[f"f{i}"]
/home/lilith/work/zen/zensim/scripts/v_next/train_v_next_mlp.py:133: PerformanceWarning: DataFrame is highly fragmented.  This is usually the result of calling `frame.insert` many times, which has poor performance.  Consider joining all columns at once using pd.concat(axis=1) instead. To get a de-fragmented frame, use `newframe = frame.copy()`
  out[f"feat_{i}"] = df[f"f{i}"]
/home/lilith/work/zen/zensim/scripts/v_next/train_v_next_mlp.py:133: PerformanceWarning: DataFrame is highly fragmented.  This is usually the result of calling `frame.insert` many times, which has poor performance.  Consider joining all columns at once using pd.concat(axis=1) instead. To get a de-fragmented frame, use `newframe = frame.copy()`
  out[f"feat_{i}"] = df[f"f{i}"]
/home/lilith/work/zen/zensim/scripts/v_next/train_v_next_mlp.py:133: PerformanceWarning: DataFrame is highly fragmented.  This is usually the result of calling `frame.insert` many times, which has poor performance.  Consider joining all columns at once using pd.concat(axis=1) instead. To get a de-fragmented frame, use `newframe = frame.copy()`
  out[f"feat_{i}"] = df[f"f{i}"]
/home/lilith/work/zen/zensim/scripts/v_next/train_v_next_mlp.py:133: PerformanceWarning: DataFrame is highly fragmented.  This is usually the result of calling `frame.insert` many times, which has poor performance.  Consider joining all columns at once using pd.concat(axis=1) instead. To get a de-fragmented frame, use `newframe = frame.copy()`
  out[f"feat_{i}"] = df[f"f{i}"]
/home/lilith/work/zen/zensim/scripts/v_next/train_v_next_mlp.py:133: PerformanceWarning: DataFrame is highly fragmented.  This is usually the result of calling `frame.insert` many times, which has poor performance.  Consider joining all columns at once using pd.concat(axis=1) instead. To get a de-fragmented frame, use `newframe = frame.copy()`
  out[f"feat_{i}"] = df[f"f{i}"]
/home/lilith/work/zen/zensim/scripts/v_next/train_v_next_mlp.py:133: PerformanceWarning: DataFrame is highly fragmented.  This is usually the result of calling `frame.insert` many times, which has poor performance.  Consider joining all columns at once using pd.concat(axis=1) instead. To get a de-fragmented frame, use `newframe = frame.copy()`
  out[f"feat_{i}"] = df[f"f{i}"]
/home/lilith/work/zen/zensim/scripts/v_next/train_v_next_mlp.py:133: PerformanceWarning: DataFrame is highly fragmented.  This is usually the result of calling `frame.insert` many times, which has poor performance.  Consider joining all columns at once using pd.concat(axis=1) instead. To get a de-fragmented frame, use `newframe = frame.copy()`
  out[f"feat_{i}"] = df[f"f{i}"]
/home/lilith/work/zen/zensim/scripts/v_next/train_v_next_mlp.py:133: PerformanceWarning: DataFrame is highly fragmented.  This is usually the result of calling `frame.insert` many times, which has poor performance.  Consider joining all columns at once using pd.concat(axis=1) instead. To get a de-fragmented frame, use `newframe = frame.copy()`
  out[f"feat_{i}"] = df[f"f{i}"]
/home/lilith/work/zen/zensim/scripts/v_next/train_v_next_mlp.py:133: PerformanceWarning: DataFrame is highly fragmented.  This is usually the result of calling `frame.insert` many times, which has poor performance.  Consider joining all columns at once using pd.concat(axis=1) instead. To get a de-fragmented frame, use `newframe = frame.copy()`
  out[f"feat_{i}"] = df[f"f{i}"]
/home/lilith/work/zen/zensim/scripts/v_next/train_v_next_mlp.py:133: PerformanceWarning: DataFrame is highly fragmented.  This is usually the result of calling `frame.insert` many times, which has poor performance.  Consider joining all columns at once using pd.concat(axis=1) instead. To get a de-fragmented frame, use `newframe = frame.copy()`
  out[f"feat_{i}"] = df[f"f{i}"]
/home/lilith/work/zen/zensim/scripts/v_next/train_v_next_mlp.py:133: PerformanceWarning: DataFrame is highly fragmented.  This is usually the result of calling `frame.insert` many times, which has poor performance.  Consider joining all columns at once using pd.concat(axis=1) instead. To get a de-fragmented frame, use `newframe = frame.copy()`
  out[f"feat_{i}"] = df[f"f{i}"]
/home/lilith/work/zen/zensim/scripts/v_next/train_v_next_mlp.py:133: PerformanceWarning: DataFrame is highly fragmented.  This is usually the result of calling `frame.insert` many times, which has poor performance.  Consider joining all columns at once using pd.concat(axis=1) instead. To get a de-fragmented frame, use `newframe = frame.copy()`
  out[f"feat_{i}"] = df[f"f{i}"]
/home/lilith/work/zen/zensim/scripts/v_next/train_v_next_mlp.py:133: PerformanceWarning: DataFrame is highly fragmented.  This is usually the result of calling `frame.insert` many times, which has poor performance.  Consider joining all columns at once using pd.concat(axis=1) instead. To get a de-fragmented frame, use `newframe = frame.copy()`
  out[f"feat_{i}"] = df[f"f{i}"]
/home/lilith/work/zen/zensim/scripts/v_next/train_v_next_mlp.py:133: PerformanceWarning: DataFrame is highly fragmented.  This is usually the result of calling `frame.insert` many times, which has poor performance.  Consider joining all columns at once using pd.concat(axis=1) instead. To get a de-fragmented frame, use `newframe = frame.copy()`
  out[f"feat_{i}"] = df[f"f{i}"]
/home/lilith/work/zen/zensim/scripts/v_next/train_v_next_mlp.py:133: PerformanceWarning: DataFrame is highly fragmented.  This is usually the result of calling `frame.insert` many times, which has poor performance.  Consider joining all columns at once using pd.concat(axis=1) instead. To get a de-fragmented frame, use `newframe = frame.copy()`
  out[f"feat_{i}"] = df[f"f{i}"]
/home/lilith/work/zen/zensim/scripts/v_next/train_v_next_mlp.py:133: PerformanceWarning: DataFrame is highly fragmented.  This is usually the result of calling `frame.insert` many times, which has poor performance.  Consider joining all columns at once using pd.concat(axis=1) instead. To get a de-fragmented frame, use `newframe = frame.copy()`
  out[f"feat_{i}"] = df[f"f{i}"]
/home/lilith/work/zen/zensim/scripts/v_next/train_v_next_mlp.py:133: PerformanceWarning: DataFrame is highly fragmented.  This is usually the result of calling `frame.insert` many times, which has poor performance.  Consider joining all columns at once using pd.concat(axis=1) instead. To get a de-fragmented frame, use `newframe = frame.copy()`
  out[f"feat_{i}"] = df[f"f{i}"]
/home/lilith/work/zen/zensim/scripts/v_next/train_v_next_mlp.py:133: PerformanceWarning: DataFrame is highly fragmented.  This is usually the result of calling `frame.insert` many times, which has poor performance.  Consider joining all columns at once using pd.concat(axis=1) instead. To get a de-fragmented frame, use `newframe = frame.copy()`
  out[f"feat_{i}"] = df[f"f{i}"]
/home/lilith/work/zen/zensim/scripts/v_next/train_v_next_mlp.py:133: PerformanceWarning: DataFrame is highly fragmented.  This is usually the result of calling `frame.insert` many times, which has poor performance.  Consider joining all columns at once using pd.concat(axis=1) instead. To get a de-fragmented frame, use `newframe = frame.copy()`
  out[f"feat_{i}"] = df[f"f{i}"]
/home/lilith/work/zen/zensim/scripts/v_next/train_v_next_mlp.py:133: PerformanceWarning: DataFrame is highly fragmented.  This is usually the result of calling `frame.insert` many times, which has poor performance.  Consider joining all columns at once using pd.concat(axis=1) instead. To get a de-fragmented frame, use `newframe = frame.copy()`
  out[f"feat_{i}"] = df[f"f{i}"]
/home/lilith/work/zen/zensim/scripts/v_next/train_v_next_mlp.py:133: PerformanceWarning: DataFrame is highly fragmented.  This is usually the result of calling `frame.insert` many times, which has poor performance.  Consider joining all columns at once using pd.concat(axis=1) instead. To get a de-fragmented frame, use `newframe = frame.copy()`
  out[f"feat_{i}"] = df[f"f{i}"]
/home/lilith/work/zen/zensim/scripts/v_next/train_v_next_mlp.py:133: PerformanceWarning: DataFrame is highly fragmented.  This is usually the result of calling `frame.insert` many times, which has poor performance.  Consider joining all columns at once using pd.concat(axis=1) instead. To get a de-fragmented frame, use `newframe = frame.copy()`
  out[f"feat_{i}"] = df[f"f{i}"]
/home/lilith/work/zen/zensim/scripts/v_next/train_v_next_mlp.py:133: PerformanceWarning: DataFrame is highly fragmented.  This is usually the result of calling `frame.insert` many times, which has poor performance.  Consider joining all columns at once using pd.concat(axis=1) instead. To get a de-fragmented frame, use `newframe = frame.copy()`
  out[f"feat_{i}"] = df[f"f{i}"]
/home/lilith/work/zen/zensim/scripts/v_next/train_v_next_mlp.py:133: PerformanceWarning: DataFrame is highly fragmented.  This is usually the result of calling `frame.insert` many times, which has poor performance.  Consider joining all columns at once using pd.concat(axis=1) instead. To get a de-fragmented frame, use `newframe = frame.copy()`
  out[f"feat_{i}"] = df[f"f{i}"]
/home/lilith/work/zen/zensim/scripts/v_next/train_v_next_mlp.py:133: PerformanceWarning: DataFrame is highly fragmented.  This is usually the result of calling `frame.insert` many times, which has poor performance.  Consider joining all columns at once using pd.concat(axis=1) instead. To get a de-fragmented frame, use `newframe = frame.copy()`
  out[f"feat_{i}"] = df[f"f{i}"]
/home/lilith/work/zen/zensim/scripts/v_next/train_v_next_mlp.py:133: PerformanceWarning: DataFrame is highly fragmented.  This is usually the result of calling `frame.insert` many times, which has poor performance.  Consider joining all columns at once using pd.concat(axis=1) instead. To get a de-fragmented frame, use `newframe = frame.copy()`
  out[f"feat_{i}"] = df[f"f{i}"]
/home/lilith/work/zen/zensim/scripts/v_next/train_v_next_mlp.py:133: PerformanceWarning: DataFrame is highly fragmented.  This is usually the result of calling `frame.insert` many times, which has poor performance.  Consider joining all columns at once using pd.concat(axis=1) instead. To get a de-fragmented frame, use `newframe = frame.copy()`
  out[f"feat_{i}"] = df[f"f{i}"]
/home/lilith/work/zen/zensim/scripts/v_next/train_v_next_mlp.py:133: PerformanceWarning: DataFrame is highly fragmented.  This is usually the result of calling `frame.insert` many times, which has poor performance.  Consider joining all columns at once using pd.concat(axis=1) instead. To get a de-fragmented frame, use `newframe = frame.copy()`
  out[f"feat_{i}"] = df[f"f{i}"]
/home/lilith/work/zen/zensim/scripts/v_next/train_v_next_mlp.py:133: PerformanceWarning: DataFrame is highly fragmented.  This is usually the result of calling `frame.insert` many times, which has poor performance.  Consider joining all columns at once using pd.concat(axis=1) instead. To get a de-fragmented frame, use `newframe = frame.copy()`
  out[f"feat_{i}"] = df[f"f{i}"]
/home/lilith/work/zen/zensim/scripts/v_next/train_v_next_mlp.py:133: PerformanceWarning: DataFrame is highly fragmented.  This is usually the result of calling `frame.insert` many times, which has poor performance.  Consider joining all columns at once using pd.concat(axis=1) instead. To get a de-fragmented frame, use `newframe = frame.copy()`
  out[f"feat_{i}"] = df[f"f{i}"]
/home/lilith/work/zen/zensim/scripts/v_next/train_v_next_mlp.py:133: PerformanceWarning: DataFrame is highly fragmented.  This is usually the result of calling `frame.insert` many times, which has poor performance.  Consider joining all columns at once using pd.concat(axis=1) instead. To get a de-fragmented frame, use `newframe = frame.copy()`
  out[f"feat_{i}"] = df[f"f{i}"]
/home/lilith/work/zen/zensim/scripts/v_next/train_v_next_mlp.py:133: PerformanceWarning: DataFrame is highly fragmented.  This is usually the result of calling `frame.insert` many times, which has poor performance.  Consider joining all columns at once using pd.concat(axis=1) instead. To get a de-fragmented frame, use `newframe = frame.copy()`
  out[f"feat_{i}"] = df[f"f{i}"]
/home/lilith/work/zen/zensim/scripts/v_next/train_v_next_mlp.py:133: PerformanceWarning: DataFrame is highly fragmented.  This is usually the result of calling `frame.insert` many times, which has poor performance.  Consider joining all columns at once using pd.concat(axis=1) instead. To get a de-fragmented frame, use `newframe = frame.copy()`
  out[f"feat_{i}"] = df[f"f{i}"]
/home/lilith/work/zen/zensim/scripts/v_next/train_v_next_mlp.py:133: PerformanceWarning: DataFrame is highly fragmented.  This is usually the result of calling `frame.insert` many times, which has poor performance.  Consider joining all columns at once using pd.concat(axis=1) instead. To get a de-fragmented frame, use `newframe = frame.copy()`
  out[f"feat_{i}"] = df[f"f{i}"]
/home/lilith/work/zen/zensim/scripts/v_next/train_v_next_mlp.py:133: PerformanceWarning: DataFrame is highly fragmented.  This is usually the result of calling `frame.insert` many times, which has poor performance.  Consider joining all columns at once using pd.concat(axis=1) instead. To get a de-fragmented frame, use `newframe = frame.copy()`
  out[f"feat_{i}"] = df[f"f{i}"]
/home/lilith/work/zen/zensim/scripts/v_next/train_v_next_mlp.py:133: PerformanceWarning: DataFrame is highly fragmented.  This is usually the result of calling `frame.insert` many times, which has poor performance.  Consider joining all columns at once using pd.concat(axis=1) instead. To get a de-fragmented frame, use `newframe = frame.copy()`
  out[f"feat_{i}"] = df[f"f{i}"]
/home/lilith/work/zen/zensim/scripts/v_next/train_v_next_mlp.py:133: PerformanceWarning: DataFrame is highly fragmented.  This is usually the result of calling `frame.insert` many times, which has poor performance.  Consider joining all columns at once using pd.concat(axis=1) instead. To get a de-fragmented frame, use `newframe = frame.copy()`
  out[f"feat_{i}"] = df[f"f{i}"]
/home/lilith/work/zen/zensim/scripts/v_next/train_v_next_mlp.py:133: PerformanceWarning: DataFrame is highly fragmented.  This is usually the result of calling `frame.insert` many times, which has poor performance.  Consider joining all columns at once using pd.concat(axis=1) instead. To get a de-fragmented frame, use `newframe = frame.copy()`
  out[f"feat_{i}"] = df[f"f{i}"]
/home/lilith/work/zen/zensim/scripts/v_next/train_v_next_mlp.py:133: PerformanceWarning: DataFrame is highly fragmented.  This is usually the result of calling `frame.insert` many times, which has poor performance.  Consider joining all columns at once using pd.concat(axis=1) instead. To get a de-fragmented frame, use `newframe = frame.copy()`
  out[f"feat_{i}"] = df[f"f{i}"]
/home/lilith/work/zen/zensim/scripts/v_next/train_v_next_mlp.py:133: PerformanceWarning: DataFrame is highly fragmented.  This is usually the result of calling `frame.insert` many times, which has poor performance.  Consider joining all columns at once using pd.concat(axis=1) instead. To get a de-fragmented frame, use `newframe = frame.copy()`
  out[f"feat_{i}"] = df[f"f{i}"]
/home/lilith/work/zen/zensim/scripts/v_next/train_v_next_mlp.py:133: PerformanceWarning: DataFrame is highly fragmented.  This is usually the result of calling `frame.insert` many times, which has poor performance.  Consider joining all columns at once using pd.concat(axis=1) instead. To get a de-fragmented frame, use `newframe = frame.copy()`
  out[f"feat_{i}"] = df[f"f{i}"]
/home/lilith/work/zen/zensim/scripts/v_next/train_v_next_mlp.py:133: PerformanceWarning: DataFrame is highly fragmented.  This is usually the result of calling `frame.insert` many times, which has poor performance.  Consider joining all columns at once using pd.concat(axis=1) instead. To get a de-fragmented frame, use `newframe = frame.copy()`
  out[f"feat_{i}"] = df[f"f{i}"]
/home/lilith/work/zen/zensim/scripts/v_next/train_v_next_mlp.py:133: PerformanceWarning: DataFrame is highly fragmented.  This is usually the result of calling `frame.insert` many times, which has poor performance.  Consider joining all columns at once using pd.concat(axis=1) instead. To get a de-fragmented frame, use `newframe = frame.copy()`
  out[f"feat_{i}"] = df[f"f{i}"]
/home/lilith/work/zen/zensim/scripts/v_next/train_v_next_mlp.py:133: PerformanceWarning: DataFrame is highly fragmented.  This is usually the result of calling `frame.insert` many times, which has poor performance.  Consider joining all columns at once using pd.concat(axis=1) instead. To get a de-fragmented frame, use `newframe = frame.copy()`
  out[f"feat_{i}"] = df[f"f{i}"]
/home/lilith/work/zen/zensim/scripts/v_next/train_v_next_mlp.py:133: PerformanceWarning: DataFrame is highly fragmented.  This is usually the result of calling `frame.insert` many times, which has poor performance.  Consider joining all columns at once using pd.concat(axis=1) instead. To get a de-fragmented frame, use `newframe = frame.copy()`
  out[f"feat_{i}"] = df[f"f{i}"]
/home/lilith/work/zen/zensim/scripts/v_next/train_v_next_mlp.py:133: PerformanceWarning: DataFrame is highly fragmented.  This is usually the result of calling `frame.insert` many times, which has poor performance.  Consider joining all columns at once using pd.concat(axis=1) instead. To get a de-fragmented frame, use `newframe = frame.copy()`
  out[f"feat_{i}"] = df[f"f{i}"]
/home/lilith/work/zen/zensim/scripts/v_next/train_v_next_mlp.py:133: PerformanceWarning: DataFrame is highly fragmented.  This is usually the result of calling `frame.insert` many times, which has poor performance.  Consider joining all columns at once using pd.concat(axis=1) instead. To get a de-fragmented frame, use `newframe = frame.copy()`
  out[f"feat_{i}"] = df[f"f{i}"]
/home/lilith/work/zen/zensim/scripts/v_next/train_v_next_mlp.py:133: PerformanceWarning: DataFrame is highly fragmented.  This is usually the result of calling `frame.insert` many times, which has poor performance.  Consider joining all columns at once using pd.concat(axis=1) instead. To get a de-fragmented frame, use `newframe = frame.copy()`
  out[f"feat_{i}"] = df[f"f{i}"]
/home/lilith/work/zen/zensim/scripts/v_next/train_v_next_mlp.py:133: PerformanceWarning: DataFrame is highly fragmented.  This is usually the result of calling `frame.insert` many times, which has poor performance.  Consider joining all columns at once using pd.concat(axis=1) instead. To get a de-fragmented frame, use `newframe = frame.copy()`
  out[f"feat_{i}"] = df[f"f{i}"]
/home/lilith/work/zen/zensim/scripts/v_next/train_v_next_mlp.py:133: PerformanceWarning: DataFrame is highly fragmented.  This is usually the result of calling `frame.insert` many times, which has poor performance.  Consider joining all columns at once using pd.concat(axis=1) instead. To get a de-fragmented frame, use `newframe = frame.copy()`
  out[f"feat_{i}"] = df[f"f{i}"]
/home/lilith/work/zen/zensim/scripts/v_next/train_v_next_mlp.py:133: PerformanceWarning: DataFrame is highly fragmented.  This is usually the result of calling `frame.insert` many times, which has poor performance.  Consider joining all columns at once using pd.concat(axis=1) instead. To get a de-fragmented frame, use `newframe = frame.copy()`
  out[f"feat_{i}"] = df[f"f{i}"]
/home/lilith/work/zen/zensim/scripts/v_next/train_v_next_mlp.py:133: PerformanceWarning: DataFrame is highly fragmented.  This is usually the result of calling `frame.insert` many times, which has poor performance.  Consider joining all columns at once using pd.concat(axis=1) instead. To get a de-fragmented frame, use `newframe = frame.copy()`
  out[f"feat_{i}"] = df[f"f{i}"]
/home/lilith/work/zen/zensim/scripts/v_next/train_v_next_mlp.py:133: PerformanceWarning: DataFrame is highly fragmented.  This is usually the result of calling `frame.insert` many times, which has poor performance.  Consider joining all columns at once using pd.concat(axis=1) instead. To get a de-fragmented frame, use `newframe = frame.copy()`
  out[f"feat_{i}"] = df[f"f{i}"]
/home/lilith/work/zen/zensim/scripts/v_next/train_v_next_mlp.py:149: PerformanceWarning: DataFrame is highly fragmented.  This is usually the result of calling `frame.insert` many times, which has poor performance.  Consider joining all columns at once using pd.concat(axis=1) instead. To get a de-fragmented frame, use `newframe = frame.copy()`
  out["is_val_only"] = out["image_basename"].isin(val_refs)
/home/lilith/work/zen/zensim/scripts/v_next/train_v_next_mlp.py:150: PerformanceWarning: DataFrame is highly fragmented.  This is usually the result of calling `frame.insert` many times, which has poor performance.  Consider joining all columns at once using pd.concat(axis=1) instead. To get a de-fragmented frame, use `newframe = frame.copy()`
  out["train_weight"] = np.where(out["is_val_only"], 0.0, train_weight)
/home/lilith/work/zen/zensim/scripts/v_next/train_v_next_mlp.py:151: PerformanceWarning: DataFrame is highly fragmented.  This is usually the result of calling `frame.insert` many times, which has poor performance.  Consider joining all columns at once using pd.concat(axis=1) instead. To get a de-fragmented frame, use `newframe = frame.copy()`
  out["dataset"] = dataset_name
/home/lilith/work/zen/zensim/scripts/v_next/train_v_next_mlp.py:152: PerformanceWarning: DataFrame is highly fragmented.  This is usually the result of calling `frame.insert` many times, which has poor performance.  Consider joining all columns at once using pd.concat(axis=1) instead. To get a de-fragmented frame, use `newframe = frame.copy()`
  out["target_human"] = score_100  # explicit copy for V0_6 ranknet groups
  10,125 rows, 81 unique refs (val=20 val_only refs); train_w=0.3, loaded in 0.5s
Loading tid tid_features.csv...
/home/lilith/work/zen/zensim/scripts/v_next/train_v_next_mlp.py:133: PerformanceWarning: DataFrame is highly fragmented.  This is usually the result of calling `frame.insert` many times, which has poor performance.  Consider joining all columns at once using pd.concat(axis=1) instead. To get a de-fragmented frame, use `newframe = frame.copy()`
  out[f"feat_{i}"] = df[f"f{i}"]
/home/lilith/work/zen/zensim/scripts/v_next/train_v_next_mlp.py:133: PerformanceWarning: DataFrame is highly fragmented.  This is usually the result of calling `frame.insert` many times, which has poor performance.  Consider joining all columns at once using pd.concat(axis=1) instead. To get a de-fragmented frame, use `newframe = frame.copy()`
  out[f"feat_{i}"] = df[f"f{i}"]
/home/lilith/work/zen/zensim/scripts/v_next/train_v_next_mlp.py:133: PerformanceWarning: DataFrame is highly fragmented.  This is usually the result of calling `frame.insert` many times, which has poor performance.  Consider joining all columns at once using pd.concat(axis=1) instead. To get a de-fragmented frame, use `newframe = frame.copy()`
  out[f"feat_{i}"] = df[f"f{i}"]
/home/lilith/work/zen/zensim/scripts/v_next/train_v_next_mlp.py:133: PerformanceWarning: DataFrame is highly fragmented.  This is usually the result of calling `frame.insert` many times, which has poor performance.  Consider joining all columns at once using pd.concat(axis=1) instead. To get a de-fragmented frame, use `newframe = frame.copy()`
  out[f"feat_{i}"] = df[f"f{i}"]
/home/lilith/work/zen/zensim/scripts/v_next/train_v_next_mlp.py:133: PerformanceWarning: DataFrame is highly fragmented.  This is usually the result of calling `frame.insert` many times, which has poor performance.  Consider joining all columns at once using pd.concat(axis=1) instead. To get a de-fragmented frame, use `newframe = frame.copy()`
  out[f"feat_{i}"] = df[f"f{i}"]
/home/lilith/work/zen/zensim/scripts/v_next/train_v_next_mlp.py:133: PerformanceWarning: DataFrame is highly fragmented.  This is usually the result of calling `frame.insert` many times, which has poor performance.  Consider joining all columns at once using pd.concat(axis=1) instead. To get a de-fragmented frame, use `newframe = frame.copy()`
  out[f"feat_{i}"] = df[f"f{i}"]
/home/lilith/work/zen/zensim/scripts/v_next/train_v_next_mlp.py:133: PerformanceWarning: DataFrame is highly fragmented.  This is usually the result of calling `frame.insert` many times, which has poor performance.  Consider joining all columns at once using pd.concat(axis=1) instead. To get a de-fragmented frame, use `newframe = frame.copy()`
  out[f"feat_{i}"] = df[f"f{i}"]
/home/lilith/work/zen/zensim/scripts/v_next/train_v_next_mlp.py:133: PerformanceWarning: DataFrame is highly fragmented.  This is usually the result of calling `frame.insert` many times, which has poor performance.  Consider joining all columns at once using pd.concat(axis=1) instead. To get a de-fragmented frame, use `newframe = frame.copy()`
  out[f"feat_{i}"] = df[f"f{i}"]
/home/lilith/work/zen/zensim/scripts/v_next/train_v_next_mlp.py:133: PerformanceWarning: DataFrame is highly fragmented.  This is usually the result of calling `frame.insert` many times, which has poor performance.  Consider joining all columns at once using pd.concat(axis=1) instead. To get a de-fragmented frame, use `newframe = frame.copy()`
  out[f"feat_{i}"] = df[f"f{i}"]
/home/lilith/work/zen/zensim/scripts/v_next/train_v_next_mlp.py:133: PerformanceWarning: DataFrame is highly fragmented.  This is usually the result of calling `frame.insert` many times, which has poor performance.  Consider joining all columns at once using pd.concat(axis=1) instead. To get a de-fragmented frame, use `newframe = frame.copy()`
  out[f"feat_{i}"] = df[f"f{i}"]
/home/lilith/work/zen/zensim/scripts/v_next/train_v_next_mlp.py:133: PerformanceWarning: DataFrame is highly fragmented.  This is usually the result of calling `frame.insert` many times, which has poor performance.  Consider joining all columns at once using pd.concat(axis=1) instead. To get a de-fragmented frame, use `newframe = frame.copy()`
  out[f"feat_{i}"] = df[f"f{i}"]
/home/lilith/work/zen/zensim/scripts/v_next/train_v_next_mlp.py:133: PerformanceWarning: DataFrame is highly fragmented.  This is usually the result of calling `frame.insert` many times, which has poor performance.  Consider joining all columns at once using pd.concat(axis=1) instead. To get a de-fragmented frame, use `newframe = frame.copy()`
  out[f"feat_{i}"] = df[f"f{i}"]
/home/lilith/work/zen/zensim/scripts/v_next/train_v_next_mlp.py:133: PerformanceWarning: DataFrame is highly fragmented.  This is usually the result of calling `frame.insert` many times, which has poor performance.  Consider joining all columns at once using pd.concat(axis=1) instead. To get a de-fragmented frame, use `newframe = frame.copy()`
  out[f"feat_{i}"] = df[f"f{i}"]
/home/lilith/work/zen/zensim/scripts/v_next/train_v_next_mlp.py:133: PerformanceWarning: DataFrame is highly fragmented.  This is usually the result of calling `frame.insert` many times, which has poor performance.  Consider joining all columns at once using pd.concat(axis=1) instead. To get a de-fragmented frame, use `newframe = frame.copy()`
  out[f"feat_{i}"] = df[f"f{i}"]
/home/lilith/work/zen/zensim/scripts/v_next/train_v_next_mlp.py:133: PerformanceWarning: DataFrame is highly fragmented.  This is usually the result of calling `frame.insert` many times, which has poor performance.  Consider joining all columns at once using pd.concat(axis=1) instead. To get a de-fragmented frame, use `newframe = frame.copy()`
  out[f"feat_{i}"] = df[f"f{i}"]
/home/lilith/work/zen/zensim/scripts/v_next/train_v_next_mlp.py:133: PerformanceWarning: DataFrame is highly fragmented.  This is usually the result of calling `frame.insert` many times, which has poor performance.  Consider joining all columns at once using pd.concat(axis=1) instead. To get a de-fragmented frame, use `newframe = frame.copy()`
  out[f"feat_{i}"] = df[f"f{i}"]
/home/lilith/work/zen/zensim/scripts/v_next/train_v_next_mlp.py:133: PerformanceWarning: DataFrame is highly fragmented.  This is usually the result of calling `frame.insert` many times, which has poor performance.  Consider joining all columns at once using pd.concat(axis=1) instead. To get a de-fragmented frame, use `newframe = frame.copy()`
  out[f"feat_{i}"] = df[f"f{i}"]
/home/lilith/work/zen/zensim/scripts/v_next/train_v_next_mlp.py:133: PerformanceWarning: DataFrame is highly fragmented.  This is usually the result of calling `frame.insert` many times, which has poor performance.  Consider joining all columns at once using pd.concat(axis=1) instead. To get a de-fragmented frame, use `newframe = frame.copy()`
  out[f"feat_{i}"] = df[f"f{i}"]
/home/lilith/work/zen/zensim/scripts/v_next/train_v_next_mlp.py:133: PerformanceWarning: DataFrame is highly fragmented.  This is usually the result of calling `frame.insert` many times, which has poor performance.  Consider joining all columns at once using pd.concat(axis=1) instead. To get a de-fragmented frame, use `newframe = frame.copy()`
  out[f"feat_{i}"] = df[f"f{i}"]
/home/lilith/work/zen/zensim/scripts/v_next/train_v_next_mlp.py:133: PerformanceWarning: DataFrame is highly fragmented.  This is usually the result of calling `frame.insert` many times, which has poor performance.  Consider joining all columns at once using pd.concat(axis=1) instead. To get a de-fragmented frame, use `newframe = frame.copy()`
  out[f"feat_{i}"] = df[f"f{i}"]
/home/lilith/work/zen/zensim/scripts/v_next/train_v_next_mlp.py:133: PerformanceWarning: DataFrame is highly fragmented.  This is usually the result of calling `frame.insert` many times, which has poor performance.  Consider joining all columns at once using pd.concat(axis=1) instead. To get a de-fragmented frame, use `newframe = frame.copy()`
  out[f"feat_{i}"] = df[f"f{i}"]
/home/lilith/work/zen/zensim/scripts/v_next/train_v_next_mlp.py:133: PerformanceWarning: DataFrame is highly fragmented.  This is usually the result of calling `frame.insert` many times, which has poor performance.  Consider joining all columns at once using pd.concat(axis=1) instead. To get a de-fragmented frame, use `newframe = frame.copy()`
  out[f"feat_{i}"] = df[f"f{i}"]
/home/lilith/work/zen/zensim/scripts/v_next/train_v_next_mlp.py:133: PerformanceWarning: DataFrame is highly fragmented.  This is usually the result of calling `frame.insert` many times, which has poor performance.  Consider joining all columns at once using pd.concat(axis=1) instead. To get a de-fragmented frame, use `newframe = frame.copy()`
  out[f"feat_{i}"] = df[f"f{i}"]
/home/lilith/work/zen/zensim/scripts/v_next/train_v_next_mlp.py:133: PerformanceWarning: DataFrame is highly fragmented.  This is usually the result of calling `frame.insert` many times, which has poor performance.  Consider joining all columns at once using pd.concat(axis=1) instead. To get a de-fragmented frame, use `newframe = frame.copy()`
  out[f"feat_{i}"] = df[f"f{i}"]
/home/lilith/work/zen/zensim/scripts/v_next/train_v_next_mlp.py:133: PerformanceWarning: DataFrame is highly fragmented.  This is usually the result of calling `frame.insert` many times, which has poor performance.  Consider joining all columns at once using pd.concat(axis=1) instead. To get a de-fragmented frame, use `newframe = frame.copy()`
  out[f"feat_{i}"] = df[f"f{i}"]
/home/lilith/work/zen/zensim/scripts/v_next/train_v_next_mlp.py:133: PerformanceWarning: DataFrame is highly fragmented.  This is usually the result of calling `frame.insert` many times, which has poor performance.  Consider joining all columns at once using pd.concat(axis=1) instead. To get a de-fragmented frame, use `newframe = frame.copy()`
  out[f"feat_{i}"] = df[f"f{i}"]
/home/lilith/work/zen/zensim/scripts/v_next/train_v_next_mlp.py:133: PerformanceWarning: DataFrame is highly fragmented.  This is usually the result of calling `frame.insert` many times, which has poor performance.  Consider joining all columns at once using pd.concat(axis=1) instead. To get a de-fragmented frame, use `newframe = frame.copy()`
  out[f"feat_{i}"] = df[f"f{i}"]
/home/lilith/work/zen/zensim/scripts/v_next/train_v_next_mlp.py:133: PerformanceWarning: DataFrame is highly fragmented.  This is usually the result of calling `frame.insert` many times, which has poor performance.  Consider joining all columns at once using pd.concat(axis=1) instead. To get a de-fragmented frame, use `newframe = frame.copy()`
  out[f"feat_{i}"] = df[f"f{i}"]
/home/lilith/work/zen/zensim/scripts/v_next/train_v_next_mlp.py:133: PerformanceWarning: DataFrame is highly fragmented.  This is usually the result of calling `frame.insert` many times, which has poor performance.  Consider joining all columns at once using pd.concat(axis=1) instead. To get a de-fragmented frame, use `newframe = frame.copy()`
  out[f"feat_{i}"] = df[f"f{i}"]
/home/lilith/work/zen/zensim/scripts/v_next/train_v_next_mlp.py:133: PerformanceWarning: DataFrame is highly fragmented.  This is usually the result of calling `frame.insert` many times, which has poor performance.  Consider joining all columns at once using pd.concat(axis=1) instead. To get a de-fragmented frame, use `newframe = frame.copy()`
  out[f"feat_{i}"] = df[f"f{i}"]
/home/lilith/work/zen/zensim/scripts/v_next/train_v_next_mlp.py:133: PerformanceWarning: DataFrame is highly fragmented.  This is usually the result of calling `frame.insert` many times, which has poor performance.  Consider joining all columns at once using pd.concat(axis=1) instead. To get a de-fragmented frame, use `newframe = frame.copy()`
  out[f"feat_{i}"] = df[f"f{i}"]
/home/lilith/work/zen/zensim/scripts/v_next/train_v_next_mlp.py:133: PerformanceWarning: DataFrame is highly fragmented.  This is usually the result of calling `frame.insert` many times, which has poor performance.  Consider joining all columns at once using pd.concat(axis=1) instead. To get a de-fragmented frame, use `newframe = frame.copy()`
  out[f"feat_{i}"] = df[f"f{i}"]
/home/lilith/work/zen/zensim/scripts/v_next/train_v_next_mlp.py:133: PerformanceWarning: DataFrame is highly fragmented.  This is usually the result of calling `frame.insert` many times, which has poor performance.  Consider joining all columns at once using pd.concat(axis=1) instead. To get a de-fragmented frame, use `newframe = frame.copy()`
  out[f"feat_{i}"] = df[f"f{i}"]
/home/lilith/work/zen/zensim/scripts/v_next/train_v_next_mlp.py:133: PerformanceWarning: DataFrame is highly fragmented.  This is usually the result of calling `frame.insert` many times, which has poor performance.  Consider joining all columns at once using pd.concat(axis=1) instead. To get a de-fragmented frame, use `newframe = frame.copy()`
  out[f"feat_{i}"] = df[f"f{i}"]
/home/lilith/work/zen/zensim/scripts/v_next/train_v_next_mlp.py:133: PerformanceWarning: DataFrame is highly fragmented.  This is usually the result of calling `frame.insert` many times, which has poor performance.  Consider joining all columns at once using pd.concat(axis=1) instead. To get a de-fragmented frame, use `newframe = frame.copy()`
  out[f"feat_{i}"] = df[f"f{i}"]
/home/lilith/work/zen/zensim/scripts/v_next/train_v_next_mlp.py:133: PerformanceWarning: DataFrame is highly fragmented.  This is usually the result of calling `frame.insert` many times, which has poor performance.  Consider joining all columns at once using pd.concat(axis=1) instead. To get a de-fragmented frame, use `newframe = frame.copy()`
  out[f"feat_{i}"] = df[f"f{i}"]
/home/lilith/work/zen/zensim/scripts/v_next/train_v_next_mlp.py:133: PerformanceWarning: DataFrame is highly fragmented.  This is usually the result of calling `frame.insert` many times, which has poor performance.  Consider joining all columns at once using pd.concat(axis=1) instead. To get a de-fragmented frame, use `newframe = frame.copy()`
  out[f"feat_{i}"] = df[f"f{i}"]
/home/lilith/work/zen/zensim/scripts/v_next/train_v_next_mlp.py:133: PerformanceWarning: DataFrame is highly fragmented.  This is usually the result of calling `frame.insert` many times, which has poor performance.  Consider joining all columns at once using pd.concat(axis=1) instead. To get a de-fragmented frame, use `newframe = frame.copy()`
  out[f"feat_{i}"] = df[f"f{i}"]
/home/lilith/work/zen/zensim/scripts/v_next/train_v_next_mlp.py:133: PerformanceWarning: DataFrame is highly fragmented.  This is usually the result of calling `frame.insert` many times, which has poor performance.  Consider joining all columns at once using pd.concat(axis=1) instead. To get a de-fragmented frame, use `newframe = frame.copy()`
  out[f"feat_{i}"] = df[f"f{i}"]
/home/lilith/work/zen/zensim/scripts/v_next/train_v_next_mlp.py:133: PerformanceWarning: DataFrame is highly fragmented.  This is usually the result of calling `frame.insert` many times, which has poor performance.  Consider joining all columns at once using pd.concat(axis=1) instead. To get a de-fragmented frame, use `newframe = frame.copy()`
  out[f"feat_{i}"] = df[f"f{i}"]
/home/lilith/work/zen/zensim/scripts/v_next/train_v_next_mlp.py:133: PerformanceWarning: DataFrame is highly fragmented.  This is usually the result of calling `frame.insert` many times, which has poor performance.  Consider joining all columns at once using pd.concat(axis=1) instead. To get a de-fragmented frame, use `newframe = frame.copy()`
  out[f"feat_{i}"] = df[f"f{i}"]
/home/lilith/work/zen/zensim/scripts/v_next/train_v_next_mlp.py:133: PerformanceWarning: DataFrame is highly fragmented.  This is usually the result of calling `frame.insert` many times, which has poor performance.  Consider joining all columns at once using pd.concat(axis=1) instead. To get a de-fragmented frame, use `newframe = frame.copy()`
  out[f"feat_{i}"] = df[f"f{i}"]
/home/lilith/work/zen/zensim/scripts/v_next/train_v_next_mlp.py:133: PerformanceWarning: DataFrame is highly fragmented.  This is usually the result of calling `frame.insert` many times, which has poor performance.  Consider joining all columns at once using pd.concat(axis=1) instead. To get a de-fragmented frame, use `newframe = frame.copy()`
  out[f"feat_{i}"] = df[f"f{i}"]
/home/lilith/work/zen/zensim/scripts/v_next/train_v_next_mlp.py:133: PerformanceWarning: DataFrame is highly fragmented.  This is usually the result of calling `frame.insert` many times, which has poor performance.  Consider joining all columns at once using pd.concat(axis=1) instead. To get a de-fragmented frame, use `newframe = frame.copy()`
  out[f"feat_{i}"] = df[f"f{i}"]
/home/lilith/work/zen/zensim/scripts/v_next/train_v_next_mlp.py:133: PerformanceWarning: DataFrame is highly fragmented.  This is usually the result of calling `frame.insert` many times, which has poor performance.  Consider joining all columns at once using pd.concat(axis=1) instead. To get a de-fragmented frame, use `newframe = frame.copy()`
  out[f"feat_{i}"] = df[f"f{i}"]
/home/lilith/work/zen/zensim/scripts/v_next/train_v_next_mlp.py:133: PerformanceWarning: DataFrame is highly fragmented.  This is usually the result of calling `frame.insert` many times, which has poor performance.  Consider joining all columns at once using pd.concat(axis=1) instead. To get a de-fragmented frame, use `newframe = frame.copy()`
  out[f"feat_{i}"] = df[f"f{i}"]
/home/lilith/work/zen/zensim/scripts/v_next/train_v_next_mlp.py:133: PerformanceWarning: DataFrame is highly fragmented.  This is usually the result of calling `frame.insert` many times, which has poor performance.  Consider joining all columns at once using pd.concat(axis=1) instead. To get a de-fragmented frame, use `newframe = frame.copy()`
  out[f"feat_{i}"] = df[f"f{i}"]
/home/lilith/work/zen/zensim/scripts/v_next/train_v_next_mlp.py:133: PerformanceWarning: DataFrame is highly fragmented.  This is usually the result of calling `frame.insert` many times, which has poor performance.  Consider joining all columns at once using pd.concat(axis=1) instead. To get a de-fragmented frame, use `newframe = frame.copy()`
  out[f"feat_{i}"] = df[f"f{i}"]
/home/lilith/work/zen/zensim/scripts/v_next/train_v_next_mlp.py:133: PerformanceWarning: DataFrame is highly fragmented.  This is usually the result of calling `frame.insert` many times, which has poor performance.  Consider joining all columns at once using pd.concat(axis=1) instead. To get a de-fragmented frame, use `newframe = frame.copy()`
  out[f"feat_{i}"] = df[f"f{i}"]
/home/lilith/work/zen/zensim/scripts/v_next/train_v_next_mlp.py:133: PerformanceWarning: DataFrame is highly fragmented.  This is usually the result of calling `frame.insert` many times, which has poor performance.  Consider joining all columns at once using pd.concat(axis=1) instead. To get a de-fragmented frame, use `newframe = frame.copy()`
  out[f"feat_{i}"] = df[f"f{i}"]
/home/lilith/work/zen/zensim/scripts/v_next/train_v_next_mlp.py:133: PerformanceWarning: DataFrame is highly fragmented.  This is usually the result of calling `frame.insert` many times, which has poor performance.  Consider joining all columns at once using pd.concat(axis=1) instead. To get a de-fragmented frame, use `newframe = frame.copy()`
  out[f"feat_{i}"] = df[f"f{i}"]
/home/lilith/work/zen/zensim/scripts/v_next/train_v_next_mlp.py:133: PerformanceWarning: DataFrame is highly fragmented.  This is usually the result of calling `frame.insert` many times, which has poor performance.  Consider joining all columns at once using pd.concat(axis=1) instead. To get a de-fragmented frame, use `newframe = frame.copy()`
  out[f"feat_{i}"] = df[f"f{i}"]
/home/lilith/work/zen/zensim/scripts/v_next/train_v_next_mlp.py:133: PerformanceWarning: DataFrame is highly fragmented.  This is usually the result of calling `frame.insert` many times, which has poor performance.  Consider joining all columns at once using pd.concat(axis=1) instead. To get a de-fragmented frame, use `newframe = frame.copy()`
  out[f"feat_{i}"] = df[f"f{i}"]
/home/lilith/work/zen/zensim/scripts/v_next/train_v_next_mlp.py:133: PerformanceWarning: DataFrame is highly fragmented.  This is usually the result of calling `frame.insert` many times, which has poor performance.  Consider joining all columns at once using pd.concat(axis=1) instead. To get a de-fragmented frame, use `newframe = frame.copy()`
  out[f"feat_{i}"] = df[f"f{i}"]
/home/lilith/work/zen/zensim/scripts/v_next/train_v_next_mlp.py:133: PerformanceWarning: DataFrame is highly fragmented.  This is usually the result of calling `frame.insert` many times, which has poor performance.  Consider joining all columns at once using pd.concat(axis=1) instead. To get a de-fragmented frame, use `newframe = frame.copy()`
  out[f"feat_{i}"] = df[f"f{i}"]
/home/lilith/work/zen/zensim/scripts/v_next/train_v_next_mlp.py:133: PerformanceWarning: DataFrame is highly fragmented.  This is usually the result of calling `frame.insert` many times, which has poor performance.  Consider joining all columns at once using pd.concat(axis=1) instead. To get a de-fragmented frame, use `newframe = frame.copy()`
  out[f"feat_{i}"] = df[f"f{i}"]
/home/lilith/work/zen/zensim/scripts/v_next/train_v_next_mlp.py:133: PerformanceWarning: DataFrame is highly fragmented.  This is usually the result of calling `frame.insert` many times, which has poor performance.  Consider joining all columns at once using pd.concat(axis=1) instead. To get a de-fragmented frame, use `newframe = frame.copy()`
  out[f"feat_{i}"] = df[f"f{i}"]
/home/lilith/work/zen/zensim/scripts/v_next/train_v_next_mlp.py:133: PerformanceWarning: DataFrame is highly fragmented.  This is usually the result of calling `frame.insert` many times, which has poor performance.  Consider joining all columns at once using pd.concat(axis=1) instead. To get a de-fragmented frame, use `newframe = frame.copy()`
  out[f"feat_{i}"] = df[f"f{i}"]
/home/lilith/work/zen/zensim/scripts/v_next/train_v_next_mlp.py:133: PerformanceWarning: DataFrame is highly fragmented.  This is usually the result of calling `frame.insert` many times, which has poor performance.  Consider joining all columns at once using pd.concat(axis=1) instead. To get a de-fragmented frame, use `newframe = frame.copy()`
  out[f"feat_{i}"] = df[f"f{i}"]
/home/lilith/work/zen/zensim/scripts/v_next/train_v_next_mlp.py:133: PerformanceWarning: DataFrame is highly fragmented.  This is usually the result of calling `frame.insert` many times, which has poor performance.  Consider joining all columns at once using pd.concat(axis=1) instead. To get a de-fragmented frame, use `newframe = frame.copy()`
  out[f"feat_{i}"] = df[f"f{i}"]
/home/lilith/work/zen/zensim/scripts/v_next/train_v_next_mlp.py:133: PerformanceWarning: DataFrame is highly fragmented.  This is usually the result of calling `frame.insert` many times, which has poor performance.  Consider joining all columns at once using pd.concat(axis=1) instead. To get a de-fragmented frame, use `newframe = frame.copy()`
  out[f"feat_{i}"] = df[f"f{i}"]
/home/lilith/work/zen/zensim/scripts/v_next/train_v_next_mlp.py:133: PerformanceWarning: DataFrame is highly fragmented.  This is usually the result of calling `frame.insert` many times, which has poor performance.  Consider joining all columns at once using pd.concat(axis=1) instead. To get a de-fragmented frame, use `newframe = frame.copy()`
  out[f"feat_{i}"] = df[f"f{i}"]
/home/lilith/work/zen/zensim/scripts/v_next/train_v_next_mlp.py:133: PerformanceWarning: DataFrame is highly fragmented.  This is usually the result of calling `frame.insert` many times, which has poor performance.  Consider joining all columns at once using pd.concat(axis=1) instead. To get a de-fragmented frame, use `newframe = frame.copy()`
  out[f"feat_{i}"] = df[f"f{i}"]
/home/lilith/work/zen/zensim/scripts/v_next/train_v_next_mlp.py:133: PerformanceWarning: DataFrame is highly fragmented.  This is usually the result of calling `frame.insert` many times, which has poor performance.  Consider joining all columns at once using pd.concat(axis=1) instead. To get a de-fragmented frame, use `newframe = frame.copy()`
  out[f"feat_{i}"] = df[f"f{i}"]
/home/lilith/work/zen/zensim/scripts/v_next/train_v_next_mlp.py:133: PerformanceWarning: DataFrame is highly fragmented.  This is usually the result of calling `frame.insert` many times, which has poor performance.  Consider joining all columns at once using pd.concat(axis=1) instead. To get a de-fragmented frame, use `newframe = frame.copy()`
  out[f"feat_{i}"] = df[f"f{i}"]
/home/lilith/work/zen/zensim/scripts/v_next/train_v_next_mlp.py:133: PerformanceWarning: DataFrame is highly fragmented.  This is usually the result of calling `frame.insert` many times, which has poor performance.  Consider joining all columns at once using pd.concat(axis=1) instead. To get a de-fragmented frame, use `newframe = frame.copy()`
  out[f"feat_{i}"] = df[f"f{i}"]
/home/lilith/work/zen/zensim/scripts/v_next/train_v_next_mlp.py:133: PerformanceWarning: DataFrame is highly fragmented.  This is usually the result of calling `frame.insert` many times, which has poor performance.  Consider joining all columns at once using pd.concat(axis=1) instead. To get a de-fragmented frame, use `newframe = frame.copy()`
  out[f"feat_{i}"] = df[f"f{i}"]
/home/lilith/work/zen/zensim/scripts/v_next/train_v_next_mlp.py:133: PerformanceWarning: DataFrame is highly fragmented.  This is usually the result of calling `frame.insert` many times, which has poor performance.  Consider joining all columns at once using pd.concat(axis=1) instead. To get a de-fragmented frame, use `newframe = frame.copy()`
  out[f"feat_{i}"] = df[f"f{i}"]
/home/lilith/work/zen/zensim/scripts/v_next/train_v_next_mlp.py:133: PerformanceWarning: DataFrame is highly fragmented.  This is usually the result of calling `frame.insert` many times, which has poor performance.  Consider joining all columns at once using pd.concat(axis=1) instead. To get a de-fragmented frame, use `newframe = frame.copy()`
  out[f"feat_{i}"] = df[f"f{i}"]
/home/lilith/work/zen/zensim/scripts/v_next/train_v_next_mlp.py:133: PerformanceWarning: DataFrame is highly fragmented.  This is usually the result of calling `frame.insert` many times, which has poor performance.  Consider joining all columns at once using pd.concat(axis=1) instead. To get a de-fragmented frame, use `newframe = frame.copy()`
  out[f"feat_{i}"] = df[f"f{i}"]
/home/lilith/work/zen/zensim/scripts/v_next/train_v_next_mlp.py:133: PerformanceWarning: DataFrame is highly fragmented.  This is usually the result of calling `frame.insert` many times, which has poor performance.  Consider joining all columns at once using pd.concat(axis=1) instead. To get a de-fragmented frame, use `newframe = frame.copy()`
  out[f"feat_{i}"] = df[f"f{i}"]
/home/lilith/work/zen/zensim/scripts/v_next/train_v_next_mlp.py:133: PerformanceWarning: DataFrame is highly fragmented.  This is usually the result of calling `frame.insert` many times, which has poor performance.  Consider joining all columns at once using pd.concat(axis=1) instead. To get a de-fragmented frame, use `newframe = frame.copy()`
  out[f"feat_{i}"] = df[f"f{i}"]
/home/lilith/work/zen/zensim/scripts/v_next/train_v_next_mlp.py:133: PerformanceWarning: DataFrame is highly fragmented.  This is usually the result of calling `frame.insert` many times, which has poor performance.  Consider joining all columns at once using pd.concat(axis=1) instead. To get a de-fragmented frame, use `newframe = frame.copy()`
  out[f"feat_{i}"] = df[f"f{i}"]
/home/lilith/work/zen/zensim/scripts/v_next/train_v_next_mlp.py:133: PerformanceWarning: DataFrame is highly fragmented.  This is usually the result of calling `frame.insert` many times, which has poor performance.  Consider joining all columns at once using pd.concat(axis=1) instead. To get a de-fragmented frame, use `newframe = frame.copy()`
  out[f"feat_{i}"] = df[f"f{i}"]
/home/lilith/work/zen/zensim/scripts/v_next/train_v_next_mlp.py:133: PerformanceWarning: DataFrame is highly fragmented.  This is usually the result of calling `frame.insert` many times, which has poor performance.  Consider joining all columns at once using pd.concat(axis=1) instead. To get a de-fragmented frame, use `newframe = frame.copy()`
  out[f"feat_{i}"] = df[f"f{i}"]
/home/lilith/work/zen/zensim/scripts/v_next/train_v_next_mlp.py:133: PerformanceWarning: DataFrame is highly fragmented.  This is usually the result of calling `frame.insert` many times, which has poor performance.  Consider joining all columns at once using pd.concat(axis=1) instead. To get a de-fragmented frame, use `newframe = frame.copy()`
  out[f"feat_{i}"] = df[f"f{i}"]
/home/lilith/work/zen/zensim/scripts/v_next/train_v_next_mlp.py:133: PerformanceWarning: DataFrame is highly fragmented.  This is usually the result of calling `frame.insert` many times, which has poor performance.  Consider joining all columns at once using pd.concat(axis=1) instead. To get a de-fragmented frame, use `newframe = frame.copy()`
  out[f"feat_{i}"] = df[f"f{i}"]
/home/lilith/work/zen/zensim/scripts/v_next/train_v_next_mlp.py:133: PerformanceWarning: DataFrame is highly fragmented.  This is usually the result of calling `frame.insert` many times, which has poor performance.  Consider joining all columns at once using pd.concat(axis=1) instead. To get a de-fragmented frame, use `newframe = frame.copy()`
  out[f"feat_{i}"] = df[f"f{i}"]
/home/lilith/work/zen/zensim/scripts/v_next/train_v_next_mlp.py:133: PerformanceWarning: DataFrame is highly fragmented.  This is usually the result of calling `frame.insert` many times, which has poor performance.  Consider joining all columns at once using pd.concat(axis=1) instead. To get a de-fragmented frame, use `newframe = frame.copy()`
  out[f"feat_{i}"] = df[f"f{i}"]
/home/lilith/work/zen/zensim/scripts/v_next/train_v_next_mlp.py:133: PerformanceWarning: DataFrame is highly fragmented.  This is usually the result of calling `frame.insert` many times, which has poor performance.  Consider joining all columns at once using pd.concat(axis=1) instead. To get a de-fragmented frame, use `newframe = frame.copy()`
  out[f"feat_{i}"] = df[f"f{i}"]
/home/lilith/work/zen/zensim/scripts/v_next/train_v_next_mlp.py:133: PerformanceWarning: DataFrame is highly fragmented.  This is usually the result of calling `frame.insert` many times, which has poor performance.  Consider joining all columns at once using pd.concat(axis=1) instead. To get a de-fragmented frame, use `newframe = frame.copy()`
  out[f"feat_{i}"] = df[f"f{i}"]
/home/lilith/work/zen/zensim/scripts/v_next/train_v_next_mlp.py:133: PerformanceWarning: DataFrame is highly fragmented.  This is usually the result of calling `frame.insert` many times, which has poor performance.  Consider joining all columns at once using pd.concat(axis=1) instead. To get a de-fragmented frame, use `newframe = frame.copy()`
  out[f"feat_{i}"] = df[f"f{i}"]
/home/lilith/work/zen/zensim/scripts/v_next/train_v_next_mlp.py:133: PerformanceWarning: DataFrame is highly fragmented.  This is usually the result of calling `frame.insert` many times, which has poor performance.  Consider joining all columns at once using pd.concat(axis=1) instead. To get a de-fragmented frame, use `newframe = frame.copy()`
  out[f"feat_{i}"] = df[f"f{i}"]
/home/lilith/work/zen/zensim/scripts/v_next/train_v_next_mlp.py:133: PerformanceWarning: DataFrame is highly fragmented.  This is usually the result of calling `frame.insert` many times, which has poor performance.  Consider joining all columns at once using pd.concat(axis=1) instead. To get a de-fragmented frame, use `newframe = frame.copy()`
  out[f"feat_{i}"] = df[f"f{i}"]
/home/lilith/work/zen/zensim/scripts/v_next/train_v_next_mlp.py:133: PerformanceWarning: DataFrame is highly fragmented.  This is usually the result of calling `frame.insert` many times, which has poor performance.  Consider joining all columns at once using pd.concat(axis=1) instead. To get a de-fragmented frame, use `newframe = frame.copy()`
  out[f"feat_{i}"] = df[f"f{i}"]
/home/lilith/work/zen/zensim/scripts/v_next/train_v_next_mlp.py:133: PerformanceWarning: DataFrame is highly fragmented.  This is usually the result of calling `frame.insert` many times, which has poor performance.  Consider joining all columns at once using pd.concat(axis=1) instead. To get a de-fragmented frame, use `newframe = frame.copy()`
  out[f"feat_{i}"] = df[f"f{i}"]
/home/lilith/work/zen/zensim/scripts/v_next/train_v_next_mlp.py:133: PerformanceWarning: DataFrame is highly fragmented.  This is usually the result of calling `frame.insert` many times, which has poor performance.  Consider joining all columns at once using pd.concat(axis=1) instead. To get a de-fragmented frame, use `newframe = frame.copy()`
  out[f"feat_{i}"] = df[f"f{i}"]
/home/lilith/work/zen/zensim/scripts/v_next/train_v_next_mlp.py:133: PerformanceWarning: DataFrame is highly fragmented.  This is usually the result of calling `frame.insert` many times, which has poor performance.  Consider joining all columns at once using pd.concat(axis=1) instead. To get a de-fragmented frame, use `newframe = frame.copy()`
  out[f"feat_{i}"] = df[f"f{i}"]
/home/lilith/work/zen/zensim/scripts/v_next/train_v_next_mlp.py:133: PerformanceWarning: DataFrame is highly fragmented.  This is usually the result of calling `frame.insert` many times, which has poor performance.  Consider joining all columns at once using pd.concat(axis=1) instead. To get a de-fragmented frame, use `newframe = frame.copy()`
  out[f"feat_{i}"] = df[f"f{i}"]
/home/lilith/work/zen/zensim/scripts/v_next/train_v_next_mlp.py:133: PerformanceWarning: DataFrame is highly fragmented.  This is usually the result of calling `frame.insert` many times, which has poor performance.  Consider joining all columns at once using pd.concat(axis=1) instead. To get a de-fragmented frame, use `newframe = frame.copy()`
  out[f"feat_{i}"] = df[f"f{i}"]
/home/lilith/work/zen/zensim/scripts/v_next/train_v_next_mlp.py:133: PerformanceWarning: DataFrame is highly fragmented.  This is usually the result of calling `frame.insert` many times, which has poor performance.  Consider joining all columns at once using pd.concat(axis=1) instead. To get a de-fragmented frame, use `newframe = frame.copy()`
  out[f"feat_{i}"] = df[f"f{i}"]
/home/lilith/work/zen/zensim/scripts/v_next/train_v_next_mlp.py:133: PerformanceWarning: DataFrame is highly fragmented.  This is usually the result of calling `frame.insert` many times, which has poor performance.  Consider joining all columns at once using pd.concat(axis=1) instead. To get a de-fragmented frame, use `newframe = frame.copy()`
  out[f"feat_{i}"] = df[f"f{i}"]
/home/lilith/work/zen/zensim/scripts/v_next/train_v_next_mlp.py:133: PerformanceWarning: DataFrame is highly fragmented.  This is usually the result of calling `frame.insert` many times, which has poor performance.  Consider joining all columns at once using pd.concat(axis=1) instead. To get a de-fragmented frame, use `newframe = frame.copy()`
  out[f"feat_{i}"] = df[f"f{i}"]
/home/lilith/work/zen/zensim/scripts/v_next/train_v_next_mlp.py:133: PerformanceWarning: DataFrame is highly fragmented.  This is usually the result of calling `frame.insert` many times, which has poor performance.  Consider joining all columns at once using pd.concat(axis=1) instead. To get a de-fragmented frame, use `newframe = frame.copy()`
  out[f"feat_{i}"] = df[f"f{i}"]
/home/lilith/work/zen/zensim/scripts/v_next/train_v_next_mlp.py:133: PerformanceWarning: DataFrame is highly fragmented.  This is usually the result of calling `frame.insert` many times, which has poor performance.  Consider joining all columns at once using pd.concat(axis=1) instead. To get a de-fragmented frame, use `newframe = frame.copy()`
  out[f"feat_{i}"] = df[f"f{i}"]
/home/lilith/work/zen/zensim/scripts/v_next/train_v_next_mlp.py:133: PerformanceWarning: DataFrame is highly fragmented.  This is usually the result of calling `frame.insert` many times, which has poor performance.  Consider joining all columns at once using pd.concat(axis=1) instead. To get a de-fragmented frame, use `newframe = frame.copy()`
  out[f"feat_{i}"] = df[f"f{i}"]
/home/lilith/work/zen/zensim/scripts/v_next/train_v_next_mlp.py:133: PerformanceWarning: DataFrame is highly fragmented.  This is usually the result of calling `frame.insert` many times, which has poor performance.  Consider joining all columns at once using pd.concat(axis=1) instead. To get a de-fragmented frame, use `newframe = frame.copy()`
  out[f"feat_{i}"] = df[f"f{i}"]
/home/lilith/work/zen/zensim/scripts/v_next/train_v_next_mlp.py:133: PerformanceWarning: DataFrame is highly fragmented.  This is usually the result of calling `frame.insert` many times, which has poor performance.  Consider joining all columns at once using pd.concat(axis=1) instead. To get a de-fragmented frame, use `newframe = frame.copy()`
  out[f"feat_{i}"] = df[f"f{i}"]
/home/lilith/work/zen/zensim/scripts/v_next/train_v_next_mlp.py:133: PerformanceWarning: DataFrame is highly fragmented.  This is usually the result of calling `frame.insert` many times, which has poor performance.  Consider joining all columns at once using pd.concat(axis=1) instead. To get a de-fragmented frame, use `newframe = frame.copy()`
  out[f"feat_{i}"] = df[f"f{i}"]
/home/lilith/work/zen/zensim/scripts/v_next/train_v_next_mlp.py:133: PerformanceWarning: DataFrame is highly fragmented.  This is usually the result of calling `frame.insert` many times, which has poor performance.  Consider joining all columns at once using pd.concat(axis=1) instead. To get a de-fragmented frame, use `newframe = frame.copy()`
  out[f"feat_{i}"] = df[f"f{i}"]
/home/lilith/work/zen/zensim/scripts/v_next/train_v_next_mlp.py:133: PerformanceWarning: DataFrame is highly fragmented.  This is usually the result of calling `frame.insert` many times, which has poor performance.  Consider joining all columns at once using pd.concat(axis=1) instead. To get a de-fragmented frame, use `newframe = frame.copy()`
  out[f"feat_{i}"] = df[f"f{i}"]
/home/lilith/work/zen/zensim/scripts/v_next/train_v_next_mlp.py:133: PerformanceWarning: DataFrame is highly fragmented.  This is usually the result of calling `frame.insert` many times, which has poor performance.  Consider joining all columns at once using pd.concat(axis=1) instead. To get a de-fragmented frame, use `newframe = frame.copy()`
  out[f"feat_{i}"] = df[f"f{i}"]
/home/lilith/work/zen/zensim/scripts/v_next/train_v_next_mlp.py:133: PerformanceWarning: DataFrame is highly fragmented.  This is usually the result of calling `frame.insert` many times, which has poor performance.  Consider joining all columns at once using pd.concat(axis=1) instead. To get a de-fragmented frame, use `newframe = frame.copy()`
  out[f"feat_{i}"] = df[f"f{i}"]
/home/lilith/work/zen/zensim/scripts/v_next/train_v_next_mlp.py:133: PerformanceWarning: DataFrame is highly fragmented.  This is usually the result of calling `frame.insert` many times, which has poor performance.  Consider joining all columns at once using pd.concat(axis=1) instead. To get a de-fragmented frame, use `newframe = frame.copy()`
  out[f"feat_{i}"] = df[f"f{i}"]
/home/lilith/work/zen/zensim/scripts/v_next/train_v_next_mlp.py:133: PerformanceWarning: DataFrame is highly fragmented.  This is usually the result of calling `frame.insert` many times, which has poor performance.  Consider joining all columns at once using pd.concat(axis=1) instead. To get a de-fragmented frame, use `newframe = frame.copy()`
  out[f"feat_{i}"] = df[f"f{i}"]
/home/lilith/work/zen/zensim/scripts/v_next/train_v_next_mlp.py:133: PerformanceWarning: DataFrame is highly fragmented.  This is usually the result of calling `frame.insert` many times, which has poor performance.  Consider joining all columns at once using pd.concat(axis=1) instead. To get a de-fragmented frame, use `newframe = frame.copy()`
  out[f"feat_{i}"] = df[f"f{i}"]
/home/lilith/work/zen/zensim/scripts/v_next/train_v_next_mlp.py:133: PerformanceWarning: DataFrame is highly fragmented.  This is usually the result of calling `frame.insert` many times, which has poor performance.  Consider joining all columns at once using pd.concat(axis=1) instead. To get a de-fragmented frame, use `newframe = frame.copy()`
  out[f"feat_{i}"] = df[f"f{i}"]
/home/lilith/work/zen/zensim/scripts/v_next/train_v_next_mlp.py:133: PerformanceWarning: DataFrame is highly fragmented.  This is usually the result of calling `frame.insert` many times, which has poor performance.  Consider joining all columns at once using pd.concat(axis=1) instead. To get a de-fragmented frame, use `newframe = frame.copy()`
  out[f"feat_{i}"] = df[f"f{i}"]
/home/lilith/work/zen/zensim/scripts/v_next/train_v_next_mlp.py:133: PerformanceWarning: DataFrame is highly fragmented.  This is usually the result of calling `frame.insert` many times, which has poor performance.  Consider joining all columns at once using pd.concat(axis=1) instead. To get a de-fragmented frame, use `newframe = frame.copy()`
  out[f"feat_{i}"] = df[f"f{i}"]
/home/lilith/work/zen/zensim/scripts/v_next/train_v_next_mlp.py:133: PerformanceWarning: DataFrame is highly fragmented.  This is usually the result of calling `frame.insert` many times, which has poor performance.  Consider joining all columns at once using pd.concat(axis=1) instead. To get a de-fragmented frame, use `newframe = frame.copy()`
  out[f"feat_{i}"] = df[f"f{i}"]
/home/lilith/work/zen/zensim/scripts/v_next/train_v_next_mlp.py:133: PerformanceWarning: DataFrame is highly fragmented.  This is usually the result of calling `frame.insert` many times, which has poor performance.  Consider joining all columns at once using pd.concat(axis=1) instead. To get a de-fragmented frame, use `newframe = frame.copy()`
  out[f"feat_{i}"] = df[f"f{i}"]
/home/lilith/work/zen/zensim/scripts/v_next/train_v_next_mlp.py:133: PerformanceWarning: DataFrame is highly fragmented.  This is usually the result of calling `frame.insert` many times, which has poor performance.  Consider joining all columns at once using pd.concat(axis=1) instead. To get a de-fragmented frame, use `newframe = frame.copy()`
  out[f"feat_{i}"] = df[f"f{i}"]
/home/lilith/work/zen/zensim/scripts/v_next/train_v_next_mlp.py:133: PerformanceWarning: DataFrame is highly fragmented.  This is usually the result of calling `frame.insert` many times, which has poor performance.  Consider joining all columns at once using pd.concat(axis=1) instead. To get a de-fragmented frame, use `newframe = frame.copy()`
  out[f"feat_{i}"] = df[f"f{i}"]
/home/lilith/work/zen/zensim/scripts/v_next/train_v_next_mlp.py:133: PerformanceWarning: DataFrame is highly fragmented.  This is usually the result of calling `frame.insert` many times, which has poor performance.  Consider joining all columns at once using pd.concat(axis=1) instead. To get a de-fragmented frame, use `newframe = frame.copy()`
  out[f"feat_{i}"] = df[f"f{i}"]
/home/lilith/work/zen/zensim/scripts/v_next/train_v_next_mlp.py:133: PerformanceWarning: DataFrame is highly fragmented.  This is usually the result of calling `frame.insert` many times, which has poor performance.  Consider joining all columns at once using pd.concat(axis=1) instead. To get a de-fragmented frame, use `newframe = frame.copy()`
  out[f"feat_{i}"] = df[f"f{i}"]
/home/lilith/work/zen/zensim/scripts/v_next/train_v_next_mlp.py:133: PerformanceWarning: DataFrame is highly fragmented.  This is usually the result of calling `frame.insert` many times, which has poor performance.  Consider joining all columns at once using pd.concat(axis=1) instead. To get a de-fragmented frame, use `newframe = frame.copy()`
  out[f"feat_{i}"] = df[f"f{i}"]
/home/lilith/work/zen/zensim/scripts/v_next/train_v_next_mlp.py:133: PerformanceWarning: DataFrame is highly fragmented.  This is usually the result of calling `frame.insert` many times, which has poor performance.  Consider joining all columns at once using pd.concat(axis=1) instead. To get a de-fragmented frame, use `newframe = frame.copy()`
  out[f"feat_{i}"] = df[f"f{i}"]
/home/lilith/work/zen/zensim/scripts/v_next/train_v_next_mlp.py:133: PerformanceWarning: DataFrame is highly fragmented.  This is usually the result of calling `frame.insert` many times, which has poor performance.  Consider joining all columns at once using pd.concat(axis=1) instead. To get a de-fragmented frame, use `newframe = frame.copy()`
  out[f"feat_{i}"] = df[f"f{i}"]
/home/lilith/work/zen/zensim/scripts/v_next/train_v_next_mlp.py:133: PerformanceWarning: DataFrame is highly fragmented.  This is usually the result of calling `frame.insert` many times, which has poor performance.  Consider joining all columns at once using pd.concat(axis=1) instead. To get a de-fragmented frame, use `newframe = frame.copy()`
  out[f"feat_{i}"] = df[f"f{i}"]
/home/lilith/work/zen/zensim/scripts/v_next/train_v_next_mlp.py:133: PerformanceWarning: DataFrame is highly fragmented.  This is usually the result of calling `frame.insert` many times, which has poor performance.  Consider joining all columns at once using pd.concat(axis=1) instead. To get a de-fragmented frame, use `newframe = frame.copy()`
  out[f"feat_{i}"] = df[f"f{i}"]
/home/lilith/work/zen/zensim/scripts/v_next/train_v_next_mlp.py:133: PerformanceWarning: DataFrame is highly fragmented.  This is usually the result of calling `frame.insert` many times, which has poor performance.  Consider joining all columns at once using pd.concat(axis=1) instead. To get a de-fragmented frame, use `newframe = frame.copy()`
  out[f"feat_{i}"] = df[f"f{i}"]
/home/lilith/work/zen/zensim/scripts/v_next/train_v_next_mlp.py:133: PerformanceWarning: DataFrame is highly fragmented.  This is usually the result of calling `frame.insert` many times, which has poor performance.  Consider joining all columns at once using pd.concat(axis=1) instead. To get a de-fragmented frame, use `newframe = frame.copy()`
  out[f"feat_{i}"] = df[f"f{i}"]
/home/lilith/work/zen/zensim/scripts/v_next/train_v_next_mlp.py:133: PerformanceWarning: DataFrame is highly fragmented.  This is usually the result of calling `frame.insert` many times, which has poor performance.  Consider joining all columns at once using pd.concat(axis=1) instead. To get a de-fragmented frame, use `newframe = frame.copy()`
  out[f"feat_{i}"] = df[f"f{i}"]
/home/lilith/work/zen/zensim/scripts/v_next/train_v_next_mlp.py:133: PerformanceWarning: DataFrame is highly fragmented.  This is usually the result of calling `frame.insert` many times, which has poor performance.  Consider joining all columns at once using pd.concat(axis=1) instead. To get a de-fragmented frame, use `newframe = frame.copy()`
  out[f"feat_{i}"] = df[f"f{i}"]
/home/lilith/work/zen/zensim/scripts/v_next/train_v_next_mlp.py:133: PerformanceWarning: DataFrame is highly fragmented.  This is usually the result of calling `frame.insert` many times, which has poor performance.  Consider joining all columns at once using pd.concat(axis=1) instead. To get a de-fragmented frame, use `newframe = frame.copy()`
  out[f"feat_{i}"] = df[f"f{i}"]
/home/lilith/work/zen/zensim/scripts/v_next/train_v_next_mlp.py:133: PerformanceWarning: DataFrame is highly fragmented.  This is usually the result of calling `frame.insert` many times, which has poor performance.  Consider joining all columns at once using pd.concat(axis=1) instead. To get a de-fragmented frame, use `newframe = frame.copy()`
  out[f"feat_{i}"] = df[f"f{i}"]
/home/lilith/work/zen/zensim/scripts/v_next/train_v_next_mlp.py:133: PerformanceWarning: DataFrame is highly fragmented.  This is usually the result of calling `frame.insert` many times, which has poor performance.  Consider joining all columns at once using pd.concat(axis=1) instead. To get a de-fragmented frame, use `newframe = frame.copy()`
  out[f"feat_{i}"] = df[f"f{i}"]
/home/lilith/work/zen/zensim/scripts/v_next/train_v_next_mlp.py:133: PerformanceWarning: DataFrame is highly fragmented.  This is usually the result of calling `frame.insert` many times, which has poor performance.  Consider joining all columns at once using pd.concat(axis=1) instead. To get a de-fragmented frame, use `newframe = frame.copy()`
  out[f"feat_{i}"] = df[f"f{i}"]
/home/lilith/work/zen/zensim/scripts/v_next/train_v_next_mlp.py:133: PerformanceWarning: DataFrame is highly fragmented.  This is usually the result of calling `frame.insert` many times, which has poor performance.  Consider joining all columns at once using pd.concat(axis=1) instead. To get a de-fragmented frame, use `newframe = frame.copy()`
  out[f"feat_{i}"] = df[f"f{i}"]
/home/lilith/work/zen/zensim/scripts/v_next/train_v_next_mlp.py:133: PerformanceWarning: DataFrame is highly fragmented.  This is usually the result of calling `frame.insert` many times, which has poor performance.  Consider joining all columns at once using pd.concat(axis=1) instead. To get a de-fragmented frame, use `newframe = frame.copy()`
  out[f"feat_{i}"] = df[f"f{i}"]
/home/lilith/work/zen/zensim/scripts/v_next/train_v_next_mlp.py:133: PerformanceWarning: DataFrame is highly fragmented.  This is usually the result of calling `frame.insert` many times, which has poor performance.  Consider joining all columns at once using pd.concat(axis=1) instead. To get a de-fragmented frame, use `newframe = frame.copy()`
  out[f"feat_{i}"] = df[f"f{i}"]
/home/lilith/work/zen/zensim/scripts/v_next/train_v_next_mlp.py:133: PerformanceWarning: DataFrame is highly fragmented.  This is usually the result of calling `frame.insert` many times, which has poor performance.  Consider joining all columns at once using pd.concat(axis=1) instead. To get a de-fragmented frame, use `newframe = frame.copy()`
  out[f"feat_{i}"] = df[f"f{i}"]
/home/lilith/work/zen/zensim/scripts/v_next/train_v_next_mlp.py:133: PerformanceWarning: DataFrame is highly fragmented.  This is usually the result of calling `frame.insert` many times, which has poor performance.  Consider joining all columns at once using pd.concat(axis=1) instead. To get a de-fragmented frame, use `newframe = frame.copy()`
  out[f"feat_{i}"] = df[f"f{i}"]
/home/lilith/work/zen/zensim/scripts/v_next/train_v_next_mlp.py:133: PerformanceWarning: DataFrame is highly fragmented.  This is usually the result of calling `frame.insert` many times, which has poor performance.  Consider joining all columns at once using pd.concat(axis=1) instead. To get a de-fragmented frame, use `newframe = frame.copy()`
  out[f"feat_{i}"] = df[f"f{i}"]
/home/lilith/work/zen/zensim/scripts/v_next/train_v_next_mlp.py:133: PerformanceWarning: DataFrame is highly fragmented.  This is usually the result of calling `frame.insert` many times, which has poor performance.  Consider joining all columns at once using pd.concat(axis=1) instead. To get a de-fragmented frame, use `newframe = frame.copy()`
  out[f"feat_{i}"] = df[f"f{i}"]
/home/lilith/work/zen/zensim/scripts/v_next/train_v_next_mlp.py:133: PerformanceWarning: DataFrame is highly fragmented.  This is usually the result of calling `frame.insert` many times, which has poor performance.  Consider joining all columns at once using pd.concat(axis=1) instead. To get a de-fragmented frame, use `newframe = frame.copy()`
  out[f"feat_{i}"] = df[f"f{i}"]
/home/lilith/work/zen/zensim/scripts/v_next/train_v_next_mlp.py:133: PerformanceWarning: DataFrame is highly fragmented.  This is usually the result of calling `frame.insert` many times, which has poor performance.  Consider joining all columns at once using pd.concat(axis=1) instead. To get a de-fragmented frame, use `newframe = frame.copy()`
  out[f"feat_{i}"] = df[f"f{i}"]
/home/lilith/work/zen/zensim/scripts/v_next/train_v_next_mlp.py:133: PerformanceWarning: DataFrame is highly fragmented.  This is usually the result of calling `frame.insert` many times, which has poor performance.  Consider joining all columns at once using pd.concat(axis=1) instead. To get a de-fragmented frame, use `newframe = frame.copy()`
  out[f"feat_{i}"] = df[f"f{i}"]
/home/lilith/work/zen/zensim/scripts/v_next/train_v_next_mlp.py:133: PerformanceWarning: DataFrame is highly fragmented.  This is usually the result of calling `frame.insert` many times, which has poor performance.  Consider joining all columns at once using pd.concat(axis=1) instead. To get a de-fragmented frame, use `newframe = frame.copy()`
  out[f"feat_{i}"] = df[f"f{i}"]
/home/lilith/work/zen/zensim/scripts/v_next/train_v_next_mlp.py:149: PerformanceWarning: DataFrame is highly fragmented.  This is usually the result of calling `frame.insert` many times, which has poor performance.  Consider joining all columns at once using pd.concat(axis=1) instead. To get a de-fragmented frame, use `newframe = frame.copy()`
  out["is_val_only"] = out["image_basename"].isin(val_refs)
/home/lilith/work/zen/zensim/scripts/v_next/train_v_next_mlp.py:150: PerformanceWarning: DataFrame is highly fragmented.  This is usually the result of calling `frame.insert` many times, which has poor performance.  Consider joining all columns at once using pd.concat(axis=1) instead. To get a de-fragmented frame, use `newframe = frame.copy()`
  out["train_weight"] = np.where(out["is_val_only"], 0.0, train_weight)
/home/lilith/work/zen/zensim/scripts/v_next/train_v_next_mlp.py:151: PerformanceWarning: DataFrame is highly fragmented.  This is usually the result of calling `frame.insert` many times, which has poor performance.  Consider joining all columns at once using pd.concat(axis=1) instead. To get a de-fragmented frame, use `newframe = frame.copy()`
  out["dataset"] = dataset_name
/home/lilith/work/zen/zensim/scripts/v_next/train_v_next_mlp.py:152: PerformanceWarning: DataFrame is highly fragmented.  This is usually the result of calling `frame.insert` many times, which has poor performance.  Consider joining all columns at once using pd.concat(axis=1) instead. To get a de-fragmented frame, use `newframe = frame.copy()`
  out["target_human"] = score_100  # explicit copy for V0_6 ranknet groups
  3,000 rows, 25 unique refs (val=6 val_only refs); train_w=0.3, loaded in 0.2s
After human-MOS splice: 2,299,266 synthetic + 231,214 human = 2,530,480 total rows
Split: train=2,012,982 (79.5%) val=286,548 (11.3%) test=230,950 (9.1%)
Using 228 feature columns: feat_0..feat_227
Materializing feature matrix (this is the slow part — pandas → numpy on 2M+ rows × 228 cols)...
  done in 4.3s, X shape (2530480, 228)
Encoding RankNet groups (key=image)...
  4,639 unique groups (0.2s)
Config: TrainConfig(target='ssim2', loss='mse_rank', hidden=[192, 128], epochs=300, batch_size=2048, lr=0.003, weight_decay=1e-05, dropout=0.0, rank_weight=0.5, seed=0, tv_weight=10.0, lr_schedule='constant', optimizer='adamw', init='kaiming', val_policy='mean', lr_cycle_period=50)
Train rows: 1,966,582  Val rows: 338,606  Test rows: 225,292
Standardized features: train mean abs=0.643, std=1.000
Building TV adjacency pairs from training rows...
  1,731,456 adjacent-q pairs (0.7s)
  TV regularizer: 1,731,456 adjacent-q pairs, weight=10.0
  epoch   0  train_loss=99.1972  val_mse=36.521  val_srocc=0.9735  val_krocc=0.8837  sel=0.8387  kadid=0.7302  safesyn=0.9955  synthetic=0.9705  tid=0.6588
  epoch   1  train_loss=10.0674  val_mse=27.109  val_srocc=0.9788  val_krocc=0.9010  sel=0.8735  kadid=0.7951  safesyn=0.9964  synthetic=0.9756  tid=0.7271
  epoch   2  train_loss=57.2071  val_mse=23.255  val_srocc=0.9793  val_krocc=0.9013  sel=0.8835  kadid=0.8231  safesyn=0.9971  synthetic=0.9757  tid=0.7379
  epoch   3  train_loss=6.2565  val_mse=21.148  val_srocc=0.9808  val_krocc=0.9057  sel=0.8901  kadid=0.8447  safesyn=0.9977  synthetic=0.9770  tid=0.7410
  epoch   4  train_loss=41.1910  val_mse=21.610  val_srocc=0.9809  val_krocc=0.9042  sel=0.8851  kadid=0.8399  safesyn=0.9976  synthetic=0.9773  tid=0.7255
  epoch   5  train_loss=6.2231  val_mse=20.795  val_srocc=0.9816  val_krocc=0.9074  sel=0.8917  kadid=0.8506  safesyn=0.9976  synthetic=0.9781  tid=0.7404
  epoch   6  train_loss=4.4497  val_mse=20.463  val_srocc=0.9819  val_krocc=0.9080  sel=0.8903  kadid=0.8567  safesyn=0.9979  synthetic=0.9781  tid=0.7286
  epoch   7  train_loss=4.4713  val_mse=20.667  val_srocc=0.9820  val_krocc=0.9082  sel=0.8985  kadid=0.8575  safesyn=0.9980  synthetic=0.9782  tid=0.7601
  epoch   8  train_loss=3.7721  val_mse=19.480  val_srocc=0.9832  val_krocc=0.9118  sel=0.9013  kadid=0.8644  safesyn=0.9977  synthetic=0.9799  tid=0.7634
  epoch   9  train_loss=3.9827  val_mse=18.457  val_srocc=0.9832  val_krocc=0.9117  sel=0.9004  kadid=0.8808  safesyn=0.9981  synthetic=0.9794  tid=0.7433
  epoch  10  train_loss=3.3207  val_mse=18.865  val_srocc=0.9828  val_krocc=0.9113  sel=0.9101  kadid=0.8827  safesyn=0.9978  synthetic=0.9790  tid=0.7808
  epoch  11  train_loss=3.8309  val_mse=20.636  val_srocc=0.9817  val_krocc=0.9077  sel=0.9077  kadid=0.8775  safesyn=0.9979  synthetic=0.9773  tid=0.7781
  epoch  12  train_loss=3.0931  val_mse=20.609  val_srocc=0.9827  val_krocc=0.9117  sel=0.9156  kadid=0.8935  safesyn=0.9982  synthetic=0.9786  tid=0.7920
  epoch  13  train_loss=5.8873  val_mse=20.386  val_srocc=0.9825  val_krocc=0.9109  sel=0.9110  kadid=0.8813  safesyn=0.9982  synthetic=0.9786  tid=0.7858
  epoch  14  train_loss=3.5571  val_mse=20.631  val_srocc=0.9821  val_krocc=0.9100  sel=0.9049  kadid=0.8747  safesyn=0.9982  synthetic=0.9778  tid=0.7691
  epoch  15  train_loss=7.2054  val_mse=22.618  val_srocc=0.9810  val_krocc=0.9079  sel=0.8850  kadid=0.8208  safesyn=0.9981  synthetic=0.9772  tid=0.7440
  epoch  16  train_loss=4.7421  val_mse=20.827  val_srocc=0.9816  val_krocc=0.9103  sel=0.9148  kadid=0.8819  safesyn=0.9983  synthetic=0.9771  tid=0.8018
  epoch  17  train_loss=3.7626  val_mse=21.963  val_srocc=0.9811  val_krocc=0.9092  sel=0.9017  kadid=0.8398  safesyn=0.9981  synthetic=0.9769  tid=0.7919
  epoch  18  train_loss=13.9192  val_mse=22.079  val_srocc=0.9807  val_krocc=0.9067  sel=0.9022  kadid=0.8648  safesyn=0.9980  synthetic=0.9761  tid=0.7699
  epoch  19  train_loss=6.3894  val_mse=22.854  val_srocc=0.9809  val_krocc=0.9092  sel=0.9091  kadid=0.8668  safesyn=0.9981  synthetic=0.9764  tid=0.7952
  epoch  20  train_loss=7.0413  val_mse=23.691  val_srocc=0.9795  val_krocc=0.9023  sel=0.8902  kadid=0.8248  safesyn=0.9968  synthetic=0.9756  tid=0.7638
  epoch  21  train_loss=31.1931  val_mse=23.843  val_srocc=0.9798  val_krocc=0.9044  sel=0.8830  kadid=0.8453  safesyn=0.9971  synthetic=0.9756  tid=0.7141
  epoch  22  train_loss=18.7848  val_mse=23.163  val_srocc=0.9805  val_krocc=0.9064  sel=0.9040  kadid=0.8612  safesyn=0.9979  synthetic=0.9760  tid=0.7811
  epoch  23  train_loss=5.7789  val_mse=21.491  val_srocc=0.9810  val_krocc=0.9076  sel=0.9114  kadid=0.8798  safesyn=0.9982  synthetic=0.9760  tid=0.7918
  epoch  24  train_loss=4.4303  val_mse=21.750  val_srocc=0.9811  val_krocc=0.9082  sel=0.9132  kadid=0.8749  safesyn=0.9982  synthetic=0.9765  tid=0.8034
  epoch  25  train_loss=4.2517  val_mse=22.145  val_srocc=0.9806  val_krocc=0.9073  sel=0.9095  kadid=0.8669  safesyn=0.9983  synthetic=0.9756  tid=0.7972
  epoch  26  train_loss=6.4499  val_mse=21.987  val_srocc=0.9810  val_krocc=0.9082  sel=0.9122  kadid=0.8689  safesyn=0.9983  synthetic=0.9765  tid=0.8052
  epoch  27  train_loss=3.4188  val_mse=22.120  val_srocc=0.9808  val_krocc=0.9089  sel=0.9172  kadid=0.8837  safesyn=0.9984  synthetic=0.9758  tid=0.8110
  epoch  28  train_loss=9.6568  val_mse=22.085  val_srocc=0.9814  val_krocc=0.9095  sel=0.9159  kadid=0.8723  safesyn=0.9982  synthetic=0.9767  tid=0.8165
  epoch  29  train_loss=3.7135  val_mse=21.960  val_srocc=0.9806  val_krocc=0.9076  sel=0.9112  kadid=0.8738  safesyn=0.9983  synthetic=0.9756  tid=0.7972
  epoch  30  train_loss=2.6745  val_mse=22.061  val_srocc=0.9804  val_krocc=0.9087  sel=0.9156  kadid=0.8838  safesyn=0.9979  synthetic=0.9754  tid=0.8055
  epoch  31  train_loss=2.5923  val_mse=22.753  val_srocc=0.9806  val_krocc=0.9095  sel=0.9150  kadid=0.8847  safesyn=0.9985  synthetic=0.9753  tid=0.8015
  epoch  32  train_loss=2.4140  val_mse=21.741  val_srocc=0.9808  val_krocc=0.9093  sel=0.9222  kadid=0.8944  safesyn=0.9985  synthetic=0.9755  tid=0.8205
  epoch  33  train_loss=2.4120  val_mse=23.027  val_srocc=0.9801  val_krocc=0.9089  sel=0.9252  kadid=0.8991  safesyn=0.9985  synthetic=0.9745  tid=0.8288
  epoch  34  train_loss=2.3067  val_mse=22.224  val_srocc=0.9808  val_krocc=0.9096  sel=0.9220  kadid=0.8960  safesyn=0.9985  synthetic=0.9753  tid=0.8181
  epoch  35  train_loss=2.2521  val_mse=22.184  val_srocc=0.9810  val_krocc=0.9104  sel=0.9229  kadid=0.9017  safesyn=0.9986  synthetic=0.9756  tid=0.8156
  epoch  36  train_loss=2.2138  val_mse=22.525  val_srocc=0.9808  val_krocc=0.9109  sel=0.9177  kadid=0.8850  safesyn=0.9986  synthetic=0.9754  tid=0.8118
  epoch  37  train_loss=2.1690  val_mse=21.958  val_srocc=0.9811  val_krocc=0.9104  sel=0.9249  kadid=0.9032  safesyn=0.9986  synthetic=0.9755  tid=0.8224
  epoch  38  train_loss=2.1358  val_mse=22.633  val_srocc=0.9812  val_krocc=0.9115  sel=0.9242  kadid=0.9023  safesyn=0.9987  synthetic=0.9757  tid=0.8201
  epoch  39  train_loss=2.0970  val_mse=22.834  val_srocc=0.9805  val_krocc=0.9103  sel=0.9220  kadid=0.8967  safesyn=0.9986  synthetic=0.9748  tid=0.8180
  epoch  40  train_loss=2.1862  val_mse=22.445  val_srocc=0.9810  val_krocc=0.9109  sel=0.9262  kadid=0.9015  safesyn=0.9986  synthetic=0.9754  tid=0.8294
  epoch  41  train_loss=2.2271  val_mse=22.363  val_srocc=0.9810  val_krocc=0.9116  sel=0.9250  kadid=0.9004  safesyn=0.9986  synthetic=0.9755  tid=0.8255
  epoch  42  train_loss=2.2588  val_mse=24.615  val_srocc=0.9791  val_krocc=0.9085  sel=0.9091  kadid=0.8549  safesyn=0.9985  synthetic=0.9732  tid=0.8098
  epoch  43  train_loss=2.2890  val_mse=22.905  val_srocc=0.9806  val_krocc=0.9108  sel=0.9210  kadid=0.8938  safesyn=0.9984  synthetic=0.9751  tid=0.8169
  epoch  44  train_loss=6.9256  val_mse=23.480  val_srocc=0.9802  val_krocc=0.9090  sel=0.9068  kadid=0.8620  safesyn=0.9982  synthetic=0.9750  tid=0.7919
  epoch  45  train_loss=8.0054  val_mse=24.961  val_srocc=0.9797  val_krocc=0.9085  sel=0.9126  kadid=0.8803  safesyn=0.9985  synthetic=0.9740  tid=0.7977
  epoch  46  train_loss=17.8233  val_mse=25.082  val_srocc=0.9791  val_krocc=0.9064  sel=0.9115  kadid=0.8671  safesyn=0.9983  synthetic=0.9737  tid=0.8068
  epoch  47  train_loss=9.1211  val_mse=27.523  val_srocc=0.9786  val_krocc=0.9052  sel=0.8974  kadid=0.8045  safesyn=0.9975  synthetic=0.9732  tid=0.8145
  epoch  48  train_loss=11.7911  val_mse=26.767  val_srocc=0.9792  val_krocc=0.9070  sel=0.9008  kadid=0.8612  safesyn=0.9982  synthetic=0.9739  tid=0.7699
  epoch  49  train_loss=7.0394  val_mse=25.696  val_srocc=0.9797  val_krocc=0.9075  sel=0.9086  kadid=0.8724  safesyn=0.9984  synthetic=0.9745  tid=0.7892
  epoch  50  train_loss=19.1892  val_mse=41.582  val_srocc=0.9789  val_krocc=0.9048  sel=0.8827  kadid=0.7973  safesyn=0.9973  synthetic=0.9749  tid=0.7614
  epoch  51  train_loss=11.4780  val_mse=26.362  val_srocc=0.9788  val_krocc=0.9062  sel=0.9059  kadid=0.8708  safesyn=0.9981  synthetic=0.9734  tid=0.7812
  epoch  52  train_loss=11.5096  val_mse=26.997  val_srocc=0.9789  val_krocc=0.9071  sel=0.9083  kadid=0.8701  safesyn=0.9981  synthetic=0.9734  tid=0.7918
  epoch  53  train_loss=4.2660  val_mse=26.776  val_srocc=0.9790  val_krocc=0.9076  sel=0.9142  kadid=0.8787  safesyn=0.9983  synthetic=0.9734  tid=0.8066
  epoch  54  train_loss=7.6270  val_mse=26.419  val_srocc=0.9789  val_krocc=0.9058  sel=0.9114  kadid=0.8785  safesyn=0.9983  synthetic=0.9733  tid=0.7955
  epoch  55  train_loss=4.0399  val_mse=26.399  val_srocc=0.9794  val_krocc=0.9090  sel=0.9155  kadid=0.8780  safesyn=0.9985  synthetic=0.9737  tid=0.8118
  epoch  56  train_loss=2.5837  val_mse=24.150  val_srocc=0.9804  val_krocc=0.9098  sel=0.9182  kadid=0.8867  safesyn=0.9986  synthetic=0.9749  tid=0.8125
  epoch  57  train_loss=3.3896  val_mse=24.028  val_srocc=0.9801  val_krocc=0.9097  sel=0.9171  kadid=0.8844  safesyn=0.9986  synthetic=0.9746  tid=0.8110
  epoch  58  train_loss=2.7776  val_mse=25.448  val_srocc=0.9788  val_krocc=0.9054  sel=0.8984  kadid=0.8322  safesyn=0.9979  synthetic=0.9736  tid=0.7899
  epoch  59  train_loss=3.5098  val_mse=25.693  val_srocc=0.9789  val_krocc=0.9067  sel=0.9186  kadid=0.8871  safesyn=0.9986  synthetic=0.9727  tid=0.8162
  epoch  60  train_loss=2.1702  val_mse=24.651  val_srocc=0.9799  val_krocc=0.9087  sel=0.9174  kadid=0.8891  safesyn=0.9986  synthetic=0.9740  tid=0.8079
  epoch  61  train_loss=2.1928  val_mse=25.514  val_srocc=0.9794  val_krocc=0.9074  sel=0.9215  kadid=0.8936  safesyn=0.9986  synthetic=0.9734  tid=0.8204
  epoch  62  train_loss=2.1574  val_mse=25.712  val_srocc=0.9795  val_krocc=0.9088  sel=0.9158  kadid=0.8879  safesyn=0.9986  synthetic=0.9735  tid=0.8032
  epoch  63  train_loss=2.0427  val_mse=24.913  val_srocc=0.9794  val_krocc=0.9080  sel=0.9217  kadid=0.8951  safesyn=0.9986  synthetic=0.9733  tid=0.8199
  epoch  64  train_loss=2.0552  val_mse=25.449  val_srocc=0.9794  val_krocc=0.9081  sel=0.9218  kadid=0.8989  safesyn=0.9986  synthetic=0.9731  tid=0.8165
  epoch  65  train_loss=2.2999  val_mse=23.883  val_srocc=0.9801  val_krocc=0.9090  sel=0.9222  kadid=0.8979  safesyn=0.9987  synthetic=0.9743  tid=0.8178
  epoch  66  train_loss=2.1480  val_mse=24.103  val_srocc=0.9803  val_krocc=0.9090  sel=0.9240  kadid=0.9001  safesyn=0.9986  synthetic=0.9744  tid=0.8230
  epoch  67  train_loss=2.4620  val_mse=25.119  val_srocc=0.9795  val_krocc=0.9071  sel=0.9219  kadid=0.8932  safesyn=0.9985  synthetic=0.9734  tid=0.8225
  epoch  68  train_loss=2.1043  val_mse=25.747  val_srocc=0.9793  val_krocc=0.9073  sel=0.9227  kadid=0.8937  safesyn=0.9983  synthetic=0.9732  tid=0.8255
  epoch  69  train_loss=5.5924  val_mse=32.614  val_srocc=0.9787  val_krocc=0.9060  sel=0.8986  kadid=0.8387  safesyn=0.9976  synthetic=0.9735  tid=0.7845
  epoch  70  train_loss=9.1845  val_mse=25.138  val_srocc=0.9795  val_krocc=0.9089  sel=0.9171  kadid=0.8828  safesyn=0.9983  synthetic=0.9735  tid=0.8139
  epoch  71  train_loss=9.6766  val_mse=25.697  val_srocc=0.9792  val_krocc=0.9065  sel=0.9169  kadid=0.8837  safesyn=0.9984  synthetic=0.9732  tid=0.8122
  epoch  72  train_loss=8.0349  val_mse=25.444  val_srocc=0.9799  val_krocc=0.9092  sel=0.9162  kadid=0.8849  safesyn=0.9986  synthetic=0.9743  tid=0.8072
  epoch  73  train_loss=3.7336  val_mse=27.852  val_srocc=0.9786  val_krocc=0.9050  sel=0.9085  kadid=0.8556  safesyn=0.9984  synthetic=0.9726  tid=0.8073
  epoch  74  train_loss=2.4333  val_mse=27.067  val_srocc=0.9786  val_krocc=0.9059  sel=0.9030  kadid=0.8398  safesyn=0.9981  synthetic=0.9727  tid=0.8016
  epoch  75  train_loss=4.1016  val_mse=25.743  val_srocc=0.9793  val_krocc=0.9078  sel=0.9224  kadid=0.8965  safesyn=0.9986  synthetic=0.9731  tid=0.8212
  epoch  76  train_loss=3.8531  val_mse=30.485  val_srocc=0.9776  val_krocc=0.9047  sel=0.8496  kadid=0.7193  safesyn=0.9981  synthetic=0.9734  tid=0.7077
  epoch  77  train_loss=5.7994  val_mse=24.410  val_srocc=0.9784  val_krocc=0.9042  sel=0.9005  kadid=0.8620  safesyn=0.9982  synthetic=0.9725  tid=0.7694
  epoch  78  train_loss=15.3010  val_mse=28.017  val_srocc=0.9770  val_krocc=0.9033  sel=0.8889  kadid=0.8102  safesyn=0.9982  synthetic=0.9714  tid=0.7757
  epoch  79  train_loss=5.7057  val_mse=30.185  val_srocc=0.9779  val_krocc=0.9064  sel=0.9017  kadid=0.8318  safesyn=0.9978  synthetic=0.9726  tid=0.8047
  epoch  80  train_loss=27.5310  val_mse=27.057  val_srocc=0.9778  val_krocc=0.9051  sel=0.9108  kadid=0.8599  safesyn=0.9977  synthetic=0.9720  tid=0.8134
  epoch  81  train_loss=7.8585  val_mse=27.538  val_srocc=0.9775  val_krocc=0.9037  sel=0.9107  kadid=0.8711  safesyn=0.9983  synthetic=0.9712  tid=0.8023
  epoch  82  train_loss=17.2838  val_mse=30.477  val_srocc=0.9774  val_krocc=0.9032  sel=0.9106  kadid=0.8660  safesyn=0.9981  synthetic=0.9714  tid=0.8069
  epoch  83  train_loss=7.1920  val_mse=28.952  val_srocc=0.9772  val_krocc=0.9033  sel=0.9036  kadid=0.8606  safesyn=0.9980  synthetic=0.9711  tid=0.7849
  epoch  84  train_loss=3.3004  val_mse=28.163  val_srocc=0.9779  val_krocc=0.9046  sel=0.9097  kadid=0.8777  safesyn=0.9984  synthetic=0.9716  tid=0.7910
  epoch  85  train_loss=2.7162  val_mse=26.671  val_srocc=0.9789  val_krocc=0.9068  sel=0.9141  kadid=0.8803  safesyn=0.9984  synthetic=0.9729  tid=0.8048
  epoch  86  train_loss=2.3195  val_mse=26.877  val_srocc=0.9780  val_krocc=0.9051  sel=0.9176  kadid=0.8895  safesyn=0.9985  synthetic=0.9716  tid=0.8107
  epoch  87  train_loss=2.1746  val_mse=26.141  val_srocc=0.9788  val_krocc=0.9065  sel=0.9221  kadid=0.8954  safesyn=0.9985  synthetic=0.9726  tid=0.8218
  epoch  88  train_loss=2.0683  val_mse=26.848  val_srocc=0.9786  val_krocc=0.9069  sel=0.9183  kadid=0.8936  safesyn=0.9986  synthetic=0.9721  tid=0.8089
  epoch  89  train_loss=2.1167  val_mse=27.527  val_srocc=0.9777  val_krocc=0.9047  sel=0.9165  kadid=0.8968  safesyn=0.9985  synthetic=0.9709  tid=0.7999
  epoch  90  train_loss=2.2458  val_mse=26.655  val_srocc=0.9785  val_krocc=0.9064  sel=0.9158  kadid=0.8958  safesyn=0.9986  synthetic=0.9721  tid=0.7966
  epoch  91  train_loss=2.3737  val_mse=25.501  val_srocc=0.9797  val_krocc=0.9090  sel=0.9220  kadid=0.8997  safesyn=0.9984  synthetic=0.9737  tid=0.8163
  epoch  92  train_loss=2.1959  val_mse=28.037  val_srocc=0.9783  val_krocc=0.9069  sel=0.9199  kadid=0.8931  safesyn=0.9985  synthetic=0.9721  tid=0.8159
  epoch  93  train_loss=3.3659  val_mse=30.877  val_srocc=0.9785  val_krocc=0.9058  sel=0.9031  kadid=0.8583  safesyn=0.9984  synthetic=0.9725  tid=0.7834
  epoch  94  train_loss=2.3794  val_mse=26.549  val_srocc=0.9789  val_krocc=0.9077  sel=0.9198  kadid=0.9009  safesyn=0.9986  synthetic=0.9725  tid=0.8073
  epoch  95  train_loss=4.3030  val_mse=28.884  val_srocc=0.9773  val_krocc=0.9033  sel=0.9046  kadid=0.8452  safesyn=0.9979  synthetic=0.9711  tid=0.8042
  epoch  96  train_loss=3.7487  val_mse=26.730  val_srocc=0.9799  val_krocc=0.9086  sel=0.9139  kadid=0.8684  safesyn=0.9978  synthetic=0.9746  tid=0.8148
  epoch  97  train_loss=3.7910  val_mse=27.027  val_srocc=0.9790  val_krocc=0.9063  sel=0.9189  kadid=0.8930  safesyn=0.9985  synthetic=0.9728  tid=0.8113
  epoch  98  train_loss=25.1706  val_mse=27.331  val_srocc=0.9786  val_krocc=0.9055  sel=0.9094  kadid=0.8751  safesyn=0.9983  synthetic=0.9728  tid=0.7913
  epoch  99  train_loss=4.5410  val_mse=26.520  val_srocc=0.9781  val_krocc=0.9052  sel=0.9136  kadid=0.8728  safesyn=0.9983  synthetic=0.9717  tid=0.8118
  epoch 100  train_loss=2.5493  val_mse=26.698  val_srocc=0.9797  val_krocc=0.9078  sel=0.9202  kadid=0.8876  safesyn=0.9985  synthetic=0.9739  tid=0.8208
  epoch 101  train_loss=5.3818  val_mse=41.117  val_srocc=0.9758  val_krocc=0.9014  sel=0.8406  kadid=0.6154  safesyn=0.9953  synthetic=0.9732  tid=0.7784
  epoch 102  train_loss=7.4468  val_mse=32.991  val_srocc=0.9784  val_krocc=0.9048  sel=0.8954  kadid=0.8369  safesyn=0.9972  synthetic=0.9734  tid=0.7740
  epoch 103  train_loss=36.8954  val_mse=30.626  val_srocc=0.9784  val_krocc=0.9059  sel=0.8961  kadid=0.8281  safesyn=0.9977  synthetic=0.9732  tid=0.7854
  epoch 104  train_loss=3.5764  val_mse=26.585  val_srocc=0.9793  val_krocc=0.9075  sel=0.9061  kadid=0.8627  safesyn=0.9984  synthetic=0.9735  tid=0.7896
  epoch 105  train_loss=10.8327  val_mse=27.590  val_srocc=0.9794  val_krocc=0.9046  sel=0.8904  kadid=0.8262  safesyn=0.9975  synthetic=0.9745  tid=0.7634
  epoch 106  train_loss=3.6597  val_mse=35.817  val_srocc=0.9778  val_krocc=0.9021  sel=0.8882  kadid=0.7770  safesyn=0.9969  synthetic=0.9736  tid=0.8054
  epoch 107  train_loss=4.6013  val_mse=26.259  val_srocc=0.9793  val_krocc=0.9086  sel=0.9121  kadid=0.8836  safesyn=0.9983  synthetic=0.9736  tid=0.7930
  epoch 108  train_loss=2.8484  val_mse=27.187  val_srocc=0.9792  val_krocc=0.9085  sel=0.9183  kadid=0.8898  safesyn=0.9985  synthetic=0.9734  tid=0.8115
  epoch 109  train_loss=3.1252  val_mse=26.315  val_srocc=0.9793  val_krocc=0.9080  sel=0.9062  kadid=0.8718  safesyn=0.9983  synthetic=0.9736  tid=0.7809
  epoch 110  train_loss=2.5645  val_mse=26.573  val_srocc=0.9798  val_krocc=0.9091  sel=0.9096  kadid=0.8663  safesyn=0.9981  synthetic=0.9745  tid=0.7994
  epoch 111  train_loss=3.3376  val_mse=26.499  val_srocc=0.9790  val_krocc=0.9079  sel=0.9006  kadid=0.8501  safesyn=0.9983  synthetic=0.9733  tid=0.7807
  epoch 112  train_loss=2.9178  val_mse=24.935  val_srocc=0.9802  val_krocc=0.9100  sel=0.9185  kadid=0.8967  safesyn=0.9986  synthetic=0.9745  tid=0.8042
  epoch 113  train_loss=2.2673  val_mse=25.471  val_srocc=0.9800  val_krocc=0.9090  sel=0.9121  kadid=0.8826  safesyn=0.9985  synthetic=0.9742  tid=0.7932
  epoch 114  train_loss=2.0351  val_mse=24.700  val_srocc=0.9799  val_krocc=0.9095  sel=0.9140  kadid=0.8996  safesyn=0.9986  synthetic=0.9738  tid=0.7840
  epoch 115  train_loss=1.9694  val_mse=24.290  val_srocc=0.9805  val_krocc=0.9101  sel=0.9205  kadid=0.9012  safesyn=0.9985  synthetic=0.9748  tid=0.8075
  epoch 116  train_loss=1.9649  val_mse=26.173  val_srocc=0.9789  val_krocc=0.9084  sel=0.9148  kadid=0.8946  safesyn=0.9986  synthetic=0.9727  tid=0.7932
  epoch 117  train_loss=1.9793  val_mse=25.384  val_srocc=0.9795  val_krocc=0.9088  sel=0.9097  kadid=0.8915  safesyn=0.9986  synthetic=0.9735  tid=0.7754
  epoch 118  train_loss=2.2540  val_mse=24.785  val_srocc=0.9804  val_krocc=0.9103  sel=0.9200  kadid=0.9016  safesyn=0.9985  synthetic=0.9746  tid=0.8051
  epoch 119  train_loss=1.9946  val_mse=25.989  val_srocc=0.9792  val_krocc=0.9084  sel=0.9197  kadid=0.9039  safesyn=0.9987  synthetic=0.9727  tid=0.8036
  epoch 120  train_loss=2.2985  val_mse=25.231  val_srocc=0.9802  val_krocc=0.9104  sel=0.9193  kadid=0.8987  safesyn=0.9986  synthetic=0.9743  tid=0.8056
  epoch 121  train_loss=2.7680  val_mse=25.133  val_srocc=0.9798  val_krocc=0.9098  sel=0.9145  kadid=0.8954  safesyn=0.9987  synthetic=0.9737  tid=0.7903
  epoch 122  train_loss=3.0900  val_mse=26.571  val_srocc=0.9801  val_krocc=0.9097  sel=0.9177  kadid=0.8995  safesyn=0.9986  synthetic=0.9741  tid=0.7985
  epoch 123  train_loss=4.0358  val_mse=29.490  val_srocc=0.9792  val_krocc=0.9068  sel=0.9072  kadid=0.8766  safesyn=0.9982  synthetic=0.9735  tid=0.7803
  epoch 124  train_loss=4.4360  val_mse=27.916  val_srocc=0.9785  val_krocc=0.9053  sel=0.8948  kadid=0.8571  safesyn=0.9981  synthetic=0.9728  tid=0.7511
  epoch 125  train_loss=17.6102  val_mse=26.804  val_srocc=0.9815  val_krocc=0.9102  sel=0.9036  kadid=0.8650  safesyn=0.9982  synthetic=0.9770  tid=0.7743
  epoch 126  train_loss=10.2396  val_mse=25.044  val_srocc=0.9803  val_krocc=0.9091  sel=0.9120  kadid=0.8811  safesyn=0.9979  synthetic=0.9754  tid=0.7935
  epoch 127  train_loss=18.0672  val_mse=71.642  val_srocc=0.9796  val_krocc=0.9029  sel=0.8875  kadid=0.8381  safesyn=0.9975  synthetic=0.9753  tid=0.7389
  epoch 128  train_loss=39.1376  val_mse=40.583  val_srocc=0.9778  val_krocc=0.9027  sel=0.8903  kadid=0.8062  safesyn=0.9976  synthetic=0.9734  tid=0.7840
  epoch 129  train_loss=6.8568  val_mse=27.235  val_srocc=0.9794  val_krocc=0.9068  sel=0.9064  kadid=0.8626  safesyn=0.9981  synthetic=0.9742  tid=0.7908
  epoch 130  train_loss=3.8719  val_mse=26.657  val_srocc=0.9793  val_krocc=0.9070  sel=0.9087  kadid=0.8818  safesyn=0.9981  synthetic=0.9738  tid=0.7812
  epoch 131  train_loss=2.9948  val_mse=25.684  val_srocc=0.9796  val_krocc=0.9074  sel=0.9058  kadid=0.8773  safesyn=0.9983  synthetic=0.9740  tid=0.7735
  epoch 132  train_loss=2.3789  val_mse=25.366  val_srocc=0.9803  val_krocc=0.9092  sel=0.9082  kadid=0.8813  safesyn=0.9984  synthetic=0.9749  tid=0.7784
  epoch 133  train_loss=2.2237  val_mse=25.083  val_srocc=0.9801  val_krocc=0.9084  sel=0.9051  kadid=0.8741  safesyn=0.9986  synthetic=0.9745  tid=0.7730
  epoch 134  train_loss=2.2442  val_mse=25.411  val_srocc=0.9794  val_krocc=0.9078  sel=0.9151  kadid=0.8959  safesyn=0.9984  synthetic=0.9732  tid=0.7928
  epoch 135  train_loss=2.2578  val_mse=25.517  val_srocc=0.9798  val_krocc=0.9084  sel=0.9136  kadid=0.8894  safesyn=0.9985  synthetic=0.9739  tid=0.7927
  epoch 136  train_loss=2.0817  val_mse=25.261  val_srocc=0.9797  val_krocc=0.9084  sel=0.9160  kadid=0.8917  safesyn=0.9984  synthetic=0.9737  tid=0.8002
  epoch 137  train_loss=2.0895  val_mse=25.045  val_srocc=0.9799  val_krocc=0.9086  sel=0.9160  kadid=0.8916  safesyn=0.9986  synthetic=0.9741  tid=0.7998
  epoch 138  train_loss=2.0393  val_mse=24.510  val_srocc=0.9798  val_krocc=0.9089  sel=0.9146  kadid=0.8933  safesyn=0.9986  synthetic=0.9740  tid=0.7926
  epoch 139  train_loss=2.3398  val_mse=25.042  val_srocc=0.9799  val_krocc=0.9076  sel=0.9131  kadid=0.8871  safesyn=0.9982  synthetic=0.9742  tid=0.7929
  epoch 140  train_loss=2.5095  val_mse=27.496  val_srocc=0.9795  val_krocc=0.9076  sel=0.9103  kadid=0.8926  safesyn=0.9983  synthetic=0.9736  tid=0.7768
  epoch 141  train_loss=3.6353  val_mse=25.261  val_srocc=0.9799  val_krocc=0.9085  sel=0.9138  kadid=0.8950  safesyn=0.9985  synthetic=0.9741  tid=0.7877
  epoch 142  train_loss=89.6832  val_mse=27.505  val_srocc=0.9779  val_krocc=0.9030  sel=0.8895  kadid=0.8579  safesyn=0.9980  synthetic=0.9718  tid=0.7302
  epoch 143  train_loss=10.4527  val_mse=29.025  val_srocc=0.9795  val_krocc=0.9072  sel=0.9017  kadid=0.8590  safesyn=0.9981  synthetic=0.9745  tid=0.7752
  epoch 144  train_loss=31.2900  val_mse=29.587  val_srocc=0.9771  val_krocc=0.9028  sel=0.8644  kadid=0.8009  safesyn=0.9977  synthetic=0.9718  tid=0.6871
  epoch 145  train_loss=5.0920  val_mse=27.653  val_srocc=0.9781  val_krocc=0.9051  sel=0.9014  kadid=0.8735  safesyn=0.9982  synthetic=0.9720  tid=0.7618
  epoch 146  train_loss=11.6834  val_mse=28.827  val_srocc=0.9784  val_krocc=0.9042  sel=0.8995  kadid=0.8692  safesyn=0.9979  synthetic=0.9727  tid=0.7582
  epoch 147  train_loss=12.5997  val_mse=36.209  val_srocc=0.9787  val_krocc=0.9054  sel=0.8780  kadid=0.8084  safesyn=0.9974  synthetic=0.9740  tid=0.7322
  epoch 148  train_loss=3.1814  val_mse=26.740  val_srocc=0.9795  val_krocc=0.9088  sel=0.9047  kadid=0.8743  safesyn=0.9982  synthetic=0.9741  tid=0.7724
  epoch 149  train_loss=29.2644  val_mse=27.655  val_srocc=0.9786  val_krocc=0.9060  sel=0.9110  kadid=0.8742  safesyn=0.9983  synthetic=0.9727  tid=0.7989
  epoch 150  train_loss=6.8030  val_mse=27.487  val_srocc=0.9787  val_krocc=0.9065  sel=0.9133  kadid=0.8788  safesyn=0.9982  synthetic=0.9728  tid=0.8034
  epoch 151  train_loss=17.4660  val_mse=37.474  val_srocc=0.9695  val_krocc=0.8665  sel=0.8584  kadid=0.7575  safesyn=0.9928  synthetic=0.9643  tid=0.7188
  epoch 152  train_loss=14.0801  val_mse=26.248  val_srocc=0.9791  val_krocc=0.9041  sel=0.9052  kadid=0.8476  safesyn=0.9976  synthetic=0.9742  tid=0.8013
  epoch 153  train_loss=7.3110  val_mse=26.302  val_srocc=0.9791  val_krocc=0.9065  sel=0.8920  kadid=0.8206  safesyn=0.9981  synthetic=0.9744  tid=0.7748
  epoch 154  train_loss=7.8485  val_mse=26.023  val_srocc=0.9794  val_krocc=0.9076  sel=0.9087  kadid=0.8668  safesyn=0.9982  synthetic=0.9740  tid=0.7957
  epoch 155  train_loss=4.4054  val_mse=27.012  val_srocc=0.9786  val_krocc=0.9057  sel=0.9040  kadid=0.8596  safesyn=0.9981  synthetic=0.9731  tid=0.7853
  epoch 156  train_loss=3.2184  val_mse=26.026  val_srocc=0.9798  val_krocc=0.9079  sel=0.9168  kadid=0.8890  safesyn=0.9982  synthetic=0.9744  tid=0.8055
  epoch 157  train_loss=2.4579  val_mse=25.586  val_srocc=0.9796  val_krocc=0.9075  sel=0.9092  kadid=0.8748  safesyn=0.9983  synthetic=0.9739  tid=0.7898
  epoch 158  train_loss=2.5269  val_mse=25.440  val_srocc=0.9798  val_krocc=0.9079  sel=0.9201  kadid=0.8941  safesyn=0.9983  synthetic=0.9740  tid=0.8140
  epoch 159  train_loss=2.2501  val_mse=25.240  val_srocc=0.9802  val_krocc=0.9089  sel=0.9162  kadid=0.8918  safesyn=0.9983  synthetic=0.9745  tid=0.8001
  epoch 160  train_loss=2.2299  val_mse=23.873  val_srocc=0.9809  val_krocc=0.9108  sel=0.9133  kadid=0.8909  safesyn=0.9984  synthetic=0.9755  tid=0.7884
  epoch 161  train_loss=2.1996  val_mse=24.135  val_srocc=0.9805  val_krocc=0.9097  sel=0.9170  kadid=0.8969  safesyn=0.9985  synthetic=0.9749  tid=0.7980
  epoch 162  train_loss=2.2490  val_mse=24.234  val_srocc=0.9806  val_krocc=0.9102  sel=0.9215  kadid=0.9002  safesyn=0.9984  synthetic=0.9750  tid=0.8125
  epoch 163  train_loss=2.6663  val_mse=25.289  val_srocc=0.9795  val_krocc=0.9080  sel=0.9186  kadid=0.9003  safesyn=0.9985  synthetic=0.9734  tid=0.8023
  epoch 164  train_loss=2.5409  val_mse=24.850  val_srocc=0.9799  val_krocc=0.9090  sel=0.9188  kadid=0.8926  safesyn=0.9984  synthetic=0.9741  tid=0.8100
  epoch 165  train_loss=2.0592  val_mse=25.671  val_srocc=0.9794  val_krocc=0.9082  sel=0.9164  kadid=0.9010  safesyn=0.9986  synthetic=0.9730  tid=0.7929
  epoch 166  train_loss=6.4732  val_mse=25.177  val_srocc=0.9798  val_krocc=0.9076  sel=0.9119  kadid=0.8914  safesyn=0.9984  synthetic=0.9741  tid=0.7837
  epoch 167  train_loss=3.8530  val_mse=25.690  val_srocc=0.9790  val_krocc=0.9064  sel=0.9188  kadid=0.8997  safesyn=0.9984  synthetic=0.9727  tid=0.8044
  epoch 168  train_loss=10.9820  val_mse=26.454  val_srocc=0.9785  val_krocc=0.9053  sel=0.8837  kadid=0.8492  safesyn=0.9977  synthetic=0.9730  tid=0.7148
  epoch 169  train_loss=3.9280  val_mse=29.130  val_srocc=0.9788  val_krocc=0.9033  sel=0.9127  kadid=0.8880  safesyn=0.9982  synthetic=0.9728  tid=0.7916
  epoch 170  train_loss=23.3245  val_mse=28.956  val_srocc=0.9778  val_krocc=0.9040  sel=0.8716  kadid=0.7617  safesyn=0.9972  synthetic=0.9733  tid=0.7543
  epoch 171  train_loss=4.5832  val_mse=37.514  val_srocc=0.9780  val_krocc=0.9034  sel=0.9076  kadid=0.8418  safesyn=0.9978  synthetic=0.9725  tid=0.8185
  epoch 172  train_loss=5.9114  val_mse=32.898  val_srocc=0.9779  val_krocc=0.9028  sel=0.8985  kadid=0.8600  safesyn=0.9981  synthetic=0.9721  tid=0.7637
  epoch 173  train_loss=5.8155  val_mse=31.655  val_srocc=0.9760  val_krocc=0.9020  sel=0.8567  kadid=0.6872  safesyn=0.9974  synthetic=0.9721  tid=0.7700
  epoch 174  train_loss=15.9958  val_mse=39.683  val_srocc=0.9774  val_krocc=0.8989  sel=0.8911  kadid=0.8529  safesyn=0.9973  synthetic=0.9723  tid=0.7421
  epoch 175  train_loss=3.7099  val_mse=107.080  val_srocc=0.9772  val_krocc=0.9038  sel=0.9079  kadid=0.8616  safesyn=0.9958  synthetic=0.9719  tid=0.8024
  epoch 176  train_loss=20.9582  val_mse=27.763  val_srocc=0.9785  val_krocc=0.9056  sel=0.8983  kadid=0.8438  safesyn=0.9982  synthetic=0.9727  tid=0.7784
  epoch 177  train_loss=6.5540  val_mse=27.723  val_srocc=0.9783  val_krocc=0.9068  sel=0.9171  kadid=0.8864  safesyn=0.9982  synthetic=0.9720  tid=0.8117
  epoch 178  train_loss=8.4868  val_mse=26.794  val_srocc=0.9788  val_krocc=0.9066  sel=0.9100  kadid=0.8898  safesyn=0.9982  synthetic=0.9729  tid=0.7791
  epoch 179  train_loss=3.8258  val_mse=30.085  val_srocc=0.9794  val_krocc=0.9076  sel=0.8904  kadid=0.8668  safesyn=0.9978  synthetic=0.9743  tid=0.7227
  epoch 180  train_loss=3.2910  val_mse=27.146  val_srocc=0.9791  val_krocc=0.9053  sel=0.9015  kadid=0.8685  safesyn=0.9981  synthetic=0.9736  tid=0.7659
  epoch 181  train_loss=2.7035  val_mse=25.784  val_srocc=0.9795  val_krocc=0.9089  sel=0.9137  kadid=0.8968  safesyn=0.9982  synthetic=0.9735  tid=0.7862
  epoch 182  train_loss=3.6360  val_mse=25.186  val_srocc=0.9794  val_krocc=0.9081  sel=0.9121  kadid=0.8905  safesyn=0.9985  synthetic=0.9736  tid=0.7858
  epoch 183  train_loss=3.9462  val_mse=27.462  val_srocc=0.9793  val_krocc=0.9076  sel=0.9092  kadid=0.8626  safesyn=0.9984  synthetic=0.9740  tid=0.8020
  epoch 184  train_loss=3.2699  val_mse=25.104  val_srocc=0.9793  val_krocc=0.9084  sel=0.9129  kadid=0.8924  safesyn=0.9985  synthetic=0.9733  tid=0.7875
  epoch 185  train_loss=19.0341  val_mse=26.057  val_srocc=0.9788  val_krocc=0.9069  sel=0.9118  kadid=0.8624  safesyn=0.9980  synthetic=0.9731  tid=0.8137
  epoch 186  train_loss=3.6712  val_mse=25.168  val_srocc=0.9796  val_krocc=0.9086  sel=0.9148  kadid=0.8880  safesyn=0.9985  synthetic=0.9738  tid=0.7988
  epoch 187  train_loss=5.2980  val_mse=25.147  val_srocc=0.9794  val_krocc=0.9072  sel=0.9089  kadid=0.8906  safesyn=0.9984  synthetic=0.9734  tid=0.7731
  epoch 188  train_loss=10.7949  val_mse=30.866  val_srocc=0.9754  val_krocc=0.8963  sel=0.8767  kadid=0.8257  safesyn=0.9967  synthetic=0.9699  tid=0.7147
  epoch 189  train_loss=9.1800  val_mse=26.407  val_srocc=0.9781  val_krocc=0.9049  sel=0.9065  kadid=0.8835  safesyn=0.9982  synthetic=0.9721  tid=0.7724
  epoch 190  train_loss=7.6849  val_mse=26.139  val_srocc=0.9785  val_krocc=0.9054  sel=0.9102  kadid=0.8731  safesyn=0.9982  synthetic=0.9726  tid=0.7968
  epoch 191  train_loss=14.0888  val_mse=25.791  val_srocc=0.9795  val_krocc=0.9074  sel=0.9115  kadid=0.8849  safesyn=0.9984  synthetic=0.9738  tid=0.7889
  epoch 192  train_loss=3.1745  val_mse=26.811  val_srocc=0.9789  val_krocc=0.9070  sel=0.9031  kadid=0.8551  safesyn=0.9980  synthetic=0.9735  tid=0.7861
  epoch 193  train_loss=2.4584  val_mse=24.600  val_srocc=0.9795  val_krocc=0.9074  sel=0.9156  kadid=0.9000  safesyn=0.9984  synthetic=0.9736  tid=0.7901
  epoch 194  train_loss=2.2823  val_mse=24.674  val_srocc=0.9795  val_krocc=0.9076  sel=0.9171  kadid=0.9025  safesyn=0.9985  synthetic=0.9735  tid=0.7940
  epoch 195  train_loss=2.2959  val_mse=24.794  val_srocc=0.9795  val_krocc=0.9074  sel=0.9152  kadid=0.9034  safesyn=0.9985  synthetic=0.9735  tid=0.7853
  epoch 196  train_loss=2.1569  val_mse=24.907  val_srocc=0.9797  val_krocc=0.9076  sel=0.9203  kadid=0.9025  safesyn=0.9986  synthetic=0.9738  tid=0.8064
  epoch 197  train_loss=2.0825  val_mse=24.686  val_srocc=0.9796  val_krocc=0.9080  sel=0.9186  kadid=0.9031  safesyn=0.9983  synthetic=0.9735  tid=0.7994
  epoch 198  train_loss=2.0505  val_mse=25.271  val_srocc=0.9792  val_krocc=0.9075  sel=0.9179  kadid=0.9083  safesyn=0.9986  synthetic=0.9729  tid=0.7918
  epoch 199  train_loss=1.9964  val_mse=24.450  val_srocc=0.9798  val_krocc=0.9085  sel=0.9216  kadid=0.9103  safesyn=0.9986  synthetic=0.9736  tid=0.8037
  epoch 200  train_loss=1.9495  val_mse=24.785  val_srocc=0.9793  val_krocc=0.9074  sel=0.9190  kadid=0.9047  safesyn=0.9986  synthetic=0.9729  tid=0.7997
  epoch 201  train_loss=1.9684  val_mse=24.810  val_srocc=0.9801  val_krocc=0.9096  sel=0.9223  kadid=0.9100  safesyn=0.9986  synthetic=0.9741  tid=0.8065
  epoch 202  train_loss=1.9300  val_mse=24.583  val_srocc=0.9801  val_krocc=0.9095  sel=0.9255  kadid=0.9148  safesyn=0.9986  synthetic=0.9739  tid=0.8146
  epoch 203  train_loss=1.8887  val_mse=24.855  val_srocc=0.9795  val_krocc=0.9085  sel=0.9247  kadid=0.9131  safesyn=0.9984  synthetic=0.9731  tid=0.8142
  epoch 204  train_loss=2.2369  val_mse=24.897  val_srocc=0.9802  val_krocc=0.9096  sel=0.9203  kadid=0.9097  safesyn=0.9984  synthetic=0.9742  tid=0.7988
  epoch 205  train_loss=2.2812  val_mse=25.380  val_srocc=0.9798  val_krocc=0.9091  sel=0.9214  kadid=0.8985  safesyn=0.9982  synthetic=0.9738  tid=0.8150
  epoch 206  train_loss=2.0764  val_mse=25.192  val_srocc=0.9797  val_krocc=0.9086  sel=0.9180  kadid=0.8914  safesyn=0.9986  synthetic=0.9739  tid=0.8083
  epoch 207  train_loss=2.0619  val_mse=24.465  val_srocc=0.9800  val_krocc=0.9094  sel=0.9190  kadid=0.9099  safesyn=0.9986  synthetic=0.9740  tid=0.7938
  epoch 208  train_loss=2.1556  val_mse=25.837  val_srocc=0.9795  val_krocc=0.9079  sel=0.9157  kadid=0.8910  safesyn=0.9985  synthetic=0.9735  tid=0.7998
  epoch 209  train_loss=2.2926  val_mse=24.025  val_srocc=0.9805  val_krocc=0.9096  sel=0.9206  kadid=0.9037  safesyn=0.9985  synthetic=0.9746  tid=0.8056
  epoch 210  train_loss=1.9241  val_mse=25.405  val_srocc=0.9794  val_krocc=0.9077  sel=0.9247  kadid=0.9106  safesyn=0.9985  synthetic=0.9731  tid=0.8167
  epoch 211  train_loss=6.9947  val_mse=24.286  val_srocc=0.9801  val_krocc=0.9084  sel=0.9127  kadid=0.8937  safesyn=0.9985  synthetic=0.9743  tid=0.7843
  epoch 212  train_loss=8.2579  val_mse=30.656  val_srocc=0.9784  val_krocc=0.9055  sel=0.9065  kadid=0.8596  safesyn=0.9978  synthetic=0.9726  tid=0.7960
  epoch 213  train_loss=2.9348  val_mse=25.334  val_srocc=0.9794  val_krocc=0.9078  sel=0.9137  kadid=0.8871  safesyn=0.9986  synthetic=0.9732  tid=0.7960
  epoch 214  train_loss=7.7632  val_mse=24.746  val_srocc=0.9796  val_krocc=0.9076  sel=0.9120  kadid=0.8834  safesyn=0.9985  synthetic=0.9738  tid=0.7923
  epoch 215  train_loss=8.0668  val_mse=31.452  val_srocc=0.9800  val_krocc=0.9074  sel=0.8969  kadid=0.8553  safesyn=0.9982  synthetic=0.9753  tid=0.7586
  epoch 216  train_loss=3.2411  val_mse=24.938  val_srocc=0.9802  val_krocc=0.9100  sel=0.9129  kadid=0.8925  safesyn=0.9983  synthetic=0.9746  tid=0.7862
  epoch 217  train_loss=7.4989  val_mse=29.444  val_srocc=0.9783  val_krocc=0.9004  sel=0.9053  kadid=0.8665  safesyn=0.9973  synthetic=0.9729  tid=0.7843
  epoch 218  train_loss=2.5710  val_mse=24.895  val_srocc=0.9802  val_krocc=0.9091  sel=0.9200  kadid=0.9041  safesyn=0.9984  synthetic=0.9744  tid=0.8030
  epoch 219  train_loss=2.3623  val_mse=26.492  val_srocc=0.9793  val_krocc=0.9064  sel=0.9142  kadid=0.8951  safesyn=0.9985  synthetic=0.9733  tid=0.7898
  epoch 220  train_loss=2.9402  val_mse=25.198  val_srocc=0.9792  val_krocc=0.9076  sel=0.9043  kadid=0.8740  safesyn=0.9983  synthetic=0.9732  tid=0.7716
  epoch 221  train_loss=5.4900  val_mse=27.100  val_srocc=0.9787  val_krocc=0.9049  sel=0.9081  kadid=0.8952  safesyn=0.9984  synthetic=0.9723  tid=0.7664
  epoch 222  train_loss=9.5598  val_mse=26.182  val_srocc=0.9791  val_krocc=0.9067  sel=0.9104  kadid=0.8839  safesyn=0.9985  synthetic=0.9730  tid=0.7862
  epoch 223  train_loss=4.3176  val_mse=28.465  val_srocc=0.9786  val_krocc=0.9062  sel=0.9134  kadid=0.8924  safesyn=0.9981  synthetic=0.9724  tid=0.7908
  epoch 224  train_loss=4.4789  val_mse=26.719  val_srocc=0.9787  val_krocc=0.9064  sel=0.9158  kadid=0.8984  safesyn=0.9986  synthetic=0.9722  tid=0.7942
  epoch 225  train_loss=5.0390  val_mse=27.263  val_srocc=0.9782  val_krocc=0.9061  sel=0.9125  kadid=0.8902  safesyn=0.9984  synthetic=0.9716  tid=0.7898
  epoch 226  train_loss=2.2480  val_mse=26.942  val_srocc=0.9788  val_krocc=0.9061  sel=0.9192  kadid=0.8986  safesyn=0.9982  synthetic=0.9729  tid=0.8071
  epoch 227  train_loss=2.1843  val_mse=26.502  val_srocc=0.9787  val_krocc=0.9065  sel=0.9159  kadid=0.9038  safesyn=0.9984  synthetic=0.9722  tid=0.7894
  epoch 228  train_loss=1.9859  val_mse=26.468  val_srocc=0.9787  val_krocc=0.9068  sel=0.9146  kadid=0.8942  safesyn=0.9985  synthetic=0.9723  tid=0.7932
  epoch 229  train_loss=1.8381  val_mse=25.481  val_srocc=0.9794  val_krocc=0.9078  sel=0.9159  kadid=0.9056  safesyn=0.9986  synthetic=0.9731  tid=0.7863
  epoch 230  train_loss=1.8314  val_mse=25.053  val_srocc=0.9795  val_krocc=0.9075  sel=0.9182  kadid=0.9034  safesyn=0.9986  synthetic=0.9733  tid=0.7975
  epoch 231  train_loss=1.7846  val_mse=24.806  val_srocc=0.9798  val_krocc=0.9085  sel=0.9167  kadid=0.9046  safesyn=0.9987  synthetic=0.9736  tid=0.7898
  epoch 232  train_loss=1.8876  val_mse=25.419  val_srocc=0.9793  val_krocc=0.9077  sel=0.9192  kadid=0.9057  safesyn=0.9987  synthetic=0.9730  tid=0.7995
  epoch 233  train_loss=2.0034  val_mse=24.561  val_srocc=0.9800  val_krocc=0.9092  sel=0.9196  kadid=0.9100  safesyn=0.9987  synthetic=0.9738  tid=0.7958
  epoch 234  train_loss=1.8517  val_mse=27.220  val_srocc=0.9790  val_krocc=0.9062  sel=0.8975  kadid=0.8304  safesyn=0.9976  synthetic=0.9738  tid=0.7883
  epoch 235  train_loss=5.0066  val_mse=26.444  val_srocc=0.9791  val_krocc=0.9060  sel=0.9158  kadid=0.8934  safesyn=0.9983  synthetic=0.9729  tid=0.7986
  epoch 236  train_loss=2.2719  val_mse=24.801  val_srocc=0.9798  val_krocc=0.9091  sel=0.9225  kadid=0.9031  safesyn=0.9985  synthetic=0.9737  tid=0.8146
  epoch 237  train_loss=30.2320  val_mse=38.069  val_srocc=0.9769  val_krocc=0.8943  sel=0.9089  kadid=0.8760  safesyn=0.9971  synthetic=0.9714  tid=0.7909
  epoch 238  train_loss=5.2556  val_mse=24.721  val_srocc=0.9800  val_krocc=0.9090  sel=0.9235  kadid=0.9042  safesyn=0.9984  synthetic=0.9740  tid=0.8173
  epoch 239  train_loss=3.1819  val_mse=25.131  val_srocc=0.9798  val_krocc=0.9087  sel=0.9183  kadid=0.9005  safesyn=0.9985  synthetic=0.9737  tid=0.8007
  epoch 240  train_loss=2.4680  val_mse=24.414  val_srocc=0.9803  val_krocc=0.9100  sel=0.9235  kadid=0.9058  safesyn=0.9986  synthetic=0.9744  tid=0.8150
  epoch 241  train_loss=1.8560  val_mse=24.794  val_srocc=0.9802  val_krocc=0.9104  sel=0.9261  kadid=0.9090  safesyn=0.9986  synthetic=0.9743  tid=0.8228
  epoch 242  train_loss=2.0078  val_mse=25.192  val_srocc=0.9801  val_krocc=0.9094  sel=0.9212  kadid=0.9042  safesyn=0.9984  synthetic=0.9740  tid=0.8083
  epoch 243  train_loss=2.2753  val_mse=25.020  val_srocc=0.9800  val_krocc=0.9095  sel=0.9261  kadid=0.9117  safesyn=0.9986  synthetic=0.9739  tid=0.8202
  epoch 244  train_loss=2.1561  val_mse=24.565  val_srocc=0.9801  val_krocc=0.9101  sel=0.9248  kadid=0.9114  safesyn=0.9985  synthetic=0.9740  tid=0.8152
  epoch 245  train_loss=1.7359  val_mse=23.765  val_srocc=0.9804  val_krocc=0.9102  sel=0.9261  kadid=0.9138  safesyn=0.9986  synthetic=0.9743  tid=0.8175
  epoch 246  train_loss=2.1146  val_mse=24.791  val_srocc=0.9800  val_krocc=0.9092  sel=0.9155  kadid=0.9021  safesyn=0.9986  synthetic=0.9739  tid=0.7871
  epoch 247  train_loss=2.9995  val_mse=25.300  val_srocc=0.9799  val_krocc=0.9092  sel=0.9153  kadid=0.8932  safesyn=0.9985  synthetic=0.9739  tid=0.7954
  epoch 248  train_loss=1.9081  val_mse=24.760  val_srocc=0.9800  val_krocc=0.9094  sel=0.9213  kadid=0.9070  safesyn=0.9987  synthetic=0.9738  tid=0.8059
  epoch 249  train_loss=1.9153  val_mse=24.066  val_srocc=0.9807  val_krocc=0.9104  sel=0.9223  kadid=0.9039  safesyn=0.9986  synthetic=0.9748  tid=0.8118
  epoch 250  train_loss=2.4415  val_mse=25.459  val_srocc=0.9799  val_krocc=0.9097  sel=0.9200  kadid=0.9073  safesyn=0.9985  synthetic=0.9737  tid=0.8005
  epoch 251  train_loss=4.0344  val_mse=25.313  val_srocc=0.9795  val_krocc=0.9080  sel=0.9211  kadid=0.9063  safesyn=0.9986  synthetic=0.9732  tid=0.8064
  epoch 252  train_loss=2.4769  val_mse=24.999  val_srocc=0.9799  val_krocc=0.9083  sel=0.9188  kadid=0.8982  safesyn=0.9987  synthetic=0.9737  tid=0.8046
  epoch 253  train_loss=2.0705  val_mse=25.094  val_srocc=0.9797  val_krocc=0.9093  sel=0.9238  kadid=0.9070  safesyn=0.9986  synthetic=0.9734  tid=0.8160
  epoch 254  train_loss=10.4679  val_mse=37.443  val_srocc=0.9760  val_krocc=0.8971  sel=0.8622  kadid=0.7369  safesyn=0.9967  synthetic=0.9718  tid=0.7433
  epoch 255  train_loss=21.1016  val_mse=26.171  val_srocc=0.9794  val_krocc=0.9087  sel=0.9122  kadid=0.8885  safesyn=0.9983  synthetic=0.9737  tid=0.7883
  epoch 256  train_loss=5.4789  val_mse=25.788  val_srocc=0.9799  val_krocc=0.9093  sel=0.9096  kadid=0.8768  safesyn=0.9979  synthetic=0.9746  tid=0.7891
  epoch 257  train_loss=70.5357  val_mse=25.513  val_srocc=0.9797  val_krocc=0.9076  sel=0.8941  kadid=0.8540  safesyn=0.9981  synthetic=0.9745  tid=0.7498
  epoch 258  train_loss=8.5698  val_mse=25.038  val_srocc=0.9805  val_krocc=0.9092  sel=0.9045  kadid=0.8829  safesyn=0.9982  synthetic=0.9753  tid=0.7616
  epoch 259  train_loss=7.3164  val_mse=26.596  val_srocc=0.9798  val_krocc=0.9080  sel=0.8941  kadid=0.8401  safesyn=0.9979  synthetic=0.9749  tid=0.7633
  epoch 260  train_loss=13.2399  val_mse=26.884  val_srocc=0.9800  val_krocc=0.9082  sel=0.8882  kadid=0.8441  safesyn=0.9977  synthetic=0.9750  tid=0.7359
  epoch 261  train_loss=14.1961  val_mse=25.780  val_srocc=0.9803  val_krocc=0.9094  sel=0.9078  kadid=0.8800  safesyn=0.9982  synthetic=0.9750  tid=0.7779
  epoch 262  train_loss=6.1830  val_mse=27.280  val_srocc=0.9799  val_krocc=0.9089  sel=0.9105  kadid=0.8706  safesyn=0.9984  synthetic=0.9750  tid=0.7981
  epoch 263  train_loss=5.1550  val_mse=25.637  val_srocc=0.9803  val_krocc=0.9100  sel=0.9158  kadid=0.8967  safesyn=0.9983  synthetic=0.9749  tid=0.7933
  epoch 264  train_loss=7.7906  val_mse=36.298  val_srocc=0.9778  val_krocc=0.9041  sel=0.8946  kadid=0.8502  safesyn=0.9982  synthetic=0.9722  tid=0.7577
  epoch 265  train_loss=4.2046  val_mse=26.170  val_srocc=0.9791  val_krocc=0.9076  sel=0.9108  kadid=0.8949  safesyn=0.9986  synthetic=0.9730  tid=0.7769
  epoch 266  train_loss=2.1002  val_mse=25.447  val_srocc=0.9792  val_krocc=0.9082  sel=0.9094  kadid=0.8966  safesyn=0.9986  synthetic=0.9730  tid=0.7692
  epoch 267  train_loss=1.9771  val_mse=24.769  val_srocc=0.9798  val_krocc=0.9092  sel=0.9175  kadid=0.9039  safesyn=0.9985  synthetic=0.9737  tid=0.7940
  epoch 268  train_loss=1.9370  val_mse=25.203  val_srocc=0.9794  val_krocc=0.9089  sel=0.9185  kadid=0.9027  safesyn=0.9986  synthetic=0.9732  tid=0.7994
  epoch 269  train_loss=2.0439  val_mse=24.925  val_srocc=0.9799  val_krocc=0.9099  sel=0.9174  kadid=0.9063  safesyn=0.9986  synthetic=0.9738  tid=0.7908
  epoch 270  train_loss=2.0911  val_mse=24.317  val_srocc=0.9799  val_krocc=0.9098  sel=0.9210  kadid=0.9084  safesyn=0.9985  synthetic=0.9737  tid=0.8036
  epoch 271  train_loss=3.8446  val_mse=25.899  val_srocc=0.9797  val_krocc=0.9091  sel=0.9079  kadid=0.8836  safesyn=0.9984  synthetic=0.9737  tid=0.7758
  epoch 272  train_loss=2.4673  val_mse=25.006  val_srocc=0.9797  val_krocc=0.9097  sel=0.9233  kadid=0.9076  safesyn=0.9985  synthetic=0.9735  tid=0.8135
  epoch 273  train_loss=6.1728  val_mse=26.356  val_srocc=0.9791  val_krocc=0.9088  sel=0.9050  kadid=0.8852  safesyn=0.9985  synthetic=0.9732  tid=0.7634
  epoch 274  train_loss=2.9055  val_mse=24.908  val_srocc=0.9801  val_krocc=0.9104  sel=0.9124  kadid=0.8893  safesyn=0.9985  synthetic=0.9745  tid=0.7873
  epoch 275  train_loss=5.4568  val_mse=27.548  val_srocc=0.9785  val_krocc=0.9053  sel=0.9070  kadid=0.8696  safesyn=0.9982  synthetic=0.9727  tid=0.7875
  epoch 276  train_loss=3.4782  val_mse=27.446  val_srocc=0.9787  val_krocc=0.9076  sel=0.8950  kadid=0.8375  safesyn=0.9983  synthetic=0.9732  tid=0.7708
  epoch 277  train_loss=10.7758  val_mse=30.958  val_srocc=0.9777  val_krocc=0.9023  sel=0.8882  kadid=0.8234  safesyn=0.9975  synthetic=0.9727  tid=0.7591
  epoch 278  train_loss=4.0867  val_mse=25.994  val_srocc=0.9802  val_krocc=0.9104  sel=0.9059  kadid=0.8451  safesyn=0.9981  synthetic=0.9751  tid=0.8054
  epoch 279  train_loss=7.9413  val_mse=30.931  val_srocc=0.9781  val_krocc=0.9075  sel=0.8647  kadid=0.7276  safesyn=0.9967  synthetic=0.9744  tid=0.7599
  epoch 280  train_loss=7.0314  val_mse=25.146  val_srocc=0.9800  val_krocc=0.9099  sel=0.9122  kadid=0.8873  safesyn=0.9983  synthetic=0.9745  tid=0.7888
  epoch 281  train_loss=8.6712  val_mse=27.167  val_srocc=0.9793  val_krocc=0.9085  sel=0.8991  kadid=0.8654  safesyn=0.9980  synthetic=0.9739  tid=0.7592
  epoch 282  train_loss=5.1932  val_mse=25.453  val_srocc=0.9796  val_krocc=0.9101  sel=0.9135  kadid=0.8861  safesyn=0.9984  synthetic=0.9740  tid=0.7957
  epoch 283  train_loss=5.8942  val_mse=27.661  val_srocc=0.9786  val_krocc=0.9078  sel=0.9096  kadid=0.8485  safesyn=0.9977  synthetic=0.9732  tid=0.8192
  epoch 284  train_loss=3.8328  val_mse=32.591  val_srocc=0.9765  val_krocc=0.8975  sel=0.8991  kadid=0.8671  safesyn=0.9978  synthetic=0.9701  tid=0.7615
  epoch 285  train_loss=6.6063  val_mse=29.926  val_srocc=0.9771  val_krocc=0.9016  sel=0.8989  kadid=0.8416  safesyn=0.9977  synthetic=0.9712  tid=0.7851
  epoch 286  train_loss=3.2404  val_mse=26.049  val_srocc=0.9791  val_krocc=0.9085  sel=0.9105  kadid=0.8882  safesyn=0.9984  synthetic=0.9730  tid=0.7824
  epoch 287  train_loss=2.4963  val_mse=26.022  val_srocc=0.9790  val_krocc=0.9086  sel=0.9189  kadid=0.8887  safesyn=0.9984  synthetic=0.9729  tid=0.8157
  epoch 288  train_loss=5.7559  val_mse=28.402  val_srocc=0.9775  val_krocc=0.9041  sel=0.8967  kadid=0.8117  safesyn=0.9976  synthetic=0.9723  tid=0.8050
  epoch 289  train_loss=3.7634  val_mse=26.178  val_srocc=0.9788  val_krocc=0.9072  sel=0.9152  kadid=0.8899  safesyn=0.9983  synthetic=0.9726  tid=0.8001
  epoch 290  train_loss=3.2194  val_mse=25.785  val_srocc=0.9795  val_krocc=0.9090  sel=0.9179  kadid=0.8974  safesyn=0.9985  synthetic=0.9735  tid=0.8020
  epoch 291  train_loss=3.5389  val_mse=26.744  val_srocc=0.9787  val_krocc=0.9079  sel=0.9108  kadid=0.8835  safesyn=0.9985  synthetic=0.9726  tid=0.7884
  epoch 292  train_loss=2.6780  val_mse=26.348  val_srocc=0.9789  val_krocc=0.9077  sel=0.9162  kadid=0.8985  safesyn=0.9986  synthetic=0.9726  tid=0.7953
  epoch 293  train_loss=4.7486  val_mse=26.392  val_srocc=0.9789  val_krocc=0.9075  sel=0.9151  kadid=0.8954  safesyn=0.9985  synthetic=0.9727  tid=0.7940
  epoch 294  train_loss=3.1905  val_mse=25.340  val_srocc=0.9799  val_krocc=0.9100  sel=0.9250  kadid=0.9063  safesyn=0.9986  synthetic=0.9739  tid=0.8211
  epoch 295  train_loss=4.7087  val_mse=27.216  val_srocc=0.9790  val_krocc=0.9080  sel=0.9094  kadid=0.8799  safesyn=0.9984  synthetic=0.9732  tid=0.7862
  epoch 296  train_loss=14.6317  val_mse=31.900  val_srocc=0.9775  val_krocc=0.9031  sel=0.9071  kadid=0.8725  safesyn=0.9978  synthetic=0.9712  tid=0.7870
  epoch 297  train_loss=19.6364  val_mse=39.047  val_srocc=0.9773  val_krocc=0.9023  sel=0.8891  kadid=0.8515  safesyn=0.9981  synthetic=0.9713  tid=0.7357
  epoch 298  train_loss=8.3324  val_mse=27.048  val_srocc=0.9786  val_krocc=0.9063  sel=0.9089  kadid=0.8788  safesyn=0.9983  synthetic=0.9726  tid=0.7861
  epoch 299  train_loss=5.7782  val_mse=32.403  val_srocc=0.9778  val_krocc=0.9047  sel=0.8952  kadid=0.8482  safesyn=0.9979  synthetic=0.9721  tid=0.7628

Final: best_val_srocc=0.9262 test_srocc=0.9651 test_krocc=0.8797 test_mse=31.494  (968s)

Per-(sweep:codec) test metrics:
  human-kadid:human-kadid  n=  1,375  srocc=+0.8940  krocc=+0.7181  mse=160.101
  human-safesyn:human-safesyn n= 16,761  srocc=+0.9987  krocc=+0.9702  mse=2.035
  human-tid:human-tid      n=    360  srocc=+0.8724  krocc=+0.6870  mse=131.804
  v15r:zenjpeg             n=162,336  srocc=+0.9621  krocc=+0.8743  mse=32.488
  v15rc:zenjpeg            n= 44,460  srocc=+0.9612  krocc=+0.8683  mse=34.180

Wrote /mnt/v/zen/zensim-training/2026-05-07/runs/20260510T121927_bs2048_tv10_2026-05-10/
