dataset,human_score,v02_distance,v04_distance,fast_ssim2_score,butter_3norm
KADIK10k,0.892500,0.000000,-20.850370,100.0000,0.000000
KADIK10k,0.832500,0.572660,-16.420614,83.8613,3.545688
KADIK10k,0.417500,2.254488,-7.418846,55.3828,6.626598
KADIK10k,0.167500,6.015852,-0.131906,17.5260,15.727725
KADIK10k,0.025000,17.256500,12.515917,-48.3127,36.807556
KADIK10k,0.707500,1.139673,-12.533847,72.1814,5.559476
KADIK10k,0.317500,2.843834,-5.839861,47.8908,7.581688
KADIK10k,0.132500,7.686059,2.565876,4.5825,20.283508
KADIK10k,0.057500,12.643953,9.167553,-28.7274,27.607094
KADIK10k,0.050000,17.504041,12.726290,-49.2255,37.544106
KADIK10k,0.932500,0.000000,-20.850370,100.0000,0.000000
KADIK10k,0.742500,1.076549,-13.002162,74.1869,5.757205
KADIK10k,0.425000,2.712221,-6.676630,52.2591,8.554745
KADIK10k,0.257500,4.467325,-2.854205,34.2626,14.596061
KADIK10k,0.125000,9.939186,7.244294,-10.8277,25.649662
KADIK10k,0.932500,0.598501,-14.941813,80.6859,2.388445
KADIK10k,0.292500,14.796064,3.607910,-39.5081,47.129860
KADIK10k,0.092500,28.754598,13.152962,-63.5790,60.904419
KADIK10k,0.125000,40.028371,19.797712,-65.5358,92.761047
KADIK10k,0.117500,59.423128,22.318802,-190.2047,134.552658
KADIK10k,0.750000,4.611792,-6.556996,43.2079,22.221832
KADIK10k,0.300000,10.012273,3.174343,-2.6760,33.266800
KADIK10k,0.142500,14.381099,9.245735,-28.3112,47.569069
KADIK10k,0.082500,15.783094,10.310867,-35.1272,59.332695
KADIK10k,0.150000,14.801604,9.299909,-34.7067,43.778610
KADIK10k,0.807500,3.406505,-5.551513,52.3564,10.803528
KADIK10k,0.850000,4.342233,-4.009700,45.5503,11.551066
KADIK10k,0.725000,4.873682,-2.938687,41.1701,11.370111
KADIK10k,0.475000,9.180756,3.098665,10.7450,26.020386
KADIK10k,0.317500,13.765933,5.860821,-19.3692,31.160725
KADIK10k,0.432500,8.819948,2.723610,-23.2796,63.766945
KADIK10k,0.375000,14.485171,4.748099,-50.1197,86.868500
KADIK10k,0.317500,17.784889,5.837955,-57.9478,98.139053
KADIK10k,0.367500,21.327106,6.996987,-62.3141,109.648483
KADIK10k,0.300000,34.789188,15.212557,-64.8833,126.945724
KADIK10k,0.925000,0.000000,-20.850370,100.0000,0.000000
KADIK10k,0.692500,8.605416,1.563349,-1.1345,32.272312
KADIK10k,0.432500,16.256827,4.166972,-42.9346,47.026043
KADIK10k,0.242500,28.640867,12.972486,-63.6608,60.793560
KADIK10k,0.167500,56.363194,29.919020,-127.2273,116.699402
KADIK10k,0.900000,0.556896,-17.062437,86.7772,1.455036
KADIK10k,0.917500,1.524995,-11.217904,71.1123,3.792891
KADIK10k,0.850000,2.227824,-8.064749,60.5628,4.392092
KADIK10k,0.475000,6.759636,1.878843,14.4128,11.570632
KADIK10k,0.092500,15.316681,11.045882,-40.4523,22.697723
KADIK10k,0.842500,2.335920,-7.703435,60.4700,4.656760
KADIK10k,0.732500,2.658325,-6.372739,55.7768,4.712063
KADIK10k,0.692500,3.923335,-4.005912,41.4704,7.314065
KADIK10k,0.145000,13.870586,8.710464,-35.8043,11.960406
KADIK10k,0.042500,24.697390,16.625141,-62.1193,18.062387
KADIK10k,0.757500,3.151997,-4.166706,54.8433,5.023873
KADIK10k,0.567500,5.286437,0.685411,36.8666,7.021814
KADIK10k,0.417500,7.122745,3.975114,23.7806,8.042836
KADIK10k,0.317500,10.040039,6.075162,6.5633,10.865544
KADIK10k,0.342500,15.513238,9.665668,-19.5461,14.348342
KADIK10k,0.857500,1.256288,-12.492064,76.2620,3.158984
KADIK10k,0.675000,4.162678,-1.641129,46.0615,6.467969
KADIK10k,0.442500,6.803177,3.723153,26.8959,8.670089
KADIK10k,0.342500,11.209938,6.892658,1.6495,11.719224
KADIK10k,0.242500,14.393105,8.889346,-11.9155,13.032950
KADIK10k,0.667500,2.349243,-7.797563,39.8192,12.392852
KADIK10k,0.467500,5.693941,0.402499,-7.6701,21.721807
KADIK10k,0.400000,8.620394,5.483234,-31.6498,26.192482
KADIK10k,0.267500,12.998941,8.532277,-50.5489,29.617691
KADIK10k,0.257500,16.888874,11.196789,-59.0633,40.604134
KADIK10k,0.892500,1.126402,-12.989869,75.9625,4.090107
KADIK10k,0.642500,3.689500,-2.707099,46.8844,7.810059
KADIK10k,0.532500,6.067764,2.033262,29.4251,10.319374
KADIK10k,0.375000,9.776745,6.252958,6.7613,15.883890
KADIK10k,0.317500,16.800211,11.023409,-24.9093,19.790255
KADIK10k,0.642500,5.555913,-0.162167,26.9096,7.411006
KADIK10k,0.407500,9.448328,5.308525,-4.6268,11.313894
KADIK10k,0.192500,12.357495,7.133585,-21.1214,15.545019
KADIK10k,0.100000,20.281573,12.061414,-50.2682,18.590460
KADIK10k,0.082500,27.870500,16.211723,-61.8554,28.635799
KADIK10k,0.842500,1.336746,-13.900066,71.4976,10.967448
KADIK10k,0.867500,3.037496,-7.752506,43.0134,21.992031
KADIK10k,0.735000,7.564049,-1.040430,-8.5939,43.897873
KADIK10k,0.542500,17.994513,2.454814,-57.4511,76.340820
KADIK10k,0.295000,37.255129,7.466221,-67.6250,121.337700
KADIK10k,0.875000,0.546826,-17.621304,86.1920,5.160231
KADIK10k,0.892500,1.302910,-13.108779,69.9692,10.675606
KADIK10k,0.832500,3.195999,-7.333024,34.8187,20.905283
KADIK10k,0.600000,9.470632,2.100173,-34.6399,41.570442
KADIK10k,0.282500,32.094603,9.319518,-70.5632,75.802368
KADIK10k,0.875000,4.764288,-4.956466,40.0716,24.870426
KADIK10k,0.892500,2.099563,-12.145820,70.6329,12.670690
KADIK10k,0.892500,0.000000,-20.850370,100.0000,0.000000
KADIK10k,0.842500,2.514923,-9.700535,47.5295,12.446311
KADIK10k,0.742500,6.182872,-2.196850,-2.4261,23.365595
KADIK10k,0.882500,1.518093,-12.928683,78.1960,3.661230
KADIK10k,0.732500,2.453474,-10.148778,66.6186,5.330354
KADIK10k,0.442500,5.571589,-4.139384,26.4032,13.838297
KADIK10k,0.132500,6.838899,-0.709145,18.5313,16.478193
KADIK10k,0.092500,11.657441,8.376973,-18.2458,27.337738
KADIK10k,0.882500,3.453443,-7.347940,33.3928,37.465786
KADIK10k,0.725000,5.902738,-4.049158,13.4306,54.757946
KADIK10k,0.750000,7.559175,-2.083268,1.7401,87.785065
KADIK10k,0.582500,8.249024,-1.233943,-4.1869,77.612076
KADIK10k,0.557500,9.400110,3.139091,-12.4476,79.554733
KADIK10k,0.592500,4.970751,-5.709652,33.8184,22.350279
KADIK10k,0.392500,5.690484,-4.341127,29.8287,23.065758
KADIK10k,0.257500,5.150235,-5.452858,35.1707,20.339550
KADIK10k,0.282500,5.177426,-4.812298,34.4481,18.863596
KADIK10k,0.107500,11.510731,6.011774,-16.3184,43.453403
KADIK10k,0.907500,2.600230,-7.127260,54.7749,6.654066
KADIK10k,0.750000,3.802882,-3.938698,41.5164,10.541311
KADIK10k,0.750000,5.485453,-0.706097,26.4844,11.826936
KADIK10k,0.550000,9.999156,4.590734,-11.7124,26.089672
KADIK10k,0.300000,17.765225,9.711396,-41.0729,31.307325
KADIK10k,0.432500,14.917375,9.831235,-38.9783,97.294296
KADIK10k,0.292500,16.453356,11.056858,-54.8449,84.834648
KADIK10k,0.300000,25.829521,16.901283,-63.0539,114.690521
KADIK10k,0.342500,28.538191,18.470421,-63.4669,98.475578
KADIK10k,0.142500,29.814060,18.694468,-63.7440,113.716614
KADIK10k,0.642500,7.053617,-1.889932,8.3338,19.492596
KADIK10k,0.375000,14.055711,8.019905,-40.8369,32.508911
KADIK10k,0.217500,20.193054,12.240220,-58.1645,40.654667
KADIK10k,0.150000,34.931845,22.136036,-64.3775,62.722507
KADIK10k,0.100000,53.531595,34.393978,-96.8420,85.301064
KADIK10k,0.607500,16.537090,5.943404,-31.4409,25.886452
KADIK10k,0.717500,10.817909,3.168280,-1.0956,18.365759
KADIK10k,0.815000,5.582297,-2.766257,38.6902,10.809422
KADIK10k,0.792500,4.956725,-4.930340,34.5117,11.891002
KADIK10k,0.567500,14.396423,8.256398,-35.0284,24.734346
KADIK10k,0.875000,0.000000,-21.235756,100.0000,0.000000
KADIK10k,0.792500,1.219993,-12.807683,74.1588,3.194690
KADIK10k,0.267500,5.584011,-1.170918,26.8242,7.198390
KADIK10k,0.142500,13.883905,8.422395,-23.7559,12.945907
KADIK10k,0.067500,30.615611,20.903812,-64.1770,29.909891
KADIK10k,0.550000,2.678982,-6.038266,53.4025,5.469287
KADIK10k,0.317500,7.322523,1.303581,15.1702,8.394846
KADIK10k,0.142500,17.475988,10.600370,-37.8800,16.655706
KADIK10k,0.042500,24.893757,16.335997,-60.3294,25.888117
KADIK10k,0.000000,31.019300,21.241735,-64.2011,31.615877
KADIK10k,0.900000,0.000000,-21.235756,100.0000,0.000000
KADIK10k,0.692500,2.075503,-8.635629,61.2199,4.716546
KADIK10k,0.332500,5.369092,-1.566791,29.5879,8.107404
KADIK10k,0.200000,8.816331,3.485364,7.5760,11.723263
KADIK10k,0.050000,17.480935,10.984499,-43.5315,22.873093
KADIK10k,0.825000,0.676301,-14.618390,78.4468,3.177042
KADIK10k,0.417500,5.133256,-1.557024,25.0181,22.524256
KADIK10k,0.217500,9.371052,4.913295,-3.7631,29.586367
KADIK10k,0.192500,11.481671,6.645257,-13.9995,36.177895
KADIK10k,0.132500,15.130028,9.642429,-32.2710,50.248276
KADIK10k,0.692500,7.832480,3.124361,20.4925,15.202013
KADIK10k,0.200000,14.882054,9.728563,-26.1538,23.960632
KADIK10k,0.082500,19.865438,12.833478,-49.2854,28.181482
KADIK10k,0.092500,22.514430,14.014091,-55.8722,28.231577
KADIK10k,0.117500,21.650247,13.651750,-55.2264,33.069874
KADIK10k,0.800000,2.571255,-7.086474,59.3576,8.978350
KADIK10k,0.767500,3.093250,-6.020911,54.0825,10.474410
KADIK10k,0.742500,3.534336,-4.699131,48.3604,10.409514
KADIK10k,0.675000,5.013407,-2.179614,32.5029,24.822409
KADIK10k,0.407500,11.417335,4.647099,0.0101,39.862118
KADIK10k,0.367500,4.604300,-4.987613,33.0587,31.963985
KADIK10k,0.342500,7.709373,-0.545663,6.0401,43.096722
KADIK10k,0.265000,9.595857,2.264049,-7.0343,48.727589
KADIK10k,0.242500,11.589146,5.357385,-19.1664,54.284676
KADIK10k,0.132500,19.961198,12.410048,-53.8844,51.776638
KADIK10k,0.850000,0.000000,-21.235756,100.0000,0.000000
KADIK10k,0.600000,3.248728,-4.042779,43.0443,21.619957
KADIK10k,0.515000,5.848812,1.534218,21.3705,27.396761
KADIK10k,0.242500,11.031014,7.318017,-12.1523,33.504269
KADIK10k,0.092500,16.277091,12.461036,-35.3232,51.268692
KADIK10k,0.892500,3.313953,-5.784730,53.3607,5.897492
KADIK10k,0.682500,7.262290,1.046076,20.8791,10.181778
KADIK10k,0.517500,8.858912,3.380189,9.3258,13.193338
KADIK10k,0.132500,17.812417,11.623212,-34.0606,16.334698
KADIK10k,0.067500,28.479951,19.559759,-62.0712,22.107954
KADIK10k,0.900000,2.572415,-6.704952,59.5166,4.680719
KADIK10k,0.832500,2.960048,-6.244728,56.2214,4.724612
KADIK10k,0.782500,4.184780,-3.953807,45.1823,5.021226
KADIK10k,0.400000,12.948391,6.896315,-14.0546,11.980392
KADIK10k,0.150000,23.020294,14.243273,-50.8176,18.040754
KADIK10k,0.817500,1.781636,-8.465222,69.5642,4.442363
KADIK10k,0.675000,2.773610,-4.144880,58.1569,6.676025
KADIK10k,0.600000,3.620946,-1.180844,49.4503,6.993309
KADIK10k,0.432500,4.939088,2.270682,37.7939,8.981427
KADIK10k,0.325000,7.917133,5.586349,14.9127,12.340862
KADIK10k,0.907500,0.798471,-14.575099,83.6410,2.564145
KADIK10k,0.765000,2.147453,-6.251237,64.6298,5.317240
KADIK10k,0.667500,3.390237,-1.802618,51.1224,6.866055
KADIK10k,0.400000,5.353247,3.437512,33.9593,10.242333
KADIK10k,0.342500,6.943985,4.858267,20.1967,10.963350
KADIK10k,0.800000,1.951659,-10.467630,47.3869,16.721478
KADIK10k,0.582500,3.589023,-4.473612,16.7361,18.539093
KADIK10k,0.432500,5.172826,0.702279,-5.9956,19.914019
KADIK10k,0.382500,7.734008,5.555357,-30.7610,23.762140
KADIK10k,0.242500,10.019131,7.579692,-42.4393,26.009573
KADIK10k,0.832500,0.852816,-14.100028,78.8373,4.469722
KADIK10k,0.592500,2.329511,-5.889681,57.1437,7.760835
KADIK10k,0.425000,3.696575,-1.863192,42.4326,10.380338
KADIK10k,0.332500,5.615056,2.632804,24.6415,12.628237
KADIK10k,0.250000,9.786300,7.355401,-5.9864,20.262354
KADIK10k,0.642500,7.220091,3.795806,20.3624,9.561827
KADIK10k,0.442500,12.537596,7.977900,-14.2726,10.862910
KADIK10k,0.257500,15.530442,9.758245,-29.8639,13.233177
KADIK10k,0.125000,21.376012,13.066911,-49.5898,16.695318
KADIK10k,0.125000,25.454642,15.768530,-57.4519,25.611279
KADIK10k,0.850000,2.048036,-11.744677,70.4198,8.809711
KADIK10k,0.850000,4.733619,-5.646673,37.5623,17.414555
KADIK10k,0.692500,12.130950,3.303959,-23.7257,34.068890
KADIK10k,0.475000,28.579686,11.481874,-63.8846,58.658920
KADIK10k,0.207500,43.788429,13.754994,-71.2145,75.335899
KADIK10k,0.875000,0.849405,-16.148108,85.0208,4.310197
KADIK10k,0.907500,1.935547,-10.649200,68.2179,8.848966
KADIK10k,0.832500,4.707777,-4.354352,31.1169,17.563963
KADIK10k,0.657500,13.453166,5.264216,-38.3687,34.949524
KADIK10k,0.225000,42.536645,19.630775,-71.8988,63.886410
KADIK10k,0.782500,8.193145,2.697345,2.1923,19.765215
KADIK10k,0.907500,3.130677,-8.318786,56.6029,11.949608
KADIK10k,0.932500,0.000000,-21.235756,100.0000,0.000000
KADIK10k,0.832500,3.426367,-7.305825,39.7851,8.851911
KADIK10k,0.757500,8.796672,3.325892,-12.9938,16.984140
KADIK10k,0.792500,2.943482,-8.969564,51.1734,6.305774
KADIK10k,0.750000,3.717458,-7.359702,43.6435,7.101837
KADIK10k,0.557500,7.591647,0.431302,10.5287,13.858192
KADIK10k,0.142500,16.131095,8.871989,-37.6970,19.241402
KADIK10k,0.075000,22.036222,13.766706,-53.0154,24.841204
KADIK10k,0.875000,5.323872,-5.470614,19.0241,43.342106
KADIK10k,0.867500,7.943865,-0.230305,-7.2782,76.726166
KADIK10k,0.850000,8.471689,1.108037,-10.3137,42.367409
KADIK10k,0.707500,10.844366,5.869840,-25.8900,80.375366
KADIK10k,0.850000,12.844837,7.541809,-34.7692,84.176689
KADIK10k,0.800000,12.807322,6.679863,-13.8433,21.570723
KADIK10k,0.557500,13.335571,6.847824,-19.9111,20.372450
KADIK10k,0.532500,11.749966,6.043202,-12.5947,19.567091
KADIK10k,0.417500,14.495093,7.428205,-23.4975,24.695019
KADIK10k,0.092500,29.085013,17.363119,-62.7807,39.593704
KADIK10k,0.932500,1.647304,-11.857730,72.6983,7.433375
KADIK10k,0.815000,2.450486,-8.601745,67.2936,8.219179
KADIK10k,0.850000,3.487823,-5.843003,57.8679,11.457834
KADIK10k,0.732500,5.476449,-1.769228,42.2709,11.885916
KADIK10k,0.550000,8.145161,3.268108,22.7695,15.551949
KADIK10k,0.275000,11.458526,7.591468,-36.8266,69.593399
KADIK10k,0.425000,19.931745,12.328966,-54.0409,77.529930
KADIK10k,0.317500,17.717699,10.543604,-47.4844,75.628204
KADIK10k,0.300000,24.173597,15.030082,-61.5395,74.168503
KADIK10k,0.267500,22.945827,15.018863,-61.2972,92.069275
KADIK10k,0.517500,10.887075,1.913760,-14.7064,17.337656
KADIK10k,0.232500,20.399672,10.072915,-54.7828,30.103386
KADIK10k,0.117500,27.492452,14.602755,-63.2998,40.518791
KADIK10k,0.057500,40.421122,22.253933,-65.2235,58.022629
KADIK10k,0.050000,51.898483,28.072424,-83.9014,82.403893
KADIK10k,0.592500,18.601507,7.803056,-41.8487,19.788147
KADIK10k,0.675000,11.500268,3.115305,-7.1741,14.159984
KADIK10k,0.817500,5.870881,-4.259958,37.1598,8.314564
KADIK10k,0.775000,4.889708,-5.907707,34.8306,8.905527
KADIK10k,0.582500,12.898635,5.147526,-31.7822,18.145037
KADIK10k,0.925000,0.000000,-21.302319,100.0000,0.000000
KADIK10k,0.907500,0.822821,-14.918587,81.1883,3.145936
KADIK10k,0.500000,3.531609,-4.834684,46.3695,7.392219
KADIK10k,0.207500,10.190840,6.343173,-6.0230,15.633318
KADIK10k,0.042500,32.396254,23.102678,-64.2216,39.202190
KADIK10k,0.757500,1.672815,-10.556597,67.4311,5.049536
KADIK10k,0.425000,4.498786,-2.613543,36.9492,8.788943
KADIK10k,0.175000,13.173204,8.277868,-22.2749,20.302660
KADIK10k,0.117500,22.899168,15.876457,-57.2712,29.433996
KADIK10k,0.057500,32.601289,23.237171,-64.2235,40.424080
KADIK10k,0.900000,0.000000,-21.302319,100.0000,0.000000
KADIK10k,0.842500,1.293454,-12.519951,72.9778,4.707751
KADIK10k,0.482500,3.330627,-5.783226,47.5379,9.074348
KADIK10k,0.307500,6.744792,0.676143,18.6912,14.268163
KADIK10k,0.157500,14.625499,9.574597,-31.3362,28.957205
KADIK10k,0.900000,1.498130,-11.205808,66.4718,7.871850
KADIK10k,0.475000,14.483841,9.177492,-36.3797,51.215469
KADIK10k,0.132500,29.843468,19.851141,-63.8965,77.137001
KADIK10k,0.050000,37.963425,24.571066,-64.4536,129.205627
KADIK10k,0.025000,40.745122,25.500534,-66.3450,129.201233
KADIK10k,0.945000,4.421466,-5.971864,49.5207,15.642640
KADIK10k,0.412500,12.019130,4.780870,-7.7180,34.087345
KADIK10k,0.250000,20.013060,11.853455,-43.9697,49.405655
KADIK10k,0.217500,22.620742,13.313518,-52.6480,58.191700
KADIK10k,0.307500,25.357562,15.355168,-58.0283,48.038383
KADIK10k,0.750000,4.069167,-2.773636,46.0779,11.685785
KADIK10k,0.700000,4.094634,-2.946451,42.6630,14.319407
KADIK10k,0.582500,4.811202,-1.203207,36.8891,14.867029
KADIK10k,0.457500,7.440941,4.651149,13.9908,18.281738
KADIK10k,0.192500,11.874979,6.919026,-13.4977,33.273190
KADIK10k,0.342500,23.484316,16.434090,-60.4383,115.419106
KADIK10k,0.167500,35.213560,23.706041,-64.2405,153.064560
KADIK10k,0.107500,41.327075,27.115353,-65.9348,170.810822
KADIK10k,0.132500,47.466399,30.292910,-74.6550,188.174744
KADIK10k,0.117500,59.846535,38.281219,-167.0235,174.951431
KADIK10k,0.882500,0.000000,-21.302319,100.0000,0.000000
KADIK10k,0.532500,7.848955,4.675795,8.9648,38.152355
KADIK10k,0.367500,15.996330,10.235704,-36.0752,51.899757
KADIK10k,0.092500,26.684318,16.019665,-61.8005,77.145851
KADIK10k,0.057500,37.219214,21.449226,-64.2302,129.201218
KADIK10k,0.850000,1.922327,-10.204516,68.6887,4.370438
KADIK10k,0.650000,4.665679,-3.476404,42.8472,8.777230
KADIK10k,0.525000,6.184960,-1.218230,30.4310,10.443065
KADIK10k,0.192500,14.596881,8.623466,-24.1721,21.133202
KADIK10k,0.025000,31.162388,21.336901,-63.3536,38.498672
KADIK10k,0.867500,2.237280,-7.995047,62.9598,4.757709
KADIK10k,0.792500,2.619624,-7.090091,59.5922,4.902146
KADIK10k,0.675000,3.512678,-5.985726,51.2254,5.644201
KADIK10k,0.307500,10.982151,5.080741,-2.8124,19.034771
KADIK10k,0.132500,19.117248,11.200836,-37.5383,22.247221
KADIK10k,0.742500,2.255957,-7.344970,64.6018,6.508901
KADIK10k,0.650000,3.606243,-3.044304,51.3109,7.942488
KADIK10k,0.567500,4.760105,-0.482562,41.8413,9.970059
KADIK10k,0.482500,6.603898,3.257170,29.4538,12.579216
KADIK10k,0.375000,10.252537,6.621565,7.1585,17.883902
KADIK10k,0.892500,0.894577,-14.720236,81.6198,3.508870
KADIK10k,0.717500,2.695269,-5.653433,59.3218,6.968110
KADIK10k,0.542500,4.335223,-1.237273,44.7271,9.553054
KADIK10k,0.475000,6.782733,3.817927,27.2494,13.175187
KADIK10k,0.400000,8.940761,5.667619,14.7046,17.720221
KADIK10k,0.850000,1.539113,-12.676463,66.7870,9.276666
KADIK10k,0.642500,2.994157,-5.815862,48.2841,16.636160
KADIK10k,0.457500,4.382173,-1.268131,36.8155,17.873318
KADIK10k,0.325000,6.428911,3.027225,21.3081,21.969032
KADIK10k,0.350000,8.101568,5.306669,11.8452,19.953289
KADIK10k,0.850000,1.210503,-12.833581,76.1958,4.398336
KADIK10k,0.625000,3.717725,-3.183715,49.2374,8.741891
KADIK10k,0.507500,5.900542,1.039617,31.7085,12.796332
KADIK10k,0.382500,9.116324,5.454644,12.1932,18.543364
KADIK10k,0.292500,15.270719,9.601451,-17.0256,29.159073
KADIK10k,0.782500,4.922532,-3.179504,39.9030,14.694551
KADIK10k,0.575000,8.977694,4.445790,6.9660,22.347431
KADIK10k,0.382500,11.274683,5.955447,-6.6466,19.311922
KADIK10k,0.225000,17.993499,10.472205,-35.2658,31.754738
KADIK10k,0.107500,22.702888,13.528955,-50.4918,34.961052
KADIK10k,0.842500,1.446127,-12.727032,73.1850,21.894161
KADIK10k,0.817500,3.302942,-7.452587,46.0132,45.385433
KADIK10k,0.467500,8.500867,1.497965,-7.4406,90.595467
KADIK10k,0.325000,22.385830,6.490776,-60.4736,154.918259
KADIK10k,0.100000,44.226090,17.356039,-75.2877,179.651016
KADIK10k,0.875000,0.911940,-15.518590,83.0938,11.855681
KADIK10k,0.907500,1.980234,-10.986073,69.4821,22.256136
KADIK10k,0.850000,4.439821,-3.848610,41.5935,45.394802
KADIK10k,0.667500,10.999904,1.981206,-11.2790,89.293495
KADIK10k,0.442500,28.910184,5.674356,-62.5535,160.519150
KADIK10k,0.807500,5.971793,-2.728807,31.0448,52.889080
KADIK10k,0.932500,2.738936,-9.588705,64.7807,25.937542
KADIK10k,0.875000,0.000000,-21.302319,100.0000,0.000000
KADIK10k,0.867500,3.554674,-7.317779,66.1068,16.754133
KADIK10k,0.800000,7.523403,0.147650,35.1772,33.724258
KADIK10k,0.792500,3.345901,-7.275160,55.6094,14.593720
KADIK10k,0.582500,6.616279,0.276791,21.5390,20.107075
KADIK10k,0.542500,7.749211,2.019355,13.2767,24.270922
KADIK10k,0.192500,13.796543,9.228145,-22.8253,23.414413
KADIK10k,0.092500,22.680838,15.691311,-55.2235,32.292309
KADIK10k,0.842500,6.585599,-6.994575,8.6294,66.742477
KADIK10k,0.917500,11.020437,3.204277,-19.4208,77.190132
KADIK10k,0.807500,12.045799,7.546968,-31.0902,86.292915
KADIK10k,0.792500,13.045578,8.085789,-35.2256,80.825851
KADIK10k,0.657500,15.373431,10.371632,-40.9313,76.366348
KADIK10k,0.742500,9.391418,1.455560,11.1347,25.629110
KADIK10k,0.450000,9.554569,1.972288,10.5697,27.827175
KADIK10k,0.432500,8.365720,0.026834,17.0681,23.098112
KADIK10k,0.467500,9.874938,3.014854,8.2745,31.338512
KADIK10k,0.097500,20.787804,11.849880,-45.0366,49.930984
KADIK10k,0.850000,1.169020,-13.742972,76.0389,8.519414
KADIK10k,0.900000,1.426028,-12.199109,72.1946,16.406176
KADIK10k,0.807500,1.943964,-9.829046,65.3965,22.631166
KADIK10k,0.767500,2.662164,-7.823580,57.8768,22.075396
KADIK10k,0.750000,4.761474,-3.929208,39.3275,36.421215
KADIK10k,0.550000,9.430891,1.930931,-19.2628,75.788101
KADIK10k,0.325000,16.361544,11.070974,-47.4583,87.782166
KADIK10k,0.367500,22.223908,13.642040,-54.3741,129.247375
KADIK10k,0.275000,20.419543,13.168548,-50.9262,147.436523
KADIK10k,0.300000,21.827654,15.069607,-56.8509,89.141159
KADIK10k,0.667500,11.064164,2.953473,3.1664,18.757704
KADIK10k,0.367500,20.805099,10.944524,-39.7563,31.186077
KADIK10k,0.225000,28.220926,15.897613,-56.0124,40.039528
KADIK10k,0.100000,42.018658,24.207119,-64.2004,60.547596
KADIK10k,0.032500,55.318799,31.604961,-66.6130,77.459602
KADIK10k,0.667500,18.440754,7.116241,-11.7259,42.041500
KADIK10k,0.710000,12.314234,4.160097,15.3686,28.226778
KADIK10k,0.907500,6.566851,-2.811086,48.6108,16.333538
KADIK10k,0.850000,5.191931,-2.583936,40.6959,16.195749
KADIK10k,0.667500,14.078469,9.098068,-24.0184,32.110729
KADIK10k,0.942500,0.000000,-21.041588,100.0000,0.000000
KADIK10k,0.825000,0.977253,-14.029736,77.6589,4.012676
KADIK10k,0.375000,4.192763,-3.289369,38.3022,8.295439
KADIK10k,0.142500,9.986030,5.591184,-2.2560,13.862969
KADIK10k,0.050000,22.877627,16.456785,-56.9343,31.103960
KADIK10k,0.642500,2.063944,-8.087771,60.3129,6.658597
KADIK10k,0.357500,5.336932,-1.553778,28.6545,9.087809
KADIK10k,0.125000,12.336853,7.799864,-15.0480,16.976271
KADIK10k,0.107500,17.690377,12.526165,-42.2708,25.567188
KADIK10k,0.050000,22.851296,16.625574,-57.0690,32.049099
KADIK10k,0.925000,0.000000,-21.041588,100.0000,0.000000
KADIK10k,0.792500,1.847524,-9.779649,61.8646,7.513638
KADIK10k,0.407500,3.609223,-4.182852,43.4343,8.503148
KADIK10k,0.232500,6.717229,0.637249,18.4729,13.023247
KADIK10k,0.150000,13.108990,8.669047,-22.1610,21.926287
KADIK10k,0.832500,0.483392,-16.551249,84.4233,3.068832
KADIK10k,0.517500,9.357660,4.412999,-11.0372,38.307243
KADIK10k,0.342500,19.814335,11.237062,-54.2759,60.078892
KADIK10k,0.242500,24.503467,14.492092,-61.0537,64.152992
KADIK10k,0.167500,34.043776,20.855431,-64.2310,110.654655
KADIK10k,0.675000,6.058095,0.021777,32.8422,12.773422
KADIK10k,0.207500,14.051549,8.038152,-15.2845,32.705063
KADIK10k,0.232500,17.063743,11.371693,-28.4508,32.361862
KADIK10k,0.107500,21.863236,14.348681,-44.9841,43.573196
KADIK10k,0.117500,25.042984,15.631757,-55.9837,42.910709
KADIK10k,0.842500,3.992399,-3.812302,53.5855,10.933227
KADIK10k,0.857500,5.181489,-3.575277,46.3422,11.044624
KADIK10k,0.707500,7.499395,-1.175355,29.6567,12.587998
KADIK10k,0.617500,10.734102,3.985637,5.6930,17.933952
KADIK10k,0.432500,16.223786,7.256312,-24.9059,28.586996
KADIK10k,0.425000,6.415452,1.001052,8.0559,44.832108
KADIK10k,0.407500,10.555626,6.703991,-20.3831,61.396053
KADIK10k,0.425000,12.983722,8.269242,-32.1071,69.791191
KADIK10k,0.392500,15.606951,9.946212,-41.8448,78.275444
KADIK10k,0.290000,26.556876,16.775837,-61.4416,98.108536
KADIK10k,0.925000,0.000000,-21.041588,100.0000,0.000000
KADIK10k,0.607500,5.019608,-0.754244,25.9310,25.167721
KADIK10k,0.532500,10.236274,4.902442,-16.1579,38.300144
KADIK10k,0.332500,21.891491,12.525643,-57.7263,60.062553
KADIK10k,0.207500,31.556869,20.090630,-64.1854,73.835045
KADIK10k,0.900000,1.434195,-11.496695,74.0305,2.833177
KADIK10k,0.850000,3.634434,-4.879682,50.8195,6.313482
KADIK10k,0.767500,5.279761,-2.073472,34.1785,7.790023
KADIK10k,0.182500,11.425783,7.319782,-9.2027,16.817610
KADIK10k,0.057500,21.155415,15.191910,-51.7329,29.748777
KADIK10k,0.817500,2.417114,-6.978066,60.3125,4.527358
KADIK10k,0.775000,2.825008,-6.337866,56.2372,4.633795
KADIK10k,0.717500,3.976315,-4.251584,44.7339,5.237283
KADIK10k,0.217500,13.319986,8.347640,-23.1423,11.850699
KADIK10k,0.057500,20.435257,13.812705,-50.6789,19.159565
KADIK10k,0.657500,2.829388,-4.071778,57.7288,5.556127
KADIK10k,0.642500,4.609076,0.503351,42.1472,7.723997
KADIK10k,0.507500,6.064182,3.928663,31.2387,9.325783
KADIK10k,0.350000,8.530088,6.070780,16.5872,11.509942
KADIK10k,0.325000,12.987494,9.624833,-7.7684,16.964378
KADIK10k,0.832500,1.116761,-12.826946,78.2531,3.155831
KADIK10k,0.567500,3.507459,-1.851869,51.6560,6.542396
KADIK10k,0.550000,5.695025,3.417798,34.2287,8.651326
KADIK10k,0.375000,9.079190,6.562155,13.6987,12.867591
KADIK10k,0.300000,11.765783,8.702202,-0.6617,14.329849
KADIK10k,0.607500,2.127317,-8.007277,48.0801,15.764370
KADIK10k,0.457500,4.761734,-0.597891,11.4720,18.001299
KADIK10k,0.432500,7.211011,4.402984,-14.0167,22.587708
KADIK10k,0.300000,10.697131,7.656845,-34.3577,30.881174
KADIK10k,0.217500,13.289482,9.672231,-45.1164,31.314352
KADIK10k,0.882500,1.054152,-12.832250,76.1965,4.147390
KADIK10k,0.557500,3.241046,-2.759354,49.6977,7.589734
KADIK10k,0.457500,5.152456,1.695783,34.2265,9.654278
KADIK10k,0.350000,8.147632,6.055110,14.1691,12.729708
KADIK10k,0.275000,13.823377,10.473807,-13.7110,18.055050
KADIK10k,0.700000,6.010752,1.664933,30.3230,6.998177
KADIK10k,0.425000,10.606234,6.389136,-1.1605,12.131071
KADIK10k,0.307500,13.942894,8.521965,-19.1047,14.099265
KADIK10k,0.167500,20.048326,12.514759,-43.2652,22.770067
KADIK10k,0.067500,25.862015,15.948853,-55.4467,30.068663
KADIK10k,0.892500,1.555481,-12.669851,71.5073,11.531773
KADIK10k,0.867500,3.582302,-7.140916,41.5406,22.745123
KADIK10k,0.707500,9.260303,0.056107,-14.3770,44.220856
KADIK10k,0.432500,23.286826,7.825753,-62.0468,75.687386
KADIK10k,0.257500,41.629927,11.624055,-71.8277,114.054413
KADIK10k,0.882500,0.734740,-16.826101,85.7560,5.359023
KADIK10k,0.900000,1.661674,-12.113060,69.9596,11.380891
KADIK10k,0.742500,3.908325,-5.945781,34.6134,22.133564
KADIK10k,0.600000,10.825182,2.510177,-34.3775,43.851429
KADIK10k,0.242500,34.885614,12.213533,-67.5242,79.340492
KADIK10k,0.817500,7.263863,-0.703569,19.6914,21.345739
KADIK10k,0.907500,2.790465,-10.400734,67.3716,11.123122
KADIK10k,0.967500,0.000000,-21.041588,100.0000,0.000000
KADIK10k,0.892500,3.275062,-9.020278,52.7100,12.439880
KADIK10k,0.657500,7.504691,-1.727189,-0.6807,23.490574
KADIK10k,0.832500,2.343793,-9.992347,70.0886,5.809672
KADIK10k,0.725000,4.395796,-5.788507,46.7498,10.506866
KADIK10k,0.507500,7.222034,-0.491001,21.0353,11.871634
KADIK10k,0.150000,12.154955,6.981233,-9.4111,18.247477
KADIK10k,0.082500,17.202469,12.203817,-34.9376,28.124153
KADIK10k,0.900000,5.158281,-7.503924,22.1032,54.212925
KADIK10k,0.775000,9.470909,-0.660481,-12.3084,62.476223
KADIK10k,0.775000,9.532978,1.152283,-12.5012,83.523155
KADIK10k,0.650000,9.845141,1.027565,-10.8419,83.225548
KADIK10k,0.775000,10.729465,4.802742,-21.9759,93.646858
KADIK10k,0.850000,9.035733,1.044557,12.6795,22.478466
KADIK10k,0.542500,10.850539,3.631186,1.6890,29.362717
KADIK10k,0.507500,9.789782,2.915121,6.5859,30.213812
KADIK10k,0.482500,9.804706,2.425982,8.3069,29.045305
KADIK10k,0.067500,21.728922,13.176212,-48.6755,52.540665
KADIK10k,0.792500,2.304723,-8.210367,58.4581,8.057302
KADIK10k,0.670000,3.450230,-5.010244,45.6099,11.025456
KADIK10k,0.650000,5.445027,-0.496141,28.5466,12.358030
KADIK10k,0.592500,7.447740,3.342757,12.2789,16.679964
KADIK10k,0.475000,12.221752,6.110284,-11.3071,22.216528
KADIK10k,0.317500,19.659103,11.984179,-55.2449,172.198563
KADIK10k,0.342500,14.286234,10.466147,-43.1934,69.935455
KADIK10k,0.217500,15.856764,10.865397,-45.2535,55.025635
KADIK10k,0.307500,25.008340,16.904215,-60.3790,138.272903
KADIK10k,0.300000,32.997038,20.964314,-64.2217,136.095245
KADIK10k,0.692500,9.014694,-0.195166,-2.2489,17.987982
KADIK10k,0.400000,16.970958,8.000382,-49.8108,30.900751
KADIK10k,0.250000,23.118633,13.272670,-61.6703,40.147697
KADIK10k,0.167500,35.599363,21.704617,-64.2914,59.574139
KADIK10k,0.125000,48.417328,29.489447,-72.8112,77.500183
KADIK10k,0.652500,19.456611,7.646186,-34.4526,22.283024
KADIK10k,0.682500,12.540513,3.834869,-1.1902,16.592567
KADIK10k,0.725000,6.534445,-3.075778,40.1166,10.166084
KADIK10k,0.807500,5.200333,-5.220647,35.9566,11.758348
KADIK10k,0.607500,14.213556,5.768846,-31.3259,24.549568
KADIK10k,0.900000,0.000000,-21.280046,100.0000,0.000000
KADIK10k,0.867500,1.250190,-12.689149,73.3173,3.393339
KADIK10k,0.457500,5.912652,-0.804478,22.0617,7.382238
KADIK10k,0.175000,15.023307,9.019340,-31.4016,13.640561
KADIK10k,0.042500,33.540208,21.951193,-64.2285,34.115082
KADIK10k,0.667500,2.749435,-6.213510,51.5709,5.579849
KADIK10k,0.407500,7.763762,1.818231,9.5509,8.579139
KADIK10k,0.142500,19.087527,11.390241,-45.1985,17.504368
KADIK10k,0.082500,27.427519,17.661072,-62.4663,27.753012
KADIK10k,0.092500,34.452655,23.000664,-64.2311,34.917770
KADIK10k,0.867500,0.000000,-21.280046,100.0000,0.000000
KADIK10k,0.725000,2.006775,-9.705426,63.2163,4.928355
KADIK10k,0.420000,5.773388,-1.053942,24.5242,8.103486
KADIK10k,0.217500,10.659834,6.121351,-8.4853,13.492928
KADIK10k,0.132500,17.741372,10.785219,-42.7325,21.077036
KADIK10k,0.892500,0.903587,-14.066024,75.6790,2.139221
KADIK10k,0.500000,4.593615,-2.646772,34.7143,18.408108
KADIK10k,0.192500,9.716825,5.122602,-1.3173,36.455521
KADIK10k,0.142500,13.561368,8.483266,-21.6479,45.805759
KADIK10k,0.132500,20.791632,14.713085,-49.7043,58.923965
KADIK10k,0.807500,6.377813,0.063304,31.6817,14.058942
KADIK10k,0.317500,12.086981,7.652770,-8.5182,26.794506
KADIK10k,0.207500,17.198021,10.865081,-34.8021,31.925945
KADIK10k,0.167500,20.027304,12.081689,-45.2953,33.880463
KADIK10k,0.157500,21.917617,13.055346,-52.8333,29.552618
KADIK10k,0.832500,2.275694,-8.161121,63.2350,5.918580
KADIK10k,0.842500,3.362897,-6.261212,54.9202,8.366909
KADIK10k,0.817500,4.297761,-4.904067,45.9955,9.816612
KADIK10k,0.657500,5.926785,-1.518662,28.4029,11.120641
KADIK10k,0.475000,10.683586,4.103947,0.7233,24.227978
KADIK10k,0.392500,5.055059,-5.335093,35.9572,16.398483
KADIK10k,0.332500,8.247612,-0.892998,6.5714,21.980639
KADIK10k,0.275000,10.202525,2.079470,-8.1016,24.774515
KADIK10k,0.307500,12.332553,5.348451,-21.7131,27.540377
KADIK10k,0.307500,16.657186,8.917371,-50.7506,30.521856
KADIK10k,0.932500,0.000000,-21.280046,100.0000,0.000000
KADIK10k,0.592500,2.411543,-6.609239,59.3554,13.550870
KADIK10k,0.442500,4.876002,-0.462279,35.7159,24.579924
KADIK10k,0.157500,11.212723,7.482238,-9.0899,38.584858
KADIK10k,0.175000,16.191501,11.417865,-33.2041,48.134144
KADIK10k,0.825000,4.075092,-4.119915,41.7815,4.547304
KADIK10k,0.400000,8.857374,3.696217,1.0902,7.919649
KADIK10k,0.342500,11.067440,5.713221,-11.6949,8.245314
KADIK10k,0.142500,20.914065,13.637966,-51.8809,14.827490
KADIK10k,0.057500,33.810984,22.707319,-64.2103,28.788874
KADIK10k,0.857500,2.840305,-6.279006,54.3823,3.989942
KADIK10k,0.850000,3.281757,-5.466269,50.4656,4.148958
KADIK10k,0.825000,4.605932,-3.120355,38.7511,4.826026
KADIK10k,0.367500,14.998804,8.390375,-28.4299,9.609694
KADIK10k,0.067500,23.800412,14.797408,-56.2993,13.313849
KADIK10k,0.850000,1.854583,-8.338059,66.7272,3.602992
KADIK10k,0.807500,2.922666,-3.868526,53.0719,5.309091
KADIK10k,0.707500,3.858740,-0.736166,42.4736,5.992454
KADIK10k,0.582500,5.380452,3.235670,28.1361,7.318946
KADIK10k,0.382500,8.503503,6.262486,2.0213,10.002135
KADIK10k,0.882500,0.824532,-14.462022,82.2454,2.068094
KADIK10k,0.857500,2.297176,-5.999953,60.4683,4.266675
KADIK10k,0.765000,3.638597,-1.078516,45.0131,5.566236
KADIK10k,0.507500,5.777249,4.072028,24.5352,7.523238
KADIK10k,0.450000,7.516382,5.471900,9.6211,9.656562
KADIK10k,0.617500,2.336534,-8.919913,18.6532,12.771940
KADIK10k,0.407500,4.747260,-1.150190,-28.1475,20.572529
KADIK10k,0.325000,6.642048,3.178005,-44.5257,23.026285
KADIK10k,0.267500,10.273993,7.104450,-61.1054,26.259714
KADIK10k,0.267500,13.122210,8.994776,-63.7452,26.470890
KADIK10k,0.842500,0.473584,-17.403881,87.8146,2.025618
KADIK10k,0.842500,1.231443,-12.245617,74.8441,3.624019
KADIK10k,0.867500,1.783250,-8.693418,65.7576,5.165524
KADIK10k,0.800000,2.718034,-5.775732,54.5305,7.536089
KADIK10k,0.652500,4.725738,-0.409576,33.7263,11.627394
KADIK10k,0.625000,8.403113,4.966943,3.1329,6.517727
KADIK10k,0.425000,14.391188,8.649199,-31.2613,9.974051
KADIK10k,0.292500,17.458081,10.748600,-43.9034,11.147918
KADIK10k,0.217500,22.668684,13.546095,-56.7510,15.737250
KADIK10k,0.117500,26.736861,16.189497,-62.2447,21.506054
KADIK10k,0.857500,2.142632,-12.200288,71.2566,7.617683
KADIK10k,0.842500,4.792913,-5.453441,41.5710,15.147996
KADIK10k,0.667500,11.252848,2.276768,-9.8936,30.735731
KADIK10k,0.525000,22.907717,5.749154,-53.9539,53.309807
KADIK10k,0.317500,37.526148,9.475335,-64.2351,80.021614
KADIK10k,0.875000,0.734945,-16.486376,85.4017,3.687053
KADIK10k,0.867500,1.710966,-11.228494,68.6334,7.590996
KADIK10k,0.632500,4.391827,-4.890546,30.2574,14.843124
KADIK10k,0.425000,13.271591,5.711938,-40.2948,28.993900
KADIK10k,0.075000,40.713379,20.625122,-69.8962,52.968975
KADIK10k,0.850000,5.607529,-4.882345,43.9394,17.253202
KADIK10k,0.867500,2.637179,-11.439526,71.5849,8.865870
KADIK10k,0.842500,0.000000,-21.280046,100.0000,0.000000
KADIK10k,0.750000,4.124335,-5.215160,29.4556,9.197363
KADIK10k,0.442500,11.323893,4.985704,-30.5756,17.470085
KADIK10k,0.757500,2.993490,-9.107052,47.2852,6.254818
KADIK10k,0.632500,5.990810,-3.558085,7.4748,12.373028
KADIK10k,0.532500,8.611816,1.982906,-4.4551,11.363547
KADIK10k,0.250000,15.928767,9.258052,-35.7308,19.298496
KADIK10k,0.057500,25.693683,16.008720,-60.3863,26.286938
KADIK10k,0.867500,5.193737,-5.883703,17.3922,47.821354
KADIK10k,0.882500,7.484647,-4.127538,-0.5682,63.774719
KADIK10k,0.850000,9.998578,3.971752,-23.2273,59.392490
KADIK10k,0.857500,11.278849,5.182729,-26.6263,71.761589
KADIK10k,0.742500,12.744053,6.194083,-37.5187,64.462891
KADIK10k,0.792500,12.214281,6.148833,-8.9903,22.383774
KADIK10k,0.675000,13.250255,6.842889,-18.8580,23.848442
KADIK10k,0.600000,12.377579,6.350876,-18.7808,24.338200
KADIK10k,0.567500,14.597520,7.664903,-22.0608,31.967144
KADIK10k,0.100000,30.708889,18.439299,-63.6603,49.500465
KADIK10k,0.825000,1.993897,-10.335873,69.6737,4.490344
KADIK10k,0.882500,2.987617,-6.565115,59.0988,5.743333
KADIK10k,0.767500,4.338547,-3.220357,47.7250,7.408534
KADIK10k,0.757500,7.607674,2.675953,22.8233,10.985098
KADIK10k,0.792500,7.528946,2.397457,25.8480,14.281338
KADIK10k,0.332500,11.910586,7.556898,-31.5103,57.939785
KADIK10k,0.275000,16.942111,11.315565,-47.4982,78.060173
KADIK10k,0.217500,23.115852,14.432403,-60.5799,97.432457
KADIK10k,0.200000,20.701903,12.747177,-55.7961,94.094772
KADIK10k,0.200000,26.608701,16.735512,-63.2343,94.778641
KADIK10k,0.517500,11.614606,2.494521,-23.4513,19.222111
KADIK10k,0.225000,21.386972,10.890808,-59.5983,32.617836
KADIK10k,0.192500,28.722920,15.756894,-64.1995,42.121803
KADIK10k,0.057500,42.173873,24.141298,-71.0926,58.505650
KADIK10k,0.050000,52.954883,29.268330,-104.0614,75.740242
KADIK10k,0.475000,19.053310,7.912160,-44.6596,19.407030
KADIK10k,0.625000,11.671259,3.464905,-10.4486,13.843571
KADIK10k,0.750000,5.922634,-3.946711,34.9282,7.869431
KADIK10k,0.807500,4.807122,-6.459684,35.5782,8.294259
KADIK10k,0.650000,12.433591,3.895892,-28.2889,17.424913
KADIK10k,0.925000,0.000000,-20.822269,100.0000,0.000000
KADIK10k,0.832500,0.826732,-15.657577,83.0291,2.496432
KADIK10k,0.607500,3.825559,-4.576145,49.8922,6.815444
KADIK10k,0.282500,8.792324,3.222065,13.0149,12.282375
KADIK10k,0.132500,16.610840,12.399604,-36.3275,25.898844
KADIK10k,0.782500,1.743392,-10.450431,68.9101,4.130979
KADIK10k,0.650000,5.018343,-2.774000,40.4211,8.021597
KADIK10k,0.282500,10.468559,5.759071,2.7772,14.713202
KADIK10k,0.142500,13.523179,9.281077,-19.5427,21.011511
KADIK10k,0.157500,16.515367,12.383595,-36.0386,27.143887
KADIK10k,0.867500,0.000000,-20.822269,100.0000,0.000000
KADIK10k,0.817500,1.504617,-11.491895,73.4241,4.876612
KADIK10k,0.567500,3.644489,-4.788281,51.3652,7.620177
KADIK10k,0.475000,5.586084,-1.801097,35.7008,8.538742
KADIK10k,0.292500,9.126883,5.101657,7.7089,18.943983
KADIK10k,0.900000,0.359370,-16.980768,88.7689,0.727474
KADIK10k,0.317500,10.472591,4.378977,-15.1630,34.565540
KADIK10k,0.275000,19.147864,10.605455,-53.1734,43.837852
KADIK10k,0.317500,26.205534,16.563280,-63.1210,48.370197
KADIK10k,0.192500,42.997918,27.745146,-67.9003,84.102966
KADIK10k,0.857500,1.711382,-10.042703,68.0927,7.650791
KADIK10k,0.532500,7.599334,0.567797,25.2051,23.888496
KADIK10k,0.300000,11.859763,8.451637,-4.6644,35.443634
KADIK10k,0.200000,15.810837,12.748544,-27.8586,49.601238
KADIK10k,0.200000,17.743289,13.723216,-33.8857,55.189041
KADIK10k,0.850000,3.130036,-5.329886,49.8390,11.178482
KADIK10k,0.682500,5.496421,-1.473188,32.9360,12.655388
KADIK10k,0.717500,6.236584,-0.094130,26.8847,13.336626
KADIK10k,0.582500,8.164025,3.219785,13.3204,17.315699
KADIK10k,0.350000,17.277097,8.147881,-32.2226,25.244562
KADIK10k,0.417500,9.697504,6.183674,-20.4545,36.067345
KADIK10k,0.442500,15.675246,9.935495,-49.6568,48.601254
KADIK10k,0.307500,19.082733,11.942599,-58.0940,54.963348
KADIK10k,0.307500,22.818140,14.060689,-62.6141,61.424934
KADIK10k,0.267500,36.085174,22.098101,-65.3269,72.663223
KADIK10k,0.900000,0.000000,-20.822269,100.0000,0.000000
KADIK10k,0.557500,5.811613,2.304368,15.9491,24.696949
KADIK10k,0.467500,12.329116,5.986469,-23.6918,34.303429
KADIK10k,0.292500,21.763266,12.212047,-54.9370,43.361256
KADIK10k,0.192500,38.636753,25.852100,-64.7910,58.048836
KADIK10k,0.857500,0.733792,-15.890362,83.1072,2.371832
KADIK10k,0.842500,1.944851,-8.888700,64.0360,3.830581
KADIK10k,0.875000,2.612875,-6.227434,55.3521,5.069721
KADIK10k,0.657500,7.038589,3.120251,9.4597,7.179021
KADIK10k,0.225000,14.097239,9.741822,-29.9580,12.951365
KADIK10k,0.900000,2.638171,-6.259230,54.9084,3.480496
KADIK10k,0.867500,3.103919,-5.457115,49.2316,3.676996
KADIK10k,0.832500,4.744937,-2.122724,32.1573,4.468050
KADIK10k,0.150000,18.606976,12.256161,-51.1076,12.762316
KADIK10k,0.057500,27.178732,18.146107,-61.8717,20.733990
KADIK10k,0.767500,3.382343,-2.827707,49.7849,5.392512
KADIK10k,0.600000,5.696727,2.558336,30.1120,7.202315
KADIK10k,0.482500,7.708839,4.727417,16.3166,8.509843
KADIK10k,0.457500,11.043243,7.265099,-3.6242,11.644615
KADIK10k,0.282500,17.520994,11.782271,-32.2849,15.103642
KADIK10k,0.887500,1.276361,-11.790440,74.4497,3.223368
KADIK10k,0.675000,4.318945,-0.350558,41.1471,6.276237
KADIK10k,0.550000,7.293318,4.492075,18.7426,9.766317
KADIK10k,0.467500,11.974092,7.998576,-8.1434,11.392133
KADIK10k,0.332500,15.806092,10.659922,-24.8977,13.554688
KADIK10k,0.592500,1.826039,-9.262583,53.3741,15.057007
KADIK10k,0.375000,4.645405,-0.768792,16.5548,19.765638
KADIK10k,0.325000,7.413483,4.495403,-6.8889,21.104618
KADIK10k,0.300000,11.407270,7.699657,-31.9165,27.181087
KADIK10k,0.282500,14.672760,9.702999,-45.0891,25.508299
KADIK10k,0.857500,1.209406,-12.144771,74.6614,4.293098
KADIK10k,0.657500,3.957164,-1.252863,43.4217,7.455705
KADIK10k,0.525000,6.581525,3.964008,22.6631,8.993625
KADIK10k,0.425000,10.849125,7.343297,-3.6963,12.061702
KADIK10k,0.267500,19.566234,13.438850,-38.3880,17.670998
KADIK10k,0.557500,8.771118,4.856508,0.1802,6.786574
KADIK10k,0.492500,13.757696,8.408745,-29.5211,12.653711
KADIK10k,0.375000,17.076155,10.641249,-42.4376,17.144489
KADIK10k,0.142500,27.008573,16.708937,-62.2505,25.520044
KADIK10k,0.092500,33.973167,20.531273,-64.1990,28.046257
KADIK10k,0.757500,0.923490,-15.835967,73.6357,12.542013
KADIK10k,0.682500,2.167436,-10.303544,46.1060,24.133879
KADIK10k,0.515000,5.877799,-3.167341,-7.4710,46.824539
KADIK10k,0.375000,15.757605,0.299428,-59.6766,76.879539
KADIK10k,0.100000,37.993443,6.265967,-72.8777,101.479355
KADIK10k,0.882500,0.403314,-18.674406,88.1903,6.030681
KADIK10k,0.867500,0.991694,-15.465492,73.4420,12.871034
KADIK10k,0.742500,2.347984,-9.800317,43.3506,25.238277
KADIK10k,0.607500,6.702249,-1.827888,-21.2588,51.377750
KADIK10k,0.442500,24.331662,1.911370,-64.9237,94.339310
KADIK10k,0.700000,3.947333,-5.152915,35.7398,24.887707
KADIK10k,0.767500,1.585922,-12.805452,69.5840,12.627300
KADIK10k,0.882500,0.000000,-20.822269,100.0000,0.000000
KADIK10k,0.757500,1.897272,-11.546711,64.7865,11.016536
KADIK10k,0.692500,4.454295,-3.079674,24.8464,20.537363
KADIK10k,0.850000,0.720678,-17.116220,87.8512,2.311178
KADIK10k,0.900000,1.542047,-12.939578,77.6302,4.019939
KADIK10k,0.607500,3.824366,-5.817238,48.8647,9.633698
KADIK10k,0.300000,8.882968,4.589574,7.2984,16.723948
KADIK10k,0.125000,12.431576,8.824697,-12.8849,22.393913
KADIK10k,0.832500,2.493533,-6.944750,43.3356,21.946396
KADIK10k,0.525000,6.327983,-1.762121,11.3320,61.451962
KADIK10k,0.742500,5.974867,-0.453924,13.9279,46.890572
KADIK10k,0.332500,8.305663,4.187659,-5.3175,77.154854
KADIK10k,0.442500,7.784011,2.168697,-2.4610,63.166149
KADIK10k,0.792500,6.924912,1.476993,20.4874,23.019144
KADIK10k,0.657500,8.315320,4.288293,7.6503,21.874346
KADIK10k,0.557500,7.415571,2.894467,11.6956,22.377140
KADIK10k,0.475000,7.610480,3.309697,12.5145,19.825920
KADIK10k,0.207500,16.971311,12.402470,-41.6920,56.565136
KADIK10k,0.725000,2.086897,-9.492974,58.9836,10.527602
KADIK10k,0.692500,2.636928,-6.828445,52.4231,10.827690
KADIK10k,0.675000,3.189700,-5.925488,47.2195,11.693834
KADIK10k,0.550000,4.942198,-1.821011,33.2233,16.006897
KADIK10k,0.242500,11.822974,5.879239,-7.6642,24.384855
KADIK10k,0.332500,12.417162,8.448149,-26.9243,95.717712
KADIK10k,0.407500,20.780825,14.451319,-59.6775,97.696457
KADIK10k,0.292500,18.095006,12.854548,-45.2104,71.433800
KADIK10k,0.242500,28.124598,18.888308,-63.8830,105.832199
KADIK10k,0.315000,30.096805,18.986513,-64.2234,99.047745
KADIK10k,0.642500,6.670054,1.331143,17.0978,16.607929
KADIK10k,0.475000,14.753232,9.425703,-37.6647,25.485523
KADIK10k,0.317500,22.141857,15.050890,-58.6012,32.804585
KADIK10k,0.207500,39.547958,27.843897,-64.7161,54.945053
KADIK10k,0.057500,60.047850,41.857548,-105.5140,75.489853
KADIK10k,0.500000,14.416792,6.822731,-25.9292,21.088251
KADIK10k,0.707500,9.168534,3.491897,3.6332,15.442156
KADIK10k,0.782500,4.577524,-2.633138,41.6222,9.404112
KADIK10k,0.557500,4.709947,-4.375751,34.3683,10.455756
KADIK10k,0.357500,14.106558,8.968144,-35.3170,21.492031
KADIK10k,0.875000,0.000000,-20.805368,100.0000,0.000000
KADIK10k,0.850000,0.532096,-17.086329,87.2963,1.552367
KADIK10k,0.375000,2.430253,-7.054708,64.1153,4.670064
KADIK10k,0.182500,5.784618,-1.148028,35.6004,9.959702
KADIK10k,0.092500,13.750468,10.168783,-28.4084,25.803349
KADIK10k,0.675000,1.170558,-12.927119,77.0951,3.069417
KADIK10k,0.450000,3.129384,-5.517444,57.5064,5.592861
KADIK10k,0.167500,7.051226,0.977905,25.4497,12.712797
KADIK10k,0.107500,10.311994,7.514926,-3.5012,20.251623
KADIK10k,0.125000,13.460532,9.985040,-26.7093,26.093374
KADIK10k,0.917500,0.000000,-20.805368,100.0000,0.000000
KADIK10k,0.832500,0.957379,-14.144197,80.0082,3.768590
KADIK10k,0.442500,2.785459,-6.185667,61.1786,5.887755
KADIK10k,0.267500,3.435142,-5.266397,54.3576,8.789586
KADIK10k,0.132500,6.242485,-0.068414,27.5475,17.231186
KADIK10k,0.867500,0.661538,-15.499178,83.8064,8.521830
KADIK10k,0.182500,16.083622,10.782792,-40.4786,39.071312
KADIK10k,0.107500,29.595580,19.043308,-63.9945,85.474869
KADIK10k,0.015000,41.783444,23.903982,-67.7338,145.294006
KADIK10k,0.032500,51.125938,27.699202,-104.9255,148.578690
KADIK10k,0.857500,3.262857,-7.608012,52.6150,16.187181
KADIK10k,0.492500,7.848449,-0.869923,11.5447,27.647198
KADIK10k,0.125000,10.240487,4.757175,-7.8128,38.353970
KADIK10k,0.200000,9.351817,4.106240,-1.4152,43.320625
KADIK10k,0.157500,16.195828,11.759679,-44.0288,45.291389
KADIK10k,0.682500,2.571569,-6.061692,53.4796,8.766519
KADIK10k,0.765000,3.190298,-3.942997,48.2614,10.226650
KADIK10k,0.692500,4.709091,-0.022938,31.1358,15.600041
KADIK10k,0.500000,7.557792,4.258346,3.6364,18.162535
KADIK10k,0.200000,15.758880,11.382529,-37.3609,22.508692
KADIK10k,0.425000,9.194277,5.594511,-18.6870,75.629379
KADIK10k,0.232500,17.533675,10.026904,-53.5781,112.448883
KADIK10k,0.317500,23.025714,12.933212,-62.0095,131.423721
KADIK10k,0.125000,29.234940,16.217937,-64.2072,150.407059
KADIK10k,0.067500,53.163029,30.529564,-105.0206,162.236359
KADIK10k,0.882500,0.000000,-20.805368,100.0000,0.000000
KADIK10k,0.425000,10.902163,6.045903,-12.4247,38.144466
KADIK10k,0.242500,16.355729,9.955105,-40.9958,38.345623
KADIK10k,0.175000,35.827608,23.376923,-64.5407,85.502373
KADIK10k,0.125000,56.281758,32.220356,-156.6140,148.578690
KADIK10k,0.932500,0.473297,-17.625648,87.8504,1.509683
KADIK10k,0.907500,1.273759,-12.739716,73.6022,2.628830
KADIK10k,0.907500,1.972452,-8.749329,63.2644,3.926267
KADIK10k,0.650000,5.386288,-0.323569,26.0963,7.437227
KADIK10k,0.175000,11.615314,7.832454,-18.6550,16.515368
KADIK10k,0.775000,2.663461,-6.233976,55.8827,7.861607
KADIK10k,0.717500,3.099844,-5.420202,50.8575,6.132331
KADIK10k,0.717500,4.589580,-2.500413,34.7653,8.342721
KADIK10k,0.150000,14.777510,9.591210,-36.1950,15.857314
KADIK10k,0.057500,31.971402,22.013372,-64.2291,26.149570
KADIK10k,0.587500,3.557369,-2.972913,50.4387,5.985684
KADIK10k,0.425000,6.022005,2.368689,30.8715,7.513285
KADIK10k,0.400000,8.137937,4.622577,16.7283,9.443283
KADIK10k,0.335000,11.661302,7.303674,-1.8043,10.952730
KADIK10k,0.307500,18.061217,11.623706,-28.3824,14.439200
KADIK10k,0.807500,1.296468,-12.351475,75.2293,3.428182
KADIK10k,0.532500,4.474795,-0.530595,42.5594,6.409760
KADIK10k,0.442500,7.605776,4.313090,20.7530,8.552393
KADIK10k,0.350000,12.452791,7.900343,-6.0481,11.315220
KADIK10k,0.265000,15.911255,10.332184,-20.2127,14.665362
KADIK10k,0.682500,1.730836,-9.615072,61.7561,11.118636
KADIK10k,0.500000,3.976686,-2.204652,39.6656,14.349977
KADIK10k,0.432500,6.574446,3.281624,24.9406,15.714413
KADIK10k,0.282500,10.223164,6.485946,2.5385,19.203650
KADIK10k,0.250000,13.408029,8.904507,-14.5085,21.415092
KADIK10k,0.775000,2.087053,-7.902019,64.5630,4.039098
KADIK10k,0.442500,7.176909,4.011092,21.7603,7.517763
KADIK10k,0.400000,11.861340,7.602388,-4.8163,10.558036
KADIK10k,0.292500,18.433132,12.185917,-31.4097,13.213710
KADIK10k,0.150000,28.799301,19.769758,-55.2209,18.796581
KADIK10k,0.550000,6.785599,2.592542,15.9001,8.707448
KADIK10k,0.317500,10.605965,6.107546,-11.9429,13.375031
KADIK10k,0.192500,13.673917,8.233756,-27.3552,18.450724
KADIK10k,0.117500,21.833187,13.510263,-52.8733,27.631269
KADIK10k,0.092500,28.413038,17.419695,-61.7777,29.571396
KADIK10k,0.925000,0.949962,-15.806053,78.9156,12.302702
KADIK10k,0.800000,2.435385,-8.527020,54.3422,24.460051
KADIK10k,0.625000,7.213151,1.733563,-0.2438,50.612076
KADIK10k,0.250000,21.002558,8.060214,-59.3353,93.318779
KADIK10k,0.042500,35.518827,13.066437,-64.5900,148.957031
KADIK10k,0.925000,0.500185,-17.875967,87.4349,6.564475
KADIK10k,0.907500,1.180068,-14.089330,74.5690,14.131302
KADIK10k,0.775000,2.920828,-6.217231,47.8623,26.905403
KADIK10k,0.607500,8.221485,1.727334,-5.4588,52.534477
KADIK10k,0.400000,22.389672,4.739533,-61.0218,88.057114
KADIK10k,0.550000,5.725345,0.590408,4.4110,26.746000
KADIK10k,0.825000,1.645576,-11.831830,62.0149,13.561383
KADIK10k,0.875000,0.000000,-20.805368,100.0000,0.000000
KADIK10k,0.857500,1.326930,-13.684487,75.9869,12.754103
KADIK10k,0.750000,3.256833,-6.543876,51.9891,25.605188
KADIK10k,0.857500,0.705997,-17.493521,88.6577,4.225259
KADIK10k,0.875000,1.285345,-14.340319,81.7270,4.978598
KADIK10k,0.625000,2.791902,-8.112410,62.6692,8.008260
KADIK10k,0.232500,5.905212,-0.781799,35.0818,13.497577
KADIK10k,0.092500,9.473065,5.350688,6.3932,20.610933
KADIK10k,0.575000,3.404325,-6.639202,42.3768,38.625626
KADIK10k,0.492500,3.724046,-2.907920,30.8095,30.941959
KADIK10k,0.492500,4.937523,-2.454803,19.0312,43.261097
KADIK10k,0.412500,6.495404,1.188807,7.6705,40.811031
KADIK10k,0.457500,7.286671,-1.926997,4.4472,57.641201
KADIK10k,0.682500,4.707027,-3.102259,39.0704,20.843557
KADIK10k,0.482500,5.651038,-0.698079,31.4252,19.143723
KADIK10k,0.607500,5.106046,-1.543532,32.8955,16.036041
KADIK10k,0.525000,5.515438,-0.928577,32.8215,19.289948
KADIK10k,0.132500,11.903752,8.514088,-17.4498,37.161201
KADIK10k,0.742500,2.433639,-6.766157,55.4892,10.272918
KADIK10k,0.625000,3.450228,-4.150959,43.8375,12.194551
KADIK10k,0.650000,4.423459,-1.694943,31.3223,14.292325
KADIK10k,0.457500,7.177917,3.028853,6.6266,18.526344
KADIK10k,0.267500,16.140017,8.805797,-38.0420,22.542280
KADIK10k,0.450000,16.458336,10.808314,-48.8193,112.606758
KADIK10k,0.317500,19.418219,13.793313,-57.4545,74.530899
KADIK10k,0.250000,27.485332,18.114544,-63.5996,109.142677
KADIK10k,0.250000,22.379003,16.582743,-49.9782,89.232628
KADIK10k,0.150000,30.640527,21.414511,-63.3231,92.527000
KADIK10k,0.700000,5.441945,-1.382230,32.2449,15.480170
KADIK10k,0.457500,12.358290,7.727781,-17.0680,25.687410
KADIK10k,0.275000,18.840031,13.045902,-43.3102,33.844887
KADIK10k,0.200000,34.835401,26.157314,-63.8897,53.105297
KADIK10k,0.067500,56.330467,42.586483,-72.1859,76.476692
KADIK10k,0.467500,10.431182,4.452147,-10.3941,26.158085
KADIK10k,0.757500,6.160981,-0.750360,22.5061,18.583149
KADIK10k,0.907500,2.960025,-6.482782,54.6248,10.834239
KADIK10k,0.857500,3.128679,-8.658646,53.9656,11.039473
KADIK10k,0.642500,8.725877,3.339878,-1.7159,21.918447
KADIK10k,0.950000,0.000000,-20.808113,100.0000,0.000000
KADIK10k,0.850000,0.389078,-17.871134,89.3716,1.532854
KADIK10k,0.500000,1.531753,-10.687066,70.6971,4.581501
KADIK10k,0.250000,4.045689,-3.869052,40.6736,10.916756
KADIK10k,0.117500,12.399299,9.302545,-25.7963,29.482782
KADIK10k,0.817500,0.765311,-15.065915,82.0076,2.689702
KADIK10k,0.550000,1.898714,-8.907484,65.2959,5.720478
KADIK10k,0.207500,5.090116,-2.301028,30.0028,14.025508
KADIK10k,0.132500,8.638476,3.878563,-1.3502,23.761314
KADIK10k,0.082500,12.249616,9.195559,-25.4065,31.577894
KADIK10k,0.975000,0.000000,-20.808113,100.0000,0.000000
KADIK10k,0.832500,0.565094,-16.389435,84.9865,2.615592
KADIK10k,0.557500,1.598311,-10.754696,69.4072,6.345748
KADIK10k,0.332500,2.772941,-6.547356,54.4199,10.631490
KADIK10k,0.207500,5.209757,-2.036790,27.3845,19.820166
KADIK10k,0.875000,0.820734,-13.438863,78.6691,7.434284
KADIK10k,0.467500,9.682395,5.187839,-7.8323,34.790386
KADIK10k,0.175000,16.645504,10.677734,-44.1631,56.434425
KADIK10k,0.167500,20.468694,13.190140,-56.5549,53.829777
KADIK10k,0.182500,27.300949,19.461679,-64.0735,74.487823
KADIK10k,0.850000,3.621804,-9.582420,51.1191,19.361637
KADIK10k,0.482500,7.697135,-2.007536,13.6142,37.110508
KADIK10k,0.242500,12.056475,7.270531,-18.5334,55.936852
KADIK10k,0.182500,14.388246,9.203300,-31.3960,62.316402
KADIK10k,0.142500,15.821976,10.961728,-38.7263,65.408447
KADIK10k,0.692500,5.386205,-0.082813,29.2827,13.455656
KADIK10k,0.700000,5.844620,0.783641,25.3727,15.417081
KADIK10k,0.567500,7.749684,4.261821,13.2067,18.263239
KADIK10k,0.450000,13.173488,8.570869,-17.3699,24.817060
KADIK10k,0.267500,16.384305,10.257746,-36.2157,33.980503
KADIK10k,0.467500,8.702555,3.549604,-9.2077,29.405529
KADIK10k,0.407500,14.071840,8.471020,-41.2554,40.008091
KADIK10k,0.257500,17.243494,10.258089,-52.3244,45.447746
KADIK10k,0.225000,20.632565,12.079797,-59.4338,50.898460
KADIK10k,0.332500,27.234174,14.375407,-64.2291,56.549568
KADIK10k,0.917500,0.000000,-20.808113,100.0000,0.000000
KADIK10k,0.592500,6.047471,1.452957,19.9934,32.261951
KADIK10k,0.517500,10.651446,5.561132,-10.4319,46.415138
KADIK10k,0.282500,19.982889,12.252684,-53.5844,61.682144
KADIK10k,0.150000,29.052152,18.656660,-64.1763,64.641945
KADIK10k,0.875000,0.420246,-17.946411,89.6931,1.478031
KADIK10k,0.932500,0.929787,-14.212383,80.0739,2.407463
KADIK10k,0.907500,1.297185,-11.855377,73.4140,3.373820
KADIK10k,0.632500,4.066040,-3.306229,40.0146,10.328200
KADIK10k,0.142500,10.432923,7.003518,-11.7204,20.227196
KADIK10k,0.892500,2.117981,-8.183599,60.9611,4.468742
KADIK10k,0.825000,2.393610,-7.036553,57.0733,4.826777
KADIK10k,0.707500,3.491788,-4.968536,43.2906,6.310094
KADIK10k,0.125000,12.606310,7.829779,-29.6261,15.780045
KADIK10k,0.050000,25.337509,18.492081,-61.6819,24.876942
KADIK10k,0.617500,4.364243,-2.574510,43.9380,6.225364
KADIK10k,0.492500,7.356402,2.678777,22.1662,8.409068
KADIK10k,0.382500,9.754149,4.952308,7.4477,10.336117
KADIK10k,0.380000,13.431256,7.368809,-10.1783,12.543653
KADIK10k,0.292500,19.944608,11.586776,-36.8160,17.091173
KADIK10k,0.857500,1.452105,-11.797371,72.9572,3.513141
KADIK10k,0.625000,4.934079,-1.263220,39.2161,6.828640
KADIK10k,0.482500,8.320377,4.072140,16.8112,9.430739
KADIK10k,0.342500,13.077791,7.349650,-8.9669,12.268029
KADIK10k,0.350000,16.607460,9.646857,-23.3676,15.755608
KADIK10k,0.582500,2.791009,-6.443722,28.7336,14.291709
KADIK10k,0.425000,7.123461,1.908553,-19.6370,23.891092
KADIK10k,0.450000,11.225953,6.405473,-43.2609,29.897650
KADIK10k,0.357500,17.092247,10.038604,-59.6918,33.727592
KADIK10k,0.275000,20.694027,12.057551,-63.3084,34.833530
KADIK10k,0.925000,1.035653,-13.869301,77.9289,3.593255
KADIK10k,0.650000,3.353983,-4.763721,51.0822,7.306947
KADIK10k,0.417500,5.627474,-0.416290,32.2142,9.725229
KADIK10k,0.400000,9.103605,4.672456,10.6135,12.736236
KADIK10k,0.292500,16.483175,9.498952,-23.6784,21.139563
KADIK10k,0.700000,4.577373,-2.570269,34.2535,10.419276
KADIK10k,0.382500,8.624396,4.699087,1.8531,12.677205
KADIK10k,0.257500,12.562998,7.584448,-20.8480,18.767735
KADIK10k,0.157500,21.456970,13.167466,-54.4501,30.557953
KADIK10k,0.132500,28.550637,17.590740,-62.9492,29.772205
KADIK10k,0.917500,1.119357,-14.250495,71.9345,13.877153
KADIK10k,0.817500,2.652895,-7.568778,43.2981,27.714769
KADIK10k,0.682500,6.862364,-0.458175,-9.3774,56.605881
KADIK10k,0.382500,16.913392,1.367067,-57.5864,100.130692
KADIK10k,0.157500,38.288940,4.829365,-73.3924,155.041168
KADIK10k,0.907500,0.520115,-17.470413,84.2000,6.830739
KADIK10k,0.917500,1.202516,-13.159880,67.4606,14.187121
KADIK10k,0.867500,2.891411,-6.364103,30.3717,27.476824
KADIK10k,0.675000,8.566831,0.387128,-40.0961,55.199558
KADIK10k,0.367500,31.679652,6.296960,-74.8489,99.570480
KADIK10k,0.850000,4.192599,-3.976949,38.5640,29.118671
KADIK10k,0.875000,1.895145,-11.355494,69.7863,14.561264
KADIK10k,0.950000,0.000000,-20.808113,100.0000,0.000000
KADIK10k,0.882500,2.690735,-9.003622,38.5921,16.605818
KADIK10k,0.782500,6.745188,-1.580736,-22.0226,31.537722
KADIK10k,0.925000,1.360556,-13.539776,79.3050,4.013259
KADIK10k,0.857500,2.606372,-9.274605,60.0198,9.142485
KADIK10k,0.792500,3.105055,-8.542365,59.3421,7.029309
KADIK10k,0.217500,5.770096,-3.803216,29.3931,17.638012
KADIK10k,0.087500,9.481817,4.115829,-3.5111,30.178400
KADIK10k,0.892500,3.714805,-9.892618,40.8947,69.812004
KADIK10k,0.850000,4.905511,-5.956634,24.5374,48.375458
KADIK10k,0.625000,7.200044,-1.233053,4.0609,71.117180
KADIK10k,0.742500,8.785971,-0.437152,-1.5860,82.932327
KADIK10k,0.650000,8.544738,2.501305,-6.0649,66.047424
KADIK10k,0.767500,3.487267,-8.533213,54.4313,20.060085
KADIK10k,0.625000,3.619843,-8.117706,51.6812,18.456287
KADIK10k,0.532500,3.481399,-8.435759,54.4166,18.791067
KADIK10k,0.482500,3.527810,-8.214706,52.5389,19.708635
KADIK10k,0.157500,7.681006,-1.558885,12.3033,34.669128
KADIK10k,0.407500,3.517039,-4.171957,40.1522,9.898626
KADIK10k,0.482500,5.131733,-0.878492,24.8294,12.046764
KADIK10k,0.375000,7.298159,2.973033,6.6006,15.871845
KADIK10k,0.282500,9.637889,4.726211,-9.1662,22.066177
KADIK10k,0.150000,13.891626,7.438611,-32.6875,29.377310
KADIK10k,0.457500,17.088230,10.602281,-51.4142,136.848648
KADIK10k,0.450000,17.791033,12.351398,-40.9015,98.021301
KADIK10k,0.317500,27.974817,17.407093,-63.8439,162.888489
KADIK10k,0.257500,21.246725,14.973146,-57.4793,92.159111
KADIK10k,0.292500,24.960507,16.518007,-62.8013,90.670006
KADIK10k,0.775000,4.980533,-5.498724,38.5418,18.822506
KADIK10k,0.450000,10.107447,3.825619,-2.1030,31.929739
KADIK10k,0.367500,14.355153,8.465030,-26.8419,39.582127
KADIK10k,0.150000,23.874906,15.060076,-55.7408,59.073288
KADIK10k,0.075000,35.562283,22.930281,-64.0673,74.536201
KADIK10k,0.717500,17.823962,6.865036,-46.5651,29.325769
KADIK10k,0.750000,11.512978,3.902216,-14.5597,21.974369
KADIK10k,0.857500,5.862055,-2.188460,31.7280,13.315893
KADIK10k,0.882500,5.519497,-3.069391,28.2541,15.107574
KADIK10k,0.675000,15.506271,10.041998,-40.2841,31.871788
KADIK10k,0.932500,0.000000,-21.164509,100.0000,0.000000
KADIK10k,0.692500,1.057978,-13.772589,79.2841,2.459466
KADIK10k,0.232500,4.727095,-2.624316,41.8983,6.275829
KADIK10k,0.100000,11.556863,6.991095,-2.9407,11.872382
KADIK10k,0.050000,28.131652,19.741541,-62.3706,26.444893
KADIK10k,0.525000,2.299080,-6.994938,62.8691,4.112484
KADIK10k,0.282500,6.118997,-0.679723,32.0872,7.287157
KADIK10k,0.092500,14.393342,8.795719,-17.4448,14.947609
KADIK10k,0.142500,21.539876,14.523524,-49.9822,22.364489
KADIK10k,0.017500,28.101313,19.756172,-62.3183,27.554039
KADIK10k,0.875000,0.000000,-21.164509,100.0000,0.000000
KADIK10k,0.667500,1.769964,-9.861753,69.1243,3.684757
KADIK10k,0.282500,5.042950,-2.151125,39.1803,7.663934
KADIK10k,0.167500,8.485047,2.964817,14.2419,12.871017
KADIK10k,0.075000,11.859451,7.233344,-8.0487,21.796059
KADIK10k,0.817500,0.824941,-14.060173,78.9514,3.719996
KADIK10k,0.400000,8.624982,4.465509,-7.6019,22.294855
KADIK10k,0.150000,16.745807,10.643293,-47.6616,40.332249
KADIK10k,0.167500,21.231774,13.720119,-57.7718,61.785351
KADIK10k,0.117500,27.732607,18.838726,-63.5788,70.566162
KADIK10k,0.652500,5.514136,-0.972594,39.5815,11.121678
KADIK10k,0.200000,10.119746,5.925305,7.6198,19.269245
KADIK10k,0.117500,16.115504,9.904975,-27.4096,24.587967
KADIK10k,0.125000,17.911359,10.899003,-34.5073,26.105726
KADIK10k,0.100000,18.957160,11.490035,-36.0780,32.047333
KADIK10k,0.725000,3.470743,-5.220037,52.8164,9.059918
KADIK10k,0.707500,3.966283,-4.049046,46.0478,12.812327
KADIK10k,0.692500,5.509321,-2.082911,33.7308,13.103737
KADIK10k,0.425000,10.042485,5.408340,-0.5829,16.050962
KADIK10k,0.325000,14.478954,7.423067,-27.1618,30.116430
KADIK10k,0.467500,7.186143,1.762904,1.4412,42.777485
KADIK10k,0.432500,12.366557,8.216474,-33.6073,60.764751
KADIK10k,0.317500,15.766867,10.641478,-47.0441,69.986771
KADIK10k,0.267500,19.540743,13.344392,-56.5329,79.233925
KADIK10k,0.325000,34.863599,22.824377,-64.3883,79.622421
KADIK10k,0.842500,0.000000,-21.164509,100.0000,0.000000
KADIK10k,0.525000,5.204925,-0.756068,25.6707,15.925914
KADIK10k,0.367500,9.269407,4.750290,-10.5804,24.791847
KADIK10k,0.145000,20.405313,12.947466,-55.8367,42.897060
KADIK10k,0.150000,30.336890,20.059504,-64.1299,67.269325
KADIK10k,0.775000,3.118471,-5.924396,55.8356,6.149703
KADIK10k,0.582500,5.828752,-1.554001,32.6342,8.257894
KADIK10k,0.407500,8.004003,2.011628,15.8948,9.973831
KADIK10k,0.192500,14.089340,8.530136,-19.2604,14.301703
KADIK10k,0.042500,25.453602,17.554014,-57.0874,22.962223
KADIK10k,0.732500,2.725939,-6.503903,60.2935,4.717984
KADIK10k,0.842500,3.117946,-5.996956,57.0228,4.868757
KADIK10k,0.667500,4.488295,-3.510197,45.4061,6.646348
KADIK10k,0.232500,13.723500,7.803720,-16.0992,13.146912
KADIK10k,0.057500,23.262165,14.557500,-51.8005,19.454037
KADIK10k,0.825000,1.883900,-8.159387,67.8153,4.455675
KADIK10k,0.582500,2.976458,-3.687448,55.5654,6.356009
KADIK10k,0.500000,3.843448,-0.884924,47.1782,7.269214
KADIK10k,0.382500,5.511086,3.153433,33.7361,9.001360
KADIK10k,0.275000,8.532243,6.225203,13.3509,12.308363
KADIK10k,0.917500,0.819319,-14.420250,82.8886,2.549046
KADIK10k,0.692500,2.302263,-5.831586,62.4355,5.241849
KADIK10k,0.457500,3.672824,-1.223144,48.6145,6.803623
KADIK10k,0.425000,5.800178,4.047518,31.0910,9.397815
KADIK10k,0.300000,7.602736,5.571654,17.8258,11.975678
KADIK10k,0.742500,1.610872,-12.090681,59.5498,13.964634
KADIK10k,0.392500,3.073845,-5.946277,31.9846,13.975686
KADIK10k,0.457500,4.036780,-2.041498,22.4686,17.796223
KADIK10k,0.355000,6.323096,3.470717,-1.9126,26.285749
KADIK10k,0.337500,7.867273,5.587862,-14.1216,25.580276
KADIK10k,0.832500,0.949008,-13.305782,77.9913,3.823967
KADIK10k,0.525000,2.735241,-4.199133,53.6657,7.195075
KADIK10k,0.475000,4.365768,-0.228302,37.6398,9.720628
KADIK10k,0.317500,6.838369,4.741776,19.1600,12.864429
KADIK10k,0.157500,11.821170,8.409529,-10.2357,17.281126
KADIK10k,0.592500,6.473369,1.869768,27.3939,6.450998
KADIK10k,0.392500,11.463680,6.786567,-4.6386,10.569713
KADIK10k,0.307500,14.848218,8.642593,-22.7500,13.147753
KADIK10k,0.150000,19.446870,11.585801,-41.7359,18.189724
KADIK10k,0.125000,24.477896,14.145418,-53.6111,21.908161
KADIK10k,0.875000,1.591413,-12.362631,70.9217,8.715770
KADIK10k,0.742500,3.710868,-6.360868,40.0544,16.795671
KADIK10k,0.507500,9.840442,1.543188,-19.2798,33.515011
KADIK10k,0.332500,26.038618,8.768817,-64.0487,58.416672
KADIK10k,0.142500,46.422390,15.068691,-93.9334,84.201103
KADIK10k,0.900000,0.746840,-16.835638,85.5741,4.236462
KADIK10k,0.875000,1.719353,-12.067008,70.2140,8.963737
KADIK10k,0.782500,4.055726,-5.883002,37.2832,17.818752
KADIK10k,0.582500,11.147026,2.595777,-27.4238,36.239010
KADIK10k,0.217500,35.739392,11.255880,-66.1745,69.225662
KADIK10k,0.825000,6.672000,-2.593424,22.2948,21.972574
KADIK10k,0.882500,2.772146,-10.318163,65.8363,11.638202
KADIK10k,0.882500,0.000000,-21.164509,100.0000,0.000000
KADIK10k,0.857500,3.340037,-8.264448,61.1351,9.290739
KADIK10k,0.700000,7.660504,-0.003757,19.8313,17.743799
KADIK10k,0.792500,1.655434,-12.072506,78.8260,4.266048
KADIK10k,0.707500,4.333124,-5.619667,48.1499,9.848313
KADIK10k,0.607500,6.419381,-1.273832,30.8913,10.055470
KADIK10k,0.207500,12.043258,7.036677,-3.5192,14.310894
KADIK10k,0.067500,20.081844,12.975346,-42.0473,23.882963
KADIK10k,0.850000,5.350178,-6.458038,21.4620,60.909271
KADIK10k,0.842500,6.265976,-3.525495,8.6737,60.832180
KADIK10k,0.775000,9.411259,3.459297,-12.2110,66.468269
KADIK10k,0.682500,10.054952,4.787210,-17.7426,72.235725
KADIK10k,0.575000,11.629745,7.634204,-31.4512,66.780891
KADIK10k,0.707500,9.762507,4.725737,6.3583,18.163963
KADIK10k,0.625000,10.989787,5.422638,-3.9478,18.611477
KADIK10k,0.517500,10.145709,4.900981,-0.9278,23.103563
KADIK10k,0.542500,12.023459,6.211528,-3.7415,23.461828
KADIK10k,0.142500,25.333821,15.263973,-56.6233,38.877010
KADIK10k,0.925000,1.034718,-13.916305,78.0639,5.189190
KADIK10k,0.832500,1.485125,-11.873665,70.6570,6.709599
KADIK10k,0.807500,2.220762,-8.673473,61.0367,9.132619
KADIK10k,0.775000,3.183581,-6.227477,51.5053,12.309278
KADIK10k,0.600000,6.763062,2.111446,16.5921,20.925207
KADIK10k,0.347500,9.244554,2.222902,-16.6066,36.505455
KADIK10k,0.332500,11.272296,3.253634,-11.8282,52.108028
KADIK10k,0.292500,21.159176,13.077537,-53.6336,66.391418
KADIK10k,0.257500,25.785563,16.171722,-61.3168,90.909737
KADIK10k,0.207500,26.661648,16.928715,-63.2879,104.422737
KADIK10k,0.517500,10.508663,3.071033,0.9588,16.251760
KADIK10k,0.300000,20.636526,11.010349,-46.1811,28.067297
KADIK10k,0.217500,28.269152,15.989398,-60.5474,38.007957
KADIK10k,0.057500,42.063217,24.813301,-64.3419,59.045307
KADIK10k,0.025000,54.370133,31.831501,-75.8970,83.764282
KADIK10k,0.517500,19.619870,7.589731,-25.8482,21.128635
KADIK10k,0.657500,12.770744,3.955273,4.7953,15.071804
KADIK10k,0.807500,6.645104,-2.651664,42.7180,8.825267
KADIK10k,0.775000,5.330677,-3.896586,35.7385,9.130575
KADIK10k,0.642500,14.627684,8.996834,-32.9542,18.706753
KADIK10k,0.932500,0.000000,-20.913170,100.0000,0.000000
KADIK10k,0.882500,0.788548,-15.353124,81.5790,2.360489
KADIK10k,0.450000,3.426283,-4.806013,48.4733,6.982897
KADIK10k,0.167500,8.578297,3.356074,8.6059,13.525344
KADIK10k,0.057500,19.933220,14.946110,-50.3960,26.651838
KADIK10k,0.725000,1.658350,-10.091811,67.4594,4.300100
KADIK10k,0.392500,4.383303,-3.140896,39.9946,8.015153
KADIK10k,0.192500,10.744325,6.841486,-4.4944,17.057272
KADIK10k,0.067500,15.754326,11.528759,-34.4705,23.353561
KADIK10k,0.082500,20.107010,15.216380,-50.9895,27.586555
KADIK10k,0.917500,0.000000,-20.913170,100.0000,0.000000
KADIK10k,0.800000,1.575173,-10.468449,67.7441,5.486806
KADIK10k,0.475000,2.873160,-5.965733,52.0751,7.109758
KADIK10k,0.292500,5.702896,-1.162019,31.1188,11.085937
KADIK10k,0.100000,9.491352,5.346632,-1.3005,23.718451
KADIK10k,0.907500,0.820206,-14.213511,81.8646,5.027960
KADIK10k,0.482500,9.048312,4.444936,-4.1895,38.165897
KADIK10k,0.232500,24.715640,16.224871,-60.2337,59.566936
KADIK10k,0.132500,38.459321,24.552715,-64.4760,100.115501
KADIK10k,0.067500,48.441946,28.409292,-82.0445,120.274506
KADIK10k,0.907500,2.799138,-7.811859,58.8920,11.013227
KADIK10k,0.375000,8.725222,2.956772,5.5554,23.254906
KADIK10k,0.182500,13.653274,8.528145,-18.5281,35.528996
KADIK10k,0.157500,15.432659,9.736797,-28.5378,36.378216
KADIK10k,0.207500,15.026145,9.311023,-28.1012,38.218922
KADIK10k,0.657500,3.304659,-4.641138,53.7223,7.062462
KADIK10k,0.707500,3.868264,-3.375366,47.8535,8.778090
KADIK10k,0.700000,4.884167,-2.420487,41.2979,9.968341
KADIK10k,0.532500,8.807789,3.874647,14.0537,17.531460
KADIK10k,0.257500,17.402127,9.941425,-33.6902,23.631847
KADIK10k,0.567500,12.415842,7.040567,-37.7450,69.974487
KADIK10k,0.317500,21.009756,12.373194,-60.6811,94.646538
KADIK10k,0.307500,25.999144,15.407763,-63.9042,106.392456
KADIK10k,0.332500,31.265656,18.529938,-64.2377,118.160973
KADIK10k,0.207500,46.680296,30.212120,-89.2137,130.377350
KADIK10k,0.932500,0.000000,-20.913170,100.0000,0.000000
KADIK10k,0.507500,5.600378,1.764240,18.8512,32.760189
KADIK10k,0.332500,10.037567,4.682693,-11.3703,38.087479
KADIK10k,0.157500,27.205987,16.233627,-61.6815,58.642399
KADIK10k,0.067500,52.234536,31.322918,-87.8257,120.271339
KADIK10k,0.925000,0.963423,-14.421815,79.2459,2.513180
KADIK10k,0.867500,2.400759,-7.440174,59.3593,5.121117
KADIK10k,0.757500,3.533239,-5.163063,46.7357,6.880019
KADIK10k,0.242500,8.339401,3.297942,5.8853,12.709964
KADIK10k,0.032500,17.973529,13.198246,-44.0243,21.290236
KADIK10k,0.767500,2.580622,-6.709364,58.4399,4.402320
KADIK10k,0.807500,2.948466,-6.140986,53.9835,6.027971
KADIK10k,0.600000,4.266035,-3.525420,39.7444,6.328385
KADIK10k,0.142500,14.185398,8.840308,-32.6032,12.047434
KADIK10k,0.042500,22.622670,15.291028,-58.2100,20.536882
KADIK10k,0.525000,3.297525,-4.013093,52.2690,5.583845
KADIK10k,0.475000,5.504663,0.750389,33.5732,8.064269
KADIK10k,0.457500,7.304536,4.046917,20.7452,8.928839
KADIK10k,0.317500,10.342012,6.210836,3.2323,11.357419
KADIK10k,0.200000,15.801239,9.812109,-23.3298,15.428878
KADIK10k,0.757500,1.262854,-12.480193,75.4620,3.183173
KADIK10k,0.500000,4.144971,-1.781684,44.8968,6.610862
KADIK10k,0.400000,6.823962,3.544629,24.2608,8.329725
KADIK10k,0.332500,11.036129,6.745924,0.2091,11.319674
KADIK10k,0.275000,14.097459,8.775342,-16.0019,13.628426
KADIK10k,0.642500,2.172528,-8.515309,44.2632,14.065500
KADIK10k,0.425000,4.971869,-0.964677,4.5604,22.623556
KADIK10k,0.325000,7.316164,3.383893,-14.2097,22.275969
KADIK10k,0.292500,11.342077,7.285202,-38.9011,28.653919
KADIK10k,0.242500,13.783631,8.975415,-47.6162,29.531717
KADIK10k,0.875000,1.310288,-12.078097,74.5229,3.660750
KADIK10k,0.550000,4.281683,-1.820039,43.3935,7.129153
KADIK10k,0.367500,7.049788,3.456662,23.3061,10.667369
KADIK10k,0.267500,11.144986,6.816637,1.1102,13.321240
KADIK10k,0.217500,19.086835,12.048900,-33.3972,18.400652
KADIK10k,0.650000,5.586623,-0.455294,28.9122,6.597677
KADIK10k,0.325000,9.787946,5.277063,-3.5531,10.320635
KADIK10k,0.257500,13.764835,8.040768,-26.3299,16.349724
KADIK10k,0.157500,22.257314,13.604375,-54.4499,23.567709
KADIK10k,0.092500,28.607485,17.105967,-62.4206,32.741314
KADIK10k,0.857500,1.308904,-13.651965,72.8124,12.114276
KADIK10k,0.792500,3.147816,-8.110205,44.1205,24.030279
KADIK10k,0.682500,8.651971,-1.209155,-10.4852,46.679993
KADIK10k,0.442500,22.851842,5.688589,-61.3483,82.074478
KADIK10k,0.182500,43.005747,10.099556,-76.8972,125.489822
KADIK10k,0.967500,0.631023,-16.989752,85.7761,5.597894
KADIK10k,0.825000,1.503920,-12.331745,70.5839,11.914876
KADIK10k,0.807500,3.631706,-6.279109,38.7543,22.879351
KADIK10k,0.602500,10.306573,2.476998,-25.4291,45.279896
KADIK10k,0.317500,30.365740,9.175774,-64.3618,87.643425
KADIK10k,0.832500,5.918995,-4.716576,36.1086,24.247383
KADIK10k,0.892500,2.458832,-10.987820,68.1534,12.281355
KADIK10k,0.932500,0.000000,-20.913170,100.0000,0.000000
KADIK10k,0.892500,3.027754,-7.621602,56.0553,12.518802
KADIK10k,0.700000,7.633831,1.522433,8.7315,23.756100
KADIK10k,0.907500,1.386994,-13.466665,81.4772,4.024383
KADIK10k,0.807500,2.598980,-9.456671,66.4125,5.361753
KADIK10k,0.607500,5.071757,-3.966662,41.1211,9.233922
KADIK10k,0.157500,9.138121,4.585635,10.6836,15.892315
KADIK10k,0.050000,14.999496,10.673104,-26.3727,25.527670
KADIK10k,0.892500,2.752318,-7.637999,44.3205,29.024712
KADIK10k,0.867500,6.106606,-3.174112,13.7945,70.397797
KADIK10k,0.857500,8.225934,-0.710227,-2.9777,80.032524
KADIK10k,0.807500,8.661909,1.873669,-5.3482,69.643394
KADIK10k,0.742500,10.173202,5.638840,-19.6407,73.221581
KADIK10k,0.567500,6.028157,-2.348176,26.8678,21.424141
KADIK10k,0.350000,8.557846,2.705928,9.3046,21.299633
KADIK10k,0.357500,7.979517,2.151114,11.6688,25.297625
KADIK10k,0.317500,8.060720,1.422664,12.4277,24.979315
KADIK10k,0.057500,17.508456,11.345190,-39.8080,46.627560
KADIK10k,0.702500,2.418262,-7.332150,53.9566,7.661923
KADIK10k,0.717500,3.377689,-4.397368,43.2239,11.519467
KADIK10k,0.492500,4.555096,-1.620517,28.9883,12.689219
KADIK10k,0.507500,6.338549,1.044093,17.7976,13.606586
KADIK10k,0.275000,9.550049,4.360480,-7.9456,22.516623
KADIK10k,0.482500,11.412067,8.358688,-37.8186,81.496117
KADIK10k,0.257500,15.649227,11.209405,-48.3344,63.453445
KADIK10k,0.392500,21.951176,14.908436,-59.1528,103.618263
KADIK10k,0.242500,22.498318,15.399519,-59.2961,92.690193
KADIK10k,0.307500,26.986757,17.697193,-61.6811,117.382980
KADIK10k,0.667500,7.575215,-0.925419,6.2958,17.189945
KADIK10k,0.407500,16.001291,9.783659,-46.1314,27.919140
KADIK10k,0.292500,23.314694,14.862385,-61.9312,37.864700
KADIK10k,0.125000,38.436271,25.009758,-65.4824,57.817314
KADIK10k,0.075000,54.281696,34.868309,-94.4384,78.951569
KADIK10k,0.557500,18.277880,7.609097,-26.8228,23.651644
KADIK10k,0.650000,11.627836,3.955386,4.2182,17.276392
KADIK10k,0.842500,5.887703,-3.045970,42.4106,10.286262
KADIK10k,0.832500,5.143937,-5.295988,38.6872,11.387742
KADIK10k,0.707500,14.244312,8.059999,-27.3046,23.826935
KADIK10k,0.900000,0.000000,-20.899403,100.0000,0.000000
KADIK10k,0.767500,0.888522,-15.006552,81.4540,2.802536
KADIK10k,0.375000,3.591464,-4.675723,46.6164,7.347631
KADIK10k,0.192500,8.380419,3.128327,7.7195,11.313645
KADIK10k,0.087500,19.522519,14.256537,-53.2672,28.295256
KADIK10k,0.600000,1.826176,-9.267762,66.0944,4.667032
KADIK10k,0.267500,4.566076,-3.035694,37.7812,7.741979
KADIK10k,0.192500,10.460944,6.359872,-5.6641,14.093757
KADIK10k,0.100000,15.322985,10.798437,-37.1196,24.379379
KADIK10k,0.067500,19.636439,14.433406,-53.6530,30.284603
KADIK10k,0.925000,0.000000,-20.899403,100.0000,0.000000
KADIK10k,0.642500,1.479401,-11.389394,71.3474,4.372412
KADIK10k,0.367500,3.762363,-4.443053,45.0231,7.011804
KADIK10k,0.275000,5.391557,-1.749701,31.4180,11.347491
KADIK10k,0.117500,9.434818,5.033291,-1.9571,15.785124
KADIK10k,0.867500,0.650391,-15.168359,81.5149,2.596044
KADIK10k,0.457500,10.379856,4.082124,-6.7568,38.871101
KADIK10k,0.250000,20.415157,11.179218,-49.7491,58.593719
KADIK10k,0.182500,26.191097,15.872623,-61.2197,95.130402
KADIK10k,0.150000,32.807345,18.959457,-64.2171,135.690552
KADIK10k,0.875000,3.186622,-6.347470,53.7660,11.332198
KADIK10k,0.192500,8.452517,4.129386,8.6370,29.188076
KADIK10k,0.242500,11.850921,7.446821,-16.2550,40.545898
KADIK10k,0.257500,13.742498,8.508848,-26.1946,42.832073
KADIK10k,0.150000,16.254349,10.568543,-37.7297,50.334480
KADIK10k,0.792500,4.848845,-1.935481,39.0255,14.582587
KADIK10k,0.757500,5.421290,-1.019887,34.0599,14.821319
KADIK10k,0.757500,7.519039,1.978284,16.5823,18.061075
KADIK10k,0.500000,11.020595,5.647016,-9.8472,18.460510
KADIK10k,0.225000,19.995395,10.761554,-53.0777,26.380426
KADIK10k,0.550000,7.396027,1.954681,-3.0419,58.457542
KADIK10k,0.382500,12.184058,6.358453,-33.5910,82.771591
KADIK10k,0.375000,15.031899,8.097040,-45.3397,95.336952
KADIK10k,0.400000,18.095397,9.998426,-54.0272,107.729340
KADIK10k,0.257500,27.151375,17.726736,-64.0112,120.984901
KADIK10k,0.882500,0.000000,-20.899403,100.0000,0.000000
KADIK10k,0.607500,5.879997,0.609460,21.8211,31.445299
KADIK10k,0.475000,10.958779,4.520852,-10.8052,38.925911
KADIK10k,0.250000,23.496481,13.040841,-56.8084,59.520966
KADIK10k,0.117500,36.478511,22.342365,-64.2661,119.040237
KADIK10k,0.907500,1.301274,-12.113952,74.4425,2.912704
KADIK10k,0.817500,3.176189,-5.655406,50.4098,4.601179
KADIK10k,0.775000,4.233406,-3.575810,39.2875,6.735682
KADIK10k,0.317500,8.684286,4.331568,2.3872,9.524300
KADIK10k,0.100000,16.968543,11.998928,-41.2466,16.855684
KADIK10k,0.857500,2.740337,-6.371311,55.5009,3.833396
KADIK10k,0.792500,3.128420,-5.810644,51.4979,5.457324
KADIK10k,0.757500,4.589667,-2.890505,35.4744,7.092612
KADIK10k,0.157500,16.294344,10.683246,-41.5607,13.832526
KADIK10k,0.040000,26.657558,17.761873,-62.3741,20.858894
KADIK10k,0.742500,3.333999,-3.659609,52.3343,5.715030
KADIK10k,0.475000,5.598764,1.230295,33.0089,7.676346
KADIK10k,0.450000,7.407529,4.243681,20.4090,8.656483
KADIK10k,0.367500,10.476864,6.455211,2.1253,10.757499
KADIK10k,0.282500,16.179413,10.130245,-25.7975,16.116631
KADIK10k,0.882500,1.287418,-12.256777,75.5136,3.222272
KADIK10k,0.550000,4.238509,-1.282958,44.0907,6.223353
KADIK10k,0.500000,7.004975,4.015484,23.3539,8.315716
KADIK10k,0.392500,11.244542,7.020339,-1.8770,11.180379
KADIK10k,0.282500,14.360967,9.061548,-16.2183,14.001333
KADIK10k,0.642500,2.627431,-7.093750,26.3488,17.968218
KADIK10k,0.417500,5.919987,0.605519,-22.5458,22.189253
KADIK10k,0.317500,9.157097,5.455788,-44.3848,23.679760
KADIK10k,0.350000,13.779325,8.881448,-59.5159,30.016685
KADIK10k,0.232500,17.317367,10.965326,-63.3756,33.529964
KADIK10k,0.892500,0.970075,-14.053264,78.1339,3.948677
KADIK10k,0.700000,3.076937,-4.567712,52.3903,8.163916
KADIK10k,0.450000,5.168724,-0.342876,34.7581,10.973464
KADIK10k,0.407500,8.175348,4.787962,14.2280,13.905500
KADIK10k,0.307500,14.279632,9.045357,-16.5451,19.754280
KADIK10k,0.532500,6.796137,1.943977,17.0852,7.402740
KADIK10k,0.307500,11.695212,6.623843,-16.0380,12.452636
KADIK10k,0.182500,15.687689,8.900450,-35.3257,17.037514
KADIK10k,0.092500,24.197536,14.414611,-57.9148,25.184761
KADIK10k,0.107500,30.918003,18.487665,-63.7188,27.142277
KADIK10k,0.857500,1.530912,-13.441891,70.9553,11.895145
KADIK10k,0.767500,3.523274,-6.773052,41.0394,23.048822
KADIK10k,0.675000,8.772138,-0.077692,-11.8361,45.412659
KADIK10k,0.550000,20.234645,3.643617,-58.2232,78.152054
KADIK10k,0.400000,37.439806,5.933923,-65.5019,122.472527
KADIK10k,0.925000,0.623465,-17.323587,85.6882,5.598186
KADIK10k,0.917500,1.513330,-12.183180,68.7754,11.940392
KADIK10k,0.900000,3.807926,-5.253851,31.2934,23.046347
KADIK10k,0.582500,11.924947,4.001640,-40.8660,45.588039
KADIK10k,0.092500,43.802094,17.529131,-96.9334,79.507698
KADIK10k,0.807500,4.314327,-4.381610,41.7411,24.726667
KADIK10k,0.900000,1.835388,-12.662208,72.1447,12.735677
KADIK10k,0.920000,0.000000,-20.899403,100.0000,0.000000
KADIK10k,0.817500,2.608044,-9.119508,38.2759,12.738926
KADIK10k,0.617500,7.282656,1.652050,-21.6554,24.623344
KADIK10k,0.825000,1.262864,-14.169372,74.8637,5.330967
KADIK10k,0.807500,1.633843,-12.721049,72.8703,4.424491
KADIK10k,0.532500,4.060170,-5.656642,41.8586,8.626156
KADIK10k,0.217500,7.961984,2.205975,10.8707,13.245268
KADIK10k,0.100000,13.948384,9.202995,-27.0836,20.856838
KADIK10k,0.867500,4.479772,-6.610808,26.4165,38.759129
KADIK10k,0.917500,6.292745,-0.739082,4.1151,45.103493
KADIK10k,0.792500,7.461178,0.930672,-7.6121,81.592476
KADIK10k,0.792500,7.845271,0.220211,-7.0648,58.526512
KADIK10k,0.757500,10.195060,6.938146,-23.6933,63.463455
KADIK10k,0.875000,7.006756,0.599461,16.8737,16.917877
KADIK10k,0.725000,6.936498,0.797717,15.5534,18.030361
KADIK10k,0.617500,6.818281,0.141428,13.7335,18.094505
KADIK10k,0.482500,8.504417,3.488891,2.4987,18.885433
KADIK10k,0.117500,16.635999,10.256806,-42.0225,32.916451
KADIK10k,0.775000,2.287240,-8.308848,59.2622,7.928545
KADIK10k,0.632500,3.710887,-3.706681,40.8415,11.321553
KADIK10k,0.525000,6.330109,0.710449,19.7044,18.696953
KADIK10k,0.375000,10.810243,5.593524,-9.1953,19.334139
KADIK10k,0.317500,20.325146,11.025353,-50.2585,22.235533
KADIK10k,0.232500,13.768425,8.304852,-31.3132,44.239742
KADIK10k,0.157500,19.541380,13.160415,-56.4533,92.842735
KADIK10k,0.375000,23.546892,14.933783,-59.4959,119.858513
KADIK10k,0.267500,29.117554,18.933374,-64.0473,99.422890
KADIK10k,0.150000,29.132095,19.123947,-63.8540,123.505898
KADIK10k,0.575000,7.724343,0.142000,1.5599,16.536499
KADIK10k,0.375000,16.105082,9.439050,-48.0548,28.778135
KADIK10k,0.207500,22.864636,14.281604,-61.9652,37.958759
KADIK10k,0.150000,36.847080,23.571648,-65.4874,51.549530
KADIK10k,0.032500,52.269839,33.580482,-111.5951,69.895264
KADIK10k,0.575000,15.512585,5.983270,-40.9208,24.208818
KADIK10k,0.642500,9.799987,2.950169,-8.0763,17.188337
KADIK10k,0.825000,4.913043,-4.122558,36.3918,10.064816
KADIK10k,0.682500,4.612330,-5.810366,36.2011,10.567497
KADIK10k,0.457500,12.891675,6.557779,-29.0105,21.417330
KADIK10k,0.882500,0.000000,-21.362553,100.0000,0.000000
KADIK10k,0.717500,1.147268,-13.291792,76.5453,3.230623
KADIK10k,0.350000,5.022058,-2.118511,34.6170,7.976737
KADIK10k,0.167500,12.914979,8.087597,-16.3556,14.390356
KADIK10k,0.042500,33.888641,23.081013,-64.2274,36.457611
KADIK10k,0.532500,2.450431,-7.429484,58.4139,5.662221
KADIK10k,0.250000,6.483638,0.043359,23.8473,9.087967
KADIK10k,0.057500,16.419985,10.220536,-31.7109,19.373173
KADIK10k,0.092500,25.786839,17.122557,-59.7974,31.718010
KADIK10k,0.050000,34.434130,23.602613,-64.2291,39.595592
KADIK10k,0.882500,0.000000,-21.362553,100.0000,0.000000
KADIK10k,0.675000,2.090838,-9.330317,62.9512,5.291728
KADIK10k,0.265000,5.183517,-1.766776,32.6215,9.393538
KADIK10k,0.150000,8.676367,3.564252,10.3232,15.460499
KADIK10k,0.092500,17.629311,11.483089,-40.5905,26.678423
KADIK10k,0.875000,0.792673,-14.384890,77.3595,1.005335
KADIK10k,0.407500,7.201582,1.573442,13.4550,16.981354
KADIK10k,0.182500,12.037866,3.819136,-20.9177,26.202642
KADIK10k,0.132500,14.184930,4.603605,-30.6459,27.839256
KADIK10k,0.075000,17.216406,5.733141,-43.1277,31.838068
KADIK10k,0.500000,8.706101,3.380995,18.6572,19.618855
KADIK10k,0.292500,15.309148,9.756795,-18.1950,31.774506
KADIK10k,0.100000,26.929086,16.681576,-57.2007,44.918598
KADIK10k,0.042500,29.276909,17.955345,-60.7134,45.354153
KADIK10k,0.050000,33.842439,19.640602,-63.7361,47.163113
KADIK10k,0.862500,3.246533,-6.836612,59.8908,6.246115
KADIK10k,0.765000,4.154150,-5.242865,54.4625,9.011956
KADIK10k,0.750000,4.500319,-4.147260,49.1350,9.292132
KADIK10k,0.567500,7.003940,-1.147998,30.9442,13.683942
KADIK10k,0.340000,11.538588,4.962026,-9.3304,16.980944
KADIK10k,0.350000,3.387275,-6.422708,32.7601,9.946321
KADIK10k,0.217500,5.800548,-2.775657,7.8795,13.437357
KADIK10k,0.417500,7.259322,-0.480553,-3.9346,15.168921
KADIK10k,0.342500,8.831690,1.983060,-14.7666,16.886799
KADIK10k,0.232500,16.348198,8.522926,-47.5887,22.638401
KADIK10k,0.867500,0.000000,-21.362553,100.0000,0.000000
KADIK10k,0.625000,4.207122,-0.931276,32.5114,10.513413
KADIK10k,0.532500,7.333646,2.529341,6.8704,16.747885
KADIK10k,0.387500,11.395773,4.267510,-15.1339,21.758156
KADIK10k,0.150000,13.640594,5.188082,-23.4009,25.278246
KADIK10k,0.782500,3.238036,-6.097105,55.9599,4.718360
KADIK10k,0.517500,6.728935,-0.304942,28.1384,8.426419
KADIK10k,0.400000,8.340262,2.257101,16.9265,9.090464
KADIK10k,0.107500,15.906627,9.737335,-25.2129,15.940431
KADIK10k,0.025000,30.313917,20.491005,-62.1355,32.459091
KADIK10k,0.875000,2.440695,-7.122468,62.0862,3.960903
KADIK10k,0.825000,2.770383,-6.625000,59.2592,4.318345
KADIK10k,0.750000,3.906845,-4.628554,49.5787,5.303748
KADIK10k,0.415000,11.849221,6.171647,-5.3500,10.521398
KADIK10k,0.232500,20.142131,12.065116,-40.9554,15.171881
KADIK10k,0.870000,1.594826,-10.859454,74.9189,3.110329
KADIK10k,0.750000,2.433409,-6.343040,65.2843,4.514912
KADIK10k,0.707500,3.105440,-3.978904,58.3422,4.929554
KADIK10k,0.517500,4.280151,-0.520959,48.0799,6.116109
KADIK10k,0.382500,6.600871,3.230063,30.8678,9.477227
KADIK10k,0.907500,0.726007,-15.484501,86.2115,1.627454
KADIK10k,0.850000,1.864613,-8.793669,71.1657,3.674351
KADIK10k,0.732500,2.916926,-4.358378,60.3156,5.168011
KADIK10k,0.582500,4.478883,0.230552,45.7513,6.789606
KADIK10k,0.492500,5.877488,2.954486,35.2458,7.935758
KADIK10k,0.825000,1.482417,-13.380495,63.8123,9.604383
KADIK10k,0.707500,2.736161,-7.550448,44.7360,13.296556
KADIK10k,0.507500,3.563600,-3.786016,34.6264,14.616791
KADIK10k,0.432500,5.197868,0.983492,14.9298,24.515739
KADIK10k,0.292500,6.813819,4.522815,-1.1262,20.530691
KADIK10k,0.850000,0.783930,-14.907159,82.7996,2.582525
KADIK10k,0.867500,2.054339,-7.596158,65.1162,5.237038
KADIK10k,0.625000,3.243718,-4.072608,53.6469,6.500549
KADIK10k,0.547500,4.861886,0.317532,39.8616,8.435743
KADIK10k,0.367500,8.397871,4.894052,16.1685,11.359769
KADIK10k,0.592500,6.478401,1.630829,31.3761,7.579999
KADIK10k,0.392500,10.662301,6.538136,2.8338,10.054275
KADIK10k,0.300000,13.752204,8.527497,-14.0746,13.149366
KADIK10k,0.217500,19.073769,11.442241,-37.4352,15.933942
KADIK10k,0.175000,23.293262,13.825441,-50.4719,19.645910
KADIK10k,0.825000,1.667460,-12.896833,74.8974,8.185133
KADIK10k,0.800000,3.740393,-7.696210,49.0517,16.011497
KADIK10k,0.575000,9.149510,-1.347040,-1.6808,31.003628
KADIK10k,0.275000,21.582679,5.003354,-55.6330,52.690094
KADIK10k,0.142500,39.564641,10.866126,-66.0101,75.071213
KADIK10k,0.900000,0.790461,-16.647614,86.8232,3.932528
KADIK10k,0.900000,1.781100,-12.359895,73.3637,8.317170
KADIK10k,0.832500,4.090685,-6.925306,45.4275,16.389942
KADIK10k,0.725000,10.658515,0.135785,-12.2786,32.913151
KADIK10k,0.375000,31.322874,9.176846,-64.1253,60.650658
KADIK10k,0.857500,6.517878,-3.760514,36.4491,16.729338
KADIK10k,0.875000,3.161157,-9.982618,67.4677,9.019790
KADIK10k,0.852500,0.000000,-21.362553,100.0000,0.000000
KADIK10k,0.807500,4.092508,-7.058873,62.7093,8.769366
KADIK10k,0.717500,8.878133,0.525601,25.4057,16.911146
KADIK10k,0.775000,3.048341,-8.920039,62.1672,7.406883
KADIK10k,0.782500,4.513575,-6.080040,47.1321,6.543654
KADIK10k,0.475000,9.210700,2.022524,5.5130,14.253389
KADIK10k,0.117500,16.930366,10.876345,-33.3782,20.189854
KADIK10k,0.050000,24.410622,16.007114,-56.2641,31.650530
KADIK10k,0.842500,6.697599,-6.728930,9.0003,65.611694
KADIK10k,0.750000,8.970984,-0.843967,-10.6436,82.240059
KADIK10k,0.792500,10.858645,3.048325,-22.1990,73.888069
KADIK10k,0.592500,12.893457,5.752547,-35.9484,77.961380
KADIK10k,0.482500,14.341380,7.390333,-41.2206,71.385452
KADIK10k,0.550000,11.115762,3.820112,1.5324,23.446697
KADIK10k,0.292500,12.940715,5.604411,-8.3419,29.430754
KADIK10k,0.325000,11.844040,4.128319,-2.4671,32.249130
KADIK10k,0.292500,13.514253,5.934482,-10.1595,28.365606
KADIK10k,0.042500,27.420066,15.978743,-58.3906,61.880753
KADIK10k,0.882500,0.916595,-15.112417,81.8067,4.848188
KADIK10k,0.875000,1.268580,-13.711938,77.7570,6.351092
KADIK10k,0.817500,1.831630,-11.704447,72.4053,7.880029
KADIK10k,0.857500,2.791989,-8.173360,64.2271,9.465806
KADIK10k,0.775000,5.949344,-2.409975,48.3711,14.076504
KADIK10k,0.315000,11.312313,3.870353,-23.7724,72.026787
KADIK10k,0.292500,18.334641,11.658351,-54.2956,69.474220
KADIK10k,0.392500,19.825758,12.889723,-60.7217,69.836288
KADIK10k,0.317500,18.188237,11.190013,-54.9986,85.584686
KADIK10k,0.282500,24.142545,15.470658,-62.1262,103.155235
KADIK10k,0.507500,12.124283,0.936364,-3.5488,16.575119
KADIK10k,0.225000,21.364023,7.889451,-43.2296,27.584253
KADIK10k,0.257500,27.596678,12.686498,-56.8842,35.657696
KADIK10k,0.075000,37.630809,20.125195,-64.1042,46.929657
KADIK10k,0.057500,45.522876,24.527792,-64.7225,58.584976
KADIK10k,0.517500,22.374459,7.776735,-23.7064,20.606359
KADIK10k,0.717500,14.941931,4.316968,4.9143,14.632366
KADIK10k,0.837500,7.925194,-1.560451,42.2428,8.286008
KADIK10k,0.832500,5.451832,-3.877591,33.8092,7.143246
KADIK10k,0.517500,14.937693,8.393867,-34.5776,14.581997
TID2013,0.612699,1.363129,-10.745938,73.8304,3.265363
TID2013,0.618619,2.213183,-5.477313,63.0180,4.380494
TID2013,0.549382,3.649080,-0.102319,47.8655,6.283382
TID2013,0.486487,5.836579,4.783283,28.5103,7.958548
TID2013,0.429429,9.364938,8.169280,4.3669,10.759352
TID2013,0.669841,0.777327,-13.109507,83.1861,2.336830
TID2013,0.678679,1.222728,-9.422947,76.5730,3.393629
TID2013,0.598766,2.016733,-3.525642,66.2415,4.483410
TID2013,0.523810,3.204235,1.924010,53.5679,5.970558
TID2013,0.484568,5.222916,5.183481,36.0466,8.360745
TID2013,0.530159,3.330869,-4.186912,49.9844,5.972013
TID2013,0.474474,5.466630,1.171554,26.4010,8.499222
TID2013,0.411411,8.675760,5.510150,0.4877,11.985540
TID2013,0.354938,14.081800,9.558006,-30.9030,15.921842
TID2013,0.301588,21.732894,15.077668,-54.8134,27.514950
TID2013,0.663492,0.754423,-12.520907,84.3763,2.775212
TID2013,0.639640,1.164338,-9.125026,78.4813,3.869868
TID2013,0.585586,1.839459,-4.376402,69.8143,6.470110
TID2013,0.582582,2.829106,-0.150259,58.0245,9.736470
TID2013,0.523810,4.673858,2.566438,36.4226,14.654013
TID2013,0.657658,0.856702,-12.103807,79.6508,3.218950
TID2013,0.633633,1.354795,-7.909810,71.8972,4.280822
TID2013,0.564814,2.963273,0.924045,53.6689,6.928695
TID2013,0.459877,6.621108,6.821954,24.6824,11.563253
TID2013,0.348766,14.707242,12.364540,-23.0337,21.274321
TID2013,0.444444,2.589064,-5.780027,38.6120,16.877851
TID2013,0.432432,3.738730,-2.103807,24.8781,17.513548
TID2013,0.414414,5.061183,1.544042,11.0875,19.084044
TID2013,0.387301,7.790538,6.150689,-11.5316,21.763515
TID2013,0.327160,11.695647,9.487942,-34.1808,26.453409
TID2013,0.564814,2.199524,-7.520721,62.9919,5.560222
TID2013,0.527778,3.786140,-2.861708,47.0292,10.628257
TID2013,0.444444,7.280876,4.252740,21.6118,12.211035
TID2013,0.358024,10.695954,6.895864,-8.1605,12.296122
TID2013,0.243827,21.449881,13.554600,-49.8186,21.961224
TID2013,0.576577,1.290889,-12.331887,77.9053,4.414849
TID2013,0.496913,2.961073,-5.695024,59.7405,7.701605
TID2013,0.387388,7.051462,0.773555,31.1381,13.069441
TID2013,0.333333,15.119596,9.624022,-9.4881,21.201633
TID2013,0.234568,27.527137,19.671343,-54.6361,31.200058
TID2013,0.675926,1.822399,-8.658096,67.6635,2.789876
TID2013,0.574074,3.078241,-4.097986,53.0177,4.457809
TID2013,0.492063,6.466030,2.146930,21.1826,6.934979
TID2013,0.312312,13.874345,8.723070,-24.1002,11.505437
TID2013,0.171171,30.395529,21.405087,-62.6128,19.958176
TID2013,0.663663,0.999408,-12.517136,77.3171,2.309902
TID2013,0.660661,1.824058,-9.135664,66.0398,3.426705
TID2013,0.546297,4.424305,-3.009284,36.7116,4.687671
TID2013,0.357358,12.323205,7.357575,-23.4117,9.091661
TID2013,0.231231,25.485706,17.157192,-63.1705,17.190420
TID2013,0.657143,1.216425,-12.121452,75.0411,2.446119
TID2013,0.630631,2.165741,-8.299499,62.4097,3.268923
TID2013,0.521604,4.039494,-4.427381,43.5735,5.920805
TID2013,0.408409,11.209328,6.639571,-11.7191,12.696813
TID2013,0.162162,33.485638,23.794432,-64.1381,24.509619
TID2013,0.660661,2.800952,-6.625993,52.7127,9.784822
TID2013,0.651651,3.138219,-6.124914,50.0511,8.978261
TID2013,0.468469,5.370141,-2.378870,31.7744,19.091595
TID2013,0.425926,7.502664,-0.339375,23.5198,17.641367
TID2013,0.381381,10.968545,3.572406,7.3787,16.398481
TID2013,0.606607,1.693958,-10.024124,62.2509,6.583802
TID2013,0.434921,5.098242,-2.017407,25.7278,17.738270
TID2013,0.364198,10.195703,6.130534,-15.7660,25.462482
TID2013,0.351852,13.314962,9.140777,-29.3111,20.465906
TID2013,0.345346,11.123764,6.413468,-31.1313,23.908972
TID2013,0.632716,3.365821,-5.338258,33.6072,16.732006
TID2013,0.672672,4.958310,-2.706470,23.1902,23.482370
TID2013,0.639640,9.647933,7.393079,-11.9943,32.107185
TID2013,0.617284,12.647707,9.636166,-38.5693,35.116131
TID2013,0.496732,18.535349,13.550384,-55.0949,47.439186
TID2013,0.314814,11.677850,10.571583,-38.4498,50.174721
TID2013,0.314286,12.807451,10.526963,-39.9013,66.501335
TID2013,0.345346,13.588717,10.402046,-42.1039,79.463181
TID2013,0.398148,13.577524,10.250369,-42.3276,93.410904
TID2013,0.432432,14.098966,6.080644,-33.3131,107.673164
TID2013,0.645062,0.182538,-19.528547,88.4927,4.606885
TID2013,0.672672,0.278959,-19.135397,80.5763,7.931644
TID2013,0.543210,0.990380,-15.298032,55.3945,15.123778
TID2013,0.558642,1.385669,-14.634357,39.4483,25.195955
TID2013,0.466049,3.562671,-5.314339,0.8865,29.069317
TID2013,0.594594,1.943839,-10.027602,73.4948,4.829236
TID2013,0.735736,5.205049,-3.302916,48.7983,9.488400
TID2013,0.453453,6.575175,0.296270,21.4013,12.319787
TID2013,0.693693,13.417128,5.377386,-6.7704,20.589504
TID2013,0.330159,20.887130,14.269686,-54.1356,25.250494
TID2013,0.513513,0.995829,-15.006189,78.5061,9.000207
TID2013,0.469136,1.618671,-12.906240,71.1029,12.557191
TID2013,0.419048,2.675770,-9.467113,61.6176,17.058531
TID2013,0.385802,4.294125,-8.622159,51.0005,22.590168
TID2013,0.379630,6.324366,-7.677730,38.6286,29.507364
TID2013,0.660493,1.401954,-10.511838,71.8908,3.026036
TID2013,0.608024,2.248883,-5.551874,60.2769,4.313546
TID2013,0.564564,3.560736,-0.422509,44.8678,5.312488
TID2013,0.503087,5.788158,4.705706,24.4016,7.203918
TID2013,0.438271,9.137815,8.003333,-0.8673,10.428282
TID2013,0.650793,0.805050,-13.967345,79.1906,2.456296
TID2013,0.648148,1.307545,-10.871883,70.4034,3.229446
TID2013,0.669753,2.352317,-6.591213,56.9415,4.582915
TID2013,0.564814,5.284154,-1.546958,30.6605,5.609602
TID2013,0.481481,13.450090,7.832079,-20.1720,11.766004
TID2013,0.633633,1.789734,-10.042003,67.3613,3.867230
TID2013,0.586420,3.023992,-5.553709,51.3231,4.206737
TID2013,0.519520,5.240979,-0.627752,28.2653,6.931188
TID2013,0.450793,9.389053,5.354450,-5.8296,11.177779
TID2013,0.339339,16.840619,10.768551,-43.6052,17.786507
TID2013,0.617284,1.874402,-9.245394,66.1415,5.170925
TID2013,0.576577,3.184187,-5.199325,52.2313,8.550723
TID2013,0.478396,6.175961,-0.572035,26.6711,18.777815
TID2013,0.351351,10.054469,5.805305,6.9013,18.771824
TID2013,0.243827,19.989825,14.004688,-48.7992,29.476561
TID2013,0.698412,1.047003,-11.669502,78.7684,1.923657
TID2013,0.623457,2.265270,-4.348313,64.1005,3.877400
TID2013,0.641976,3.676159,0.311485,50.6810,6.654351
TID2013,0.533951,6.400063,5.404571,30.3253,10.702618
TID2013,0.267268,23.265980,14.191751,-47.0163,29.025103
TID2013,0.633633,1.514024,-10.644927,71.0767,2.246797
TID2013,0.620370,2.757470,-6.641078,55.7492,3.537011
TID2013,0.567568,5.565634,-1.370902,28.0450,6.162319
TID2013,0.342342,13.213330,8.762506,-25.5447,12.114738
TID2013,0.051051,32.980206,23.997835,-64.2171,29.993196
TID2013,0.638096,1.613044,-10.151031,70.0543,3.263738
TID2013,0.593651,2.724274,-4.778902,56.7636,4.263913
TID2013,0.580247,4.688685,0.563230,38.2864,5.929250
TID2013,0.466049,7.915118,5.096013,15.2090,7.937112
TID2013,0.441441,13.017806,9.181658,-12.3437,11.174441
TID2013,0.672840,0.974821,-12.861169,79.5316,2.491262
TID2013,0.672672,1.633486,-8.336255,70.5675,3.481935
TID2013,0.654321,2.792720,-3.163395,56.8603,4.896562
TID2013,0.588589,4.727280,3.137247,39.0599,5.972826
TID2013,0.487654,8.023921,6.468329,15.2862,9.174105
TID2013,0.533333,3.958195,-2.814118,38.2527,5.987849
TID2013,0.492492,6.701394,2.788439,13.0743,9.641560
TID2013,0.426427,11.323106,6.288243,-18.7895,12.547657
TID2013,0.391976,18.396390,11.331923,-47.6033,16.009684
TID2013,0.324324,28.170204,18.256369,-62.6812,23.684902
TID2013,0.698412,0.997511,-11.789264,79.8504,4.669295
TID2013,0.684684,1.608004,-7.675512,71.5102,6.952047
TID2013,0.577160,2.691795,-3.682637,58.6553,9.920163
TID2013,0.526984,4.678190,1.998990,36.1282,15.557989
TID2013,0.476190,8.557846,6.634561,-2.0755,26.913805
TID2013,0.679739,0.965965,-12.325206,78.1903,2.970309
TID2013,0.679012,1.609930,-7.355186,69.1862,3.961872
TID2013,0.603603,3.850416,1.023118,47.0686,6.498305
TID2013,0.486487,9.272010,7.924468,11.1646,10.984689
TID2013,0.379630,21.244450,19.412891,-42.5175,20.812185
TID2013,0.506173,3.407644,-2.808509,27.3867,11.808832
TID2013,0.475309,4.908900,0.005731,3.4885,16.514917
TID2013,0.414414,7.761154,4.926811,-23.5151,20.341152
TID2013,0.387301,12.533485,8.941473,-47.6901,24.108791
TID2013,0.345346,18.748442,13.623700,-62.3870,33.716179
TID2013,0.657143,2.553263,-5.936587,57.2680,4.456132
TID2013,0.620370,4.442176,-2.032163,34.9438,7.094694
TID2013,0.418301,7.860830,4.128082,4.5788,8.987580
TID2013,0.417418,11.757209,7.037418,-20.7470,12.703285
TID2013,0.317460,19.692978,12.336414,-46.0699,20.545776
TID2013,0.678679,1.067983,-13.960510,83.9937,4.581415
TID2013,0.574074,2.452508,-6.748329,70.7727,8.040453
TID2013,0.504762,5.690597,-0.749157,48.7146,13.314998
TID2013,0.426427,11.691543,7.721244,14.4455,20.200544
TID2013,0.336337,21.144136,15.705658,-32.0838,28.453638
TID2013,0.666667,2.297227,-7.536424,61.5260,3.195674
TID2013,0.612699,3.522135,-4.876937,47.2573,4.424133
TID2013,0.503087,6.223490,0.372619,21.8199,6.469809
TID2013,0.405406,11.208730,7.405165,-11.8609,10.924664
TID2013,0.268519,22.981608,15.829808,-55.2485,18.001053
TID2013,0.666667,1.341683,-11.326947,73.9155,2.689599
TID2013,0.663580,2.312186,-7.073575,61.2635,3.389189
TID2013,0.603603,5.461928,-0.816869,27.2979,5.570050
TID2013,0.388889,14.129500,9.367181,-33.7124,13.276373
TID2013,0.301588,22.990797,15.357159,-57.4196,18.270172
TID2013,0.657408,2.816500,-6.386307,55.5371,4.118851
TID2013,0.533951,6.263613,0.339075,21.6909,6.769217
TID2013,0.330330,15.851013,11.529096,-36.4981,16.135662
TID2013,0.213213,32.877659,24.323784,-64.2031,40.286716
TID2013,0.141976,47.084588,33.557053,-72.5356,59.786533
TID2013,0.589507,5.024847,-2.596641,34.1659,13.309914
TID2013,0.492492,4.736653,-3.149063,44.4622,10.888585
TID2013,0.342342,12.164662,10.690916,-36.1428,60.470470
TID2013,0.297298,17.124929,12.784240,-46.1291,64.952141
TID2013,0.263492,35.657333,26.619419,-69.9674,123.518616
TID2013,0.496913,4.584757,-3.151810,32.9024,8.156108
TID2013,0.444444,7.253096,3.106601,4.2216,13.335647
TID2013,0.376543,15.641174,9.962759,-42.5437,37.244572
TID2013,0.321321,24.370602,16.064516,-59.3758,27.946712
TID2013,0.401234,20.633222,15.882821,-58.6538,44.988400
TID2013,0.638889,4.574461,-2.635779,25.8027,22.578257
TID2013,0.675676,3.601309,-5.718281,39.8486,24.170389
TID2013,0.568254,6.663844,2.177208,8.0282,26.803370
TID2013,0.590477,8.873532,6.787395,-11.7199,41.166092
TID2013,0.468469,13.227824,10.782012,-37.7022,43.998981
TID2013,0.377778,13.834889,10.585825,-40.6100,68.256485
TID2013,0.402402,16.911579,13.708242,-49.5561,69.043213
TID2013,0.425926,17.105793,14.194935,-52.9887,79.452736
TID2013,0.426427,14.604866,12.117377,-43.6951,95.155380
TID2013,0.466667,18.160337,12.612435,-50.7212,103.742432
TID2013,0.660661,0.226424,-19.344078,88.4654,4.772616
TID2013,0.675926,0.500651,-17.927486,78.6813,8.116662
TID2013,0.591591,1.076036,-14.531444,54.9467,15.515099
TID2013,0.570988,2.484494,-9.933491,31.0115,24.677254
TID2013,0.507508,3.317356,-4.669896,2.1878,29.634264
TID2013,0.657408,1.781030,-11.863002,76.6120,7.721479
TID2013,0.631746,4.132859,-4.440271,47.4980,13.199162
TID2013,0.537538,5.874831,-2.230115,29.4001,20.074400
TID2013,0.530159,11.019999,5.660007,-6.7030,26.527735
TID2013,0.435186,17.732562,11.949294,-44.6900,42.725643
TID2013,0.663580,0.663933,-15.670870,86.1540,6.395736
TID2013,0.621621,0.947646,-13.461371,81.2334,8.532342
TID2013,0.536508,1.476471,-9.432782,72.8724,12.808420
TID2013,0.546547,2.310603,-5.640669,61.3224,18.077702
TID2013,0.504762,3.580002,-1.667249,47.3022,24.862555
TID2013,0.641976,2.471544,-6.004464,59.2582,4.814049
TID2013,0.603603,4.214424,-1.950393,41.7603,6.444654
TID2013,0.537037,6.963121,3.533828,19.3090,8.893869
TID2013,0.469136,11.268131,6.993257,-5.8850,12.002535
TID2013,0.417418,17.640221,11.457857,-34.1658,14.476316
TID2013,0.672672,1.471031,-10.776733,70.1938,3.446456
TID2013,0.685714,3.369093,-5.281197,50.5869,4.940494
TID2013,0.589507,8.771578,3.983006,9.2454,7.981297
TID2013,0.444444,21.776135,14.438697,-48.8851,17.487125
TID2013,0.311729,46.338659,33.071697,-67.8874,35.345753
TID2013,0.663663,2.841667,-5.950054,54.0219,4.159589
TID2013,0.588589,5.116545,-1.234736,30.5012,5.914004
TID2013,0.511111,9.343811,4.785347,-2.7003,9.934568
TID2013,0.364198,16.778385,10.481552,-38.0703,13.718218
TID2013,0.262346,27.390553,18.443972,-61.6371,22.027060
TID2013,0.612612,1.952222,-8.674945,64.0103,8.076749
TID2013,0.582582,4.050746,-2.575881,36.8225,12.956178
TID2013,0.498412,6.279322,1.061127,15.0699,14.366388
TID2013,0.422840,12.724091,8.937064,-24.2968,24.516361
TID2013,0.246913,41.897579,28.467669,-64.7936,36.266098
TID2013,0.753087,2.717712,-6.467503,57.9218,6.327173
TID2013,0.615616,7.714257,4.000408,10.6848,14.872785
TID2013,0.382716,19.907840,14.395705,-48.4115,31.692392
TID2013,0.240240,37.096020,27.135855,-64.3176,48.676933
TID2013,0.090090,49.315827,35.126816,-79.3893,51.140125
TID2013,0.675676,3.006135,-6.238817,54.2764,3.985953
TID2013,0.546297,6.436076,0.347398,21.9991,7.092221
TID2013,0.333333,14.296402,10.346442,-30.9481,22.689407
TID2013,0.234568,30.548175,23.079332,-64.1042,36.216702
TID2013,0.099099,52.794320,37.471619,-92.4944,57.209072
TID2013,0.641026,2.223695,-7.859712,63.6823,4.428993
TID2013,0.567251,3.714649,-2.871866,48.6828,5.409654
TID2013,0.520468,6.337369,2.410330,28.5265,7.662657
TID2013,0.472222,10.483946,6.280717,2.4402,10.041116
TID2013,0.436111,16.219481,10.003487,-24.1663,14.252131
TID2013,0.687134,0.983677,-12.624260,80.3684,2.741266
TID2013,0.698006,1.657801,-8.556119,71.4797,3.383857
TID2013,0.583333,2.740716,-3.323390,59.4214,4.810393
TID2013,0.555556,4.616628,1.700316,42.4191,6.601177
TID2013,0.511111,7.916092,5.300623,19.1359,8.798327
TID2013,0.516667,5.300212,-0.626931,28.3433,8.690350
TID2013,0.452991,8.895854,4.151768,-0.0106,11.364954
TID2013,0.427778,14.619421,7.958977,-30.2739,15.190668
TID2013,0.364672,22.379116,12.783153,-54.3555,20.404507
TID2013,0.321638,31.721731,18.789774,-63.7320,28.674887
TID2013,0.709402,1.066196,-11.330684,76.0026,5.203083
TID2013,0.628654,1.646024,-7.924918,67.0002,7.034869
TID2013,0.580556,2.489245,-5.519875,54.2918,10.459064
TID2013,0.511111,4.093249,-1.473081,32.3257,17.234077
TID2013,0.397222,6.984277,3.713576,-1.6590,27.090166
TID2013,0.722222,1.327346,-10.016872,73.2130,3.792512
TID2013,0.625731,2.212412,-5.258502,62.7196,5.041761
TID2013,0.588889,5.166569,2.151024,38.3298,7.937790
TID2013,0.478632,11.545976,8.010690,0.7198,12.502006
TID2013,0.385964,23.375879,16.088188,-49.5786,22.565510
TID2013,0.535088,3.739945,-3.644109,16.4903,20.181108
TID2013,0.504273,5.520878,-0.125972,-0.5492,16.584217
TID2013,0.455556,8.480524,4.866065,-25.0127,21.544950
TID2013,0.416667,12.890065,7.948692,-44.8843,26.961147
TID2013,0.388889,19.111456,11.829091,-59.4607,30.104528
TID2013,0.552707,4.689281,-1.948113,33.9312,6.736492
TID2013,0.455556,8.660983,4.449786,-2.7355,11.028088
TID2013,0.427350,14.431764,8.491230,-34.6425,16.906223
TID2013,0.425000,17.124628,10.767826,-37.0449,22.107931
TID2013,0.401709,25.379729,14.671949,-55.7089,44.444168
TID2013,0.704679,0.976103,-14.334994,85.7151,4.683420
TID2013,0.622222,2.190227,-7.604096,75.2957,8.717257
TID2013,0.497076,4.819780,-2.246510,58.9198,14.645377
TID2013,0.416667,9.346017,6.552911,33.1754,22.082813
TID2013,0.327778,16.446239,13.243170,-8.7558,29.835787
TID2013,0.738889,1.655764,-10.106930,71.0307,3.128291
TID2013,0.695157,2.468406,-6.728264,60.6696,4.188488
TID2013,0.608333,4.460709,-2.469635,38.6369,6.211516
TID2013,0.415954,8.721021,5.678286,4.5608,12.408209
TID2013,0.274853,18.607384,13.457766,-45.6861,23.526567
TID2013,0.692982,1.078052,-12.894940,77.8499,3.432372
TID2013,0.629630,1.850756,-9.089955,65.9950,4.046477
TID2013,0.561253,4.345553,-3.086003,36.4051,7.129356
TID2013,0.366667,12.537744,8.030464,-24.5132,12.179960
TID2013,0.276353,23.737716,16.543877,-59.1150,25.300360
TID2013,0.596491,2.680708,-6.594936,57.3011,4.312631
TID2013,0.452991,6.262062,0.326493,21.2445,9.720371
TID2013,0.316239,12.929293,9.353200,-26.3315,18.847788
TID2013,0.202279,25.368293,19.693863,-61.6052,38.863533
TID2013,0.077778,44.589736,34.509266,-69.7553,51.368023
TID2013,0.601140,3.588379,-5.660722,49.9919,11.161141
TID2013,0.453217,4.670456,-4.243053,44.5479,21.466919
TID2013,0.315790,13.417668,11.084300,-40.7554,53.336750
TID2013,0.344444,15.606664,11.780100,-39.0720,64.331955
TID2013,0.266667,27.803701,19.478094,-61.0480,94.626427
TID2013,0.569801,3.288466,-5.035934,49.2565,9.769053
TID2013,0.404559,10.826885,6.353220,-18.3058,18.202295
TID2013,0.436111,11.446021,6.192811,-8.4805,14.156692
TID2013,0.325000,29.773222,20.566820,-63.8801,38.519798
TID2013,0.269006,48.964544,35.973774,-95.9689,67.311295
TID2013,0.564102,4.733357,-5.035492,26.5903,34.207066
TID2013,0.666667,3.079678,-8.548325,48.5158,21.941681
TID2013,0.538889,5.159083,-4.274802,29.1606,33.017426
TID2013,0.495727,7.062048,-2.860427,11.1287,41.611389
TID2013,0.388889,10.425489,7.757576,-19.1175,54.662838
TID2013,0.413889,13.646364,12.320172,-40.2228,57.283085
TID2013,0.450000,16.308520,12.567472,-42.7181,69.474304
TID2013,0.447222,16.527211,11.929500,-43.1834,76.372299
TID2013,0.475783,18.467751,12.745540,-44.4353,93.263107
TID2013,0.532763,15.399781,11.849921,-51.3683,120.050400
TID2013,0.757834,0.229377,-19.433937,85.9788,5.896874
TID2013,0.725000,0.890036,-15.463117,71.6377,9.907721
TID2013,0.663889,1.135912,-15.272574,41.7351,19.311697
TID2013,0.675000,4.177075,-6.351960,14.6195,29.608721
TID2013,0.558404,4.102594,-3.176775,-25.8297,36.846458
TID2013,0.698006,1.896304,-10.611662,73.4838,9.721347
TID2013,0.750000,4.985964,-3.610636,43.2034,15.562377
TID2013,0.577778,6.160325,-1.279945,23.2934,25.608324
TID2013,0.730556,12.650365,6.310233,-9.9872,28.285463
TID2013,0.421652,18.668437,13.112216,-51.0046,54.155987
TID2013,0.641026,0.716160,-15.475919,82.7410,10.363901
TID2013,0.635328,1.061988,-13.092395,76.0489,15.032390
TID2013,0.618233,1.625858,-9.794033,66.3946,21.437725
TID2013,0.555556,2.582636,-6.078067,51.7529,30.377523
TID2013,0.517543,4.322951,-2.629177,30.4927,42.901119
TID2013,0.612536,2.463653,-6.393520,60.4248,5.633574
TID2013,0.558404,4.150323,-2.062185,44.5848,7.336617
TID2013,0.522222,6.755162,2.999616,25.4461,9.331252
TID2013,0.478632,10.892136,6.776365,0.9542,13.087380
TID2013,0.410257,16.841979,10.660009,-25.4994,17.306919
TID2013,0.649123,2.061036,-8.224432,61.9754,4.218879
TID2013,0.606838,4.256751,-3.141610,39.0649,6.396262
TID2013,0.461988,9.553194,5.659461,-1.7948,11.769191
TID2013,0.353277,20.653861,14.997980,-50.4657,24.627678
TID2013,0.313889,38.109329,28.852671,-64.6918,54.130909
TID2013,0.581871,3.056406,-5.623864,52.5122,5.510659
TID2013,0.492878,5.181236,-1.082208,31.5820,7.429432
TID2013,0.433049,8.777494,4.436452,5.0226,12.612720
TID2013,0.353277,14.363013,8.099236,-25.4400,16.883438
TID2013,0.233333,23.750182,15.422931,-57.1584,28.070551
TID2013,0.663818,1.758442,-8.363503,65.5178,7.110929
TID2013,0.595441,2.662308,-4.795984,53.6940,11.632380
TID2013,0.581197,4.368969,-1.027632,40.0963,15.918693
TID2013,0.484330,12.579813,8.145032,-17.7505,25.931313
TID2013,0.435672,19.149292,13.678603,-42.9679,37.487904
TID2013,0.746439,1.820689,-9.961028,70.9844,7.969959
TID2013,0.649572,4.429842,-3.933188,45.4132,16.714647
TID2013,0.433333,12.752778,9.195529,-11.7713,31.364418
TID2013,0.295321,21.562134,16.224422,-52.4912,43.794613
TID2013,0.219444,32.162583,24.612028,-64.2162,50.847565
TID2013,0.638177,2.980154,-6.451754,54.3224,5.474622
TID2013,0.467237,5.899856,-1.273559,28.9219,10.103675
TID2013,0.313889,12.364783,9.477764,-22.1811,25.590471
TID2013,0.201754,27.547916,21.672535,-63.2893,45.394199
TID2013,0.046783,46.476186,35.709724,-78.7907,52.262077
TID2013,0.640211,1.761856,-9.122111,67.8514,3.687366
TID2013,0.608466,2.965336,-3.327981,54.2650,4.851213
TID2013,0.547619,5.018743,2.208322,35.7382,6.729068
TID2013,0.474254,8.285266,6.073960,12.6371,8.909236
TID2013,0.444444,13.658553,10.529911,-15.7477,13.084399
TID2013,0.697222,0.923499,-12.370076,80.8206,2.200218
TID2013,0.683761,1.519507,-8.019687,72.6633,3.094466
TID2013,0.631437,2.541424,-1.985145,60.8185,4.280338
TID2013,0.589947,4.229113,3.755673,44.4223,5.810716
TID2013,0.504066,7.224372,7.136025,22.8718,8.405524
TID2013,0.531166,4.264708,-2.156875,35.3916,6.960126
TID2013,0.468254,7.075068,3.317181,10.3395,9.454004
TID2013,0.433333,11.828664,6.877673,-21.6796,13.932291
TID2013,0.380556,18.999386,11.791629,-48.7746,18.409460
TID2013,0.335979,28.858450,18.836620,-63.1727,29.181915
TID2013,0.680556,1.614104,-8.588413,78.9447,14.358066
TID2013,0.696477,2.605851,-4.067163,71.1895,20.249458
TID2013,0.683333,4.274663,1.440030,60.3031,27.366516
TID2013,0.608466,7.383062,7.622750,40.9234,31.528025
TID2013,0.534391,12.090737,13.266227,8.9005,34.743267
TID2013,0.701058,1.061811,-11.090572,76.4125,3.192519
TID2013,0.655827,1.759451,-5.510977,66.9636,4.209365
TID2013,0.591667,4.128600,3.337304,44.3715,6.755915
TID2013,0.497354,9.650718,9.426849,8.7712,10.963796
TID2013,0.411924,21.336523,21.375290,-43.2901,20.140471
TID2013,0.558201,3.131449,-4.012075,28.7551,14.838084
TID2013,0.506776,5.194777,0.058997,-4.5619,19.615856
TID2013,0.473544,7.535349,4.637020,-24.4045,21.413017
TID2013,0.466124,11.657368,7.753908,-48.3109,27.512600
TID2013,0.383333,17.773513,12.412105,-61.6259,30.339567
TID2013,0.521164,3.438303,-4.482628,44.3372,6.747313
TID2013,0.452778,6.806075,3.377222,6.0133,10.620546
TID2013,0.391534,11.408105,6.335999,-17.7510,13.632518
TID2013,0.349207,19.261108,11.192399,-47.3790,20.476187
TID2013,0.328042,28.020451,17.364517,-62.5778,25.907007
TID2013,0.701058,0.858648,-14.900730,87.0534,4.771757
TID2013,0.658537,1.882901,-8.979560,77.0207,8.195592
TID2013,0.597883,4.184144,-3.385159,60.1056,13.938787
TID2013,0.486111,8.511356,4.828618,32.2795,21.984364
TID2013,0.407408,15.748047,12.507449,-10.0148,31.247337
TID2013,0.708994,2.179786,-8.193449,63.4614,3.858265
TID2013,0.644987,3.320313,-5.236854,49.5330,4.070446
TID2013,0.560976,5.660584,-0.558457,25.4466,6.148088
TID2013,0.420054,10.013524,6.351888,-7.3706,9.920726
TID2013,0.277778,19.479212,13.584565,-48.2379,21.139292
TID2013,0.674603,1.133953,-12.500940,76.1707,2.539977
TID2013,0.663957,2.051888,-8.398263,64.6744,3.674897
TID2013,0.563492,5.058188,-1.668822,30.5794,6.341653
TID2013,0.362433,13.087429,8.562203,-29.6733,14.651767
TID2013,0.243387,27.338652,18.503214,-63.3195,19.442486
TID2013,0.588889,4.398551,-3.731683,38.1106,5.830728
TID2013,0.444444,9.361404,5.303746,-4.3332,10.108376
TID2013,0.322493,16.915709,11.771995,-37.9018,19.740551
TID2013,0.222222,30.478335,22.395771,-63.8387,40.023388
TID2013,0.097883,47.293940,34.282768,-75.6971,51.628960
TID2013,0.672222,3.027391,-6.647802,58.9546,15.359991
TID2013,0.515873,4.867492,-3.587935,43.8304,20.955696
TID2013,0.436508,10.135700,2.872779,15.1328,23.828848
TID2013,0.322751,18.131418,14.039917,-40.0346,52.407833
TID2013,0.295393,28.535672,21.007915,-59.9495,80.810211
TID2013,0.518519,4.521369,-3.155300,32.3985,8.506802
TID2013,0.427350,10.503669,6.139730,-19.8609,27.288824
TID2013,0.373016,16.054385,10.371249,-44.5955,38.866978
TID2013,0.384823,16.757318,11.390270,-39.2064,49.280785
TID2013,0.264550,39.396921,27.664135,-65.5500,64.037895
TID2013,0.563492,5.533446,-2.623270,18.7448,44.244190
TID2013,0.711640,2.723174,-8.446095,53.3934,18.435980
TID2013,0.666667,4.897923,-3.976786,26.4674,31.906475
TID2013,0.489418,6.177748,-0.103003,12.4204,36.111660
TID2013,0.401084,9.811857,7.934904,-13.7651,56.665092
TID2013,0.375661,10.796084,8.612183,-30.0150,44.070377
TID2013,0.378307,12.771725,9.274828,-33.9400,53.376358
TID2013,0.388889,14.809944,11.250157,-40.7423,66.495293
TID2013,0.417344,15.659633,12.118324,-43.9100,85.369728
TID2013,0.450142,16.762565,11.440921,-51.1479,137.543793
TID2013,0.698412,0.189886,-19.278112,87.8192,5.158023
TID2013,0.738096,0.410845,-18.276880,76.8107,8.693303
TID2013,0.677249,1.338358,-13.401936,48.3199,16.833773
TID2013,0.629630,1.825111,-12.286479,30.2660,26.051033
TID2013,0.572650,5.308820,-4.225477,-13.6688,31.918030
TID2013,0.666667,1.685536,-12.148364,77.1964,5.305556
TID2013,0.740741,3.782599,-5.391782,55.3307,10.272775
TID2013,0.531166,5.568383,-2.375637,31.2314,13.872828
TID2013,0.801588,9.802957,3.917089,6.4162,22.220087
TID2013,0.436111,17.297419,11.441881,-44.3439,29.310158
TID2013,0.601626,1.113192,-13.148582,78.4714,8.995285
TID2013,0.558266,1.696481,-9.652106,70.1353,12.524304
TID2013,0.518519,2.663972,-5.858114,59.3363,17.494429
TID2013,0.470900,4.260176,-2.838740,45.7088,24.180155
TID2013,0.436314,6.657873,0.535836,30.6846,31.962893
TID2013,0.605820,1.972900,-7.346699,64.7891,4.597674
TID2013,0.595238,3.308309,-2.531361,50.2951,6.241428
TID2013,0.544716,5.482582,2.747124,31.6213,8.265339
TID2013,0.491667,8.871910,6.554845,9.7729,11.619577
TID2013,0.462963,13.985611,10.838084,-16.6130,15.871867
TID2013,0.716931,2.012942,-8.556567,62.8115,4.326381
TID2013,0.580556,5.259327,-2.041588,33.0699,6.016015
TID2013,0.465609,13.642008,8.344008,-23.2068,12.658749
TID2013,0.346561,26.767358,19.218889,-61.8595,24.381582
TID2013,0.268292,46.281625,33.515339,-72.6414,54.036770
TID2013,0.571816,3.230386,-5.266561,48.9135,5.214335
TID2013,0.525746,5.619968,-0.220074,24.8697,8.653069
TID2013,0.423280,9.436833,4.976252,-5.4492,11.877573
TID2013,0.357723,15.008373,8.973223,-33.5173,20.693871
TID2013,0.222222,27.486519,18.722969,-62.3352,28.266331
TID2013,0.669377,2.040099,-7.513115,61.8054,6.133664
TID2013,0.642857,3.487888,-3.626840,47.0316,7.703107
TID2013,0.492063,6.595234,0.529516,26.6366,13.185801
TID2013,0.457994,10.942262,7.273447,3.1491,19.333803
TID2013,0.322751,34.505025,24.265013,-64.2289,51.346279
TID2013,0.713889,2.843135,-5.406510,57.0495,4.420227
TID2013,0.600529,8.234379,4.398970,17.3231,11.812972
TID2013,0.430894,18.031794,12.435761,-38.0113,24.637842
TID2013,0.327913,25.562787,18.326702,-58.9552,33.397079
TID2013,0.164021,43.962405,32.901627,-71.6584,42.450275
TID2013,0.616402,4.327652,-3.690830,39.8314,5.114354
TID2013,0.417989,8.598570,4.299655,0.1588,15.031341
TID2013,0.287263,16.411914,12.298414,-41.1441,25.143242
TID2013,0.211640,30.578316,22.304945,-64.0202,37.844994
TID2013,0.065041,48.689476,35.194565,-89.0550,50.945431
TID2013,0.613889,1.156491,-12.398486,77.6739,3.585748
TID2013,0.611111,1.826765,-7.887617,68.4533,5.492033
TID2013,0.538461,2.843710,-3.711771,57.1747,7.409936
TID2013,0.450142,4.388918,0.872721,42.5044,9.371469
TID2013,0.395664,6.894272,5.248116,23.7015,12.156225
TID2013,0.647697,0.688531,-13.905177,85.0234,2.205688
TID2013,0.631437,1.062607,-11.197211,79.4196,2.776089
TID2013,0.591667,1.614784,-6.833174,71.2596,4.084848
TID2013,0.566396,2.602145,-2.795515,60.1637,5.960510
TID2013,0.472934,4.134906,1.789382,45.3319,7.099160
TID2013,0.566396,2.615793,-6.990643,63.4700,6.694734
TID2013,0.498644,4.243123,-2.408765,47.8146,9.503270
TID2013,0.408333,6.564889,2.347986,27.3793,12.222516
TID2013,0.341463,10.366992,6.323658,2.9911,20.744219
TID2013,0.263889,15.767839,10.315669,-23.6971,30.073658
TID2013,0.626017,0.704914,-13.965018,84.6124,2.716574
TID2013,0.638889,1.053246,-11.606036,79.3821,3.639993
TID2013,0.619444,1.655657,-7.555808,71.5261,5.547232
TID2013,0.547426,2.589358,-4.546102,60.6479,7.809192
TID2013,0.488889,4.278146,-0.516439,44.1623,12.740408
TID2013,0.625000,0.759123,-13.055474,80.7021,3.243109
TID2013,0.598916,1.165406,-9.837932,73.6895,4.265066
TID2013,0.522222,2.431570,-2.805879,57.6389,6.728100
TID2013,0.423977,5.255256,4.280562,32.2657,11.049505
TID2013,0.324787,11.862175,7.579206,-14.3726,20.508694
TID2013,0.486111,2.497211,-6.920704,35.4195,16.845982
TID2013,0.435898,3.576608,-3.263641,22.7716,19.669052
TID2013,0.388889,4.902483,0.278846,4.9166,22.067823
TID2013,0.368563,7.394720,5.250594,-18.7494,26.572737
TID2013,0.279202,11.303875,8.067515,-41.1240,29.053476
TID2013,0.586111,1.578788,-10.550938,73.2989,4.611949
TID2013,0.585366,2.936059,-6.171605,58.6209,8.052127
TID2013,0.504273,5.494938,-0.451783,38.5558,11.321388
TID2013,0.450142,10.465364,6.081533,1.6162,19.354679
TID2013,0.349593,17.076600,9.451746,-28.5699,26.450602
TID2013,0.600000,1.065939,-13.306756,76.3850,4.319397
TID2013,0.518519,2.252956,-7.704282,58.6957,7.565311
TID2013,0.406504,5.091977,-1.891329,29.5487,14.000877
TID2013,0.308943,11.451252,7.625459,-13.3683,23.218742
TID2013,0.138889,23.263539,16.889515,-56.8515,33.446461
TID2013,0.647222,1.481640,-11.034177,75.1359,2.677486
TID2013,0.647222,2.333998,-7.234726,65.0150,4.107394
TID2013,0.591667,4.727591,-1.663280,41.2309,7.066354
TID2013,0.388889,10.940549,6.680235,-8.8774,12.466260
TID2013,0.151761,26.687286,19.268400,-61.6456,21.425022
TID2013,0.636857,1.029439,-12.601485,78.0156,2.313725
TID2013,0.572650,1.781172,-9.728250,69.0233,3.883676
TID2013,0.523036,4.045859,-4.482986,47.3447,5.690271
TID2013,0.382113,11.053389,6.563810,-1.2796,11.575782
TID2013,0.208672,20.714091,14.130501,-45.0847,22.771826
TID2013,0.639567,1.106730,-13.286145,78.5305,2.924327
TID2013,0.600000,1.906923,-9.582720,68.4827,3.689771
TID2013,0.500000,3.293479,-6.149350,53.2274,5.148919
TID2013,0.407408,6.899686,0.184261,22.7070,9.089361
TID2013,0.250000,16.501245,11.535483,-31.3051,18.101763
TID2013,0.631437,2.631551,-6.902147,54.7335,20.308578
TID2013,0.641667,3.239251,-5.788859,46.2653,20.153893
TID2013,0.594444,4.366505,-3.997286,35.2344,20.845375
TID2013,0.422222,12.652234,11.377761,-32.8650,49.671608
TID2013,0.302778,9.595389,1.772548,1.7532,25.091679
TID2013,0.607046,2.177841,-8.123712,63.7401,6.649674
TID2013,0.544716,4.069202,-4.470734,53.5279,8.527044
TID2013,0.386111,4.681042,-2.704741,36.2828,14.756795
TID2013,0.330623,13.451703,9.209949,-25.5275,27.454624
TID2013,0.219298,18.434882,12.228194,-38.9059,27.267168
TID2013,0.658537,3.450547,-8.507870,44.0574,31.794266
TID2013,0.615177,4.830391,-7.985458,35.1886,28.304564
TID2013,0.623307,9.574991,2.224852,-5.9199,42.530079
TID2013,0.580556,14.086003,9.340675,-32.4242,54.602715
TID2013,0.479674,21.753845,15.960634,-56.0005,71.916626
TID2013,0.338889,12.704375,8.940063,-42.6184,62.376110
TID2013,0.344444,15.367863,11.295480,-49.6860,69.084122
TID2013,0.368563,16.447688,12.144466,-51.3512,77.752769
TID2013,0.433333,15.729365,11.914299,-53.4229,84.637764
TID2013,0.427350,13.427328,5.712233,-26.3669,102.447227
TID2013,0.683333,0.288035,-18.825844,86.0831,5.019777
TID2013,0.661111,0.713423,-15.908132,73.4950,8.460818
TID2013,0.620597,1.680173,-10.910753,45.7544,16.410748
TID2013,0.566396,3.058651,-8.275124,22.0482,25.362043
TID2013,0.472222,7.423737,1.512552,-16.1928,31.354830
TID2013,0.588889,2.287590,-8.739008,67.5174,7.435410
TID2013,0.758808,6.976134,-1.146025,38.7064,12.754317
TID2013,0.447222,7.622073,2.636375,6.3245,19.291859
TID2013,0.728998,15.947190,7.336779,-13.7085,25.207949
TID2013,0.311111,24.154332,17.872414,-62.7861,41.031151
TID2013,0.530556,1.257450,-12.345674,70.3972,9.813152
TID2013,0.467237,1.997983,-9.799561,58.0148,13.917619
TID2013,0.415954,3.335238,-6.011363,39.7812,19.167702
TID2013,0.393162,5.855121,-3.071831,12.8178,25.447168
TID2013,0.350000,10.497411,3.418461,-23.5469,33.259174
TID2013,0.575000,1.289675,-11.419473,72.9075,5.566875
TID2013,0.533876,1.965502,-7.778889,63.4321,6.869911
TID2013,0.469444,3.004413,-4.231465,51.5227,8.423638
TID2013,0.405556,4.624242,0.276928,38.1234,11.440249
TID2013,0.373983,7.184567,4.569678,19.3695,17.162687
TID2013,0.631437,0.792509,-14.115378,80.4138,2.837173
TID2013,0.617887,1.312300,-11.569743,73.0363,3.635733
TID2013,0.558266,2.267319,-7.463799,62.1408,5.488498
TID2013,0.497222,4.367400,-3.192339,42.5768,6.411454
TID2013,0.364672,9.455023,4.278376,10.2213,10.769683
TID2013,0.622222,1.582342,-11.221069,72.9349,3.844448
TID2013,0.547222,2.674692,-7.032452,60.7428,5.454766
TID2013,0.485094,4.508396,-2.560204,43.3336,7.920655
TID2013,0.372222,7.699228,3.218149,16.8619,11.321620
TID2013,0.275000,14.929195,9.692863,-26.3809,19.772350
TID2013,0.586111,1.138830,-12.003267,75.1119,5.549529
TID2013,0.583333,1.770677,-8.653426,64.1821,8.427856
TID2013,0.528456,3.162282,-5.172632,50.4290,12.270267
TID2013,0.455556,7.023424,1.759670,16.3827,18.990499
TID2013,0.352303,11.733481,7.579856,-11.5836,27.394468
TID2013,0.636857,1.008464,-12.870621,80.9198,1.856664
TID2013,0.619444,2.020954,-7.476747,70.3700,3.499102
TID2013,0.626017,3.078239,-4.408821,61.7676,5.350608
TID2013,0.639567,4.257418,-1.525713,53.1355,7.138420
TID2013,0.604336,6.476049,2.849561,36.9739,9.739982
TID2013,0.613889,1.305683,-11.823234,75.9802,2.923048
TID2013,0.623307,2.236790,-8.114611,64.4661,3.907094
TID2013,0.577778,3.930968,-4.815166,46.6619,5.666461
TID2013,0.439024,7.334846,0.929322,16.9219,9.030035
TID2013,0.289973,15.202509,10.763284,-29.5852,15.930866
TID2013,0.639640,1.549605,-10.282522,72.0067,4.230841
TID2013,0.574074,2.516477,-5.151237,60.4611,5.669244
TID2013,0.558559,4.212095,0.009677,44.0685,8.475675
TID2013,0.479366,6.783304,4.741024,25.3360,10.451732
TID2013,0.401234,10.758471,8.000085,0.7749,16.006077
TID2013,0.684684,0.802163,-13.570536,83.8976,2.861413
TID2013,0.642642,1.250291,-10.305975,77.5054,3.994684
TID2013,0.606607,2.044177,-4.584564,68.1226,5.613187
TID2013,0.537037,3.337052,0.820107,54.5209,8.098210
TID2013,0.487654,5.441033,4.586931,37.0681,11.309210
TID2013,0.509259,3.616154,-3.341619,45.4111,6.119336
TID2013,0.450793,6.052652,2.097463,23.0575,8.466998
TID2013,0.385802,10.073148,5.945851,-6.8118,13.084714
TID2013,0.327328,15.710895,9.867697,-33.8426,16.702414
TID2013,0.277778,24.154808,15.512711,-56.0376,26.070501
TID2013,0.648148,0.884053,-12.419962,83.3167,3.225215
TID2013,0.651234,1.259823,-9.649088,77.6798,4.199933
TID2013,0.632716,1.897808,-5.923569,69.3639,5.579229
TID2013,0.564564,2.958421,-1.761863,56.6356,8.454256
TID2013,0.509259,4.498643,1.783679,40.4548,12.404747
TID2013,0.657658,0.977523,-12.003506,78.1712,3.880044
TID2013,0.634921,1.561288,-7.821683,69.9896,5.418993
TID2013,0.552552,3.438835,0.360227,50.9944,9.301130
TID2013,0.447619,7.608991,6.705719,21.7563,15.882731
TID2013,0.327328,16.569491,13.952819,-24.1887,26.754210
TID2013,0.512346,2.412767,-6.464298,52.8876,10.054965
TID2013,0.487654,5.165835,-0.660036,35.6287,14.122292
TID2013,0.419753,7.868098,4.696599,18.8514,15.961617
TID2013,0.391976,11.194190,7.366609,-3.6037,18.724106
TID2013,0.339339,15.952883,11.061528,-28.0387,25.815838
TID2013,0.591591,3.073977,-4.516862,53.2935,12.642297
TID2013,0.568254,4.925416,0.121763,35.9667,19.586239
TID2013,0.489490,8.276299,5.055257,12.4474,12.938560
TID2013,0.349207,13.074266,8.220896,-12.4103,16.816475
TID2013,0.298412,19.163200,11.284430,-44.1672,48.581459
TID2013,0.576577,1.971954,-8.187464,78.2553,11.552572
TID2013,0.509259,4.475826,-2.329365,60.3441,20.781668
TID2013,0.387301,9.569904,6.113996,31.2458,36.799892
TID2013,0.300300,18.037845,12.851006,-10.2783,60.317005
TID2013,0.228228,30.125404,22.364033,-54.0213,90.573112
TID2013,0.672672,1.998354,-8.332169,67.1057,4.580591
TID2013,0.651651,3.240998,-4.270019,52.9093,6.839442
TID2013,0.540540,6.682033,2.438522,21.2058,12.541944
TID2013,0.333333,13.879346,8.862311,-23.6357,24.233784
TID2013,0.184127,28.795981,19.837774,-62.5844,48.806698
TID2013,0.648649,1.025787,-12.629115,77.9331,2.493129
TID2013,0.625397,1.856674,-9.140241,66.8437,4.026314
TID2013,0.603174,4.491983,-2.831362,38.6643,5.797388
TID2013,0.351351,13.508083,8.437825,-24.9273,10.134855
TID2013,0.197531,26.957428,17.874102,-62.2304,17.897490
TID2013,0.615616,1.413312,-11.334078,73.9599,2.862138
TID2013,0.577160,2.651668,-6.861789,59.6906,3.534277
TID2013,0.500000,4.868972,-2.528793,37.0701,5.857598
TID2013,0.342342,12.162438,7.757543,-17.1844,10.786105
TID2013,0.084084,33.001208,24.595720,-64.2214,37.406334
TID2013,0.651234,2.923046,-6.283309,54.6506,16.916140
TID2013,0.527778,4.000405,-4.620872,45.5577,16.933146
TID2013,0.483483,4.967233,-3.130023,38.3736,16.924528
TID2013,0.403174,6.972150,-0.970779,24.5863,17.642056
TID2013,0.426427,14.742006,10.492477,-31.6711,56.302959
TID2013,0.519520,2.752366,-5.590617,54.3725,8.026133
TID2013,0.536508,2.812661,-6.585516,55.4287,5.811703
TID2013,0.463492,7.203347,2.619231,9.9133,16.198347
TID2013,0.354938,17.761911,11.888949,-45.2743,21.671230
TID2013,0.300300,19.658888,12.671306,-47.3331,35.074444
TID2013,0.666667,3.188454,-7.169218,40.0661,33.152607
TID2013,0.666667,4.246904,-4.964709,30.8291,26.233118
TID2013,0.530159,8.552174,2.417928,-10.4972,39.755733
TID2013,0.481481,12.061666,8.806965,-34.0683,57.543411
TID2013,0.478396,18.769777,14.578477,-57.1223,70.379547
TID2013,0.402402,13.019223,11.120188,-41.5215,66.942825
TID2013,0.369369,14.858493,11.855413,-45.8983,76.397087
TID2013,0.416667,12.966090,9.871490,-39.0839,93.745766
TID2013,0.489490,12.569354,9.635180,-35.1187,120.762062
TID2013,0.537037,12.900275,8.626333,-35.1186,170.988937
TID2013,0.618619,0.193281,-19.629042,89.4655,6.639896
TID2013,0.694444,1.200454,-13.419480,70.3146,7.454810
TID2013,0.564814,0.954875,-16.090956,57.8764,22.750536
TID2013,0.648649,4.464908,-3.860548,20.4098,22.530832
TID2013,0.459877,3.190352,-5.488217,3.2467,47.384945
TID2013,0.617284,1.987390,-10.267081,72.1542,14.332501
TID2013,0.675676,5.702089,-1.620283,38.9414,12.955643
TID2013,0.450618,6.645253,-1.001143,18.7409,38.396263
TID2013,0.648649,13.544243,6.159389,-13.0684,24.997581
TID2013,0.375376,20.484535,12.971400,-55.1782,81.042725
TID2013,0.577778,0.574619,-15.832063,80.0696,9.977270
TID2013,0.484568,0.964432,-13.299839,73.1219,14.513420
TID2013,0.432099,1.732530,-10.037974,63.2378,20.694847
TID2013,0.414414,3.184327,-6.974900,49.5621,29.304255
TID2013,0.420420,5.789181,-4.792112,31.6181,41.904781
TID2013,0.592592,2.155483,-6.869044,62.5202,7.939816
TID2013,0.585586,3.505355,-2.723469,48.9557,10.181113
TID2013,0.549550,5.478422,1.990789,32.8233,14.504208
TID2013,0.466049,8.502343,5.944497,13.0579,19.902023
TID2013,0.399399,13.006724,9.502302,-11.7067,26.437666
TID2013,0.623457,0.971352,-12.977064,77.5591,2.788089
TID2013,0.586420,1.641956,-9.639273,68.1932,3.765543
TID2013,0.621621,3.004472,-5.484239,52.9321,4.848276
TID2013,0.549550,6.125519,-0.052168,25.5440,6.513726
TID2013,0.441441,15.713514,9.693555,-27.9158,11.379886
TID2013,0.633633,2.103205,-8.933675,64.0901,4.511312
TID2013,0.567901,3.579498,-4.234050,46.9296,6.672551
TID2013,0.523810,6.057211,0.889922,22.7656,10.452350
TID2013,0.404321,10.315923,5.778662,-10.0059,16.730206
TID2013,0.311729,18.662393,11.519418,-46.7496,28.858730
TID2013,0.626543,1.993634,-7.526810,62.2152,8.244486
TID2013,0.586420,3.273182,-4.720156,46.9020,11.990211
TID2013,0.462462,6.997035,0.497912,18.0562,25.740000
TID2013,0.396397,9.562040,4.049548,7.3102,25.947493
TID2013,0.330330,15.899600,11.183834,-27.9385,28.896156
TID2013,0.657143,1.049718,-12.907684,81.0673,2.346145
TID2013,0.645062,2.244111,-7.527453,69.6415,4.672688
TID2013,0.630631,3.828344,-3.529722,56.1844,7.400597
TID2013,0.591591,5.518664,0.272077,42.3174,10.619396
TID2013,0.260318,23.664815,15.039504,-49.6262,27.468742
TID2013,0.648649,1.658028,-10.178176,70.5377,3.095734
TID2013,0.644444,2.980880,-6.241259,55.6750,4.590144
TID2013,0.534534,6.001548,-0.643424,27.7957,7.375159
TID2013,0.357358,12.755217,8.433386,-19.2328,13.128881
TID2013,0.098766,32.280737,23.820969,-64.2046,38.780243
TID2013,0.631313,1.484139,-10.328927,72.3250,3.941274
TID2013,0.565657,2.422576,-5.180121,60.8800,5.026190
TID2013,0.533333,4.019941,-0.787880,45.3954,6.943626
TID2013,0.494950,6.415178,4.428950,27.5294,10.918219
TID2013,0.441799,10.103342,7.419798,5.9278,13.847688
TID2013,0.671604,0.760744,-13.647068,83.8745,2.128274
TID2013,0.651516,1.199660,-10.343349,77.2059,2.889863
TID2013,0.617571,1.967284,-4.868750,67.4726,4.257174
TID2013,0.581396,3.160891,-0.263637,54.7068,5.695777
TID2013,0.528396,5.195831,4.217730,37.2115,7.419448
TID2013,0.548148,3.474176,-4.362711,50.2427,7.107437
TID2013,0.469697,5.685988,0.257190,29.4028,10.682001
TID2013,0.414814,9.311734,5.352755,1.9347,14.706197
TID2013,0.367901,14.575923,8.918596,-26.5593,21.771629
TID2013,0.303703,22.091017,13.761226,-50.4397,29.269793
TID2013,0.651852,0.839353,-12.403060,82.0575,4.302524
TID2013,0.666667,1.267652,-9.266653,75.2850,6.789350
TID2013,0.602469,1.940255,-5.748179,65.8456,10.706816
TID2013,0.550136,3.206588,-1.896809,49.7054,17.592407
TID2013,0.467700,5.283614,2.277313,24.1967,27.303661
TID2013,0.671604,0.926179,-11.770625,77.4412,3.489228
TID2013,0.644444,1.478611,-7.516860,69.0633,4.539591
TID2013,0.573232,3.251665,-0.240020,50.5861,7.087712
TID2013,0.475452,7.134317,6.290654,23.7339,11.202602
TID2013,0.368687,15.305371,12.960876,-21.1577,19.733011
TID2013,0.537037,2.340122,-6.659137,47.3911,11.764090
TID2013,0.512627,3.148492,-4.086778,37.0781,14.928320
TID2013,0.462121,4.534971,-0.495235,20.7447,16.619410
TID2013,0.416667,7.053532,4.584382,-2.5547,20.706514
TID2013,0.368687,10.877222,7.576814,-27.6069,23.065880
TID2013,0.620156,2.916292,-6.637725,55.0343,5.848068
TID2013,0.576720,5.405160,-1.253210,35.7184,8.816941
TID2013,0.479798,10.766705,5.288609,-4.0700,13.861757
TID2013,0.402469,17.427583,9.388247,-31.8792,20.886406
TID2013,0.315246,25.112233,14.386577,-59.7014,29.743120
TID2013,0.651516,0.970709,-13.860425,85.4662,6.614316
TID2013,0.614814,2.130324,-7.559023,74.3945,11.657199
TID2013,0.509044,4.756196,-2.198341,52.0215,19.587282
TID2013,0.380247,10.376372,7.734128,2.6223,29.925388
TID2013,0.292929,23.835318,19.297302,-59.3881,40.930134
TID2013,0.713580,1.340678,-11.895085,75.3203,2.858342
TID2013,0.669136,2.011590,-8.633999,65.6142,4.144626
TID2013,0.580808,3.857276,-3.636005,43.9767,6.265967
TID2013,0.441860,7.952518,3.811443,8.8528,11.019362
TID2013,0.274074,20.840918,14.953073,-53.6652,21.241224
TID2013,0.681481,0.897328,-13.237613,79.5292,2.966208
TID2013,0.654040,1.534508,-10.604971,70.6163,4.116338
TID2013,0.560606,3.567092,-4.883845,46.8699,6.471066
TID2013,0.411617,10.655200,6.423687,-10.5273,13.687010
TID2013,0.247474,21.763597,14.720439,-56.3858,21.853603
TID2013,0.609819,1.913444,-9.343448,66.5982,5.058347
TID2013,0.501234,3.980389,-4.127707,43.4467,7.316561
TID2013,0.381313,8.421743,3.991280,1.4892,13.462406
TID2013,0.269136,17.836060,13.953720,-50.8150,21.364019
TID2013,0.108586,37.250984,28.439127,-65.3414,39.336773
TID2013,0.593434,4.664257,-3.447381,36.9635,28.063423
TID2013,0.525252,3.409760,-6.130019,50.3088,27.965473
TID2013,0.392592,4.948166,-3.983315,39.7707,24.402807
TID2013,0.318182,11.965363,6.923176,-0.4909,40.198177
TID2013,0.279012,18.537625,14.608760,-55.5586,49.534363
TID2013,0.509044,3.192630,-5.687457,53.3251,11.067086
TID2013,0.452020,6.451765,1.098356,19.9985,17.433535
TID2013,0.374677,11.787428,7.150600,-21.6491,23.909643
TID2013,0.303030,18.797246,12.345860,-45.9167,37.120747
TID2013,0.279012,26.650222,18.265045,-63.6382,42.072365
TID2013,0.643939,4.252533,-6.664117,31.2836,29.034756
TID2013,0.684343,3.272743,-7.766776,47.4043,23.374638
TID2013,0.633839,6.945871,-0.732672,7.0309,36.011303
TID2013,0.580247,10.091919,7.684405,-18.1614,47.566925
TID2013,0.467172,14.559198,11.851431,-41.2105,50.516361
TID2013,0.404040,11.403359,9.692389,-35.7040,65.603958
TID2013,0.365432,15.941928,11.821175,-49.6868,64.753632
TID2013,0.338383,17.669367,13.048873,-55.2875,74.686325
TID2013,0.371212,18.342894,13.258847,-56.3544,86.655571
TID2013,0.405684,16.196043,11.898397,-50.6653,92.935051
TID2013,0.689394,0.255131,-19.339087,87.9333,5.471747
TID2013,0.705427,0.483643,-17.784414,78.8537,8.980388
TID2013,0.659259,1.246805,-14.666700,52.7581,18.442867
TID2013,0.595062,2.131927,-10.078972,35.5547,26.505882
TID2013,0.535353,4.281931,-2.666975,-5.5291,37.071018
TID2013,0.616161,2.133123,-9.155280,71.3579,6.066528
TID2013,0.711111,6.085634,-1.776961,46.0023,12.127851
TID2013,0.489418,7.073820,1.743448,15.8996,15.308617
TID2013,0.747474,15.384896,6.824296,-9.1867,24.419308
TID2013,0.371212,22.103169,16.065420,-58.2116,31.556797
TID2013,0.598484,1.124265,-12.302531,70.7928,15.485043
TID2013,0.550506,1.780850,-8.900157,59.5076,22.474979
TID2013,0.486420,2.831567,-5.966228,45.2476,31.673359
TID2013,0.429293,4.900097,-3.259223,25.7112,44.352005
TID2013,0.404040,8.243643,0.684912,2.7040,58.846298
TID2013,0.651852,1.788933,-8.477227,67.4214,4.658223
TID2013,0.604938,2.858895,-4.354235,55.3893,6.786714
TID2013,0.533333,4.626773,0.049193,39.9067,8.962752
TID2013,0.457071,7.321817,5.119904,20.9123,11.723009
TID2013,0.411617,11.106703,8.133138,-0.5074,16.988981
TID2013,0.638889,1.337179,-11.287559,72.5444,4.050536
TID2013,0.602469,2.556370,-6.632604,57.4175,5.519127
TID2013,0.490956,5.575328,-1.341434,29.4438,8.763773
TID2013,0.402469,11.767383,7.232615,-15.5648,17.982874
TID2013,0.325581,25.545522,18.315615,-59.7747,43.766636
TID2013,0.629630,2.227524,-8.150003,63.0290,4.901150
TID2013,0.550506,3.758559,-3.925383,46.2567,6.889134
TID2013,0.456790,6.302925,1.112511,21.6835,10.872244
TID2013,0.376262,10.606080,6.359730,-8.7502,16.759186
TID2013,0.258398,20.565832,13.064098,-51.2504,29.238998
TID2013,0.659259,1.689592,-8.990118,65.7999,7.193238
TID2013,0.581396,2.529153,-5.469575,52.7159,9.211637
TID2013,0.516796,4.415019,-1.858067,32.3761,10.826080
TID2013,0.460318,8.195533,5.620636,-3.0250,21.383160
TID2013,0.295454,21.704568,16.118767,-60.6787,38.908752
TID2013,0.669136,1.474401,-10.942808,75.6428,4.898612
TID2013,0.637037,3.507432,-4.501742,54.0439,10.010694
TID2013,0.560493,7.282738,2.818484,18.7934,12.016536
TID2013,0.467700,10.163858,5.867922,1.0805,18.682018
TID2013,0.293827,22.399297,15.810819,-55.2794,32.695164
TID2013,0.635659,2.017784,-9.280038,65.2941,3.875104
TID2013,0.548148,3.741128,-4.974457,45.9652,7.099329
TID2013,0.429293,7.746737,2.463850,8.5877,13.530185
TID2013,0.250000,17.450192,13.331859,-46.4205,22.804867
TID2013,0.052910,36.315151,27.378958,-64.7740,33.695354
TID2013,0.616488,1.279036,-11.431570,75.6725,3.266725
TID2013,0.523298,2.041652,-6.546173,65.7684,4.326365
TID2013,0.537634,3.279113,-2.004602,51.7245,5.779867
TID2013,0.455556,5.215457,2.967313,35.0877,7.685215
TID2013,0.394266,8.255903,6.487851,13.8286,11.273540
TID2013,0.621528,0.714101,-13.753099,85.2081,1.673025
TID2013,0.616488,1.123302,-10.744183,79.2250,2.286730
TID2013,0.600694,1.780171,-5.475050,70.6670,3.576612
TID2013,0.580646,2.857257,-1.126315,59.0552,4.815310
TID2013,0.516129,4.607960,3.823491,43.1900,6.363638
TID2013,0.516129,2.915775,-5.705621,56.5510,5.373416
TID2013,0.476702,4.668271,-1.210014,37.8012,7.561172
TID2013,0.385186,7.538404,4.502043,13.1555,10.480799
TID2013,0.329861,12.000115,7.777178,-14.5316,16.357176
TID2013,0.260417,17.880856,11.899884,-38.6789,20.038254
TID2013,0.673836,0.740822,-12.939450,85.3720,2.411490
TID2013,0.648746,1.056218,-10.484279,80.7137,3.638956
TID2013,0.625000,1.558676,-6.699189,73.8616,5.721467
TID2013,0.604167,2.359866,-3.715727,64.4017,10.151594
TID2013,0.551971,3.702934,-0.043656,50.6821,16.802809
TID2013,0.592592,0.828171,-12.576835,80.2169,3.016096
TID2013,0.605734,1.294335,-8.936752,72.8117,3.976668
TID2013,0.524306,2.772988,-1.197810,55.5185,6.208888
TID2013,0.440860,6.068670,5.445783,28.7164,10.099531
TID2013,0.347222,13.343735,8.680062,-17.7599,19.462481
TID2013,0.487456,2.299395,-6.701730,43.8553,14.307367
TID2013,0.454861,3.462939,-3.983768,30.8340,18.618788
TID2013,0.437037,5.336931,0.252594,11.0219,17.327364
TID2013,0.401433,8.009514,5.505697,-11.7945,22.432663
TID2013,0.340502,11.617738,8.332871,-33.3908,27.978971
TID2013,0.611111,1.730158,-9.748924,70.9552,3.443968
TID2013,0.516129,3.239835,-4.573995,54.0572,5.133842
TID2013,0.462963,6.963681,2.679596,20.1030,14.011188
TID2013,0.383512,10.082815,6.133196,-0.2893,14.391040
TID2013,0.265233,15.987456,9.022450,-26.9029,21.050211
TID2013,0.579861,1.506686,-10.374128,76.2910,7.449440
TID2013,0.510417,3.332239,-4.745544,57.1843,13.329749
TID2013,0.433692,7.178697,0.881604,28.0981,22.998871
TID2013,0.318997,13.863557,9.149911,-9.5378,36.016392
TID2013,0.218638,24.414038,17.612316,-52.6075,50.047604
TID2013,0.634409,1.725852,-9.583933,69.8771,2.776819
TID2013,0.652778,2.657160,-5.858197,58.3316,3.676652
TID2013,0.559028,4.843284,-1.100644,37.4021,6.224365
TID2013,0.388889,9.798248,6.148155,1.4949,10.122947
TID2013,0.194444,23.183472,15.913215,-52.9459,19.433144
TID2013,0.663082,1.010084,-12.293112,77.6934,2.596797
TID2013,0.621528,1.786908,-9.328178,68.3569,3.446427
TID2013,0.520833,4.301684,-3.449000,43.0700,5.200606
TID2013,0.357639,11.342201,7.030748,-11.4840,9.214993
TID2013,0.149306,20.521595,14.213775,-46.6805,18.479818
TID2013,0.666667,1.277921,-11.664510,75.3821,2.482895
TID2013,0.583333,2.307484,-7.837842,63.1161,3.654510
TID2013,0.507408,4.568699,-3.556112,40.5395,5.167365
TID2013,0.465950,6.819176,-0.130397,21.9071,8.296679
TID2013,0.251852,16.090605,10.367981,-27.9308,15.657276
TID2013,0.688172,1.931482,-10.074632,65.9475,17.293734
TID2013,0.637993,2.602616,-7.720097,56.7446,17.449732
TID2013,0.611111,3.924847,-4.996281,42.7052,17.402870
TID2013,0.534722,6.974678,0.531740,23.6450,25.292532
TID2013,0.472222,11.812841,10.989653,-30.5462,67.007294
TID2013,0.642361,1.956730,-9.054839,63.9685,5.479701
TID2013,0.362963,5.556359,-2.591586,30.6637,17.868189
TID2013,0.487456,4.256778,-3.581977,37.7254,13.417061
TID2013,0.303703,9.354802,5.337697,-1.6798,17.855482
TID2013,0.236111,17.370882,12.621795,-47.8865,46.052746
TID2013,0.628472,2.835104,-9.654852,50.5763,27.200905
TID2013,0.604167,4.981765,-7.649324,32.3008,42.681557
TID2013,0.541219,8.659039,-1.084865,0.2479,46.789536
TID2013,0.527778,11.440800,4.568059,-18.7461,57.259830
TID2013,0.444444,18.332850,12.719133,-48.0134,61.554417
TID2013,0.419354,12.792270,8.818232,-42.8309,59.879116
TID2013,0.326164,16.001764,12.368629,-51.9257,70.610085
TID2013,0.364583,16.665272,11.914031,-54.3331,80.109940
TID2013,0.409722,14.632130,10.597276,-53.3169,96.608665
TID2013,0.390681,12.212821,9.217762,-43.9722,104.855827
TID2013,0.673611,0.266519,-19.401354,88.9209,4.172668
TID2013,0.638889,1.013170,-13.942217,76.3225,6.922308
TID2013,0.652330,1.230999,-15.010592,56.5179,14.075804
TID2013,0.544803,4.849873,-5.721205,27.7141,21.831360
TID2013,0.507408,4.410008,-4.953381,4.5072,28.352201
TID2013,0.600694,2.421399,-8.622173,67.5594,6.306734
TID2013,0.620072,7.781157,-1.033438,41.9896,10.195185
TID2013,0.465278,8.002097,1.568877,6.7324,16.444727
TID2013,0.562724,16.309905,6.518248,-6.3427,17.960360
TID2013,0.362007,24.565952,17.738903,-62.1400,34.461227
TID2013,0.472222,0.884451,-15.481878,66.5275,6.738446
TID2013,0.415771,1.734322,-12.621808,50.0679,9.492647
TID2013,0.326389,3.597434,-7.141026,25.4061,13.370422
TID2013,0.315972,6.944555,-3.493375,-5.5466,19.107286
TID2013,0.318997,11.798972,1.964767,-33.3340,26.386232
TID2013,0.598567,1.582317,-9.518313,69.6504,4.187241
TID2013,0.548387,2.451865,-5.254205,59.3703,5.685172
TID2013,0.520833,3.796945,-1.618062,46.8466,7.419332
TID2013,0.448029,5.887825,3.355222,31.7446,10.528171
TID2013,0.399306,8.842215,6.853338,13.0744,16.126875
TID2013,0.652330,0.865115,-13.172960,77.5640,2.701240
TID2013,0.663082,1.447628,-10.008917,69.3573,3.666831
TID2013,0.585186,2.610532,-6.161840,56.6869,4.515858
TID2013,0.513889,5.187638,-1.587049,34.5904,6.443295
TID2013,0.423611,10.368651,5.983677,-1.6593,8.690504
TID2013,0.631944,1.791423,-9.945864,69.0316,3.397691
TID2013,0.548387,3.027497,-5.666565,54.4007,5.072252
TID2013,0.476702,5.049845,-1.317046,34.9076,8.716512
TID2013,0.422939,8.344492,4.923257,9.9000,10.422378
TID2013,0.297491,14.694155,9.268182,-26.5958,17.964640
TID2013,0.623656,1.406306,-10.395729,71.7246,4.535887
TID2013,0.605734,2.481834,-6.350422,58.3894,6.798733
TID2013,0.462366,4.358450,-2.684926,40.4699,13.344091
TID2013,0.340278,8.177109,3.611593,11.9770,21.246824
TID2013,0.263889,12.997336,8.811152,-18.7800,26.252773
TID2013,0.670251,0.978972,-12.569543,80.7598,1.555856
TID2013,0.684588,2.002927,-7.169389,69.3648,2.668682
TID2013,0.630824,3.151158,-3.738547,59.2858,3.941787
TID2013,0.611111,4.150329,-1.334838,51.6947,4.954778
TID2013,0.604167,5.652439,1.708942,41.3596,6.531609
TID2013,0.659498,1.385888,-10.970441,73.5782,2.618159
TID2013,0.642361,2.449273,-7.087675,60.6362,3.774477
TID2013,0.587813,4.378380,-3.542853,41.8764,5.237700
TID2013,0.440860,7.723590,1.690464,14.5267,9.497922
TID2013,0.291667,14.751780,9.808762,-26.3068,18.954233
TID2013,0.595960,1.841950,-9.368697,68.2476,3.675640
TID2013,0.555556,3.102078,-4.044436,54.1948,4.644374
TID2013,0.505050,5.192288,0.825239,36.0121,6.607627
TID2013,0.448029,8.525228,5.315998,13.4945,9.222139
TID2013,0.404040,13.269580,8.653766,-11.1178,12.015419
TID2013,0.653199,0.847632,-13.379161,82.4953,2.161213
TID2013,0.670033,1.381730,-9.799867,75.2001,2.831007
TID2013,0.618056,2.309097,-4.028692,64.4988,4.042772
TID2013,0.541667,3.871177,0.694740,49.4574,5.257674
TID2013,0.505050,6.403655,4.600789,30.2650,7.015095
TID2013,0.511784,4.295632,-2.615497,39.4730,6.908552
TID2013,0.454861,7.430088,3.308979,11.4918,9.416835
TID2013,0.410774,11.937114,6.627019,-16.9999,15.193723
TID2013,0.361111,18.355892,10.771614,-43.5391,19.098856
TID2013,0.319866,27.442849,16.723295,-61.3077,28.602291
TID2013,0.637993,1.006239,-11.745795,80.5070,5.346741
TID2013,0.621528,1.523470,-8.124307,73.9544,9.684766
TID2013,0.598567,2.382859,-5.272649,64.9051,15.634590
TID2013,0.519713,3.830293,-1.274589,51.4222,21.607605
TID2013,0.474748,6.238731,3.018454,31.2583,26.775471
TID2013,0.659498,1.103930,-11.166340,75.6389,3.178628
TID2013,0.611111,1.822399,-6.442392,66.1981,4.167224
TID2013,0.552083,4.195375,0.816686,44.5992,6.598321
TID2013,0.454546,9.347860,7.113925,12.9110,10.947201
TID2013,0.399306,18.985988,14.224506,-31.2602,20.704308
TID2013,0.579861,2.668223,-5.789702,41.5564,12.531181
TID2013,0.479167,3.954644,-2.190647,25.6312,15.463398
TID2013,0.462366,5.659837,1.206616,11.8986,22.355425
TID2013,0.423611,9.106406,6.297328,-12.7142,23.456057
TID2013,0.371528,13.500883,9.137750,-30.4616,25.775595
TID2013,0.542088,3.535637,-4.043674,44.6212,5.236908
TID2013,0.527778,6.237321,0.888857,19.8270,7.964389
TID2013,0.458781,9.000599,4.685710,-3.1261,10.912960
TID2013,0.407408,15.277234,9.456708,-40.6879,20.664429
TID2013,0.301076,23.312243,15.271366,-60.3573,29.925762
TID2013,0.652778,1.050476,-13.469855,83.5338,4.862208
TID2013,0.582491,2.326554,-6.869973,71.1109,8.445440
TID2013,0.482639,5.162498,-1.545049,49.5863,14.280420
TID2013,0.387206,10.564785,7.533685,15.2479,22.493330
TID2013,0.263889,20.093920,15.683886,-33.5302,32.050880
TID2013,0.727272,1.580029,-10.276310,71.4635,3.374645
TID2013,0.676768,2.400265,-6.804458,61.7447,4.548996
TID2013,0.572391,4.415219,-2.490540,40.4204,6.581011
TID2013,0.434028,8.587240,5.578323,6.8962,12.987638
TID2013,0.279461,20.403462,15.075824,-46.7270,22.826420
TID2013,0.666667,1.012133,-12.788403,78.9739,2.596670
TID2013,0.628472,1.712084,-9.931437,69.1619,3.403285
TID2013,0.545139,3.957330,-3.768419,42.0026,6.296877
TID2013,0.354839,11.430063,7.325706,-18.8859,13.793083
TID2013,0.260417,20.378453,14.957222,-53.6486,19.012655
TID2013,0.656250,2.042671,-9.035739,65.7059,3.546359
TID2013,0.572917,3.563613,-4.844702,49.1209,5.210752
TID2013,0.440972,7.806025,3.103141,10.7636,10.862140
TID2013,0.267361,18.530631,14.818679,-41.2182,21.550646
TID2013,0.097643,34.371049,27.260956,-63.9496,41.109081
TID2013,0.673401,2.509804,-7.469699,58.7547,10.843872
TID2013,0.656250,3.399957,-5.471167,51.7723,11.578061
TID2013,0.545139,6.587000,-1.528939,34.6592,17.018406
TID2013,0.329861,10.529999,3.124413,11.2789,28.893570
TID2013,0.315972,17.345834,13.446852,-35.8790,57.407677
TID2013,0.501683,4.557387,-2.441681,32.6984,11.073197
TID2013,0.419354,8.730919,4.630348,0.0749,14.673882
TID2013,0.370370,11.981389,6.758750,-12.6354,27.909370
TID2013,0.313131,19.914586,13.408919,-48.1731,35.855385
TID2013,0.319866,19.355471,12.334712,-49.6663,26.951429
TID2013,0.649306,4.076520,-6.549169,33.1924,33.500912
TID2013,0.609428,3.560988,-7.537014,46.6232,24.257572
TID2013,0.697917,7.725154,-0.500720,8.2005,35.394527
TID2013,0.493056,10.096423,7.061194,-10.7151,50.102638
TID2013,0.368056,14.697654,11.029632,-34.3716,60.999451
TID2013,0.323232,13.081650,10.975362,-41.8951,57.779575
TID2013,0.340068,15.828941,12.633589,-47.4241,71.557106
TID2013,0.361111,13.736183,11.404787,-46.9499,82.637245
TID2013,0.399306,14.939004,10.913627,-49.7056,92.356781
TID2013,0.649831,11.135318,6.830802,-31.2361,107.245903
TID2013,0.673401,0.218522,-19.304604,88.9709,4.734404
TID2013,0.700337,0.415497,-18.222843,79.9835,7.717678
TID2013,0.638889,1.016601,-15.598929,59.0354,16.081533
TID2013,0.655914,1.958292,-10.810001,38.1032,23.171486
TID2013,0.518519,3.267040,-6.032913,8.7933,32.990276
TID2013,0.645833,2.094810,-9.765950,72.3298,5.085470
TID2013,0.754209,5.883476,-2.658467,45.0454,9.531326
TID2013,0.531250,6.879114,-0.179776,19.5018,14.266366
TID2013,0.707071,14.540514,5.466292,-7.3861,20.673222
TID2013,0.400673,21.088451,14.985787,-54.9584,32.496601
TID2013,0.535353,0.926532,-14.401010,71.1326,12.603551
TID2013,0.478114,1.605041,-11.534129,56.7135,17.700912
TID2013,0.451613,3.059674,-6.775807,34.3812,24.185753
TID2013,0.368056,5.976359,-3.007851,1.7749,32.287888
TID2013,0.350694,10.954676,3.963872,-34.9653,42.096161
TID2013,0.611111,2.033409,-7.753501,64.1856,4.434657
TID2013,0.519713,3.455809,-3.246910,48.7676,5.846714
TID2013,0.501792,5.641067,1.575752,30.5218,8.029387
TID2013,0.451389,9.139069,5.756681,8.3059,10.306046
TID2013,0.387206,13.779022,9.203267,-15.7910,14.242913
TID2013,0.645833,1.555066,-10.381893,70.2473,3.636213
TID2013,0.629630,2.985708,-5.895084,54.1333,5.401343
TID2013,0.500000,5.988383,-0.193781,27.2715,8.108356
TID2013,0.434343,12.505352,8.092014,-16.5862,15.022183
TID2013,0.323232,26.229279,19.298737,-57.9251,26.534662
TID2013,0.585859,2.471564,-7.046688,59.7567,5.414763
TID2013,0.534722,4.132928,-3.142903,42.4137,6.245509
TID2013,0.472222,7.026161,2.515315,16.3413,10.199643
TID2013,0.388889,11.728972,6.783737,-11.5855,13.782331
TID2013,0.240143,23.687130,16.221924,-54.8138,26.123884
TID2013,0.635417,1.825795,-7.684790,63.6802,7.479558
TID2013,0.643098,2.931991,-5.414444,51.9326,12.188118
TID2013,0.611111,4.928313,-2.223601,33.6934,16.453129
TID2013,0.454861,11.518294,7.880188,-10.6426,27.665520
TID2013,0.302083,16.474245,11.391262,-37.2075,35.071533
TID2013,0.694444,1.442295,-10.911098,77.6690,2.853619
TID2013,0.697917,2.954619,-6.129894,64.7268,5.016466
TID2013,0.670033,5.584026,-1.328093,45.1863,8.837569
TID2013,0.534722,9.677626,5.980727,21.0310,11.609722
TID2013,0.319444,19.316687,12.812236,-34.4976,32.288589
TID2013,0.638889,2.144487,-8.529843,64.6760,4.291192
TID2013,0.565972,4.019163,-4.184452,43.8237,6.330975
TID2013,0.416667,8.203248,3.543872,8.8772,14.976491
TID2013,0.225589,17.594736,13.541961,-41.7138,30.969742
TID2013,0.026936,33.653108,25.640537,-64.1727,42.464649
TID2013,0.635328,1.797296,-9.345372,68.1346,3.461291
TID2013,0.603603,3.003191,-4.033081,54.4242,5.088456
TID2013,0.527066,5.031872,0.986685,36.2897,6.336434
TID2013,0.504273,8.282020,5.335114,13.2961,8.754361
TID2013,0.423977,13.283349,8.957092,-14.3003,12.158896
TID2013,0.672672,0.858353,-13.298306,82.6289,1.835082
TID2013,0.648649,1.390518,-9.782983,74.9575,2.639169
TID2013,0.641026,2.277805,-3.638536,64.2844,3.749512
TID2013,0.614036,3.791467,1.258678,49.1946,5.249119
TID2013,0.525526,6.378101,4.943658,29.9096,6.990073
TID2013,0.561561,4.300385,-2.188291,36.7220,6.985902
TID2013,0.484568,7.065710,3.263606,10.9682,10.155811
TID2013,0.447293,11.777280,6.701894,-19.9085,13.726734
TID2013,0.367521,18.708416,11.259784,-46.8283,20.221045
TID2013,0.324787,28.060589,17.271273,-62.6166,26.124586
TID2013,0.675213,1.185138,-11.405464,80.2005,6.435112
TID2013,0.567901,1.696839,-8.027184,74.6707,11.096801
TID2013,0.573099,2.608459,-4.805462,65.8046,16.918655
TID2013,0.529914,4.109804,-0.461586,52.0940,23.584074
TID2013,0.470086,6.744593,4.018783,30.8038,28.457903
TID2013,0.672364,1.097913,-11.260997,75.8289,3.278581
TID2013,0.643874,1.800610,-6.315361,66.4293,4.329389
TID2013,0.575499,4.142248,1.194390,44.6562,6.847668
TID2013,0.488304,9.338046,7.416377,12.0225,10.695276
TID2013,0.371346,19.566666,15.367567,-34.2629,18.790638
TID2013,0.573099,2.377668,-6.297502,46.3685,12.801252
TID2013,0.516517,3.977378,-2.325707,26.8536,19.022675
TID2013,0.508772,5.820759,0.983533,12.4437,27.383472
TID2013,0.426901,8.800839,5.847804,-5.1928,25.639277
TID2013,0.378379,13.495385,8.881974,-28.9987,32.736687
TID2013,0.615616,3.645346,-3.288553,44.5672,5.968698
TID2013,0.558404,6.489296,2.176203,15.6527,9.456856
TID2013,0.495727,12.620566,6.838885,-25.8566,12.516273
TID2013,0.444444,21.357737,12.718329,-55.0734,19.336075
TID2013,0.339181,27.630617,16.618746,-63.0175,27.681898
TID2013,0.663742,0.956820,-14.024766,84.2093,4.655284
TID2013,0.589743,2.091238,-7.705482,72.5149,8.143971
TID2013,0.483483,4.648996,-2.367823,52.2065,13.797385
TID2013,0.388889,9.745558,6.548141,18.3537,21.748793
TID2013,0.309941,18.759706,14.413461,-29.7009,30.893097
TID2013,0.663818,1.774379,-9.826737,69.5619,3.553852
TID2013,0.632479,2.645098,-6.380178,57.8349,4.437704
TID2013,0.575499,5.053440,-1.547889,33.2154,7.137206
TID2013,0.423977,10.608200,7.094703,-6.0303,12.332683
TID2013,0.253561,23.301278,16.932552,-55.2285,24.861008
TID2013,0.652047,1.032706,-12.514763,78.8213,2.666724
TID2013,0.646199,1.805596,-9.438304,68.3008,3.286204
TID2013,0.578348,4.213480,-3.120411,38.2604,6.471920
TID2013,0.404559,12.510919,8.093799,-28.1293,11.400048
TID2013,0.270656,23.594567,17.615675,-60.1383,18.271990
TID2013,0.572650,2.132905,-8.676914,65.1162,3.901103
TID2013,0.495727,4.486725,-3.097158,39.0679,6.474988
TID2013,0.401709,10.656047,7.300825,-10.1384,14.698361
TID2013,0.242690,23.707437,19.247694,-54.4392,27.300730
TID2013,0.137427,39.143581,30.680454,-64.3302,42.424229
TID2013,0.529914,4.313277,-7.542286,53.1548,25.243395
TID2013,0.649123,4.249160,-4.204844,45.5908,13.453644
TID2013,0.547009,6.139983,-1.609642,27.4844,23.129490
TID2013,0.450292,13.912892,11.170644,-18.8714,55.648430
TID2013,0.298246,22.026605,17.329145,-51.4181,81.460091
TID2013,0.643274,2.778858,-6.044173,54.7388,9.658580
TID2013,0.435672,9.211778,5.067100,-12.1219,15.107500
TID2013,0.380117,12.959898,7.542383,-23.1438,23.496180
TID2013,0.298246,27.088593,18.488022,-63.7583,32.322460
TID2013,0.321938,25.628701,16.218178,-62.8283,49.787632
TID2013,0.646723,3.785957,-7.321670,42.2483,25.186930
TID2013,0.683761,4.241587,-6.028590,40.1801,22.910013
TID2013,0.616959,7.620908,-1.864257,5.5373,40.458866
TID2013,0.474474,11.120541,7.886672,-19.5191,55.367443
TID2013,0.426901,15.093865,11.147162,-36.2641,62.945171
TID2013,0.342106,13.335551,11.186966,-38.5363,68.615654
TID2013,0.358974,14.843948,9.250661,-38.3414,60.456951
TID2013,0.401709,15.401031,9.402018,-38.3116,72.053261
TID2013,0.374269,15.701471,9.871862,-38.7439,84.993668
TID2013,0.464388,12.872921,8.830518,-41.6925,113.823570
TID2013,0.680912,0.207205,-19.378738,89.9239,4.713360
TID2013,0.678062,0.814765,-15.930941,75.0314,7.792976
TID2013,0.669516,0.960761,-15.746467,60.5234,15.709693
TID2013,0.619883,3.522026,-7.595869,26.7517,22.941864
TID2013,0.569801,3.895425,-5.816920,6.3967,31.284311
TID2013,0.634503,2.052665,-10.299731,73.7487,8.462181
TID2013,0.732193,5.392281,-3.624644,45.0728,8.618374
TID2013,0.507508,6.670183,-1.608059,22.6387,20.789316
TID2013,0.729344,12.608074,5.281182,-4.3215,17.785686
TID2013,0.410257,20.252414,14.336102,-52.1613,44.774216
TID2013,0.501424,2.198886,-10.050740,54.1593,25.968960
TID2013,0.452991,4.102762,-6.348223,36.0125,35.792961
TID2013,0.424501,7.206468,-3.722286,14.3245,43.769188
TID2013,0.403509,10.261784,0.098638,-8.0875,50.195869
TID2013,0.368421,12.146477,3.849235,-23.3084,53.149910
TID2013,0.619883,2.040443,-7.911750,63.7398,4.718356
TID2013,0.602339,3.456067,-3.170209,48.7124,6.439760
TID2013,0.519520,5.755724,1.822875,28.9446,8.742867
TID2013,0.468469,9.226507,6.024499,4.5853,11.191615
TID2013,0.430199,14.213141,9.548554,-20.2279,14.979903
TID2013,0.649572,1.612198,-10.336161,69.7974,3.648116
TID2013,0.598291,3.237335,-5.560889,52.0183,5.379706
TID2013,0.492878,6.865253,1.029834,19.2501,9.355875
TID2013,0.397661,14.740372,9.415002,-28.5497,15.632882
TID2013,0.318318,33.533320,24.544880,-63.9001,29.971285
TID2013,0.611111,2.675283,-6.360085,56.4000,5.012069
TID2013,0.575499,4.625379,-2.165730,35.2965,7.117404
TID2013,0.472934,7.650499,3.661391,9.9405,11.494333
TID2013,0.418803,13.067334,7.684520,-23.0597,13.574006
TID2013,0.279202,25.661210,16.700344,-58.9058,25.269545
TID2013,0.663742,1.800526,-7.869245,66.2621,7.797270
TID2013,0.541310,3.479360,-4.539560,44.2312,12.028644
TID2013,0.498499,5.712733,0.224714,23.2325,15.964059
TID2013,0.447531,8.077777,4.682036,8.7688,18.450771
TID2013,0.361823,15.535957,11.074772,-19.5495,41.981544
TID2013,0.683761,1.952312,-10.026864,76.9114,5.682581
TID2013,0.660969,3.074311,-5.695351,57.3745,10.395652
TID2013,0.505848,8.839808,4.678969,13.8527,17.889753
TID2013,0.289473,18.841873,13.346960,-40.2165,36.991776
TID2013,0.160819,31.359985,24.508099,-63.4939,46.734951
TID2013,0.606838,2.454420,-7.301937,62.4233,5.127377
TID2013,0.532163,4.652321,-3.093533,39.4498,8.422606
TID2013,0.390313,9.647795,5.478391,-2.0990,15.964320
TID2013,0.207207,22.009043,16.888790,-55.8668,28.124546
TID2013,0.040936,42.006207,31.844627,-65.6278,51.335537
TID2013,0.615616,1.500948,-10.178654,72.4865,3.536318
TID2013,0.573573,2.476028,-4.932044,60.3718,4.417322
TID2013,0.594594,4.021795,-0.295607,44.8887,5.995739
TID2013,0.476190,6.493206,4.605279,25.6675,8.537518
TID2013,0.429012,10.447571,7.768902,0.0717,12.394659
TID2013,0.617284,0.780868,-13.314880,83.7324,1.863277
TID2013,0.653968,1.229783,-9.918059,76.8883,2.571848
TID2013,0.604938,2.038840,-4.335731,66.5691,3.535321
TID2013,0.577160,3.338638,0.920318,52.7036,4.985519
TID2013,0.527778,5.621370,4.843255,32.8175,6.748549
TID2013,0.555556,3.592387,-3.595423,47.9585,5.564335
TID2013,0.492492,5.916351,1.510814,25.0403,7.754866
TID2013,0.425397,9.470690,5.499332,0.1930,12.093368
TID2013,0.363363,15.124868,9.555300,-28.9529,15.712191
TID2013,0.324074,22.953328,14.932622,-53.2615,22.833944
TID2013,0.607843,0.789608,-12.525549,82.8707,2.627232
TID2013,0.624624,1.130869,-9.946749,77.6458,3.541297
TID2013,0.587301,1.750603,-5.922019,69.2580,5.149347
TID2013,0.577160,2.784999,-1.989816,56.9680,7.703282
TID2013,0.519520,4.636229,2.371757,37.8237,12.418947
TID2013,0.669670,0.936057,-11.794581,78.0137,3.182647
TID2013,0.645062,1.506134,-7.407460,69.4695,4.225639
TID2013,0.588589,3.399877,0.498526,48.5742,6.666751
TID2013,0.466049,7.727159,6.882362,14.2094,10.578045
TID2013,0.339507,16.882022,14.009583,-36.9512,21.722109
TID2013,0.521604,3.860541,-3.146281,-1.5787,17.675674
TID2013,0.487654,5.168658,-0.160025,-13.6040,20.942993
TID2013,0.441441,8.097510,5.465707,-39.7348,21.547134
TID2013,0.393393,11.604773,8.319929,-54.1198,31.970276
TID2013,0.336508,16.770127,12.213902,-61.7156,36.310966
TID2013,0.618619,2.581767,-7.128344,59.8593,6.005446
TID2013,0.533333,5.235227,-0.769225,32.8578,8.918313
TID2013,0.503087,8.628933,4.607025,11.6996,9.268987
TID2013,0.437909,16.685817,10.133155,-29.1723,14.508561
TID2013,0.306307,24.310079,13.298789,-52.3414,30.178169
TID2013,0.549207,1.146452,-12.518826,79.6875,5.399619
TID2013,0.507937,2.516392,-6.249506,64.0474,9.687651
TID2013,0.417418,5.718553,-0.550850,38.5782,16.318552
TID2013,0.317460,11.979518,8.421857,1.0338,24.685080
TID2013,0.259259,22.598865,17.531652,-44.5884,32.953930
TID2013,0.645646,1.915161,-8.590572,66.7855,2.810431
TID2013,0.651651,3.059509,-5.006621,54.0511,4.124865
TID2013,0.518519,5.973055,0.659032,26.9369,6.911583
TID2013,0.370370,11.774586,7.506298,-13.7396,12.599504
TID2013,0.219136,25.254926,17.380693,-59.7980,19.436716
TID2013,0.645646,1.036371,-12.437301,77.8249,2.379433
TID2013,0.627628,1.867131,-9.149733,67.2292,3.345177
TID2013,0.558642,4.418525,-3.102707,41.1212,5.853691
TID2013,0.387388,12.804302,8.140224,-16.5502,11.290697
TID2013,0.252252,25.260160,17.611179,-60.4811,19.916515
TID2013,0.651234,1.617039,-10.281002,71.8252,3.465939
TID2013,0.603174,2.758063,-6.677868,58.2004,3.864398
TID2013,0.496913,5.043640,-2.472008,36.6931,6.554828
TID2013,0.323810,14.380654,9.535909,-24.6875,13.947207
TID2013,0.108024,31.721391,23.355225,-64.0152,29.660089
TID2013,0.623457,2.086344,-9.878966,58.5329,15.496475
TID2013,0.663580,5.669906,2.631505,16.5714,15.384308
TID2013,0.513513,5.850787,-2.327091,31.3472,19.088732
TID2013,0.419753,9.314318,6.826713,-12.1795,31.382698
TID2013,0.225309,16.354942,11.163416,-40.4822,29.459652
TID2013,0.453703,7.258614,4.363166,3.2757,16.823341
TID2013,0.504504,3.660972,-4.463628,45.6138,8.668283
TID2013,0.361111,16.116275,11.608183,-34.4664,32.011696
TID2013,0.305556,15.142390,9.725438,-35.8233,23.579168
TID2013,0.253087,27.977244,18.923080,-61.7586,40.196888
TID2013,0.648148,3.216679,-8.556552,42.2145,26.852379
TID2013,0.606349,4.822430,-6.056221,35.5746,21.799788
TID2013,0.588589,8.020276,2.202366,-5.2782,40.900524
TID2013,0.574074,13.730444,9.021757,-27.3596,59.787876
TID2013,0.487654,17.794156,13.704777,-51.1107,65.539711
TID2013,0.354354,12.220621,10.059764,-38.7732,53.228546
TID2013,0.376543,15.695507,11.804008,-47.3737,63.464794
TID2013,0.388889,17.054421,12.381333,-52.1702,73.374077
TID2013,0.408409,16.097021,11.901601,-55.1964,87.449722
TID2013,0.388889,15.212631,9.979688,-37.3502,82.380150
TID2013,0.678679,0.235348,-19.184439,88.2575,4.821074
TID2013,0.657658,0.433906,-18.161947,78.3923,7.968977
TID2013,0.632716,1.695379,-10.591920,49.9138,16.073465
TID2013,0.549550,2.006840,-10.813744,33.1201,23.448412
TID2013,0.507508,7.845078,1.566293,-20.0718,31.683466
TID2013,0.621621,2.058413,-9.602707,71.2243,6.308300
TID2013,0.750000,5.897569,-3.042762,42.9159,11.967354
TID2013,0.482540,6.844054,0.204983,13.9426,16.063421
TID2013,0.759760,14.235357,5.775861,-9.5193,23.406103
TID2013,0.357358,21.398296,15.040585,-59.2959,33.422157
TID2013,0.506173,1.178207,-12.768477,72.1121,16.057976
TID2013,0.474474,1.963529,-10.127977,62.0987,23.586075
TID2013,0.398148,3.475861,-6.649006,47.4830,32.178001
TID2013,0.382353,6.028592,-3.813468,29.4784,40.520313
TID2013,0.390390,9.153683,-0.570702,10.0088,51.067963
TID2013,0.627628,1.657498,-8.795724,69.5264,4.464289
TID2013,0.567901,2.628789,-4.311526,57.9222,5.810992
TID2013,0.516517,4.324759,0.278066,42.8648,7.268446
TID2013,0.441270,6.896925,5.154944,22.4994,11.274271
TID2013,0.402402,10.505222,8.503268,1.5501,14.999076
TID2013,0.669841,1.042939,-12.354598,75.9007,3.048670
TID2013,0.621621,1.807195,-8.904614,65.5523,4.400877
TID2013,0.594594,3.411229,-4.678152,49.5965,5.316464
TID2013,0.543210,7.550501,2.142726,18.2615,7.803762
TID2013,0.404321,18.572275,12.129267,-36.4211,16.796572
TID2013,0.633633,2.151338,-8.450807,64.1849,3.558721
TID2013,0.601852,3.623189,-4.129896,48.0402,5.656322
TID2013,0.489490,6.388921,1.493871,22.8562,7.945724
TID2013,0.429012,10.947489,6.419172,-6.9590,13.345126
TID2013,0.294294,19.803777,12.549082,-46.9559,17.776524
TID2013,0.618619,1.602869,-9.682520,68.9191,7.386170
TID2013,0.600601,2.584202,-6.359246,52.2550,12.595484
TID2013,0.543543,5.827726,1.139571,23.1602,16.259281
TID2013,0.405406,11.333067,8.036340,-9.5874,40.028557
TID2013,0.280864,19.313856,13.659883,-40.9628,42.669476
TID2013,0.651651,1.325800,-11.388853,76.8586,3.202963
TID2013,0.648649,2.723787,-5.741506,62.5146,5.890952
TID2013,0.660661,4.283911,-1.729399,48.8521,9.055439
TID2013,0.585586,7.594957,4.424009,23.4754,15.492911
TID2013,0.306307,19.313035,11.678351,-39.3406,31.699835
TID2013,0.657658,1.715550,-9.931077,69.6332,2.985661
TID2013,0.608024,3.170742,-5.915877,53.2688,4.514267
TID2013,0.514286,5.986785,-0.928308,27.6414,6.815998
TID2013,0.320634,12.749803,8.707059,-20.5668,14.432485
TID2013,0.064814,29.509885,21.901304,-63.8916,36.004654
TID2013,0.660661,1.900760,-9.548408,67.5443,3.908430
TID2013,0.552469,3.223954,-3.602635,53.5316,4.818573
TID2013,0.532163,5.507575,1.796273,34.2557,6.544118
TID2013,0.459877,9.140029,5.742124,10.2343,9.149674
TID2013,0.418129,14.560867,9.628534,-16.1927,11.996172
TID2013,0.675676,0.869283,-13.479652,82.4194,2.281924
TID2013,0.663663,1.425558,-9.764864,74.9302,3.759345
TID2013,0.614036,2.386769,-3.635788,64.0015,4.495753
TID2013,0.561403,4.046164,1.796937,48.3861,5.745714
TID2013,0.504504,6.713150,5.233229,28.9924,7.836498
TID2013,0.507508,4.653151,-1.263170,32.8802,7.182466
TID2013,0.462462,7.789593,3.575011,5.9800,9.532110
TID2013,0.417418,12.980219,7.120026,-23.8410,13.730051
TID2013,0.345029,21.243353,12.413026,-51.7399,19.064779
TID2013,0.301170,31.821879,19.230051,-63.6433,27.874628
TID2013,0.657658,1.046898,-11.510961,77.8759,4.133063
TID2013,0.614036,1.517100,-8.331157,71.4276,5.864441
TID2013,0.578948,2.397060,-4.557260,61.9016,9.240927
TID2013,0.522522,3.933318,-0.218370,47.7274,14.318745
TID2013,0.420420,6.295510,4.389984,27.0330,21.199228
TID2013,0.627628,1.154946,-11.357942,75.7589,3.362484
TID2013,0.645646,1.915563,-6.158279,66.3582,4.540049
TID2013,0.578948,4.472103,1.737619,44.0148,7.270325
TID2013,0.483483,10.197408,7.886537,11.4043,11.482844
TID2013,0.406432,21.153917,16.483191,-31.3852,18.459723
TID2013,0.564564,2.497534,-6.024794,51.2890,12.616463
TID2013,0.535088,5.258498,-0.673618,36.2273,15.298783
TID2013,0.495496,8.148765,4.628419,18.7790,18.693613
TID2013,0.453453,12.054659,7.354100,-0.5396,20.388741
TID2013,0.416667,18.649350,11.580035,-25.4645,24.410269
TID2013,0.521604,3.984210,-2.360235,43.8125,7.080270
TID2013,0.488304,6.292873,2.190770,21.2873,13.378023
TID2013,0.464912,12.317596,6.686549,-20.0910,15.965171
TID2013,0.354354,17.504841,10.063697,-43.9314,22.542282
TID2013,0.336420,26.655288,15.284773,-61.6483,28.328917
TID2013,0.687134,1.788584,-9.627905,83.8164,8.277445
TID2013,0.608187,4.168011,-3.250360,70.8047,14.742211
TID2013,0.502924,8.816508,5.211494,49.6979,25.315619
TID2013,0.400584,15.583586,11.152596,18.9743,39.561428
TID2013,0.308642,24.822881,18.738585,-24.4886,55.293873
TID2013,0.701754,2.298251,-7.594596,61.6365,3.741766
TID2013,0.614198,3.526645,-4.702325,47.7542,4.851079
TID2013,0.526316,6.597778,1.533258,19.1747,10.194016
TID2013,0.381381,11.745798,7.483509,-14.6789,15.647577
TID2013,0.250793,21.183611,14.397262,-50.0633,33.020096
TID2013,0.675676,1.039331,-12.958879,77.9147,2.750878
TID2013,0.654971,1.871730,-9.424622,66.6738,3.542975
TID2013,0.567251,4.854744,-2.429319,33.8936,6.634760
TID2013,0.345029,13.421562,8.392390,-31.2954,13.115026
TID2013,0.248538,26.104449,17.858887,-60.9550,19.064323
TID2013,0.600601,2.723433,-6.876049,56.8994,4.202664
TID2013,0.519520,6.041621,-0.235907,23.2335,7.379215
TID2013,0.308642,15.074466,10.449954,-33.8124,17.578928
TID2013,0.216374,23.198701,17.389568,-58.1186,35.478821
TID2013,0.090643,38.830685,28.768410,-64.8086,54.015205
TID2013,0.611111,3.211832,-5.501925,51.0860,8.212846
TID2013,0.561403,4.638607,-4.518464,41.1065,16.972794
TID2013,0.405406,8.499495,0.085270,20.5798,27.044226
TID2013,0.342106,17.550503,13.954805,-42.1710,71.995544
TID2013,0.342342,25.498219,15.389276,-48.8256,115.669952
TID2013,0.597598,5.051846,-1.557693,21.8327,13.019960
TID2013,0.507508,5.870171,0.262178,21.0960,8.074345
TID2013,0.359649,14.730804,8.637426,-31.9937,17.550182
TID2013,0.314814,25.955368,17.916771,-59.9772,38.009151
TID2013,0.444444,12.599647,9.264467,-34.8049,40.776024
TID2013,0.616959,5.217670,-2.148330,22.6663,29.700520
TID2013,0.684210,3.477481,-8.525280,46.8029,29.607574
TID2013,0.504504,6.183373,-4.348627,22.2553,46.249401
TID2013,0.497076,8.878220,2.292804,-2.8197,52.668461
TID2013,0.396397,13.675363,10.469105,-32.7615,68.900955
TID2013,0.388889,14.104727,11.463863,-43.6023,56.515217
TID2013,0.390477,17.404246,13.342566,-49.1146,65.634827
TID2013,0.406432,17.349357,12.760223,-49.0359,78.729492
TID2013,0.453217,15.405414,11.750374,-50.5815,98.275627
TID2013,0.504762,15.560554,10.462814,-42.3025,84.510406
TID2013,0.725147,0.198335,-19.652975,90.2052,4.770328
TID2013,0.699700,1.162995,-13.915414,72.5997,7.889721
TID2013,0.672514,0.953358,-16.550627,64.4196,16.311834
TID2013,0.679012,5.227503,-2.369783,22.6864,24.000950
TID2013,0.630631,2.858386,-8.184038,19.8902,33.870361
TID2013,0.695907,2.017439,-10.499688,73.7885,8.144528
TID2013,0.757310,5.759561,-3.229736,44.4794,10.431651
TID2013,0.534534,6.341524,-2.797665,24.5174,20.905005
TID2013,0.695907,14.340644,5.834971,-9.0874,21.215031
TID2013,0.447369,18.332524,12.244101,-48.6812,42.730015
TID2013,0.627628,0.886101,-14.215678,74.2425,12.760695
TID2013,0.594594,1.489425,-11.249346,63.8795,18.223743
TID2013,0.555556,2.536677,-7.271969,49.9293,24.817196
TID2013,0.498499,4.533722,-5.237394,30.5147,33.664078
TID2013,0.477478,7.872937,-1.291963,5.2853,45.086952
TID2013,0.636637,2.241937,-7.169462,62.7619,4.722908
TID2013,0.612612,3.790546,-2.327298,46.9746,6.962476
TID2013,0.588589,6.291136,3.120370,27.0251,8.976256
TID2013,0.523392,10.503797,6.539394,2.3135,11.663915
TID2013,0.447369,16.520920,10.812956,-25.0818,16.237295
TID2013,0.620370,1.682778,-10.086760,68.1869,3.564283
TID2013,0.586420,3.686707,-4.662184,47.4814,5.056297
TID2013,0.492492,8.789557,4.372804,6.4928,8.557622
TID2013,0.400584,21.497926,14.060728,-51.4468,19.393414
TID2013,0.311729,41.335036,29.680771,-64.9192,30.873049
TID2013,0.573099,3.130356,-5.598046,50.9277,4.539401
TID2013,0.549550,5.549881,-0.609713,26.8704,6.880368
TID2013,0.447369,9.239437,4.587115,-1.4944,9.694907
TID2013,0.336420,15.307182,8.725159,-30.6950,15.209521
TID2013,0.222222,26.046400,17.465700,-59.4934,39.266033
TID2013,0.583333,2.062836,-7.546980,58.5198,10.989264
TID2013,0.570176,3.078010,-4.852661,46.8461,10.437121
TID2013,0.507508,6.172249,0.857051,17.2260,14.755076
TID2013,0.388889,12.666429,8.016669,-16.1992,39.794903
TID2013,0.291291,20.658233,13.769886,-37.3962,45.073067
TID2013,0.672672,1.550331,-10.114732,72.2206,4.252757
TID2013,0.687134,3.488901,-4.329363,49.3781,9.204977
TID2013,0.543860,7.471327,1.844455,19.3572,12.776002
TID2013,0.354354,14.415286,9.109093,-26.3449,27.280476
TID2013,0.245614,25.723782,18.893129,-60.8269,50.138985
TID2013,0.651651,3.040748,-6.176902,54.0800,4.195197
TID2013,0.486487,6.051383,-0.752766,26.8291,6.892338
TID2013,0.342106,12.245164,8.026852,-17.7914,17.628065
TID2013,0.219298,23.655075,17.994610,-58.8177,34.465942
TID2013,0.045046,39.553084,29.557596,-65.0374,49.726200
TID2013,0.614987,1.264500,-11.777686,76.8440,2.730194
TID2013,0.602778,1.993557,-7.125449,67.2374,4.352397
TID2013,0.563308,3.230527,-2.548511,53.5207,5.102180
TID2013,0.532300,5.239518,3.366203,34.8920,7.155653
TID2013,0.447090,8.437820,6.367407,10.9495,8.859540
TID2013,0.589947,0.704898,-13.865345,85.8845,1.739671
TID2013,0.615177,1.081527,-10.884729,80.3116,2.343353
TID2013,0.625323,1.699383,-6.048697,72.2053,3.344968
TID2013,0.600529,2.720337,-1.895021,60.6745,4.459862
TID2013,0.518519,4.434140,2.544144,43.4374,6.147046
TID2013,0.571429,2.994546,-5.592326,55.0726,5.073385
TID2013,0.563492,4.804256,-0.459345,35.7493,6.498286
TID2013,0.462963,7.878599,4.551444,9.5153,8.650392
TID2013,0.407408,12.769548,7.982095,-20.5961,14.919620
TID2013,0.306878,19.948617,12.955019,-49.1187,19.282017
TID2013,0.636857,0.804297,-13.195364,85.4428,2.570758
TID2013,0.608333,1.099328,-11.108717,81.4342,3.710205
TID2013,0.617571,1.644634,-7.188512,74.4627,6.027974
TID2013,0.604336,2.459598,-4.082747,64.8299,9.929770
TID2013,0.547619,3.952802,0.396176,49.0910,16.892130
TID2013,0.595238,0.820636,-13.037120,81.9863,2.793708
TID2013,0.560847,1.271193,-9.764980,75.0400,3.725475
TID2013,0.612403,2.702576,-2.204242,57.3227,5.675486
TID2013,0.462963,5.994851,4.565712,27.0383,9.374187
TID2013,0.343916,13.862955,9.376306,-25.0610,15.526142
TID2013,0.505556,2.250598,-7.382946,45.9732,10.036933
TID2013,0.472868,3.321293,-3.602475,27.1581,12.663398
TID2013,0.407408,4.746395,0.281588,7.2414,13.304937
TID2013,0.382429,7.232318,5.231489,-15.9252,15.786755
TID2013,0.343916,11.280826,8.046177,-41.7777,21.946625
TID2013,0.636111,1.636212,-10.648339,72.8381,5.950921
TID2013,0.590786,2.817413,-6.142440,60.2433,9.182634
TID2013,0.515873,4.857435,-0.097892,39.5887,9.395056
TID2013,0.379403,9.828823,6.197551,2.3695,12.229453
TID2013,0.314363,21.616063,13.452150,-55.5367,21.011238
TID2013,0.534391,1.591442,-10.141225,73.6340,7.336868
TID2013,0.439153,3.476902,-4.575688,53.5448,12.755019
TID2013,0.346883,7.665787,1.750276,22.5108,22.169994
TID2013,0.286822,15.520559,10.091599,-20.3309,35.528004
TID2013,0.193122,27.484003,19.676275,-59.0671,51.712116
TID2013,0.563686,2.018120,-7.964934,66.7238,2.622230
TID2013,0.529716,3.565614,-3.189089,49.2867,3.649302
TID2013,0.354006,7.857212,4.502579,12.0769,6.823688
TID2013,0.240741,16.085106,9.681442,-34.2902,12.766744
TID2013,0.054200,32.323840,21.815575,-64.1384,24.598448
TID2013,0.609819,1.114737,-11.828299,76.1863,2.987670
TID2013,0.607236,2.106234,-8.075855,64.6989,3.453543
TID2013,0.497222,4.932618,-2.558922,37.5264,4.902568
TID2013,0.361757,13.524903,7.922696,-21.6033,9.016642
TID2013,0.129199,27.239178,18.435619,-62.4439,15.342838
TID2013,0.591731,0.969244,-13.074503,79.5006,2.206906
TID2013,0.591731,1.671476,-10.186717,70.8191,2.873470
TID2013,0.521164,3.069770,-6.068224,56.0603,3.881011
TID2013,0.483204,6.031610,-1.264489,29.4508,6.124439
TID2013,0.264550,17.515154,11.820413,-41.8623,13.607853
TID2013,0.581396,1.929204,-9.355161,67.3231,11.354385
TID2013,0.604651,3.237369,-5.386047,53.2882,12.158386
TID2013,0.568476,7.518001,6.492081,-0.3605,34.994759
TID2013,0.584656,5.395473,-2.404288,35.7304,15.085832
TID2013,0.560847,8.168777,0.611523,18.0875,16.316046
CID22,0.329467,3.567462,-5.025037,48.6088,4.797246
CID22,0.440019,3.231272,-5.929340,51.2519,5.433594
CID22,0.491262,2.830882,-6.798875,56.6639,4.747573
CID22,0.493425,2.667242,-6.707314,58.3552,4.055723
CID22,0.503882,3.128881,-6.174994,53.5136,5.298673
CID22,0.519308,3.343869,-5.622676,50.0894,5.460590
CID22,0.522156,3.384950,-5.685910,51.4233,5.166808
CID22,0.530874,2.628444,-6.954155,58.6208,5.192225
CID22,0.531676,2.918559,-6.562784,54.7871,4.530331
CID22,0.538192,3.161989,-6.229805,54.2165,4.645076
CID22,0.575617,2.158777,-8.218209,64.2149,4.117675
CID22,0.584276,2.309220,-7.744357,62.5280,3.507854
CID22,0.601076,2.723953,-6.848450,57.4826,4.677393
CID22,0.603361,2.237940,-8.114360,63.2402,3.619269
CID22,0.612419,2.541083,-7.115651,61.2235,4.062635
CID22,0.616426,2.549605,-6.981728,59.0831,3.733032
CID22,0.618440,2.605723,-6.998470,59.8635,4.171225
CID22,0.620621,2.329764,-7.891853,62.3218,4.729475
CID22,0.632358,2.171683,-8.443730,64.1324,3.794955
CID22,0.636636,1.773312,-9.590266,68.7724,3.838546
CID22,0.659436,2.344038,-7.642918,61.8814,5.090652
CID22,0.666716,2.013506,-8.999257,65.9429,3.345140
CID22,0.675077,2.187966,-8.330535,65.4069,3.507553
CID22,0.683593,1.876774,-9.268640,67.1313,4.660287
CID22,0.684999,1.824046,-9.467875,69.2051,3.415342
CID22,0.685203,1.949749,-9.635585,66.8822,3.855110
CID22,0.688787,2.003365,-8.933578,65.5593,3.524537
CID22,0.692705,1.570728,-10.460284,71.7832,3.020508
CID22,0.699462,2.097670,-8.655653,64.9135,4.405522
CID22,0.701050,2.133051,-8.537044,65.6983,3.941373
CID22,0.713092,1.602724,-10.320675,70.5958,4.422457
CID22,0.714707,1.801539,-9.674967,69.8621,3.068895
CID22,0.717807,1.713640,-10.586881,69.8996,3.047076
CID22,0.718652,1.608318,-10.184860,71.5496,3.070604
CID22,0.719352,1.647202,-10.369017,72.0963,2.823739
CID22,0.727053,1.377846,-11.057938,73.8003,2.847790
CID22,0.731922,1.705170,-9.991071,69.6171,3.691975
CID22,0.738760,1.681648,-10.042061,71.0426,3.175277
CID22,0.738810,1.599945,-10.428516,70.8873,3.043110
CID22,0.740098,1.546140,-10.590973,71.3757,2.997247
CID22,0.742513,1.564770,-11.232308,72.0608,3.283759
CID22,0.750724,1.695546,-10.146638,70.9554,2.977271
CID22,0.753050,1.438135,-10.876339,74.0749,2.765817
CID22,0.754029,1.431619,-11.114576,74.3874,2.796275
CID22,0.768568,1.151495,-12.033514,76.5852,3.355994
CID22,0.769118,1.452576,-10.934099,72.7819,3.001997
CID22,0.769394,1.462807,-11.668058,73.2112,3.001781
CID22,0.770171,1.459428,-10.912161,72.7348,4.092526
CID22,0.783831,1.334233,-11.434258,75.1543,2.535545
CID22,0.785150,1.273840,-11.709903,76.3699,2.608772
CID22,0.785828,1.292141,-11.669144,76.3306,2.425306
CID22,0.786128,1.388506,-11.207820,73.8933,2.818693
CID22,0.787730,1.216114,-11.875733,76.7082,2.391295
CID22,0.789276,1.281084,-11.520119,74.8535,3.184583
CID22,0.794030,1.431036,-11.962324,73.9860,3.007828
CID22,0.798532,1.254212,-11.617867,75.3075,2.500572
CID22,0.802234,0.872787,-13.674914,80.4308,2.405863
CID22,0.813157,1.124410,-12.207551,77.3283,2.478154
CID22,0.813296,1.044554,-12.460961,79.0196,2.157372
CID22,0.817342,1.089235,-12.656083,79.0232,2.152210
CID22,0.817625,1.279661,-12.515086,75.8657,3.082198
CID22,0.817944,1.049676,-12.520724,79.2435,1.930187
CID22,0.820397,1.028016,-12.840466,79.3159,2.254687
CID22,0.827655,1.223734,-11.855899,76.1430,2.903912
CID22,0.829612,1.108002,-12.186419,77.4794,2.306796
CID22,0.836305,1.035057,-12.716735,78.7039,2.623752
CID22,0.840075,0.725226,-14.755103,82.9596,2.120280
CID22,0.844065,1.138054,-13.203795,77.8576,2.527919
CID22,0.848202,0.928064,-13.042938,80.9709,1.949494
CID22,0.854110,0.802201,-14.142035,82.6879,1.655455
CID22,0.856416,0.920447,-13.688481,81.6657,1.795337
CID22,0.856882,0.895957,-13.963310,81.8193,1.904792
CID22,0.858218,1.002840,-12.895651,79.2239,2.408688
CID22,0.864861,1.080162,-12.365418,78.1119,2.552497
CID22,0.865306,0.926356,-13.454338,80.4217,2.549678
CID22,0.867325,1.086182,-13.518412,78.8991,2.510797
CID22,0.869258,0.466551,-17.078957,87.7091,1.894343
CID22,0.872814,0.583677,-15.731478,86.1396,1.337086
CID22,0.874085,0.733693,-14.416258,83.2246,1.685589
CID22,0.875229,0.765616,-14.598037,83.0972,1.846765
CID22,0.877767,0.976121,-14.147636,80.3179,2.517575
CID22,0.878174,0.471110,-16.961229,88.7496,1.390531
CID22,0.879344,0.758897,-14.624604,83.2743,2.329142
CID22,0.879503,0.532916,-16.625244,87.7284,1.546958
CID22,0.879768,0.958235,-13.162251,80.0789,2.473437
CID22,0.881856,0.279145,-18.524094,91.0637,1.193609
CID22,0.884868,0.343702,-17.865721,90.4363,0.883364
CID22,0.886955,0.572809,-15.953897,86.3773,1.747155
CID22,0.889513,0.846352,-15.126351,82.5242,2.247177
CID22,0.895437,0.741027,-14.694922,83.2693,1.941991
CID22,0.364475,4.429991,-4.351731,42.6810,10.633248
CID22,0.396795,4.454845,-4.273752,43.7839,10.344090
CID22,0.407125,3.834639,-5.534922,48.0280,9.313756
CID22,0.420300,3.591036,-5.908113,50.6433,9.321918
CID22,0.430843,3.770711,-5.586276,48.2045,11.535268
CID22,0.430850,3.347938,-6.050806,51.7475,6.716361
CID22,0.450771,3.419463,-6.152828,50.9845,9.044440
CID22,0.451289,3.633695,-5.689117,51.2417,9.317697
CID22,0.462913,3.984896,-5.110915,44.8341,9.277164
CID22,0.464170,3.839575,-4.794736,47.5276,7.709556
CID22,0.469791,2.882014,-6.915636,57.6693,8.011668
CID22,0.474282,3.172433,-6.573156,55.5379,8.612100
CID22,0.482645,3.213017,-6.584848,55.4649,8.818076
CID22,0.485844,3.036831,-6.333605,54.7618,5.450253
CID22,0.488780,3.383161,-6.203275,53.7998,9.529150
CID22,0.489771,2.922145,-6.771454,56.4404,9.596624
CID22,0.493847,3.395777,-6.191829,51.2395,9.152218
CID22,0.498735,2.808821,-7.033690,59.0647,7.596331
CID22,0.498784,3.161550,-6.119589,55.0137,6.716709
CID22,0.508421,2.863913,-6.942142,58.8426,8.045588
CID22,0.512242,2.600910,-7.333715,61.0914,7.012423
CID22,0.515782,2.754977,-7.066327,58.8203,8.474514
CID22,0.516097,2.319199,-8.675650,62.6122,4.841445
CID22,0.517006,2.585647,-7.133145,62.1116,6.544584
CID22,0.517974,3.083732,-6.610139,55.2330,9.300647
CID22,0.521000,2.588958,-6.970229,59.3984,4.603804
CID22,0.523334,2.577823,-7.380268,62.1356,7.587836
CID22,0.526534,2.510901,-7.783141,62.2709,7.599061
CID22,0.529207,2.615789,-6.809445,61.2565,6.832297
CID22,0.530548,2.529123,-7.540540,63.0947,7.240520
CID22,0.536218,2.371546,-7.835586,64.6657,6.125090
CID22,0.536689,2.759943,-7.042806,59.0046,8.089904
CID22,0.539628,2.399775,-8.210348,63.4717,7.589921
CID22,0.543258,2.412494,-8.041339,63.6476,7.640330
CID22,0.546430,2.354238,-8.236300,64.0127,7.523644
CID22,0.546630,2.316215,-8.537244,65.3513,7.611362
CID22,0.563517,2.423096,-7.958813,63.7083,6.529675
CID22,0.565872,1.925068,-10.521174,67.8187,3.909218
CID22,0.568717,2.231238,-8.475751,66.2115,5.964950
CID22,0.574288,2.003748,-9.004137,66.0917,3.960629
CID22,0.575329,2.479299,-7.924169,62.9464,7.048677
CID22,0.582611,2.107169,-8.712084,66.9302,5.836582
CID22,0.603075,2.214763,-8.760676,65.8162,7.334242
CID22,0.606176,1.835278,-9.734510,68.6462,3.819674
CID22,0.615884,2.225900,-8.805956,65.9384,7.362746
CID22,0.622349,1.963421,-9.810026,69.6966,7.290482
CID22,0.627764,2.217248,-8.931603,66.3562,7.276967
CID22,0.631734,1.734562,-11.391273,70.5187,4.558261
CID22,0.632216,2.055600,-9.462096,68.0414,6.708591
CID22,0.635862,1.813873,-9.967422,70.0968,5.707203
CID22,0.648822,1.808431,-9.980767,70.5383,6.003057
CID22,0.651648,1.609924,-10.726232,71.5812,2.921230
CID22,0.670754,2.081040,-9.386599,67.6310,7.854434
CID22,0.678001,2.071667,-9.511680,68.4784,7.189851
CID22,0.679661,1.538594,-12.344814,73.1289,3.325248
CID22,0.695155,1.590080,-11.605928,73.4743,5.500615
CID22,0.697247,1.605129,-11.010216,72.6863,4.805647
CID22,0.697762,1.345744,-11.912328,74.6475,2.744259
CID22,0.698215,1.912441,-10.040905,70.2076,6.947400
CID22,0.705587,1.882099,-10.148257,71.1199,7.042462
CID22,0.711580,1.545926,-11.399809,74.1054,5.751974
CID22,0.719352,2.014148,-9.639221,68.4906,7.630059
CID22,0.733479,1.944853,-9.924417,70.1238,7.537856
CID22,0.733482,1.474030,-12.700910,73.8648,3.421229
CID22,0.752262,1.138516,-12.999937,77.9376,2.529436
CID22,0.772817,1.445637,-12.305607,75.7303,5.413394
CID22,0.772931,1.765692,-10.884306,72.0296,6.356333
CID22,0.781831,1.930396,-10.076529,69.3863,7.034099
CID22,0.787079,1.399285,-12.911822,74.8111,2.952851
CID22,0.794923,1.881522,-10.267610,71.0963,6.794734
CID22,0.796498,1.791624,-10.566930,72.0812,6.930773
CID22,0.797742,1.383529,-12.269307,75.1361,4.768894
CID22,0.800122,1.423274,-12.034912,76.0237,5.504228
CID22,0.809877,0.880437,-14.340507,81.9430,1.965807
CID22,0.822803,1.249345,-13.544562,76.8905,2.980504
CID22,0.833401,1.716121,-11.023192,72.8875,6.922022
CID22,0.835314,1.815873,-10.697258,70.8346,7.571954
CID22,0.835782,0.515259,-16.843489,85.9467,2.267998
CID22,0.839081,1.655550,-11.294817,73.9781,7.036331
CID22,0.839709,1.156631,-13.444296,79.3779,5.409343
CID22,0.839734,0.650594,-15.988754,85.7816,1.876749
CID22,0.840389,1.587414,-11.744424,74.0742,6.543496
CID22,0.842036,1.131956,-14.054976,78.5776,3.063771
CID22,0.849942,1.607675,-11.620126,74.5599,6.924263
CID22,0.853427,1.076172,-14.312676,79.4235,2.628905
CID22,0.855037,0.328601,-18.433300,89.6990,1.435344
CID22,0.859731,1.565897,-11.804468,75.2571,6.819384
CID22,0.864244,0.382111,-18.137739,90.0399,1.136710
CID22,0.866728,0.962678,-14.850115,80.8421,2.602078
CID22,0.888468,0.864602,-15.558125,82.5636,2.366172
CID22,0.428717,3.301698,-5.261072,49.0309,6.290411
CID22,0.462179,2.533526,-7.149733,56.4662,6.654121
CID22,0.490933,2.719451,-6.645175,56.9077,5.349709
CID22,0.521864,2.496425,-6.709709,57.8818,5.985908
CID22,0.522338,2.972102,-6.277650,52.9448,6.430519
CID22,0.523216,2.912561,-6.385544,53.4830,7.309893
CID22,0.530807,2.490225,-7.103946,60.2459,5.202723
CID22,0.533235,2.143766,-8.191552,62.2894,4.976749
CID22,0.566478,2.313489,-7.829286,59.4460,5.550559
CID22,0.566725,2.199600,-8.035412,62.2496,4.837184
CID22,0.569649,2.712849,-6.882937,56.5653,6.214835
CID22,0.597309,2.482608,-7.213350,59.4788,5.183636
CID22,0.608283,2.485297,-7.192264,59.0879,5.011077
CID22,0.625125,2.035043,-8.414170,63.7216,5.413819
CID22,0.627067,2.022038,-8.821023,66.1679,5.118382
CID22,0.637010,1.795240,-9.563508,66.4432,4.342982
CID22,0.639279,2.052971,-8.652782,63.4972,4.116451
CID22,0.644732,1.937731,-9.137959,66.0827,4.480805
CID22,0.651507,2.141864,-8.409054,62.7676,4.882680
CID22,0.655638,2.215015,-8.335700,62.5812,5.066405
CID22,0.657843,2.238916,-8.206709,62.6600,5.515722
CID22,0.669749,1.761916,-9.897105,68.9566,4.828696
CID22,0.679430,1.540257,-10.667556,70.7061,4.315625
CID22,0.683115,1.738326,-9.539980,67.5002,5.025352
CID22,0.690916,1.910902,-9.365444,66.4546,4.044480
CID22,0.698916,1.606652,-10.481211,69.5805,3.684304
CID22,0.701428,1.714315,-10.034122,69.1918,4.120225
CID22,0.701674,1.926467,-9.534394,66.4883,4.664854
CID22,0.708292,1.790872,-9.964375,68.3446,4.728058
CID22,0.712081,1.420522,-11.162065,72.2015,6.003257
CID22,0.716071,1.485650,-10.935433,72.7251,3.921294
CID22,0.722784,1.626973,-10.650863,70.0749,3.677995
CID22,0.729379,1.555053,-10.837839,70.9515,3.520425
CID22,0.729998,1.549988,-10.315633,70.2456,4.890378
CID22,0.732701,1.352747,-11.394948,73.2283,2.950145
CID22,0.733848,1.650548,-10.308858,69.8013,3.952686
CID22,0.735703,1.369572,-11.341035,72.4055,3.345650
CID22,0.742387,1.411201,-11.404548,72.4617,3.063535
CID22,0.747282,1.267763,-11.788558,74.6595,3.002861
CID22,0.751646,1.322742,-11.554453,74.7735,3.318680
CID22,0.751790,1.373792,-11.514276,74.1351,3.538122
CID22,0.772319,1.306849,-11.699579,74.4344,3.170996
CID22,0.785626,1.234966,-12.081992,75.3362,3.013646
CID22,0.800066,1.206791,-12.139351,76.7360,2.709828
CID22,0.800904,1.385941,-10.983206,72.7900,4.954867
CID22,0.801135,1.115956,-12.767636,77.1075,2.625015
CID22,0.802929,1.204881,-12.510831,75.6392,2.970328
CID22,0.807118,1.177929,-12.286800,76.6258,2.819247
CID22,0.810787,1.175735,-12.256230,76.9895,3.287073
CID22,0.811516,1.153796,-12.444461,76.6597,2.929923
CID22,0.821828,1.172757,-11.983284,75.5951,4.541673
CID22,0.822083,1.042401,-13.047492,77.7879,2.865705
CID22,0.824698,1.058141,-12.839646,78.3742,2.659058
CID22,0.830947,0.917256,-13.812028,80.5853,2.208865
CID22,0.834652,1.035456,-12.897622,78.6364,3.000223
CID22,0.837700,1.014428,-13.140865,79.1357,2.440358
CID22,0.848478,1.018570,-12.953526,80.0678,2.674240
CID22,0.848938,0.931980,-13.415565,79.3318,3.897648
CID22,0.849290,0.943539,-13.366952,80.1563,2.244021
CID22,0.849958,0.945017,-13.537192,79.8014,2.328390
CID22,0.850934,1.007011,-13.449639,78.9850,2.556999
CID22,0.858809,0.951664,-13.410984,79.7380,2.547059
CID22,0.862881,0.820329,-14.551661,82.6510,2.227474
CID22,0.864208,0.930106,-13.593319,80.3309,2.250415
CID22,0.873934,0.792336,-14.163458,81.9609,3.834911
CID22,0.880934,0.756434,-14.688681,83.0703,1.928344
CID22,0.881339,0.874987,-13.657157,81.9612,2.322442
CID22,0.883267,0.842968,-14.247314,81.4384,2.574306
CID22,0.885324,0.729891,-14.945724,83.2525,1.886948
CID22,0.890132,0.850263,-14.502629,81.6880,2.282133
CID22,0.892817,0.495230,-16.530674,86.4533,2.279575
CID22,0.893099,0.498874,-17.036171,87.7659,1.278124
CID22,0.893129,0.713435,-15.131218,84.1972,2.034450
CID22,0.894342,0.695104,-15.217688,83.9713,1.811412
CID22,0.895313,0.734302,-14.426950,83.8482,2.012871
CID22,0.895383,0.556390,-16.274927,86.6896,1.483304
CID22,0.895753,0.529299,-16.522285,86.8056,1.429938
CID22,0.898714,0.547681,-16.354404,86.6635,1.454366
CID22,0.898810,0.328934,-18.176302,90.4678,1.551687
CID22,0.899412,0.491917,-17.042068,87.2679,1.224811
CID22,0.901819,0.318178,-18.223467,90.7363,1.068575
CID22,0.358233,2.974669,-6.256647,54.2080,6.758830
CID22,0.402841,2.347254,-7.440319,60.3822,5.288134
CID22,0.473535,2.251859,-7.848822,62.0749,5.516178
CID22,0.503034,2.811534,-6.668461,56.7830,6.857090
CID22,0.503394,2.803550,-6.573735,57.0067,6.936321
CID22,0.511314,2.744053,-6.695016,55.0204,6.594606
CID22,0.528370,2.824322,-6.670762,57.4371,6.896155
CID22,0.533747,2.103652,-8.534006,63.3446,4.894573
CID22,0.559665,2.088359,-8.706820,63.5833,6.335409
CID22,0.561488,2.701919,-6.720417,56.1074,7.374485
CID22,0.565650,1.845861,-9.494388,67.8209,6.439292
CID22,0.582264,2.312500,-7.757355,60.9905,6.347541
CID22,0.586590,2.304625,-8.052010,62.7783,6.164212
CID22,0.588045,2.139950,-8.380442,64.5869,6.230364
CID22,0.600267,2.293727,-7.756382,61.9838,6.706802
CID22,0.607550,1.743744,-10.162501,68.9517,5.841615
CID22,0.610580,1.858474,-9.409389,66.5702,3.918034
CID22,0.612825,2.208445,-8.448297,64.0743,5.755968
CID22,0.626591,2.005830,-8.874863,64.7988,6.623863
CID22,0.628148,1.632202,-10.464692,70.8469,5.956365
CID22,0.638847,2.019593,-8.914730,64.8635,5.715718
CID22,0.640317,1.933405,-9.118567,66.7898,6.066967
CID22,0.646659,1.551281,-10.687746,71.0099,4.509189
CID22,0.648146,2.058827,-8.980103,65.3412,5.260589
CID22,0.665545,1.353006,-11.650894,75.0093,3.304506
CID22,0.678623,1.833396,-9.740320,68.1192,5.771954
CID22,0.679843,1.840287,-9.592067,67.9623,5.037889
CID22,0.682607,1.460796,-11.265392,73.5498,5.214894
CID22,0.688686,1.814304,-9.867877,69.2841,4.238644
CID22,0.690461,1.361198,-11.753204,74.1585,4.215142
CID22,0.691157,1.663399,-10.423962,71.6010,5.621058
CID22,0.700663,1.777385,-9.998901,69.0518,4.478939
CID22,0.712709,1.197477,-12.368757,76.6403,3.541181
CID22,0.718281,1.515373,-11.127183,72.5655,5.657749
CID22,0.724062,1.526913,-10.856263,72.0263,4.192308
CID22,0.726141,1.333475,-11.726123,75.2300,5.623524
CID22,0.727284,1.286539,-12.084507,75.1545,3.954852
CID22,0.731821,1.441312,-11.116425,74.2795,5.608124
CID22,0.733154,1.462655,-11.372549,73.2919,3.640270
CID22,0.738368,1.644194,-10.399686,70.8382,4.444922
CID22,0.753350,1.279961,-11.929227,75.6016,5.072522
CID22,0.754838,1.078070,-12.810668,78.7782,3.489363
CID22,0.758445,1.259405,-12.248616,76.1979,3.995637
CID22,0.760854,1.300792,-11.920572,74.9312,5.126209
CID22,0.761566,1.121685,-12.918536,78.3620,4.760310
CID22,0.767357,1.240853,-12.513571,76.9489,3.559911
CID22,0.772349,1.279501,-12.312485,76.7582,4.418478
CID22,0.772374,1.330100,-11.530277,75.5918,4.895617
CID22,0.780544,1.145310,-12.814705,77.8203,4.129221
CID22,0.781636,1.209332,-12.470890,77.2416,4.589651
CID22,0.783224,0.928262,-13.672848,80.6063,2.348342
CID22,0.784247,1.182091,-12.681199,77.3691,3.975289
CID22,0.786608,0.853689,-14.251540,82.3837,3.490256
CID22,0.796105,0.973084,-13.752873,80.3672,3.426306
CID22,0.801915,1.158156,-12.273574,78.8371,3.374486
CID22,0.802413,1.103475,-13.148347,79.1316,3.819605
CID22,0.803669,1.028090,-13.354302,79.7419,3.916150
CID22,0.806354,1.083952,-12.997378,79.2781,4.141914
CID22,0.807988,1.078267,-13.006314,79.0354,4.153473
CID22,0.813701,0.830608,-14.430837,82.0216,2.488712
CID22,0.822258,0.747279,-14.938005,83.7517,2.947402
CID22,0.826466,0.886818,-14.112301,81.9224,3.693693
CID22,0.827524,0.973450,-13.629664,80.8060,4.459172
CID22,0.832054,0.976934,-13.529043,80.4359,4.064670
CID22,0.833160,0.969270,-13.775216,81.2888,3.290366
CID22,0.834248,0.974346,-13.605017,80.6725,4.025253
CID22,0.840347,1.045800,-12.674916,79.8644,3.058283
CID22,0.845854,0.653259,-15.582485,85.4383,1.656172
CID22,0.854483,0.878696,-14.152067,82.4178,4.801595
CID22,0.862750,0.829927,-14.362203,83.0571,3.672947
CID22,0.863815,0.393705,-17.733868,89.1869,1.741216
CID22,0.864025,0.821757,-14.282207,83.0523,4.042881
CID22,0.864244,0.596467,-16.077257,85.9681,3.470886
CID22,0.864699,0.490564,-16.946102,88.2013,1.283413
CID22,0.864851,0.885410,-13.481071,81.8586,2.884747
CID22,0.865123,0.677573,-15.609348,85.4906,3.198623
CID22,0.865505,0.757790,-15.021356,84.5569,4.428872
CID22,0.866321,0.686157,-15.359547,85.3856,3.777974
CID22,0.866913,0.666477,-15.447376,85.4220,3.671984
CID22,0.867111,0.277990,-18.787659,91.4874,1.247258
CID22,0.868423,0.312684,-18.466974,91.4153,1.002803
CID22,0.375669,2.943099,-6.156098,51.7194,5.279634
CID22,0.476299,2.558402,-7.137083,57.6163,4.450318
CID22,0.485029,2.375566,-7.567905,58.0402,6.066883
CID22,0.493059,2.209463,-7.877046,60.2485,4.482320
CID22,0.506640,2.701985,-6.885560,56.1039,5.558110
CID22,0.515155,2.812977,-6.496183,54.6430,6.530755
CID22,0.537460,2.151067,-8.542161,60.8111,4.415312
CID22,0.541213,2.031817,-9.111897,63.4881,3.935963
CID22,0.542553,2.093903,-8.608547,63.3202,5.424435
CID22,0.543395,2.585911,-7.069502,58.7132,7.430719
CID22,0.546466,1.807579,-9.432201,65.6022,4.126862
CID22,0.554024,1.953100,-9.034791,63.6973,4.931621
CID22,0.559753,2.223324,-7.944260,61.7269,5.157773
CID22,0.562985,2.198754,-8.196091,62.0445,4.151150
CID22,0.582428,1.912639,-9.283020,63.8340,3.703464
CID22,0.599117,1.835639,-10.810078,67.7333,5.763719
CID22,0.599621,1.837480,-9.992350,66.4745,3.725631
CID22,0.604210,1.520259,-10.498766,69.2881,4.146664
CID22,0.604675,2.022392,-8.999039,64.7052,5.741608
CID22,0.607854,1.870988,-9.709849,66.5118,4.873633
CID22,0.616037,1.891401,-9.449836,65.8940,3.846501
CID22,0.618298,2.091830,-8.916861,64.3872,5.142572
CID22,0.619221,1.671579,-10.191553,67.6173,4.575984
CID22,0.625254,1.389101,-11.565314,71.2842,3.422966
CID22,0.649279,1.578225,-12.202058,71.6185,5.143718
CID22,0.651843,1.721283,-9.932602,68.0452,4.037072
CID22,0.659043,1.334248,-11.290927,71.9003,4.265042
CID22,0.660318,1.677092,-10.537994,69.3777,3.602305
CID22,0.661098,1.431094,-11.302919,71.5222,3.356734
CID22,0.662270,1.474215,-11.160763,70.4431,3.974732
CID22,0.666696,1.415762,-11.820385,72.8776,4.019353
CID22,0.678243,1.284948,-12.173413,73.1349,2.915580
CID22,0.687330,1.686054,-10.831623,69.8447,4.384887
CID22,0.696461,1.465392,-11.281837,72.1285,4.254630
CID22,0.698046,1.423361,-12.711641,74.1085,4.981614
CID22,0.700219,1.339576,-11.731907,72.5286,3.731420
CID22,0.705212,1.588513,-10.885759,70.6990,3.757025
CID22,0.716875,1.298254,-11.742316,73.8208,2.666479
CID22,0.718377,1.213194,-11.902115,73.5935,3.336508
CID22,0.720794,1.147879,-12.754903,75.2806,2.635242
CID22,0.722456,1.197395,-12.723207,75.8370,3.775948
CID22,0.729389,1.257592,-13.414689,76.3276,3.715861
CID22,0.732214,1.292450,-11.951336,74.0446,3.737453
CID22,0.732972,1.251234,-12.153090,74.3631,3.247577
CID22,0.733418,1.360875,-12.083518,74.3258,3.415900
CID22,0.742718,1.276064,-12.474973,74.6271,2.618037
CID22,0.746668,1.008169,-12.728894,76.0853,3.045973
CID22,0.750145,0.972160,-13.722382,78.1185,2.785639
CID22,0.754171,1.218541,-12.482329,74.5326,3.617514
CID22,0.754420,1.255637,-13.464261,76.7408,3.976222
CID22,0.757612,1.095947,-12.885293,76.1149,2.259714
CID22,0.758712,1.083939,-13.177555,77.4250,3.552687
CID22,0.760420,1.122540,-12.844406,76.5930,2.949048
CID22,0.767819,1.090447,-13.345614,78.3305,3.103727
CID22,0.774549,1.092026,-13.008101,76.6204,2.882529
CID22,0.776289,1.168773,-13.705710,77.7211,3.562844
CID22,0.780780,0.818781,-13.932695,79.0852,2.777079
CID22,0.781126,1.016871,-13.307876,77.6640,2.416358
CID22,0.781615,0.893922,-13.881888,80.0309,2.064220
CID22,0.783360,0.997442,-13.301071,77.9919,2.999014
CID22,0.789036,0.951182,-13.523062,77.6240,2.161667
CID22,0.793568,0.981562,-13.658177,79.0943,2.815149
CID22,0.793874,0.864638,-14.267177,81.0878,2.349553
CID22,0.794873,0.966489,-13.531606,78.4320,2.541596
CID22,0.797892,1.063154,-14.204989,79.5747,2.728746
CID22,0.807643,0.703224,-14.920666,81.5029,2.302591
CID22,0.809687,0.912675,-13.933855,79.4213,2.385816
CID22,0.813517,0.707352,-15.416021,82.8904,1.722797
CID22,0.816908,0.869300,-14.180063,79.4307,1.884614
CID22,0.818780,0.916916,-13.853973,79.1380,2.938578
CID22,0.820598,0.985986,-14.614189,80.7652,2.800287
CID22,0.826219,0.784413,-15.055411,82.2564,1.815906
CID22,0.829977,0.850904,-13.914249,78.7728,2.005721
CID22,0.836067,0.875244,-14.092443,80.2280,2.639550
CID22,0.847317,0.824397,-14.576495,80.5561,2.518392
CID22,0.848081,0.398610,-17.643753,88.2257,1.957455
CID22,0.848228,0.739642,-15.088881,82.0678,1.963554
CID22,0.848743,0.530047,-16.883303,85.9047,1.323284
CID22,0.849172,0.939053,-14.997417,81.5185,3.014298
CID22,0.856383,0.590468,-16.124413,83.9311,1.493597
CID22,0.858131,0.698265,-14.966875,82.0937,1.919878
CID22,0.859254,0.504143,-16.997440,86.3262,1.331502
CID22,0.860913,0.708911,-15.376454,82.2306,1.978435
CID22,0.861316,0.842112,-15.540045,82.6376,3.181014
CID22,0.861916,0.701562,-15.308051,82.7603,1.747255
CID22,0.864622,0.592863,-16.111498,84.3282,2.075107
CID22,0.868807,0.270603,-18.791340,90.8336,1.601702
CID22,0.880803,0.737321,-16.223375,84.5936,2.154812
CID22,0.882264,0.567205,-16.269291,84.8719,1.313602
CID22,0.382275,3.202174,-5.808547,50.7256,6.842644
CID22,0.495274,2.708800,-6.706010,52.9618,5.350431
CID22,0.508451,2.862470,-6.515508,56.4900,6.514829
CID22,0.516693,2.391640,-7.291918,60.3094,6.144384
CID22,0.525898,2.983040,-6.354720,54.7748,6.197130
CID22,0.534430,2.350274,-7.643270,61.1618,5.199460
CID22,0.535812,3.173771,-5.870155,51.8755,5.693210
CID22,0.544143,2.853012,-6.732084,58.9607,6.667423
CID22,0.566566,2.469135,-7.065093,55.9602,4.627700
CID22,0.582305,1.971961,-8.958916,65.4323,6.004541
CID22,0.583360,2.147588,-8.742928,63.6214,5.091162
CID22,0.585245,2.480223,-7.092909,59.5912,5.742760
CID22,0.590778,2.407154,-7.372019,61.0911,4.401229
CID22,0.594623,2.541235,-7.005264,58.6200,5.180615
CID22,0.603631,2.283180,-7.752744,62.9337,4.730302
CID22,0.615478,2.150821,-8.218979,64.4650,5.465788
CID22,0.616575,1.945523,-9.199266,66.4249,4.740982
CID22,0.622044,2.115954,-8.101429,60.4010,3.699408
CID22,0.640966,2.196296,-8.140073,62.8506,4.550349
CID22,0.647177,2.145658,-8.336739,64.6219,4.917159
CID22,0.655636,1.670403,-10.162357,69.3113,5.242657
CID22,0.656324,1.767427,-10.474168,68.0854,4.103991
CID22,0.660613,2.204878,-8.125295,63.0538,5.392856
CID22,0.667902,1.641970,-10.021293,68.6355,3.267657
CID22,0.670956,1.742646,-10.077197,69.4494,4.185262
CID22,0.671409,1.943921,-9.175428,67.3378,5.013028
CID22,0.682852,1.806468,-9.712158,68.9429,4.222436
CID22,0.685887,1.962471,-9.218023,66.1722,4.197064
CID22,0.689908,1.831716,-9.852371,68.6220,4.242500
CID22,0.694013,1.541821,-10.992494,71.8461,4.058775
CID22,0.698562,1.583728,-11.375102,71.1223,4.004984
CID22,0.706414,1.472945,-10.862223,70.6310,3.172947
CID22,0.706677,1.482832,-10.851802,71.9407,4.812874
CID22,0.711890,1.520344,-10.776232,72.4404,3.069644
CID22,0.715400,1.917547,-9.270146,67.1752,4.547647
CID22,0.717777,1.439492,-11.453590,73.4551,4.302433
CID22,0.718123,1.571551,-10.910107,71.2053,3.590577
CID22,0.722282,1.490402,-11.257073,73.2828,3.807988
CID22,0.722662,1.694555,-10.252600,69.9953,3.879444
CID22,0.724029,1.397380,-12.171862,73.7321,3.510453
CID22,0.735344,1.379182,-11.842409,74.6380,3.648544
CID22,0.735862,1.307469,-11.646639,73.3194,2.764041
CID22,0.749190,1.418816,-11.748029,74.5423,3.925528
CID22,0.754691,1.278039,-11.654777,74.8545,2.900472
CID22,0.766752,1.331830,-12.443398,74.4229,3.416491
CID22,0.777298,1.220857,-12.519907,77.3043,3.198076
CID22,0.777594,1.345285,-11.706157,74.2334,4.867769
CID22,0.783150,1.564102,-10.875159,71.7684,4.188043
CID22,0.791035,1.257582,-12.440968,76.8097,3.154672
CID22,0.793743,1.271863,-12.324289,76.4231,3.618314
CID22,0.795459,1.263034,-12.483035,76.9901,4.084726
CID22,0.796075,1.106331,-12.650782,76.4055,2.657117
CID22,0.801489,1.278132,-12.750523,75.2848,3.516299
CID22,0.801683,1.115869,-12.666296,77.0842,3.809362
CID22,0.801743,1.125967,-12.439307,77.2527,2.874769
CID22,0.816784,0.978689,-13.735816,81.0035,3.016978
CID22,0.827844,1.116958,-13.046974,78.7883,3.896790
CID22,0.829807,1.086235,-13.126562,79.0395,3.489047
CID22,0.832565,1.086808,-13.149501,79.5907,3.247352
CID22,0.834046,1.143819,-13.216893,77.2959,3.188572
CID22,0.841748,0.868092,-13.906446,80.9127,3.056916
CID22,0.842388,0.966656,-13.379339,80.1044,2.805755
CID22,0.844515,0.967839,-13.254895,79.2672,2.291488
CID22,0.855956,1.228289,-12.607523,77.1820,4.364338
CID22,0.862680,0.914094,-14.136270,82.8598,2.906363
CID22,0.864542,1.053080,-13.592574,78.5633,2.841462
CID22,0.866110,0.998503,-13.613368,80.8390,3.339002
CID22,0.867578,1.059158,-13.426361,80.1092,3.449399
CID22,0.877122,0.737504,-14.936421,83.0624,2.905726
CID22,0.883581,0.888603,-13.854939,81.4824,2.506390
CID22,0.884746,0.749311,-14.880212,82.7292,1.747819
CID22,0.885740,0.931391,-14.067011,82.4194,3.680052
CID22,0.888729,0.960605,-14.192390,80.2182,2.541848
CID22,0.891133,0.964239,-13.931409,81.8961,3.811237
CID22,0.891410,0.821039,-14.649416,84.0667,3.423643
CID22,0.894306,0.470086,-16.984800,87.0050,1.814955
CID22,0.894372,0.618287,-16.103336,87.7276,2.613352
CID22,0.894600,0.527714,-16.627462,86.7728,1.407390
CID22,0.894678,0.867416,-14.810782,81.3087,2.482488
CID22,0.894741,0.990372,-13.641014,80.7332,3.209059
CID22,0.894809,0.778077,-14.523255,83.3167,2.622464
CID22,0.895123,0.669831,-15.692429,86.6980,3.501663
CID22,0.895280,0.832514,-14.567787,84.1030,3.479749
CID22,0.895295,0.609730,-16.198219,87.9928,2.873461
CID22,0.895659,0.323304,-18.257793,91.1405,0.833522
CID22,0.895766,0.320584,-18.284281,90.3964,1.356615
CID22,0.896378,0.762502,-15.606102,83.3765,2.217661
CID22,0.413836,3.865037,-3.905607,40.1072,6.163935
CID22,0.552494,3.029804,-6.154765,48.5407,5.334295
CID22,0.555389,2.832122,-5.935099,49.6337,5.113464
CID22,0.597947,2.331644,-7.364356,57.7351,4.916304
CID22,0.605695,3.200578,-5.356320,47.9097,6.932771
CID22,0.623736,2.786065,-6.855923,53.8937,4.447739
CID22,0.635721,3.071000,-5.966106,49.3838,6.182804
CID22,0.643431,2.620774,-7.011409,53.7775,4.816446
CID22,0.645265,3.019295,-6.045013,51.4277,4.278941
CID22,0.648833,2.316806,-6.944009,57.0716,4.694901
CID22,0.667823,2.584687,-6.707090,54.9982,5.944258
CID22,0.669575,3.079864,-5.714281,48.1269,5.107191
CID22,0.682385,2.652441,-6.973801,55.5359,5.283866
CID22,0.684191,1.949384,-8.271070,61.4815,4.870580
CID22,0.687199,2.277224,-7.913936,58.1150,3.873215
CID22,0.688165,2.257172,-7.984750,59.3984,3.657640
CID22,0.691462,2.415078,-7.176877,58.1740,3.734532
CID22,0.700658,1.920972,-8.891347,63.6680,3.991422
CID22,0.705450,2.243104,-7.338361,60.2632,6.483088
CID22,0.713122,2.348942,-7.487556,58.8740,4.767402
CID22,0.715993,2.553382,-6.831998,56.5849,5.258870
CID22,0.717779,1.744269,-9.046148,64.1183,3.886236
CID22,0.721091,1.847286,-9.129120,64.4619,3.403119
CID22,0.726139,2.011739,-8.639107,61.6499,3.531216
CID22,0.727535,2.150622,-7.959291,60.7359,3.721684
CID22,0.738003,1.672248,-9.858227,67.0280,3.644847
CID22,0.738803,1.910107,-8.460750,64.1747,5.669028
CID22,0.747158,2.066604,-8.545130,62.5264,4.071620
CID22,0.765014,1.653926,-9.760599,66.2166,3.351538
CID22,0.768002,1.763534,-9.398527,66.6079,2.973278
CID22,0.768454,1.975286,-8.429677,62.6745,4.081805
CID22,0.770563,1.673407,-9.660245,66.1751,3.664360
CID22,0.770842,1.516476,-9.810471,66.9496,3.932537
CID22,0.775516,1.705729,-9.577233,68.1721,5.774093
CID22,0.778675,1.624069,-9.996432,67.2572,3.747743
CID22,0.780382,1.448655,-10.704152,70.1253,3.360253
CID22,0.790894,1.512333,-10.151477,67.6383,3.641074
CID22,0.791027,1.256633,-10.880810,70.8542,3.548145
CID22,0.791895,1.461386,-10.446571,69.3614,2.854062
CID22,0.793686,1.658382,-9.825500,68.0957,3.154277
CID22,0.799166,1.360846,-11.102000,71.5127,3.540161
CID22,0.799219,1.363022,-10.845938,72.1976,4.330951
CID22,0.799598,1.592529,-10.034937,68.9540,3.335338
CID22,0.800284,1.372275,-10.924917,70.4119,3.159645
CID22,0.810925,1.380953,-10.701159,69.1693,3.611202
CID22,0.814434,0.999107,-11.971828,75.7587,2.949227
CID22,0.816483,1.230739,-11.437085,73.9258,2.345092
CID22,0.817574,1.316625,-11.249877,72.4918,3.887464
CID22,0.818603,1.255940,-11.174776,72.2716,3.201897
CID22,0.820371,1.174868,-11.643367,74.1722,2.835955
CID22,0.820373,1.205923,-11.429931,74.7549,3.463326
CID22,0.824436,1.227866,-11.374660,73.8566,2.802223
CID22,0.832364,1.098506,-11.764714,73.8437,3.090951
CID22,0.835756,1.140601,-11.870272,74.8514,3.560611
CID22,0.836837,0.816235,-12.801764,78.7870,2.388488
CID22,0.838645,1.052486,-12.038165,75.5703,2.464914
CID22,0.838772,1.127950,-12.059655,75.1805,2.253213
CID22,0.838795,1.058806,-12.199516,76.9428,2.173464
CID22,0.838849,1.071684,-12.013642,76.9672,3.440965
CID22,0.848778,0.978549,-12.439846,78.5770,2.094794
CID22,0.853274,1.001748,-12.483894,77.1850,3.330105
CID22,0.856966,0.972289,-12.535584,78.8051,3.035038
CID22,0.857540,1.008154,-12.184301,75.6402,3.080971
CID22,0.859240,0.526776,-15.922516,84.2004,1.965326
CID22,0.859581,0.944425,-12.633619,78.4998,2.195297
CID22,0.862849,0.888815,-13.379130,79.4804,1.778898
CID22,0.866364,0.871955,-13.402012,79.0416,1.751238
CID22,0.868397,0.903673,-13.151968,78.9696,2.938518
CID22,0.870370,0.862554,-13.734588,80.2839,1.676821
CID22,0.871499,0.724712,-14.190018,82.2415,1.856784
CID22,0.872131,0.748410,-13.889835,82.0025,2.350712
CID22,0.873575,0.629115,-15.091222,82.4138,1.515173
CID22,0.873609,0.721938,-13.978030,79.7897,2.105787
CID22,0.874270,0.520409,-16.185101,85.2241,1.443759
CID22,0.874808,0.805072,-13.840718,80.6579,2.269861
CID22,0.876706,0.320235,-17.850178,88.1144,1.977554
CID22,0.880845,0.499805,-16.429808,86.5496,1.274038
CID22,0.882416,0.535046,-15.612381,85.2833,1.430374
CID22,0.882929,0.541098,-15.521533,85.5170,2.362473
CID22,0.883431,0.652609,-14.883190,83.0911,1.667558
CID22,0.883908,0.367375,-17.332489,88.0685,0.829009
CID22,0.388693,3.735827,-4.523341,45.5224,6.133265
CID22,0.433356,2.912484,-6.416519,54.0400,5.218603
CID22,0.509300,2.899647,-6.487939,54.7522,4.605799
CID22,0.511221,2.864388,-6.195546,55.0897,5.364870
CID22,0.521225,3.014873,-6.214223,52.7530,4.869740
CID22,0.549502,2.575364,-6.829397,57.3942,4.689990
CID22,0.567385,3.024596,-6.280946,52.5490,5.470037
CID22,0.584287,3.260930,-5.703403,48.9472,6.989989
CID22,0.595527,2.550155,-6.872176,56.5336,5.062595
CID22,0.605003,2.443708,-7.302503,60.3118,3.858122
CID22,0.608291,2.344052,-7.369717,60.9755,5.048160
CID22,0.611103,2.360741,-7.510045,60.9180,4.095863
CID22,0.613983,2.260570,-7.980560,60.4006,3.921662
CID22,0.618720,2.577112,-6.945229,56.6050,5.531377
CID22,0.626880,2.716038,-6.574397,55.2758,5.779398
CID22,0.630664,2.112115,-8.300342,62.5132,4.037090
CID22,0.633088,2.406075,-7.456642,59.9686,5.608662
CID22,0.637916,2.195335,-8.260226,62.9687,3.976319
CID22,0.638580,1.978885,-8.860551,65.1315,4.579992
CID22,0.646998,1.922082,-9.144515,64.8243,3.959762
CID22,0.658536,2.319717,-7.793708,59.9066,5.616940
CID22,0.660928,2.106438,-8.461000,64.5483,3.994329
CID22,0.663785,1.710207,-9.889629,67.8649,3.134260
CID22,0.666533,2.366908,-7.336890,59.5282,5.520581
CID22,0.683389,2.278487,-7.864488,60.7191,4.724622
CID22,0.684032,1.827712,-9.646107,67.8194,3.526449
CID22,0.684595,1.747789,-9.702055,68.0233,3.917923
CID22,0.689673,1.558156,-10.646223,70.7130,3.070009
CID22,0.689972,1.989331,-9.110381,65.5152,4.113926
CID22,0.699166,1.664402,-10.189632,68.5315,3.472824
CID22,0.700746,1.925849,-9.666129,65.1328,4.576407
CID22,0.701550,1.794214,-9.542465,69.1598,3.727632
CID22,0.702432,2.068474,-8.640419,63.4091,4.790475
CID22,0.720649,1.372841,-11.181665,72.6537,2.775676
CID22,0.725025,1.706378,-10.144211,69.2001,3.347605
CID22,0.728712,1.576636,-10.365861,70.6016,3.870456
CID22,0.729122,1.756048,-9.890100,67.4752,3.731289
CID22,0.729729,1.748786,-10.640522,67.6125,3.620575
CID22,0.729848,1.590213,-10.418975,69.4561,3.434473
CID22,0.731519,1.580625,-10.659824,71.2525,4.045390
CID22,0.733229,1.526781,-10.737429,72.6001,3.174432
CID22,0.739024,2.037744,-8.832792,64.3459,4.966774
CID22,0.742261,1.516950,-10.786471,70.9176,3.148366
CID22,0.745851,1.340263,-11.372416,73.6671,3.870409
CID22,0.745893,1.506458,-11.547891,71.1101,3.433276
CID22,0.747483,1.188327,-12.051998,75.4751,2.484868
CID22,0.757858,1.503032,-10.930885,71.3716,3.571160
CID22,0.758973,1.441860,-11.098016,73.7957,2.923107
CID22,0.760492,1.395716,-11.438582,73.9668,2.680623
CID22,0.766963,1.248833,-11.951566,75.4404,2.548077
CID22,0.773038,1.463472,-11.873977,71.9458,3.457720
CID22,0.779187,1.010685,-12.800648,77.9986,3.208996
CID22,0.781391,1.331402,-11.520354,73.4274,3.287731
CID22,0.785445,1.041981,-12.790510,77.9937,2.218236
CID22,0.793098,1.318538,-11.637105,74.2870,2.747445
CID22,0.793340,1.018873,-12.827006,79.2135,2.348941
CID22,0.797983,1.211626,-11.996816,76.6773,2.701257
CID22,0.802219,1.416428,-12.121390,72.8646,3.251553
CID22,0.802268,1.188551,-12.188450,76.4433,2.499788
CID22,0.812994,1.162548,-12.184061,75.8578,2.523066
CID22,0.814471,1.056271,-12.915355,79.1010,2.579801
CID22,0.824407,0.845661,-13.665354,80.2444,2.730826
CID22,0.825686,1.160128,-12.234390,76.4996,2.544568
CID22,0.829040,1.243143,-12.731168,74.8650,2.782514
CID22,0.837195,0.808078,-14.277535,81.1746,1.680751
CID22,0.839302,1.029819,-12.652294,78.6932,2.433248
CID22,0.841147,1.071753,-12.570470,77.5181,2.423500
CID22,0.845747,0.946957,-13.488930,80.1597,1.897538
CID22,0.847096,0.822741,-14.008458,82.6799,2.036767
CID22,0.848951,1.046558,-12.741755,78.8424,2.256934
CID22,0.850945,1.102108,-13.459207,76.8297,2.406942
CID22,0.855399,0.914268,-13.637218,80.8891,2.022986
CID22,0.856029,0.525876,-16.532129,85.2914,2.308689
CID22,0.856312,0.953849,-13.208312,79.7443,2.327838
CID22,0.856424,0.579849,-16.229511,85.4710,1.552912
CID22,0.856781,0.841798,-13.945934,82.0986,1.856783
CID22,0.856988,0.833639,-13.465971,81.3904,2.049110
CID22,0.857165,1.047075,-13.855904,77.8596,2.238307
CID22,0.857843,0.622913,-15.676707,85.3755,1.590305
CID22,0.858161,0.353571,-18.148500,89.8745,1.040220
CID22,0.858221,0.813820,-14.215110,82.1885,1.833263
CID22,0.858386,0.609145,-16.014452,86.2226,1.451426
CID22,0.858448,0.691462,-15.079037,84.9500,1.534992
CID22,0.858706,0.337248,-18.075089,88.8186,1.681161
CID22,0.858727,0.659481,-15.224977,85.3107,1.515141
CID22,0.858784,0.963335,-14.410266,79.0953,2.175974
CID22,0.861251,0.833386,-15.303920,81.4089,2.148525
CID22,0.382313,4.106347,-3.666957,38.8545,5.875793
CID22,0.475193,4.459825,-3.152036,32.9399,7.423154
CID22,0.478607,3.362599,-5.695353,46.3399,5.773536
CID22,0.480153,4.273612,-3.492935,35.0141,5.719131
CID22,0.487020,4.230835,-3.873519,36.8387,5.756222
CID22,0.503266,3.282197,-5.551231,46.6058,5.019398
CID22,0.536501,3.135648,-5.624339,49.5086,5.021435
CID22,0.541979,2.903791,-6.565599,52.0822,6.432063
CID22,0.542191,2.874996,-6.584654,52.8534,4.274316
CID22,0.542751,3.644688,-4.587198,42.5561,7.027571
CID22,0.555256,3.273470,-5.378698,46.4603,4.526010
CID22,0.559820,2.676892,-6.693914,54.0160,4.208281
CID22,0.560109,3.363988,-5.388773,46.3347,6.559424
CID22,0.571358,2.905459,-6.413293,51.0576,4.314723
CID22,0.579121,3.023957,-5.993783,50.2359,4.926545
CID22,0.594605,2.483913,-7.165940,56.5122,3.974606
CID22,0.596988,2.377100,-7.577386,58.4019,3.315787
CID22,0.600631,2.993598,-5.958230,49.4109,5.364434
CID22,0.609663,2.379254,-7.364475,58.2594,3.791822
CID22,0.612620,2.814347,-6.320884,51.7594,3.912011
CID22,0.632408,2.499420,-6.856489,57.2166,4.540770
CID22,0.641285,2.574875,-6.785619,55.6363,4.778708
CID22,0.644954,2.547293,-7.117297,55.9980,3.691695
CID22,0.646449,1.921501,-9.119570,63.7181,3.683989
CID22,0.647425,2.613536,-6.682627,54.6868,3.531359
CID22,0.647758,2.434610,-7.343029,56.8926,5.068123
CID22,0.655546,2.092822,-8.397819,61.1255,3.723632
CID22,0.658122,2.012867,-8.541746,62.4711,4.071434
CID22,0.666394,2.287274,-7.562431,59.2133,3.378155
CID22,0.667238,1.958348,-8.956829,63.6129,3.174380
CID22,0.685906,2.123471,-8.533519,61.3924,4.295797
CID22,0.686277,2.102771,-8.455800,61.3220,3.491624
CID22,0.691602,2.010050,-8.944102,63.1443,3.129784
CID22,0.696185,1.739766,-9.736527,66.3402,3.180353
CID22,0.696935,1.727998,-9.776801,66.2810,3.167905
CID22,0.697947,2.055177,-8.491888,62.9345,3.459478
CID22,0.699038,1.729337,-9.652478,66.9204,4.011317
CID22,0.702248,1.832905,-9.450262,65.1598,3.252454
CID22,0.711307,2.122533,-8.238599,61.7573,3.377411
CID22,0.715128,1.881592,-9.369946,64.5652,3.692597
CID22,0.718140,1.710468,-9.891912,66.5074,3.751148
CID22,0.726841,1.722271,-9.799823,66.6469,3.003002
CID22,0.731964,1.525112,-10.645394,69.7629,2.888185
CID22,0.745105,1.496598,-10.596255,69.4836,2.619480
CID22,0.755185,1.687058,-10.036139,67.6165,3.195628
CID22,0.758842,1.621259,-10.252415,69.4031,2.832793
CID22,0.766044,1.771947,-9.965200,65.8217,3.904057
CID22,0.777470,1.556684,-10.284147,69.4414,3.966631
CID22,0.777798,1.449874,-10.834475,70.5550,2.518386
CID22,0.787972,1.238149,-11.905127,72.7214,2.694668
CID22,0.788399,1.508696,-10.641818,69.6598,2.873890
CID22,0.788505,1.553386,-10.464699,69.2451,2.434045
CID22,0.794789,1.318222,-11.241698,71.5575,2.398290
CID22,0.795366,1.668743,-10.382373,67.2280,3.319287
CID22,0.796898,1.302242,-11.254588,72.7512,3.444725
CID22,0.804276,1.269046,-11.799438,73.2226,2.358543
CID22,0.804280,1.210558,-11.924162,74.6725,2.327998
CID22,0.808044,1.443557,-10.986753,71.2200,2.887339
CID22,0.813005,1.296622,-11.688677,72.6831,2.543030
CID22,0.815294,1.507839,-11.045262,69.7238,2.927904
CID22,0.818487,1.107014,-12.586460,76.0261,2.468132
CID22,0.822161,1.287449,-11.861001,73.4513,2.320721
CID22,0.822780,1.007286,-12.884199,77.6860,3.599656
CID22,0.827752,1.033458,-12.625264,76.2109,2.297007
CID22,0.830082,1.121970,-12.570456,75.7389,2.115685
CID22,0.834845,1.317903,-11.984441,72.2372,2.663344
CID22,0.837445,1.170607,-12.238198,74.6815,2.703511
CID22,0.840721,0.921894,-13.849332,79.0514,2.099042
CID22,0.846728,1.114070,-12.491765,76.0044,2.290432
CID22,0.848736,0.834272,-14.245490,79.9659,1.775462
CID22,0.855455,1.228589,-12.528326,74.2068,2.717155
CID22,0.856589,0.816871,-14.143509,80.6483,2.942382
CID22,0.858873,0.846730,-14.222736,80.3568,1.876750
CID22,0.862722,1.001020,-13.432431,77.7524,1.798734
CID22,0.862975,0.934740,-13.237799,77.9091,1.915098
CID22,0.863764,1.016267,-13.305519,77.0078,2.250180
CID22,0.867609,0.822705,-14.617499,81.2311,2.007017
CID22,0.876953,1.092500,-13.534414,76.3370,2.567246
CID22,0.878624,0.588873,-15.987774,84.6635,1.519629
CID22,0.880460,0.835458,-14.348188,80.7259,1.965784
CID22,0.890187,0.548632,-16.409283,85.6108,2.124209
CID22,0.890480,0.828928,-14.451177,80.8034,2.034019
CID22,0.890492,0.532486,-16.567469,86.1798,1.355839
CID22,0.890534,0.742964,-14.608160,80.6713,1.804457
CID22,0.890581,0.620620,-15.762650,84.5481,1.698020
CID22,0.890740,0.497093,-16.947147,87.3174,1.205159
CID22,0.890984,0.927577,-14.640770,78.7888,2.356893
CID22,0.891225,0.345185,-17.826618,89.1768,0.842389
CID22,0.891408,0.592279,-16.025253,84.7062,1.791405
CID22,0.891770,0.367113,-17.834295,89.3095,1.332346
CID22,0.347684,2.755637,-5.785276,51.7383,4.792504
CID22,0.394427,2.999874,-5.947474,51.3957,6.187927
CID22,0.396662,2.336797,-7.064909,59.7494,5.599152
CID22,0.412780,2.198848,-7.691923,60.9346,5.279755
CID22,0.414410,2.097356,-8.069393,63.0551,5.258340
CID22,0.419274,2.850464,-6.414013,55.8289,6.971595
CID22,0.432979,2.099717,-8.375403,62.6828,4.592906
CID22,0.440992,2.449022,-6.820073,57.6195,5.607426
CID22,0.458164,2.283892,-7.415957,61.2493,5.716374
CID22,0.480174,1.949800,-8.661130,64.9450,4.761706
CID22,0.484016,2.069119,-8.289310,63.8107,4.259692
CID22,0.485326,1.878366,-9.180623,65.4784,4.819366
CID22,0.493414,2.047542,-8.352276,61.7583,3.701640
CID22,0.496961,2.319415,-7.545662,62.0272,5.516854
CID22,0.497852,2.181889,-7.894980,61.4751,4.681176
CID22,0.502944,1.841573,-9.210581,66.5965,4.547573
CID22,0.532509,1.900779,-9.085135,65.4969,3.913090
CID22,0.536218,1.741790,-9.640141,67.9736,4.921061
CID22,0.537069,1.720008,-9.900229,68.2506,4.585173
CID22,0.542166,1.904694,-9.069880,67.0002,5.085755
CID22,0.542316,1.708679,-9.729725,69.2436,3.730384
CID22,0.542564,1.978177,-8.783362,65.0025,4.473353
CID22,0.547393,1.549957,-10.431627,70.6477,3.756755
CID22,0.548058,2.108789,-8.343076,64.7515,5.390223
CID22,0.556596,1.539717,-10.782085,70.6326,4.203572
CID22,0.557775,1.353295,-11.349418,74.0549,3.781282
CID22,0.559057,1.484188,-10.699778,71.7954,3.348189
CID22,0.562026,1.424854,-10.946586,72.7665,3.236718
CID22,0.568264,1.728891,-9.792946,68.3032,2.988675
CID22,0.585718,1.655594,-10.018432,68.6406,3.101989
CID22,0.589590,1.617065,-10.131259,69.5412,3.683243
CID22,0.597992,1.765054,-9.680994,69.3248,4.566460
CID22,0.598005,1.402030,-10.960527,73.3488,3.004910
CID22,0.607094,1.468214,-11.044009,71.8498,3.842947
CID22,0.614406,1.399603,-11.140743,72.3273,2.789125
CID22,0.616027,1.534210,-10.508116,72.1480,3.710050
CID22,0.628923,1.421985,-11.014634,72.5885,3.319067
CID22,0.638268,1.193597,-12.403244,76.7778,2.885823
CID22,0.645462,1.402691,-11.474615,72.8519,3.815095
CID22,0.648153,1.692631,-10.004157,70.0959,4.746915
CID22,0.650403,1.211278,-12.201408,75.5707,2.680789
CID22,0.652686,1.230645,-11.698774,76.0234,2.952675
CID22,0.656008,1.249505,-12.110836,75.7552,2.842690
CID22,0.656483,1.255546,-11.930047,75.0922,2.909960
CID22,0.664941,1.230984,-12.039598,75.7385,2.968365
CID22,0.666212,1.262915,-12.015865,76.3383,2.957901
CID22,0.669034,1.272863,-12.188488,74.8427,3.022627
CID22,0.669555,1.091215,-13.048336,77.5786,2.343335
CID22,0.669923,1.144742,-12.753114,77.3332,2.740482
CID22,0.672507,1.089179,-12.548594,78.2632,2.954760
CID22,0.681628,1.113289,-12.959057,78.2544,2.767736
CID22,0.687663,1.281651,-12.047537,75.9397,3.084345
CID22,0.688004,1.138833,-12.658502,77.4354,2.802986
CID22,0.689349,1.046571,-13.476896,79.2112,2.407001
CID22,0.693947,1.092148,-12.943988,77.8518,2.601524
CID22,0.697472,1.152874,-13.099067,76.7906,3.641648
CID22,0.698999,1.021463,-13.460443,80.2089,2.401894
CID22,0.702027,0.978312,-13.278101,80.1025,2.546751
CID22,0.702095,0.920241,-14.081404,80.8706,2.301291
CID22,0.712857,0.912606,-14.302421,81.4749,2.154706
CID22,0.716546,1.043598,-13.292370,78.6048,2.768342
CID22,0.720012,0.988191,-13.749069,80.1341,2.584679
CID22,0.722787,1.007050,-13.628716,79.3613,2.291286
CID22,0.726391,1.091411,-13.469628,77.9568,2.995418
CID22,0.728863,0.803857,-14.880719,83.0515,2.135533
CID22,0.734630,0.779455,-14.786609,83.4347,2.054807
CID22,0.735188,0.826522,-14.790032,82.7097,2.079524
CID22,0.735376,0.699066,-15.730009,84.1547,2.069290
CID22,0.737329,1.063257,-13.344670,79.0047,2.640723
CID22,0.746407,0.938940,-14.111897,80.5873,2.340339
CID22,0.753195,0.770398,-15.138496,82.8415,1.820264
CID22,0.756112,1.004756,-14.052721,79.5055,2.422868
CID22,0.761403,0.652150,-15.974043,85.3486,1.593133
CID22,0.765800,0.770642,-15.179640,83.4284,2.399802
CID22,0.766689,0.716155,-15.591446,84.5874,1.972218
CID22,0.769404,0.581809,-16.529545,86.1483,2.037234
CID22,0.774540,0.721169,-15.211060,84.3354,1.946145
CID22,0.779091,0.868293,-14.563099,81.9081,2.058158
CID22,0.792843,0.775446,-15.166740,83.0174,2.232748
CID22,0.807635,0.583198,-16.409616,86.0555,1.769439
CID22,0.809862,0.474521,-17.176306,88.4806,1.218254
CID22,0.816684,0.868358,-14.878876,81.5547,2.359003
CID22,0.823899,0.376343,-17.968306,89.6394,1.506613
CID22,0.826951,0.573771,-16.371134,86.4433,1.603685
CID22,0.829132,0.561549,-16.493484,86.7651,1.682147
CID22,0.829383,0.420268,-17.620789,89.3059,1.242998
CID22,0.836012,0.481470,-17.191845,87.9208,1.282385
CID22,0.838893,0.283164,-18.566523,91.5593,0.843441
CID22,0.844069,0.253881,-18.780787,91.6128,1.148550
CID22,0.312862,3.343726,-4.933911,41.7323,5.640643
CID22,0.420503,2.576321,-6.377039,52.1800,5.302077
CID22,0.461421,2.886911,-6.015405,51.3264,7.656116
CID22,0.492001,2.659841,-6.979531,55.6365,7.621555
CID22,0.497077,2.081682,-8.386669,60.2193,4.798158
CID22,0.502837,2.746922,-6.895873,54.8909,9.164007
CID22,0.504961,1.903563,-9.072685,63.7373,4.956192
CID22,0.534852,2.439138,-6.764580,57.2887,6.888128
CID22,0.548448,2.881145,-6.518276,53.5948,7.349822
CID22,0.557356,2.190275,-8.036629,62.8286,6.702807
CID22,0.557947,1.788553,-9.573460,66.0527,4.573519
CID22,0.585346,1.770396,-11.036140,66.8742,5.562092
CID22,0.586614,2.185451,-7.740748,60.8267,5.579487
CID22,0.586881,1.858486,-9.454974,63.9659,4.881315
CID22,0.597749,2.248575,-8.422873,62.0979,6.104104
CID22,0.598208,2.146666,-8.501247,62.9890,6.397523
CID22,0.602492,2.427975,-7.500294,59.4889,5.895381
CID22,0.603444,1.533690,-10.738438,69.3984,4.344978
CID22,0.618550,1.965003,-9.084191,65.0073,5.806895
CID22,0.626777,1.741968,-9.984486,65.9169,4.508265
CID22,0.627001,1.961558,-8.901634,64.1383,4.713150
CID22,0.628866,1.214310,-12.659745,75.0371,3.282548
CID22,0.632452,2.240699,-8.134261,62.5075,4.914750
CID22,0.636159,1.484741,-11.425173,70.8476,4.796362
CID22,0.639519,1.506746,-12.124321,70.8098,5.132387
CID22,0.644396,1.841314,-10.313073,67.1976,5.334635
CID22,0.651319,1.684397,-10.219131,68.4121,5.500464
CID22,0.652486,1.633856,-10.384405,67.4690,5.535566
CID22,0.654655,1.897702,-9.613334,65.3437,5.381978
CID22,0.654706,1.661417,-10.601425,69.5902,5.675777
CID22,0.658813,1.363211,-12.070110,72.1894,4.026186
CID22,0.663783,1.096169,-13.172432,77.1233,3.441479
CID22,0.665681,1.868712,-10.250155,65.6864,4.282281
CID22,0.679223,1.490332,-10.984792,71.7022,4.416325
CID22,0.683911,1.334237,-12.872329,73.5194,4.226325
CID22,0.684148,1.517149,-11.788537,71.0720,5.089984
CID22,0.684646,1.414286,-11.803836,72.7286,4.229796
CID22,0.687179,1.229071,-12.714990,74.3010,3.583266
CID22,0.693960,1.745171,-10.698483,67.1561,4.489600
CID22,0.696799,0.980718,-13.729006,78.6078,2.572634
CID22,0.703762,1.627728,-10.934636,68.9950,5.001051
CID22,0.705784,1.350870,-11.954555,73.4666,3.544158
CID22,0.710150,1.220233,-13.278274,75.2321,4.025666
CID22,0.711797,1.174719,-12.962296,75.8444,3.389325
CID22,0.717447,1.281854,-12.215313,73.5520,3.636605
CID22,0.724993,1.287054,-12.813134,74.3396,4.689146
CID22,0.725546,1.474142,-11.365530,69.4658,4.340131
CID22,0.727310,1.435551,-11.852705,71.9052,4.992405
CID22,0.732452,1.125526,-13.351855,76.6294,3.185406
CID22,0.733684,0.864011,-14.164873,80.5402,2.334838
CID22,0.740770,1.200498,-12.707991,75.3168,2.977139
CID22,0.747502,1.147946,-13.486453,75.7814,4.343049
CID22,0.763339,1.159956,-12.829310,76.2748,3.889727
CID22,0.766744,1.254024,-12.298160,73.5042,3.829148
CID22,0.770419,1.095527,-12.934428,75.9007,3.268647
CID22,0.772235,1.083064,-13.590710,77.1451,3.214848
CID22,0.779712,1.042745,-13.624633,77.3978,3.605433
CID22,0.781784,0.817253,-14.717886,82.4423,1.851899
CID22,0.784044,1.208804,-12.882053,74.3126,3.387746
CID22,0.786104,1.094575,-13.169543,76.6783,2.963483
CID22,0.792181,1.131794,-13.569569,75.8346,3.990053
CID22,0.814416,0.992395,-13.628723,77.8724,2.837171
CID22,0.820505,1.028806,-13.273665,76.8974,3.261628
CID22,0.823157,0.917955,-14.314029,79.2847,3.580704
CID22,0.825596,0.952159,-14.257566,79.3526,3.455577
CID22,0.827385,0.621781,-16.289953,85.4033,1.618993
CID22,0.828002,1.073833,-13.219623,77.6448,3.877173
CID22,0.830619,0.998231,-14.211253,78.1858,3.225452
CID22,0.834021,0.917354,-14.304955,80.0021,2.575244
CID22,0.835284,1.088941,-13.383779,76.7206,3.022449
CID22,0.854861,0.908102,-14.753484,79.6525,3.225122
CID22,0.855237,0.869994,-14.447827,79.9572,2.892328
CID22,0.858849,0.471019,-17.433199,88.4245,1.204409
CID22,0.859961,0.922257,-14.464362,80.5760,3.506272
CID22,0.865395,0.844738,-14.755329,80.8705,3.683732
CID22,0.865461,0.834098,-14.377023,79.5611,3.324516
CID22,0.880607,0.801644,-15.058531,82.3651,2.779968
CID22,0.882619,0.877972,-15.087141,80.0479,2.677642
CID22,0.890185,0.893689,-14.303898,80.1653,3.629691
CID22,0.898192,0.841711,-14.986244,81.5796,3.249742
CID22,0.905685,0.448261,-17.628237,87.9217,1.916896
CID22,0.906469,0.300564,-18.781837,91.8450,0.898493
CID22,0.906819,0.833112,-14.965343,81.2734,2.710811
CID22,0.907232,0.798393,-15.581606,81.5870,2.799169
CID22,0.908177,0.621996,-16.161476,83.4364,3.252939
CID22,0.911243,0.761038,-15.480715,83.2228,2.836899
CID22,0.914847,0.765994,-15.227017,82.7420,2.652950
CID22,0.915172,0.312761,-18.607405,90.7499,1.068262
CID22,0.917377,0.685985,-16.236656,83.5360,2.282245
CID22,0.498945,3.024343,-6.050994,53.4777,5.376698
CID22,0.514070,2.916649,-6.309066,51.7874,4.626141
CID22,0.600764,2.375423,-7.066384,60.9417,5.030011
CID22,0.613524,2.976954,-6.513196,56.0946,5.373826
CID22,0.627155,2.585958,-6.763918,55.1465,4.328199
CID22,0.664221,3.032306,-6.332224,53.3533,6.861919
CID22,0.686170,1.952277,-8.777560,66.1083,4.890008
CID22,0.690790,2.784075,-6.658918,58.8358,7.449233
CID22,0.698083,2.296788,-7.391991,59.0706,4.182961
CID22,0.701288,3.052172,-6.320152,55.2508,7.040384
CID22,0.703661,2.458011,-7.272909,61.8656,5.203062
CID22,0.706022,2.912037,-6.616934,56.9697,5.765152
CID22,0.715973,1.642037,-9.950558,70.1753,4.723650
CID22,0.716648,2.484788,-7.195646,60.1297,4.761322
CID22,0.727133,2.409092,-7.390429,62.0715,5.326356
CID22,0.739932,2.199924,-7.826198,65.4211,6.280917
CID22,0.740524,1.638026,-9.831806,68.9538,3.653768
CID22,0.748688,1.468638,-10.852685,72.4211,3.990620
CID22,0.750093,2.462422,-7.147171,62.0083,5.472706
CID22,0.750807,2.196836,-8.194404,63.6515,4.295635
CID22,0.751048,2.174428,-8.302765,65.6081,4.622199
CID22,0.751076,2.356392,-7.536023,63.6524,4.764103
CID22,0.773178,2.014881,-8.862920,66.4691,5.065420
CID22,0.774689,1.333004,-11.548953,74.6385,3.873903
CID22,0.775494,1.521232,-10.454788,70.8283,3.371762
CID22,0.776790,1.905844,-8.965368,68.1300,6.006794
CID22,0.779257,2.006684,-9.394926,66.4576,4.331933
CID22,0.788240,1.935273,-9.181772,67.6499,3.973547
CID22,0.789831,2.061928,-8.776524,66.8459,5.247006
CID22,0.801721,1.555190,-10.897889,73.3420,3.456071
CID22,0.806862,1.957731,-8.873722,67.9575,4.700859
CID22,0.815405,1.347738,-11.254503,73.2357,3.003659
CID22,0.819496,1.607578,-10.298244,72.6347,6.123109
CID22,0.827240,1.801014,-9.650904,69.5273,5.215747
CID22,0.827382,1.677806,-10.309710,71.5169,3.831451
CID22,0.828537,1.651208,-11.024101,70.8627,3.821361
CID22,0.828548,1.155051,-12.591911,77.2684,4.275061
CID22,0.828787,1.554391,-10.623335,72.3458,3.991544
CID22,0.830410,1.573635,-10.771581,72.5613,4.055502
CID22,0.833032,1.600607,-10.503753,73.2858,4.496096
CID22,0.833538,1.318834,-11.945499,76.2724,2.874198
CID22,0.834322,1.462715,-10.944425,74.9723,3.132598
CID22,0.835314,1.160010,-12.267053,76.2751,2.464582
CID22,0.837053,1.490442,-11.238795,73.4190,3.863387
CID22,0.837777,1.597361,-10.880699,72.7149,3.770063
CID22,0.838106,1.504776,-11.662494,73.0983,3.536124
CID22,0.838583,1.348921,-11.762655,75.6550,3.629743
CID22,0.839828,0.840646,-14.181193,81.6465,2.960513
CID22,0.841490,1.409265,-11.705894,75.1348,3.960560
CID22,0.845186,1.286490,-12.148146,77.2950,2.841746
CID22,0.849575,1.295380,-11.782096,76.8188,2.897652
CID22,0.853001,1.000328,-13.148897,78.8743,2.257295
CID22,0.854063,1.322999,-12.584951,75.7913,4.034507
CID22,0.857031,1.234859,-12.479578,77.3981,2.636342
CID22,0.857296,1.170566,-12.706484,78.5079,2.866039
CID22,0.862237,1.179916,-12.513410,78.2322,2.697953
CID22,0.863777,0.714463,-14.855432,83.8366,2.833109
CID22,0.865481,1.262547,-12.441474,77.2332,3.478137
CID22,0.872055,1.024591,-13.453338,80.8148,2.634981
CID22,0.872717,1.046603,-12.978962,80.1469,3.112104
CID22,0.877938,1.259747,-12.881653,76.4545,3.159110
CID22,0.880091,1.030365,-13.408188,80.3490,2.598341
CID22,0.885287,1.135869,-13.143559,79.5211,2.904504
CID22,0.886079,1.054523,-13.172651,80.0176,2.640303
CID22,0.888298,0.741628,-14.628703,82.8290,1.631514
CID22,0.890529,1.052466,-13.297238,80.3041,2.531981
CID22,0.890843,1.210859,-13.128839,76.8283,2.978567
CID22,0.891793,0.427108,-17.282265,88.1448,1.951829
CID22,0.892521,0.949214,-13.841872,82.5587,2.175850
CID22,0.892708,0.949467,-13.320622,81.3971,2.428128
CID22,0.893036,1.074359,-13.381062,80.6835,3.485631
CID22,0.893168,0.874827,-14.228511,82.9693,2.753678
CID22,0.893531,0.953114,-13.701807,81.6045,2.720116
CID22,0.893704,1.072556,-13.732420,78.6853,2.875863
CID22,0.893757,0.554209,-16.316660,86.6031,1.364723
CID22,0.895288,0.947281,-14.065299,82.5328,3.303548
CID22,0.895487,0.961872,-14.310433,81.0955,2.819934
CID22,0.896034,0.953358,-13.797800,81.8976,2.551724
CID22,0.896438,0.267409,-18.674038,91.7615,1.133830
CID22,0.896465,0.779443,-14.884770,84.7427,2.764914
CID22,0.896633,0.748399,-14.555738,84.2662,2.004334
CID22,0.896666,0.601414,-16.360950,87.9403,2.104779
CID22,0.897611,0.591795,-16.338673,87.7282,2.512235
CID22,0.897657,0.898950,-14.736423,81.7641,2.654871
CID22,0.897801,0.337715,-18.157806,90.6291,0.856940
CID22,0.898187,0.814215,-14.814381,84.7767,3.318066
CID22,0.899833,0.814620,-15.262348,83.3253,2.324717
CID22,0.900675,0.639123,-16.007050,87.3057,2.562160
CID22,0.901727,0.621259,-16.099211,87.5516,2.624623
CID22,0.903600,0.716429,-15.995031,84.6842,2.244691
CID22,0.381007,3.775110,-4.731735,45.2859,8.781120
CID22,0.412437,3.203537,-6.201070,51.8376,6.207981
CID22,0.445099,2.928935,-6.617825,55.3880,6.296300
CID22,0.459743,3.718472,-5.450144,47.5435,8.369493
CID22,0.464990,2.992296,-6.406310,54.0938,5.869207
CID22,0.471026,3.673328,-5.165188,46.1144,6.234387
CID22,0.475488,3.477889,-5.726961,51.2008,6.386068
CID22,0.487305,3.438641,-5.715299,49.4674,5.906248
CID22,0.488518,2.830168,-6.719911,55.4814,4.488101
CID22,0.503338,3.042565,-6.366831,53.4919,7.126575
CID22,0.514079,2.597590,-7.080315,59.6337,5.735165
CID22,0.515687,2.970185,-6.597502,53.8189,7.745851
CID22,0.526817,2.517953,-7.066542,59.3996,6.320635
CID22,0.531380,2.569299,-6.987377,58.6974,5.890431
CID22,0.540847,3.008818,-6.389142,53.3037,5.761719
CID22,0.541330,2.786655,-6.735624,56.9682,6.042758
CID22,0.544597,2.829642,-6.735686,58.2897,5.075555
CID22,0.548142,2.385530,-7.172262,59.6783,3.884388
CID22,0.551723,2.353009,-7.488878,60.8376,5.790659
CID22,0.557281,2.670985,-7.005882,56.4047,6.737586
CID22,0.568695,2.136469,-8.284034,63.4996,5.352927
CID22,0.570731,2.402100,-7.689320,61.2090,5.686769
CID22,0.572069,2.316305,-7.768061,62.6258,4.818109
CID22,0.581957,2.535324,-7.014003,59.5152,5.683386
CID22,0.582237,2.794131,-6.664762,56.5726,5.285580
CID22,0.592029,2.069065,-8.663898,63.8917,5.004835
CID22,0.596777,2.135662,-8.612705,64.8809,5.194265
CID22,0.600114,2.339210,-7.670338,64.3541,5.065075
CID22,0.606359,1.955428,-9.027552,65.6238,5.104962
CID22,0.611891,2.401528,-7.235055,60.2256,4.996434
CID22,0.622480,1.998927,-9.449838,66.2205,4.133135
CID22,0.622580,1.832915,-9.468396,67.5861,3.429086
CID22,0.622943,2.000746,-8.927550,64.7562,5.207292
CID22,0.624182,1.977877,-9.245458,66.4337,4.607765
CID22,0.624395,2.094012,-8.546905,64.4536,5.070085
CID22,0.626585,1.836120,-9.745828,67.6141,4.757263
CID22,0.628903,1.696796,-10.035021,69.8248,3.061523
CID22,0.629369,1.860975,-9.844559,69.6066,4.469431
CID22,0.629470,1.909075,-9.576675,65.7764,4.944362
CID22,0.637801,1.764527,-9.878046,67.4449,5.149319
CID22,0.638865,2.065508,-8.593802,64.4194,4.511980
CID22,0.647958,1.823949,-10.319062,68.7544,4.010270
CID22,0.667860,1.675492,-10.526711,69.3083,5.013456
CID22,0.673626,1.484326,-11.118358,72.7257,2.737078
CID22,0.673942,1.986416,-8.909567,65.3661,5.007674
CID22,0.680807,1.835717,-9.741820,67.4137,4.499231
CID22,0.685016,1.744119,-10.218258,69.1919,4.434346
CID22,0.687879,1.578506,-10.881305,70.1901,4.825344
CID22,0.688120,1.619081,-11.410332,71.5258,3.406448
CID22,0.700401,1.573094,-11.309231,73.4014,4.268697
CID22,0.708180,1.782174,-10.044155,68.0383,4.775380
CID22,0.709277,1.239269,-12.307057,75.9261,2.333320
CID22,0.722359,1.427826,-11.898558,73.2467,4.500490
CID22,0.724156,1.536310,-11.762765,72.3141,3.261085
CID22,0.725374,1.680995,-10.462204,69.2679,4.606345
CID22,0.729468,1.674799,-10.673538,69.5799,4.787724
CID22,0.746326,1.075523,-13.589022,77.8717,4.280066
CID22,0.751875,1.294927,-12.785554,76.8612,4.101390
CID22,0.752576,1.074095,-13.143068,78.6497,2.123746
CID22,0.754143,1.489172,-11.581302,72.5107,4.673931
CID22,0.759563,1.660060,-10.677859,69.1409,4.624204
CID22,0.766191,1.480471,-12.002871,73.4485,2.972367
CID22,0.768699,1.579893,-10.943325,70.4817,4.360710
CID22,0.776393,1.295467,-12.689248,75.9999,3.941110
CID22,0.777869,1.475603,-11.561635,71.6244,4.165632
CID22,0.801080,1.191104,-13.262318,78.3162,3.847544
CID22,0.805166,0.805367,-14.398335,82.8552,1.990828
CID22,0.806124,1.345950,-12.644685,74.8050,2.847174
CID22,0.806599,0.912596,-14.454580,80.3973,3.820636
CID22,0.812245,1.490100,-11.439369,71.9293,4.557439
CID22,0.813574,1.583017,-11.067062,69.9002,4.726926
CID22,0.816208,1.382674,-11.974672,73.1357,4.527004
CID22,0.819537,1.302304,-12.572190,73.8220,4.140233
CID22,0.827413,1.110544,-13.588359,78.0002,3.951373
CID22,0.832277,1.224754,-13.140611,76.8622,2.702082
CID22,0.837727,0.571786,-16.198248,86.4446,1.491976
CID22,0.839118,1.249716,-12.776585,75.0612,4.323752
CID22,0.847985,0.887834,-14.820621,81.6811,3.921439
CID22,0.848543,0.462943,-17.344358,87.7845,2.097302
CID22,0.851259,1.464637,-11.755662,71.9138,4.627562
CID22,0.851642,1.120615,-13.691889,78.1466,2.672829
CID22,0.852310,1.036833,-13.840966,76.8704,4.204270
CID22,0.852371,1.227583,-12.867509,75.7823,4.405902
CID22,0.856731,1.117661,-13.427911,76.9716,4.387729
CID22,0.859597,0.350914,-18.159180,90.3353,0.913110
CID22,0.860385,0.293712,-18.680107,91.3272,1.253435
CID22,0.861021,1.007097,-14.320733,79.8051,2.882546
CID22,0.864242,1.369806,-12.266209,73.1854,4.435595
CID22,0.867878,1.056382,-13.760317,77.6057,4.372508
CID22,0.873356,0.906020,-15.085047,81.4266,2.198665
CID22,0.277319,3.517779,-5.336680,50.7116,4.723293
CID22,0.337911,3.495690,-5.465052,48.9197,4.879325
CID22,0.391031,3.293196,-6.191555,53.8711,4.796267
CID22,0.400496,2.636844,-6.903174,59.5425,3.840675
CID22,0.439511,3.783445,-5.061524,48.5574,5.743040
CID22,0.472721,2.704093,-6.949292,58.2530,4.275538
CID22,0.474359,3.049340,-6.245990,53.2772,4.180757
CID22,0.484335,3.476330,-5.484103,49.6772,7.757755
CID22,0.487455,2.570965,-7.159416,60.0957,4.578557
CID22,0.488845,3.021176,-6.529062,56.0758,4.594522
CID22,0.533617,2.526407,-7.055825,59.5480,3.411369
CID22,0.534737,2.114304,-8.340613,64.6306,3.469601
CID22,0.544778,2.943199,-6.553041,56.6013,4.926837
CID22,0.545643,2.674694,-6.750943,56.8053,3.858607
CID22,0.560272,2.390019,-7.511791,63.2365,3.628761
CID22,0.564718,2.856410,-6.752405,57.0057,7.832030
CID22,0.565819,2.183584,-8.295835,64.3783,3.671808
CID22,0.567682,2.156010,-8.467575,64.5103,3.773666
CID22,0.576614,1.749718,-9.759950,69.1371,3.862386
CID22,0.592717,2.282783,-8.296479,63.6240,4.336190
CID22,0.595789,1.887543,-9.169600,66.7635,3.328204
CID22,0.599639,2.272182,-7.790455,62.7903,3.403568
CID22,0.606496,2.279025,-7.732859,64.0060,3.831060
CID22,0.606667,2.395181,-7.498228,61.4880,6.241222
CID22,0.608358,2.125219,-8.526546,66.3431,3.303188
CID22,0.610513,1.920950,-9.353033,67.3528,3.666313
CID22,0.614641,1.946551,-9.250332,67.0678,3.362423
CID22,0.626355,1.538175,-10.629133,71.4996,2.890028
CID22,0.641973,1.687632,-9.863384,69.5959,2.920940
CID22,0.644054,1.898265,-10.096820,68.5852,3.579363
CID22,0.654770,2.065965,-8.609570,64.9643,4.948454
CID22,0.663973,1.631501,-10.401271,70.8041,3.006839
CID22,0.664728,1.765809,-9.732852,69.2399,2.626836
CID22,0.666558,1.538367,-10.727975,71.8437,3.499420
CID22,0.670038,1.760750,-9.740953,69.6566,3.002995
CID22,0.673942,1.720240,-10.038369,70.8432,2.893624
CID22,0.687856,1.337024,-11.345403,73.8988,3.421848
CID22,0.690329,1.704622,-10.997007,71.3287,3.678486
CID22,0.693884,1.657262,-10.231441,70.3461,4.061676
CID22,0.698029,1.481053,-10.711342,72.0345,2.633037
CID22,0.702305,1.518454,-10.792620,71.9886,2.914190
CID22,0.707166,1.516851,-10.791273,72.2190,2.544501
CID22,0.717053,1.690298,-10.123330,71.2892,2.788320
CID22,0.718445,1.322996,-11.455717,74.7160,2.427049
CID22,0.722767,1.393381,-11.129128,74.2476,2.571135
CID22,0.723108,1.474955,-11.963906,73.7111,2.956544
CID22,0.734281,1.397754,-11.283774,73.9800,3.858572
CID22,0.736554,1.154814,-12.018315,76.2967,2.702101
CID22,0.738518,1.455405,-11.075923,73.1729,2.588793
CID22,0.743608,1.254167,-11.902164,75.5894,2.507431
CID22,0.752230,1.391296,-12.328945,74.7158,2.860450
CID22,0.752748,1.304551,-11.532854,74.8651,2.454659
CID22,0.762037,1.254164,-11.837924,77.1054,2.296515
CID22,0.767468,1.133390,-12.303717,77.6490,2.117354
CID22,0.771221,1.287628,-11.666523,75.6072,2.881308
CID22,0.771645,1.219204,-11.867913,76.4458,3.556959
CID22,0.774052,1.082746,-12.530302,78.6220,2.199275
CID22,0.780612,1.071137,-12.691161,78.3254,2.249185
CID22,0.785526,1.355649,-12.534919,75.6543,2.587111
CID22,0.791035,0.858114,-13.871563,80.4522,2.421982
CID22,0.797033,1.034622,-12.445238,78.5821,2.048195
CID22,0.800655,1.115081,-12.376780,77.9682,2.840861
CID22,0.808306,1.052135,-12.539684,78.6542,3.122357
CID22,0.811832,1.032028,-12.888883,80.6364,1.982437
CID22,0.817234,1.005187,-12.934481,79.5430,1.846680
CID22,0.818817,1.222287,-13.128466,77.0938,2.648983
CID22,0.822666,0.951977,-13.412481,81.0284,2.012650
CID22,0.827433,0.807332,-14.227314,82.4569,1.705951
CID22,0.832354,1.019678,-12.920536,79.4072,2.160963
CID22,0.833953,0.688683,-15.035292,83.0741,2.056916
CID22,0.835502,0.963571,-12.686446,79.6760,1.879352
CID22,0.837379,1.092207,-13.737014,79.2355,2.282320
CID22,0.839412,0.948644,-13.298497,80.5524,2.603808
CID22,0.844501,0.807717,-14.300227,83.4053,1.640465
CID22,0.847064,0.877905,-13.742337,81.3243,1.936426
CID22,0.849346,0.886144,-13.782413,81.4488,2.076983
CID22,0.850238,0.571267,-16.106245,86.1423,1.358373
CID22,0.851209,1.025365,-14.076648,80.2653,2.174793
CID22,0.856976,0.708921,-14.902283,84.1692,2.130300
CID22,0.858657,0.539702,-16.512449,87.7990,1.168248
CID22,0.859938,0.747320,-13.890099,82.2892,1.757842
CID22,0.861141,0.417790,-17.427301,87.7649,1.679600
CID22,0.862367,0.925956,-14.683168,81.7015,2.113249
CID22,0.862901,0.672715,-15.148509,84.7026,1.526825
CID22,0.863145,0.707725,-15.042830,84.0866,1.766266
CID22,0.863568,0.335531,-17.998793,90.5202,0.818309
CID22,0.863569,0.450322,-16.994734,89.0880,1.300850
CID22,0.864665,0.528880,-16.332457,87.3672,1.505394
CID22,0.866850,0.262882,-18.698328,91.1312,1.178485
CID22,0.867249,0.827300,-15.492218,83.4781,1.935300
CID22,0.867421,0.475203,-16.720629,88.0865,1.149353
CID22,0.421354,2.691242,-6.773066,58.0488,5.084629
CID22,0.497143,2.218852,-7.854957,60.1120,5.271871
CID22,0.552457,2.274130,-7.629465,63.7273,4.959837
CID22,0.587856,2.098417,-8.539197,66.0258,6.251848
CID22,0.588960,2.696284,-6.818213,57.6671,6.298180
CID22,0.599181,1.952054,-9.123879,66.2333,4.275747
CID22,0.612239,2.754052,-7.079602,59.4037,13.132854
CID22,0.612865,2.028305,-8.635539,62.7852,4.340540
CID22,0.614849,2.628234,-7.042470,59.9768,5.860159
CID22,0.620311,2.562515,-7.013131,60.4304,5.983191
CID22,0.629652,1.843152,-9.298319,67.8103,4.217154
CID22,0.645851,1.733176,-9.907588,70.5793,4.117650
CID22,0.654837,2.177739,-8.368184,64.5167,5.140646
CID22,0.674479,1.833371,-9.611799,65.5182,4.068466
CID22,0.678320,1.550865,-10.760347,72.5149,4.407626
CID22,0.684455,1.656991,-10.316854,70.9425,3.863632
CID22,0.695290,2.125966,-8.647953,66.1637,4.812685
CID22,0.698102,1.875616,-10.045000,68.7899,5.592264
CID22,0.700153,2.169888,-8.396017,65.5041,6.017416
CID22,0.701567,1.502417,-10.790630,72.5969,3.054453
CID22,0.708452,1.864600,-9.484074,69.0943,4.946457
CID22,0.717614,1.882668,-9.450657,67.6348,5.049004
CID22,0.728142,1.309736,-11.664019,74.7628,3.423617
CID22,0.729587,1.261229,-12.100777,76.1422,3.426845
CID22,0.738039,1.868726,-9.605730,68.7984,4.478396
CID22,0.740200,1.345059,-11.745424,75.6229,3.600389
CID22,0.746746,1.535401,-11.521452,73.2458,4.296090
CID22,0.748061,1.691327,-10.378891,71.3889,4.500020
CID22,0.748247,1.269708,-11.766734,76.0703,2.943648
CID22,0.749134,1.694214,-10.208458,70.6230,4.672202
CID22,0.754504,1.166390,-12.457844,77.3347,2.958945
CID22,0.755522,1.158230,-12.407781,77.3366,3.320940
CID22,0.759647,1.682518,-10.436293,71.2255,4.193345
CID22,0.772146,1.388390,-11.704000,75.0577,3.742997
CID22,0.773244,1.430559,-12.155247,74.9513,4.846510
CID22,0.774327,1.303464,-12.082667,76.5098,3.299261
CID22,0.775586,1.533944,-11.188777,73.6927,3.742294
CID22,0.779501,1.087441,-12.715013,79.0929,2.609932
CID22,0.780290,1.373989,-11.932419,75.9995,3.962025
CID22,0.783887,1.035706,-13.093078,78.8147,2.580671
CID22,0.787327,1.053760,-12.981973,78.4549,3.087269
CID22,0.799003,1.179935,-12.561027,77.3924,3.444825
CID22,0.799019,1.264325,-12.928918,77.0883,4.139338
CID22,0.801771,1.219110,-12.357489,77.2933,3.088780
CID22,0.802638,1.393763,-11.731255,75.1669,3.513124
CID22,0.805621,1.426427,-11.678647,75.2725,3.377624
CID22,0.807788,0.952739,-13.287411,80.6247,2.444927
CID22,0.811402,0.873940,-13.851294,81.4128,2.332650
CID22,0.812800,1.121800,-12.918061,79.3141,3.349444
CID22,0.813882,0.880644,-13.858889,81.1207,2.839528
CID22,0.816675,1.223796,-13.120734,77.9574,3.195076
CID22,0.819507,1.084510,-13.028747,79.2693,2.881429
CID22,0.821009,1.020811,-13.349401,79.8285,2.967378
CID22,0.828967,1.114490,-13.040669,78.9526,2.642300
CID22,0.834163,0.796177,-14.485814,83.4375,2.008686
CID22,0.834330,0.813498,-14.043110,82.5354,2.426934
CID22,0.835645,0.662152,-15.397728,84.2339,2.800988
CID22,0.836823,1.196140,-12.585920,77.8301,3.321178
CID22,0.837143,1.157085,-13.375059,78.7245,3.275160
CID22,0.837410,0.914993,-14.055090,82.1106,2.402063
CID22,0.839818,0.965693,-13.699893,81.0974,2.550401
CID22,0.841223,0.913063,-14.004081,81.6080,2.349278
CID22,0.853507,0.936261,-13.819058,81.2275,2.189621
CID22,0.853640,1.048850,-13.886764,80.0804,3.280475
CID22,0.855048,0.619450,-15.940439,85.9900,1.542131
CID22,0.857818,0.875723,-14.271405,82.3191,2.944942
CID22,0.858151,0.539476,-16.475397,86.1034,1.986639
CID22,0.863036,0.823517,-14.602238,83.0379,2.117371
CID22,0.867524,0.745774,-14.410208,83.8023,2.145323
CID22,0.868633,0.814353,-14.701631,84.0191,2.313973
CID22,0.870037,0.945094,-13.745299,81.1283,2.537148
CID22,0.873256,0.957913,-14.359028,81.6921,3.123422
CID22,0.879087,0.799258,-14.954805,83.6711,2.031468
CID22,0.881615,0.459449,-17.294630,88.6393,1.337508
CID22,0.886636,0.345054,-18.096870,89.9915,2.002537
CID22,0.886645,0.755838,-15.176600,84.0669,2.110403
CID22,0.887638,0.887617,-14.770778,82.4963,2.749793
CID22,0.887715,0.631427,-15.966676,85.9335,1.875955
CID22,0.889024,0.611202,-15.744188,86.2381,1.600395
CID22,0.890054,0.671215,-15.750791,85.0950,1.675290
CID22,0.890223,0.643626,-15.807234,85.7681,1.909593
CID22,0.890357,0.480053,-17.175634,88.6517,1.490393
CID22,0.891965,0.803789,-15.253868,83.5515,2.502345
CID22,0.892674,0.485687,-17.027729,88.2143,1.359458
CID22,0.893674,0.276823,-18.663828,91.8623,0.789676
CID22,0.893976,0.232929,-18.989885,92.5427,1.562616
CID22,0.894764,0.445372,-17.372877,88.3993,1.355641
CID22,0.898431,0.480898,-17.058022,88.2153,1.468194
CID22,0.429112,3.046835,-6.405942,54.6979,4.930673
CID22,0.449027,2.745741,-6.861495,56.5754,4.845170
CID22,0.528104,2.814584,-6.987583,58.1703,5.882686
CID22,0.535648,2.403710,-7.593630,59.9549,4.634151
CID22,0.547822,3.120582,-6.606664,56.0132,6.936599
CID22,0.553824,2.901668,-6.845752,55.6907,6.931934
CID22,0.555134,2.471270,-7.240952,62.2887,4.959825
CID22,0.580563,2.749033,-7.115574,60.0370,6.764165
CID22,0.581790,2.909979,-6.993137,58.5311,5.709593
CID22,0.585071,2.241786,-8.276505,63.6694,4.054371
CID22,0.603276,2.127750,-8.587846,62.9771,3.782310
CID22,0.611449,2.447743,-7.658278,61.8835,5.000792
CID22,0.622999,2.377301,-7.828006,63.2941,4.739779
CID22,0.643222,2.517133,-7.270958,62.0335,5.060626
CID22,0.644729,2.003463,-8.999064,66.6637,4.079461
CID22,0.647435,2.322553,-8.308489,64.8700,3.712782
CID22,0.649127,1.611681,-10.720035,70.7997,3.336602
CID22,0.651571,2.216793,-8.252207,65.3943,4.279097
CID22,0.658598,2.159704,-8.588060,64.9535,4.220514
CID22,0.667674,2.007579,-9.739035,67.5675,4.883360
CID22,0.672347,1.690926,-10.208270,70.1953,3.678120
CID22,0.674036,1.877350,-9.623752,69.0897,3.939729
CID22,0.675285,1.830548,-9.795207,68.8419,4.284813
CID22,0.690841,2.089119,-9.250017,67.2094,3.478699
CID22,0.691905,1.890080,-9.607553,68.3098,4.161170
CID22,0.692690,2.001716,-9.049730,67.1500,3.744022
CID22,0.695891,1.975930,-9.296374,67.7906,4.167070
CID22,0.698548,1.494503,-11.191967,72.2639,2.993398
CID22,0.701076,1.513277,-10.887620,72.4329,3.732381
CID22,0.709723,1.656308,-10.466757,70.8848,3.579211
CID22,0.715965,1.703697,-11.303767,71.5277,4.042946
CID22,0.716347,1.552852,-10.914738,73.1711,3.279226
CID22,0.719929,1.570013,-10.815900,72.3572,3.551280
CID22,0.724582,1.381148,-11.294565,73.9599,3.406379
CID22,0.726028,1.681307,-10.333072,71.3261,3.815396
CID22,0.726664,1.642532,-10.846863,72.4734,3.361991
CID22,0.731350,1.597259,-10.710643,72.8067,3.323495
CID22,0.732542,1.458754,-11.271543,73.7510,3.406277
CID22,0.733314,1.306270,-12.026031,73.2682,2.719276
CID22,0.737237,1.572212,-11.987844,73.6965,3.827152
CID22,0.747669,1.381013,-11.695795,75.0200,3.620910
CID22,0.753638,1.391875,-11.508283,74.6579,3.217845
CID22,0.754484,1.337367,-11.731129,75.7950,2.875166
CID22,0.755965,1.455599,-11.622161,74.5596,2.902945
CID22,0.757195,1.638939,-10.546549,71.9512,3.405169
CID22,0.764585,1.403808,-12.698819,75.5785,3.775853
CID22,0.765758,1.228425,-11.911311,76.2910,3.130458
CID22,0.766626,1.133338,-12.852216,75.1183,2.171277
CID22,0.767051,1.320281,-11.949262,76.0692,3.265150
CID22,0.776227,1.198697,-12.359285,76.9908,2.971606
CID22,0.776415,1.305856,-11.785746,75.9245,3.162645
CID22,0.784716,1.349770,-12.876110,76.2188,3.345842
CID22,0.787322,1.340776,-12.099596,76.2414,2.814424
CID22,0.791699,1.264825,-12.069902,76.3334,2.630590
CID22,0.793944,1.181511,-12.433702,77.7347,2.666832
CID22,0.796208,1.001265,-13.474068,79.2392,2.130358
CID22,0.799049,0.947101,-13.714272,80.3404,3.356920
CID22,0.799384,1.208368,-12.405246,77.3199,3.172863
CID22,0.799505,1.040367,-13.360589,79.7007,2.255034
CID22,0.802309,1.094889,-12.792549,78.6803,2.647700
CID22,0.805831,1.274843,-13.182241,77.2680,3.348373
CID22,0.817223,1.142604,-12.937076,78.3976,2.494407
CID22,0.819790,1.077298,-13.022173,78.7193,2.274920
CID22,0.822363,1.104870,-12.907939,79.2309,2.330621
CID22,0.829083,0.779993,-14.622279,82.3190,1.738750
CID22,0.829513,1.173598,-13.646421,78.7178,2.976599
CID22,0.832106,0.906810,-13.990677,81.5173,2.327209
CID22,0.833075,0.989374,-13.117503,79.8807,2.468290
CID22,0.833226,1.091764,-12.796108,79.1182,2.574070
CID22,0.836576,0.822231,-14.292717,82.4085,2.319860
CID22,0.841787,1.042519,-13.201059,79.8208,2.414475
CID22,0.844035,0.906523,-13.734187,80.7805,2.229057
CID22,0.844119,1.016832,-13.629738,79.9806,2.345014
CID22,0.847640,1.066057,-14.124342,80.2371,2.647558
CID22,0.853398,0.567045,-16.350679,85.3732,1.372577
CID22,0.855755,0.825987,-14.041018,82.3665,1.978433
CID22,0.862026,0.992150,-13.211588,80.4779,2.102275
CID22,0.864979,0.923022,-13.731090,81.3866,2.142275
CID22,0.866632,0.989832,-14.315404,81.1795,2.775016
CID22,0.871526,0.506720,-16.722246,87.5186,1.757463
CID22,0.871777,0.782720,-14.610275,82.4498,2.108356
CID22,0.871895,0.581563,-16.121237,86.0033,2.066585
CID22,0.872229,0.612669,-15.627072,85.0143,1.721467
CID22,0.873007,0.351860,-18.229717,89.4453,0.870652
CID22,0.873373,0.679909,-15.138686,84.6272,1.732927
CID22,0.874176,0.903194,-14.975180,82.4167,2.863266
CID22,0.874484,0.795847,-14.217762,82.7319,1.869340
CID22,0.874825,0.791873,-14.348357,82.8975,1.719111
CID22,0.876606,0.333234,-18.237125,90.6277,1.262999
CID22,0.879551,0.659675,-15.250320,84.8037,1.660615
CID22,0.880105,0.813330,-15.706252,84.0625,2.401142
CID22,0.428159,3.392694,-5.446111,48.1462,5.493958
CID22,0.463730,2.883145,-6.641226,54.1671,4.916123
CID22,0.511724,3.235177,-6.308224,53.9492,4.733558
CID22,0.533838,2.545170,-6.855582,57.5777,5.069217
CID22,0.567296,3.067827,-6.485359,52.3451,6.311716
CID22,0.602840,2.979365,-6.710834,54.0289,4.932389
CID22,0.606310,3.245654,-5.838005,49.4849,8.036274
CID22,0.616943,2.568955,-7.019579,57.7363,4.685543
CID22,0.633703,2.072020,-8.565447,63.3831,4.512238
CID22,0.636314,2.329894,-7.903042,63.0767,4.354035
CID22,0.652824,2.341377,-7.589631,59.7414,4.192590
CID22,0.654608,3.173426,-6.283351,50.6521,5.770085
CID22,0.670044,1.995167,-9.081713,65.4352,4.308370
CID22,0.670620,2.606584,-6.999587,56.4909,6.931486
CID22,0.672923,2.268262,-8.082711,61.2794,4.186095
CID22,0.681976,2.372891,-7.638814,61.0257,4.048078
CID22,0.682434,1.722608,-9.954247,67.6803,4.026586
CID22,0.695136,2.109139,-8.707373,65.4960,4.147256
CID22,0.711176,2.565129,-7.239844,58.7069,4.429852
CID22,0.713783,2.269759,-7.913321,61.3950,4.142750
CID22,0.714979,2.236010,-8.731006,61.0400,5.364482
CID22,0.726742,1.631175,-10.723743,69.5006,3.493810
CID22,0.729643,1.497661,-10.810511,70.5003,3.782553
CID22,0.729649,2.016983,-8.921959,64.2904,4.294445
CID22,0.730899,1.365156,-11.643901,73.7282,2.694861
CID22,0.733463,2.085411,-8.831965,64.4236,3.873109
CID22,0.740029,1.742977,-10.046025,70.3812,4.148633
CID22,0.750591,2.013136,-8.961209,64.7944,3.711295
CID22,0.756191,1.941350,-9.393438,64.9576,4.066070
CID22,0.763781,1.893545,-10.064706,65.4458,5.270315
CID22,0.764704,1.471190,-11.299262,71.3726,3.048153
CID22,0.771008,1.715814,-10.228268,69.0091,3.500019
CID22,0.772776,1.761414,-9.798898,66.9464,3.899908
CID22,0.776072,1.530817,-10.963785,73.1294,4.098919
CID22,0.780067,1.373419,-11.262280,72.3173,3.819863
CID22,0.781022,1.659502,-10.407490,69.3667,3.320847
CID22,0.781377,1.226078,-12.032765,75.8465,3.421962
CID22,0.788067,1.705026,-10.832653,68.3144,3.874589
CID22,0.789351,1.547848,-10.742903,70.5853,4.109017
CID22,0.790791,1.624079,-10.690593,69.5542,3.176830
CID22,0.790863,1.298009,-12.064285,74.2644,3.014354
CID22,0.795954,1.160040,-12.084961,75.3539,3.370388
CID22,0.797251,1.648030,-10.562128,70.4499,2.960540
CID22,0.798650,1.418624,-11.321795,72.9012,3.055600
CID22,0.801906,1.479029,-10.991508,71.3850,4.455594
CID22,0.802233,1.422933,-11.369968,74.5651,3.937800
CID22,0.802838,1.539211,-11.737740,70.8827,5.327004
CID22,0.811661,1.394065,-11.315146,72.6760,4.312933
CID22,0.814308,1.117754,-12.912248,77.4964,2.484870
CID22,0.814433,1.258691,-12.118390,75.0032,2.500930
CID22,0.814997,0.873925,-13.683578,79.8983,3.006020
CID22,0.817400,1.102481,-12.573318,78.1661,2.905416
CID22,0.818298,1.224862,-11.997090,75.4770,2.742966
CID22,0.819813,1.460028,-12.045812,72.0972,3.759772
CID22,0.822097,1.252793,-11.919846,75.6283,2.416678
CID22,0.828086,1.167767,-12.421172,77.6778,2.933055
CID22,0.839887,0.721666,-14.404223,82.2141,2.691920
CID22,0.841868,1.022187,-13.160603,79.0452,2.032224
CID22,0.842347,1.416946,-12.269065,72.7268,4.402335
CID22,0.842652,1.251002,-11.775567,74.9386,3.816033
CID22,0.844420,1.002667,-13.541553,79.6192,2.419402
CID22,0.845060,1.109317,-12.435214,77.8624,2.505626
CID22,0.850024,1.046356,-12.660097,78.8476,2.250153
CID22,0.858696,0.990927,-13.115918,79.8121,2.206459
CID22,0.859518,0.979765,-12.957692,79.3287,2.285411
CID22,0.863742,1.303604,-12.843476,74.7644,4.108991
CID22,0.868023,1.105776,-12.410490,77.0480,2.711555
CID22,0.869448,0.905764,-13.764256,80.7413,1.840028
CID22,0.870446,1.010553,-12.833585,79.3162,2.381289
CID22,0.877875,0.447770,-17.236755,87.1015,2.258461
CID22,0.881528,0.869770,-13.413509,81.6615,2.093456
CID22,0.888459,1.187257,-13.394224,76.5090,3.292281
CID22,0.893591,1.008811,-12.809131,78.5816,3.804501
CID22,0.894338,0.772146,-13.903396,83.2078,1.823426
CID22,0.894715,0.768663,-14.671889,82.6437,1.785007
CID22,0.894719,0.776748,-13.822919,83.1531,1.694712
CID22,0.894764,0.526771,-16.306936,86.8899,1.220275
CID22,0.894807,0.762900,-14.086473,82.6580,2.117218
CID22,0.894813,1.124172,-13.630551,77.3594,2.874991
CID22,0.894844,0.966829,-12.798604,81.0326,3.130559
CID22,0.894856,0.546099,-16.421659,86.6811,1.431950
CID22,0.894861,0.497840,-15.933832,87.3800,1.202464
CID22,0.894918,0.283475,-18.595274,90.4430,1.784929
CID22,0.894924,0.599391,-15.025936,86.0286,1.622546
CID22,0.894931,1.027140,-14.033060,79.1401,2.770406
CID22,0.895040,0.724932,-14.287504,83.5890,1.904725
CID22,0.895049,0.579555,-15.187035,86.2665,1.308902
CID22,0.895052,0.337326,-18.249210,90.5015,0.962486
CID22,0.895165,0.894431,-14.879974,81.1201,2.512727
CID22,0.398584,2.988645,-6.147504,52.1099,6.524016
CID22,0.466230,2.725738,-6.737971,54.3679,4.537550
CID22,0.473314,2.847204,-6.497349,53.9841,6.453124
CID22,0.474328,2.326563,-7.837341,61.3616,5.003087
CID22,0.495385,2.750876,-6.726254,57.6568,4.647451
CID22,0.523574,2.296321,-7.711248,60.4889,4.127469
CID22,0.526971,2.426037,-7.225110,58.1208,4.899930
