idx	family	frac_rows_nonzero_xt	mean_abs	p95_abs	std	sign_cons	analytic_simple	analytic_path	packed_zero_frac	dead	rank_dead	mean_abs_kadid	mean_abs_csiq	mean_abs_live	mean_abs_cid22	dsrocc_kadid	dsrocc_csiq	dsrocc_live	dsrocc_cid22
0	v1fold156	1.0000	1.664055e-2	4.755449e-2	1.907805e-2	0.7294	1.467257e0	6.667821e-2	-	0	0	1.126775e-2	1.392354e-2	1.501813e-2	2.677569e-2	-0.001241	0.000045	0.000076	0.000198
1	v1fold156	1.0000	3.503918e-2	1.211200e-1	4.731524e-2	0.6303	1.585568e0	9.820604e-2	-	0	0	2.098900e-2	3.235649e-2	3.132687e-2	5.956594e-2	-0.006074	-0.000564	-0.000779	0.000040
2	v1fold156	1.0000	1.718156e-2	5.233264e-2	1.913425e-2	0.7763	1.459957e0	6.678881e-2	-	0	0	1.227666e-2	1.676741e-2	1.779023e-2	2.484166e-2	0.000119	0.000362	0.000275	0.000024
3	v1fold156	1.0000	7.807165e-3	3.784609e-2	2.439469e-2	0.6245	1.997279e0	6.501792e-2	-	0	0	8.287897e-3	1.039377e-2	1.984999e-2	1.635764e-3	-	-	-	-
4	v1fold156	1.0000	9.383363e-3	2.896315e-2	1.873694e-2	0.6217	1.883661e0	4.628627e-2	-	0	0	1.130660e-2	8.338601e-3	1.485059e-2	4.795691e-3	-	-	-	-
5	v1fold156	1.0000	1.172946e-2	3.748471e-2	1.929944e-2	0.6931	1.981412e0	5.848246e-2	-	0	0	1.150416e-2	1.174725e-2	1.676940e-2	1.024712e-2	-	-	-	-
6	v1fold156	1.0000	2.308158e-2	9.349728e-2	4.048193e-2	0.5484	1.169456e0	5.388822e-2	-	0	0	1.682269e-2	3.280769e-2	3.328096e-2	2.529763e-2	0.001243	-0.000721	-0.001114	-0.001751
7	v1fold156	1.0000	2.499258e-2	1.014509e-1	4.209878e-2	0.5833	1.663297e0	5.690433e-2	-	0	0	1.562200e-2	2.777542e-2	3.678420e-2	3.432626e-2	0.000314	0.000004	-0.000923	0.001538
8	v1fold156	1.0000	2.075236e-2	9.033436e-2	3.649409e-2	0.5663	1.417997e0	5.154089e-2	-	0	0	1.768550e-2	2.708328e-2	2.883721e-2	2.008599e-2	0.002346	-0.000054	-0.000819	-0.001217
9	v1fold156	1.0000	6.397443e-3	1.490498e-2	7.832870e-3	0.6913	5.614614e-1	2.758992e-2	-	0	0	3.335333e-3	4.731388e-3	4.918778e-3	1.242228e-2	-	-	-	-
10	v1fold156	1.0000	2.395238e-2	7.788596e-2	3.280907e-2	0.5043	1.353044e0	3.223805e-2	-	0	0	1.292290e-2	3.442449e-2	2.969090e-2	3.498937e-2	-0.001492	-0.000177	0.000213	0.000597
11	v1fold156	1.0000	5.598081e-2	1.658535e-1	7.651277e-2	0.5883	1.331078e0	5.007286e-2	-	0	0	3.529529e-2	6.862619e-2	6.113899e-2	8.153742e-2	-0.008944	-0.000997	0.000760	0.002563
12	v1fold156	1.0000	3.371640e-3	7.561088e-3	4.104999e-3	0.6902	1.313507e0	3.719627e-2	-	0	0	1.687990e-3	2.766425e-3	3.458837e-3	6.232081e-3	-	-	-	-
13	v1fold156	1.0000	3.414060e-2	1.221409e-1	5.754254e-2	0.5763	1.658924e0	1.018077e-1	-	0	0	2.520786e-2	4.216413e-2	7.025907e-2	3.184020e-2	0.008897	0.002586	0.003370	-0.000066
14	v1fold156	1.0000	3.572884e-2	8.824712e-2	3.690656e-2	0.8038	1.734875e0	1.207011e-1	-	0	0	2.634146e-2	3.660152e-2	4.689561e-2	4.608658e-2	0.003852	0.001411	0.002222	-0.000793
15	v1fold156	1.0000	2.765647e-2	1.138085e-1	5.059660e-2	0.5347	1.576700e0	7.705825e-2	-	0	0	2.492169e-2	3.592708e-2	6.168752e-2	1.626662e-2	0.009395	0.002672	0.003308	-0.000235
16	v1fold156	1.0000	1.806182e-2	4.940498e-2	3.350273e-2	0.5523	2.765406e0	1.246122e-1	-	0	0	1.408739e-2	1.609980e-2	2.982371e-2	2.083455e-2	0.001958	-0.000025	0.001134	-0.000483
17	v1fold156	1.0000	6.534345e-2	1.790175e-1	8.678817e-2	0.5784	2.634471e0	1.670296e-1	-	0	0	5.176187e-2	6.506803e-2	6.926136e-2	8.539204e-2	-0.007849	-0.003034	-0.002727	0.000242
18	v1fold156	1.0000	9.984961e-3	3.513351e-2	1.616823e-2	0.6850	2.671061e0	1.117339e-1	-	0	0	1.294876e-2	1.253130e-2	1.011481e-2	4.249118e-3	-	-	-	-
19	v1fold156	1.0000	1.714321e-2	8.879161e-2	3.862616e-2	0.5188	1.455050e0	5.299654e-2	-	0	0	1.792889e-2	3.146679e-2	3.664808e-2	3.047112e-3	-0.008057	-0.001377	-0.002151	0.000266
20	v1fold156	1.0000	8.626278e-2	2.350025e-1	1.115342e-1	0.5927	1.893817e0	1.554047e-1	-	0	0	5.322799e-2	9.156481e-2	8.940747e-2	1.349353e-1	-0.020744	-0.005772	-0.003982	-0.001783
21	v1fold156	1.0000	4.906739e-2	1.293975e-1	6.445548e-2	0.6390	1.513916e0	1.081637e-1	-	0	0	3.358617e-2	5.439497e-2	4.930748e-2	7.117755e-2	-0.015486	-0.002609	-0.002054	-0.000375
22	v1fold156	1.0000	2.773526e-2	8.527660e-2	3.090430e-2	0.7970	2.021318e0	6.950677e-2	-	0	0	2.219667e-2	3.360109e-2	3.461986e-2	3.157954e-2	0.004457	0.000600	0.001529	-0.000724
23	v1fold156	1.0000	4.365072e-2	1.102653e-1	5.095275e-2	0.7898	1.656592e0	1.598246e-1	-	0	0	2.231276e-2	4.996673e-2	3.661274e-2	7.721480e-2	-0.002312	-0.001564	-0.000815	-0.002366
24	v1fold156	1.0000	2.371965e-2	6.323409e-2	3.355494e-2	0.7914	1.405186e0	9.635300e-2	-	0	0	1.985842e-2	3.067633e-2	3.022362e-2	2.462391e-2	0.002559	0.001800	0.001323	-0.001153
25	v1fold156	1.0000	8.855242e-3	1.218319e-2	3.489498e-2	0.7667	2.200877e0	1.194866e-1	-	0	0	7.825015e-3	4.356020e-3	1.560165e-2	9.842146e-3	-	-	-	-
26	v1fold156	1.0000	2.272526e-2	6.017494e-2	2.824215e-2	0.7411	1.884151e0	8.731731e-2	-	0	0	1.592614e-2	2.387289e-2	3.207048e-2	2.956275e-2	0.000809	0.001013	0.001526	0.000351
27	v1fold156	1.0000	2.834664e-2	8.100080e-2	3.074478e-2	0.7663	1.543178e0	6.290196e-2	-	0	0	1.931868e-2	2.620976e-2	2.784802e-2	4.358818e-2	-0.000656	0.000174	0.000124	0.000490
28	v1fold156	1.0000	2.038026e-2	5.473113e-2	2.264707e-2	0.7428	1.659837e0	6.299318e-2	-	0	0	1.438111e-2	2.061850e-2	2.462814e-2	2.817694e-2	0.001638	0.000739	0.000764	0.000302
29	v1fold156	1.0000	8.235737e-3	2.542847e-2	1.895057e-2	0.7153	1.647144e0	3.636466e-2	-	0	0	6.748145e-3	9.071235e-3	2.009292e-2	5.933936e-3	-	-	-	-
30	v1fold156	1.0000	1.774021e-2	4.927605e-2	2.556924e-2	0.6510	1.726323e0	7.952393e-2	-	0	0	1.459796e-2	1.423587e-2	2.009111e-2	2.324277e-2	0.004462	0.000846	0.001143	-0.000297
31	v1fold156	1.0000	1.390194e-2	3.152172e-2	1.824532e-2	0.6697	1.588573e0	6.244948e-2	-	0	0	9.743569e-3	1.177126e-2	1.658821e-2	2.032649e-2	-	-	-	-
32	v1fold156	1.0000	2.970849e-2	1.049500e-1	4.750887e-2	0.6587	1.043959e0	5.912391e-2	-	0	0	2.166959e-2	2.407335e-2	2.142008e-2	4.763392e-2	0.004642	0.000521	-0.000213	-0.004621
33	v1fold156	1.0000	2.432901e-2	9.829579e-2	4.025060e-2	0.6340	1.423172e0	5.509186e-2	-	0	0	1.823076e-2	2.335854e-2	2.066381e-2	3.564178e-2	0.004011	0.000669	-0.000666	-0.003135
34	v1fold156	1.0000	3.523559e-2	1.333711e-1	5.766228e-2	0.6642	1.313977e0	6.075681e-2	-	0	0	2.534504e-2	2.648224e-2	2.423071e-2	5.831752e-2	0.006261	0.000914	-0.000318	-0.005763
35	v1fold156	1.0000	9.212434e-3	1.905656e-2	1.265340e-2	0.6446	4.792180e-1	3.468977e-2	-	0	0	4.615251e-3	7.052835e-3	1.222285e-2	1.622110e-2	-	-	-	-
36	v1fold156	1.0000	2.693839e-2	8.338833e-2	3.671839e-2	0.5805	1.222317e0	3.789526e-2	-	0	0	1.626336e-2	3.431228e-2	2.986529e-2	3.968879e-2	-0.003824	-0.000500	0.000341	0.000606
37	v1fold156	1.0000	6.660590e-2	1.925669e-1	9.083209e-2	0.6315	1.495066e0	6.510256e-2	-	0	0	4.289664e-2	7.906849e-2	7.282434e-2	9.660682e-2	-0.010974	-0.001286	0.000763	0.002278
38	v1fold156	1.0000	2.105623e-2	5.834484e-2	2.993172e-2	0.6390	1.175912e0	5.851705e-2	-	0	0	1.662877e-2	2.420944e-2	3.347516e-2	2.223874e-2	0.002045	0.000372	0.001448	-0.000234
39	v1fold156	1.0000	4.530424e-3	1.728106e-2	9.423994e-3	0.5089	9.354604e-1	2.724992e-2	-	0	0	4.256475e-3	6.522264e-3	8.988329e-3	2.539248e-3	-	-	-	-
40	v1fold156	1.0000	2.048172e-2	5.735683e-2	2.367227e-2	0.6998	1.105568e0	4.877369e-2	-	0	0	1.255698e-2	1.865965e-2	2.120852e-2	3.341636e-2	-0.003290	-0.000445	-0.000601	-0.000375
41	v1fold156	1.0000	5.819627e-3	1.889753e-2	9.306291e-3	0.7198	9.204914e-1	2.670406e-2	-	0	0	6.027421e-3	7.418217e-3	9.797597e-3	3.403727e-3	-	-	-	-
42	v1fold156	1.0000	7.931810e-3	1.961824e-2	1.894385e-2	0.6523	1.046121e0	2.739383e-2	-	0	0	6.253165e-3	1.109599e-2	1.773606e-2	5.735973e-3	-	-	-	-
43	v1fold156	1.0000	1.020918e-2	2.590168e-2	1.512652e-2	0.6310	9.654018e-1	4.326015e-2	-	0	0	7.877442e-3	1.034277e-2	1.501918e-2	1.207633e-2	-	-	-	-
44	v1fold156	1.0000	9.925220e-3	2.757645e-2	1.595439e-2	0.6850	9.454603e-1	2.982152e-2	-	0	0	7.812508e-3	1.158010e-2	1.672916e-2	1.011022e-2	-	-	-	-
45	v1fold156	1.0000	9.592749e-3	3.457642e-2	1.512492e-2	0.5738	8.016860e-1	2.968925e-2	-	0	0	7.544150e-3	9.993107e-3	9.533117e-3	1.267465e-2	-	-	-	-
46	v1fold156	1.0000	3.927147e-2	1.371713e-1	6.760152e-2	0.5187	1.274234e0	9.293446e-2	-	0	0	2.265378e-2	2.995640e-2	3.479742e-2	7.078910e-2	-0.001427	0.000183	0.001172	0.000667
47	v1fold156	1.0000	1.047658e-2	3.959227e-2	1.808867e-2	0.5932	9.090553e-1	3.895550e-2	-	0	0	8.659290e-3	1.153090e-2	1.557603e-2	1.105804e-2	-	-	-	-
48	v1fold156	1.0000	1.005574e-2	2.316952e-2	1.169570e-2	0.8173	4.825696e-1	2.755389e-2	-	0	0	5.163427e-3	7.516143e-3	6.955735e-3	1.990000e-2	-	-	-	-
49	v1fold156	1.0000	3.008949e-2	8.952761e-2	4.404631e-2	0.5657	1.408295e0	5.940277e-2	-	0	0	2.073856e-2	3.285443e-2	2.856622e-2	4.423280e-2	-0.000572	0.000526	0.000524	0.001403
50	v1fold156	1.0000	1.590275e-2	4.892159e-2	2.350890e-2	0.6090	1.166325e0	2.623474e-2	-	0	0	1.153965e-2	1.442789e-2	9.956799e-3	2.551812e-2	-0.003156	-0.000056	0.000185	0.001034
51	v1fold156	1.0000	1.796050e-3	4.547954e-3	2.280351e-3	0.6114	3.302793e-1	9.174498e-3	-	0	0	1.353417e-3	2.191846e-3	2.480186e-3	2.084114e-3	-	-	-	-
52	v1fold156	1.0000	1.963636e-2	4.057884e-2	2.135010e-2	0.7893	1.774240e0	8.235141e-2	-	0	0	1.179909e-2	1.998219e-2	2.323548e-2	3.051596e-2	0.002960	0.000551	0.000061	0.000261
53	v1fold156	1.0000	1.649927e-2	5.792761e-2	2.740727e-2	0.6744	2.222955e0	8.683807e-2	-	0	0	1.930420e-2	1.862508e-2	1.884601e-2	1.037824e-2	0.008606	0.000653	0.000171	0.000195
54	v1fold156	1.0000	1.999599e-2	4.346037e-2	2.421761e-2	0.7658	1.925998e0	7.695247e-2	-	0	0	1.517785e-2	2.182489e-2	2.173248e-2	2.620507e-2	0.006449	0.000548	0.000127	0.000297
55	v1fold156	1.0000	1.223589e-2	3.277683e-2	1.776260e-2	0.5984	2.449266e0	9.857809e-2	-	0	0	8.782259e-3	1.258778e-2	1.428369e-2	1.678205e-2	-	-	-	-
56	v1fold156	1.0000	3.411621e-2	9.868932e-2	5.244552e-2	0.5508	1.905218e0	8.874888e-2	-	0	0	3.197079e-2	3.454295e-2	4.774555e-2	3.237063e-2	-0.008257	-0.002515	-0.002387	0.000151
57	v1fold156	1.0000	1.004488e-2	3.701949e-2	1.788624e-2	0.6663	2.081465e0	6.694605e-2	-	0	0	1.149761e-2	1.264774e-2	1.603861e-2	4.534077e-3	-	-	-	-
58	v1fold156	1.0000	1.053004e-2	5.698389e-2	2.482940e-2	0.5762	1.079312e0	3.096896e-2	-	0	0	9.181892e-3	2.295831e-2	2.488510e-2	2.424041e-3	-	-	-	-
59	v1fold156	1.0000	3.781303e-2	1.061978e-1	4.327602e-2	0.6862	1.757297e0	1.465550e-1	-	0	0	2.311033e-2	3.349663e-2	3.393024e-2	6.408717e-2	0.000158	0.000323	0.000791	-0.000663
60	v1fold156	1.0000	1.159964e-2	3.628588e-2	1.631166e-2	0.7057	1.174182e0	5.370264e-2	-	0	0	1.023595e-2	1.356544e-2	1.294750e-2	1.246177e-2	-	-	-	-
61	v1fold156	1.0000	2.585167e-2	7.083845e-2	2.803254e-2	0.7804	1.780734e0	7.219454e-2	-	0	0	1.804053e-2	2.922018e-2	2.673436e-2	3.645645e-2	0.002673	0.000304	0.000734	-0.000554
62	v1fold156	1.0000	2.139061e-2	6.359297e-2	3.195143e-2	0.7880	1.264417e0	1.043106e-1	-	0	0	1.762896e-2	2.605781e-2	2.653745e-2	2.355481e-2	0.006253	0.001170	0.001401	-0.000475
63	v1fold156	1.0000	1.603728e-2	4.419708e-2	2.039691e-2	0.7817	1.229049e0	1.042259e-1	-	0	0	1.292416e-2	2.103541e-2	1.822871e-2	1.812080e-2	0.003587	0.000196	0.000539	-0.000425
64	v1fold156	1.0000	1.152833e-2	1.892281e-2	3.020080e-2	0.8024	2.457920e0	1.242020e-1	-	0	0	1.062411e-2	6.538910e-3	1.092921e-2	1.518130e-2	-	-	-	-
65	v1fold156	1.0000	7.337445e-3	2.477503e-2	1.203925e-2	0.6525	1.041618e0	3.054726e-2	-	0	0	6.760172e-3	1.033924e-2	1.455078e-2	4.415522e-3	-	-	-	-
66	v1fold156	1.0000	1.403111e-2	3.616381e-2	1.389706e-2	0.8292	1.022762e0	3.325817e-2	-	0	0	8.755174e-3	1.315004e-2	1.299399e-2	2.306058e-2	-	-	-	-
67	v1fold156	1.0000	1.088496e-2	2.687168e-2	1.103210e-2	0.8310	9.143678e-1	3.069531e-2	-	0	0	8.520059e-3	1.142671e-2	1.250780e-2	1.379652e-2	-	-	-	-
68	v1fold156	1.0000	8.137828e-3	1.870537e-2	8.994323e-3	0.8320	7.915520e-1	3.482513e-2	-	0	0	5.337142e-3	7.868809e-3	1.074745e-2	1.170371e-2	-	-	-	-
69	v1fold156	1.0000	3.225859e-3	1.196343e-2	5.612196e-3	0.5440	6.849591e-1	2.072780e-2	-	0	0	4.397602e-3	3.645103e-3	2.999188e-3	1.296166e-3	-	-	-	-
70	v1fold156	1.0000	5.235129e-3	1.257634e-2	5.811956e-3	0.7714	6.640388e-1	1.593035e-2	-	0	0	3.671128e-3	5.138014e-3	6.036073e-3	7.443268e-3	-	-	-	-
71	v1fold156	1.0000	3.356052e-2	1.011643e-1	5.083495e-2	0.5896	1.074494e0	6.897980e-2	-	0	0	2.629712e-2	4.245788e-2	4.923043e-2	3.570498e-2	0.006105	0.000191	0.000259	-0.002190
72	v1fold156	1.0000	1.678772e-2	5.763865e-2	2.679140e-2	0.5897	1.258395e0	5.513096e-2	-	0	0	1.376110e-2	1.619621e-2	1.936417e-2	2.085112e-2	0.003343	0.000469	0.000913	0.001192
73	v1fold156	1.0000	2.666039e-2	8.249693e-2	4.153488e-2	0.5636	1.181344e0	4.977466e-2	-	0	0	2.410882e-2	3.457347e-2	4.160062e-2	2.205666e-2	0.007737	0.000782	0.000958	-0.001121
74	v1fold156	1.0000	5.951033e-3	1.362050e-2	7.443391e-3	0.6665	3.258218e-1	1.262031e-2	-	0	0	3.791544e-3	5.273523e-3	5.827980e-3	9.665320e-3	-	-	-	-
75	v1fold156	1.0000	2.313058e-2	6.842232e-2	3.508054e-2	0.6662	1.214776e0	4.049273e-2	-	0	0	1.531903e-2	1.966320e-2	1.212981e-2	4.080827e-2	-0.002206	0.000136	-0.000015	0.000705
76	v1fold156	1.0000	1.530227e-2	5.905914e-2	2.533713e-2	0.6668	1.257103e0	3.771313e-2	-	0	0	1.324874e-2	2.572247e-2	2.573729e-2	1.053895e-2	-	-	-	-
77	v1fold156	1.0000	3.076171e-3	8.016586e-3	9.141208e-3	0.5587	5.249353e-1	1.664900e-2	-	0	0	2.277378e-3	3.857387e-3	8.359220e-3	2.099424e-3	-	-	-	-
78	v1fold156	1.0000	8.714565e-3	2.082419e-2	9.577496e-3	0.7845	4.664993e-1	2.143570e-2	-	0	0	4.554393e-3	8.390859e-3	9.311650e-3	1.517113e-2	-	-	-	-
79	v1fold156	1.0000	5.589920e-3	2.156806e-2	9.610994e-3	0.6730	5.021306e-1	2.413916e-2	-	0	0	5.759398e-3	7.507146e-3	1.031115e-2	2.835888e-3	-	-	-	-
80	v1fold156	1.0000	1.001655e-2	2.519619e-2	1.096295e-2	0.7693	4.764502e-1	3.486582e-2	-	0	0	4.364978e-3	8.872060e-3	8.490762e-3	1.992044e-2	-	-	-	-
81	v1fold156	1.0000	8.695049e-3	2.274799e-2	8.759658e-3	0.8041	5.771895e-1	2.637673e-2	-	0	0	4.577383e-3	7.758083e-3	8.609127e-3	1.558017e-2	-	-	-	-
82	v1fold156	1.0000	7.371129e-3	1.934528e-2	1.055552e-2	0.6984	6.052224e-1	2.211416e-2	-	0	0	6.117165e-3	7.431459e-3	7.061326e-3	9.431341e-3	-	-	-	-
83	v1fold156	1.0000	8.285815e-3	2.119136e-2	9.545758e-3	0.7293	5.486897e-1	1.494576e-2	-	0	0	5.290255e-3	7.847353e-3	7.824920e-3	1.334115e-2	-	-	-	-
84	v1fold156	1.0000	5.371144e-3	1.733589e-2	1.031355e-2	0.5731	7.959514e-1	2.526263e-2	-	0	0	5.694340e-3	6.685976e-3	5.411840e-3	4.317492e-3	-	-	-	-
85	v1fold156	1.0000	2.790007e-2	9.182262e-2	4.236958e-2	0.6097	1.137947e0	1.008696e-1	-	0	0	2.101572e-2	3.050753e-2	3.732327e-2	3.425420e-2	0.001585	0.000475	0.001466	-0.000629
86	v1fold156	1.0000	1.512937e-2	5.192995e-2	2.486598e-2	0.5586	9.578245e-1	5.899123e-2	-	0	0	1.230229e-2	1.979524e-2	2.281228e-2	1.490373e-2	-	-	-	-
87	v1fold156	1.0000	1.072403e-2	2.366114e-2	1.158399e-2	0.8585	4.444249e-1	2.826508e-2	-	0	0	5.633281e-3	8.098811e-3	7.613797e-3	2.091861e-2	-	-	-	-
88	v1fold156	1.0000	6.780181e-3	2.135372e-2	1.389612e-2	0.5058	1.170171e0	3.489786e-2	-	0	0	7.792108e-3	1.159904e-2	5.040639e-3	3.875575e-3	-	-	-	-
89	v1fold156	1.0000	1.008625e-2	3.230548e-2	1.718023e-2	0.5837	9.974109e-1	4.797384e-2	-	0	0	5.647679e-3	1.199949e-2	8.046115e-3	1.703526e-2	-	-	-	-
90	v1fold156	1.0000	1.617043e-3	4.618645e-3	2.206905e-3	0.5192	7.609433e-2	3.074354e-3	-	0	0	1.383473e-3	2.265458e-3	2.602702e-3	1.364919e-3	-	-	-	-
91	v1fold156	1.0000	5.494492e-2	1.600547e-1	7.049082e-2	0.5412	2.191553e0	1.340277e-1	-	0	0	2.902766e-2	5.382653e-2	5.278432e-2	9.694046e-2	-0.005533	-0.000753	-0.001193	-0.000929
92	v1fold156	1.0000	3.957910e-2	1.112313e-1	5.084048e-2	0.5374	2.194588e0	1.148715e-1	-	0	0	2.660241e-2	3.573738e-2	3.816199e-2	6.205217e-2	-0.002752	-0.000352	-0.000971	-0.000307
93	v1fold156	1.0000	5.276189e-2	1.500425e-1	6.803539e-2	0.5190	2.180728e0	1.257294e-1	-	0	0	3.027551e-2	5.254557e-2	5.167068e-2	8.860948e-2	-0.006508	-0.000641	-0.001169	-0.000734
94	v1fold156	1.0000	1.154524e-2	2.988482e-2	2.068713e-2	0.6736	1.612864e0	6.960795e-2	-	0	0	1.022055e-2	1.176939e-2	1.402132e-2	1.263929e-2	-	-	-	-
95	v1fold156	1.0000	1.656723e-2	6.671542e-2	2.757690e-2	0.6758	1.574051e0	6.107222e-2	-	0	0	1.877308e-2	1.500250e-2	2.440595e-2	1.088406e-2	-0.000216	0.000563	0.000767	-0.000126
96	v1fold156	1.0000	1.822889e-2	4.510188e-2	2.339098e-2	0.6506	1.384013e0	5.736631e-2	-	0	0	1.255413e-2	1.744497e-2	2.040949e-2	2.667833e-2	0.000237	0.000109	0.000275	-0.000044
97	v1fold156	1.0000	1.094859e-2	2.667713e-2	1.449858e-2	0.6931	8.945906e-1	3.809205e-2	-	0	0	7.084453e-3	1.290452e-2	9.191820e-3	1.687409e-2	-	-	-	-
98	v1fold156	1.0000	3.029519e-2	1.480448e-1	6.157200e-2	0.6373	1.933206e0	9.355942e-2	-	0	0	3.456997e-2	4.794505e-2	5.255827e-2	8.368297e-3	0.011775	0.002329	0.002976	-0.000505
99	v1fold156	1.0000	1.234392e-2	5.446486e-2	2.884494e-2	0.6614	1.269218e0	5.469729e-2	-	0	0	1.362636e-2	1.909563e-2	2.137930e-2	4.322591e-3	-	-	-	-
100	v1fold156	1.0000	2.882892e-2	5.358219e-2	6.022572e-2	0.7650	1.907628e0	1.319083e-1	-	0	0	2.400734e-2	2.831006e-2	2.924611e-2	3.646974e-2	0.010603	0.000081	0.001585	-0.000200
101	v1fold156	1.0000	9.460063e-3	3.696297e-2	2.275952e-2	0.5374	8.638574e-1	5.059985e-2	-	0	0	9.666299e-3	1.807664e-2	1.317807e-2	4.308931e-3	-	-	-	-
102	v1fold156	1.0000	1.298084e-2	4.147476e-2	2.431311e-2	0.7082	7.482555e-1	3.555753e-2	-	0	0	1.014558e-2	2.378686e-2	1.244949e-2	1.327203e-2	-	-	-	-
103	v1fold156	1.0000	1.707707e-2	2.979970e-2	2.964714e-2	0.8277	1.977392e0	1.273536e-1	-	0	0	1.439297e-2	1.114279e-2	1.253119e-2	2.534321e-2	-0.002091	0.000328	0.000576	-0.000286
104	v1fold156	1.0000	6.691392e-3	1.594067e-2	9.185094e-3	0.6852	5.134089e-1	1.934684e-2	-	0	0	3.881850e-3	5.995565e-3	7.276518e-3	1.117833e-2	-	-	-	-
105	v1fold156	1.0000	2.414707e-3	6.438732e-3	3.283612e-3	0.7512	4.978846e-1	1.162635e-2	-	0	0	2.579446e-3	1.895753e-3	3.331230e-3	2.032342e-3	-	-	-	-
106	v1fold156	1.0000	4.589766e-3	1.417279e-2	7.349177e-3	0.6324	4.540999e-1	1.890654e-2	-	0	0	3.249684e-3	5.720393e-3	7.127541e-3	5.319834e-3	-	-	-	-
107	v1fold156	1.0000	5.366166e-3	1.290703e-2	5.132078e-3	0.7961	4.146839e-1	1.518992e-2	-	0	0	3.052323e-3	5.152884e-3	5.384637e-3	9.084493e-3	-	-	-	-
108	v1fold156	1.0000	4.097745e-3	1.381361e-2	5.630965e-3	0.6930	4.322584e-1	1.872698e-2	-	0	0	3.390059e-3	4.787910e-3	4.830229e-3	4.666314e-3	-	-	-	-
109	v1fold156	1.0000	4.566587e-3	1.132250e-2	5.930283e-3	0.7224	4.166101e-1	1.329809e-2	-	0	0	2.847561e-3	5.104411e-3	6.768572e-3	6.253731e-3	-	-	-	-
110	v1fold156	1.0000	2.662104e-2	8.642817e-2	4.375815e-2	0.5432	1.142727e0	5.550516e-2	-	0	0	2.331602e-2	3.676325e-2	4.015595e-2	2.281283e-2	0.007226	-0.000207	0.000264	-0.000399
111	v1fold156	1.0000	2.042073e-2	9.585011e-2	3.864110e-2	0.5841	1.288224e0	5.864794e-2	-	0	0	2.119932e-2	3.396966e-2	4.136818e-2	6.124755e-3	0.007163	0.000599	0.001196	0.000009
112	v1fold156	1.0000	2.117636e-2	8.978653e-2	3.869887e-2	0.5189	1.176561e0	4.682707e-2	-	0	0	2.075000e-2	3.334055e-2	3.925800e-2	1.037448e-2	0.007978	0.000317	0.000811	-0.000153
113	v1fold156	1.0000	5.602336e-3	1.236582e-2	7.122612e-3	0.6725	2.827738e-1	1.133928e-2	-	0	0	3.508104e-3	4.912215e-3	4.844296e-3	9.449582e-3	-	-	-	-
114	v1fold156	1.0000	1.555687e-2	4.324150e-2	2.524204e-2	0.5981	1.118605e0	4.728719e-2	-	0	0	1.123154e-2	1.684569e-2	1.096291e-2	2.350680e-2	-	-	-	-
115	v1fold156	1.0000	2.291418e-2	6.168079e-2	3.293346e-2	0.6366	1.076799e0	6.928992e-2	-	0	0	1.348296e-2	2.983420e-2	2.249833e-2	3.510505e-2	0.001309	0.000866	0.000519	-0.000825
116	v1fold156	1.0000	2.067137e-3	5.447507e-3	2.842389e-3	0.5534	8.119165e-2	3.005844e-3	-	0	0	1.723957e-3	2.848621e-3	3.398468e-3	1.808218e-3	-	-	-	-
117	v1fold156	1.0000	1.045534e-2	2.393055e-2	1.246791e-2	0.7342	4.888000e-1	2.850557e-2	-	0	0	4.945573e-3	8.994959e-3	8.792537e-3	2.031344e-2	-	-	-	-
118	v1fold156	1.0000	4.572738e-3	1.091051e-2	5.750925e-3	0.6677	4.505799e-1	1.877387e-2	-	0	0	4.027242e-3	4.111648e-3	4.190596e-3	5.755423e-3	-	-	-	-
119	v1fold156	1.0000	1.173875e-2	2.784109e-2	1.310908e-2	0.7505	4.740622e-1	4.033966e-2	-	0	0	4.790222e-3	9.437801e-3	9.233005e-3	2.450476e-2	-	-	-	-
120	v1fold156	1.0000	1.037548e-2	2.160079e-2	1.516065e-2	0.7824	6.720648e-1	2.328182e-2	-	0	0	7.477315e-3	1.321891e-2	1.273056e-2	1.293107e-2	-	-	-	-
121	v1fold156	1.0000	1.228375e-2	2.889729e-2	1.669205e-2	0.7322	6.391490e-1	2.268727e-2	-	0	0	9.474154e-3	1.266910e-2	1.275266e-2	1.637666e-2	-	-	-	-
122	v1fold156	1.0000	1.151930e-2	2.668476e-2	1.414276e-2	0.7684	6.425974e-1	2.249188e-2	-	0	0	7.595667e-3	1.339194e-2	1.360111e-2	1.617858e-2	-	-	-	-
123	v1fold156	1.0000	5.235610e-3	2.328730e-2	1.318413e-2	0.5548	9.112750e-1	3.313315e-2	-	0	0	4.435315e-3	1.042701e-2	1.008355e-2	2.639480e-3	-	-	-	-
124	v1fold156	1.0000	7.177891e-3	2.735305e-2	1.267429e-2	0.6647	1.168442e0	4.334424e-2	-	0	0	8.141088e-3	1.002693e-2	1.111409e-2	3.084528e-3	-	-	-	-
125	v1fold156	1.0000	5.292604e-3	2.274489e-2	1.163901e-2	0.5554	9.818802e-1	3.677877e-2	-	0	0	5.107333e-3	9.134473e-3	9.789858e-3	2.401120e-3	-	-	-	-
126	v1fold156	1.0000	1.085060e-2	2.334261e-2	1.351981e-2	0.8610	4.886487e-1	3.042234e-2	-	0	0	6.076526e-3	8.274462e-3	7.328067e-3	2.067700e-2	-	-	-	-
127	v1fold156	1.0000	9.695289e-3	2.743983e-2	2.797096e-2	0.5853	1.115801e0	4.760302e-2	-	0	0	9.747427e-3	2.601289e-2	7.979737e-3	3.651210e-3	-	-	-	-
128	v1fold156	1.0000	1.767237e-2	4.208088e-2	2.505419e-2	0.7866	1.061857e0	6.387918e-2	-	0	0	1.027722e-2	1.800544e-2	1.723135e-2	2.932835e-2	0.003221	0.000236	0.000571	-0.000977
129	v1fold156	1.0000	1.413331e-3	3.949165e-3	1.798107e-3	0.6170	4.833040e-2	1.839901e-3	-	0	0	1.077338e-3	1.716988e-3	1.793867e-3	1.681073e-3	-	-	-	-
130	v1fold156	1.0000	4.117996e-2	1.207142e-1	5.068810e-2	0.5836	2.034481e0	9.457707e-2	-	0	0	2.193022e-2	3.440300e-2	3.064764e-2	7.801191e-2	-0.002518	0.000152	-0.000917	-0.000121
131	v1fold156	1.0000	3.897413e-2	1.016114e-1	4.820645e-2	0.5466	2.324844e0	8.878064e-2	-	0	0	2.451527e-2	3.831455e-2	3.828682e-2	6.222916e-2	-0.003414	0.000119	-0.001103	-0.000002
132	v1fold156	1.0000	4.344486e-2	1.179504e-1	5.256258e-2	0.5851	2.202852e0	9.571287e-2	-	0	0	2.577452e-2	3.782951e-2	3.707316e-2	7.581385e-2	-0.002701	0.000151	-0.001056	-0.000084
133	v1fold156	1.0000	1.824038e-2	5.325258e-2	3.000432e-2	0.6298	1.488653e0	7.013679e-2	-	0	0	1.090232e-2	2.284898e-2	3.039265e-2	2.350986e-2	0.000196	0.000310	0.000669	-0.000290
134	v1fold156	1.0000	2.722581e-2	1.102946e-1	4.529607e-2	0.6003	1.681285e0	7.647875e-2	-	0	0	2.570071e-2	3.182720e-2	4.165244e-2	2.253057e-2	0.003915	0.001710	0.001615	-0.000420
135	v1fold156	1.0000	2.149620e-2	6.787872e-2	3.307062e-2	0.6570	1.488291e0	6.868784e-2	-	0	0	1.602388e-2	2.454714e-2	3.152519e-2	2.523077e-2	0.000664	0.000534	0.000850	-0.000364
136	v1fold156	1.0000	5.728239e-3	1.489663e-2	1.177109e-2	0.7083	8.059653e-1	2.099606e-2	-	0	0	5.212222e-3	9.771018e-3	4.538787e-3	5.340118e-3	-	-	-	-
137	v1fold156	1.0000	2.169064e-2	7.536283e-2	3.286989e-2	0.5992	1.829969e0	6.133412e-2	-	0	0	2.323301e-2	2.254956e-2	2.107042e-2	1.914349e-2	0.004292	0.000049	0.000686	-0.000220
138	v1fold156	1.0000	1.315915e-2	4.415071e-2	2.390069e-2	0.7960	1.227839e0	5.341009e-2	-	0	0	1.117202e-2	2.469484e-2	2.169708e-2	8.529894e-3	-	-	-	-
139	v1fold156	1.0000	2.563129e-2	4.345423e-2	6.109523e-2	0.8062	2.104880e0	1.219052e-1	-	0	0	2.270062e-2	2.442993e-2	2.672337e-2	3.032870e-2	0.009908	-0.000141	0.001259	-0.000158
140	v1fold156	1.0000	5.257947e-3	1.281571e-2	7.579188e-3	0.7310	7.496302e-1	2.090969e-2	-	0	0	3.974429e-3	7.735760e-3	4.585056e-3	6.520887e-3	-	-	-	-
141	v1fold156	1.0000	6.610759e-3	1.444101e-2	1.146513e-2	0.7213	7.654084e-1	2.286814e-2	-	0	0	4.557401e-3	1.263197e-2	5.974474e-3	7.641225e-3	-	-	-	-
142	v1fold156	1.0000	1.765491e-2	3.271317e-2	2.499875e-2	0.7914	1.590440e0	8.627844e-2	-	0	0	1.415477e-2	1.150380e-2	1.226287e-2	2.759910e-2	-0.002548	0.000404	0.000667	-0.000218
143	v1fold156	1.0000	8.308530e-3	1.927090e-2	9.897632e-3	0.6641	4.542118e-1	3.493497e-2	-	0	0	4.056694e-3	7.394037e-3	6.785274e-3	1.591734e-2	-	-	-	-
144	v1fold156	1.0000	4.612359e-3	9.108782e-3	5.288833e-3	0.7897	4.435923e-1	1.213215e-2	-	0	0	3.663621e-3	3.842819e-3	4.955709e-3	6.290337e-3	-	-	-	-
145	v1fold156	1.0000	6.909818e-3	1.481009e-2	8.715802e-3	0.7289	4.539766e-1	1.667056e-2	-	0	0	4.106490e-3	5.240947e-3	5.480792e-3	1.251079e-2	-	-	-	-
146	v1fold156	1.0000	3.023730e-3	7.823735e-3	4.528576e-3	0.7130	4.452697e-1	1.090015e-2	-	0	0	2.866054e-3	3.449234e-3	4.224012e-3	2.664293e-3	-	-	-	-
147	v1fold156	1.0000	1.995441e-3	5.534112e-3	5.487477e-3	0.5547	4.501515e-1	9.971955e-3	-	0	0	2.732973e-3	1.605473e-3	1.752438e-3	1.081108e-3	-	-	-	-
148	v1fold156	1.0000	2.763908e-3	6.503772e-3	3.762786e-3	0.6543	4.488051e-1	1.136771e-2	-	0	0	2.455710e-3	2.243412e-3	2.209840e-3	3.659779e-3	-	-	-	-
149	v1fold156	1.0000	9.663485e-3	3.335690e-2	2.773219e-2	0.5138	1.320228e0	3.905529e-2	-	0	0	1.274970e-2	1.056681e-2	8.761022e-3	4.772879e-3	-	-	-	-
150	v1fold156	1.0000	1.678045e-2	6.222057e-2	2.697056e-2	0.7520	1.211880e0	6.743523e-2	-	0	0	1.720908e-2	2.572958e-2	2.362767e-2	1.000948e-2	0.006006	0.000516	0.000599	-0.000270
151	v1fold156	1.0000	1.245614e-2	5.807209e-2	3.024270e-2	0.5256	1.242268e0	3.880760e-2	-	0	0	1.518672e-2	1.898753e-2	1.727590e-2	3.776507e-3	-	-	-	-
152	v1fold156	1.0000	7.003438e-3	1.677358e-2	8.261406e-3	0.6559	2.992344e-1	1.615513e-2	-	0	0	4.167164e-3	6.414509e-3	6.261590e-3	1.197098e-2	-	-	-	-
153	v1fold156	1.0000	7.645074e-3	1.712668e-2	2.134576e-2	0.6711	1.029398e0	4.032214e-2	-	0	0	8.141874e-3	1.699787e-2	5.376338e-3	3.913074e-3	-	-	-	-
154	v1fold156	1.0000	1.708012e-2	3.867960e-2	2.044846e-2	0.7467	1.022373e0	5.470730e-2	-	0	0	1.014724e-2	1.995471e-2	1.414221e-2	2.788986e-2	0.001640	0.000720	0.000638	0.000038
155	v1fold156	1.0000	1.752636e-3	4.418135e-3	2.331223e-3	0.5284	4.873032e-2	1.498396e-3	-	0	0	1.499449e-3	2.330338e-3	2.616378e-3	1.604157e-3	-	-	-	-
156	zeros156-371	0.0000	0.000000e0	0.000000e0	0.000000e0	1.0000	0.000000e0	0.000000e0	-	1	1	0.000000e0	0.000000e0	0.000000e0	0.000000e0	-	-	-	-
157	zeros156-371	0.0000	0.000000e0	0.000000e0	0.000000e0	1.0000	0.000000e0	0.000000e0	-	1	1	0.000000e0	0.000000e0	0.000000e0	0.000000e0	-	-	-	-
158	zeros156-371	0.0000	0.000000e0	0.000000e0	0.000000e0	1.0000	0.000000e0	0.000000e0	-	1	1	0.000000e0	0.000000e0	0.000000e0	0.000000e0	-	-	-	-
159	zeros156-371	0.0000	0.000000e0	0.000000e0	0.000000e0	1.0000	0.000000e0	0.000000e0	-	1	1	0.000000e0	0.000000e0	0.000000e0	0.000000e0	-	-	-	-
160	zeros156-371	0.0000	0.000000e0	0.000000e0	0.000000e0	1.0000	0.000000e0	0.000000e0	-	1	1	0.000000e0	0.000000e0	0.000000e0	0.000000e0	-	-	-	-
161	zeros156-371	0.0000	0.000000e0	0.000000e0	0.000000e0	1.0000	0.000000e0	0.000000e0	-	1	1	0.000000e0	0.000000e0	0.000000e0	0.000000e0	-	-	-	-
162	zeros156-371	0.0000	0.000000e0	0.000000e0	0.000000e0	1.0000	0.000000e0	0.000000e0	-	1	1	0.000000e0	0.000000e0	0.000000e0	0.000000e0	-	-	-	-
163	zeros156-371	0.0000	0.000000e0	0.000000e0	0.000000e0	1.0000	0.000000e0	0.000000e0	-	1	1	0.000000e0	0.000000e0	0.000000e0	0.000000e0	-	-	-	-
164	zeros156-371	0.0000	0.000000e0	0.000000e0	0.000000e0	1.0000	0.000000e0	0.000000e0	-	1	1	0.000000e0	0.000000e0	0.000000e0	0.000000e0	-	-	-	-
165	zeros156-371	0.0000	0.000000e0	0.000000e0	0.000000e0	1.0000	0.000000e0	0.000000e0	-	1	1	0.000000e0	0.000000e0	0.000000e0	0.000000e0	-	-	-	-
166	zeros156-371	0.0000	0.000000e0	0.000000e0	0.000000e0	1.0000	0.000000e0	0.000000e0	-	1	1	0.000000e0	0.000000e0	0.000000e0	0.000000e0	-	-	-	-
167	zeros156-371	0.0000	0.000000e0	0.000000e0	0.000000e0	1.0000	0.000000e0	0.000000e0	-	1	1	0.000000e0	0.000000e0	0.000000e0	0.000000e0	-	-	-	-
168	zeros156-371	0.0000	0.000000e0	0.000000e0	0.000000e0	1.0000	0.000000e0	0.000000e0	-	1	1	0.000000e0	0.000000e0	0.000000e0	0.000000e0	-	-	-	-
169	zeros156-371	0.0000	0.000000e0	0.000000e0	0.000000e0	1.0000	0.000000e0	0.000000e0	-	1	1	0.000000e0	0.000000e0	0.000000e0	0.000000e0	-	-	-	-
170	zeros156-371	0.0000	0.000000e0	0.000000e0	0.000000e0	1.0000	0.000000e0	0.000000e0	-	1	1	0.000000e0	0.000000e0	0.000000e0	0.000000e0	-	-	-	-
171	zeros156-371	0.0000	0.000000e0	0.000000e0	0.000000e0	1.0000	0.000000e0	0.000000e0	-	1	1	0.000000e0	0.000000e0	0.000000e0	0.000000e0	-	-	-	-
172	zeros156-371	0.0000	0.000000e0	0.000000e0	0.000000e0	1.0000	0.000000e0	0.000000e0	-	1	1	0.000000e0	0.000000e0	0.000000e0	0.000000e0	-	-	-	-
173	zeros156-371	0.0000	0.000000e0	0.000000e0	0.000000e0	1.0000	0.000000e0	0.000000e0	-	1	1	0.000000e0	0.000000e0	0.000000e0	0.000000e0	-	-	-	-
174	zeros156-371	0.0000	0.000000e0	0.000000e0	0.000000e0	1.0000	0.000000e0	0.000000e0	-	1	1	0.000000e0	0.000000e0	0.000000e0	0.000000e0	-	-	-	-
175	zeros156-371	0.0000	0.000000e0	0.000000e0	0.000000e0	1.0000	0.000000e0	0.000000e0	-	1	1	0.000000e0	0.000000e0	0.000000e0	0.000000e0	-	-	-	-
176	zeros156-371	0.0000	0.000000e0	0.000000e0	0.000000e0	1.0000	0.000000e0	0.000000e0	-	1	1	0.000000e0	0.000000e0	0.000000e0	0.000000e0	-	-	-	-
177	zeros156-371	0.0000	0.000000e0	0.000000e0	0.000000e0	1.0000	0.000000e0	0.000000e0	-	1	1	0.000000e0	0.000000e0	0.000000e0	0.000000e0	-	-	-	-
178	zeros156-371	0.0000	0.000000e0	0.000000e0	0.000000e0	1.0000	0.000000e0	0.000000e0	-	1	1	0.000000e0	0.000000e0	0.000000e0	0.000000e0	-	-	-	-
179	zeros156-371	0.0000	0.000000e0	0.000000e0	0.000000e0	1.0000	0.000000e0	0.000000e0	-	1	1	0.000000e0	0.000000e0	0.000000e0	0.000000e0	-	-	-	-
180	zeros156-371	0.0000	0.000000e0	0.000000e0	0.000000e0	1.0000	0.000000e0	0.000000e0	-	1	1	0.000000e0	0.000000e0	0.000000e0	0.000000e0	-	-	-	-
181	zeros156-371	0.0000	0.000000e0	0.000000e0	0.000000e0	1.0000	0.000000e0	0.000000e0	-	1	1	0.000000e0	0.000000e0	0.000000e0	0.000000e0	-	-	-	-
182	zeros156-371	0.0000	0.000000e0	0.000000e0	0.000000e0	1.0000	0.000000e0	0.000000e0	-	1	1	0.000000e0	0.000000e0	0.000000e0	0.000000e0	-	-	-	-
183	zeros156-371	0.0000	0.000000e0	0.000000e0	0.000000e0	1.0000	0.000000e0	0.000000e0	-	1	1	0.000000e0	0.000000e0	0.000000e0	0.000000e0	-	-	-	-
184	zeros156-371	0.0000	0.000000e0	0.000000e0	0.000000e0	1.0000	0.000000e0	0.000000e0	-	1	1	0.000000e0	0.000000e0	0.000000e0	0.000000e0	-	-	-	-
185	zeros156-371	0.0000	0.000000e0	0.000000e0	0.000000e0	1.0000	0.000000e0	0.000000e0	-	1	1	0.000000e0	0.000000e0	0.000000e0	0.000000e0	-	-	-	-
186	zeros156-371	0.0000	0.000000e0	0.000000e0	0.000000e0	1.0000	0.000000e0	0.000000e0	-	1	1	0.000000e0	0.000000e0	0.000000e0	0.000000e0	-	-	-	-
187	zeros156-371	0.0000	0.000000e0	0.000000e0	0.000000e0	1.0000	0.000000e0	0.000000e0	-	1	1	0.000000e0	0.000000e0	0.000000e0	0.000000e0	-	-	-	-
188	zeros156-371	0.0000	0.000000e0	0.000000e0	0.000000e0	1.0000	0.000000e0	0.000000e0	-	1	1	0.000000e0	0.000000e0	0.000000e0	0.000000e0	-	-	-	-
189	zeros156-371	0.0000	0.000000e0	0.000000e0	0.000000e0	1.0000	0.000000e0	0.000000e0	-	1	1	0.000000e0	0.000000e0	0.000000e0	0.000000e0	-	-	-	-
190	zeros156-371	0.0000	0.000000e0	0.000000e0	0.000000e0	1.0000	0.000000e0	0.000000e0	-	1	1	0.000000e0	0.000000e0	0.000000e0	0.000000e0	-	-	-	-
191	zeros156-371	0.0000	0.000000e0	0.000000e0	0.000000e0	1.0000	0.000000e0	0.000000e0	-	1	1	0.000000e0	0.000000e0	0.000000e0	0.000000e0	-	-	-	-
192	zeros156-371	0.0000	0.000000e0	0.000000e0	0.000000e0	1.0000	0.000000e0	0.000000e0	-	1	1	0.000000e0	0.000000e0	0.000000e0	0.000000e0	-	-	-	-
193	zeros156-371	0.0000	0.000000e0	0.000000e0	0.000000e0	1.0000	0.000000e0	0.000000e0	-	1	1	0.000000e0	0.000000e0	0.000000e0	0.000000e0	-	-	-	-
194	zeros156-371	0.0000	0.000000e0	0.000000e0	0.000000e0	1.0000	0.000000e0	0.000000e0	-	1	1	0.000000e0	0.000000e0	0.000000e0	0.000000e0	-	-	-	-
195	zeros156-371	0.0000	0.000000e0	0.000000e0	0.000000e0	1.0000	0.000000e0	0.000000e0	-	1	1	0.000000e0	0.000000e0	0.000000e0	0.000000e0	-	-	-	-
196	zeros156-371	0.0000	0.000000e0	0.000000e0	0.000000e0	1.0000	0.000000e0	0.000000e0	-	1	1	0.000000e0	0.000000e0	0.000000e0	0.000000e0	-	-	-	-
197	zeros156-371	0.0000	0.000000e0	0.000000e0	0.000000e0	1.0000	0.000000e0	0.000000e0	-	1	1	0.000000e0	0.000000e0	0.000000e0	0.000000e0	-	-	-	-
198	zeros156-371	0.0000	0.000000e0	0.000000e0	0.000000e0	1.0000	0.000000e0	0.000000e0	-	1	1	0.000000e0	0.000000e0	0.000000e0	0.000000e0	-	-	-	-
199	zeros156-371	0.0000	0.000000e0	0.000000e0	0.000000e0	1.0000	0.000000e0	0.000000e0	-	1	1	0.000000e0	0.000000e0	0.000000e0	0.000000e0	-	-	-	-
200	zeros156-371	0.0000	0.000000e0	0.000000e0	0.000000e0	1.0000	0.000000e0	0.000000e0	-	1	1	0.000000e0	0.000000e0	0.000000e0	0.000000e0	-	-	-	-
201	zeros156-371	0.0000	0.000000e0	0.000000e0	0.000000e0	1.0000	0.000000e0	0.000000e0	-	1	1	0.000000e0	0.000000e0	0.000000e0	0.000000e0	-	-	-	-
202	zeros156-371	0.0000	0.000000e0	0.000000e0	0.000000e0	1.0000	0.000000e0	0.000000e0	-	1	1	0.000000e0	0.000000e0	0.000000e0	0.000000e0	-	-	-	-
203	zeros156-371	0.0000	0.000000e0	0.000000e0	0.000000e0	1.0000	0.000000e0	0.000000e0	-	1	1	0.000000e0	0.000000e0	0.000000e0	0.000000e0	-	-	-	-
204	zeros156-371	0.0000	0.000000e0	0.000000e0	0.000000e0	1.0000	0.000000e0	0.000000e0	-	1	1	0.000000e0	0.000000e0	0.000000e0	0.000000e0	-	-	-	-
205	zeros156-371	0.0000	0.000000e0	0.000000e0	0.000000e0	1.0000	0.000000e0	0.000000e0	-	1	1	0.000000e0	0.000000e0	0.000000e0	0.000000e0	-	-	-	-
206	zeros156-371	0.0000	0.000000e0	0.000000e0	0.000000e0	1.0000	0.000000e0	0.000000e0	-	1	1	0.000000e0	0.000000e0	0.000000e0	0.000000e0	-	-	-	-
207	zeros156-371	0.0000	0.000000e0	0.000000e0	0.000000e0	1.0000	0.000000e0	0.000000e0	-	1	1	0.000000e0	0.000000e0	0.000000e0	0.000000e0	-	-	-	-
208	zeros156-371	0.0000	0.000000e0	0.000000e0	0.000000e0	1.0000	0.000000e0	0.000000e0	-	1	1	0.000000e0	0.000000e0	0.000000e0	0.000000e0	-	-	-	-
209	zeros156-371	0.0000	0.000000e0	0.000000e0	0.000000e0	1.0000	0.000000e0	0.000000e0	-	1	1	0.000000e0	0.000000e0	0.000000e0	0.000000e0	-	-	-	-
210	zeros156-371	0.0000	0.000000e0	0.000000e0	0.000000e0	1.0000	0.000000e0	0.000000e0	-	1	1	0.000000e0	0.000000e0	0.000000e0	0.000000e0	-	-	-	-
211	zeros156-371	0.0000	0.000000e0	0.000000e0	0.000000e0	1.0000	0.000000e0	0.000000e0	-	1	1	0.000000e0	0.000000e0	0.000000e0	0.000000e0	-	-	-	-
212	zeros156-371	0.0000	0.000000e0	0.000000e0	0.000000e0	1.0000	0.000000e0	0.000000e0	-	1	1	0.000000e0	0.000000e0	0.000000e0	0.000000e0	-	-	-	-
213	zeros156-371	0.0000	0.000000e0	0.000000e0	0.000000e0	1.0000	0.000000e0	0.000000e0	-	1	1	0.000000e0	0.000000e0	0.000000e0	0.000000e0	-	-	-	-
214	zeros156-371	0.0000	0.000000e0	0.000000e0	0.000000e0	1.0000	0.000000e0	0.000000e0	-	1	1	0.000000e0	0.000000e0	0.000000e0	0.000000e0	-	-	-	-
215	zeros156-371	0.0000	0.000000e0	0.000000e0	0.000000e0	1.0000	0.000000e0	0.000000e0	-	1	1	0.000000e0	0.000000e0	0.000000e0	0.000000e0	-	-	-	-
216	zeros156-371	0.0000	0.000000e0	0.000000e0	0.000000e0	1.0000	0.000000e0	0.000000e0	-	1	1	0.000000e0	0.000000e0	0.000000e0	0.000000e0	-	-	-	-
217	zeros156-371	0.0000	0.000000e0	0.000000e0	0.000000e0	1.0000	0.000000e0	0.000000e0	-	1	1	0.000000e0	0.000000e0	0.000000e0	0.000000e0	-	-	-	-
218	zeros156-371	0.0000	0.000000e0	0.000000e0	0.000000e0	1.0000	0.000000e0	0.000000e0	-	1	1	0.000000e0	0.000000e0	0.000000e0	0.000000e0	-	-	-	-
219	zeros156-371	0.0000	0.000000e0	0.000000e0	0.000000e0	1.0000	0.000000e0	0.000000e0	-	1	1	0.000000e0	0.000000e0	0.000000e0	0.000000e0	-	-	-	-
220	zeros156-371	0.0000	0.000000e0	0.000000e0	0.000000e0	1.0000	0.000000e0	0.000000e0	-	1	1	0.000000e0	0.000000e0	0.000000e0	0.000000e0	-	-	-	-
221	zeros156-371	0.0000	0.000000e0	0.000000e0	0.000000e0	1.0000	0.000000e0	0.000000e0	-	1	1	0.000000e0	0.000000e0	0.000000e0	0.000000e0	-	-	-	-
222	zeros156-371	0.0000	0.000000e0	0.000000e0	0.000000e0	1.0000	0.000000e0	0.000000e0	-	1	1	0.000000e0	0.000000e0	0.000000e0	0.000000e0	-	-	-	-
223	zeros156-371	0.0000	0.000000e0	0.000000e0	0.000000e0	1.0000	0.000000e0	0.000000e0	-	1	1	0.000000e0	0.000000e0	0.000000e0	0.000000e0	-	-	-	-
224	zeros156-371	0.0000	0.000000e0	0.000000e0	0.000000e0	1.0000	0.000000e0	0.000000e0	-	1	1	0.000000e0	0.000000e0	0.000000e0	0.000000e0	-	-	-	-
225	zeros156-371	0.0000	0.000000e0	0.000000e0	0.000000e0	1.0000	0.000000e0	0.000000e0	-	1	1	0.000000e0	0.000000e0	0.000000e0	0.000000e0	-	-	-	-
226	zeros156-371	0.0000	0.000000e0	0.000000e0	0.000000e0	1.0000	0.000000e0	0.000000e0	-	1	1	0.000000e0	0.000000e0	0.000000e0	0.000000e0	-	-	-	-
227	zeros156-371	0.0000	0.000000e0	0.000000e0	0.000000e0	1.0000	0.000000e0	0.000000e0	-	1	1	0.000000e0	0.000000e0	0.000000e0	0.000000e0	-	-	-	-
228	zeros156-371	0.0000	0.000000e0	0.000000e0	0.000000e0	1.0000	0.000000e0	0.000000e0	-	1	1	0.000000e0	0.000000e0	0.000000e0	0.000000e0	-	-	-	-
229	zeros156-371	0.0000	0.000000e0	0.000000e0	0.000000e0	1.0000	0.000000e0	0.000000e0	-	1	1	0.000000e0	0.000000e0	0.000000e0	0.000000e0	-	-	-	-
230	zeros156-371	0.0000	0.000000e0	0.000000e0	0.000000e0	1.0000	0.000000e0	0.000000e0	-	1	1	0.000000e0	0.000000e0	0.000000e0	0.000000e0	-	-	-	-
231	zeros156-371	0.0000	0.000000e0	0.000000e0	0.000000e0	1.0000	0.000000e0	0.000000e0	-	1	1	0.000000e0	0.000000e0	0.000000e0	0.000000e0	-	-	-	-
232	zeros156-371	0.0000	0.000000e0	0.000000e0	0.000000e0	1.0000	0.000000e0	0.000000e0	-	1	1	0.000000e0	0.000000e0	0.000000e0	0.000000e0	-	-	-	-
233	zeros156-371	0.0000	0.000000e0	0.000000e0	0.000000e0	1.0000	0.000000e0	0.000000e0	-	1	1	0.000000e0	0.000000e0	0.000000e0	0.000000e0	-	-	-	-
234	zeros156-371	0.0000	0.000000e0	0.000000e0	0.000000e0	1.0000	0.000000e0	0.000000e0	-	1	1	0.000000e0	0.000000e0	0.000000e0	0.000000e0	-	-	-	-
235	zeros156-371	0.0000	0.000000e0	0.000000e0	0.000000e0	1.0000	0.000000e0	0.000000e0	-	1	1	0.000000e0	0.000000e0	0.000000e0	0.000000e0	-	-	-	-
236	zeros156-371	0.0000	0.000000e0	0.000000e0	0.000000e0	1.0000	0.000000e0	0.000000e0	-	1	1	0.000000e0	0.000000e0	0.000000e0	0.000000e0	-	-	-	-
237	zeros156-371	0.0000	0.000000e0	0.000000e0	0.000000e0	1.0000	0.000000e0	0.000000e0	-	1	1	0.000000e0	0.000000e0	0.000000e0	0.000000e0	-	-	-	-
238	zeros156-371	0.0000	0.000000e0	0.000000e0	0.000000e0	1.0000	0.000000e0	0.000000e0	-	1	1	0.000000e0	0.000000e0	0.000000e0	0.000000e0	-	-	-	-
239	zeros156-371	0.0000	0.000000e0	0.000000e0	0.000000e0	1.0000	0.000000e0	0.000000e0	-	1	1	0.000000e0	0.000000e0	0.000000e0	0.000000e0	-	-	-	-
240	zeros156-371	0.0000	0.000000e0	0.000000e0	0.000000e0	1.0000	0.000000e0	0.000000e0	-	1	1	0.000000e0	0.000000e0	0.000000e0	0.000000e0	-	-	-	-
241	zeros156-371	0.0000	0.000000e0	0.000000e0	0.000000e0	1.0000	0.000000e0	0.000000e0	-	1	1	0.000000e0	0.000000e0	0.000000e0	0.000000e0	-	-	-	-
242	zeros156-371	0.0000	0.000000e0	0.000000e0	0.000000e0	1.0000	0.000000e0	0.000000e0	-	1	1	0.000000e0	0.000000e0	0.000000e0	0.000000e0	-	-	-	-
243	zeros156-371	0.0000	0.000000e0	0.000000e0	0.000000e0	1.0000	0.000000e0	0.000000e0	-	1	1	0.000000e0	0.000000e0	0.000000e0	0.000000e0	-	-	-	-
244	zeros156-371	0.0000	0.000000e0	0.000000e0	0.000000e0	1.0000	0.000000e0	0.000000e0	-	1	1	0.000000e0	0.000000e0	0.000000e0	0.000000e0	-	-	-	-
245	zeros156-371	0.0000	0.000000e0	0.000000e0	0.000000e0	1.0000	0.000000e0	0.000000e0	-	1	1	0.000000e0	0.000000e0	0.000000e0	0.000000e0	-	-	-	-
246	zeros156-371	0.0000	0.000000e0	0.000000e0	0.000000e0	1.0000	0.000000e0	0.000000e0	-	1	1	0.000000e0	0.000000e0	0.000000e0	0.000000e0	-	-	-	-
247	zeros156-371	0.0000	0.000000e0	0.000000e0	0.000000e0	1.0000	0.000000e0	0.000000e0	-	1	1	0.000000e0	0.000000e0	0.000000e0	0.000000e0	-	-	-	-
248	zeros156-371	0.0000	0.000000e0	0.000000e0	0.000000e0	1.0000	0.000000e0	0.000000e0	-	1	1	0.000000e0	0.000000e0	0.000000e0	0.000000e0	-	-	-	-
249	zeros156-371	0.0000	0.000000e0	0.000000e0	0.000000e0	1.0000	0.000000e0	0.000000e0	-	1	1	0.000000e0	0.000000e0	0.000000e0	0.000000e0	-	-	-	-
250	zeros156-371	0.0000	0.000000e0	0.000000e0	0.000000e0	1.0000	0.000000e0	0.000000e0	-	1	1	0.000000e0	0.000000e0	0.000000e0	0.000000e0	-	-	-	-
251	zeros156-371	0.0000	0.000000e0	0.000000e0	0.000000e0	1.0000	0.000000e0	0.000000e0	-	1	1	0.000000e0	0.000000e0	0.000000e0	0.000000e0	-	-	-	-
252	zeros156-371	0.0000	0.000000e0	0.000000e0	0.000000e0	1.0000	0.000000e0	0.000000e0	-	1	1	0.000000e0	0.000000e0	0.000000e0	0.000000e0	-	-	-	-
253	zeros156-371	0.0000	0.000000e0	0.000000e0	0.000000e0	1.0000	0.000000e0	0.000000e0	-	1	1	0.000000e0	0.000000e0	0.000000e0	0.000000e0	-	-	-	-
254	zeros156-371	0.0000	0.000000e0	0.000000e0	0.000000e0	1.0000	0.000000e0	0.000000e0	-	1	1	0.000000e0	0.000000e0	0.000000e0	0.000000e0	-	-	-	-
255	zeros156-371	0.0000	0.000000e0	0.000000e0	0.000000e0	1.0000	0.000000e0	0.000000e0	-	1	1	0.000000e0	0.000000e0	0.000000e0	0.000000e0	-	-	-	-
256	zeros156-371	0.0000	0.000000e0	0.000000e0	0.000000e0	1.0000	0.000000e0	0.000000e0	-	1	1	0.000000e0	0.000000e0	0.000000e0	0.000000e0	-	-	-	-
257	zeros156-371	0.0000	0.000000e0	0.000000e0	0.000000e0	1.0000	0.000000e0	0.000000e0	-	1	1	0.000000e0	0.000000e0	0.000000e0	0.000000e0	-	-	-	-
258	zeros156-371	0.0000	0.000000e0	0.000000e0	0.000000e0	1.0000	0.000000e0	0.000000e0	-	1	1	0.000000e0	0.000000e0	0.000000e0	0.000000e0	-	-	-	-
259	zeros156-371	0.0000	0.000000e0	0.000000e0	0.000000e0	1.0000	0.000000e0	0.000000e0	-	1	1	0.000000e0	0.000000e0	0.000000e0	0.000000e0	-	-	-	-
260	zeros156-371	0.0000	0.000000e0	0.000000e0	0.000000e0	1.0000	0.000000e0	0.000000e0	-	1	1	0.000000e0	0.000000e0	0.000000e0	0.000000e0	-	-	-	-
261	zeros156-371	0.0000	0.000000e0	0.000000e0	0.000000e0	1.0000	0.000000e0	0.000000e0	-	1	1	0.000000e0	0.000000e0	0.000000e0	0.000000e0	-	-	-	-
262	zeros156-371	0.0000	0.000000e0	0.000000e0	0.000000e0	1.0000	0.000000e0	0.000000e0	-	1	1	0.000000e0	0.000000e0	0.000000e0	0.000000e0	-	-	-	-
263	zeros156-371	0.0000	0.000000e0	0.000000e0	0.000000e0	1.0000	0.000000e0	0.000000e0	-	1	1	0.000000e0	0.000000e0	0.000000e0	0.000000e0	-	-	-	-
264	zeros156-371	0.0000	0.000000e0	0.000000e0	0.000000e0	1.0000	0.000000e0	0.000000e0	-	1	1	0.000000e0	0.000000e0	0.000000e0	0.000000e0	-	-	-	-
265	zeros156-371	0.0000	0.000000e0	0.000000e0	0.000000e0	1.0000	0.000000e0	0.000000e0	-	1	1	0.000000e0	0.000000e0	0.000000e0	0.000000e0	-	-	-	-
266	zeros156-371	0.0000	0.000000e0	0.000000e0	0.000000e0	1.0000	0.000000e0	0.000000e0	-	1	1	0.000000e0	0.000000e0	0.000000e0	0.000000e0	-	-	-	-
267	zeros156-371	0.0000	0.000000e0	0.000000e0	0.000000e0	1.0000	0.000000e0	0.000000e0	-	1	1	0.000000e0	0.000000e0	0.000000e0	0.000000e0	-	-	-	-
268	zeros156-371	0.0000	0.000000e0	0.000000e0	0.000000e0	1.0000	0.000000e0	0.000000e0	-	1	1	0.000000e0	0.000000e0	0.000000e0	0.000000e0	-	-	-	-
269	zeros156-371	0.0000	0.000000e0	0.000000e0	0.000000e0	1.0000	0.000000e0	0.000000e0	-	1	1	0.000000e0	0.000000e0	0.000000e0	0.000000e0	-	-	-	-
270	zeros156-371	0.0000	0.000000e0	0.000000e0	0.000000e0	1.0000	0.000000e0	0.000000e0	-	1	1	0.000000e0	0.000000e0	0.000000e0	0.000000e0	-	-	-	-
271	zeros156-371	0.0000	0.000000e0	0.000000e0	0.000000e0	1.0000	0.000000e0	0.000000e0	-	1	1	0.000000e0	0.000000e0	0.000000e0	0.000000e0	-	-	-	-
272	zeros156-371	0.0000	0.000000e0	0.000000e0	0.000000e0	1.0000	0.000000e0	0.000000e0	-	1	1	0.000000e0	0.000000e0	0.000000e0	0.000000e0	-	-	-	-
273	zeros156-371	0.0000	0.000000e0	0.000000e0	0.000000e0	1.0000	0.000000e0	0.000000e0	-	1	1	0.000000e0	0.000000e0	0.000000e0	0.000000e0	-	-	-	-
274	zeros156-371	0.0000	0.000000e0	0.000000e0	0.000000e0	1.0000	0.000000e0	0.000000e0	-	1	1	0.000000e0	0.000000e0	0.000000e0	0.000000e0	-	-	-	-
275	zeros156-371	0.0000	0.000000e0	0.000000e0	0.000000e0	1.0000	0.000000e0	0.000000e0	-	1	1	0.000000e0	0.000000e0	0.000000e0	0.000000e0	-	-	-	-
276	zeros156-371	0.0000	0.000000e0	0.000000e0	0.000000e0	1.0000	0.000000e0	0.000000e0	-	1	1	0.000000e0	0.000000e0	0.000000e0	0.000000e0	-	-	-	-
277	zeros156-371	0.0000	0.000000e0	0.000000e0	0.000000e0	1.0000	0.000000e0	0.000000e0	-	1	1	0.000000e0	0.000000e0	0.000000e0	0.000000e0	-	-	-	-
278	zeros156-371	0.0000	0.000000e0	0.000000e0	0.000000e0	1.0000	0.000000e0	0.000000e0	-	1	1	0.000000e0	0.000000e0	0.000000e0	0.000000e0	-	-	-	-
279	zeros156-371	0.0000	0.000000e0	0.000000e0	0.000000e0	1.0000	0.000000e0	0.000000e0	-	1	1	0.000000e0	0.000000e0	0.000000e0	0.000000e0	-	-	-	-
280	zeros156-371	0.0000	0.000000e0	0.000000e0	0.000000e0	1.0000	0.000000e0	0.000000e0	-	1	1	0.000000e0	0.000000e0	0.000000e0	0.000000e0	-	-	-	-
281	zeros156-371	0.0000	0.000000e0	0.000000e0	0.000000e0	1.0000	0.000000e0	0.000000e0	-	1	1	0.000000e0	0.000000e0	0.000000e0	0.000000e0	-	-	-	-
282	zeros156-371	0.0000	0.000000e0	0.000000e0	0.000000e0	1.0000	0.000000e0	0.000000e0	-	1	1	0.000000e0	0.000000e0	0.000000e0	0.000000e0	-	-	-	-
283	zeros156-371	0.0000	0.000000e0	0.000000e0	0.000000e0	1.0000	0.000000e0	0.000000e0	-	1	1	0.000000e0	0.000000e0	0.000000e0	0.000000e0	-	-	-	-
284	zeros156-371	0.0000	0.000000e0	0.000000e0	0.000000e0	1.0000	0.000000e0	0.000000e0	-	1	1	0.000000e0	0.000000e0	0.000000e0	0.000000e0	-	-	-	-
285	zeros156-371	0.0000	0.000000e0	0.000000e0	0.000000e0	1.0000	0.000000e0	0.000000e0	-	1	1	0.000000e0	0.000000e0	0.000000e0	0.000000e0	-	-	-	-
286	zeros156-371	0.0000	0.000000e0	0.000000e0	0.000000e0	1.0000	0.000000e0	0.000000e0	-	1	1	0.000000e0	0.000000e0	0.000000e0	0.000000e0	-	-	-	-
287	zeros156-371	0.0000	0.000000e0	0.000000e0	0.000000e0	1.0000	0.000000e0	0.000000e0	-	1	1	0.000000e0	0.000000e0	0.000000e0	0.000000e0	-	-	-	-
288	zeros156-371	0.0000	0.000000e0	0.000000e0	0.000000e0	1.0000	0.000000e0	0.000000e0	-	1	1	0.000000e0	0.000000e0	0.000000e0	0.000000e0	-	-	-	-
289	zeros156-371	0.0000	0.000000e0	0.000000e0	0.000000e0	1.0000	0.000000e0	0.000000e0	-	1	1	0.000000e0	0.000000e0	0.000000e0	0.000000e0	-	-	-	-
290	zeros156-371	0.0000	0.000000e0	0.000000e0	0.000000e0	1.0000	0.000000e0	0.000000e0	-	1	1	0.000000e0	0.000000e0	0.000000e0	0.000000e0	-	-	-	-
291	zeros156-371	0.0000	0.000000e0	0.000000e0	0.000000e0	1.0000	0.000000e0	0.000000e0	-	1	1	0.000000e0	0.000000e0	0.000000e0	0.000000e0	-	-	-	-
292	zeros156-371	0.0000	0.000000e0	0.000000e0	0.000000e0	1.0000	0.000000e0	0.000000e0	-	1	1	0.000000e0	0.000000e0	0.000000e0	0.000000e0	-	-	-	-
293	zeros156-371	0.0000	0.000000e0	0.000000e0	0.000000e0	1.0000	0.000000e0	0.000000e0	-	1	1	0.000000e0	0.000000e0	0.000000e0	0.000000e0	-	-	-	-
294	zeros156-371	0.0000	0.000000e0	0.000000e0	0.000000e0	1.0000	0.000000e0	0.000000e0	-	1	1	0.000000e0	0.000000e0	0.000000e0	0.000000e0	-	-	-	-
295	zeros156-371	0.0000	0.000000e0	0.000000e0	0.000000e0	1.0000	0.000000e0	0.000000e0	-	1	1	0.000000e0	0.000000e0	0.000000e0	0.000000e0	-	-	-	-
296	zeros156-371	0.0000	0.000000e0	0.000000e0	0.000000e0	1.0000	0.000000e0	0.000000e0	-	1	1	0.000000e0	0.000000e0	0.000000e0	0.000000e0	-	-	-	-
297	zeros156-371	0.0000	0.000000e0	0.000000e0	0.000000e0	1.0000	0.000000e0	0.000000e0	-	1	1	0.000000e0	0.000000e0	0.000000e0	0.000000e0	-	-	-	-
298	zeros156-371	0.0000	0.000000e0	0.000000e0	0.000000e0	1.0000	0.000000e0	0.000000e0	-	1	1	0.000000e0	0.000000e0	0.000000e0	0.000000e0	-	-	-	-
299	zeros156-371	0.0000	0.000000e0	0.000000e0	0.000000e0	1.0000	0.000000e0	0.000000e0	-	1	1	0.000000e0	0.000000e0	0.000000e0	0.000000e0	-	-	-	-
300	zeros156-371	0.0000	0.000000e0	0.000000e0	0.000000e0	1.0000	0.000000e0	0.000000e0	-	1	1	0.000000e0	0.000000e0	0.000000e0	0.000000e0	-	-	-	-
301	zeros156-371	0.0000	0.000000e0	0.000000e0	0.000000e0	1.0000	0.000000e0	0.000000e0	-	1	1	0.000000e0	0.000000e0	0.000000e0	0.000000e0	-	-	-	-
302	zeros156-371	0.0000	0.000000e0	0.000000e0	0.000000e0	1.0000	0.000000e0	0.000000e0	-	1	1	0.000000e0	0.000000e0	0.000000e0	0.000000e0	-	-	-	-
303	zeros156-371	0.0000	0.000000e0	0.000000e0	0.000000e0	1.0000	0.000000e0	0.000000e0	-	1	1	0.000000e0	0.000000e0	0.000000e0	0.000000e0	-	-	-	-
304	zeros156-371	0.0000	0.000000e0	0.000000e0	0.000000e0	1.0000	0.000000e0	0.000000e0	-	1	1	0.000000e0	0.000000e0	0.000000e0	0.000000e0	-	-	-	-
305	zeros156-371	0.0000	0.000000e0	0.000000e0	0.000000e0	1.0000	0.000000e0	0.000000e0	-	1	1	0.000000e0	0.000000e0	0.000000e0	0.000000e0	-	-	-	-
306	zeros156-371	0.0000	0.000000e0	0.000000e0	0.000000e0	1.0000	0.000000e0	0.000000e0	-	1	1	0.000000e0	0.000000e0	0.000000e0	0.000000e0	-	-	-	-
307	zeros156-371	0.0000	0.000000e0	0.000000e0	0.000000e0	1.0000	0.000000e0	0.000000e0	-	1	1	0.000000e0	0.000000e0	0.000000e0	0.000000e0	-	-	-	-
308	zeros156-371	0.0000	0.000000e0	0.000000e0	0.000000e0	1.0000	0.000000e0	0.000000e0	-	1	1	0.000000e0	0.000000e0	0.000000e0	0.000000e0	-	-	-	-
309	zeros156-371	0.0000	0.000000e0	0.000000e0	0.000000e0	1.0000	0.000000e0	0.000000e0	-	1	1	0.000000e0	0.000000e0	0.000000e0	0.000000e0	-	-	-	-
310	zeros156-371	0.0000	0.000000e0	0.000000e0	0.000000e0	1.0000	0.000000e0	0.000000e0	-	1	1	0.000000e0	0.000000e0	0.000000e0	0.000000e0	-	-	-	-
311	zeros156-371	0.0000	0.000000e0	0.000000e0	0.000000e0	1.0000	0.000000e0	0.000000e0	-	1	1	0.000000e0	0.000000e0	0.000000e0	0.000000e0	-	-	-	-
312	zeros156-371	0.0000	0.000000e0	0.000000e0	0.000000e0	1.0000	0.000000e0	0.000000e0	-	1	1	0.000000e0	0.000000e0	0.000000e0	0.000000e0	-	-	-	-
313	zeros156-371	0.0000	0.000000e0	0.000000e0	0.000000e0	1.0000	0.000000e0	0.000000e0	-	1	1	0.000000e0	0.000000e0	0.000000e0	0.000000e0	-	-	-	-
314	zeros156-371	0.0000	0.000000e0	0.000000e0	0.000000e0	1.0000	0.000000e0	0.000000e0	-	1	1	0.000000e0	0.000000e0	0.000000e0	0.000000e0	-	-	-	-
315	zeros156-371	0.0000	0.000000e0	0.000000e0	0.000000e0	1.0000	0.000000e0	0.000000e0	-	1	1	0.000000e0	0.000000e0	0.000000e0	0.000000e0	-	-	-	-
316	zeros156-371	0.0000	0.000000e0	0.000000e0	0.000000e0	1.0000	0.000000e0	0.000000e0	-	1	1	0.000000e0	0.000000e0	0.000000e0	0.000000e0	-	-	-	-
317	zeros156-371	0.0000	0.000000e0	0.000000e0	0.000000e0	1.0000	0.000000e0	0.000000e0	-	1	1	0.000000e0	0.000000e0	0.000000e0	0.000000e0	-	-	-	-
318	zeros156-371	0.0000	0.000000e0	0.000000e0	0.000000e0	1.0000	0.000000e0	0.000000e0	-	1	1	0.000000e0	0.000000e0	0.000000e0	0.000000e0	-	-	-	-
319	zeros156-371	0.0000	0.000000e0	0.000000e0	0.000000e0	1.0000	0.000000e0	0.000000e0	-	1	1	0.000000e0	0.000000e0	0.000000e0	0.000000e0	-	-	-	-
320	zeros156-371	0.0000	0.000000e0	0.000000e0	0.000000e0	1.0000	0.000000e0	0.000000e0	-	1	1	0.000000e0	0.000000e0	0.000000e0	0.000000e0	-	-	-	-
321	zeros156-371	0.0000	0.000000e0	0.000000e0	0.000000e0	1.0000	0.000000e0	0.000000e0	-	1	1	0.000000e0	0.000000e0	0.000000e0	0.000000e0	-	-	-	-
322	zeros156-371	0.0000	0.000000e0	0.000000e0	0.000000e0	1.0000	0.000000e0	0.000000e0	-	1	1	0.000000e0	0.000000e0	0.000000e0	0.000000e0	-	-	-	-
323	zeros156-371	0.0000	0.000000e0	0.000000e0	0.000000e0	1.0000	0.000000e0	0.000000e0	-	1	1	0.000000e0	0.000000e0	0.000000e0	0.000000e0	-	-	-	-
324	zeros156-371	0.0000	0.000000e0	0.000000e0	0.000000e0	1.0000	0.000000e0	0.000000e0	-	1	1	0.000000e0	0.000000e0	0.000000e0	0.000000e0	-	-	-	-
325	zeros156-371	0.0000	0.000000e0	0.000000e0	0.000000e0	1.0000	0.000000e0	0.000000e0	-	1	1	0.000000e0	0.000000e0	0.000000e0	0.000000e0	-	-	-	-
326	zeros156-371	0.0000	0.000000e0	0.000000e0	0.000000e0	1.0000	0.000000e0	0.000000e0	-	1	1	0.000000e0	0.000000e0	0.000000e0	0.000000e0	-	-	-	-
327	zeros156-371	0.0000	0.000000e0	0.000000e0	0.000000e0	1.0000	0.000000e0	0.000000e0	-	1	1	0.000000e0	0.000000e0	0.000000e0	0.000000e0	-	-	-	-
328	zeros156-371	0.0000	0.000000e0	0.000000e0	0.000000e0	1.0000	0.000000e0	0.000000e0	-	1	1	0.000000e0	0.000000e0	0.000000e0	0.000000e0	-	-	-	-
329	zeros156-371	0.0000	0.000000e0	0.000000e0	0.000000e0	1.0000	0.000000e0	0.000000e0	-	1	1	0.000000e0	0.000000e0	0.000000e0	0.000000e0	-	-	-	-
330	zeros156-371	0.0000	0.000000e0	0.000000e0	0.000000e0	1.0000	0.000000e0	0.000000e0	-	1	1	0.000000e0	0.000000e0	0.000000e0	0.000000e0	-	-	-	-
331	zeros156-371	0.0000	0.000000e0	0.000000e0	0.000000e0	1.0000	0.000000e0	0.000000e0	-	1	1	0.000000e0	0.000000e0	0.000000e0	0.000000e0	-	-	-	-
332	zeros156-371	0.0000	0.000000e0	0.000000e0	0.000000e0	1.0000	0.000000e0	0.000000e0	-	1	1	0.000000e0	0.000000e0	0.000000e0	0.000000e0	-	-	-	-
333	zeros156-371	0.0000	0.000000e0	0.000000e0	0.000000e0	1.0000	0.000000e0	0.000000e0	-	1	1	0.000000e0	0.000000e0	0.000000e0	0.000000e0	-	-	-	-
334	zeros156-371	0.0000	0.000000e0	0.000000e0	0.000000e0	1.0000	0.000000e0	0.000000e0	-	1	1	0.000000e0	0.000000e0	0.000000e0	0.000000e0	-	-	-	-
335	zeros156-371	0.0000	0.000000e0	0.000000e0	0.000000e0	1.0000	0.000000e0	0.000000e0	-	1	1	0.000000e0	0.000000e0	0.000000e0	0.000000e0	-	-	-	-
336	zeros156-371	0.0000	0.000000e0	0.000000e0	0.000000e0	1.0000	0.000000e0	0.000000e0	-	1	1	0.000000e0	0.000000e0	0.000000e0	0.000000e0	-	-	-	-
337	zeros156-371	0.0000	0.000000e0	0.000000e0	0.000000e0	1.0000	0.000000e0	0.000000e0	-	1	1	0.000000e0	0.000000e0	0.000000e0	0.000000e0	-	-	-	-
338	zeros156-371	0.0000	0.000000e0	0.000000e0	0.000000e0	1.0000	0.000000e0	0.000000e0	-	1	1	0.000000e0	0.000000e0	0.000000e0	0.000000e0	-	-	-	-
339	zeros156-371	0.0000	0.000000e0	0.000000e0	0.000000e0	1.0000	0.000000e0	0.000000e0	-	1	1	0.000000e0	0.000000e0	0.000000e0	0.000000e0	-	-	-	-
340	zeros156-371	0.0000	0.000000e0	0.000000e0	0.000000e0	1.0000	0.000000e0	0.000000e0	-	1	1	0.000000e0	0.000000e0	0.000000e0	0.000000e0	-	-	-	-
341	zeros156-371	0.0000	0.000000e0	0.000000e0	0.000000e0	1.0000	0.000000e0	0.000000e0	-	1	1	0.000000e0	0.000000e0	0.000000e0	0.000000e0	-	-	-	-
342	zeros156-371	0.0000	0.000000e0	0.000000e0	0.000000e0	1.0000	0.000000e0	0.000000e0	-	1	1	0.000000e0	0.000000e0	0.000000e0	0.000000e0	-	-	-	-
343	zeros156-371	0.0000	0.000000e0	0.000000e0	0.000000e0	1.0000	0.000000e0	0.000000e0	-	1	1	0.000000e0	0.000000e0	0.000000e0	0.000000e0	-	-	-	-
344	zeros156-371	0.0000	0.000000e0	0.000000e0	0.000000e0	1.0000	0.000000e0	0.000000e0	-	1	1	0.000000e0	0.000000e0	0.000000e0	0.000000e0	-	-	-	-
345	zeros156-371	0.0000	0.000000e0	0.000000e0	0.000000e0	1.0000	0.000000e0	0.000000e0	-	1	1	0.000000e0	0.000000e0	0.000000e0	0.000000e0	-	-	-	-
346	zeros156-371	0.0000	0.000000e0	0.000000e0	0.000000e0	1.0000	0.000000e0	0.000000e0	-	1	1	0.000000e0	0.000000e0	0.000000e0	0.000000e0	-	-	-	-
347	zeros156-371	0.0000	0.000000e0	0.000000e0	0.000000e0	1.0000	0.000000e0	0.000000e0	-	1	1	0.000000e0	0.000000e0	0.000000e0	0.000000e0	-	-	-	-
348	zeros156-371	0.0000	0.000000e0	0.000000e0	0.000000e0	1.0000	0.000000e0	0.000000e0	-	1	1	0.000000e0	0.000000e0	0.000000e0	0.000000e0	-	-	-	-
349	zeros156-371	0.0000	0.000000e0	0.000000e0	0.000000e0	1.0000	0.000000e0	0.000000e0	-	1	1	0.000000e0	0.000000e0	0.000000e0	0.000000e0	-	-	-	-
350	zeros156-371	0.0000	0.000000e0	0.000000e0	0.000000e0	1.0000	0.000000e0	0.000000e0	-	1	1	0.000000e0	0.000000e0	0.000000e0	0.000000e0	-	-	-	-
351	zeros156-371	0.0000	0.000000e0	0.000000e0	0.000000e0	1.0000	0.000000e0	0.000000e0	-	1	1	0.000000e0	0.000000e0	0.000000e0	0.000000e0	-	-	-	-
352	zeros156-371	0.0000	0.000000e0	0.000000e0	0.000000e0	1.0000	0.000000e0	0.000000e0	-	1	1	0.000000e0	0.000000e0	0.000000e0	0.000000e0	-	-	-	-
353	zeros156-371	0.0000	0.000000e0	0.000000e0	0.000000e0	1.0000	0.000000e0	0.000000e0	-	1	1	0.000000e0	0.000000e0	0.000000e0	0.000000e0	-	-	-	-
354	zeros156-371	0.0000	0.000000e0	0.000000e0	0.000000e0	1.0000	0.000000e0	0.000000e0	-	1	1	0.000000e0	0.000000e0	0.000000e0	0.000000e0	-	-	-	-
355	zeros156-371	0.0000	0.000000e0	0.000000e0	0.000000e0	1.0000	0.000000e0	0.000000e0	-	1	1	0.000000e0	0.000000e0	0.000000e0	0.000000e0	-	-	-	-
356	zeros156-371	0.0000	0.000000e0	0.000000e0	0.000000e0	1.0000	0.000000e0	0.000000e0	-	1	1	0.000000e0	0.000000e0	0.000000e0	0.000000e0	-	-	-	-
357	zeros156-371	0.0000	0.000000e0	0.000000e0	0.000000e0	1.0000	0.000000e0	0.000000e0	-	1	1	0.000000e0	0.000000e0	0.000000e0	0.000000e0	-	-	-	-
358	zeros156-371	0.0000	0.000000e0	0.000000e0	0.000000e0	1.0000	0.000000e0	0.000000e0	-	1	1	0.000000e0	0.000000e0	0.000000e0	0.000000e0	-	-	-	-
359	zeros156-371	0.0000	0.000000e0	0.000000e0	0.000000e0	1.0000	0.000000e0	0.000000e0	-	1	1	0.000000e0	0.000000e0	0.000000e0	0.000000e0	-	-	-	-
360	zeros156-371	0.0000	0.000000e0	0.000000e0	0.000000e0	1.0000	0.000000e0	0.000000e0	-	1	1	0.000000e0	0.000000e0	0.000000e0	0.000000e0	-	-	-	-
361	zeros156-371	0.0000	0.000000e0	0.000000e0	0.000000e0	1.0000	0.000000e0	0.000000e0	-	1	1	0.000000e0	0.000000e0	0.000000e0	0.000000e0	-	-	-	-
362	zeros156-371	0.0000	0.000000e0	0.000000e0	0.000000e0	1.0000	0.000000e0	0.000000e0	-	1	1	0.000000e0	0.000000e0	0.000000e0	0.000000e0	-	-	-	-
363	zeros156-371	0.0000	0.000000e0	0.000000e0	0.000000e0	1.0000	0.000000e0	0.000000e0	-	1	1	0.000000e0	0.000000e0	0.000000e0	0.000000e0	-	-	-	-
364	zeros156-371	0.0000	0.000000e0	0.000000e0	0.000000e0	1.0000	0.000000e0	0.000000e0	-	1	1	0.000000e0	0.000000e0	0.000000e0	0.000000e0	-	-	-	-
365	zeros156-371	0.0000	0.000000e0	0.000000e0	0.000000e0	1.0000	0.000000e0	0.000000e0	-	1	1	0.000000e0	0.000000e0	0.000000e0	0.000000e0	-	-	-	-
366	zeros156-371	0.0000	0.000000e0	0.000000e0	0.000000e0	1.0000	0.000000e0	0.000000e0	-	1	1	0.000000e0	0.000000e0	0.000000e0	0.000000e0	-	-	-	-
367	zeros156-371	0.0000	0.000000e0	0.000000e0	0.000000e0	1.0000	0.000000e0	0.000000e0	-	1	1	0.000000e0	0.000000e0	0.000000e0	0.000000e0	-	-	-	-
368	zeros156-371	0.0000	0.000000e0	0.000000e0	0.000000e0	1.0000	0.000000e0	0.000000e0	-	1	1	0.000000e0	0.000000e0	0.000000e0	0.000000e0	-	-	-	-
369	zeros156-371	0.0000	0.000000e0	0.000000e0	0.000000e0	1.0000	0.000000e0	0.000000e0	-	1	1	0.000000e0	0.000000e0	0.000000e0	0.000000e0	-	-	-	-
370	zeros156-371	0.0000	0.000000e0	0.000000e0	0.000000e0	1.0000	0.000000e0	0.000000e0	-	1	1	0.000000e0	0.000000e0	0.000000e0	0.000000e0	-	-	-	-
371	zeros156-371	0.0000	0.000000e0	0.000000e0	0.000000e0	1.0000	0.000000e0	0.000000e0	-	1	1	0.000000e0	0.000000e0	0.000000e0	0.000000e0	-	-	-	-
372	v2-348	1.0000	1.989908e-2	5.778050e-2	2.290017e-2	0.7206	1.528225e0	8.931831e-2	-	0	0	1.262662e-2	1.661115e-2	1.811000e-2	3.331268e-2	-0.000902	0.000060	-0.000197	0.000250
373	v2-348	1.0000	1.844199e-2	6.290960e-2	2.367914e-2	0.6966	1.097113e0	5.918029e-2	-	0	0	1.263589e-2	1.937808e-2	1.744897e-2	2.755590e-2	-0.000161	0.000219	-0.000043	-0.000102
374	v2-348	1.0000	3.104664e-2	1.125958e-1	4.439752e-2	0.6140	1.302785e0	7.225126e-2	-	0	0	1.872488e-2	2.824485e-2	2.597550e-2	5.339645e-2	-0.002783	-0.000182	-0.000327	-0.000361
375	v2-348	1.0000	2.112460e-2	5.646324e-2	2.380688e-2	0.8179	1.620672e0	1.377354e-1	-	0	0	1.375541e-2	2.246823e-2	2.146810e-2	3.204717e-2	0.000736	0.000660	0.000604	-0.000660
376	v2-348	1.0000	2.113997e-2	7.574940e-2	3.609214e-2	0.5387	1.028360e0	5.765128e-2	-	0	0	1.237807e-2	3.201664e-2	3.092222e-2	2.697962e-2	0.000540	-0.000693	-0.001010	-0.001128
377	v2-348	1.0000	8.643457e-3	1.928742e-2	8.473337e-3	0.8246	3.818085e-1	1.321568e-2	-	0	0	4.873634e-3	6.967286e-3	9.080225e-3	1.509009e-2	-	-	-	-
378	v2-348	1.0000	1.011044e-2	4.559153e-2	1.795119e-2	0.5308	1.400097e0	6.248365e-2	-	0	0	1.264267e-2	1.661680e-2	1.354303e-2	2.256391e-3	-	-	-	-
379	v2-348	1.0000	6.642094e-2	2.484665e-1	1.101431e-1	0.5540	1.535773e0	1.213583e-1	-	0	0	3.513632e-2	5.886483e-2	4.420608e-2	1.267353e-1	0.006556	-0.001404	-0.002487	-0.006961
380	v2-348	1.0000	3.761307e-2	1.311700e-1	5.811243e-2	0.5304	1.351141e0	8.998695e-2	-	0	0	2.130105e-2	4.133337e-2	3.854338e-2	6.142788e-2	0.002270	-0.000768	-0.001348	-0.001694
381	v2-348	1.0000	2.287184e-2	7.246208e-2	2.660833e-2	0.7785	1.659126e0	7.884894e-2	-	0	0	1.493514e-2	2.127711e-2	2.401115e-2	3.558381e-2	-0.001714	0.000203	0.000277	0.000183
382	v2-348	1.0000	2.687559e-2	7.490683e-2	3.524512e-2	0.5557	1.409968e0	5.081897e-2	-	0	0	2.470757e-2	3.353799e-2	3.226610e-2	2.563991e-2	0.004931	0.001397	0.000668	0.000039
383	v2-348	1.0000	5.498881e-2	1.885277e-1	8.642016e-2	0.5163	1.637050e0	9.652249e-2	-	0	0	4.248731e-2	5.087996e-2	4.265626e-2	8.078467e-2	0.011935	0.001378	-0.001064	-0.001440
384	v2-348	1.0000	2.236411e-2	6.133199e-2	2.546906e-2	0.6990	1.652476e0	9.753477e-2	-	0	0	1.362972e-2	1.901116e-2	2.045667e-2	3.814610e-2	-0.001601	-0.000068	-0.000228	0.000241
385	v2-348	1.0000	2.597604e-2	6.532431e-2	2.997300e-2	0.8165	1.844086e0	1.735235e-1	-	0	0	1.602081e-2	2.659636e-2	2.523385e-2	4.165165e-2	0.000668	0.000719	0.000584	-0.000844
386	v2-348	1.0000	2.616356e-2	9.518147e-2	4.607943e-2	0.5253	1.036446e0	6.980940e-2	-	0	0	1.419332e-2	3.973028e-2	3.788012e-2	3.526121e-2	0.000580	-0.001263	-0.001397	-0.001756
387	v2-348	1.0000	3.402085e-3	6.765842e-3	4.236684e-3	0.5976	3.605943e-1	1.626460e-2	-	0	0	2.547059e-3	3.133688e-3	4.182377e-3	4.571841e-3	-	-	-	-
388	v2-348	1.0000	1.659555e-2	5.019975e-2	2.031837e-2	0.7047	1.252365e0	4.772905e-2	-	0	0	1.121918e-2	1.487420e-2	1.405664e-2	2.666717e-2	-0.002579	-0.000070	0.000060	0.000092
389	v2-348	1.0000	1.404203e-2	3.927970e-2	1.522864e-2	0.7919	1.315277e0	9.574966e-2	-	0	0	9.440887e-3	1.400515e-2	1.193886e-2	2.205654e-2	-	-	-	-
390	v2-348	1.0000	1.133776e-2	3.820419e-2	1.720764e-2	0.6310	1.159065e0	4.185820e-2	-	0	0	1.148736e-2	1.526886e-2	1.391403e-2	8.580935e-3	-	-	-	-
391	v2-348	1.0000	4.792308e-3	1.084328e-2	5.123288e-3	0.7830	4.164223e-1	1.043201e-2	-	0	0	3.296714e-3	3.757853e-3	4.234194e-3	7.764461e-3	-	-	-	-
392	v2-348	1.0000	3.651636e-3	9.514332e-3	4.502319e-3	0.6328	5.983898e-1	6.985973e-3	-	0	0	3.064217e-3	2.886448e-3	3.301699e-3	5.011279e-3	-	-	-	-
393	v2-348	1.0000	1.224732e-2	4.694963e-2	2.047275e-2	0.5685	7.236837e-1	2.321063e-2	-	0	0	9.435797e-3	1.988949e-2	2.305383e-2	9.662287e-3	-	-	-	-
394	v2-348	1.0000	1.822921e-2	5.096579e-2	2.587559e-2	0.5666	2.135009e0	6.672987e-2	-	0	0	1.435792e-2	2.145638e-2	2.091721e-2	2.203951e-2	0.000145	0.000813	0.000203	0.000910
395	v2-348	1.0000	1.015793e-2	2.551091e-2	1.181839e-2	0.6768	6.774850e-1	2.050475e-2	-	0	0	7.360264e-3	8.021637e-3	9.754441e-3	1.556635e-2	-	-	-	-
396	v2-348	1.0000	5.730519e-3	1.571083e-2	6.287451e-3	0.7783	6.030697e-1	1.233096e-2	-	0	0	4.695321e-3	4.639865e-3	5.515725e-3	7.876662e-3	-	-	-	-
397	v2-348	1.0000	5.979557e-2	1.621399e-1	7.908073e-2	0.6663	2.147953e0	9.984212e-2	-	0	0	4.804233e-2	7.027404e-2	5.442870e-2	7.599950e-2	0.004844	-0.000330	0.000202	0.005171
398	v2-348	1.0000	1.510870e-2	4.782820e-2	2.095936e-2	0.6545	9.353013e-1	3.920935e-2	-	0	0	1.179344e-2	1.603094e-2	1.721829e-2	1.918463e-2	-	-	-	-
399	v2-348	1.0000	2.691062e-2	1.094544e-1	4.254843e-2	0.6323	1.933073e0	1.576879e-1	-	0	0	2.634069e-2	4.534927e-2	4.194419e-2	1.490898e-2	0.004362	0.001001	0.001003	-0.001028
400	v2-348	1.0000	1.851141e-2	4.691124e-2	2.022553e-2	0.8373	6.527896e-1	3.040320e-2	-	0	0	1.201739e-2	1.159689e-2	1.527725e-2	3.268881e-2	-0.002057	-0.000295	-0.000391	0.000594
401	v2-348	1.0000	2.293993e-2	8.199716e-2	4.061122e-2	0.5597	1.556851e0	9.323402e-2	-	0	0	1.796437e-2	3.095628e-2	4.629336e-2	1.905272e-2	0.004819	0.001896	0.002120	-0.000110
402	v2-348	1.0000	2.925310e-2	1.194732e-1	4.589686e-2	0.7672	1.759589e0	1.085554e-1	-	0	0	3.137014e-2	4.015566e-2	5.387625e-2	1.258577e-2	0.013421	0.002774	0.003006	-0.000354
403	v2-348	1.0000	5.806403e-2	1.741490e-1	7.141444e-2	0.6482	2.216030e0	1.751519e-1	-	0	0	2.911404e-2	4.538840e-2	3.357089e-2	1.175997e-1	-0.003545	-0.000631	-0.000061	-0.001356
404	v2-348	1.0000	3.161762e-2	1.295559e-1	6.051574e-2	0.7614	2.346198e0	1.377664e-1	-	0	0	3.447090e-2	4.213401e-2	5.486284e-2	1.444846e-2	0.003545	0.001031	0.002447	-0.000669
405	v2-348	1.0000	1.992833e-2	6.050730e-2	3.396162e-2	0.6954	1.577273e0	9.502172e-2	-	0	0	1.846364e-2	3.218789e-2	2.873647e-2	1.408725e-2	-0.004414	-0.000650	-0.000823	0.000405
406	v2-348	1.0000	9.292411e-3	2.715063e-2	1.131795e-2	0.7217	1.252157e0	3.458833e-2	-	0	0	7.020487e-3	1.077760e-2	9.525262e-3	1.218159e-2	-	-	-	-
407	v2-348	1.0000	3.946221e-2	1.075215e-1	5.263105e-2	0.5098	1.940647e0	1.381558e-1	-	0	0	3.422208e-2	4.427380e-2	5.302562e-2	4.083811e-2	0.001614	-0.000730	-0.000756	0.000174
408	v2-348	1.0000	3.449140e-2	1.152391e-1	4.686345e-2	0.6613	1.241191e0	7.372644e-2	-	0	0	2.254096e-2	3.283191e-2	2.707747e-2	5.664672e-2	0.005971	0.001423	-0.000344	0.001458
409	v2-348	1.0000	3.173091e-2	1.171856e-1	4.473606e-2	0.6714	1.221251e0	8.519626e-2	-	0	0	2.373467e-2	4.586687e-2	3.553109e-2	3.722265e-2	0.005622	0.000596	-0.000158	0.002517
410	v2-348	1.0000	4.267503e-2	1.008062e-1	4.390538e-2	0.7886	1.917443e0	1.202405e-1	-	0	0	2.888897e-2	3.762559e-2	3.897047e-2	6.773867e-2	-0.001227	0.000695	0.001477	-0.000756
411	v2-348	1.0000	4.987558e-2	1.353288e-1	6.772454e-2	0.5445	1.712882e0	1.014451e-1	-	0	0	4.448387e-2	5.635844e-2	5.375259e-2	5.433161e-2	-0.013301	-0.004718	-0.002056	-0.000957
412	v2-348	1.0000	3.590519e-2	1.549562e-1	6.408319e-2	0.5063	1.957838e0	1.067187e-1	-	0	0	3.788802e-2	5.753613e-2	6.971840e-2	1.178358e-2	-0.010738	-0.003622	-0.001786	0.000236
413	v2-348	1.0000	1.453337e-2	4.859328e-2	2.484818e-2	0.5318	1.849714e0	1.384022e-1	-	0	0	1.313962e-2	2.339539e-2	2.753829e-2	8.428314e-3	-	-	-	-
414	v2-348	1.0000	3.366633e-2	1.678040e-1	7.173697e-2	0.7383	2.828022e0	1.566809e-1	-	0	0	3.693988e-2	4.911382e-2	6.368619e-2	1.138708e-2	0.005118	0.001620	0.003163	-0.000520
415	v2-348	1.0000	3.709252e-2	1.047978e-1	5.209268e-2	0.6708	1.728031e0	1.274543e-1	-	0	0	2.583559e-2	5.382337e-2	5.660704e-2	4.096083e-2	0.000612	-0.001066	-0.001817	0.001126
416	v2-348	1.0000	4.031690e-3	1.165149e-2	6.286644e-3	0.6328	1.134665e0	4.046380e-2	-	0	0	4.016141e-3	4.080309e-3	4.001259e-3	4.047572e-3	-	-	-	-
417	v2-348	1.0000	2.389960e-2	7.234931e-2	3.924720e-2	0.6994	1.463228e0	9.591601e-2	-	0	0	1.955902e-2	2.603377e-2	3.531219e-2	2.572201e-2	0.004410	0.001679	0.001364	0.000104
418	v2-348	1.0000	1.995944e-2	6.137848e-2	2.542011e-2	0.7502	1.946250e0	1.187291e-1	-	0	0	1.690933e-2	2.107875e-2	1.206085e-2	2.717182e-2	-0.002282	-0.000936	0.000393	-0.001117
419	v2-348	1.0000	2.635409e-2	7.258543e-2	4.654224e-2	0.6204	1.883966e0	1.155917e-1	-	0	0	2.363298e-2	4.486906e-2	3.047167e-2	2.166733e-2	-0.007732	-0.001003	-0.000333	-0.000705
420	v2-348	1.0000	1.538625e-2	4.057837e-2	1.679711e-2	0.7247	1.376578e0	3.699599e-2	-	0	0	7.393174e-3	1.254915e-2	1.098621e-2	3.069900e-2	-	-	-	-
421	v2-348	1.0000	2.157675e-2	5.972075e-2	2.455939e-2	0.7290	1.477966e0	6.011506e-2	-	0	0	1.544062e-2	2.303774e-2	2.142270e-2	3.069335e-2	0.001364	0.000208	0.000700	-0.000445
422	v2-348	1.0000	3.045260e-2	1.110520e-1	4.549930e-2	0.5830	9.895881e-1	6.275073e-2	-	0	0	2.263742e-2	3.299270e-2	1.946499e-2	4.570696e-2	0.000873	0.000384	0.000109	0.004789
423	v2-348	1.0000	4.458385e-2	1.380248e-1	6.521969e-2	0.6442	1.866644e0	1.240829e-1	-	0	0	4.060579e-2	6.282827e-2	6.987494e-2	3.429705e-2	-0.011542	-0.003927	-0.002852	-0.000747
424	v2-348	1.0000	1.852100e-2	5.143046e-2	2.155961e-2	0.7043	1.471788e0	4.994009e-2	-	0	0	1.400533e-2	2.002248e-2	1.895623e-2	2.485886e-2	0.001218	0.000188	0.000625	-0.000319
425	v2-348	1.0000	1.331693e-2	4.327989e-2	1.676834e-2	0.7490	1.402190e0	4.979517e-2	-	0	0	1.182809e-2	1.847774e-2	1.778255e-2	1.195478e-2	-	-	-	-
426	v2-348	1.0000	6.555923e-2	2.135581e-1	8.824165e-2	0.6401	2.386284e0	1.982531e-1	-	0	0	5.802313e-2	8.131823e-2	7.858057e-2	6.632503e-2	0.006918	-0.000346	-0.002347	0.005145
427	v2-348	1.0000	1.593047e-2	4.210043e-2	1.706283e-2	0.7523	1.100141e0	4.098151e-2	-	0	0	1.158217e-2	1.187134e-2	1.193309e-2	2.585809e-2	-0.002313	-0.000181	-0.000450	0.000096
428	v2-348	1.0000	1.433919e-2	5.770490e-2	3.372699e-2	0.5549	2.262492e0	7.278463e-2	-	0	0	1.710211e-2	2.123979e-2	2.278328e-2	4.144064e-3	-	-	-	-
429	v2-348	1.0000	1.242644e-2	3.180468e-2	1.978181e-2	0.6112	1.523646e0	7.619300e-2	-	0	0	7.754315e-3	1.587011e-2	2.143074e-2	1.511604e-2	-	-	-	-
430	v2-348	1.0000	2.487763e-2	6.576467e-2	2.984193e-2	0.7557	1.850761e0	9.072121e-2	-	0	0	1.737890e-2	2.625244e-2	3.415795e-2	3.274728e-2	0.000854	0.001155	0.001657	0.000385
431	v2-348	1.0000	2.093627e-2	6.124258e-2	2.392833e-2	0.7244	1.058269e0	5.193318e-2	-	0	0	1.491001e-2	2.024002e-2	1.851671e-2	3.157299e-2	0.001561	0.000146	-0.000164	0.000289
432	v2-348	1.0000	2.309944e-2	7.558489e-2	2.897543e-2	0.7111	1.185255e0	5.329755e-2	-	0	0	1.447884e-2	2.151904e-2	1.839623e-2	3.900201e-2	-0.000041	-0.000175	-0.000475	0.000267
433	v2-348	1.0000	1.610418e-2	4.590011e-2	1.797319e-2	0.7882	1.656031e0	1.107672e-1	-	0	0	1.220836e-2	1.955813e-2	1.732339e-2	2.039474e-2	0.000615	0.000486	0.000635	-0.000249
434	v2-348	1.0000	2.982177e-2	8.944130e-2	4.293255e-2	0.6176	1.066192e0	6.504776e-2	-	0	0	2.101210e-2	3.651241e-2	3.566398e-2	3.885599e-2	0.003553	0.000389	-0.000330	-0.002549
435	v2-348	1.0000	1.687367e-3	4.348040e-3	2.382739e-3	0.5534	3.324914e-1	6.451780e-3	-	0	0	1.814236e-3	1.705152e-3	1.698694e-3	1.476552e-3	-	-	-	-
436	v2-348	1.0000	1.567558e-2	5.390868e-2	2.498144e-2	0.6666	1.357470e0	5.243127e-2	-	0	0	1.560823e-2	2.236857e-2	2.121680e-2	1.106914e-2	-	-	-	-
437	v2-348	1.0000	6.911824e-2	2.319908e-1	1.059199e-1	0.5702	1.431394e0	1.067598e-1	-	0	0	4.524478e-2	6.997345e-2	6.573741e-2	1.075460e-1	0.009614	0.000560	-0.001223	-0.009280
438	v2-348	1.0000	3.560423e-2	1.235542e-1	5.521246e-2	0.5207	1.290226e0	8.817893e-2	-	0	0	2.233239e-2	4.257240e-2	4.138046e-2	5.156806e-2	0.002788	-0.000297	-0.000895	-0.001078
439	v2-348	1.0000	3.622302e-2	1.001186e-1	4.023492e-2	0.7530	1.881793e0	9.980717e-2	-	0	0	2.529554e-2	3.602267e-2	4.334313e-2	5.090484e-2	0.000053	0.000866	0.001260	0.000634
440	v2-348	1.0000	2.111180e-2	6.105375e-2	2.903767e-2	0.5893	1.162447e0	5.029425e-2	-	0	0	1.832613e-2	2.594774e-2	2.783575e-2	2.110051e-2	0.004188	0.001415	0.001176	-0.000404
441	v2-348	1.0000	3.530823e-2	1.254816e-1	5.487054e-2	0.5082	1.515359e0	7.403211e-2	-	0	0	2.948577e-2	3.442138e-2	2.918523e-2	4.704571e-2	0.008584	0.001598	-0.000039	-0.002163
442	v2-348	1.0000	2.508845e-2	6.304634e-2	2.829955e-2	0.7509	1.936758e0	1.149404e-1	-	0	0	1.669652e-2	2.391245e-2	3.081873e-2	3.668085e-2	0.000830	0.000940	0.001269	0.000426
443	v2-348	1.0000	2.538369e-2	7.174917e-2	3.039698e-2	0.7548	2.033622e0	1.613958e-1	-	0	0	1.690456e-2	3.131617e-2	2.878369e-2	3.509055e-2	0.001362	0.001156	0.000936	-0.000448
444	v2-348	1.0000	2.527113e-2	8.436036e-2	4.033588e-2	0.6136	1.025814e0	6.057190e-2	-	0	0	1.575414e-2	2.901882e-2	2.668556e-2	3.821265e-2	0.002183	-0.000341	-0.000974	-0.002743
445	v2-348	1.0000	3.333727e-3	9.341389e-3	6.535699e-3	0.7495	3.535158e-1	1.304568e-2	-	0	0	3.403835e-3	3.676034e-3	7.040775e-3	1.739672e-3	-	-	-	-
446	v2-348	1.0000	2.144204e-2	5.729103e-2	2.377165e-2	0.7471	1.454446e0	5.359323e-2	-	0	0	1.330575e-2	1.975057e-2	2.287612e-2	3.439993e-2	-0.000860	0.000468	0.000514	0.000511
447	v2-348	1.0000	1.198778e-2	3.076458e-2	1.269692e-2	0.7589	1.228601e0	7.181803e-2	-	0	0	9.070291e-3	1.232777e-2	1.025164e-2	1.706913e-2	-	-	-	-
448	v2-348	1.0000	1.208273e-2	3.796256e-2	1.985342e-2	0.6190	1.246193e0	4.991710e-2	-	0	0	1.202794e-2	1.678871e-2	1.667468e-2	8.602960e-3	-	-	-	-
449	v2-348	1.0000	6.205945e-3	1.456499e-2	5.704434e-3	0.8475	4.341805e-1	1.159384e-2	-	0	0	4.220095e-3	4.578246e-3	6.310518e-3	9.947962e-3	-	-	-	-
450	v2-348	1.0000	1.112037e-2	3.091741e-2	1.318762e-2	0.6979	7.345974e-1	2.001497e-2	-	0	0	7.077945e-3	7.781819e-3	7.663846e-3	2.007984e-2	-	-	-	-
451	v2-348	1.0000	2.240179e-2	8.516598e-2	3.462603e-2	0.6337	7.416352e-1	3.644419e-2	-	0	0	1.404406e-2	2.442426e-2	1.339510e-2	3.799924e-2	0.002936	0.000808	0.000419	0.004224
452	v2-348	1.0000	2.393779e-2	6.957483e-2	3.132915e-2	0.6394	2.266959e0	8.700773e-2	-	0	0	2.065827e-2	2.979967e-2	2.841083e-2	2.510623e-2	0.000803	0.001585	0.001227	0.001064
453	v2-348	1.0000	1.082768e-2	2.918911e-2	1.325386e-2	0.6373	7.506102e-1	1.902051e-2	-	0	0	7.866289e-3	8.215813e-3	7.991004e-3	1.756876e-2	-	-	-	-
454	v2-348	1.0000	1.218293e-2	3.405678e-2	1.479131e-2	0.6729	6.473379e-1	2.046998e-2	-	0	0	7.732402e-3	8.335046e-3	7.858807e-3	2.230470e-2	-	-	-	-
455	v2-348	1.0000	6.216801e-2	1.625745e-1	7.975341e-2	0.6637	2.112027e0	9.864261e-2	-	0	0	5.032301e-2	7.497519e-2	6.180284e-2	7.576090e-2	0.006397	0.000107	0.000637	0.004838
456	v2-348	1.0000	1.659522e-2	4.548502e-2	2.125980e-2	0.6619	1.112074e0	5.246489e-2	-	0	0	1.220965e-2	1.601477e-2	2.105328e-2	2.210834e-2	0.000663	-0.000760	-0.000371	-0.000863
457	v2-348	1.0000	2.448270e-2	1.170385e-1	4.498063e-2	0.6022	1.852259e0	1.493023e-1	-	0	0	2.624235e-2	4.457837e-2	4.038627e-2	7.832862e-3	0.005223	0.001357	0.001283	-0.000555
458	v2-348	1.0000	1.449863e-2	3.512383e-2	1.740878e-2	0.8260	6.518799e-1	2.228192e-2	-	0	0	1.026957e-2	9.503057e-3	1.175979e-2	2.415976e-2	-	-	-	-
459	v2-348	1.0000	4.314714e-3	1.333618e-2	6.560485e-3	0.5050	9.722611e-1	4.168358e-2	-	0	0	4.232702e-3	5.233038e-3	6.315544e-3	3.346810e-3	-	-	-	-
460	v2-348	1.0000	8.450603e-3	2.763605e-2	1.062085e-2	0.7273	8.958933e-1	3.214834e-2	-	0	0	7.124503e-3	1.081533e-2	1.015165e-2	8.964405e-3	-	-	-	-
461	v2-348	1.0000	2.447006e-2	6.537151e-2	3.004318e-2	0.6282	1.171346e0	5.229442e-2	-	0	0	1.531343e-2	2.373700e-2	2.761515e-2	3.802478e-2	-0.003214	-0.000251	-0.000559	-0.000571
462	v2-348	1.0000	8.517127e-3	2.064228e-2	1.008283e-2	0.7671	8.062713e-1	2.933272e-2	-	0	0	5.921667e-3	8.838873e-3	9.289656e-3	1.218872e-2	-	-	-	-
463	v2-348	1.0000	1.186653e-2	5.611897e-2	2.694813e-2	0.5329	9.115936e-1	3.220551e-2	-	0	0	8.312480e-3	2.395279e-2	2.928169e-2	6.256918e-3	-	-	-	-
464	v2-348	1.0000	3.976412e-3	8.973837e-3	5.175899e-3	0.6847	2.933852e-1	9.519523e-3	-	0	0	2.925600e-3	3.132453e-3	2.990158e-3	6.327602e-3	-	-	-	-
465	v2-348	1.0000	1.824460e-2	4.890415e-2	2.300528e-2	0.6772	9.498210e-1	4.432447e-2	-	0	0	1.467858e-2	1.859548e-2	1.551558e-2	2.470190e-2	0.003112	0.000309	0.000425	0.000712
466	v2-348	1.0000	5.122158e-2	1.631150e-1	7.387695e-2	0.5040	1.010412e0	7.958021e-2	-	0	0	3.057722e-2	5.114470e-2	5.105451e-2	8.378048e-2	0.005929	-0.000980	-0.001331	-0.001415
467	v2-348	1.0000	1.589053e-2	6.250596e-2	2.565504e-2	0.5255	9.425271e-1	4.794800e-2	-	0	0	9.366598e-3	1.527772e-2	1.348713e-2	2.727041e-2	0.000911	-0.000544	-0.000836	-0.000360
468	v2-348	1.0000	1.004558e-2	2.638698e-2	1.123720e-2	0.7216	1.127807e0	2.683126e-2	-	0	0	7.606266e-3	8.968691e-3	1.026974e-2	1.423506e-2	-	-	-	-
469	v2-348	1.0000	1.366285e-2	3.848076e-2	1.911246e-2	0.5755	8.819889e-1	2.590791e-2	-	0	0	1.240254e-2	1.932298e-2	1.957882e-2	1.121333e-2	-	-	-	-
470	v2-348	1.0000	5.396530e-3	1.938081e-2	8.947308e-3	0.5336	8.941364e-1	2.644871e-2	-	0	0	5.809643e-3	7.960469e-3	9.132613e-3	2.355975e-3	-	-	-	-
471	v2-348	1.0000	5.454720e-3	1.607573e-2	7.841045e-3	0.7246	8.849384e-1	3.644643e-2	-	0	0	5.440372e-3	6.821446e-3	8.348651e-3	3.875255e-3	-	-	-	-
472	v2-348	1.0000	4.106600e-3	1.501745e-2	8.162743e-3	0.6927	8.485123e-1	1.988002e-2	-	0	0	3.608956e-3	5.549810e-3	6.747559e-3	3.348176e-3	-	-	-	-
473	v2-348	1.0000	3.577355e-3	1.190698e-2	6.584829e-3	0.5276	8.269355e-1	2.564727e-2	-	0	0	3.741181e-3	4.787066e-3	4.974410e-3	2.324407e-3	-	-	-	-
474	v2-348	1.0000	6.921550e-3	1.625156e-2	8.342705e-3	0.7373	3.474495e-1	1.624619e-2	-	0	0	3.802072e-3	5.030348e-3	4.161570e-3	1.359259e-2	-	-	-	-
475	v2-348	1.0000	1.051702e-2	2.657199e-2	1.514730e-2	0.6877	8.632302e-1	2.760567e-2	-	0	0	8.501770e-3	1.142050e-2	1.387421e-2	1.210315e-2	-	-	-	-
476	v2-348	1.0000	5.395456e-3	1.657200e-2	1.077282e-2	0.6402	7.200997e-1	1.856556e-2	-	0	0	5.052656e-3	7.994913e-3	9.462725e-3	3.409164e-3	-	-	-	-
477	v2-348	1.0000	1.554266e-2	5.573884e-2	2.598247e-2	0.5658	1.065367e0	3.669276e-2	-	0	0	1.133582e-2	2.602975e-2	2.928806e-2	1.293718e-2	-	-	-	-
478	v2-348	1.0000	3.062308e-3	6.674051e-3	5.212634e-3	0.5663	3.303329e-1	1.481010e-2	-	0	0	2.790829e-3	2.434892e-3	2.527030e-3	3.936755e-3	-	-	-	-
479	v2-348	1.0000	3.431111e-3	9.029865e-3	5.061765e-3	0.6872	4.248241e-1	1.055592e-2	-	0	0	3.562152e-3	2.997821e-3	3.364617e-3	3.424011e-3	-	-	-	-
480	v2-348	1.0000	1.670364e-2	6.763114e-2	2.530285e-2	0.6656	5.677560e-1	2.147082e-2	-	0	0	8.335743e-3	1.396048e-2	1.091683e-2	3.307137e-2	0.002289	0.000692	0.000607	0.001555
481	v2-348	1.0000	1.500346e-2	4.675007e-2	2.086810e-2	0.5569	2.134569e0	4.251294e-2	-	0	0	1.370644e-2	1.661852e-2	1.893528e-2	1.496428e-2	-	-	-	-
482	v2-348	1.0000	7.714640e-3	2.071667e-2	9.141327e-3	0.6836	4.631886e-1	1.084102e-2	-	0	0	5.599026e-3	5.881244e-3	6.203210e-3	1.233035e-2	-	-	-	-
483	v2-348	1.0000	4.104517e-3	1.063788e-2	4.424893e-3	0.7738	3.973581e-1	9.411603e-3	-	0	0	3.230050e-3	3.454316e-3	3.443007e-3	5.982298e-3	-	-	-	-
484	v2-348	1.0000	4.744750e-2	1.353177e-1	6.463091e-2	0.6121	1.966265e0	1.062096e-1	-	0	0	4.010350e-2	5.118660e-2	4.055679e-2	5.998982e-2	0.007363	0.000260	-0.000101	0.005858
485	v2-348	1.0000	1.117686e-2	3.660870e-2	1.652824e-2	0.6488	8.783553e-1	3.026831e-2	-	0	0	9.180657e-3	1.046633e-2	9.246908e-3	1.530359e-2	-	-	-	-
486	v2-348	1.0000	1.245423e-2	3.413987e-2	1.448039e-2	0.7323	1.204783e0	7.969610e-2	-	0	0	9.139842e-3	1.546873e-2	1.124993e-2	1.688743e-2	-	-	-	-
487	v2-348	1.0000	3.732345e-3	9.253502e-3	5.425004e-3	0.6952	4.740913e-1	1.089331e-2	-	0	0	3.502225e-3	3.673201e-3	3.052198e-3	4.365014e-3	-	-	-	-
488	v2-348	1.0000	5.439691e-3	2.226210e-2	1.051985e-2	0.7895	1.570642e0	3.542038e-2	-	0	0	4.774146e-3	8.262230e-3	1.155767e-2	3.126548e-3	-	-	-	-
489	v2-348	1.0000	1.298893e-2	5.302243e-2	2.385097e-2	0.6640	1.871542e0	6.840183e-2	-	0	0	1.583237e-2	1.814708e-2	1.409693e-2	6.033359e-3	-	-	-	-
490	v2-348	1.0000	3.294475e-2	9.640792e-2	4.599686e-2	0.5504	2.100241e0	8.601233e-2	-	0	0	2.573005e-2	4.144891e-2	4.599977e-2	3.612050e-2	-0.004302	-0.001900	-0.001935	0.000388
491	v2-348	1.0000	3.007069e-2	8.698130e-2	4.037547e-2	0.7893	1.949110e0	1.503699e-1	-	0	0	2.506853e-2	3.747015e-2	4.081360e-2	3.105187e-2	-0.000194	0.000561	0.001485	-0.000896
492	v2-348	1.0000	3.262140e-2	1.283374e-1	6.728325e-2	0.6335	1.396488e0	6.950907e-2	-	0	0	2.457892e-2	6.547092e-2	6.286100e-2	2.103662e-2	-0.011107	-0.001748	-0.001685	-0.000213
493	v2-348	1.0000	1.304271e-2	2.829504e-2	1.612812e-2	0.7158	1.094383e0	4.270936e-2	-	0	0	8.617213e-3	1.199150e-2	1.104293e-2	2.115279e-2	-	-	-	-
494	v2-348	1.0000	1.034966e-2	3.889132e-2	1.634768e-2	0.5373	1.326224e0	6.947069e-2	-	0	0	1.019672e-2	1.662945e-2	1.943304e-2	4.758770e-3	-	-	-	-
495	v2-348	1.0000	1.944559e-2	8.342123e-2	3.799257e-2	0.5676	9.177880e-1	5.792697e-2	-	0	0	1.454226e-2	3.943937e-2	4.164903e-2	1.102886e-2	-0.004082	-0.000971	-0.001146	-0.000097
496	v2-348	1.0000	1.402615e-2	6.461263e-2	3.171458e-2	0.5246	1.063674e0	3.790929e-2	-	0	0	1.157299e-2	3.375741e-2	2.936546e-2	4.353656e-3	-	-	-	-
497	v2-348	1.0000	2.068402e-2	4.816389e-2	3.144771e-2	0.6570	1.851524e0	4.632824e-2	-	0	0	1.658231e-2	2.127344e-2	2.206658e-2	2.639503e-2	-0.002430	-0.000234	-0.000360	0.000164
498	v2-348	1.0000	9.383687e-2	2.677388e-1	1.249305e-1	0.5194	2.193512e0	1.864248e-1	-	0	0	7.235539e-2	9.508959e-2	9.275146e-2	1.275091e-1	-0.024475	-0.006835	-0.002287	-0.001662
499	v2-348	1.0000	9.480888e-2	2.609081e-1	1.318751e-1	0.5147	1.922334e0	1.389589e-1	-	0	0	7.095430e-2	1.201418e-1	1.285492e-1	1.098542e-1	-0.025792	-0.005909	-0.002044	-0.001084
500	v2-348	1.0000	9.166882e-3	4.166669e-2	1.907004e-2	0.5589	1.717802e0	6.965399e-2	-	0	0	9.693551e-3	1.526527e-2	1.757481e-2	2.825551e-3	-	-	-	-
501	v2-348	1.0000	2.675704e-2	8.289814e-2	3.595180e-2	0.7841	2.469815e0	1.535165e-1	-	0	0	2.353632e-2	3.502601e-2	3.890200e-2	2.407676e-2	-0.000572	0.000455	0.001301	-0.000672
502	v2-348	1.0000	3.925418e-2	1.934909e-1	9.704890e-2	0.5841	1.690657e0	9.121907e-2	-	0	0	3.108532e-2	8.678546e-2	9.587676e-2	1.236640e-2	-0.009821	-0.001876	-0.002012	0.000234
503	v2-348	1.0000	7.288848e-3	1.595688e-2	8.628936e-3	0.6797	9.906624e-1	5.004895e-2	-	0	0	4.799659e-3	5.452469e-3	5.442628e-3	1.261481e-2	-	-	-	-
504	v2-348	1.0000	1.841805e-2	4.615879e-2	2.408461e-2	0.8240	1.568471e0	6.823684e-2	-	0	0	1.186122e-2	2.232318e-2	2.835900e-2	2.354547e-2	0.002463	0.000103	-0.000401	0.000314
505	v2-348	1.0000	2.577812e-2	7.258415e-2	3.765561e-2	0.6454	1.741773e0	1.238965e-1	-	0	0	2.032300e-2	2.883313e-2	2.423140e-2	3.368599e-2	-0.006097	-0.001850	-0.000569	-0.000846
506	v2-348	1.0000	4.219883e-2	1.451931e-1	8.496791e-2	0.6232	1.652723e0	9.389471e-2	-	0	0	2.833433e-2	8.406014e-2	7.363116e-2	3.570071e-2	-0.012837	-0.002143	-0.001709	-0.000381
507	v2-348	1.0000	1.079841e-2	2.327108e-2	1.301744e-2	0.6938	1.170984e0	3.853403e-2	-	0	0	7.448896e-3	1.002989e-2	1.057817e-2	1.645625e-2	-	-	-	-
508	v2-348	1.0000	2.020609e-2	5.620670e-2	2.294393e-2	0.7015	1.146419e0	6.812209e-2	-	0	0	1.095963e-2	1.916033e-2	1.550997e-2	3.687464e-2	-0.000056	-0.000087	0.000022	-0.000430
509	v2-348	1.0000	9.215763e-3	3.477146e-2	1.469122e-2	0.5147	6.976084e-1	3.583976e-2	-	0	0	1.018133e-2	1.187847e-2	7.953207e-3	7.081022e-3	-	-	-	-
510	v2-348	1.0000	6.739360e-2	1.994029e-1	9.701946e-2	0.6525	1.942941e0	1.233721e-1	-	0	0	5.072835e-2	9.780819e-2	1.007686e-1	6.921422e-2	-0.019418	-0.003976	-0.003846	-0.000965
511	v2-348	1.0000	2.154047e-2	6.035089e-2	2.602369e-2	0.6391	1.257120e0	6.355721e-2	-	0	0	1.176122e-2	1.765765e-2	1.430748e-2	4.111269e-2	-0.000162	-0.000168	-0.000248	-0.000231
512	v2-348	1.0000	1.620167e-2	4.347801e-2	1.726252e-2	0.7724	1.102123e0	6.617303e-2	-	0	0	9.912217e-3	1.824662e-2	1.470678e-2	2.581048e-2	0.000718	-0.000019	0.000288	-0.000407
513	v2-348	1.0000	4.113163e-2	1.759585e-1	7.454643e-2	0.5124	2.311253e0	1.247817e-1	-	0	0	4.501523e-2	6.673578e-2	7.260887e-2	1.326532e-2	0.000927	-0.002118	-0.002605	0.000526
514	v2-348	1.0000	1.794502e-2	4.168463e-2	2.218860e-2	0.6040	8.408664e-1	3.281629e-2	-	0	0	1.217137e-2	1.893186e-2	1.905139e-2	2.622537e-2	-0.003948	-0.000335	-0.000886	0.000071
515	v2-348	1.0000	1.875113e-2	6.128740e-2	2.520458e-2	0.6430	2.049225e0	1.143457e-1	-	0	0	1.394310e-2	1.948072e-2	1.169637e-2	2.857915e-2	-0.002161	-0.000366	-0.000195	-0.001467
516	v2-348	1.0000	9.849903e-3	3.683162e-2	2.909368e-2	0.7269	1.424198e0	5.226266e-2	-	0	0	7.616907e-3	9.461829e-3	2.736657e-2	7.159756e-3	-	-	-	-
517	v2-348	1.0000	6.748642e-3	2.016592e-2	8.268495e-3	0.7789	9.783887e-1	3.261426e-2	-	0	0	5.788179e-3	8.202763e-3	8.312173e-3	7.104794e-3	-	-	-	-
518	v2-348	1.0000	1.235886e-2	3.176069e-2	1.282560e-2	0.8173	7.969807e-1	2.542753e-2	-	0	0	7.723122e-3	1.146423e-2	1.002028e-2	2.085939e-2	-	-	-	-
519	v2-348	1.0000	2.244695e-2	6.133127e-2	2.661408e-2	0.6922	1.008474e0	5.253590e-2	-	0	0	1.163660e-2	2.081466e-2	2.207852e-2	4.024074e-2	-0.002273	-0.000460	-0.000708	-0.000070
520	v2-348	1.0000	4.206327e-3	1.128495e-2	5.944476e-3	0.7135	7.225264e-1	2.451213e-2	-	0	0	3.803628e-3	5.011788e-3	5.317426e-3	4.111281e-3	-	-	-	-
521	v2-348	1.0000	1.976412e-2	7.463884e-2	3.625247e-2	0.5421	9.422233e-1	4.391533e-2	-	0	0	1.282364e-2	3.376851e-2	4.182901e-2	1.701844e-2	0.002042	-0.000199	-0.000164	-0.000652
522	v2-348	1.0000	3.584866e-3	7.688642e-3	5.379695e-3	0.5968	2.920417e-1	1.192794e-2	-	0	0	3.028261e-3	2.691858e-3	4.148462e-3	4.616016e-3	-	-	-	-
523	v2-348	1.0000	1.171583e-2	2.845287e-2	1.395279e-2	0.7004	7.999613e-1	2.755033e-2	-	0	0	9.327796e-3	1.208543e-2	9.758200e-3	1.603293e-2	-	-	-	-
524	v2-348	1.0000	5.881477e-2	1.746538e-1	8.353515e-2	0.5240	1.222608e0	8.502753e-2	-	0	0	4.286759e-2	6.819494e-2	7.584958e-2	7.392587e-2	0.010456	-0.000026	-0.000619	-0.003601
525	v2-348	1.0000	8.882642e-3	3.958988e-2	1.674515e-2	0.5561	9.918847e-1	3.487106e-2	-	0	0	8.478842e-3	1.511300e-2	1.728745e-2	3.952538e-3	-	-	-	-
526	v2-348	1.0000	1.720164e-2	4.498243e-2	1.699513e-2	0.8367	1.171670e0	4.293829e-2	-	0	0	1.141389e-2	1.582340e-2	1.720209e-2	2.686002e-2	-0.000744	0.000206	0.000263	-0.000087
527	v2-348	1.0000	1.302559e-2	3.778124e-2	1.608461e-2	0.7093	8.271561e-1	3.661249e-2	-	0	0	1.033972e-2	1.652903e-2	1.646834e-2	1.458614e-2	-	-	-	-
528	v2-348	1.0000	1.052858e-2	3.700638e-2	1.659928e-2	0.5628	1.095632e0	3.985102e-2	-	0	0	1.155553e-2	1.553633e-2	1.844413e-2	4.019301e-3	-	-	-	-
529	v2-348	1.0000	8.548568e-3	2.391100e-2	1.060785e-2	0.7050	1.123670e0	4.499027e-2	-	0	0	6.614598e-3	9.805400e-3	1.162898e-2	9.964736e-3	-	-	-	-
530	v2-348	1.0000	5.514013e-3	2.189744e-2	9.886191e-3	0.5455	7.773884e-1	3.167847e-2	-	0	0	5.348391e-3	9.287189e-3	1.042041e-2	2.470826e-3	-	-	-	-
531	v2-348	1.0000	1.129056e-2	4.671097e-2	2.312479e-2	0.5645	9.372853e-1	3.341774e-2	-	0	0	8.688170e-3	2.030182e-2	2.681258e-2	6.112412e-3	-	-	-	-
532	v2-348	1.0000	4.970795e-3	1.050329e-2	6.232278e-3	0.6518	2.999920e-1	1.217325e-2	-	0	0	3.172622e-3	3.930527e-3	4.634791e-3	8.340529e-3	-	-	-	-
533	v2-348	1.0000	2.207876e-2	5.194616e-2	2.504629e-2	0.7138	9.986451e-1	4.669472e-2	-	0	0	1.257712e-2	2.070312e-2	2.539069e-2	3.637482e-2	-0.004204	-0.000715	-0.001001	0.000057
534	v2-348	1.0000	1.342408e-2	2.997082e-2	1.854486e-2	0.7851	6.988328e-1	2.843419e-2	-	0	0	8.157341e-3	1.651331e-2	2.133027e-2	1.759045e-2	-	-	-	-
535	v2-348	1.0000	1.227216e-2	4.524136e-2	2.218412e-2	0.5819	1.101926e0	4.280015e-2	-	0	0	1.024985e-2	1.970552e-2	2.020522e-2	9.573262e-3	-	-	-	-
536	v2-348	1.0000	4.980216e-3	1.065564e-2	4.403841e-3	0.8593	2.800904e-1	8.580345e-3	-	0	0	3.185313e-3	4.146584e-3	5.853946e-3	7.822288e-3	-	-	-	-
537	v2-348	1.0000	1.031807e-2	2.831411e-2	1.213028e-2	0.6804	5.515092e-1	2.757986e-2	-	0	0	6.312927e-3	8.650066e-3	7.856868e-3	1.818348e-2	-	-	-	-
538	v2-348	1.0000	3.045133e-2	1.041832e-1	4.502568e-2	0.5685	9.918966e-1	5.273620e-2	-	0	0	2.594918e-2	3.587964e-2	3.230173e-2	3.466961e-2	0.008170	0.001628	0.001741	0.003699
539	v2-348	1.0000	2.117162e-2	6.320190e-2	2.723279e-2	0.6422	2.026438e0	6.441180e-2	-	0	0	1.800763e-2	2.300666e-2	2.287598e-2	2.478840e-2	-0.004571	-0.000143	-0.000170	0.000026
540	v2-348	1.0000	1.463964e-2	3.899240e-2	1.775272e-2	0.7136	5.890178e-1	2.242168e-2	-	0	0	1.022653e-2	1.070068e-2	9.902638e-3	2.488917e-2	-	-	-	-
541	v2-348	1.0000	1.577542e-2	4.154491e-2	1.796070e-2	0.7061	5.047116e-1	3.052498e-2	-	0	0	9.448875e-3	1.243445e-2	1.262274e-2	2.821778e-2	-	-	-	-
542	v2-348	1.0000	4.579785e-2	1.249838e-1	6.180358e-2	0.5830	1.967972e0	1.044090e-1	-	0	0	3.743449e-2	5.187814e-2	4.444406e-2	5.698861e-2	0.008055	0.000488	0.000135	0.005491
543	v2-348	1.0000	7.574595e-3	2.352047e-2	1.196730e-2	0.6255	9.508549e-1	3.225964e-2	-	0	0	7.406750e-3	8.924842e-3	1.159371e-2	5.834741e-3	-	-	-	-
544	v2-348	1.0000	1.693855e-2	4.551816e-2	1.905165e-2	0.7660	1.261378e0	8.866822e-2	-	0	0	1.060330e-2	1.994004e-2	1.607974e-2	2.600249e-2	0.001697	0.000787	0.000023	-0.001394
545	v2-348	1.0000	4.027028e-3	1.011059e-2	5.390246e-3	0.7071	4.171078e-1	1.381608e-2	-	0	0	2.996335e-3	3.660870e-3	4.854720e-3	5.495299e-3	-	-	-	-
546	v2-348	1.0000	1.071903e-2	2.711248e-2	1.227957e-2	0.6871	4.667509e-1	4.694100e-2	-	0	0	4.805011e-3	9.860262e-3	1.039570e-2	2.048387e-2	-	-	-	-
547	v2-348	1.0000	7.682295e-3	1.770592e-2	9.391550e-3	0.6650	5.652062e-1	2.498189e-2	-	0	0	4.843522e-3	7.082001e-3	6.286975e-3	1.289556e-2	-	-	-	-
548	v2-348	1.0000	6.426317e-3	2.204275e-2	1.092972e-2	0.6698	6.932475e-1	2.868691e-2	-	0	0	7.381685e-3	7.547933e-3	1.097219e-2	2.821041e-3	-	-	-	-
549	v2-348	1.0000	1.143812e-2	2.871084e-2	1.203077e-2	0.7558	4.340689e-1	2.746261e-2	-	0	0	5.971623e-3	1.074000e-2	1.137465e-2	2.034001e-2	-	-	-	-
550	v2-348	1.0000	8.069089e-3	2.719361e-2	1.699666e-2	0.5389	9.630670e-1	3.163557e-2	-	0	0	6.450715e-3	9.996196e-3	1.171104e-2	8.514596e-3	-	-	-	-
551	v2-348	1.0000	5.359535e-3	1.306844e-2	6.134904e-3	0.6920	2.899018e-1	1.500426e-2	-	0	0	2.585442e-3	4.018364e-3	3.594329e-3	1.090432e-2	-	-	-	-
552	v2-348	1.0000	7.724354e-3	2.169967e-2	8.618784e-3	0.7205	6.286374e-1	2.234213e-2	-	0	0	5.054515e-3	8.684676e-3	7.223400e-3	1.171751e-2	-	-	-	-
553	v2-348	1.0000	1.357669e-2	4.230082e-2	1.930898e-2	0.5575	7.483005e-1	2.274374e-2	-	0	0	9.132715e-3	1.561559e-2	1.535312e-2	1.909806e-2	-	-	-	-
554	v2-348	1.0000	1.246286e-2	4.388896e-2	2.068512e-2	0.5421	8.570981e-1	4.698838e-2	-	0	0	7.771149e-3	1.611477e-2	1.786073e-2	1.640835e-2	-	-	-	-
555	v2-348	1.0000	3.979746e-3	1.237369e-2	6.796008e-3	0.6239	5.897362e-1	2.179465e-2	-	0	0	3.965986e-3	4.235795e-3	5.426323e-3	3.372953e-3	-	-	-	-
556	v2-348	1.0000	1.088235e-2	3.795135e-2	1.695197e-2	0.6158	7.211345e-1	2.263300e-2	-	0	0	9.073931e-3	1.819093e-2	1.955758e-2	7.628019e-3	-	-	-	-
557	v2-348	1.0000	1.681568e-2	4.916501e-2	2.275261e-2	0.5724	1.038459e0	3.449202e-2	-	0	0	1.419702e-2	1.825762e-2	1.906413e-2	1.953596e-2	-0.001771	0.000275	0.000742	-0.000587
558	v2-348	1.0000	1.070616e-2	2.571821e-2	1.220797e-2	0.6951	4.718327e-1	4.284551e-2	-	0	0	5.237814e-3	1.013703e-2	1.067080e-2	1.954869e-2	-	-	-	-
559	v2-348	1.0000	1.140113e-2	2.937448e-2	1.172197e-2	0.7796	4.910326e-1	2.938454e-2	-	0	0	5.824253e-3	9.966651e-3	9.898704e-3	2.129611e-2	-	-	-	-
560	v2-348	1.0000	9.561729e-3	3.279114e-2	2.031172e-2	0.5209	9.860521e-1	4.357027e-2	-	0	0	8.129515e-3	1.171468e-2	1.361963e-2	9.472336e-3	-	-	-	-
561	v2-348	1.0000	8.204735e-3	1.858091e-2	9.107237e-3	0.7405	2.977255e-1	1.711402e-2	-	0	0	4.284080e-3	6.017340e-3	5.168554e-3	1.635556e-2	-	-	-	-
562	v2-348	1.0000	3.515335e-3	1.045871e-2	5.423969e-3	0.6409	4.323282e-1	1.535693e-2	-	0	0	3.040825e-3	4.362419e-3	5.757098e-3	3.105997e-3	-	-	-	-
563	v2-348	1.0000	6.299465e-3	1.530361e-2	7.944524e-3	0.7453	4.358934e-1	1.466448e-2	-	0	0	4.036803e-3	7.681635e-3	7.002972e-3	9.044802e-3	-	-	-	-
564	v2-348	1.0000	6.124703e-3	1.724727e-2	1.098052e-2	0.6278	9.946125e-1	3.650690e-2	-	0	0	5.859258e-3	8.297813e-3	9.943641e-3	4.278949e-3	-	-	-	-
565	v2-348	1.0000	6.325822e-3	1.272869e-2	9.623822e-3	0.7502	3.306495e-1	1.293404e-2	-	0	0	5.147320e-3	4.377986e-3	3.165324e-3	1.011254e-2	-	-	-	-
566	v2-348	1.0000	5.808941e-3	1.629734e-2	7.237242e-3	0.7023	3.333123e-1	1.554095e-2	-	0	0	4.120591e-3	4.660762e-3	3.980132e-3	9.591395e-3	-	-	-	-
567	v2-348	1.0000	2.928968e-2	1.128836e-1	4.285669e-2	0.6347	6.305254e-1	3.945039e-2	-	0	0	1.612918e-2	2.513971e-2	2.205930e-2	5.428644e-2	0.004962	0.001203	0.000995	0.001511
568	v2-348	1.0000	1.179350e-2	3.846788e-2	2.044178e-2	0.5105	1.544478e0	4.583327e-2	-	0	0	1.018585e-2	1.784851e-2	2.365763e-2	7.571713e-3	-	-	-	-
569	v2-348	1.0000	6.166017e-3	1.571131e-2	6.573130e-3	0.7452	3.537632e-1	1.641879e-2	-	0	0	4.197581e-3	5.065640e-3	5.116154e-3	1.008691e-2	-	-	-	-
570	v2-348	1.0000	1.685101e-3	5.241632e-3	2.606138e-3	0.7143	2.810677e-1	7.325837e-3	-	0	0	1.994099e-3	1.719345e-3	1.469011e-3	1.263765e-3	-	-	-	-
571	v2-348	1.0000	3.980601e-2	1.315055e-1	5.928256e-2	0.5299	1.579730e0	1.229438e-1	-	0	0	3.988275e-2	6.249339e-2	5.826879e-2	2.382802e-2	0.007034	0.000378	-0.000833	0.003330
572	v2-348	1.0000	5.474027e-3	1.611185e-2	8.819563e-3	0.6588	7.696719e-1	2.492097e-2	-	0	0	4.910121e-3	6.242325e-3	6.781727e-3	5.576144e-3	-	-	-	-
573	v2-348	1.0000	1.102474e-2	2.774239e-2	1.445387e-2	0.7400	7.639225e-1	4.186139e-2	-	0	0	6.345426e-3	1.289694e-2	1.120934e-2	1.756134e-2	-	-	-	-
574	v2-348	1.0000	2.859197e-3	6.971121e-3	3.998160e-3	0.6447	3.835803e-1	8.893849e-3	-	0	0	2.136612e-3	2.114523e-3	3.112515e-3	4.204155e-3	-	-	-	-
575	v2-348	1.0000	9.677942e-3	3.936577e-2	2.054189e-2	0.6986	1.484808e0	6.729507e-2	-	0	0	8.917583e-3	1.578533e-2	1.863220e-2	5.158765e-3	-	-	-	-
576	v2-348	1.0000	2.058481e-2	8.345699e-2	3.900189e-2	0.7177	1.677977e0	9.946887e-2	-	0	0	2.207617e-2	2.603836e-2	2.693938e-2	1.373192e-2	0.004376	-0.000607	-0.000680	0.000429
577	v2-348	1.0000	3.036307e-2	1.508234e-1	6.137717e-2	0.5653	1.705986e0	9.385062e-2	-	0	0	3.199131e-2	4.918978e-2	6.061367e-2	9.223991e-3	-0.003967	-0.001722	-0.002851	0.000557
578	v2-348	1.0000	1.772009e-2	5.852699e-2	2.266913e-2	0.7970	1.357057e0	9.380699e-2	-	0	0	1.309757e-2	2.503872e-2	2.764017e-2	1.843552e-2	-0.001071	0.000266	0.000680	-0.000319
579	v2-348	1.0000	2.404893e-2	1.227902e-1	6.683253e-2	0.5835	1.291477e0	5.027642e-2	-	0	0	1.735351e-2	6.241192e-2	6.048387e-2	5.871795e-3	-0.005165	-0.000632	-0.001545	0.000280
580	v2-348	1.0000	1.725419e-2	3.457403e-2	2.054487e-2	0.6768	9.335505e-1	5.191076e-2	-	0	0	1.001541e-2	1.715685e-2	1.479628e-2	2.957008e-2	0.001540	0.000437	0.000986	-0.000237
581	v2-348	1.0000	1.936841e-2	5.691385e-2	2.532646e-2	0.6161	1.208252e0	8.735203e-2	-	0	0	1.448948e-2	2.184652e-2	1.793471e-2	2.656191e-2	-0.002872	-0.001008	0.000009	-0.000470
582	v2-348	1.0000	3.551221e-2	1.083066e-1	6.013544e-2	0.6208	1.019828e0	8.361801e-2	-	0	0	2.101175e-2	6.186873e-2	5.901409e-2	3.914984e-2	-0.007317	-0.001088	-0.001623	-0.000016
583	v2-348	1.0000	3.516545e-2	9.765339e-2	4.935416e-2	0.6414	1.191626e0	5.913561e-2	-	0	0	2.067268e-2	4.815176e-2	4.117195e-2	5.053727e-2	-0.007350	-0.000271	-0.000907	-0.000808
584	v2-348	1.0000	1.974543e-2	5.937509e-2	3.398416e-2	0.7347	1.728385e0	8.419884e-2	-	0	0	1.856355e-2	2.088682e-2	2.595390e-2	1.888988e-2	-0.000153	-0.000131	-0.000566	0.000281
585	v2-348	1.0000	5.694803e-2	1.770087e-1	7.639885e-2	0.5059	1.730361e0	1.723428e-1	-	0	0	3.748797e-2	5.116150e-2	4.300680e-2	9.494852e-2	-0.013758	-0.002282	-0.000928	-0.000327
586	v2-348	1.0000	5.056094e-2	1.383548e-1	6.769769e-2	0.5046	1.312609e0	1.109429e-1	-	0	0	3.370810e-2	6.036026e-2	6.213169e-2	6.891066e-2	-0.009804	-0.001904	-0.000750	-0.000091
587	v2-348	1.0000	6.215656e-3	2.095056e-2	1.444263e-2	0.6966	1.562380e0	9.602581e-2	-	0	0	6.464359e-3	9.166798e-3	1.190145e-2	2.569665e-3	-	-	-	-
588	v2-348	1.0000	2.895685e-2	1.016064e-1	4.056232e-2	0.7809	2.311654e0	1.560626e-1	-	0	0	2.305315e-2	4.352682e-2	4.773054e-2	2.554709e-2	-0.002800	0.000429	0.000773	-0.000508
589	v2-348	1.0000	4.171043e-2	2.018905e-1	1.085430e-1	0.6253	1.721106e0	7.953960e-2	-	0	0	2.835003e-2	9.774883e-2	1.022959e-1	1.811584e-2	-0.009751	-0.000523	-0.002031	0.000447
590	v2-348	1.0000	9.699891e-3	2.081442e-2	1.143370e-2	0.7436	8.731994e-1	4.826064e-2	-	0	0	6.324376e-3	7.491507e-3	6.801236e-3	1.695193e-2	-	-	-	-
591	v2-348	1.0000	1.174510e-2	2.947140e-2	1.870600e-2	0.7272	1.494902e0	8.510173e-2	-	0	0	8.923746e-3	1.467333e-2	1.567373e-2	1.357447e-2	-	-	-	-
592	v2-348	1.0000	1.256200e-2	4.157066e-2	2.302743e-2	0.5882	1.140882e0	4.318119e-2	-	0	0	1.199088e-2	1.648518e-2	1.767938e-2	1.001942e-2	-	-	-	-
593	v2-348	1.0000	2.146909e-2	8.842945e-2	5.250191e-2	0.7836	1.324624e0	5.903496e-2	-	0	0	1.476673e-2	5.203397e-2	4.610515e-2	1.073274e-2	0.000138	-0.000278	-0.000942	0.000357
594	v2-348	1.0000	1.817228e-2	3.552485e-2	2.396132e-2	0.6912	9.441171e-1	4.782603e-2	-	0	0	1.176720e-2	2.122740e-2	1.744552e-2	2.727647e-2	0.002140	0.000334	0.001144	-0.000326
595	v2-348	1.0000	1.587145e-2	4.210949e-2	1.860132e-2	0.6500	9.506064e-1	6.915203e-2	-	0	0	8.833799e-3	1.447336e-2	1.214263e-2	2.885726e-2	-0.000497	-0.000073	-0.000190	-0.000243
596	v2-348	1.0000	2.049432e-2	6.271601e-2	2.923271e-2	0.6723	6.313477e-1	2.719540e-2	-	0	0	9.742119e-3	1.758309e-2	1.615546e-2	4.015404e-2	-0.001788	-0.000096	-0.000221	-0.002208
597	v2-348	1.0000	4.619801e-2	1.390743e-1	6.854723e-2	0.6613	1.313766e0	7.072349e-2	-	0	0	3.017090e-2	7.119151e-2	7.042581e-2	5.252311e-2	-0.011348	-0.001292	-0.002234	-0.000255
598	v2-348	1.0000	2.025775e-2	5.251265e-2	2.446666e-2	0.6446	9.797850e-1	6.693916e-2	-	0	0	1.252328e-2	1.826008e-2	1.366940e-2	3.561942e-2	-0.000584	0.000000	-0.000253	-0.000211
599	v2-348	1.0000	1.181174e-2	3.329349e-2	1.327399e-2	0.7484	8.537552e-1	6.490354e-2	-	0	0	8.126168e-3	1.461576e-2	1.198465e-2	1.641370e-2	-	-	-	-
600	v2-348	1.0000	4.931945e-2	2.167272e-1	9.064135e-2	0.5910	2.290109e0	1.356837e-1	-	0	0	4.920703e-2	8.456595e-2	9.614127e-2	1.827647e-2	-0.005283	-0.002725	-0.002746	-0.000188
601	v2-348	1.0000	2.461645e-2	5.360079e-2	3.059929e-2	0.6474	7.810763e-1	5.149284e-2	-	0	0	1.545710e-2	2.727279e-2	2.348783e-2	3.835905e-2	-0.004769	-0.000167	-0.000909	0.000130
602	v2-348	1.0000	3.872546e-2	1.101558e-1	5.235765e-2	0.6656	1.678685e0	1.355784e-1	-	0	0	2.681330e-2	4.821923e-2	3.561015e-2	5.475938e-2	-0.006261	-0.000810	-0.000812	-0.002020
603	v2-348	1.0000	7.362954e-3	1.816654e-2	2.464149e-2	0.7699	1.292318e0	5.510532e-2	-	0	0	5.581713e-3	1.192882e-2	1.340204e-2	6.129590e-3	-	-	-	-
604	v2-348	1.0000	7.560581e-3	1.711893e-2	1.000630e-2	0.7125	4.446840e-1	2.127507e-2	-	0	0	4.365789e-3	7.694102e-3	9.568936e-3	1.180209e-2	-	-	-	-
605	v2-348	1.0000	1.813193e-3	5.735755e-3	3.293183e-3	0.5988	5.528526e-1	9.894904e-3	-	0	0	1.913523e-3	1.822569e-3	1.801628e-3	1.655821e-3	-	-	-	-
606	v2-348	1.0000	8.037373e-3	1.780024e-2	9.222189e-3	0.7543	7.049816e-1	2.614107e-2	-	0	0	6.715934e-3	6.288020e-3	8.004154e-3	1.083359e-2	-	-	-	-
607	v2-348	1.0000	6.755358e-3	1.865578e-2	7.804372e-3	0.7155	3.766892e-1	2.368281e-2	-	0	0	3.226252e-3	6.160591e-3	6.081895e-3	1.279004e-2	-	-	-	-
608	v2-348	1.0000	1.083281e-2	3.388810e-2	2.348298e-2	0.5435	1.116263e0	6.371530e-2	-	0	0	1.043865e-2	1.476335e-2	1.620855e-2	7.915151e-3	-	-	-	-
609	v2-348	1.0000	6.496727e-3	1.430750e-2	7.229506e-3	0.7259	2.512586e-1	1.352484e-2	-	0	0	3.293148e-3	4.979277e-3	4.818706e-3	1.275645e-2	-	-	-	-
610	v2-348	1.0000	8.510927e-3	2.334762e-2	9.785211e-3	0.7022	5.199122e-1	2.487653e-2	-	0	0	5.012756e-3	8.954940e-3	9.104650e-3	1.361778e-2	-	-	-	-
611	v2-348	1.0000	2.368536e-2	6.946564e-2	3.446858e-2	0.5099	9.519530e-1	5.112404e-2	-	0	0	1.780095e-2	3.017648e-2	3.095855e-2	2.768013e-2	0.004215	-0.000480	-0.000452	0.000090
612	v2-348	1.0000	1.240656e-2	4.893494e-2	2.549935e-2	0.5105	1.001425e0	4.456048e-2	-	0	0	1.069995e-2	2.306387e-2	2.615319e-2	5.799835e-3	-	-	-	-
613	v2-348	1.0000	4.983780e-3	1.074076e-2	4.761423e-3	0.8420	5.578905e-1	1.611930e-2	-	0	0	3.508671e-3	5.074052e-3	5.736229e-3	6.994107e-3	-	-	-	-
614	v2-348	1.0000	1.589242e-2	4.822683e-2	1.784133e-2	0.7404	6.561457e-1	4.319501e-2	-	0	0	9.932890e-3	1.927465e-2	1.715267e-2	2.344260e-2	-0.000764	0.000453	0.000601	-0.000471
615	v2-348	1.0000	1.921345e-2	5.240917e-2	2.656078e-2	0.5544	1.079333e0	3.775622e-2	-	0	0	1.385431e-2	2.370002e-2	2.648555e-2	2.319142e-2	-0.001695	0.000133	0.000596	-0.000456
616	v2-348	1.0000	6.177337e-3	1.481843e-2	7.964393e-3	0.6200	4.972475e-1	2.696414e-2	-	0	0	3.489804e-3	5.359981e-3	5.943823e-3	1.081861e-2	-	-	-	-
617	v2-348	1.0000	1.065277e-2	2.549601e-2	1.333367e-2	0.7103	4.344334e-1	2.570401e-2	-	0	0	5.699581e-3	1.278185e-2	1.499843e-2	1.600598e-2	-	-	-	-
618	v2-348	1.0000	1.350463e-2	5.474496e-2	3.055619e-2	0.5438	1.109386e0	6.939432e-2	-	0	0	1.101720e-2	2.343891e-2	2.985338e-2	7.473091e-3	-	-	-	-
619	v2-348	1.0000	4.887578e-3	1.029682e-2	5.665612e-3	0.6937	2.570452e-1	9.159469e-3	-	0	0	3.066054e-3	4.184408e-3	4.091964e-3	8.324845e-3	-	-	-	-
620	v2-348	1.0000	5.901143e-3	1.342678e-2	6.682834e-3	0.7852	4.522262e-1	1.592188e-2	-	0	0	4.484150e-3	6.033545e-3	8.859805e-3	7.002214e-3	-	-	-	-
621	v2-348	1.0000	4.882081e-3	1.241851e-2	7.444293e-3	0.7566	3.734224e-1	1.107930e-2	-	0	0	3.668803e-3	6.997188e-3	8.444596e-3	4.643466e-3	-	-	-	-
622	v2-348	1.0000	1.123310e-2	3.708827e-2	2.519540e-2	0.5131	1.169080e0	7.113727e-2	-	0	0	1.168725e-2	1.563867e-2	1.576064e-2	7.097531e-3	-	-	-	-
623	v2-348	1.0000	3.692042e-3	7.927418e-3	4.870413e-3	0.7912	2.346312e-1	6.286421e-3	-	0	0	2.698580e-3	2.565708e-3	2.092402e-3	6.289646e-3	-	-	-	-
624	v2-348	1.0000	1.151652e-2	3.106332e-2	1.381642e-2	0.7407	3.944895e-1	2.434045e-2	-	0	0	7.115453e-3	8.962804e-3	7.336962e-3	2.098575e-2	-	-	-	-
625	v2-348	1.0000	4.699920e-2	1.559782e-1	6.797525e-2	0.5868	1.038180e0	7.315682e-2	-	0	0	3.712824e-2	4.732428e-2	4.251360e-2	6.402031e-2	0.012278	0.002053	0.002146	0.004860
626	v2-348	1.0000	1.084871e-2	3.198028e-2	1.264584e-2	0.7315	1.176877e0	3.006513e-2	-	0	0	9.092072e-3	1.281686e-2	1.325666e-2	1.194304e-2	-	-	-	-
627	v2-348	1.0000	2.071894e-2	5.229616e-2	2.360948e-2	0.7377	4.578337e-1	4.002048e-2	-	0	0	1.198369e-2	1.725554e-2	1.664370e-2	3.733374e-2	-0.003480	-0.000400	-0.000403	-0.000008
628	v2-348	1.0000	1.108736e-2	2.824926e-2	1.217470e-2	0.7484	3.472944e-1	2.342797e-2	-	0	0	5.880586e-3	9.149615e-3	8.944349e-3	2.083591e-2	-	-	-	-
629	v2-348	1.0000	3.914502e-2	1.259656e-1	5.917743e-2	0.5313	1.596565e0	1.074282e-1	-	0	0	4.057165e-2	6.323766e-2	6.324344e-2	1.843123e-2	0.007770	0.000680	-0.000647	0.002376
630	v2-348	1.0000	9.503854e-3	3.123045e-2	1.458777e-2	0.5966	8.993931e-1	4.531133e-2	-	0	0	1.010690e-2	1.040550e-2	9.308474e-3	8.262517e-3	-	-	-	-
631	v2-348	1.0000	2.220767e-2	6.136584e-2	2.477046e-2	0.7644	7.970936e-1	6.498227e-2	-	0	0	1.288681e-2	2.195215e-2	2.034185e-2	3.764693e-2	-0.001963	-0.000014	-0.000218	-0.002022
632	v2-348	1.0000	8.116599e-3	1.971483e-2	8.861087e-3	0.7750	3.502821e-1	1.879201e-2	-	0	0	4.016431e-3	6.413680e-3	7.200766e-3	1.558455e-2	-	-	-	-
633	v2-348	1.0000	9.141787e-3	2.149057e-2	1.060367e-2	0.7337	4.215049e-1	2.655534e-2	-	0	0	3.934902e-3	7.531369e-3	7.875692e-3	1.844008e-2	-	-	-	-
634	v2-348	1.0000	7.167181e-3	1.570940e-2	7.855414e-3	0.7327	5.345132e-1	2.407776e-2	-	0	0	4.181062e-3	5.969514e-3	5.191453e-3	1.306393e-2	-	-	-	-
635	v2-348	1.0000	5.487151e-3	1.803517e-2	1.107506e-2	0.5286	5.744440e-1	2.098387e-2	-	0	0	6.559517e-3	6.374665e-3	7.899764e-3	2.566719e-3	-	-	-	-
636	v2-348	1.0000	9.969054e-3	2.582824e-2	1.081933e-2	0.8240	4.164876e-1	2.348112e-2	-	0	0	4.609168e-3	8.318831e-3	7.345994e-3	2.001662e-2	-	-	-	-
637	v2-348	1.0000	1.106784e-2	4.557951e-2	2.752360e-2	0.5957	1.134650e0	6.436918e-2	-	0	0	1.014388e-2	2.065183e-2	2.278053e-2	4.401681e-3	-	-	-	-
638	v2-348	1.0000	8.164695e-3	1.795113e-2	9.428668e-3	0.8030	3.323247e-1	1.920554e-2	-	0	0	4.141103e-3	6.294454e-3	5.692016e-3	1.614488e-2	-	-	-	-
639	v2-348	1.0000	4.452243e-3	1.244450e-2	5.655086e-3	0.6843	6.117445e-1	1.398095e-2	-	0	0	3.418702e-3	4.519537e-3	3.393742e-3	6.434769e-3	-	-	-	-
640	v2-348	1.0000	1.858101e-2	6.943321e-2	3.301009e-2	0.5109	9.828554e-1	5.720131e-2	-	0	0	1.238023e-2	3.479972e-2	3.431296e-2	1.607730e-2	-0.002544	0.001058	0.000267	-0.000461
641	v2-348	1.0000	5.217344e-3	1.919216e-2	1.043277e-2	0.6008	9.103361e-1	3.647969e-2	-	0	0	5.586896e-3	6.256160e-3	8.308203e-3	3.094962e-3	-	-	-	-
642	v2-348	1.0000	6.142244e-3	1.375699e-2	7.650151e-3	0.6295	5.305941e-1	2.426139e-2	-	0	0	3.078925e-3	6.246997e-3	5.645302e-3	1.109802e-2	-	-	-	-
643	v2-348	1.0000	6.415373e-3	1.662970e-2	8.816138e-3	0.7012	5.990035e-1	2.187704e-2	-	0	0	5.638370e-3	7.339027e-3	8.465498e-3	6.520430e-3	-	-	-	-
644	v2-348	1.0000	3.299451e-2	8.727932e-2	4.350911e-2	0.5089	1.424097e0	6.907034e-2	-	0	0	2.589281e-2	3.889553e-2	4.144097e-2	3.871593e-2	-0.003781	0.000604	0.000947	-0.000903
645	v2-348	1.0000	1.274908e-2	2.830529e-2	1.473763e-2	0.7457	4.323851e-1	2.613841e-2	-	0	0	6.526594e-3	1.199103e-2	1.315516e-2	2.269364e-2	-	-	-	-
646	v2-348	1.0000	1.343059e-2	3.284621e-2	1.395143e-2	0.8221	4.336955e-1	2.786254e-2	-	0	0	6.844931e-3	1.116001e-2	1.003620e-2	2.593625e-2	-	-	-	-
647	v2-348	1.0000	1.451599e-2	6.649041e-2	3.535922e-2	0.5066	1.304949e0	8.312375e-2	-	0	0	1.282009e-2	3.008284e-2	3.394728e-2	3.847686e-3	-	-	-	-
648	v2-348	1.0000	8.568628e-3	1.900673e-2	1.049959e-2	0.7987	3.357221e-1	1.772764e-2	-	0	0	5.066375e-3	6.297291e-3	5.329424e-3	1.616901e-2	-	-	-	-
649	v2-348	1.0000	5.896072e-3	1.291919e-2	7.382683e-3	0.6223	3.722739e-1	1.957634e-2	-	0	0	3.664896e-3	4.846936e-3	4.592109e-3	1.030174e-2	-	-	-	-
650	v2-348	1.0000	4.905881e-3	1.268768e-2	5.976867e-3	0.6952	4.102641e-1	1.438568e-2	-	0	0	3.228171e-3	5.933595e-3	4.443849e-3	7.297398e-3	-	-	-	-
651	v2-348	1.0000	1.249744e-2	5.178928e-2	3.098115e-2	0.5247	1.373517e0	8.577937e-2	-	0	0	1.175518e-2	2.470972e-2	2.828512e-2	3.005672e-3	-	-	-	-
652	v2-348	1.0000	9.054000e-3	1.888800e-2	1.162381e-2	0.8150	3.199354e-1	1.737370e-2	-	0	0	5.805929e-3	6.545670e-3	5.376304e-3	1.650944e-2	-	-	-	-
653	v2-348	1.0000	5.713312e-3	1.457542e-2	5.922849e-3	0.7971	3.158867e-1	1.530191e-2	-	0	0	3.219340e-3	4.518869e-3	4.455066e-3	1.057432e-2	-	-	-	-
654	v2-348	1.0000	3.602045e-2	1.340533e-1	5.113255e-2	0.6687	6.782366e-1	4.277112e-2	-	0	0	1.925597e-2	2.581432e-2	2.216923e-2	7.153243e-2	0.006217	0.001200	0.000972	0.000172
655	v2-348	1.0000	6.576027e-3	2.202845e-2	1.176880e-2	0.5346	1.064641e0	3.526823e-2	-	0	0	6.241032e-3	9.317390e-3	1.076290e-2	4.476780e-3	-	-	-	-
656	v2-348	1.0000	6.799670e-3	1.809168e-2	7.055870e-3	0.8046	3.410707e-1	1.724609e-2	-	0	0	3.774158e-3	5.423578e-3	5.387960e-3	1.262564e-2	-	-	-	-
657	v2-348	1.0000	3.121701e-3	8.431673e-3	3.355887e-3	0.7716	2.693667e-1	1.061552e-2	-	0	0	2.302980e-3	2.544041e-3	2.688113e-3	4.799799e-3	-	-	-	-
658	v2-348	1.0000	3.362094e-2	1.161512e-1	4.830686e-2	0.5502	1.340272e0	1.059234e-1	-	0	0	3.102520e-2	4.663945e-2	3.465789e-2	3.207334e-2	0.006390	0.000153	-0.000386	0.002494
659	v2-348	1.0000	7.826112e-3	2.123603e-2	1.184157e-2	0.6736	8.421581e-1	2.236347e-2	-	0	0	6.554710e-3	8.773760e-3	9.179886e-3	8.951799e-3	-	-	-	-
660	v2-348	1.0000	1.475301e-2	3.383160e-2	1.662841e-2	0.7693	5.421844e-1	2.842096e-2	-	0	0	9.723911e-3	1.716401e-2	1.379395e-2	2.203743e-2	-	-	-	-
661	v2-348	1.0000	8.391612e-3	1.978946e-2	9.219982e-3	0.7541	3.902225e-1	1.403734e-2	-	0	0	4.343924e-3	6.531119e-3	8.311520e-3	1.553724e-2	-	-	-	-
662	v2-348	1.0000	1.812934e-2	5.262268e-2	4.539313e-2	0.5837	1.558906e0	1.189959e-1	-	0	0	1.468959e-2	3.489826e-2	1.893146e-2	1.648086e-2	0.005839	-0.000282	0.000823	-0.000020
663	v2-348	1.0000	1.125552e-2	3.837860e-2	2.521291e-2	0.7625	1.538698e0	9.844415e-2	-	0	0	1.314988e-2	1.276758e-2	1.287265e-2	7.079080e-3	-	-	-	-
664	v2-348	1.0000	1.450684e-2	6.355453e-2	3.433093e-2	0.6015	1.607170e0	1.197343e-1	-	0	0	1.660549e-2	1.833996e-2	2.414701e-2	6.160098e-3	-	-	-	-
665	v2-348	1.0000	1.193863e-2	4.006290e-2	1.971305e-2	0.7318	1.376311e0	7.559177e-2	-	0	0	9.907162e-3	1.839603e-2	2.129212e-2	9.132356e-3	-	-	-	-
666	v2-348	1.0000	1.537739e-2	4.389358e-2	2.563938e-2	0.7494	1.365778e0	8.483422e-2	-	0	0	1.112283e-2	2.459972e-2	2.007574e-2	1.664140e-2	-	-	-	-
667	v2-348	1.0000	1.859845e-2	3.688397e-2	2.422014e-2	0.7478	8.840777e-1	5.889216e-2	-	0	0	1.133376e-2	2.103077e-2	2.012604e-2	2.848754e-2	0.002178	0.000190	0.001116	-0.000362
668	v2-348	1.0000	1.895159e-2	4.932642e-2	2.363388e-2	0.6444	1.221263e0	6.948141e-2	-	0	0	1.453097e-2	2.039520e-2	1.952631e-2	2.511268e-2	-0.001442	-0.000557	-0.000028	-0.000114
669	v2-348	1.0000	2.265844e-2	5.438328e-2	3.577973e-2	0.6669	8.543831e-1	4.565675e-2	-	0	0	1.316404e-2	3.653750e-2	3.022501e-2	2.924279e-2	-0.004459	0.000142	-0.000813	0.000369
670	v2-348	1.0000	2.652131e-2	6.826472e-2	3.418971e-2	0.6735	1.133030e0	5.281913e-2	-	0	0	1.477484e-2	3.032079e-2	2.607128e-2	4.362500e-2	-0.004642	0.000373	-0.000516	-0.000100
671	v2-348	1.0000	1.576632e-2	3.564334e-2	2.428420e-2	0.7630	1.612243e0	1.078499e-1	-	0	0	1.345606e-2	1.472941e-2	1.663517e-2	1.950270e-2	-	-	-	-
672	v2-348	1.0000	2.190381e-2	6.500530e-2	2.517253e-2	0.7212	1.605596e0	8.754061e-2	-	0	0	1.221813e-2	2.301379e-2	1.878646e-2	3.782008e-2	-0.001176	0.000391	0.000285	0.000411
673	v2-348	1.0000	1.559062e-2	6.510425e-2	2.651435e-2	0.7203	1.707011e0	5.554919e-2	-	0	0	1.768537e-2	2.922324e-2	2.645971e-2	2.849394e-3	-	-	-	-
674	v2-348	1.0000	9.931796e-3	3.546643e-2	2.387785e-2	0.5673	1.533511e0	1.103195e-1	-	0	0	9.448512e-3	1.934681e-2	1.478317e-2	5.131452e-3	-	-	-	-
675	v2-348	1.0000	2.844164e-2	6.238365e-2	3.541162e-2	0.6910	2.020388e0	1.471067e-1	-	0	0	1.949257e-2	2.990987e-2	3.307705e-2	4.024063e-2	-0.006114	-0.000796	-0.000432	-0.000106
676	v2-348	1.0000	1.580015e-2	6.751442e-2	3.723377e-2	0.7227	1.500593e0	8.003375e-2	-	0	0	1.266804e-2	3.373724e-2	3.138541e-2	7.830153e-3	0.000613	0.000326	-0.000493	0.000354
677	v2-348	1.0000	1.180702e-2	2.419186e-2	1.600873e-2	0.7540	8.161039e-1	4.554319e-2	-	0	0	8.436550e-3	1.152870e-2	9.838600e-3	1.793460e-2	-	-	-	-
678	v2-348	1.0000	1.574897e-2	4.460907e-2	4.135535e-2	0.6009	1.529991e0	9.413214e-2	-	0	0	1.343178e-2	2.939178e-2	1.580417e-2	1.386773e-2	-	-	-	-
679	v2-348	1.0000	8.964956e-3	3.058803e-2	1.413770e-2	0.6574	1.240244e0	5.783613e-2	-	0	0	8.307338e-3	9.946710e-3	1.262812e-2	8.273277e-3	-	-	-	-
680	v2-348	1.0000	1.929741e-2	4.112291e-2	2.907459e-2	0.7363	1.450522e0	9.577926e-2	-	0	0	1.244992e-2	2.556789e-2	1.386330e-2	2.950858e-2	0.005798	0.000168	0.000268	0.000141
681	v2-348	1.0000	2.077040e-2	3.901696e-2	2.697906e-2	0.7378	8.677314e-1	5.347299e-2	-	0	0	1.376765e-2	2.313278e-2	2.046115e-2	3.094253e-2	0.002405	0.000087	0.001131	-0.000313
682	v2-348	1.0000	1.256163e-2	3.983402e-2	1.632447e-2	0.7059	9.734485e-1	7.493039e-2	-	0	0	9.500721e-3	1.768850e-2	1.425422e-2	1.469219e-2	-	-	-	-
683	v2-348	1.0000	1.768397e-2	5.958521e-2	2.565065e-2	0.6906	5.272848e-1	2.280266e-2	-	0	0	8.526387e-3	1.403542e-2	1.173714e-2	3.571708e-2	-0.001689	-0.000037	-0.000166	-0.000935
684	v2-348	1.0000	1.831290e-2	4.028350e-2	2.490926e-2	0.6868	1.373170e0	7.974126e-2	-	0	0	1.199910e-2	2.221429e-2	2.562937e-2	2.401231e-2	-0.000639	-0.000100	-0.000379	0.000080
685	v2-348	1.0000	1.914632e-2	5.492496e-2	2.334632e-2	0.6979	1.058692e0	7.971676e-2	-	0	0	1.422828e-2	2.501712e-2	1.992731e-2	2.422830e-2	0.002701	0.000233	0.000461	-0.000492
686	v2-348	1.0000	1.087399e-2	3.336251e-2	1.881046e-2	0.5100	8.715160e-1	5.807368e-2	-	0	0	1.101299e-2	1.705870e-2	1.368997e-2	7.137417e-3	-	-	-	-
687	v2-348	1.0000	5.001839e-2	1.557055e-1	6.644835e-2	0.7030	2.217130e0	1.321541e-1	-	0	0	3.889206e-2	7.155524e-2	6.315811e-2	5.405598e-2	0.000678	-0.001711	-0.002133	0.002011
688	v2-348	1.0000	2.088804e-2	4.573631e-2	2.557659e-2	0.6589	7.052419e-1	4.925490e-2	-	0	0	1.360271e-2	2.027916e-2	1.713835e-2	3.395249e-2	-0.003287	0.000083	-0.000640	0.000041
689	v2-348	1.0000	4.800183e-2	1.224084e-1	7.467897e-2	0.6680	1.703379e0	1.038801e-1	-	0	0	3.376087e-2	7.420470e-2	5.856828e-2	5.598891e-2	-0.006783	-0.001754	-0.000897	-0.001170
690	v2-348	1.0000	8.445149e-3	2.038872e-2	2.581555e-2	0.7759	1.287567e0	6.346447e-2	-	0	0	6.387349e-3	1.229558e-2	1.481217e-2	7.816394e-3	-	-	-	-
691	v2-348	1.0000	7.078108e-3	1.630974e-2	8.505259e-3	0.7130	4.343610e-1	2.160481e-2	-	0	0	3.151919e-3	5.969912e-3	6.348289e-3	1.396493e-2	-	-	-	-
692	v2-348	1.0000	2.417725e-3	7.425785e-3	4.628310e-3	0.6388	5.841627e-1	1.260589e-2	-	0	0	3.208918e-3	1.945841e-3	2.677613e-3	1.269507e-3	-	-	-	-
693	v2-348	1.0000	6.558476e-3	1.409829e-2	9.701933e-3	0.7367	6.649396e-1	1.947120e-2	-	0	0	6.498987e-3	5.109381e-3	6.525494e-3	7.248777e-3	-	-	-	-
694	v2-348	1.0000	4.570175e-3	1.073980e-2	5.367354e-3	0.6765	3.548676e-1	1.094875e-2	-	0	0	2.926241e-3	5.417579e-3	4.591757e-3	6.805782e-3	-	-	-	-
695	v2-348	1.0000	1.834844e-2	7.652307e-2	4.702147e-2	0.5262	1.636024e0	1.021508e-1	-	0	0	1.720465e-2	3.499885e-2	3.956837e-2	5.725295e-3	0.001397	0.000554	-0.000180	0.000309
696	v2-348	1.0000	6.302916e-3	1.378131e-2	7.196450e-3	0.7555	2.558612e-1	1.145336e-2	-	0	0	3.439837e-3	4.780372e-3	4.459485e-3	1.208924e-2	-	-	-	-
697	v2-348	1.0000	8.243740e-3	1.861620e-2	9.827478e-3	0.7068	5.701651e-1	1.778540e-2	-	0	0	6.992212e-3	8.747989e-3	6.849719e-3	1.051456e-2	-	-	-	-
698	v2-348	1.0000	1.330978e-2	5.715847e-2	2.761582e-2	0.5290	1.190404e0	4.977407e-2	-	0	0	1.024086e-2	2.519668e-2	2.530747e-2	8.984222e-3	-	-	-	-
699	v2-348	1.0000	2.302482e-2	6.021059e-2	3.627656e-2	0.6160	1.056541e0	4.664635e-2	-	0	0	1.746939e-2	3.293747e-2	3.283093e-2	2.420203e-2	-0.003173	0.001175	0.000588	-0.000958
700	v2-348	1.0000	4.876400e-3	1.098561e-2	6.543227e-3	0.6582	4.715393e-1	1.479583e-2	-	0	0	3.231457e-3	4.188046e-3	3.901235e-3	8.095157e-3	-	-	-	-
701	v2-348	1.0000	2.212386e-2	5.610991e-2	2.682005e-2	0.6820	7.372162e-1	4.390684e-2	-	0	0	1.475178e-2	2.313864e-2	2.746425e-2	3.136983e-2	-0.001379	0.000154	0.000257	-0.000136
702	v2-348	1.0000	5.225341e-2	1.318762e-1	7.124330e-2	0.5207	1.556091e0	8.732775e-2	-	0	0	3.789347e-2	7.360142e-2	8.351646e-2	5.487389e-2	-0.005278	0.000393	0.000545	-0.001486
703	v2-348	1.0000	8.356736e-3	1.874781e-2	9.904516e-3	0.7292	4.211117e-1	2.456337e-2	-	0	0	3.670096e-3	7.612271e-3	8.065269e-3	1.613361e-2	-	-	-	-
704	v2-348	1.0000	6.819078e-3	1.871300e-2	8.031478e-3	0.6991	3.947334e-1	2.077781e-2	-	0	0	2.924906e-3	5.693673e-3	4.803022e-3	1.412940e-2	-	-	-	-
705	v2-348	1.0000	1.718984e-2	6.842041e-2	4.311822e-2	0.5724	1.619470e0	1.008276e-1	-	0	0	1.648980e-2	3.063320e-2	3.640507e-2	5.890698e-3	0.000964	0.000513	-0.000202	0.000227
706	v2-348	1.0000	5.469538e-3	1.272917e-2	6.370017e-3	0.6737	2.859541e-1	1.069091e-2	-	0	0	3.213521e-3	4.319547e-3	3.987636e-3	1.001956e-2	-	-	-	-
707	v2-348	1.0000	2.572566e-3	7.487059e-3	4.729701e-3	0.5179	4.354710e-1	1.372559e-2	-	0	0	3.156968e-3	2.201370e-3	3.111111e-3	1.607782e-3	-	-	-	-
708	v2-348	1.0000	6.578782e-3	1.622546e-2	8.054958e-3	0.7861	3.847730e-1	1.420995e-2	-	0	0	4.911599e-3	8.025471e-3	9.800743e-3	7.447376e-3	-	-	-	-
709	v2-348	1.0000	2.070014e-2	7.998770e-2	4.775885e-2	0.6013	1.725670e0	1.035905e-1	-	0	0	1.768225e-2	3.952336e-2	4.605668e-2	8.645956e-3	-0.000779	0.000530	-0.000184	-0.000020
710	v2-348	1.0000	5.058454e-3	1.091528e-2	6.432906e-3	0.7131	2.386280e-1	8.902674e-3	-	0	0	3.221179e-3	3.559729e-3	3.108079e-3	9.260710e-3	-	-	-	-
711	v2-348	1.0000	1.550831e-2	3.954792e-2	1.696831e-2	0.7845	3.884970e-1	3.501243e-2	-	0	0	7.939904e-3	1.213207e-2	1.174473e-2	3.013973e-2	-	-	-	-
712	v2-348	1.0000	5.140452e-2	1.647030e-1	7.368430e-2	0.5935	1.092550e0	7.572021e-2	-	0	0	3.958100e-2	4.777253e-2	4.197060e-2	7.488948e-2	0.013002	0.002113	0.002085	0.003791
713	v2-348	1.0000	6.550950e-3	1.775122e-2	9.222005e-3	0.7016	7.587355e-1	2.834996e-2	-	0	0	5.849091e-3	8.785787e-3	1.112535e-2	5.092397e-3	-	-	-	-
714	v2-348	1.0000	1.679885e-2	4.243672e-2	1.847980e-2	0.7704	4.298240e-1	3.829714e-2	-	0	0	8.988291e-3	1.349431e-2	1.299500e-2	3.179680e-2	-0.002285	-0.000202	-0.000296	-0.000088
715	v2-348	1.0000	1.290284e-2	3.051996e-2	1.401147e-2	0.7896	3.568880e-1	2.694455e-2	-	0	0	7.232779e-3	1.119594e-2	1.093130e-2	2.322457e-2	-	-	-	-
716	v2-348	1.0000	3.556345e-2	1.184802e-1	5.122092e-2	0.5501	1.351853e0	9.556163e-2	-	0	0	3.364276e-2	5.186924e-2	4.158646e-2	2.981768e-2	0.007026	0.000091	-0.000070	0.002787
717	v2-348	1.0000	1.391950e-2	4.081392e-2	1.853078e-2	0.7074	1.020060e0	6.355545e-2	-	0	0	1.062911e-2	1.348163e-2	1.064040e-2	2.046128e-2	-	-	-	-
718	v2-348	1.0000	2.479568e-2	5.739808e-2	2.751224e-2	0.7741	5.601217e-1	4.012115e-2	-	0	0	1.631833e-2	2.998577e-2	2.578151e-2	3.567569e-2	-0.002826	-0.000525	-0.000065	-0.001017
719	v2-348	1.0000	8.153200e-3	2.064967e-2	9.227211e-3	0.8037	3.535761e-1	1.936528e-2	-	0	0	3.711031e-3	6.259035e-3	6.513071e-3	1.649911e-2	-	-	-	-
720	append204	0.0000	0.000000e0	0.000000e0	0.000000e0	1.0000	0.000000e0	0.000000e0	-	1	1	0.000000e0	0.000000e0	0.000000e0	0.000000e0	-	-	-	-
721	append204	0.0000	0.000000e0	0.000000e0	0.000000e0	1.0000	0.000000e0	0.000000e0	-	1	1	0.000000e0	0.000000e0	0.000000e0	0.000000e0	-	-	-	-
722	append204	1.0000	5.265801e-3	1.288509e-2	6.270329e-3	0.8232	3.961457e-1	1.377419e-2	-	0	0	4.029416e-3	4.769399e-3	9.055462e-3	6.034923e-3	-	-	-	-
723	append204	1.0000	6.551371e-3	1.420641e-2	6.450950e-3	0.8228	4.076922e-1	1.114936e-2	-	0	0	3.796937e-3	5.516385e-3	7.731355e-3	1.087257e-2	-	-	-	-
724	append204	1.0000	2.552982e-3	5.288601e-3	5.349145e-3	0.5975	3.679208e-1	1.410564e-2	-	0	0	2.980568e-3	1.736415e-3	1.790257e-3	2.486907e-3	-	-	-	-
725	append204	1.0000	5.018949e-2	1.557326e-1	7.322098e-2	0.5659	1.526385e0	1.079228e-1	-	0	0	4.448976e-2	5.138845e-2	3.683519e-2	6.351722e-2	0.010186	0.000561	-0.000663	-0.001225
726	append204	1.0000	2.436686e-2	7.455921e-2	3.432087e-2	0.6356	1.382942e0	6.964852e-2	-	0	0	1.622334e-2	2.488672e-2	2.508314e-2	3.670433e-2	-0.000041	0.001040	0.001085	0.000406
727	append204	1.0000	2.835298e-2	7.672858e-2	3.344937e-2	0.7893	2.013196e0	1.999332e-1	-	0	0	1.874055e-2	3.295530e-2	2.715341e-2	4.204861e-2	-0.000433	-0.000045	-0.000057	-0.001146
728	append204	1.0000	2.133704e-2	8.424735e-2	3.936152e-2	0.5435	1.188668e0	5.164416e-2	-	0	0	1.516397e-2	4.175211e-2	4.013225e-2	1.598438e-2	-0.000645	-0.001175	-0.001108	-0.001207
729	append204	1.0000	1.773200e-2	2.272415e-2	1.129583e-1	0.5878	4.116522e0	1.455347e-1	-	0	0	8.310627e-3	1.250430e-2	1.066375e-1	2.385750e-3	-0.003753	-0.001352	-0.012575	0.000161
730	append204	1.0000	3.398599e-2	1.239812e-1	5.374610e-2	0.5560	1.118151e0	6.957479e-2	-	0	0	3.333461e-2	3.721864e-2	2.759166e-2	3.602703e-2	0.011255	0.001363	-0.000512	-0.001220
731	append204	1.0000	1.251646e-2	4.943436e-2	1.915984e-2	0.6168	1.069937e0	5.284407e-2	-	0	0	1.526940e-2	2.152653e-2	1.652254e-2	3.096776e-3	-	-	-	-
732	append204	1.0000	4.747461e-2	1.658752e-1	7.232021e-2	0.5389	1.568065e0	7.515130e-2	-	0	0	3.313675e-2	4.201588e-2	3.235678e-2	7.771428e-2	0.008053	0.000588	-0.001305	-0.002016
733	append204	1.0000	1.501409e-2	3.864861e-2	1.966260e-2	0.6517	9.325217e-1	4.127883e-2	-	0	0	1.186391e-2	1.754311e-2	1.959437e-2	1.728515e-2	-	-	-	-
734	append204	1.0000	1.693710e-2	3.298473e-2	1.913659e-2	0.7778	7.364500e-1	3.830239e-2	-	0	0	1.080432e-2	1.465710e-2	1.401233e-2	2.856385e-2	-0.003202	-0.000832	-0.000503	0.000107
735	append204	1.0000	2.817825e-2	7.400799e-2	3.878159e-2	0.7311	1.567453e0	1.024109e-1	-	0	0	1.805631e-2	2.667548e-2	2.032962e-2	4.755245e-2	-0.003427	0.000316	-0.000534	0.002760
736	append204	1.0000	1.104426e-2	3.951740e-2	1.788922e-2	0.5134	7.366142e-1	2.105008e-2	-	0	0	8.454908e-3	1.912608e-2	1.862382e-2	9.103785e-3	-	-	-	-
737	append204	1.0000	1.948678e-2	5.915451e-2	2.273716e-2	0.7234	1.505223e0	5.259234e-2	-	0	0	1.539881e-2	2.499001e-2	2.402164e-2	2.204896e-2	0.003036	0.000357	0.000915	-0.000532
738	append204	1.0000	2.218084e-2	6.157923e-2	2.605348e-2	0.6644	1.411965e0	5.434665e-2	-	0	0	1.233625e-2	1.639703e-2	1.401227e-2	4.296255e-2	-0.000940	-0.000110	-0.000119	0.000102
739	append204	1.0000	1.383848e-2	3.390121e-2	1.701074e-2	0.6157	1.072746e0	2.768589e-2	-	0	0	8.502442e-3	1.214255e-2	1.049287e-2	2.412928e-2	-	-	-	-
740	append204	1.0000	5.490602e-3	1.582050e-2	7.529917e-3	0.6961	1.176002e0	3.209127e-2	-	0	0	5.079012e-3	7.072368e-3	6.038547e-3	5.300693e-3	-	-	-	-
741	append204	1.0000	6.827194e-3	2.560472e-2	1.226219e-2	0.5477	1.363478e0	3.038972e-2	-	0	0	6.938701e-3	1.005088e-2	8.680796e-3	4.678078e-3	-	-	-	-
742	append204	1.0000	3.227049e-2	9.664392e-2	4.253945e-2	0.5776	1.252612e0	9.894466e-2	-	0	0	2.625096e-2	3.311015e-2	3.740864e-2	3.953336e-2	0.001974	-0.001121	-0.002144	0.001308
743	append204	1.0000	2.094984e-2	7.354960e-2	3.172574e-2	0.7150	1.541616e0	1.111459e-1	-	0	0	2.482939e-2	2.874957e-2	2.854664e-2	8.943347e-3	-0.004858	-0.002308	-0.001438	-0.000393
744	append204	1.0000	3.127557e-2	1.207552e-1	5.418424e-2	0.7505	2.388964e0	1.687404e-1	-	0	0	3.013945e-2	3.460264e-2	4.220335e-2	2.775294e-2	0.005950	0.001354	0.001831	-0.000080
745	append204	1.0000	3.704266e-2	1.292138e-1	6.026077e-2	0.6951	1.173762e0	7.549857e-2	-	0	0	2.284264e-2	6.491584e-2	6.507487e-2	3.795125e-2	-0.008011	-0.002525	-0.002550	-0.000201
746	append204	1.0000	1.072476e-2	3.871483e-2	3.172441e-2	0.6279	3.116209e0	9.026006e-2	-	0	0	1.079413e-2	1.410076e-2	2.238809e-2	5.019513e-3	-	-	-	-
747	append204	1.0000	3.854802e-2	1.363246e-1	5.575691e-2	0.7103	2.228793e0	1.047591e-1	-	0	0	3.939800e-2	6.527741e-2	6.805573e-2	1.571354e-2	-0.005636	-0.003671	-0.002282	0.000828
748	append204	1.0000	6.591334e-2	1.966951e-1	9.258359e-2	0.5567	2.071289e0	1.796621e-1	-	0	0	5.410837e-2	7.831369e-2	5.413483e-2	8.375049e-2	-0.014097	-0.004897	-0.000444	-0.002732
749	append204	1.0000	3.823148e-2	1.397302e-1	6.159209e-2	0.5741	1.866262e0	1.042326e-1	-	0	0	3.681481e-2	6.040315e-2	6.738704e-2	2.092877e-2	-0.012228	-0.003950	-0.001404	-0.000394
750	append204	1.0000	3.908180e-2	9.651184e-2	5.048111e-2	0.6162	2.240414e0	1.449862e-1	-	0	0	3.672856e-2	3.752785e-2	4.133421e-2	4.259217e-2	0.010919	-0.000789	0.000376	-0.000588
751	append204	1.0000	1.925738e-2	3.664112e-2	2.552340e-2	0.7872	2.215743e0	1.439937e-1	-	0	0	1.317371e-2	1.381592e-2	1.696955e-2	3.185146e-2	-0.002332	0.000418	0.000612	-0.000560
752	append204	1.0000	7.755222e-3	2.090073e-2	2.020899e-2	0.5293	1.024118e0	3.100634e-2	-	0	0	6.939467e-3	1.955168e-2	9.445124e-3	3.664356e-3	-	-	-	-
753	append204	1.0000	2.386071e-2	8.361769e-2	3.609012e-2	0.5486	9.310577e-1	5.555499e-2	-	0	0	1.789676e-2	2.799237e-2	1.709772e-2	3.402786e-2	0.001142	0.000641	0.000382	0.003623
754	append204	0.0000	0.000000e0	0.000000e0	0.000000e0	1.0000	0.000000e0	0.000000e0	-	1	1	0.000000e0	0.000000e0	0.000000e0	0.000000e0	-	-	-	-
755	append204	0.0000	0.000000e0	0.000000e0	0.000000e0	1.0000	0.000000e0	0.000000e0	-	1	1	0.000000e0	0.000000e0	0.000000e0	0.000000e0	-	-	-	-
756	append204	0.0000	0.000000e0	0.000000e0	0.000000e0	1.0000	0.000000e0	0.000000e0	-	1	1	0.000000e0	0.000000e0	0.000000e0	0.000000e0	-	-	-	-
757	append204	0.0000	0.000000e0	0.000000e0	0.000000e0	1.0000	0.000000e0	0.000000e0	-	1	1	0.000000e0	0.000000e0	0.000000e0	0.000000e0	-	-	-	-
758	append204	0.0000	0.000000e0	0.000000e0	0.000000e0	1.0000	0.000000e0	0.000000e0	-	1	1	0.000000e0	0.000000e0	0.000000e0	0.000000e0	-	-	-	-
759	append204	0.0000	0.000000e0	0.000000e0	0.000000e0	1.0000	0.000000e0	0.000000e0	-	1	1	0.000000e0	0.000000e0	0.000000e0	0.000000e0	-	-	-	-
760	append204	0.0000	0.000000e0	0.000000e0	0.000000e0	1.0000	0.000000e0	0.000000e0	-	1	1	0.000000e0	0.000000e0	0.000000e0	0.000000e0	-	-	-	-
761	append204	0.0000	0.000000e0	0.000000e0	0.000000e0	1.0000	0.000000e0	0.000000e0	-	1	1	0.000000e0	0.000000e0	0.000000e0	0.000000e0	-	-	-	-
762	append204	0.0000	0.000000e0	0.000000e0	0.000000e0	1.0000	0.000000e0	0.000000e0	-	1	1	0.000000e0	0.000000e0	0.000000e0	0.000000e0	-	-	-	-
763	append204	0.0000	0.000000e0	0.000000e0	0.000000e0	1.0000	0.000000e0	0.000000e0	-	1	1	0.000000e0	0.000000e0	0.000000e0	0.000000e0	-	-	-	-
764	append204	0.0000	0.000000e0	0.000000e0	0.000000e0	1.0000	0.000000e0	0.000000e0	-	1	1	0.000000e0	0.000000e0	0.000000e0	0.000000e0	-	-	-	-
765	append204	0.0000	0.000000e0	0.000000e0	0.000000e0	1.0000	0.000000e0	0.000000e0	-	1	1	0.000000e0	0.000000e0	0.000000e0	0.000000e0	-	-	-	-
766	append204	0.0000	0.000000e0	0.000000e0	0.000000e0	1.0000	0.000000e0	0.000000e0	-	1	1	0.000000e0	0.000000e0	0.000000e0	0.000000e0	-	-	-	-
767	append204	0.0000	0.000000e0	0.000000e0	0.000000e0	1.0000	0.000000e0	0.000000e0	-	1	1	0.000000e0	0.000000e0	0.000000e0	0.000000e0	-	-	-	-
768	append204	0.0000	0.000000e0	0.000000e0	0.000000e0	1.0000	0.000000e0	0.000000e0	-	1	1	0.000000e0	0.000000e0	0.000000e0	0.000000e0	-	-	-	-
769	append204	0.0000	0.000000e0	0.000000e0	0.000000e0	1.0000	0.000000e0	0.000000e0	-	1	1	0.000000e0	0.000000e0	0.000000e0	0.000000e0	-	-	-	-
770	append204	0.0000	0.000000e0	0.000000e0	0.000000e0	1.0000	0.000000e0	0.000000e0	-	1	1	0.000000e0	0.000000e0	0.000000e0	0.000000e0	-	-	-	-
771	append204	0.0000	0.000000e0	0.000000e0	0.000000e0	1.0000	0.000000e0	0.000000e0	-	1	1	0.000000e0	0.000000e0	0.000000e0	0.000000e0	-	-	-	-
772	append204	0.0000	0.000000e0	0.000000e0	0.000000e0	1.0000	0.000000e0	0.000000e0	-	1	1	0.000000e0	0.000000e0	0.000000e0	0.000000e0	-	-	-	-
773	append204	1.0000	3.088334e-3	7.149696e-3	4.406418e-3	0.5502	3.381462e-1	1.187610e-2	-	0	0	2.670355e-3	3.088497e-3	4.169567e-3	3.353132e-3	-	-	-	-
774	append204	1.0000	2.216342e-3	5.020857e-3	5.151021e-3	0.7343	3.240398e-1	8.068668e-3	-	0	0	2.337524e-3	1.963755e-3	2.667701e-3	1.963847e-3	-	-	-	-
775	append204	1.0000	3.983463e-3	9.390831e-3	4.940097e-3	0.7644	3.533276e-1	1.086875e-2	-	0	0	2.700508e-3	2.973553e-3	2.825721e-3	6.828961e-3	-	-	-	-
776	append204	1.0000	2.318972e-2	7.565713e-2	3.471627e-2	0.5454	1.051685e0	6.358019e-2	-	0	0	1.978436e-2	2.109437e-2	1.776279e-2	3.136086e-2	0.004995	0.000028	-0.000611	0.000464
777	append204	1.0000	1.539843e-2	4.731345e-2	2.075137e-2	0.6090	1.245989e0	3.658492e-2	-	0	0	1.135729e-2	1.644054e-2	1.489594e-2	2.151577e-2	-	-	-	-
778	append204	1.0000	1.028141e-2	2.255702e-2	1.346281e-2	0.6797	1.114810e0	5.262738e-2	-	0	0	6.611277e-3	1.119035e-2	1.057985e-2	1.557829e-2	-	-	-	-
779	append204	1.0000	4.801949e-3	1.647949e-2	8.035208e-3	0.5149	1.039334e0	1.632136e-2	-	0	0	3.948584e-3	5.499250e-3	4.052905e-3	6.134546e-3	-	-	-	-
780	append204	1.0000	6.038857e-3	1.192093e-2	7.262926e-3	0.7420	1.337134e0	4.817427e-2	-	0	0	3.784969e-3	4.311935e-3	7.284678e-3	9.828182e-3	-	-	-	-
781	append204	1.0000	2.798747e-2	8.986402e-2	3.891385e-2	0.5712	1.131584e0	4.633098e-2	-	0	0	1.947409e-2	3.009884e-2	3.131762e-2	3.931552e-2	-0.002168	0.000989	0.000834	-0.000121
782	append204	1.0000	1.090154e-2	3.407337e-2	1.547380e-2	0.5867	8.226879e-1	2.386798e-2	-	0	0	1.073734e-2	1.748394e-2	1.573872e-2	6.747625e-3	-	-	-	-
783	append204	1.0000	1.234449e-2	3.747177e-2	1.768234e-2	0.5313	8.928764e-1	3.514464e-2	-	0	0	9.065535e-3	1.324380e-2	1.546546e-2	1.600544e-2	-	-	-	-
784	append204	1.0000	1.505418e-2	3.468180e-2	1.808557e-2	0.6797	9.276341e-1	3.481048e-2	-	0	0	1.070861e-2	1.520534e-2	1.865254e-2	2.052123e-2	-	-	-	-
785	append204	1.0000	1.177859e-2	2.277434e-2	1.585996e-2	0.8176	6.896387e-1	2.285948e-2	-	0	0	8.238534e-3	1.401562e-2	1.548990e-2	1.509608e-2	-	-	-	-
786	append204	1.0000	1.727702e-2	4.552734e-2	2.554590e-2	0.6814	1.539365e0	9.272375e-2	-	0	0	1.179517e-2	1.986182e-2	1.394313e-2	2.606544e-2	-0.000847	0.000516	-0.000070	0.001289
787	append204	1.0000	2.089967e-2	8.635736e-2	3.202802e-2	0.6980	5.648821e-1	3.091518e-2	-	0	0	1.005502e-2	1.707458e-2	1.298114e-2	4.237301e-2	0.002476	0.000652	0.000666	0.002004
788	append204	1.0000	2.213216e-2	6.097150e-2	2.561620e-2	0.7039	1.215040e0	7.038137e-2	-	0	0	1.206336e-2	1.971533e-2	1.562808e-2	4.130357e-2	-0.000329	-0.000075	-0.000081	-0.000414
789	append204	1.0000	2.172689e-2	5.714083e-2	2.605870e-2	0.6087	1.155141e0	7.002961e-2	-	0	0	1.182151e-2	1.633250e-2	1.483221e-2	4.198465e-2	-0.001634	-0.000248	-0.000698	0.000009
790	append204	1.0000	9.226658e-3	2.004147e-2	1.034580e-2	0.7347	9.228318e-1	3.389366e-2	-	0	0	5.818393e-3	7.980050e-3	9.659892e-3	1.493261e-2	-	-	-	-
791	append204	1.0000	1.366400e-2	2.939939e-2	1.702097e-2	0.6715	1.091994e0	4.254970e-2	-	0	0	8.465564e-3	1.338593e-2	1.245076e-2	2.239218e-2	-	-	-	-
792	append204	1.0000	8.197090e-3	1.899993e-2	1.115906e-2	0.6977	1.245269e0	3.431828e-2	-	0	0	6.025609e-3	7.747805e-3	7.322062e-3	1.211110e-2	-	-	-	-
793	append204	1.0000	3.896061e-2	1.245565e-1	5.593095e-2	0.5229	1.301907e0	7.579278e-2	-	0	0	3.176074e-2	5.668783e-2	7.158421e-2	3.128773e-2	-0.010798	-0.003074	-0.002074	-0.000824
794	append204	1.0000	2.870171e-2	1.218341e-1	4.858372e-2	0.5993	1.504185e0	9.434352e-2	-	0	0	2.496477e-2	4.613074e-2	6.114234e-2	1.576946e-2	-0.008368	-0.002857	-0.002309	0.000059
795	append204	1.0000	1.862034e-2	9.157622e-2	4.772673e-2	0.6899	2.116005e0	1.175375e-1	-	0	0	2.247544e-2	2.583661e-2	2.951394e-2	5.691021e-3	0.004339	0.001108	0.001637	-0.000107
796	append204	1.0000	2.252690e-2	7.532448e-2	4.272065e-2	0.7251	9.754698e-1	5.678687e-2	-	0	0	1.422416e-2	4.280896e-2	3.889381e-2	2.145872e-2	-0.004637	-0.001734	-0.001773	0.000267
797	append204	1.0000	1.567973e-2	4.375350e-2	3.707838e-2	0.6905	2.915072e0	1.012688e-1	-	0	0	1.128006e-2	2.533209e-2	2.254863e-2	1.621052e-2	-	-	-	-
798	append204	1.0000	9.417395e-2	2.476170e-1	1.248626e-1	0.5812	2.029228e0	1.381583e-1	-	0	0	6.593111e-2	1.238978e-1	1.251270e-1	1.153605e-1	-0.029332	-0.006810	-0.004046	-0.002186
799	append204	1.0000	7.887675e-2	2.426944e-1	1.054864e-1	0.5205	2.155998e0	1.989185e-1	-	0	0	5.472782e-2	8.784595e-2	7.345811e-2	1.152031e-1	-0.019622	-0.005250	-0.000718	-0.002772
800	append204	1.0000	7.972206e-2	2.182150e-1	1.125715e-1	0.5470	1.762250e0	1.355557e-1	-	0	0	5.552930e-2	1.093358e-1	1.195978e-1	9.134454e-2	-0.026675	-0.006419	-0.002266	-0.001783
801	append204	1.0000	4.061201e-2	9.894323e-2	5.241501e-2	0.6176	2.279124e0	1.542229e-1	-	0	0	3.764524e-2	3.901868e-2	4.271179e-2	4.515860e-2	0.011284	-0.000883	0.000333	-0.000599
802	append204	1.0000	2.249912e-2	4.093778e-2	3.102768e-2	0.7975	2.217618e0	1.354723e-1	-	0	0	1.805716e-2	1.509723e-2	1.703039e-2	3.445709e-2	-0.003737	0.000413	0.000713	-0.000508
803	append204	1.0000	1.138234e-2	2.162337e-2	2.198670e-2	0.7096	1.033549e0	3.529993e-2	-	0	0	7.726428e-3	2.284588e-2	1.021931e-2	1.292814e-2	-	-	-	-
804	append204	1.0000	1.041404e-2	3.522364e-2	1.578588e-2	0.5592	7.927692e-1	3.997400e-2	-	0	0	1.181984e-2	1.380269e-2	9.057282e-3	7.328176e-3	-	-	-	-
805	append204	0.0000	0.000000e0	0.000000e0	0.000000e0	1.0000	0.000000e0	0.000000e0	-	1	1	0.000000e0	0.000000e0	0.000000e0	0.000000e0	-	-	-	-
806	append204	0.0000	0.000000e0	0.000000e0	0.000000e0	1.0000	0.000000e0	0.000000e0	-	1	1	0.000000e0	0.000000e0	0.000000e0	0.000000e0	-	-	-	-
807	append204	1.0000	6.317938e-3	1.399231e-2	8.026397e-3	0.7174	3.229599e-1	1.198910e-2	-	0	0	3.807267e-3	4.456080e-3	3.972456e-3	1.186920e-2	-	-	-	-
808	append204	1.0000	1.796461e-3	4.621506e-3	3.763436e-3	0.5500	3.092739e-1	8.025864e-3	-	0	0	2.201025e-3	1.567483e-3	2.048920e-3	1.160966e-3	-	-	-	-
809	append204	1.0000	2.354883e-3	5.058765e-3	3.949436e-3	0.8115	2.691005e-1	5.808223e-3	-	0	0	2.136596e-3	2.153336e-3	2.518381e-3	2.720165e-3	-	-	-	-
810	append204	1.0000	2.088946e-2	6.711864e-2	2.968708e-2	0.5320	1.084549e0	5.981664e-2	-	0	0	1.935426e-2	1.988030e-2	1.988412e-2	2.407604e-2	0.004364	0.000429	-0.000149	0.000065
811	append204	1.0000	2.329550e-2	6.632292e-2	2.899287e-2	0.6601	1.538357e0	5.152858e-2	-	0	0	1.757243e-2	2.484600e-2	2.345809e-2	3.161142e-2	-0.004261	0.000153	0.000882	-0.000121
812	append204	1.0000	1.007528e-2	2.733803e-2	1.373189e-2	0.7123	9.474239e-1	5.213395e-2	-	0	0	7.678067e-3	1.254853e-2	1.365802e-2	1.154676e-2	-	-	-	-
813	append204	1.0000	6.623024e-3	2.399546e-2	1.227957e-2	0.5908	1.006059e0	2.294026e-2	-	0	0	5.193912e-3	8.898806e-3	9.589891e-3	6.875232e-3	-	-	-	-
814	append204	1.0000	5.997950e-3	1.124156e-2	1.200340e-2	0.6910	1.188602e0	4.717293e-2	-	0	0	4.305792e-3	4.337356e-3	1.095627e-2	7.529439e-3	-	-	-	-
815	append204	1.0000	4.742149e-2	1.586957e-1	6.613072e-2	0.5801	1.176824e0	7.643633e-2	-	0	0	3.080082e-2	5.001981e-2	5.246450e-2	7.068158e-2	-0.005515	0.000765	0.000300	0.000605
816	append204	1.0000	9.892988e-3	3.844616e-2	1.429937e-2	0.7109	7.435304e-1	4.066127e-2	-	0	0	1.032033e-2	1.735519e-2	1.448540e-2	4.542552e-3	-	-	-	-
817	append204	1.0000	1.678753e-2	6.245708e-2	2.709804e-2	0.5576	1.157121e0	4.897769e-2	-	0	0	1.383182e-2	2.574438e-2	3.114510e-2	1.260968e-2	0.002119	0.000510	0.000570	0.000260
818	append204	1.0000	2.776599e-2	6.546915e-2	3.343626e-2	0.6550	1.333979e0	9.470157e-2	-	0	0	1.915665e-2	2.998627e-2	3.091451e-2	3.926694e-2	0.000400	-0.000966	-0.000305	-0.000199
819	append204	1.0000	3.385119e-2	6.541170e-2	4.027852e-2	0.8261	8.913786e-1	4.228834e-2	-	0	0	2.288439e-2	3.804049e-2	4.619065e-2	4.492879e-2	-0.004146	-0.001642	-0.001517	0.000655
820	append204	1.0000	2.714481e-2	6.565809e-2	4.017875e-2	0.7370	1.564810e0	1.232607e-1	-	0	0	1.799487e-2	2.899717e-2	1.751303e-2	4.428368e-2	-0.003656	0.000717	-0.000602	0.001737
821	append204	1.0000	3.836280e-2	1.331441e-1	5.719897e-2	0.5913	1.025546e0	6.561150e-2	-	0	0	3.029543e-2	4.323833e-2	3.711961e-2	4.953410e-2	0.009509	0.001874	0.001941	0.005020
822	append204	0.0000	0.000000e0	0.000000e0	0.000000e0	1.0000	0.000000e0	0.000000e0	-	1	1	0.000000e0	0.000000e0	0.000000e0	0.000000e0	-	-	-	-
823	append204	0.0000	0.000000e0	0.000000e0	0.000000e0	1.0000	0.000000e0	0.000000e0	-	1	1	0.000000e0	0.000000e0	0.000000e0	0.000000e0	-	-	-	-
824	append204	1.0000	4.457056e-3	1.048803e-2	5.283579e-3	0.7280	2.952489e-1	1.277841e-2	-	0	0	2.212191e-3	3.495369e-3	3.035835e-3	8.891525e-3	-	-	-	-
825	append204	1.0000	6.722794e-3	1.513076e-2	7.109962e-3	0.8094	2.938125e-1	1.428690e-2	-	0	0	3.689598e-3	4.934433e-3	4.423935e-3	1.304925e-2	-	-	-	-
826	append204	1.0000	6.915982e-3	1.585960e-2	7.495210e-3	0.7919	2.947815e-1	1.592862e-2	-	0	0	3.273232e-3	5.265543e-3	4.873958e-3	1.405219e-2	-	-	-	-
827	append204	1.0000	1.174458e-2	3.945065e-2	1.672938e-2	0.5721	8.669104e-1	2.322102e-2	-	0	0	9.431303e-3	1.276210e-2	1.152339e-2	1.505235e-2	-	-	-	-
828	append204	1.0000	5.176273e-3	1.775289e-2	8.154198e-3	0.5745	7.297357e-1	2.447022e-2	-	0	0	4.886588e-3	7.811032e-3	8.462941e-3	3.375559e-3	-	-	-	-
829	append204	1.0000	7.869465e-3	1.790071e-2	9.022245e-3	0.7445	5.744079e-1	2.730814e-2	-	0	0	4.428225e-3	8.773053e-3	8.521490e-3	1.268016e-2	-	-	-	-
830	append204	1.0000	1.512674e-2	5.058479e-2	2.476495e-2	0.5900	1.150046e0	5.187280e-2	-	0	0	9.169452e-3	2.264843e-2	1.762072e-2	2.055511e-2	-	-	-	-
831	append204	1.0000	1.620923e-2	2.829647e-2	2.394504e-2	0.8430	9.708011e-1	5.263964e-2	-	0	0	1.175562e-2	1.293970e-2	1.597199e-2	2.461891e-2	0.003633	0.000371	0.000496	-0.000119
832	append204	1.0000	2.195795e-2	7.493877e-2	2.983592e-2	0.6232	1.042408e0	3.840850e-2	-	0	0	1.539567e-2	2.426381e-2	2.155458e-2	3.149433e-2	-0.003368	0.000327	0.000674	-0.000937
833	append204	1.0000	8.422499e-3	2.478957e-2	1.203261e-2	0.6109	6.662739e-1	1.898623e-2	-	0	0	6.553566e-3	1.307868e-2	1.335737e-2	7.691436e-3	-	-	-	-
834	append204	1.0000	1.521787e-2	4.741770e-2	2.126138e-2	0.6301	9.709249e-1	4.161387e-2	-	0	0	1.082309e-2	1.657109e-2	1.683836e-2	2.099519e-2	-	-	-	-
835	append204	1.0000	1.571001e-2	3.719425e-2	1.874912e-2	0.6701	8.013550e-1	4.755485e-2	-	0	0	1.045807e-2	1.665275e-2	1.873461e-2	2.249134e-2	-	-	-	-
836	append204	1.0000	8.239189e-3	1.592718e-2	1.102038e-2	0.8553	5.596104e-1	1.620961e-2	-	0	0	6.123931e-3	1.053650e-2	9.910788e-3	1.003199e-2	-	-	-	-
837	append204	1.0000	1.822108e-2	4.102945e-2	3.458992e-2	0.7128	1.550474e0	1.149758e-1	-	0	0	1.327287e-2	2.904414e-2	1.035027e-2	2.449265e-2	-0.002812	0.001438	-0.000230	0.000905
838	append204	1.0000	2.446916e-2	8.931196e-2	3.528504e-2	0.6266	6.320634e-1	3.605207e-2	-	0	0	1.505480e-2	2.326367e-2	2.175211e-2	4.074783e-2	0.004908	0.001115	0.000929	0.001334
839	append204	1.0000	1.576488e-2	4.214275e-2	1.901213e-2	0.6642	8.964760e-1	6.600096e-2	-	0	0	1.005484e-2	1.555508e-2	1.207359e-2	2.616961e-2	-	-	-	-
840	append204	1.0000	1.502037e-2	3.786898e-2	1.626347e-2	0.7689	8.883670e-1	5.983859e-2	-	0	0	9.553713e-3	1.829495e-2	1.471033e-2	2.240885e-2	-	-	-	-
841	append204	1.0000	1.152139e-2	2.421045e-2	1.209715e-2	0.7423	7.447237e-1	3.927382e-2	-	0	0	6.276353e-3	9.497929e-3	1.016111e-2	2.108057e-2	-	-	-	-
842	append204	1.0000	1.232468e-2	3.246212e-2	1.852662e-2	0.6781	9.221657e-1	3.825424e-2	-	0	0	9.289136e-3	1.502236e-2	1.310817e-2	1.572563e-2	-	-	-	-
843	append204	1.0000	2.205866e-2	4.355645e-2	2.992239e-2	0.6970	1.148805e0	6.726577e-2	-	0	0	1.364528e-2	2.564313e-2	2.086923e-2	3.427561e-2	0.002857	0.000384	0.001286	-0.000413
844	append204	1.0000	5.212683e-2	1.384187e-1	7.119306e-2	0.5331	1.402088e0	9.625556e-2	-	0	0	3.407303e-2	7.084102e-2	8.432699e-2	6.127928e-2	-0.011233	-0.002052	-0.001312	-0.000692
845	append204	1.0000	2.970029e-2	1.384885e-1	5.132429e-2	0.8443	1.356366e0	5.692907e-2	-	0	0	2.285272e-2	5.140213e-2	7.131737e-2	1.660479e-2	-0.001358	-0.001501	-0.002293	0.000349
846	append204	1.0000	1.528503e-2	4.369652e-2	2.625826e-2	0.6250	1.762382e0	1.209284e-1	-	0	0	1.106743e-2	1.990049e-2	2.257002e-2	1.741103e-2	-	-	-	-
847	append204	1.0000	8.108681e-3	2.502048e-2	2.068840e-2	0.6760	7.477654e-1	3.053384e-2	-	0	0	6.345777e-3	2.117211e-2	1.164517e-2	4.325806e-3	-	-	-	-
848	append204	1.0000	1.906510e-2	3.771782e-2	4.079813e-2	0.7196	1.921980e0	1.044252e-1	-	0	0	1.179844e-2	3.492277e-2	2.219571e-2	2.295769e-2	0.002155	0.000058	0.000992	-0.000315
849	append204	1.0000	8.241992e-2	2.181065e-1	1.135133e-1	0.5648	1.460920e0	1.129791e-1	-	0	0	5.484898e-2	1.142580e-1	1.263395e-1	9.698974e-2	-0.022084	-0.003916	-0.003145	-0.000428
850	append204	1.0000	3.999890e-2	1.117439e-1	5.271290e-2	0.5512	1.411972e0	1.413402e-1	-	0	0	2.776527e-2	4.298115e-2	3.289958e-2	6.061224e-2	-0.010921	-0.002081	-0.000756	-0.000402
851	append204	1.0000	3.060116e-2	9.484482e-2	4.686640e-2	0.5186	1.210422e0	9.854234e-2	-	0	0	1.977627e-2	4.725066e-2	5.286995e-2	3.282305e-2	-0.006349	-0.001430	-0.001016	-0.000041
852	append204	1.0000	4.070869e-2	9.860587e-2	5.276509e-2	0.6169	2.117384e0	1.525804e-1	-	0	0	3.811298e-2	3.953314e-2	4.389845e-2	4.410742e-2	0.011272	-0.000829	0.000381	-0.000638
853	append204	1.0000	2.024275e-2	3.734684e-2	2.912112e-2	0.7858	1.956149e0	1.096352e-1	-	0	0	1.738278e-2	1.348063e-2	1.489441e-2	2.941084e-2	-0.003392	0.000368	0.000752	-0.000388
854	append204	1.0000	1.164493e-2	2.233768e-2	1.553079e-2	0.7660	9.475927e-1	3.919638e-2	-	0	0	6.364479e-3	1.662954e-2	1.034910e-2	1.840836e-2	-	-	-	-
855	append204	1.0000	2.518063e-2	8.087194e-2	3.613353e-2	0.6615	6.383643e-1	3.679071e-2	-	0	0	1.190550e-2	2.154803e-2	1.999954e-2	4.940498e-2	-0.002198	0.000009	-0.000324	-0.002743
856	append204	0.0000	0.000000e0	0.000000e0	0.000000e0	1.0000	0.000000e0	0.000000e0	-	1	1	0.000000e0	0.000000e0	0.000000e0	0.000000e0	-	-	-	-
857	append204	0.0000	0.000000e0	0.000000e0	0.000000e0	1.0000	0.000000e0	0.000000e0	-	1	1	0.000000e0	0.000000e0	0.000000e0	0.000000e0	-	-	-	-
858	append204	1.0000	3.603721e-3	7.663488e-3	4.930318e-3	0.6168	2.891369e-1	8.303424e-3	-	0	0	2.736716e-3	3.501457e-3	4.079454e-3	4.835831e-3	-	-	-	-
859	append204	1.0000	1.661345e-3	3.643513e-3	2.969759e-3	0.6170	2.215052e-1	6.592020e-3	-	0	0	1.655269e-3	1.443700e-3	1.722531e-3	1.736518e-3	-	-	-	-
860	append204	1.0000	3.851104e-3	8.418560e-3	5.033550e-3	0.6589	2.404760e-1	9.481497e-3	-	0	0	2.634869e-3	3.405915e-3	3.314613e-3	6.138265e-3	-	-	-	-
861	append204	1.0000	2.014192e-2	6.747341e-2	2.897662e-2	0.5537	9.341645e-1	3.862976e-2	-	0	0	1.405283e-2	2.161546e-2	2.080510e-2	2.888280e-2	-0.003076	0.000523	0.000760	-0.000836
862	append204	1.0000	9.814121e-3	2.890182e-2	1.153360e-2	0.7353	7.799845e-1	2.613768e-2	-	0	0	7.458842e-3	1.258653e-2	1.146469e-2	1.180031e-2	-	-	-	-
863	append204	1.0000	6.527912e-3	1.482773e-2	9.609871e-3	0.7113	5.302716e-1	2.294900e-2	-	0	0	4.911780e-3	9.073777e-3	8.063775e-3	7.484711e-3	-	-	-	-
864	append204	1.0000	1.553851e-2	4.986191e-2	3.031152e-2	0.6707	1.131716e0	4.713412e-2	-	0	0	1.164217e-2	2.519840e-2	2.035166e-2	1.602092e-2	-	-	-	-
865	append204	1.0000	7.814258e-3	1.576400e-2	7.540617e-3	0.7940	4.655403e-1	1.797167e-2	-	0	0	4.556334e-3	6.043520e-3	7.201925e-3	1.387482e-2	-	-	-	-
866	append204	1.0000	3.941506e-2	1.179533e-1	4.960716e-2	0.6575	1.007308e0	5.863663e-2	-	0	0	2.584748e-2	4.399296e-2	4.628638e-2	5.641103e-2	-0.005064	0.000924	0.000899	-0.001096
867	append204	1.0000	6.890530e-3	1.974869e-2	7.792456e-3	0.7586	6.414041e-1	1.964302e-2	-	0	0	5.639345e-3	8.797370e-3	7.161554e-3	7.990389e-3	-	-	-	-
868	append204	1.0000	1.541622e-2	4.582787e-2	2.246611e-2	0.6017	1.151834e0	4.990784e-2	-	0	0	1.146702e-2	1.979513e-2	1.942852e-2	1.840356e-2	-	-	-	-
869	append204	1.0000	2.499789e-2	5.827904e-2	2.979824e-2	0.6566	1.175861e0	7.839496e-2	-	0	0	1.684072e-2	2.537176e-2	2.647639e-2	3.713905e-2	-0.000173	-0.000799	-0.000254	-0.000079
870	append204	1.0000	2.752204e-2	5.206665e-2	3.042975e-2	0.8621	6.714447e-1	3.420937e-2	-	0	0	1.811588e-2	3.013402e-2	3.297600e-2	3.928120e-2	-0.002795	-0.001181	-0.000727	0.000581
871	append204	1.0000	1.088269e-2	2.443814e-2	2.128820e-2	0.6535	1.486439e0	8.020781e-2	-	0	0	9.581850e-3	1.537141e-2	5.944325e-3	1.290975e-2	-	-	-	-
872	append204	1.0000	4.941913e-2	1.614971e-1	7.136265e-2	0.5826	1.031349e0	7.481493e-2	-	0	0	3.814506e-2	4.843910e-2	4.277185e-2	6.995824e-2	0.012085	0.002146	0.002207	0.005234
873	append204	0.0000	0.000000e0	0.000000e0	0.000000e0	1.0000	0.000000e0	0.000000e0	-	1	1	0.000000e0	0.000000e0	0.000000e0	0.000000e0	-	-	-	-
874	append204	0.0000	0.000000e0	0.000000e0	0.000000e0	1.0000	0.000000e0	0.000000e0	-	1	1	0.000000e0	0.000000e0	0.000000e0	0.000000e0	-	-	-	-
875	append204	1.0000	9.689717e-3	2.086592e-2	1.007907e-2	0.8500	3.066885e-1	2.111272e-2	-	0	0	4.779468e-3	7.552398e-3	7.281235e-3	1.914881e-2	-	-	-	-
876	append204	1.0000	6.483006e-3	1.394248e-2	7.502624e-3	0.7769	3.350820e-1	1.288331e-2	-	0	0	3.794646e-3	4.957606e-3	4.492183e-3	1.204920e-2	-	-	-	-
877	append204	1.0000	1.056409e-2	2.271557e-2	1.073601e-2	0.8423	3.621652e-1	2.194549e-2	-	0	0	5.385847e-3	8.241927e-3	8.297183e-3	2.046787e-2	-	-	-	-
878	append204	1.0000	2.796616e-2	7.428789e-2	3.594319e-2	0.5371	8.583595e-1	4.442552e-2	-	0	0	2.110185e-2	3.732523e-2	3.676520e-2	3.179077e-2	-0.005027	0.000370	0.000594	-0.000891
879	append204	1.0000	8.677624e-3	2.147388e-2	1.144933e-2	0.5876	5.888071e-1	4.322781e-2	-	0	0	4.950892e-3	8.485018e-3	8.095666e-3	1.482761e-2	-	-	-	-
880	append204	1.0000	5.133469e-3	1.154566e-2	6.771130e-3	0.6980	5.664232e-1	2.224595e-2	-	0	0	3.917163e-3	5.141643e-3	3.414251e-3	7.667124e-3	-	-	-	-
881	append204	1.0000	2.606503e-2	8.026147e-2	5.866613e-2	0.6732	1.514083e0	9.837353e-2	-	0	0	2.029808e-2	5.432681e-2	2.976139e-2	2.238809e-2	-0.006109	0.001791	-0.000750	0.000708
882	append204	1.0000	2.617673e-2	4.020250e-2	5.224969e-2	0.8667	1.557775e0	9.313871e-2	-	0	0	2.344788e-2	1.928753e-2	2.202138e-2	3.475684e-2	0.008262	0.000459	0.000550	-0.000223
883	append204	1.0000	1.099667e-2	2.740848e-2	1.332406e-2	0.6136	8.742734e-1	3.269875e-2	-	0	0	8.864971e-3	1.217961e-2	1.589001e-2	1.209552e-2	-	-	-	-
884	append204	1.0000	9.098559e-3	2.681112e-2	1.097201e-2	0.6947	7.395539e-1	3.557461e-2	-	0	0	6.234061e-3	1.111691e-2	9.013123e-3	1.282006e-2	-	-	-	-
885	append204	1.0000	1.937946e-2	6.646061e-2	3.155985e-2	0.5508	1.224833e0	6.110608e-2	-	0	0	1.413840e-2	3.034166e-2	4.134416e-2	1.522513e-2	-0.000588	0.000646	0.000629	-0.000262
886	append204	1.0000	1.595175e-2	3.829455e-2	1.963761e-2	0.6666	8.177408e-1	4.118497e-2	-	0	0	1.165845e-2	1.658963e-2	1.881662e-2	2.140643e-2	-0.001229	-0.000352	-0.000111	-0.000269
887	append204	1.0000	7.820596e-3	1.636159e-2	9.232028e-3	0.7942	5.829212e-1	2.267408e-2	-	0	0	4.828912e-3	6.282942e-3	5.010846e-3	1.416605e-2	-	-	-	-
888	append204	1.0000	1.779969e-2	3.394580e-2	4.285656e-2	0.7533	1.648612e0	1.360629e-1	-	0	0	1.275230e-2	3.533247e-2	1.171672e-2	2.087061e-2	-0.003355	0.001469	-0.000373	0.000512
889	append204	1.0000	3.513838e-2	1.292696e-1	4.991089e-2	0.6569	7.163209e-1	4.483057e-2	-	0	0	1.916202e-2	2.679552e-2	2.391589e-2	6.770477e-2	0.006170	0.001158	0.001029	0.000261
890	append204	1.0000	8.986208e-3	2.963233e-2	1.246848e-2	0.6941	8.889623e-1	5.089386e-2	-	0	0	7.639570e-3	1.314752e-2	9.814295e-3	9.124199e-3	-	-	-	-
891	append204	1.0000	1.401908e-2	3.810787e-2	1.834935e-2	0.7357	9.317381e-1	7.807067e-2	-	0	0	1.044955e-2	2.055222e-2	1.491845e-2	1.667000e-2	-	-	-	-
892	append204	1.0000	1.573702e-2	3.098726e-2	1.840723e-2	0.7474	7.147559e-1	4.304625e-2	-	0	0	9.230062e-3	1.575591e-2	1.411665e-2	2.655104e-2	-	-	-	-
893	append204	1.0000	1.853315e-2	3.646368e-2	2.771763e-2	0.7326	1.004766e0	5.598980e-2	-	0	0	1.308616e-2	2.269907e-2	2.068385e-2	2.463775e-2	0.002561	0.000004	0.001094	-0.000471
894	append204	1.0000	1.479425e-2	3.010654e-2	2.120105e-2	0.7483	1.068179e0	4.946773e-2	-	0	0	1.038526e-2	1.726570e-2	1.564697e-2	2.042135e-2	-	-	-	-
895	append204	1.0000	2.397533e-2	6.909084e-2	2.912586e-2	0.6433	1.567564e0	7.752499e-2	-	0	0	1.496845e-2	2.160337e-2	2.072642e-2	4.027692e-2	-0.001468	0.000066	-0.000153	-0.000133
896	append204	1.0000	3.074854e-2	6.058264e-2	5.167482e-2	0.6582	2.066885e0	1.517698e-1	-	0	0	2.377442e-2	3.114703e-2	1.853993e-2	4.598763e-2	0.012796	0.001218	0.000504	0.000035
897	append204	1.0000	1.661005e-2	3.730679e-2	2.284690e-2	0.7572	1.630651e0	9.382227e-2	-	0	0	1.159120e-2	1.741270e-2	1.907301e-2	2.328521e-2	-0.000525	-0.000021	0.000794	-0.000245
898	append204	1.0000	8.380282e-3	1.870203e-2	1.403386e-2	0.6984	8.102796e-1	3.124289e-2	-	0	0	5.848018e-3	1.472810e-2	6.701939e-3	1.041039e-2	-	-	-	-
899	append204	1.0000	1.087485e-2	2.179915e-2	3.344769e-2	0.6846	1.393660e0	8.450579e-2	-	0	0	8.490396e-3	2.726806e-2	7.146880e-3	9.362796e-3	-	-	-	-
900	append204	1.0000	4.730257e-2	1.609533e-1	7.345250e-2	0.5893	1.522391e0	9.586897e-2	-	0	0	3.353471e-2	7.081706e-2	9.018764e-2	4.389880e-2	-0.007280	-0.001583	-0.001988	0.000183
901	append204	1.0000	1.619886e-2	4.072642e-2	2.202579e-2	0.6021	1.276412e0	5.432847e-2	-	0	0	1.391847e-2	1.899433e-2	1.678906e-2	1.844286e-2	-0.004769	-0.000975	-0.000621	0.000039
902	append204	1.0000	1.467031e-2	3.467023e-2	2.269317e-2	0.6606	1.377350e0	4.856623e-2	-	0	0	1.383753e-2	1.479172e-2	8.531500e-3	1.815942e-2	-	-	-	-
903	append204	1.0000	3.664163e-2	9.123731e-2	4.782006e-2	0.6107	2.017674e0	1.368250e-1	-	0	0	3.500546e-2	3.432076e-2	3.752015e-2	3.983251e-2	0.010088	-0.000755	0.000370	-0.000585
904	append204	1.0000	1.568042e-2	3.164935e-2	2.632593e-2	0.7551	2.036298e0	7.980742e-2	-	0	0	1.494140e-2	1.030686e-2	9.575993e-3	2.122703e-2	-	-	-	-
905	append204	1.0000	1.192373e-2	2.000809e-2	2.684288e-2	0.6849	1.115259e0	4.936960e-2	-	0	0	7.804833e-3	2.538557e-2	1.382020e-2	1.228065e-2	-	-	-	-
906	append204	1.0000	1.790779e-2	6.063020e-2	2.629149e-2	0.6743	5.320865e-1	2.557461e-2	-	0	0	8.819105e-3	1.438093e-2	1.139131e-2	3.599024e-2	-0.001720	-0.000059	-0.000147	-0.001016
907	append204	0.0000	0.000000e0	0.000000e0	0.000000e0	1.0000	0.000000e0	0.000000e0	-	1	1	0.000000e0	0.000000e0	0.000000e0	0.000000e0	-	-	-	-
908	append204	0.0000	0.000000e0	0.000000e0	0.000000e0	1.0000	0.000000e0	0.000000e0	-	1	1	0.000000e0	0.000000e0	0.000000e0	0.000000e0	-	-	-	-
909	append204	1.0000	9.950166e-3	2.177334e-2	1.143447e-2	0.7822	3.041677e-1	1.747485e-2	-	0	0	5.340368e-3	7.224063e-3	6.211561e-3	1.965718e-2	-	-	-	-
910	append204	1.0000	3.365273e-3	6.694794e-3	4.515859e-3	0.7928	2.543304e-1	8.286993e-3	-	0	0	2.428811e-3	2.582537e-3	2.637725e-3	5.418007e-3	-	-	-	-
911	append204	1.0000	3.623465e-3	7.366836e-3	4.939403e-3	0.6500	2.503629e-1	9.703598e-3	-	0	0	2.410732e-3	2.930747e-3	2.976827e-3	6.044993e-3	-	-	-	-
912	append204	1.0000	4.183012e-2	1.161513e-1	5.359324e-2	0.5727	1.015650e0	6.325099e-2	-	0	0	2.987396e-2	5.162584e-2	5.362132e-2	5.240030e-2	-0.006985	0.000531	0.000886	-0.001976
913	append204	1.0000	9.105783e-3	1.872587e-2	9.656484e-3	0.7312	6.245323e-1	2.243648e-2	-	0	0	6.604587e-3	9.365289e-3	1.074451e-2	1.233982e-2	-	-	-	-
914	append204	1.0000	1.219634e-2	2.322865e-2	1.408308e-2	0.7953	5.184599e-1	2.296167e-2	-	0	0	8.625664e-3	1.395673e-2	1.248685e-2	1.699607e-2	-	-	-	-
915	append204	1.0000	2.717396e-2	7.141685e-2	5.524416e-2	0.7241	1.509831e0	1.418092e-1	-	0	0	1.970119e-2	4.717601e-2	2.819014e-2	3.048580e-2	-0.005209	0.001090	-0.000804	0.000073
916	append204	1.0000	9.735837e-3	2.034658e-2	1.051063e-2	0.8251	6.692528e-1	2.650336e-2	-	0	0	5.491935e-3	7.313886e-3	7.730590e-3	1.811546e-2	-	-	-	-
917	append204	1.0000	3.680955e-2	8.793855e-2	4.569414e-2	0.6183	8.918991e-1	5.372046e-2	-	0	0	2.434040e-2	4.654606e-2	5.583147e-2	4.558564e-2	-0.003882	0.000287	0.000536	-0.000801
918	append204	1.0000	1.805819e-2	4.192972e-2	2.266193e-2	0.6802	8.679282e-1	3.505896e-2	-	0	0	1.283668e-2	2.273868e-2	2.700263e-2	2.113441e-2	-0.001149	-0.000014	0.000202	-0.000057
919	append204	1.0000	2.450088e-2	1.014295e-1	4.566250e-2	0.5352	1.505160e0	7.589677e-2	-	0	0	1.969842e-2	4.265559e-2	5.718935e-2	1.286156e-2	-0.000152	0.000499	0.000301	-0.000197
920	append204	1.0000	2.859510e-2	6.771636e-2	3.444762e-2	0.6584	1.234163e0	8.488141e-2	-	0	0	1.989266e-2	2.969810e-2	3.085387e-2	4.101632e-2	0.000135	-0.000823	-0.000177	-0.000119
921	append204	1.0000	2.221036e-2	4.294416e-2	2.364975e-2	0.8740	5.829750e-1	2.849508e-2	-	0	0	1.429436e-2	2.273780e-2	2.347235e-2	3.398884e-2	-0.002303	-0.000872	-0.000406	0.000572
922	append204	1.0000	1.402493e-2	3.037882e-2	2.550470e-2	0.6951	1.641088e0	1.253729e-1	-	0	0	1.124366e-2	1.866399e-2	8.821008e-3	1.841600e-2	-	-	-	-
923	append204	1.0000	4.746747e-2	1.490839e-1	6.766557e-2	0.5830	1.083674e0	6.758390e-2	-	0	0	3.827273e-2	4.542217e-2	4.025139e-2	6.537279e-2	0.013168	0.001939	0.001943	0.003542
924	tail20	1.0000	3.066747e-2	8.535290e-2	4.194600e-2	0.7389	2.107007e0	4.107775e-2	-	0	0	2.572990e-2	3.282098e-2	3.376460e-2	3.643944e-2	0.007077	0.001967	0.001492	0.001184
925	tail20	1.0000	6.976240e-2	2.027776e-1	1.063777e-1	0.7272	2.213652e0	1.532323e-1	-	0	0	6.319448e-2	9.609163e-2	1.206622e-1	5.099011e-2	-0.007564	-0.004559	-0.003078	-0.001726
926	tail20	1.0000	1.593694e-2	6.156901e-2	2.472612e-2	0.6090	9.859198e-1	2.048295e-2	-	0	0	9.048049e-3	1.488266e-2	1.135218e-2	2.886076e-2	0.002028	0.000291	0.000392	0.001559
927	tail20	0.0000	0.000000e0	0.000000e0	0.000000e0	1.0000	0.000000e0	0.000000e0	-	1	1	0.000000e0	0.000000e0	0.000000e0	0.000000e0	-	-	-	-
928	tail20	0.0000	0.000000e0	0.000000e0	0.000000e0	1.0000	0.000000e0	0.000000e0	-	1	1	0.000000e0	0.000000e0	0.000000e0	0.000000e0	-	-	-	-
929	tail20	1.0000	1.131503e-2	3.803444e-2	1.910942e-2	0.6792	1.703221e0	5.041745e-2	-	0	0	1.084686e-2	1.657383e-2	1.576450e-2	8.314006e-3	-	-	-	-
930	tail20	1.0000	3.573638e-2	1.200013e-1	6.208342e-2	0.6952	1.639911e0	1.211424e-1	-	0	0	3.617865e-2	5.132092e-2	6.111513e-2	1.953931e-2	-0.004206	-0.003112	-0.001641	-0.000560
931	tail20	1.0000	1.659944e-2	6.243083e-2	2.512872e-2	0.6539	9.704934e-1	1.936015e-2	-	0	0	9.548998e-3	1.523268e-2	1.260134e-2	2.969050e-2	0.001946	0.000287	0.000432	0.001584
932	tail20	0.0000	0.000000e0	0.000000e0	0.000000e0	1.0000	0.000000e0	0.000000e0	-	1	1	0.000000e0	0.000000e0	0.000000e0	0.000000e0	-	-	-	-
933	tail20	0.0000	0.000000e0	0.000000e0	0.000000e0	1.0000	0.000000e0	0.000000e0	-	1	1	0.000000e0	0.000000e0	0.000000e0	0.000000e0	-	-	-	-
934	tail20	1.0000	1.333637e-2	3.514338e-2	2.295504e-2	0.6017	1.346734e0	8.127574e-2	-	0	0	9.546524e-3	2.108480e-2	1.733408e-2	1.471865e-2	-	-	-	-
935	tail20	1.0000	2.406280e-2	7.397246e-2	4.808164e-2	0.6807	1.436290e0	8.603525e-2	-	0	0	2.412017e-2	3.471000e-2	4.081792e-2	1.359388e-2	-0.003099	-0.001703	-0.000814	-0.000266
936	tail20	1.0000	2.104594e-2	8.363223e-2	3.286030e-2	0.6280	9.854116e-1	2.508013e-2	-	0	0	1.122932e-2	1.904340e-2	1.537364e-2	3.935164e-2	0.002260	0.000281	0.000503	0.001971
937	tail20	0.0000	0.000000e0	0.000000e0	0.000000e0	1.0000	0.000000e0	0.000000e0	-	1	1	0.000000e0	0.000000e0	0.000000e0	0.000000e0	-	-	-	-
938	tail20	0.0000	0.000000e0	0.000000e0	0.000000e0	1.0000	0.000000e0	0.000000e0	-	1	1	0.000000e0	0.000000e0	0.000000e0	0.000000e0	-	-	-	-
939	tail20	1.0000	8.967076e-3	2.692819e-2	1.716787e-2	0.6949	1.108573e0	5.348701e-2	-	0	0	7.310180e-3	1.375349e-2	1.063295e-2	9.036634e-3	-	-	-	-
940	tail20	1.0000	1.748547e-2	4.648352e-2	3.591483e-2	0.6435	1.337061e0	7.035647e-2	-	0	0	1.443902e-2	2.516377e-2	2.803609e-2	1.534821e-2	0.000038	-0.000931	-0.000097	0.000273
941	tail20	1.0000	1.946191e-2	7.618237e-2	2.993119e-2	0.6316	9.517126e-1	2.382083e-2	-	0	0	1.130400e-2	1.809194e-2	1.414071e-2	3.477624e-2	0.002235	0.000344	0.000348	0.001812
942	tail20	0.0000	0.000000e0	0.000000e0	0.000000e0	1.0000	0.000000e0	0.000000e0	-	1	1	0.000000e0	0.000000e0	0.000000e0	0.000000e0	-	-	-	-
943	tail20	0.0000	0.000000e0	0.000000e0	0.000000e0	1.0000	0.000000e0	0.000000e0	-	1	1	0.000000e0	0.000000e0	0.000000e0	0.000000e0	-	-	-	-
