idx	family	frac_rows_nonzero_xt	mean_abs	p95_abs	std	sign_cons	analytic_simple	analytic_path	packed_zero_frac	dead	rank_dead	mean_abs_kadid	mean_abs_csiq	mean_abs_live	mean_abs_cid22	dsrocc_kadid	dsrocc_csiq	dsrocc_live	dsrocc_cid22
0	v1fold156	1.0000	4.866906e-2	1.249607e-1	9.290756e-2	0.6080	1.962510e0	2.868791e-1	-	0	0	3.496851e-2	4.880080e-2	9.299913e-2	5.407081e-2	-	-	-	-
1	v1fold156	1.0000	6.838450e-2	2.536123e-1	9.888110e-2	0.6363	2.484019e0	3.965271e-1	-	0	0	5.741776e-2	7.321730e-2	8.667059e-2	7.704372e-2	0.022694	-0.001053	-0.001738	0.000200
2	v1fold156	1.0000	2.850734e-2	9.782249e-2	4.513842e-2	0.5721	1.892205e0	3.234251e-1	-	0	0	2.664303e-2	3.414670e-2	3.527020e-2	2.670867e-2	-	-	-	-
3	v1fold156	1.0000	7.448698e-2	2.374578e-1	2.508283e-1	0.6602	4.449047e0	5.810684e-1	-	0	0	5.239028e-2	9.349345e-2	2.520003e-1	3.713092e-2	0.019821	-0.004208	0.002408	0.000408
4	v1fold156	1.0000	8.207933e-2	3.685797e-1	1.549745e-1	0.5978	3.942336e0	5.688740e-1	-	0	0	1.022074e-1	6.842337e-2	1.012805e-1	4.896475e-2	-0.041565	0.003703	0.002562	0.001580
5	v1fold156	1.0000	4.233026e-2	1.487215e-1	1.103361e-1	0.6294	2.959644e0	3.719251e-1	-	0	0	3.751898e-2	4.630551e-2	1.098440e-1	2.378519e-2	-	-	-	-
6	v1fold156	1.0000	5.197846e-2	1.886029e-1	1.053686e-1	0.5078	1.342213e0	1.965713e-1	-	0	0	4.225450e-2	9.875861e-2	1.078234e-1	2.812177e-2	-0.002210	-0.005136	-0.006098	-0.000570
7	v1fold156	1.0000	1.059394e-1	4.334199e-1	1.802699e-1	0.5357	2.281871e0	3.334061e-1	-	0	0	7.140883e-2	1.307290e-1	1.714985e-1	1.264439e-1	-0.004369	-0.007668	-0.014242	-0.002746
8	v1fold156	1.0000	5.750714e-2	2.668897e-1	1.091650e-1	0.5008	1.651458e0	2.392088e-1	-	0	0	5.121806e-2	9.087692e-2	1.106992e-1	3.462308e-2	-0.005010	-0.005508	-0.007071	-0.000531
9	v1fold156	1.0000	2.173347e-2	4.729128e-2	4.322347e-2	0.7929	8.278572e-1	1.627056e-1	-	0	0	1.702649e-2	1.692550e-2	3.355589e-2	2.678477e-2	-	-	-	-
10	v1fold156	1.0000	1.145539e-1	2.972996e-1	1.490357e-1	0.5600	1.667331e0	2.145811e-1	-	0	0	9.111033e-2	1.054292e-1	9.238829e-2	1.631518e-1	-0.021277	-0.000091	0.002360	-0.005867
11	v1fold156	1.0000	1.426419e-1	4.326456e-1	1.999605e-1	0.5583	2.133478e0	2.510421e-1	-	0	0	1.082616e-1	1.367836e-1	1.085114e-1	2.114651e-1	0.045904	-0.007505	-0.003443	0.005979
12	v1fold156	1.0000	9.623579e-3	1.958847e-2	3.454297e-2	0.6462	1.286018e0	1.916566e-1	-	0	0	7.921516e-3	7.107277e-3	2.353225e-2	8.266975e-3	-	-	-	-
13	v1fold156	1.0000	2.026490e-1	8.711287e-1	3.446212e-1	0.6144	4.029779e0	4.495501e-1	-	0	0	1.818234e-1	2.615328e-1	4.446285e-1	1.238004e-1	-0.113548	0.025691	0.030869	-0.000556
14	v1fold156	1.0000	1.103096e-1	2.719619e-1	1.304242e-1	0.7808	3.227905e0	4.811640e-1	-	0	0	7.303496e-2	9.698461e-2	1.021136e-1	1.772834e-1	-0.004295	0.003538	0.007267	-0.000404
15	v1fold156	1.0000	1.555269e-1	6.564392e-1	2.660934e-1	0.5285	3.334118e0	4.020180e-1	-	0	0	1.532072e-1	2.103413e-1	3.409938e-1	6.973032e-2	-0.090527	0.022794	0.027751	-0.000480
16	v1fold156	1.0000	6.934827e-2	1.566195e-1	2.258946e-1	0.6085	4.984707e0	6.600610e-1	-	0	0	7.363487e-2	4.239031e-2	6.482155e-2	7.512863e-2	-0.020061	0.000209	0.000492	-0.001629
17	v1fold156	1.0000	1.891308e-1	4.912119e-1	3.086766e-1	0.5596	4.658615e0	4.968818e-1	-	0	0	1.576781e-1	1.850359e-1	2.901550e-1	2.035770e-1	0.048594	-0.009660	-0.009123	0.000208
18	v1fold156	1.0000	4.711369e-2	1.263285e-1	1.124909e-1	0.6348	2.981058e0	3.749071e-1	-	0	0	4.646125e-2	3.561101e-2	6.348177e-2	4.683994e-2	-	-	-	-
19	v1fold156	1.0000	8.356331e-2	2.479768e-1	1.605614e-1	0.7040	2.469807e0	3.985924e-1	-	0	0	5.661103e-2	1.208596e-1	1.107800e-1	1.010207e-1	-0.004242	-0.009928	-0.011288	-0.001168
20	v1fold156	1.0000	3.036307e-1	9.704576e-1	4.312683e-1	0.6102	5.680338e0	7.902184e-1	-	0	0	1.920860e-1	3.154949e-1	2.619887e-1	4.893847e-1	0.085765	-0.026449	-0.022589	-0.003956
21	v1fold156	1.0000	1.025884e-1	3.589092e-1	1.858988e-1	0.6803	3.012751e0	4.769348e-1	-	0	0	8.489701e-2	1.564656e-1	1.369712e-1	9.618900e-2	0.027595	-0.013225	-0.011967	-0.000408
22	v1fold156	1.0000	2.215792e-1	6.605040e-1	3.196072e-1	0.5082	3.714810e0	6.382604e-1	-	0	0	1.651119e-1	2.699049e-1	2.784912e-1	2.702243e-1	-0.074788	0.013535	0.020299	-0.001464
23	v1fold156	1.0000	1.252754e-1	3.698730e-1	1.775283e-1	0.7427	2.143081e0	3.960608e-1	-	0	0	7.831903e-2	1.567749e-1	1.741384e-1	1.686747e-1	0.029792	-0.021402	-0.025517	-0.002046
24	v1fold156	1.0000	5.620000e-2	1.999189e-1	8.677419e-2	0.7290	2.304198e0	3.210848e-1	-	0	0	6.090755e-2	7.367011e-2	5.140738e-2	4.348629e-2	0.016748	-0.000967	-0.003784	-0.001786
25	v1fold156	1.0000	1.534377e-2	1.783216e-2	8.547357e-2	0.7329	2.400174e0	3.533519e-1	-	0	0	2.380372e-2	5.760587e-3	1.739211e-2	5.162542e-3	-	-	-	-
26	v1fold156	1.0000	6.386232e-2	1.782699e-1	8.326980e-2	0.7810	2.422746e0	3.459609e-1	-	0	0	4.473321e-2	5.980121e-2	7.288640e-2	9.230963e-2	-0.001612	0.002035	-0.000166	0.001117
27	v1fold156	1.0000	5.257992e-2	1.864787e-1	7.528224e-2	0.6984	2.006157e0	2.952401e-1	-	0	0	4.645109e-2	5.262147e-2	6.569215e-2	5.744218e-2	0.016520	-0.000684	-0.001843	0.000294
28	v1fold156	1.0000	4.361872e-2	1.441480e-1	5.612125e-2	0.7815	1.993194e0	2.970668e-1	-	0	0	3.091131e-2	4.717424e-2	5.577040e-2	5.775772e-2	-	-	-	-
29	v1fold156	1.0000	5.459955e-2	1.362499e-1	1.729788e-1	0.5843	3.587395e0	4.486687e-1	-	0	0	4.031117e-2	5.925016e-2	1.544340e-1	3.895408e-2	-0.007820	0.000285	0.001432	0.000327
30	v1fold156	1.0000	1.030917e-1	4.314519e-1	1.866802e-1	0.6042	4.320827e0	6.179924e-1	-	0	0	1.198878e-1	7.952993e-2	1.191451e-1	8.035746e-2	-0.052869	0.005440	0.003447	0.000292
31	v1fold156	1.0000	7.174136e-2	2.792874e-1	1.251163e-1	0.6513	3.323081e0	4.292205e-1	-	0	0	7.424465e-2	5.574074e-2	8.462618e-2	6.958417e-2	-0.034468	0.003378	0.002160	-0.000037
32	v1fold156	1.0000	5.188014e-2	2.039309e-1	8.702221e-2	0.6330	1.178979e0	1.753872e-1	-	0	0	3.461690e-2	4.848158e-2	4.704149e-2	8.215782e-2	-0.013302	0.000006	-0.001872	-0.005553
33	v1fold156	1.0000	9.799771e-2	4.490643e-1	1.816491e-1	0.5335	2.601883e0	3.954750e-1	-	0	0	9.123164e-2	1.319788e-1	1.765052e-1	6.642762e-2	-0.017953	-0.010195	-0.013811	-0.000337
34	v1fold156	1.0000	6.846841e-2	2.926434e-1	1.238590e-1	0.5675	1.734473e0	2.715323e-1	-	0	0	5.481084e-2	8.060396e-2	9.920968e-2	7.389126e-2	-0.015437	-0.004512	-0.006809	-0.004606
35	v1fold156	1.0000	2.804715e-2	6.852770e-2	3.003916e-2	0.8677	6.742023e-1	1.220396e-1	-	0	0	1.228656e-2	2.082055e-2	2.820397e-2	5.569305e-2	-	-	-	-
36	v1fold156	1.0000	8.115581e-2	2.006531e-1	1.130649e-1	0.5165	2.053170e0	3.249102e-1	-	0	0	7.197903e-2	1.043174e-1	8.362982e-2	8.534336e-2	-0.020942	-0.004786	-0.006591	-0.002521
37	v1fold156	1.0000	6.312430e-2	1.946905e-1	8.932286e-2	0.5488	1.481281e0	1.949595e-1	-	0	0	5.424240e-2	7.024469e-2	6.247785e-2	7.445410e-2	0.024823	-0.002255	0.000861	0.001717
38	v1fold156	1.0000	1.344661e-1	2.976042e-1	2.334199e-1	0.6816	3.722019e0	5.218865e-1	-	0	0	8.433330e-2	1.573418e-1	2.946185e-1	1.459430e-1	0.002649	-0.005541	-0.003989	-0.001100
39	v1fold156	1.0000	2.598629e-2	8.830845e-2	4.345984e-2	0.6024	1.337226e0	1.444325e-1	-	0	0	2.497805e-2	3.504717e-2	3.960307e-2	1.897260e-2	-	-	-	-
40	v1fold156	1.0000	3.492381e-2	1.064271e-1	4.466258e-2	0.7304	1.351368e0	1.646397e-1	-	0	0	3.164298e-2	3.782901e-2	4.699577e-2	3.452905e-2	-	-	-	-
41	v1fold156	1.0000	1.893852e-2	7.004356e-2	3.612261e-2	0.5539	1.194268e0	1.456596e-1	-	0	0	1.777568e-2	2.579634e-2	3.761080e-2	1.122184e-2	-	-	-	-
42	v1fold156	1.0000	3.193287e-2	1.252323e-1	7.631998e-2	0.6566	1.746918e0	2.713909e-1	-	0	0	2.746877e-2	4.485383e-2	7.970111e-2	1.639948e-2	-	-	-	-
43	v1fold156	1.0000	3.980097e-2	1.839385e-1	8.611426e-2	0.5526	1.509783e0	1.970254e-1	-	0	0	4.987597e-2	3.995012e-2	6.790122e-2	1.369548e-2	-	-	-	-
44	v1fold156	1.0000	4.460107e-2	1.257091e-1	7.301254e-2	0.6912	1.626906e0	2.363891e-1	-	0	0	3.470213e-2	4.431676e-2	6.848195e-2	5.161500e-2	-	-	-	-
45	v1fold156	1.0000	3.870254e-2	1.279289e-1	6.555199e-2	0.5095	9.662600e-1	1.167746e-1	-	0	0	2.642621e-2	4.999718e-2	6.125809e-2	4.526391e-2	-	-	-	-
46	v1fold156	1.0000	6.920433e-2	2.690723e-1	1.134642e-1	0.5801	1.479788e0	2.157623e-1	-	0	0	5.466092e-2	6.685538e-2	9.089871e-2	8.514947e-2	0.000803	0.003257	0.006912	-0.000844
47	v1fold156	1.0000	5.571656e-2	1.972311e-1	8.983734e-2	0.5177	9.507509e-1	1.162498e-1	-	0	0	3.792458e-2	6.707941e-2	9.355276e-2	6.537792e-2	-0.016162	0.003238	0.006119	-0.000695
48	v1fold156	1.0000	1.853882e-2	4.612637e-2	4.563997e-2	0.7989	7.560949e-1	1.482151e-1	-	0	0	1.849014e-2	1.498518e-2	1.749733e-2	2.042748e-2	-	-	-	-
49	v1fold156	1.0000	1.117996e-1	4.914010e-1	1.865681e-1	0.6956	2.465979e0	3.363761e-1	-	0	0	9.726407e-2	2.047626e-1	1.774196e-1	7.332516e-2	-0.011207	0.008912	0.009540	-0.000690
50	v1fold156	1.0000	4.254905e-2	1.396294e-1	8.120242e-2	0.6659	1.383398e0	2.383721e-1	-	0	0	3.880563e-2	7.154808e-2	4.375846e-2	3.629497e-2	-	-	-	-
51	v1fold156	1.0000	4.687236e-3	1.174581e-2	1.275518e-2	0.7711	2.659749e-1	3.886435e-2	-	0	0	3.564346e-3	6.240137e-3	1.234312e-2	3.047443e-3	-	-	-	-
52	v1fold156	1.0000	9.893546e-2	4.224503e-1	1.718186e-1	0.7587	3.408284e0	3.823750e-1	-	0	0	8.371995e-2	1.479800e-1	2.113929e-1	6.225112e-2	-0.000505	-0.010037	-0.015932	0.001231
53	v1fold156	1.0000	1.245821e-1	4.052134e-1	1.603989e-1	0.7603	3.407294e0	4.107641e-1	-	0	0	9.276122e-2	1.681300e-1	2.240665e-1	1.209402e-1	-0.004784	-0.009122	-0.014397	0.001670
54	v1fold156	1.0000	1.044455e-1	2.935314e-1	1.327114e-1	0.7432	3.471223e0	3.888683e-1	-	0	0	7.982184e-2	1.129797e-1	1.338505e-1	1.290531e-1	-0.025364	-0.001286	-0.004560	0.001443
55	v1fold156	1.0000	6.997080e-2	1.830051e-1	1.429897e-1	0.7219	4.627752e0	6.043236e-1	-	0	0	6.632219e-2	6.705756e-2	9.322647e-2	6.844273e-2	-0.004257	-0.002116	-0.002620	-0.000662
56	v1fold156	1.0000	1.393495e-1	4.746640e-1	2.273482e-1	0.5229	3.649204e0	3.945439e-1	-	0	0	1.265382e-1	1.513453e-1	2.263714e-1	1.230680e-1	0.059182	-0.016113	-0.018661	-0.000639
57	v1fold156	1.0000	6.698332e-2	2.889223e-1	1.251247e-1	0.7212	3.499429e0	4.273260e-1	-	0	0	6.898080e-2	8.700064e-2	1.566033e-1	2.323194e-2	0.015366	-0.007527	-0.009187	-0.000100
58	v1fold156	1.0000	5.549874e-2	1.708636e-1	1.470130e-1	0.6081	2.270462e0	3.972967e-1	-	0	0	4.163759e-2	1.220400e-1	7.866288e-2	4.203732e-2	-0.011170	-0.000561	-0.001203	-0.000510
59	v1fold156	1.0000	1.244029e-1	4.287438e-1	1.835168e-1	0.6880	4.357583e0	5.726512e-1	-	0	0	9.682692e-2	1.681429e-1	1.470358e-1	1.419048e-1	0.007494	0.010716	0.010553	-0.000258
60	v1fold156	1.0000	5.263850e-2	1.871495e-1	1.463845e-1	0.5124	2.452490e0	4.052455e-1	-	0	0	4.726814e-2	1.189485e-1	7.948467e-2	2.458043e-2	-0.011111	0.005530	0.004958	-0.000242
61	v1fold156	1.0000	7.750114e-2	2.164860e-1	1.384735e-1	0.5710	2.369506e0	4.864411e-1	-	0	0	7.524498e-2	1.036066e-1	7.869076e-2	7.008292e-2	-0.013239	0.002997	0.004918	-0.000030
62	v1fold156	1.0000	6.211073e-2	2.196433e-1	1.252788e-1	0.6809	1.878352e0	2.677393e-1	-	0	0	4.826968e-2	1.312136e-1	1.045396e-1	4.059087e-2	0.010535	-0.008924	-0.011883	0.000560
63	v1fold156	1.0000	6.225289e-2	2.710807e-1	1.304333e-1	0.6154	1.298640e0	1.686496e-1	-	0	0	4.289923e-2	1.335763e-1	1.023775e-1	4.934304e-2	-0.020910	0.009678	0.012192	-0.000285
64	v1fold156	1.0000	2.235330e-2	4.218149e-2	1.431756e-1	0.6864	2.607468e0	3.900911e-1	-	0	0	3.464595e-2	1.137901e-2	2.973837e-2	4.768509e-3	-	-	-	-
65	v1fold156	1.0000	2.387176e-2	7.672948e-2	4.018446e-2	0.8447	1.283710e0	1.950448e-1	-	0	0	1.974185e-2	2.736441e-2	4.752244e-2	2.037219e-2	-	-	-	-
66	v1fold156	1.0000	2.493631e-2	8.108497e-2	4.494432e-2	0.6609	1.313254e0	2.096087e-1	-	0	0	2.460179e-2	3.312511e-2	4.955479e-2	1.322137e-2	-	-	-	-
67	v1fold156	1.0000	2.711995e-2	9.542990e-2	6.123317e-2	0.5324	1.220759e0	1.983998e-1	-	0	0	1.905181e-2	3.670259e-2	7.326381e-2	1.919141e-2	-	-	-	-
68	v1fold156	1.0000	2.480483e-2	6.510878e-2	3.740509e-2	0.7023	1.351565e0	2.155131e-1	-	0	0	1.424622e-2	2.697819e-2	2.983248e-2	3.870822e-2	-	-	-	-
69	v1fold156	1.0000	3.520615e-2	1.515369e-1	7.031501e-2	0.5234	1.610862e0	2.163874e-1	-	0	0	4.645501e-2	3.359441e-2	4.502572e-2	1.460103e-2	-	-	-	-
70	v1fold156	1.0000	4.114781e-2	1.108761e-1	6.890134e-2	0.6656	1.413892e0	2.081903e-1	-	0	0	3.226586e-2	3.625984e-2	6.355139e-2	4.895638e-2	-	-	-	-
71	v1fold156	1.0000	1.027357e-1	3.654509e-1	1.803384e-1	0.5928	1.613193e0	1.812825e-1	-	0	0	7.560831e-2	1.436341e-1	1.851717e-1	9.897006e-2	-0.030446	0.007364	0.008883	-0.005580
72	v1fold156	1.0000	8.132795e-2	2.740664e-1	1.343548e-1	0.6175	1.771295e0	2.364499e-1	-	0	0	6.188131e-2	7.739959e-2	7.550227e-2	1.156115e-1	0.000800	0.003160	0.004562	0.003058
73	v1fold156	1.0000	7.544070e-2	2.419095e-1	1.236083e-1	0.5599	1.300874e0	1.467225e-1	-	0	0	5.979585e-2	9.648071e-2	1.243791e-1	7.379002e-2	-0.027286	0.006888	0.007048	-0.003011
74	v1fold156	1.0000	1.584176e-2	4.391003e-2	1.951632e-2	0.7132	4.335804e-1	8.672848e-2	-	0	0	6.522665e-3	1.248667e-2	1.251811e-2	3.305826e-2	-	-	-	-
75	v1fold156	1.0000	9.638715e-2	3.036165e-1	1.461262e-1	0.6751	2.614287e0	3.498885e-1	-	0	0	1.008964e-1	1.025996e-1	7.812475e-2	9.341773e-2	0.004078	0.002713	-0.001245	0.001838
76	v1fold156	1.0000	3.117427e-2	1.142936e-1	6.476639e-2	0.5924	1.170906e0	2.042129e-1	-	0	0	3.043402e-2	6.161426e-2	4.063510e-2	1.662039e-2	-	-	-	-
77	v1fold156	1.0000	6.224828e-3	1.449573e-2	1.506664e-2	0.6781	4.111824e-1	6.760839e-2	-	0	0	4.453447e-3	8.210076e-3	1.757340e-2	4.089995e-3	-	-	-	-
78	v1fold156	1.0000	1.067160e-2	4.144526e-2	2.277675e-2	0.5857	5.452268e-1	8.235450e-2	-	0	0	1.196865e-2	1.583807e-2	1.444232e-2	5.178086e-3	-	-	-	-
79	v1fold156	1.0000	2.174173e-2	7.243258e-2	3.366387e-2	0.7015	6.887976e-1	7.862219e-2	-	0	0	1.831798e-2	2.848645e-2	3.575707e-2	1.931687e-2	-	-	-	-
80	v1fold156	1.0000	1.043731e-2	3.892654e-2	1.992589e-2	0.5075	5.463054e-1	7.741930e-2	-	0	0	1.174937e-2	1.544106e-2	1.297196e-2	5.434554e-3	-	-	-	-
81	v1fold156	1.0000	3.966852e-2	9.891748e-2	6.900883e-2	0.6499	9.684793e-1	1.634351e-1	-	0	0	2.690094e-2	4.556722e-2	6.841474e-2	4.693272e-2	-	-	-	-
82	v1fold156	1.0000	5.881516e-2	2.487729e-1	1.129463e-1	0.5801	1.309232e0	2.045978e-1	-	0	0	5.878401e-2	6.537625e-2	9.078802e-2	4.461031e-2	-0.027358	0.004219	0.002986	-0.000357
83	v1fold156	1.0000	5.527931e-2	1.799000e-1	9.660591e-2	0.6303	1.216008e0	1.905710e-1	-	0	0	4.454754e-2	6.251260e-2	8.591349e-2	5.811792e-2	-0.020641	0.003400	0.001309	-0.000462
84	v1fold156	1.0000	3.579099e-2	1.368837e-1	6.625795e-2	0.5074	9.379757e-1	1.493608e-1	-	0	0	2.528197e-2	4.927573e-2	5.968796e-2	3.820217e-2	-	-	-	-
85	v1fold156	1.0000	6.938306e-2	3.161740e-1	1.404057e-1	0.5911	1.701089e0	2.510350e-1	-	0	0	6.386570e-2	1.048154e-1	1.699294e-1	2.726334e-2	-0.014857	0.003868	0.009446	-0.000259
86	v1fold156	1.0000	1.673549e-2	6.855279e-2	3.521804e-2	0.5297	6.417051e-1	1.082239e-1	-	0	0	1.695681e-2	2.609450e-2	3.319648e-2	6.635316e-3	-	-	-	-
87	v1fold156	1.0000	1.262133e-2	3.209400e-2	3.977327e-2	0.7633	6.002177e-1	1.147490e-1	-	0	0	1.546899e-2	1.104299e-2	1.132754e-2	9.249418e-3	-	-	-	-
88	v1fold156	1.0000	4.177738e-2	1.280789e-1	9.049700e-2	0.5668	1.758075e0	2.330734e-1	-	0	0	4.085820e-2	8.492021e-2	6.923780e-2	1.584491e-2	-	-	-	-
89	v1fold156	1.0000	5.930335e-2	1.899954e-1	1.072916e-1	0.5768	1.882610e0	2.798019e-1	-	0	0	4.157897e-2	1.187771e-1	9.885268e-2	4.882178e-2	-0.014471	-0.002322	-0.003247	-0.002604
90	v1fold156	1.0000	2.833527e-3	7.390976e-3	3.636644e-3	0.5056	4.480938e-2	7.275835e-3	-	0	0	1.708363e-3	3.113278e-3	3.576182e-3	4.220590e-3	-	-	-	-
91	v1fold156	1.0000	1.405338e-1	4.255247e-1	2.005978e-1	0.5989	3.361392e0	5.834784e-1	-	0	0	9.357762e-2	1.660879e-1	1.463354e-1	2.019633e-1	0.030355	-0.003100	-0.005997	0.000133
92	v1fold156	1.0000	1.512898e-1	4.544268e-1	2.163716e-1	0.5738	3.792018e0	6.685805e-1	-	0	0	1.141918e-1	1.793617e-1	1.998994e-1	1.806601e-1	0.036650	-0.006382	-0.011401	0.001031
93	v1fold156	1.0000	1.495305e-1	4.444370e-1	2.078019e-1	0.5522	3.619077e0	6.206597e-1	-	0	0	1.036120e-1	1.703407e-1	1.601839e-1	2.094813e-1	0.034936	-0.003483	-0.007125	0.000264
94	v1fold156	1.0000	4.154280e-2	1.119161e-1	1.069497e-1	0.5742	2.230694e0	3.376074e-1	-	0	0	4.406877e-2	3.236323e-2	4.506612e-2	3.999559e-2	-	-	-	-
95	v1fold156	1.0000	6.316361e-2	2.740676e-1	1.142486e-1	0.6137	2.670826e0	3.244810e-1	-	0	0	8.479697e-2	5.459409e-2	7.390862e-2	2.869869e-2	0.009163	0.001285	0.005630	-0.000946
96	v1fold156	1.0000	3.332915e-2	1.269264e-1	6.776511e-2	0.5215	1.869598e0	2.602784e-1	-	0	0	3.840708e-2	4.130585e-2	4.643332e-2	1.736737e-2	-	-	-	-
97	v1fold156	1.0000	5.322234e-2	1.620502e-1	1.163283e-1	0.7607	1.836850e0	2.629036e-1	-	0	0	3.552367e-2	1.153887e-1	6.155269e-2	5.294629e-2	-0.001089	0.004867	0.000139	-0.000282
98	v1fold156	1.0000	1.078749e-1	5.243783e-1	2.197653e-1	0.5020	3.314603e0	4.023143e-1	-	0	0	1.087746e-1	1.658348e-1	2.298208e-1	3.880421e-2	-0.055432	0.023356	0.026203	-0.000801
99	v1fold156	1.0000	5.012392e-2	2.414598e-1	1.102366e-1	0.7036	1.872810e0	2.437605e-1	-	0	0	4.747479e-2	1.031841e-1	9.319241e-2	1.724430e-2	-0.023128	0.012812	0.010086	-0.000433
100	v1fold156	1.0000	3.276038e-2	6.917381e-2	1.070210e-1	0.7607	2.235805e0	2.731254e-1	-	0	0	3.195370e-2	2.575939e-2	3.638637e-2	3.553799e-2	-	-	-	-
101	v1fold156	1.0000	3.764675e-2	8.214860e-2	8.384387e-2	0.6002	1.579780e0	2.348523e-1	-	0	0	2.444834e-2	7.924574e-2	4.422669e-2	3.922836e-2	-	-	-	-
102	v1fold156	1.0000	2.152015e-2	6.062925e-2	6.377340e-2	0.5553	9.705268e-1	1.636517e-1	-	0	0	1.863948e-2	5.857119e-2	2.565432e-2	9.598227e-3	-	-	-	-
103	v1fold156	1.0000	3.039001e-2	4.592657e-2	1.220763e-1	0.8538	1.923529e0	2.633710e-1	-	0	0	3.102732e-2	1.819206e-2	1.955457e-2	3.824336e-2	-	-	-	-
104	v1fold156	1.0000	1.352508e-2	4.041529e-2	2.170901e-2	0.7321	5.488998e-1	1.004458e-1	-	0	0	9.691638e-3	1.564070e-2	2.079054e-2	1.606281e-2	-	-	-	-
105	v1fold156	1.0000	1.455408e-2	4.430962e-2	2.127179e-2	0.7409	5.735449e-1	8.890971e-2	-	0	0	1.128977e-2	1.750934e-2	1.618363e-2	1.790375e-2	-	-	-	-
106	v1fold156	1.0000	1.731651e-2	4.408026e-2	2.444328e-2	0.7816	5.601196e-1	9.649450e-2	-	0	0	1.165920e-2	2.002796e-2	2.441771e-2	2.254177e-2	-	-	-	-
107	v1fold156	1.0000	2.848251e-2	7.099962e-2	4.392578e-2	0.6464	6.506072e-1	1.078976e-1	-	0	0	1.681288e-2	2.803302e-2	4.560569e-2	4.080090e-2	-	-	-	-
108	v1fold156	1.0000	2.225955e-2	1.014903e-1	4.769635e-2	0.5288	8.189398e-1	1.359039e-1	-	0	0	2.918768e-2	2.443460e-2	2.703453e-2	8.752684e-3	-	-	-	-
109	v1fold156	1.0000	2.958256e-2	9.225011e-2	4.837830e-2	0.6520	7.222537e-1	1.168079e-1	-	0	0	2.401267e-2	2.958365e-2	4.304945e-2	3.345336e-2	-	-	-	-
110	v1fold156	1.0000	4.592940e-2	1.757908e-1	9.418668e-2	0.5286	1.199008e0	1.794454e-1	-	0	0	4.002954e-2	7.530646e-2	9.024603e-2	2.726623e-2	-	-	-	-
111	v1fold156	1.0000	6.112094e-2	2.649460e-1	1.013990e-1	0.6873	1.420478e0	2.121769e-1	-	0	0	5.742492e-2	8.520199e-2	9.949646e-2	4.328558e-2	-0.006948	0.004992	0.005341	0.000493
112	v1fold156	1.0000	3.857304e-2	1.678896e-1	7.712384e-2	0.5149	9.710343e-1	1.535036e-1	-	0	0	3.995043e-2	6.041856e-2	7.778361e-2	1.335777e-2	-	-	-	-
113	v1fold156	1.0000	9.647118e-3	2.876019e-2	1.256420e-2	0.7150	2.987600e-1	6.710999e-2	-	0	0	4.670174e-3	8.301893e-3	7.133286e-3	1.892970e-2	-	-	-	-
114	v1fold156	1.0000	5.689944e-2	1.750474e-1	1.118025e-1	0.5324	2.375964e0	3.167884e-1	-	0	0	5.584675e-2	1.055329e-1	8.227462e-2	2.971817e-2	-0.012548	0.000133	-0.000591	-0.000736
115	v1fold156	1.0000	4.330643e-2	1.181808e-1	6.935905e-2	0.6153	1.490411e0	1.876343e-1	-	0	0	3.138174e-2	7.326190e-2	6.299566e-2	4.282483e-2	-	-	-	-
116	v1fold156	1.0000	2.657337e-3	6.803274e-3	3.264945e-3	0.7021	4.537573e-2	8.621484e-3	-	0	0	2.131269e-3	3.826855e-3	4.696857e-3	2.272382e-3	-	-	-	-
117	v1fold156	1.0000	1.126818e-2	3.225452e-2	1.575463e-2	0.8171	3.695014e-1	6.670330e-2	-	0	0	9.257547e-3	1.238438e-2	8.955764e-3	1.481927e-2	-	-	-	-
118	v1fold156	1.0000	1.698292e-2	7.145393e-2	3.232314e-2	0.5066	5.884889e-1	7.279226e-2	-	0	0	1.864949e-2	2.483348e-2	2.539629e-2	8.139822e-3	-	-	-	-
119	v1fold156	1.0000	1.221902e-2	4.473186e-2	2.167294e-2	0.6507	4.542200e-1	7.063219e-2	-	0	0	1.260094e-2	1.623296e-2	1.205940e-2	1.005655e-2	-	-	-	-
120	v1fold156	1.0000	3.097165e-2	8.908606e-2	7.236746e-2	0.6853	1.011224e0	1.483009e-1	-	0	0	3.093554e-2	3.773603e-2	3.587577e-2	2.651855e-2	-	-	-	-
121	v1fold156	1.0000	3.137576e-2	1.225711e-1	7.151743e-2	0.7829	1.063875e0	1.888305e-1	-	0	0	3.863767e-2	3.468405e-2	2.679166e-2	2.028400e-2	-	-	-	-
122	v1fold156	1.0000	3.306810e-2	1.251394e-1	8.283312e-2	0.6042	1.099937e0	1.733217e-1	-	0	0	3.879150e-2	3.869478e-2	3.849678e-2	1.982576e-2	-	-	-	-
123	v1fold156	1.0000	4.477602e-2	1.674051e-1	9.208598e-2	0.5039	1.368096e0	1.858565e-1	-	0	0	3.096160e-2	6.613786e-2	8.982339e-2	4.152926e-2	-	-	-	-
124	v1fold156	1.0000	5.185903e-2	1.760159e-1	8.908072e-2	0.5032	1.377517e0	1.731702e-1	-	0	0	4.430098e-2	6.728965e-2	9.689589e-2	4.117020e-2	0.019750	-0.003106	-0.005112	0.000011
125	v1fold156	1.0000	5.272873e-2	2.066836e-1	1.035576e-1	0.5250	1.326893e0	1.718173e-1	-	0	0	3.757105e-2	8.119443e-2	1.172051e-1	4.167503e-2	0.015892	-0.002630	-0.005440	0.000210
126	v1fold156	1.0000	1.335473e-2	3.430176e-2	4.409473e-2	0.6790	6.456261e-1	1.220970e-1	-	0	0	1.675947e-2	1.159775e-2	1.176371e-2	9.286660e-3	-	-	-	-
127	v1fold156	1.0000	5.425065e-2	1.800078e-1	1.154971e-1	0.6638	1.691130e0	2.018822e-1	-	0	0	4.240223e-2	1.170658e-1	8.448785e-2	3.655991e-2	0.001155	0.001309	-0.002704	0.001049
128	v1fold156	1.0000	3.675125e-2	1.036053e-1	4.884874e-2	0.7886	1.191978e0	1.508213e-1	-	0	0	2.859819e-2	3.746514e-2	2.275577e-2	5.436580e-2	-	-	-	-
129	v1fold156	1.0000	3.349178e-3	8.602619e-3	4.035363e-3	0.6077	3.010608e-2	4.653079e-3	-	0	0	1.678494e-3	2.998596e-3	2.458973e-3	6.441272e-3	-	-	-	-
130	v1fold156	1.0000	1.003403e-1	2.950535e-1	1.758317e-1	0.6722	3.267927e0	6.001593e-1	-	0	0	6.601390e-2	1.638184e-1	1.127718e-1	1.241965e-1	0.005437	0.001127	0.001069	0.000385
131	v1fold156	1.0000	8.382588e-2	3.368292e-1	1.869325e-1	0.5127	3.667726e0	7.343942e-1	-	0	0	7.750509e-2	1.696552e-1	1.298738e-1	4.241542e-2	-0.011471	-0.000038	-0.000807	0.001435
132	v1fold156	1.0000	8.873708e-2	2.352715e-1	1.722305e-1	0.6324	3.340859e0	6.551534e-1	-	0	0	6.293157e-2	1.636520e-1	1.119051e-1	9.067995e-2	-0.000091	0.000939	0.000685	0.000739
133	v1fold156	1.0000	7.095616e-2	2.511421e-1	1.245455e-1	0.5903	2.334508e0	3.766044e-1	-	0	0	5.872215e-2	9.180353e-2	1.150187e-1	6.578897e-2	-0.024073	0.007524	0.008975	-0.000540
134	v1fold156	1.0000	5.160611e-2	1.793582e-1	7.406272e-2	0.7217	2.304343e0	2.813867e-1	-	0	0	4.839220e-2	6.392388e-2	7.509058e-2	4.316499e-2	-0.012313	0.003758	0.006510	-0.000737
135	v1fold156	1.0000	3.569250e-2	1.417012e-1	6.288283e-2	0.7229	1.649537e0	2.448391e-1	-	0	0	3.674371e-2	5.244995e-2	5.841768e-2	1.902767e-2	-	-	-	-
136	v1fold156	1.0000	3.802217e-2	1.068037e-1	7.613166e-2	0.7792	1.436978e0	1.567826e-1	-	0	0	2.882149e-2	8.268517e-2	3.782915e-2	3.453871e-2	-	-	-	-
137	v1fold156	1.0000	1.942338e-1	4.815569e-1	4.491709e-1	0.5752	4.396612e0	1.001576e0	-	0	0	2.317816e-1	1.634896e-1	1.069641e-1	1.792684e-1	-0.130881	0.005650	0.003808	0.000082
138	v1fold156	1.0000	5.167631e-2	1.977641e-1	9.260703e-2	0.7032	2.292902e0	2.930223e-1	-	0	0	4.527148e-2	9.266177e-2	8.528251e-2	3.301073e-2	-0.012559	0.011898	0.006300	-0.000581
139	v1fold156	1.0000	2.285859e-2	5.557632e-2	1.009628e-1	0.7261	2.539099e0	3.654679e-1	-	0	0	2.525728e-2	1.770428e-2	1.744194e-2	2.313243e-2	-	-	-	-
140	v1fold156	1.0000	4.124524e-2	8.840224e-2	1.042642e-1	0.6404	1.354418e0	2.144657e-1	-	0	0	2.138868e-2	9.949012e-2	4.653352e-2	4.704965e-2	-	-	-	-
141	v1fold156	1.0000	2.857831e-2	6.712204e-2	1.103859e-1	0.5307	1.019158e0	1.880233e-1	-	0	0	1.931336e-2	9.616180e-2	3.773139e-2	1.255391e-2	-	-	-	-
142	v1fold156	1.0000	3.192518e-2	6.019652e-2	8.979644e-2	0.7547	1.521854e0	1.873753e-1	-	0	0	3.533340e-2	1.871746e-2	1.924878e-2	3.649650e-2	-	-	-	-
143	v1fold156	1.0000	1.386271e-2	3.798151e-2	1.858722e-2	0.7589	4.738641e-1	9.033992e-2	-	0	0	1.016437e-2	1.500508e-2	1.047461e-2	2.044796e-2	-	-	-	-
144	v1fold156	1.0000	1.210974e-2	3.921103e-2	2.007423e-2	0.7138	5.317500e-1	7.967610e-2	-	0	0	1.192688e-2	1.524198e-2	9.443271e-3	1.210125e-2	-	-	-	-
145	v1fold156	1.0000	1.299265e-2	3.760076e-2	1.873639e-2	0.7484	4.855311e-1	8.670072e-2	-	0	0	1.093531e-2	1.466132e-2	9.486847e-3	1.682744e-2	-	-	-	-
146	v1fold156	1.0000	1.323648e-2	4.174215e-2	2.287671e-2	0.6116	4.710434e-1	8.663525e-2	-	0	0	1.099053e-2	1.566693e-2	1.532442e-2	1.502995e-2	-	-	-	-
147	v1fold156	1.0000	2.681970e-2	7.608637e-2	3.707580e-2	0.7783	8.085740e-1	1.498062e-1	-	0	0	2.373723e-2	2.792606e-2	2.252410e-2	3.278031e-2	-	-	-	-
148	v1fold156	1.0000	1.318945e-2	4.904175e-2	2.590361e-2	0.5941	5.594853e-1	1.065534e-1	-	0	0	1.474688e-2	1.681513e-2	1.353815e-2	9.150407e-3	-	-	-	-
149	v1fold156	1.0000	2.769847e-2	8.283234e-2	5.399316e-2	0.5382	1.287761e0	1.654196e-1	-	0	0	2.285395e-2	3.742311e-2	3.596901e-2	2.839091e-2	-	-	-	-
150	v1fold156	1.0000	8.031627e-2	2.448423e-1	1.252892e-1	0.5410	2.257009e0	3.251514e-1	-	0	0	6.326002e-2	1.004374e-1	1.156623e-1	8.619016e-2	0.023177	-0.002518	-0.003694	0.000355
151	v1fold156	1.0000	5.109031e-2	1.594712e-1	9.028801e-2	0.5170	1.541570e0	2.075861e-1	-	0	0	3.911318e-2	6.879171e-2	8.850363e-2	4.920233e-2	0.014375	-0.002010	-0.002153	0.000323
152	v1fold156	1.0000	9.619018e-3	3.014398e-2	1.313948e-2	0.7028	3.173729e-1	7.192132e-2	-	0	0	5.095495e-3	8.678399e-3	7.350123e-3	1.793632e-2	-	-	-	-
153	v1fold156	1.0000	2.828393e-2	6.983662e-2	6.530119e-2	0.5014	1.673889e0	2.313932e-1	-	0	0	2.587825e-2	6.357801e-2	2.814774e-2	1.787414e-2	-	-	-	-
154	v1fold156	1.0000	2.893875e-2	6.965017e-2	4.123324e-2	0.8335	8.653059e-1	9.943296e-2	-	0	0	2.105134e-2	3.839787e-2	2.287191e-2	3.972834e-2	-	-	-	-
155	v1fold156	1.0000	2.917653e-3	8.002758e-3	3.507453e-3	0.6973	2.921582e-2	5.821233e-3	-	0	0	2.404929e-3	4.039754e-3	4.579564e-3	2.667920e-3	-	-	-	-
156	zeros156-371	0.0000	0.000000e0	0.000000e0	0.000000e0	1.0000	0.000000e0	0.000000e0	-	1	1	0.000000e0	0.000000e0	0.000000e0	0.000000e0	-	-	-	-
157	zeros156-371	0.0000	0.000000e0	0.000000e0	0.000000e0	1.0000	0.000000e0	0.000000e0	-	1	1	0.000000e0	0.000000e0	0.000000e0	0.000000e0	-	-	-	-
158	zeros156-371	0.0000	0.000000e0	0.000000e0	0.000000e0	1.0000	0.000000e0	0.000000e0	-	1	1	0.000000e0	0.000000e0	0.000000e0	0.000000e0	-	-	-	-
159	zeros156-371	0.0000	0.000000e0	0.000000e0	0.000000e0	1.0000	0.000000e0	0.000000e0	-	1	1	0.000000e0	0.000000e0	0.000000e0	0.000000e0	-	-	-	-
160	zeros156-371	0.0000	0.000000e0	0.000000e0	0.000000e0	1.0000	0.000000e0	0.000000e0	-	1	1	0.000000e0	0.000000e0	0.000000e0	0.000000e0	-	-	-	-
161	zeros156-371	0.0000	0.000000e0	0.000000e0	0.000000e0	1.0000	0.000000e0	0.000000e0	-	1	1	0.000000e0	0.000000e0	0.000000e0	0.000000e0	-	-	-	-
162	zeros156-371	0.0000	0.000000e0	0.000000e0	0.000000e0	1.0000	0.000000e0	0.000000e0	-	1	1	0.000000e0	0.000000e0	0.000000e0	0.000000e0	-	-	-	-
163	zeros156-371	0.0000	0.000000e0	0.000000e0	0.000000e0	1.0000	0.000000e0	0.000000e0	-	1	1	0.000000e0	0.000000e0	0.000000e0	0.000000e0	-	-	-	-
164	zeros156-371	0.0000	0.000000e0	0.000000e0	0.000000e0	1.0000	0.000000e0	0.000000e0	-	1	1	0.000000e0	0.000000e0	0.000000e0	0.000000e0	-	-	-	-
165	zeros156-371	0.0000	0.000000e0	0.000000e0	0.000000e0	1.0000	0.000000e0	0.000000e0	-	1	1	0.000000e0	0.000000e0	0.000000e0	0.000000e0	-	-	-	-
166	zeros156-371	0.0000	0.000000e0	0.000000e0	0.000000e0	1.0000	0.000000e0	0.000000e0	-	1	1	0.000000e0	0.000000e0	0.000000e0	0.000000e0	-	-	-	-
167	zeros156-371	0.0000	0.000000e0	0.000000e0	0.000000e0	1.0000	0.000000e0	0.000000e0	-	1	1	0.000000e0	0.000000e0	0.000000e0	0.000000e0	-	-	-	-
168	zeros156-371	0.0000	0.000000e0	0.000000e0	0.000000e0	1.0000	0.000000e0	0.000000e0	-	1	1	0.000000e0	0.000000e0	0.000000e0	0.000000e0	-	-	-	-
169	zeros156-371	0.0000	0.000000e0	0.000000e0	0.000000e0	1.0000	0.000000e0	0.000000e0	-	1	1	0.000000e0	0.000000e0	0.000000e0	0.000000e0	-	-	-	-
170	zeros156-371	0.0000	0.000000e0	0.000000e0	0.000000e0	1.0000	0.000000e0	0.000000e0	-	1	1	0.000000e0	0.000000e0	0.000000e0	0.000000e0	-	-	-	-
171	zeros156-371	0.0000	0.000000e0	0.000000e0	0.000000e0	1.0000	0.000000e0	0.000000e0	-	1	1	0.000000e0	0.000000e0	0.000000e0	0.000000e0	-	-	-	-
172	zeros156-371	0.0000	0.000000e0	0.000000e0	0.000000e0	1.0000	0.000000e0	0.000000e0	-	1	1	0.000000e0	0.000000e0	0.000000e0	0.000000e0	-	-	-	-
173	zeros156-371	0.0000	0.000000e0	0.000000e0	0.000000e0	1.0000	0.000000e0	0.000000e0	-	1	1	0.000000e0	0.000000e0	0.000000e0	0.000000e0	-	-	-	-
174	zeros156-371	0.0000	0.000000e0	0.000000e0	0.000000e0	1.0000	0.000000e0	0.000000e0	-	1	1	0.000000e0	0.000000e0	0.000000e0	0.000000e0	-	-	-	-
175	zeros156-371	0.0000	0.000000e0	0.000000e0	0.000000e0	1.0000	0.000000e0	0.000000e0	-	1	1	0.000000e0	0.000000e0	0.000000e0	0.000000e0	-	-	-	-
176	zeros156-371	0.0000	0.000000e0	0.000000e0	0.000000e0	1.0000	0.000000e0	0.000000e0	-	1	1	0.000000e0	0.000000e0	0.000000e0	0.000000e0	-	-	-	-
177	zeros156-371	0.0000	0.000000e0	0.000000e0	0.000000e0	1.0000	0.000000e0	0.000000e0	-	1	1	0.000000e0	0.000000e0	0.000000e0	0.000000e0	-	-	-	-
178	zeros156-371	0.0000	0.000000e0	0.000000e0	0.000000e0	1.0000	0.000000e0	0.000000e0	-	1	1	0.000000e0	0.000000e0	0.000000e0	0.000000e0	-	-	-	-
179	zeros156-371	0.0000	0.000000e0	0.000000e0	0.000000e0	1.0000	0.000000e0	0.000000e0	-	1	1	0.000000e0	0.000000e0	0.000000e0	0.000000e0	-	-	-	-
180	zeros156-371	0.0000	0.000000e0	0.000000e0	0.000000e0	1.0000	0.000000e0	0.000000e0	-	1	1	0.000000e0	0.000000e0	0.000000e0	0.000000e0	-	-	-	-
181	zeros156-371	0.0000	0.000000e0	0.000000e0	0.000000e0	1.0000	0.000000e0	0.000000e0	-	1	1	0.000000e0	0.000000e0	0.000000e0	0.000000e0	-	-	-	-
182	zeros156-371	0.0000	0.000000e0	0.000000e0	0.000000e0	1.0000	0.000000e0	0.000000e0	-	1	1	0.000000e0	0.000000e0	0.000000e0	0.000000e0	-	-	-	-
183	zeros156-371	0.0000	0.000000e0	0.000000e0	0.000000e0	1.0000	0.000000e0	0.000000e0	-	1	1	0.000000e0	0.000000e0	0.000000e0	0.000000e0	-	-	-	-
184	zeros156-371	0.0000	0.000000e0	0.000000e0	0.000000e0	1.0000	0.000000e0	0.000000e0	-	1	1	0.000000e0	0.000000e0	0.000000e0	0.000000e0	-	-	-	-
185	zeros156-371	0.0000	0.000000e0	0.000000e0	0.000000e0	1.0000	0.000000e0	0.000000e0	-	1	1	0.000000e0	0.000000e0	0.000000e0	0.000000e0	-	-	-	-
186	zeros156-371	0.0000	0.000000e0	0.000000e0	0.000000e0	1.0000	0.000000e0	0.000000e0	-	1	1	0.000000e0	0.000000e0	0.000000e0	0.000000e0	-	-	-	-
187	zeros156-371	0.0000	0.000000e0	0.000000e0	0.000000e0	1.0000	0.000000e0	0.000000e0	-	1	1	0.000000e0	0.000000e0	0.000000e0	0.000000e0	-	-	-	-
188	zeros156-371	0.0000	0.000000e0	0.000000e0	0.000000e0	1.0000	0.000000e0	0.000000e0	-	1	1	0.000000e0	0.000000e0	0.000000e0	0.000000e0	-	-	-	-
189	zeros156-371	0.0000	0.000000e0	0.000000e0	0.000000e0	1.0000	0.000000e0	0.000000e0	-	1	1	0.000000e0	0.000000e0	0.000000e0	0.000000e0	-	-	-	-
190	zeros156-371	0.0000	0.000000e0	0.000000e0	0.000000e0	1.0000	0.000000e0	0.000000e0	-	1	1	0.000000e0	0.000000e0	0.000000e0	0.000000e0	-	-	-	-
191	zeros156-371	0.0000	0.000000e0	0.000000e0	0.000000e0	1.0000	0.000000e0	0.000000e0	-	1	1	0.000000e0	0.000000e0	0.000000e0	0.000000e0	-	-	-	-
192	zeros156-371	0.0000	0.000000e0	0.000000e0	0.000000e0	1.0000	0.000000e0	0.000000e0	-	1	1	0.000000e0	0.000000e0	0.000000e0	0.000000e0	-	-	-	-
193	zeros156-371	0.0000	0.000000e0	0.000000e0	0.000000e0	1.0000	0.000000e0	0.000000e0	-	1	1	0.000000e0	0.000000e0	0.000000e0	0.000000e0	-	-	-	-
194	zeros156-371	0.0000	0.000000e0	0.000000e0	0.000000e0	1.0000	0.000000e0	0.000000e0	-	1	1	0.000000e0	0.000000e0	0.000000e0	0.000000e0	-	-	-	-
195	zeros156-371	0.0000	0.000000e0	0.000000e0	0.000000e0	1.0000	0.000000e0	0.000000e0	-	1	1	0.000000e0	0.000000e0	0.000000e0	0.000000e0	-	-	-	-
196	zeros156-371	0.0000	0.000000e0	0.000000e0	0.000000e0	1.0000	0.000000e0	0.000000e0	-	1	1	0.000000e0	0.000000e0	0.000000e0	0.000000e0	-	-	-	-
197	zeros156-371	0.0000	0.000000e0	0.000000e0	0.000000e0	1.0000	0.000000e0	0.000000e0	-	1	1	0.000000e0	0.000000e0	0.000000e0	0.000000e0	-	-	-	-
198	zeros156-371	0.0000	0.000000e0	0.000000e0	0.000000e0	1.0000	0.000000e0	0.000000e0	-	1	1	0.000000e0	0.000000e0	0.000000e0	0.000000e0	-	-	-	-
199	zeros156-371	0.0000	0.000000e0	0.000000e0	0.000000e0	1.0000	0.000000e0	0.000000e0	-	1	1	0.000000e0	0.000000e0	0.000000e0	0.000000e0	-	-	-	-
200	zeros156-371	0.0000	0.000000e0	0.000000e0	0.000000e0	1.0000	0.000000e0	0.000000e0	-	1	1	0.000000e0	0.000000e0	0.000000e0	0.000000e0	-	-	-	-
201	zeros156-371	0.0000	0.000000e0	0.000000e0	0.000000e0	1.0000	0.000000e0	0.000000e0	-	1	1	0.000000e0	0.000000e0	0.000000e0	0.000000e0	-	-	-	-
202	zeros156-371	0.0000	0.000000e0	0.000000e0	0.000000e0	1.0000	0.000000e0	0.000000e0	-	1	1	0.000000e0	0.000000e0	0.000000e0	0.000000e0	-	-	-	-
203	zeros156-371	0.0000	0.000000e0	0.000000e0	0.000000e0	1.0000	0.000000e0	0.000000e0	-	1	1	0.000000e0	0.000000e0	0.000000e0	0.000000e0	-	-	-	-
204	zeros156-371	0.0000	0.000000e0	0.000000e0	0.000000e0	1.0000	0.000000e0	0.000000e0	-	1	1	0.000000e0	0.000000e0	0.000000e0	0.000000e0	-	-	-	-
205	zeros156-371	0.0000	0.000000e0	0.000000e0	0.000000e0	1.0000	0.000000e0	0.000000e0	-	1	1	0.000000e0	0.000000e0	0.000000e0	0.000000e0	-	-	-	-
206	zeros156-371	0.0000	0.000000e0	0.000000e0	0.000000e0	1.0000	0.000000e0	0.000000e0	-	1	1	0.000000e0	0.000000e0	0.000000e0	0.000000e0	-	-	-	-
207	zeros156-371	0.0000	0.000000e0	0.000000e0	0.000000e0	1.0000	0.000000e0	0.000000e0	-	1	1	0.000000e0	0.000000e0	0.000000e0	0.000000e0	-	-	-	-
208	zeros156-371	0.0000	0.000000e0	0.000000e0	0.000000e0	1.0000	0.000000e0	0.000000e0	-	1	1	0.000000e0	0.000000e0	0.000000e0	0.000000e0	-	-	-	-
209	zeros156-371	0.0000	0.000000e0	0.000000e0	0.000000e0	1.0000	0.000000e0	0.000000e0	-	1	1	0.000000e0	0.000000e0	0.000000e0	0.000000e0	-	-	-	-
210	zeros156-371	0.0000	0.000000e0	0.000000e0	0.000000e0	1.0000	0.000000e0	0.000000e0	-	1	1	0.000000e0	0.000000e0	0.000000e0	0.000000e0	-	-	-	-
211	zeros156-371	0.0000	0.000000e0	0.000000e0	0.000000e0	1.0000	0.000000e0	0.000000e0	-	1	1	0.000000e0	0.000000e0	0.000000e0	0.000000e0	-	-	-	-
212	zeros156-371	0.0000	0.000000e0	0.000000e0	0.000000e0	1.0000	0.000000e0	0.000000e0	-	1	1	0.000000e0	0.000000e0	0.000000e0	0.000000e0	-	-	-	-
213	zeros156-371	0.0000	0.000000e0	0.000000e0	0.000000e0	1.0000	0.000000e0	0.000000e0	-	1	1	0.000000e0	0.000000e0	0.000000e0	0.000000e0	-	-	-	-
214	zeros156-371	0.0000	0.000000e0	0.000000e0	0.000000e0	1.0000	0.000000e0	0.000000e0	-	1	1	0.000000e0	0.000000e0	0.000000e0	0.000000e0	-	-	-	-
215	zeros156-371	0.0000	0.000000e0	0.000000e0	0.000000e0	1.0000	0.000000e0	0.000000e0	-	1	1	0.000000e0	0.000000e0	0.000000e0	0.000000e0	-	-	-	-
216	zeros156-371	0.0000	0.000000e0	0.000000e0	0.000000e0	1.0000	0.000000e0	0.000000e0	-	1	1	0.000000e0	0.000000e0	0.000000e0	0.000000e0	-	-	-	-
217	zeros156-371	0.0000	0.000000e0	0.000000e0	0.000000e0	1.0000	0.000000e0	0.000000e0	-	1	1	0.000000e0	0.000000e0	0.000000e0	0.000000e0	-	-	-	-
218	zeros156-371	0.0000	0.000000e0	0.000000e0	0.000000e0	1.0000	0.000000e0	0.000000e0	-	1	1	0.000000e0	0.000000e0	0.000000e0	0.000000e0	-	-	-	-
219	zeros156-371	0.0000	0.000000e0	0.000000e0	0.000000e0	1.0000	0.000000e0	0.000000e0	-	1	1	0.000000e0	0.000000e0	0.000000e0	0.000000e0	-	-	-	-
220	zeros156-371	0.0000	0.000000e0	0.000000e0	0.000000e0	1.0000	0.000000e0	0.000000e0	-	1	1	0.000000e0	0.000000e0	0.000000e0	0.000000e0	-	-	-	-
221	zeros156-371	0.0000	0.000000e0	0.000000e0	0.000000e0	1.0000	0.000000e0	0.000000e0	-	1	1	0.000000e0	0.000000e0	0.000000e0	0.000000e0	-	-	-	-
222	zeros156-371	0.0000	0.000000e0	0.000000e0	0.000000e0	1.0000	0.000000e0	0.000000e0	-	1	1	0.000000e0	0.000000e0	0.000000e0	0.000000e0	-	-	-	-
223	zeros156-371	0.0000	0.000000e0	0.000000e0	0.000000e0	1.0000	0.000000e0	0.000000e0	-	1	1	0.000000e0	0.000000e0	0.000000e0	0.000000e0	-	-	-	-
224	zeros156-371	0.0000	0.000000e0	0.000000e0	0.000000e0	1.0000	0.000000e0	0.000000e0	-	1	1	0.000000e0	0.000000e0	0.000000e0	0.000000e0	-	-	-	-
225	zeros156-371	0.0000	0.000000e0	0.000000e0	0.000000e0	1.0000	0.000000e0	0.000000e0	-	1	1	0.000000e0	0.000000e0	0.000000e0	0.000000e0	-	-	-	-
226	zeros156-371	0.0000	0.000000e0	0.000000e0	0.000000e0	1.0000	0.000000e0	0.000000e0	-	1	1	0.000000e0	0.000000e0	0.000000e0	0.000000e0	-	-	-	-
227	zeros156-371	0.0000	0.000000e0	0.000000e0	0.000000e0	1.0000	0.000000e0	0.000000e0	-	1	1	0.000000e0	0.000000e0	0.000000e0	0.000000e0	-	-	-	-
228	zeros156-371	0.0000	0.000000e0	0.000000e0	0.000000e0	1.0000	0.000000e0	0.000000e0	-	1	1	0.000000e0	0.000000e0	0.000000e0	0.000000e0	-	-	-	-
229	zeros156-371	0.0000	0.000000e0	0.000000e0	0.000000e0	1.0000	0.000000e0	0.000000e0	-	1	1	0.000000e0	0.000000e0	0.000000e0	0.000000e0	-	-	-	-
230	zeros156-371	0.0000	0.000000e0	0.000000e0	0.000000e0	1.0000	0.000000e0	0.000000e0	-	1	1	0.000000e0	0.000000e0	0.000000e0	0.000000e0	-	-	-	-
231	zeros156-371	0.0000	0.000000e0	0.000000e0	0.000000e0	1.0000	0.000000e0	0.000000e0	-	1	1	0.000000e0	0.000000e0	0.000000e0	0.000000e0	-	-	-	-
232	zeros156-371	0.0000	0.000000e0	0.000000e0	0.000000e0	1.0000	0.000000e0	0.000000e0	-	1	1	0.000000e0	0.000000e0	0.000000e0	0.000000e0	-	-	-	-
233	zeros156-371	0.0000	0.000000e0	0.000000e0	0.000000e0	1.0000	0.000000e0	0.000000e0	-	1	1	0.000000e0	0.000000e0	0.000000e0	0.000000e0	-	-	-	-
234	zeros156-371	0.0000	0.000000e0	0.000000e0	0.000000e0	1.0000	0.000000e0	0.000000e0	-	1	1	0.000000e0	0.000000e0	0.000000e0	0.000000e0	-	-	-	-
235	zeros156-371	0.0000	0.000000e0	0.000000e0	0.000000e0	1.0000	0.000000e0	0.000000e0	-	1	1	0.000000e0	0.000000e0	0.000000e0	0.000000e0	-	-	-	-
236	zeros156-371	0.0000	0.000000e0	0.000000e0	0.000000e0	1.0000	0.000000e0	0.000000e0	-	1	1	0.000000e0	0.000000e0	0.000000e0	0.000000e0	-	-	-	-
237	zeros156-371	0.0000	0.000000e0	0.000000e0	0.000000e0	1.0000	0.000000e0	0.000000e0	-	1	1	0.000000e0	0.000000e0	0.000000e0	0.000000e0	-	-	-	-
238	zeros156-371	0.0000	0.000000e0	0.000000e0	0.000000e0	1.0000	0.000000e0	0.000000e0	-	1	1	0.000000e0	0.000000e0	0.000000e0	0.000000e0	-	-	-	-
239	zeros156-371	0.0000	0.000000e0	0.000000e0	0.000000e0	1.0000	0.000000e0	0.000000e0	-	1	1	0.000000e0	0.000000e0	0.000000e0	0.000000e0	-	-	-	-
240	zeros156-371	0.0000	0.000000e0	0.000000e0	0.000000e0	1.0000	0.000000e0	0.000000e0	-	1	1	0.000000e0	0.000000e0	0.000000e0	0.000000e0	-	-	-	-
241	zeros156-371	0.0000	0.000000e0	0.000000e0	0.000000e0	1.0000	0.000000e0	0.000000e0	-	1	1	0.000000e0	0.000000e0	0.000000e0	0.000000e0	-	-	-	-
242	zeros156-371	0.0000	0.000000e0	0.000000e0	0.000000e0	1.0000	0.000000e0	0.000000e0	-	1	1	0.000000e0	0.000000e0	0.000000e0	0.000000e0	-	-	-	-
243	zeros156-371	0.0000	0.000000e0	0.000000e0	0.000000e0	1.0000	0.000000e0	0.000000e0	-	1	1	0.000000e0	0.000000e0	0.000000e0	0.000000e0	-	-	-	-
244	zeros156-371	0.0000	0.000000e0	0.000000e0	0.000000e0	1.0000	0.000000e0	0.000000e0	-	1	1	0.000000e0	0.000000e0	0.000000e0	0.000000e0	-	-	-	-
245	zeros156-371	0.0000	0.000000e0	0.000000e0	0.000000e0	1.0000	0.000000e0	0.000000e0	-	1	1	0.000000e0	0.000000e0	0.000000e0	0.000000e0	-	-	-	-
246	zeros156-371	0.0000	0.000000e0	0.000000e0	0.000000e0	1.0000	0.000000e0	0.000000e0	-	1	1	0.000000e0	0.000000e0	0.000000e0	0.000000e0	-	-	-	-
247	zeros156-371	0.0000	0.000000e0	0.000000e0	0.000000e0	1.0000	0.000000e0	0.000000e0	-	1	1	0.000000e0	0.000000e0	0.000000e0	0.000000e0	-	-	-	-
248	zeros156-371	0.0000	0.000000e0	0.000000e0	0.000000e0	1.0000	0.000000e0	0.000000e0	-	1	1	0.000000e0	0.000000e0	0.000000e0	0.000000e0	-	-	-	-
249	zeros156-371	0.0000	0.000000e0	0.000000e0	0.000000e0	1.0000	0.000000e0	0.000000e0	-	1	1	0.000000e0	0.000000e0	0.000000e0	0.000000e0	-	-	-	-
250	zeros156-371	0.0000	0.000000e0	0.000000e0	0.000000e0	1.0000	0.000000e0	0.000000e0	-	1	1	0.000000e0	0.000000e0	0.000000e0	0.000000e0	-	-	-	-
251	zeros156-371	0.0000	0.000000e0	0.000000e0	0.000000e0	1.0000	0.000000e0	0.000000e0	-	1	1	0.000000e0	0.000000e0	0.000000e0	0.000000e0	-	-	-	-
252	zeros156-371	0.0000	0.000000e0	0.000000e0	0.000000e0	1.0000	0.000000e0	0.000000e0	-	1	1	0.000000e0	0.000000e0	0.000000e0	0.000000e0	-	-	-	-
253	zeros156-371	0.0000	0.000000e0	0.000000e0	0.000000e0	1.0000	0.000000e0	0.000000e0	-	1	1	0.000000e0	0.000000e0	0.000000e0	0.000000e0	-	-	-	-
254	zeros156-371	0.0000	0.000000e0	0.000000e0	0.000000e0	1.0000	0.000000e0	0.000000e0	-	1	1	0.000000e0	0.000000e0	0.000000e0	0.000000e0	-	-	-	-
255	zeros156-371	0.0000	0.000000e0	0.000000e0	0.000000e0	1.0000	0.000000e0	0.000000e0	-	1	1	0.000000e0	0.000000e0	0.000000e0	0.000000e0	-	-	-	-
256	zeros156-371	0.0000	0.000000e0	0.000000e0	0.000000e0	1.0000	0.000000e0	0.000000e0	-	1	1	0.000000e0	0.000000e0	0.000000e0	0.000000e0	-	-	-	-
257	zeros156-371	0.0000	0.000000e0	0.000000e0	0.000000e0	1.0000	0.000000e0	0.000000e0	-	1	1	0.000000e0	0.000000e0	0.000000e0	0.000000e0	-	-	-	-
258	zeros156-371	0.0000	0.000000e0	0.000000e0	0.000000e0	1.0000	0.000000e0	0.000000e0	-	1	1	0.000000e0	0.000000e0	0.000000e0	0.000000e0	-	-	-	-
259	zeros156-371	0.0000	0.000000e0	0.000000e0	0.000000e0	1.0000	0.000000e0	0.000000e0	-	1	1	0.000000e0	0.000000e0	0.000000e0	0.000000e0	-	-	-	-
260	zeros156-371	0.0000	0.000000e0	0.000000e0	0.000000e0	1.0000	0.000000e0	0.000000e0	-	1	1	0.000000e0	0.000000e0	0.000000e0	0.000000e0	-	-	-	-
261	zeros156-371	0.0000	0.000000e0	0.000000e0	0.000000e0	1.0000	0.000000e0	0.000000e0	-	1	1	0.000000e0	0.000000e0	0.000000e0	0.000000e0	-	-	-	-
262	zeros156-371	0.0000	0.000000e0	0.000000e0	0.000000e0	1.0000	0.000000e0	0.000000e0	-	1	1	0.000000e0	0.000000e0	0.000000e0	0.000000e0	-	-	-	-
263	zeros156-371	0.0000	0.000000e0	0.000000e0	0.000000e0	1.0000	0.000000e0	0.000000e0	-	1	1	0.000000e0	0.000000e0	0.000000e0	0.000000e0	-	-	-	-
264	zeros156-371	0.0000	0.000000e0	0.000000e0	0.000000e0	1.0000	0.000000e0	0.000000e0	-	1	1	0.000000e0	0.000000e0	0.000000e0	0.000000e0	-	-	-	-
265	zeros156-371	0.0000	0.000000e0	0.000000e0	0.000000e0	1.0000	0.000000e0	0.000000e0	-	1	1	0.000000e0	0.000000e0	0.000000e0	0.000000e0	-	-	-	-
266	zeros156-371	0.0000	0.000000e0	0.000000e0	0.000000e0	1.0000	0.000000e0	0.000000e0	-	1	1	0.000000e0	0.000000e0	0.000000e0	0.000000e0	-	-	-	-
267	zeros156-371	0.0000	0.000000e0	0.000000e0	0.000000e0	1.0000	0.000000e0	0.000000e0	-	1	1	0.000000e0	0.000000e0	0.000000e0	0.000000e0	-	-	-	-
268	zeros156-371	0.0000	0.000000e0	0.000000e0	0.000000e0	1.0000	0.000000e0	0.000000e0	-	1	1	0.000000e0	0.000000e0	0.000000e0	0.000000e0	-	-	-	-
269	zeros156-371	0.0000	0.000000e0	0.000000e0	0.000000e0	1.0000	0.000000e0	0.000000e0	-	1	1	0.000000e0	0.000000e0	0.000000e0	0.000000e0	-	-	-	-
270	zeros156-371	0.0000	0.000000e0	0.000000e0	0.000000e0	1.0000	0.000000e0	0.000000e0	-	1	1	0.000000e0	0.000000e0	0.000000e0	0.000000e0	-	-	-	-
271	zeros156-371	0.0000	0.000000e0	0.000000e0	0.000000e0	1.0000	0.000000e0	0.000000e0	-	1	1	0.000000e0	0.000000e0	0.000000e0	0.000000e0	-	-	-	-
272	zeros156-371	0.0000	0.000000e0	0.000000e0	0.000000e0	1.0000	0.000000e0	0.000000e0	-	1	1	0.000000e0	0.000000e0	0.000000e0	0.000000e0	-	-	-	-
273	zeros156-371	0.0000	0.000000e0	0.000000e0	0.000000e0	1.0000	0.000000e0	0.000000e0	-	1	1	0.000000e0	0.000000e0	0.000000e0	0.000000e0	-	-	-	-
274	zeros156-371	0.0000	0.000000e0	0.000000e0	0.000000e0	1.0000	0.000000e0	0.000000e0	-	1	1	0.000000e0	0.000000e0	0.000000e0	0.000000e0	-	-	-	-
275	zeros156-371	0.0000	0.000000e0	0.000000e0	0.000000e0	1.0000	0.000000e0	0.000000e0	-	1	1	0.000000e0	0.000000e0	0.000000e0	0.000000e0	-	-	-	-
276	zeros156-371	0.0000	0.000000e0	0.000000e0	0.000000e0	1.0000	0.000000e0	0.000000e0	-	1	1	0.000000e0	0.000000e0	0.000000e0	0.000000e0	-	-	-	-
277	zeros156-371	0.0000	0.000000e0	0.000000e0	0.000000e0	1.0000	0.000000e0	0.000000e0	-	1	1	0.000000e0	0.000000e0	0.000000e0	0.000000e0	-	-	-	-
278	zeros156-371	0.0000	0.000000e0	0.000000e0	0.000000e0	1.0000	0.000000e0	0.000000e0	-	1	1	0.000000e0	0.000000e0	0.000000e0	0.000000e0	-	-	-	-
279	zeros156-371	0.0000	0.000000e0	0.000000e0	0.000000e0	1.0000	0.000000e0	0.000000e0	-	1	1	0.000000e0	0.000000e0	0.000000e0	0.000000e0	-	-	-	-
280	zeros156-371	0.0000	0.000000e0	0.000000e0	0.000000e0	1.0000	0.000000e0	0.000000e0	-	1	1	0.000000e0	0.000000e0	0.000000e0	0.000000e0	-	-	-	-
281	zeros156-371	0.0000	0.000000e0	0.000000e0	0.000000e0	1.0000	0.000000e0	0.000000e0	-	1	1	0.000000e0	0.000000e0	0.000000e0	0.000000e0	-	-	-	-
282	zeros156-371	0.0000	0.000000e0	0.000000e0	0.000000e0	1.0000	0.000000e0	0.000000e0	-	1	1	0.000000e0	0.000000e0	0.000000e0	0.000000e0	-	-	-	-
283	zeros156-371	0.0000	0.000000e0	0.000000e0	0.000000e0	1.0000	0.000000e0	0.000000e0	-	1	1	0.000000e0	0.000000e0	0.000000e0	0.000000e0	-	-	-	-
284	zeros156-371	0.0000	0.000000e0	0.000000e0	0.000000e0	1.0000	0.000000e0	0.000000e0	-	1	1	0.000000e0	0.000000e0	0.000000e0	0.000000e0	-	-	-	-
285	zeros156-371	0.0000	0.000000e0	0.000000e0	0.000000e0	1.0000	0.000000e0	0.000000e0	-	1	1	0.000000e0	0.000000e0	0.000000e0	0.000000e0	-	-	-	-
286	zeros156-371	0.0000	0.000000e0	0.000000e0	0.000000e0	1.0000	0.000000e0	0.000000e0	-	1	1	0.000000e0	0.000000e0	0.000000e0	0.000000e0	-	-	-	-
287	zeros156-371	0.0000	0.000000e0	0.000000e0	0.000000e0	1.0000	0.000000e0	0.000000e0	-	1	1	0.000000e0	0.000000e0	0.000000e0	0.000000e0	-	-	-	-
288	zeros156-371	0.0000	0.000000e0	0.000000e0	0.000000e0	1.0000	0.000000e0	0.000000e0	-	1	1	0.000000e0	0.000000e0	0.000000e0	0.000000e0	-	-	-	-
289	zeros156-371	0.0000	0.000000e0	0.000000e0	0.000000e0	1.0000	0.000000e0	0.000000e0	-	1	1	0.000000e0	0.000000e0	0.000000e0	0.000000e0	-	-	-	-
290	zeros156-371	0.0000	0.000000e0	0.000000e0	0.000000e0	1.0000	0.000000e0	0.000000e0	-	1	1	0.000000e0	0.000000e0	0.000000e0	0.000000e0	-	-	-	-
291	zeros156-371	0.0000	0.000000e0	0.000000e0	0.000000e0	1.0000	0.000000e0	0.000000e0	-	1	1	0.000000e0	0.000000e0	0.000000e0	0.000000e0	-	-	-	-
292	zeros156-371	0.0000	0.000000e0	0.000000e0	0.000000e0	1.0000	0.000000e0	0.000000e0	-	1	1	0.000000e0	0.000000e0	0.000000e0	0.000000e0	-	-	-	-
293	zeros156-371	0.0000	0.000000e0	0.000000e0	0.000000e0	1.0000	0.000000e0	0.000000e0	-	1	1	0.000000e0	0.000000e0	0.000000e0	0.000000e0	-	-	-	-
294	zeros156-371	0.0000	0.000000e0	0.000000e0	0.000000e0	1.0000	0.000000e0	0.000000e0	-	1	1	0.000000e0	0.000000e0	0.000000e0	0.000000e0	-	-	-	-
295	zeros156-371	0.0000	0.000000e0	0.000000e0	0.000000e0	1.0000	0.000000e0	0.000000e0	-	1	1	0.000000e0	0.000000e0	0.000000e0	0.000000e0	-	-	-	-
296	zeros156-371	0.0000	0.000000e0	0.000000e0	0.000000e0	1.0000	0.000000e0	0.000000e0	-	1	1	0.000000e0	0.000000e0	0.000000e0	0.000000e0	-	-	-	-
297	zeros156-371	0.0000	0.000000e0	0.000000e0	0.000000e0	1.0000	0.000000e0	0.000000e0	-	1	1	0.000000e0	0.000000e0	0.000000e0	0.000000e0	-	-	-	-
298	zeros156-371	0.0000	0.000000e0	0.000000e0	0.000000e0	1.0000	0.000000e0	0.000000e0	-	1	1	0.000000e0	0.000000e0	0.000000e0	0.000000e0	-	-	-	-
299	zeros156-371	0.0000	0.000000e0	0.000000e0	0.000000e0	1.0000	0.000000e0	0.000000e0	-	1	1	0.000000e0	0.000000e0	0.000000e0	0.000000e0	-	-	-	-
300	zeros156-371	0.0000	0.000000e0	0.000000e0	0.000000e0	1.0000	0.000000e0	0.000000e0	-	1	1	0.000000e0	0.000000e0	0.000000e0	0.000000e0	-	-	-	-
301	zeros156-371	0.0000	0.000000e0	0.000000e0	0.000000e0	1.0000	0.000000e0	0.000000e0	-	1	1	0.000000e0	0.000000e0	0.000000e0	0.000000e0	-	-	-	-
302	zeros156-371	0.0000	0.000000e0	0.000000e0	0.000000e0	1.0000	0.000000e0	0.000000e0	-	1	1	0.000000e0	0.000000e0	0.000000e0	0.000000e0	-	-	-	-
303	zeros156-371	0.0000	0.000000e0	0.000000e0	0.000000e0	1.0000	0.000000e0	0.000000e0	-	1	1	0.000000e0	0.000000e0	0.000000e0	0.000000e0	-	-	-	-
304	zeros156-371	0.0000	0.000000e0	0.000000e0	0.000000e0	1.0000	0.000000e0	0.000000e0	-	1	1	0.000000e0	0.000000e0	0.000000e0	0.000000e0	-	-	-	-
305	zeros156-371	0.0000	0.000000e0	0.000000e0	0.000000e0	1.0000	0.000000e0	0.000000e0	-	1	1	0.000000e0	0.000000e0	0.000000e0	0.000000e0	-	-	-	-
306	zeros156-371	0.0000	0.000000e0	0.000000e0	0.000000e0	1.0000	0.000000e0	0.000000e0	-	1	1	0.000000e0	0.000000e0	0.000000e0	0.000000e0	-	-	-	-
307	zeros156-371	0.0000	0.000000e0	0.000000e0	0.000000e0	1.0000	0.000000e0	0.000000e0	-	1	1	0.000000e0	0.000000e0	0.000000e0	0.000000e0	-	-	-	-
308	zeros156-371	0.0000	0.000000e0	0.000000e0	0.000000e0	1.0000	0.000000e0	0.000000e0	-	1	1	0.000000e0	0.000000e0	0.000000e0	0.000000e0	-	-	-	-
309	zeros156-371	0.0000	0.000000e0	0.000000e0	0.000000e0	1.0000	0.000000e0	0.000000e0	-	1	1	0.000000e0	0.000000e0	0.000000e0	0.000000e0	-	-	-	-
310	zeros156-371	0.0000	0.000000e0	0.000000e0	0.000000e0	1.0000	0.000000e0	0.000000e0	-	1	1	0.000000e0	0.000000e0	0.000000e0	0.000000e0	-	-	-	-
311	zeros156-371	0.0000	0.000000e0	0.000000e0	0.000000e0	1.0000	0.000000e0	0.000000e0	-	1	1	0.000000e0	0.000000e0	0.000000e0	0.000000e0	-	-	-	-
312	zeros156-371	0.0000	0.000000e0	0.000000e0	0.000000e0	1.0000	0.000000e0	0.000000e0	-	1	1	0.000000e0	0.000000e0	0.000000e0	0.000000e0	-	-	-	-
313	zeros156-371	0.0000	0.000000e0	0.000000e0	0.000000e0	1.0000	0.000000e0	0.000000e0	-	1	1	0.000000e0	0.000000e0	0.000000e0	0.000000e0	-	-	-	-
314	zeros156-371	0.0000	0.000000e0	0.000000e0	0.000000e0	1.0000	0.000000e0	0.000000e0	-	1	1	0.000000e0	0.000000e0	0.000000e0	0.000000e0	-	-	-	-
315	zeros156-371	0.0000	0.000000e0	0.000000e0	0.000000e0	1.0000	0.000000e0	0.000000e0	-	1	1	0.000000e0	0.000000e0	0.000000e0	0.000000e0	-	-	-	-
316	zeros156-371	0.0000	0.000000e0	0.000000e0	0.000000e0	1.0000	0.000000e0	0.000000e0	-	1	1	0.000000e0	0.000000e0	0.000000e0	0.000000e0	-	-	-	-
317	zeros156-371	0.0000	0.000000e0	0.000000e0	0.000000e0	1.0000	0.000000e0	0.000000e0	-	1	1	0.000000e0	0.000000e0	0.000000e0	0.000000e0	-	-	-	-
318	zeros156-371	0.0000	0.000000e0	0.000000e0	0.000000e0	1.0000	0.000000e0	0.000000e0	-	1	1	0.000000e0	0.000000e0	0.000000e0	0.000000e0	-	-	-	-
319	zeros156-371	0.0000	0.000000e0	0.000000e0	0.000000e0	1.0000	0.000000e0	0.000000e0	-	1	1	0.000000e0	0.000000e0	0.000000e0	0.000000e0	-	-	-	-
320	zeros156-371	0.0000	0.000000e0	0.000000e0	0.000000e0	1.0000	0.000000e0	0.000000e0	-	1	1	0.000000e0	0.000000e0	0.000000e0	0.000000e0	-	-	-	-
321	zeros156-371	0.0000	0.000000e0	0.000000e0	0.000000e0	1.0000	0.000000e0	0.000000e0	-	1	1	0.000000e0	0.000000e0	0.000000e0	0.000000e0	-	-	-	-
322	zeros156-371	0.0000	0.000000e0	0.000000e0	0.000000e0	1.0000	0.000000e0	0.000000e0	-	1	1	0.000000e0	0.000000e0	0.000000e0	0.000000e0	-	-	-	-
323	zeros156-371	0.0000	0.000000e0	0.000000e0	0.000000e0	1.0000	0.000000e0	0.000000e0	-	1	1	0.000000e0	0.000000e0	0.000000e0	0.000000e0	-	-	-	-
324	zeros156-371	0.0000	0.000000e0	0.000000e0	0.000000e0	1.0000	0.000000e0	0.000000e0	-	1	1	0.000000e0	0.000000e0	0.000000e0	0.000000e0	-	-	-	-
325	zeros156-371	0.0000	0.000000e0	0.000000e0	0.000000e0	1.0000	0.000000e0	0.000000e0	-	1	1	0.000000e0	0.000000e0	0.000000e0	0.000000e0	-	-	-	-
326	zeros156-371	0.0000	0.000000e0	0.000000e0	0.000000e0	1.0000	0.000000e0	0.000000e0	-	1	1	0.000000e0	0.000000e0	0.000000e0	0.000000e0	-	-	-	-
327	zeros156-371	0.0000	0.000000e0	0.000000e0	0.000000e0	1.0000	0.000000e0	0.000000e0	-	1	1	0.000000e0	0.000000e0	0.000000e0	0.000000e0	-	-	-	-
328	zeros156-371	0.0000	0.000000e0	0.000000e0	0.000000e0	1.0000	0.000000e0	0.000000e0	-	1	1	0.000000e0	0.000000e0	0.000000e0	0.000000e0	-	-	-	-
329	zeros156-371	0.0000	0.000000e0	0.000000e0	0.000000e0	1.0000	0.000000e0	0.000000e0	-	1	1	0.000000e0	0.000000e0	0.000000e0	0.000000e0	-	-	-	-
330	zeros156-371	0.0000	0.000000e0	0.000000e0	0.000000e0	1.0000	0.000000e0	0.000000e0	-	1	1	0.000000e0	0.000000e0	0.000000e0	0.000000e0	-	-	-	-
331	zeros156-371	0.0000	0.000000e0	0.000000e0	0.000000e0	1.0000	0.000000e0	0.000000e0	-	1	1	0.000000e0	0.000000e0	0.000000e0	0.000000e0	-	-	-	-
332	zeros156-371	0.0000	0.000000e0	0.000000e0	0.000000e0	1.0000	0.000000e0	0.000000e0	-	1	1	0.000000e0	0.000000e0	0.000000e0	0.000000e0	-	-	-	-
333	zeros156-371	0.0000	0.000000e0	0.000000e0	0.000000e0	1.0000	0.000000e0	0.000000e0	-	1	1	0.000000e0	0.000000e0	0.000000e0	0.000000e0	-	-	-	-
334	zeros156-371	0.0000	0.000000e0	0.000000e0	0.000000e0	1.0000	0.000000e0	0.000000e0	-	1	1	0.000000e0	0.000000e0	0.000000e0	0.000000e0	-	-	-	-
335	zeros156-371	0.0000	0.000000e0	0.000000e0	0.000000e0	1.0000	0.000000e0	0.000000e0	-	1	1	0.000000e0	0.000000e0	0.000000e0	0.000000e0	-	-	-	-
336	zeros156-371	0.0000	0.000000e0	0.000000e0	0.000000e0	1.0000	0.000000e0	0.000000e0	-	1	1	0.000000e0	0.000000e0	0.000000e0	0.000000e0	-	-	-	-
337	zeros156-371	0.0000	0.000000e0	0.000000e0	0.000000e0	1.0000	0.000000e0	0.000000e0	-	1	1	0.000000e0	0.000000e0	0.000000e0	0.000000e0	-	-	-	-
338	zeros156-371	0.0000	0.000000e0	0.000000e0	0.000000e0	1.0000	0.000000e0	0.000000e0	-	1	1	0.000000e0	0.000000e0	0.000000e0	0.000000e0	-	-	-	-
339	zeros156-371	0.0000	0.000000e0	0.000000e0	0.000000e0	1.0000	0.000000e0	0.000000e0	-	1	1	0.000000e0	0.000000e0	0.000000e0	0.000000e0	-	-	-	-
340	zeros156-371	0.0000	0.000000e0	0.000000e0	0.000000e0	1.0000	0.000000e0	0.000000e0	-	1	1	0.000000e0	0.000000e0	0.000000e0	0.000000e0	-	-	-	-
341	zeros156-371	0.0000	0.000000e0	0.000000e0	0.000000e0	1.0000	0.000000e0	0.000000e0	-	1	1	0.000000e0	0.000000e0	0.000000e0	0.000000e0	-	-	-	-
342	zeros156-371	0.0000	0.000000e0	0.000000e0	0.000000e0	1.0000	0.000000e0	0.000000e0	-	1	1	0.000000e0	0.000000e0	0.000000e0	0.000000e0	-	-	-	-
343	zeros156-371	0.0000	0.000000e0	0.000000e0	0.000000e0	1.0000	0.000000e0	0.000000e0	-	1	1	0.000000e0	0.000000e0	0.000000e0	0.000000e0	-	-	-	-
344	zeros156-371	0.0000	0.000000e0	0.000000e0	0.000000e0	1.0000	0.000000e0	0.000000e0	-	1	1	0.000000e0	0.000000e0	0.000000e0	0.000000e0	-	-	-	-
345	zeros156-371	0.0000	0.000000e0	0.000000e0	0.000000e0	1.0000	0.000000e0	0.000000e0	-	1	1	0.000000e0	0.000000e0	0.000000e0	0.000000e0	-	-	-	-
346	zeros156-371	0.0000	0.000000e0	0.000000e0	0.000000e0	1.0000	0.000000e0	0.000000e0	-	1	1	0.000000e0	0.000000e0	0.000000e0	0.000000e0	-	-	-	-
347	zeros156-371	0.0000	0.000000e0	0.000000e0	0.000000e0	1.0000	0.000000e0	0.000000e0	-	1	1	0.000000e0	0.000000e0	0.000000e0	0.000000e0	-	-	-	-
348	zeros156-371	0.0000	0.000000e0	0.000000e0	0.000000e0	1.0000	0.000000e0	0.000000e0	-	1	1	0.000000e0	0.000000e0	0.000000e0	0.000000e0	-	-	-	-
349	zeros156-371	0.0000	0.000000e0	0.000000e0	0.000000e0	1.0000	0.000000e0	0.000000e0	-	1	1	0.000000e0	0.000000e0	0.000000e0	0.000000e0	-	-	-	-
350	zeros156-371	0.0000	0.000000e0	0.000000e0	0.000000e0	1.0000	0.000000e0	0.000000e0	-	1	1	0.000000e0	0.000000e0	0.000000e0	0.000000e0	-	-	-	-
351	zeros156-371	0.0000	0.000000e0	0.000000e0	0.000000e0	1.0000	0.000000e0	0.000000e0	-	1	1	0.000000e0	0.000000e0	0.000000e0	0.000000e0	-	-	-	-
352	zeros156-371	0.0000	0.000000e0	0.000000e0	0.000000e0	1.0000	0.000000e0	0.000000e0	-	1	1	0.000000e0	0.000000e0	0.000000e0	0.000000e0	-	-	-	-
353	zeros156-371	0.0000	0.000000e0	0.000000e0	0.000000e0	1.0000	0.000000e0	0.000000e0	-	1	1	0.000000e0	0.000000e0	0.000000e0	0.000000e0	-	-	-	-
354	zeros156-371	0.0000	0.000000e0	0.000000e0	0.000000e0	1.0000	0.000000e0	0.000000e0	-	1	1	0.000000e0	0.000000e0	0.000000e0	0.000000e0	-	-	-	-
355	zeros156-371	0.0000	0.000000e0	0.000000e0	0.000000e0	1.0000	0.000000e0	0.000000e0	-	1	1	0.000000e0	0.000000e0	0.000000e0	0.000000e0	-	-	-	-
356	zeros156-371	0.0000	0.000000e0	0.000000e0	0.000000e0	1.0000	0.000000e0	0.000000e0	-	1	1	0.000000e0	0.000000e0	0.000000e0	0.000000e0	-	-	-	-
357	zeros156-371	0.0000	0.000000e0	0.000000e0	0.000000e0	1.0000	0.000000e0	0.000000e0	-	1	1	0.000000e0	0.000000e0	0.000000e0	0.000000e0	-	-	-	-
358	zeros156-371	0.0000	0.000000e0	0.000000e0	0.000000e0	1.0000	0.000000e0	0.000000e0	-	1	1	0.000000e0	0.000000e0	0.000000e0	0.000000e0	-	-	-	-
359	zeros156-371	0.0000	0.000000e0	0.000000e0	0.000000e0	1.0000	0.000000e0	0.000000e0	-	1	1	0.000000e0	0.000000e0	0.000000e0	0.000000e0	-	-	-	-
360	zeros156-371	0.0000	0.000000e0	0.000000e0	0.000000e0	1.0000	0.000000e0	0.000000e0	-	1	1	0.000000e0	0.000000e0	0.000000e0	0.000000e0	-	-	-	-
361	zeros156-371	0.0000	0.000000e0	0.000000e0	0.000000e0	1.0000	0.000000e0	0.000000e0	-	1	1	0.000000e0	0.000000e0	0.000000e0	0.000000e0	-	-	-	-
362	zeros156-371	0.0000	0.000000e0	0.000000e0	0.000000e0	1.0000	0.000000e0	0.000000e0	-	1	1	0.000000e0	0.000000e0	0.000000e0	0.000000e0	-	-	-	-
363	zeros156-371	0.0000	0.000000e0	0.000000e0	0.000000e0	1.0000	0.000000e0	0.000000e0	-	1	1	0.000000e0	0.000000e0	0.000000e0	0.000000e0	-	-	-	-
364	zeros156-371	0.0000	0.000000e0	0.000000e0	0.000000e0	1.0000	0.000000e0	0.000000e0	-	1	1	0.000000e0	0.000000e0	0.000000e0	0.000000e0	-	-	-	-
365	zeros156-371	0.0000	0.000000e0	0.000000e0	0.000000e0	1.0000	0.000000e0	0.000000e0	-	1	1	0.000000e0	0.000000e0	0.000000e0	0.000000e0	-	-	-	-
366	zeros156-371	0.0000	0.000000e0	0.000000e0	0.000000e0	1.0000	0.000000e0	0.000000e0	-	1	1	0.000000e0	0.000000e0	0.000000e0	0.000000e0	-	-	-	-
367	zeros156-371	0.0000	0.000000e0	0.000000e0	0.000000e0	1.0000	0.000000e0	0.000000e0	-	1	1	0.000000e0	0.000000e0	0.000000e0	0.000000e0	-	-	-	-
368	zeros156-371	0.0000	0.000000e0	0.000000e0	0.000000e0	1.0000	0.000000e0	0.000000e0	-	1	1	0.000000e0	0.000000e0	0.000000e0	0.000000e0	-	-	-	-
369	zeros156-371	0.0000	0.000000e0	0.000000e0	0.000000e0	1.0000	0.000000e0	0.000000e0	-	1	1	0.000000e0	0.000000e0	0.000000e0	0.000000e0	-	-	-	-
370	zeros156-371	0.0000	0.000000e0	0.000000e0	0.000000e0	1.0000	0.000000e0	0.000000e0	-	1	1	0.000000e0	0.000000e0	0.000000e0	0.000000e0	-	-	-	-
371	zeros156-371	0.0000	0.000000e0	0.000000e0	0.000000e0	1.0000	0.000000e0	0.000000e0	-	1	1	0.000000e0	0.000000e0	0.000000e0	0.000000e0	-	-	-	-
372	v2-348	1.0000	5.295673e-2	1.441069e-1	9.720623e-2	0.6054	2.025537e0	2.951568e-1	-	0	0	4.105814e-2	5.255651e-2	9.399771e-2	5.693315e-2	0.017629	-0.003365	-0.001425	0.001152
373	v2-348	1.0000	5.198661e-2	1.719807e-1	9.024917e-2	0.5481	1.653751e0	2.554838e-1	-	0	0	4.059768e-2	7.381964e-2	8.896230e-2	4.766516e-2	-0.008953	0.003313	0.005407	-0.001048
374	v2-348	1.0000	7.577552e-2	3.109865e-1	1.150967e-1	0.6342	2.359716e0	3.766086e-1	-	0	0	7.083383e-2	8.817483e-2	1.000169e-1	6.974399e-2	0.016373	0.001020	0.002196	-0.000445
375	v2-348	1.0000	8.696860e-2	2.304907e-1	1.034897e-1	0.7810	3.520273e0	5.246020e-1	-	0	0	5.902555e-2	8.541480e-2	6.248878e-2	1.404277e-1	-0.000597	0.003824	-0.000213	-0.001319
376	v2-348	1.0000	6.363108e-2	2.077100e-1	9.421702e-2	0.5641	1.129968e0	1.541484e-1	-	0	0	4.634291e-2	7.958928e-2	6.678250e-2	8.323631e-2	0.019031	-0.002909	-0.000605	0.002873
377	v2-348	1.0000	1.463845e-2	3.127807e-2	2.189847e-2	0.7677	4.238892e-1	6.762528e-2	-	0	0	1.207856e-2	1.019366e-2	1.038375e-2	2.200248e-2	-	-	-	-
378	v2-348	1.0000	3.720077e-2	9.786752e-2	6.557197e-2	0.6285	2.159989e0	3.462248e-1	-	0	0	2.361199e-2	5.086310e-2	4.175372e-2	5.140569e-2	-	-	-	-
379	v2-348	1.0000	1.551504e-1	5.786850e-1	2.514522e-1	0.5930	2.898742e0	3.766961e-1	-	0	0	1.169119e-1	1.348606e-1	9.493802e-2	2.453328e-1	-0.051151	-0.004419	-0.003018	-0.014188
380	v2-348	1.0000	9.815876e-2	3.125601e-1	1.747616e-1	0.5461	2.818105e0	4.307693e-1	-	0	0	1.032007e-1	1.194487e-1	9.909134e-2	8.129950e-2	-0.035394	-0.000438	0.001814	-0.002470
381	v2-348	1.0000	3.486783e-2	1.383197e-1	6.134071e-2	0.5594	2.340031e0	4.778740e-1	-	0	0	3.109830e-2	4.945413e-2	5.127784e-2	2.895311e-2	-	-	-	-
382	v2-348	1.0000	1.074098e-1	3.859754e-1	1.847052e-1	0.5773	4.032589e0	5.721548e-1	-	0	0	1.330112e-1	1.205684e-1	9.564141e-2	6.610855e-2	-0.073482	0.006397	0.002216	0.000632
383	v2-348	1.0000	1.882287e-1	6.516743e-1	3.474852e-1	0.5170	3.576021e0	5.253785e-1	-	0	0	1.802811e-1	1.838221e-1	1.603762e-1	2.126167e-1	-0.102623	0.002839	-0.000256	-0.006859
384	v2-348	1.0000	7.615749e-2	1.959301e-1	1.549968e-1	0.6471	2.624460e0	3.753144e-1	-	0	0	5.955819e-2	8.026340e-2	1.497566e-1	7.388964e-2	0.025773	-0.006054	-0.001142	0.001400
385	v2-348	1.0000	7.763051e-2	2.039442e-1	9.630520e-2	0.7844	3.373292e0	5.172490e-1	-	0	0	4.754177e-2	7.245270e-2	7.452186e-2	1.281688e-1	0.008947	0.001673	-0.000168	-0.000781
386	v2-348	1.0000	7.146050e-2	2.903285e-1	1.457488e-1	0.5989	1.407145e0	1.765405e-1	-	0	0	4.379691e-2	1.493950e-1	1.712019e-1	4.731086e-2	0.007124	-0.009150	-0.009984	0.000442
387	v2-348	1.0000	1.546918e-2	3.099394e-2	2.857875e-2	0.7149	5.203466e-1	9.441920e-2	-	0	0	1.441221e-2	1.171585e-2	1.163946e-2	2.003628e-2	-	-	-	-
388	v2-348	1.0000	7.041000e-2	2.389188e-1	1.180138e-1	0.6355	2.260140e0	4.056564e-1	-	0	0	6.977052e-2	9.130605e-2	1.240168e-1	4.352397e-2	-0.034934	0.005401	0.001952	-0.000298
389	v2-348	1.0000	9.840954e-2	2.873499e-1	1.221500e-1	0.7266	3.425440e0	4.812906e-1	-	0	0	6.755686e-2	1.025794e-1	9.872702e-2	1.451334e-1	-0.006938	0.004798	-0.001957	-0.002454
390	v2-348	1.0000	8.255666e-2	3.038981e-1	1.450178e-1	0.5712	1.956805e0	2.288846e-1	-	0	0	7.753493e-2	1.269629e-1	1.563936e-1	4.573164e-2	0.013383	0.006892	0.012471	0.001457
391	v2-348	1.0000	1.930542e-2	4.785633e-2	3.183261e-2	0.7607	5.622156e-1	8.483021e-2	-	0	0	1.660285e-2	2.061167e-2	2.958993e-2	1.929531e-2	-	-	-	-
392	v2-348	1.0000	2.857134e-2	9.411669e-2	4.226773e-2	0.6328	8.804809e-1	1.459483e-1	-	0	0	2.109734e-2	2.437770e-2	2.487124e-2	4.336109e-2	-	-	-	-
393	v2-348	1.0000	1.429247e-1	5.436946e-1	2.343803e-1	0.5663	2.695764e0	3.186455e-1	-	0	0	1.045261e-1	2.089039e-1	1.735748e-1	1.655624e-1	0.036989	-0.019483	-0.017493	-0.008376
394	v2-348	1.0000	5.048534e-2	1.842171e-1	9.411081e-2	0.5781	3.016033e0	6.412078e-1	-	0	0	5.148614e-2	6.793792e-2	7.950827e-2	3.133320e-2	0.002584	-0.002067	-0.002051	-0.001039
395	v2-348	1.0000	2.849768e-2	9.341097e-2	4.281064e-2	0.6341	9.029754e-1	1.543662e-1	-	0	0	2.119183e-2	2.482752e-2	2.398943e-2	4.310511e-2	-	-	-	-
396	v2-348	1.0000	2.304911e-2	7.606983e-2	3.196508e-2	0.6372	7.283543e-1	1.155732e-1	-	0	0	1.462309e-2	1.934933e-2	2.214427e-2	3.812214e-2	-	-	-	-
397	v2-348	1.0000	1.511848e-1	4.799569e-1	2.246463e-1	0.6531	3.793203e0	7.914681e-1	-	0	0	1.550793e-1	1.776506e-1	1.536382e-1	1.334892e-1	-0.066719	0.002782	-0.001904	0.003647
398	v2-348	1.0000	7.786921e-2	3.180108e-1	1.384388e-1	0.6439	2.205389e0	2.639427e-1	-	0	0	8.061938e-2	1.041360e-1	1.220122e-1	4.692036e-2	0.015663	-0.013564	-0.005305	-0.000323
399	v2-348	1.0000	1.306255e-1	6.424003e-1	3.014947e-1	0.5060	4.806442e0	6.965115e-1	-	0	0	1.250053e-1	2.385528e-1	2.951239e-1	3.619828e-2	-0.045080	0.003227	-0.010248	-0.001452
400	v2-348	1.0000	3.819303e-2	9.552574e-2	4.777845e-2	0.8051	9.876599e-1	1.113236e-1	-	0	0	3.069956e-2	2.536032e-2	3.468274e-2	5.643074e-2	-	-	-	-
401	v2-348	1.0000	2.172496e-1	1.037305e0	4.148198e-1	0.5821	4.052705e0	4.746501e-1	-	0	0	1.869714e-1	3.305802e-1	5.599334e-1	9.473982e-2	-0.121583	0.027862	0.034747	-0.001429
402	v2-348	1.0000	1.256432e-1	5.945386e-1	2.327978e-1	0.5939	3.065774e0	4.236927e-1	-	0	0	1.327368e-1	2.084161e-1	2.702491e-1	2.859258e-2	-0.069176	0.018990	0.026519	-0.000942
403	v2-348	1.0000	2.195112e-1	5.699854e-1	2.811533e-1	0.5193	3.847500e0	6.144241e-1	-	0	0	1.421194e-1	2.075872e-1	2.215288e-1	3.453040e-1	0.055428	-0.009075	-0.016991	0.000464
404	v2-348	1.0000	1.350899e-1	5.493090e-1	2.738329e-1	0.7160	5.627877e0	7.216716e-1	-	0	0	1.419175e-1	1.789811e-1	2.364446e-1	6.984848e-2	-0.039725	0.009394	0.002612	-0.000551
405	v2-348	1.0000	7.565134e-2	2.555800e-1	1.334330e-1	0.6086	3.196051e0	3.752805e-1	-	0	0	5.575463e-2	1.012287e-1	1.236420e-1	7.920061e-2	-0.008501	0.005880	0.007533	-0.000933
406	v2-348	1.0000	4.921406e-2	1.438441e-1	9.423989e-2	0.6123	1.416554e0	2.436556e-1	-	0	0	3.367940e-2	8.306173e-2	6.950510e-2	5.262070e-2	-	-	-	-
407	v2-348	1.0000	1.193824e-1	3.782792e-1	1.882261e-1	0.5322	3.026510e0	4.221101e-1	-	0	0	1.108481e-1	1.284311e-1	1.480798e-1	1.187354e-1	-0.026568	-0.002539	-0.005667	-0.003265
408	v2-348	1.0000	1.219786e-1	4.219017e-1	1.680178e-1	0.6920	2.905778e0	3.413882e-1	-	0	0	9.040268e-2	1.156378e-1	7.911844e-2	1.897548e-1	-0.045673	-0.000003	-0.004083	-0.000045
409	v2-348	1.0000	8.367854e-2	3.236003e-1	1.382698e-1	0.7019	2.277441e0	3.393795e-1	-	0	0	8.335441e-2	1.344836e-1	1.088261e-1	5.455774e-2	-0.034776	-0.002071	-0.007862	0.002576
410	v2-348	1.0000	1.179363e-1	3.380775e-1	1.436714e-1	0.7579	3.171040e0	3.995166e-1	-	0	0	8.424842e-2	1.384215e-1	1.755517e-1	1.417358e-1	-0.014347	0.009116	0.009078	-0.000780
411	v2-348	1.0000	1.732300e-1	5.926977e-1	2.320816e-1	0.6916	5.475324e0	6.555977e-1	-	0	0	1.684525e-1	1.882692e-1	2.284411e-1	1.546331e-1	-0.006570	-0.018171	-0.015410	-0.001183
412	v2-348	1.0000	1.474145e-1	6.495757e-1	2.351557e-1	0.7730	3.714241e0	4.899716e-1	-	0	0	1.338228e-1	2.298635e-1	2.938976e-1	8.234507e-2	-0.008774	-0.024552	-0.026307	0.000852
413	v2-348	1.0000	7.989877e-2	1.861823e-1	1.010975e-1	0.6796	2.627995e0	3.674900e-1	-	0	0	5.137028e-2	8.553490e-2	8.555607e-2	1.204373e-1	0.003933	0.001364	-0.003115	0.000110
414	v2-348	1.0000	1.495251e-1	6.919227e-1	3.108772e-1	0.7280	7.165719e0	8.534653e-1	-	0	0	1.749444e-1	2.090900e-1	2.166245e-1	6.115412e-2	-0.066291	0.013630	0.004424	-0.000258
415	v2-348	1.0000	1.346389e-1	5.608835e-1	2.817716e-1	0.6462	3.825254e0	3.783070e-1	-	0	0	1.004763e-1	2.320856e-1	3.443747e-1	7.290815e-2	0.008446	-0.022777	-0.042525	0.000715
416	v2-348	1.0000	3.583593e-2	8.995342e-2	5.634588e-2	0.6972	1.088810e0	1.432329e-1	-	0	0	2.468210e-2	3.742070e-2	5.742478e-2	4.490119e-2	-	-	-	-
417	v2-348	1.0000	1.480342e-1	6.511875e-1	2.787001e-1	0.5857	3.338713e0	4.259761e-1	-	0	0	1.360616e-1	2.091951e-1	3.381456e-1	7.317199e-2	-0.085124	0.020840	0.026729	-0.000720
418	v2-348	1.0000	1.383962e-1	4.350483e-1	2.408292e-1	0.6132	4.865531e0	7.831174e-1	-	0	0	1.317332e-1	1.355502e-1	1.353194e-1	1.511404e-1	0.042374	-0.003978	-0.000559	-0.001121
419	v2-348	1.0000	9.027427e-2	3.147144e-1	1.504142e-1	0.7205	3.939131e0	4.648017e-1	-	0	0	7.942662e-2	1.248392e-1	1.173386e-1	8.356153e-2	0.023738	-0.011150	-0.004189	-0.002213
420	v2-348	1.0000	4.865306e-2	1.565504e-1	1.071598e-1	0.7191	2.165217e0	3.633292e-1	-	0	0	4.288337e-2	9.324747e-2	7.180878e-2	3.132578e-2	-	-	-	-
421	v2-348	1.0000	6.463391e-2	2.150869e-1	1.332593e-1	0.5038	2.324223e0	4.354192e-1	-	0	0	5.242997e-2	1.264048e-1	1.106915e-1	4.218092e-2	-0.014875	0.003319	0.005855	-0.000567
422	v2-348	1.0000	9.921387e-2	3.574373e-1	1.561858e-1	0.5567	1.881480e0	2.403073e-1	-	0	0	8.024262e-2	1.207365e-1	8.815711e-2	1.243782e-1	-0.024269	0.004461	0.005015	0.007903
423	v2-348	1.0000	8.627842e-2	3.060532e-1	1.569557e-1	0.5490	3.517164e0	4.823402e-1	-	0	0	8.661399e-2	1.307002e-1	1.190593e-1	5.592515e-2	0.014528	0.001443	0.004325	-0.000713
424	v2-348	1.0000	5.721032e-2	1.999030e-1	1.255560e-1	0.5214	2.429442e0	4.456526e-1	-	0	0	4.757119e-2	1.175531e-1	1.002683e-1	3.238880e-2	-0.009041	0.002137	0.004671	-0.000471
425	v2-348	1.0000	5.509444e-2	2.101624e-1	1.220281e-1	0.6206	2.179172e0	3.860745e-1	-	0	0	4.604330e-2	1.162839e-1	1.122196e-1	2.390014e-2	-0.017494	0.004316	0.005903	-0.000474
426	v2-348	1.0000	2.049349e-1	7.669438e-1	3.458830e-1	0.5701	6.367901e0	7.145530e-1	-	0	0	2.259498e-1	3.092914e-1	4.082452e-1	5.597098e-2	-0.075072	-0.003502	0.010288	0.000918
427	v2-348	1.0000	1.565631e-1	5.044454e-1	2.185950e-1	0.6601	4.440521e0	5.573917e-1	-	0	0	1.739514e-1	1.662749e-1	1.719599e-1	1.197086e-1	0.012915	-0.014880	-0.013935	0.002626
428	v2-348	1.0000	1.268042e-1	5.450196e-1	3.476941e-1	0.5233	4.519874e0	5.028746e-1	-	0	0	1.489249e-1	1.842234e-1	2.397310e-1	2.785155e-2	-0.044205	0.003067	-0.004322	-0.001129
429	v2-348	1.0000	5.305542e-2	1.365671e-1	1.103775e-1	0.6668	2.555265e0	4.545032e-1	-	0	0	3.289600e-2	6.441547e-2	9.492193e-2	6.497816e-2	-0.000421	-0.003272	-0.003145	-0.000253
430	v2-348	1.0000	6.366451e-2	1.776338e-1	8.217775e-2	0.7847	2.419957e0	3.480541e-1	-	0	0	4.458061e-2	5.990520e-2	7.172312e-2	9.226940e-2	-0.001497	0.002086	-0.000214	0.001126
431	v2-348	1.0000	4.830679e-2	1.705666e-1	7.264975e-2	0.6462	1.458785e0	1.677118e-1	-	0	0	5.324800e-2	4.305948e-2	4.013631e-2	4.561919e-2	-	-	-	-
432	v2-348	1.0000	3.694109e-2	1.400189e-1	6.244573e-2	0.5054	1.508148e0	2.073718e-1	-	0	0	4.510493e-2	3.774546e-2	4.037120e-2	2.253214e-2	-	-	-	-
433	v2-348	1.0000	4.490497e-2	1.682544e-1	6.198955e-2	0.7395	2.819665e0	4.282247e-1	-	0	0	4.179336e-2	4.975070e-2	3.882673e-2	5.004954e-2	-	-	-	-
434	v2-348	1.0000	7.304147e-2	2.841957e-1	1.218620e-1	0.5953	1.654235e0	2.686103e-1	-	0	0	5.326998e-2	9.653870e-2	8.941269e-2	8.871109e-2	0.019104	0.001614	0.004195	0.004593
435	v2-348	1.0000	2.622869e-2	5.812526e-2	2.859111e-2	0.8501	4.318306e-1	5.564449e-2	-	0	0	1.338617e-2	2.307652e-2	2.689829e-2	4.745499e-2	-	-	-	-
436	v2-348	1.0000	2.675743e-2	9.700379e-2	4.012474e-2	0.6749	1.422962e0	2.256960e-1	-	0	0	2.190003e-2	3.177823e-2	3.074738e-2	3.092217e-2	-	-	-	-
437	v2-348	1.0000	1.480306e-1	4.773631e-1	2.254517e-1	0.5818	2.683789e0	3.791112e-1	-	0	0	1.230401e-1	1.411309e-1	1.247972e-1	1.985511e-1	-0.048397	0.002584	0.000619	-0.014759
438	v2-348	1.0000	1.413094e-1	4.181967e-1	2.330008e-1	0.5733	3.175470e0	4.459058e-1	-	0	0	1.495775e-1	1.275836e-1	9.407770e-2	1.509904e-1	-0.062581	0.001212	0.000941	-0.005469
439	v2-348	1.0000	7.059563e-2	2.013249e-1	8.859658e-2	0.7573	2.551172e0	4.359866e-1	-	0	0	5.427985e-2	6.867262e-2	8.459932e-2	9.194803e-2	0.003707	0.000365	-0.002545	0.000636
440	v2-348	1.0000	8.855799e-2	3.268642e-1	1.527871e-1	0.5772	3.519495e0	5.186554e-1	-	0	0	1.085445e-1	1.034221e-1	7.990991e-2	5.426636e-2	-0.063093	0.007600	0.002797	-0.000031
441	v2-348	1.0000	1.153317e-1	4.713384e-1	2.262699e-1	0.6580	3.525860e0	6.235233e-1	-	0	0	1.286322e-1	1.541044e-1	1.516902e-1	6.556958e-2	-0.067191	0.002579	0.001660	0.000226
442	v2-348	1.0000	8.801622e-2	2.172909e-1	1.267396e-1	0.7577	3.008398e0	3.986735e-1	-	0	0	5.768874e-2	7.879150e-2	1.202743e-1	1.277249e-1	0.000004	0.001981	0.000211	0.001592
443	v2-348	1.0000	5.657725e-2	1.959323e-1	7.739884e-2	0.7529	3.235583e0	4.619057e-1	-	0	0	5.435759e-2	6.173252e-2	6.015462e-2	5.668915e-2	0.002940	0.000555	-0.001687	-0.000330
444	v2-348	1.0000	6.690789e-2	1.944842e-1	1.233800e-1	0.5843	1.272887e0	2.350786e-1	-	0	0	3.940038e-2	9.807287e-2	8.825234e-2	8.984435e-2	0.016349	-0.003804	-0.001612	0.004863
445	v2-348	1.0000	1.349021e-2	3.027272e-2	1.941474e-2	0.7996	3.990576e-1	4.365881e-2	-	0	0	8.987003e-3	1.024585e-2	1.242766e-2	2.226731e-2	-	-	-	-
446	v2-348	1.0000	5.551480e-2	1.774406e-1	7.270289e-2	0.7611	2.250353e0	4.122309e-1	-	0	0	3.238130e-2	5.414724e-2	5.494162e-2	9.265666e-2	-0.002197	0.001226	-0.001220	0.001284
447	v2-348	1.0000	6.525277e-2	2.017302e-1	8.640598e-2	0.7114	3.192545e0	4.783611e-1	-	0	0	3.179189e-2	5.218027e-2	6.093628e-2	1.247187e-1	0.014265	-0.000646	-0.000855	-0.000200
448	v2-348	1.0000	1.048789e-1	3.423266e-1	1.575329e-1	0.5922	2.264993e0	3.028168e-1	-	0	0	8.746788e-2	1.330361e-1	1.236238e-1	1.140941e-1	0.024414	0.004606	0.007775	0.004637
449	v2-348	1.0000	1.031503e-2	3.672880e-2	1.971070e-2	0.5886	4.947775e-1	9.124721e-2	-	0	0	1.063775e-2	1.075409e-2	1.053115e-2	9.551859e-3	-	-	-	-
450	v2-348	1.0000	3.581083e-2	1.113672e-1	5.184476e-2	0.6649	1.066448e0	1.908173e-1	-	0	0	2.626582e-2	3.330074e-2	3.826052e-2	5.094590e-2	-	-	-	-
451	v2-348	1.0000	1.048526e-1	4.184265e-1	1.768857e-1	0.5352	2.021014e0	2.556883e-1	-	0	0	9.700893e-2	1.398460e-1	1.243283e-1	9.599738e-2	0.035704	-0.013453	-0.012872	-0.008722
452	v2-348	1.0000	7.965537e-2	2.997921e-1	1.353741e-1	0.5109	3.646938e0	7.165535e-1	-	0	0	7.085649e-2	1.281029e-1	1.372074e-1	5.305129e-2	-0.010516	0.002289	-0.000557	-0.003860
453	v2-348	1.0000	3.473259e-2	1.116052e-1	5.271356e-2	0.6672	1.109982e0	2.026411e-1	-	0	0	2.707570e-2	3.360310e-2	3.824084e-2	4.595683e-2	-	-	-	-
454	v2-348	1.0000	3.458440e-2	1.002140e-1	4.834655e-2	0.6825	9.830968e-1	1.638245e-1	-	0	0	2.386089e-2	3.274823e-2	4.243414e-2	4.934070e-2	-	-	-	-
455	v2-348	1.0000	8.276567e-2	3.369318e-1	1.646489e-1	0.6081	3.625512e0	7.852918e-1	-	0	0	1.090454e-1	1.197922e-1	8.866948e-2	2.435084e-2	-0.056168	0.006036	0.002651	-0.000203
456	v2-348	1.0000	8.091160e-2	2.622960e-1	1.170834e-1	0.6375	2.114481e0	2.905291e-1	-	0	0	7.792241e-2	9.141531e-2	8.581852e-2	7.959279e-2	0.007208	-0.011043	-0.003828	-0.002280
457	v2-348	1.0000	1.525413e-1	6.960669e-1	3.447484e-1	0.5166	5.459256e0	7.693685e-1	-	0	0	1.380655e-1	2.807681e-1	3.625714e-1	4.732114e-2	-0.037374	0.000292	-0.012846	-0.001371
458	v2-348	1.0000	1.916181e-2	6.203800e-2	3.616946e-2	0.6556	9.810104e-1	1.522569e-1	-	0	0	1.787158e-2	2.092265e-2	2.296071e-2	1.910136e-2	-	-	-	-
459	v2-348	1.0000	2.514252e-2	7.877159e-2	4.148481e-2	0.6144	1.245036e0	1.327264e-1	-	0	0	2.444908e-2	3.286169e-2	3.544312e-2	1.937897e-2	-	-	-	-
460	v2-348	1.0000	4.883786e-2	1.691006e-1	7.971195e-2	0.6162	1.307264e0	1.681206e-1	-	0	0	4.222640e-2	5.591702e-2	6.286029e-2	5.128878e-2	-	-	-	-
461	v2-348	1.0000	4.826431e-2	1.467037e-1	6.100886e-2	0.6450	1.547762e0	2.080768e-1	-	0	0	3.972042e-2	4.872684e-2	5.775435e-2	5.806969e-2	-	-	-	-
462	v2-348	1.0000	3.595341e-2	1.128269e-1	7.473122e-2	0.6762	1.207586e0	2.619496e-1	-	0	0	3.238940e-2	5.325448e-2	7.623096e-2	1.995601e-2	-	-	-	-
463	v2-348	1.0000	6.136311e-2	2.848992e-1	1.269417e-1	0.6135	1.707677e0	2.559912e-1	-	0	0	4.564622e-2	1.050842e-1	1.286710e-1	4.400487e-2	0.009825	0.003155	0.005738	0.001238
464	v2-348	1.0000	2.241960e-2	5.761957e-2	2.409056e-2	0.8425	4.393307e-1	7.059528e-2	-	0	0	1.173480e-2	1.665816e-2	1.687440e-2	4.356139e-2	-	-	-	-
465	v2-348	1.0000	4.338728e-2	1.476257e-1	6.989080e-2	0.6947	1.812178e0	2.884125e-1	-	0	0	3.931624e-2	6.918484e-2	6.891772e-2	3.011183e-2	-	-	-	-
466	v2-348	1.0000	1.107298e-1	3.727189e-1	1.799767e-1	0.5022	1.835097e0	1.830305e-1	-	0	0	7.427013e-2	1.660984e-1	2.122577e-1	1.088713e-1	-0.026294	0.005991	0.009628	-0.003404
467	v2-348	1.0000	5.389866e-2	1.557763e-1	7.482676e-2	0.5172	1.711646e0	2.060049e-1	-	0	0	4.508141e-2	6.723795e-2	5.909773e-2	6.049525e-2	0.007859	0.002221	0.004535	0.001746
468	v2-348	1.0000	3.155722e-2	7.761341e-2	3.500254e-2	0.7439	1.525775e0	2.054080e-1	-	0	0	2.334558e-2	3.020687e-2	3.322252e-2	4.441202e-2	-	-	-	-
469	v2-348	1.0000	5.078363e-2	1.668704e-1	7.294145e-2	0.6464	1.506573e0	1.818507e-1	-	0	0	4.816374e-2	5.893605e-2	4.880554e-2	5.233211e-2	-0.019822	0.001190	-0.000092	0.000766
470	v2-348	1.0000	5.908336e-2	2.327502e-1	1.054799e-1	0.6239	1.396832e0	1.808572e-1	-	0	0	5.368035e-2	9.293516e-2	1.207712e-1	3.152726e-2	0.004159	-0.002709	-0.004068	0.000415
471	v2-348	1.0000	4.282050e-2	1.406552e-1	7.186773e-2	0.6406	1.534724e0	1.621230e-1	-	0	0	3.766811e-2	5.680146e-2	7.552401e-2	3.341034e-2	-	-	-	-
472	v2-348	1.0000	5.713864e-2	2.079057e-1	1.258848e-1	0.6596	1.783937e0	2.919089e-1	-	0	0	5.274308e-2	8.643862e-2	1.245367e-1	2.776218e-2	0.020808	-0.005008	0.002615	0.000438
473	v2-348	1.0000	5.325527e-2	2.002049e-1	8.797434e-2	0.6030	1.660967e0	2.283251e-1	-	0	0	4.588625e-2	6.212787e-2	7.336172e-2	5.396535e-2	0.016579	0.000568	0.001768	0.001870
474	v2-348	1.0000	2.269551e-2	6.093097e-2	2.884347e-2	0.8023	5.055740e-1	9.379002e-2	-	0	0	1.161182e-2	1.659855e-2	1.498657e-2	4.538550e-2	-	-	-	-
475	v2-348	1.0000	2.276358e-2	9.683192e-2	4.084061e-2	0.5748	1.250418e0	1.847834e-1	-	0	0	2.580450e-2	2.739046e-2	3.775521e-2	1.067204e-2	-	-	-	-
476	v2-348	1.0000	3.299553e-2	7.789302e-2	3.759379e-2	0.8172	1.033615e0	2.272112e-1	-	0	0	2.721283e-2	3.245350e-2	2.831311e-2	4.400839e-2	-	-	-	-
477	v2-348	1.0000	6.004415e-2	2.729950e-1	1.473091e-1	0.5766	1.594819e0	2.952570e-1	-	0	0	4.614100e-2	1.275418e-1	1.580279e-1	1.910327e-2	-0.002585	0.004628	0.007732	-0.000325
478	v2-348	1.0000	1.894061e-2	4.707050e-2	2.599101e-2	0.8303	4.685348e-1	5.644204e-2	-	0	0	1.629236e-2	1.384470e-2	1.379858e-2	2.702848e-2	-	-	-	-
479	v2-348	1.0000	1.163014e-2	3.962517e-2	2.138297e-2	0.6644	5.154309e-1	9.538141e-2	-	0	0	1.045723e-2	1.428217e-2	1.051397e-2	1.280973e-2	-	-	-	-
480	v2-348	1.0000	3.307259e-2	1.215814e-1	5.378142e-2	0.5642	6.826150e-1	8.644782e-2	-	0	0	2.148654e-2	3.642768e-2	3.455464e-2	4.940199e-2	-	-	-	-
481	v2-348	1.0000	9.711808e-2	3.578971e-1	1.765228e-1	0.5529	4.165511e0	7.521900e-1	-	0	0	8.800998e-2	1.526464e-1	1.280221e-1	7.781614e-2	0.017050	-0.009439	-0.002453	-0.004601
482	v2-348	1.0000	1.302313e-2	4.465914e-2	2.488872e-2	0.6183	5.821503e-1	1.130708e-1	-	0	0	1.186531e-2	1.632606e-2	1.193297e-2	1.390689e-2	-	-	-	-
483	v2-348	1.0000	1.247163e-2	4.039383e-2	1.743064e-2	0.6912	4.110537e-1	6.182727e-2	-	0	0	8.901188e-3	1.219377e-2	9.967992e-3	1.910779e-2	-	-	-	-
484	v2-348	1.0000	9.857494e-2	3.264449e-1	1.758530e-1	0.5603	3.196700e0	4.969197e-1	-	0	0	1.034552e-1	1.353336e-1	1.333828e-1	6.343080e-2	-0.058576	0.006731	0.005765	0.003006
485	v2-348	1.0000	3.702436e-2	1.207368e-1	5.222969e-2	0.6715	1.146970e0	1.397763e-1	-	0	0	3.125616e-2	4.472741e-2	4.331282e-2	4.070475e-2	-	-	-	-
486	v2-348	1.0000	4.304766e-2	1.860371e-1	7.716740e-2	0.6790	1.825995e0	3.589646e-1	-	0	0	4.000137e-2	6.949528e-2	5.388214e-2	3.323291e-2	-	-	-	-
487	v2-348	1.0000	3.439757e-2	8.656979e-2	3.618437e-2	0.8574	4.446179e-1	5.119527e-2	-	0	0	1.930415e-2	2.903234e-2	3.232556e-2	6.105213e-2	-	-	-	-
488	v2-348	1.0000	2.989265e-2	1.410017e-1	6.337817e-2	0.6495	1.523636e0	1.709559e-1	-	0	0	3.191274e-2	4.483078e-2	6.032637e-2	9.640036e-3	-	-	-	-
489	v2-348	1.0000	1.120216e-1	2.577868e-1	1.489903e-1	0.5783	2.718054e0	3.321068e-1	-	0	0	8.015164e-2	1.157506e-1	1.116056e-1	1.607896e-1	-0.039818	0.005904	0.010463	0.000513
490	v2-348	1.0000	1.150996e-1	4.797007e-1	1.601221e-1	0.8091	2.998108e0	3.729369e-1	-	0	0	1.020379e-1	1.847421e-1	2.258025e-1	6.735277e-2	0.033688	-0.017730	-0.020518	0.001511
491	v2-348	1.0000	4.768378e-2	2.018986e-1	1.210241e-1	0.6372	2.591853e0	4.256484e-1	-	0	0	6.183709e-2	6.288718e-2	6.287930e-2	1.377376e-2	-	-	-	-
492	v2-348	1.0000	5.553368e-2	2.249944e-1	1.070233e-1	0.5342	2.246028e0	3.254988e-1	-	0	0	4.609043e-2	8.702961e-2	1.112100e-1	3.746454e-2	-0.013765	0.005810	0.009363	-0.001227
493	v2-348	1.0000	1.525678e-2	3.643942e-2	1.871117e-2	0.7611	6.280957e-1	7.984611e-2	-	0	0	1.244685e-2	1.241646e-2	1.197429e-2	2.201366e-2	-	-	-	-
494	v2-348	1.0000	7.348031e-2	2.387915e-1	1.103949e-1	0.5802	2.378532e0	3.294658e-1	-	0	0	5.570129e-2	7.157777e-2	5.881289e-2	1.075333e-1	-0.019062	0.000071	0.000129	-0.000829
495	v2-348	1.0000	5.261859e-2	1.953720e-1	8.032861e-2	0.6772	2.046000e0	2.396666e-1	-	0	0	4.802694e-2	9.005168e-2	7.821252e-2	3.544343e-2	-0.005771	-0.004044	-0.005121	0.000778
496	v2-348	1.0000	3.612144e-2	1.636940e-1	6.762372e-2	0.5514	1.947019e0	2.682308e-1	-	0	0	4.123108e-2	5.450411e-2	4.272108e-2	1.827169e-2	-	-	-	-
497	v2-348	1.0000	3.540183e-2	1.422176e-1	6.629504e-2	0.5571	1.793798e0	2.093595e-1	-	0	0	4.023968e-2	4.683193e-2	5.189338e-2	1.719441e-2	-	-	-	-
498	v2-348	1.0000	8.832453e-2	3.632667e-1	1.547070e-1	0.6054	3.943692e0	4.154241e-1	-	0	0	1.046931e-1	1.253229e-1	1.322290e-1	3.171402e-2	0.046203	-0.016356	-0.008834	-0.000857
499	v2-348	1.0000	2.085368e-1	6.596031e-1	2.921002e-1	0.5015	3.005306e0	3.529075e-1	-	0	0	1.445739e-1	2.442961e-1	2.500419e-1	2.796340e-1	0.079736	-0.021199	-0.017815	-0.000464
500	v2-348	1.0000	8.173298e-2	2.846415e-1	1.371396e-1	0.6217	2.078101e0	2.459245e-1	-	0	0	4.991191e-2	1.259452e-1	1.559320e-1	8.700196e-2	0.028376	-0.007170	-0.012997	-0.000017
501	v2-348	1.0000	7.093522e-2	2.895522e-1	1.789872e-1	0.6253	4.176512e0	6.320041e-1	-	0	0	8.990269e-2	1.071004e-1	8.690043e-2	2.071566e-2	-0.031590	0.010183	0.003747	-0.000126
502	v2-348	1.0000	3.293935e-2	1.077471e-1	5.978605e-2	0.5639	1.815838e0	2.243668e-1	-	0	0	3.204268e-2	4.311315e-2	5.598305e-2	2.187909e-2	-	-	-	-
503	v2-348	1.0000	5.276691e-2	1.438084e-1	9.662388e-2	0.7128	1.424161e0	1.976632e-1	-	0	0	3.478185e-2	8.052579e-2	8.185429e-2	5.929129e-2	0.012314	-0.001361	-0.004422	0.000605
504	v2-348	1.0000	9.762921e-2	5.123384e-1	2.185216e-1	0.5514	2.927138e0	3.373124e-1	-	0	0	7.895426e-2	1.798896e-1	2.749255e-1	2.944500e-2	0.029020	-0.018485	-0.025540	0.001016
505	v2-348	1.0000	9.423167e-2	2.929448e-1	1.861425e-1	0.5336	2.665306e0	4.296737e-1	-	0	0	8.444614e-2	1.154183e-1	1.804619e-1	6.976995e-2	0.034992	-0.008677	-0.007851	-0.000004
506	v2-348	1.0000	1.022816e-1	3.553481e-1	2.435674e-1	0.6665	3.017304e0	4.220642e-1	-	0	0	6.148294e-2	2.228906e-1	1.865010e-1	8.720295e-2	0.021937	-0.019885	-0.016934	-0.000725
507	v2-348	1.0000	1.541701e-2	5.138743e-2	2.993928e-2	0.6676	6.317825e-1	9.516500e-2	-	0	0	1.659552e-2	2.138240e-2	1.263167e-2	1.216736e-2	-	-	-	-
508	v2-348	1.0000	2.677905e-2	7.872438e-2	6.260446e-2	0.5830	1.300987e0	2.741551e-1	-	0	0	2.690341e-2	4.960035e-2	3.423571e-2	1.466736e-2	-	-	-	-
509	v2-348	1.0000	4.874983e-2	1.557484e-1	6.963437e-2	0.6199	1.043994e0	1.028025e-1	-	0	0	3.143900e-2	5.223910e-2	4.514075e-2	7.587648e-2	-	-	-	-
510	v2-348	1.0000	7.385397e-2	3.254628e-1	1.452765e-1	0.5708	3.122239e0	3.778177e-1	-	0	0	7.196139e-2	1.266786e-1	1.307545e-1	3.485856e-2	0.023469	-0.010584	-0.005537	-0.000676
511	v2-348	1.0000	3.677122e-2	1.059799e-1	6.864679e-2	0.6790	1.454090e0	2.890230e-1	-	0	0	3.345906e-2	5.296160e-2	3.756243e-2	3.515955e-2	-	-	-	-
512	v2-348	1.0000	2.486264e-2	6.872177e-2	4.496962e-2	0.6876	9.960192e-1	2.079707e-1	-	0	0	2.008138e-2	3.564411e-2	2.716667e-2	2.719496e-2	-	-	-	-
513	v2-348	1.0000	1.821013e-1	7.257981e-1	3.355962e-1	0.5735	5.778462e0	5.868297e-1	-	0	0	1.735098e-1	2.830672e-1	3.811924e-1	8.259894e-2	-0.002387	-0.017736	-0.001002	-0.003535
514	v2-348	1.0000	7.172302e-2	2.472963e-1	1.107016e-1	0.5840	2.213810e0	2.928172e-1	-	0	0	8.139400e-2	7.752737e-2	8.849071e-2	4.808453e-2	0.012534	-0.007045	-0.006413	0.000974
515	v2-348	1.0000	1.055507e-1	3.622283e-1	2.316328e-1	0.5882	4.800336e0	6.102177e-1	-	0	0	1.117693e-1	1.612328e-1	2.009038e-1	3.868749e-2	-0.011877	0.000779	0.000710	-0.001815
516	v2-348	1.0000	9.341723e-2	3.842421e-1	2.770775e-1	0.6322	4.461196e0	5.751199e-1	-	0	0	7.104672e-2	1.213342e-1	2.715400e-1	5.267478e-2	0.015535	-0.010229	-0.022907	0.000126
517	v2-348	1.0000	2.232607e-2	6.932318e-2	3.998462e-2	0.8443	1.271260e0	1.922040e-1	-	0	0	1.883210e-2	2.567969e-2	4.692126e-2	1.753963e-2	-	-	-	-
518	v2-348	1.0000	3.984567e-2	1.286694e-1	6.440136e-2	0.5857	9.908958e-1	1.523678e-1	-	0	0	3.014838e-2	4.888974e-2	5.998601e-2	4.413592e-2	-	-	-	-
519	v2-348	1.0000	1.979192e-2	9.610891e-2	3.961727e-2	0.7598	1.244369e0	2.354946e-1	-	0	0	2.213081e-2	3.004939e-2	3.069329e-2	8.017047e-3	-	-	-	-
520	v2-348	1.0000	2.596755e-2	6.549406e-2	3.657930e-2	0.6605	1.342316e0	2.563955e-1	-	0	0	1.568045e-2	2.844532e-2	3.552172e-2	3.767794e-2	-	-	-	-
521	v2-348	1.0000	5.347585e-2	2.413893e-1	1.349853e-1	0.6224	1.430186e0	2.179769e-1	-	0	0	4.318720e-2	1.037518e-1	1.476970e-1	1.516596e-2	-0.002302	0.004791	0.006506	-0.000363
522	v2-348	1.0000	2.425403e-2	5.893135e-2	2.609465e-2	0.8651	3.920470e-1	4.494500e-2	-	0	0	1.255223e-2	2.026842e-2	2.011110e-2	4.576962e-2	-	-	-	-
523	v2-348	1.0000	4.288176e-2	1.632594e-1	7.205767e-2	0.6328	1.813152e0	3.290144e-1	-	0	0	3.158566e-2	6.808260e-2	7.448256e-2	3.900635e-2	-	-	-	-
524	v2-348	1.0000	1.479400e-1	4.681611e-1	2.254498e-1	0.5241	2.188153e0	2.291021e-1	-	0	0	1.120849e-1	1.877831e-1	2.457754e-1	1.527364e-1	-0.044853	0.007319	0.008856	-0.008621
525	v2-348	1.0000	1.019404e-1	3.407847e-1	1.480308e-1	0.5246	1.835067e0	2.375447e-1	-	0	0	5.989234e-2	1.340024e-1	1.325249e-1	1.440287e-1	0.019320	-0.003261	-0.000610	0.000496
526	v2-348	1.0000	3.864679e-2	1.541130e-1	6.946804e-2	0.7884	1.761184e0	2.903104e-1	-	0	0	3.831170e-2	5.050638e-2	8.090843e-2	1.904694e-2	-	-	-	-
527	v2-348	1.0000	3.996879e-2	1.461992e-1	6.226683e-2	0.5684	1.725150e0	2.970304e-1	-	0	0	4.077247e-2	6.106267e-2	4.948932e-2	2.673663e-2	-	-	-	-
528	v2-348	1.0000	3.939854e-2	2.015729e-1	7.728820e-2	0.6450	1.387122e0	2.429381e-1	-	0	0	3.718335e-2	6.621046e-2	7.006039e-2	2.093238e-2	-	-	-	-
529	v2-348	1.0000	3.516132e-2	8.575734e-2	3.989933e-2	0.8330	1.556721e0	1.941239e-1	-	0	0	2.691019e-2	3.564092e-2	4.590751e-2	4.404339e-2	-	-	-	-
530	v2-348	1.0000	3.637100e-2	8.879507e-2	5.852676e-2	0.6151	1.804006e0	2.878974e-1	-	0	0	2.219741e-2	4.214907e-2	6.295640e-2	4.667949e-2	-	-	-	-
531	v2-348	1.0000	5.157306e-2	2.022865e-1	8.797254e-2	0.6061	1.469680e0	2.190602e-1	-	0	0	3.901025e-2	6.630366e-2	6.991882e-2	5.872656e-2	0.014992	0.000524	0.002114	0.002897
532	v2-348	1.0000	2.519700e-2	6.161296e-2	2.850996e-2	0.8540	4.447972e-1	5.265518e-2	-	0	0	1.367731e-2	1.937517e-2	2.067260e-2	4.730565e-2	-	-	-	-
533	v2-348	1.0000	2.862168e-2	6.292510e-2	3.766088e-2	0.6924	1.262023e0	2.530410e-1	-	0	0	1.838467e-2	3.112938e-2	3.836537e-2	4.017243e-2	-	-	-	-
534	v2-348	1.0000	5.305472e-2	1.296275e-1	6.336653e-2	0.7480	1.245203e0	2.279003e-1	-	0	0	3.558162e-2	5.687667e-2	6.593078e-2	7.431821e-2	0.014591	-0.000683	0.000377	-0.000222
535	v2-348	1.0000	1.226428e-1	4.495720e-1	2.351621e-1	0.6001	2.050775e0	3.747182e-1	-	0	0	7.491421e-2	2.115548e-1	2.414994e-1	1.186804e-1	-0.032212	0.009298	0.009862	-0.004853
536	v2-348	1.0000	6.522126e-3	2.077246e-2	1.214777e-2	0.5435	3.099034e-1	4.701621e-2	-	0	0	6.382726e-3	7.581417e-3	9.421840e-3	5.261294e-3	-	-	-	-
537	v2-348	1.0000	3.906623e-2	1.183732e-1	5.184708e-2	0.6735	9.193361e-1	1.512774e-1	-	0	0	2.670956e-2	3.481026e-2	2.939451e-2	6.372778e-2	-	-	-	-
538	v2-348	1.0000	6.877711e-2	2.438765e-1	9.801637e-2	0.6867	1.086581e0	1.216007e-1	-	0	0	6.239756e-2	5.989411e-2	4.403776e-2	9.137526e-2	-0.022589	0.003701	0.003094	0.004041
539	v2-348	1.0000	8.589349e-2	3.048436e-1	1.504407e-1	0.5214	4.038661e0	6.522575e-1	-	0	0	8.119186e-2	1.393673e-1	1.313030e-1	5.522511e-2	0.015837	-0.005641	-0.000422	-0.003338
540	v2-348	1.0000	3.639279e-2	1.120627e-1	5.040177e-2	0.6886	9.606945e-1	1.661578e-1	-	0	0	2.665742e-2	3.463795e-2	2.969610e-2	5.484261e-2	-	-	-	-
541	v2-348	1.0000	4.111297e-2	1.208664e-1	5.005396e-2	0.7227	8.379248e-1	1.220819e-1	-	0	0	2.563807e-2	3.424561e-2	2.869052e-2	7.273087e-2	-	-	-	-
542	v2-348	1.0000	8.691551e-2	3.196526e-1	1.617565e-1	0.5089	3.051116e0	4.815543e-1	-	0	0	8.907174e-2	1.375647e-1	1.609520e-1	3.621008e-2	-0.046709	0.005683	0.006958	0.001237
543	v2-348	1.0000	2.690621e-2	1.067705e-1	5.106886e-2	0.5329	1.197834e0	1.444377e-1	-	0	0	2.957838e-2	3.591531e-2	2.948879e-2	1.813066e-2	-	-	-	-
544	v2-348	1.0000	7.887878e-2	2.901210e-1	1.179195e-1	0.5882	2.982372e0	5.147389e-1	-	0	0	7.049242e-2	1.059264e-1	9.748957e-2	7.439739e-2	0.022440	-0.003559	-0.002104	-0.003340
545	v2-348	1.0000	2.726964e-2	6.800437e-2	3.590033e-2	0.8373	4.051205e-1	5.558975e-2	-	0	0	1.458970e-2	2.363149e-2	2.918794e-2	4.798311e-2	-	-	-	-
546	v2-348	1.0000	9.426125e-3	3.411674e-2	1.968230e-2	0.5989	4.838028e-1	7.218972e-2	-	0	0	1.042991e-2	1.331720e-2	1.261553e-2	5.119513e-3	-	-	-	-
547	v2-348	1.0000	1.828025e-2	6.039441e-2	2.858252e-2	0.6439	8.695381e-1	8.337111e-2	-	0	0	1.872086e-2	2.020000e-2	2.053829e-2	1.599294e-2	-	-	-	-
548	v2-348	1.0000	3.915314e-2	1.380388e-1	6.388426e-2	0.6709	1.202523e0	1.229896e-1	-	0	0	3.272724e-2	5.091328e-2	7.325688e-2	3.213373e-2	-	-	-	-
549	v2-348	1.0000	3.049514e-2	7.862091e-2	4.017890e-2	0.7266	7.830371e-1	1.666934e-1	-	0	0	1.750052e-2	3.096551e-2	3.621303e-2	4.866627e-2	-	-	-	-
550	v2-348	1.0000	3.637542e-2	1.629175e-1	9.301702e-2	0.5924	1.397965e0	2.132004e-1	-	0	0	2.566180e-2	8.055508e-2	9.365961e-2	1.460211e-2	-	-	-	-
551	v2-348	1.0000	1.343232e-2	3.288651e-2	1.647457e-2	0.8028	3.202261e-1	6.106248e-2	-	0	0	8.217618e-3	1.025837e-2	1.028489e-2	2.405680e-2	-	-	-	-
552	v2-348	1.0000	4.218531e-2	1.388074e-1	7.422516e-2	0.6097	1.221695e0	2.394594e-1	-	0	0	3.455896e-2	6.256947e-2	7.793276e-2	3.297703e-2	-	-	-	-
553	v2-348	1.0000	4.250381e-2	1.576509e-1	6.705980e-2	0.5412	1.022927e0	1.380400e-1	-	0	0	2.870018e-2	4.330929e-2	3.885688e-2	6.521150e-2	-	-	-	-
554	v2-348	1.0000	2.148287e-2	7.490444e-2	4.107799e-2	0.5850	9.515969e-1	1.186417e-1	-	0	0	1.775436e-2	3.369414e-2	3.517552e-2	1.744847e-2	-	-	-	-
555	v2-348	1.0000	3.747610e-2	8.242750e-2	4.880420e-2	0.7233	7.897032e-1	1.051075e-1	-	0	0	2.038383e-2	3.684084e-2	4.961116e-2	6.020833e-2	-	-	-	-
556	v2-348	1.0000	1.041176e-2	4.372358e-2	2.120650e-2	0.5077	5.279581e-1	1.093798e-1	-	0	0	1.348073e-2	1.418859e-2	1.434896e-2	2.631914e-3	-	-	-	-
557	v2-348	1.0000	7.721700e-2	2.399902e-1	1.161792e-1	0.5824	1.171282e0	1.686642e-1	-	0	0	6.772807e-2	1.143201e-1	1.298633e-1	5.805687e-2	0.030344	-0.003936	-0.003942	0.000446
558	v2-348	1.0000	1.573254e-2	4.182410e-2	2.901600e-2	0.7383	6.051025e-1	7.517370e-2	-	0	0	1.330050e-2	1.992554e-2	1.810835e-2	1.700292e-2	-	-	-	-
559	v2-348	1.0000	2.629481e-2	6.814575e-2	3.117383e-2	0.7965	8.446186e-1	1.729922e-1	-	0	0	1.428314e-2	2.681930e-2	2.598951e-2	4.508464e-2	-	-	-	-
560	v2-348	1.0000	2.999734e-2	8.256450e-2	6.446758e-2	0.5095	1.569459e0	2.365619e-1	-	0	0	2.303530e-2	4.954150e-2	4.890914e-2	2.619463e-2	-	-	-	-
561	v2-348	1.0000	1.319310e-2	3.444052e-2	1.930255e-2	0.8000	3.660825e-1	7.567654e-2	-	0	0	7.271945e-3	1.042179e-2	8.838833e-3	2.520419e-2	-	-	-	-
562	v2-348	1.0000	1.470555e-2	3.266716e-2	1.948331e-2	0.7273	4.765173e-1	8.440023e-2	-	0	0	8.174304e-3	1.618546e-2	1.915771e-2	2.276385e-2	-	-	-	-
563	v2-348	1.0000	3.563243e-2	1.045151e-1	5.735005e-2	0.6531	7.880976e-1	1.513318e-1	-	0	0	2.656516e-2	4.308434e-2	4.727152e-2	4.266030e-2	-	-	-	-
564	v2-348	1.0000	6.536701e-2	3.178663e-1	1.677240e-1	0.6150	1.888483e0	2.458329e-1	-	0	0	4.593533e-2	1.495462e-1	1.736287e-1	2.265820e-2	0.006192	-0.004069	-0.006526	0.000481
565	v2-348	1.0000	1.001523e-2	2.704763e-2	1.650827e-2	0.7590	3.374085e-1	5.200123e-2	-	0	0	9.784387e-3	7.548480e-3	7.214504e-3	1.239037e-2	-	-	-	-
566	v2-348	1.0000	9.205335e-3	2.909803e-2	1.403428e-2	0.6904	3.336225e-1	5.604473e-2	-	0	0	6.928052e-3	1.121801e-2	1.039868e-2	1.154142e-2	-	-	-	-
567	v2-348	1.0000	7.588907e-2	2.640271e-1	1.194769e-1	0.6235	1.117886e0	1.542832e-1	-	0	0	5.744182e-2	7.608731e-2	7.332101e-2	1.057531e-1	-0.034238	0.004207	0.004601	0.000145
568	v2-348	1.0000	7.829796e-2	2.522659e-1	1.394681e-1	0.6333	2.161454e0	3.671103e-1	-	0	0	5.631473e-2	1.336278e-1	1.627138e-1	5.989995e-2	-0.010434	-0.001100	0.000656	-0.001838
569	v2-348	1.0000	8.565842e-3	2.927947e-2	1.533320e-2	0.6335	3.544701e-1	6.538283e-2	-	0	0	7.015165e-3	1.237125e-2	1.132536e-2	8.467233e-3	-	-	-	-
570	v2-348	1.0000	1.022924e-2	2.878189e-2	1.211182e-2	0.7887	2.795698e-1	3.910957e-2	-	0	0	6.731919e-3	9.924367e-3	8.576222e-3	1.645254e-2	-	-	-	-
571	v2-348	1.0000	1.729096e-1	5.617938e-1	2.860943e-1	0.5352	5.069519e0	7.653732e-1	-	0	0	1.829571e-1	2.583664e-1	3.250895e-1	6.738126e-2	-0.025209	0.003335	0.011477	-0.000338
572	v2-348	1.0000	2.845234e-2	1.107385e-1	5.810139e-2	0.6021	1.011823e0	1.676116e-1	-	0	0	2.876059e-2	3.794645e-2	4.161542e-2	1.935807e-2	-	-	-	-
573	v2-348	1.0000	5.469282e-2	2.045497e-1	9.079735e-2	0.6559	1.657475e0	2.703707e-1	-	0	0	5.455278e-2	7.121662e-2	3.478125e-2	5.547295e-2	0.027560	-0.005784	-0.000274	-0.001691
574	v2-348	1.0000	7.336815e-3	2.294075e-2	1.307229e-2	0.6363	2.707352e-1	4.132722e-2	-	0	0	5.533486e-3	1.009107e-2	1.174423e-2	7.461549e-3	-	-	-	-
575	v2-348	1.0000	4.688887e-2	2.331994e-1	1.174757e-1	0.5998	1.536893e0	2.120451e-1	-	0	0	4.175677e-2	8.343157e-2	9.922674e-2	2.121489e-2	-	-	-	-
576	v2-348	1.0000	4.128569e-2	9.089231e-2	7.463511e-2	0.8321	1.453962e0	2.538297e-1	-	0	0	2.439446e-2	7.078069e-2	4.937589e-2	5.301119e-2	-	-	-	-
577	v2-348	1.0000	9.245094e-2	2.238812e-1	1.185808e-1	0.7724	2.917429e0	3.835152e-1	-	0	0	6.295001e-2	1.326638e-1	1.114630e-1	1.157179e-1	0.004337	-0.007614	-0.005062	0.000569
578	v2-348	1.0000	5.360215e-2	2.541151e-1	1.136476e-1	0.7600	1.997590e0	2.781424e-1	-	0	0	5.348345e-2	8.470696e-2	8.718803e-2	2.904503e-2	-0.020793	0.008863	0.003970	-0.000123
579	v2-348	1.0000	3.595885e-2	1.064507e-1	1.233494e-1	0.5681	1.603486e0	2.758852e-1	-	0	0	2.830997e-2	9.795943e-2	6.001683e-2	1.423530e-2	-	-	-	-
580	v2-348	1.0000	2.259769e-2	4.746175e-2	2.663775e-2	0.7224	7.792226e-1	1.057870e-1	-	0	0	1.237779e-2	2.268427e-2	2.237475e-2	3.871645e-2	-	-	-	-
581	v2-348	1.0000	3.726794e-2	1.824598e-1	7.237693e-2	0.6887	1.433483e0	1.787720e-1	-	0	0	4.041904e-2	5.766400e-2	6.434049e-2	1.425421e-2	-	-	-	-
582	v2-348	1.0000	1.338409e-1	3.827157e-1	2.136959e-1	0.6306	2.055788e0	2.642022e-1	-	0	0	8.113502e-2	2.287232e-1	2.013755e-1	1.539270e-1	0.041946	-0.008266	-0.017901	0.000952
583	v2-348	1.0000	5.523935e-2	1.768408e-1	6.871977e-2	0.7381	1.717674e0	2.268026e-1	-	0	0	3.562470e-2	5.297267e-2	4.515341e-2	9.066310e-2	0.014036	0.000425	-0.001337	-0.001267
584	v2-348	1.0000	2.282405e-2	9.241772e-2	5.313385e-2	0.5399	1.460310e0	1.850667e-1	-	0	0	2.549628e-2	2.883691e-2	3.820054e-2	1.061332e-2	-	-	-	-
585	v2-348	1.0000	1.053149e-1	3.625050e-1	1.511317e-1	0.8279	2.765466e0	4.566367e-1	-	0	0	9.630734e-2	1.495650e-1	2.098206e-1	6.368877e-2	-0.027005	0.013151	0.012731	-0.000554
586	v2-348	1.0000	1.104148e-1	3.650680e-1	1.477448e-1	0.8427	2.687036e0	3.665072e-1	-	0	0	8.824895e-2	1.679557e-1	2.063942e-1	8.721411e-2	-0.013938	0.010403	0.011459	-0.000278
587	v2-348	1.0000	6.246280e-2	2.381909e-1	1.209942e-1	0.6500	1.769614e0	2.146486e-1	-	0	0	4.916082e-2	1.095712e-1	1.010752e-1	5.035622e-2	0.026236	-0.007447	-0.007545	-0.000162
588	v2-348	1.0000	1.006254e-1	5.563516e-1	2.604103e-1	0.7156	3.616004e0	5.266957e-1	-	0	0	1.059437e-1	1.855032e-1	1.942862e-1	2.401053e-2	-0.051477	0.016803	0.008808	-0.000609
589	v2-348	1.0000	4.701850e-2	2.313256e-1	1.105428e-1	0.6601	1.822482e0	2.857915e-1	-	0	0	4.239295e-2	8.771090e-2	1.088779e-1	1.541700e-2	-	-	-	-
590	v2-348	1.0000	2.734846e-2	7.222581e-2	6.385607e-2	0.6970	1.015825e0	1.756224e-1	-	0	0	2.102880e-2	5.071188e-2	4.039926e-2	2.312179e-2	-	-	-	-
591	v2-348	1.0000	5.073845e-2	2.571067e-1	1.312972e-1	0.5701	1.889986e0	2.393101e-1	-	0	0	4.893981e-2	8.964053e-2	1.159454e-1	1.419839e-2	0.017134	-0.008583	-0.009037	0.000464
592	v2-348	1.0000	7.238068e-2	1.875498e-1	1.133294e-1	0.5960	2.045174e0	2.837539e-1	-	0	0	4.739435e-2	8.886572e-2	1.208116e-1	8.744362e-2	0.015312	-0.004456	-0.007010	0.000226
593	v2-348	1.0000	9.627237e-2	3.360388e-1	2.630490e-1	0.5575	2.591743e0	3.899824e-1	-	0	0	5.132986e-2	2.455049e-1	1.872532e-1	7.370553e-2	0.013583	-0.012088	-0.015332	0.000476
594	v2-348	1.0000	3.501190e-2	7.689381e-2	4.606301e-2	0.7030	9.443519e-1	1.177893e-1	-	0	0	2.165939e-2	3.877397e-2	4.322242e-2	5.151274e-2	-	-	-	-
595	v2-348	1.0000	2.071345e-2	6.883931e-2	3.791796e-2	0.6188	8.666011e-1	1.616500e-1	-	0	0	2.058038e-2	3.038582e-2	2.986634e-2	1.369702e-2	-	-	-	-
596	v2-348	1.0000	2.036986e-2	7.506782e-2	3.425426e-2	0.5173	5.584115e-1	9.103066e-2	-	0	0	1.819776e-2	2.960903e-2	2.845989e-2	1.712084e-2	-	-	-	-
597	v2-348	1.0000	6.886606e-2	2.856339e-1	1.328856e-1	0.5783	1.707536e0	2.071029e-1	-	0	0	4.493932e-2	1.126360e-1	1.490259e-1	5.973440e-2	0.019972	-0.011695	-0.010814	-0.000081
598	v2-348	1.0000	2.853253e-2	9.530753e-2	4.959841e-2	0.6654	1.053980e0	1.883360e-1	-	0	0	2.761433e-2	4.088631e-2	4.065151e-2	2.059210e-2	-	-	-	-
599	v2-348	1.0000	2.008989e-2	5.726910e-2	2.870322e-2	0.6468	7.391267e-1	1.129353e-1	-	0	0	1.594414e-2	1.773975e-2	1.207286e-2	3.046844e-2	-	-	-	-
600	v2-348	1.0000	1.545648e-1	6.825647e-1	2.822199e-1	0.6721	5.018438e0	7.176992e-1	-	0	0	1.597723e-1	2.555034e-1	3.196609e-1	4.571190e-2	0.001437	-0.016682	-0.011183	0.001890
601	v2-348	1.0000	7.401663e-2	2.290424e-1	1.128505e-1	0.6707	1.617132e0	2.052482e-1	-	0	0	5.330953e-2	1.070448e-1	1.029785e-1	8.274114e-2	0.019078	-0.003628	-0.007073	0.000737
602	v2-348	1.0000	7.398228e-2	2.932583e-1	1.334812e-1	0.5956	4.200157e0	5.333969e-1	-	0	0	7.042411e-2	1.252189e-1	1.450179e-1	3.311611e-2	0.001462	0.000087	0.003681	-0.001700
603	v2-348	1.0000	3.544795e-2	1.003120e-1	1.291570e-1	0.8178	2.144914e0	2.788942e-1	-	0	0	3.108671e-2	4.461988e-2	7.576268e-2	2.397131e-2	-	-	-	-
604	v2-348	1.0000	1.308343e-2	3.938067e-2	2.123111e-2	0.6723	5.417066e-1	9.876886e-2	-	0	0	9.527121e-3	1.509290e-2	1.990328e-2	1.538990e-2	-	-	-	-
605	v2-348	1.0000	1.370287e-2	4.303312e-2	2.213710e-2	0.7139	6.843039e-1	8.415075e-2	-	0	0	1.330192e-2	1.430265e-2	1.211255e-2	1.466868e-2	-	-	-	-
606	v2-348	1.0000	1.771024e-2	6.283998e-2	3.052444e-2	0.6271	7.844259e-1	1.205175e-1	-	0	0	1.791958e-2	1.881437e-2	1.455642e-2	1.808028e-2	-	-	-	-
607	v2-348	1.0000	4.092581e-2	1.096725e-1	5.112185e-2	0.7390	7.851226e-1	1.398678e-1	-	0	0	1.944938e-2	3.900150e-2	4.570452e-2	7.374353e-2	-	-	-	-
608	v2-348	1.0000	4.282055e-2	1.724472e-1	1.117481e-1	0.6609	1.488406e0	2.372610e-1	-	0	0	3.398283e-2	8.906439e-2	1.010126e-1	1.693450e-2	-	-	-	-
609	v2-348	1.0000	1.504042e-2	3.676987e-2	1.730441e-2	0.8595	2.749318e-1	3.191732e-2	-	0	0	8.533466e-3	1.117526e-2	1.071430e-2	2.840402e-2	-	-	-	-
610	v2-348	1.0000	3.303874e-2	1.033001e-1	5.038230e-2	0.6534	9.987117e-1	1.899176e-1	-	0	0	2.501625e-2	4.182105e-2	4.466094e-2	3.789277e-2	-	-	-	-
611	v2-348	1.0000	2.756659e-2	1.125357e-1	5.451991e-2	0.5694	8.513270e-1	1.590272e-1	-	0	0	2.181877e-2	4.112586e-2	3.701422e-2	2.770491e-2	-	-	-	-
612	v2-348	1.0000	2.741211e-2	9.575677e-2	4.999873e-2	0.5414	9.530020e-1	1.002094e-1	-	0	0	2.710328e-2	3.719900e-2	4.263437e-2	1.842270e-2	-	-	-	-
613	v2-348	1.0000	1.487948e-2	5.617118e-2	2.722327e-2	0.6426	6.907502e-1	1.297631e-1	-	0	0	1.273424e-2	1.892909e-2	2.193146e-2	1.405923e-2	-	-	-	-
614	v2-348	1.0000	1.780240e-2	7.042098e-2	2.911383e-2	0.5763	7.957294e-1	1.155792e-1	-	0	0	1.743054e-2	2.498157e-2	2.160163e-2	1.411102e-2	-	-	-	-
615	v2-348	1.0000	4.440621e-2	1.372395e-1	6.191185e-2	0.6284	1.040071e0	1.697711e-1	-	0	0	3.774560e-2	5.337449e-2	4.536198e-2	5.091528e-2	-	-	-	-
616	v2-348	1.0000	1.512881e-2	4.072404e-2	2.580333e-2	0.6682	6.084441e-1	9.659996e-2	-	0	0	1.071582e-2	1.734816e-2	2.604107e-2	1.721233e-2	-	-	-	-
617	v2-348	1.0000	4.545711e-2	1.190252e-1	5.599906e-2	0.7562	9.224319e-1	1.558115e-1	-	0	0	2.213683e-2	4.323373e-2	5.055062e-2	8.118102e-2	-	-	-	-
618	v2-348	1.0000	4.821060e-2	1.999211e-1	1.284106e-1	0.5089	1.674185e0	2.632431e-1	-	0	0	3.690529e-2	9.946895e-2	1.222622e-1	1.842470e-2	-	-	-	-
619	v2-348	1.0000	1.858767e-2	4.493690e-2	2.267700e-2	0.8543	3.499479e-1	4.468664e-2	-	0	0	1.080025e-2	1.359696e-2	1.237066e-2	3.510563e-2	-	-	-	-
620	v2-348	1.0000	9.701728e-3	3.916550e-2	1.677569e-2	0.6527	4.946810e-1	1.033598e-1	-	0	0	1.054025e-2	1.276337e-2	1.407646e-2	5.559455e-3	-	-	-	-
621	v2-348	1.0000	2.621777e-2	7.373023e-2	3.588592e-2	0.6670	5.849068e-1	1.041197e-1	-	0	0	1.436641e-2	2.655240e-2	2.466932e-2	4.528337e-2	-	-	-	-
622	v2-348	1.0000	6.079390e-2	2.144594e-1	1.363737e-1	0.6841	2.046756e0	2.758620e-1	-	0	0	5.002564e-2	1.158368e-1	1.219838e-1	3.330499e-2	-0.002437	-0.003990	-0.004130	-0.000224
623	v2-348	1.0000	3.643391e-3	9.178400e-3	5.009862e-3	0.6695	1.914059e-1	1.585423e-2	-	0	0	2.838363e-3	3.216083e-3	3.567485e-3	5.109445e-3	-	-	-	-
624	v2-348	1.0000	2.810181e-2	7.939363e-2	3.493429e-2	0.7404	5.836763e-1	9.248794e-2	-	0	0	1.648534e-2	2.468203e-2	1.860537e-2	5.119818e-2	-	-	-	-
625	v2-348	1.0000	6.921631e-2	2.473388e-1	1.039754e-1	0.6241	1.115241e0	1.300981e-1	-	0	0	6.987135e-2	6.184534e-2	5.505239e-2	7.630213e-2	-0.037342	0.004511	0.004533	0.002755
626	v2-348	1.0000	8.915660e-2	2.644138e-1	1.451671e-1	0.6548	2.065211e0	3.549281e-1	-	0	0	5.739638e-2	1.319434e-1	1.656916e-1	9.405711e-2	-0.018697	0.001072	0.001867	-0.001661
627	v2-348	1.0000	2.740244e-2	7.798755e-2	3.557680e-2	0.7569	6.180600e-1	1.031561e-1	-	0	0	1.674780e-2	2.497445e-2	1.862359e-2	4.832543e-2	-	-	-	-
628	v2-348	1.0000	3.156696e-2	8.569574e-2	3.648179e-2	0.7857	5.281918e-1	7.201736e-2	-	0	0	1.801332e-2	2.571569e-2	1.995895e-2	5.945764e-2	-	-	-	-
629	v2-348	1.0000	1.529418e-1	4.908230e-1	2.526780e-1	0.5114	4.327194e0	6.855546e-1	-	0	0	1.601863e-1	2.326494e-1	2.876875e-1	6.047036e-2	-0.021387	0.002263	0.009467	-0.000030
630	v2-348	1.0000	4.477634e-2	1.302448e-1	6.567740e-2	0.6536	1.475712e0	2.090053e-1	-	0	0	4.216863e-2	4.681758e-2	4.352785e-2	4.850694e-2	-	-	-	-
631	v2-348	1.0000	7.524238e-2	2.927582e-1	1.168651e-1	0.6020	2.254208e0	3.403474e-1	-	0	0	7.355538e-2	9.440585e-2	9.080718e-2	6.451222e-2	0.031353	-0.006657	-0.003936	-0.003157
632	v2-348	1.0000	8.531559e-3	2.326429e-2	1.503286e-2	0.5394	3.601847e-1	6.250885e-2	-	0	0	6.547966e-3	1.179674e-2	1.367852e-2	8.465154e-3	-	-	-	-
633	v2-348	1.0000	1.123223e-2	3.064966e-2	1.532361e-2	0.8201	3.524315e-1	6.076140e-2	-	0	0	8.812524e-3	1.195377e-2	8.901000e-3	1.559277e-2	-	-	-	-
634	v2-348	1.0000	2.277059e-2	8.762360e-2	4.291910e-2	0.5274	9.590631e-1	9.428253e-2	-	0	0	2.293598e-2	3.455410e-2	3.956050e-2	1.166061e-2	-	-	-	-
635	v2-348	1.0000	3.536277e-2	1.352198e-1	6.514740e-2	0.6157	1.187428e0	1.242911e-1	-	0	0	3.460008e-2	4.989152e-2	6.063832e-2	2.152425e-2	-	-	-	-
636	v2-348	1.0000	1.654722e-2	5.133438e-2	2.551983e-2	0.7265	5.513983e-1	1.019220e-1	-	0	0	1.237625e-2	1.980031e-2	1.232772e-2	2.332580e-2	-	-	-	-
637	v2-348	1.0000	4.224556e-2	1.215248e-1	1.199640e-1	0.6450	2.185395e0	3.433451e-1	-	0	0	3.107095e-2	8.798780e-2	5.629498e-2	3.626095e-2	-	-	-	-
638	v2-348	1.0000	1.233279e-2	2.883387e-2	1.738944e-2	0.8173	3.499079e-1	6.946144e-2	-	0	0	8.712637e-3	1.020735e-2	9.446482e-3	1.993163e-2	-	-	-	-
639	v2-348	1.0000	2.821317e-2	1.250277e-1	5.646859e-2	0.5105	9.479390e-1	1.557274e-1	-	0	0	3.103240e-2	4.831489e-2	4.364757e-2	1.006480e-2	-	-	-	-
640	v2-348	1.0000	3.256408e-2	1.146331e-1	5.212199e-2	0.5459	1.046756e0	1.406544e-1	-	0	0	2.214844e-2	4.020216e-2	2.598025e-2	4.825232e-2	-	-	-	-
641	v2-348	1.0000	2.185554e-2	9.068298e-2	4.025422e-2	0.6605	9.772970e-1	1.310651e-1	-	0	0	1.875288e-2	3.912536e-2	2.947080e-2	1.700165e-2	-	-	-	-
642	v2-348	1.0000	3.266425e-2	7.423949e-2	4.983082e-2	0.7709	6.614577e-1	9.878700e-2	-	0	0	2.283699e-2	3.231889e-2	4.063700e-2	4.536478e-2	-	-	-	-
643	v2-348	1.0000	8.840432e-2	2.286281e-1	1.189286e-1	0.6610	1.284111e0	2.087908e-1	-	0	0	5.813895e-2	1.158099e-1	1.304410e-1	1.096838e-1	0.026465	-0.002849	-0.002124	0.000706
644	v2-348	1.0000	1.135093e-1	3.275568e-1	1.672745e-1	0.5364	1.731958e0	2.486849e-1	-	0	0	9.784393e-2	1.724520e-1	1.821774e-1	8.943372e-2	0.040841	-0.004644	-0.005078	0.000678
645	v2-348	1.0000	1.538319e-2	3.610992e-2	1.941767e-2	0.8169	3.685487e-1	5.052886e-2	-	0	0	1.029985e-2	1.605568e-2	1.165681e-2	2.445903e-2	-	-	-	-
646	v2-348	1.0000	1.744797e-2	5.133677e-2	2.187383e-2	0.7598	5.371140e-1	1.002457e-1	-	0	0	1.009409e-2	1.721093e-2	1.225447e-2	3.099426e-2	-	-	-	-
647	v2-348	1.0000	4.760361e-2	1.369311e-1	1.039781e-1	0.5888	2.155898e0	3.334996e-1	-	0	0	3.081200e-2	8.489155e-2	6.138599e-2	5.396143e-2	-	-	-	-
648	v2-348	1.0000	1.190874e-2	3.162789e-2	1.995890e-2	0.7686	3.919466e-1	8.170375e-2	-	0	0	7.919387e-3	1.008513e-2	7.668284e-3	2.045794e-2	-	-	-	-
649	v2-348	1.0000	6.757978e-3	2.632010e-2	1.261094e-2	0.5931	3.621888e-1	7.403138e-2	-	0	0	7.820177e-3	7.504747e-3	5.641794e-3	5.191289e-3	-	-	-	-
650	v2-348	1.0000	1.782193e-2	5.628157e-2	3.546442e-2	0.6652	5.709105e-1	9.713032e-2	-	0	0	1.617495e-2	2.495497e-2	1.439995e-2	1.877582e-2	-	-	-	-
651	v2-348	1.0000	5.474506e-2	1.699424e-1	1.651577e-1	0.6711	2.473579e0	3.728575e-1	-	0	0	4.251046e-2	1.278998e-1	1.049325e-1	2.624728e-2	-0.004346	0.000978	-0.001178	-0.000006
652	v2-348	1.0000	1.065047e-2	2.604258e-2	1.730307e-2	0.8198	3.577854e-1	6.352490e-2	-	0	0	9.467419e-3	8.839799e-3	8.487496e-3	1.402688e-2	-	-	-	-
653	v2-348	1.0000	1.270275e-2	3.343630e-2	1.879541e-2	0.7379	3.513903e-1	5.705078e-2	-	0	0	8.732989e-3	1.291890e-2	1.048380e-2	1.966423e-2	-	-	-	-
654	v2-348	1.0000	7.210098e-2	2.727349e-1	1.274946e-1	0.5098	1.445806e0	2.354344e-1	-	0	0	7.500905e-2	8.345239e-2	9.613136e-2	5.422366e-2	-0.039535	0.003305	0.004483	0.001168
655	v2-348	1.0000	6.798909e-2	1.866121e-1	1.090756e-1	0.7089	1.433143e0	2.710584e-1	-	0	0	4.779933e-2	1.061277e-1	1.201439e-1	6.541865e-2	-0.020816	0.001732	0.001593	-0.000978
656	v2-348	1.0000	1.214644e-2	3.206825e-2	1.934680e-2	0.7445	3.614335e-1	6.377728e-2	-	0	0	8.677615e-3	1.331461e-2	1.055849e-2	1.770685e-2	-	-	-	-
657	v2-348	1.0000	1.543047e-2	3.897715e-2	1.911546e-2	0.8066	3.298187e-1	4.519300e-2	-	0	0	9.636232e-3	1.331259e-2	1.149760e-2	2.682532e-2	-	-	-	-
658	v2-348	1.0000	1.427672e-1	4.869475e-1	2.431518e-1	0.5987	5.358836e0	9.440936e-1	-	0	0	1.646029e-1	2.082468e-1	2.146389e-1	5.591313e-2	-0.032744	0.003447	0.005904	0.001903
659	v2-348	1.0000	4.387012e-2	1.613249e-1	9.940944e-2	0.6270	1.354968e0	1.904965e-1	-	0	0	4.467815e-2	5.337874e-2	5.770109e-2	3.374155e-2	-	-	-	-
660	v2-348	1.0000	5.426540e-2	1.881835e-1	7.760484e-2	0.7097	1.145878e0	1.861411e-1	-	0	0	4.438597e-2	6.217009e-2	2.891623e-2	7.581461e-2	0.024124	-0.004177	-0.000945	-0.000882
661	v2-348	1.0000	6.749290e-3	2.230716e-2	1.238947e-2	0.5462	2.692121e-1	4.133619e-2	-	0	0	5.273049e-3	9.505726e-3	1.083946e-2	6.473893e-3	-	-	-	-
662	v2-348	1.0000	1.226226e-2	3.638506e-2	2.730757e-2	0.6333	1.210529e0	1.368897e-1	-	0	0	9.710251e-3	1.914504e-2	1.651267e-2	1.195540e-2	-	-	-	-
663	v2-348	1.0000	1.854933e-2	5.990069e-2	6.420545e-2	0.6809	1.151769e0	2.327840e-1	-	0	0	1.518784e-2	4.612490e-2	2.720766e-2	9.565044e-3	-	-	-	-
664	v2-348	1.0000	3.277088e-2	1.176741e-1	8.312383e-2	0.6436	2.044142e0	3.172921e-1	-	0	0	2.951238e-2	6.541977e-2	4.414313e-2	2.059218e-2	-	-	-	-
665	v2-348	1.0000	3.657556e-2	1.408072e-1	7.155193e-2	0.7629	1.370304e0	1.943353e-1	-	0	0	2.971156e-2	6.414562e-2	5.671911e-2	2.893275e-2	-	-	-	-
666	v2-348	1.0000	5.677139e-2	1.884047e-1	1.296128e-1	0.6416	1.999484e0	3.091531e-1	-	0	0	4.327200e-2	1.099745e-1	7.569244e-2	4.966378e-2	-0.020672	0.004012	0.004033	-0.000372
667	v2-348	1.0000	1.920926e-2	4.784989e-2	3.188612e-2	0.6919	1.066464e0	1.754100e-1	-	0	0	9.726678e-3	2.764654e-2	1.631336e-2	3.176889e-2	-	-	-	-
668	v2-348	1.0000	6.438243e-2	2.152841e-1	9.363196e-2	0.7491	2.017522e0	2.556002e-1	-	0	0	5.141493e-2	1.012311e-1	8.543963e-2	6.226260e-2	-0.011266	0.006441	0.004816	-0.000410
669	v2-348	1.0000	8.478562e-2	1.955290e-1	1.453398e-1	0.6598	1.551183e0	1.950999e-1	-	0	0	5.324306e-2	1.565652e-1	9.503891e-2	1.017044e-1	0.027075	0.001600	-0.007007	0.000395
670	v2-348	1.0000	3.980073e-2	1.299810e-1	6.706797e-2	0.7819	1.595697e0	2.222954e-1	-	0	0	3.097271e-2	7.196911e-2	6.667701e-2	3.094710e-2	-	-	-	-
671	v2-348	1.0000	3.504598e-2	8.017635e-2	5.501843e-2	0.7263	1.808052e0	1.877118e-1	-	0	0	2.779917e-2	4.017805e-2	3.225500e-2	4.538512e-2	-	-	-	-
672	v2-348	1.0000	6.612188e-2	2.283983e-1	1.313938e-1	0.7124	2.611206e0	4.857375e-1	-	0	0	5.980842e-2	1.109983e-1	1.365944e-1	3.235994e-2	-0.016145	0.008547	0.009284	0.000276
673	v2-348	1.0000	9.179376e-2	3.715551e-1	1.646561e-1	0.7252	2.618872e0	4.182867e-1	-	0	0	7.976681e-2	1.762775e-1	1.938084e-1	3.958436e-2	-0.033715	0.012094	0.012677	0.000094
674	v2-348	1.0000	1.714349e-2	5.282879e-2	4.384836e-2	0.6723	1.361506e0	1.720290e-1	-	0	0	1.775204e-2	3.028612e-2	2.383076e-2	8.455325e-3	-	-	-	-
675	v2-348	1.0000	4.778535e-2	1.289339e-1	1.061799e-1	0.6690	2.255854e0	4.040443e-1	-	0	0	3.830132e-2	7.213069e-2	8.095475e-2	4.083594e-2	-	-	-	-
676	v2-348	1.0000	9.725716e-2	3.944540e-1	2.046814e-1	0.6222	2.717461e0	3.787255e-1	-	0	0	7.273376e-2	1.513979e-1	2.013850e-1	7.617840e-2	-0.041482	0.007799	0.010985	-0.001061
677	v2-348	1.0000	2.059924e-2	5.421829e-2	5.982536e-2	0.6502	1.211803e0	2.348056e-1	-	0	0	1.906241e-2	4.452666e-2	2.980749e-2	1.001789e-2	-	-	-	-
678	v2-348	1.0000	1.404572e-2	3.671050e-2	2.790621e-2	0.6555	1.425365e0	1.564762e-1	-	0	0	1.107134e-2	2.218806e-2	1.602522e-2	1.471917e-2	-	-	-	-
679	v2-348	1.0000	4.833401e-2	1.450853e-1	7.458257e-2	0.7226	1.609518e0	1.955743e-1	-	0	0	3.497206e-2	7.075690e-2	6.451349e-2	5.442654e-2	-	-	-	-
680	v2-348	1.0000	4.796523e-2	1.399722e-1	1.596311e-1	0.6035	2.089203e0	3.193410e-1	-	0	0	3.959562e-2	1.310165e-1	5.637481e-2	2.456075e-2	-	-	-	-
681	v2-348	1.0000	2.119824e-2	5.240059e-2	2.908144e-2	0.7277	1.139694e0	1.776600e-1	-	0	0	1.087318e-2	2.442951e-2	1.895289e-2	3.694750e-2	-	-	-	-
682	v2-348	1.0000	3.872860e-2	1.204791e-1	6.043767e-2	0.6941	1.372266e0	1.900988e-1	-	0	0	2.966818e-2	5.100370e-2	5.885207e-2	4.071953e-2	-	-	-	-
683	v2-348	1.0000	2.694243e-2	9.262192e-2	4.165847e-2	0.5876	5.163476e-1	8.287793e-2	-	0	0	1.611467e-2	2.944015e-2	2.318042e-2	4.432886e-2	-	-	-	-
684	v2-348	1.0000	5.906337e-2	1.648226e-1	8.937455e-2	0.6673	2.218089e0	2.545628e-1	-	0	0	4.193981e-2	8.917286e-2	5.617160e-2	7.489279e-2	-0.018300	0.003531	0.001390	0.000683
685	v2-348	1.0000	4.905185e-2	1.600838e-1	7.856687e-2	0.6818	1.576658e0	2.216277e-1	-	0	0	3.814909e-2	6.883658e-2	7.661011e-2	4.821091e-2	-	-	-	-
686	v2-348	1.0000	1.710097e-2	4.703370e-2	2.701035e-2	0.6682	1.027205e0	1.372109e-1	-	0	0	1.554819e-2	2.085887e-2	2.083470e-2	1.667120e-2	-	-	-	-
687	v2-348	1.0000	1.178507e-1	4.285910e-1	2.132103e-1	0.5911	5.165645e0	8.868035e-1	-	0	0	1.211595e-1	1.725230e-1	1.833670e-1	6.680183e-2	-0.025366	0.000653	-0.004130	0.002973
688	v2-348	1.0000	9.595624e-2	2.368422e-1	1.355039e-1	0.6616	1.761462e0	2.250095e-1	-	0	0	6.512568e-2	1.367964e-1	1.089026e-1	1.232630e-1	0.016591	0.000177	-0.004996	0.000369
689	v2-348	1.0000	7.684855e-2	2.698056e-1	1.470399e-1	0.6601	3.000834e0	4.089547e-1	-	0	0	6.689278e-2	1.356431e-1	8.270357e-2	6.665452e-2	0.030804	-0.012817	-0.001068	-0.002066
690	v2-348	1.0000	3.510119e-2	9.917712e-2	1.276661e-1	0.8179	2.146471e0	2.794739e-1	-	0	0	3.057177e-2	4.418360e-2	7.547567e-2	2.390349e-2	-	-	-	-
691	v2-348	1.0000	1.432494e-2	3.815192e-2	1.859476e-2	0.7734	4.681361e-1	8.939179e-2	-	0	0	1.008154e-2	1.522940e-2	1.085329e-2	2.189373e-2	-	-	-	-
692	v2-348	1.0000	2.447823e-2	6.071019e-2	3.683558e-2	0.7501	8.413662e-1	7.708656e-2	-	0	0	1.783850e-2	2.997567e-2	3.338166e-2	2.947009e-2	-	-	-	-
693	v2-348	1.0000	1.658701e-2	4.951191e-2	2.884182e-2	0.6146	8.672039e-1	9.328297e-2	-	0	0	1.786494e-2	1.766591e-2	1.993671e-2	1.292591e-2	-	-	-	-
694	v2-348	1.0000	1.743602e-2	5.824566e-2	2.470269e-2	0.5886	5.003706e-1	8.774531e-2	-	0	0	9.939641e-3	1.787887e-2	1.353029e-2	3.046462e-2	-	-	-	-
695	v2-348	1.0000	4.278875e-2	1.212983e-1	1.239163e-1	0.6642	2.108202e0	3.203254e-1	-	0	0	3.595873e-2	8.848207e-2	7.428971e-2	2.365624e-2	-	-	-	-
696	v2-348	1.0000	1.255787e-2	3.108883e-2	1.542265e-2	0.8236	2.767470e-1	3.610690e-2	-	0	0	7.587561e-3	9.189677e-3	8.481570e-3	2.321354e-2	-	-	-	-
697	v2-348	1.0000	1.771135e-2	6.880391e-2	3.166163e-2	0.6197	7.181654e-1	1.303471e-1	-	0	0	1.873576e-2	2.834982e-2	1.681891e-2	1.213116e-2	-	-	-	-
698	v2-348	1.0000	7.184675e-2	2.291472e-1	1.346500e-1	0.5190	1.550975e0	2.544906e-1	-	0	0	4.715229e-2	1.343634e-1	1.116108e-1	7.102109e-2	0.021931	0.001486	-0.002454	0.000126
699	v2-348	1.0000	1.536873e-2	5.637202e-2	2.914969e-2	0.6181	8.140741e-1	9.649545e-2	-	0	0	1.653106e-2	1.901314e-2	1.797807e-2	1.112287e-2	-	-	-	-
700	v2-348	1.0000	1.027634e-2	3.582752e-2	1.831197e-2	0.5388	5.836395e-1	1.029051e-1	-	0	0	1.217755e-2	1.172588e-2	1.028103e-2	6.699672e-3	-	-	-	-
701	v2-348	1.0000	7.968015e-2	2.084048e-1	1.175731e-1	0.6479	1.457631e0	2.371522e-1	-	0	0	5.134029e-2	1.085170e-1	1.504071e-1	8.693926e-2	0.020873	-0.003938	-0.003013	0.000834
702	v2-348	1.0000	8.170142e-2	2.681683e-1	1.275701e-1	0.5013	1.320119e0	1.788608e-1	-	0	0	7.101309e-2	1.197210e-1	1.528343e-1	5.734709e-2	0.031733	-0.005976	-0.004020	0.000062
703	v2-348	1.0000	1.623388e-2	3.954291e-2	2.156486e-2	0.7977	4.796134e-1	8.011179e-2	-	0	0	1.126213e-2	1.797299e-2	1.242113e-2	2.473516e-2	-	-	-	-
704	v2-348	1.0000	1.686712e-2	5.546570e-2	2.252522e-2	0.6330	5.223960e-1	9.112364e-2	-	0	0	8.066875e-3	1.691188e-2	1.528392e-2	3.126384e-2	-	-	-	-
705	v2-348	1.0000	4.161536e-2	1.218691e-1	1.036328e-1	0.6091	2.170977e0	3.301601e-1	-	0	0	3.477947e-2	7.163589e-2	5.021378e-2	3.713036e-2	-	-	-	-
706	v2-348	1.0000	1.754885e-2	4.227662e-2	2.292059e-2	0.8653	3.609769e-1	4.947610e-2	-	0	0	1.072692e-2	1.288699e-2	1.096653e-2	3.254830e-2	-	-	-	-
707	v2-348	1.0000	1.134613e-2	3.678039e-2	1.768919e-2	0.6401	4.962057e-1	9.530494e-2	-	0	0	9.918479e-3	1.203966e-2	8.879740e-3	1.420682e-2	-	-	-	-
708	v2-348	1.0000	1.695124e-2	5.283308e-2	2.603276e-2	0.5100	5.066681e-1	8.448013e-2	-	0	0	1.377900e-2	2.072068e-2	1.533694e-2	2.100506e-2	-	-	-	-
709	v2-348	1.0000	4.641901e-2	1.582127e-1	1.432363e-1	0.6228	2.080240e0	2.885520e-1	-	0	0	3.989676e-2	1.019042e-1	9.434009e-2	1.689052e-2	-	-	-	-
710	v2-348	1.0000	4.603506e-3	1.178074e-2	5.806908e-3	0.7268	2.078713e-1	2.492393e-2	-	0	0	3.129287e-3	3.990287e-3	4.212284e-3	7.311474e-3	-	-	-	-
711	v2-348	1.0000	3.216596e-2	8.714914e-2	3.719426e-2	0.8098	5.591514e-1	8.887245e-2	-	0	0	1.666069e-2	2.640309e-2	2.112511e-2	6.288439e-2	-	-	-	-
712	v2-348	1.0000	6.693769e-2	2.374725e-1	1.159514e-1	0.5057	1.396798e0	2.134647e-1	-	0	0	8.091785e-2	6.603854e-2	7.162341e-2	4.361309e-2	-0.040248	0.003185	0.003583	0.000769
713	v2-348	1.0000	5.189429e-2	1.651506e-1	9.429995e-2	0.7178	1.129695e0	2.499111e-1	-	0	0	3.777193e-2	8.453141e-2	9.595536e-2	4.493979e-2	-0.017879	0.003099	0.001947	-0.000360
714	v2-348	1.0000	3.087496e-2	8.456326e-2	3.688853e-2	0.8006	5.847290e-1	9.703754e-2	-	0	0	1.640313e-2	2.600690e-2	1.988487e-2	5.958857e-2	-	-	-	-
715	v2-348	1.0000	3.523160e-2	9.083557e-2	3.879590e-2	0.8053	5.079562e-1	7.031671e-2	-	0	0	1.830262e-2	2.766210e-2	2.445052e-2	6.882384e-2	-	-	-	-
716	v2-348	1.0000	1.352778e-1	4.759188e-1	2.244330e-1	0.5925	4.928066e0	9.400324e-1	-	0	0	1.449574e-1	1.954116e-1	1.851917e-1	7.766939e-2	-0.042213	0.004886	0.004742	0.003661
717	v2-348	1.0000	5.172993e-2	1.673956e-1	8.455557e-2	0.7075	1.682214e0	2.198714e-1	-	0	0	5.229831e-2	5.774994e-2	4.747482e-2	4.995133e-2	-0.005152	0.003962	0.001090	-0.000547
718	v2-348	1.0000	5.381536e-2	1.878364e-1	7.546704e-2	0.6965	1.234481e0	1.742854e-1	-	0	0	4.866791e-2	6.172638e-2	5.212629e-2	5.933142e-2	0.024436	-0.004516	-0.003164	-0.001941
719	v2-348	1.0000	8.595095e-3	2.270627e-2	1.497404e-2	0.5382	3.608536e-1	6.228900e-2	-	0	0	6.479346e-3	1.171642e-2	1.354114e-2	8.867515e-3	-	-	-	-
720	append204	0.0000	0.000000e0	0.000000e0	0.000000e0	1.0000	0.000000e0	0.000000e0	-	1	1	0.000000e0	0.000000e0	0.000000e0	0.000000e0	-	-	-	-
721	append204	0.0000	0.000000e0	0.000000e0	0.000000e0	1.0000	0.000000e0	0.000000e0	-	1	1	0.000000e0	0.000000e0	0.000000e0	0.000000e0	-	-	-	-
722	append204	1.0000	2.058973e-2	4.524785e-2	3.188846e-2	0.7290	5.744181e-1	8.400732e-2	-	0	0	1.671692e-2	1.615961e-2	1.889261e-2	2.908427e-2	-	-	-	-
723	append204	1.0000	1.046623e-2	3.502464e-2	2.330766e-2	0.7279	4.058634e-1	6.471205e-2	-	0	0	1.255819e-2	8.056024e-3	7.928933e-3	9.069877e-3	-	-	-	-
724	append204	1.0000	1.353444e-2	4.378378e-2	1.748446e-2	0.7390	4.182457e-1	7.070180e-2	-	0	0	9.448960e-3	1.203013e-2	1.338009e-2	2.062272e-2	-	-	-	-
725	append204	1.0000	1.897536e-1	4.971328e-1	3.020518e-1	0.5840	3.765612e0	6.574185e-1	-	0	0	1.990180e-1	1.899817e-1	1.541597e-1	1.880122e-1	-0.084571	0.000687	-0.004773	-0.006647
726	append204	1.0000	2.199071e-1	7.026727e-1	3.146922e-1	0.5576	5.099089e0	6.412688e-1	-	0	0	1.813749e-1	2.178919e-1	1.687030e-1	2.999069e-1	0.061110	-0.003098	-0.000348	0.000303
727	append204	1.0000	1.007354e-1	3.998010e-1	1.465855e-1	0.6205	4.935868e0	7.567809e-1	-	0	0	8.121459e-2	1.186529e-1	1.277935e-1	1.143832e-1	0.005858	-0.001640	-0.004545	-0.002092
728	append204	1.0000	1.104841e-1	4.682221e-1	2.124831e-1	0.5420	2.054894e0	2.761956e-1	-	0	0	6.734011e-2	2.457867e-1	2.414672e-1	7.618910e-2	0.013025	-0.014537	-0.016759	0.001456
729	append204	1.0000	8.702827e-2	1.969235e-1	4.245580e-1	0.6528	8.211827e0	9.791367e-1	-	0	0	5.248541e-2	4.917510e-2	3.820750e-1	4.952668e-2	0.023314	-0.001895	0.002383	0.000645
730	append204	1.0000	1.704895e-1	6.099170e-1	3.381081e-1	0.5285	3.850777e0	6.727228e-1	-	0	0	2.001105e-1	1.854576e-1	1.514391e-1	1.247799e-1	-0.124242	0.008025	0.003846	-0.003870
731	append204	1.0000	9.748255e-2	2.757938e-1	1.510424e-1	0.5885	2.849897e0	4.837721e-1	-	0	0	8.719886e-2	1.267144e-1	9.805359e-2	1.016521e-1	-0.008621	0.002993	0.001640	-0.003390
732	append204	1.0000	6.645732e-2	2.545652e-1	1.095245e-1	0.5918	2.057376e0	3.057068e-1	-	0	0	5.951826e-2	8.849684e-2	1.064102e-1	5.397355e-2	-0.010205	0.008414	0.010147	0.001912
733	append204	1.0000	2.603666e-2	8.579636e-2	5.341618e-2	0.5162	9.499576e-1	1.611923e-1	-	0	0	2.563643e-2	3.568785e-2	4.627870e-2	1.542357e-2	-	-	-	-
734	append204	1.0000	5.045997e-2	1.319823e-1	7.928511e-2	0.7815	1.274347e0	2.205082e-1	-	0	0	4.602004e-2	4.869812e-2	4.238260e-2	6.108568e-2	0.016593	-0.002297	0.000565	-0.000117
735	append204	1.0000	9.249416e-2	2.781103e-1	1.870293e-1	0.6352	4.417572e0	6.633871e-1	-	0	0	8.971883e-2	1.416054e-1	9.045374e-2	7.778117e-2	0.014856	-0.000993	0.000372	0.000686
736	append204	1.0000	1.423474e-1	5.399208e-1	2.328063e-1	0.5666	2.666140e0	3.151392e-1	-	0	0	1.036061e-1	2.066823e-1	1.708025e-1	1.669845e-1	0.036667	-0.019472	-0.017407	-0.008436
737	append204	1.0000	5.770305e-2	2.075112e-1	1.236338e-1	0.5507	2.269060e0	4.118999e-1	-	0	0	4.719780e-2	1.186921e-1	1.114737e-1	3.009421e-2	-0.013321	0.003434	0.005665	-0.000572
738	append204	1.0000	8.174028e-2	2.372308e-1	1.075837e-1	0.7005	2.345198e0	3.536626e-1	-	0	0	4.353048e-2	8.376097e-2	6.765189e-2	1.461313e-1	0.007941	-0.001139	-0.001005	0.001001
739	append204	1.0000	2.287309e-2	7.222271e-2	4.708428e-2	0.5805	1.124459e0	1.517138e-1	-	0	0	2.461469e-2	3.517566e-2	2.021690e-2	1.613369e-2	-	-	-	-
740	append204	1.0000	5.272024e-2	1.268311e-1	7.274136e-2	0.6781	1.644932e0	2.497979e-1	-	0	0	2.913774e-2	5.621536e-2	4.361184e-2	9.170422e-2	0.010032	-0.003342	-0.002960	0.000610
741	append204	1.0000	5.771115e-2	1.355734e-1	8.157660e-2	0.7332	1.901253e0	2.912594e-1	-	0	0	3.227112e-2	6.716253e-2	4.624273e-2	9.806953e-2	0.008519	-0.003092	-0.002694	0.000599
742	append204	1.0000	1.483724e-1	4.077339e-1	2.021491e-1	0.5872	2.657942e0	3.209731e-1	-	0	0	1.440297e-1	1.460718e-1	1.455758e-1	1.571457e-1	-0.054227	0.004897	-0.000178	-0.000660
743	append204	1.0000	1.095492e-1	4.675646e-1	1.805409e-1	0.7046	3.747682e0	5.195659e-1	-	0	0	1.043189e-1	1.598757e-1	2.709600e-1	3.887382e-2	-0.007101	0.010365	0.015942	-0.001731
744	append204	1.0000	9.500029e-2	4.504495e-1	2.061413e-1	0.7046	5.247581e0	6.076950e-1	-	0	0	1.186255e-1	1.001944e-1	1.089613e-1	5.068123e-2	-0.021610	0.006807	-0.000311	-0.000299
745	append204	1.0000	2.238079e-1	6.681728e-1	3.284188e-1	0.7304	3.219053e0	3.987245e-1	-	0	0	1.456146e-1	3.332225e-1	3.719329e-1	2.488591e-1	0.059083	-0.033850	-0.051365	-0.001248
746	append204	1.0000	3.835910e-2	1.400371e-1	1.215604e-1	0.5967	3.030661e0	4.179962e-1	-	0	0	3.645132e-2	7.154873e-2	6.865349e-2	1.696916e-2	-	-	-	-
747	append204	1.0000	9.727718e-2	3.858662e-1	1.668895e-1	0.5850	3.751986e0	4.199446e-1	-	0	0	1.159053e-1	1.262951e-1	9.736346e-2	5.623966e-2	0.039434	-0.011542	-0.007018	-0.002623
748	append204	1.0000	3.427615e-1	1.018355e0	4.885466e-1	0.5056	6.745771e0	8.251468e-1	-	0	0	3.149589e-1	4.124952e-1	3.326459e-1	3.620180e-1	0.105037	-0.033354	-0.007593	-0.002692
749	append204	1.0000	1.912388e-1	6.125693e-1	2.794989e-1	0.5830	3.447108e0	3.914721e-1	-	0	0	1.556322e-1	2.308830e-1	2.219877e-1	2.200772e-1	0.076539	-0.023110	-0.018416	-0.002047
750	append204	1.0000	7.355776e-2	2.058405e-1	1.059628e-1	0.6160	3.222447e0	4.576721e-1	-	0	0	6.613434e-2	7.869231e-2	1.064022e-1	7.123796e-2	-0.012974	-0.001980	-0.002744	-0.001756
751	append204	1.0000	4.974513e-2	1.002204e-1	1.425349e-1	0.7589	3.429109e0	4.943474e-1	-	0	0	5.341683e-2	3.134854e-2	9.417283e-2	3.526717e-2	-	-	-	-
752	append204	1.0000	7.353820e-2	2.079406e-1	9.850921e-2	0.7582	1.823236e0	2.413958e-1	-	0	0	3.780538e-2	9.073483e-2	4.325579e-2	1.337880e-1	-0.014914	-0.000763	0.001978	-0.000594
753	append204	1.0000	9.778448e-2	3.437892e-1	1.541408e-1	0.5459	1.929694e0	2.468537e-1	-	0	0	8.070189e-2	1.223257e-1	9.250607e-2	1.166628e-1	-0.024409	0.004337	0.004914	0.007408
754	append204	0.0000	0.000000e0	0.000000e0	0.000000e0	1.0000	0.000000e0	0.000000e0	-	1	1	0.000000e0	0.000000e0	0.000000e0	0.000000e0	-	-	-	-
755	append204	0.0000	0.000000e0	0.000000e0	0.000000e0	1.0000	0.000000e0	0.000000e0	-	1	1	0.000000e0	0.000000e0	0.000000e0	0.000000e0	-	-	-	-
756	append204	0.0000	0.000000e0	0.000000e0	0.000000e0	1.0000	0.000000e0	0.000000e0	-	1	1	0.000000e0	0.000000e0	0.000000e0	0.000000e0	-	-	-	-
757	append204	0.0000	0.000000e0	0.000000e0	0.000000e0	1.0000	0.000000e0	0.000000e0	-	1	1	0.000000e0	0.000000e0	0.000000e0	0.000000e0	-	-	-	-
758	append204	0.0000	0.000000e0	0.000000e0	0.000000e0	1.0000	0.000000e0	0.000000e0	-	1	1	0.000000e0	0.000000e0	0.000000e0	0.000000e0	-	-	-	-
759	append204	0.0000	0.000000e0	0.000000e0	0.000000e0	1.0000	0.000000e0	0.000000e0	-	1	1	0.000000e0	0.000000e0	0.000000e0	0.000000e0	-	-	-	-
760	append204	0.0000	0.000000e0	0.000000e0	0.000000e0	1.0000	0.000000e0	0.000000e0	-	1	1	0.000000e0	0.000000e0	0.000000e0	0.000000e0	-	-	-	-
761	append204	0.0000	0.000000e0	0.000000e0	0.000000e0	1.0000	0.000000e0	0.000000e0	-	1	1	0.000000e0	0.000000e0	0.000000e0	0.000000e0	-	-	-	-
762	append204	0.0000	0.000000e0	0.000000e0	0.000000e0	1.0000	0.000000e0	0.000000e0	-	1	1	0.000000e0	0.000000e0	0.000000e0	0.000000e0	-	-	-	-
763	append204	0.0000	0.000000e0	0.000000e0	0.000000e0	1.0000	0.000000e0	0.000000e0	-	1	1	0.000000e0	0.000000e0	0.000000e0	0.000000e0	-	-	-	-
764	append204	0.0000	0.000000e0	0.000000e0	0.000000e0	1.0000	0.000000e0	0.000000e0	-	1	1	0.000000e0	0.000000e0	0.000000e0	0.000000e0	-	-	-	-
765	append204	0.0000	0.000000e0	0.000000e0	0.000000e0	1.0000	0.000000e0	0.000000e0	-	1	1	0.000000e0	0.000000e0	0.000000e0	0.000000e0	-	-	-	-
766	append204	0.0000	0.000000e0	0.000000e0	0.000000e0	1.0000	0.000000e0	0.000000e0	-	1	1	0.000000e0	0.000000e0	0.000000e0	0.000000e0	-	-	-	-
767	append204	0.0000	0.000000e0	0.000000e0	0.000000e0	1.0000	0.000000e0	0.000000e0	-	1	1	0.000000e0	0.000000e0	0.000000e0	0.000000e0	-	-	-	-
768	append204	0.0000	0.000000e0	0.000000e0	0.000000e0	1.0000	0.000000e0	0.000000e0	-	1	1	0.000000e0	0.000000e0	0.000000e0	0.000000e0	-	-	-	-
769	append204	0.0000	0.000000e0	0.000000e0	0.000000e0	1.0000	0.000000e0	0.000000e0	-	1	1	0.000000e0	0.000000e0	0.000000e0	0.000000e0	-	-	-	-
770	append204	0.0000	0.000000e0	0.000000e0	0.000000e0	1.0000	0.000000e0	0.000000e0	-	1	1	0.000000e0	0.000000e0	0.000000e0	0.000000e0	-	-	-	-
771	append204	0.0000	0.000000e0	0.000000e0	0.000000e0	1.0000	0.000000e0	0.000000e0	-	1	1	0.000000e0	0.000000e0	0.000000e0	0.000000e0	-	-	-	-
772	append204	0.0000	0.000000e0	0.000000e0	0.000000e0	1.0000	0.000000e0	0.000000e0	-	1	1	0.000000e0	0.000000e0	0.000000e0	0.000000e0	-	-	-	-
773	append204	1.0000	2.123352e-2	5.103111e-2	2.637003e-2	0.7277	5.051505e-1	8.008815e-2	-	0	0	1.243752e-2	1.704634e-2	1.813475e-2	3.788148e-2	-	-	-	-
774	append204	1.0000	1.138865e-2	2.818680e-2	1.380751e-2	0.7850	3.336283e-1	6.040704e-2	-	0	0	6.728809e-3	8.729735e-3	1.143925e-2	1.977178e-2	-	-	-	-
775	append204	1.0000	1.610520e-2	3.822041e-2	2.045577e-2	0.8018	4.190848e-1	6.898909e-2	-	0	0	1.094347e-2	1.224426e-2	1.641738e-2	2.566773e-2	-	-	-	-
776	append204	1.0000	7.694061e-2	2.416449e-1	1.181418e-1	0.5357	1.756534e0	3.630119e-1	-	0	0	7.876402e-2	9.220629e-2	1.111702e-1	5.548723e-2	-0.025153	-0.001471	-0.002554	-0.001342
777	append204	1.0000	6.616312e-2	2.773657e-1	1.107359e-1	0.6183	2.262896e0	3.495005e-1	-	0	0	6.744854e-2	8.165174e-2	6.677457e-2	5.766930e-2	0.035817	-0.007031	-0.002430	0.000054
778	append204	1.0000	4.216726e-2	1.122861e-1	6.339778e-2	0.6433	2.096843e0	4.205872e-1	-	0	0	3.680579e-2	4.725066e-2	4.332401e-2	4.812793e-2	-	-	-	-
779	append204	1.0000	3.925619e-2	1.352292e-1	6.598159e-2	0.5053	1.430257e0	2.210898e-1	-	0	0	1.947466e-2	3.910188e-2	3.285554e-2	7.275221e-2	-	-	-	-
780	append204	1.0000	1.526522e-2	3.403091e-2	5.657269e-2	0.5914	1.633450e0	2.220725e-1	-	0	0	2.014503e-2	9.648308e-3	1.708792e-2	9.195794e-3	-	-	-	-
781	append204	1.0000	5.671096e-2	2.204630e-1	9.443024e-2	0.5176	2.055407e0	3.224635e-1	-	0	0	6.226772e-2	8.891164e-2	7.221132e-2	2.935093e-2	0.018360	0.000396	-0.002646	-0.000546
782	append204	1.0000	3.357211e-2	1.305857e-1	5.808270e-2	0.5823	1.298086e0	2.615929e-1	-	0	0	3.644601e-2	5.197477e-2	4.835638e-2	1.625941e-2	-	-	-	-
783	append204	1.0000	1.209239e-1	4.701653e-1	1.904388e-1	0.5507	2.390661e0	3.033464e-1	-	0	0	1.001293e-1	1.636173e-1	1.885783e-1	1.118401e-1	0.020555	0.009020	0.009497	0.002107
784	append204	1.0000	2.558560e-2	8.336854e-2	5.231103e-2	0.5172	9.360689e-1	1.590974e-1	-	0	0	2.507769e-2	3.455851e-2	4.512905e-2	1.566917e-2	-	-	-	-
785	append204	1.0000	4.830298e-2	1.190922e-1	7.834707e-2	0.8130	1.142932e0	1.964266e-1	-	0	0	4.168369e-2	5.172100e-2	4.959006e-2	5.686656e-2	-	-	-	-
786	append204	1.0000	5.275423e-2	1.596036e-1	1.328245e-1	0.6467	2.551448e0	4.480055e-1	-	0	0	4.488508e-2	1.172172e-1	6.865337e-2	3.334511e-2	-0.001896	-0.000836	0.002067	-0.001606
787	append204	1.0000	3.379335e-2	1.253087e-1	5.504271e-2	0.5673	7.004248e-1	8.981035e-2	-	0	0	2.162573e-2	3.673731e-2	3.401877e-2	5.165943e-2	-	-	-	-
788	append204	1.0000	3.176693e-2	8.937645e-2	5.483240e-2	0.6937	1.164385e0	2.437226e-1	-	0	0	2.573142e-2	4.174076e-2	2.911303e-2	3.819744e-2	-	-	-	-
789	append204	1.0000	6.679163e-2	1.721697e-1	8.088298e-2	0.6227	1.585414e0	2.392390e-1	-	0	0	4.116298e-2	5.849493e-2	4.625909e-2	1.178990e-1	0.007740	-0.003074	-0.003783	0.000236
790	append204	1.0000	2.057635e-2	5.652761e-2	3.343159e-2	0.7437	8.829658e-1	1.030024e-1	-	0	0	1.660540e-2	2.791230e-2	2.697118e-2	2.153973e-2	-	-	-	-
791	append204	1.0000	4.065123e-2	9.114361e-2	5.338838e-2	0.6666	9.194997e-1	1.137038e-1	-	0	0	2.290193e-2	4.406114e-2	5.018591e-2	6.372829e-2	-	-	-	-
792	append204	1.0000	1.537253e-2	4.028392e-2	2.454274e-2	0.6539	7.612244e-1	1.156169e-1	-	0	0	1.217437e-2	1.681304e-2	1.293945e-2	2.070416e-2	-	-	-	-
793	append204	1.0000	4.287722e-2	1.939437e-1	7.471065e-2	0.5148	1.431731e0	2.077350e-1	-	0	0	4.120858e-2	6.392694e-2	9.483065e-2	1.814791e-2	-	-	-	-
794	append204	1.0000	6.367509e-2	2.444091e-1	1.174053e-1	0.5188	2.668835e0	3.936046e-1	-	0	0	5.047512e-2	1.002698e-1	1.392889e-1	4.221921e-2	-0.002671	-0.007114	-0.004581	-0.000369
795	append204	1.0000	4.599716e-2	1.470709e-1	1.397145e-1	0.5343	4.238568e0	5.435550e-1	-	0	0	6.174442e-2	4.570186e-2	5.836299e-2	1.686192e-2	-	-	-	-
796	append204	1.0000	1.340222e-1	3.889573e-1	2.058263e-1	0.7478	2.181190e0	2.621195e-1	-	0	0	9.421544e-2	2.108937e-1	1.916190e-1	1.446974e-1	0.039652	-0.015042	-0.025592	0.000110
797	append204	1.0000	1.636407e-1	5.669750e-1	4.503265e-1	0.7434	4.803479e0	7.472290e-1	-	0	0	1.216102e-1	3.429818e-1	2.360905e-1	1.310710e-1	-0.061251	0.015194	0.022257	-0.000781
798	append204	1.0000	1.958638e-1	6.096168e-1	2.806652e-1	0.5731	3.688790e0	3.855603e-1	-	0	0	1.526214e-1	2.628079e-1	2.739331e-1	2.085170e-1	0.090170	-0.031410	-0.021942	-0.002718
799	append204	1.0000	1.692944e-1	5.494194e-1	2.567670e-1	0.5032	4.200042e0	4.733750e-1	-	0	0	1.538179e-1	1.920271e-1	1.834963e-1	1.793053e-1	0.079723	-0.020411	-0.007610	-0.000971
800	append204	1.0000	1.630717e-1	5.321407e-1	2.269540e-1	0.5696	3.253352e0	3.802325e-1	-	0	0	1.094412e-1	1.788570e-1	1.600872e-1	2.421294e-1	0.065537	-0.016122	-0.008040	-0.001529
801	append204	1.0000	7.256597e-2	2.057256e-1	1.051413e-1	0.6153	3.211746e0	4.543539e-1	-	0	0	6.516909e-2	7.816566e-2	1.060081e-1	6.979976e-2	-0.012415	-0.001932	-0.002700	-0.001731
802	append204	1.0000	2.395081e-2	3.913987e-2	9.387988e-2	0.7231	1.978224e0	3.668306e-1	-	0	0	2.691753e-2	1.194677e-2	1.191340e-2	2.849880e-2	-	-	-	-
803	append204	1.0000	6.743991e-2	1.443648e-1	1.678632e-1	0.6809	1.826751e0	2.617740e-1	-	0	0	3.078422e-2	1.503004e-1	5.615321e-2	9.574753e-2	-0.006308	0.003132	0.000016	0.000147
804	append204	1.0000	5.080624e-2	1.614263e-1	7.244251e-2	0.6193	1.081089e0	1.065462e-1	-	0	0	3.256497e-2	5.444085e-2	4.703457e-2	7.939657e-2	0.009749	-0.003776	-0.004055	-0.005486
805	append204	0.0000	0.000000e0	0.000000e0	0.000000e0	1.0000	0.000000e0	0.000000e0	-	1	1	0.000000e0	0.000000e0	0.000000e0	0.000000e0	-	-	-	-
806	append204	0.0000	0.000000e0	0.000000e0	0.000000e0	1.0000	0.000000e0	0.000000e0	-	1	1	0.000000e0	0.000000e0	0.000000e0	0.000000e0	-	-	-	-
807	append204	1.0000	3.129338e-2	7.619858e-2	3.637048e-2	0.8472	4.963811e-1	5.837713e-2	-	0	0	1.651578e-2	2.460512e-2	2.423864e-2	5.979389e-2	-	-	-	-
808	append204	1.0000	1.594631e-2	3.670692e-2	1.804216e-2	0.8429	3.193600e-1	3.812141e-2	-	0	0	8.516793e-3	1.451337e-2	1.674792e-2	2.791792e-2	-	-	-	-
809	append204	1.0000	8.156524e-3	1.679373e-2	1.316476e-2	0.6728	3.425818e-1	3.599773e-2	-	0	0	7.346002e-3	7.661970e-3	7.474498e-3	9.878375e-3	-	-	-	-
810	append204	1.0000	8.790650e-2	2.643281e-1	1.298829e-1	0.5092	1.792932e0	3.525580e-1	-	0	0	8.646940e-2	1.073022e-1	1.411904e-1	6.299758e-2	-0.025653	-0.000877	-0.002868	-0.001895
811	append204	1.0000	8.016268e-2	2.661467e-1	1.094774e-1	0.6690	2.358518e0	3.355320e-1	-	0	0	6.391367e-2	8.350801e-2	8.730423e-2	1.017750e-1	0.029261	-0.002337	-0.000063	0.000672
812	append204	1.0000	6.969575e-2	1.585579e-1	9.417516e-2	0.6581	2.758456e0	4.506018e-1	-	0	0	4.405246e-2	6.732494e-2	7.067271e-2	1.106269e-1	-0.005646	0.000202	0.001499	-0.000250
813	append204	1.0000	4.465310e-2	1.742923e-1	1.087338e-1	0.5229	1.672349e0	2.606639e-1	-	0	0	3.353789e-2	8.916852e-2	1.021200e-1	2.330955e-2	-	-	-	-
814	append204	1.0000	3.874295e-2	7.626820e-2	6.820702e-2	0.8066	2.311059e0	3.016989e-1	-	0	0	2.519712e-2	2.975375e-2	4.312504e-2	6.208322e-2	-	-	-	-
815	append204	1.0000	1.677578e-1	5.221410e-1	2.401402e-1	0.5477	2.973978e0	3.669852e-1	-	0	0	1.469853e-1	1.831223e-1	1.657431e-1	1.949576e-1	0.068673	-0.005722	-0.006843	0.003241
816	append204	1.0000	4.853816e-2	1.970189e-1	7.532389e-2	0.6500	1.730412e0	3.506997e-1	-	0	0	4.363659e-2	7.280635e-2	6.665741e-2	3.987628e-2	-	-	-	-
817	append204	1.0000	9.940405e-2	4.855917e-1	1.692372e-1	0.5755	2.185171e0	3.528468e-1	-	0	0	9.337245e-2	1.541470e-1	1.725018e-1	6.026431e-2	0.006324	0.009961	0.007923	0.002097
818	append204	1.0000	5.733106e-2	1.538263e-1	9.803613e-2	0.5462	1.993158e0	3.235266e-1	-	0	0	4.591012e-2	8.052436e-2	9.647463e-2	5.172407e-2	-0.002219	-0.001759	-0.002797	-0.000881
819	append204	1.0000	8.874011e-2	2.589436e-1	1.638445e-1	0.8292	2.071638e0	2.681907e-1	-	0	0	8.659403e-2	1.118328e-1	1.318185e-1	6.715890e-2	0.025457	-0.006506	0.002113	0.000435
820	append204	1.0000	5.961210e-2	1.710219e-1	1.002450e-1	0.6091	3.208954e0	4.053794e-1	-	0	0	4.574835e-2	8.017241e-2	4.640855e-2	7.791149e-2	0.013761	0.002583	-0.000963	0.001877
821	append204	1.0000	6.858266e-2	2.401104e-1	9.687033e-2	0.6849	1.073585e0	1.189083e-1	-	0	0	6.288474e-2	5.931377e-2	4.359562e-2	9.035443e-2	-0.022318	0.003691	0.003038	0.003969
822	append204	0.0000	0.000000e0	0.000000e0	0.000000e0	1.0000	0.000000e0	0.000000e0	-	1	1	0.000000e0	0.000000e0	0.000000e0	0.000000e0	-	-	-	-
823	append204	0.0000	0.000000e0	0.000000e0	0.000000e0	1.0000	0.000000e0	0.000000e0	-	1	1	0.000000e0	0.000000e0	0.000000e0	0.000000e0	-	-	-	-
824	append204	1.0000	1.144363e-2	2.886367e-2	1.716456e-2	0.7086	3.452984e-1	6.669480e-2	-	0	0	6.827293e-3	9.286703e-3	8.123747e-3	2.077924e-2	-	-	-	-
825	append204	1.0000	1.029076e-2	2.213180e-2	1.455648e-2	0.7970	3.043583e-1	5.888516e-2	-	0	0	7.915921e-3	9.155333e-3	9.593341e-3	1.473700e-2	-	-	-	-
826	append204	1.0000	1.458389e-2	3.436172e-2	2.036780e-2	0.8063	3.595581e-1	6.371642e-2	-	0	0	1.125943e-2	1.142038e-2	1.270692e-2	2.177019e-2	-	-	-	-
827	append204	1.0000	7.987698e-2	2.862921e-1	1.150076e-1	0.5555	1.913110e0	2.836896e-1	-	0	0	6.182735e-2	9.893110e-2	1.030223e-1	9.217259e-2	0.018882	0.001632	0.000285	0.000822
828	append204	1.0000	5.995817e-2	2.141822e-1	1.003094e-1	0.5995	1.037278e0	1.553519e-1	-	0	0	4.032778e-2	9.270235e-2	1.287619e-1	5.264131e-2	-0.019252	0.002746	0.001366	-0.001184
829	append204	1.0000	3.780932e-2	7.936239e-2	5.115979e-2	0.7421	1.197786e0	2.116069e-1	-	0	0	2.491637e-2	4.133019e-2	5.681412e-2	4.976640e-2	-	-	-	-
830	append204	1.0000	4.991792e-2	1.948347e-1	1.048795e-1	0.6122	1.549695e0	2.293468e-1	-	0	0	3.469081e-2	9.502347e-2	1.045117e-1	3.584594e-2	-	-	-	-
831	append204	1.0000	1.502650e-2	2.843153e-2	5.544692e-2	0.8289	1.008801e0	1.071404e-1	-	0	0	2.034151e-2	1.229010e-2	1.826961e-2	6.594603e-3	-	-	-	-
832	append204	1.0000	5.031296e-2	1.980772e-1	8.392811e-2	0.5373	1.553977e0	2.519542e-1	-	0	0	5.205619e-2	7.872314e-2	6.734248e-2	2.992496e-2	0.018332	-0.002891	-0.003150	-0.000531
833	append204	1.0000	5.434863e-2	1.678934e-1	8.201683e-2	0.6215	1.177253e0	2.319572e-1	-	0	0	4.025826e-2	7.150547e-2	8.413866e-2	5.877114e-2	-0.008997	0.001507	0.000361	-0.000526
834	append204	1.0000	6.904781e-2	2.749020e-1	1.182047e-1	0.5885	1.387852e0	2.568848e-1	-	0	0	4.970020e-2	1.113938e-1	1.469794e-1	5.409806e-2	-0.005711	0.003545	0.004229	-0.001147
835	append204	1.0000	1.970871e-2	5.770823e-2	3.837352e-2	0.5399	7.137319e-1	1.329606e-1	-	0	0	1.848626e-2	2.362087e-2	2.970444e-2	1.642407e-2	-	-	-	-
836	append204	1.0000	3.225908e-2	7.554948e-2	4.844322e-2	0.7737	7.652029e-1	1.388241e-1	-	0	0	2.566573e-2	3.700543e-2	3.512551e-2	3.967252e-2	-	-	-	-
837	append204	1.0000	3.980609e-2	7.197624e-2	1.841861e-1	0.5601	1.970309e0	3.362036e-1	-	0	0	2.936385e-2	1.415126e-1	3.559664e-2	1.671375e-2	-	-	-	-
838	append204	1.0000	7.675227e-2	2.690291e-1	1.197806e-1	0.6211	1.099256e0	1.513715e-1	-	0	0	5.754558e-2	7.474294e-2	7.037538e-2	1.100842e-1	-0.034177	0.004301	0.004600	0.000102
839	append204	1.0000	2.250571e-2	6.234169e-2	3.241042e-2	0.6789	8.067673e-1	1.455426e-1	-	0	0	1.845845e-2	2.480282e-2	2.038697e-2	2.871295e-2	-	-	-	-
840	append204	1.0000	3.285260e-2	8.361363e-2	4.122836e-2	0.7252	9.572085e-1	1.458117e-1	-	0	0	2.397689e-2	3.124081e-2	2.686397e-2	4.963568e-2	-	-	-	-
841	append204	1.0000	2.576901e-2	5.584335e-2	3.188752e-2	0.7485	9.288817e-1	1.289976e-1	-	0	0	1.492819e-2	2.859020e-2	2.307580e-2	4.265746e-2	-	-	-	-
842	append204	1.0000	1.031439e-2	2.664542e-2	1.726851e-2	0.6810	6.115325e-1	8.564915e-2	-	0	0	8.389060e-3	1.401299e-2	1.343522e-2	1.071695e-2	-	-	-	-
843	append204	1.0000	3.487748e-2	7.921028e-2	4.701261e-2	0.7097	8.747133e-1	1.045827e-1	-	0	0	2.452872e-2	3.740906e-2	3.925547e-2	4.854209e-2	-	-	-	-
844	append204	1.0000	1.045862e-1	3.143349e-1	1.387828e-1	0.5807	2.062516e0	3.116276e-1	-	0	0	5.599115e-2	1.133363e-1	1.181037e-1	1.725735e-1	0.024610	-0.004878	-0.005222	-0.000178
845	append204	1.0000	8.314380e-2	3.647294e-1	1.738242e-1	0.5008	3.084357e0	4.209410e-1	-	0	0	6.920181e-2	1.460393e-1	1.871513e-1	4.193451e-2	-0.012663	-0.006458	-0.010504	0.000563
846	append204	1.0000	5.393628e-2	1.312000e-1	9.747552e-2	0.7252	2.952752e0	4.021134e-1	-	0	0	4.194880e-2	5.301617e-2	5.343351e-2	7.334271e-2	0.005649	-0.001948	0.002821	0.000309
847	append204	1.0000	2.045656e-2	4.840183e-2	6.789903e-2	0.5363	8.939291e-1	1.434789e-1	-	0	0	1.698081e-2	5.377566e-2	1.664685e-2	1.386015e-2	-	-	-	-
848	append204	1.0000	1.111483e-1	2.884908e-1	3.298101e-1	0.7773	2.987144e0	4.661066e-1	-	0	0	7.283641e-2	2.767192e-1	1.259209e-1	9.922401e-2	-0.024495	0.000021	0.007374	-0.000594
849	append204	1.0000	1.186788e-1	3.276777e-1	1.725974e-1	0.5428	1.573116e0	1.941445e-1	-	0	0	6.178480e-2	1.668699e-1	2.039010e-1	1.577726e-1	0.037801	-0.013730	-0.014383	-0.000476
850	append204	1.0000	9.185794e-2	2.714968e-1	1.137332e-1	0.6977	2.242564e0	3.156116e-1	-	0	0	6.920123e-2	9.499016e-2	8.960246e-2	1.270448e-1	0.007375	0.003035	0.004237	-0.000391
851	append204	1.0000	5.582076e-2	1.630349e-1	7.144772e-2	0.6658	1.627402e0	1.971536e-1	-	0	0	3.770445e-2	5.155799e-2	5.583931e-2	8.602562e-2	0.004813	-0.000191	0.001722	0.000102
852	append204	1.0000	5.471247e-2	1.504560e-1	7.660040e-2	0.6206	2.303644e0	3.189230e-1	-	0	0	4.872391e-2	5.567308e-2	7.388535e-2	5.678322e-2	-0.009222	-0.001560	-0.002034	-0.001282
853	append204	1.0000	2.895733e-2	5.385303e-2	1.036788e-1	0.6694	1.864850e0	3.166225e-1	-	0	0	3.459997e-2	1.591141e-2	1.407856e-2	3.074877e-2	-	-	-	-
854	append204	1.0000	4.506070e-2	8.434486e-2	1.661500e-1	0.5836	1.484742e0	2.543210e-1	-	0	0	2.208623e-2	1.326730e-1	5.086750e-2	4.372945e-2	-	-	-	-
855	append204	1.0000	2.020490e-2	7.398868e-2	3.393655e-2	0.5172	5.476769e-1	8.983059e-2	-	0	0	1.795126e-2	2.948818e-2	2.841363e-2	1.702322e-2	-	-	-	-
856	append204	0.0000	0.000000e0	0.000000e0	0.000000e0	1.0000	0.000000e0	0.000000e0	-	1	1	0.000000e0	0.000000e0	0.000000e0	0.000000e0	-	-	-	-
857	append204	0.0000	0.000000e0	0.000000e0	0.000000e0	1.0000	0.000000e0	0.000000e0	-	1	1	0.000000e0	0.000000e0	0.000000e0	0.000000e0	-	-	-	-
858	append204	1.0000	1.912981e-2	4.531360e-2	2.475590e-2	0.8300	3.638224e-1	4.516073e-2	-	0	0	1.182413e-2	1.384460e-2	1.209889e-2	3.530443e-2	-	-	-	-
859	append204	1.0000	1.049634e-2	2.429152e-2	1.198268e-2	0.8339	2.384873e-1	2.654850e-2	-	0	0	6.489664e-3	8.117898e-3	8.837231e-3	1.835966e-2	-	-	-	-
860	append204	1.0000	6.681987e-3	1.758194e-2	8.209182e-3	0.7431	2.277820e-1	2.474820e-2	-	0	0	4.233614e-3	5.260667e-3	4.978393e-3	1.172449e-2	-	-	-	-
861	append204	1.0000	8.105164e-2	2.897925e-1	1.194352e-1	0.5523	1.838930e0	2.657549e-1	-	0	0	6.826035e-2	8.886511e-2	7.663711e-2	9.961785e-2	0.030606	-0.001709	-0.001184	0.000275
862	append204	1.0000	4.310346e-2	1.765081e-1	7.803459e-2	0.5335	1.007309e0	1.839090e-1	-	0	0	3.340413e-2	6.677246e-2	9.315433e-2	3.063759e-2	-	-	-	-
863	append204	1.0000	3.715786e-2	8.092117e-2	5.204860e-2	0.6581	1.130582e0	1.967419e-1	-	0	0	2.307885e-2	4.091377e-2	5.832184e-2	5.010162e-2	-	-	-	-
864	append204	1.0000	9.790567e-2	3.656623e-1	2.237876e-1	0.6700	2.593964e0	3.931752e-1	-	0	0	7.032061e-2	1.914628e-1	1.934533e-1	6.885045e-2	0.020933	-0.006469	-0.015170	0.002930
865	append204	1.0000	1.503886e-2	3.191996e-2	2.099401e-2	0.8023	3.406954e-1	4.343181e-2	-	0	0	9.837307e-3	1.066667e-2	1.038006e-2	2.667482e-2	-	-	-	-
866	append204	1.0000	5.983446e-2	2.903285e-1	1.080984e-1	0.5493	1.510718e0	2.269209e-1	-	0	0	6.526764e-2	7.919017e-2	8.010841e-2	3.611944e-2	0.032866	-0.006501	-0.004312	0.000415
867	append204	1.0000	3.622025e-2	1.129718e-1	5.301948e-2	0.6259	8.587611e-1	1.909319e-1	-	0	0	2.500307e-2	4.143573e-2	4.815456e-2	4.742460e-2	-	-	-	-
868	append204	1.0000	6.823963e-2	2.168800e-1	1.015474e-1	0.5152	1.239291e0	2.967060e-1	-	0	0	4.511045e-2	9.242738e-2	1.111304e-1	7.928458e-2	-0.014281	0.004204	0.002545	-0.001167
869	append204	1.0000	4.129972e-2	1.110102e-1	7.160356e-2	0.5490	1.493608e0	2.516395e-1	-	0	0	3.321171e-2	5.687328e-2	6.869910e-2	3.778911e-2	-	-	-	-
870	append204	1.0000	5.254942e-2	1.179836e-1	8.084811e-2	0.8667	1.004981e0	1.490110e-1	-	0	0	4.592346e-2	6.361682e-2	6.392737e-2	5.437367e-2	0.011280	-0.003169	0.000983	0.000148
871	append204	1.0000	2.725322e-2	6.976068e-2	6.255863e-2	0.7425	2.012600e0	2.565282e-1	-	0	0	2.937631e-2	4.568815e-2	3.221600e-2	1.467350e-2	-	-	-	-
872	append204	1.0000	6.909117e-2	2.446132e-1	1.040300e-1	0.6235	1.144191e0	1.328723e-1	-	0	0	7.124134e-2	6.209771e-2	5.566676e-2	7.340483e-2	-0.037717	0.004571	0.004517	0.002655
873	append204	0.0000	0.000000e0	0.000000e0	0.000000e0	1.0000	0.000000e0	0.000000e0	-	1	1	0.000000e0	0.000000e0	0.000000e0	0.000000e0	-	-	-	-
874	append204	0.0000	0.000000e0	0.000000e0	0.000000e0	1.0000	0.000000e0	0.000000e0	-	1	1	0.000000e0	0.000000e0	0.000000e0	0.000000e0	-	-	-	-
875	append204	1.0000	9.270848e-3	2.502346e-2	1.653503e-2	0.7276	3.521036e-1	7.315543e-2	-	0	0	6.479387e-3	8.364129e-3	6.345556e-3	1.508874e-2	-	-	-	-
876	append204	1.0000	9.472027e-3	2.509403e-2	1.692772e-2	0.8088	3.489170e-1	6.953469e-2	-	0	0	8.326065e-3	9.014572e-3	8.096299e-3	1.195827e-2	-	-	-	-
877	append204	1.0000	1.393618e-2	3.359747e-2	2.280860e-2	0.8140	3.992001e-1	7.290041e-2	-	0	0	1.197041e-2	1.139367e-2	1.160738e-2	1.889908e-2	-	-	-	-
878	append204	1.0000	9.548227e-2	3.453016e-1	1.355014e-1	0.5994	2.062666e0	2.870285e-1	-	0	0	6.736218e-2	1.092243e-1	8.273496e-2	1.387884e-1	0.029720	0.000600	-0.001092	0.001150
879	append204	1.0000	3.954270e-2	1.307645e-1	5.775027e-2	0.6887	7.527242e-1	1.457881e-1	-	0	0	3.417391e-2	5.279801e-2	4.672186e-2	4.003105e-2	-	-	-	-
880	append204	1.0000	3.766389e-2	8.460379e-2	5.015916e-2	0.7641	9.640923e-1	1.472793e-1	-	0	0	2.877461e-2	4.314996e-2	5.228657e-2	4.412210e-2	-	-	-	-
881	append204	1.0000	5.387748e-2	2.163286e-1	1.482700e-1	0.6449	1.953740e0	2.425108e-1	-	0	0	3.564261e-2	1.373205e-1	9.702002e-2	3.322184e-2	0.011854	0.002240	-0.005597	0.001252
882	append204	1.0000	4.810954e-2	6.632471e-2	1.963495e-1	0.8974	2.420061e0	2.746728e-1	-	0	0	6.747761e-2	3.039863e-2	3.841311e-2	2.831641e-2	-	-	-	-
883	append204	1.0000	2.432382e-2	7.027328e-2	4.032447e-2	0.6189	8.744121e-1	1.594204e-1	-	0	0	1.941726e-2	3.950850e-2	2.971011e-2	2.395745e-2	-	-	-	-
884	append204	1.0000	1.961673e-2	7.571912e-2	3.358794e-2	0.5121	8.310991e-1	1.857573e-1	-	0	0	2.081952e-2	3.126443e-2	2.883196e-2	9.679663e-3	-	-	-	-
885	append204	1.0000	5.785368e-2	1.810379e-1	8.539914e-2	0.5663	1.462387e0	2.313620e-1	-	0	0	3.926151e-2	7.274958e-2	6.502414e-2	7.847946e-2	-0.018328	0.002602	0.002582	-0.001327
886	append204	1.0000	2.179082e-2	6.141974e-2	4.177591e-2	0.5394	7.757279e-1	1.377017e-1	-	0	0	1.991469e-2	2.541800e-2	3.202102e-2	1.956412e-2	-	-	-	-
887	append204	1.0000	2.248087e-2	5.935713e-2	3.418933e-2	0.7605	7.595271e-1	1.333669e-1	-	0	0	1.663177e-2	2.717520e-2	1.970091e-2	3.079446e-2	-	-	-	-
888	append204	1.0000	5.146442e-2	1.099899e-1	1.982648e-1	0.6065	2.979040e0	3.670008e-1	-	0	0	4.421577e-2	1.525998e-1	3.939084e-2	2.643470e-2	0.005887	0.007432	-0.000526	0.000631
889	append204	1.0000	7.110439e-2	2.690372e-1	1.256469e-1	0.5130	1.421018e0	2.323914e-1	-	0	0	7.427814e-2	8.123060e-2	9.318957e-2	5.400976e-2	-0.039511	0.003287	0.004366	0.001096
890	append204	1.0000	2.654554e-2	8.135986e-2	4.137356e-2	0.6644	1.156729e0	1.607931e-1	-	0	0	2.128908e-2	3.430895e-2	4.078129e-2	2.651188e-2	-	-	-	-
891	append204	1.0000	2.759597e-2	9.907317e-2	5.204181e-2	0.6101	1.196589e0	1.530713e-1	-	0	0	2.819585e-2	3.787513e-2	4.356065e-2	1.670927e-2	-	-	-	-
892	append204	1.0000	2.214996e-2	5.143118e-2	4.129163e-2	0.6750	1.149603e0	2.028508e-1	-	0	0	1.159138e-2	3.527212e-2	2.329742e-2	3.304352e-2	-	-	-	-
893	append204	1.0000	1.708375e-2	3.954983e-2	3.080473e-2	0.6577	1.136681e0	1.830197e-1	-	0	0	1.411166e-2	2.604509e-2	1.573853e-2	1.862998e-2	-	-	-	-
894	append204	1.0000	2.740272e-2	6.866693e-2	3.909168e-2	0.7149	1.305733e0	1.817702e-1	-	0	0	1.636648e-2	2.645376e-2	2.665712e-2	4.541296e-2	-	-	-	-
895	append204	1.0000	1.205064e-1	3.589509e-1	1.428061e-1	0.8144	2.812461e0	4.183345e-1	-	0	0	7.769523e-2	1.663828e-1	1.816971e-1	1.471098e-1	-0.011314	0.009335	0.008847	-0.000687
896	append204	1.0000	8.899652e-2	3.538070e-1	1.794002e-1	0.6287	3.507181e0	4.012649e-1	-	0	0	9.639395e-2	1.161595e-1	1.088970e-1	5.917737e-2	-0.043307	0.006530	0.001891	0.000255
897	append204	1.0000	4.763257e-2	1.091801e-1	9.082775e-2	0.7480	2.174603e0	2.699756e-1	-	0	0	4.236093e-2	4.666727e-2	3.903737e-2	5.943284e-2	-	-	-	-
898	append204	1.0000	3.132120e-2	6.295402e-2	1.421399e-1	0.5232	1.133138e0	2.368280e-1	-	0	0	2.097493e-2	1.126519e-1	3.073968e-2	1.498350e-2	-	-	-	-
899	append204	1.0000	3.688378e-2	9.982944e-2	1.202385e-1	0.5181	2.009499e0	2.559693e-1	-	0	0	3.789209e-2	8.512653e-2	5.452192e-2	9.427400e-3	-	-	-	-
900	append204	1.0000	9.212801e-2	2.757322e-1	1.188471e-1	0.7103	2.535742e0	3.098899e-1	-	0	0	6.978360e-2	1.061527e-1	8.416602e-2	1.244996e-1	-0.030191	0.003875	0.000490	0.001520
901	append204	1.0000	8.416085e-2	2.110200e-1	9.989764e-2	0.6628	2.314622e0	3.148761e-1	-	0	0	5.799316e-2	9.203468e-2	8.289088e-2	1.225982e-1	0.001464	0.002244	0.001589	0.000029
902	append204	1.0000	5.408182e-2	2.937325e-1	1.063025e-1	0.7476	1.590443e0	2.497367e-1	-	0	0	5.661781e-2	7.707350e-2	9.595997e-2	2.561358e-2	-0.030064	0.008027	0.008207	-0.000088
903	append204	1.0000	5.327258e-2	1.488441e-1	7.664024e-2	0.6175	2.316053e0	3.204646e-1	-	0	0	4.792574e-2	5.588806e-2	7.648943e-2	5.219834e-2	-0.009037	-0.001557	-0.001991	-0.001309
904	append204	1.0000	3.282651e-2	7.533610e-2	1.008979e-1	0.7501	2.690852e0	4.596606e-1	-	0	0	4.324837e-2	3.537994e-2	3.791907e-2	1.355709e-2	-	-	-	-
905	append204	1.0000	4.780764e-2	7.331651e-2	2.247381e-1	0.6188	1.709826e0	3.252415e-1	-	0	0	2.863217e-2	1.798659e-1	7.583710e-2	1.449909e-2	-	-	-	-
906	append204	1.0000	2.553865e-2	8.946967e-2	3.937617e-2	0.5791	4.987778e-1	8.017767e-2	-	0	0	1.600469e-2	2.857845e-2	2.234841e-2	4.046401e-2	-	-	-	-
907	append204	0.0000	0.000000e0	0.000000e0	0.000000e0	1.0000	0.000000e0	0.000000e0	-	1	1	0.000000e0	0.000000e0	0.000000e0	0.000000e0	-	-	-	-
908	append204	0.0000	0.000000e0	0.000000e0	0.000000e0	1.0000	0.000000e0	0.000000e0	-	1	1	0.000000e0	0.000000e0	0.000000e0	0.000000e0	-	-	-	-
909	append204	1.0000	1.702681e-2	4.326391e-2	2.315108e-2	0.8106	3.615165e-1	4.783198e-2	-	0	0	1.132703e-2	1.215291e-2	1.062583e-2	3.028121e-2	-	-	-	-
910	append204	1.0000	1.008961e-2	2.284622e-2	1.271298e-2	0.8299	2.508818e-1	3.280660e-2	-	0	0	6.925027e-3	7.676321e-3	8.087409e-3	1.676719e-2	-	-	-	-
911	append204	1.0000	6.558073e-3	1.750946e-2	8.711206e-3	0.6776	2.439213e-1	3.129960e-2	-	0	0	4.219868e-3	5.427168e-3	4.733012e-3	1.135422e-2	-	-	-	-
912	append204	1.0000	1.329012e-1	4.113373e-1	1.793201e-1	0.6055	2.108823e0	2.944555e-1	-	0	0	9.691063e-2	1.538358e-1	1.341688e-1	1.805951e-1	0.047041	-0.003708	-0.003225	-0.000907
913	append204	1.0000	1.897230e-2	6.694412e-2	3.027642e-2	0.6517	7.404865e-1	1.653765e-1	-	0	0	1.672899e-2	2.432798e-2	2.373086e-2	1.861174e-2	-	-	-	-
914	append204	1.0000	1.606447e-2	5.482388e-2	2.531136e-2	0.5388	6.528410e-1	1.226616e-1	-	0	0	1.523951e-2	2.052949e-2	2.134080e-2	1.364476e-2	-	-	-	-
915	append204	1.0000	9.461177e-2	2.735305e-1	2.408880e-1	0.7261	2.935546e0	4.163295e-1	-	0	0	6.419892e-2	2.144087e-1	1.357189e-1	7.917691e-2	0.022867	0.001909	-0.007596	0.001429
916	append204	1.0000	1.355374e-2	2.898121e-2	2.133019e-2	0.7460	4.443064e-1	5.424405e-2	-	0	0	1.060206e-2	9.220602e-3	8.658873e-3	2.172129e-2	-	-	-	-
917	append204	1.0000	8.597535e-2	2.461057e-1	1.263719e-1	0.6074	1.511800e0	2.597600e-1	-	0	0	4.974951e-2	1.210560e-1	1.546000e-1	1.038802e-1	0.018374	-0.002759	-0.002893	0.000641
918	append204	1.0000	4.393935e-2	1.414304e-1	7.179315e-2	0.6006	1.170035e0	2.032567e-1	-	0	0	3.207004e-2	7.407928e-2	9.818673e-2	3.075156e-2	-	-	-	-
919	append204	1.0000	5.011886e-2	1.767597e-1	7.893070e-2	0.6460	1.710962e0	3.189341e-1	-	0	0	4.391157e-2	6.680462e-2	6.434841e-2	4.798228e-2	-0.013591	0.001753	0.001654	0.000088
920	append204	1.0000	4.169861e-2	1.123437e-1	7.217392e-2	0.5495	1.486811e0	2.526778e-1	-	0	0	3.342574e-2	5.718752e-2	6.822566e-2	3.882952e-2	-	-	-	-
921	append204	1.0000	6.498784e-2	1.325474e-1	7.582393e-2	0.8808	9.428246e-1	1.559887e-1	-	0	0	4.714615e-2	7.270739e-2	7.069474e-2	8.786057e-2	0.010158	-0.003098	-0.000154	0.000322
922	append204	1.0000	3.199231e-2	5.953121e-2	8.647697e-2	0.5255	2.904521e0	3.607241e-1	-	0	0	2.462450e-2	8.033164e-2	2.769292e-2	2.563337e-2	-	-	-	-
923	append204	1.0000	6.820699e-2	2.421712e-1	1.175460e-1	0.5056	1.414024e0	2.150991e-1	-	0	0	8.248835e-2	6.722362e-2	7.317231e-2	4.434122e-2	-0.040979	0.003232	0.003722	0.000746
924	tail20	1.0000	9.441959e-2	3.076785e-1	1.541498e-1	0.5895	2.870391e0	3.177743e-1	-	0	0	9.594890e-2	1.270071e-1	1.609857e-1	5.470052e-2	0.005914	0.002583	0.015265	-0.002263
925	tail20	1.0000	1.120246e-1	3.962588e-1	2.096109e-1	0.5980	4.661735e0	5.437198e-1	-	0	0	1.161188e-1	1.633458e-1	1.953727e-1	5.461993e-2	0.018458	-0.011324	-0.000212	-0.002313
926	tail20	1.0000	1.314152e-2	4.776311e-2	2.309783e-2	0.6215	4.909242e-1	6.821301e-2	-	0	0	1.468478e-2	1.951300e-2	1.202824e-2	8.547408e-3	-	-	-	-
927	tail20	0.0000	0.000000e0	0.000000e0	0.000000e0	1.0000	0.000000e0	0.000000e0	-	1	1	0.000000e0	0.000000e0	0.000000e0	0.000000e0	-	-	-	-
928	tail20	0.0000	0.000000e0	0.000000e0	0.000000e0	1.0000	0.000000e0	0.000000e0	-	1	1	0.000000e0	0.000000e0	0.000000e0	0.000000e0	-	-	-	-
929	tail20	1.0000	5.237000e-2	1.649189e-1	8.270425e-2	0.7120	1.320368e0	2.144564e-1	-	0	0	3.932410e-2	5.921304e-2	5.365400e-2	6.965963e-2	-0.016143	0.000855	0.002009	0.000649
930	tail20	1.0000	7.725787e-2	2.089511e-1	1.112487e-1	0.6756	3.200685e0	3.693070e-1	-	0	0	7.266545e-2	7.311372e-2	8.927054e-2	8.179205e-2	0.002671	-0.001663	0.002303	0.001900
931	tail20	1.0000	1.454916e-2	5.168796e-2	2.417343e-2	0.6328	4.834536e-1	6.558917e-2	-	0	0	1.575822e-2	1.945070e-2	1.180345e-2	1.166640e-2	-	-	-	-
932	tail20	0.0000	0.000000e0	0.000000e0	0.000000e0	1.0000	0.000000e0	0.000000e0	-	1	1	0.000000e0	0.000000e0	0.000000e0	0.000000e0	-	-	-	-
933	tail20	0.0000	0.000000e0	0.000000e0	0.000000e0	1.0000	0.000000e0	0.000000e0	-	1	1	0.000000e0	0.000000e0	0.000000e0	0.000000e0	-	-	-	-
934	tail20	1.0000	4.029678e-2	1.343855e-1	7.692715e-2	0.6151	1.310288e0	1.982850e-1	-	0	0	3.500955e-2	6.674394e-2	5.393946e-2	3.298716e-2	-	-	-	-
935	tail20	1.0000	9.904813e-2	2.659049e-1	1.911372e-1	0.7026	2.373080e0	2.711569e-1	-	0	0	6.789158e-2	1.490892e-1	1.735483e-1	1.008105e-1	0.021097	-0.011041	-0.003494	-0.003360
936	tail20	1.0000	1.252399e-2	4.873395e-2	2.187526e-2	0.6500	4.734479e-1	6.534485e-2	-	0	0	1.481998e-2	1.845494e-2	1.201778e-2	6.703472e-3	-	-	-	-
937	tail20	0.0000	0.000000e0	0.000000e0	0.000000e0	1.0000	0.000000e0	0.000000e0	-	1	1	0.000000e0	0.000000e0	0.000000e0	0.000000e0	-	-	-	-
938	tail20	0.0000	0.000000e0	0.000000e0	0.000000e0	1.0000	0.000000e0	0.000000e0	-	1	1	0.000000e0	0.000000e0	0.000000e0	0.000000e0	-	-	-	-
939	tail20	1.0000	5.107471e-2	1.955607e-1	1.085525e-1	0.5388	1.834424e0	2.702955e-1	-	0	0	4.670328e-2	8.411459e-2	8.935581e-2	3.072058e-2	0.009343	-0.004494	-0.008091	0.000964
940	tail20	1.0000	6.497859e-2	1.874604e-1	1.219524e-1	0.6546	2.410603e0	2.708078e-1	-	0	0	5.097864e-2	9.388399e-2	1.095780e-1	5.914206e-2	-0.010404	-0.003141	0.000247	0.001544
941	tail20	1.0000	1.330309e-2	5.011284e-2	2.440428e-2	0.5994	5.011066e-1	6.818620e-2	-	0	0	1.497495e-2	2.042678e-2	1.247848e-2	8.098407e-3	-	-	-	-
942	tail20	0.0000	0.000000e0	0.000000e0	0.000000e0	1.0000	0.000000e0	0.000000e0	-	1	1	0.000000e0	0.000000e0	0.000000e0	0.000000e0	-	-	-	-
943	tail20	0.0000	0.000000e0	0.000000e0	0.000000e0	1.0000	0.000000e0	0.000000e0	-	1	1	0.000000e0	0.000000e0	0.000000e0	0.000000e0	-	-	-	-
