feat_idx	transform	pearson	lift	params_csv
0	identity	0.303663	0.000000	
0	log	0.263027	-0.040636	
0	log1p	0.313161	0.009497	
0	signed_log1p	0.313161	0.009497	
0	signed_sqrt	0.380631	0.076968	
0	signed_cbrt	0.372691	0.069028	
0	clip_then_log1p	0.313169	0.009506	0.000183089
0	winsor_p99	0.424847	0.121184	0.000183089,0.0227467
0	quantile_bins	0.370865	0.067201	4.76565e-06,0.000183089,0.00324114,0.00753282,0.0137139,0.0227467,0.042128
0	yeo_johnson	0.372783	0.069120	-10
1	identity	0.391653	0.000000	
1	log	0.322628	-0.069025	
1	log1p	0.403807	0.012154	
1	signed_log1p	0.403807	0.012154	
1	signed_sqrt	0.444599	0.052946	
1	signed_cbrt	0.430943	0.039290	
1	clip_then_log1p	0.403981	0.012328	0.000449114
1	winsor_p99	0.472696	0.081043	0.000449114,0.0580135
1	quantile_bins	0.415435	0.023782	3.68297e-05,0.000449114,0.00661322,0.0184996,0.0351723,0.0580135,0.104475
1	yeo_johnson	0.462692	0.071039	-10
2	identity	0.346844	0.000000	
2	log	0.292409	-0.054435	
2	log1p	0.358037	0.011193	
2	signed_log1p	0.358037	0.011193	
2	signed_sqrt	0.414669	0.067825	
2	signed_cbrt	0.403816	0.056972	
2	clip_then_log1p	0.358118	0.011274	0.000315823
2	winsor_p99	0.452551	0.105707	0.000315823,0.0346207
2	quantile_bins	0.397684	0.050840	1.42888e-05,0.000315823,0.00456278,0.0112983,0.0208481,0.0346207,0.0638625
2	yeo_johnson	0.421533	0.074689	-10
3	identity	0.221012	0.000000	
3	log	nan	nan	
3	log1p	0.221069	0.000057	
3	signed_log1p	0.221069	0.000057	
3	signed_sqrt	0.209890	-0.011121	
3	signed_cbrt	0.188943	-0.032069	
3	clip_then_log1p	0.221727	0.000716	3.32002e-05
3	winsor_p99	0.232162	0.011150	1.77676e-08,0.00148502
3	quantile_bins	0.212372	-0.008639	3.56448e-08,3.32002e-05,0.000307294,0.000429008,0.000546021,0.00069811,0.000986909
3	yeo_johnson	0.221627	0.000615	-10
4	identity	0.312733	0.000000	
4	log	nan	nan	
4	log1p	0.313089	0.000356	
4	signed_log1p	0.313089	0.000356	
4	signed_sqrt	0.291551	-0.021182	
4	signed_cbrt	0.254797	-0.057936	
4	clip_then_log1p	0.317611	0.004878	0.000567932
4	winsor_p99	0.332127	0.019394	0.000567932,0.00420548
4	quantile_bins	0.309373	-0.003360	2.57032e-07,0.000567932,0.00157246,0.00225803,0.0030423,0.00420548,0.00631037
4	yeo_johnson	0.316192	0.003459	-10
5	identity	0.277334	0.000000	
5	log	nan	nan	
5	log1p	0.277470	0.000136	
5	signed_log1p	0.277470	0.000136	
5	signed_sqrt	0.257085	-0.020249	
5	signed_cbrt	0.226106	-0.051228	
5	clip_then_log1p	0.280270	0.002936	0.000193292
5	winsor_p99	0.290160	0.012826	7.50536e-08,0.00396546
5	quantile_bins	0.271404	-0.005930	1.06888e-07,0.000193292,0.0007344,0.00103544,0.00134468,0.00177351,0.00262344
5	yeo_johnson	0.278756	0.001422	-10
6	identity	0.261663	0.000000	
6	log	nan	nan	
6	log1p	0.261958	0.000295	
6	signed_log1p	0.261958	0.000295	
6	signed_sqrt	0.281432	0.019769	
6	signed_cbrt	0.255882	-0.005781	
6	clip_then_log1p	0.261958	0.000295	7.00829e-09
6	winsor_p99	0.316345	0.054682	5.37885e-08,0.00160073
6	quantile_bins	0.313583	0.051920	1.73534e-08,5.37885e-08,0.000431494,0.000733028,0.00107791,0.00160073,0.00249556
6	yeo_johnson	0.264828	0.003166	-10
7	identity	0.260450	0.000000	
7	log	nan	nan	
7	log1p	0.261476	0.001026	
7	signed_log1p	0.261476	0.001026	
7	signed_sqrt	0.268961	0.008511	
7	signed_cbrt	0.239972	-0.020478	
7	clip_then_log1p	0.261476	0.001026	1.59152e-07
7	winsor_p99	0.312720	0.052270	2.92553e-07,0.00603385
7	quantile_bins	0.315195	0.054745	2.22239e-07,2.92553e-07,0.00190626,0.00311499,0.00443657,0.00603385,0.0099222
7	yeo_johnson	0.270720	0.010271	-10
8	identity	0.253513	0.000000	
8	log	nan	nan	
8	log1p	0.254046	0.000534	
8	signed_log1p	0.254046	0.000534	
8	signed_sqrt	0.264686	0.011174	
8	signed_cbrt	0.237360	-0.016153	
8	clip_then_log1p	0.254046	0.000533	4.44229e-08
8	winsor_p99	0.303928	0.050415	1.38643e-07,0.00306822
8	quantile_bins	0.306978	0.053465	7.56627e-08,1.38643e-07,0.000974378,0.00153264,0.0022095,0.00306822,0.00482477
8	yeo_johnson	0.259100	0.005587	-10
9	identity	0.151347	0.000000	
9	log	0.203654	0.052307	
9	log1p	0.152289	0.000943	
9	signed_log1p	0.152289	0.000943	
9	signed_sqrt	0.371836	0.220490	
9	signed_cbrt	0.405344	0.253998	
9	clip_then_log1p	0.152289	0.000943	1.14168e-14
9	winsor_p99	0.488622	0.337276	2.60332e-07,4.73563e-05
9	quantile_bins	0.435833	0.284486	3.96821e-14,2.60332e-07,5.06249e-06,1.28382e-05,2.5737e-05,4.73563e-05,0.000109322
9	yeo_johnson	0.160928	0.009581	-10
10	identity	0.303432	0.000000	
10	log	nan	nan	
10	log1p	0.296548	-0.006883	
10	signed_log1p	0.296548	-0.006883	
10	signed_sqrt	0.256639	-0.046793	
10	signed_cbrt	0.219126	-0.084306	
10	clip_then_log1p	0.314132	0.010700	0.144186
10	winsor_p99	0.303108	-0.000324	0,0.948522
10	quantile_bins	0.302910	-0.000522	0,0,0,0.144186,0.286128,0.434577,0.618722
10	yeo_johnson	0.273641	-0.029790	-2.34848
11	identity	0.384100	0.000000	
11	log	nan	nan	
11	log1p	0.387207	0.003107	
11	signed_log1p	0.387207	0.003107	
11	signed_sqrt	0.365607	-0.018493	
11	signed_cbrt	0.333242	-0.050858	
11	clip_then_log1p	0.387207	0.003107	0
11	winsor_p99	0.385986	0.001886	0,0.621063
11	quantile_bins	0.375240	-0.008860	0,0,0.0160055,0.104516,0.195342,0.305552,0.458475
11	yeo_johnson	0.377189	-0.006911	-3.48631
12	identity	0.008322	0.000000	
12	log	nan	nan	
12	log1p	0.144506	0.136184	
12	signed_log1p	0.144506	0.136184	
12	signed_sqrt	0.114697	0.106375	
12	signed_cbrt	0.135241	0.126919	
12	clip_then_log1p	0.144506	0.136184	0
12	winsor_p99	0.168857	0.160535	0,0.475834
12	quantile_bins	0.000000	-0.008322	0,0,0,0,0,0,0
12	yeo_johnson	0.148238	0.139916	-10
13	identity	0.597594	0.000000	
13	log	0.941897	0.344303	
13	log1p	0.624139	0.026545	
13	signed_log1p	0.624139	0.026545	
13	signed_sqrt	0.788823	0.191228	
13	signed_cbrt	0.853744	0.256150	
13	clip_then_log1p	0.623036	0.025442	0.000848844
13	winsor_p99	0.739479	0.141885	0.0107675,0.0649558
13	quantile_bins	0.833777	0.236183	0.00386734,0.0107675,0.0186261,0.0288693,0.0434655,0.0649558,0.105932
13	yeo_johnson	0.769922	0.172328	-10
14	identity	0.662826	0.000000	
14	log	0.947171	0.284345	
14	log1p	0.688972	0.026146	
14	signed_log1p	0.688972	0.026146	
14	signed_sqrt	0.820901	0.158075	
14	signed_cbrt	0.874014	0.211188	
14	clip_then_log1p	0.687719	0.024893	0.00157614
14	winsor_p99	0.752357	0.089531	0.0192361,0.112849
14	quantile_bins	0.838059	0.175233	0.00659401,0.0192361,0.034634,0.0539477,0.0780603,0.112849,0.178003
14	yeo_johnson	0.822160	0.159334	-8.96382
15	identity	0.628360	0.000000	
15	log	0.947934	0.319573	
15	log1p	0.654646	0.026286	
15	signed_log1p	0.654646	0.026286	
15	signed_sqrt	0.805512	0.177152	
15	signed_cbrt	0.865406	0.237046	
15	clip_then_log1p	0.653408	0.025048	0.00116642
15	winsor_p99	0.747947	0.119587	0.0139856,0.0817822
15	quantile_bins	0.838866	0.210506	0.00500636,0.0139856,0.0244251,0.0375544,0.0554323,0.0817822,0.131568
15	yeo_johnson	0.799888	0.171528	-10
16	identity	0.515795	0.000000	
16	log	0.726085	0.210290	
16	log1p	0.516463	0.000669	
16	signed_log1p	0.516463	0.000669	
16	signed_sqrt	0.629954	0.114160	
16	signed_cbrt	0.667502	0.151707	
16	clip_then_log1p	0.503959	-0.011835	0.00042242
16	winsor_p99	0.558278	0.042483	0.000670444,0.00515876
16	quantile_bins	0.600142	0.084347	0.000817715,0.00136205,0.00179177,0.00224053,0.00277126,0.00349407,0.00474957
16	yeo_johnson	0.523039	0.007245	-10
17	identity	0.646394	0.000000	
17	log	0.841789	0.195395	
17	log1p	0.649557	0.003163	
17	signed_log1p	0.649557	0.003163	
17	signed_sqrt	0.754925	0.108531	
17	signed_cbrt	0.788235	0.141841	
17	clip_then_log1p	0.644198	-0.002196	0.00165725
17	winsor_p99	0.683348	0.036954	0.0029937,0.0275671
17	quantile_bins	0.726738	0.080344	0.00362969,0.00665063,0.00936736,0.0121585,0.0153897,0.0194138,0.0256835
17	yeo_johnson	0.678825	0.032431	-10
18	identity	0.598967	0.000000	
18	log	0.804497	0.205530	
18	log1p	0.600537	0.001569	
18	signed_log1p	0.600537	0.001569	
18	signed_sqrt	0.711392	0.112425	
18	signed_cbrt	0.746801	0.147834	
18	clip_then_log1p	0.590340	-0.008627	0.000988514
18	winsor_p99	0.639545	0.040578	0.00155901,0.0124442
18	quantile_bins	0.681110	0.082143	0.00190073,0.00323201,0.00439335,0.00555832,0.0069114,0.00866601,0.0115073
18	yeo_johnson	0.615643	0.016676	-10
19	identity	0.595848	0.000000	
19	log	0.879948	0.284100	
19	log1p	0.598342	0.002494	
19	signed_log1p	0.598342	0.002494	
19	signed_sqrt	0.760305	0.164457	
19	signed_cbrt	0.810911	0.215063	
19	clip_then_log1p	0.592245	-0.003603	0.00042759
19	winsor_p99	0.695313	0.099465	0.000891234,0.00987369
19	quantile_bins	0.763474	0.167626	0.00113227,0.00204241,0.00286201,0.00371114,0.00470193,0.00616527,0.00888795
19	yeo_johnson	0.621148	0.025300	-10
20	identity	0.655288	0.000000	
20	log	0.872116	0.216828	
20	log1p	0.660170	0.004881	
20	signed_log1p	0.660170	0.004881	
20	signed_sqrt	0.778180	0.122891	
20	signed_cbrt	0.815245	0.159956	
20	clip_then_log1p	0.656430	0.001142	0.00157667
20	winsor_p99	0.707123	0.051834	0.0032455,0.035344
20	quantile_bins	0.763044	0.107755	0.00391905,0.0074415,0.0107966,0.0143362,0.0183835,0.023673,0.0325185
20	yeo_johnson	0.702838	0.047550	-10
21	identity	0.627365	0.000000	
21	log	0.876009	0.248643	
21	log1p	0.630814	0.003448	
21	signed_log1p	0.630814	0.003448	
21	signed_sqrt	0.768554	0.141189	
21	signed_cbrt	0.811540	0.184175	
21	clip_then_log1p	0.625358	-0.002007	0.000901108
21	winsor_p99	0.700284	0.072919	0.00181532,0.0188039
21	quantile_bins	0.761424	0.134059	0.00221032,0.00402137,0.00570811,0.00744146,0.00940646,0.0121808,0.0171408
21	yeo_johnson	0.661947	0.034582	-10
22	identity	0.226108	0.000000	
22	log	0.882257	0.656149	
22	log1p	0.233328	0.007220	
22	signed_log1p	0.233328	0.007220	
22	signed_sqrt	0.602956	0.376849	
22	signed_cbrt	0.713742	0.487634	
22	clip_then_log1p	0.233129	0.007021	2.71423e-06
22	winsor_p99	0.656032	0.429924	3.799e-05,0.000337556
22	quantile_bins	0.766981	0.540873	1.22458e-05,3.799e-05,7.48728e-05,0.000125484,0.000201264,0.000337556,0.000675993
22	yeo_johnson	0.290518	0.064410	-10
23	identity	0.569288	0.000000	
23	log	nan	nan	
23	log1p	0.604570	0.035282	
23	signed_log1p	0.604570	0.035282	
23	signed_sqrt	0.734305	0.165017	
23	signed_cbrt	0.790122	0.220834	
23	clip_then_log1p	0.604570	0.035282	0
23	winsor_p99	0.701014	0.131726	0.0142585,0.137603
23	quantile_bins	0.786153	0.216865	0.00333749,0.0142585,0.0298686,0.0524652,0.084039,0.137603,0.241793
23	yeo_johnson	0.744647	0.175358	-7.722
24	identity	0.566362	0.000000	
24	log	nan	nan	
24	log1p	0.600717	0.034355	
24	signed_log1p	0.600717	0.034355	
24	signed_sqrt	0.743041	0.176679	
24	signed_cbrt	0.801561	0.235199	
24	clip_then_log1p	0.600717	0.034355	0
24	winsor_p99	0.705531	0.139169	0.014674,0.122358
24	quantile_bins	0.791994	0.225632	0.0029713,0.014674,0.0293575,0.0496046,0.0779691,0.122358,0.210761
24	yeo_johnson	0.752926	0.186564	-8.45398
25	identity	0.025930	0.000000	
25	log	nan	nan	
25	log1p	0.054442	0.028511	
25	signed_log1p	0.054442	0.028511	
25	signed_sqrt	0.003263	-0.022668	
25	signed_cbrt	0.119733	0.093802	
25	clip_then_log1p	0.054442	0.028511	0
25	winsor_p99	0.382053	0.356122	0,0.000665004
25	quantile_bins	0.000000	-0.025930	0,0,0,0,0,0,0
25	yeo_johnson	0.037526	0.011595	-10
26	identity	0.267967	0.000000	
26	log	nan	nan	
26	log1p	0.279582	0.011615	
26	signed_log1p	0.279582	0.011615	
26	signed_sqrt	0.357852	0.089885	
26	signed_cbrt	0.355347	0.087379	
26	clip_then_log1p	0.279580	0.011613	9.78169e-06
26	winsor_p99	0.414194	0.146227	0.000245686,0.020441
26	quantile_bins	0.375086	0.107119	1.58418e-05,0.000245686,0.00338046,0.00737034,0.0124462,0.020441,0.0359982
26	yeo_johnson	0.347951	0.079984	-10
27	identity	0.367872	0.000000	
27	log	nan	nan	
27	log1p	0.381253	0.013381	
27	signed_log1p	0.381253	0.013381	
27	signed_sqrt	0.427142	0.059270	
27	signed_cbrt	0.419179	0.051307	
27	clip_then_log1p	0.381378	0.013506	0.000545379
27	winsor_p99	0.462128	0.094256	0.000545379,0.0550996
27	quantile_bins	0.416299	0.048427	0.000132099,0.000545379,0.00709962,0.0190012,0.0345246,0.0550996,0.0947907
27	yeo_johnson	0.445455	0.077583	-10
28	identity	0.315615	0.000000	
28	log	nan	nan	
28	log1p	0.328550	0.012935	
28	signed_log1p	0.328550	0.012935	
28	signed_sqrt	0.394875	0.079260	
28	signed_cbrt	0.390628	0.075012	
28	clip_then_log1p	0.328568	0.012953	0.000386282
28	winsor_p99	0.443236	0.127621	0.000386282,0.0314913
28	quantile_bins	0.400783	0.085168	5.89011e-05,0.000386282,0.0046862,0.0112237,0.0194325,0.0314913,0.0553161
28	yeo_johnson	0.400402	0.084787	-10
29	identity	0.217712	0.000000	
29	log	nan	nan	
29	log1p	0.217806	0.000094	
29	signed_log1p	0.217806	0.000094	
29	signed_sqrt	0.197465	-0.020248	
29	signed_cbrt	0.174405	-0.043307	
29	clip_then_log1p	0.219478	0.001766	4.42076e-05
29	winsor_p99	0.226919	0.009207	2.6458e-12,0.00178077
29	quantile_bins	0.198119	-0.019594	3.92515e-09,4.42076e-05,0.000296063,0.000396127,0.000494639,0.000625928,0.00085979
29	yeo_johnson	0.218658	0.000946	-10
30	identity	0.302061	0.000000	
30	log	nan	nan	
30	log1p	0.302568	0.000507	
30	signed_log1p	0.302568	0.000507	
30	signed_sqrt	0.274756	-0.027305	
30	signed_cbrt	0.235621	-0.066441	
30	clip_then_log1p	0.309202	0.007141	0.000589373
30	winsor_p99	0.324622	0.022561	0.000589373,0.00369316
30	quantile_bins	0.302976	0.000915	5.25977e-08,0.000589373,0.00154664,0.00214857,0.00279147,0.00369316,0.00514677
30	yeo_johnson	0.306534	0.004473	-10
31	identity	0.272279	0.000000	
31	log	nan	nan	
31	log1p	0.272503	0.000224	
31	signed_log1p	0.272503	0.000224	
31	signed_sqrt	0.243469	-0.028810	
31	signed_cbrt	0.209897	-0.062382	
31	clip_then_log1p	0.277997	0.005718	0.000229886
31	winsor_p99	0.285327	0.013048	1.5083e-09,0.00300151
31	quantile_bins	0.264975	-0.007304	2.23365e-08,0.000229886,0.000722241,0.000968939,0.00122135,0.00156621,0.0022005
31	yeo_johnson	0.274436	0.002157	-10
32	identity	0.205612	0.000000	
32	log	nan	nan	
32	log1p	0.206249	0.000637	
32	signed_log1p	0.206249	0.000637	
32	signed_sqrt	0.248269	0.042658	
32	signed_cbrt	0.226396	0.020784	
32	clip_then_log1p	0.206249	0.000637	5.82077e-12
32	winsor_p99	0.289957	0.084345	1.35861e-08,0.00138569
32	quantile_bins	0.273170	0.067558	2.52492e-11,1.35861e-08,0.000476694,0.000736586,0.00100408,0.00138569,0.00226913
32	yeo_johnson	0.212280	0.006668	-10
33	identity	0.223862	0.000000	
33	log	nan	nan	
33	log1p	0.224919	0.001057	
33	signed_log1p	0.224919	0.001057	
33	signed_sqrt	0.239598	0.015736	
33	signed_cbrt	0.213851	-0.010011	
33	clip_then_log1p	0.224919	0.001057	7.15651e-08
33	winsor_p99	0.289935	0.066073	7.15651e-08,0.00539477
33	quantile_bins	0.279781	0.055919	1.43812e-08,7.15651e-08,0.00204134,0.00300455,0.00395841,0.00539477,0.00858463
33	yeo_johnson	0.234470	0.010608	-10
34	identity	0.211018	0.000000	
34	log	nan	nan	
34	log1p	0.211760	0.000741	
34	signed_log1p	0.211760	0.000741	
34	signed_sqrt	0.234899	0.023881	
34	signed_cbrt	0.210798	-0.000220	
34	clip_then_log1p	0.211760	0.000741	4.06096e-08
34	winsor_p99	0.277375	0.066357	4.06096e-08,0.00272223
34	quantile_bins	0.267328	0.056310	1.73492e-09,4.06096e-08,0.00102911,0.00150699,0.00198431,0.00272223,0.0042297
34	yeo_johnson	0.218667	0.007649	-10
35	identity	0.132569	0.000000	
35	log	0.180972	0.048403	
35	log1p	0.133406	0.000837	
35	signed_log1p	0.133406	0.000837	
35	signed_sqrt	0.361249	0.228680	
35	signed_cbrt	0.393728	0.261159	
35	clip_then_log1p	0.133406	0.000837	4.02451e-16
35	winsor_p99	0.485114	0.352545	3.08922e-07,4.05877e-05
35	quantile_bins	0.431443	0.298875	1.37048e-15,3.08922e-07,5.09587e-06,1.20068e-05,2.27077e-05,4.05877e-05,8.27674e-05
35	yeo_johnson	0.141303	0.008734	-10
36	identity	0.263137	0.000000	
36	log	nan	nan	
36	log1p	0.256139	-0.006998	
36	signed_log1p	0.256139	-0.006998	
36	signed_sqrt	0.217790	-0.045347	
36	signed_cbrt	0.183635	-0.079502	
36	clip_then_log1p	0.277475	0.014339	0.193987
36	winsor_p99	0.262553	-0.000584	0,0.931855
36	quantile_bins	0.237319	-0.025818	0,0,0.00424898,0.193987,0.332772,0.47866,0.651684
36	yeo_johnson	0.240167	-0.022970	-1.72251
37	identity	0.366798	0.000000	
37	log	nan	nan	
37	log1p	0.369654	0.002855	
37	signed_log1p	0.369654	0.002855	
37	signed_sqrt	0.344478	-0.022320	
37	signed_cbrt	0.309400	-0.057399	
37	clip_then_log1p	0.369654	0.002855	0
37	winsor_p99	0.368444	0.001645	0,0.550301
37	quantile_bins	0.371926	0.005128	0,0,0.0652126,0.151595,0.247516,0.362599,0.514415
37	yeo_johnson	0.364219	-0.002579	-2.47383
38	identity	0.034702	0.000000	
38	log	nan	nan	
38	log1p	0.157946	0.123244	
38	signed_log1p	0.157946	0.123244	
38	signed_sqrt	0.146963	0.112261	
38	signed_cbrt	0.152900	0.118198	
38	clip_then_log1p	0.157946	0.123244	0
38	winsor_p99	0.176839	0.142137	0,0.201573
38	quantile_bins	0.000000	-0.034702	0,0,0,0,0,0,0
38	yeo_johnson	0.169143	0.134441	-10
39	identity	0.378634	0.000000	
39	log	0.335527	-0.043107	
39	log1p	0.387862	0.009228	
39	signed_log1p	0.387862	0.009228	
39	signed_sqrt	0.460387	0.081752	
39	signed_cbrt	0.452389	0.073754	
39	clip_then_log1p	0.387892	0.009258	8.76262e-05
39	winsor_p99	0.493010	0.114376	8.76262e-05,0.021803
39	quantile_bins	0.434255	0.055621	6.75238e-06,8.76262e-05,0.00209592,0.00636134,0.0126512,0.021803,0.0395247
39	yeo_johnson	0.444757	0.066123	-10
40	identity	0.430027	0.000000	
40	log	0.390763	-0.039265	
40	log1p	0.441032	0.011005	
40	signed_log1p	0.441032	0.011005	
40	signed_sqrt	0.498650	0.068623	
40	signed_cbrt	0.491035	0.061007	
40	clip_then_log1p	0.441111	0.011084	0.00021446
40	winsor_p99	0.521515	0.091487	0.00021446,0.0415877
40	quantile_bins	0.461185	0.031158	3.9647e-05,0.00021446,0.00366249,0.0117581,0.0241831,0.0415877,0.0752072
40	yeo_johnson	0.502674	0.072647	-10
41	identity	0.405741	0.000000	
41	log	0.366236	-0.039505	
41	log1p	0.415560	0.009819	
41	signed_log1p	0.415560	0.009819	
41	signed_sqrt	0.481482	0.075741	
41	signed_cbrt	0.473913	0.068172	
41	clip_then_log1p	0.415614	0.009874	0.000140897
41	winsor_p99	0.510046	0.104306	0.000140897,0.0290133
41	quantile_bins	0.450556	0.044815	1.95293e-05,0.000140897,0.00270948,0.00839275,0.01689,0.0290133,0.0525692
41	yeo_johnson	0.475217	0.069476	-10
42	identity	0.332551	0.000000	
42	log	nan	nan	
42	log1p	0.332741	0.000189	
42	signed_log1p	0.332741	0.000189	
42	signed_sqrt	0.320719	-0.011833	
42	signed_cbrt	0.282458	-0.050094	
42	clip_then_log1p	0.334183	0.001632	3.47355e-05
42	winsor_p99	0.367960	0.035409	2.71e-08,0.00149488
42	quantile_bins	0.340804	0.008253	3.54906e-08,3.47355e-05,0.00033527,0.00051416,0.000705116,0.000950943,0.00135791
42	yeo_johnson	0.334567	0.002016	-10
43	identity	0.397857	0.000000	
43	log	nan	nan	
43	log1p	0.398448	0.000591	
43	signed_log1p	0.398448	0.000591	
43	signed_sqrt	0.379520	-0.018337	
43	signed_cbrt	0.334387	-0.063470	
43	clip_then_log1p	0.402480	0.004623	0.000344165
43	winsor_p99	0.430972	0.033115	0.000344165,0.00460964
43	quantile_bins	0.398260	0.000403	1.53148e-07,0.000344165,0.00151419,0.00246081,0.00340383,0.00460964,0.00669388
43	yeo_johnson	0.403595	0.005738	-10
44	identity	0.374982	0.000000	
44	log	nan	nan	
44	log1p	0.375299	0.000317	
44	signed_log1p	0.375299	0.000317	
44	signed_sqrt	0.357131	-0.017851	
44	signed_cbrt	0.313931	-0.061051	
44	clip_then_log1p	0.378630	0.003649	0.00014493
44	winsor_p99	0.407215	0.032233	6.72165e-08,0.00345598
44	quantile_bins	0.375408	0.000426	7.93232e-08,0.00014493,0.000734897,0.0012014,0.00164736,0.00220164,0.00313626
44	yeo_johnson	0.378268	0.003286	-10
45	identity	0.342661	0.000000	
45	log	nan	nan	
45	log1p	0.342902	0.000241	
45	signed_log1p	0.342902	0.000241	
45	signed_sqrt	0.342145	-0.000516	
45	signed_cbrt	0.303248	-0.039413	
45	clip_then_log1p	0.342902	0.000241	3.82961e-08
45	winsor_p99	0.381086	0.038425	1.2099e-08,0.00281261
45	quantile_bins	0.358845	0.016184	1.50437e-08,3.82961e-08,0.000395105,0.000745624,0.00113544,0.00165639,0.0025171
45	yeo_johnson	0.345236	0.002575	-10
46	identity	0.371101	0.000000	
46	log	nan	nan	
46	log1p	0.371792	0.000691	
46	signed_log1p	0.371792	0.000691	
46	signed_sqrt	0.355097	-0.016004	
46	signed_cbrt	0.309602	-0.061498	
46	clip_then_log1p	0.371792	0.000691	1.54959e-07
46	winsor_p99	0.404716	0.033615	9.72063e-08,0.0104048
46	quantile_bins	0.385633	0.014532	1.02379e-07,1.54959e-07,0.00169843,0.00312731,0.00458202,0.00625568,0.00936259
46	yeo_johnson	0.378041	0.006940	-10
47	identity	0.353663	0.000000	
47	log	nan	nan	
47	log1p	0.354050	0.000387	
47	signed_log1p	0.354050	0.000387	
47	signed_sqrt	0.342481	-0.011182	
47	signed_cbrt	0.299942	-0.053721	
47	clip_then_log1p	0.354050	0.000387	8.3656e-08
47	winsor_p99	0.388848	0.035185	4.36423e-08,0.00534073
47	quantile_bins	0.368912	0.015248	4.84766e-08,8.3656e-08,0.000877345,0.00156781,0.00231371,0.00323959,0.0048011
47	yeo_johnson	0.357714	0.004051	-10
48	identity	0.145958	0.000000	
48	log	0.222395	0.076437	
48	log1p	0.146916	0.000958	
48	signed_log1p	0.146916	0.000958	
48	signed_sqrt	0.392656	0.246698	
48	signed_cbrt	0.438056	0.292097	
48	clip_then_log1p	0.146916	0.000958	3.27525e-15
48	winsor_p99	0.518565	0.372607	9.27093e-08,4.01371e-05
48	quantile_bins	0.461726	0.315768	1.26797e-14,9.27093e-08,3.40798e-06,1.00006e-05,2.13058e-05,4.01371e-05,9.24709e-05
48	yeo_johnson	0.155739	0.009780	-10
49	identity	0.301230	0.000000	
49	log	nan	nan	
49	log1p	0.302491	0.001261	
49	signed_log1p	0.302491	0.001261	
49	signed_sqrt	0.271674	-0.029556	
49	signed_cbrt	0.233939	-0.067291	
49	clip_then_log1p	0.307822	0.006592	0.0496484
49	winsor_p99	0.302444	0.001214	0,0.627988
49	quantile_bins	0.295187	-0.006043	0,0,0,0.0496484,0.137576,0.237202,0.409741
49	yeo_johnson	0.278135	-0.023096	-4.91022
50	identity	0.336856	0.000000	
50	log	nan	nan	
50	log1p	0.345160	0.008304	
50	signed_log1p	0.345160	0.008304	
50	signed_sqrt	0.325008	-0.011848	
50	signed_cbrt	0.286212	-0.050644	
50	clip_then_log1p	0.345210	0.008354	0.0364449
50	winsor_p99	0.349564	0.012708	0,0.340435
50	quantile_bins	0.347589	0.010733	0,0,0,0.0364449,0.0886772,0.163494,0.296458
50	yeo_johnson	0.334478	-0.002379	-6.80825
51	identity	0.007362	0.000000	
51	log	nan	nan	
51	log1p	0.171303	0.163941	
51	signed_log1p	0.171303	0.163941	
51	signed_sqrt	0.133030	0.125668	
51	signed_cbrt	0.169437	0.162075	
51	clip_then_log1p	0.171303	0.163941	0
51	winsor_p99	0.203622	0.196260	0,0.494313
51	quantile_bins	0.144185	0.136824	0,0,0,0,0,0,0.0117295
51	yeo_johnson	0.190189	0.182827	-10
52	identity	0.564342	0.000000	
52	log	0.960437	0.396095	
52	log1p	0.583926	0.019584	
52	signed_log1p	0.583926	0.019584	
52	signed_sqrt	0.778178	0.213836	
52	signed_cbrt	0.852797	0.288455	
52	clip_then_log1p	0.583452	0.019110	0.000215108
52	winsor_p99	0.761194	0.196852	0.00299419,0.028842
52	quantile_bins	0.863993	0.299651	0.000910569,0.00299419,0.00611756,0.010684,0.0176539,0.028842,0.0516704
52	yeo_johnson	0.702909	0.138568	-10
53	identity	0.600859	0.000000	
53	log	0.953956	0.353098	
53	log1p	0.622566	0.021707	
53	signed_log1p	0.622566	0.021707	
53	signed_sqrt	0.790591	0.189733	
53	signed_cbrt	0.856395	0.255536	
53	clip_then_log1p	0.622005	0.021146	0.000491544
53	winsor_p99	0.763065	0.162206	0.00545257,0.0494789
53	quantile_bins	0.863945	0.263086	0.00172366,0.00545257,0.0109543,0.0191365,0.0310601,0.0494789,0.0866421
53	yeo_johnson	0.753414	0.152555	-10
54	identity	0.584548	0.000000	
54	log	0.958906	0.374358	
54	log1p	0.604674	0.020125	
54	signed_log1p	0.604674	0.020125	
54	signed_sqrt	0.786555	0.202007	
54	signed_cbrt	0.856616	0.272068	
54	clip_then_log1p	0.604130	0.019582	0.000329942
54	winsor_p99	0.763118	0.178570	0.00401064,0.0368363
54	quantile_bins	0.865172	0.280624	0.00127149,0.00401064,0.00805575,0.0139627,0.0228713,0.0368363,0.064599
54	yeo_johnson	0.728188	0.143640	-10
55	identity	0.655590	0.000000	
55	log	0.877551	0.221961	
55	log1p	0.656245	0.000655	
55	signed_log1p	0.656245	0.000655	
55	signed_sqrt	0.783888	0.128297	
55	signed_cbrt	0.823224	0.167634	
55	clip_then_log1p	0.645762	-0.009828	0.000294999
55	winsor_p99	0.709005	0.053415	0.000496145,0.00427153
55	quantile_bins	0.761033	0.105442	0.000586163,0.00101676,0.00140177,0.00180529,0.00225466,0.00285999,0.00391786
55	yeo_johnson	0.662683	0.007093	-10
56	identity	0.682577	0.000000	
56	log	0.913937	0.231360	
56	log1p	0.685477	0.002900	
56	signed_log1p	0.685477	0.002900	
56	signed_sqrt	0.812786	0.130209	
56	signed_cbrt	0.852499	0.169922	
56	clip_then_log1p	0.680130	-0.002446	0.000895249
56	winsor_p99	0.745090	0.062513	0.00158001,0.0191928
56	quantile_bins	0.808371	0.125794	0.00185058,0.00359979,0.005372,0.0073382,0.00963107,0.0125577,0.017456
56	yeo_johnson	0.712320	0.029743	-10
57	identity	0.681191	0.000000	
57	log	0.908471	0.227280	
57	log1p	0.682642	0.001451	
57	signed_log1p	0.682642	0.001451	
57	signed_sqrt	0.809971	0.128780	
57	signed_cbrt	0.849229	0.168038	
57	clip_then_log1p	0.674981	-0.006210	0.00054937
57	winsor_p99	0.738908	0.057717	0.000945871,0.00947262
57	quantile_bins	0.795179	0.113988	0.0011159,0.00204287,0.00292585,0.00385956,0.00491948,0.00631753,0.0086827
57	yeo_johnson	0.696601	0.015410	-10
58	identity	0.645684	0.000000	
58	log	0.924166	0.278483	
58	log1p	0.647402	0.001718	
58	signed_log1p	0.647402	0.001718	
58	signed_sqrt	0.808671	0.162987	
58	signed_cbrt	0.857593	0.211909	
58	clip_then_log1p	0.642033	-0.003651	0.000268328
58	winsor_p99	0.746130	0.100447	0.000497631,0.00685752
58	quantile_bins	0.819348	0.173664	0.000615918,0.00121312,0.00177999,0.00241421,0.00315958,0.0041947,0.00619191
58	yeo_johnson	0.663501	0.017817	-10
59	identity	0.678264	0.000000	
59	log	0.924465	0.246201	
59	log1p	0.682057	0.003793	
59	signed_log1p	0.682057	0.003793	
59	signed_sqrt	0.817471	0.139207	
59	signed_cbrt	0.860007	0.181743	
59	clip_then_log1p	0.677839	-0.000425	0.000857039
59	winsor_p99	0.750334	0.072070	0.0015885,0.0231081
59	quantile_bins	0.822950	0.144686	0.00188519,0.0038658,0.00584504,0.00814776,0.0108567,0.0144391,0.0208691
59	yeo_johnson	0.716206	0.037942	-10
60	identity	0.666292	0.000000	
60	log	0.927601	0.261309	
60	log1p	0.668851	0.002559	
60	signed_log1p	0.668851	0.002559	
60	signed_sqrt	0.816107	0.149815	
60	signed_cbrt	0.861356	0.195064	
60	clip_then_log1p	0.663750	-0.002542	0.000517269
60	winsor_p99	0.751221	0.084929	0.000944175,0.0128036
60	quantile_bins	0.822368	0.156076	0.00113741,0.00227178,0.00336065,0.0045985,0.00601137,0.00793489,0.0115548
60	yeo_johnson	0.692487	0.026195	-10
61	identity	0.148072	0.000000	
61	log	0.930300	0.782228	
61	log1p	0.154041	0.005969	
61	signed_log1p	0.154041	0.005969	
61	signed_sqrt	0.614111	0.466039	
61	signed_cbrt	0.749630	0.601558	
61	clip_then_log1p	0.153946	0.005874	1.00964e-06
61	winsor_p99	0.712746	0.564674	1.28029e-05,0.000146296
61	quantile_bins	0.824655	0.676583	4.06674e-06,1.28029e-05,2.75328e-05,5.02561e-05,8.44187e-05,0.000146296,0.000303904
61	yeo_johnson	0.208846	0.060774	-10
62	identity	0.468180	0.000000	
62	log	nan	nan	
62	log1p	0.497813	0.029633	
62	signed_log1p	0.497813	0.029633	
62	signed_sqrt	0.654907	0.186727	
62	signed_cbrt	0.710535	0.242355	
62	clip_then_log1p	0.497813	0.029633	0
62	winsor_p99	0.671013	0.202833	0.00240601,0.042494
62	quantile_bins	0.716922	0.248742	0,0.00240601,0.00682577,0.0131343,0.0234307,0.042494,0.0911718
62	yeo_johnson	0.635487	0.167307	-10
63	identity	0.464957	0.000000	
63	log	nan	nan	
63	log1p	0.492963	0.028006	
63	signed_log1p	0.492963	0.028006	
63	signed_sqrt	0.665142	0.200185	
63	signed_cbrt	0.729995	0.265038	
63	clip_then_log1p	0.492963	0.028006	0
63	winsor_p99	0.683757	0.218800	0.00259934,0.0396506
63	quantile_bins	0.732098	0.267141	0,0.00259934,0.0066036,0.0128713,0.0227071,0.0396506,0.082043
63	yeo_johnson	0.636235	0.171278	-10
64	identity	0.025209	0.000000	
64	log	nan	nan	
64	log1p	0.051647	0.026438	
64	signed_log1p	0.051647	0.026438	
64	signed_sqrt	0.035614	0.010405	
64	signed_cbrt	0.184262	0.159053	
64	clip_then_log1p	0.051647	0.026438	0
64	winsor_p99	0.375906	0.350697	0,0.00109077
64	quantile_bins	0.373132	0.347923	0,0,0,0,0,0,0.00046449
64	yeo_johnson	0.029650	0.004441	-10
65	identity	0.365984	0.000000	
65	log	nan	nan	
65	log1p	0.375144	0.009160	
65	signed_log1p	0.375144	0.009160	
65	signed_sqrt	0.446188	0.080204	
65	signed_cbrt	0.437775	0.071791	
65	clip_then_log1p	0.375176	0.009192	0.000132213
65	winsor_p99	0.484654	0.118670	0.000132213,0.0209553
65	quantile_bins	0.434644	0.068660	1.24966e-05,0.000132213,0.00223465,0.00660038,0.0123989,0.0209553,0.0364498
65	yeo_johnson	0.431752	0.065768	-10
66	identity	0.425296	0.000000	
66	log	nan	nan	
66	log1p	0.436055	0.010759	
66	signed_log1p	0.436055	0.010759	
66	signed_sqrt	0.489662	0.064366	
66	signed_cbrt	0.483667	0.058371	
66	clip_then_log1p	0.436142	0.010846	0.000336051
66	winsor_p99	0.512382	0.087086	0.000336051,0.0421255
66	quantile_bins	0.461267	0.035971	0.000119275,0.000336051,0.00399919,0.0127165,0.0249295,0.0421255,0.0718165
66	yeo_johnson	0.494255	0.068959	-10
67	identity	0.396675	0.000000	
67	log	nan	nan	
67	log1p	0.406508	0.009832	
67	signed_log1p	0.406508	0.009832	
67	signed_sqrt	0.470332	0.073657	
67	signed_cbrt	0.463821	0.067145	
67	clip_then_log1p	0.406567	0.009892	0.000220013
67	winsor_p99	0.501480	0.104805	0.000220013,0.0284201
67	quantile_bins	0.450533	0.053858	5.08494e-05,0.000220013,0.00291768,0.00884577,0.016743,0.0284201,0.0486981
67	yeo_johnson	0.465132	0.068457	-10
68	identity	0.349995	0.000000	
68	log	nan	nan	
68	log1p	0.350291	0.000297	
68	signed_log1p	0.350291	0.000297	
68	signed_sqrt	0.318255	-0.031740	
68	signed_cbrt	0.273152	-0.076842	
68	clip_then_log1p	0.353345	0.003350	4.58661e-05
68	winsor_p99	0.371001	0.021006	2.01945e-11,0.00178116
68	quantile_bins	0.337079	-0.012916	2.37091e-09,4.58661e-05,0.000341455,0.000493577,0.000661006,0.00087593,0.00123019
68	yeo_johnson	0.352800	0.002806	-10
69	identity	0.398520	0.000000	
69	log	nan	nan	
69	log1p	0.399606	0.001085	
69	signed_log1p	0.399606	0.001085	
69	signed_sqrt	0.366918	-0.031602	
69	signed_cbrt	0.316252	-0.082268	
69	clip_then_log1p	0.405364	0.006843	0.000339801
69	winsor_p99	0.424715	0.026195	0.000339801,0.00421487
69	quantile_bins	0.394240	-0.004280	4.54412e-08,0.000339801,0.00151221,0.00240988,0.00321962,0.00421487,0.00590199
69	yeo_johnson	0.407258	0.008738	-10
70	identity	0.385444	0.000000	
70	log	nan	nan	
70	log1p	0.385978	0.000534	
70	signed_log1p	0.385978	0.000534	
70	signed_sqrt	0.349408	-0.036035	
70	signed_cbrt	0.299639	-0.085805	
70	clip_then_log1p	0.391902	0.006458	0.000166495
70	winsor_p99	0.406959	0.021516	1.55157e-09,0.00390363
70	quantile_bins	0.375575	-0.009868	1.72794e-08,0.000166495,0.00075378,0.0011584,0.00153391,0.00200484,0.00280783
70	yeo_johnson	0.390274	0.004831	-10
71	identity	0.295720	0.000000	
71	log	nan	nan	
71	log1p	0.296130	0.000410	
71	signed_log1p	0.296130	0.000410	
71	signed_sqrt	0.310125	0.014404	
71	signed_cbrt	0.273455	-0.022266	
71	clip_then_log1p	0.296130	0.000410	1.17509e-08
71	winsor_p99	0.355315	0.059595	1.17509e-08,0.00151589
71	quantile_bins	0.329466	0.033746	2.25703e-11,1.17509e-08,0.000434009,0.000761138,0.00108926,0.00151589,0.00230661
71	yeo_johnson	0.300042	0.004322	-10
72	identity	0.340252	0.000000	
72	log	nan	nan	
72	log1p	0.340949	0.000697	
72	signed_log1p	0.340949	0.000697	
72	signed_sqrt	0.327176	-0.013076	
72	signed_cbrt	0.283270	-0.056982	
72	clip_then_log1p	0.340950	0.000698	6.89279e-08
72	winsor_p99	0.383028	0.042776	6.89279e-08,0.00580319
72	quantile_bins	0.354527	0.014275	1.39835e-08,6.89279e-08,0.00179217,0.00317997,0.00434919,0.00580319,0.00848359
72	yeo_johnson	0.347327	0.007075	-10
73	identity	0.317727	0.000000	
73	log	nan	nan	
73	log1p	0.318242	0.000515	
73	signed_log1p	0.318242	0.000515	
73	signed_sqrt	0.314113	-0.003613	
73	signed_cbrt	0.273122	-0.044605	
73	clip_then_log1p	0.318242	0.000516	3.76897e-08
73	winsor_p99	0.364541	0.046814	3.76897e-08,0.0029786
73	quantile_bins	0.340402	0.022675	1.6403e-09,3.76897e-08,0.000930557,0.00160297,0.00220524,0.0029786,0.00434039
73	yeo_johnson	0.323067	0.005340	-10
74	identity	0.129124	0.000000	
74	log	0.200182	0.071059	
74	log1p	0.130004	0.000880	
74	signed_log1p	0.130004	0.000880	
74	signed_sqrt	0.390542	0.261418	
74	signed_cbrt	0.431357	0.302234	
74	clip_then_log1p	0.130004	0.000880	2.92678e-16
74	winsor_p99	0.515679	0.386555	1.10699e-07,3.55237e-05
74	quantile_bins	0.457744	0.328620	1.13567e-15,1.10699e-07,3.55457e-06,9.79536e-06,1.91452e-05,3.55237e-05,7.15017e-05
74	yeo_johnson	0.138390	0.009266	-10
75	identity	0.264950	0.000000	
75	log	nan	nan	
75	log1p	0.264900	-0.000049	
75	signed_log1p	0.264900	-0.000049	
75	signed_sqrt	0.233229	-0.031721	
75	signed_cbrt	0.197506	-0.067444	
75	clip_then_log1p	0.272750	0.007801	0.0782803
75	winsor_p99	0.265069	0.000120	0,0.650507
75	quantile_bins	0.266559	0.001609	0,0,0,0.0782803,0.176028,0.294728,0.473494
75	yeo_johnson	0.246521	-0.018429	-3.93832
76	identity	0.304586	0.000000	
76	log	nan	nan	
76	log1p	0.311731	0.007146	
76	signed_log1p	0.311731	0.007146	
76	signed_sqrt	0.291283	-0.013303	
76	signed_cbrt	0.254251	-0.050335	
76	clip_then_log1p	0.311731	0.007146	0
76	winsor_p99	0.316677	0.012091	0,0.408744
76	quantile_bins	0.290239	-0.014347	0,0,0.0039192,0.0569516,0.124853,0.221134,0.366939
76	yeo_johnson	0.308144	0.003558	-5.23978
77	identity	0.036860	0.000000	
77	log	nan	nan	
77	log1p	0.176844	0.139984	
77	signed_log1p	0.176844	0.139984	
77	signed_sqrt	0.169605	0.132745	
77	signed_cbrt	0.186400	0.149540	
77	clip_then_log1p	0.176844	0.139984	0
77	winsor_p99	0.214751	0.177891	0,0.305504
77	quantile_bins	0.000000	-0.036860	0,0,0,0,0,0,0
77	yeo_johnson	0.208601	0.171741	-10
78	identity	0.409713	0.000000	
78	log	0.401244	-0.008470	
78	log1p	0.419364	0.009651	
78	signed_log1p	0.419364	0.009651	
78	signed_sqrt	0.513534	0.103821	
78	signed_cbrt	0.512615	0.102902	
78	clip_then_log1p	0.419378	0.009664	4.68712e-05
78	winsor_p99	0.542246	0.132533	4.68712e-05,0.0171506
78	quantile_bins	0.475261	0.065547	6.63213e-06,4.68712e-05,0.00108004,0.00413427,0.00926325,0.0171506,0.0313848
78	yeo_johnson	0.481987	0.072274	-10
79	identity	0.420084	0.000000	
79	log	0.447261	0.027177	
79	log1p	0.433280	0.013196	
79	signed_log1p	0.433280	0.013196	
79	signed_sqrt	0.527407	0.107322	
79	signed_cbrt	0.532587	0.112503	
79	clip_then_log1p	0.433296	0.013212	0.000130208
79	winsor_p99	0.556442	0.136358	0.000130208,0.0261691
79	quantile_bins	0.491397	0.071313	3.66966e-05,0.000130208,0.00175597,0.00614844,0.0138971,0.0261691,0.0488959
79	yeo_johnson	0.512128	0.092044	-10
80	identity	0.416030	0.000000	
80	log	0.425263	0.009232	
80	log1p	0.426946	0.010916	
80	signed_log1p	0.426946	0.010916	
80	signed_sqrt	0.521775	0.105744	
80	signed_cbrt	0.523970	0.107940	
80	clip_then_log1p	0.426962	0.010931	8.11104e-05
80	winsor_p99	0.550847	0.134816	8.11104e-05,0.0206443
80	quantile_bins	0.484000	0.067970	1.77476e-05,8.11104e-05,0.00135362,0.00493163,0.0110257,0.0206443,0.0380165
80	yeo_johnson	0.496713	0.080683	-10
81	identity	0.393607	0.000000	
81	log	nan	nan	
81	log1p	0.394005	0.000397	
81	signed_log1p	0.394005	0.000397	
81	signed_sqrt	0.405459	0.011852	
81	signed_cbrt	0.361549	-0.032059	
81	clip_then_log1p	0.395214	0.001606	3.21207e-05
81	winsor_p99	0.459554	0.065946	2.05909e-08,0.0017667
81	quantile_bins	0.415678	0.022071	2.88075e-08,3.21207e-05,0.00030703,0.000536689,0.000791529,0.00111188,0.00161076
81	yeo_johnson	0.397800	0.004192	-10
82	identity	0.454611	0.000000	
82	log	nan	nan	
82	log1p	0.455672	0.001061	
82	signed_log1p	0.455672	0.001061	
82	signed_sqrt	0.450878	-0.003733	
82	signed_cbrt	0.401524	-0.053087	
82	clip_then_log1p	0.458365	0.003754	0.00021315
82	winsor_p99	0.504164	0.049553	0.00021315,0.0044644
82	quantile_bins	0.458597	0.003986	1.08452e-07,0.00021315,0.00118212,0.00220084,0.00320529,0.0044644,0.00636634
82	yeo_johnson	0.464499	0.009888	-10
83	identity	0.432400	0.000000	
83	log	nan	nan	
83	log1p	0.433013	0.000613	
83	signed_log1p	0.433013	0.000613	
83	signed_sqrt	0.433456	0.001056	
83	signed_cbrt	0.385954	-0.046446	
83	clip_then_log1p	0.435151	0.002750	9.39455e-05
83	winsor_p99	0.488270	0.055870	5.30382e-08,0.00368077
83	quantile_bins	0.440856	0.008456	6.40525e-08,9.39455e-05,0.000617475,0.00115953,0.00168804,0.00235194,0.00336049
83	yeo_johnson	0.438607	0.006207	-10
84	identity	0.420747	0.000000	
84	log	nan	nan	
84	log1p	0.420930	0.000183	
84	signed_log1p	0.420930	0.000183	
84	signed_sqrt	0.403026	-0.017721	
84	signed_cbrt	0.351594	-0.069153	
84	clip_then_log1p	0.420930	0.000184	2.55596e-08
84	winsor_p99	0.453090	0.032343	4.4726e-09,0.0023953
84	quantile_bins	0.412316	-0.008431	5.62581e-09,2.55596e-08,0.000327244,0.000679614,0.00101961,0.00145581,0.00216406
84	yeo_johnson	0.422706	0.001960	-10
85	identity	0.451811	0.000000	
85	log	nan	nan	
85	log1p	0.452347	0.000536	
85	signed_log1p	0.452347	0.000536	
85	signed_sqrt	0.421042	-0.030769	
85	signed_cbrt	0.363833	-0.087978	
85	clip_then_log1p	0.452348	0.000537	1.04089e-07
85	winsor_p99	0.479607	0.027796	6.05012e-08,0.00839166
85	quantile_bins	0.440872	-0.010939	6.46447e-08,1.04089e-07,0.00127487,0.0025365,0.00378871,0.00529425,0.0076305
85	yeo_johnson	0.457192	0.005382	-10
86	identity	0.435662	0.000000	
86	log	nan	nan	
86	log1p	0.435964	0.000302	
86	signed_log1p	0.435964	0.000302	
86	signed_sqrt	0.408755	-0.026907	
86	signed_cbrt	0.354140	-0.081522	
86	clip_then_log1p	0.435964	0.000302	6.01246e-08
86	winsor_p99	0.464636	0.028974	2.44689e-08,0.00449487
86	quantile_bins	0.425219	-0.010442	2.74212e-08,6.01246e-08,0.000688514,0.00137096,0.0020246,0.00284194,0.00410597
86	yeo_johnson	0.438821	0.003160	-10
87	identity	0.133530	0.000000	
87	log	0.241323	0.107793	
87	log1p	0.134428	0.000898	
87	signed_log1p	0.134428	0.000898	
87	signed_sqrt	0.397941	0.264411	
87	signed_cbrt	0.461327	0.327797	
87	clip_then_log1p	0.134428	0.000898	9.28296e-16
87	winsor_p99	0.550351	0.416822	3.33399e-08,2.99511e-05
87	quantile_bins	0.488018	0.354488	4.11393e-15,3.33399e-08,2.06577e-06,6.66837e-06,1.51026e-05,2.99511e-05,6.89231e-05
87	yeo_johnson	0.142730	0.009200	-10
88	identity	0.262448	0.000000	
88	log	nan	nan	
88	log1p	0.271301	0.008854	
88	signed_log1p	0.271301	0.008854	
88	signed_sqrt	0.255937	-0.006510	
88	signed_cbrt	0.219463	-0.042985	
88	clip_then_log1p	0.272607	0.010159	0.00667098
88	winsor_p99	0.279582	0.017135	0,0.24752
88	quantile_bins	0.251863	-0.010585	0,0,0,0.00667098,0.0454323,0.0920162,0.203247
88	yeo_johnson	0.258801	-0.003646	-10
89	identity	0.274646	0.000000	
89	log	nan	nan	
89	log1p	0.288582	0.013937	
89	signed_log1p	0.288582	0.013937	
89	signed_sqrt	0.284334	0.009688	
89	signed_cbrt	0.246009	-0.028636	
89	clip_then_log1p	0.289290	0.014645	0.00767261
89	winsor_p99	0.310980	0.036335	0,0.180815
89	quantile_bins	0.286266	0.011620	0,0,0,0.00767261,0.0308717,0.0651592,0.148336
89	yeo_johnson	0.301269	0.026623	-10
90	identity	0.007842	0.000000	
90	log	nan	nan	
90	log1p	0.184053	0.176211	
90	signed_log1p	0.184053	0.176211	
90	signed_sqrt	0.148617	0.140776	
90	signed_cbrt	0.202653	0.194811	
90	clip_then_log1p	0.184053	0.176211	0
90	winsor_p99	0.228696	0.220854	0,0.109959
90	quantile_bins	0.226318	0.218477	0,0,0,0,0,0,0.044169
90	yeo_johnson	0.232173	0.224332	-10
91	identity	0.485283	0.000000	
91	log	0.937476	0.452193	
91	log1p	0.497500	0.012217	
91	signed_log1p	0.497500	0.012217	
91	signed_sqrt	0.719353	0.234070	
91	signed_cbrt	0.804927	0.319644	
91	clip_then_log1p	0.497277	0.011994	5.83889e-05
91	winsor_p99	0.745820	0.260537	0.000610588,0.00898463
91	quantile_bins	0.862859	0.377576	0.000201538,0.000610588,0.00135617,0.00265891,0.00484479,0.00898463,0.018919
91	yeo_johnson	0.580900	0.095617	-10
92	identity	0.491911	0.000000	
92	log	0.914658	0.422747	
92	log1p	0.511681	0.019770	
92	signed_log1p	0.511681	0.019770	
92	signed_sqrt	0.718897	0.226986	
92	signed_cbrt	0.796935	0.305024	
92	clip_then_log1p	0.511328	0.019417	0.000201377
92	winsor_p99	0.744414	0.252503	0.00129045,0.0171626
92	quantile_bins	0.859474	0.367563	0.000497081,0.00129045,0.00277219,0.00530631,0.00927792,0.0171626,0.0341719
92	yeo_johnson	0.627518	0.135607	-10
93	identity	0.491228	0.000000	
93	log	0.926223	0.434995	
93	log1p	0.506477	0.015248	
93	signed_log1p	0.506477	0.015248	
93	signed_sqrt	0.722395	0.231167	
93	signed_cbrt	0.803589	0.312361	
93	clip_then_log1p	0.506186	0.014958	0.000110761
93	winsor_p99	0.746791	0.255563	0.000895295,0.0122719
93	quantile_bins	0.861283	0.370054	0.000318666,0.000895295,0.0019623,0.00378108,0.00669245,0.0122719,0.0247289
93	yeo_johnson	0.604760	0.113532	-10
94	identity	0.664616	0.000000	
94	log	0.924936	0.260321	
94	log1p	0.665326	0.000710	
94	signed_log1p	0.665326	0.000710	
94	signed_sqrt	0.815975	0.151360	
94	signed_cbrt	0.861189	0.196573	
94	clip_then_log1p	0.658291	-0.006325	0.000165266
94	winsor_p99	0.756440	0.091824	0.000283412,0.0030889
94	quantile_bins	0.830780	0.166165	0.000332401,0.000558902,0.000816703,0.00111743,0.00147985,0.00196584,0.00281726
94	yeo_johnson	0.672235	0.007620	-10
95	identity	0.646680	0.000000	
95	log	0.926952	0.280272	
95	log1p	0.649442	0.002761	
95	signed_log1p	0.649442	0.002761	
95	signed_sqrt	0.802706	0.156025	
95	signed_cbrt	0.850855	0.204175	
95	clip_then_log1p	0.644091	-0.002589	0.00050643
95	winsor_p99	0.753952	0.107271	0.00169389,0.00667109
95	quantile_bins	0.838349	0.191669	0.000965839,0.00169389,0.00250512,0.00351003,0.00485384,0.00667109,0.00977271
95	yeo_johnson	0.673493	0.026813	-10
96	identity	0.661634	0.000000	
96	log	0.933609	0.271975	
96	log1p	0.663149	0.001515	
96	signed_log1p	0.663149	0.001515	
96	signed_sqrt	0.815699	0.154064	
96	signed_cbrt	0.862414	0.200780	
96	clip_then_log1p	0.656758	-0.004877	0.000311177
96	winsor_p99	0.759754	0.098120	0.00102645,0.00384991
96	quantile_bins	0.839655	0.178020	0.000605033,0.00102645,0.00152315,0.00210955,0.00283978,0.00384991,0.00559451
96	yeo_johnson	0.677179	0.015545	-10
97	identity	0.643732	0.000000	
97	log	0.934559	0.290828	
97	log1p	0.644617	0.000886	
97	signed_log1p	0.644617	0.000886	
97	signed_sqrt	0.806863	0.163131	
97	signed_cbrt	0.858517	0.214786	
97	clip_then_log1p	0.640008	-0.003723	0.000143078
97	winsor_p99	0.756828	0.113097	0.000585404,0.00236294
97	quantile_bins	0.839690	0.195959	0.000293155,0.000585404,0.000880909,0.00125686,0.00170759,0.00236294,0.00360408
97	yeo_johnson	0.653286	0.009555	-10
98	identity	0.647868	0.000000	
98	log	0.929997	0.282129	
98	log1p	0.650127	0.002259	
98	signed_log1p	0.650127	0.002259	
98	signed_sqrt	0.800850	0.152983	
98	signed_cbrt	0.850544	0.202677	
98	clip_then_log1p	0.645625	-0.002243	0.000467117
98	winsor_p99	0.752799	0.104931	0.00174931,0.00719565
98	quantile_bins	0.839044	0.191177	0.000902857,0.00174931,0.00261166,0.00372077,0.00516544,0.00719565,0.0108204
98	yeo_johnson	0.671719	0.023851	-10
99	identity	0.651976	0.000000	
99	log	0.936876	0.284900	
99	log1p	0.653434	0.001458	
99	signed_log1p	0.653434	0.001458	
99	signed_sqrt	0.809031	0.157054	
99	signed_cbrt	0.859179	0.207203	
99	clip_then_log1p	0.648631	-0.003345	0.000278479
99	winsor_p99	0.758299	0.106323	0.0010697,0.00430426
99	quantile_bins	0.841856	0.189879	0.000546193,0.0010697,0.00160536,0.00228132,0.0031209,0.00430426,0.00650054
99	yeo_johnson	0.667548	0.015571	-10
100	identity	0.076571	0.000000	
100	log	0.923261	0.846691	
100	log1p	0.079543	0.002973	
100	signed_log1p	0.079543	0.002973	
100	signed_sqrt	0.537090	0.460519	
100	signed_cbrt	0.715954	0.639383	
100	clip_then_log1p	0.079514	0.002944	3.0318e-07
100	winsor_p99	0.714827	0.638257	3.68021e-06,4.66309e-05
100	quantile_bins	0.833520	0.756949	1.3345e-06,3.68021e-06,7.28598e-06,1.35482e-05,2.4931e-05,4.66309e-05,0.000101883
100	yeo_johnson	0.108692	0.032121	-10
101	identity	0.353660	0.000000	
101	log	nan	nan	
101	log1p	0.373853	0.020193	
101	signed_log1p	0.373853	0.020193	
101	signed_sqrt	0.495685	0.142025	
101	signed_cbrt	0.510049	0.156389	
101	clip_then_log1p	0.373853	0.020193	0
101	winsor_p99	0.510142	0.156482	0,0.0114609
101	quantile_bins	0.523532	0.169872	0,0,0.000567857,0.00274992,0.00574029,0.0114609,0.0281319
101	yeo_johnson	0.459734	0.106074	-10
102	identity	0.338603	0.000000	
102	log	nan	nan	
102	log1p	0.358433	0.019829	
102	signed_log1p	0.358433	0.019829	
102	signed_sqrt	0.491854	0.153251	
102	signed_cbrt	0.513692	0.175088	
102	clip_then_log1p	0.358433	0.019829	0
102	winsor_p99	0.519984	0.181381	0,0.00773326
102	quantile_bins	0.528811	0.190208	0,0,0.000244794,0.00154734,0.00351294,0.00773326,0.0228407
102	yeo_johnson	0.444946	0.106343	-10
103	identity	0.023734	0.000000	
103	log	nan	nan	
103	log1p	0.061169	0.037435	
103	signed_log1p	0.061169	0.037435	
103	signed_sqrt	0.011611	-0.012123	
103	signed_cbrt	0.082434	0.058700	
103	clip_then_log1p	0.063423	0.039689	0.000827993
103	winsor_p99	0.227520	0.203787	0,0.000827993
103	quantile_bins	0.121416	0.097682	0,0,0,0,0,0.000827993,0.00340332
103	yeo_johnson	0.086388	0.062654	-10
104	identity	0.434058	0.000000	
104	log	nan	nan	
104	log1p	0.441969	0.007911	
104	signed_log1p	0.441969	0.007911	
104	signed_sqrt	0.513953	0.079895	
104	signed_cbrt	0.505156	0.071098	
104	clip_then_log1p	0.442022	0.007965	8.81441e-05
104	winsor_p99	0.534166	0.100109	8.81441e-05,0.0174931
104	quantile_bins	0.475268	0.041211	1.11171e-05,8.81441e-05,0.00118773,0.00463789,0.00970905,0.0174931,0.0308892
104	yeo_johnson	0.490435	0.056377	-10
105	identity	0.444674	0.000000	
105	log	nan	nan	
105	log1p	0.457195	0.012521	
105	signed_log1p	0.457195	0.012521	
105	signed_sqrt	0.533690	0.089016	
105	signed_cbrt	0.534651	0.089977	
105	clip_then_log1p	0.457236	0.012562	0.000257151
105	winsor_p99	0.548450	0.103776	0.000257151,0.0274502
105	quantile_bins	0.492262	0.047588	0.000113363,0.000257151,0.00190832,0.00697771,0.0151131,0.0274502,0.0479744
105	yeo_johnson	0.520919	0.076245	-10
106	identity	0.440202	0.000000	
106	log	nan	nan	
106	log1p	0.450107	0.009905	
106	signed_log1p	0.450107	0.009905	
106	signed_sqrt	0.525645	0.085443	
106	signed_cbrt	0.522495	0.082293	
106	clip_then_log1p	0.450157	0.009954	0.000160396
106	winsor_p99	0.542892	0.102690	0.000160396,0.0211886
106	quantile_bins	0.485257	0.045055	4.75276e-05,0.000160396,0.00146861,0.0055417,0.0117073,0.0211886,0.0372024
106	yeo_johnson	0.506175	0.065972	-10
107	identity	0.425703	0.000000	
107	log	nan	nan	
107	log1p	0.426380	0.000677	
107	signed_log1p	0.426380	0.000677	
107	signed_sqrt	0.414058	-0.011644	
107	signed_cbrt	0.358848	-0.066854	
107	clip_then_log1p	0.428812	0.003110	3.94783e-05
107	winsor_p99	0.473464	0.047761	1.80183e-10,0.00166179
107	quantile_bins	0.419942	-0.005761	1.58442e-09,3.94783e-05,0.000329468,0.000539573,0.000765997,0.00104521,0.00151066
107	yeo_johnson	0.432102	0.006400	-10
108	identity	0.466657	0.000000	
108	log	nan	nan	
108	log1p	0.468510	0.001852	
108	signed_log1p	0.468510	0.001852	
108	signed_sqrt	0.446925	-0.019733	
108	signed_cbrt	0.389719	-0.076938	
108	clip_then_log1p	0.472394	0.005737	0.000211008
108	winsor_p99	0.506823	0.040166	2.35174e-08,0.00648795
108	quantile_bins	0.454586	-0.012071	4.11434e-08,0.000211008,0.00123938,0.00224617,0.00316177,0.00427585,0.0059695
108	yeo_johnson	0.481253	0.014596	-10
109	identity	0.454757	0.000000	
109	log	nan	nan	
109	log1p	0.455805	0.001048	
109	signed_log1p	0.455805	0.001048	
109	signed_sqrt	0.434845	-0.019912	
109	signed_cbrt	0.377423	-0.077334	
109	clip_then_log1p	0.459421	0.004664	0.00010303
109	winsor_p99	0.495840	0.041083	4.63948e-09,0.00343986
109	quantile_bins	0.442332	-0.012425	1.41728e-08,0.00010303,0.000660882,0.00116448,0.00163395,0.00221694,0.00314225
109	yeo_johnson	0.464090	0.009333	-10
110	identity	0.394208	0.000000	
110	log	nan	nan	
110	log1p	0.394376	0.000168	
110	signed_log1p	0.394376	0.000168	
110	signed_sqrt	0.376925	-0.017283	
110	signed_cbrt	0.325973	-0.068235	
110	clip_then_log1p	0.394377	0.000169	7.32167e-09
110	winsor_p99	0.428354	0.034146	1.54359e-11,0.00223217
110	quantile_bins	0.387047	-0.007161	2.82219e-11,7.32167e-09,0.000357438,0.000695281,0.00101604,0.00140093,0.00202874
110	yeo_johnson	0.396019	0.001811	-10
111	identity	0.435555	0.000000	
111	log	nan	nan	
111	log1p	0.435957	0.000402	
111	signed_log1p	0.435957	0.000402	
111	signed_sqrt	0.400268	-0.035288	
111	signed_cbrt	0.343154	-0.092401	
111	clip_then_log1p	0.435958	0.000402	5.98172e-08
111	winsor_p99	0.461393	0.025838	1.27164e-08,0.00789528
111	quantile_bins	0.415087	-0.020468	1.4787e-08,5.98172e-08,0.00134097,0.00264919,0.00381114,0.00514569,0.00720364
111	yeo_johnson	0.439661	0.004105	-10
112	identity	0.416596	0.000000	
112	log	nan	nan	
112	log1p	0.416848	0.000252	
112	signed_log1p	0.416848	0.000252	
112	signed_sqrt	0.386649	-0.029947	
112	signed_cbrt	0.331826	-0.084770	
112	clip_then_log1p	0.416848	0.000253	2.96214e-08
112	winsor_p99	0.444726	0.028131	1.3565e-09,0.00420773
112	quantile_bins	0.401273	-0.015323	1.83421e-09,2.96214e-08,0.000731138,0.00141554,0.00201826,0.00272721,0.00383702
112	yeo_johnson	0.419253	0.002657	-10
113	identity	0.118746	0.000000	
113	log	nan	nan	
113	log1p	0.119569	0.000823	
113	signed_log1p	0.119569	0.000823	
113	signed_sqrt	0.406459	0.287713	
113	signed_cbrt	0.464140	0.345394	
113	clip_then_log1p	0.119569	0.000823	2.51522e-16
113	winsor_p99	0.547375	0.428629	4.34423e-08,2.81192e-05
113	quantile_bins	0.483520	0.364774	1.0264e-15,4.34423e-08,2.18609e-06,6.77346e-06,1.42611e-05,2.81192e-05,5.62863e-05
113	yeo_johnson	0.127454	0.008708	-10
114	identity	0.230200	0.000000	
114	log	nan	nan	
114	log1p	0.235760	0.005560	
114	signed_log1p	0.235760	0.005560	
114	signed_sqrt	0.213972	-0.016227	
114	signed_cbrt	0.178496	-0.051703	
114	clip_then_log1p	0.238833	0.008633	0.0186387
114	winsor_p99	0.242023	0.011823	0,0.30259
114	quantile_bins	0.230169	-0.000031	0,0,0,0.0186387,0.0641455,0.131888,0.261642
114	yeo_johnson	0.223887	-0.006313	-8.28027
115	identity	0.238851	0.000000	
115	log	nan	nan	
115	log1p	0.250323	0.011472	
115	signed_log1p	0.250323	0.011472	
115	signed_sqrt	0.244939	0.006088	
115	signed_cbrt	0.210855	-0.027996	
115	clip_then_log1p	0.250789	0.011938	0.0158714
115	winsor_p99	0.271567	0.032716	0,0.243055
115	quantile_bins	0.267840	0.028989	0,0,0,0.0158714,0.0471249,0.10057,0.205231
115	yeo_johnson	0.263350	0.024499	-9.68061
116	identity	0.033456	0.000000	
116	log	nan	nan	
116	log1p	0.192122	0.158666	
116	signed_log1p	0.192122	0.158666	
116	signed_sqrt	0.185176	0.151719	
116	signed_cbrt	0.221220	0.187764	
116	clip_then_log1p	0.192122	0.158666	0
116	winsor_p99	0.245789	0.212333	0,0.34452
116	quantile_bins	0.239062	0.205605	0,0,0,0,0,0,0.0227133
116	yeo_johnson	0.249709	0.216253	-10
117	identity	0.376920	0.000000	
117	log	nan	nan	
117	log1p	0.387666	0.010746	
117	signed_log1p	0.387666	0.010746	
117	signed_sqrt	0.528168	0.151248	
117	signed_cbrt	0.548750	0.171830	
117	clip_then_log1p	0.387666	0.010746	4.26498e-06
117	winsor_p99	0.573149	0.196230	3.10998e-05,0.0102527
117	quantile_bins	0.506649	0.129729	4.85629e-06,3.10998e-05,0.000409742,0.00147516,0.00455919,0.0102527,0.0211984
117	yeo_johnson	0.461850	0.084930	-10
118	identity	0.365734	0.000000	
118	log	nan	nan	
118	log1p	0.380331	0.014598	
118	signed_log1p	0.380331	0.014598	
118	signed_sqrt	0.521793	0.156060	
118	signed_cbrt	0.550417	0.184684	
118	clip_then_log1p	0.380333	0.014599	2.23599e-05
118	winsor_p99	0.579278	0.213544	0.000102711,0.0137406
118	quantile_bins	0.517215	0.151481	2.8401e-05,0.000102711,0.00059462,0.00195905,0.00594688,0.0137406,0.0299441
118	yeo_johnson	0.472964	0.107231	-10
119	identity	0.371683	0.000000	
119	log	nan	nan	
119	log1p	0.384066	0.012383	
119	signed_log1p	0.384066	0.012383	
119	signed_sqrt	0.526128	0.154445	
119	signed_cbrt	0.550597	0.178914	
119	clip_then_log1p	0.384067	0.012384	9.15732e-06
119	winsor_p99	0.576852	0.205169	5.95389e-05,0.0116069
119	quantile_bins	0.513073	0.141391	1.23893e-05,5.95389e-05,0.000494422,0.0016693,0.00511156,0.0116069,0.0246379
119	yeo_johnson	0.466754	0.095071	-10
120	identity	0.412255	0.000000	
120	log	nan	nan	
120	log1p	0.412916	0.000660	
120	signed_log1p	0.412916	0.000660	
120	signed_sqrt	0.465677	0.053421	
120	signed_cbrt	0.425544	0.013288	
120	clip_then_log1p	0.413498	0.001243	2.45938e-05
120	winsor_p99	0.524630	0.112375	2.45938e-05,0.00110625
120	quantile_bins	0.464397	0.052141	1.61872e-08,2.45938e-05,0.000237571,0.000434575,0.000722005,0.00110625,0.00168342
120	yeo_johnson	0.419176	0.006920	-10
121	identity	0.463341	0.000000	
121	log	nan	nan	
121	log1p	0.465192	0.001850	
121	signed_log1p	0.465192	0.001850	
121	signed_sqrt	0.500369	0.037028	
121	signed_cbrt	0.455081	-0.008261	
121	clip_then_log1p	0.466338	0.002996	0.000113193
121	winsor_p99	0.559255	0.095914	0.000113193,0.00354984
121	quantile_bins	0.499915	0.036574	8.92244e-08,0.000113193,0.00076829,0.00142232,0.00236267,0.00354984,0.00541004
121	yeo_johnson	0.480074	0.016733	-10
122	identity	0.447803	0.000000	
122	log	nan	nan	
122	log1p	0.448826	0.001023	
122	signed_log1p	0.448826	0.001023	
122	signed_sqrt	0.487870	0.040067	
122	signed_cbrt	0.444166	-0.003637	
122	clip_then_log1p	0.449802	0.001999	5.82171e-05
122	winsor_p99	0.546665	0.098862	5.82171e-05,0.00210518
122	quantile_bins	0.484847	0.037044	4.75245e-08,5.82171e-05,0.000456186,0.000838172,0.00140045,0.00210518,0.00316238
122	yeo_johnson	0.458004	0.010201	-10
123	identity	0.478085	0.000000	
123	log	nan	nan	
123	log1p	0.478265	0.000180	
123	signed_log1p	0.478265	0.000180	
123	signed_sqrt	0.461495	-0.016590	
123	signed_cbrt	0.402125	-0.075961	
123	clip_then_log1p	0.478266	0.000180	1.82628e-08
123	winsor_p99	0.519151	0.041065	4.1085e-09,0.00179724
123	quantile_bins	0.469619	-0.008466	5.778e-09,1.82628e-08,0.00021442,0.000436017,0.000706986,0.0010695,0.00161727
123	yeo_johnson	0.480017	0.001932	-10
124	identity	0.498293	0.000000	
124	log	nan	nan	
124	log1p	0.498842	0.000550	
124	signed_log1p	0.498842	0.000550	
124	signed_sqrt	0.476569	-0.021724	
124	signed_cbrt	0.413497	-0.084796	
124	clip_then_log1p	0.498843	0.000550	8.28173e-08
124	winsor_p99	0.536618	0.038326	5.19894e-08,0.00589711
124	quantile_bins	0.488536	-0.009757	5.64312e-08,8.28173e-08,0.000759565,0.0014222,0.00229611,0.00349502,0.00531283
124	yeo_johnson	0.503933	0.005640	-10
125	identity	0.491618	0.000000	
125	log	nan	nan	
125	log1p	0.491926	0.000308	
125	signed_log1p	0.491926	0.000308	
125	signed_sqrt	0.469218	-0.022400	
125	signed_cbrt	0.407410	-0.084208	
125	clip_then_log1p	0.491926	0.000308	4.84939e-08
125	winsor_p99	0.529587	0.037969	2.22506e-08,0.00335392
125	quantile_bins	0.480468	-0.011150	2.63684e-08,4.84939e-08,0.00043422,0.000834336,0.00135278,0.00203464,0.00303933
125	yeo_johnson	0.494869	0.003251	-10
126	identity	0.116791	0.000000	
126	log	0.260190	0.143399	
126	log1p	0.117580	0.000790	
126	signed_log1p	0.117580	0.000790	
126	signed_sqrt	0.379604	0.262813	
126	signed_cbrt	0.465171	0.348380	
126	clip_then_log1p	0.117580	0.000790	3.79046e-16
126	winsor_p99	0.571473	0.454682	1.06445e-08,1.83788e-05
126	quantile_bins	0.506516	0.389725	1.70114e-15,1.06445e-08,8.27943e-07,2.89527e-06,7.84824e-06,1.83788e-05,4.7326e-05
126	yeo_johnson	0.124886	0.008095	-10
127	identity	0.197372	0.000000	
127	log	nan	nan	
127	log1p	0.209013	0.011641	
127	signed_log1p	0.209013	0.011641	
127	signed_sqrt	0.212125	0.014753	
127	signed_cbrt	0.180902	-0.016470	
127	clip_then_log1p	0.209013	0.011641	0
127	winsor_p99	0.237006	0.039633	0,0.180511
127	quantile_bins	0.186054	-0.011318	0,0,0,0,0.00272331,0.0173018,0.0598684
127	yeo_johnson	0.234119	0.036746	-10
128	identity	0.202726	0.000000	
128	log	nan	nan	
128	log1p	0.215830	0.013104	
128	signed_log1p	0.215830	0.013104	
128	signed_sqrt	0.235710	0.032984	
128	signed_cbrt	0.210020	0.007294	
128	clip_then_log1p	0.215830	0.013104	0
128	winsor_p99	0.261561	0.058836	0,0.0710299
128	quantile_bins	0.230472	0.027746	0,0,0,0,0.00333708,0.0129555,0.0511021
128	yeo_johnson	0.260935	0.058209	-10
129	identity	0.006433	0.000000	
129	log	nan	nan	
129	log1p	0.195046	0.188614	
129	signed_log1p	0.195046	0.188614	
129	signed_sqrt	0.145870	0.139438	
129	signed_cbrt	0.228125	0.221693	
129	clip_then_log1p	0.195046	0.188614	0
129	winsor_p99	0.257222	0.250789	0,0.212612
129	quantile_bins	0.252148	0.245715	0,0,0,0,0,0.00972007,0.136697
129	yeo_johnson	0.260944	0.254512	-10
130	identity	0.350871	0.000000	
130	log	0.872612	0.521741	
130	log1p	0.366000	0.015129	
130	signed_log1p	0.366000	0.015129	
130	signed_sqrt	0.629307	0.278436	
130	signed_cbrt	0.727250	0.376379	
130	clip_then_log1p	0.365908	0.015038	1.63753e-05
130	winsor_p99	0.713469	0.362598	0.00011408,0.00246385
130	quantile_bins	0.831301	0.480431	4.09135e-05,0.00011408,0.000270742,0.00058602,0.00118752,0.00246385,0.00623008
130	yeo_johnson	0.446535	0.095664	-10
131	identity	0.342374	0.000000	
131	log	0.832888	0.490513	
131	log1p	0.368277	0.025902	
131	signed_log1p	0.368277	0.025902	
131	signed_sqrt	0.619530	0.277156	
131	signed_cbrt	0.710435	0.368061	
131	clip_then_log1p	0.368114	0.025739	7.05798e-05
131	winsor_p99	0.711965	0.369591	0.000349959,0.00548921
131	quantile_bins	0.811580	0.469206	0.00016041,0.000349959,0.000718965,0.00150355,0.00279119,0.00548921,0.0132829
131	yeo_johnson	0.490392	0.148018	-10
132	identity	0.340608	0.000000	
132	log	0.851004	0.510396	
132	log1p	0.361842	0.021234	
132	signed_log1p	0.361842	0.021234	
132	signed_sqrt	0.626043	0.285435	
132	signed_cbrt	0.720519	0.379911	
132	clip_then_log1p	0.361717	0.021109	3.48972e-05
132	winsor_p99	0.713761	0.373153	0.000201344,0.00365261
132	quantile_bins	0.820369	0.479761	8.21027e-05,0.000201344,0.00044627,0.000947543,0.0018276,0.00365261,0.00894049
132	yeo_johnson	0.467223	0.126615	-10
133	identity	0.595906	0.000000	
133	log	0.898612	0.302705	
133	log1p	0.596998	0.001092	
133	signed_log1p	0.596998	0.001092	
133	signed_sqrt	0.774317	0.178411	
133	signed_cbrt	0.824884	0.228977	
133	clip_then_log1p	0.592633	-0.003273	8.99382e-05
133	winsor_p99	0.750887	0.154980	0.000289367,0.00129526
133	quantile_bins	0.824724	0.228817	0.000173215,0.000289367,0.000441953,0.00066223,0.000906761,0.00129526,0.00202076
133	yeo_johnson	0.606975	0.011068	-10
134	identity	0.570508	0.000000	
134	log	0.898505	0.327997	
134	log1p	0.575783	0.005275	
134	signed_log1p	0.575783	0.005275	
134	signed_sqrt	0.762849	0.192341	
134	signed_cbrt	0.815735	0.245227	
134	clip_then_log1p	0.571880	0.001372	0.000260673
134	winsor_p99	0.742222	0.171714	0.000809686,0.00364083
134	quantile_bins	0.827935	0.257426	0.000492613,0.000809686,0.00119416,0.0018013,0.00248008,0.00364083,0.00565697
134	yeo_johnson	0.612034	0.041526	-10
135	identity	0.588987	0.000000	
135	log	0.905914	0.316927	
135	log1p	0.591684	0.002697	
135	signed_log1p	0.591684	0.002697	
135	signed_sqrt	0.774990	0.186003	
135	signed_cbrt	0.826775	0.237788	
135	clip_then_log1p	0.587259	-0.001728	0.000166113
135	winsor_p99	0.750155	0.161168	0.000509627,0.00233127
135	quantile_bins	0.831679	0.242692	0.000307718,0.000509627,0.000770168,0.00117245,0.00160609,0.00233127,0.00358277
135	yeo_johnson	0.613240	0.024253	-10
136	identity	0.629744	0.000000	
136	log	0.920977	0.291233	
136	log1p	0.630235	0.000491	
136	signed_log1p	0.630235	0.000491	
136	signed_sqrt	0.786636	0.156892	
136	signed_cbrt	0.838435	0.208690	
136	clip_then_log1p	0.626651	-0.003093	7.19704e-05
136	winsor_p99	0.746132	0.116387	0.000271885,0.00140092
136	quantile_bins	0.836462	0.206718	0.000146247,0.000271885,0.000424352,0.00067464,0.000962031,0.00140092,0.00219707
136	yeo_johnson	0.635082	0.005337	-10
137	identity	0.619993	0.000000	
137	log	0.909268	0.289275	
137	log1p	0.621230	0.001238	
137	signed_log1p	0.621230	0.001238	
137	signed_sqrt	0.771701	0.151708	
137	signed_cbrt	0.822996	0.203003	
137	clip_then_log1p	0.616966	-0.003026	0.000249688
137	winsor_p99	0.740257	0.120265	0.000788964,0.00376224
137	quantile_bins	0.830704	0.210711	0.000474243,0.000788964,0.00119833,0.00182005,0.00256624,0.00376224,0.00589214
137	yeo_johnson	0.633281	0.013289	-10
138	identity	0.631388	0.000000	
138	log	0.920283	0.288895	
138	log1p	0.632191	0.000803	
138	signed_log1p	0.632191	0.000803	
138	signed_sqrt	0.784622	0.153234	
138	signed_cbrt	0.835756	0.204368	
138	clip_then_log1p	0.627982	-0.003406	0.000147388
138	winsor_p99	0.746727	0.115339	0.000489767,0.00244565
138	quantile_bins	0.837363	0.205975	0.000282197,0.000489767,0.000758071,0.00118353,0.00167185,0.00244565,0.0038165
138	yeo_johnson	0.640086	0.008698	-10
139	identity	0.046336	0.000000	
139	log	0.874792	0.828456	
139	log1p	0.047790	0.001454	
139	signed_log1p	0.047790	0.001454	
139	signed_sqrt	0.423480	0.377144	
139	signed_cbrt	0.650395	0.604059	
139	clip_then_log1p	0.047784	0.001448	8.16734e-08
139	winsor_p99	0.695252	0.648916	1.15447e-06,1.60674e-05
139	quantile_bins	0.792760	0.746424	3.99699e-07,1.15447e-06,2.96531e-06,4.57958e-06,7.77206e-06,1.60674e-05,4.05067e-05
139	yeo_johnson	0.061791	0.015455	-10
140	identity	0.282704	0.000000	
140	log	nan	nan	
140	log1p	0.296470	0.013766	
140	signed_log1p	0.296470	0.013766	
140	signed_sqrt	0.385305	0.102600	
140	signed_cbrt	0.374062	0.091358	
140	clip_then_log1p	0.296470	0.013766	0
140	winsor_p99	0.397476	0.114772	0,0.0161907
140	quantile_bins	0.394624	0.111919	0,0,0,0.000548652,0.00206089,0.0048532,0.01269
140	yeo_johnson	0.357057	0.074352	-10
141	identity	0.241665	0.000000	
141	log	nan	nan	
141	log1p	0.259762	0.018097	
141	signed_log1p	0.259762	0.018097	
141	signed_sqrt	0.367667	0.126001	
141	signed_cbrt	0.357707	0.116042	
141	clip_then_log1p	0.259762	0.018097	0
141	winsor_p99	0.388364	0.146699	0,0.0103517
141	quantile_bins	0.345692	0.104027	0,0,0,4.01562e-05,0.000772947,0.00223119,0.00743988
141	yeo_johnson	0.332426	0.090760	-10
142	identity	0.025587	0.000000	
142	log	nan	nan	
142	log1p	0.081559	0.055972	
142	signed_log1p	0.081559	0.055972	
142	signed_sqrt	0.082776	0.057189	
142	signed_cbrt	0.030836	0.005249	
142	clip_then_log1p	0.083490	0.057903	0.00234933
142	winsor_p99	0.162859	0.137272	0,0.0512747
142	quantile_bins	0.003666	-0.021921	0,0,0,0,0.000531075,0.00234933,0.00483128
142	yeo_johnson	0.157570	0.131983	-10
143	identity	0.418068	0.000000	
143	log	nan	nan	
143	log1p	0.429564	0.011496	
143	signed_log1p	0.429564	0.011496	
143	signed_sqrt	0.545147	0.127080	
143	signed_cbrt	0.549042	0.130974	
143	clip_then_log1p	0.429563	0.011495	2.8461e-06
143	winsor_p99	0.567301	0.149234	6.31759e-05,0.0109024
143	quantile_bins	0.505515	0.087447	9.04724e-06,6.31759e-05,0.000478824,0.00205457,0.00531959,0.0109024,0.0210879
143	yeo_johnson	0.495609	0.077542	-10
144	identity	0.398908	0.000000	
144	log	nan	nan	
144	log1p	0.416718	0.017810	
144	signed_log1p	0.416718	0.017810	
144	signed_sqrt	0.544200	0.145292	
144	signed_cbrt	0.561569	0.162661	
144	clip_then_log1p	0.416708	0.017800	5.8731e-05
144	winsor_p99	0.573438	0.174530	0.000214012,0.0145919
144	quantile_bins	0.517770	0.118862	9.77291e-05,0.000214012,0.000794699,0.00265432,0.00705675,0.0145919,0.0288571
144	yeo_johnson	0.504815	0.105907	-10
145	identity	0.408189	0.000000	
145	log	nan	nan	
145	log1p	0.422660	0.014471	
145	signed_log1p	0.422660	0.014471	
145	signed_sqrt	0.546104	0.137915	
145	signed_cbrt	0.557580	0.149391	
145	clip_then_log1p	0.422655	0.014466	2.05248e-05
145	winsor_p99	0.571112	0.162923	0.000125993,0.0123104
145	quantile_bins	0.512801	0.104612	4.11317e-05,0.000125993,0.000614005,0.00228922,0.0060172,0.0123104,0.024042
145	yeo_johnson	0.500084	0.091895	-10
146	identity	0.456543	0.000000	
146	log	nan	nan	
146	log1p	0.457598	0.001055	
146	signed_log1p	0.457598	0.001055	
146	signed_sqrt	0.480923	0.024381	
146	signed_cbrt	0.425830	-0.030713	
146	clip_then_log1p	0.458854	0.002311	2.76718e-05
146	winsor_p99	0.534932	0.078390	2.09072e-10,0.00180784
146	quantile_bins	0.470715	0.014173	1.42567e-09,2.76718e-05,0.000261345,0.000472128,0.000720771,0.00107727,0.00163514
146	yeo_johnson	0.466501	0.009958	-10
147	identity	0.489598	0.000000	
147	log	nan	nan	
147	log1p	0.492603	0.003005	
147	signed_log1p	0.492603	0.003005	
147	signed_sqrt	0.503891	0.014293	
147	signed_cbrt	0.446414	-0.043185	
147	clip_then_log1p	0.494738	0.005140	0.000126922
147	winsor_p99	0.560882	0.071283	2.43953e-08,0.00563508
147	quantile_bins	0.496511	0.006913	4.0054e-08,0.000126922,0.000889498,0.0015888,0.00246788,0.00359103,0.0052013
147	yeo_johnson	0.513113	0.023515	-10
148	identity	0.480458	0.000000	
148	log	nan	nan	
148	log1p	0.482238	0.001780	
148	signed_log1p	0.482238	0.001780	
148	signed_sqrt	0.495656	0.015199	
148	signed_cbrt	0.438311	-0.042146	
148	clip_then_log1p	0.484129	0.003672	6.63225e-05
148	winsor_p99	0.551472	0.071014	4.99233e-09,0.00335571
148	quantile_bins	0.485160	0.004703	1.33951e-08,6.63225e-05,0.000492547,0.000923892,0.0014164,0.00207274,0.003071
148	yeo_johnson	0.496048	0.015591	-10
149	identity	0.466521	0.000000	
149	log	nan	nan	
149	log1p	0.466638	0.000117	
149	signed_log1p	0.466638	0.000117	
149	signed_sqrt	0.437178	-0.029343	
149	signed_cbrt	0.375520	-0.091001	
149	clip_then_log1p	0.466639	0.000117	5.23046e-09
149	winsor_p99	0.495214	0.028693	1.79803e-11,0.0017153
149	quantile_bins	0.438287	-0.028235	3.58201e-11,5.23046e-09,0.00024021,0.000489573,0.000758179,0.00107883,0.0015628
149	yeo_johnson	0.467784	0.001263	-10
150	identity	0.496059	0.000000	
150	log	nan	nan	
150	log1p	0.496393	0.000334	
150	signed_log1p	0.496393	0.000334	
150	signed_sqrt	0.458916	-0.037143	
150	signed_cbrt	0.393684	-0.102375	
150	clip_then_log1p	0.496394	0.000335	5.47469e-08
150	winsor_p99	0.522551	0.026492	1.32109e-08,0.00575027
150	quantile_bins	0.463138	-0.032921	1.56951e-08,5.47469e-08,0.000834672,0.0016311,0.00257358,0.00364503,0.0052389
150	yeo_johnson	0.499537	0.003478	-10
151	identity	0.485410	0.000000	
151	log	nan	nan	
151	log1p	0.485604	0.000194	
151	signed_log1p	0.485604	0.000194	
151	signed_sqrt	0.448787	-0.036622	
151	signed_cbrt	0.384445	-0.100964	
151	clip_then_log1p	0.485605	0.000195	2.49849e-08
151	winsor_p99	0.511514	0.026104	1.46404e-09,0.00322501
151	quantile_bins	0.453067	-0.032342	2.06642e-09,2.49849e-08,0.000476565,0.000948621,0.00146779,0.00206936,0.00295024
151	yeo_johnson	0.487474	0.002065	-10
152	identity	0.104123	0.000000	
152	log	nan	nan	
152	log1p	0.104815	0.000692	
152	signed_log1p	0.104815	0.000692	
152	signed_sqrt	0.394972	0.290848	
152	signed_cbrt	0.477300	0.373177	
152	clip_then_log1p	0.104815	0.000692	2.37905e-16
152	winsor_p99	0.571458	0.467334	1.52132e-08,1.77914e-05
152	quantile_bins	0.506293	0.402170	9.60301e-16,1.52132e-08,1.00844e-06,3.26112e-06,8.34061e-06,1.77914e-05,4.04862e-05
152	yeo_johnson	0.111460	0.007337	-10
153	identity	0.161082	0.000000	
153	log	nan	nan	
153	log1p	0.168014	0.006931	
153	signed_log1p	0.168014	0.006931	
153	signed_sqrt	0.153985	-0.007097	
153	signed_cbrt	0.118912	-0.042171	
153	clip_then_log1p	0.168014	0.006931	0
153	winsor_p99	0.180377	0.019294	0,0.188885
153	quantile_bins	0.157726	-0.003356	0,0,0,0,0.00859634,0.0313224,0.0916173
153	yeo_johnson	0.172785	0.011703	-10
154	identity	0.163214	0.000000	
154	log	nan	nan	
154	log1p	0.171132	0.007918	
154	signed_log1p	0.171132	0.007918	
154	signed_sqrt	0.171083	0.007870	
154	signed_cbrt	0.141115	-0.022099	
154	clip_then_log1p	0.171132	0.007918	0
154	winsor_p99	0.196478	0.033264	0,0.102393
154	quantile_bins	0.179211	0.015997	0,0,0,0,0.00773648,0.0267036,0.0796112
154	yeo_johnson	0.193716	0.030503	-10
155	identity	0.027965	0.000000	
155	log	nan	nan	
155	log1p	0.212995	0.185030	
155	signed_log1p	0.212995	0.185030	
155	signed_sqrt	0.196154	0.168189	
155	signed_cbrt	0.261368	0.233402	
155	clip_then_log1p	0.212995	0.185030	0
155	winsor_p99	0.291937	0.263971	0,0.155707
155	quantile_bins	0.267907	0.239941	0,0,0,0,0,0.00239449,0.0940405
155	yeo_johnson	0.294677	0.266712	-10
156	identity	0.456536	0.000000	
156	log	0.349395	-0.107142	
156	log1p	0.471894	0.015358	
156	signed_log1p	0.471894	0.015358	
156	signed_sqrt	0.473453	0.016917	
156	signed_cbrt	0.453074	-0.003462	
156	clip_then_log1p	0.472256	0.015720	0.00145198
156	winsor_p99	0.485153	0.028616	0.00145198,0.300749
156	quantile_bins	0.423956	-0.032581	0.000267327,0.00145198,0.0300672,0.0966326,0.182387,0.300749,0.492455
156	yeo_johnson	0.489921	0.033385	-3.77245
157	identity	0.316144	0.000000	
157	log	nan	nan	
157	log1p	0.319665	0.003521	
157	signed_log1p	0.319665	0.003521	
157	signed_sqrt	0.309362	-0.006782	
157	signed_cbrt	0.275002	-0.041142	
157	clip_then_log1p	0.322164	0.006020	0.00240973
157	winsor_p99	0.348111	0.031967	0.00240973,0.0381787
157	quantile_bins	0.324462	0.008318	1.07288e-06,0.00240973,0.0108823,0.0180942,0.0259846,0.0381787,0.0569492
157	yeo_johnson	0.338003	0.021859	-10
158	identity	0.285931	0.000000	
158	log	nan	nan	
158	log1p	0.289582	0.003650	
158	signed_log1p	0.289582	0.003650	
158	signed_sqrt	0.283712	-0.002219	
158	signed_cbrt	0.252007	-0.033925	
158	clip_then_log1p	0.289582	0.003650	1.07288e-06
158	winsor_p99	0.324192	0.038260	1.07288e-06,0.0462017
158	quantile_bins	0.321685	0.035754	9.53674e-07,1.07288e-06,0.0131681,0.0226908,0.0319364,0.0462017,0.0752249
158	yeo_johnson	0.311927	0.025996	-10
159	identity	0.428571	0.000000	
159	log	0.341231	-0.087340	
159	log1p	0.440624	0.012053	
159	signed_log1p	0.440624	0.012053	
159	signed_sqrt	0.463933	0.035362	
159	signed_cbrt	0.447001	0.018430	
159	clip_then_log1p	0.440871	0.012301	0.000608094
159	winsor_p99	0.482921	0.054350	0.000608094,0.100568
159	quantile_bins	0.423544	-0.005026	7.54772e-05,0.000608094,0.0103201,0.0318242,0.0608056,0.100568,0.171997
159	yeo_johnson	0.485407	0.056836	-10
160	identity	0.325469	0.000000	
160	log	nan	nan	
160	log1p	0.326411	0.000943	
160	signed_log1p	0.326411	0.000943	
160	signed_sqrt	0.311630	-0.013839	
160	signed_cbrt	0.270113	-0.055356	
160	clip_then_log1p	0.329998	0.004530	0.000939206
160	winsor_p99	0.355623	0.030155	0.000939206,0.00952507
160	quantile_bins	0.342195	0.016726	0,0.000939206,0.0030594,0.00467725,0.00663412,0.00952507,0.0143616
160	yeo_johnson	0.333911	0.008443	-10
161	identity	0.277631	0.000000	
161	log	nan	nan	
161	log1p	0.279163	0.001532	
161	signed_log1p	0.279163	0.001532	
161	signed_sqrt	0.281278	0.003647	
161	signed_cbrt	0.246935	-0.030697	
161	clip_then_log1p	0.279163	0.001532	0
161	winsor_p99	0.326802	0.049171	0,0.0122327
161	quantile_bins	0.348478	0.070847	0,0,0.00359468,0.00620036,0.00861055,0.0122327,0.0202031
161	yeo_johnson	0.292270	0.014638	-10
162	identity	0.728147	0.000000	
162	log	0.927255	0.199108	
162	log1p	0.766071	0.037924	
162	signed_log1p	0.766071	0.037924	
162	signed_sqrt	0.839742	0.111595	
162	signed_cbrt	0.877214	0.149068	
162	clip_then_log1p	0.765201	0.037054	0.00457641
162	winsor_p99	0.750825	0.022678	0.0165249,0.729819
162	quantile_bins	0.818903	0.090756	0.0241608,0.0791903,0.15154,0.242332,0.350024,0.480922,0.67388
162	yeo_johnson	0.814804	0.086657	-1.73912
163	identity	0.653724	0.000000	
163	log	0.861367	0.207643	
163	log1p	0.676353	0.022629	
163	signed_log1p	0.676353	0.022629	
163	signed_sqrt	0.770014	0.116290	
163	signed_cbrt	0.806448	0.152723	
163	clip_then_log1p	0.673701	0.019977	0.00741291
163	winsor_p99	0.689096	0.035371	0.0185785,0.249278
163	quantile_bins	0.747011	0.093287	0.023514,0.0483795,0.0712221,0.0979756,0.129899,0.169887,0.230837
163	yeo_johnson	0.761114	0.107390	-4.98756
164	identity	0.709922	0.000000	
164	log	0.879017	0.169095	
164	log1p	0.726172	0.016250	
164	signed_log1p	0.726172	0.016250	
164	signed_sqrt	0.807665	0.097744	
164	signed_cbrt	0.837257	0.127336	
164	clip_then_log1p	0.723118	0.013196	0.00756867
164	winsor_p99	0.725632	0.015710	0.00756867,0.260792
164	quantile_bins	0.761366	0.051445	0.0242184,0.0498147,0.073035,0.0982766,0.126181,0.15867,0.208036
164	yeo_johnson	0.782299	0.072377	-4.18135
165	identity	0.696413	0.000000	
165	log	0.940529	0.244116	
165	log1p	0.722346	0.025933	
165	signed_log1p	0.722346	0.025933	
165	signed_sqrt	0.832248	0.135835	
165	signed_cbrt	0.877863	0.181451	
165	clip_then_log1p	0.721237	0.024824	0.00203094
165	winsor_p99	0.749175	0.052762	0.0276679,0.1685
165	quantile_bins	0.831563	0.135150	0.00902072,0.0276679,0.0519168,0.0823836,0.119154,0.1685,0.255502
165	yeo_johnson	0.819712	0.123299	-5.8637
166	identity	0.659885	0.000000	
166	log	0.858829	0.198944	
166	log1p	0.666345	0.006460	
166	signed_log1p	0.666345	0.006460	
166	signed_sqrt	0.771012	0.111127	
166	signed_cbrt	0.805216	0.145331	
166	clip_then_log1p	0.662787	0.002902	0.00260169
166	winsor_p99	0.694510	0.034625	0.00538613,0.0606578
166	quantile_bins	0.746507	0.086622	0.00656229,0.0128898,0.0187452,0.0250814,0.0325596,0.0418412,0.056246
166	yeo_johnson	0.721494	0.061609	-10
167	identity	0.684494	0.000000	
167	log	0.877672	0.193178	
167	log1p	0.691399	0.006905	
167	signed_log1p	0.691399	0.006905	
167	signed_sqrt	0.795079	0.110586	
167	signed_cbrt	0.828178	0.143684	
167	clip_then_log1p	0.688324	0.003831	0.00251311
167	winsor_p99	0.719297	0.034803	0.00559602,0.0636533
167	quantile_bins	0.765696	0.081203	0.00689622,0.0136883,0.0201151,0.0269543,0.0346102,0.0440436,0.0588314
167	yeo_johnson	0.748785	0.064292	-10
168	identity	0.438911	0.000000	
168	log	nan	nan	
168	log1p	0.454730	0.015820	
168	signed_log1p	0.454730	0.015820	
168	signed_sqrt	0.456608	0.017697	
168	signed_cbrt	0.440111	0.001200	
168	clip_then_log1p	0.455080	0.016169	0.00196442
168	winsor_p99	0.472659	0.033749	0.00196442,0.300175
168	quantile_bins	0.427424	-0.011487	0.000719011,0.00196442,0.0351624,0.104791,0.191458,0.300175,0.479417
168	yeo_johnson	0.473916	0.035005	-3.63908
169	identity	0.306446	0.000000	
169	log	nan	nan	
169	log1p	0.308949	0.002503	
169	signed_log1p	0.308949	0.002503	
169	signed_sqrt	0.289096	-0.017350	
169	signed_cbrt	0.252057	-0.054389	
169	clip_then_log1p	0.313111	0.006665	0.00296918
169	winsor_p99	0.334701	0.028255	0.00296918,0.0326748
169	quantile_bins	0.304616	-0.001830	2.38419e-07,0.00296918,0.0113001,0.0178592,0.0243848,0.0326748,0.0471159
169	yeo_johnson	0.321405	0.014959	-10
170	identity	0.253666	0.000000	
170	log	nan	nan	
170	log1p	0.256995	0.003329	
170	signed_log1p	0.256995	0.003329	
170	signed_sqrt	0.253322	-0.000345	
170	signed_cbrt	0.224290	-0.029376	
170	clip_then_log1p	0.256995	0.003329	2.38419e-07
170	winsor_p99	0.301869	0.048202	2.38419e-07,0.0411765
170	quantile_bins	0.293303	0.039637	1.19209e-07,2.38419e-07,0.0146318,0.0225417,0.0300456,0.0411765,0.0655397
170	yeo_johnson	0.279433	0.025767	-10
171	identity	0.408757	0.000000	
171	log	nan	nan	
171	log1p	0.421286	0.012529	
171	signed_log1p	0.421286	0.012529	
171	signed_sqrt	0.446356	0.037599	
171	signed_cbrt	0.434234	0.025477	
171	clip_then_log1p	0.421488	0.012731	0.000751051
171	winsor_p99	0.470186	0.061430	0.000751051,0.0988146
171	quantile_bins	0.423330	0.014573	0.000240595,0.000751051,0.0118123,0.0340344,0.062432,0.0988146,0.16389
171	yeo_johnson	0.468669	0.059912	-10
172	identity	0.313785	0.000000	
172	log	nan	nan	
172	log1p	0.314660	0.000875	
172	signed_log1p	0.314660	0.000875	
172	signed_sqrt	0.292592	-0.021193	
172	signed_cbrt	0.250717	-0.063068	
172	clip_then_log1p	0.319402	0.005617	0.000926919
172	winsor_p99	0.343316	0.029532	0.000926919,0.0081779
172	quantile_bins	0.334775	0.020990	0,0.000926919,0.00303943,0.00457049,0.00616435,0.0081779,0.0116647
172	yeo_johnson	0.321111	0.007326	-10
173	identity	0.243205	0.000000	
173	log	nan	nan	
173	log1p	0.244653	0.001448	
173	signed_log1p	0.244653	0.001448	
173	signed_sqrt	0.251617	0.008412	
173	signed_cbrt	0.222198	-0.021007	
173	clip_then_log1p	0.244653	0.001448	0
173	winsor_p99	0.304020	0.060815	0,0.0109468
173	quantile_bins	0.328454	0.085250	0,0,0.00397644,0.00600136,0.00798609,0.0109468,0.0174506
173	yeo_johnson	0.257291	0.014086	-10
174	identity	0.471185	0.000000	
174	log	0.411751	-0.059434	
174	log1p	0.490365	0.019180	
174	signed_log1p	0.490365	0.019180	
174	signed_sqrt	0.517543	0.046358	
174	signed_cbrt	0.506340	0.035154	
174	clip_then_log1p	0.490554	0.019369	0.000816837
174	winsor_p99	0.528434	0.057249	0.000816837,0.156419
174	quantile_bins	0.468275	-0.002910	0.000201821,0.000816837,0.0125383,0.0431827,0.0894346,0.156419,0.278185
174	yeo_johnson	0.534048	0.062862	-7.05511
175	identity	0.388013	0.000000	
175	log	nan	nan	
175	log1p	0.391853	0.003840	
175	signed_log1p	0.391853	0.003840	
175	signed_sqrt	0.383843	-0.004170	
175	signed_cbrt	0.343904	-0.044109	
175	clip_then_log1p	0.394400	0.006388	0.00171256
175	winsor_p99	0.425981	0.037969	0.00171256,0.0322284
175	quantile_bins	0.396570	0.008557	9.53674e-07,0.00171256,0.0087077,0.0152605,0.0220478,0.0322284,0.0486394
175	yeo_johnson	0.413324	0.025312	-10
176	identity	0.385918	0.000000	
176	log	nan	nan	
176	log1p	0.389296	0.003378	
176	signed_log1p	0.389296	0.003378	
176	signed_sqrt	0.369891	-0.016027	
176	signed_cbrt	0.323946	-0.061972	
176	clip_then_log1p	0.389296	0.003378	4.76837e-07
176	winsor_p99	0.412853	0.026935	7.15256e-07,0.0680595
176	quantile_bins	0.410614	0.024696	7.15256e-07,9.53674e-07,0.00991671,0.0195987,0.0282987,0.0400853,0.0613524
176	yeo_johnson	0.408684	0.022767	-10
177	identity	0.451501	0.000000	
177	log	0.405684	-0.045817	
177	log1p	0.463902	0.012401	
177	signed_log1p	0.463902	0.012401	
177	signed_sqrt	0.510544	0.059044	
177	signed_cbrt	0.501740	0.050239	
177	clip_then_log1p	0.464010	0.012509	0.000319039
177	winsor_p99	0.527308	0.075807	0.000319039,0.0621303
177	quantile_bins	0.465991	0.014490	6.89066e-05,0.000319039,0.00516347,0.0172832,0.035919,0.0621303,0.1116
177	yeo_johnson	0.522960	0.071459	-10
178	identity	0.400413	0.000000	
178	log	nan	nan	
178	log1p	0.401591	0.001178	
178	signed_log1p	0.401591	0.001178	
178	signed_sqrt	0.387763	-0.012650	
178	signed_cbrt	0.339416	-0.060998	
178	clip_then_log1p	0.405022	0.004609	0.000632975
178	winsor_p99	0.436486	0.036073	0.000632975,0.00930704
178	quantile_bins	0.421363	0.020950	0,0.000632975,0.00276964,0.00467738,0.00661174,0.00930704,0.0140001
178	yeo_johnson	0.410894	0.010481	-10
179	identity	0.384425	0.000000	
179	log	nan	nan	
179	log1p	0.385619	0.001194	
179	signed_log1p	0.385619	0.001194	
179	signed_sqrt	0.366808	-0.017617	
179	signed_cbrt	0.315576	-0.068849	
179	clip_then_log1p	0.385619	0.001194	0
179	winsor_p99	0.414792	0.030366	0,0.0202294
179	quantile_bins	0.435953	0.051528	0,0,0.00305453,0.00595892,0.00864748,0.0119412,0.0182185
179	yeo_johnson	0.395629	0.011204	-10
180	identity	0.630283	0.000000	
180	log	0.932919	0.302636	
180	log1p	0.668180	0.037897	
180	signed_log1p	0.668180	0.037897	
180	signed_sqrt	0.790133	0.159850	
180	signed_cbrt	0.846384	0.216100	
180	clip_then_log1p	0.667616	0.037333	0.00178164
180	winsor_p99	0.752612	0.122329	0.0167343,0.168591
180	quantile_bins	0.851997	0.221714	0.00480394,0.0167343,0.0359363,0.064808,0.105426,0.168591,0.295854
180	yeo_johnson	0.803139	0.172856	-6.46843
181	identity	0.643181	0.000000	
181	log	0.899565	0.256384	
181	log1p	0.662455	0.019274	
181	signed_log1p	0.662455	0.019274	
181	signed_sqrt	0.786353	0.143172	
181	signed_cbrt	0.830691	0.187510	
181	clip_then_log1p	0.659521	0.016340	0.00395644
181	winsor_p99	0.725637	0.082456	0.0191359,0.0800053
181	quantile_bins	0.805853	0.162672	0.0090103,0.0191359,0.0296434,0.0427989,0.0588833,0.0800053,0.115903
181	yeo_johnson	0.786517	0.143336	-10
182	identity	0.685372	0.000000	
182	log	0.910225	0.224853	
182	log1p	0.699910	0.014538	
182	signed_log1p	0.699910	0.014538	
182	signed_sqrt	0.810107	0.124735	
182	signed_cbrt	0.849308	0.163936	
182	clip_then_log1p	0.696939	0.011567	0.00391425
182	winsor_p99	0.739455	0.054083	0.00752434,0.130695
182	quantile_bins	0.814444	0.129072	0.00913607,0.0197116,0.030649,0.0444566,0.0611294,0.0824488,0.118122
182	yeo_johnson	0.802785	0.117413	-10
183	identity	0.613085	0.000000	
183	log	0.945533	0.332448	
183	log1p	0.637070	0.023985	
183	signed_log1p	0.637070	0.023985	
183	signed_sqrt	0.790286	0.177201	
183	signed_cbrt	0.852150	0.239065	
183	clip_then_log1p	0.636532	0.023447	0.000705587
183	winsor_p99	0.760328	0.147243	0.00730799,0.0685929
183	quantile_bins	0.859786	0.246701	0.00222189,0.00730799,0.0150852,0.0268004,0.0430695,0.0685929,0.122089
183	yeo_johnson	0.775529	0.162444	-10
184	identity	0.664539	0.000000	
184	log	0.908848	0.244309	
184	log1p	0.670388	0.005849	
184	signed_log1p	0.670388	0.005849	
184	signed_sqrt	0.801390	0.136850	
184	signed_cbrt	0.843423	0.178883	
184	clip_then_log1p	0.666614	0.002075	0.00138965
184	winsor_p99	0.738156	0.073617	0.00252306,0.0372546
184	quantile_bins	0.810951	0.146412	0.00298082,0.00608729,0.00936152,0.0131805,0.0178255,0.0237785,0.0336654
184	yeo_johnson	0.720931	0.056391	-10
185	identity	0.685636	0.000000	
185	log	0.918431	0.232795	
185	log1p	0.691207	0.005570	
185	signed_log1p	0.691207	0.005570	
185	signed_sqrt	0.815850	0.130214	
185	signed_cbrt	0.856186	0.170550	
185	clip_then_log1p	0.687782	0.002146	0.00135083
185	winsor_p99	0.746050	0.060413	0.00253284,0.0409017
185	quantile_bins	0.820698	0.135062	0.00302874,0.0064075,0.00987106,0.0140847,0.0191508,0.0256405,0.0368355
185	yeo_johnson	0.739388	0.053752	-10
186	identity	0.461916	0.000000	
186	log	nan	nan	
186	log1p	0.479893	0.017977	
186	signed_log1p	0.479893	0.017977	
186	signed_sqrt	0.505624	0.043708	
186	signed_cbrt	0.498123	0.036207	
186	clip_then_log1p	0.480094	0.018178	0.00129862
186	winsor_p99	0.516326	0.054410	0.00129862,0.164396
186	quantile_bins	0.463897	0.001981	0.00065273,0.00129862,0.0140122,0.0486199,0.0976826,0.164396,0.283559
186	yeo_johnson	0.521312	0.059396	-6.69053
187	identity	0.381618	0.000000	
187	log	nan	nan	
187	log1p	0.384601	0.002983	
187	signed_log1p	0.384601	0.002983	
187	signed_sqrt	0.363849	-0.017768	
187	signed_cbrt	0.319655	-0.061963	
187	clip_then_log1p	0.387768	0.006150	0.00158417
187	winsor_p99	0.413182	0.031564	0.00158417,0.0290642
187	quantile_bins	0.397405	0.015788	1.19209e-07,0.00158417,0.00893435,0.0156221,0.0215425,0.0290642,0.0414551
187	yeo_johnson	0.400014	0.018397	-10
188	identity	0.357094	0.000000	
188	log	nan	nan	
188	log1p	0.360002	0.002908	
188	signed_log1p	0.360002	0.002908	
188	signed_sqrt	0.338958	-0.018136	
188	signed_cbrt	0.293853	-0.063242	
188	clip_then_log1p	0.360002	0.002908	2.38419e-07
188	winsor_p99	0.393185	0.036091	2.38419e-07,0.037311
188	quantile_bins	0.372927	0.015833	1.19209e-07,2.38419e-07,0.0111283,0.0199674,0.0278163,0.037311,0.0557367
188	yeo_johnson	0.378564	0.021470	-10
189	identity	0.446559	0.000000	
189	log	nan	nan	
189	log1p	0.458186	0.011627	
189	signed_log1p	0.458186	0.011627	
189	signed_sqrt	0.500681	0.054122	
189	signed_cbrt	0.494377	0.047818	
189	clip_then_log1p	0.458299	0.011740	0.00049847
189	winsor_p99	0.516372	0.069813	0.00049847,0.0646885
189	quantile_bins	0.465004	0.018445	0.000222582,0.00049847,0.00578463,0.0191942,0.038406,0.0646885,0.11129
189	yeo_johnson	0.512715	0.066155	-10
190	identity	0.395182	0.000000	
190	log	nan	nan	
190	log1p	0.396675	0.001493	
190	signed_log1p	0.396675	0.001493	
190	signed_sqrt	0.371350	-0.023831	
190	signed_cbrt	0.320462	-0.074720	
190	clip_then_log1p	0.401101	0.005920	0.000592955
190	winsor_p99	0.428120	0.032938	0.000592955,0.00851783
190	quantile_bins	0.417704	0.022522	0,0.000592955,0.00277293,0.0047122,0.0063738,0.00851783,0.0118723
190	yeo_johnson	0.406287	0.011105	-10
191	identity	0.354744	0.000000	
191	log	nan	nan	
191	log1p	0.355818	0.001074	
191	signed_log1p	0.355818	0.001074	
191	signed_sqrt	0.337957	-0.016787	
191	signed_cbrt	0.290261	-0.064483	
191	clip_then_log1p	0.355818	0.001074	0
191	winsor_p99	0.395219	0.040475	0,0.0111261
191	quantile_bins	0.418275	0.063531	0,0,0.00334389,0.00603934,0.00838425,0.0111261,0.0166111
191	yeo_johnson	0.365182	0.010438	-10
192	identity	0.446032	0.000000	
192	log	0.458935	0.012903	
192	log1p	0.469237	0.023205	
192	signed_log1p	0.469237	0.023205	
192	signed_sqrt	0.537195	0.091162	
192	signed_cbrt	0.540096	0.094064	
192	clip_then_log1p	0.469301	0.023269	0.000503004
192	winsor_p99	0.559623	0.113591	0.000503004,0.072955
192	quantile_bins	0.499077	0.053045	0.000136256,0.000503004,0.00470879,0.0167475,0.0383313,0.072955,0.139199
192	yeo_johnson	0.557169	0.111137	-10
193	identity	0.461365	0.000000	
193	log	nan	nan	
193	log1p	0.465427	0.004062	
193	signed_log1p	0.465427	0.004062	
193	signed_sqrt	0.456561	-0.004804	
193	signed_cbrt	0.408779	-0.052586	
193	clip_then_log1p	0.468361	0.006996	0.00128424
193	winsor_p99	0.502476	0.041111	0.00128424,0.0234715
193	quantile_bins	0.463510	0.002146	5.96046e-07,0.00128424,0.00578886,0.0109804,0.0165028,0.0234715,0.0355258
193	yeo_johnson	0.488240	0.026875	-10
194	identity	0.461632	0.000000	
194	log	nan	nan	
194	log1p	0.464399	0.002767	
194	signed_log1p	0.464399	0.002767	
194	signed_sqrt	0.435328	-0.026304	
194	signed_cbrt	0.377852	-0.083780	
194	clip_then_log1p	0.464400	0.002768	5.96046e-07
194	winsor_p99	0.489605	0.027973	2.38419e-07,0.0456891
194	quantile_bins	0.455600	-0.006032	2.38419e-07,5.96046e-07,0.00628074,0.0129252,0.0193791,0.0277165,0.0415704
194	yeo_johnson	0.481338	0.019706	-10
195	identity	0.427304	0.000000	
195	log	0.459143	0.031840	
195	log1p	0.442961	0.015657	
195	signed_log1p	0.442961	0.015657	
195	signed_sqrt	0.531602	0.104298	
195	signed_cbrt	0.537617	0.110313	
195	clip_then_log1p	0.442982	0.015678	0.000204055
195	winsor_p99	0.559312	0.132008	0.000204055,0.0345964
195	quantile_bins	0.497109	0.069806	5.58226e-05,0.000204055,0.00228058,0.00804137,0.0182836,0.0345964,0.0656302
195	yeo_johnson	0.527907	0.100603	-10
196	identity	0.464332	0.000000	
196	log	nan	nan	
196	log1p	0.465994	0.001662	
196	signed_log1p	0.465994	0.001662	
196	signed_sqrt	0.457626	-0.006705	
196	signed_cbrt	0.403024	-0.061308	
196	clip_then_log1p	0.468885	0.004554	0.000419739
196	winsor_p99	0.508232	0.043900	0.000419739,0.00804193
196	quantile_bins	0.487483	0.023151	0,0.000419739,0.00207023,0.0038539,0.00575245,0.00804193,0.0118254
196	yeo_johnson	0.478439	0.014107	-10
197	identity	0.461533	0.000000	
197	log	nan	nan	
197	log1p	0.462508	0.000974	
197	signed_log1p	0.462508	0.000974	
197	signed_sqrt	0.431091	-0.030443	
197	signed_cbrt	0.368137	-0.093396	
197	clip_then_log1p	0.462508	0.000974	0
197	winsor_p99	0.489031	0.027497	0,0.0154191
197	quantile_bins	0.506599	0.045066	0,0,0.00222899,0.00449262,0.00678423,0.0095282,0.014034
197	yeo_johnson	0.470663	0.009129	-10
198	identity	0.508432	0.000000	
198	log	0.888532	0.380100	
198	log1p	0.541177	0.032744	
198	signed_log1p	0.541177	0.032744	
198	signed_sqrt	0.706953	0.198520	
198	signed_cbrt	0.777450	0.269017	
198	clip_then_log1p	0.540675	0.032242	0.000865847
198	winsor_p99	0.736280	0.227847	0.00363608,0.0485679
198	quantile_bins	0.852031	0.343598	0.00165617,0.00363608,0.00758889,0.0147651,0.0260656,0.0485679,0.0989467
198	yeo_johnson	0.703559	0.195126	-10
199	identity	0.616225	0.000000	
199	log	0.900570	0.284345	
199	log1p	0.626252	0.010027	
199	signed_log1p	0.626252	0.010027	
199	signed_sqrt	0.769457	0.153231	
199	signed_cbrt	0.819213	0.202987	
199	clip_then_log1p	0.622615	0.006390	0.00201738
199	winsor_p99	0.733203	0.116978	0.00718343,0.0309048
199	quantile_bins	0.823436	0.207211	0.00384529,0.00718343,0.0106818,0.0153083,0.0218275,0.0309048,0.046067
199	yeo_johnson	0.706677	0.090452	-10
200	identity	0.631583	0.000000	
200	log	0.906144	0.274561	
200	log1p	0.640496	0.008913	
200	signed_log1p	0.640496	0.008913	
200	signed_sqrt	0.778142	0.146558	
200	signed_cbrt	0.826524	0.194941	
200	clip_then_log1p	0.636690	0.005107	0.0020012
200	winsor_p99	0.733580	0.101997	0.00738683,0.0322851
200	quantile_bins	0.823461	0.191878	0.00387585,0.00738683,0.0111021,0.0160037,0.0227898,0.0322851,0.0482916
200	yeo_johnson	0.715657	0.084074	-10
201	identity	0.494560	0.000000	
201	log	0.902545	0.407985	
201	log1p	0.517713	0.023154	
201	signed_log1p	0.517713	0.023154	
201	signed_sqrt	0.712046	0.217486	
201	signed_cbrt	0.787267	0.292708	
201	clip_then_log1p	0.517315	0.022755	0.000333616
201	winsor_p99	0.740894	0.246335	0.00175003,0.0232776
201	quantile_bins	0.856606	0.362046	0.000724421,0.00175003,0.00369485,0.00713717,0.0124391,0.0232776,0.0470075
201	yeo_johnson	0.646615	0.152055	-10
202	identity	0.629398	0.000000	
202	log	0.913570	0.284172	
202	log1p	0.633616	0.004218	
202	signed_log1p	0.633616	0.004218	
202	signed_sqrt	0.784563	0.155165	
202	signed_cbrt	0.833835	0.204437	
202	clip_then_log1p	0.629338	-0.000060	0.000776145
202	winsor_p99	0.743168	0.113770	0.00268367,0.0110345
202	quantile_bins	0.831698	0.202300	0.00147181,0.00268367,0.00394835,0.00558334,0.00788009,0.0110345,0.0163368
202	yeo_johnson	0.669507	0.040109	-10
203	identity	0.639860	0.000000	
203	log	0.918208	0.278349	
203	log1p	0.643298	0.003438	
203	signed_log1p	0.643298	0.003438	
203	signed_sqrt	0.789007	0.149148	
203	signed_cbrt	0.838093	0.198233	
203	clip_then_log1p	0.639313	-0.000547	0.000737595
203	winsor_p99	0.743214	0.103355	0.00275467,0.0116571
203	quantile_bins	0.832287	0.192428	0.00143497,0.00275467,0.00410779,0.00586728,0.00828162,0.0116571,0.0174458
203	yeo_johnson	0.675536	0.035676	-10
204	identity	0.461121	0.000000	
204	log	nan	nan	
204	log1p	0.481345	0.020225	
204	signed_log1p	0.481345	0.020225	
204	signed_sqrt	0.538450	0.077329	
204	signed_cbrt	0.541574	0.080453	
204	clip_then_log1p	0.481442	0.020322	0.00095512
204	winsor_p99	0.550042	0.088922	0.00095512,0.0797369
204	quantile_bins	0.496052	0.034931	0.000520229,0.00095512,0.00531922,0.0193487,0.0435503,0.0797369,0.143125
204	yeo_johnson	0.552933	0.091812	-10
205	identity	0.459708	0.000000	
205	log	nan	nan	
205	log1p	0.463827	0.004119	
205	signed_log1p	0.463827	0.004119	
205	signed_sqrt	0.444191	-0.015517	
205	signed_cbrt	0.392132	-0.067576	
205	clip_then_log1p	0.467596	0.007888	0.00126794
205	winsor_p99	0.498081	0.038373	0.00126794,0.0231427
205	quantile_bins	0.478014	0.018306	1.19209e-07,0.00126794,0.00592868,0.0116985,0.016999,0.0231427,0.0330303
205	yeo_johnson	0.483385	0.023677	-10
206	identity	0.442503	0.000000	
206	log	nan	nan	
206	log1p	0.444672	0.002169	
206	signed_log1p	0.444672	0.002169	
206	signed_sqrt	0.411846	-0.030657	
206	signed_cbrt	0.354767	-0.087736	
206	clip_then_log1p	0.444673	0.002170	2.38419e-07
206	winsor_p99	0.469826	0.027323	1.19209e-07,0.0435379
206	quantile_bins	0.430789	-0.011714	1.19209e-07,2.38419e-07,0.00670067,0.0136735,0.0201248,0.0275379,0.0396734
206	yeo_johnson	0.459057	0.016554	-10
207	identity	0.450799	0.000000	
207	log	nan	nan	
207	log1p	0.465215	0.014416	
207	signed_log1p	0.465215	0.014416	
207	signed_sqrt	0.537556	0.086757	
207	signed_cbrt	0.540714	0.089916	
207	clip_then_log1p	0.465258	0.014459	0.000389489
207	winsor_p99	0.550380	0.099581	0.000389489,0.0371955
207	quantile_bins	0.494870	0.044071	0.000207719,0.000389489,0.00251385,0.00917925,0.0203238,0.0371955,0.0655871
207	yeo_johnson	0.533072	0.082273	-10
208	identity	0.466890	0.000000	
208	log	nan	nan	
208	log1p	0.469357	0.002467	
208	signed_log1p	0.469357	0.002467	
208	signed_sqrt	0.449357	-0.017533	
208	signed_cbrt	0.390952	-0.075938	
208	clip_then_log1p	0.473294	0.006404	0.000426231
208	winsor_p99	0.506819	0.039929	0.000426231,0.00790632
208	quantile_bins	0.486304	0.019414	0,0.000426231,0.0021293,0.00403674,0.00580555,0.00790632,0.0109447
208	yeo_johnson	0.484242	0.017352	-10
209	identity	0.443949	0.000000	
209	log	nan	nan	
209	log1p	0.444689	0.000739	
209	signed_log1p	0.444689	0.000739	
209	signed_sqrt	0.409698	-0.034252	
209	signed_cbrt	0.348876	-0.095073	
209	clip_then_log1p	0.444689	0.000739	0
209	winsor_p99	0.470568	0.026619	0,0.0146647
209	quantile_bins	0.490183	0.046234	0,0,0.0023489,0.00472665,0.00690919,0.00940447,0.0133449
209	yeo_johnson	0.451113	0.007163	-10
210	identity	0.374734	0.000000	
210	log	nan	nan	
210	log1p	0.398242	0.023508	
210	signed_log1p	0.398242	0.023508	
210	signed_sqrt	0.518557	0.143823	
210	signed_cbrt	0.546219	0.171484	
210	clip_then_log1p	0.398246	0.023512	7.00355e-05
210	winsor_p99	0.579399	0.204665	0.000369564,0.029927
210	quantile_bins	0.528372	0.153638	7.00355e-05,0.000369564,0.00136445,0.00439081,0.0126428,0.029927,0.069223
210	yeo_johnson	0.519518	0.144784	-10
211	identity	0.476825	0.000000	
211	log	nan	nan	
211	log1p	0.482981	0.006157	
211	signed_log1p	0.482981	0.006157	
211	signed_sqrt	0.503995	0.027171	
211	signed_cbrt	0.456942	-0.019882	
211	clip_then_log1p	0.484422	0.007597	0.00053516
211	winsor_p99	0.556455	0.079630	0.00053516,0.0133188
211	quantile_bins	0.514334	0.037509	3.57628e-07,0.00053516,0.00296259,0.00542593,0.00863099,0.0133188,0.0211977
211	yeo_johnson	0.516215	0.039390	-10
212	identity	0.493164	0.000000	
212	log	nan	nan	
212	log1p	0.495687	0.002523	
212	signed_log1p	0.495687	0.002523	
212	signed_sqrt	0.480518	-0.012646	
212	signed_cbrt	0.418695	-0.074469	
212	clip_then_log1p	0.495688	0.002524	3.57628e-07
212	winsor_p99	0.534934	0.041771	1.19209e-07,0.0250637
212	quantile_bins	0.493331	0.000167	1.19209e-07,3.57628e-07,0.00289822,0.00554326,0.00890142,0.0136776,0.0224338
212	yeo_johnson	0.514405	0.021241	-10
213	identity	0.364052	0.000000	
213	log	nan	nan	
213	log1p	0.380758	0.016706	
213	signed_log1p	0.380758	0.016706	
213	signed_sqrt	0.517910	0.153858	
213	signed_cbrt	0.548433	0.184381	
213	clip_then_log1p	0.380760	0.016708	3.89955e-05
213	winsor_p99	0.579987	0.215935	0.000164455,0.0167191
213	quantile_bins	0.519137	0.155085	4.57422e-05,0.000164455,0.0007295,0.00240274,0.00714882,0.0167191,0.0376601
213	yeo_johnson	0.482511	0.118458	-10
214	identity	0.471088	0.000000	
214	log	nan	nan	
214	log1p	0.474110	0.003023	
214	signed_log1p	0.474110	0.003023	
214	signed_sqrt	0.503875	0.032787	
214	signed_cbrt	0.451838	-0.019250	
214	clip_then_log1p	0.475338	0.004251	0.000196489
214	winsor_p99	0.561255	0.090167	0.000196489,0.00558027
214	quantile_bins	0.532775	0.061687	0,0.000196489,0.00123253,0.00226921,0.00364566,0.00558027,0.00868225
214	yeo_johnson	0.495278	0.024191	-10
215	identity	0.498067	0.000000	
215	log	nan	nan	
215	log1p	0.499044	0.000977	
215	signed_log1p	0.499044	0.000977	
215	signed_sqrt	0.479777	-0.018291	
215	signed_cbrt	0.411770	-0.086297	
215	clip_then_log1p	0.499044	0.000977	0
215	winsor_p99	0.537805	0.039738	0,0.00998165
215	quantile_bins	0.559859	0.061792	0,0,0.00119889,0.00229749,0.00366844,0.00563379,0.00893504
215	yeo_johnson	0.507642	0.009575	-10
216	identity	0.374163	0.000000	
216	log	0.806778	0.432615	
216	log1p	0.409177	0.035014	
216	signed_log1p	0.409177	0.035014	
216	signed_sqrt	0.611286	0.237124	
216	signed_cbrt	0.692584	0.318421	
216	clip_then_log1p	0.408913	0.034750	0.000300586
216	winsor_p99	0.703731	0.329569	0.00119478,0.0152193
216	quantile_bins	0.796650	0.422487	0.000650108,0.00119478,0.00215106,0.00424388,0.00759375,0.0152193,0.0370938
216	yeo_johnson	0.566793	0.192630	-10
217	identity	0.554177	0.000000	
217	log	0.870405	0.316229	
217	log1p	0.565944	0.011767	
217	signed_log1p	0.565944	0.011767	
217	signed_sqrt	0.728654	0.174478	
217	signed_cbrt	0.781873	0.227697	
217	clip_then_log1p	0.561552	0.007375	0.0010339
217	winsor_p99	0.717558	0.163381	0.00293413,0.0121585
217	quantile_bins	0.809340	0.255163	0.00184257,0.00293413,0.00414275,0.00589788,0.00847377,0.0121585,0.0197843
217	yeo_johnson	0.624797	0.070621	-10
218	identity	0.587688	0.000000	
218	log	0.879894	0.292206	
218	log1p	0.592196	0.004508	
218	signed_log1p	0.592196	0.004508	
218	signed_sqrt	0.738595	0.150907	
218	signed_cbrt	0.790628	0.202940	
218	clip_then_log1p	0.587721	0.000033	0.000975788
218	winsor_p99	0.717744	0.130056	0.00297005,0.0125488
218	quantile_bins	0.808112	0.220424	0.00180656,0.00297005,0.00430793,0.00617638,0.00883879,0.0125488,0.0208303
218	yeo_johnson	0.631916	0.044228	-10
219	identity	0.351459	0.000000	
219	log	nan	nan	
219	log1p	0.379417	0.027959	
219	signed_log1p	0.379417	0.027959	
219	signed_sqrt	0.612950	0.261492	
219	signed_cbrt	0.700341	0.348882	
219	clip_then_log1p	0.379213	0.027754	0.000125499
219	winsor_p99	0.708777	0.357318	0.000543574,0.00770522
219	quantile_bins	0.804524	0.453065	0.000274287,0.000543574,0.00105004,0.00215531,0.00390219,0.00770522,0.0187329
219	yeo_johnson	0.512532	0.161074	-10
220	identity	0.555112	0.000000	
220	log	0.884726	0.329614	
220	log1p	0.562994	0.007882	
220	signed_log1p	0.562994	0.007882	
220	signed_sqrt	0.744999	0.189887	
220	signed_cbrt	0.798574	0.243461	
220	clip_then_log1p	0.558836	0.003724	0.000422781
220	winsor_p99	0.730547	0.175435	0.00123831,0.00530986
220	quantile_bins	0.818710	0.263598	0.00076037,0.00123831,0.00177612,0.00259922,0.00365166,0.00530986,0.00831885
220	yeo_johnson	0.609239	0.054127	-10
221	identity	0.603359	0.000000	
221	log	0.893806	0.290447	
221	log1p	0.605245	0.001886	
221	signed_log1p	0.605245	0.001886	
221	signed_sqrt	0.754264	0.150905	
221	signed_cbrt	0.805915	0.202556	
221	clip_then_log1p	0.601083	-0.002276	0.000390719
221	winsor_p99	0.729606	0.126248	0.00122509,0.00544693
221	quantile_bins	0.818852	0.215494	0.000739503,0.00122509,0.00181366,0.00265638,0.0038118,0.00544693,0.0086654
221	yeo_johnson	0.623177	0.019819	-10
222	identity	0.407525	0.000000	
222	log	nan	nan	
222	log1p	0.432540	0.025015	
222	signed_log1p	0.432540	0.025015	
222	signed_sqrt	0.539583	0.132058	
222	signed_cbrt	0.559113	0.151588	
222	clip_then_log1p	0.432531	0.025006	0.000200629
222	winsor_p99	0.572790	0.165265	0.000766695,0.0327452
222	quantile_bins	0.523133	0.115608	0.000387788,0.000766695,0.00196314,0.00567043,0.0153574,0.0327452,0.0660308
222	yeo_johnson	0.538797	0.131272	-10
223	identity	0.492665	0.000000	
223	log	nan	nan	
223	log1p	0.498737	0.006073	
223	signed_log1p	0.498737	0.006073	
223	signed_sqrt	0.500208	0.007544	
223	signed_cbrt	0.445507	-0.047158	
223	clip_then_log1p	0.501050	0.008385	0.00057596
223	winsor_p99	0.551791	0.059127	0.00057596,0.0141965
223	quantile_bins	0.527193	0.034528	1.19209e-07,0.00057596,0.00345027,0.00610757,0.00986528,0.0141965,0.0211383
223	yeo_johnson	0.528310	0.035646	-10
224	identity	0.494577	0.000000	
224	log	nan	nan	
224	log1p	0.496209	0.001632	
224	signed_log1p	0.496209	0.001632	
224	signed_sqrt	0.466652	-0.027924	
224	signed_cbrt	0.402877	-0.091699	
224	clip_then_log1p	0.496209	0.001632	1.19209e-07
224	winsor_p99	0.525187	0.030611	1.19209e-07,0.0253865
224	quantile_bins	0.500794	0.006217	1.19209e-07,1.19209e-07,0.00318699,0.0065161,0.0105185,0.0153163,0.0230365
224	yeo_johnson	0.508981	0.014404	-10
225	identity	0.396171	0.000000	
225	log	nan	nan	
225	log1p	0.416140	0.019968	
225	signed_log1p	0.416140	0.019968	
225	signed_sqrt	0.541187	0.145016	
225	signed_cbrt	0.561613	0.165442	
225	clip_then_log1p	0.416126	0.019955	0.000106831
225	winsor_p99	0.574002	0.177831	0.000335346,0.0178999
225	quantile_bins	0.520947	0.124776	0.000171846,0.000335346,0.00102543,0.00315099,0.00851825,0.0178999,0.0360042
225	yeo_johnson	0.511572	0.115401	-10
226	identity	0.492766	0.000000	
226	log	nan	nan	
226	log1p	0.496759	0.003993	
226	signed_log1p	0.496759	0.003993	
226	signed_sqrt	0.504287	0.011521	
226	signed_cbrt	0.443811	-0.048954	
226	clip_then_log1p	0.498907	0.006142	0.000212757
226	winsor_p99	0.560294	0.067528	0,0.00922867
226	quantile_bins	0.534607	0.041842	0,0.000212757,0.00142358,0.00252084,0.00403808,0.00587506,0.0083921
226	yeo_johnson	0.520924	0.028158	-10
227	identity	0.498402	0.000000	
227	log	nan	nan	
227	log1p	0.499002	0.000600	
227	signed_log1p	0.499002	0.000600	
227	signed_sqrt	0.464748	-0.033654	
227	signed_cbrt	0.396242	-0.102160	
227	clip_then_log1p	0.499002	0.000600	0
227	winsor_p99	0.526834	0.028432	0,0.00990822
227	quantile_bins	0.546313	0.047911	0,0,0.00131892,0.00264884,0.00424694,0.00609049,0.00898368
227	yeo_johnson	0.504447	0.006045	-10
228	identity	0.309540	0.000000	
228	log	0.263105	-0.046435	
228	log1p	0.317451	0.007911	
228	signed_log1p	0.317451	0.007911	
228	signed_sqrt	0.382622	0.073083	
228	signed_cbrt	0.373454	0.063914	
228	clip_then_log1p	0.317467	0.007928	0.000165238
228	winsor_p99	0.425480	0.115941	0.000165238,0.0201809
228	quantile_bins	0.371714	0.062175	4.33978e-06,0.000165238,0.00290443,0.0067295,0.0122021,0.0201809,0.0371289
228	yeo_johnson	0.370284	0.060745	-10
229	identity	0.399110	0.000000	
229	log	0.322914	-0.076196	
229	log1p	0.409333	0.010223	
229	signed_log1p	0.409333	0.010223	
229	signed_sqrt	0.447561	0.048451	
229	signed_cbrt	0.432433	0.033323	
229	clip_then_log1p	0.409527	0.010417	0.000419607
229	winsor_p99	0.474569	0.075459	0.000419607,0.0524345
229	quantile_bins	0.417230	0.018120	3.45839e-05,0.000419607,0.00610081,0.0169238,0.0319717,0.0524345,0.0930425
229	yeo_johnson	0.463046	0.063936	-10
230	identity	0.353359	0.000000	
230	log	0.292540	-0.060819	
230	log1p	0.362692	0.009333	
230	signed_log1p	0.362692	0.009333	
230	signed_sqrt	0.416941	0.063582	
230	signed_cbrt	0.404771	0.051412	
230	clip_then_log1p	0.362787	0.009428	0.000288978
230	winsor_p99	0.453665	0.100306	0.000288978,0.0309251
230	quantile_bins	0.398900	0.045541	1.31876e-05,0.000288978,0.00413774,0.0101788,0.0187118,0.0309251,0.0564885
230	yeo_johnson	0.419743	0.066384	-10
231	identity	0.316354	0.000000	
231	log	nan	nan	
231	log1p	0.316633	0.000279	
231	signed_log1p	0.316633	0.000279	
231	signed_sqrt	0.289826	-0.026528	
231	signed_cbrt	0.251932	-0.064422	
231	clip_then_log1p	0.322013	0.005659	0.000526474
231	winsor_p99	0.330252	0.013897	0.000526474,0.00373068
231	quantile_bins	0.309205	-0.007150	2.42245e-07,0.000526474,0.00143604,0.00204612,0.00272757,0.00373068,0.00549427
231	yeo_johnson	0.319041	0.002686	-10
232	identity	0.272514	0.000000	
232	log	nan	nan	
232	log1p	0.273272	0.000758	
232	signed_log1p	0.273272	0.000758	
232	signed_sqrt	0.271718	-0.000796	
232	signed_cbrt	0.240313	-0.032201	
232	clip_then_log1p	0.273272	0.000758	1.49936e-07
232	winsor_p99	0.315072	0.042558	2.74761e-07,0.00540604
232	quantile_bins	0.318526	0.046012	2.08975e-07,2.74761e-07,0.00176249,0.0028534,0.00403979,0.00540604,0.00867095
232	yeo_johnson	0.280181	0.007667	-10
233	identity	0.150532	0.000000	
233	log	0.203797	0.053265	
233	log1p	0.151375	0.000843	
233	signed_log1p	0.151375	0.000843	
233	signed_sqrt	0.374181	0.223649	
233	signed_cbrt	0.407300	0.256769	
233	clip_then_log1p	0.151375	0.000843	1.03642e-14
233	winsor_p99	0.490826	0.340295	2.334e-07,4.18141e-05
233	quantile_bins	0.437582	0.287050	3.61318e-14,2.334e-07,4.5111e-06,1.1423e-05,2.29082e-05,4.18141e-05,9.52871e-05
233	yeo_johnson	0.159199	0.008668	-10
234	identity	0.607636	0.000000	
234	log	0.941644	0.334008	
234	log1p	0.629824	0.022188	
234	signed_log1p	0.629824	0.022188	
234	signed_sqrt	0.793594	0.185958	
234	signed_cbrt	0.856593	0.248957	
234	clip_then_log1p	0.628692	0.021056	0.000752661
234	winsor_p99	0.739660	0.132024	0.00944036,0.0569083
234	quantile_bins	0.834054	0.226418	0.00339671,0.00944036,0.0162845,0.0253178,0.0380813,0.0569083,0.0918906
234	yeo_johnson	0.761075	0.153439	-10
235	identity	0.674346	0.000000	
235	log	0.948790	0.274443	
235	log1p	0.696160	0.021814	
235	signed_log1p	0.696160	0.021814	
235	signed_sqrt	0.827110	0.152764	
235	signed_cbrt	0.878449	0.204102	
235	clip_then_log1p	0.694827	0.020481	0.00146105
235	winsor_p99	0.754147	0.079800	0.0173574,0.0999988
235	quantile_bins	0.840145	0.165798	0.00599889,0.0173574,0.0309412,0.0478349,0.0692847,0.0999988,0.155806
235	yeo_johnson	0.824644	0.150297	-10
236	identity	0.639656	0.000000	
236	log	0.948596	0.308940	
236	log1p	0.661584	0.021927	
236	signed_log1p	0.661584	0.021927	
236	signed_sqrt	0.811231	0.171574	
236	signed_cbrt	0.869169	0.229513	
236	clip_then_log1p	0.660292	0.020636	0.00105781
236	winsor_p99	0.748661	0.109005	0.01247,0.072262
236	quantile_bins	0.839772	0.200115	0.00448553,0.01247,0.021633,0.033222,0.0491131,0.072262,0.115177
236	yeo_johnson	0.792500	0.152844	-10
237	identity	0.701913	0.000000	
237	log	0.870894	0.168981	
237	log1p	0.703863	0.001950	
237	signed_log1p	0.703863	0.001950	
237	signed_sqrt	0.797621	0.095708	
237	signed_cbrt	0.826228	0.124315	
237	clip_then_log1p	0.696973	-0.004940	0.00143849
237	winsor_p99	0.723965	0.022052	0.00143849,0.0234724
237	quantile_bins	0.753125	0.051212	0.00298576,0.00532311,0.0073706,0.00940907,0.0115801,0.014269,0.0183742
237	yeo_johnson	0.722431	0.020518	-10
238	identity	0.708388	0.000000	
238	log	0.899049	0.190660	
238	log1p	0.711506	0.003118	
238	signed_log1p	0.711506	0.003118	
238	signed_sqrt	0.818748	0.110360	
238	signed_cbrt	0.851112	0.142724	
238	clip_then_log1p	0.706833	-0.001555	0.00136835
238	winsor_p99	0.746336	0.037948	0.00269589,0.0257662
238	quantile_bins	0.789985	0.081597	0.00322158,0.00598812,0.00856575,0.0112193,0.0140484,0.0177573,0.0238547
238	yeo_johnson	0.740098	0.031710	-10
239	identity	0.209119	0.000000	
239	log	0.896163	0.687043	
239	log1p	0.215773	0.006654	
239	signed_log1p	0.215773	0.006654	
239	signed_sqrt	0.623827	0.414708	
239	signed_cbrt	0.735585	0.526465	
239	clip_then_log1p	0.215562	0.006443	2.3289e-06
239	winsor_p99	0.672010	0.462891	3.12142e-05,0.000261944
239	quantile_bins	0.780059	0.570939	1.02262e-05,3.12142e-05,6.0715e-05,0.000100487,0.000158285,0.000261944,0.0005127
239	yeo_johnson	0.273187	0.064068	-10
240	identity	0.275760	0.000000	
240	log	nan	nan	
240	log1p	0.285025	0.009265	
240	signed_log1p	0.285025	0.009265	
240	signed_sqrt	0.360011	0.084251	
240	signed_cbrt	0.356152	0.080392	
240	clip_then_log1p	0.285023	0.009263	9.18013e-06
240	winsor_p99	0.414527	0.138768	0.000222551,0.0179899
240	quantile_bins	0.375620	0.099861	1.48392e-05,0.000222551,0.00300502,0.00653903,0.0110021,0.0179899,0.0314781
240	yeo_johnson	0.344435	0.068675	-10
241	identity	0.376506	0.000000	
241	log	nan	nan	
241	log1p	0.387626	0.011119	
241	signed_log1p	0.387626	0.011119	
241	signed_sqrt	0.430277	0.053771	
241	signed_cbrt	0.420865	0.044359	
241	clip_then_log1p	0.387772	0.011266	0.000510759
241	winsor_p99	0.463286	0.086780	0.000510759,0.0499126
241	quantile_bins	0.417728	0.041222	0.000125944,0.000510759,0.00651567,0.0173315,0.0313548,0.0499126,0.0846493
241	yeo_johnson	0.445313	0.068807	-10
242	identity	0.323322	0.000000	
242	log	nan	nan	
242	log1p	0.333902	0.010580	
242	signed_log1p	0.333902	0.010580	
242	signed_sqrt	0.397245	0.073923	
242	signed_cbrt	0.391694	0.068373	
242	clip_then_log1p	0.333935	0.010613	0.000354165
242	winsor_p99	0.443896	0.120574	0.000354165,0.0280015
242	quantile_bins	0.401817	0.078495	5.56623e-05,0.000354165,0.00422602,0.0100683,0.0173559,0.0280015,0.0487447
242	yeo_johnson	0.397677	0.074355	-10
243	identity	0.304275	0.000000	
243	log	nan	nan	
243	log1p	0.304721	0.000446	
243	signed_log1p	0.304721	0.000446	
243	signed_sqrt	0.272087	-0.032187	
243	signed_cbrt	0.232209	-0.072066	
243	clip_then_log1p	0.312530	0.008256	0.000547174
243	winsor_p99	0.321945	0.017670	0.000547174,0.00326189
243	quantile_bins	0.302179	-0.002096	4.96952e-08,0.000547174,0.00140931,0.00194018,0.00249768,0.00326189,0.00449297
243	yeo_johnson	0.308174	0.003899	-10
244	identity	0.234634	0.000000	
244	log	nan	nan	
244	log1p	0.235457	0.000823	
244	signed_log1p	0.235457	0.000823	
244	signed_sqrt	0.242609	0.007975	
244	signed_cbrt	0.214693	-0.019940	
244	clip_then_log1p	0.235457	0.000823	6.77645e-08
244	winsor_p99	0.292123	0.057489	6.77645e-08,0.00488224
244	quantile_bins	0.283824	0.049190	1.38783e-08,6.77645e-08,0.00188604,0.002761,0.0036181,0.00488224,0.0076407
244	yeo_johnson	0.242978	0.008344	-10
245	identity	0.129519	0.000000	
245	log	0.181090	0.051572	
245	log1p	0.130306	0.000787	
245	signed_log1p	0.130306	0.000787	
245	signed_sqrt	0.364017	0.234499	
245	signed_cbrt	0.395869	0.266350	
245	clip_then_log1p	0.130306	0.000787	3.66693e-16
245	winsor_p99	0.487398	0.357879	2.73636e-07,3.57421e-05
245	quantile_bins	0.433476	0.303957	1.26332e-15,2.73636e-07,4.52118e-06,1.06639e-05,2.00134e-05,3.57421e-05,7.21498e-05
245	yeo_johnson	0.137805	0.008286	-10
246	identity	0.383679	0.000000	
246	log	0.336054	-0.047625	
246	log1p	0.391518	0.007839	
246	signed_log1p	0.391518	0.007839	
246	signed_sqrt	0.462414	0.078735	
246	signed_cbrt	0.453489	0.069810	
246	clip_then_log1p	0.391552	0.007873	7.93123e-05
246	winsor_p99	0.494165	0.110486	7.93123e-05,0.0194237
246	quantile_bins	0.435382	0.051703	6.17534e-06,7.93123e-05,0.0018822,0.00570936,0.0113279,0.0194237,0.0349582
246	yeo_johnson	0.442869	0.059190	-10
247	identity	0.433457	0.000000	
247	log	0.391299	-0.042157	
247	log1p	0.443355	0.009898	
247	signed_log1p	0.443355	0.009898	
247	signed_sqrt	0.500573	0.067116	
247	signed_cbrt	0.492245	0.058788	
247	clip_then_log1p	0.443438	0.009982	0.00020069
247	winsor_p99	0.523056	0.089600	0.00020069,0.0378984
247	quantile_bins	0.462428	0.028972	3.7266e-05,0.00020069,0.00339151,0.0108035,0.022127,0.0378984,0.0678892
247	yeo_johnson	0.501743	0.068286	-10
248	identity	0.410091	0.000000	
248	log	0.366825	-0.043266	
248	log1p	0.418622	0.008531	
248	signed_log1p	0.418622	0.008531	
248	signed_sqrt	0.483473	0.073382	
248	signed_cbrt	0.475084	0.064993	
248	clip_then_log1p	0.418681	0.008590	0.000129298
248	winsor_p99	0.511340	0.101249	0.000129298,0.0260917
248	quantile_bins	0.451627	0.041536	1.80621e-05,0.000129298,0.00246976,0.00760336,0.0152364,0.0260917,0.046884
248	yeo_johnson	0.473512	0.063421	-10
249	identity	0.406532	0.000000	
249	log	nan	nan	
249	log1p	0.407055	0.000524	
249	signed_log1p	0.407055	0.000524	
249	signed_sqrt	0.382125	-0.024407	
249	signed_cbrt	0.334942	-0.071590	
249	clip_then_log1p	0.411762	0.005230	0.000319438
249	winsor_p99	0.434759	0.028227	0.000319438,0.00414577
249	quantile_bins	0.403054	-0.003478	1.44903e-07,0.000319438,0.0013988,0.00225593,0.0030994,0.00414577,0.0058868
249	yeo_johnson	0.411568	0.005036	-10
250	identity	0.382277	0.000000	
250	log	nan	nan	
250	log1p	0.382758	0.000481	
250	signed_log1p	0.382758	0.000481	
250	signed_sqrt	0.356832	-0.025445	
250	signed_cbrt	0.309244	-0.073033	
250	clip_then_log1p	0.382759	0.000482	1.46669e-07
250	winsor_p99	0.409665	0.027388	9.15024e-08,0.00906538
250	quantile_bins	0.389401	0.007124	9.64867e-08,1.46669e-07,0.00156709,0.00285222,0.00414505,0.00561271,0.00820426
250	yeo_johnson	0.387170	0.004893	-10
251	identity	0.144937	0.000000	
251	log	0.222548	0.077611	
251	log1p	0.145780	0.000843	
251	signed_log1p	0.145780	0.000843	
251	signed_sqrt	0.393739	0.248801	
251	signed_cbrt	0.439309	0.294372	
251	clip_then_log1p	0.145780	0.000843	2.98777e-15
251	winsor_p99	0.520959	0.376021	8.30108e-08,3.55184e-05
251	quantile_bins	0.463422	0.318485	1.16135e-14,8.30108e-08,3.05035e-06,8.93953e-06,1.89278e-05,3.55184e-05,8.07616e-05
251	yeo_johnson	0.153638	0.008701	-10
252	identity	0.568650	0.000000	
252	log	0.958396	0.389745	
252	log1p	0.585343	0.016693	
252	signed_log1p	0.585343	0.016693	
252	signed_sqrt	0.778961	0.210310	
252	signed_cbrt	0.852391	0.283741	
252	clip_then_log1p	0.584865	0.016215	0.000189299
252	winsor_p99	0.759451	0.190801	0.00260853,0.025263
252	quantile_bins	0.862491	0.293840	0.000798763,0.00260853,0.00532953,0.00932364,0.0154307,0.025263,0.0452116
252	yeo_johnson	0.692648	0.123997	-10
253	identity	0.608175	0.000000	
253	log	0.953656	0.345481	
253	log1p	0.626895	0.018720	
253	signed_log1p	0.626895	0.018720	
253	signed_sqrt	0.793864	0.185689	
253	signed_cbrt	0.858221	0.250046	
253	clip_then_log1p	0.626306	0.018132	0.000456949
253	winsor_p99	0.762853	0.154678	0.00493619,0.0446653
253	quantile_bins	0.863881	0.255706	0.0015846,0.00493619,0.00986956,0.0172333,0.0280462,0.0446653,0.0776058
253	yeo_johnson	0.746632	0.138457	-10
254	identity	0.591115	0.000000	
254	log	0.957785	0.366670	
254	log1p	0.608295	0.017180	
254	signed_log1p	0.608295	0.017180	
254	signed_sqrt	0.789022	0.197907	
254	signed_cbrt	0.857637	0.266522	
254	clip_then_log1p	0.607733	0.016618	0.000300014
254	winsor_p99	0.762270	0.171155	0.00358357,0.0328162
254	quantile_bins	0.864390	0.273275	0.00114306,0.00358357,0.00716744,0.0124312,0.020428,0.0328162,0.0573096
254	yeo_johnson	0.720173	0.129058	-10
255	identity	0.721543	0.000000	
255	log	0.934549	0.213007	
255	log1p	0.723528	0.001985	
255	signed_log1p	0.723528	0.001985	
255	signed_sqrt	0.843174	0.121631	
255	signed_cbrt	0.879557	0.158014	
255	clip_then_log1p	0.717034	-0.004509	0.000763439
255	winsor_p99	0.772344	0.050801	0.00129751,0.0141167
255	quantile_bins	0.828263	0.106720	0.00152574,0.00288956,0.00422646,0.00565955,0.00730698,0.00941066,0.0129499
255	yeo_johnson	0.742208	0.020665	-10
256	identity	0.713470	0.000000	
256	log	0.942979	0.229509	
256	log1p	0.716062	0.002592	
256	signed_log1p	0.716062	0.002592	
256	signed_sqrt	0.844458	0.130988	
256	signed_cbrt	0.884015	0.170545	
256	clip_then_log1p	0.710995	-0.002474	0.000736937
256	winsor_p99	0.774266	0.060796	0.00129444,0.017459
256	quantile_bins	0.841776	0.128307	0.00155159,0.00309623,0.00463018,0.00635605,0.00836152,0.0109992,0.0158707
256	yeo_johnson	0.740229	0.026759	-10
257	identity	0.134531	0.000000	
257	log	0.940325	0.805794	
257	log1p	0.139330	0.004799	
257	signed_log1p	0.139330	0.004799	
257	signed_sqrt	0.621741	0.487210	
257	signed_cbrt	0.762723	0.628192	
257	clip_then_log1p	0.139238	0.004707	8.33767e-07
257	winsor_p99	0.724716	0.590185	1.02892e-05,0.000113125
257	quantile_bins	0.834818	0.700286	3.35155e-06,1.02892e-05,2.17839e-05,3.94393e-05,6.60013e-05,0.000113125,0.00023473
257	yeo_johnson	0.185125	0.050594	-10
258	identity	0.372597	0.000000	
258	log	nan	nan	
258	log1p	0.380140	0.007543	
258	signed_log1p	0.380140	0.007543	
258	signed_sqrt	0.448555	0.075958	
258	signed_cbrt	0.439120	0.066523	
258	clip_then_log1p	0.380179	0.007583	0.000119389
258	winsor_p99	0.485757	0.113160	0.000119389,0.0185799
258	quantile_bins	0.435867	0.063270	1.16167e-05,0.000119389,0.00199538,0.00589587,0.011027,0.0185799,0.0321237
258	yeo_johnson	0.430038	0.057441	-10
259	identity	0.430889	0.000000	
259	log	nan	nan	
259	log1p	0.440418	0.009529	
259	signed_log1p	0.440418	0.009529	
259	signed_sqrt	0.492400	0.061511	
259	signed_cbrt	0.485464	0.054576	
259	clip_then_log1p	0.440514	0.009626	0.00031805
259	winsor_p99	0.513928	0.083039	0.00031805,0.0383652
259	quantile_bins	0.462888	0.031999	0.000112869,0.00031805,0.00369325,0.0116712,0.0228019,0.0383652,0.0647424
259	yeo_johnson	0.494264	0.063375	-10
260	identity	0.402626	0.000000	
260	log	nan	nan	
260	log1p	0.411007	0.008381	
260	signed_log1p	0.411007	0.008381	
260	signed_sqrt	0.472826	0.070200	
260	signed_cbrt	0.465408	0.062782	
260	clip_then_log1p	0.411075	0.008449	0.000202358
260	winsor_p99	0.502754	0.100127	0.000202358,0.0254471
260	quantile_bins	0.451824	0.049198	4.7662e-05,0.000202358,0.00264493,0.0079757,0.0150759,0.0254471,0.0433477
260	yeo_johnson	0.463920	0.061294	-10
261	identity	0.406757	0.000000	
261	log	nan	nan	
261	log1p	0.407775	0.001017	
261	signed_log1p	0.407775	0.001017	
261	signed_sqrt	0.369523	-0.037235	
261	signed_cbrt	0.317130	-0.089627	
261	clip_then_log1p	0.414294	0.007536	0.000314952
261	winsor_p99	0.428999	0.022242	1.34044e-08,0.00695392
261	quantile_bins	0.399157	-0.007601	4.3242e-08,0.000314952,0.00139803,0.00221014,0.00294064,0.00381446,0.00527682
261	yeo_johnson	0.415027	0.008269	-10
262	identity	0.348899	0.000000	
262	log	nan	nan	
262	log1p	0.349435	0.000536	
262	signed_log1p	0.349435	0.000536	
262	signed_sqrt	0.328585	-0.020315	
262	signed_cbrt	0.283050	-0.065850	
262	clip_then_log1p	0.349436	0.000537	6.54751e-08
262	winsor_p99	0.384829	0.035930	6.54751e-08,0.00523929
262	quantile_bins	0.358035	0.009136	1.37608e-08,6.54751e-08,0.00164675,0.00290757,0.00396104,0.00523929,0.00751384
262	yeo_johnson	0.354385	0.005485	-10
263	identity	0.125005	0.000000	
263	log	0.200333	0.075328	
263	log1p	0.125818	0.000814	
263	signed_log1p	0.125818	0.000814	
263	signed_sqrt	0.391548	0.266543	
263	signed_cbrt	0.432710	0.307705	
263	clip_then_log1p	0.125818	0.000814	2.68573e-16
263	winsor_p99	0.517722	0.392717	9.90543e-08,3.14056e-05
263	quantile_bins	0.459515	0.334510	1.05077e-15,9.90543e-08,3.17485e-06,8.70022e-06,1.69807e-05,3.14056e-05,6.26893e-05
263	yeo_johnson	0.133626	0.008621	-10
264	identity	0.412078	0.000000	
264	log	0.401949	-0.010129	
264	log1p	0.420641	0.008563	
264	signed_log1p	0.420641	0.008563	
264	signed_sqrt	0.514617	0.102539	
264	signed_cbrt	0.513265	0.101187	
264	clip_then_log1p	0.420655	0.008576	4.26313e-05
264	winsor_p99	0.542858	0.130780	4.26313e-05,0.0154068
264	quantile_bins	0.475659	0.063581	6.10888e-06,4.26313e-05,0.000972085,0.00371993,0.00832547,0.0154068,0.0280288
264	yeo_johnson	0.478582	0.066504	-10
265	identity	0.420106	0.000000	
265	log	0.447860	0.027753	
265	log1p	0.432541	0.012435	
265	signed_log1p	0.432541	0.012435	
265	signed_sqrt	0.528013	0.107906	
265	signed_cbrt	0.533101	0.112994	
265	clip_then_log1p	0.432556	0.012450	0.000122019
265	winsor_p99	0.557239	0.137133	0.000122019,0.0240929
265	quantile_bins	0.491887	0.071781	3.47106e-05,0.000122019,0.00162553,0.00568066,0.0128338,0.0240929,0.0447506
265	yeo_johnson	0.508894	0.088788	-10
266	identity	0.417278	0.000000	
266	log	0.425954	0.008676	
266	log1p	0.427229	0.009951	
266	signed_log1p	0.427229	0.009951	
266	signed_sqrt	0.522646	0.105369	
266	signed_cbrt	0.524567	0.107289	
266	clip_then_log1p	0.427245	0.009967	7.45716e-05
266	winsor_p99	0.551493	0.134216	7.45716e-05,0.0187285
266	quantile_bins	0.484651	0.067373	1.65082e-05,7.45716e-05,0.00123575,0.00448385,0.0100177,0.0187285,0.0342945
266	yeo_johnson	0.493129	0.075852	-10
267	identity	0.457824	0.000000	
267	log	nan	nan	
267	log1p	0.458876	0.001052	
267	signed_log1p	0.458876	0.001052	
267	signed_sqrt	0.452215	-0.005609	
267	signed_cbrt	0.401637	-0.056187	
267	clip_then_log1p	0.461785	0.003961	0.000198506
267	winsor_p99	0.507675	0.049851	8.77268e-08,0.00620889
267	quantile_bins	0.461986	0.004162	1.02961e-07,0.000198506,0.00108908,0.00201704,0.00291951,0.00404295,0.00566872
267	yeo_johnson	0.467551	0.009727	-10
268	identity	0.462547	0.000000	
268	log	nan	nan	
268	log1p	0.462903	0.000356	
268	signed_log1p	0.462903	0.000356	
268	signed_sqrt	0.422538	-0.040009	
268	signed_cbrt	0.363490	-0.099057	
268	clip_then_log1p	0.462903	0.000356	9.89198e-08
268	winsor_p99	0.484013	0.021466	5.74828e-08,0.00740547
268	quantile_bins	0.444730	-0.017817	6.14238e-08,9.89198e-08,0.00117441,0.00231823,0.00344217,0.00477548,0.00677477
268	yeo_johnson	0.466160	0.003613	-10
269	identity	0.133681	0.000000	
269	log	0.241523	0.107842	
269	log1p	0.134460	0.000779	
269	signed_log1p	0.134460	0.000779	
269	signed_sqrt	0.398360	0.264678	
269	signed_cbrt	0.461928	0.328247	
269	clip_then_log1p	0.134460	0.000779	8.56791e-16
269	winsor_p99	0.551909	0.418227	2.9936e-08,2.674e-05
269	quantile_bins	0.489040	0.355359	3.80512e-15,2.9936e-08,1.854e-06,5.96455e-06,1.34682e-05,2.674e-05,6.08279e-05
269	yeo_johnson	0.141742	0.008061	-10
270	identity	0.484397	0.000000	
270	log	0.934820	0.450423	
270	log1p	0.495287	0.010890	
270	signed_log1p	0.495287	0.010890	
270	signed_sqrt	0.718292	0.233895	
270	signed_cbrt	0.803462	0.319065	
270	clip_then_log1p	0.495068	0.010671	5.07382e-05
270	winsor_p99	0.744224	0.259828	0.000532078,0.00786712
270	quantile_bins	0.861033	0.376637	0.000175314,0.000532078,0.00118478,0.00231849,0.00423948,0.00786712,0.0166218
270	yeo_johnson	0.572088	0.087691	-10
271	identity	0.493405	0.000000	
271	log	0.914078	0.420673	
271	log1p	0.511600	0.018194	
271	signed_log1p	0.511600	0.018194	
271	signed_sqrt	0.720322	0.226917	
271	signed_cbrt	0.797852	0.304446	
271	clip_then_log1p	0.511239	0.017834	0.000186075
271	winsor_p99	0.744617	0.251212	0.00118584,0.0156849
271	quantile_bins	0.859026	0.365620	0.000457722,0.00118584,0.00254793,0.00485953,0.00850283,0.0156849,0.031173
271	yeo_johnson	0.621719	0.128314	-10
272	identity	0.492271	0.000000	
272	log	0.924594	0.432323	
272	log1p	0.506024	0.013753	
272	signed_log1p	0.506024	0.013753	
272	signed_sqrt	0.722999	0.230728	
272	signed_cbrt	0.803593	0.311322	
272	clip_then_log1p	0.505731	0.013460	0.000100048
272	winsor_p99	0.746075	0.253804	0.000806249,0.0110405
272	quantile_bins	0.860204	0.367933	0.000287125,0.000806249,0.00176706,0.00339925,0.00602471,0.0110405,0.0222508
272	yeo_johnson	0.597814	0.105544	-10
273	identity	0.665641	0.000000	
273	log	0.942820	0.277179	
273	log1p	0.668190	0.002549	
273	signed_log1p	0.668190	0.002549	
273	signed_sqrt	0.823424	0.157783	
273	signed_cbrt	0.870302	0.204661	
273	clip_then_log1p	0.662482	-0.003159	0.0004112
273	winsor_p99	0.770239	0.104598	0.00135536,0.00521268
273	quantile_bins	0.852501	0.186860	0.000782716,0.00135536,0.00201671,0.00280104,0.0038102,0.00521268,0.00767459
273	yeo_johnson	0.689862	0.024221	-10
274	identity	0.672839	0.000000	
274	log	0.944896	0.272057	
274	log1p	0.674519	0.001681	
274	signed_log1p	0.674519	0.001681	
274	signed_sqrt	0.821323	0.148484	
274	signed_cbrt	0.869119	0.196280	
274	clip_then_log1p	0.669422	-0.003417	0.000393115
274	winsor_p99	0.769039	0.096200	0.00139484,0.00564005
274	quantile_bins	0.853414	0.180576	0.00074974,0.00139484,0.00208542,0.00295855,0.00405351,0.00564005,0.00852621
274	yeo_johnson	0.690749	0.017910	-10
275	identity	0.071177	0.000000	
275	log	0.931116	0.859939	
275	log1p	0.073492	0.002315	
275	signed_log1p	0.073492	0.002315	
275	signed_sqrt	0.532338	0.461161	
275	signed_cbrt	0.722096	0.650920	
275	clip_then_log1p	0.073466	0.002289	2.39768e-07
275	winsor_p99	0.722805	0.651628	2.93741e-06,3.66702e-05
275	quantile_bins	0.841212	0.770035	1.07035e-06,2.93741e-06,5.76502e-06,1.07213e-05,1.94452e-05,3.66702e-05,8.06205e-05
275	yeo_johnson	0.096367	0.025190	-10
276	identity	0.436539	0.000000	
276	log	nan	nan	
276	log1p	0.443678	0.007139	
276	signed_log1p	0.443678	0.007139	
276	signed_sqrt	0.515244	0.078705	
276	signed_cbrt	0.506029	0.069490	
276	clip_then_log1p	0.443734	0.007194	8.00236e-05
276	winsor_p99	0.534993	0.098454	8.00236e-05,0.0156096
276	quantile_bins	0.476135	0.039596	1.03492e-05,8.00236e-05,0.00106611,0.00416077,0.00870032,0.0156096,0.0274324
276	yeo_johnson	0.488469	0.051930	-10
277	identity	0.445228	0.000000	
277	log	nan	nan	
277	log1p	0.457353	0.012125	
277	signed_log1p	0.457353	0.012125	
277	signed_sqrt	0.534915	0.089687	
277	signed_cbrt	0.535629	0.090401	
277	clip_then_log1p	0.457393	0.012165	0.000241758
277	winsor_p99	0.549428	0.104200	0.000241758,0.025184
277	quantile_bins	0.493509	0.048281	0.000106831,0.000241758,0.00177009,0.00643711,0.0139069,0.025184,0.0438281
277	yeo_johnson	0.519430	0.074202	-10
278	identity	0.441471	0.000000	
278	log	nan	nan	
278	log1p	0.450765	0.009293	
278	signed_log1p	0.450765	0.009293	
278	signed_sqrt	0.526847	0.085376	
278	signed_cbrt	0.523435	0.081964	
278	clip_then_log1p	0.450815	0.009343	0.000148108
278	winsor_p99	0.543760	0.102288	0.000148108,0.0191108
278	quantile_bins	0.486326	0.044855	4.45349e-05,0.000148108,0.00133912,0.00502101,0.0106141,0.0191108,0.0333871
278	yeo_johnson	0.504128	0.062657	-10
279	identity	0.469329	0.000000	
279	log	nan	nan	
279	log1p	0.471349	0.002019	
279	signed_log1p	0.471349	0.002019	
279	signed_sqrt	0.448609	-0.020720	
279	signed_cbrt	0.390150	-0.079179	
279	clip_then_log1p	0.475484	0.006155	0.000197856
279	winsor_p99	0.510412	0.041083	2.26448e-08,0.00583143
279	quantile_bins	0.458242	-0.011087	3.92421e-08,0.000197856,0.00114649,0.00206493,0.00288584,0.00387789,0.00538307
279	yeo_johnson	0.485194	0.015865	-10
280	identity	0.442840	0.000000	
280	log	nan	nan	
280	log1p	0.443144	0.000303	
280	signed_log1p	0.443144	0.000303	
280	signed_sqrt	0.401458	-0.041383	
280	signed_cbrt	0.343038	-0.099803	
280	clip_then_log1p	0.443144	0.000304	5.69254e-08
280	winsor_p99	0.465120	0.022280	1.24659e-08,0.00703707
280	quantile_bins	0.417912	-0.024928	1.46079e-08,5.69254e-08,0.00123649,0.00243227,0.00347895,0.00466697,0.00646177
280	yeo_johnson	0.445956	0.003116	-10
281	identity	0.114124	0.000000	
281	log	nan	nan	
281	log1p	0.114884	0.000760	
281	signed_log1p	0.114884	0.000760	
281	signed_sqrt	0.406080	0.291956	
281	signed_cbrt	0.464759	0.350635	
281	clip_then_log1p	0.114884	0.000760	2.32992e-16
281	winsor_p99	0.548886	0.434762	3.91418e-08,2.50148e-05
281	quantile_bins	0.484505	0.370380	9.54449e-16,3.91418e-08,1.95584e-06,6.04151e-06,1.27613e-05,2.50148e-05,4.97279e-05
281	yeo_johnson	0.122217	0.008093	-10
282	identity	0.377181	0.000000	
282	log	nan	nan	
282	log1p	0.387116	0.009936	
282	signed_log1p	0.387116	0.009936	
282	signed_sqrt	0.528567	0.151387	
282	signed_cbrt	0.549051	0.171871	
282	clip_then_log1p	0.387116	0.009936	4.00198e-06
282	winsor_p99	0.573140	0.195959	2.88637e-05,0.00936077
282	quantile_bins	0.507008	0.129827	4.56546e-06,2.88637e-05,0.000374073,0.0013476,0.00415949,0.00936077,0.0192891
282	yeo_johnson	0.457210	0.080030	-10
283	identity	0.365158	0.000000	
283	log	nan	nan	
283	log1p	0.379163	0.014006	
283	signed_log1p	0.379163	0.014006	
283	signed_sqrt	0.522041	0.156884	
283	signed_cbrt	0.550695	0.185537	
283	clip_then_log1p	0.379165	0.014007	2.11779e-05
283	winsor_p99	0.579562	0.214404	9.68741e-05,0.0128519
283	quantile_bins	0.517513	0.152355	2.70781e-05,9.68741e-05,0.000559986,0.00184177,0.00558736,0.0128519,0.027866
283	yeo_johnson	0.468992	0.103834	-10
284	identity	0.371427	0.000000	
284	log	nan	nan	
284	log1p	0.383100	0.011673	
284	signed_log1p	0.383100	0.011673	
284	signed_sqrt	0.526474	0.155047	
284	signed_cbrt	0.550911	0.179483	
284	clip_then_log1p	0.383101	0.011674	8.65617e-06
284	winsor_p99	0.577014	0.205587	5.5543e-05,0.0107064
284	quantile_bins	0.513423	0.141996	1.16743e-05,5.5543e-05,0.000457335,0.00154259,0.00473264,0.0107064,0.0226096
284	yeo_johnson	0.462273	0.090845	-10
285	identity	0.463126	0.000000	
285	log	nan	nan	
285	log1p	0.464972	0.001846	
285	signed_log1p	0.464972	0.001846	
285	signed_sqrt	0.501019	0.037893	
285	signed_cbrt	0.455256	-0.007870	
285	clip_then_log1p	0.466134	0.003007	0.000105145
285	winsor_p99	0.560801	0.097675	0.000105145,0.00326824
285	quantile_bins	0.501834	0.038708	8.57282e-08,0.000105145,0.000716408,0.00131816,0.00218695,0.00326824,0.00494555
285	yeo_johnson	0.479759	0.016633	-10
286	identity	0.508511	0.000000	
286	log	nan	nan	
286	log1p	0.508903	0.000392	
286	signed_log1p	0.508903	0.000392	
286	signed_sqrt	0.478331	-0.030180	
286	signed_cbrt	0.413563	-0.094948	
286	clip_then_log1p	0.508904	0.000393	7.93417e-08
286	winsor_p99	0.540084	0.031573	4.96693e-08,0.00531557
286	quantile_bins	0.490708	-0.017803	5.39883e-08,7.93417e-08,0.00070461,0.00131098,0.00211629,0.00319866,0.00480678
286	yeo_johnson	0.512589	0.004078	-10
287	identity	0.118195	0.000000	
287	log	0.260443	0.142249	
287	log1p	0.118878	0.000683	
287	signed_log1p	0.118878	0.000683	
287	signed_sqrt	0.380168	0.261974	
287	signed_cbrt	0.465491	0.347296	
287	clip_then_log1p	0.118878	0.000683	3.54124e-16
287	winsor_p99	0.571984	0.453790	9.6221e-09,1.66516e-05
287	quantile_bins	0.506870	0.388676	1.59581e-15,9.6221e-09,7.52311e-07,2.62091e-06,7.13855e-06,1.66516e-05,4.2564e-05
287	yeo_johnson	0.125277	0.007082	-10
288	identity	0.346841	0.000000	
288	log	0.868751	0.521910	
288	log1p	0.360257	0.013415	
288	signed_log1p	0.360257	0.013415	
288	signed_sqrt	0.625658	0.278817	
288	signed_cbrt	0.724026	0.377185	
288	clip_then_log1p	0.360171	0.013330	1.3697e-05
288	winsor_p99	0.711121	0.364280	9.86549e-05,0.00214765
288	quantile_bins	0.828203	0.481361	3.49431e-05,9.86549e-05,0.000233468,0.000504216,0.00102824,0.00214765,0.00545056
288	yeo_johnson	0.436092	0.089250	-10
289	identity	0.342228	0.000000	
289	log	0.831449	0.489220	
289	log1p	0.365923	0.023695	
289	signed_log1p	0.365923	0.023695	
289	signed_sqrt	0.618942	0.276714	
289	signed_cbrt	0.709948	0.367720	
289	clip_then_log1p	0.365764	0.023536	6.31309e-05
289	winsor_p99	0.711884	0.369656	0.000318193,0.00501099
289	quantile_bins	0.810778	0.468550	0.000145609,0.000318193,0.000655964,0.0013651,0.002553,0.00501099,0.012131
289	yeo_johnson	0.483075	0.140846	-10
290	identity	0.339228	0.000000	
290	log	0.848251	0.509022	
290	log1p	0.358378	0.019149	
290	signed_log1p	0.358378	0.019149	
290	signed_sqrt	0.624279	0.285050	
290	signed_cbrt	0.718872	0.379644	
290	clip_then_log1p	0.358260	0.019031	3.02971e-05
290	winsor_p99	0.712620	0.373392	0.000180356,0.00327548
290	quantile_bins	0.818236	0.479007	7.29486e-05,0.000180356,0.000397951,0.000844436,0.00163763,0.00327548,0.00803067
290	yeo_johnson	0.458711	0.119482	-10
291	identity	0.566799	0.000000	
291	log	0.911515	0.344716	
291	log1p	0.572362	0.005563	
291	signed_log1p	0.572362	0.005563	
291	signed_sqrt	0.775215	0.208416	
291	signed_cbrt	0.829234	0.262435	
291	clip_then_log1p	0.568142	0.001343	0.00021719
291	winsor_p99	0.752798	0.185999	0.000663256,0.00293123
291	quantile_bins	0.838086	0.271287	0.000405795,0.000663256,0.000983363,0.00146231,0.00201809,0.00293123,0.00455274
291	yeo_johnson	0.611772	0.044973	-10
292	identity	0.636292	0.000000	
292	log	0.921068	0.284777	
292	log1p	0.637257	0.000965	
292	signed_log1p	0.637257	0.000965	
292	signed_sqrt	0.786452	0.150161	
292	signed_cbrt	0.836906	0.200615	
292	clip_then_log1p	0.632740	-0.003552	0.00020335
292	winsor_p99	0.751337	0.115046	0.000637481,0.00299456
292	quantile_bins	0.841857	0.205566	0.000388014,0.000637481,0.000964828,0.00145246,0.0020393,0.00299456,0.00470407
292	yeo_johnson	0.646701	0.010409	-10
293	identity	0.044485	0.000000	
293	log	0.880502	0.836017	
293	log1p	0.045640	0.001155	
293	signed_log1p	0.045640	0.001155	
293	signed_sqrt	0.413294	0.368809	
293	signed_cbrt	0.651028	0.606543	
293	clip_then_log1p	0.045634	0.001149	6.48207e-08
293	winsor_p99	0.700948	0.656463	9.18041e-07,1.27091e-05
293	quantile_bins	0.798931	0.754446	3.18433e-07,9.18041e-07,2.32634e-06,3.62206e-06,6.1376e-06,1.27091e-05,3.17604e-05
293	yeo_johnson	0.056832	0.012347	-10
294	identity	0.417835	0.000000	
294	log	nan	nan	
294	log1p	0.428714	0.010878	
294	signed_log1p	0.428714	0.010878	
294	signed_sqrt	0.545771	0.127936	
294	signed_cbrt	0.549617	0.131782	
294	clip_then_log1p	0.428713	0.010877	2.66212e-06
294	winsor_p99	0.567687	0.149852	5.80771e-05,0.00991222
294	quantile_bins	0.506289	0.088454	8.55811e-06,5.80771e-05,0.000436728,0.00187196,0.0048448,0.00991222,0.0191006
294	yeo_johnson	0.492238	0.074402	-10
295	identity	0.397646	0.000000	
295	log	nan	nan	
295	log1p	0.415169	0.017523	
295	signed_log1p	0.415169	0.017523	
295	signed_sqrt	0.544779	0.147133	
295	signed_cbrt	0.562191	0.164545	
295	clip_then_log1p	0.415158	0.017513	5.56316e-05
295	winsor_p99	0.573970	0.176324	0.000203197,0.0136081
295	quantile_bins	0.519228	0.121583	9.35457e-05,0.000203197,0.000747703,0.00249256,0.00659838,0.0136081,0.0268618
295	yeo_johnson	0.502138	0.104492	-10
296	identity	0.407103	0.000000	
296	log	nan	nan	
296	log1p	0.421146	0.014043	
296	signed_log1p	0.421146	0.014043	
296	signed_sqrt	0.546696	0.139593	
296	signed_cbrt	0.558219	0.151116	
296	clip_then_log1p	0.421141	0.014038	1.93309e-05
296	winsor_p99	0.571576	0.164472	0.000117614,0.0113131
296	quantile_bins	0.513643	0.106540	3.90776e-05,0.000117614,0.000569135,0.00211636,0.00553407,0.0113131,0.022029
296	yeo_johnson	0.496846	0.089743	-10
297	identity	0.488417	0.000000	
297	log	nan	nan	
297	log1p	0.491680	0.003263	
297	signed_log1p	0.491680	0.003263	
297	signed_sqrt	0.504934	0.016518	
297	signed_cbrt	0.446776	-0.041640	
297	clip_then_log1p	0.493834	0.005417	0.000118912
297	winsor_p99	0.563212	0.074795	2.39464e-08,0.00517751
297	quantile_bins	0.498537	0.010120	3.84944e-08,0.000118912,0.000829896,0.0014783,0.00228782,0.00331565,0.00477914
297	yeo_johnson	0.513804	0.025388	-10
298	identity	0.502144	0.000000	
298	log	nan	nan	
298	log1p	0.502408	0.000263	
298	signed_log1p	0.502408	0.000263	
298	signed_sqrt	0.459800	-0.042344	
298	signed_cbrt	0.393492	-0.108652	
298	clip_then_log1p	0.502409	0.000265	5.25199e-08
298	winsor_p99	0.525160	0.023016	1.3161e-08,0.00522544
298	quantile_bins	0.465478	-0.036666	1.56512e-08,5.25199e-08,0.000773489,0.0015136,0.0023807,0.00335534,0.00477374
298	yeo_johnson	0.504898	0.002754	-10
299	identity	0.101055	0.000000	
299	log	nan	nan	
299	log1p	0.101693	0.000638	
299	signed_log1p	0.101693	0.000638	
299	signed_sqrt	0.394657	0.293603	
299	signed_cbrt	0.477652	0.376598	
299	clip_then_log1p	0.101693	0.000638	2.23921e-16
299	winsor_p99	0.572120	0.471066	1.36923e-08,1.60945e-05
299	quantile_bins	0.506957	0.405903	9.01608e-16,1.36923e-08,9.21004e-07,2.9542e-06,7.56438e-06,1.60945e-05,3.65682e-05
299	yeo_johnson	0.107878	0.006823	-10
300	identity	0.297998	0.000000	
300	log	0.263021	-0.034977	
300	log1p	0.309786	0.011788	
300	signed_log1p	0.309786	0.011788	
300	signed_sqrt	0.378898	0.080900	
300	signed_cbrt	0.372143	0.074145	
300	clip_then_log1p	0.309789	0.011791	0.000209912
300	winsor_p99	0.424393	0.126395	0.000209912,0.0266017
300	quantile_bins	0.370300	0.072302	5.41837e-06,0.000209912,0.0037533,0.0087581,0.0159989,0.0266017,0.0497154
300	yeo_johnson	0.377627	0.079629	-10
301	identity	0.386468	0.000000	
301	log	0.322614	-0.063853	
301	log1p	0.402475	0.016007	
301	signed_log1p	0.402475	0.016007	
301	signed_sqrt	0.443219	0.056751	
301	signed_cbrt	0.430661	0.044193	
301	clip_then_log1p	0.402643	0.016175	0.000556394
301	winsor_p99	0.471979	0.085511	0.000556394,0.0741764
301	quantile_bins	0.413878	0.027410	4.51895e-05,0.000556394,0.00829833,0.0233372,0.0445203,0.0741764,0.135611
301	yeo_johnson	0.467183	0.080715	-10
302	identity	0.341439	0.000000	
302	log	0.292465	-0.048974	
302	log1p	0.355664	0.014225	
302	signed_log1p	0.355664	0.014225	
302	signed_sqrt	0.413236	0.071797	
302	signed_cbrt	0.403512	0.062073	
302	clip_then_log1p	0.355738	0.014299	0.000370972
302	winsor_p99	0.452003	0.110564	0.000370972,0.0418393
302	quantile_bins	0.396971	0.055532	1.65845e-05,0.000370972,0.00540874,0.013503,0.0250246,0.0418393,0.077809
302	yeo_johnson	0.427144	0.085705	-10
303	identity	0.308660	0.000000	
303	log	nan	nan	
303	log1p	0.309283	0.000623	
303	signed_log1p	0.309283	0.000623	
303	signed_sqrt	0.295230	-0.013430	
303	signed_cbrt	0.259849	-0.048811	
303	clip_then_log1p	0.312753	0.004093	0.000713257
303	winsor_p99	0.334605	0.025945	0.000713257,0.00564049
303	quantile_bins	0.310370	0.001710	3.15178e-07,0.000713257,0.00201248,0.00293734,0.0040324,0.00564049,0.00862242
303	yeo_johnson	0.314559	0.005899	-10
304	identity	0.248289	0.000000	
304	log	nan	nan	
304	log1p	0.249859	0.001571	
304	signed_log1p	0.249859	0.001571	
304	signed_sqrt	0.265364	0.017075	
304	signed_cbrt	0.238864	-0.009425	
304	clip_then_log1p	0.249859	0.001571	1.94063e-07
304	winsor_p99	0.308742	0.060453	3.61146e-07,0.00778322
304	quantile_bins	0.310528	0.062239	2.72628e-07,3.61146e-07,0.00236657,0.00392276,0.00561932,0.00778322,0.0130818
304	yeo_johnson	0.263523	0.015234	-10
305	identity	0.151157	0.000000	
305	log	0.203505	0.052348	
305	log1p	0.152273	0.001116	
305	signed_log1p	0.152273	0.001116	
305	signed_sqrt	0.369018	0.217860	
305	signed_cbrt	0.403166	0.252008	
305	clip_then_log1p	0.152273	0.001116	1.30363e-14
305	winsor_p99	0.486311	0.335154	3.00964e-07,5.57506e-05
305	quantile_bins	0.434039	0.282881	4.51375e-14,3.00964e-07,5.89089e-06,1.50027e-05,3.00523e-05,5.57506e-05,0.000130169
305	yeo_johnson	0.162294	0.011136	-10
306	identity	0.585378	0.000000	
306	log	0.941576	0.356198	
306	log1p	0.617897	0.032519	
306	signed_log1p	0.617897	0.032519	
306	signed_sqrt	0.782924	0.197546	
306	signed_cbrt	0.850028	0.264649	
306	clip_then_log1p	0.616832	0.031454	0.000967407
306	winsor_p99	0.738894	0.153515	0.0125013,0.0753098
306	quantile_bins	0.832988	0.247610	0.00447523,0.0125013,0.0216577,0.0335556,0.0503373,0.0753098,0.124014
306	yeo_johnson	0.780315	0.194937	-10
307	identity	0.651556	0.000000	
307	log	0.944520	0.292964	
307	log1p	0.684123	0.032567	
307	signed_log1p	0.684123	0.032567	
307	signed_sqrt	0.814748	0.163192	
307	signed_cbrt	0.869301	0.217745	
307	clip_then_log1p	0.682941	0.031386	0.00180303
307	winsor_p99	0.749635	0.098079	0.0226264,0.134429
307	quantile_bins	0.835196	0.183640	0.00773288,0.0226264,0.0411223,0.064443,0.0929046,0.134429,0.213343
307	yeo_johnson	0.819136	0.167580	-7.56793
308	identity	0.615858	0.000000	
308	log	0.946764	0.330906	
308	log1p	0.648336	0.032478	
308	signed_log1p	0.648336	0.032478	
308	signed_sqrt	0.799364	0.183506	
308	signed_cbrt	0.861286	0.245429	
308	clip_then_log1p	0.647167	0.031309	0.00131317
308	winsor_p99	0.746973	0.131116	0.0162218,0.0951944
308	quantile_bins	0.837619	0.221762	0.00576184,0.0162218,0.028462,0.0438276,0.0643393,0.0951944,0.154311
308	yeo_johnson	0.810132	0.194275	-10
309	identity	0.579345	0.000000	
309	log	0.804252	0.224906	
309	log1p	0.584921	0.005576	
309	signed_log1p	0.584921	0.005576	
309	signed_sqrt	0.701666	0.122320	
309	signed_cbrt	0.740315	0.160969	
309	clip_then_log1p	0.580866	0.001521	0.00203819
309	winsor_p99	0.633239	0.053894	0.00378506,0.0418102
309	quantile_bins	0.694199	0.114854	0.00468794,0.00870913,0.0124675,0.0165025,0.021449,0.0279603,0.0383809
309	yeo_johnson	0.633333	0.053988	-10
310	identity	0.585562	0.000000	
310	log	0.835826	0.250264	
310	log1p	0.594011	0.008449	
310	signed_log1p	0.594011	0.008449	
310	signed_sqrt	0.723926	0.138364	
310	signed_cbrt	0.767076	0.181514	
310	clip_then_log1p	0.591052	0.005490	0.00194911
310	winsor_p99	0.656980	0.071418	0.00411035,0.0523044
310	quantile_bins	0.729361	0.143799	0.00505595,0.00974897,0.0143152,0.0192264,0.0253075,0.0335268,0.0475716
310	yeo_johnson	0.661596	0.076034	-10
311	identity	0.237294	0.000000	
311	log	0.866087	0.628793	
311	log1p	0.244621	0.007326	
311	signed_log1p	0.244621	0.007326	
311	signed_sqrt	0.577608	0.340314	
311	signed_cbrt	0.688591	0.451297	
311	clip_then_log1p	0.244443	0.007148	3.20563e-06
311	winsor_p99	0.637836	0.400541	4.70875e-05,0.000444985
311	quantile_bins	0.752102	0.514807	1.49209e-05,4.70875e-05,9.37526e-05,0.00015917,0.000260556,0.000444985,0.000912645
311	yeo_johnson	0.297203	0.059909	-10
312	identity	0.260782	0.000000	
312	log	nan	nan	
312	log1p	0.275911	0.015129	
312	signed_log1p	0.275911	0.015129	
312	signed_sqrt	0.356264	0.095481	
312	signed_cbrt	0.354929	0.094146	
312	clip_then_log1p	0.275909	0.015127	1.06305e-05
312	winsor_p99	0.414065	0.153283	0.000281583,0.0243707
312	quantile_bins	0.374536	0.113754	1.73124e-05,0.000281583,0.00397628,0.00869876,0.0147656,0.0243707,0.0431233
312	yeo_johnson	0.354955	0.094172	-10
313	identity	0.367175	0.000000	
313	log	nan	nan	
313	log1p	0.384593	0.017418	
313	signed_log1p	0.384593	0.017418	
313	signed_sqrt	0.428177	0.061002	
313	signed_cbrt	0.420089	0.052914	
313	clip_then_log1p	0.384723	0.017548	0.000684885
313	winsor_p99	0.463598	0.096423	0.000684885,0.0730831
313	quantile_bins	0.416525	0.049350	0.00015346,0.000684885,0.00930358,0.0249539,0.0456139,0.0730831,0.126583
313	yeo_johnson	0.454209	0.087034	-10
314	identity	0.311362	0.000000	
314	log	nan	nan	
314	log1p	0.328119	0.016756	
314	signed_log1p	0.328119	0.016756	
314	signed_sqrt	0.394499	0.083137	
314	signed_cbrt	0.390830	0.079467	
314	clip_then_log1p	0.328136	0.016774	0.000456267
314	winsor_p99	0.443568	0.132206	0.000456267,0.039038
314	quantile_bins	0.400399	0.089036	6.54288e-05,0.000456267,0.00570606,0.0137345,0.0239429,0.039038,0.0690418
314	yeo_johnson	0.409382	0.098020	-10
315	identity	0.305027	0.000000	
315	log	nan	nan	
315	log1p	0.305692	0.000665	
315	signed_log1p	0.305692	0.000665	
315	signed_sqrt	0.280825	-0.024201	
315	signed_cbrt	0.241912	-0.063115	
315	clip_then_log1p	0.311291	0.006265	0.000758273
315	winsor_p99	0.326338	0.021311	0.000758273,0.00515678
315	quantile_bins	0.303169	-0.001857	6.09637e-08,0.000758273,0.00204637,0.0029287,0.00386099,0.00515678,0.00733206
315	yeo_johnson	0.310749	0.005722	-10
316	identity	0.215665	0.000000	
316	log	nan	nan	
316	log1p	0.217169	0.001505	
316	signed_log1p	0.217169	0.001505	
316	signed_sqrt	0.236306	0.020641	
316	signed_cbrt	0.212165	-0.003500	
316	clip_then_log1p	0.217169	0.001505	8.36895e-08
316	winsor_p99	0.285877	0.070212	8.36895e-08,0.00713852
316	quantile_bins	0.273867	0.058203	1.61044e-08,8.36895e-08,0.00262456,0.00391093,0.00517021,0.00713852,0.0114427
316	yeo_johnson	0.230340	0.014676	-10
317	identity	0.136459	0.000000	
317	log	0.180869	0.044410	
317	log1p	0.137360	0.000901	
317	signed_log1p	0.137360	0.000901	
317	signed_sqrt	0.358546	0.222087	
317	signed_cbrt	0.391636	0.255177	
317	clip_then_log1p	0.137360	0.000901	4.58169e-16
317	winsor_p99	0.482744	0.346286	3.63104e-07,4.82792e-05
317	quantile_bins	0.429401	0.292943	1.52863e-15,3.63104e-07,6.01768e-06,1.41475e-05,2.70214e-05,4.82792e-05,9.93664e-05
317	yeo_johnson	0.145742	0.009284	-10
318	identity	0.373325	0.000000	
318	log	0.335003	-0.038321	
318	log1p	0.384578	0.011253	
318	signed_log1p	0.384578	0.011253	
318	signed_sqrt	0.458360	0.085035	
318	signed_cbrt	0.451310	0.077985	
318	clip_then_log1p	0.384605	0.011280	0.000100416
318	winsor_p99	0.491894	0.118569	0.000100416,0.0253239
318	quantile_bins	0.433363	0.060039	7.634e-06,0.000100416,0.00241272,0.0073481,0.0146363,0.0253239,0.0461976
318	yeo_johnson	0.448409	0.075084	-10
319	identity	0.425627	0.000000	
319	log	0.390295	-0.035332	
319	log1p	0.439646	0.014019	
319	signed_log1p	0.439646	0.014019	
319	signed_sqrt	0.496542	0.070915	
319	signed_cbrt	0.489756	0.064129	
319	clip_then_log1p	0.439722	0.014096	0.000262534
319	winsor_p99	0.519766	0.094139	0.000262534,0.0521889
319	quantile_bins	0.459503	0.033876	4.85549e-05,0.000262534,0.00453335,0.0146494,0.0301918,0.0521889,0.0953699
319	yeo_johnson	0.507910	0.082283	-10
320	identity	0.401094	0.000000	
320	log	0.365674	-0.035420	
320	log1p	0.413216	0.012122	
320	signed_log1p	0.413216	0.012122	
320	signed_sqrt	0.479548	0.078454	
320	signed_cbrt	0.472811	0.071716	
320	clip_then_log1p	0.413267	0.012173	0.000164081
320	winsor_p99	0.508826	0.107732	0.000164081,0.0345521
320	quantile_bins	0.449594	0.048499	2.26173e-05,0.000164081,0.0031901,0.00992237,0.020038,0.0345521,0.0631446
320	yeo_johnson	0.479891	0.078796	-10
321	identity	0.386217	0.000000	
321	log	nan	nan	
321	log1p	0.387117	0.000900	
321	signed_log1p	0.387117	0.000900	
321	signed_sqrt	0.376747	-0.009470	
321	signed_cbrt	0.334114	-0.052103	
321	clip_then_log1p	0.390340	0.004123	0.000425527
321	winsor_p99	0.426726	0.040509	0.000425527,0.00592605
321	quantile_bins	0.393145	0.006928	1.85579e-07,0.000425527,0.00188543,0.00309555,0.00430848,0.00592605,0.00881041
321	yeo_johnson	0.394714	0.008498	-10
322	identity	0.356898	0.000000	
322	log	nan	nan	
322	log1p	0.358040	0.001142	
322	signed_log1p	0.358040	0.001142	
322	signed_sqrt	0.351675	-0.005223	
322	signed_cbrt	0.308808	-0.048090	
322	clip_then_log1p	0.358040	0.001142	8.52334e-08
322	winsor_p99	0.398142	0.041243	1.18092e-07,0.013641
322	quantile_bins	0.380616	0.023718	1.24639e-07,1.88064e-07,0.00208958,0.00389821,0.00577431,0.00795632,0.0122107
322	yeo_johnson	0.367991	0.011093	-10
323	identity	0.146106	0.000000	
323	log	0.222256	0.076150	
323	log1p	0.147261	0.001155	
323	signed_log1p	0.147261	0.001155	
323	signed_sqrt	0.391171	0.245065	
323	signed_cbrt	0.436606	0.290500	
323	clip_then_log1p	0.147261	0.001155	3.71022e-15
323	winsor_p99	0.516188	0.370082	1.07192e-07,4.69216e-05
323	quantile_bins	0.459892	0.313786	1.43214e-14,1.07192e-07,3.94444e-06,1.15708e-05,2.47732e-05,4.69216e-05,0.00010964
323	yeo_johnson	0.157697	0.011591	-10
324	identity	0.558808	0.000000	
324	log	0.961910	0.403102	
324	log1p	0.582270	0.023462	
324	signed_log1p	0.582270	0.023462	
324	signed_sqrt	0.776743	0.217935	
324	signed_cbrt	0.852646	0.293838	
324	clip_then_log1p	0.581801	0.022993	0.000248242
324	winsor_p99	0.762484	0.203676	0.00350735,0.0334754
324	quantile_bins	0.865070	0.306262	0.00106218,0.00350735,0.00715998,0.0125034,0.0205721,0.0334754,0.06005
324	yeo_johnson	0.714850	0.156042	-10
325	identity	0.593837	0.000000	
325	log	0.953137	0.359300	
325	log1p	0.620141	0.026304	
325	signed_log1p	0.620141	0.026304	
325	signed_sqrt	0.787518	0.193680	
325	signed_cbrt	0.854429	0.260592	
325	clip_then_log1p	0.619590	0.025753	0.000567387
325	winsor_p99	0.763131	0.169294	0.00639387,0.0577496
325	quantile_bins	0.863087	0.269250	0.0020098,0.00639387,0.0129435,0.0225388,0.0363365,0.0577496,0.101792
325	yeo_johnson	0.765160	0.171323	-10
326	identity	0.577465	0.000000	
326	log	0.959393	0.381928	
326	log1p	0.601700	0.024235	
326	signed_log1p	0.601700	0.024235	
326	signed_sqrt	0.783899	0.206434	
326	signed_cbrt	0.855350	0.277886	
326	clip_then_log1p	0.601174	0.023709	0.000373648
326	winsor_p99	0.763912	0.186447	0.00464015,0.0424724
326	quantile_bins	0.865496	0.288031	0.00146371,0.00464015,0.00934974,0.0161794,0.0263865,0.0424724,0.0748124
326	yeo_johnson	0.739136	0.161671	-10
327	identity	0.629055	0.000000	
327	log	0.882901	0.253847	
327	log1p	0.633815	0.004760	
327	signed_log1p	0.633815	0.004760	
327	signed_sqrt	0.769630	0.140575	
327	signed_cbrt	0.813410	0.184355	
327	clip_then_log1p	0.629551	0.000496	0.00111702
327	winsor_p99	0.705003	0.075948	0.00205456,0.0280571
327	quantile_bins	0.780076	0.151022	0.00242376,0.00477914,0.00723823,0.0100017,0.0134075,0.0178914,0.02544
327	yeo_johnson	0.675781	0.046726	-10
328	identity	0.627664	0.000000	
328	log	0.895391	0.267727	
328	log1p	0.633708	0.006045	
328	signed_log1p	0.633708	0.006045	
328	signed_sqrt	0.776501	0.148837	
328	signed_cbrt	0.823001	0.195337	
328	clip_then_log1p	0.630262	0.002598	0.00107093
328	winsor_p99	0.714158	0.086495	0.00512427,0.020405
328	quantile_bins	0.794569	0.166905	0.00248265,0.00512427,0.00787479,0.0110581,0.0150252,0.020405,0.0297893
328	yeo_johnson	0.684909	0.057245	-10
329	identity	0.162252	0.000000	
329	log	0.917624	0.755372	
329	log1p	0.169675	0.007423	
329	signed_log1p	0.169675	0.007423	
329	signed_sqrt	0.602211	0.439959	
329	signed_cbrt	0.733099	0.570847	
329	clip_then_log1p	0.169580	0.007328	1.22723e-06
329	winsor_p99	0.697584	0.535332	1.62281e-05,0.00019397
329	quantile_bins	0.812221	0.649969	5.05077e-06,1.62281e-05,3.52367e-05,6.49253e-05,0.000110805,0.00019397,0.000406959
329	yeo_johnson	0.233640	0.071388	-10
330	identity	0.359223	0.000000	
330	log	nan	nan	
330	log1p	0.370847	0.011624	
330	signed_log1p	0.370847	0.011624	
330	signed_sqrt	0.443856	0.084633	
330	signed_cbrt	0.436412	0.077189	
330	clip_then_log1p	0.370873	0.011650	0.000152577
330	winsor_p99	0.483432	0.124209	0.000152577,0.0247138
330	quantile_bins	0.433204	0.073981	1.37948e-05,0.000152577,0.00260878,0.00771639,0.0145357,0.0247138,0.0432435
330	yeo_johnson	0.435886	0.076662	-10
331	identity	0.420742	0.000000	
331	log	nan	nan	
331	log1p	0.434750	0.014008	
331	signed_log1p	0.434750	0.014008	
331	signed_sqrt	0.487351	0.066609	
331	signed_cbrt	0.481735	0.060993	
331	clip_then_log1p	0.434837	0.014095	0.00041864
331	winsor_p99	0.510768	0.090026	0.00041864,0.0546794
331	quantile_bins	0.458528	0.037786	0.000140924,0.00041864,0.00511296,0.016399,0.0321446,0.0546794,0.0941259
331	yeo_johnson	0.500068	0.079326	-10
332	identity	0.391369	0.000000	
332	log	nan	nan	
332	log1p	0.403833	0.012464	
332	signed_log1p	0.403833	0.012464	
332	signed_sqrt	0.468160	0.076792	
332	signed_cbrt	0.462270	0.070901	
332	clip_then_log1p	0.403888	0.012519	0.000259618
332	winsor_p99	0.500117	0.108748	0.000259618,0.0346808
332	quantile_bins	0.448915	0.057546	5.71797e-05,0.000259618,0.00350725,0.0106717,0.0202715,0.0346808,0.0597848
332	yeo_johnson	0.470438	0.079069	-10
333	identity	0.390896	0.000000	
333	log	nan	nan	
333	log1p	0.392182	0.001286	
333	signed_log1p	0.392182	0.001286	
333	signed_sqrt	0.365106	-0.025790	
333	signed_cbrt	0.316374	-0.074522	
333	clip_then_log1p	0.397116	0.006220	0.000438711
333	winsor_p99	0.420324	0.029428	0.000438711,0.00562424
333	quantile_bins	0.388331	-0.002565	5.2319e-08,0.000438711,0.00193761,0.00314395,0.00424392,0.00562424,0.00801285
333	yeo_johnson	0.400833	0.009937	-10
334	identity	0.332282	0.000000	
334	log	nan	nan	
334	log1p	0.333344	0.001062	
334	signed_log1p	0.333344	0.001062	
334	signed_sqrt	0.325355	-0.006927	
334	signed_cbrt	0.282809	-0.049473	
334	clip_then_log1p	0.333344	0.001062	7.98064e-08
334	winsor_p99	0.379931	0.047648	7.98064e-08,0.00757708
334	quantile_bins	0.350087	0.017805	1.46884e-08,7.98064e-08,0.00229039,0.00408945,0.00563281,0.00757708,0.0112365
334	yeo_johnson	0.342700	0.010418	-10
335	identity	0.134590	0.000000	
335	log	0.200053	0.065463	
335	log1p	0.135561	0.000971	
335	signed_log1p	0.135561	0.000971	
335	signed_sqrt	0.389612	0.255022	
335	signed_cbrt	0.430044	0.295454	
335	clip_then_log1p	0.135561	0.000971	3.29361e-16
335	winsor_p99	0.513583	0.378993	1.30141e-07,4.18924e-05
335	quantile_bins	0.455815	0.321225	1.25513e-15,1.30141e-07,4.14288e-06,1.15035e-05,2.25303e-05,4.18924e-05,8.5292e-05
335	yeo_johnson	0.144702	0.010112	-10
336	identity	0.407012	0.000000	
336	log	0.400566	-0.006446	
336	log1p	0.418277	0.011265	
336	signed_log1p	0.418277	0.011265	
336	signed_sqrt	0.512423	0.105412	
336	signed_cbrt	0.511981	0.104969	
336	clip_then_log1p	0.418290	0.011278	5.31539e-05
336	winsor_p99	0.541667	0.134655	5.31539e-05,0.0197456
336	quantile_bins	0.474848	0.067836	7.42709e-06,5.31539e-05,0.00123782,0.00472928,0.0106241,0.0197456,0.0362973
336	yeo_johnson	0.487038	0.080027	-10
337	identity	0.419239	0.000000	
337	log	0.446939	0.027700	
337	log1p	0.435042	0.015803	
337	signed_log1p	0.435042	0.015803	
337	signed_sqrt	0.526721	0.107482	
337	signed_cbrt	0.532184	0.112946	
337	clip_then_log1p	0.435059	0.015820	0.00015858
337	winsor_p99	0.555741	0.136502	0.00015858,0.0322031
337	quantile_bins	0.491335	0.072096	4.43431e-05,0.00015858,0.00213991,0.00753715,0.0170412,0.0322031,0.0605734
337	yeo_johnson	0.521309	0.102070	-10
338	identity	0.414387	0.000000	
338	log	0.424672	0.010285	
338	log1p	0.427189	0.012803	
338	signed_log1p	0.427189	0.012803	
338	signed_sqrt	0.520935	0.106548	
338	signed_cbrt	0.523463	0.109077	
338	clip_then_log1p	0.427205	0.012819	9.35126e-05
338	winsor_p99	0.550278	0.135892	9.35126e-05,0.0242617
338	quantile_bins	0.483418	0.069031	2.03379e-05,9.35126e-05,0.00158363,0.00576961,0.012948,0.0242617,0.0449949
338	yeo_johnson	0.503494	0.089108	-10
339	identity	0.447433	0.000000	
339	log	nan	nan	
339	log1p	0.448748	0.001315	
339	signed_log1p	0.448748	0.001315	
339	signed_sqrt	0.448180	0.000747	
339	signed_cbrt	0.400633	-0.046800	
339	clip_then_log1p	0.451106	0.003672	0.000256323
339	winsor_p99	0.500080	0.052646	0.000256323,0.00559792
339	quantile_bins	0.453896	0.006463	1.29905e-07,0.000256323,0.00145059,0.00271839,0.00399397,0.00559792,0.00812612
339	yeo_johnson	0.459443	0.012010	-10
340	identity	0.436438	0.000000	
340	log	nan	nan	
340	log1p	0.437357	0.000919	
340	signed_log1p	0.437357	0.000919	
340	signed_sqrt	0.417455	-0.018983	
340	signed_cbrt	0.362882	-0.073557	
340	clip_then_log1p	0.437357	0.000919	1.24589e-07
340	winsor_p99	0.472446	0.036008	7.20047e-08,0.0107794
340	quantile_bins	0.434760	-0.001678	7.72536e-08,1.24589e-07,0.00156197,0.00312091,0.00469735,0.00663419,0.0097608
340	yeo_johnson	0.445369	0.008931	-10
341	identity	0.132208	0.000000	
341	log	0.241130	0.108922	
341	log1p	0.133314	0.001106	
341	signed_log1p	0.133314	0.001106	
341	signed_sqrt	0.397111	0.264903	
341	signed_cbrt	0.460515	0.328306	
341	clip_then_log1p	0.133314	0.001106	1.03937e-15
341	winsor_p99	0.548636	0.416428	3.82105e-08,3.47028e-05
341	quantile_bins	0.486738	0.354530	4.60656e-15,3.82105e-08,2.37444e-06,7.70046e-06,1.74696e-05,3.47028e-05,8.11854e-05
341	yeo_johnson	0.143335	0.011126	-10
342	identity	0.485857	0.000000	
342	log	0.939315	0.453458	
342	log1p	0.499740	0.013883	
342	signed_log1p	0.499740	0.013883	
342	signed_sqrt	0.719904	0.234047	
342	signed_cbrt	0.805797	0.319939	
342	clip_then_log1p	0.499513	0.013656	6.81231e-05
342	winsor_p99	0.746724	0.260866	0.000711479,0.0104638
342	quantile_bins	0.863971	0.378114	0.000235516,0.000711479,0.00158229,0.00310277,0.00563521,0.0104638,0.0218762
342	yeo_johnson	0.590898	0.105041	-10
343	identity	0.489545	0.000000	
343	log	0.913060	0.423515	
343	log1p	0.512128	0.022584	
343	signed_log1p	0.512128	0.022584	
343	signed_sqrt	0.716757	0.227212	
343	signed_cbrt	0.794977	0.305432	
343	clip_then_log1p	0.511774	0.022229	0.000230614
343	winsor_p99	0.743347	0.253802	0.00148972,0.0197498
343	quantile_bins	0.857582	0.368037	0.000571826,0.00148972,0.00319576,0.00614498,0.0107253,0.0197498,0.0394023
343	yeo_johnson	0.637333	0.147789	-10
344	identity	0.489828	0.000000	
344	log	0.926631	0.436803	
344	log1p	0.507220	0.017393	
344	signed_log1p	0.507220	0.017393	
344	signed_sqrt	0.721341	0.231513	
344	signed_cbrt	0.802933	0.313106	
344	clip_then_log1p	0.506931	0.017104	0.000125811
344	winsor_p99	0.746635	0.256808	0.0010263,0.0140654
344	quantile_bins	0.861319	0.371491	0.000364796,0.0010263,0.00224341,0.0043344,0.00766906,0.0140654,0.0283599
344	yeo_johnson	0.613842	0.124014	-10
345	identity	0.613677	0.000000	
345	log	0.901620	0.287943	
345	log1p	0.617180	0.003503	
345	signed_log1p	0.617180	0.003503	
345	signed_sqrt	0.771274	0.157597	
345	signed_cbrt	0.821271	0.207594	
345	clip_then_log1p	0.612596	-0.001081	0.000641316
345	winsor_p99	0.730336	0.116658	0.00225413,0.0091866
345	quantile_bins	0.817247	0.203570	0.00127811,0.00225413,0.00333598,0.00472384,0.00657091,0.0091866,0.0135225
345	yeo_johnson	0.648331	0.034654	-10
346	identity	0.610507	0.000000	
346	log	0.905317	0.294810	
346	log1p	0.613904	0.003397	
346	signed_log1p	0.613904	0.003397	
346	signed_sqrt	0.769283	0.158776	
346	signed_cbrt	0.821306	0.210799	
346	clip_then_log1p	0.610039	-0.000468	0.000591877
346	winsor_p99	0.727218	0.116711	0.00234498,0.00995435
346	quantile_bins	0.815889	0.205382	0.00118394,0.00234498,0.00351161,0.00501377,0.00704311,0.00995435,0.0149536
346	yeo_johnson	0.645612	0.035104	-10
347	identity	0.082666	0.000000	
347	log	0.912749	0.830083	
347	log1p	0.086590	0.003924	
347	signed_log1p	0.086590	0.003924	
347	signed_sqrt	0.538766	0.456100	
347	signed_cbrt	0.706718	0.624052	
347	clip_then_log1p	0.086557	0.003892	3.96313e-07
347	winsor_p99	0.703613	0.620947	4.69426e-06,6.1129e-05
347	quantile_bins	0.823162	0.740496	1.67228e-06,4.69426e-06,9.31902e-06,1.75757e-05,3.24598e-05,6.1129e-05,0.00013416
347	yeo_johnson	0.124606	0.041940	-10
348	identity	0.431412	0.000000	
348	log	nan	nan	
348	log1p	0.440518	0.009106	
348	signed_log1p	0.440518	0.009106	
348	signed_sqrt	0.512551	0.081139	
348	signed_cbrt	0.504165	0.072753	
348	clip_then_log1p	0.440569	0.009157	0.000100686
348	winsor_p99	0.533124	0.101712	0.000100686,0.0204346
348	quantile_bins	0.474109	0.042697	1.2244e-05,0.000100686,0.00137603,0.00538582,0.0112803,0.0204346,0.0363222
348	yeo_johnson	0.494010	0.062598	-10
349	identity	0.444450	0.000000	
349	log	nan	nan	
349	log1p	0.458939	0.014489	
349	signed_log1p	0.458939	0.014489	
349	signed_sqrt	0.532096	0.087646	
349	signed_cbrt	0.532995	0.088544	
349	clip_then_log1p	0.458985	0.014535	0.000317089
349	winsor_p99	0.546779	0.102328	0.000317089,0.0351098
349	quantile_bins	0.490579	0.046129	0.000133895,0.000317089,0.00239478,0.00884345,0.0191952,0.0351098,0.062165
349	yeo_johnson	0.528094	0.083644	-10
350	identity	0.439177	0.000000	
350	log	nan	nan	
350	log1p	0.450434	0.011256	
350	signed_log1p	0.450434	0.011256	
350	signed_sqrt	0.524360	0.085182	
350	signed_cbrt	0.521323	0.082146	
350	clip_then_log1p	0.450485	0.011308	0.000187344
350	winsor_p99	0.541693	0.102516	0.000187344,0.0254991
350	quantile_bins	0.484253	0.045076	5.33391e-05,0.000187344,0.00174723,0.00661915,0.0140211,0.0254991,0.0451289
350	yeo_johnson	0.511371	0.072193	-10
351	identity	0.463107	0.000000	
351	log	nan	nan	
351	log1p	0.464797	0.001690	
351	signed_log1p	0.464797	0.001690	
351	signed_sqrt	0.444138	-0.018969	
351	signed_cbrt	0.388660	-0.074447	
351	clip_then_log1p	0.468429	0.005322	0.000267866
351	winsor_p99	0.501708	0.038601	2.64933e-08,0.00854936
351	quantile_bins	0.449175	-0.013932	4.7318e-08,0.000267866,0.00155043,0.00285372,0.00406247,0.00555538,0.00785731
351	yeo_johnson	0.476434	0.013327	-10
352	identity	0.425195	0.000000	
352	log	nan	nan	
352	log1p	0.425837	0.000642	
352	signed_log1p	0.425837	0.000642	
352	signed_sqrt	0.397338	-0.027857	
352	signed_cbrt	0.341944	-0.083251	
352	clip_then_log1p	0.425837	0.000643	6.87624e-08
352	winsor_p99	0.454989	0.029794	1.3198e-08,0.0103917
352	quantile_bins	0.408493	-0.016701	1.50702e-08,6.87624e-08,0.00169372,0.00335757,0.00486301,0.00663397,0.009416
352	yeo_johnson	0.431594	0.006400	-10
353	identity	0.124854	0.000000	
353	log	nan	nan	
353	log1p	0.125763	0.000910	
353	signed_log1p	0.125763	0.000910	
353	signed_sqrt	0.406915	0.282062	
353	signed_cbrt	0.463475	0.338622	
353	clip_then_log1p	0.125763	0.000910	2.78775e-16
353	winsor_p99	0.545666	0.420813	5.011e-08,3.29281e-05
353	quantile_bins	0.482469	0.357615	1.13108e-15,5.011e-08,2.54214e-06,7.90933e-06,1.66102e-05,3.29281e-05,6.65372e-05
353	yeo_johnson	0.134380	0.009527	-10
354	identity	0.376302	0.000000	
354	log	nan	nan	
354	log1p	0.388263	0.011961	
354	signed_log1p	0.388263	0.011961	
354	signed_sqrt	0.527621	0.151319	
354	signed_cbrt	0.548366	0.172064	
354	clip_then_log1p	0.388263	0.011961	4.6754e-06
354	winsor_p99	0.573086	0.196785	3.44818e-05,0.0115398
354	quantile_bins	0.506380	0.130079	5.3128e-06,3.44818e-05,0.000461721,0.00165485,0.00512934,0.0115398,0.0240263
354	yeo_johnson	0.468071	0.091769	-10
355	identity	0.365405	0.000000	
355	log	nan	nan	
355	log1p	0.382236	0.016831	
355	signed_log1p	0.382236	0.016831	
355	signed_sqrt	0.521240	0.155834	
355	signed_cbrt	0.549973	0.184568	
355	clip_then_log1p	0.382237	0.016832	2.63677e-05
355	winsor_p99	0.578786	0.213381	0.00012235,0.0162487
355	quantile_bins	0.517669	0.152264	3.33954e-05,0.00012235,0.000701321,0.00232258,0.00702006,0.0162487,0.0356581
355	yeo_johnson	0.483666	0.118261	-10
356	identity	0.371407	0.000000	
356	log	nan	nan	
356	log1p	0.385291	0.013885	
356	signed_log1p	0.385291	0.013885	
356	signed_sqrt	0.525578	0.154171	
356	signed_cbrt	0.550175	0.178768	
356	clip_then_log1p	0.385292	0.013885	1.02387e-05
356	winsor_p99	0.576572	0.205166	6.71788e-05,0.0132722
356	quantile_bins	0.512646	0.141240	1.38372e-05,6.71788e-05,0.000562114,0.0019044,0.00582863,0.0132722,0.0283152
356	yeo_johnson	0.474464	0.103058	-10
357	identity	0.461675	0.000000	
357	log	nan	nan	
357	log1p	0.463721	0.002046	
357	signed_log1p	0.463721	0.002046	
357	signed_sqrt	0.498572	0.036897	
357	signed_cbrt	0.454189	-0.007486	
357	clip_then_log1p	0.464817	0.003142	0.000134045
357	winsor_p99	0.556073	0.094397	0.000134045,0.00429193
357	quantile_bins	0.496509	0.034834	1.04186e-07,0.000134045,0.000915077,0.00171228,0.00284015,0.00429193,0.0066318
357	yeo_johnson	0.479983	0.018308	-10
358	identity	0.483286	0.000000	
358	log	nan	nan	
358	log1p	0.484160	0.000874	
358	signed_log1p	0.484160	0.000874	
358	signed_sqrt	0.472852	-0.010434	
358	signed_cbrt	0.412308	-0.070978	
358	clip_then_log1p	0.484161	0.000874	9.68042e-08
358	winsor_p99	0.530537	0.047251	5.89158e-08,0.00729543
358	quantile_bins	0.482197	-0.001089	6.40901e-08,9.68042e-08,0.00090374,0.00171777,0.00277264,0.00423108,0.00653633
358	yeo_johnson	0.492034	0.008747	-10
359	identity	0.114034	0.000000	
359	log	0.259930	0.145895	
359	log1p	0.115009	0.000975	
359	signed_log1p	0.115009	0.000975	
359	signed_sqrt	0.378580	0.264546	
359	signed_cbrt	0.464626	0.350591	
359	clip_then_log1p	0.115009	0.000975	4.14477e-16
359	winsor_p99	0.570764	0.456730	1.20356e-08,2.0819e-05
359	quantile_bins	0.505912	0.391878	1.85756e-15,1.20356e-08,9.3642e-07,3.27962e-06,8.88672e-06,2.0819e-05,5.42256e-05
359	yeo_johnson	0.123851	0.009816	-10
360	identity	0.354422	0.000000	
360	log	0.875416	0.520994	
360	log1p	0.371779	0.017357	
360	signed_log1p	0.371779	0.017357	
360	signed_sqrt	0.632362	0.277941	
360	signed_cbrt	0.729740	0.375318	
360	clip_then_log1p	0.371680	0.017259	1.97582e-05
360	winsor_p99	0.714933	0.360511	0.000134019,0.00287392
360	quantile_bins	0.833298	0.478876	4.84729e-05,0.000134019,0.000318506,0.00069004,0.00139182,0.00287392,0.00723179
360	yeo_johnson	0.457713	0.103291	-10
361	identity	0.340590	0.000000	
361	log	0.831473	0.490883	
361	log1p	0.369869	0.029278	
361	signed_log1p	0.369869	0.029278	
361	signed_sqrt	0.618327	0.277736	
361	signed_cbrt	0.708976	0.368386	
361	clip_then_log1p	0.369704	0.029113	8.06068e-05
361	winsor_p99	0.709577	0.368986	0.000400446,0.00630021
361	quantile_bins	0.808669	0.468079	0.000183031,0.000400446,0.000821445,0.00171872,0.00319568,0.00630021,0.015149
361	yeo_johnson	0.500009	0.159418	-10
362	identity	0.340958	0.000000	
362	log	0.852058	0.511100	
362	log1p	0.365123	0.024164	
362	signed_log1p	0.365123	0.024164	
362	signed_sqrt	0.626815	0.285857	
362	signed_cbrt	0.721001	0.380043	
362	clip_then_log1p	0.364994	0.024036	4.04114e-05
362	winsor_p99	0.713508	0.372549	0.00023122,0.00417275
362	quantile_bins	0.820685	0.479727	9.40314e-05,0.00023122,0.000511164,0.00108502,0.0020948,0.00417275,0.0102002
362	yeo_johnson	0.476874	0.135916	-10
363	identity	0.565937	0.000000	
363	log	0.879086	0.313149	
363	log1p	0.570874	0.004937	
363	signed_log1p	0.570874	0.004937	
363	signed_sqrt	0.743854	0.177917	
363	signed_cbrt	0.795896	0.229959	
363	clip_then_log1p	0.567265	0.001328	0.000332481
363	winsor_p99	0.727489	0.161552	0.00104669,0.00479524
363	quantile_bins	0.810443	0.244506	0.000635172,0.00104669,0.00156362,0.00234317,0.00325633,0.00479524,0.00748527
363	yeo_johnson	0.604713	0.038775	-10
364	identity	0.596900	0.000000	
364	log	0.890509	0.293609	
364	log1p	0.598638	0.001738	
364	signed_log1p	0.598638	0.001738	
364	signed_sqrt	0.750593	0.153693	
364	signed_cbrt	0.802626	0.205727	
364	clip_then_log1p	0.594866	-0.002034	0.000314493
364	winsor_p99	0.723359	0.126459	0.00103085,0.00503592
364	quantile_bins	0.812963	0.216063	0.000601981,0.00103085,0.00159655,0.0024164,0.0034614,0.00503592,0.00795231
364	yeo_johnson	0.615375	0.018475	-10
365	identity	0.048318	0.000000	
365	log	0.867131	0.818812	
365	log1p	0.050207	0.001889	
365	signed_log1p	0.050207	0.001889	
365	signed_sqrt	0.432584	0.384266	
365	signed_cbrt	0.647709	0.599391	
365	clip_then_log1p	0.050199	0.001881	1.07015e-07
365	winsor_p99	0.686867	0.638549	1.4797e-06,2.09307e-05
365	quantile_bins	0.785545	0.737227	5.05492e-07,1.4797e-06,3.73833e-06,5.91194e-06,1.01421e-05,2.09307e-05,5.19794e-05
365	yeo_johnson	0.068236	0.019918	-10
366	identity	0.418115	0.000000	
366	log	nan	nan	
366	log1p	0.430559	0.012444	
366	signed_log1p	0.430559	0.012444	
366	signed_sqrt	0.544230	0.126115	
366	signed_cbrt	0.548219	0.130104	
366	clip_then_log1p	0.430558	0.012443	3.12272e-06
366	winsor_p99	0.566653	0.148538	7.06088e-05,0.012417
366	quantile_bins	0.504413	0.086297	9.77937e-06,7.06088e-05,0.000540676,0.00232626,0.00605118,0.012417,0.0241772
366	yeo_johnson	0.500284	0.082169	-10
367	identity	0.401058	0.000000	
367	log	nan	nan	
367	log1p	0.420529	0.019470	
367	signed_log1p	0.420529	0.019470	
367	signed_sqrt	0.542804	0.141746	
367	signed_cbrt	0.559880	0.158822	
367	clip_then_log1p	0.420520	0.019462	6.68316e-05
367	winsor_p99	0.571912	0.170854	0.000253629,0.0179033
367	quantile_bins	0.515735	0.114677	0.000111346,0.000253629,0.000955864,0.00322884,0.00856798,0.0179033,0.0357475
367	yeo_johnson	0.513764	0.112706	-10
368	identity	0.409496	0.000000	
368	log	nan	nan	
368	log1p	0.425030	0.015535	
368	signed_log1p	0.425030	0.015535	
368	signed_sqrt	0.545067	0.135572	
368	signed_cbrt	0.556453	0.146957	
368	clip_then_log1p	0.425026	0.015530	2.27717e-05
368	winsor_p99	0.570179	0.160683	0.000142406,0.0143424
368	quantile_bins	0.511382	0.101886	4.51234e-05,0.000142406,0.000708105,0.00265293,0.00697855,0.0143424,0.0282001
368	yeo_johnson	0.506242	0.096746	-10
369	identity	0.491577	0.000000	
369	log	nan	nan	
369	log1p	0.494159	0.002582	
369	signed_log1p	0.494159	0.002582	
369	signed_sqrt	0.501526	0.009949	
369	signed_cbrt	0.445277	-0.046300	
369	clip_then_log1p	0.496250	0.004672	0.000154017
369	winsor_p99	0.555910	0.064333	2.62875e-08,0.00715079
369	quantile_bins	0.491700	0.000122	4.51005e-08,0.000154017,0.00107197,0.00195373,0.00305415,0.004489,0.00656988
369	yeo_johnson	0.512258	0.020680	-10
370	identity	0.486295	0.000000	
370	log	nan	nan	
370	log1p	0.486789	0.000495	
370	signed_log1p	0.486789	0.000495	
370	signed_sqrt	0.456077	-0.030217	
370	signed_cbrt	0.392571	-0.093724	
370	clip_then_log1p	0.486790	0.000496	6.19554e-08
370	winsor_p99	0.516529	0.030235	1.33615e-08,0.00727948
370	quantile_bins	0.457160	-0.029135	1.57105e-08,6.19554e-08,0.00102018,0.00201041,0.00316799,0.00453715,0.00662389
370	yeo_johnson	0.491362	0.005067	-10
371	identity	0.108032	0.000000	
371	log	nan	nan	
371	log1p	0.108804	0.000772	
371	signed_log1p	0.108804	0.000772	
371	signed_sqrt	0.395292	0.287260	
371	signed_cbrt	0.476873	0.368841	
371	clip_then_log1p	0.108804	0.000772	2.59197e-16
371	winsor_p99	0.570527	0.462495	1.74164e-08,2.03851e-05
371	quantile_bins	0.505431	0.397399	1.04599e-15,1.74164e-08,1.13674e-06,3.71764e-06,9.53796e-06,2.03851e-05,4.62516e-05
371	yeo_johnson	0.116107	0.008075	-10
