dataset,human_score,v02_distance,v04_distance,fast_ssim2_score,butter_3norm
KADIK10k,0.892500,0.000000,-16.528736,100.0000,0.000000
KADIK10k,0.832500,0.572660,-12.101550,83.8613,3.545688
KADIK10k,0.417500,2.254488,-3.358839,55.3828,6.626598
KADIK10k,0.167500,6.015852,4.555414,17.5260,15.727725
KADIK10k,0.025000,17.256500,16.701317,-48.3127,36.807556
KADIK10k,0.707500,1.139673,-8.149036,72.1814,5.559476
KADIK10k,0.317500,2.843834,-1.120664,47.8908,7.581688
KADIK10k,0.132500,7.686059,6.531694,4.5825,20.283508
KADIK10k,0.057500,12.643953,11.846083,-28.7274,27.607094
KADIK10k,0.050000,17.504041,17.066154,-49.2255,37.544106
KADIK10k,0.932500,0.000000,-16.528736,100.0000,0.000000
KADIK10k,0.742500,1.076549,-8.554451,74.1869,5.757205
KADIK10k,0.425000,2.712221,-1.861607,52.2591,8.554745
KADIK10k,0.257500,4.467325,2.357455,34.2626,14.596061
KADIK10k,0.125000,9.939186,9.366125,-10.8277,25.649662
KADIK10k,0.932500,0.598501,-15.802661,80.6859,2.388445
KADIK10k,0.292500,14.796064,1.425975,-39.5081,47.129860
KADIK10k,0.092500,28.754598,16.645742,-63.5790,60.904419
KADIK10k,0.125000,40.028371,24.694410,-65.5358,92.761047
KADIK10k,0.117500,59.423128,24.753912,-190.2047,134.552658
KADIK10k,0.750000,4.611792,-1.397266,43.2079,22.221832
KADIK10k,0.300000,10.012273,8.823192,-2.6760,33.266800
KADIK10k,0.142500,14.381099,14.299415,-28.3112,47.569069
KADIK10k,0.082500,15.783094,16.104803,-35.1272,59.332695
KADIK10k,0.150000,14.801604,15.367739,-34.7067,43.778610
KADIK10k,0.807500,3.406505,-1.756666,52.3564,10.803528
KADIK10k,0.850000,4.342233,-0.149284,45.5503,11.551066
KADIK10k,0.725000,4.873682,0.823554,41.1701,11.370111
KADIK10k,0.475000,9.180756,3.500777,10.7450,26.020386
KADIK10k,0.317500,13.765933,7.274267,-19.3692,31.160725
KADIK10k,0.432500,8.819948,-1.738151,-23.2796,63.766945
KADIK10k,0.375000,14.485171,-0.585385,-50.1197,86.868500
KADIK10k,0.317500,17.784889,-0.006127,-57.9478,98.139053
KADIK10k,0.367500,21.327106,0.629963,-62.3141,109.648483
KADIK10k,0.300000,34.789188,10.273331,-64.8833,126.945724
KADIK10k,0.925000,0.000000,-16.528736,100.0000,0.000000
KADIK10k,0.692500,8.605416,0.536945,-1.1345,32.272312
KADIK10k,0.432500,16.256827,3.071945,-42.9346,47.026043
KADIK10k,0.242500,28.640867,15.207571,-63.6608,60.793560
KADIK10k,0.167500,56.363194,34.284031,-127.2273,116.699402
KADIK10k,0.900000,0.556896,-13.760328,86.7772,1.455036
KADIK10k,0.917500,1.524995,-8.213682,71.1123,3.792891
KADIK10k,0.850000,2.227824,-4.659220,60.5628,4.392092
KADIK10k,0.475000,6.759636,4.416102,14.4128,11.570632
KADIK10k,0.092500,15.316681,15.493556,-40.4523,22.697723
KADIK10k,0.842500,2.335920,-4.815274,60.4700,4.656760
KADIK10k,0.732500,2.658325,-3.963452,55.7768,4.712063
KADIK10k,0.692500,3.923335,-0.265424,41.4704,7.314065
KADIK10k,0.145000,13.870586,12.666281,-35.8043,11.960406
KADIK10k,0.042500,24.697390,24.666035,-62.1193,18.062387
KADIK10k,0.757500,3.151997,-3.627158,54.8433,5.023873
KADIK10k,0.567500,5.286437,0.581079,36.8666,7.021814
KADIK10k,0.417500,7.122745,2.956335,23.7806,8.042836
KADIK10k,0.317500,10.040039,5.703024,6.5633,10.865544
KADIK10k,0.342500,15.513238,10.474345,-19.5461,14.348342
KADIK10k,0.857500,1.256288,-9.618136,76.2620,3.158984
KADIK10k,0.675000,4.162678,-1.220330,46.0615,6.467969
KADIK10k,0.442500,6.803177,2.339745,26.8959,8.670089
KADIK10k,0.342500,11.209938,6.786799,1.6495,11.719224
KADIK10k,0.242500,14.393105,9.477377,-11.9155,13.032950
KADIK10k,0.667500,2.349243,-7.590347,39.8192,12.392852
KADIK10k,0.467500,5.693941,1.445797,-7.6701,21.721807
KADIK10k,0.400000,8.620394,4.739079,-31.6498,26.192482
KADIK10k,0.267500,12.998941,8.655000,-50.5489,29.617691
KADIK10k,0.257500,16.888874,12.346271,-59.0633,40.604134
KADIK10k,0.892500,1.126402,-10.423315,75.9625,4.090107
KADIK10k,0.642500,3.689500,-2.289212,46.8844,7.810059
KADIK10k,0.532500,6.067764,1.598861,29.4251,10.319374
KADIK10k,0.375000,9.776745,5.679525,6.7613,15.883890
KADIK10k,0.317500,16.800211,12.060430,-24.9093,19.790255
KADIK10k,0.642500,5.555913,2.751734,26.9096,7.411006
KADIK10k,0.407500,9.448328,6.979855,-4.6268,11.313894
KADIK10k,0.192500,12.357495,9.736791,-21.1214,15.545019
KADIK10k,0.100000,20.281573,18.296434,-50.2682,18.590460
KADIK10k,0.082500,27.870500,25.316137,-61.8554,28.635799
KADIK10k,0.842500,1.336746,-9.263554,71.4976,10.967448
KADIK10k,0.867500,3.037496,-3.055812,43.0134,21.992031
KADIK10k,0.735000,7.564049,-2.330580,-8.5939,43.897873
KADIK10k,0.542500,17.994513,-4.440919,-57.4511,76.340820
KADIK10k,0.295000,37.255129,-2.334308,-67.6250,121.337700
KADIK10k,0.875000,0.546826,-13.409961,86.1920,5.160231
KADIK10k,0.892500,1.302910,-9.167789,69.9692,10.675606
KADIK10k,0.832500,3.195999,-2.557431,34.8187,20.905283
KADIK10k,0.600000,9.470632,1.013374,-34.6399,41.570442
KADIK10k,0.282500,32.094603,7.342447,-70.5632,75.802368
KADIK10k,0.875000,4.764288,-1.355597,40.0716,24.870426
KADIK10k,0.892500,2.099563,-6.699752,70.6329,12.670690
KADIK10k,0.892500,0.000000,-16.528736,100.0000,0.000000
KADIK10k,0.842500,2.514923,-4.746570,47.5295,12.446311
KADIK10k,0.742500,6.182872,0.069445,-2.4261,23.365595
KADIK10k,0.882500,1.518093,-7.845470,78.1960,3.661230
KADIK10k,0.732500,2.453474,-3.889767,66.6186,5.330354
KADIK10k,0.442500,5.571589,2.644165,26.4032,13.838297
KADIK10k,0.132500,6.838899,5.106250,18.5313,16.478193
KADIK10k,0.092500,11.657441,10.417713,-18.2458,27.337738
KADIK10k,0.882500,3.453443,-0.311785,33.3928,37.465786
KADIK10k,0.725000,5.902738,3.310963,13.4306,54.757946
KADIK10k,0.750000,7.559175,4.875902,1.7401,87.785065
KADIK10k,0.582500,8.249024,5.979047,-4.1869,77.612076
KADIK10k,0.557500,9.400110,8.101057,-12.4476,79.554733
KADIK10k,0.592500,4.970751,0.355173,33.8184,22.350279
KADIK10k,0.392500,5.690484,1.603520,29.8287,23.065758
KADIK10k,0.257500,5.150235,0.668070,35.1707,20.339550
KADIK10k,0.282500,5.177426,1.000131,34.4481,18.863596
KADIK10k,0.107500,11.510731,7.806413,-16.3184,43.453403
KADIK10k,0.907500,2.600230,-2.844914,54.7749,6.654066
KADIK10k,0.750000,3.802882,0.038008,41.5164,10.541311
KADIK10k,0.750000,5.485453,1.491283,26.4844,11.826936
KADIK10k,0.550000,9.999156,5.885241,-11.7124,26.089672
KADIK10k,0.300000,17.765225,12.218636,-41.0729,31.307325
KADIK10k,0.432500,14.917375,11.263232,-38.9783,97.294296
KADIK10k,0.292500,16.453356,13.584574,-54.8449,84.834648
KADIK10k,0.300000,25.829521,20.785542,-63.0539,114.690521
KADIK10k,0.342500,28.538191,23.786795,-63.4669,98.475578
KADIK10k,0.142500,29.814060,23.616531,-63.7440,113.716614
KADIK10k,0.642500,7.053617,3.406508,8.3338,19.492596
KADIK10k,0.375000,14.055711,10.379509,-40.8369,32.508911
KADIK10k,0.217500,20.193054,16.591024,-58.1645,40.654667
KADIK10k,0.150000,34.931845,31.522524,-64.3775,62.722507
KADIK10k,0.100000,53.531595,48.982124,-96.8420,85.301064
KADIK10k,0.607500,16.537090,4.743648,-31.4409,25.886452
KADIK10k,0.717500,10.817909,2.118595,-1.0956,18.365759
KADIK10k,0.815000,5.582297,-0.244657,38.6902,10.809422
KADIK10k,0.792500,4.956725,0.987070,34.5117,11.891002
KADIK10k,0.567500,14.396423,11.178905,-35.0284,24.734346
KADIK10k,0.875000,0.000000,-17.181450,100.0000,0.000000
KADIK10k,0.792500,1.219993,-8.632115,74.1588,3.194690
KADIK10k,0.267500,5.584011,2.974728,26.8242,7.198390
KADIK10k,0.142500,13.883905,11.199677,-23.7559,12.945907
KADIK10k,0.067500,30.615611,32.491947,-64.1770,29.909891
KADIK10k,0.550000,2.678982,-2.308325,53.4025,5.469287
KADIK10k,0.317500,7.322523,4.606725,15.1702,8.394846
KADIK10k,0.142500,17.475988,14.722487,-37.8800,16.655706
KADIK10k,0.042500,24.893757,24.291018,-60.3294,25.888117
KADIK10k,0.000000,31.019300,32.831200,-64.2011,31.615877
KADIK10k,0.900000,0.000000,-17.181450,100.0000,0.000000
KADIK10k,0.692500,2.075503,-4.362001,61.2199,4.716546
KADIK10k,0.332500,5.369092,2.721043,29.5879,8.107404
KADIK10k,0.200000,8.816331,5.881186,7.5760,11.723263
KADIK10k,0.050000,17.480935,15.324782,-43.5315,22.873093
KADIK10k,0.825000,0.676301,-16.101652,78.4468,3.177042
KADIK10k,0.417500,5.133256,2.190263,25.0181,22.524256
KADIK10k,0.217500,9.371052,9.113093,-3.7631,29.586367
KADIK10k,0.192500,11.481671,12.524381,-13.9995,36.177895
KADIK10k,0.132500,15.130028,18.710928,-32.2710,50.248276
KADIK10k,0.692500,7.832480,5.158825,20.4925,15.202013
KADIK10k,0.200000,14.882054,13.405936,-26.1538,23.960632
KADIK10k,0.082500,19.865438,20.110979,-49.2854,28.181482
KADIK10k,0.092500,22.514430,23.256287,-55.8722,28.231577
KADIK10k,0.117500,21.650247,22.120041,-55.2264,33.069874
KADIK10k,0.800000,2.571255,-6.631392,59.3576,8.978350
KADIK10k,0.767500,3.093250,-4.665471,54.0825,10.474410
KADIK10k,0.742500,3.534336,-2.922649,48.3604,10.409514
KADIK10k,0.675000,5.013407,0.591452,32.5029,24.822409
KADIK10k,0.407500,11.417335,8.956848,0.0101,39.862118
KADIK10k,0.367500,4.604300,-0.804758,33.0587,31.963985
KADIK10k,0.342500,7.709373,2.494198,6.0401,43.096722
KADIK10k,0.265000,9.595857,4.075453,-7.0343,48.727589
KADIK10k,0.242500,11.589146,5.836330,-19.1664,54.284676
KADIK10k,0.132500,19.961198,15.234901,-53.8844,51.776638
KADIK10k,0.850000,0.000000,-17.181450,100.0000,0.000000
KADIK10k,0.600000,3.248728,-0.675452,43.0443,21.619957
KADIK10k,0.515000,5.848812,3.843244,21.3705,27.396761
KADIK10k,0.242500,11.031014,14.268909,-12.1523,33.504269
KADIK10k,0.092500,16.277091,23.253586,-35.3232,51.268692
KADIK10k,0.892500,3.313953,-2.041599,53.3607,5.897492
KADIK10k,0.682500,7.262290,4.715481,20.8791,10.181778
KADIK10k,0.517500,8.858912,6.064164,9.3258,13.193338
KADIK10k,0.132500,17.812417,16.730925,-34.0606,16.334698
KADIK10k,0.067500,28.479951,29.275854,-62.0712,22.107954
KADIK10k,0.900000,2.572415,-4.956975,59.5166,4.680719
KADIK10k,0.832500,2.960048,-4.054097,56.2214,4.724612
KADIK10k,0.782500,4.184780,-1.343034,45.1823,5.021226
KADIK10k,0.400000,12.948391,10.908131,-14.0546,11.980392
KADIK10k,0.150000,23.020294,22.145409,-50.8176,18.040754
KADIK10k,0.817500,1.781636,-6.097766,69.5642,4.442363
KADIK10k,0.675000,2.773610,-3.477053,58.1569,6.676025
KADIK10k,0.600000,3.620946,-1.593667,49.4503,6.993309
KADIK10k,0.432500,4.939088,1.353281,37.7939,8.981427
KADIK10k,0.325000,7.917133,5.119707,14.9127,12.340862
KADIK10k,0.907500,0.798471,-11.311392,83.6410,2.564145
KADIK10k,0.765000,2.147453,-5.137235,64.6298,5.317240
KADIK10k,0.667500,3.390237,-2.298203,51.1224,6.866055
KADIK10k,0.400000,5.353247,2.221883,33.9593,10.242333
KADIK10k,0.342500,6.943985,4.128053,20.1967,10.963350
KADIK10k,0.800000,1.951659,-10.089409,47.3869,16.721478
KADIK10k,0.582500,3.589023,-5.200736,16.7361,18.539093
KADIK10k,0.432500,5.172826,-1.808072,-5.9956,19.914019
KADIK10k,0.382500,7.734008,2.946628,-30.7610,23.762140
KADIK10k,0.242500,10.019131,6.589003,-42.4393,26.009573
KADIK10k,0.832500,0.852816,-11.202732,78.8373,4.469722
KADIK10k,0.592500,2.329511,-3.470325,57.1437,7.760835
KADIK10k,0.425000,3.696575,-0.153825,42.4326,10.380338
KADIK10k,0.332500,5.615056,3.020425,24.6415,12.628237
KADIK10k,0.250000,9.786300,7.253804,-5.9864,20.262354
KADIK10k,0.642500,7.220091,5.196167,20.3624,9.561827
KADIK10k,0.442500,12.537596,10.802299,-14.2726,10.862910
KADIK10k,0.257500,15.530442,14.158167,-29.8639,13.233177
KADIK10k,0.125000,21.376012,20.598145,-49.5898,16.695318
KADIK10k,0.125000,25.454642,25.199347,-57.4519,25.611279
KADIK10k,0.850000,2.048036,-6.643085,70.4198,8.809711
KADIK10k,0.850000,4.733619,-1.476073,37.5623,17.414555
KADIK10k,0.692500,12.130950,1.755484,-23.7257,34.068890
KADIK10k,0.475000,28.579686,8.912503,-63.8846,58.658920
KADIK10k,0.207500,43.788429,9.833970,-71.2145,75.335899
KADIK10k,0.875000,0.849405,-12.127357,85.0208,4.310197
KADIK10k,0.907500,1.935547,-5.908974,68.2179,8.848966
KADIK10k,0.832500,4.707777,-0.564970,31.1169,17.563963
KADIK10k,0.657500,13.453166,4.663010,-38.3687,34.949524
KADIK10k,0.225000,42.536645,20.970308,-71.8988,63.886410
KADIK10k,0.782500,8.193145,3.465764,2.1923,19.765215
KADIK10k,0.907500,3.130677,-2.711999,56.6029,11.949608
KADIK10k,0.932500,0.000000,-17.181450,100.0000,0.000000
KADIK10k,0.832500,3.426367,-2.198833,39.7851,8.851911
KADIK10k,0.757500,8.796672,2.308883,-12.9938,16.984140
KADIK10k,0.792500,2.943482,-2.314201,51.1734,6.305774
KADIK10k,0.750000,3.717458,-0.150639,43.6435,7.101837
KADIK10k,0.557500,7.591647,5.794165,10.5287,13.858192
KADIK10k,0.142500,16.131095,12.879362,-37.6970,19.241402
KADIK10k,0.075000,22.036222,19.144497,-53.0154,24.841204
KADIK10k,0.875000,5.323872,1.430590,19.0241,43.342106
KADIK10k,0.867500,7.943865,5.888535,-7.2782,76.726166
KADIK10k,0.850000,8.471689,5.214682,-10.3137,42.367409
KADIK10k,0.707500,10.844366,7.875997,-25.8900,80.375366
KADIK10k,0.850000,12.844837,8.685726,-34.7692,84.176689
KADIK10k,0.800000,12.807322,7.562150,-13.8433,21.570723
KADIK10k,0.557500,13.335571,7.655564,-19.9111,20.372450
KADIK10k,0.532500,11.749966,6.647256,-12.5947,19.567091
KADIK10k,0.417500,14.495093,8.538186,-23.4975,24.695019
KADIK10k,0.092500,29.085013,21.100422,-62.7807,39.593704
KADIK10k,0.932500,1.647304,-7.248939,72.6983,7.433375
KADIK10k,0.815000,2.450486,-3.997975,67.2936,8.219179
KADIK10k,0.850000,3.487823,-1.298410,57.8679,11.457834
KADIK10k,0.732500,5.476449,1.230887,42.2709,11.885916
KADIK10k,0.550000,8.145161,2.873201,22.7695,15.551949
KADIK10k,0.275000,11.458526,9.035409,-36.8266,69.593399
KADIK10k,0.425000,19.931745,15.940374,-54.0409,77.529930
KADIK10k,0.317500,17.717699,14.184334,-47.4844,75.628204
KADIK10k,0.300000,24.173597,19.221069,-61.5395,74.168503
KADIK10k,0.267500,22.945827,20.687033,-61.2972,92.069275
KADIK10k,0.517500,10.887075,4.003222,-14.7064,17.337656
KADIK10k,0.232500,20.399672,10.377245,-54.7828,30.103386
KADIK10k,0.117500,27.492452,15.176719,-63.2998,40.518791
KADIK10k,0.057500,40.421122,22.806089,-65.2235,58.022629
KADIK10k,0.050000,51.898483,28.316961,-83.9014,82.403893
KADIK10k,0.592500,18.601507,8.384596,-41.8487,19.788147
KADIK10k,0.675000,11.500268,3.197402,-7.1741,14.159984
KADIK10k,0.817500,5.870881,-0.080800,37.1598,8.314564
KADIK10k,0.775000,4.889708,1.146170,34.8306,8.905527
KADIK10k,0.582500,12.898635,10.118868,-31.7822,18.145037
KADIK10k,0.925000,0.000000,-17.728922,100.0000,0.000000
KADIK10k,0.907500,0.822821,-11.402068,81.1883,3.145936
KADIK10k,0.500000,3.531609,-0.351796,46.3695,7.392219
KADIK10k,0.207500,10.190840,8.320909,-6.0230,15.633318
KADIK10k,0.042500,32.396254,33.890381,-64.2216,39.202190
KADIK10k,0.757500,1.672815,-6.265997,67.4311,5.049536
KADIK10k,0.425000,4.498786,1.707781,36.9492,8.788943
KADIK10k,0.175000,13.173204,11.387070,-22.2749,20.302660
KADIK10k,0.117500,22.899168,22.171446,-57.2712,29.433996
KADIK10k,0.057500,32.601289,33.861034,-64.2235,40.424080
KADIK10k,0.900000,0.000000,-17.728922,100.0000,0.000000
KADIK10k,0.842500,1.293454,-8.253713,72.9778,4.707751
KADIK10k,0.482500,3.330627,-1.611475,47.5379,9.074348
KADIK10k,0.307500,6.744792,4.305842,18.6912,14.268163
KADIK10k,0.157500,14.625499,12.669595,-31.3362,28.957205
KADIK10k,0.900000,1.498130,-16.306692,66.4718,7.871850
KADIK10k,0.475000,14.483841,17.119564,-36.3797,51.215469
KADIK10k,0.132500,29.843468,32.471512,-63.8965,77.137001
KADIK10k,0.050000,37.963425,36.459785,-64.4536,129.205627
KADIK10k,0.025000,40.745122,36.935043,-66.3450,129.201233
KADIK10k,0.945000,4.421466,-2.881725,49.5207,15.642640
KADIK10k,0.412500,12.019130,8.895345,-7.7180,34.087345
KADIK10k,0.250000,20.013060,18.030664,-43.9697,49.405655
KADIK10k,0.217500,22.620742,21.932163,-52.6480,58.191700
KADIK10k,0.307500,25.357562,25.635958,-58.0283,48.038383
KADIK10k,0.750000,4.069167,-0.746028,46.0779,11.685785
KADIK10k,0.700000,4.094634,-0.886645,42.6630,14.319407
KADIK10k,0.582500,4.811202,-0.036900,36.8891,14.867029
KADIK10k,0.457500,7.440941,3.816046,13.9908,18.281738
KADIK10k,0.192500,11.874979,7.838677,-13.4977,33.273190
KADIK10k,0.342500,23.484316,16.657578,-60.4383,115.419106
KADIK10k,0.167500,35.213560,24.265886,-64.2405,153.064560
KADIK10k,0.107500,41.327075,27.487825,-65.9348,170.810822
KADIK10k,0.132500,47.466399,30.220449,-74.6550,188.174744
KADIK10k,0.117500,59.846535,42.412006,-167.0235,174.951431
KADIK10k,0.882500,0.000000,-17.728922,100.0000,0.000000
KADIK10k,0.532500,7.848955,7.754086,8.9648,38.152355
KADIK10k,0.367500,15.996330,18.665882,-36.0752,51.899757
KADIK10k,0.092500,26.684318,29.091011,-61.8005,77.145851
KADIK10k,0.057500,37.219214,34.207417,-64.2302,129.201218
KADIK10k,0.850000,1.922327,-7.576103,68.6887,4.370438
KADIK10k,0.650000,4.665679,-0.327996,42.8472,8.777230
KADIK10k,0.525000,6.184960,1.785961,30.4310,10.443065
KADIK10k,0.192500,14.596881,12.255527,-24.1721,21.133202
KADIK10k,0.025000,31.162388,31.265144,-63.3536,38.498672
KADIK10k,0.867500,2.237280,-7.616590,62.9598,4.757709
KADIK10k,0.792500,2.619624,-6.456875,59.5922,4.902146
KADIK10k,0.675000,3.512678,-4.007931,51.2254,5.644201
KADIK10k,0.307500,10.982151,7.808558,-2.8124,19.034771
KADIK10k,0.132500,19.117248,17.225027,-37.5383,22.247221
KADIK10k,0.742500,2.255957,-4.716606,64.6018,6.508901
KADIK10k,0.650000,3.606243,-1.263653,51.3109,7.942488
KADIK10k,0.567500,4.760105,1.082203,41.8413,9.970059
KADIK10k,0.482500,6.603898,2.769300,29.4538,12.579216
KADIK10k,0.375000,10.252537,6.088790,7.1585,17.883902
KADIK10k,0.892500,0.894577,-12.050442,81.6198,3.508870
KADIK10k,0.717500,2.695269,-3.469532,59.3218,6.968110
KADIK10k,0.542500,4.335223,0.337642,44.7271,9.553054
KADIK10k,0.475000,6.782733,2.856824,27.2494,13.175187
KADIK10k,0.400000,8.940761,4.865931,14.7046,17.720221
KADIK10k,0.850000,1.539113,-12.197386,66.7870,9.276666
KADIK10k,0.642500,2.994157,-6.892488,48.2841,16.636160
KADIK10k,0.457500,4.382173,-3.096064,36.8155,17.873318
KADIK10k,0.325000,6.428911,0.685139,21.3081,21.969032
KADIK10k,0.350000,8.101568,3.832389,11.8452,19.953289
KADIK10k,0.850000,1.210503,-10.349339,76.1958,4.398336
KADIK10k,0.625000,3.717725,-0.848205,49.2374,8.741891
KADIK10k,0.507500,5.900542,2.128877,31.7085,12.796332
KADIK10k,0.382500,9.116324,4.953217,12.1932,18.543364
KADIK10k,0.292500,15.270719,10.304956,-17.0256,29.159073
KADIK10k,0.782500,4.922532,1.706316,39.9030,14.694551
KADIK10k,0.575000,8.977694,6.363526,6.9660,22.347431
KADIK10k,0.382500,11.274683,8.128093,-6.6466,19.311922
KADIK10k,0.225000,17.993499,15.503261,-35.2658,31.754738
KADIK10k,0.107500,22.702888,20.514214,-50.4918,34.961052
KADIK10k,0.842500,1.446127,-9.452104,73.1850,21.894161
KADIK10k,0.817500,3.302942,-2.366323,46.0132,45.385433
KADIK10k,0.467500,8.500867,0.482016,-7.4406,90.595467
KADIK10k,0.325000,22.385830,4.542489,-60.4736,154.918259
KADIK10k,0.100000,44.226090,18.842871,-75.2877,179.651016
KADIK10k,0.875000,0.911940,-12.935898,83.0938,11.855681
KADIK10k,0.907500,1.980234,-7.628599,69.4821,22.256136
KADIK10k,0.850000,4.439821,-1.061238,41.5935,45.394802
KADIK10k,0.667500,10.999904,0.693733,-11.2790,89.293495
KADIK10k,0.442500,28.910184,1.742243,-62.5535,160.519150
KADIK10k,0.807500,5.971793,-0.479934,31.0448,52.889080
KADIK10k,0.932500,2.738936,-5.551057,64.7807,25.937542
KADIK10k,0.875000,0.000000,-17.728922,100.0000,0.000000
KADIK10k,0.867500,3.554674,-3.472697,66.1068,16.754133
KADIK10k,0.800000,7.523403,0.905099,35.1772,33.724258
KADIK10k,0.792500,3.345901,-1.737305,55.6094,14.593720
KADIK10k,0.582500,6.616279,4.696767,21.5390,20.107075
KADIK10k,0.542500,7.749211,5.900613,13.2767,24.270922
KADIK10k,0.192500,13.796543,12.186008,-22.8253,23.414413
KADIK10k,0.092500,22.680838,21.432508,-55.2235,32.292309
KADIK10k,0.842500,6.585599,2.754942,8.6294,66.742477
KADIK10k,0.917500,11.020437,7.384603,-19.4208,77.190132
KADIK10k,0.807500,12.045799,8.474858,-31.0902,86.292915
KADIK10k,0.792500,13.045578,8.977197,-35.2256,80.825851
KADIK10k,0.657500,15.373431,11.216339,-40.9313,76.366348
KADIK10k,0.742500,9.391418,4.517381,11.1347,25.629110
KADIK10k,0.450000,9.554569,4.828239,10.5697,27.827175
KADIK10k,0.432500,8.365720,3.630008,17.0681,23.098112
KADIK10k,0.467500,9.874938,5.047978,8.2745,31.338512
KADIK10k,0.097500,20.787804,12.952477,-45.0366,49.930984
KADIK10k,0.850000,1.169020,-10.605130,76.0389,8.519414
KADIK10k,0.900000,1.426028,-8.508312,72.1946,16.406176
KADIK10k,0.807500,1.943964,-5.576960,65.3965,22.631166
KADIK10k,0.767500,2.662164,-4.022185,57.8768,22.075396
KADIK10k,0.750000,4.761474,0.152715,39.3275,36.421215
KADIK10k,0.550000,9.430891,8.859995,-19.2628,75.788101
KADIK10k,0.325000,16.361544,14.861478,-47.4583,87.782166
KADIK10k,0.367500,22.223908,17.890940,-54.3741,129.247375
KADIK10k,0.275000,20.419543,18.362776,-50.9262,147.436523
KADIK10k,0.300000,21.827654,21.139996,-56.8509,89.141159
KADIK10k,0.667500,11.064164,4.415276,3.1664,18.757704
KADIK10k,0.367500,20.805099,11.313880,-39.7563,31.186077
KADIK10k,0.225000,28.220926,16.253702,-56.0124,40.039528
KADIK10k,0.100000,42.018658,25.147858,-64.2004,60.547596
KADIK10k,0.032500,55.318799,33.076160,-66.6130,77.459602
KADIK10k,0.667500,18.440754,8.270800,-11.7259,42.041500
KADIK10k,0.710000,12.314234,4.476703,15.3686,28.226778
KADIK10k,0.907500,6.566851,0.542621,48.6108,16.333538
KADIK10k,0.850000,5.191931,2.862842,40.6959,16.195749
KADIK10k,0.667500,14.078469,15.279344,-24.0184,32.110729
KADIK10k,0.942500,0.000000,-16.828243,100.0000,0.000000
KADIK10k,0.825000,0.977253,-9.519725,77.6589,4.012676
KADIK10k,0.375000,4.192763,1.743883,38.3022,8.295439
KADIK10k,0.142500,9.986030,7.649138,-2.2560,13.862969
KADIK10k,0.050000,22.877627,23.539146,-56.9343,31.103960
KADIK10k,0.642500,2.063944,-3.753131,60.3129,6.658597
KADIK10k,0.357500,5.336932,3.049721,28.6545,9.087809
KADIK10k,0.125000,12.336853,10.065020,-15.0480,16.976271
KADIK10k,0.107500,17.690377,16.563442,-42.2708,25.567188
KADIK10k,0.050000,22.851296,23.398867,-57.0690,32.049099
KADIK10k,0.925000,0.000000,-16.828243,100.0000,0.000000
KADIK10k,0.792500,1.847524,-4.698400,61.8646,7.513638
KADIK10k,0.407500,3.609223,0.698599,43.4343,8.503148
KADIK10k,0.232500,6.717229,4.646973,18.4729,13.023247
KADIK10k,0.150000,13.108990,11.273920,-22.1610,21.926287
KADIK10k,0.832500,0.483392,-17.167727,84.4233,3.068832
KADIK10k,0.517500,9.357660,4.936568,-11.0372,38.307243
KADIK10k,0.342500,19.814335,13.908362,-54.2759,60.078892
KADIK10k,0.242500,24.503467,19.729881,-61.0537,64.152992
KADIK10k,0.167500,34.043776,29.689409,-64.2310,110.654655
KADIK10k,0.675000,6.058095,3.367590,32.8422,12.773422
KADIK10k,0.207500,14.051549,13.128391,-15.2845,32.705063
KADIK10k,0.232500,17.063743,16.844522,-28.4508,32.361862
KADIK10k,0.107500,21.863236,21.706108,-44.9841,43.573196
KADIK10k,0.117500,25.042984,26.090488,-55.9837,42.910709
KADIK10k,0.842500,3.992399,-1.255905,53.5855,10.933227
KADIK10k,0.857500,5.181489,-0.215901,46.3422,11.044624
KADIK10k,0.707500,7.499395,3.137949,29.6567,12.587998
KADIK10k,0.617500,10.734102,5.286718,5.6930,17.933952
KADIK10k,0.432500,16.223786,8.966286,-24.9059,28.586996
KADIK10k,0.425000,6.415452,2.636946,8.0559,44.832108
KADIK10k,0.407500,10.555626,6.937659,-20.3831,61.396053
KADIK10k,0.425000,12.983722,9.072073,-32.1071,69.791191
KADIK10k,0.392500,15.606951,11.353730,-41.8448,78.275444
KADIK10k,0.290000,26.556876,21.470957,-61.4416,98.108536
KADIK10k,0.925000,0.000000,-16.828243,100.0000,0.000000
KADIK10k,0.607500,5.019608,1.591521,25.9310,25.167721
KADIK10k,0.532500,10.236274,6.490009,-16.1579,38.300144
KADIK10k,0.332500,21.891491,16.832132,-57.7263,60.062553
KADIK10k,0.207500,31.556869,29.364811,-64.1854,73.835045
KADIK10k,0.900000,1.434195,-8.558605,74.0305,2.833177
KADIK10k,0.850000,3.634434,0.019182,50.8195,6.313482
KADIK10k,0.767500,5.279761,2.865532,34.1785,7.790023
KADIK10k,0.182500,11.425783,9.896389,-9.2027,16.817610
KADIK10k,0.057500,21.155415,21.242361,-51.7329,29.748777
KADIK10k,0.817500,2.417114,-4.520126,60.3125,4.527358
KADIK10k,0.775000,2.825008,-3.411049,56.2372,4.633795
KADIK10k,0.717500,3.976315,-0.681499,44.7339,5.237283
KADIK10k,0.217500,13.319986,12.819564,-23.1423,11.850699
KADIK10k,0.057500,20.435257,20.245234,-50.6789,19.159565
KADIK10k,0.657500,2.829388,-3.630186,57.7288,5.556127
KADIK10k,0.642500,4.609076,0.558595,42.1472,7.723997
KADIK10k,0.507500,6.064182,2.821822,31.2387,9.325783
KADIK10k,0.350000,8.530088,5.699508,16.5872,11.509942
KADIK10k,0.325000,12.987494,10.450441,-7.7684,16.964378
KADIK10k,0.832500,1.116761,-9.828711,78.2531,3.155831
KADIK10k,0.567500,3.507459,-2.038557,51.6560,6.542396
KADIK10k,0.550000,5.695025,2.078248,34.2287,8.651326
KADIK10k,0.375000,9.079190,6.315081,13.6987,12.867591
KADIK10k,0.300000,11.765783,9.247459,-0.6617,14.329849
KADIK10k,0.607500,2.127317,-8.526009,48.0801,15.764370
KADIK10k,0.457500,4.761734,-0.858765,11.4720,18.001299
KADIK10k,0.432500,7.211011,3.765527,-14.0167,22.587708
KADIK10k,0.300000,10.697131,7.311189,-34.3577,30.881174
KADIK10k,0.217500,13.289482,10.363772,-45.1164,31.314352
KADIK10k,0.882500,1.054152,-10.032800,76.1965,4.147390
KADIK10k,0.557500,3.241046,-2.235309,49.6977,7.589734
KADIK10k,0.457500,5.152456,1.831504,34.2265,9.654278
KADIK10k,0.350000,8.147632,5.715242,14.1691,12.729708
KADIK10k,0.275000,13.823377,11.561827,-13.7110,18.055050
KADIK10k,0.700000,6.010752,3.897526,30.3230,6.998177
KADIK10k,0.425000,10.606234,9.121937,-1.1605,12.131071
KADIK10k,0.307500,13.942894,13.029825,-19.1047,14.099265
KADIK10k,0.167500,20.048326,19.638371,-43.2652,22.770067
KADIK10k,0.067500,25.862015,25.949068,-55.4467,30.068663
KADIK10k,0.892500,1.555481,-7.606083,71.5073,11.531773
KADIK10k,0.867500,3.582302,-2.166824,41.5406,22.745123
KADIK10k,0.707500,9.260303,-0.145302,-14.3770,44.220856
KADIK10k,0.432500,23.286826,4.594350,-62.0468,75.687386
KADIK10k,0.257500,41.629927,7.264698,-71.8277,114.054413
KADIK10k,0.882500,0.734740,-12.739835,85.7560,5.359023
KADIK10k,0.900000,1.661674,-7.607755,69.9596,11.380891
KADIK10k,0.742500,3.908325,-1.709988,34.6134,22.133564
KADIK10k,0.600000,10.825182,1.014167,-34.3775,43.851429
KADIK10k,0.242500,34.885614,10.929079,-67.5242,79.340492
KADIK10k,0.817500,7.263863,1.708575,19.6914,21.345739
KADIK10k,0.907500,2.790465,-4.713536,67.3716,11.123122
KADIK10k,0.967500,0.000000,-16.828243,100.0000,0.000000
KADIK10k,0.892500,3.275062,-3.834241,52.7100,12.439880
KADIK10k,0.657500,7.504691,0.086286,-0.6807,23.490574
KADIK10k,0.832500,2.343793,-3.661259,70.0886,5.809672
KADIK10k,0.725000,4.395796,1.426066,46.7498,10.506866
KADIK10k,0.507500,7.222034,5.986833,21.0353,11.871634
KADIK10k,0.150000,12.154955,10.582489,-9.4111,18.247477
KADIK10k,0.082500,17.202469,16.090740,-34.9376,28.124153
KADIK10k,0.900000,5.158281,1.068234,22.1032,54.212925
KADIK10k,0.775000,9.470909,6.178544,-12.3084,62.476223
KADIK10k,0.775000,9.532978,6.736644,-12.5012,83.523155
KADIK10k,0.650000,9.845141,7.185271,-10.8419,83.225548
KADIK10k,0.775000,10.729465,8.154871,-21.9759,93.646858
KADIK10k,0.850000,9.035733,4.800200,12.6795,22.478466
KADIK10k,0.542500,10.850539,6.052990,1.6890,29.362717
KADIK10k,0.507500,9.789782,5.604586,6.5859,30.213812
KADIK10k,0.482500,9.804706,5.328296,8.3069,29.045305
KADIK10k,0.067500,21.728922,14.583575,-48.6755,52.540665
KADIK10k,0.792500,2.304723,-3.743864,58.4581,8.057302
KADIK10k,0.670000,3.450230,-0.458969,45.6099,11.025456
KADIK10k,0.650000,5.445027,1.633028,28.5466,12.358030
KADIK10k,0.592500,7.447740,3.523971,12.2789,16.679964
KADIK10k,0.475000,12.221752,7.427519,-11.3071,22.216528
KADIK10k,0.317500,19.659103,10.734347,-55.2449,172.198563
KADIK10k,0.342500,14.286234,16.500214,-43.1934,69.935455
KADIK10k,0.217500,15.856764,14.856942,-45.2535,55.025635
KADIK10k,0.307500,25.008340,21.102938,-60.3790,138.272903
KADIK10k,0.300000,32.997038,27.260559,-64.2217,136.095245
KADIK10k,0.692500,9.014694,3.816914,-2.2489,17.987982
KADIK10k,0.400000,16.970958,10.457837,-49.8108,30.900751
KADIK10k,0.250000,23.118633,15.640995,-61.6703,40.147697
KADIK10k,0.167500,35.599363,25.165854,-64.2914,59.574139
KADIK10k,0.125000,48.417328,33.588840,-72.8112,77.500183
KADIK10k,0.652500,19.456611,8.457324,-34.4526,22.283024
KADIK10k,0.682500,12.540513,4.009903,-1.1902,16.592567
KADIK10k,0.725000,6.534445,0.595078,40.1166,10.166084
KADIK10k,0.807500,5.200333,2.089824,35.9566,11.758348
KADIK10k,0.607500,14.213556,12.981117,-31.3259,24.549568
KADIK10k,0.900000,0.000000,-17.369858,100.0000,0.000000
KADIK10k,0.867500,1.250190,-8.613362,73.3173,3.393339
KADIK10k,0.457500,5.912652,3.177464,22.0617,7.382238
KADIK10k,0.175000,15.023307,12.158103,-31.4016,13.640561
KADIK10k,0.042500,33.540208,33.228050,-64.2285,34.115082
KADIK10k,0.667500,2.749435,-2.483357,51.5709,5.579849
KADIK10k,0.407500,7.763762,4.846504,9.5509,8.579139
KADIK10k,0.142500,19.087527,16.149210,-45.1985,17.504368
KADIK10k,0.082500,27.427519,25.773684,-62.4663,27.753012
KADIK10k,0.092500,34.452655,35.008530,-64.2311,34.917770
KADIK10k,0.867500,0.000000,-17.369858,100.0000,0.000000
KADIK10k,0.725000,2.006775,-4.956240,63.2163,4.928355
KADIK10k,0.420000,5.773388,2.972357,24.5242,8.103486
KADIK10k,0.217500,10.659834,7.570890,-8.4853,13.492928
KADIK10k,0.132500,17.741372,15.000178,-42.7325,21.077036
KADIK10k,0.892500,0.903587,-15.820462,75.6790,2.139221
KADIK10k,0.500000,4.593615,1.302204,34.7143,18.408108
KADIK10k,0.192500,9.716825,9.458839,-1.3173,36.455521
KADIK10k,0.142500,13.561368,15.553395,-21.6479,45.805759
KADIK10k,0.132500,20.791632,26.206860,-49.7043,58.923965
KADIK10k,0.807500,6.377813,2.389273,31.6817,14.058942
KADIK10k,0.317500,12.086981,10.158752,-8.5182,26.794506
KADIK10k,0.207500,17.198021,16.739756,-34.8021,31.925945
KADIK10k,0.167500,20.027304,20.346321,-45.2953,33.880463
KADIK10k,0.157500,21.917617,23.388283,-52.8333,29.552618
KADIK10k,0.832500,2.275694,-5.240174,63.2350,5.918580
KADIK10k,0.842500,3.362897,-2.766085,54.9202,8.366909
KADIK10k,0.817500,4.297761,-0.877703,45.9955,9.816612
KADIK10k,0.657500,5.926785,3.156839,28.4029,11.120641
KADIK10k,0.475000,10.683586,5.792279,0.7233,24.227978
KADIK10k,0.392500,5.055059,-2.124503,35.9572,16.398483
KADIK10k,0.332500,8.247612,1.782889,6.5714,21.980639
KADIK10k,0.275000,10.202525,3.470036,-8.1016,24.774515
KADIK10k,0.307500,12.332553,5.019990,-21.7131,27.540377
KADIK10k,0.307500,16.657186,10.437185,-50.7506,30.521856
KADIK10k,0.932500,0.000000,-17.369858,100.0000,0.000000
KADIK10k,0.592500,2.411543,-3.815266,59.3554,13.550870
KADIK10k,0.442500,4.876002,2.204859,35.7159,24.579924
KADIK10k,0.157500,11.212723,13.882154,-9.0899,38.584858
KADIK10k,0.175000,16.191501,20.883135,-33.2041,48.134144
KADIK10k,0.825000,4.075092,-0.346856,41.7815,4.547304
KADIK10k,0.400000,8.857374,6.528212,1.0902,7.919649
KADIK10k,0.342500,11.067440,9.217980,-11.6949,8.245314
KADIK10k,0.142500,20.914065,20.516260,-51.8809,14.827490
KADIK10k,0.057500,33.810984,34.504414,-64.2103,28.788874
KADIK10k,0.857500,2.840305,-4.124607,54.3823,3.989942
KADIK10k,0.850000,3.281757,-2.991385,50.4656,4.148958
KADIK10k,0.825000,4.605932,-0.366772,38.7511,4.826026
KADIK10k,0.367500,14.998804,13.879719,-28.4299,9.609694
KADIK10k,0.067500,23.800412,22.833109,-56.2993,13.313849
KADIK10k,0.850000,1.854583,-5.841605,66.7272,3.602992
KADIK10k,0.807500,2.922666,-2.990172,53.0719,5.309091
KADIK10k,0.707500,3.858740,-0.724035,42.4736,5.992454
KADIK10k,0.582500,5.380452,2.341671,28.1361,7.318946
KADIK10k,0.382500,8.503503,5.573534,2.0213,10.002135
KADIK10k,0.882500,0.824532,-11.400995,82.2454,2.068094
KADIK10k,0.857500,2.297176,-4.465765,60.4683,4.266675
KADIK10k,0.765000,3.638597,-1.335494,45.0131,5.566236
KADIK10k,0.507500,5.777249,2.737977,24.5352,7.523238
KADIK10k,0.450000,7.516382,4.584238,9.6211,9.656562
KADIK10k,0.617500,2.336534,-8.913263,18.6532,12.771940
KADIK10k,0.407500,4.747260,-2.143845,-28.1475,20.572529
KADIK10k,0.325000,6.642048,1.068177,-44.5257,23.026285
KADIK10k,0.267500,10.273993,6.122062,-61.1054,26.259714
KADIK10k,0.267500,13.122210,8.815989,-63.7452,26.470890
KADIK10k,0.842500,0.473584,-14.156028,87.8146,2.025618
KADIK10k,0.842500,1.231443,-9.026510,74.8441,3.624019
KADIK10k,0.867500,1.783250,-6.469611,65.7576,5.165524
KADIK10k,0.800000,2.718034,-4.162822,54.5305,7.536089
KADIK10k,0.652500,4.725738,-0.428959,33.7263,11.627394
KADIK10k,0.625000,8.403113,6.069044,3.1329,6.517727
KADIK10k,0.425000,14.391188,12.956248,-31.2613,9.974051
KADIK10k,0.292500,17.458081,16.213810,-43.9034,11.147918
KADIK10k,0.217500,22.668684,22.294247,-56.7510,15.737250
KADIK10k,0.117500,26.736861,26.647814,-62.2447,21.506054
KADIK10k,0.857500,2.142632,-7.380307,71.2566,7.617683
KADIK10k,0.842500,4.792913,-1.319721,41.5710,15.147996
KADIK10k,0.667500,11.252848,0.641687,-9.8936,30.735731
KADIK10k,0.525000,22.907717,3.347442,-53.9539,53.309807
KADIK10k,0.317500,37.526148,4.978045,-64.2351,80.021614
KADIK10k,0.875000,0.734945,-12.726091,85.4017,3.687053
KADIK10k,0.867500,1.710966,-6.620183,68.6334,7.590996
KADIK10k,0.632500,4.391827,-0.039033,30.2574,14.843124
KADIK10k,0.425000,13.271591,7.088655,-40.2948,28.993900
KADIK10k,0.075000,40.713379,26.218931,-69.8962,52.968975
KADIK10k,0.850000,5.607529,-0.875724,43.9394,17.253202
KADIK10k,0.867500,2.637179,-6.425635,71.5849,8.865870
KADIK10k,0.842500,0.000000,-17.369858,100.0000,0.000000
KADIK10k,0.750000,4.124335,-1.154042,29.4556,9.197363
KADIK10k,0.442500,11.323893,4.627039,-30.5756,17.470085
KADIK10k,0.757500,2.993490,-2.321804,47.2852,6.254818
KADIK10k,0.632500,5.990810,3.079056,7.4748,12.373028
KADIK10k,0.532500,8.611816,6.813264,-4.4551,11.363547
KADIK10k,0.250000,15.928767,13.283671,-35.7308,19.298496
KADIK10k,0.057500,25.693683,23.138950,-60.3863,26.286938
KADIK10k,0.867500,5.193737,1.504452,17.3922,47.821354
KADIK10k,0.882500,7.484647,3.902680,-0.5682,63.774719
KADIK10k,0.850000,9.998578,7.016147,-23.2273,59.392490
KADIK10k,0.857500,11.278849,7.774711,-26.6263,71.761589
KADIK10k,0.742500,12.744053,8.852778,-37.5187,64.462891
KADIK10k,0.792500,12.214281,6.738399,-8.9903,22.383774
KADIK10k,0.675000,13.250255,7.633570,-18.8580,23.848442
KADIK10k,0.600000,12.377579,6.990769,-18.7808,24.338200
KADIK10k,0.567500,14.597520,8.603435,-22.0608,31.967144
KADIK10k,0.100000,30.708889,22.253080,-63.6603,49.500465
KADIK10k,0.825000,1.993897,-5.969313,69.6737,4.490344
KADIK10k,0.882500,2.987617,-2.389590,59.0988,5.743333
KADIK10k,0.767500,4.338547,0.083288,47.7250,7.408534
KADIK10k,0.757500,7.607674,2.508620,22.8233,10.985098
KADIK10k,0.792500,7.528946,1.786922,25.8480,14.281338
KADIK10k,0.332500,11.910586,8.733168,-31.5103,57.939785
KADIK10k,0.275000,16.942111,15.436428,-47.4982,78.060173
KADIK10k,0.217500,23.115852,15.089708,-60.5799,97.432457
KADIK10k,0.200000,20.701903,15.469575,-55.7961,94.094772
KADIK10k,0.200000,26.608701,21.931810,-63.2343,94.778641
KADIK10k,0.517500,11.614606,4.532211,-23.4513,19.222111
KADIK10k,0.225000,21.386972,11.293851,-59.5983,32.617836
KADIK10k,0.192500,28.722920,16.556873,-64.1995,42.121803
KADIK10k,0.057500,42.173873,24.969790,-71.0926,58.505650
KADIK10k,0.050000,52.954883,29.776085,-104.0614,75.740242
KADIK10k,0.475000,19.053310,8.185667,-44.6596,19.407030
KADIK10k,0.625000,11.671259,3.204435,-10.4486,13.843571
KADIK10k,0.750000,5.922634,-0.113867,34.9282,7.869431
KADIK10k,0.807500,4.807122,0.743051,35.5782,8.294259
KADIK10k,0.650000,12.433591,9.607821,-28.2889,17.424913
KADIK10k,0.925000,0.000000,-16.338898,100.0000,0.000000
KADIK10k,0.832500,0.826732,-11.154210,83.0291,2.496432
KADIK10k,0.607500,3.825559,1.153921,49.8922,6.815444
KADIK10k,0.282500,8.792324,6.201480,13.0149,12.282375
KADIK10k,0.132500,16.610840,17.900192,-36.3275,25.898844
KADIK10k,0.782500,1.743392,-5.644326,68.9101,4.130979
KADIK10k,0.650000,5.018343,2.395182,40.4211,8.021597
KADIK10k,0.282500,10.468559,8.515106,2.7772,14.713202
KADIK10k,0.142500,13.523179,13.635488,-19.5427,21.011511
KADIK10k,0.157500,16.515367,18.018148,-36.0386,27.143887
KADIK10k,0.867500,0.000000,-16.338898,100.0000,0.000000
KADIK10k,0.817500,1.504617,-6.912446,73.4241,4.876612
KADIK10k,0.567500,3.644489,0.952120,51.3652,7.620177
KADIK10k,0.475000,5.586084,3.079361,35.7008,8.538742
KADIK10k,0.292500,9.126883,7.570436,7.7089,18.943983
KADIK10k,0.900000,0.359370,-16.017891,88.7689,0.727474
KADIK10k,0.317500,10.472591,3.483161,-15.1630,34.565540
KADIK10k,0.275000,19.147864,13.295012,-53.1734,43.837852
KADIK10k,0.317500,26.205534,23.030964,-63.1210,48.370197
KADIK10k,0.192500,42.997918,39.309048,-67.9003,84.102966
KADIK10k,0.857500,1.711382,-7.083737,68.0927,7.650791
KADIK10k,0.532500,7.599334,7.065968,25.2051,23.888496
KADIK10k,0.300000,11.859763,13.182034,-4.6644,35.443634
KADIK10k,0.200000,15.810837,18.915781,-27.8586,49.601238
KADIK10k,0.200000,17.743289,20.036079,-33.8857,55.189041
KADIK10k,0.850000,3.130036,-1.557940,49.8390,11.178482
KADIK10k,0.682500,5.496421,1.333798,32.9360,12.655388
KADIK10k,0.717500,6.236584,2.078149,26.8847,13.336626
KADIK10k,0.582500,8.164025,3.729442,13.3204,17.315699
KADIK10k,0.350000,17.277097,9.527760,-32.2226,25.244562
KADIK10k,0.417500,9.697504,4.864021,-20.4545,36.067345
KADIK10k,0.442500,15.675246,9.087396,-49.6568,48.601254
KADIK10k,0.307500,19.082733,11.228475,-58.0940,54.963348
KADIK10k,0.307500,22.818140,13.425004,-62.6141,61.424934
KADIK10k,0.267500,36.085174,23.645626,-65.3269,72.663223
KADIK10k,0.900000,0.000000,-16.338898,100.0000,0.000000
KADIK10k,0.557500,5.811613,1.703522,15.9491,24.696949
KADIK10k,0.467500,12.329116,6.111136,-23.6918,34.303429
KADIK10k,0.292500,21.763266,18.120920,-54.9370,43.361256
KADIK10k,0.192500,38.636753,39.045689,-64.7910,58.048836
KADIK10k,0.857500,0.733792,-12.585350,83.1072,2.371832
KADIK10k,0.842500,1.944851,-6.217693,64.0360,3.830581
KADIK10k,0.875000,2.612875,-2.562945,55.3521,5.069721
KADIK10k,0.657500,7.038589,5.635581,9.4597,7.179021
KADIK10k,0.225000,14.097239,15.429678,-29.9580,12.951365
KADIK10k,0.900000,2.638171,-3.007049,54.9084,3.480496
KADIK10k,0.867500,3.103919,-1.524958,49.2316,3.676996
KADIK10k,0.832500,4.744937,2.117302,32.1573,4.468050
KADIK10k,0.150000,18.606976,19.500780,-51.1076,12.762316
KADIK10k,0.057500,27.178732,29.486603,-61.8717,20.733990
KADIK10k,0.767500,3.382343,-1.615367,49.7849,5.392512
KADIK10k,0.600000,5.696727,2.184250,30.1120,7.202315
KADIK10k,0.482500,7.708839,4.323754,16.3166,8.509843
KADIK10k,0.457500,11.043243,7.567183,-3.6242,11.644615
KADIK10k,0.282500,17.520994,13.958011,-32.2849,15.103642
KADIK10k,0.887500,1.276361,-8.766717,74.4497,3.223368
KADIK10k,0.675000,4.318945,0.001782,41.1471,6.276237
KADIK10k,0.550000,7.293318,3.985474,18.7426,9.766317
KADIK10k,0.467500,11.974092,8.589484,-8.1434,11.392133
KADIK10k,0.332500,15.806092,12.389840,-24.8977,13.554688
KADIK10k,0.592500,1.826039,-8.954643,53.3741,15.057007
KADIK10k,0.375000,4.645405,-0.557302,16.5548,19.765638
KADIK10k,0.325000,7.413483,3.725228,-6.8889,21.104618
KADIK10k,0.300000,11.407270,7.879102,-31.9165,27.181087
KADIK10k,0.282500,14.672760,10.878405,-45.0891,25.508299
KADIK10k,0.857500,1.209406,-9.044770,74.6614,4.293098
KADIK10k,0.657500,3.957164,0.062377,43.4217,7.455705
KADIK10k,0.525000,6.581525,3.559485,22.6631,8.993625
KADIK10k,0.425000,10.849125,7.825534,-3.6963,12.061702
KADIK10k,0.267500,19.566234,16.492132,-38.3880,17.670998
KADIK10k,0.557500,8.771118,6.297115,0.1802,6.786574
KADIK10k,0.492500,13.757696,11.433795,-29.5211,12.653711
KADIK10k,0.375000,17.076155,15.105432,-42.4376,17.144489
KADIK10k,0.142500,27.008573,25.413429,-62.2505,25.520044
KADIK10k,0.092500,33.973167,32.448708,-64.1990,28.046257
KADIK10k,0.757500,0.923490,-10.685224,73.6357,12.542013
KADIK10k,0.682500,2.167436,-4.920596,46.1060,24.133879
KADIK10k,0.515000,5.877799,-2.930222,-7.4710,46.824539
KADIK10k,0.375000,15.757605,-6.938488,-59.6766,76.879539
KADIK10k,0.100000,37.993443,-4.948359,-72.8777,101.479355
KADIK10k,0.882500,0.403314,-14.077706,88.1903,6.030681
KADIK10k,0.867500,0.991694,-10.740783,73.4420,12.871034
KADIK10k,0.742500,2.347984,-4.513800,43.3506,25.238277
KADIK10k,0.607500,6.702249,-3.147581,-21.2588,51.377750
KADIK10k,0.442500,24.331662,-9.219669,-64.9237,94.339310
KADIK10k,0.700000,3.947333,-1.087151,35.7398,24.887707
KADIK10k,0.767500,1.585922,-7.477188,69.5840,12.627300
KADIK10k,0.882500,0.000000,-16.338898,100.0000,0.000000
KADIK10k,0.757500,1.897272,-6.615973,64.7865,11.016536
KADIK10k,0.692500,4.454295,-1.022290,24.8464,20.537363
KADIK10k,0.850000,0.720678,-12.240874,87.8512,2.311178
KADIK10k,0.900000,1.542047,-7.416515,77.6302,4.019939
KADIK10k,0.607500,3.824366,0.995900,48.8647,9.633698
KADIK10k,0.300000,8.882968,7.590815,7.2984,16.723948
KADIK10k,0.125000,12.431576,12.173365,-12.8849,22.393913
KADIK10k,0.832500,2.493533,-0.636240,43.3356,21.946396
KADIK10k,0.525000,6.327983,5.989191,11.3320,61.451962
KADIK10k,0.742500,5.974867,4.329432,13.9279,46.890572
KADIK10k,0.332500,8.305663,8.217046,-5.3175,77.154854
KADIK10k,0.442500,7.784011,7.296217,-2.4610,63.166149
KADIK10k,0.792500,6.924912,4.686742,20.4874,23.019144
KADIK10k,0.657500,8.315320,6.182129,7.6503,21.874346
KADIK10k,0.557500,7.415571,5.152294,11.6956,22.377140
KADIK10k,0.475000,7.610480,5.613021,12.5145,19.825920
KADIK10k,0.207500,16.971311,16.199768,-41.6920,56.565136
KADIK10k,0.725000,2.086897,-4.874539,58.9836,10.527602
KADIK10k,0.692500,2.636928,-2.933904,52.4231,10.827690
KADIK10k,0.675000,3.189700,-0.812678,47.2195,11.693834
KADIK10k,0.550000,4.942198,1.640144,33.2233,16.006897
KADIK10k,0.242500,11.822974,8.451203,-7.6642,24.384855
KADIK10k,0.332500,12.417162,11.105618,-26.9243,95.717712
KADIK10k,0.407500,20.780825,18.203455,-59.6775,97.696457
KADIK10k,0.292500,18.095006,17.114729,-45.2104,71.433800
KADIK10k,0.242500,28.124598,26.709684,-63.8830,105.832199
KADIK10k,0.315000,30.096805,26.459372,-64.2234,99.047745
KADIK10k,0.642500,6.670054,4.617270,17.0978,16.607929
KADIK10k,0.475000,14.753232,14.989202,-37.6647,25.485523
KADIK10k,0.317500,22.141857,24.451172,-58.6012,32.804585
KADIK10k,0.207500,39.547958,46.934635,-64.7161,54.945053
KADIK10k,0.057500,60.047850,73.691330,-105.5140,75.489853
KADIK10k,0.500000,14.416792,7.011630,-25.9292,21.088251
KADIK10k,0.707500,9.168534,3.502859,3.6332,15.442156
KADIK10k,0.782500,4.577524,0.408279,41.6222,9.404112
KADIK10k,0.557500,4.709947,1.578464,34.3683,10.455756
KADIK10k,0.357500,14.106558,13.332284,-35.3170,21.492031
KADIK10k,0.875000,0.000000,-16.385983,100.0000,0.000000
KADIK10k,0.850000,0.532096,-12.721006,87.2963,1.552367
KADIK10k,0.375000,2.430253,-2.777167,64.1153,4.670064
KADIK10k,0.182500,5.784618,4.588880,35.6004,9.959702
KADIK10k,0.092500,13.750468,15.857278,-28.4084,25.803349
KADIK10k,0.675000,1.170558,-8.730373,77.0951,3.069417
KADIK10k,0.450000,3.129384,-0.178724,57.5064,5.592861
KADIK10k,0.167500,7.051226,6.193731,25.4497,12.712797
KADIK10k,0.107500,10.311994,10.959441,-3.5012,20.251623
KADIK10k,0.125000,13.460532,15.412561,-26.7093,26.093374
KADIK10k,0.917500,0.000000,-16.385983,100.0000,0.000000
KADIK10k,0.832500,0.957379,-9.796189,80.0082,3.768590
KADIK10k,0.442500,2.785459,-1.111439,61.1786,5.887755
KADIK10k,0.267500,3.435142,-0.088406,54.3576,8.789586
KADIK10k,0.132500,6.242485,5.089079,27.5475,17.231186
KADIK10k,0.867500,0.661538,-16.650370,83.8064,8.521830
KADIK10k,0.182500,16.083622,18.011906,-40.4786,39.071312
KADIK10k,0.107500,29.595580,28.693048,-63.9945,85.474869
KADIK10k,0.015000,41.783444,31.700272,-67.7338,145.294006
KADIK10k,0.032500,51.125938,34.860542,-104.9255,148.578690
KADIK10k,0.857500,3.262857,-2.051969,52.6150,16.187181
KADIK10k,0.492500,7.848449,7.294860,11.5447,27.647198
KADIK10k,0.125000,10.240487,10.728050,-7.8128,38.353970
KADIK10k,0.200000,9.351817,9.998682,-1.4152,43.320625
KADIK10k,0.157500,16.195828,17.314264,-44.0288,45.291389
KADIK10k,0.682500,2.571569,-3.588705,53.4796,8.766519
KADIK10k,0.765000,3.190298,-0.300803,48.2614,10.226650
KADIK10k,0.692500,4.709091,1.522809,31.1358,15.600041
KADIK10k,0.500000,7.557792,4.611236,3.6364,18.162535
KADIK10k,0.200000,15.758880,14.778126,-37.3609,22.508692
KADIK10k,0.425000,9.194277,4.473303,-18.6870,75.629379
KADIK10k,0.232500,17.533675,10.427070,-53.5781,112.448883
KADIK10k,0.317500,23.025714,13.965996,-62.0095,131.423721
KADIK10k,0.125000,29.234940,17.894318,-64.2072,150.407059
KADIK10k,0.067500,53.163029,38.524189,-105.0206,162.236359
KADIK10k,0.882500,0.000000,-16.385983,100.0000,0.000000
KADIK10k,0.425000,10.902163,9.225376,-12.4247,38.144466
KADIK10k,0.242500,16.355729,16.236338,-40.9958,38.345623
KADIK10k,0.175000,35.827608,34.413326,-64.5407,85.502373
KADIK10k,0.125000,56.281758,42.222565,-156.6140,148.578690
KADIK10k,0.932500,0.473297,-14.021373,87.8504,1.509683
KADIK10k,0.907500,1.273759,-9.577045,73.6022,2.628830
KADIK10k,0.907500,1.972452,-5.782182,63.2644,3.926267
KADIK10k,0.650000,5.386288,3.244838,26.0963,7.437227
KADIK10k,0.175000,11.615314,11.383608,-18.6550,16.515368
KADIK10k,0.775000,2.663461,-3.228773,55.8827,7.861607
KADIK10k,0.717500,3.099844,-1.755654,50.8575,6.132331
KADIK10k,0.717500,4.589580,1.740708,34.7653,8.342721
KADIK10k,0.150000,14.777510,14.685534,-36.1950,15.857314
KADIK10k,0.057500,31.971402,34.650047,-64.2291,26.149570
KADIK10k,0.587500,3.557369,-1.766263,50.4387,5.985684
KADIK10k,0.425000,6.022005,2.015281,30.8715,7.513285
KADIK10k,0.400000,8.137937,4.403019,16.7283,9.443283
KADIK10k,0.335000,11.661302,8.016958,-1.8043,10.952730
KADIK10k,0.307500,18.061217,14.284290,-28.3824,14.439200
KADIK10k,0.807500,1.296468,-9.495102,75.2293,3.428182
KADIK10k,0.532500,4.474795,-0.400746,42.5594,6.409760
KADIK10k,0.442500,7.605776,3.814041,20.7530,8.552393
KADIK10k,0.350000,12.452791,8.820407,-6.0481,11.315220
KADIK10k,0.265000,15.911255,12.408332,-20.2127,14.665362
KADIK10k,0.682500,1.730836,-9.358047,61.7561,11.118636
KADIK10k,0.500000,3.976686,-1.698577,39.6656,14.349977
KADIK10k,0.432500,6.574446,2.964041,24.9406,15.714413
KADIK10k,0.282500,10.223164,6.599871,2.5385,19.203650
KADIK10k,0.250000,13.408029,10.084878,-14.5085,21.415092
KADIK10k,0.775000,2.087053,-5.597478,64.5630,4.039098
KADIK10k,0.442500,7.176909,3.597249,21.7603,7.517763
KADIK10k,0.400000,11.861340,8.542698,-4.8163,10.558036
KADIK10k,0.292500,18.433132,15.326934,-31.4097,13.213710
KADIK10k,0.150000,28.799301,27.038189,-55.2209,18.796581
KADIK10k,0.550000,6.785599,3.775909,15.9001,8.707448
KADIK10k,0.317500,10.605965,7.665932,-11.9429,13.375031
KADIK10k,0.192500,13.673917,10.839242,-27.3552,18.450724
KADIK10k,0.117500,21.833187,19.352028,-52.8733,27.631269
KADIK10k,0.092500,28.413038,26.096870,-61.7777,29.571396
KADIK10k,0.925000,0.949962,-11.308059,78.9156,12.302702
KADIK10k,0.800000,2.435385,-4.161300,54.3422,24.460051
KADIK10k,0.625000,7.213151,1.942615,-0.2438,50.612076
KADIK10k,0.250000,21.002558,9.108250,-59.3353,93.318779
KADIK10k,0.042500,35.518827,15.614003,-64.5900,148.957031
KADIK10k,0.925000,0.500185,-13.697133,87.4349,6.564475
KADIK10k,0.907500,1.180068,-10.082396,74.5690,14.131302
KADIK10k,0.775000,2.920828,-2.577730,47.8623,26.905403
KADIK10k,0.607500,8.221485,-0.105673,-5.4588,52.534477
KADIK10k,0.400000,22.389672,1.103344,-61.0218,88.057114
KADIK10k,0.550000,5.725345,0.461364,4.4110,26.746000
KADIK10k,0.825000,1.645576,-7.044218,62.0149,13.561383
KADIK10k,0.875000,0.000000,-16.385983,100.0000,0.000000
KADIK10k,0.857500,1.326930,-9.500326,75.9869,12.754103
KADIK10k,0.750000,3.256833,-2.362056,51.9891,25.605188
KADIK10k,0.857500,0.705997,-12.929609,88.6577,4.225259
KADIK10k,0.875000,1.285345,-9.766332,81.7270,4.978598
KADIK10k,0.625000,2.791902,-2.925191,62.6692,8.008260
KADIK10k,0.232500,5.905212,4.096475,35.0818,13.497577
KADIK10k,0.092500,9.473065,8.683130,6.3932,20.610933
KADIK10k,0.575000,3.404325,1.676054,42.3768,38.625626
KADIK10k,0.492500,3.724046,2.604632,30.8095,30.941959
KADIK10k,0.492500,4.937523,4.177406,19.0312,43.261097
KADIK10k,0.412500,6.495404,5.438157,7.6705,40.811031
KADIK10k,0.457500,7.286671,5.445551,4.4472,57.641201
KADIK10k,0.682500,4.707027,1.979310,39.0704,20.843557
KADIK10k,0.482500,5.651038,3.109220,31.4252,19.143723
KADIK10k,0.607500,5.106046,2.539476,32.8955,16.036041
KADIK10k,0.525000,5.515438,3.154416,32.8215,19.289948
KADIK10k,0.132500,11.903752,10.770804,-17.4498,37.161201
KADIK10k,0.742500,2.433639,-2.531424,55.4892,10.272918
KADIK10k,0.625000,3.450228,-0.213048,43.8375,12.194551
KADIK10k,0.650000,4.423459,0.934789,31.3223,14.292325
KADIK10k,0.457500,7.177917,3.481713,6.6266,18.526344
KADIK10k,0.267500,16.140017,11.980630,-38.0420,22.542280
KADIK10k,0.450000,16.458336,13.808462,-48.8193,112.606758
KADIK10k,0.317500,19.418219,18.247522,-57.4545,74.530899
KADIK10k,0.250000,27.485332,25.120237,-63.5996,109.142677
KADIK10k,0.250000,22.379003,22.544226,-49.9782,89.232628
KADIK10k,0.150000,30.640527,29.764235,-63.3231,92.527000
KADIK10k,0.700000,5.441945,3.321787,32.2449,15.480170
KADIK10k,0.457500,12.358290,12.489563,-17.0680,25.687410
KADIK10k,0.275000,18.840031,21.956116,-43.3102,33.844887
KADIK10k,0.200000,34.835401,46.597000,-63.8897,53.105297
KADIK10k,0.067500,56.330467,81.595367,-72.1859,76.476692
KADIK10k,0.467500,10.431182,3.381618,-10.3941,26.158085
KADIK10k,0.757500,6.160981,0.454237,22.5061,18.583149
KADIK10k,0.907500,2.960025,-1.902232,54.6248,10.834239
KADIK10k,0.857500,3.128679,-2.875690,53.9656,11.039473
KADIK10k,0.642500,8.725877,6.429233,-1.7159,21.918447
KADIK10k,0.950000,0.000000,-16.515871,100.0000,0.000000
KADIK10k,0.850000,0.389078,-13.819819,89.3716,1.532854
KADIK10k,0.500000,1.531753,-6.919595,70.6971,4.581501
KADIK10k,0.250000,4.045689,2.186456,40.6736,10.916756
KADIK10k,0.117500,12.399299,13.487758,-25.7963,29.482782
KADIK10k,0.817500,0.765311,-11.233627,82.0076,2.689702
KADIK10k,0.550000,1.898714,-5.289774,65.2959,5.720478
KADIK10k,0.207500,5.090116,3.727777,30.0028,14.025508
KADIK10k,0.132500,8.638476,8.577817,-1.3502,23.761314
KADIK10k,0.082500,12.249616,13.267385,-25.4065,31.577894
KADIK10k,0.975000,0.000000,-16.515871,100.0000,0.000000
KADIK10k,0.832500,0.565094,-12.480224,84.9865,2.615592
KADIK10k,0.557500,1.598311,-6.850910,69.4072,6.345748
KADIK10k,0.332500,2.772941,-2.126184,54.4199,10.631490
KADIK10k,0.207500,5.209757,3.803795,27.3845,19.820166
KADIK10k,0.875000,0.820734,-16.377398,78.6691,7.434284
KADIK10k,0.467500,9.682395,10.448893,-7.8323,34.790386
KADIK10k,0.175000,16.645504,19.125116,-44.1631,56.434425
KADIK10k,0.167500,20.468694,21.746161,-56.5549,53.829777
KADIK10k,0.182500,27.300949,28.380219,-64.0735,74.487823
KADIK10k,0.850000,3.621804,-4.062935,51.1191,19.361637
KADIK10k,0.482500,7.697135,5.677649,13.6142,37.110508
KADIK10k,0.242500,12.056475,11.054652,-18.5334,55.936852
KADIK10k,0.182500,14.388246,13.782875,-31.3960,62.316402
KADIK10k,0.142500,15.821976,16.455074,-38.7263,65.408447
KADIK10k,0.692500,5.386205,2.502914,29.2827,13.455656
KADIK10k,0.700000,5.844620,3.007372,25.3727,15.417081
KADIK10k,0.567500,7.749684,4.688152,13.2067,18.263239
KADIK10k,0.450000,13.173488,9.960909,-17.3699,24.817060
KADIK10k,0.267500,16.384305,14.293601,-36.2157,33.980503
KADIK10k,0.467500,8.702555,3.173165,-9.2077,29.405529
KADIK10k,0.407500,14.071840,6.254713,-41.2554,40.008091
KADIK10k,0.257500,17.243494,7.709502,-52.3244,45.447746
KADIK10k,0.225000,20.632565,8.993937,-59.4338,50.898460
KADIK10k,0.332500,27.234174,10.149262,-64.2291,56.549568
KADIK10k,0.917500,0.000000,-16.515871,100.0000,0.000000
KADIK10k,0.592500,6.047471,4.898610,19.9934,32.261951
KADIK10k,0.517500,10.651446,11.365989,-10.4319,46.415138
KADIK10k,0.282500,19.982889,22.186951,-53.5844,61.682144
KADIK10k,0.150000,29.052152,29.974501,-64.1763,64.641945
KADIK10k,0.875000,0.420246,-14.370597,89.6931,1.478031
KADIK10k,0.932500,0.929787,-11.464853,80.0739,2.407463
KADIK10k,0.907500,1.297185,-9.627826,73.4140,3.373820
KADIK10k,0.632500,4.066040,1.340198,40.0146,10.328200
KADIK10k,0.142500,10.432923,9.181645,-11.7204,20.227196
KADIK10k,0.892500,2.117981,-6.350463,60.9611,4.468742
KADIK10k,0.825000,2.393610,-5.044626,57.0733,4.826777
KADIK10k,0.707500,3.491788,-1.782270,43.2906,6.310094
KADIK10k,0.125000,12.606310,10.578808,-29.6261,15.780045
KADIK10k,0.050000,25.337509,28.409086,-61.6819,24.876942
KADIK10k,0.617500,4.364243,-0.189341,43.9380,6.225364
KADIK10k,0.492500,7.356402,2.900750,22.1662,8.409068
KADIK10k,0.382500,9.754149,4.900194,7.4477,10.336117
KADIK10k,0.380000,13.431256,7.739795,-10.1783,12.543653
KADIK10k,0.292500,19.944608,13.117946,-36.8160,17.091173
KADIK10k,0.857500,1.452105,-8.432684,72.9572,3.513141
KADIK10k,0.625000,4.934079,0.606124,39.2161,6.828640
KADIK10k,0.482500,8.320377,3.738528,16.8112,9.430739
KADIK10k,0.342500,13.077791,7.572214,-8.9669,12.268029
KADIK10k,0.350000,16.607460,10.567696,-23.3676,15.755608
KADIK10k,0.582500,2.791009,-7.225552,28.7336,14.291709
KADIK10k,0.425000,7.123461,2.342205,-19.6370,23.891092
KADIK10k,0.450000,11.225953,6.105814,-43.2609,29.897650
KADIK10k,0.357500,17.092247,10.977587,-59.6918,33.727592
KADIK10k,0.275000,20.694027,14.149048,-63.3084,34.833530
KADIK10k,0.925000,1.035653,-10.934106,77.9289,3.593255
KADIK10k,0.650000,3.353983,-2.298913,51.0822,7.306947
KADIK10k,0.417500,5.627474,1.777919,32.2142,9.725229
KADIK10k,0.400000,9.103605,4.662575,10.6135,12.736236
KADIK10k,0.292500,16.483175,10.568304,-23.6784,21.139563
KADIK10k,0.700000,4.577373,1.216989,34.2535,10.419276
KADIK10k,0.382500,8.624396,5.524704,1.8531,12.677205
KADIK10k,0.257500,12.562998,9.678394,-20.8480,18.767735
KADIK10k,0.157500,21.456970,18.141928,-54.4501,30.557953
KADIK10k,0.132500,28.550637,25.765738,-62.9492,29.772205
KADIK10k,0.917500,1.119357,-10.382545,71.9345,13.877153
KADIK10k,0.817500,2.652895,-3.465653,43.2981,27.714769
KADIK10k,0.682500,6.862364,-2.206390,-9.3774,56.605881
KADIK10k,0.382500,16.913392,-4.268058,-57.5864,100.130692
KADIK10k,0.157500,38.288940,-3.749253,-73.3924,155.041168
KADIK10k,0.907500,0.520115,-13.654387,84.2000,6.830739
KADIK10k,0.917500,1.202516,-9.884278,67.4606,14.187121
KADIK10k,0.867500,2.891411,-2.583345,30.3717,27.476824
KADIK10k,0.675000,8.566831,-2.705644,-40.0961,55.199558
KADIK10k,0.367500,31.679652,0.145733,-74.8489,99.570480
KADIK10k,0.850000,4.192599,-0.604052,38.5640,29.118671
KADIK10k,0.875000,1.895145,-7.956505,69.7863,14.561264
KADIK10k,0.950000,0.000000,-16.515871,100.0000,0.000000
KADIK10k,0.882500,2.690735,-4.553200,38.5921,16.605818
KADIK10k,0.782500,6.745188,-1.483819,-22.0226,31.537722
KADIK10k,0.925000,1.360556,-9.577801,79.3050,4.013259
KADIK10k,0.857500,2.606372,-3.690199,60.0198,9.142485
KADIK10k,0.792500,3.105055,-1.960662,59.3421,7.029309
KADIK10k,0.217500,5.770096,2.685105,29.3931,17.638012
KADIK10k,0.087500,9.481817,8.383080,-3.5111,30.178400
KADIK10k,0.892500,3.714805,-1.993134,40.8947,69.812004
KADIK10k,0.850000,4.905511,1.251622,24.5374,48.375458
KADIK10k,0.625000,7.200044,5.945427,4.0609,71.117180
KADIK10k,0.742500,8.785971,6.374898,-1.5860,82.932327
KADIK10k,0.650000,8.544738,7.264500,-6.0649,66.047424
KADIK10k,0.767500,3.487267,-4.045841,54.4313,20.060085
KADIK10k,0.625000,3.619843,-3.501552,51.6812,18.456287
KADIK10k,0.532500,3.481399,-3.585351,54.4166,18.791067
KADIK10k,0.482500,3.527810,-3.705223,52.5389,19.708635
KADIK10k,0.157500,7.681006,3.901111,12.3033,34.669128
KADIK10k,0.407500,3.517039,-0.243456,40.1522,9.898626
KADIK10k,0.482500,5.131733,1.426813,24.8294,12.046764
KADIK10k,0.375000,7.298159,3.601571,6.6006,15.871845
KADIK10k,0.282500,9.637889,5.824975,-9.1662,22.066177
KADIK10k,0.150000,13.891626,9.916740,-32.6875,29.377310
KADIK10k,0.457500,17.088230,10.528186,-51.4142,136.848648
KADIK10k,0.450000,17.791033,17.259087,-40.9015,98.021301
KADIK10k,0.317500,27.974817,22.925518,-63.8439,162.888489
KADIK10k,0.257500,21.246725,22.411360,-57.4793,92.159111
KADIK10k,0.292500,24.960507,22.515255,-62.8013,90.670006
KADIK10k,0.775000,4.980533,1.064646,38.5418,18.822506
KADIK10k,0.450000,10.107447,7.361128,-2.1030,31.929739
KADIK10k,0.367500,14.355153,12.108095,-26.8419,39.582127
KADIK10k,0.150000,23.874906,22.512434,-55.7408,59.073288
KADIK10k,0.075000,35.562283,35.065437,-64.0673,74.536201
KADIK10k,0.717500,17.823962,8.385584,-46.5651,29.325769
KADIK10k,0.750000,11.512978,4.713568,-14.5597,21.974369
KADIK10k,0.857500,5.862055,0.896554,31.7280,13.315893
KADIK10k,0.882500,5.519497,3.723960,28.2541,15.107574
KADIK10k,0.675000,15.506271,16.707355,-40.2841,31.871788
KADIK10k,0.932500,0.000000,-17.146063,100.0000,0.000000
KADIK10k,0.692500,1.057978,-9.798050,79.2841,2.459466
KADIK10k,0.232500,4.727095,2.124786,41.8983,6.275829
KADIK10k,0.100000,11.556863,9.220793,-2.9407,11.872382
KADIK10k,0.050000,28.131652,30.323208,-62.3706,26.444893
KADIK10k,0.525000,2.299080,-3.457454,62.8691,4.112484
KADIK10k,0.282500,6.118997,3.431174,32.0872,7.287157
KADIK10k,0.092500,14.393342,12.037253,-17.4448,14.947609
KADIK10k,0.142500,21.539876,21.137758,-49.9822,22.364489
KADIK10k,0.017500,28.101313,30.192186,-62.3183,27.554039
KADIK10k,0.875000,0.000000,-17.146063,100.0000,0.000000
KADIK10k,0.667500,1.769964,-5.779099,69.1243,3.684757
KADIK10k,0.282500,5.042950,2.488945,39.1803,7.663934
KADIK10k,0.167500,8.485047,5.885375,14.2419,12.871017
KADIK10k,0.075000,11.859451,9.505739,-8.0487,21.796059
KADIK10k,0.817500,0.824941,-16.041927,78.9514,3.719996
KADIK10k,0.400000,8.624982,8.223829,-7.6019,22.294855
KADIK10k,0.150000,16.745807,18.429474,-47.6616,40.332249
KADIK10k,0.167500,21.231774,22.956928,-57.7718,61.785351
KADIK10k,0.117500,27.732607,30.276838,-63.5788,70.566162
KADIK10k,0.652500,5.514136,1.840910,39.5815,11.121678
KADIK10k,0.200000,10.119746,8.124166,7.6198,19.269245
KADIK10k,0.117500,16.115504,15.539212,-27.4096,24.587967
KADIK10k,0.125000,17.911359,17.951668,-34.5073,26.105726
KADIK10k,0.100000,18.957160,18.320110,-36.0780,32.047333
KADIK10k,0.725000,3.470743,-2.973956,52.8164,9.059918
KADIK10k,0.707500,3.966283,-1.498114,46.0478,12.812327
KADIK10k,0.692500,5.509321,0.232329,33.7308,13.103737
KADIK10k,0.425000,10.042485,6.552881,-0.5829,16.050962
KADIK10k,0.325000,14.478954,7.969666,-27.1618,30.116430
KADIK10k,0.467500,7.186143,2.988853,1.4412,42.777485
KADIK10k,0.432500,12.366557,7.873590,-33.6073,60.764751
KADIK10k,0.317500,15.766867,10.785731,-47.0441,69.986771
KADIK10k,0.267500,19.540743,14.058726,-56.5329,79.233925
KADIK10k,0.325000,34.863599,28.222103,-64.3883,79.622421
KADIK10k,0.842500,0.000000,-17.146063,100.0000,0.000000
KADIK10k,0.525000,5.204925,2.083003,25.6707,15.925914
KADIK10k,0.367500,9.269407,9.150648,-10.5804,24.791847
KADIK10k,0.145000,20.405313,23.198298,-55.8367,42.897060
KADIK10k,0.150000,30.336890,33.662167,-64.1299,67.269325
KADIK10k,0.775000,3.118471,-2.634606,55.8356,6.149703
KADIK10k,0.582500,5.828752,2.722013,32.6342,8.257894
KADIK10k,0.407500,8.004003,5.050886,15.8948,9.973831
KADIK10k,0.192500,14.089340,12.218601,-19.2604,14.301703
KADIK10k,0.042500,25.453602,26.388683,-57.0874,22.962223
KADIK10k,0.732500,2.725939,-4.460323,60.2935,4.717984
KADIK10k,0.842500,3.117946,-3.715479,57.0228,4.868757
KADIK10k,0.667500,4.488295,-0.502328,45.4061,6.646348
KADIK10k,0.232500,13.723500,12.490858,-16.0992,13.146912
KADIK10k,0.057500,23.262165,23.087748,-51.8005,19.454037
KADIK10k,0.825000,1.883900,-5.904181,67.8153,4.455675
KADIK10k,0.582500,2.976458,-3.085642,55.5654,6.356009
KADIK10k,0.500000,3.843448,-1.352461,47.1782,7.269214
KADIK10k,0.382500,5.511086,2.319811,33.7361,9.001360
KADIK10k,0.275000,8.532243,5.284548,13.3509,12.308363
KADIK10k,0.917500,0.819319,-11.441913,82.8886,2.549046
KADIK10k,0.692500,2.302263,-4.584095,62.4355,5.241849
KADIK10k,0.457500,3.672824,-1.710303,48.6145,6.803623
KADIK10k,0.425000,5.800178,2.755511,31.0910,9.397815
KADIK10k,0.300000,7.602736,4.528779,17.8258,11.975678
KADIK10k,0.742500,1.610872,-11.043800,59.5498,13.964634
KADIK10k,0.392500,3.073845,-6.990596,31.9846,13.975686
KADIK10k,0.457500,4.036780,-3.968570,22.4686,17.796223
KADIK10k,0.355000,6.323096,0.151129,-1.9126,26.285749
KADIK10k,0.337500,7.867273,2.683110,-14.1216,25.580276
KADIK10k,0.832500,0.949008,-10.634763,77.9913,3.823967
KADIK10k,0.525000,2.735241,-3.307391,53.6657,7.195075
KADIK10k,0.475000,4.365768,0.202753,37.6398,9.720628
KADIK10k,0.317500,6.838369,3.709003,19.1600,12.864429
KADIK10k,0.157500,11.821170,8.264284,-10.2357,17.281126
KADIK10k,0.592500,6.473369,3.863262,27.3939,6.450998
KADIK10k,0.392500,11.463680,8.828798,-4.6386,10.569713
KADIK10k,0.307500,14.848218,12.882493,-22.7500,13.147753
KADIK10k,0.150000,19.446870,17.994629,-41.7359,18.189724
KADIK10k,0.125000,24.477896,23.644459,-53.6111,21.908161
KADIK10k,0.875000,1.591413,-7.813508,70.9217,8.715770
KADIK10k,0.742500,3.710868,-2.040725,40.0544,16.795671
KADIK10k,0.507500,9.840442,-0.076758,-19.2798,33.515011
KADIK10k,0.332500,26.038618,5.926384,-64.0487,58.416672
KADIK10k,0.142500,46.422390,12.412265,-93.9334,84.201103
KADIK10k,0.900000,0.746840,-13.036640,85.5741,4.236462
KADIK10k,0.875000,1.719353,-7.688685,70.2140,8.963737
KADIK10k,0.782500,4.055726,-1.656197,37.2832,17.818752
KADIK10k,0.582500,11.147026,0.745917,-27.4238,36.239010
KADIK10k,0.217500,35.739392,9.305094,-66.1745,69.225662
KADIK10k,0.825000,6.672000,0.152038,22.2948,21.972574
KADIK10k,0.882500,2.772146,-5.060799,65.8363,11.638202
KADIK10k,0.882500,0.000000,-17.146063,100.0000,0.000000
KADIK10k,0.857500,3.340037,-3.552510,61.1351,9.290739
KADIK10k,0.700000,7.660504,0.986818,19.8313,17.743799
KADIK10k,0.792500,1.655434,-7.406193,78.8260,4.266048
KADIK10k,0.707500,4.333124,1.060874,48.1499,9.848313
KADIK10k,0.607500,6.419381,4.604607,30.8913,10.055470
KADIK10k,0.207500,12.043258,9.346035,-3.5192,14.310894
KADIK10k,0.067500,20.081844,17.727381,-42.0473,23.882963
KADIK10k,0.850000,5.350178,1.817800,21.4620,60.909271
KADIK10k,0.842500,6.265976,2.654013,8.6737,60.832180
KADIK10k,0.775000,9.411259,6.796713,-12.2110,66.468269
KADIK10k,0.682500,10.054952,7.514083,-17.7426,72.235725
KADIK10k,0.575000,11.629745,9.049668,-31.4512,66.780891
KADIK10k,0.707500,9.762507,5.037655,6.3583,18.163963
KADIK10k,0.625000,10.989787,5.977911,-3.9478,18.611477
KADIK10k,0.517500,10.145709,5.262514,-0.9278,23.103563
KADIK10k,0.542500,12.023459,6.867588,-3.7415,23.461828
KADIK10k,0.142500,25.333821,18.509956,-56.6233,38.877010
KADIK10k,0.925000,1.034718,-10.484563,78.0639,5.189190
KADIK10k,0.832500,1.485125,-7.882031,70.6570,6.709599
KADIK10k,0.807500,2.220762,-4.796173,61.0367,9.132619
KADIK10k,0.775000,3.183581,-2.313096,51.5053,12.309278
KADIK10k,0.600000,6.763062,2.687332,16.5921,20.925207
KADIK10k,0.347500,9.244554,10.116776,-16.6066,36.505455
KADIK10k,0.332500,11.272296,10.307437,-11.8282,52.108028
KADIK10k,0.292500,21.159176,16.584093,-53.6336,66.391418
KADIK10k,0.257500,25.785563,20.365189,-61.3168,90.909737
KADIK10k,0.207500,26.661648,21.175707,-63.2879,104.422737
KADIK10k,0.517500,10.508663,4.427679,0.9588,16.251760
KADIK10k,0.300000,20.636526,12.602650,-46.1811,28.067297
KADIK10k,0.217500,28.269152,18.348175,-60.5474,38.007957
KADIK10k,0.057500,42.063217,27.497213,-64.3419,59.045307
KADIK10k,0.025000,54.370133,34.162125,-75.8970,83.764282
KADIK10k,0.517500,19.619870,8.582067,-25.8482,21.128635
KADIK10k,0.657500,12.770744,4.254618,4.7953,15.071804
KADIK10k,0.807500,6.645104,0.511431,42.7180,8.825267
KADIK10k,0.775000,5.330677,2.537806,35.7385,9.130575
KADIK10k,0.642500,14.627684,13.766045,-32.9542,18.706753
KADIK10k,0.932500,0.000000,-16.615461,100.0000,0.000000
KADIK10k,0.882500,0.788548,-11.160539,81.5790,2.360489
KADIK10k,0.450000,3.426283,0.622429,48.4733,6.982897
KADIK10k,0.167500,8.578297,7.034551,8.6059,13.525344
KADIK10k,0.057500,19.933220,22.402477,-50.3960,26.651838
KADIK10k,0.725000,1.658350,-5.988689,67.4594,4.300100
KADIK10k,0.392500,4.383303,2.254656,39.9946,8.015153
KADIK10k,0.192500,10.744325,9.370184,-4.4944,17.057272
KADIK10k,0.067500,15.754326,16.427071,-34.4705,23.353561
KADIK10k,0.082500,20.107010,22.715967,-50.9895,27.586555
KADIK10k,0.917500,0.000000,-16.615461,100.0000,0.000000
KADIK10k,0.800000,1.575173,-6.437582,67.7441,5.486806
KADIK10k,0.475000,2.873160,-1.123286,52.0751,7.109758
KADIK10k,0.292500,5.702896,3.856779,31.1188,11.085937
KADIK10k,0.100000,9.491352,8.336298,-1.3005,23.718451
KADIK10k,0.907500,0.820206,-16.401487,81.8646,5.027960
KADIK10k,0.482500,9.048312,6.931228,-4.1895,38.165897
KADIK10k,0.232500,24.715640,23.029682,-60.2337,59.566936
KADIK10k,0.132500,38.459321,32.941162,-64.4760,100.115501
KADIK10k,0.067500,48.441946,35.481094,-82.0445,120.274506
KADIK10k,0.907500,2.799138,-4.601932,58.8920,11.013227
KADIK10k,0.375000,8.725222,7.313474,5.5554,23.254906
KADIK10k,0.182500,13.653274,13.610586,-18.5281,35.528996
KADIK10k,0.157500,15.432659,15.913239,-28.5378,36.378216
KADIK10k,0.207500,15.026145,15.247805,-28.1012,38.218922
KADIK10k,0.657500,3.304659,-1.571031,53.7223,7.062462
KADIK10k,0.707500,3.868264,-0.109195,47.8535,8.778090
KADIK10k,0.700000,4.884167,1.088204,41.2979,9.968341
KADIK10k,0.532500,8.807789,5.125310,14.0537,17.531460
KADIK10k,0.257500,17.402127,11.570642,-33.6902,23.631847
KADIK10k,0.567500,12.415842,5.551900,-37.7450,69.974487
KADIK10k,0.317500,21.009756,11.733255,-60.6811,94.646538
KADIK10k,0.307500,25.999144,15.118564,-63.9042,106.392456
KADIK10k,0.332500,31.265656,18.477123,-64.2377,118.160973
KADIK10k,0.207500,46.680296,34.222797,-89.2137,130.377350
KADIK10k,0.932500,0.000000,-16.615461,100.0000,0.000000
KADIK10k,0.507500,5.600378,2.398253,18.8512,32.760189
KADIK10k,0.332500,10.037567,8.002514,-11.3703,38.087479
KADIK10k,0.157500,27.205987,24.864359,-61.6815,58.642399
KADIK10k,0.067500,52.234536,42.418400,-87.8257,120.271339
KADIK10k,0.925000,0.963423,-11.515388,79.2459,2.513180
KADIK10k,0.867500,2.400759,-4.252670,59.3593,5.121117
KADIK10k,0.757500,3.533239,-0.627663,46.7357,6.880019
KADIK10k,0.242500,8.339401,6.443179,5.8853,12.709964
KADIK10k,0.032500,17.973529,18.792606,-44.0243,21.290236
KADIK10k,0.767500,2.580622,-4.527109,58.4399,4.402320
KADIK10k,0.807500,2.948466,-3.615218,53.9835,6.027971
KADIK10k,0.600000,4.266035,-0.033351,39.7444,6.328385
KADIK10k,0.142500,14.185398,12.982547,-32.6032,12.047434
KADIK10k,0.042500,22.622670,22.353123,-58.2100,20.536882
KADIK10k,0.525000,3.297525,-2.925546,52.2690,5.583845
KADIK10k,0.475000,5.504663,1.179195,33.5732,8.064269
KADIK10k,0.457500,7.304536,3.352177,20.7452,8.928839
KADIK10k,0.317500,10.342012,5.913187,3.2323,11.357419
KADIK10k,0.200000,15.801239,10.634254,-23.3298,15.428878
KADIK10k,0.757500,1.262854,-9.513355,75.4620,3.183173
KADIK10k,0.500000,4.144971,-0.958639,44.8968,6.610862
KADIK10k,0.400000,6.823962,2.849682,24.2608,8.329725
KADIK10k,0.332500,11.036129,6.661324,0.2091,11.319674
KADIK10k,0.275000,14.097459,9.211299,-16.0019,13.628426
KADIK10k,0.642500,2.172528,-8.650605,44.2632,14.065500
KADIK10k,0.425000,4.971869,-0.735958,4.5604,22.623556
KADIK10k,0.325000,7.316164,3.315861,-14.2097,22.275969
KADIK10k,0.292500,11.342077,6.986889,-38.9011,28.653919
KADIK10k,0.242500,13.783631,9.225665,-47.6162,29.531717
KADIK10k,0.875000,1.310288,-9.407120,74.5229,3.660750
KADIK10k,0.550000,4.281683,-0.490661,43.3935,7.129153
KADIK10k,0.367500,7.049788,3.186761,23.3061,10.667369
KADIK10k,0.267500,11.144986,6.862531,1.1102,13.321240
KADIK10k,0.217500,19.086835,13.704288,-33.3972,18.400652
KADIK10k,0.650000,5.586623,2.625403,28.9122,6.597677
KADIK10k,0.325000,9.787946,6.695826,-3.5531,10.320635
KADIK10k,0.257500,13.764835,11.309044,-26.3299,16.349724
KADIK10k,0.157500,22.257314,20.522627,-54.4499,23.567709
KADIK10k,0.092500,28.607485,26.827940,-62.4206,32.741314
KADIK10k,0.857500,1.308904,-9.148118,72.8124,12.114276
KADIK10k,0.792500,3.147816,-3.032069,44.1205,24.030279
KADIK10k,0.682500,8.651971,-1.675385,-10.4852,46.679993
KADIK10k,0.442500,22.851842,0.631634,-61.3483,82.074478
KADIK10k,0.182500,43.005747,3.338500,-76.8972,125.489822
KADIK10k,0.967500,0.631023,-12.810615,85.7761,5.597894
KADIK10k,0.825000,1.503920,-7.681501,70.5839,11.914876
KADIK10k,0.807500,3.631706,-1.892490,38.7543,22.879351
KADIK10k,0.602500,10.306573,0.076554,-25.4291,45.279896
KADIK10k,0.317500,30.365740,3.988709,-64.3618,87.643425
KADIK10k,0.832500,5.918995,-0.292478,36.1086,24.247383
KADIK10k,0.892500,2.458832,-6.158122,68.1534,12.281355
KADIK10k,0.932500,0.000000,-16.615461,100.0000,0.000000
KADIK10k,0.892500,3.027754,-1.890633,56.0553,12.518802
KADIK10k,0.700000,7.633831,1.802018,8.7315,23.756100
KADIK10k,0.907500,1.386994,-9.062407,81.4772,4.024383
KADIK10k,0.807500,2.598980,-3.365614,66.4125,5.361753
KADIK10k,0.607500,5.071757,2.386561,41.1211,9.233922
KADIK10k,0.157500,9.138121,7.345736,10.6836,15.892315
KADIK10k,0.050000,14.999496,14.412558,-26.3727,25.527670
KADIK10k,0.892500,2.752318,-1.990432,44.3205,29.024712
KADIK10k,0.867500,6.106606,3.992462,13.7945,70.397797
KADIK10k,0.857500,8.225934,6.850616,-2.9777,80.032524
KADIK10k,0.807500,8.661909,6.304713,-5.3482,69.643394
KADIK10k,0.742500,10.173202,9.472226,-19.6407,73.221581
KADIK10k,0.567500,6.028157,2.268435,26.8678,21.424141
KADIK10k,0.350000,8.557846,4.467421,9.3046,21.299633
KADIK10k,0.357500,7.979517,4.284062,11.6688,25.297625
KADIK10k,0.317500,8.060720,3.904435,12.4277,24.979315
KADIK10k,0.057500,17.508456,13.841938,-39.8080,46.627560
KADIK10k,0.702500,2.418262,-3.146958,53.9566,7.661923
KADIK10k,0.717500,3.377689,-0.423228,43.2239,11.519467
KADIK10k,0.492500,4.555096,0.916970,28.9883,12.689219
KADIK10k,0.507500,6.338549,2.265875,17.7976,13.606586
KADIK10k,0.275000,9.550049,5.151823,-7.9456,22.516623
KADIK10k,0.482500,11.412067,11.433288,-37.8186,81.496117
KADIK10k,0.257500,15.649227,16.783794,-48.3344,63.453445
KADIK10k,0.392500,21.951176,18.950790,-59.1528,103.618263
KADIK10k,0.242500,22.498318,20.120646,-59.2961,92.690193
KADIK10k,0.307500,26.986757,24.058819,-61.6811,117.382980
KADIK10k,0.667500,7.575215,4.296194,6.2958,17.189945
KADIK10k,0.407500,16.001291,13.011046,-46.1314,27.919140
KADIK10k,0.292500,23.314694,20.300489,-61.9312,37.864700
KADIK10k,0.125000,38.436271,34.818920,-65.4824,57.817314
KADIK10k,0.075000,54.281696,48.477768,-94.4384,78.951569
KADIK10k,0.557500,18.277880,8.082620,-26.8228,23.651644
KADIK10k,0.650000,11.627836,3.891714,4.2182,17.276392
KADIK10k,0.842500,5.887703,0.431175,42.4106,10.286262
KADIK10k,0.832500,5.143937,1.608089,38.6872,11.387742
KADIK10k,0.707500,14.244312,12.110456,-27.3046,23.826935
KADIK10k,0.900000,0.000000,-16.467381,100.0000,0.000000
KADIK10k,0.767500,0.888522,-10.716683,81.4540,2.802536
KADIK10k,0.375000,3.591464,0.916256,46.6164,7.347631
KADIK10k,0.192500,8.380419,6.347117,7.7195,11.313645
KADIK10k,0.087500,19.522519,21.911276,-53.2672,28.295256
KADIK10k,0.600000,1.826176,-5.210258,66.0944,4.667032
KADIK10k,0.267500,4.566076,1.984108,37.7812,7.741979
KADIK10k,0.192500,10.460944,8.588492,-5.6641,14.093757
KADIK10k,0.100000,15.322985,15.487134,-37.1196,24.379379
KADIK10k,0.067500,19.636439,22.011208,-53.6530,30.284603
KADIK10k,0.925000,0.000000,-16.467381,100.0000,0.000000
KADIK10k,0.642500,1.479401,-7.235032,71.3474,4.372412
KADIK10k,0.367500,3.762363,1.070029,45.0231,7.011804
KADIK10k,0.275000,5.391557,3.340759,31.4180,11.347491
KADIK10k,0.117500,9.434818,7.558709,-1.9571,15.785124
KADIK10k,0.867500,0.650391,-15.970439,81.5149,2.596044
KADIK10k,0.457500,10.379856,6.246160,-6.7568,38.871101
KADIK10k,0.250000,20.415157,16.685644,-49.7491,58.593719
KADIK10k,0.182500,26.191097,21.935806,-61.2197,95.130402
KADIK10k,0.150000,32.807345,25.369757,-64.2171,135.690552
KADIK10k,0.875000,3.186622,-3.187258,53.7660,11.332198
KADIK10k,0.192500,8.452517,6.425796,8.6370,29.188076
KADIK10k,0.242500,11.850921,10.722825,-16.2550,40.545898
KADIK10k,0.257500,13.742498,12.745303,-26.1946,42.832073
KADIK10k,0.150000,16.254349,15.619189,-37.7297,50.334480
KADIK10k,0.792500,4.848845,0.085352,39.0255,14.582587
KADIK10k,0.757500,5.421290,1.077630,34.0599,14.821319
KADIK10k,0.757500,7.519039,3.535605,16.5823,18.061075
KADIK10k,0.500000,11.020595,7.438922,-9.8472,18.460510
KADIK10k,0.225000,19.995395,13.921763,-53.0777,26.380426
KADIK10k,0.550000,7.396027,1.131417,-3.0419,58.457542
KADIK10k,0.382500,12.184058,4.557767,-33.5910,82.771591
KADIK10k,0.375000,15.031899,6.624833,-45.3397,95.336952
KADIK10k,0.400000,18.095397,8.881825,-54.0272,107.729340
KADIK10k,0.257500,27.151375,19.586348,-64.0112,120.984901
KADIK10k,0.882500,0.000000,-16.467381,100.0000,0.000000
KADIK10k,0.607500,5.879997,2.574335,21.8211,31.445299
KADIK10k,0.475000,10.958779,7.671916,-10.8052,38.925911
KADIK10k,0.250000,23.496481,20.525232,-56.8084,59.520966
KADIK10k,0.117500,36.478511,30.916471,-64.2661,119.040237
KADIK10k,0.907500,1.301274,-9.577808,74.4425,2.912704
KADIK10k,0.817500,3.176189,-0.769698,50.4098,4.601179
KADIK10k,0.775000,4.233406,1.454415,39.2875,6.735682
KADIK10k,0.317500,8.684286,7.107583,2.3872,9.524300
KADIK10k,0.100000,16.968543,17.971296,-41.2466,16.855684
KADIK10k,0.857500,2.740337,-3.587311,55.5009,3.833396
KADIK10k,0.792500,3.128420,-2.591288,51.4979,5.457324
KADIK10k,0.757500,4.589667,1.095920,35.4744,7.092612
KADIK10k,0.157500,16.294344,16.250574,-41.5607,13.832526
KADIK10k,0.040000,26.657558,27.916796,-62.3741,20.858894
KADIK10k,0.742500,3.333999,-2.570753,52.3343,5.715030
KADIK10k,0.475000,5.598764,1.607293,33.0089,7.676346
KADIK10k,0.450000,7.407529,3.520609,20.4090,8.656483
KADIK10k,0.367500,10.476864,6.215197,2.1253,10.757499
KADIK10k,0.282500,16.179413,11.085268,-25.7975,16.116631
KADIK10k,0.882500,1.287418,-9.151093,75.5136,3.222272
KADIK10k,0.550000,4.238509,-0.387726,44.0907,6.223353
KADIK10k,0.500000,7.004975,3.240414,23.3539,8.315716
KADIK10k,0.392500,11.244542,6.959289,-1.8770,11.180379
KADIK10k,0.282500,14.360967,9.605238,-16.2183,14.001333
KADIK10k,0.642500,2.627431,-7.573875,26.3488,17.968218
KADIK10k,0.417500,5.919987,0.902670,-22.5458,22.189253
KADIK10k,0.317500,9.157097,4.720794,-44.3848,23.679760
KADIK10k,0.350000,13.779325,8.962715,-59.5159,30.016685
KADIK10k,0.232500,17.317367,12.180750,-63.3756,33.529964
KADIK10k,0.892500,0.970075,-11.071967,78.1339,3.948677
KADIK10k,0.700000,3.076937,-3.003036,52.3903,8.163916
KADIK10k,0.450000,5.168724,1.502357,34.7581,10.973464
KADIK10k,0.407500,8.175348,4.672803,14.2280,13.905500
KADIK10k,0.307500,14.279632,9.865659,-16.5451,19.754280
KADIK10k,0.532500,6.796137,4.002143,17.0852,7.402740
KADIK10k,0.307500,11.695212,8.669897,-16.0380,12.452636
KADIK10k,0.182500,15.687689,12.455217,-35.3257,17.037514
KADIK10k,0.092500,24.197536,21.722107,-57.9148,25.184761
KADIK10k,0.107500,30.918003,28.454491,-63.7188,27.142277
KADIK10k,0.857500,1.530912,-8.477153,70.9553,11.895145
KADIK10k,0.767500,3.523274,-2.314285,41.0394,23.048822
KADIK10k,0.675000,8.772138,-2.066678,-11.8361,45.412659
KADIK10k,0.550000,20.234645,-1.592919,-58.2232,78.152054
KADIK10k,0.400000,37.439806,-4.411335,-65.5019,122.472527
KADIK10k,0.925000,0.623465,-12.953474,85.6882,5.598186
KADIK10k,0.917500,1.513330,-7.925532,68.7754,11.940392
KADIK10k,0.900000,3.807926,-0.993561,31.2934,23.046347
KADIK10k,0.582500,11.924947,4.205279,-40.8660,45.588039
KADIK10k,0.092500,43.802094,20.955303,-96.9334,79.507698
KADIK10k,0.807500,4.314327,-0.656420,41.7411,24.726667
KADIK10k,0.900000,1.835388,-7.811901,72.1447,12.735677
KADIK10k,0.920000,0.000000,-16.467381,100.0000,0.000000
KADIK10k,0.817500,2.608044,-3.510317,38.2759,12.738926
KADIK10k,0.617500,7.282656,0.762417,-21.6554,24.623344
KADIK10k,0.825000,1.262864,-9.556174,74.8637,5.330967
KADIK10k,0.807500,1.633843,-7.385233,72.8703,4.424491
KADIK10k,0.532500,4.060170,0.824273,41.8586,8.626156
KADIK10k,0.217500,7.961984,5.857196,10.8707,13.245268
KADIK10k,0.100000,13.948384,12.449505,-27.0836,20.856838
KADIK10k,0.867500,4.479772,1.212484,26.4165,38.759129
KADIK10k,0.917500,6.292745,5.003673,4.1151,45.103493
KADIK10k,0.792500,7.461178,5.989056,-7.6121,81.592476
KADIK10k,0.792500,7.845271,5.121066,-7.0648,58.526512
KADIK10k,0.757500,10.195060,8.744248,-23.6933,63.463455
KADIK10k,0.875000,7.006756,3.825747,16.8737,16.917877
KADIK10k,0.725000,6.936498,3.369930,15.5534,18.030361
KADIK10k,0.617500,6.818281,3.270983,13.7335,18.094505
KADIK10k,0.482500,8.504417,5.240682,2.4987,18.885433
KADIK10k,0.117500,16.635999,13.018455,-42.0225,32.916451
KADIK10k,0.775000,2.287240,-3.977127,59.2622,7.928545
KADIK10k,0.632500,3.710887,0.257222,40.8415,11.321553
KADIK10k,0.525000,6.330109,2.926011,19.7044,18.696953
KADIK10k,0.375000,10.810243,7.179529,-9.1953,19.334139
KADIK10k,0.317500,20.325146,15.065461,-50.2585,22.235533
KADIK10k,0.232500,13.768425,11.487335,-31.3132,44.239742
KADIK10k,0.157500,19.541380,16.326210,-56.4533,92.842735
KADIK10k,0.375000,23.546892,17.017374,-59.4959,119.858513
KADIK10k,0.267500,29.117554,24.975582,-64.0473,99.422890
KADIK10k,0.150000,29.132095,24.733494,-63.8540,123.505898
KADIK10k,0.575000,7.724343,4.095569,1.5599,16.536499
KADIK10k,0.375000,16.105082,13.321242,-48.0548,28.778135
KADIK10k,0.207500,22.864636,20.530058,-61.9652,37.958759
KADIK10k,0.150000,36.847080,34.593952,-65.4874,51.549530
KADIK10k,0.032500,52.269839,49.939220,-111.5951,69.895264
KADIK10k,0.575000,15.512585,5.280728,-40.9208,24.208818
KADIK10k,0.642500,9.799987,2.317052,-8.0763,17.188337
KADIK10k,0.825000,4.913043,-0.289302,36.3918,10.064816
KADIK10k,0.682500,4.612330,0.855446,36.2011,10.567497
KADIK10k,0.457500,12.891675,10.111776,-29.0105,21.417330
KADIK10k,0.882500,0.000000,-17.567266,100.0000,0.000000
KADIK10k,0.717500,1.147268,-9.167008,76.5453,3.230623
KADIK10k,0.350000,5.022058,2.399199,34.6170,7.976737
KADIK10k,0.167500,12.914979,10.335889,-16.3556,14.390356
KADIK10k,0.042500,33.888641,34.344563,-64.2274,36.457611
KADIK10k,0.532500,2.450431,-3.362084,58.4139,5.662221
KADIK10k,0.250000,6.483638,3.763782,23.8473,9.087967
KADIK10k,0.057500,16.419985,13.757495,-31.7109,19.373173
KADIK10k,0.092500,25.786839,24.387310,-59.7974,31.718010
KADIK10k,0.050000,34.434130,34.990261,-64.2291,39.595592
KADIK10k,0.882500,0.000000,-17.567266,100.0000,0.000000
KADIK10k,0.675000,2.090838,-4.662253,62.9512,5.291728
KADIK10k,0.265000,5.183517,2.611692,32.6215,9.393538
KADIK10k,0.150000,8.676367,5.900888,10.3232,15.460499
KADIK10k,0.092500,17.629311,15.645263,-40.5905,26.678423
KADIK10k,0.875000,0.792673,-16.071739,77.3595,1.005335
KADIK10k,0.407500,7.201582,2.813377,13.4550,16.981354
KADIK10k,0.182500,12.037866,6.605287,-20.9177,26.202642
KADIK10k,0.132500,14.184930,7.865971,-30.6459,27.839256
KADIK10k,0.075000,17.216406,9.460623,-43.1277,31.838068
KADIK10k,0.500000,8.706101,6.104537,18.6572,19.618855
KADIK10k,0.292500,15.309148,13.572608,-18.1950,31.774506
KADIK10k,0.100000,26.929086,25.988991,-57.2007,44.918598
KADIK10k,0.042500,29.276909,28.933136,-60.7134,45.354153
KADIK10k,0.050000,33.842439,33.379322,-63.7361,47.163113
KADIK10k,0.862500,3.246533,-4.616928,59.8908,6.246115
KADIK10k,0.765000,4.154150,-2.662555,54.4625,9.011956
KADIK10k,0.750000,4.500319,-1.610232,49.1350,9.292132
KADIK10k,0.567500,7.003940,2.210676,30.9442,13.683942
KADIK10k,0.340000,11.538588,7.313426,-9.3304,16.980944
KADIK10k,0.350000,3.387275,-7.114998,32.7601,9.946321
KADIK10k,0.217500,5.800548,-2.942032,7.8795,13.437357
KADIK10k,0.417500,7.259322,-1.960673,-3.9346,15.168921
KADIK10k,0.342500,8.831690,-0.930489,-14.7666,16.886799
KADIK10k,0.232500,16.348198,7.687076,-47.5887,22.638401
KADIK10k,0.867500,0.000000,-17.567266,100.0000,0.000000
KADIK10k,0.625000,4.207122,-0.260673,32.5114,10.513413
KADIK10k,0.532500,7.333646,3.741271,6.8704,16.747885
KADIK10k,0.387500,11.395773,7.126184,-15.1339,21.758156
KADIK10k,0.150000,13.640594,8.761068,-23.4009,25.278246
KADIK10k,0.782500,3.238036,-2.713356,55.9599,4.718360
KADIK10k,0.517500,6.728935,4.002273,28.1384,8.426419
KADIK10k,0.400000,8.340262,5.694005,16.9265,9.090464
KADIK10k,0.107500,15.906627,13.981747,-25.2129,15.940431
KADIK10k,0.025000,30.313917,28.564213,-62.1355,32.459091
KADIK10k,0.875000,2.440695,-5.326576,62.0862,3.960903
KADIK10k,0.825000,2.770383,-4.645337,59.2592,4.318345
KADIK10k,0.750000,3.906845,-2.210589,49.5787,5.303748
KADIK10k,0.415000,11.849221,9.845291,-5.3500,10.521398
KADIK10k,0.232500,20.142131,18.516203,-40.9554,15.171881
KADIK10k,0.870000,1.594826,-8.156995,74.9189,3.110329
KADIK10k,0.750000,2.433409,-5.842281,65.2843,4.514912
KADIK10k,0.707500,3.105440,-4.426329,58.3422,4.929554
KADIK10k,0.517500,4.280151,-1.978439,48.0799,6.116109
KADIK10k,0.382500,6.600871,3.047616,30.8678,9.477227
KADIK10k,0.907500,0.726007,-12.633785,86.2115,1.627454
KADIK10k,0.850000,1.864613,-7.373468,71.1657,3.674351
KADIK10k,0.732500,2.916926,-4.816125,60.3156,5.168011
KADIK10k,0.582500,4.478883,-1.663320,45.7513,6.789606
KADIK10k,0.492500,5.877488,1.401935,35.2458,7.935758
KADIK10k,0.825000,1.482417,-12.069599,63.8123,9.604383
KADIK10k,0.707500,2.736161,-8.411386,44.7360,13.296556
KADIK10k,0.507500,3.563600,-5.809332,34.6264,14.616791
KADIK10k,0.432500,5.197868,-2.643633,14.9298,24.515739
KADIK10k,0.292500,6.813819,0.416832,-1.1262,20.530691
KADIK10k,0.850000,0.783930,-12.300064,82.7996,2.582525
KADIK10k,0.867500,2.054339,-5.879421,65.1162,5.237038
KADIK10k,0.625000,3.243718,-3.159345,53.6469,6.500549
KADIK10k,0.547500,4.861886,0.697740,39.8616,8.435743
KADIK10k,0.367500,8.397871,5.654393,16.1685,11.359769
KADIK10k,0.592500,6.478401,4.286514,31.3761,7.579999
KADIK10k,0.392500,10.662301,8.623466,2.8338,10.054275
KADIK10k,0.300000,13.752204,12.120146,-14.0746,13.149366
KADIK10k,0.217500,19.073769,17.909369,-37.4352,15.933942
KADIK10k,0.175000,23.293262,22.740604,-50.4719,19.645910
KADIK10k,0.825000,1.667460,-8.186336,74.8974,8.185133
KADIK10k,0.800000,3.740393,-2.652269,49.0517,16.011497
KADIK10k,0.575000,9.149510,-0.909496,-1.6808,31.003628
KADIK10k,0.275000,21.582679,1.539508,-55.6330,52.690094
KADIK10k,0.142500,39.564641,6.140146,-66.0101,75.071213
KADIK10k,0.900000,0.790461,-13.096751,86.8232,3.932528
KADIK10k,0.900000,1.781100,-7.724405,73.3637,8.317170
KADIK10k,0.832500,4.090685,-2.043399,45.4275,16.389942
KADIK10k,0.725000,10.658515,0.106468,-12.2786,32.913151
KADIK10k,0.375000,31.322874,5.168403,-64.1253,60.650658
KADIK10k,0.857500,6.517878,-0.571098,36.4491,16.729338
KADIK10k,0.875000,3.161157,-5.188727,67.4677,9.019790
KADIK10k,0.852500,0.000000,-17.567266,100.0000,0.000000
KADIK10k,0.807500,4.092508,-2.812030,62.7093,8.769366
KADIK10k,0.717500,8.878133,0.792504,25.4057,16.911146
KADIK10k,0.775000,3.048341,-1.891356,62.1672,7.406883
KADIK10k,0.782500,4.513575,1.127296,47.1321,6.543654
KADIK10k,0.475000,9.210700,7.917587,5.5130,14.253389
KADIK10k,0.117500,16.930366,15.156089,-33.3782,20.189854
KADIK10k,0.050000,24.410622,22.299044,-56.2641,31.650530
KADIK10k,0.842500,6.697599,2.318531,9.0003,65.611694
KADIK10k,0.750000,8.970984,5.838540,-10.6436,82.240059
KADIK10k,0.792500,10.858645,7.295451,-22.1990,73.888069
KADIK10k,0.592500,12.893457,9.099298,-35.9484,77.961380
KADIK10k,0.482500,14.341380,8.955039,-41.2206,71.385452
KADIK10k,0.550000,11.115762,5.781299,1.5324,23.446697
KADIK10k,0.292500,12.940715,7.298060,-8.3419,29.430754
KADIK10k,0.325000,11.844040,6.296864,-2.4671,32.249130
KADIK10k,0.292500,13.514253,7.600207,-10.1595,28.365606
KADIK10k,0.042500,27.420066,17.617273,-58.3906,61.880753
KADIK10k,0.882500,0.916595,-11.924191,81.8067,4.848188
KADIK10k,0.875000,1.268580,-9.939371,77.7570,6.351092
KADIK10k,0.817500,1.831630,-7.915668,72.4053,7.880029
KADIK10k,0.857500,2.791989,-5.151308,64.2271,9.465806
KADIK10k,0.775000,5.949344,0.308877,48.3711,14.076504
KADIK10k,0.315000,11.312313,12.082896,-23.7724,72.026787
KADIK10k,0.292500,18.334641,16.198252,-54.2956,69.474220
KADIK10k,0.392500,19.825758,15.409863,-60.7217,69.836288
KADIK10k,0.317500,18.188237,13.215617,-54.9986,85.584686
KADIK10k,0.282500,24.142545,20.073650,-62.1262,103.155235
KADIK10k,0.507500,12.124283,4.209680,-3.5488,16.575119
KADIK10k,0.225000,21.364023,10.156021,-43.2296,27.584253
KADIK10k,0.257500,27.596678,13.900365,-56.8842,35.657696
KADIK10k,0.075000,37.630809,19.445648,-64.1042,46.929657
KADIK10k,0.057500,45.522876,23.540174,-64.7225,58.584976
KADIK10k,0.517500,22.374459,8.984236,-23.7064,20.606359
KADIK10k,0.717500,14.941931,4.804688,4.9143,14.632366
KADIK10k,0.837500,7.925194,0.754931,42.2428,8.286008
KADIK10k,0.832500,5.451832,3.059260,33.8092,7.143246
KADIK10k,0.517500,14.937693,14.426838,-34.5776,14.581997
TID2013,0.612699,1.363129,-7.747185,73.8304,3.265363
TID2013,0.618619,2.213183,-4.952356,63.0180,4.380494
TID2013,0.549382,3.649080,-0.499639,47.8655,6.283382
TID2013,0.486487,5.836579,3.618185,28.5103,7.958548
TID2013,0.429429,9.364938,8.644839,4.3669,10.759352
TID2013,0.669841,0.777327,-10.895107,83.1861,2.336830
TID2013,0.678679,1.222728,-8.579765,76.5730,3.393629
TID2013,0.598766,2.016733,-5.522499,66.2415,4.483410
TID2013,0.523810,3.204235,-1.581678,53.5679,5.970558
TID2013,0.484568,5.222916,2.866354,36.0466,8.360745
TID2013,0.530159,3.330869,-0.860914,49.9844,5.972013
TID2013,0.474474,5.466630,2.891563,26.4010,8.499222
TID2013,0.411411,8.675760,6.969738,0.4877,11.985540
TID2013,0.354938,14.081800,13.405935,-30.9030,15.921842
TID2013,0.301588,21.732894,22.180555,-54.8134,27.514950
TID2013,0.663492,0.754423,-11.353527,84.3763,2.775212
TID2013,0.639640,1.164338,-9.044732,78.4813,3.869868
TID2013,0.585586,1.839459,-6.994627,69.8143,6.470110
TID2013,0.582582,2.829106,-3.569529,58.0245,9.736470
TID2013,0.523810,4.673858,2.623270,36.4226,14.654013
TID2013,0.657658,0.856702,-9.969288,79.6508,3.218950
TID2013,0.633633,1.354795,-7.400445,71.8972,4.280822
TID2013,0.564814,2.963273,-1.969231,53.6689,6.928695
TID2013,0.459877,6.621108,5.343167,24.6824,11.563253
TID2013,0.348766,14.707242,19.270689,-23.0337,21.274321
TID2013,0.444444,2.589064,-6.399085,38.6120,16.877851
TID2013,0.432432,3.738730,-2.356696,24.8781,17.513548
TID2013,0.414414,5.061183,1.152685,11.0875,19.084044
TID2013,0.387301,7.790538,5.672727,-11.5316,21.763515
TID2013,0.327160,11.695647,10.842842,-34.1808,26.453409
TID2013,0.564814,2.199524,-4.704547,62.9919,5.560222
TID2013,0.527778,3.786140,1.139997,47.0292,10.628257
TID2013,0.444444,7.280876,5.050968,21.6118,12.211035
TID2013,0.358024,10.695954,8.503941,-8.1605,12.296122
TID2013,0.243827,21.449881,20.929909,-49.8186,21.961224
TID2013,0.576577,1.290889,-7.634199,77.9053,4.414849
TID2013,0.496913,2.961073,-0.298202,59.7405,7.701605
TID2013,0.387388,7.051462,4.636140,31.1381,13.069441
TID2013,0.333333,15.119596,13.266223,-9.4881,21.201633
TID2013,0.234568,27.527137,29.648911,-54.6361,31.200058
TID2013,0.675926,1.822399,-5.598397,67.6635,2.789876
TID2013,0.574074,3.078241,-1.183483,53.0177,4.457809
TID2013,0.492063,6.466030,4.104201,21.1826,6.934979
TID2013,0.312312,13.874345,12.590251,-24.1002,11.505437
TID2013,0.171171,30.395529,35.557503,-62.6128,19.958176
TID2013,0.663663,0.999408,-10.537836,77.3171,2.309902
TID2013,0.660661,1.824058,-6.413863,66.0398,3.426705
TID2013,0.546297,4.424305,1.230764,36.7116,4.687671
TID2013,0.357358,12.323205,11.560836,-23.4117,9.091661
TID2013,0.231231,25.485706,26.128105,-63.1705,17.190420
TID2013,0.657143,1.216425,-9.166618,75.0411,2.446119
TID2013,0.630631,2.165741,-4.795897,62.4097,3.268923
TID2013,0.521604,4.039494,0.312622,43.5735,5.920805
TID2013,0.408409,11.209328,9.778655,-11.7191,12.696813
TID2013,0.162162,33.485638,37.702469,-64.1381,24.509619
TID2013,0.660661,2.800952,-2.886402,52.7127,9.784822
TID2013,0.651651,3.138219,-1.591543,50.0511,8.978261
TID2013,0.468469,5.370141,3.363267,31.7744,19.091595
TID2013,0.425926,7.502664,4.155172,23.5198,17.641367
TID2013,0.381381,10.968545,6.182436,7.3787,16.398481
TID2013,0.606607,1.693958,-5.397914,62.2509,6.583802
TID2013,0.434921,5.098242,3.014655,25.7278,17.738270
TID2013,0.364198,10.195703,8.132448,-15.7660,25.462482
TID2013,0.351852,13.314962,12.513297,-29.3111,20.465906
TID2013,0.345346,11.123764,7.727247,-31.1313,23.908972
TID2013,0.632716,3.365821,0.393710,33.6072,16.732006
TID2013,0.672672,4.958310,2.609289,23.1902,23.482370
TID2013,0.639640,9.647933,9.707837,-11.9943,32.107185
TID2013,0.617284,12.647707,12.937191,-38.5693,35.116131
TID2013,0.496732,18.535349,18.165276,-55.0949,47.439186
TID2013,0.314814,11.677850,15.010034,-38.4498,50.174721
TID2013,0.314286,12.807451,13.688756,-39.9013,66.501335
TID2013,0.345346,13.588717,12.811790,-42.1039,79.463181
TID2013,0.398148,13.577524,11.610926,-42.3276,93.410904
TID2013,0.432432,14.098966,8.552066,-33.3131,107.673164
TID2013,0.645062,0.182538,-15.303475,88.4927,4.606885
TID2013,0.672672,0.278959,-14.978513,80.5763,7.931644
TID2013,0.543210,0.990380,-11.111937,55.3945,15.123778
TID2013,0.558642,1.385669,-10.359171,39.4483,25.195955
TID2013,0.466049,3.562671,-3.858023,0.8865,29.069317
TID2013,0.594594,1.943839,-5.746292,73.4948,4.829236
TID2013,0.735736,5.205049,0.875446,48.7983,9.488400
TID2013,0.453453,6.575175,7.214636,21.4013,12.319787
TID2013,0.693693,13.417128,7.370966,-6.7704,20.589504
TID2013,0.330159,20.887130,26.299768,-54.1356,25.250494
TID2013,0.513513,0.995829,-13.844980,78.5061,9.000207
TID2013,0.469136,1.618671,-12.097655,71.1029,12.557191
TID2013,0.419048,2.675770,-10.279109,61.6176,17.058531
TID2013,0.385802,4.294125,-8.131006,51.0005,22.590168
TID2013,0.379630,6.324366,-3.826206,38.6286,29.507364
TID2013,0.660493,1.401954,-7.502216,71.8908,3.026036
TID2013,0.608024,2.248883,-4.814274,60.2769,4.313546
TID2013,0.564564,3.560736,-0.841478,44.8678,5.312488
TID2013,0.503087,5.788158,3.581680,24.4016,7.203918
TID2013,0.438271,9.137815,8.107319,-0.8673,10.428282
TID2013,0.650793,0.805050,-10.796923,79.1906,2.456296
TID2013,0.648148,1.307545,-7.622349,70.4034,3.229446
TID2013,0.669753,2.352317,-3.350900,56.9415,4.582915
TID2013,0.564814,5.284154,2.342370,30.6605,5.609602
TID2013,0.481481,13.450090,10.852433,-20.1720,11.766004
TID2013,0.633633,1.789734,-6.234087,67.3613,3.867230
TID2013,0.586420,3.023992,-2.304233,51.3231,4.206737
TID2013,0.519520,5.240979,1.991547,28.2653,6.931188
TID2013,0.450793,9.389053,5.932797,-5.8296,11.177779
TID2013,0.339339,16.840619,14.007289,-43.6052,17.786507
TID2013,0.617284,1.874402,-6.287549,66.1415,5.170925
TID2013,0.576577,3.184187,-0.150312,52.2313,8.550723
TID2013,0.478396,6.175961,5.352699,26.6711,18.777815
TID2013,0.351351,10.054469,10.561875,6.9013,18.771824
TID2013,0.243827,19.989825,22.606409,-48.7992,29.476561
TID2013,0.698412,1.047003,-9.578520,78.7684,1.923657
TID2013,0.623457,2.265270,-3.779879,64.1005,3.877400
TID2013,0.641976,3.676159,0.267003,50.6810,6.654351
TID2013,0.533951,6.400063,5.730138,30.3253,10.702618
TID2013,0.267268,23.265980,23.201275,-47.0163,29.025103
TID2013,0.633633,1.514024,-8.038239,71.0767,2.246797
TID2013,0.620370,2.757470,-3.012539,55.7492,3.537011
TID2013,0.567568,5.565634,2.846318,28.0450,6.162319
TID2013,0.342342,13.213330,12.448205,-25.5447,12.114738
TID2013,0.051051,32.980206,38.202515,-64.2171,29.993196
TID2013,0.638096,1.613044,-6.720907,70.0543,3.263738
TID2013,0.593651,2.724274,-2.090183,56.7636,4.263913
TID2013,0.580247,4.688685,1.548329,38.2864,5.929250
TID2013,0.466049,7.915118,4.981325,15.2090,7.937112
TID2013,0.441441,13.017806,10.608487,-12.3437,11.174441
TID2013,0.672840,0.974821,-9.558932,79.5316,2.491262
TID2013,0.672672,1.633486,-5.921604,70.5675,3.481935
TID2013,0.654321,2.792720,-1.567432,56.8603,4.896562
TID2013,0.588589,4.727280,2.325799,39.0599,5.972826
TID2013,0.487654,8.023921,6.791354,15.2862,9.174105
TID2013,0.533333,3.958195,0.713020,38.2527,5.987849
TID2013,0.492492,6.701394,3.916999,13.0743,9.641560
TID2013,0.426427,11.323106,9.322897,-18.7895,12.547657
TID2013,0.391976,18.396390,17.771955,-47.6033,16.009684
TID2013,0.324324,28.170204,29.404942,-62.6812,23.684902
TID2013,0.698412,0.997511,-9.989160,79.8504,4.669295
TID2013,0.684684,1.608004,-6.545987,71.5102,6.952047
TID2013,0.577160,2.691795,-2.347492,58.6553,9.920163
TID2013,0.526984,4.678190,2.910257,36.1282,15.557989
TID2013,0.476190,8.557846,7.975795,-2.0755,26.913805
TID2013,0.679739,0.965965,-9.124784,78.1903,2.970309
TID2013,0.679012,1.609930,-5.334905,69.1862,3.961872
TID2013,0.603603,3.850416,0.846001,47.0686,6.498305
TID2013,0.486487,9.272010,7.941928,11.1646,10.984689
TID2013,0.379630,21.244450,25.437307,-42.5175,20.812185
TID2013,0.506173,3.407644,-3.742498,27.3867,11.808832
TID2013,0.475309,4.908900,0.298946,3.4885,16.514917
TID2013,0.414414,7.761154,4.604492,-23.5151,20.341152
TID2013,0.387301,12.533485,10.134039,-47.6901,24.108791
TID2013,0.345346,18.748442,17.906042,-62.3870,33.716179
TID2013,0.657143,2.553263,-2.534563,57.2680,4.456132
TID2013,0.620370,4.442176,1.481417,34.9438,7.094694
TID2013,0.418301,7.860830,5.209061,4.5788,8.987580
TID2013,0.417418,11.757209,11.035002,-20.7470,12.703285
TID2013,0.317460,19.692978,21.070152,-46.0699,20.545776
TID2013,0.678679,1.067983,-9.399508,83.9937,4.581415
TID2013,0.574074,2.452508,-1.962442,70.7727,8.040453
TID2013,0.504762,5.690597,3.897713,48.7146,13.314998
TID2013,0.426427,11.691543,11.605674,14.4455,20.200544
TID2013,0.336337,21.144136,24.725479,-32.0838,28.453638
TID2013,0.666667,2.297227,-3.824461,61.5260,3.195674
TID2013,0.612699,3.522135,0.425728,47.2573,4.424133
TID2013,0.503087,6.223490,3.973878,21.8199,6.469809
TID2013,0.405406,11.208730,11.174239,-11.8609,10.924664
TID2013,0.268519,22.981608,27.533556,-55.2485,18.001053
TID2013,0.666667,1.341683,-8.997454,73.9155,2.689599
TID2013,0.663580,2.312186,-4.083900,61.2635,3.389189
TID2013,0.603603,5.461928,3.511243,27.2979,5.570050
TID2013,0.388889,14.129500,15.545881,-33.7124,13.276373
TID2013,0.301588,22.990797,26.083975,-57.4196,18.270172
TID2013,0.657408,2.816500,-2.366320,55.5371,4.118851
TID2013,0.533951,6.263613,4.546645,21.6909,6.769217
TID2013,0.330330,15.851013,18.461807,-36.4981,16.135662
TID2013,0.213213,32.877659,41.669838,-64.2031,40.286716
TID2013,0.141976,47.084588,58.346260,-72.5356,59.786533
TID2013,0.589507,5.024847,4.856007,34.1659,13.309914
TID2013,0.492492,4.736653,3.166623,44.4622,10.888585
TID2013,0.342342,12.164662,15.257227,-36.1428,60.470470
TID2013,0.297298,17.124929,18.537285,-46.1291,64.952141
TID2013,0.263492,35.657333,38.467918,-69.9674,123.518616
TID2013,0.496913,4.584757,1.148456,32.9024,8.156108
TID2013,0.444444,7.253096,6.503236,4.2216,13.335647
TID2013,0.376543,15.641174,14.095781,-42.5437,37.244572
TID2013,0.321321,24.370602,24.598209,-59.3758,27.946712
TID2013,0.401234,20.633222,24.148336,-58.6538,44.988400
TID2013,0.638889,4.574461,2.277057,25.8027,22.578257
TID2013,0.675676,3.601309,-0.135905,39.8486,24.170389
TID2013,0.568254,6.663844,6.640897,8.0282,26.803370
TID2013,0.590477,8.873532,9.254601,-11.7199,41.166092
TID2013,0.468469,13.227824,14.610556,-37.7022,43.998981
TID2013,0.377778,13.834889,17.628878,-40.6100,68.256485
TID2013,0.402402,16.911579,20.661743,-49.5561,69.043213
TID2013,0.425926,17.105793,20.319483,-52.9887,79.452736
TID2013,0.426427,14.604866,16.716890,-43.6951,95.155380
TID2013,0.466667,18.160337,14.212986,-50.7212,103.742432
TID2013,0.660661,0.226424,-15.076366,88.4654,4.772616
TID2013,0.675926,0.500651,-13.804307,78.6813,8.116662
TID2013,0.591591,1.076036,-10.397848,54.9467,15.515099
TID2013,0.570988,2.484494,-5.111510,31.0115,24.677254
TID2013,0.507508,3.317356,-2.579607,2.1878,29.634264
TID2013,0.657408,1.781030,-7.176536,76.6120,7.721479
TID2013,0.631746,4.132859,0.632027,47.4980,13.199162
TID2013,0.537538,5.874831,4.319955,29.4001,20.074400
TID2013,0.530159,11.019999,7.399194,-6.7030,26.527735
TID2013,0.435186,17.732562,21.234446,-44.6900,42.725643
TID2013,0.663580,0.663933,-12.851796,86.1540,6.395736
TID2013,0.621621,0.947646,-11.066921,81.2334,8.532342
TID2013,0.536508,1.476471,-7.688823,72.8724,12.808420
TID2013,0.546547,2.310603,-3.885537,61.3224,18.077702
TID2013,0.504762,3.580002,-0.882963,47.3022,24.862555
TID2013,0.641976,2.471544,-2.181054,59.2582,4.814049
TID2013,0.603603,4.214424,0.812644,41.7603,6.444654
TID2013,0.537037,6.963121,3.513606,19.3090,8.893869
TID2013,0.469136,11.268131,7.810869,-5.8850,12.002535
TID2013,0.417418,17.640221,14.180844,-34.1658,14.476316
TID2013,0.672672,1.471031,-7.306513,70.1938,3.446456
TID2013,0.685714,3.369093,-0.450220,50.5869,4.940494
TID2013,0.589507,8.771578,6.105152,9.2454,7.981297
TID2013,0.444444,21.776135,23.290371,-48.8851,17.487125
TID2013,0.311729,46.338659,55.956871,-67.8874,35.345753
TID2013,0.663663,2.841667,-1.774516,54.0219,4.159589
TID2013,0.588589,5.116545,1.854811,30.5012,5.914004
TID2013,0.511111,9.343811,6.536352,-2.7003,9.934568
TID2013,0.364198,16.778385,15.390408,-38.0703,13.718218
TID2013,0.262346,27.390553,29.944407,-61.6371,22.027060
TID2013,0.612612,1.952222,-4.578790,64.0103,8.076749
TID2013,0.582582,4.050746,1.888018,36.8225,12.956178
TID2013,0.498412,6.279322,4.285655,15.0699,14.366388
TID2013,0.422840,12.724091,13.417741,-24.2968,24.516361
TID2013,0.246913,41.897579,50.200863,-64.7936,36.266098
TID2013,0.753087,2.717712,-2.982259,57.9218,6.327173
TID2013,0.615616,7.714257,5.961808,10.6848,14.872785
TID2013,0.382716,19.907840,22.470842,-48.4115,31.692392
TID2013,0.240240,37.096020,47.735901,-64.3176,48.676933
TID2013,0.090090,49.315827,63.397327,-79.3893,51.140125
TID2013,0.675676,3.006135,-1.954007,54.2764,3.985953
TID2013,0.546297,6.436076,4.697353,21.9991,7.092221
TID2013,0.333333,14.296402,16.328581,-30.9481,22.689407
TID2013,0.234568,30.548175,39.847267,-64.1042,36.216702
TID2013,0.099099,52.794320,68.052696,-92.4944,57.209072
TID2013,0.641026,2.223695,-4.768435,63.6823,4.428993
TID2013,0.567251,3.714649,-0.695679,48.6828,5.409654
TID2013,0.520468,6.337369,2.517430,28.5265,7.662657
TID2013,0.472222,10.483946,6.285627,2.4402,10.041116
TID2013,0.436111,16.219481,11.407001,-24.1663,14.252131
TID2013,0.687134,0.983677,-9.668011,80.3684,2.741266
TID2013,0.698006,1.657801,-6.313245,71.4797,3.383857
TID2013,0.583333,2.740716,-3.620550,59.4214,4.810393
TID2013,0.555556,4.616628,0.847463,42.4191,6.601177
TID2013,0.511111,7.916092,5.009793,19.1359,8.798327
TID2013,0.516667,5.300212,1.732875,28.3433,8.690350
TID2013,0.452991,8.895854,5.538246,-0.0106,11.364954
TID2013,0.427778,14.619421,11.728144,-30.2739,15.190668
TID2013,0.364672,22.379116,20.239702,-54.3555,20.404507
TID2013,0.321638,31.721731,30.302385,-63.7320,28.674887
TID2013,0.709402,1.066196,-9.449493,76.0026,5.203083
TID2013,0.628654,1.646024,-6.246833,67.0002,7.034869
TID2013,0.580556,2.489245,-3.473014,54.2918,10.459064
TID2013,0.511111,4.093249,0.618070,32.3257,17.234077
TID2013,0.397222,6.984277,5.323008,-1.6590,27.090166
TID2013,0.722222,1.327346,-7.305324,73.2130,3.792512
TID2013,0.625731,2.212412,-3.599088,62.7196,5.041761
TID2013,0.588889,5.166569,1.731387,38.3298,7.937790
TID2013,0.478632,11.545976,7.392718,0.7198,12.502006
TID2013,0.385964,23.375879,18.452982,-49.5786,22.565510
TID2013,0.535088,3.739945,-2.942636,16.4903,20.181108
TID2013,0.504273,5.520878,0.815733,-0.5492,16.584217
TID2013,0.455556,8.480524,4.355468,-25.0127,21.544950
TID2013,0.416667,12.890065,8.512749,-44.8843,26.961147
TID2013,0.388889,19.111456,14.338879,-59.4607,30.104528
TID2013,0.552707,4.689281,1.677909,33.9312,6.736492
TID2013,0.455556,8.660983,6.074602,-2.7355,11.028088
TID2013,0.427350,14.431764,12.236087,-34.6425,16.906223
TID2013,0.425000,17.124628,15.885984,-37.0449,22.107931
TID2013,0.401709,25.379729,20.985159,-55.7089,44.444168
TID2013,0.704679,0.976103,-9.769860,85.7151,4.683420
TID2013,0.622222,2.190227,-2.763239,75.2957,8.717257
TID2013,0.497076,4.819780,2.891188,58.9198,14.645377
TID2013,0.416667,9.346017,9.016367,33.1754,22.082813
TID2013,0.327778,16.446239,18.797873,-8.7558,29.835787
TID2013,0.738889,1.655764,-6.497481,71.0307,3.128291
TID2013,0.695157,2.468406,-2.695812,60.6696,4.188488
TID2013,0.608333,4.460709,2.082796,38.6369,6.211516
TID2013,0.415954,8.721021,8.011897,4.5608,12.408209
TID2013,0.274853,18.607384,22.167805,-45.6861,23.526567
TID2013,0.692982,1.078052,-10.884391,77.8499,3.432372
TID2013,0.629630,1.850756,-6.877389,65.9950,4.046477
TID2013,0.561253,4.345553,1.618955,36.4051,7.129356
TID2013,0.366667,12.537744,11.652869,-24.5132,12.179960
TID2013,0.276353,23.737716,25.157505,-59.1150,25.300360
TID2013,0.596491,2.680708,-3.729196,57.3011,4.312631
TID2013,0.452991,6.262062,4.599459,21.2445,9.720371
TID2013,0.316239,12.929293,13.624796,-26.3315,18.847788
TID2013,0.202279,25.368293,30.973209,-61.6052,38.863533
TID2013,0.077778,44.589736,55.894032,-69.7553,51.368023
TID2013,0.601140,3.588379,-0.168849,49.9919,11.161141
TID2013,0.453217,4.670456,1.590679,44.5479,21.466919
TID2013,0.315790,13.417668,16.120409,-40.7554,53.336750
TID2013,0.344444,15.606664,16.268185,-39.0720,64.331955
TID2013,0.266667,27.803701,24.920637,-61.0480,94.626427
TID2013,0.569801,3.288466,-0.628262,49.2565,9.769053
TID2013,0.404559,10.826885,9.001979,-18.3058,18.202295
TID2013,0.436111,11.446021,9.779376,-8.4805,14.156692
TID2013,0.325000,29.773222,29.984270,-63.8801,38.519798
TID2013,0.269006,48.964544,55.031586,-95.9689,67.311295
TID2013,0.564102,4.733357,2.356162,26.5903,34.207066
TID2013,0.666667,3.079678,-3.954647,48.5158,21.941681
TID2013,0.538889,5.159083,1.768265,29.1606,33.017426
TID2013,0.495727,7.062048,4.730947,11.1287,41.611389
TID2013,0.388889,10.425489,10.199011,-19.1175,54.662838
TID2013,0.413889,13.646364,17.702789,-40.2228,57.283085
TID2013,0.450000,16.308520,17.493177,-42.7181,69.474304
TID2013,0.447222,16.527211,16.026819,-43.1834,76.372299
TID2013,0.475783,18.467751,15.796693,-44.4353,93.263107
TID2013,0.532763,15.399781,13.733727,-51.3683,120.050400
TID2013,0.757834,0.229377,-15.149768,85.9788,5.896874
TID2013,0.725000,0.890036,-11.565653,71.6377,9.907721
TID2013,0.663889,1.135912,-10.811365,41.7351,19.311697
TID2013,0.675000,4.177075,-1.171213,14.6195,29.608721
TID2013,0.558404,4.102594,-3.122489,-25.8297,36.846458
TID2013,0.698006,1.896304,-6.332352,73.4838,9.721347
TID2013,0.750000,4.985964,1.609190,43.2034,15.562377
TID2013,0.577778,6.160325,5.582354,23.2934,25.608324
TID2013,0.730556,12.650365,8.388106,-9.9872,28.285463
TID2013,0.421652,18.668437,22.032913,-51.0046,54.155987
TID2013,0.641026,0.716160,-12.966727,82.7410,10.363901
TID2013,0.635328,1.061988,-11.196269,76.0489,15.032390
TID2013,0.618233,1.625858,-8.043662,66.3946,21.437725
TID2013,0.555556,2.582636,-4.094244,51.7529,30.377523
TID2013,0.517543,4.322951,0.758061,30.4927,42.901119
TID2013,0.612536,2.463653,-3.246473,60.4248,5.633574
TID2013,0.558404,4.150323,0.738758,44.5848,7.336617
TID2013,0.522222,6.755162,3.257849,25.4461,9.331252
TID2013,0.478632,10.892136,7.027935,0.9542,13.087380
TID2013,0.410257,16.841979,12.258074,-25.4994,17.306919
TID2013,0.649123,2.061036,-4.834724,61.9754,4.218879
TID2013,0.606838,4.256751,1.509870,39.0649,6.396262
TID2013,0.461988,9.553194,7.863744,-1.7948,11.769191
TID2013,0.353277,20.653861,22.280758,-50.4657,24.627678
TID2013,0.313889,38.109329,45.240551,-64.6918,54.130909
TID2013,0.581871,3.056406,-1.538860,52.5122,5.510659
TID2013,0.492878,5.181236,1.649401,31.5820,7.429432
TID2013,0.433049,8.777494,5.053591,5.0226,12.612720
TID2013,0.353277,14.363013,10.467094,-25.4400,16.883438
TID2013,0.233333,23.750182,22.971132,-57.1584,28.070551
TID2013,0.663818,1.758442,-6.895370,65.5178,7.110929
TID2013,0.595441,2.662308,-2.924785,53.6940,11.632380
TID2013,0.581197,4.368969,1.295318,40.0963,15.918693
TID2013,0.484330,12.579813,11.382124,-17.7505,25.931313
TID2013,0.435672,19.149292,20.973036,-42.9679,37.487904
TID2013,0.746439,1.820689,-6.628232,70.9844,7.969959
TID2013,0.649572,4.429842,1.784606,45.4132,16.714647
TID2013,0.433333,12.752778,15.370240,-11.7713,31.364418
TID2013,0.295321,21.562134,28.359230,-52.4912,43.794613
TID2013,0.219444,32.162583,43.560940,-64.2162,50.847565
TID2013,0.638177,2.980154,-2.656062,54.3224,5.474622
TID2013,0.467237,5.899856,3.891820,28.9219,10.103675
TID2013,0.313889,12.364783,13.759048,-22.1811,25.590471
TID2013,0.201754,27.547916,34.987282,-63.2893,45.394199
TID2013,0.046783,46.476186,59.808506,-78.7907,52.262077
TID2013,0.640211,1.761856,-6.532072,67.8514,3.687366
TID2013,0.608466,2.965336,-2.268816,54.2650,4.851213
TID2013,0.547619,5.018743,1.842948,35.7382,6.729068
TID2013,0.474254,8.285266,6.283627,12.6371,8.909236
TID2013,0.444444,13.658553,12.855635,-15.7477,13.084399
TID2013,0.697222,0.923499,-10.300621,80.8206,2.200218
TID2013,0.683761,1.519507,-7.647184,72.6633,3.094466
TID2013,0.631437,2.541424,-3.617184,60.8185,4.280338
TID2013,0.589947,4.229113,0.791765,44.4223,5.810716
TID2013,0.504066,7.224372,6.198000,22.8718,8.405524
TID2013,0.531166,4.264708,0.633959,35.3916,6.960126
TID2013,0.468254,7.075068,4.095771,10.3395,9.454004
TID2013,0.433333,11.828664,9.526198,-21.6796,13.932291
TID2013,0.380556,18.999386,17.825966,-48.7746,18.409460
TID2013,0.335979,28.858450,29.566269,-63.1727,29.181915
TID2013,0.680556,1.614104,-6.898968,78.9447,14.358066
TID2013,0.696477,2.605851,-2.139680,71.1895,20.249458
TID2013,0.683333,4.274663,2.634783,60.3031,27.366516
TID2013,0.608466,7.383062,7.701287,40.9234,31.528025
TID2013,0.534391,12.090737,14.722686,8.9005,34.743267
TID2013,0.701058,1.061811,-9.004633,76.4125,3.192519
TID2013,0.655827,1.759451,-5.774223,66.9636,4.209365
TID2013,0.591667,4.128600,0.998127,44.3715,6.755915
TID2013,0.497354,9.650718,10.084306,8.7712,10.963796
TID2013,0.411924,21.336523,29.009171,-43.2901,20.140471
TID2013,0.558201,3.131449,-4.448111,28.7551,14.838084
TID2013,0.506776,5.194777,0.866344,-4.5619,19.615856
TID2013,0.473544,7.535349,4.292983,-24.4045,21.413017
TID2013,0.466124,11.657368,8.625567,-48.3109,27.512600
TID2013,0.383333,17.773513,15.820555,-61.6259,30.339567
TID2013,0.521164,3.438303,-0.232318,44.3372,6.747313
TID2013,0.452778,6.806075,4.667002,6.0133,10.620546
TID2013,0.391534,11.408105,10.624413,-17.7510,13.632518
TID2013,0.349207,19.261108,19.126968,-47.3790,20.476187
TID2013,0.328042,28.020451,29.753277,-62.5778,25.907007
TID2013,0.701058,0.858648,-10.207347,87.0534,4.771757
TID2013,0.658537,1.882901,-4.120200,77.0207,8.195592
TID2013,0.597883,4.184144,2.491810,60.1056,13.938787
TID2013,0.486111,8.511356,8.367443,32.2795,21.984364
TID2013,0.407408,15.748047,18.976585,-10.0148,31.247337
TID2013,0.708994,2.179786,-4.351540,63.4614,3.858265
TID2013,0.644987,3.320313,-0.068473,49.5330,4.070446
TID2013,0.560976,5.660584,3.392010,25.4466,6.148088
TID2013,0.420054,10.013524,9.297031,-7.3706,9.920726
TID2013,0.277778,19.479212,23.001339,-48.2379,21.139292
TID2013,0.674603,1.133953,-10.283363,76.1707,2.539977
TID2013,0.663957,2.051888,-5.727500,64.6744,3.674897
TID2013,0.563492,5.058188,3.094908,30.5794,6.341653
TID2013,0.362433,13.087429,14.090787,-29.6733,14.651767
TID2013,0.243387,27.338652,30.819826,-63.3195,19.442486
TID2013,0.588889,4.398551,1.992821,38.1106,5.830728
TID2013,0.444444,9.361404,9.423113,-4.3332,10.108376
TID2013,0.322493,16.915709,19.773054,-37.9018,19.740551
TID2013,0.222222,30.478335,37.738853,-63.8387,40.023388
TID2013,0.097883,47.293940,59.272194,-75.6971,51.628960
TID2013,0.672222,3.027391,-2.112314,58.9546,15.359991
TID2013,0.515873,4.867492,2.578097,43.8304,20.955696
TID2013,0.436508,10.135700,10.466517,15.1328,23.828848
TID2013,0.322751,18.131418,21.327328,-40.0346,52.407833
TID2013,0.295393,28.535672,28.010717,-59.9495,80.810211
TID2013,0.518519,4.521369,1.563400,32.3985,8.506802
TID2013,0.427350,10.503669,8.878369,-19.8609,27.288824
TID2013,0.373016,16.054385,15.534593,-44.5955,38.866978
TID2013,0.384823,16.757318,17.042564,-39.2064,49.280785
TID2013,0.264550,39.396921,42.386806,-65.5500,64.037895
TID2013,0.563492,5.533446,3.206878,18.7448,44.244190
TID2013,0.711640,2.723174,-3.219585,53.3934,18.435980
TID2013,0.666667,4.897923,1.969132,26.4674,31.906475
TID2013,0.489418,6.177748,4.927111,12.4204,36.111660
TID2013,0.401084,9.811857,10.950012,-13.7651,56.665092
TID2013,0.375661,10.796084,13.191278,-30.0150,44.070377
TID2013,0.378307,12.771725,13.837474,-33.9400,53.376358
TID2013,0.388889,14.809944,15.306184,-40.7423,66.495293
TID2013,0.417344,15.659633,15.828746,-43.9100,85.369728
TID2013,0.450142,16.762565,12.676789,-51.1479,137.543793
TID2013,0.698412,0.189886,-14.997776,87.8192,5.158023
TID2013,0.738096,0.410845,-14.088004,76.8107,8.693303
TID2013,0.677249,1.338358,-8.395040,48.3199,16.833773
TID2013,0.629630,1.825111,-7.457846,30.2660,26.051033
TID2013,0.572650,5.308820,-1.676877,-13.6688,31.918030
TID2013,0.666667,1.685536,-7.645967,77.1964,5.305556
TID2013,0.740741,3.782599,-0.354668,55.3307,10.272775
TID2013,0.531166,5.568383,4.820366,31.2314,13.872828
TID2013,0.801588,9.802957,5.151564,6.4162,22.220087
TID2013,0.436111,17.297419,21.558659,-44.3439,29.310158
TID2013,0.601626,1.113192,-10.756143,78.4714,8.995285
TID2013,0.558266,1.696481,-7.586448,70.1353,12.524304
TID2013,0.518519,2.663972,-3.255102,59.3363,17.494429
TID2013,0.470900,4.260176,0.802172,45.7088,24.180155
TID2013,0.436314,6.657873,3.860212,30.6846,31.962893
TID2013,0.605820,1.972900,-5.086684,64.7891,4.597674
TID2013,0.595238,3.308309,-0.526036,50.2951,6.241428
TID2013,0.544716,5.482582,2.921872,31.6213,8.265339
TID2013,0.491667,8.871910,6.896927,9.7729,11.619577
TID2013,0.462963,13.985611,12.854383,-16.6130,15.871867
TID2013,0.716931,2.012942,-4.842696,62.8115,4.326381
TID2013,0.580556,5.259327,2.479824,33.0699,6.016015
TID2013,0.465609,13.642008,13.260052,-23.2068,12.658749
TID2013,0.346561,26.767358,31.529697,-61.8595,24.381582
TID2013,0.268292,46.281625,55.245171,-72.6414,54.036770
TID2013,0.571816,3.230386,-1.104625,48.9135,5.214335
TID2013,0.525746,5.619968,2.187786,24.8697,8.653069
TID2013,0.423280,9.436833,6.261640,-5.4492,11.877573
TID2013,0.357723,15.008373,12.592490,-33.5173,20.693871
TID2013,0.222222,27.486519,29.747644,-62.3352,28.266331
TID2013,0.669377,2.040099,-3.853891,61.8054,6.133664
TID2013,0.642857,3.487888,1.062064,47.0316,7.703107
TID2013,0.492063,6.595234,5.318177,26.6366,13.185801
TID2013,0.457994,10.942262,11.236028,3.1491,19.333803
TID2013,0.322751,34.505025,40.925945,-64.2289,51.346279
TID2013,0.713889,2.843135,-2.287972,57.0495,4.420227
TID2013,0.600529,8.234379,6.729799,17.3231,11.812972
TID2013,0.430894,18.031794,20.220516,-38.0113,24.637842
TID2013,0.327913,25.562787,32.265457,-58.9552,33.397079
TID2013,0.164021,43.962405,58.739384,-71.6584,42.450275
TID2013,0.616402,4.327652,1.785337,39.8314,5.114354
TID2013,0.417989,8.598570,8.442657,0.1588,15.031341
TID2013,0.287263,16.411914,19.670137,-41.1441,25.143242
TID2013,0.211640,30.578316,38.678654,-64.0202,37.844994
TID2013,0.065041,48.689476,63.910706,-89.0550,50.945431
TID2013,0.613889,1.156491,-9.144814,77.6739,3.585748
TID2013,0.611111,1.826765,-5.796353,68.4533,5.492033
TID2013,0.538461,2.843710,-3.127050,57.1747,7.409936
TID2013,0.450142,4.388918,0.163961,42.5044,9.371469
TID2013,0.395664,6.894272,4.391196,23.7015,12.156225
TID2013,0.647697,0.688531,-11.470217,85.0234,2.205688
TID2013,0.631437,1.062607,-8.884895,79.4196,2.776089
TID2013,0.591667,1.614784,-6.733439,71.2596,4.084848
TID2013,0.566396,2.602145,-4.334792,60.1637,5.960510
TID2013,0.472934,4.134906,-0.344497,45.3319,7.099160
TID2013,0.566396,2.615793,-3.667057,63.4700,6.694734
TID2013,0.498644,4.243123,1.005498,47.8146,9.503270
TID2013,0.408333,6.564889,4.064022,27.3793,12.222516
TID2013,0.341463,10.366992,8.111078,2.9911,20.744219
TID2013,0.263889,15.767839,13.892049,-23.6971,30.073658
TID2013,0.626017,0.704914,-11.781753,84.6124,2.716574
TID2013,0.638889,1.053246,-9.433110,79.3821,3.639993
TID2013,0.619444,1.655657,-7.238012,71.5261,5.547232
TID2013,0.547426,2.589358,-5.178209,60.6479,7.809192
TID2013,0.488889,4.278146,-1.366672,44.1623,12.740408
TID2013,0.625000,0.759123,-10.573408,80.7021,3.243109
TID2013,0.598916,1.165406,-7.726007,73.6895,4.265066
TID2013,0.522222,2.431570,-4.058045,57.6389,6.728100
TID2013,0.423977,5.255256,2.250725,32.2657,11.049505
TID2013,0.324787,11.862175,9.409994,-14.3726,20.508694
TID2013,0.486111,2.497211,-7.392815,35.4195,16.845982
TID2013,0.435898,3.576608,-4.193793,22.7716,19.669052
TID2013,0.388889,4.902483,-1.501558,4.9166,22.067823
TID2013,0.368563,7.394720,3.300299,-18.7494,26.572737
TID2013,0.279202,11.303875,8.108540,-41.1240,29.053476
TID2013,0.586111,1.578788,-6.916430,73.2989,4.611949
TID2013,0.585366,2.936059,-1.922043,58.6209,8.052127
TID2013,0.504273,5.494938,2.709475,38.5558,11.321388
TID2013,0.450142,10.465364,8.082180,1.6162,19.354679
TID2013,0.349593,17.076600,14.499606,-28.5699,26.450602
TID2013,0.600000,1.065939,-9.058311,76.3850,4.319397
TID2013,0.518519,2.252956,-3.445598,58.6957,7.565311
TID2013,0.406504,5.091977,2.784152,29.5487,14.000877
TID2013,0.308943,11.451252,9.601831,-13.3683,23.218742
TID2013,0.138889,23.263539,23.966473,-56.8515,33.446461
TID2013,0.647222,1.481640,-7.332616,75.1359,2.677486
TID2013,0.647222,2.333998,-4.255650,65.0150,4.107394
TID2013,0.591667,4.727591,2.153412,41.2309,7.066354
TID2013,0.388889,10.940549,9.648169,-8.8774,12.466260
TID2013,0.151761,26.687286,30.289112,-61.6456,21.425022
TID2013,0.636857,1.029439,-11.140875,78.0156,2.313725
TID2013,0.572650,1.781172,-7.501272,69.0233,3.883676
TID2013,0.523036,4.045859,-1.352632,47.3447,5.690271
TID2013,0.382113,11.053389,10.214818,-1.2796,11.575782
TID2013,0.208672,20.714091,21.058500,-45.0847,22.771826
TID2013,0.639567,1.106730,-10.386878,78.5305,2.924327
TID2013,0.600000,1.906923,-6.493340,68.4827,3.689771
TID2013,0.500000,3.293479,-2.432832,53.2274,5.148919
TID2013,0.407408,6.899686,4.791439,22.7070,9.089361
TID2013,0.250000,16.501245,16.628445,-31.3051,18.101763
TID2013,0.631437,2.631551,-3.954840,54.7335,20.308578
TID2013,0.641667,3.239251,-2.051624,46.2653,20.153893
TID2013,0.594444,4.366505,-0.034901,35.2344,20.845375
TID2013,0.422222,12.652234,15.530315,-32.8650,49.671608
TID2013,0.302778,9.595389,5.341103,1.7532,25.091679
TID2013,0.607046,2.177841,-4.467752,63.7401,6.649674
TID2013,0.544716,4.069202,-0.492790,53.5279,8.527044
TID2013,0.386111,4.681042,1.544676,36.2828,14.756795
TID2013,0.330623,13.451703,10.396626,-25.5275,27.454624
TID2013,0.219298,18.434882,15.137689,-38.9059,27.267168
TID2013,0.658537,3.450547,-3.686251,44.0574,31.794266
TID2013,0.615177,4.830391,-2.100663,35.1886,28.304564
TID2013,0.623307,9.574991,6.955444,-5.9199,42.530079
TID2013,0.580556,14.086003,11.318795,-32.4242,54.602715
TID2013,0.479674,21.753845,18.636583,-56.0005,71.916626
TID2013,0.338889,12.704375,15.735001,-42.6184,62.376110
TID2013,0.344444,15.367863,17.041403,-49.6860,69.084122
TID2013,0.368563,16.447688,16.935751,-51.3512,77.752769
TID2013,0.433333,15.729365,13.763565,-53.4229,84.637764
TID2013,0.427350,13.427328,11.846518,-26.3669,102.447227
TID2013,0.683333,0.288035,-14.775850,86.0831,5.019777
TID2013,0.661111,0.713423,-12.180624,73.4950,8.460818
TID2013,0.620597,1.680173,-6.822803,45.7544,16.410748
TID2013,0.566396,3.058651,-3.211675,22.0482,25.362043
TID2013,0.472222,7.423737,1.663435,-16.1928,31.354830
TID2013,0.588889,2.287590,-3.213027,67.5174,7.435410
TID2013,0.758808,6.976134,2.517525,38.7064,12.754317
TID2013,0.447222,7.622073,8.887779,6.3245,19.291859
TID2013,0.728998,15.947190,9.873782,-13.7085,25.207949
TID2013,0.311111,24.154332,29.796928,-62.7861,41.031151
TID2013,0.530556,1.257450,-11.919258,70.3972,9.813152
TID2013,0.467237,1.997983,-9.330602,58.0148,13.917619
TID2013,0.415954,3.335238,-5.834753,39.7812,19.167702
TID2013,0.393162,5.855121,-0.129299,12.8178,25.447168
TID2013,0.350000,10.497411,4.484489,-23.5469,33.259174
TID2013,0.575000,1.289675,-8.191874,72.9075,5.566875
TID2013,0.533876,1.965502,-5.584773,63.4321,6.869911
TID2013,0.469444,3.004413,-3.007983,51.5227,8.423638
TID2013,0.405556,4.624242,0.324354,38.1234,11.440249
TID2013,0.373983,7.184567,4.789405,19.3695,17.162687
TID2013,0.631437,0.792509,-11.274739,80.4138,2.837173
TID2013,0.617887,1.312300,-8.459758,73.0363,3.635733
TID2013,0.558266,2.267319,-4.765440,62.1408,5.488498
TID2013,0.497222,4.367400,-0.307465,42.5768,6.411454
TID2013,0.364672,9.455023,6.498255,10.2213,10.769683
TID2013,0.622222,1.582342,-7.462883,72.9349,3.844448
TID2013,0.547222,2.674692,-3.879682,60.7428,5.454766
TID2013,0.485094,4.508396,0.877399,43.3336,7.920655
TID2013,0.372222,7.699228,4.815970,16.8619,11.321620
TID2013,0.275000,14.929195,13.376355,-26.3809,19.772350
TID2013,0.586111,1.138830,-9.632583,75.1119,5.549529
TID2013,0.583333,1.770677,-6.433159,64.1821,8.427856
TID2013,0.528456,3.162282,-2.307125,50.4290,12.270267
TID2013,0.455556,7.023424,5.437922,16.3827,18.990499
TID2013,0.352303,11.733481,11.815285,-11.5836,27.394468
TID2013,0.636857,1.008464,-10.704928,80.9198,1.856664
TID2013,0.619444,2.020954,-5.971898,70.3700,3.499102
TID2013,0.626017,3.078239,-3.699943,61.7676,5.350608
TID2013,0.639567,4.257418,-1.402521,53.1355,7.138420
TID2013,0.604336,6.476049,3.485220,36.9739,9.739982
TID2013,0.613889,1.305683,-9.092574,75.9802,2.923048
TID2013,0.623307,2.236790,-5.342333,64.4661,3.907094
TID2013,0.577778,3.930968,-0.717394,46.6619,5.666461
TID2013,0.439024,7.334846,5.286547,16.9219,9.030035
TID2013,0.289973,15.202509,15.654394,-29.5852,15.930866
TID2013,0.639640,1.549605,-6.886732,72.0067,4.230841
TID2013,0.574074,2.516477,-3.897943,60.4611,5.669244
TID2013,0.558559,4.212095,0.539008,44.0685,8.475675
TID2013,0.479366,6.783304,4.028965,25.3360,10.451732
TID2013,0.401234,10.758471,8.284026,0.7749,16.006077
TID2013,0.684684,0.802163,-10.925918,83.8976,2.861413
TID2013,0.642642,1.250291,-8.416192,77.5054,3.994684
TID2013,0.606607,2.044177,-6.000299,68.1226,5.613187
TID2013,0.537037,3.337052,-2.155603,54.5209,8.098210
TID2013,0.487654,5.441033,2.281348,37.0681,11.309210
TID2013,0.509259,3.616154,-0.238791,45.4111,6.119336
TID2013,0.450793,6.052652,3.195484,23.0575,8.466998
TID2013,0.385802,10.073148,7.725548,-6.8118,13.084714
TID2013,0.327328,15.710895,14.024207,-33.8426,16.702414
TID2013,0.277778,24.154808,23.248943,-56.0376,26.070501
TID2013,0.648148,0.884053,-10.211853,83.3167,3.225215
TID2013,0.651234,1.259823,-8.123445,77.6798,4.199933
TID2013,0.632716,1.897808,-6.408576,69.3639,5.579229
TID2013,0.564564,2.958421,-2.819952,56.6356,8.454256
TID2013,0.509259,4.498643,1.385404,40.4548,12.404747
TID2013,0.657658,0.977523,-9.396058,78.1712,3.880044
TID2013,0.634921,1.561288,-6.430847,69.9896,5.418993
TID2013,0.552552,3.438835,-1.141733,50.9944,9.301130
TID2013,0.447619,7.608991,5.527299,21.7563,15.882731
TID2013,0.327328,16.569491,15.955483,-24.1887,26.754210
TID2013,0.512346,2.412767,-6.793019,52.8876,10.054965
TID2013,0.487654,5.165835,0.433065,35.6287,14.122292
TID2013,0.419753,7.868098,4.268135,18.8514,15.961617
TID2013,0.391976,11.194190,7.290090,-3.6037,18.724106
TID2013,0.339339,15.952883,12.575454,-28.0387,25.815838
TID2013,0.591591,3.073977,-0.109058,53.2935,12.642297
TID2013,0.568254,4.925416,1.954093,35.9667,19.586239
TID2013,0.489490,8.276299,5.618273,12.4474,12.938560
TID2013,0.349207,13.074266,9.891250,-12.4103,16.816475
TID2013,0.298412,19.163200,14.905119,-44.1672,48.581459
TID2013,0.576577,1.971954,-3.191271,78.2553,11.552572
TID2013,0.509259,4.475826,2.846930,60.3441,20.781668
TID2013,0.387301,9.569904,8.532320,31.2458,36.799892
TID2013,0.300300,18.037845,17.869486,-10.2783,60.317005
TID2013,0.228228,30.125404,31.741179,-54.0213,90.573112
TID2013,0.672672,1.998354,-4.698484,67.1057,4.580591
TID2013,0.651651,3.240998,-0.325950,52.9093,6.839442
TID2013,0.540540,6.682033,4.242517,21.2058,12.541944
TID2013,0.333333,13.879346,12.734879,-23.6357,24.233784
TID2013,0.184127,28.795981,32.764481,-62.5844,48.806698
TID2013,0.648649,1.025787,-10.786489,77.9331,2.493129
TID2013,0.625397,1.856674,-6.317535,66.8437,4.026314
TID2013,0.603174,4.491983,1.226789,38.6643,5.797388
TID2013,0.351351,13.508083,13.198318,-24.9273,10.134855
TID2013,0.197531,26.957428,27.784058,-62.2304,17.897490
TID2013,0.615616,1.413312,-8.469555,73.9599,2.862138
TID2013,0.577160,2.651668,-3.306300,59.6906,3.534277
TID2013,0.500000,4.868972,2.003772,37.0701,5.857598
TID2013,0.342342,12.162438,11.267365,-17.1844,10.786105
TID2013,0.084084,33.001208,38.820030,-64.2214,37.406334
TID2013,0.651234,2.923046,-2.367056,54.6506,16.916140
TID2013,0.527778,4.000405,0.529155,45.5577,16.933146
TID2013,0.483483,4.967233,1.997955,38.3736,16.924528
TID2013,0.403174,6.972150,3.906500,24.5863,17.642056
TID2013,0.426427,14.742006,14.791856,-31.6711,56.302959
TID2013,0.519520,2.752366,-0.387480,54.3725,8.026133
TID2013,0.536508,2.812661,-2.900148,55.4287,5.811703
TID2013,0.463492,7.203347,5.056658,9.9133,16.198347
TID2013,0.354938,17.761911,16.641680,-45.2743,21.671230
TID2013,0.300300,19.658888,17.403782,-47.3331,35.074444
TID2013,0.666667,3.188454,-1.792408,40.0661,33.152607
TID2013,0.666667,4.246904,1.311288,30.8291,26.233118
TID2013,0.530159,8.552174,6.441064,-10.4972,39.755733
TID2013,0.481481,12.061666,10.232312,-34.0683,57.543411
TID2013,0.478396,18.769777,18.268812,-57.1223,70.379547
TID2013,0.402402,13.019223,14.807521,-41.5215,66.942825
TID2013,0.369369,14.858493,15.236690,-45.8983,76.397087
TID2013,0.416667,12.966090,11.910660,-39.0839,93.745766
TID2013,0.489490,12.569354,10.287148,-35.1187,120.762062
TID2013,0.537037,12.900275,7.909895,-35.1186,170.988937
TID2013,0.618619,0.193281,-15.349380,89.4655,6.639896
TID2013,0.694444,1.200454,-7.745877,70.3146,7.454810
TID2013,0.564814,0.954875,-11.626384,57.8764,22.750536
TID2013,0.648649,4.464908,-0.987100,20.4098,22.530832
TID2013,0.459877,3.190352,-4.371124,3.2467,47.384945
TID2013,0.617284,1.987390,-5.341935,72.1542,14.332501
TID2013,0.675676,5.702089,1.870065,38.9414,12.955643
TID2013,0.450618,6.645253,6.323657,18.7409,38.396263
TID2013,0.648649,13.544243,7.453305,-13.0684,24.997581
TID2013,0.375376,20.484535,21.992029,-55.1782,81.042725
TID2013,0.577778,0.574619,-14.541472,80.0696,9.977270
TID2013,0.484568,0.964432,-13.140111,73.1219,14.513420
TID2013,0.432099,1.732530,-11.409907,63.2378,20.694847
TID2013,0.414414,3.184327,-9.513185,49.5621,29.304255
TID2013,0.420420,5.789181,-5.347862,31.6181,41.904781
TID2013,0.592592,2.155483,-3.937407,62.5202,7.939816
TID2013,0.585586,3.505355,-0.013316,48.9557,10.181113
TID2013,0.549550,5.478422,2.590381,32.8233,14.504208
TID2013,0.466049,8.502343,5.709929,13.0579,19.902023
TID2013,0.399399,13.006724,10.379006,-11.7067,26.437666
TID2013,0.623457,0.971352,-10.117906,77.5591,2.788089
TID2013,0.586420,1.641956,-6.470333,68.1932,3.765543
TID2013,0.621621,3.004472,-1.877930,52.9321,4.848276
TID2013,0.549550,6.125519,2.952615,25.5440,6.513726
TID2013,0.441441,15.713514,14.221702,-27.9158,11.379886
TID2013,0.633633,2.103205,-4.867182,64.0901,4.511312
TID2013,0.567901,3.579498,-0.275412,46.9296,6.672551
TID2013,0.523810,6.057211,2.701770,22.7656,10.452350
TID2013,0.404321,10.315923,6.954922,-10.0059,16.730206
TID2013,0.311729,18.662393,15.588714,-46.7496,28.858730
TID2013,0.626543,1.993634,-3.828962,62.2152,8.244486
TID2013,0.586420,3.273182,0.887827,46.9020,11.990211
TID2013,0.462462,6.997035,6.916148,18.0562,25.740000
TID2013,0.396397,9.562040,9.954683,7.3102,25.947493
TID2013,0.330330,15.899600,17.424683,-27.9385,28.896156
TID2013,0.657143,1.049718,-10.657264,81.0673,2.346145
TID2013,0.645062,2.244111,-4.808726,69.6415,4.672688
TID2013,0.630631,3.828344,-0.587337,56.1844,7.400597
TID2013,0.591591,5.518664,3.274506,42.3174,10.619396
TID2013,0.260318,23.664815,25.349154,-49.6262,27.468742
TID2013,0.648649,1.658028,-7.460385,70.5377,3.095734
TID2013,0.644444,2.980880,-2.473393,55.6750,4.590144
TID2013,0.534534,6.001548,3.722956,27.7957,7.375159
TID2013,0.357358,12.755217,12.271847,-19.2328,13.128881
TID2013,0.098766,32.280737,38.446091,-64.2046,38.780243
TID2013,0.631313,1.484139,-6.992209,72.3250,3.941274
TID2013,0.565657,2.422576,-4.013719,60.8800,5.026190
TID2013,0.533333,4.019941,-0.051972,45.3954,6.943626
TID2013,0.494950,6.415178,3.499719,27.5294,10.918219
TID2013,0.441799,10.103342,7.224636,5.9278,13.847688
TID2013,0.671604,0.760744,-11.064452,83.8745,2.128274
TID2013,0.651516,1.199660,-8.385043,77.2059,2.889863
TID2013,0.617571,1.967284,-6.179594,67.4726,4.257174
TID2013,0.581396,3.160891,-2.761162,54.7068,5.695777
TID2013,0.528396,5.195831,2.123423,37.2115,7.419448
TID2013,0.548148,3.474176,-0.968990,50.2427,7.107437
TID2013,0.469697,5.685988,2.625725,29.4028,10.682001
TID2013,0.414814,9.311734,6.673805,1.9347,14.706197
TID2013,0.367901,14.575923,12.263794,-26.5593,21.771629
TID2013,0.303703,22.091017,19.754833,-50.4397,29.269793
TID2013,0.651852,0.839353,-10.888130,82.0575,4.302524
TID2013,0.666667,1.267652,-8.175229,75.2850,6.789350
TID2013,0.602469,1.940255,-6.381202,65.8456,10.706816
TID2013,0.550136,3.206588,-2.549999,49.7054,17.592407
TID2013,0.467700,5.283614,2.685689,24.1967,27.303661
TID2013,0.671604,0.926179,-9.314808,77.4412,3.489228
TID2013,0.644444,1.478611,-6.153522,69.0633,4.539591
TID2013,0.573232,3.251665,-1.647919,50.5861,7.087712
TID2013,0.475452,7.134317,4.672834,23.7339,11.202602
TID2013,0.368687,15.305371,13.226302,-21.1577,19.733011
TID2013,0.537037,2.340122,-7.606953,47.3911,11.764090
TID2013,0.512627,3.148492,-4.751045,37.0781,14.928320
TID2013,0.462121,4.534971,-1.405451,20.7447,16.619410
TID2013,0.416667,7.053532,3.375170,-2.5547,20.706514
TID2013,0.368687,10.877222,7.919336,-27.6069,23.065880
TID2013,0.620156,2.916292,-2.533701,55.0343,5.848068
TID2013,0.576720,5.405160,2.406351,35.7184,8.816941
TID2013,0.479798,10.766705,7.506422,-4.0700,13.861757
TID2013,0.402469,17.427583,14.540604,-31.8792,20.886406
TID2013,0.315246,25.112233,20.804142,-59.7014,29.743120
TID2013,0.651516,0.970709,-9.454118,85.4662,6.614316
TID2013,0.614814,2.130324,-2.939215,74.3945,11.657199
TID2013,0.509044,4.756196,3.213364,52.0215,19.587282
TID2013,0.380247,10.376372,10.416172,2.6223,29.925388
TID2013,0.292929,23.835318,29.193321,-59.3881,40.930134
TID2013,0.713580,1.340678,-8.305504,75.3203,2.858342
TID2013,0.669136,2.011590,-4.913348,65.6142,4.144626
TID2013,0.580808,3.857276,0.913838,43.9767,6.265967
TID2013,0.441860,7.952518,6.407478,8.8528,11.019362
TID2013,0.274074,20.840918,24.131956,-53.6652,21.241224
TID2013,0.681481,0.897328,-11.732158,79.5292,2.966208
TID2013,0.654040,1.534508,-8.497164,70.6163,4.116338
TID2013,0.560606,3.567092,-1.331360,46.8699,6.471066
TID2013,0.411617,10.655200,9.720207,-10.5273,13.687010
TID2013,0.247474,21.763597,21.886547,-56.3858,21.853603
TID2013,0.609819,1.913444,-6.185178,66.5982,5.058347
TID2013,0.501234,3.980389,0.138188,43.4467,7.316561
TID2013,0.381313,8.421743,7.717138,1.4892,13.462406
TID2013,0.269136,17.836060,20.414021,-50.8150,21.364019
TID2013,0.108586,37.250984,45.066280,-65.3414,39.336773
TID2013,0.593434,4.664257,2.790161,36.9635,28.063423
TID2013,0.525252,3.409760,-2.140347,50.3088,27.965473
TID2013,0.392592,4.948166,0.543306,39.7707,24.402807
TID2013,0.318182,11.965363,13.306229,-0.4909,40.198177
TID2013,0.279012,18.537625,20.024736,-55.5586,49.534363
TID2013,0.509044,3.192630,-1.297925,53.3251,11.067086
TID2013,0.452020,6.451765,4.816233,19.9985,17.433535
TID2013,0.374677,11.787428,9.457847,-21.6491,23.909643
TID2013,0.303030,18.797246,15.730756,-45.9167,37.120747
TID2013,0.279012,26.650222,25.076809,-63.6382,42.072365
TID2013,0.643939,4.252533,0.514883,31.2836,29.034756
TID2013,0.684343,3.272743,-2.843385,47.4043,23.374638
TID2013,0.633839,6.945871,4.541523,7.0309,36.011303
TID2013,0.580247,10.091919,9.657276,-18.1614,47.566925
TID2013,0.467172,14.559198,14.884204,-41.2105,50.516361
TID2013,0.404040,11.403359,13.736480,-35.7040,65.603958
TID2013,0.365432,15.941928,16.641140,-49.6868,64.753632
TID2013,0.338383,17.669367,17.799715,-55.2875,74.686325
TID2013,0.371212,18.342894,17.619736,-56.3544,86.655571
TID2013,0.405684,16.196043,13.683784,-50.6653,92.935051
TID2013,0.689394,0.255131,-15.145856,87.9333,5.471747
TID2013,0.705427,0.483643,-13.872149,78.8537,8.980388
TID2013,0.659259,1.246805,-10.663462,52.7581,18.442867
TID2013,0.595062,2.131927,-6.733179,35.5547,26.505882
TID2013,0.535353,4.281931,-3.168619,-5.5291,37.071018
TID2013,0.616161,2.133123,-4.431049,71.3579,6.066528
TID2013,0.711111,6.085634,1.645161,46.0023,12.127851
TID2013,0.489418,7.073820,8.042366,15.8996,15.308617
TID2013,0.747474,15.384896,8.995491,-9.1867,24.419308
TID2013,0.371212,22.103169,27.961805,-58.2116,31.556797
TID2013,0.598484,1.124265,-10.413390,70.7928,15.485043
TID2013,0.550506,1.780850,-7.264552,59.5076,22.474979
TID2013,0.486420,2.831567,-3.298491,45.2476,31.673359
TID2013,0.429293,4.900097,1.588040,25.7112,44.352005
TID2013,0.404040,8.243643,4.616351,2.7040,58.846298
TID2013,0.651852,1.788933,-5.521265,67.4214,4.658223
TID2013,0.604938,2.858895,-2.519432,55.3893,6.786714
TID2013,0.533333,4.626773,1.577457,39.9067,8.962752
TID2013,0.457071,7.321817,4.401052,20.9123,11.723009
TID2013,0.411617,11.106703,8.044834,-0.5074,16.988981
TID2013,0.638889,1.337179,-8.154569,72.5444,4.050536
TID2013,0.602469,2.556370,-3.501089,57.4175,5.519127
TID2013,0.490956,5.575328,2.781442,29.4438,8.763773
TID2013,0.402469,11.767383,10.119243,-15.5648,17.982874
TID2013,0.325581,25.545522,27.241051,-59.7747,43.766636
TID2013,0.629630,2.227524,-4.687960,63.0290,4.901150
TID2013,0.550506,3.758559,-0.506719,46.2567,6.889134
TID2013,0.456790,6.302925,3.149914,21.6835,10.872244
TID2013,0.376262,10.606080,7.389750,-8.7502,16.759186
TID2013,0.258398,20.565832,19.245529,-51.2504,29.238998
TID2013,0.659259,1.689592,-5.967926,65.7999,7.193238
TID2013,0.581396,2.529153,-2.086462,52.7159,9.211637
TID2013,0.516796,4.415019,2.438012,32.3761,10.826080
TID2013,0.460318,8.195533,7.501190,-3.0250,21.383160
TID2013,0.295454,21.704568,23.666859,-60.6787,38.908752
TID2013,0.669136,1.474401,-8.345323,75.6428,4.898612
TID2013,0.637037,3.507432,-1.595785,54.0439,10.010694
TID2013,0.560493,7.282738,5.782076,18.7934,12.016536
TID2013,0.467700,10.163858,9.683453,1.0805,18.682018
TID2013,0.293827,22.399297,27.605749,-55.2794,32.695164
TID2013,0.635659,2.017784,-6.043620,65.2941,3.875104
TID2013,0.548148,3.741128,-0.642414,45.9652,7.099329
TID2013,0.429293,7.746737,6.671695,8.5877,13.530185
TID2013,0.250000,17.450192,19.564730,-46.4205,22.804867
TID2013,0.052910,36.315151,44.408325,-64.7740,33.695354
TID2013,0.616488,1.279036,-8.275372,75.6725,3.266725
TID2013,0.523298,2.041652,-5.497600,65.7684,4.326365
TID2013,0.537634,3.279113,-2.019726,51.7245,5.779867
TID2013,0.455556,5.215457,2.283640,35.0877,7.685215
TID2013,0.394266,8.255903,6.071601,13.8286,11.273540
TID2013,0.621528,0.714101,-11.514585,85.2081,1.673025
TID2013,0.616488,1.123302,-8.996004,79.2250,2.286730
TID2013,0.600694,1.780171,-6.941596,70.6670,3.576612
TID2013,0.580646,2.857257,-3.907632,59.0552,4.815310
TID2013,0.516129,4.607960,1.018915,43.1900,6.363638
TID2013,0.516129,2.915775,-2.552682,56.5510,5.373416
TID2013,0.476702,4.668271,1.638351,37.8012,7.561172
TID2013,0.385186,7.538404,5.393003,13.1555,10.480799
TID2013,0.329861,12.000115,10.507035,-14.5316,16.357176
TID2013,0.260417,17.880856,16.845776,-38.6789,20.038254
TID2013,0.673836,0.740822,-11.247014,85.3720,2.411490
TID2013,0.648746,1.056218,-8.994283,80.7137,3.638956
TID2013,0.625000,1.558676,-7.276176,73.8616,5.721467
TID2013,0.604167,2.359866,-5.189417,64.4017,10.151594
TID2013,0.551971,3.702934,-1.862003,50.6821,16.802809
TID2013,0.592592,0.828171,-10.315674,80.2169,3.016096
TID2013,0.605734,1.294335,-7.592469,72.8117,3.976668
TID2013,0.524306,2.772988,-3.258533,55.5185,6.208888
TID2013,0.440860,6.068670,3.550507,28.7164,10.099531
TID2013,0.347222,13.343735,12.065406,-17.7599,19.462481
TID2013,0.487456,2.299395,-7.166540,43.8553,14.307367
TID2013,0.454861,3.462939,-4.031192,30.8340,18.618788
TID2013,0.437037,5.336931,0.214811,11.0219,17.327364
TID2013,0.401433,8.009514,4.840863,-11.7945,22.432663
TID2013,0.340502,11.617738,8.515946,-33.3908,27.978971
TID2013,0.611111,1.730158,-6.294308,70.9552,3.443968
TID2013,0.516129,3.239835,-1.037216,54.0572,5.133842
TID2013,0.462963,6.963681,4.883579,20.1030,14.011188
TID2013,0.383512,10.082815,8.220239,-0.2893,14.391040
TID2013,0.265233,15.987456,13.333049,-26.9029,21.050211
TID2013,0.579861,1.506686,-5.843194,76.2910,7.449440
TID2013,0.510417,3.332239,0.705917,57.1843,13.329749
TID2013,0.433692,7.178697,5.143617,28.0981,22.998871
TID2013,0.318997,13.863557,11.931750,-9.5378,36.016392
TID2013,0.218638,24.414038,24.427517,-52.6075,50.047604
TID2013,0.634409,1.725852,-6.178288,69.8771,2.776819
TID2013,0.652778,2.657160,-2.871913,58.3316,3.676652
TID2013,0.559028,4.843284,2.605107,37.4021,6.224365
TID2013,0.388889,9.798248,8.296514,1.4949,10.122947
TID2013,0.194444,23.183472,24.674572,-52.9459,19.433144
TID2013,0.663082,1.010084,-10.545184,77.6934,2.596797
TID2013,0.621528,1.786908,-6.692735,68.3569,3.446427
TID2013,0.520833,4.301684,0.060685,43.0700,5.200606
TID2013,0.357639,11.342201,10.955889,-11.4840,9.214993
TID2013,0.149306,20.521595,21.821793,-46.6805,18.479818
TID2013,0.666667,1.277921,-8.806369,75.3821,2.482895
TID2013,0.583333,2.307484,-4.664453,63.1161,3.654510
TID2013,0.507408,4.568699,1.595909,40.5395,5.167365
TID2013,0.465950,6.819176,4.672943,21.9071,8.296679
TID2013,0.251852,16.090605,15.543712,-27.9308,15.657276
TID2013,0.688172,1.931482,-6.052605,65.9475,17.293734
TID2013,0.637993,2.602616,-3.842671,56.7446,17.449732
TID2013,0.611111,3.924847,-1.076748,42.7052,17.402870
TID2013,0.534722,6.974678,5.092595,23.6450,25.292532
TID2013,0.472222,11.812841,14.663689,-30.5462,67.007294
TID2013,0.642361,1.956730,-4.873501,63.9685,5.479701
TID2013,0.362963,5.556359,2.508303,30.6637,17.868189
TID2013,0.487456,4.256778,0.741277,37.7254,13.417061
TID2013,0.303703,9.354802,6.868422,-1.6798,17.855482
TID2013,0.236111,17.370882,16.023891,-47.8865,46.052746
TID2013,0.628472,2.835104,-3.851285,50.5763,27.200905
TID2013,0.604167,4.981765,-0.318153,32.3008,42.681557
TID2013,0.541219,8.659039,4.862361,0.2479,46.789536
TID2013,0.527778,11.440800,8.070687,-18.7461,57.259830
TID2013,0.444444,18.332850,14.390663,-48.0134,61.554417
TID2013,0.419354,12.792270,14.669944,-42.8309,59.879116
TID2013,0.326164,16.001764,16.383568,-51.9257,70.610085
TID2013,0.364583,16.665272,15.377392,-54.3331,80.109940
TID2013,0.409722,14.632130,12.870230,-53.3169,96.608665
TID2013,0.390681,12.212821,11.623550,-43.9722,104.855827
TID2013,0.673611,0.266519,-15.061482,88.9209,4.172668
TID2013,0.638889,1.013170,-10.464368,76.3225,6.922308
TID2013,0.652330,1.230999,-10.362036,56.5179,14.075804
TID2013,0.544803,4.849873,0.456850,27.7141,21.831360
TID2013,0.507408,4.410008,-2.563139,4.5072,28.352201
TID2013,0.600694,2.421399,-2.711412,67.5594,6.306734
TID2013,0.620072,7.781157,2.825973,41.9896,10.195185
TID2013,0.465278,8.002097,9.084188,6.7324,16.444727
TID2013,0.562724,16.309905,8.736665,-6.3427,17.960360
TID2013,0.362007,24.565952,28.597296,-62.1400,34.461227
TID2013,0.472222,0.884451,-15.125269,66.5275,6.738446
TID2013,0.415771,1.734322,-13.490283,50.0679,9.492647
TID2013,0.326389,3.597434,-10.034563,25.4061,13.370422
TID2013,0.315972,6.944555,-3.550953,-5.5466,19.107286
TID2013,0.318997,11.798972,-1.768079,-33.3340,26.386232
TID2013,0.598567,1.582317,-6.660705,69.6504,4.187241
TID2013,0.548387,2.451865,-3.623537,59.3703,5.685172
TID2013,0.520833,3.796945,-0.162102,46.8466,7.419332
TID2013,0.448029,5.887825,3.728838,31.7446,10.528171
TID2013,0.399306,8.842215,6.832660,13.0744,16.126875
TID2013,0.652330,0.865115,-10.378309,77.5640,2.701240
TID2013,0.663082,1.447628,-6.889203,69.3573,3.666831
TID2013,0.585186,2.610532,-2.780594,56.6869,4.515858
TID2013,0.513889,5.187638,2.306402,34.5904,6.443295
TID2013,0.423611,10.368651,8.180428,-1.6593,8.690504
TID2013,0.631944,1.791423,-6.263636,69.0316,3.397691
TID2013,0.548387,3.027497,-2.385199,54.4007,5.072252
TID2013,0.476702,5.049845,2.107888,34.9076,8.716512
TID2013,0.422939,8.344492,5.730982,9.9000,10.422378
TID2013,0.297491,14.694155,12.712112,-26.5958,17.964640
TID2013,0.623656,1.406306,-7.829765,71.7246,4.535887
TID2013,0.605734,2.481834,-3.003462,58.3894,6.798733
TID2013,0.462366,4.358450,1.883825,40.4699,13.344091
TID2013,0.340278,8.177109,7.848341,11.9770,21.246824
TID2013,0.263889,12.997336,14.225248,-18.7800,26.252773
TID2013,0.670251,0.978972,-10.813237,80.7598,1.555856
TID2013,0.684588,2.002927,-5.627748,69.3648,2.668682
TID2013,0.630824,3.151158,-2.792068,59.2858,3.941787
TID2013,0.611111,4.150329,-0.363184,51.6947,4.954778
TID2013,0.604167,5.652439,2.760980,41.3596,6.531609
TID2013,0.659498,1.385888,-8.430729,73.5782,2.618159
TID2013,0.642361,2.449273,-4.173797,60.6362,3.774477
TID2013,0.587813,4.378380,0.851056,41.8764,5.237700
TID2013,0.440860,7.723590,6.352180,14.5267,9.497922
TID2013,0.291667,14.751780,14.633060,-26.3068,18.954233
TID2013,0.595960,1.841950,-6.323043,68.2476,3.675640
TID2013,0.555556,3.102078,-2.844845,54.1948,4.644374
TID2013,0.505050,5.192288,1.239780,36.0121,6.607627
TID2013,0.448029,8.525228,4.792629,13.4945,9.222139
TID2013,0.404040,13.269580,9.168197,-11.1178,12.015419
TID2013,0.653199,0.847632,-10.877391,82.4953,2.161213
TID2013,0.670033,1.381730,-8.065597,75.2001,2.831007
TID2013,0.618056,2.309097,-5.788432,64.4988,4.042772
TID2013,0.541667,3.871177,-1.876105,49.4574,5.257674
TID2013,0.505050,6.403655,2.386433,30.2650,7.015095
TID2013,0.511784,4.295632,0.209056,39.4730,6.908552
TID2013,0.454861,7.430088,3.953147,11.4918,9.416835
TID2013,0.410774,11.937114,8.637571,-16.9999,15.193723
TID2013,0.361111,18.355892,15.423108,-43.5391,19.098856
TID2013,0.319866,27.442849,24.975933,-61.3077,28.602291
TID2013,0.637993,1.006239,-10.010067,80.5070,5.346741
TID2013,0.621528,1.523470,-7.151724,73.9544,9.684766
TID2013,0.598567,2.382859,-4.363774,64.9051,15.634590
TID2013,0.519713,3.830293,0.166647,51.4222,21.607605
TID2013,0.474748,6.238731,4.623019,31.2583,26.775471
TID2013,0.659498,1.103930,-8.851531,75.6389,3.178628
TID2013,0.611111,1.822399,-5.389346,66.1981,4.167224
TID2013,0.552083,4.195375,-0.019641,44.5992,6.598321
TID2013,0.454546,9.347860,5.830718,12.9110,10.947201
TID2013,0.399306,18.985988,15.021151,-31.2602,20.704308
TID2013,0.579861,2.668223,-6.246876,41.5564,12.531181
TID2013,0.479167,3.954644,-1.595176,25.6312,15.463398
TID2013,0.462366,5.659837,1.699835,11.8986,22.355425
TID2013,0.423611,9.106406,5.856858,-12.7142,23.456057
TID2013,0.371528,13.500883,10.051562,-30.4616,25.775595
TID2013,0.542088,3.535637,0.247982,44.6212,5.236908
TID2013,0.527778,6.237321,3.291724,19.8270,7.964389
TID2013,0.458781,9.000599,6.264581,-3.1261,10.912960
TID2013,0.407408,15.277234,12.503909,-40.6879,20.664429
TID2013,0.301076,23.312243,20.000683,-60.3573,29.925762
TID2013,0.652778,1.050476,-8.821355,83.5338,4.862208
TID2013,0.582491,2.326554,-1.715814,71.1109,8.445440
TID2013,0.482639,5.162498,3.625089,49.5863,14.280420
TID2013,0.387206,10.564785,10.330933,15.2479,22.493330
TID2013,0.263889,20.093920,22.564116,-33.5302,32.050880
TID2013,0.727272,1.580029,-7.118882,71.4635,3.374645
TID2013,0.676768,2.400265,-3.192818,61.7447,4.548996
TID2013,0.572391,4.415219,1.751348,40.4204,6.581011
TID2013,0.434028,8.587240,7.286770,6.8962,12.987638
TID2013,0.279461,20.403462,23.867191,-46.7270,22.826420
TID2013,0.666667,1.012133,-11.341417,78.9739,2.596670
TID2013,0.628472,1.712084,-7.649443,69.1619,3.403285
TID2013,0.545139,3.957330,-0.020548,42.0026,6.296877
TID2013,0.354839,11.430063,10.366874,-18.8859,13.793083
TID2013,0.260417,20.378453,22.188862,-53.6486,19.012655
TID2013,0.656250,2.042671,-5.951641,65.7059,3.546359
TID2013,0.572917,3.563613,-0.256158,49.1209,5.210752
TID2013,0.440972,7.806025,6.304402,10.7636,10.862140
TID2013,0.267361,18.530631,21.425680,-41.2182,21.550646
TID2013,0.097643,34.371049,41.756329,-63.9496,41.109081
TID2013,0.673401,2.509804,-3.311301,58.7547,10.843872
TID2013,0.656250,3.399957,-0.213753,51.7723,11.578061
TID2013,0.545139,6.587000,4.119433,34.6592,17.018406
TID2013,0.329861,10.529999,8.287757,11.2789,28.893570
TID2013,0.315972,17.345834,18.463640,-35.8790,57.407677
TID2013,0.501683,4.557387,2.158194,32.6984,11.073197
TID2013,0.419354,8.730919,7.011370,0.0749,14.673882
TID2013,0.370370,11.981389,9.215909,-12.6354,27.909370
TID2013,0.313131,19.914586,19.450994,-48.1731,35.855385
TID2013,0.319866,19.355471,17.212280,-49.6663,26.951429
TID2013,0.649306,4.076520,0.025154,33.1924,33.500912
TID2013,0.609428,3.560988,-2.041916,46.6232,24.257572
TID2013,0.697917,7.725154,5.487623,8.2005,35.394527
TID2013,0.493056,10.096423,8.982460,-10.7151,50.102638
TID2013,0.368056,14.697654,14.141489,-34.3716,60.999451
TID2013,0.323232,13.081650,15.897222,-41.8951,57.779575
TID2013,0.340068,15.828941,17.219601,-47.4241,71.557106
TID2013,0.361111,13.736183,14.303519,-46.9499,82.637245
TID2013,0.399306,14.939004,12.532621,-49.7056,92.356781
TID2013,0.649831,11.135318,7.183947,-31.2361,107.245903
TID2013,0.673401,0.218522,-14.964044,88.9709,4.734404
TID2013,0.700337,0.415497,-13.940258,79.9835,7.717678
TID2013,0.638889,1.016601,-11.036974,59.0354,16.081533
TID2013,0.655914,1.958292,-6.224783,38.1032,23.171486
TID2013,0.518519,3.267040,-5.012843,8.7933,32.990276
TID2013,0.645833,2.094810,-4.836857,72.3298,5.085470
TID2013,0.754209,5.883476,1.039421,45.0454,9.531326
TID2013,0.531250,6.879114,7.311504,19.5018,14.266366
TID2013,0.707071,14.540514,7.015915,-7.3861,20.673222
TID2013,0.400673,21.088451,25.493101,-54.9584,32.496601
TID2013,0.535353,0.926532,-14.142690,71.1326,12.603551
TID2013,0.478114,1.605041,-12.153058,56.7135,17.700912
TID2013,0.451613,3.059674,-9.146479,34.3812,24.185753
TID2013,0.368056,5.976359,-3.362500,1.7749,32.287888
TID2013,0.350694,10.954676,1.153052,-34.9653,42.096161
TID2013,0.611111,2.033409,-4.984604,64.1856,4.434657
TID2013,0.519713,3.455809,-1.279830,48.7676,5.846714
TID2013,0.501792,5.641067,2.216983,30.5218,8.029387
TID2013,0.451389,9.139069,5.330767,8.3059,10.306046
TID2013,0.387206,13.779022,9.676256,-15.7910,14.242913
TID2013,0.645833,1.555066,-7.252456,70.2473,3.636213
TID2013,0.629630,2.985708,-1.778225,54.1333,5.401343
TID2013,0.500000,5.988383,3.157299,27.2715,8.108356
TID2013,0.434343,12.505352,11.297810,-16.5862,15.022183
TID2013,0.323232,26.229279,29.358858,-57.9251,26.534662
TID2013,0.585859,2.471564,-3.728877,59.7567,5.414763
TID2013,0.534722,4.132928,0.623470,42.4137,6.245509
TID2013,0.472222,7.026161,3.588073,16.3413,10.199643
TID2013,0.388889,11.728972,8.032006,-11.5855,13.782331
TID2013,0.240143,23.687130,23.280743,-54.8138,26.123884
TID2013,0.635417,1.825795,-5.858520,63.6802,7.479558
TID2013,0.643098,2.931991,-2.284354,51.9326,12.188118
TID2013,0.611111,4.928313,1.890646,33.6934,16.453129
TID2013,0.454861,11.518294,10.828921,-10.6426,27.665520
TID2013,0.302083,16.474245,17.923117,-37.2075,35.071533
TID2013,0.694444,1.442295,-8.687404,77.6690,2.853619
TID2013,0.697917,2.954619,-2.368532,64.7268,5.016466
TID2013,0.670033,5.584026,3.735052,45.1863,8.837569
TID2013,0.534722,9.677626,8.856567,21.0310,11.609722
TID2013,0.319444,19.316687,22.812933,-34.4976,32.288589
TID2013,0.638889,2.144487,-5.670478,64.6760,4.291192
TID2013,0.565972,4.019163,-0.047017,43.8237,6.330975
TID2013,0.416667,8.203248,7.135753,8.8772,14.976491
TID2013,0.225589,17.594736,19.560326,-41.7138,30.969742
TID2013,0.026936,33.653108,40.797520,-64.1727,42.464649
TID2013,0.635328,1.797296,-6.326448,68.1346,3.461291
TID2013,0.603603,3.003191,-3.073211,54.4242,5.088456
TID2013,0.527066,5.031872,1.046930,36.2897,6.336434
TID2013,0.504273,8.282020,4.902655,13.2961,8.754361
TID2013,0.423977,13.283349,9.796496,-14.3003,12.158896
TID2013,0.672672,0.858353,-10.814390,82.6289,1.835082
TID2013,0.648649,1.390518,-8.233818,74.9575,2.639169
TID2013,0.641026,2.277805,-5.835114,64.2844,3.749512
TID2013,0.614036,3.791467,-1.614619,49.1946,5.249119
TID2013,0.525526,6.378101,2.872133,29.9096,6.990073
TID2013,0.561561,4.300385,0.452009,36.7220,6.985902
TID2013,0.484568,7.065710,3.811108,10.9682,10.155811
TID2013,0.447293,11.777280,8.756358,-19.9085,13.726734
TID2013,0.367521,18.708416,16.245300,-46.8283,20.221045
TID2013,0.324787,28.060589,26.201857,-62.6166,26.124586
TID2013,0.675213,1.185138,-9.519921,80.2005,6.435112
TID2013,0.567901,1.696839,-7.051380,74.6707,11.096801
TID2013,0.573099,2.608459,-3.540699,65.8046,16.918655
TID2013,0.529914,4.109804,1.700809,52.0940,23.584074
TID2013,0.470086,6.744593,5.864399,30.8038,28.457903
TID2013,0.672364,1.097913,-8.841499,75.8289,3.278581
TID2013,0.643874,1.800610,-5.644677,66.4293,4.329389
TID2013,0.575499,4.142248,0.156421,44.6562,6.847668
TID2013,0.488304,9.338046,6.513547,12.0225,10.695276
TID2013,0.371346,19.566666,17.168180,-34.2629,18.790638
TID2013,0.573099,2.377668,-6.763629,46.3685,12.801252
TID2013,0.516517,3.977378,-2.462641,26.8536,19.022675
TID2013,0.508772,5.820759,1.099571,12.4437,27.383472
TID2013,0.426901,8.800839,5.337935,-5.1928,25.639277
TID2013,0.378379,13.495385,9.706362,-28.9987,32.736687
TID2013,0.615616,3.645346,0.238934,44.5672,5.968698
TID2013,0.558404,6.489296,3.245382,15.6527,9.456856
TID2013,0.495727,12.620566,9.769834,-25.8566,12.516273
TID2013,0.444444,21.357737,17.981453,-55.0734,19.336075
TID2013,0.339181,27.630617,22.457193,-63.0175,27.681898
TID2013,0.663742,0.956820,-9.556789,84.2093,4.655284
TID2013,0.589743,2.091238,-2.973561,72.5149,8.143971
TID2013,0.483483,4.648996,2.749640,52.2065,13.797385
TID2013,0.388889,9.745558,8.962792,18.3537,21.748793
TID2013,0.309941,18.759706,20.579573,-29.7009,30.893097
TID2013,0.663818,1.774379,-6.294342,69.5619,3.553852
TID2013,0.632479,2.645098,-2.719922,57.8349,4.437704
TID2013,0.575499,5.053440,2.347854,33.2154,7.137206
TID2013,0.423977,10.608200,9.490375,-6.0303,12.332683
TID2013,0.253561,23.301278,27.327805,-55.2285,24.861008
TID2013,0.652047,1.032706,-11.096015,78.8213,2.666724
TID2013,0.646199,1.805596,-6.939975,68.3008,3.286204
TID2013,0.578348,4.213480,0.901694,38.2604,6.471920
TID2013,0.404559,12.510919,12.002772,-28.1293,11.400048
TID2013,0.270656,23.594567,26.913033,-60.1383,18.271990
TID2013,0.572650,2.132905,-5.335010,65.1162,3.901103
TID2013,0.495727,4.486725,1.621265,39.0679,6.474988
TID2013,0.401709,10.656047,10.213559,-10.1384,14.698361
TID2013,0.242690,23.707437,28.516855,-54.4392,27.300730
TID2013,0.137427,39.143581,48.398087,-64.3302,42.424229
TID2013,0.529914,4.313277,-3.069141,53.1548,25.243395
TID2013,0.649123,4.249160,1.714696,45.5908,13.453644
TID2013,0.547009,6.139983,4.110584,27.4844,23.129490
TID2013,0.450292,13.912892,15.544147,-18.8714,55.648430
TID2013,0.298246,22.026605,23.725126,-51.4181,81.460091
TID2013,0.643274,2.778858,-1.201123,54.7388,9.658580
TID2013,0.435672,9.211778,7.175741,-12.1219,15.107500
TID2013,0.380117,12.959898,10.790290,-23.1438,23.496180
TID2013,0.298246,27.088593,27.045870,-63.7583,32.322460
TID2013,0.321938,25.628701,21.711607,-62.8283,49.787632
TID2013,0.646723,3.785957,-1.936405,42.2483,25.186930
TID2013,0.683761,4.241587,-0.359557,40.1801,22.910013
TID2013,0.616959,7.620908,5.327532,5.5373,40.458866
TID2013,0.474474,11.120541,10.545674,-19.5191,55.367443
TID2013,0.426901,15.093865,13.776456,-36.2641,62.945171
TID2013,0.342106,13.335551,17.612650,-38.5363,68.615654
TID2013,0.358974,14.843948,16.583731,-38.3414,60.456951
TID2013,0.401709,15.401031,17.285151,-38.3116,72.053261
TID2013,0.374269,15.701471,16.054211,-38.7439,84.993668
TID2013,0.464388,12.872921,10.102097,-41.6925,113.823570
TID2013,0.680912,0.207205,-14.933278,89.9239,4.713360
TID2013,0.678062,0.814765,-11.311306,75.0314,7.792976
TID2013,0.669516,0.960761,-10.800478,60.5234,15.709693
TID2013,0.619883,3.522026,-3.116091,26.7517,22.941864
TID2013,0.569801,3.895425,-3.551651,6.3967,31.284311
TID2013,0.634503,2.052665,-5.038917,73.7487,8.462181
TID2013,0.732193,5.392281,1.188367,45.0728,8.618374
TID2013,0.507508,6.670183,6.821914,22.6387,20.789316
TID2013,0.729344,12.608074,6.864367,-4.3215,17.785686
TID2013,0.410257,20.252414,24.705309,-52.1613,44.774216
TID2013,0.501424,2.198886,-10.028397,54.1593,25.968960
TID2013,0.452991,4.102762,-7.219304,36.0125,35.792961
TID2013,0.424501,7.206468,-3.271914,14.3245,43.769188
TID2013,0.403509,10.261784,-0.235934,-8.0875,50.195869
TID2013,0.368421,12.146477,1.055954,-23.3084,53.149910
TID2013,0.619883,2.040443,-5.195082,63.7398,4.718356
TID2013,0.602339,3.456067,-1.502805,48.7124,6.439760
TID2013,0.519520,5.755724,2.425396,28.9446,8.742867
TID2013,0.468469,9.226507,5.822127,4.5853,11.191615
TID2013,0.430199,14.213141,10.449815,-20.2279,14.979903
TID2013,0.649572,1.612198,-7.077351,69.7974,3.648116
TID2013,0.598291,3.237335,-1.286259,52.0183,5.379706
TID2013,0.492878,6.865253,3.712064,19.2501,9.355875
TID2013,0.397661,14.740372,13.768471,-28.5497,15.632882
TID2013,0.318318,33.533320,38.256981,-63.9001,29.971285
TID2013,0.611111,2.675283,-3.072790,56.4000,5.012069
TID2013,0.575499,4.625379,1.217730,35.2965,7.117404
TID2013,0.472934,7.650499,4.150005,9.9405,11.494333
TID2013,0.418803,13.067334,9.564295,-23.0597,13.574006
TID2013,0.279202,25.661210,24.516203,-58.9058,25.269545
TID2013,0.663742,1.800526,-6.717170,66.2621,7.797270
TID2013,0.541310,3.479360,0.119396,44.2312,12.028644
TID2013,0.498499,5.712733,4.713834,23.2325,15.964059
TID2013,0.447531,8.077777,7.273579,8.7688,18.450771
TID2013,0.361823,15.535957,17.655830,-19.5495,41.981544
TID2013,0.683761,1.952312,-7.360374,76.9114,5.682581
TID2013,0.660969,3.074311,-2.927916,57.3745,10.395652
TID2013,0.505848,8.839808,7.062092,13.8527,17.889753
TID2013,0.289473,18.841873,20.183460,-40.2165,36.991776
TID2013,0.160819,31.359985,39.946648,-63.4939,46.734951
TID2013,0.606838,2.454420,-4.141550,62.4233,5.127377
TID2013,0.532163,4.652321,1.156370,39.4498,8.422606
TID2013,0.390313,9.647795,9.180493,-2.0990,15.964320
TID2013,0.207207,22.009043,25.444902,-55.8668,28.124546
TID2013,0.040936,42.006207,51.453445,-65.6278,51.335537
TID2013,0.615616,1.500948,-6.996350,72.4865,3.536318
TID2013,0.573573,2.476028,-3.982110,60.3718,4.417322
TID2013,0.594594,4.021795,0.177501,44.8887,5.995739
TID2013,0.476190,6.493206,3.871694,25.6675,8.537518
TID2013,0.429012,10.447571,8.035069,0.0717,12.394659
TID2013,0.617284,0.780868,-10.932990,83.7324,1.863277
TID2013,0.653968,1.229783,-8.413509,76.8883,2.571848
TID2013,0.604938,2.038840,-5.831157,66.5691,3.535321
TID2013,0.577160,3.338638,-1.851742,52.7036,4.985519
TID2013,0.527778,5.621370,2.912940,32.8175,6.748549
TID2013,0.555556,3.592387,-0.262995,47.9585,5.564335
TID2013,0.492492,5.916351,3.128505,25.0403,7.754866
TID2013,0.425397,9.470690,6.950967,0.1930,12.093368
TID2013,0.363363,15.124868,13.272214,-28.9529,15.712191
TID2013,0.324074,22.953328,21.693378,-53.2615,22.833944
TID2013,0.607843,0.789608,-10.799916,82.8707,2.627232
TID2013,0.624624,1.130869,-8.571956,77.6458,3.541297
TID2013,0.587301,1.750603,-6.568784,69.2580,5.149347
TID2013,0.577160,2.784999,-3.543734,56.9680,7.703282
TID2013,0.519520,4.636229,1.506663,37.8237,12.418947
TID2013,0.669670,0.936057,-9.486809,78.0137,3.182647
TID2013,0.645062,1.506134,-6.481635,69.4695,4.225639
TID2013,0.588589,3.399877,-1.097591,48.5742,6.666751
TID2013,0.466049,7.727159,5.862124,14.2094,10.578045
TID2013,0.339507,16.882022,16.419548,-36.9512,21.722109
TID2013,0.521604,3.860541,-2.671222,-1.5787,17.675674
TID2013,0.487654,5.168658,0.197528,-13.6040,20.942993
TID2013,0.441441,8.097510,5.044033,-39.7348,21.547134
TID2013,0.393393,11.604773,8.650015,-54.1198,31.970276
TID2013,0.336508,16.770127,14.436694,-61.7156,36.310966
TID2013,0.618619,2.581767,-3.374731,59.8593,6.005446
TID2013,0.533333,5.235227,2.102826,32.8578,8.918313
TID2013,0.503087,8.628933,5.952697,11.6996,9.268987
TID2013,0.437909,16.685817,15.812296,-29.1723,14.508561
TID2013,0.306307,24.310079,20.082712,-52.3414,30.178169
TID2013,0.549207,1.146452,-7.898542,79.6875,5.399619
TID2013,0.507937,2.516392,-1.227354,64.0474,9.687651
TID2013,0.417418,5.718553,3.900507,38.5782,16.318552
TID2013,0.317460,11.979518,11.559248,1.0338,24.685080
TID2013,0.259259,22.598865,25.994432,-44.5884,32.953930
TID2013,0.645646,1.915161,-5.031565,66.7855,2.810431
TID2013,0.651651,3.059509,-0.888144,54.0511,4.124865
TID2013,0.518519,5.973055,3.449676,26.9369,6.911583
TID2013,0.370370,11.774586,10.441558,-13.7396,12.599504
TID2013,0.219136,25.254926,28.250309,-59.7980,19.436716
TID2013,0.645646,1.036371,-10.494108,77.8249,2.379433
TID2013,0.627628,1.867131,-6.570404,67.2292,3.345177
TID2013,0.558642,4.418525,1.143338,41.1212,5.853691
TID2013,0.387388,12.804302,12.743428,-16.5502,11.290697
TID2013,0.252252,25.260160,27.986980,-60.4811,19.916515
TID2013,0.651234,1.617039,-6.615393,71.8252,3.465939
TID2013,0.603174,2.758063,-2.826986,58.2004,3.864398
TID2013,0.496913,5.043640,2.338370,36.6931,6.554828
TID2013,0.323810,14.380654,14.230293,-24.6875,13.947207
TID2013,0.108024,31.721391,37.110844,-64.0152,29.660089
TID2013,0.623457,2.086344,-5.757779,58.5329,15.496475
TID2013,0.663580,5.669906,2.616135,16.5714,15.384308
TID2013,0.513513,5.850787,3.245604,31.3472,19.088732
TID2013,0.419753,9.314318,9.264528,-12.1795,31.382698
TID2013,0.225309,16.354942,15.683565,-40.4822,29.459652
TID2013,0.453703,7.258614,5.862224,3.2757,16.823341
TID2013,0.504504,3.660972,-0.394126,45.6138,8.668283
TID2013,0.361111,16.116275,15.806629,-34.4664,32.011696
TID2013,0.305556,15.142390,12.970794,-35.8233,23.579168
TID2013,0.253087,27.977244,26.381071,-61.7586,40.196888
TID2013,0.648148,3.216679,-3.394680,42.2145,26.852379
TID2013,0.606349,4.822430,0.631944,35.5746,21.799788
TID2013,0.588589,8.020276,7.179961,-5.2782,40.900524
TID2013,0.574074,13.730444,11.576717,-27.3596,59.787876
TID2013,0.487654,17.794156,16.749643,-51.1107,65.539711
TID2013,0.354354,12.220621,14.450593,-38.7732,53.228546
TID2013,0.376543,15.695507,16.629406,-47.3737,63.464794
TID2013,0.388889,17.054421,16.044167,-52.1702,73.374077
TID2013,0.408409,16.097021,13.472286,-55.1964,87.449722
TID2013,0.388889,15.212631,13.052288,-37.3502,82.380150
TID2013,0.678679,0.235348,-14.987945,88.2575,4.821074
TID2013,0.657658,0.433906,-14.025050,78.3923,7.968977
TID2013,0.632716,1.695379,-6.075039,49.9138,16.073465
TID2013,0.549550,2.006840,-6.709887,33.1201,23.448412
TID2013,0.507508,7.845078,1.026980,-20.0718,31.683466
TID2013,0.621621,2.058413,-4.757340,71.2243,6.308300
TID2013,0.750000,5.897569,1.086465,42.9159,11.967354
TID2013,0.482540,6.844054,7.306459,13.9426,16.063421
TID2013,0.759760,14.235357,7.447016,-9.5193,23.406103
TID2013,0.357358,21.398296,25.986216,-59.2959,33.422157
TID2013,0.506173,1.178207,-11.932782,72.1121,16.057976
TID2013,0.474474,1.963529,-9.778968,62.0987,23.586075
TID2013,0.398148,3.475861,-6.456143,47.4830,32.178001
TID2013,0.382353,6.028592,-2.404662,29.4784,40.520313
TID2013,0.390390,9.153683,0.246480,10.0088,51.067963
TID2013,0.627628,1.657498,-6.177332,69.5264,4.464289
TID2013,0.567901,2.628789,-2.783962,57.9222,5.810992
TID2013,0.516517,4.324759,1.547011,42.8648,7.268446
TID2013,0.441270,6.896925,4.636737,22.4994,11.274271
TID2013,0.402402,10.505222,8.737044,1.5501,14.999076
TID2013,0.669841,1.042939,-9.417869,75.9007,3.048670
TID2013,0.621621,1.807195,-5.474047,65.5523,4.400877
TID2013,0.594594,3.411229,-0.776321,49.5965,5.316464
TID2013,0.543210,7.550501,4.464007,18.2615,7.803762
TID2013,0.404321,18.572275,17.867361,-36.4211,16.796572
TID2013,0.633633,2.151338,-4.514044,64.1849,3.558721
TID2013,0.601852,3.623189,-0.220018,48.0402,5.656322
TID2013,0.489490,6.388921,3.274509,22.8562,7.945724
TID2013,0.429012,10.947489,7.784460,-6.9590,13.345126
TID2013,0.294294,19.803777,17.899878,-46.9559,17.776524
TID2013,0.618619,1.602869,-6.515728,68.9191,7.386170
TID2013,0.600601,2.584202,-2.099098,52.2550,12.595484
TID2013,0.543543,5.827726,4.511466,23.1602,16.259281
TID2013,0.405406,11.333067,11.678319,-9.5874,40.028557
TID2013,0.280864,19.313856,20.598719,-40.9628,42.669476
TID2013,0.651651,1.325800,-8.955386,76.8586,3.202963
TID2013,0.648649,2.723787,-3.322110,62.5146,5.890952
TID2013,0.660661,4.283911,-0.004760,48.8521,9.055439
TID2013,0.585586,7.594957,6.063681,23.4754,15.492911
TID2013,0.306307,19.313035,20.841196,-39.3406,31.699835
TID2013,0.657658,1.715550,-6.806132,69.6332,2.985661
TID2013,0.608024,3.170742,-1.485817,53.2688,4.514267
TID2013,0.514286,5.986785,3.605984,27.6414,6.815998
TID2013,0.320634,12.749803,12.433494,-20.5668,14.432485
TID2013,0.064814,29.509885,34.696365,-63.8916,36.004654
TID2013,0.660661,1.900760,-6.394253,67.5443,3.908430
TID2013,0.552469,3.223954,-2.149779,53.5316,4.818573
TID2013,0.532163,5.507575,1.967182,34.2557,6.544118
TID2013,0.459877,9.140029,5.577330,10.2343,9.149674
TID2013,0.418129,14.560867,11.021483,-16.1927,11.996172
TID2013,0.675676,0.869283,-10.763478,82.4194,2.281924
TID2013,0.663663,1.425558,-7.969057,74.9302,3.759345
TID2013,0.614036,2.386769,-5.164329,64.0015,4.495753
TID2013,0.561403,4.046164,-0.689628,48.3861,5.745714
TID2013,0.504504,6.713150,3.794856,28.9924,7.836498
TID2013,0.507508,4.653151,1.056898,32.8802,7.182466
TID2013,0.462462,7.789593,4.422924,5.9800,9.532110
TID2013,0.417418,12.980219,9.998793,-23.8410,13.730051
TID2013,0.345029,21.243353,19.221922,-51.7399,19.064779
TID2013,0.301170,31.821879,30.633329,-63.6433,27.874628
TID2013,0.657658,1.046898,-9.910363,77.8759,4.133063
TID2013,0.614036,1.517100,-7.599136,71.4276,5.864441
TID2013,0.578948,2.397060,-4.820456,61.9016,9.240927
TID2013,0.522522,3.933318,0.050235,47.7274,14.318745
TID2013,0.420420,6.295510,4.912143,27.0330,21.199228
TID2013,0.627628,1.154946,-8.688077,75.7589,3.362484
TID2013,0.645646,1.915563,-5.191490,66.3582,4.540049
TID2013,0.578948,4.472103,0.729299,44.0148,7.270325
TID2013,0.483483,10.197408,7.425771,11.4043,11.482844
TID2013,0.406432,21.153917,19.511272,-31.3852,18.459723
TID2013,0.564564,2.497534,-6.655182,51.2890,12.616463
TID2013,0.535088,5.258498,0.298338,36.2273,15.298783
TID2013,0.495496,8.148765,4.140303,18.7790,18.693613
TID2013,0.453453,12.054659,7.660079,-0.5396,20.388741
TID2013,0.416667,18.649350,13.865309,-25.4645,24.410269
TID2013,0.521604,3.984210,0.476471,43.8125,7.080270
TID2013,0.488304,6.292873,3.192136,21.2873,13.378023
TID2013,0.464912,12.317596,8.706275,-20.0910,15.965171
TID2013,0.354354,17.504841,14.251799,-43.9314,22.542282
TID2013,0.336420,26.655288,22.376232,-61.6483,28.328917
TID2013,0.687134,1.788584,-4.552611,83.8164,8.277445
TID2013,0.608187,4.168011,2.169154,70.8047,14.742211
TID2013,0.502924,8.816508,7.635144,49.6979,25.315619
TID2013,0.400584,15.583586,16.177355,18.9743,39.561428
TID2013,0.308642,24.822881,26.528662,-24.4886,55.293873
TID2013,0.701754,2.298251,-3.732295,61.6365,3.741766
TID2013,0.614198,3.526645,0.131383,47.7542,4.851079
TID2013,0.526316,6.597778,4.032872,19.1747,10.194016
TID2013,0.381381,11.745798,10.645737,-14.6789,15.647577
TID2013,0.250793,21.183611,23.719761,-50.0633,33.020096
TID2013,0.675676,1.039331,-11.179472,77.9147,2.750878
TID2013,0.654971,1.871730,-7.131042,66.6738,3.542975
TID2013,0.567251,4.854744,1.892036,33.8936,6.634760
TID2013,0.345029,13.421562,13.155957,-31.2954,13.115026
TID2013,0.248538,26.104449,27.877171,-60.9550,19.064323
TID2013,0.600601,2.723433,-3.509600,56.8994,4.202664
TID2013,0.519520,6.041621,3.672429,23.2335,7.379215
TID2013,0.308642,15.074466,16.000246,-33.8124,17.578928
TID2013,0.216374,23.198701,26.890829,-58.1186,35.478821
TID2013,0.090643,38.830685,46.785954,-64.8086,54.015205
TID2013,0.611111,3.211832,0.006723,51.0860,8.212846
TID2013,0.561403,4.638607,0.891096,41.1065,16.972794
TID2013,0.405406,8.499495,6.148168,20.5798,27.044226
TID2013,0.342106,17.550503,20.896545,-42.1710,71.995544
TID2013,0.342342,25.498219,17.383327,-48.8256,115.669952
TID2013,0.597598,5.051846,2.421679,21.8327,13.019960
TID2013,0.507508,5.870171,2.263289,21.0960,8.074345
TID2013,0.359649,14.730804,12.927283,-31.9937,17.550182
TID2013,0.314814,25.955368,26.040302,-59.9772,38.009151
TID2013,0.444444,12.599647,11.449478,-34.8049,40.776024
TID2013,0.616959,5.217670,3.709124,22.6663,29.700520
TID2013,0.684210,3.477481,-2.390893,46.8029,29.607574
TID2013,0.504504,6.183373,2.742797,22.2553,46.249401
TID2013,0.497076,8.878220,8.476494,-2.8197,52.668461
TID2013,0.396397,13.675363,12.897792,-32.7615,68.900955
TID2013,0.388889,14.104727,16.977692,-43.6023,56.515217
TID2013,0.390477,17.404246,18.696238,-49.1146,65.634827
TID2013,0.406432,17.349357,17.583809,-49.0359,78.729492
TID2013,0.453217,15.405414,13.972743,-50.5815,98.275627
TID2013,0.504762,15.560554,15.366971,-42.3025,84.510406
TID2013,0.725147,0.198335,-15.296199,90.2052,4.770328
TID2013,0.699700,1.162995,-9.179357,72.5997,7.889721
TID2013,0.672514,0.953358,-11.806696,64.4196,16.311834
TID2013,0.679012,5.227503,0.372608,22.6864,24.000950
TID2013,0.630631,2.858386,-6.047002,19.8902,33.870361
TID2013,0.695907,2.017439,-5.384452,73.7885,8.144528
TID2013,0.757310,5.759561,1.245713,44.4794,10.431651
TID2013,0.534534,6.341524,6.190600,24.5174,20.905005
TID2013,0.695907,14.340644,7.325743,-9.0874,21.215031
TID2013,0.447369,18.332524,21.464750,-48.6812,42.730015
TID2013,0.627628,0.886101,-12.948985,74.2425,12.760695
TID2013,0.594594,1.489425,-10.489973,63.8795,18.223743
TID2013,0.555556,2.536677,-7.723429,49.9293,24.817196
TID2013,0.498499,4.533722,-3.419534,30.5147,33.664078
TID2013,0.477478,7.872937,0.564553,5.2853,45.086952
TID2013,0.636637,2.241937,-4.324557,62.7619,4.722908
TID2013,0.612612,3.790546,-0.454010,46.9746,6.962476
TID2013,0.588589,6.291136,2.847936,27.0251,8.976256
TID2013,0.523392,10.503797,6.832823,2.3135,11.663915
TID2013,0.447369,16.520920,12.752450,-25.0818,16.237295
TID2013,0.620370,1.682778,-6.865489,68.1869,3.564283
TID2013,0.586420,3.686707,0.205468,47.4814,5.056297
TID2013,0.492492,8.789557,6.187924,6.4928,8.557622
TID2013,0.400584,21.497926,22.126427,-51.4468,19.393414
TID2013,0.311729,41.335036,48.573372,-64.9192,30.873049
TID2013,0.573099,3.130356,-1.357870,50.9277,4.539401
TID2013,0.549550,5.549881,1.851078,26.8704,6.880368
TID2013,0.447369,9.239437,5.535837,-1.4944,9.694907
TID2013,0.336420,15.307182,11.815314,-30.6950,15.209521
TID2013,0.222222,26.046400,26.613789,-59.4934,39.266033
TID2013,0.583333,2.062836,-5.040824,58.5198,10.989264
TID2013,0.570176,3.078010,-1.135719,46.8461,10.437121
TID2013,0.507508,6.172249,4.531732,17.2260,14.755076
TID2013,0.388889,12.666429,13.926811,-16.1992,39.794903
TID2013,0.291291,20.658233,22.476131,-37.3962,45.073067
TID2013,0.672672,1.550331,-8.234100,72.2206,4.252757
TID2013,0.687134,3.488901,-1.339311,49.3781,9.204977
TID2013,0.543860,7.471327,5.852707,19.3572,12.776002
TID2013,0.354354,14.415286,15.650790,-26.3449,27.280476
TID2013,0.245614,25.723782,30.979836,-60.8269,50.138985
TID2013,0.651651,3.040748,-1.862627,54.0800,4.195197
TID2013,0.486487,6.051383,3.660630,26.8291,6.892338
TID2013,0.342106,12.245164,12.124060,-17.7914,17.628065
TID2013,0.219298,23.655075,28.670130,-58.8177,34.465942
TID2013,0.045046,39.553084,49.300579,-65.0374,49.726200
TID2013,0.614987,1.264500,-8.146761,76.8440,2.730194
TID2013,0.602778,1.993557,-5.288395,67.2374,4.352397
TID2013,0.563308,3.230527,-2.366410,53.5207,5.102180
TID2013,0.532300,5.239518,2.075323,34.8920,7.155653
TID2013,0.447090,8.437820,5.753059,10.9495,8.859540
TID2013,0.589947,0.704898,-11.143191,85.8845,1.739671
TID2013,0.615177,1.081527,-8.672789,80.3116,2.343353
TID2013,0.625323,1.699383,-6.514782,72.2053,3.344968
TID2013,0.600529,2.720337,-3.747422,60.6745,4.459862
TID2013,0.518519,4.434140,0.977524,43.4374,6.147046
TID2013,0.571429,2.994546,-2.079230,55.0726,5.073385
TID2013,0.563492,4.804256,1.883615,35.7493,6.498286
TID2013,0.462963,7.878599,5.482697,9.5153,8.650392
TID2013,0.407408,12.769548,10.853284,-20.5961,14.919620
TID2013,0.306878,19.948617,18.567192,-49.1187,19.282017
TID2013,0.636857,0.804297,-10.655303,85.4428,2.570758
TID2013,0.608333,1.099328,-8.649439,81.4342,3.710205
TID2013,0.617571,1.644634,-6.901714,74.4627,6.027974
TID2013,0.604336,2.459598,-5.022380,64.8299,9.929770
TID2013,0.547619,3.952802,-1.301448,49.0910,16.892130
TID2013,0.595238,0.820636,-10.097063,81.9863,2.793708
TID2013,0.560847,1.271193,-7.517433,75.0400,3.725475
TID2013,0.612403,2.702576,-3.689135,57.3227,5.675486
TID2013,0.462963,5.994851,2.956414,27.0383,9.374187
TID2013,0.343916,13.862955,11.436180,-25.0610,15.526142
TID2013,0.505556,2.250598,-7.932771,45.9732,10.036933
TID2013,0.472868,3.321293,-4.259820,27.1581,12.663398
TID2013,0.407408,4.746395,-1.397254,7.2414,13.304937
TID2013,0.382429,7.232318,3.764239,-15.9252,15.786755
TID2013,0.343916,11.280826,8.240225,-41.7777,21.946625
TID2013,0.636111,1.636212,-6.697362,72.8381,5.950921
TID2013,0.590786,2.817413,-2.099373,60.2433,9.182634
TID2013,0.515873,4.857435,1.708167,39.5887,9.395056
TID2013,0.379403,9.828823,6.852917,2.3695,12.229453
TID2013,0.314363,21.616063,17.695370,-55.5367,21.011238
TID2013,0.534391,1.591442,-5.903416,73.6340,7.336868
TID2013,0.439153,3.476902,1.021370,53.5448,12.755019
TID2013,0.346883,7.665787,5.517709,22.5108,22.169994
TID2013,0.286822,15.520559,13.849009,-20.3309,35.528004
TID2013,0.193122,27.484003,29.158146,-59.0671,51.712116
TID2013,0.563686,2.018120,-4.806190,66.7238,2.622230
TID2013,0.529716,3.565614,-0.068243,49.2867,3.649302
TID2013,0.354006,7.857212,5.351579,12.0769,6.823688
TID2013,0.240741,16.085106,14.684941,-34.2902,12.766744
TID2013,0.054200,32.323840,36.120853,-64.1384,24.598448
TID2013,0.609819,1.114737,-9.688769,76.1863,2.987670
TID2013,0.607236,2.106234,-5.055378,64.6989,3.453543
TID2013,0.497222,4.932618,1.299969,37.5264,4.902568
TID2013,0.361757,13.524903,11.860776,-21.6033,9.016642
TID2013,0.129199,27.239178,27.573839,-62.4439,15.342838
TID2013,0.591731,0.969244,-10.860743,79.5006,2.206906
TID2013,0.591731,1.671476,-6.874769,70.8191,2.873470
TID2013,0.521164,3.069770,-2.440151,56.0603,3.881011
TID2013,0.483204,6.031610,3.059914,29.4508,6.124439
TID2013,0.264550,17.515154,17.067892,-41.8623,13.607853
TID2013,0.581396,1.929204,-5.766416,67.3231,11.354385
TID2013,0.604651,3.237369,-0.555310,53.2882,12.158386
TID2013,0.568476,7.518001,8.843194,-0.3605,34.994759
TID2013,0.584656,5.395473,2.484106,35.7304,15.085832
TID2013,0.560847,8.168777,4.280015,18.0875,16.316046
CID22,0.329467,3.567462,-1.271576,48.6088,4.797246
CID22,0.440019,3.231272,-2.502892,51.2519,5.433594
CID22,0.491262,2.830882,-3.766991,56.6639,4.747573
CID22,0.493425,2.667242,-4.042768,58.3552,4.055723
CID22,0.503882,3.128881,-2.231404,53.5136,5.298673
CID22,0.519308,3.343869,-1.552618,50.0894,5.460590
CID22,0.522156,3.384950,-1.738804,51.4233,5.166808
CID22,0.530874,2.628444,-3.963415,58.6208,5.192225
CID22,0.531676,2.918559,-3.490021,54.7871,4.530331
CID22,0.538192,3.161989,-2.538404,54.2165,4.645076
CID22,0.575617,2.158777,-5.784835,64.2149,4.117675
CID22,0.584276,2.309220,-5.452168,62.5280,3.507854
CID22,0.601076,2.723953,-3.567716,57.4826,4.677393
CID22,0.603361,2.237940,-6.069355,63.2402,3.619269
CID22,0.612419,2.541083,-4.873626,61.2235,4.062635
CID22,0.616426,2.549605,-4.666915,59.0831,3.733032
CID22,0.618440,2.605723,-4.252567,59.8635,4.171225
CID22,0.620621,2.329764,-5.156377,62.3218,4.729475
CID22,0.632358,2.171683,-6.262113,64.1324,3.794955
CID22,0.636636,1.773312,-7.437422,68.7724,3.838546
CID22,0.659436,2.344038,-5.315555,61.8814,5.090652
CID22,0.666716,2.013506,-7.119145,65.9429,3.345140
CID22,0.675077,2.187966,-6.437447,65.4069,3.507553
CID22,0.683593,1.876774,-7.369481,67.1313,4.660287
CID22,0.684999,1.824046,-7.094520,69.2051,3.415342
CID22,0.685203,1.949749,-6.894240,66.8822,3.855110
CID22,0.688787,2.003365,-7.086173,65.5593,3.524537
CID22,0.692705,1.570728,-8.572871,71.7832,3.020508
CID22,0.699462,2.097670,-6.534875,64.9135,4.405522
CID22,0.701050,2.133051,-6.763295,65.6983,3.941373
CID22,0.713092,1.602724,-8.706007,70.5958,4.422457
CID22,0.714707,1.801539,-8.309628,69.8621,3.068895
CID22,0.717807,1.713640,-7.802186,69.8996,3.047076
CID22,0.718652,1.608318,-8.276365,71.5496,3.070604
CID22,0.719352,1.647202,-8.744740,72.0963,2.823739
CID22,0.727053,1.377846,-9.225938,73.8003,2.847790
CID22,0.731922,1.705170,-8.246930,69.6171,3.691975
CID22,0.738760,1.681648,-8.904450,71.0426,3.175277
CID22,0.738810,1.599945,-9.127074,70.8873,3.043110
CID22,0.740098,1.546140,-9.177108,71.3757,2.997247
CID22,0.742513,1.564770,-8.498089,72.0608,3.283759
CID22,0.750724,1.695546,-8.604243,70.9554,2.977271
CID22,0.753050,1.438135,-9.331265,74.0749,2.765817
CID22,0.754029,1.431619,-9.704969,74.3874,2.796275
CID22,0.768568,1.151495,-10.472365,76.5852,3.355994
CID22,0.769118,1.452576,-9.575642,72.7819,3.001997
CID22,0.769394,1.462807,-9.020557,73.2112,3.001781
CID22,0.770171,1.459428,-9.561055,72.7348,4.092526
CID22,0.783831,1.334233,-10.536298,75.1543,2.535545
CID22,0.785150,1.273840,-10.461867,76.3699,2.608772
CID22,0.785828,1.292141,-10.473295,76.3306,2.425306
CID22,0.786128,1.388506,-10.053318,73.8933,2.818693
CID22,0.787730,1.216114,-10.548188,76.7082,2.391295
CID22,0.789276,1.281084,-10.363108,74.8535,3.184583
CID22,0.794030,1.431036,-9.240812,73.9860,3.007828
CID22,0.798532,1.254212,-10.494862,75.3075,2.500572
CID22,0.802234,0.872787,-11.489431,80.4308,2.405863
CID22,0.813157,1.124410,-11.223185,77.3283,2.478154
CID22,0.813296,1.044554,-11.438493,79.0196,2.157372
CID22,0.817342,1.089235,-11.450750,79.0232,2.152210
CID22,0.817625,1.279661,-9.884523,75.8657,3.082198
CID22,0.817944,1.049676,-11.338788,79.2435,1.930187
CID22,0.820397,1.028016,-11.806508,79.3159,2.254687
CID22,0.827655,1.223734,-10.892611,76.1430,2.903912
CID22,0.829612,1.108002,-11.189322,77.4794,2.306796
CID22,0.836305,1.035057,-11.629011,78.7039,2.623752
CID22,0.840075,0.725226,-12.433949,82.9596,2.120280
CID22,0.844065,1.138054,-10.713470,77.8576,2.527919
CID22,0.848202,0.928064,-11.967865,80.9709,1.949494
CID22,0.854110,0.802201,-12.556544,82.6879,1.655455
CID22,0.856416,0.920447,-12.183689,81.6657,1.795337
CID22,0.856882,0.895957,-12.453356,81.8193,1.904792
CID22,0.858218,1.002840,-11.859179,79.2239,2.408688
CID22,0.864861,1.080162,-11.486045,78.1119,2.552497
CID22,0.865306,0.926356,-12.207820,80.4217,2.549678
CID22,0.867325,1.086182,-10.908670,78.8991,2.510797
CID22,0.869258,0.466551,-13.637728,87.7091,1.894343
CID22,0.872814,0.583677,-13.786732,86.1396,1.337086
CID22,0.874085,0.733693,-12.881504,83.2246,1.685589
CID22,0.875229,0.765616,-13.105487,83.0972,1.846765
CID22,0.877767,0.976121,-11.395571,80.3179,2.517575
CID22,0.878174,0.471110,-14.685063,88.7496,1.390531
CID22,0.879344,0.758897,-12.995790,83.2743,2.329142
CID22,0.879503,0.532916,-14.425747,87.7284,1.546958
CID22,0.879768,0.958235,-12.211794,80.0789,2.473437
CID22,0.881856,0.279145,-14.904753,91.0637,1.193609
CID22,0.884868,0.343702,-15.239781,90.4363,0.883364
CID22,0.886955,0.572809,-14.195560,86.3773,1.747155
CID22,0.889513,0.846352,-12.150131,82.5242,2.247177
CID22,0.895437,0.741027,-13.245585,83.2693,1.941991
CID22,0.364475,4.429991,-1.812684,42.6810,10.633248
CID22,0.396795,4.454845,-1.749280,43.7839,10.344090
CID22,0.407125,3.834639,-2.795059,48.0280,9.313756
CID22,0.420300,3.591036,-4.122283,50.6433,9.321918
CID22,0.430843,3.770711,-3.011797,48.2045,11.535268
CID22,0.430850,3.347938,-4.890613,51.7475,6.716361
CID22,0.450771,3.419463,-3.645985,50.9845,9.044440
CID22,0.451289,3.633695,-3.509771,51.2417,9.317697
CID22,0.462913,3.984896,-1.785511,44.8341,9.277164
CID22,0.464170,3.839575,-2.126307,47.5276,7.709556
CID22,0.469791,2.882014,-5.573917,57.6693,8.011668
CID22,0.474282,3.172433,-5.533763,55.5379,8.612100
CID22,0.482645,3.213017,-4.828034,55.4649,8.818076
CID22,0.485844,3.036831,-5.241560,54.7618,5.450253
CID22,0.488780,3.383161,-4.172685,53.7998,9.529150
CID22,0.489771,2.922145,-5.187751,56.4404,9.596624
CID22,0.493847,3.395777,-3.836624,51.2395,9.152218
CID22,0.498735,2.808821,-6.468773,59.0647,7.596331
CID22,0.498784,3.161550,-4.622627,55.0137,6.716709
CID22,0.508421,2.863913,-5.889659,58.8426,8.045588
CID22,0.512242,2.600910,-6.349730,61.0914,7.012423
CID22,0.515782,2.754977,-5.630151,58.8203,8.474514
CID22,0.516097,2.319199,-5.703094,62.6122,4.841445
CID22,0.517006,2.585647,-6.443805,62.1116,6.544584
CID22,0.517974,3.083732,-4.960522,55.2330,9.300647
CID22,0.521000,2.588958,-6.596091,59.3984,4.603804
CID22,0.523334,2.577823,-6.967602,62.1356,7.587836
CID22,0.526534,2.510901,-6.308136,62.2709,7.599061
CID22,0.529207,2.615789,-5.989090,61.2565,6.832297
CID22,0.530548,2.529123,-6.494188,63.0947,7.240520
CID22,0.536218,2.371546,-7.158931,64.6657,6.125090
CID22,0.536689,2.759943,-5.928711,59.0046,8.089904
CID22,0.539628,2.399775,-6.829810,63.4717,7.589921
CID22,0.543258,2.412494,-7.254638,63.6476,7.640330
CID22,0.546430,2.354238,-6.970335,64.0127,7.523644
CID22,0.546630,2.316215,-7.539212,65.3513,7.611362
CID22,0.563517,2.423096,-6.837868,63.7083,6.529675
CID22,0.565872,1.925068,-7.282773,67.8187,3.909218
CID22,0.568717,2.231238,-7.663122,66.2115,5.964950
CID22,0.574288,2.003748,-8.653900,66.0917,3.960629
CID22,0.575329,2.479299,-6.831028,62.9464,7.048677
CID22,0.582611,2.107169,-7.938979,66.9302,5.836582
CID22,0.603075,2.214763,-7.899623,65.8162,7.334242
CID22,0.606176,1.835278,-9.458179,68.6462,3.819674
CID22,0.615884,2.225900,-7.546804,65.9384,7.362746
CID22,0.622349,1.963421,-8.901995,69.6966,7.290482
CID22,0.627764,2.217248,-7.898029,66.3562,7.276967
CID22,0.631734,1.734562,-8.139735,70.5187,4.558261
CID22,0.632216,2.055600,-8.338861,68.0414,6.708591
CID22,0.635862,1.813873,-8.708961,70.0968,5.707203
CID22,0.648822,1.808431,-9.136921,70.5383,6.003057
CID22,0.651648,1.609924,-10.475773,71.5812,2.921230
CID22,0.670754,2.081040,-8.285756,67.6310,7.854434
CID22,0.678001,2.071667,-8.610621,68.4784,7.189851
CID22,0.679661,1.538594,-9.211700,73.1289,3.325248
CID22,0.695155,1.590080,-9.952291,73.4743,5.500615
CID22,0.697247,1.605129,-9.595280,72.6863,4.805647
CID22,0.697762,1.345744,-11.737850,74.6475,2.744259
CID22,0.698215,1.912441,-8.966882,70.2076,6.947400
CID22,0.705587,1.882099,-9.365333,71.1199,7.042462
CID22,0.711580,1.545926,-10.350154,74.1054,5.751974
CID22,0.719352,2.014148,-8.614575,68.4906,7.630059
CID22,0.733479,1.944853,-9.092366,70.1238,7.537856
CID22,0.733482,1.474030,-9.632241,73.8648,3.421229
CID22,0.752262,1.138516,-12.595613,77.9376,2.529436
CID22,0.772817,1.445637,-10.703314,75.7303,5.413394
CID22,0.772931,1.765692,-9.795619,72.0296,6.356333
CID22,0.781831,1.930396,-8.973115,69.3863,7.034099
CID22,0.787079,1.399285,-9.912121,74.8111,2.952851
CID22,0.794923,1.881522,-9.430030,71.0963,6.794734
CID22,0.796498,1.791624,-9.501347,72.0812,6.930773
CID22,0.797742,1.383529,-10.746897,75.1361,4.768894
CID22,0.800122,1.423274,-11.011564,76.0237,5.504228
CID22,0.809877,0.880437,-13.952846,81.9430,1.965807
CID22,0.822803,1.249345,-10.682776,76.8905,2.980504
CID22,0.833401,1.716121,-10.066948,72.8875,6.922022
CID22,0.835314,1.815873,-9.474360,70.8346,7.571954
CID22,0.835782,0.515259,-14.174170,85.9467,2.267998
CID22,0.839081,1.655550,-10.382527,73.9781,7.036331
CID22,0.839709,1.156631,-12.462541,79.3779,5.409343
CID22,0.839734,0.650594,-15.127387,85.7816,1.876749
CID22,0.840389,1.587414,-10.676987,74.0742,6.543496
CID22,0.842036,1.131956,-11.206664,78.5776,3.063771
CID22,0.849942,1.607675,-10.725818,74.5599,6.924263
CID22,0.853427,1.076172,-11.541995,79.4235,2.628905
CID22,0.855037,0.328601,-15.523455,89.6990,1.435344
CID22,0.859731,1.565897,-10.886515,75.2571,6.819384
CID22,0.864244,0.382111,-16.259277,90.0399,1.136710
CID22,0.866728,0.962678,-12.015840,80.8421,2.602078
CID22,0.888468,0.864602,-12.627214,82.5636,2.366172
CID22,0.428717,3.301698,-1.197296,49.0309,6.290411
CID22,0.462179,2.533526,-4.897618,56.4662,6.654121
CID22,0.490933,2.719451,-3.795697,56.9077,5.349709
CID22,0.521864,2.496425,-3.996066,57.8818,5.985908
CID22,0.522338,2.972102,-2.728820,52.9448,6.430519
CID22,0.523216,2.912561,-2.755708,53.4830,7.309893
CID22,0.530807,2.490225,-4.744758,60.2459,5.202723
CID22,0.533235,2.143766,-6.142381,62.2894,4.976749
CID22,0.566478,2.313489,-5.911927,59.4460,5.550559
CID22,0.566725,2.199600,-5.910909,62.2496,4.837184
CID22,0.569649,2.712849,-3.818495,56.5653,6.214835
CID22,0.597309,2.482608,-4.844046,59.4788,5.183636
CID22,0.608283,2.485297,-4.653638,59.0879,5.011077
CID22,0.625125,2.035043,-5.634186,63.7216,5.413819
CID22,0.627067,2.022038,-6.511460,66.1679,5.118382
CID22,0.637010,1.795240,-7.840458,66.4432,4.342982
CID22,0.639279,2.052971,-6.644046,63.4972,4.116451
CID22,0.644732,1.937731,-7.153697,66.0827,4.480805
CID22,0.651507,2.141864,-6.331713,62.7676,4.882680
CID22,0.655638,2.215015,-6.012843,62.5812,5.066405
CID22,0.657843,2.238916,-5.832044,62.6600,5.515722
CID22,0.669749,1.761916,-7.955597,68.9566,4.828696
CID22,0.679430,1.540257,-8.661635,70.7061,4.315625
CID22,0.683115,1.738326,-6.952968,67.5002,5.025352
CID22,0.690916,1.910902,-7.400006,66.4546,4.044480
CID22,0.698916,1.606652,-8.928664,69.5805,3.684304
CID22,0.701428,1.714315,-8.100885,69.1918,4.120225
CID22,0.701674,1.926467,-7.381451,66.4883,4.664854
CID22,0.708292,1.790872,-8.231196,68.3446,4.728058
CID22,0.712081,1.420522,-9.809492,72.2015,6.003257
CID22,0.716071,1.485650,-8.973434,72.7251,3.921294
CID22,0.722784,1.626973,-9.224258,70.0749,3.677995
CID22,0.729379,1.555053,-9.375833,70.9515,3.520425
CID22,0.729998,1.549988,-7.830418,70.2456,4.890378
CID22,0.732701,1.352747,-10.100710,73.2283,2.950145
CID22,0.733848,1.650548,-8.451418,69.8013,3.952686
CID22,0.735703,1.369572,-9.386937,72.4055,3.345650
CID22,0.742387,1.411201,-10.244492,72.4617,3.063535
CID22,0.747282,1.267763,-10.601602,74.6595,3.002861
CID22,0.751646,1.322742,-9.861185,74.7735,3.318680
CID22,0.751790,1.373792,-10.317236,74.1351,3.538122
CID22,0.772319,1.306849,-10.635874,74.4344,3.170996
CID22,0.785626,1.234966,-10.144316,75.3362,3.013646
CID22,0.800066,1.206791,-11.169834,76.7360,2.709828
CID22,0.800904,1.385941,-8.584018,72.7900,4.954867
CID22,0.801135,1.115956,-11.845893,77.1075,2.625015
CID22,0.802929,1.204881,-10.836163,75.6392,2.970328
CID22,0.807118,1.177929,-11.121555,76.6258,2.819247
CID22,0.810787,1.175735,-10.876907,76.9895,3.287073
CID22,0.811516,1.153796,-11.273767,76.6597,2.929923
CID22,0.821828,1.172757,-9.878097,75.5951,4.541673
CID22,0.822083,1.042401,-11.447992,77.7879,2.865705
CID22,0.824698,1.058141,-11.873702,78.3742,2.659058
CID22,0.830947,0.917256,-13.012482,80.5853,2.208865
CID22,0.834652,1.035456,-11.886772,78.6364,3.000223
CID22,0.837700,1.014428,-12.187539,79.1357,2.440358
CID22,0.848478,1.018570,-11.823511,80.0678,2.674240
CID22,0.848938,0.931980,-10.951813,79.3318,3.897648
CID22,0.849290,0.943539,-12.563197,80.1563,2.244021
CID22,0.849958,0.945017,-12.113975,79.8014,2.328390
CID22,0.850934,1.007011,-11.982053,78.9850,2.556999
CID22,0.858809,0.951664,-12.501344,79.7380,2.547059
CID22,0.862881,0.820329,-13.364086,82.6510,2.227474
CID22,0.864208,0.930106,-12.578636,80.3309,2.250415
CID22,0.873934,0.792336,-11.919929,81.9609,3.834911
CID22,0.880934,0.756434,-13.625145,83.0703,1.928344
CID22,0.881339,0.874987,-12.682025,81.9612,2.322442
CID22,0.883267,0.842968,-13.207478,81.4384,2.574306
CID22,0.885324,0.729891,-13.244889,83.2525,1.886948
CID22,0.890132,0.850263,-12.914715,81.6880,2.282133
CID22,0.892817,0.495230,-13.505052,86.4533,2.279575
CID22,0.893099,0.498874,-15.289776,87.7659,1.278124
CID22,0.893129,0.713435,-13.825933,84.1972,2.034450
CID22,0.894342,0.695104,-13.900769,83.9713,1.811412
CID22,0.895313,0.734302,-13.602603,83.8482,2.012871
CID22,0.895383,0.556390,-14.807987,86.6896,1.483304
CID22,0.895753,0.529299,-14.464613,86.8056,1.429938
CID22,0.898714,0.547681,-14.817776,86.6635,1.454366
CID22,0.898810,0.328934,-14.819451,90.4678,1.551687
CID22,0.899412,0.491917,-15.054523,87.2679,1.224811
CID22,0.901819,0.318178,-15.659775,90.7363,1.068575
CID22,0.358233,2.974669,-3.211800,54.2080,6.758830
CID22,0.402841,2.347254,-5.713411,60.3822,5.288134
CID22,0.473535,2.251859,-5.273901,62.0749,5.516178
CID22,0.503034,2.811534,-3.768173,56.7830,6.857090
CID22,0.503394,2.803550,-3.357918,57.0067,6.936321
CID22,0.511314,2.744053,-4.209302,55.0204,6.594606
CID22,0.528370,2.824322,-4.229945,57.4371,6.896155
CID22,0.533747,2.103652,-7.015693,63.3446,4.894573
CID22,0.559665,2.088359,-6.972692,63.5833,6.335409
CID22,0.561488,2.701919,-4.515788,56.1074,7.374485
CID22,0.565650,1.845861,-7.166036,67.8209,6.439292
CID22,0.582264,2.312500,-5.901358,60.9905,6.347541
CID22,0.586590,2.304625,-5.714368,62.7783,6.164212
CID22,0.588045,2.139950,-6.369246,64.5869,6.230364
CID22,0.600267,2.293727,-5.892490,61.9838,6.706802
CID22,0.607550,1.743744,-8.832317,68.9517,5.841615
CID22,0.610580,1.858474,-8.256192,66.5702,3.918034
CID22,0.612825,2.208445,-6.462324,64.0743,5.755968
CID22,0.626591,2.005830,-7.210853,64.7988,6.623863
CID22,0.628148,1.632202,-8.252674,70.8469,5.956365
CID22,0.638847,2.019593,-7.301908,64.8635,5.715718
CID22,0.640317,1.933405,-7.317226,66.7898,6.066967
CID22,0.646659,1.551281,-9.474978,71.0099,4.509189
CID22,0.648146,2.058827,-7.011428,65.3412,5.260589
CID22,0.665545,1.353006,-10.147630,75.0093,3.304506
CID22,0.678623,1.833396,-8.198314,68.1192,5.771954
CID22,0.679843,1.840287,-8.012098,67.9623,5.037889
CID22,0.682607,1.460796,-9.221877,73.5498,5.214894
CID22,0.688686,1.814304,-8.202819,69.2841,4.238644
CID22,0.690461,1.361198,-10.604284,74.1585,4.215142
CID22,0.691157,1.663399,-8.727646,71.6010,5.621058
CID22,0.700663,1.777385,-8.183053,69.0518,4.478939
CID22,0.712709,1.197477,-10.991199,76.6403,3.541181
CID22,0.718281,1.515373,-9.911080,72.5655,5.657749
CID22,0.724062,1.526913,-9.645700,72.0263,4.192308
CID22,0.726141,1.333475,-9.600260,75.2300,5.623524
CID22,0.727284,1.286539,-10.938824,75.1545,3.954852
CID22,0.731821,1.441312,-9.485448,74.2795,5.608124
CID22,0.733154,1.462655,-9.908095,73.2919,3.640270
CID22,0.738368,1.644194,-8.762666,70.8382,4.444922
CID22,0.753350,1.279961,-10.709447,75.6016,5.072522
CID22,0.754838,1.078070,-11.634883,78.7782,3.489363
CID22,0.758445,1.259405,-11.047960,76.1979,3.995637
CID22,0.760854,1.300792,-10.610178,74.9312,5.126209
CID22,0.761566,1.121685,-10.667061,78.3620,4.760310
CID22,0.767357,1.240853,-11.085737,76.9489,3.559911
CID22,0.772349,1.279501,-10.732914,76.7582,4.418478
CID22,0.772374,1.330100,-10.071428,75.5918,4.895617
CID22,0.780544,1.145310,-11.612240,77.8203,4.129221
CID22,0.781636,1.209332,-11.180738,77.2416,4.589651
CID22,0.783224,0.928262,-12.473652,80.6063,2.348342
CID22,0.784247,1.182091,-11.286405,77.3691,3.975289
CID22,0.786608,0.853689,-12.248378,82.3837,3.490256
CID22,0.796105,0.973084,-12.349588,80.3672,3.426306
CID22,0.801915,1.158156,-10.840962,78.8371,3.374486
CID22,0.802413,1.103475,-11.652776,79.1316,3.819605
CID22,0.803669,1.028090,-12.193159,79.7419,3.916150
CID22,0.806354,1.083952,-11.756854,79.2781,4.141914
CID22,0.807988,1.078267,-11.713901,79.0354,4.153473
CID22,0.813701,0.830608,-13.156583,82.0216,2.488712
CID22,0.822258,0.747279,-12.923564,83.7517,2.947402
CID22,0.826466,0.886818,-12.731799,81.9224,3.693693
CID22,0.827524,0.973450,-12.511457,80.8060,4.459172
CID22,0.832054,0.976934,-12.177798,80.4359,4.064670
CID22,0.833160,0.969270,-12.243648,81.2888,3.290366
CID22,0.834248,0.974346,-12.264219,80.6725,4.025253
CID22,0.840347,1.045800,-11.378657,79.8644,3.058283
CID22,0.845854,0.653259,-13.926565,85.4383,1.656172
CID22,0.854483,0.878696,-12.818981,82.4178,4.801595
CID22,0.862750,0.829927,-13.088727,83.0571,3.672947
CID22,0.863815,0.393705,-14.567137,89.1869,1.741216
CID22,0.864025,0.821757,-13.053873,83.0523,4.042881
CID22,0.864244,0.596467,-14.136024,85.9681,3.470886
CID22,0.864699,0.490564,-14.980649,88.2013,1.283413
CID22,0.864851,0.885410,-12.233592,81.8586,2.884747
CID22,0.865123,0.677573,-13.858782,85.4906,3.198623
CID22,0.865505,0.757790,-13.547155,84.5569,4.428872
CID22,0.866321,0.686157,-13.818865,85.3856,3.777974
CID22,0.866913,0.666477,-13.856269,85.4220,3.671984
CID22,0.867111,0.277990,-15.438974,91.4874,1.247258
CID22,0.868423,0.312684,-15.802251,91.4153,1.002803
CID22,0.375669,2.943099,-2.981244,51.7194,5.279634
CID22,0.476299,2.558402,-5.342257,57.6163,4.450318
CID22,0.485029,2.375566,-5.612830,58.0402,6.066883
CID22,0.493059,2.209463,-5.638684,60.2485,4.482320
CID22,0.506640,2.701985,-4.296148,56.1039,5.558110
CID22,0.515155,2.812977,-3.259724,54.6430,6.530755
CID22,0.537460,2.151067,-6.681765,60.8111,4.415312
CID22,0.541213,2.031817,-7.340998,63.4881,3.935963
CID22,0.542553,2.093903,-6.599283,63.3202,5.424435
CID22,0.543395,2.585911,-5.015411,58.7132,7.430719
CID22,0.546466,1.807579,-7.192716,65.6022,4.126862
CID22,0.554024,1.953100,-7.174597,63.6973,4.931621
CID22,0.559753,2.223324,-5.630153,61.7269,5.157773
CID22,0.562985,2.198754,-6.380670,62.0445,4.151150
CID22,0.582428,1.912639,-7.509169,63.8340,3.703464
CID22,0.599117,1.835639,-7.083918,67.7333,5.763719
CID22,0.599621,1.837480,-8.535832,66.4745,3.725631
CID22,0.604210,1.520259,-8.433914,69.2881,4.146664
CID22,0.604675,2.022392,-6.831588,64.7052,5.741608
CID22,0.607854,1.870988,-7.704628,66.5118,4.873633
CID22,0.616037,1.891401,-7.758383,65.8940,3.846501
CID22,0.618298,2.091830,-7.057486,64.3872,5.142572
CID22,0.619221,1.671579,-8.675655,67.6173,4.575984
CID22,0.625254,1.389101,-9.715857,71.2842,3.422966
CID22,0.649279,1.578225,-8.426585,71.6185,5.143718
CID22,0.651843,1.721283,-7.899294,68.0452,4.037072
CID22,0.659043,1.334248,-9.326934,71.9003,4.265042
CID22,0.660318,1.677092,-9.149331,69.3777,3.602305
CID22,0.661098,1.431094,-10.125873,71.5222,3.356734
CID22,0.662270,1.474215,-9.460825,70.4431,3.974732
CID22,0.666696,1.415762,-10.118191,72.8776,4.019353
CID22,0.678243,1.284948,-10.195034,73.1349,2.915580
CID22,0.687330,1.686054,-8.798623,69.8447,4.384887
CID22,0.696461,1.465392,-9.619123,72.1285,4.254630
CID22,0.698046,1.423361,-9.045776,74.1085,4.981614
CID22,0.700219,1.339576,-9.937173,72.5286,3.731420
CID22,0.705212,1.588513,-9.580455,70.6990,3.757025
CID22,0.716875,1.298254,-10.339274,73.8208,2.666479
CID22,0.718377,1.213194,-10.253901,73.5935,3.336508
CID22,0.720794,1.147879,-10.882236,75.2806,2.635242
CID22,0.722456,1.197395,-11.180236,75.8370,3.775948
CID22,0.729389,1.257592,-9.909606,76.3276,3.715861
CID22,0.732214,1.292450,-10.046800,74.0446,3.737453
CID22,0.732972,1.251234,-10.757874,74.3631,3.247577
CID22,0.733418,1.360875,-10.482227,74.3258,3.415900
CID22,0.742718,1.276064,-11.300213,74.6271,2.618037
CID22,0.746668,1.008169,-11.363073,76.0853,3.045973
CID22,0.750145,0.972160,-11.983912,78.1185,2.785639
CID22,0.754171,1.218541,-10.914179,74.5326,3.617514
CID22,0.754420,1.255637,-10.020729,76.7408,3.976222
CID22,0.757612,1.095947,-11.785754,76.1149,2.259714
CID22,0.758712,1.083939,-11.663850,77.4250,3.552687
CID22,0.760420,1.122540,-11.564690,76.5930,2.949048
CID22,0.767819,1.090447,-11.844266,78.3305,3.103727
CID22,0.774549,1.092026,-11.761914,76.6204,2.882529
CID22,0.776289,1.168773,-10.518642,77.7211,3.562844
CID22,0.780780,0.818781,-12.268827,79.0852,2.777079
CID22,0.781126,1.016871,-12.059050,77.6640,2.416358
CID22,0.781615,0.893922,-12.210731,80.0309,2.064220
CID22,0.783360,0.997442,-12.169552,77.9919,2.999014
CID22,0.789036,0.951182,-12.372946,77.6240,2.161667
CID22,0.793568,0.981562,-12.182423,79.0943,2.815149
CID22,0.793874,0.864638,-12.962378,81.0878,2.349553
CID22,0.794873,0.966489,-12.401074,78.4320,2.541596
CID22,0.797892,1.063154,-11.229639,79.5747,2.728746
CID22,0.807643,0.703224,-13.051556,81.5029,2.302591
CID22,0.809687,0.912675,-12.711011,79.4213,2.385816
CID22,0.813517,0.707352,-13.521548,82.8904,1.722797
CID22,0.816908,0.869300,-12.830019,79.4307,1.884614
CID22,0.818780,0.916916,-12.643806,79.1380,2.938578
CID22,0.820598,0.985986,-11.573734,80.7652,2.800287
CID22,0.826219,0.784413,-13.506152,82.2564,1.815906
CID22,0.829977,0.850904,-12.891960,78.7728,2.005721
CID22,0.836067,0.875244,-12.818735,80.2280,2.639550
CID22,0.847317,0.824397,-13.297136,80.5561,2.518392
CID22,0.848081,0.398610,-14.448610,88.2257,1.957455
CID22,0.848228,0.739642,-13.681119,82.0678,1.963554
CID22,0.848743,0.530047,-14.604108,85.9047,1.323284
CID22,0.849172,0.939053,-11.893418,81.5185,3.014298
CID22,0.856383,0.590468,-14.601837,83.9311,1.493597
CID22,0.858131,0.698265,-13.443110,82.0937,1.919878
CID22,0.859254,0.504143,-15.116653,86.3262,1.331502
CID22,0.860913,0.708911,-13.832197,82.2306,1.978435
CID22,0.861316,0.842112,-12.411150,82.6376,3.181014
CID22,0.861916,0.701562,-13.865186,82.7603,1.747255
CID22,0.864622,0.592863,-14.579499,84.3282,2.075107
CID22,0.868807,0.270603,-15.390066,90.8336,1.601702
CID22,0.880803,0.737321,-12.971780,84.5936,2.154812
CID22,0.882264,0.567205,-14.712725,84.8719,1.313602
CID22,0.382275,3.202174,-2.511560,50.7256,6.842644
CID22,0.495274,2.708800,-4.136456,52.9618,5.350431
CID22,0.508451,2.862470,-3.470123,56.4900,6.514829
CID22,0.516693,2.391640,-5.035094,60.3094,6.144384
CID22,0.525898,2.983040,-2.859820,54.7748,6.197130
CID22,0.534430,2.350274,-5.455624,61.1618,5.199460
CID22,0.535812,3.173771,-2.394605,51.8755,5.693210
CID22,0.544143,2.853012,-3.732315,58.9607,6.667423
CID22,0.566566,2.469135,-5.139180,55.9602,4.627700
CID22,0.582305,1.971961,-6.783617,65.4323,6.004541
CID22,0.583360,2.147588,-5.724266,63.6214,5.091162
CID22,0.585245,2.480223,-5.343290,59.5912,5.742760
CID22,0.590778,2.407154,-5.112829,61.0911,4.401229
CID22,0.594623,2.541235,-4.659260,58.6200,5.180615
CID22,0.603631,2.283180,-5.791752,62.9337,4.730302
CID22,0.615478,2.150821,-6.348836,64.4650,5.465788
CID22,0.616575,1.945523,-7.297976,66.4249,4.740982
CID22,0.622044,2.115954,-6.400607,60.4010,3.699408
CID22,0.640966,2.196296,-6.000163,62.8506,4.550349
CID22,0.647177,2.145658,-6.376849,64.6219,4.917159
CID22,0.655636,1.670403,-8.232986,69.3113,5.242657
CID22,0.656324,1.767427,-7.229552,68.0854,4.103991
CID22,0.660613,2.204878,-6.203770,63.0538,5.392856
CID22,0.667902,1.641970,-8.332796,68.6355,3.267657
CID22,0.670956,1.742646,-8.230675,69.4494,4.185262
CID22,0.671409,1.943921,-7.403797,67.3378,5.013028
CID22,0.682852,1.806468,-8.033140,68.9429,4.222436
CID22,0.685887,1.962471,-7.329623,66.1722,4.197064
CID22,0.689908,1.831716,-7.813790,68.6220,4.242500
CID22,0.694013,1.541821,-9.305152,71.8461,4.058775
CID22,0.698562,1.583728,-8.162758,71.1223,4.004984
CID22,0.706414,1.472945,-9.169044,70.6310,3.172947
CID22,0.706677,1.482832,-9.075646,71.9407,4.812874
CID22,0.711890,1.520344,-9.460334,72.4404,3.069644
CID22,0.715400,1.917547,-7.471334,67.1752,4.547647
CID22,0.717777,1.439492,-9.751925,73.4551,4.302433
CID22,0.718123,1.571551,-9.312159,71.2053,3.590577
CID22,0.722282,1.490402,-9.411926,73.2828,3.807988
CID22,0.722662,1.694555,-8.326178,69.9953,3.879444
CID22,0.724029,1.397380,-8.952719,73.7321,3.510453
CID22,0.735344,1.379182,-10.174917,74.6380,3.648544
CID22,0.735862,1.307469,-10.105823,73.3194,2.764041
CID22,0.749190,1.418816,-9.897925,74.5423,3.925528
CID22,0.754691,1.278039,-10.311401,74.8545,2.900472
CID22,0.766752,1.331830,-9.445770,74.4229,3.416491
CID22,0.777298,1.220857,-10.609360,77.3043,3.198076
CID22,0.777594,1.345285,-9.568603,74.2334,4.867769
CID22,0.783150,1.564102,-9.325689,71.7684,4.188043
CID22,0.791035,1.257582,-10.460869,76.8097,3.154672
CID22,0.793743,1.271863,-10.490318,76.4231,3.618314
CID22,0.795459,1.263034,-10.752764,76.9901,4.084726
CID22,0.796075,1.106331,-11.070426,76.4055,2.657117
CID22,0.801489,1.278132,-9.845614,75.2848,3.516299
CID22,0.801683,1.115869,-10.778421,77.0842,3.809362
CID22,0.801743,1.125967,-10.804791,77.2527,2.874769
CID22,0.816784,0.978689,-11.918556,81.0035,3.016978
CID22,0.827844,1.116958,-11.225893,78.7883,3.896790
CID22,0.829807,1.086235,-11.321066,79.0395,3.489047
CID22,0.832565,1.086808,-11.171350,79.5907,3.247352
CID22,0.834046,1.143819,-10.581089,77.2959,3.188572
CID22,0.841748,0.868092,-11.708740,80.9127,3.056916
CID22,0.842388,0.966656,-11.368352,80.1044,2.805755
CID22,0.844515,0.967839,-11.595305,79.2672,2.291488
CID22,0.855956,1.228289,-10.942941,77.1820,4.364338
CID22,0.862680,0.914094,-12.071508,82.8598,2.906363
CID22,0.864542,1.053080,-11.019596,78.5633,2.841462
CID22,0.866110,0.998503,-11.844799,80.8390,3.339002
CID22,0.867578,1.059158,-11.421241,80.1092,3.449399
CID22,0.877122,0.737504,-12.543416,83.0624,2.905726
CID22,0.883581,0.888603,-12.049159,81.4824,2.506390
CID22,0.884746,0.749311,-12.872829,82.7292,1.747819
CID22,0.885740,0.931391,-12.046015,82.4194,3.680052
CID22,0.888729,0.960605,-11.538092,80.2182,2.541848
CID22,0.891133,0.964239,-12.038251,81.8961,3.811237
CID22,0.891410,0.821039,-12.727174,84.0667,3.423643
CID22,0.894306,0.470086,-13.737004,87.0050,1.814955
CID22,0.894372,0.618287,-13.602569,87.7276,2.613352
CID22,0.894600,0.527714,-14.166063,86.7728,1.407390
CID22,0.894678,0.867416,-11.972244,81.3087,2.482488
CID22,0.894741,0.990372,-11.967228,80.7332,3.209059
CID22,0.894809,0.778077,-12.711225,83.3167,2.622464
CID22,0.895123,0.669831,-13.564998,86.6980,3.501663
CID22,0.895280,0.832514,-12.610202,84.1030,3.479749
CID22,0.895295,0.609730,-13.753857,87.9928,2.873461
CID22,0.895659,0.323304,-15.426472,91.1405,0.833522
CID22,0.895766,0.320584,-14.941902,90.3964,1.356615
CID22,0.896378,0.762502,-12.560956,83.3765,2.217661
CID22,0.413836,3.865037,-0.147357,40.1072,6.163935
CID22,0.552494,3.029804,-2.417611,48.5407,5.334295
CID22,0.555389,2.832122,-2.865225,49.6337,5.113464
CID22,0.597947,2.331644,-5.299709,57.7351,4.916304
CID22,0.605695,3.200578,-1.052828,47.9097,6.932771
CID22,0.623736,2.786065,-3.744135,53.8937,4.447739
CID22,0.635721,3.071000,-2.051854,49.3838,6.182804
CID22,0.643431,2.620774,-4.121566,53.7775,4.816446
CID22,0.645265,3.019295,-2.823123,51.4277,4.278941
CID22,0.648833,2.316806,-4.488490,57.0716,4.694901
CID22,0.667823,2.584687,-3.655258,54.9982,5.944258
CID22,0.669575,3.079864,-1.697555,48.1269,5.107191
CID22,0.682385,2.652441,-4.015574,55.5359,5.283866
CID22,0.684191,1.949384,-5.734595,61.4815,4.870580
CID22,0.687199,2.277224,-5.791930,58.1150,3.873215
CID22,0.688165,2.257172,-5.956127,59.3984,3.657640
CID22,0.691462,2.415078,-5.226382,58.1740,3.734532
CID22,0.700658,1.920972,-6.968371,63.6680,3.991422
CID22,0.705450,2.243104,-4.964681,60.2632,6.483088
CID22,0.713122,2.348942,-5.542598,58.8740,4.767402
CID22,0.715993,2.553382,-3.972896,56.5849,5.258870
CID22,0.717779,1.744269,-6.643904,64.1183,3.886236
CID22,0.721091,1.847286,-6.773302,64.4619,3.403119
CID22,0.726139,2.011739,-6.641311,61.6499,3.531216
CID22,0.727535,2.150622,-6.008001,60.7359,3.721684
CID22,0.738003,1.672248,-8.212001,67.0280,3.644847
CID22,0.738803,1.910107,-6.440328,64.1747,5.669028
CID22,0.747158,2.066604,-6.585397,62.5264,4.071620
CID22,0.765014,1.653926,-7.658684,66.2166,3.351538
CID22,0.768002,1.763534,-7.752672,66.6079,2.973278
CID22,0.768454,1.975286,-6.424176,62.6745,4.081805
CID22,0.770563,1.673407,-7.742940,66.1751,3.664360
CID22,0.770842,1.516476,-7.869515,66.9496,3.932537
CID22,0.775516,1.705729,-7.587350,68.1721,5.774093
CID22,0.778675,1.624069,-8.452187,67.2572,3.747743
CID22,0.780382,1.448655,-9.339749,70.1253,3.360253
CID22,0.790894,1.512333,-8.389536,67.6383,3.641074
CID22,0.791027,1.256633,-9.297210,70.8542,3.548145
CID22,0.791895,1.461386,-8.657708,69.3614,2.854062
CID22,0.793686,1.658382,-8.295303,68.0957,3.154277
CID22,0.799166,1.360846,-9.812790,71.5127,3.540161
CID22,0.799219,1.363022,-9.524566,72.1976,4.330951
CID22,0.799598,1.592529,-8.686621,68.9540,3.335338
CID22,0.800284,1.372275,-9.798022,70.4119,3.159645
CID22,0.810925,1.380953,-9.064724,69.1693,3.611202
CID22,0.814434,0.999107,-10.207604,75.7587,2.949227
CID22,0.816483,1.230739,-10.419531,73.9258,2.345092
CID22,0.817574,1.316625,-10.088562,72.4918,3.887464
CID22,0.818603,1.255940,-9.588581,72.2716,3.201897
CID22,0.820371,1.174868,-10.658204,74.1722,2.835955
CID22,0.820373,1.205923,-10.162375,74.7549,3.463326
CID22,0.824436,1.227866,-10.258789,73.8566,2.802223
CID22,0.832364,1.098506,-10.430028,73.8437,3.090951
CID22,0.835756,1.140601,-10.897194,74.8514,3.560611
CID22,0.836837,0.816235,-11.060410,78.7870,2.388488
CID22,0.838645,1.052486,-11.238549,75.5703,2.464914
CID22,0.838772,1.127950,-10.477560,75.1805,2.253213
CID22,0.838795,1.058806,-11.388593,76.9428,2.173464
CID22,0.838849,1.071684,-10.960386,76.9672,3.440965
CID22,0.848778,0.978549,-11.680284,78.5770,2.094794
CID22,0.853274,1.001748,-11.709085,77.1850,3.330105
CID22,0.856966,0.972289,-11.720655,78.8051,3.035038
CID22,0.857540,1.008154,-11.019224,75.6402,3.080971
CID22,0.859240,0.526776,-13.071629,84.2004,1.965326
CID22,0.859581,0.944425,-11.913040,78.4998,2.195297
CID22,0.862849,0.888815,-12.254636,79.4804,1.778898
CID22,0.866364,0.871955,-12.004002,79.0416,1.751238
CID22,0.868397,0.903673,-12.355695,78.9696,2.938518
CID22,0.870370,0.862554,-12.368483,80.2839,1.676821
CID22,0.871499,0.724712,-13.252391,82.2415,1.856784
CID22,0.872131,0.748410,-12.760979,82.0025,2.350712
CID22,0.873575,0.629115,-13.531804,82.4138,1.515173
CID22,0.873609,0.721938,-12.948307,79.7897,2.105787
CID22,0.874270,0.520409,-14.412353,85.2241,1.443759
CID22,0.874808,0.805072,-12.893333,80.6579,2.269861
CID22,0.876706,0.320235,-14.556499,88.1144,1.977554
CID22,0.880845,0.499805,-14.569180,86.5496,1.274038
CID22,0.882416,0.535046,-14.377323,85.2833,1.430374
CID22,0.882929,0.541098,-14.104406,85.5170,2.362473
CID22,0.883431,0.652609,-13.727026,83.0911,1.667558
CID22,0.883908,0.367375,-15.062743,88.0685,0.829009
CID22,0.388693,3.735827,-0.945412,45.5224,6.133265
CID22,0.433356,2.912484,-3.143326,54.0400,5.218603
CID22,0.509300,2.899647,-3.758613,54.7522,4.605799
CID22,0.511221,2.864388,-3.314789,55.0897,5.364870
CID22,0.521225,3.014873,-2.765800,52.7530,4.869740
CID22,0.549502,2.575364,-4.580008,57.3942,4.689990
CID22,0.567385,3.024596,-2.684217,52.5490,5.470037
CID22,0.584287,3.260930,-1.635673,48.9472,6.989989
CID22,0.595527,2.550155,-4.095181,56.5336,5.062595
CID22,0.605003,2.443708,-4.981208,60.3118,3.858122
CID22,0.608291,2.344052,-4.631184,60.9755,5.048160
CID22,0.611103,2.360741,-5.784492,60.9180,4.095863
CID22,0.613983,2.260570,-5.967689,60.4006,3.921662
CID22,0.618720,2.577112,-4.609951,56.6050,5.531377
CID22,0.626880,2.716038,-3.548825,55.2758,5.779398
CID22,0.630664,2.112115,-6.533598,62.5132,4.037090
CID22,0.633088,2.406075,-5.171863,59.9686,5.608662
CID22,0.637916,2.195335,-6.141863,62.9687,3.976319
CID22,0.638580,1.978885,-6.306443,65.1315,4.579992
CID22,0.646998,1.922082,-7.686169,64.8243,3.959762
CID22,0.658536,2.319717,-5.046966,59.9066,5.616940
CID22,0.660928,2.106438,-6.650858,64.5483,3.994329
CID22,0.663785,1.710207,-8.194525,67.8649,3.134260
CID22,0.666533,2.366908,-5.023519,59.5282,5.520581
CID22,0.683389,2.278487,-5.727749,60.7191,4.724622
CID22,0.684032,1.827712,-8.045356,67.8194,3.526449
CID22,0.684595,1.747789,-7.444664,68.0233,3.917923
CID22,0.689673,1.558156,-9.448700,70.7130,3.070009
CID22,0.689972,1.989331,-7.531930,65.5152,4.113926
CID22,0.699166,1.664402,-8.887834,68.5315,3.472824
CID22,0.700746,1.925849,-6.811596,65.1328,4.576407
CID22,0.701550,1.794214,-7.669914,69.1598,3.727632
CID22,0.702432,2.068474,-6.746403,63.4091,4.790475
CID22,0.720649,1.372841,-10.040401,72.6537,2.775676
CID22,0.725025,1.706378,-8.714837,69.2001,3.347605
CID22,0.728712,1.576636,-8.293381,70.6016,3.870456
CID22,0.729122,1.756048,-8.354803,67.4752,3.731289
CID22,0.729729,1.748786,-7.576201,67.6125,3.620575
CID22,0.729848,1.590213,-8.982608,69.4561,3.434473
CID22,0.731519,1.580625,-9.502603,71.2525,4.045390
CID22,0.733229,1.526781,-9.245697,72.6001,3.174432
CID22,0.739024,2.037744,-6.983261,64.3459,4.966774
CID22,0.742261,1.516950,-9.819858,70.9176,3.148366
CID22,0.745851,1.340263,-9.808582,73.6671,3.870409
CID22,0.745893,1.506458,-8.841913,71.1101,3.433276
CID22,0.747483,1.188327,-10.974143,75.4751,2.484868
CID22,0.757858,1.503032,-9.671340,71.3716,3.571160
CID22,0.758973,1.441860,-9.702145,73.7957,2.923107
CID22,0.760492,1.395716,-10.380881,73.9668,2.680623
CID22,0.766963,1.248833,-11.153826,75.4404,2.548077
CID22,0.773038,1.463472,-9.007030,71.9458,3.457720
CID22,0.779187,1.010685,-10.923245,77.9986,3.208996
CID22,0.781391,1.331402,-10.708449,73.4274,3.287731
CID22,0.785445,1.041981,-11.841806,77.9937,2.218236
CID22,0.793098,1.318538,-10.701323,74.2870,2.747445
CID22,0.793340,1.018873,-12.437604,79.2135,2.348941
CID22,0.797983,1.211626,-10.653941,76.6773,2.701257
CID22,0.802219,1.416428,-9.198525,72.8646,3.251553
CID22,0.802268,1.188551,-11.469409,76.4433,2.499788
CID22,0.812994,1.162548,-11.608254,75.8578,2.523066
CID22,0.814471,1.056271,-12.359455,79.1010,2.579801
CID22,0.824407,0.845661,-12.051558,80.2444,2.730826
CID22,0.825686,1.160128,-11.635274,76.4996,2.544568
CID22,0.829040,1.243143,-10.101924,74.8650,2.782514
CID22,0.837195,0.808078,-12.903252,81.1746,1.680751
CID22,0.839302,1.029819,-11.809151,78.6932,2.433248
CID22,0.841147,1.071753,-12.159922,77.5181,2.423500
CID22,0.845747,0.946957,-12.771652,80.1597,1.897538
CID22,0.847096,0.822741,-13.635387,82.6799,2.036767
CID22,0.848951,1.046558,-12.344983,78.8424,2.256934
CID22,0.850945,1.102108,-11.019971,76.8297,2.406942
CID22,0.855399,0.914268,-13.070314,80.8891,2.022986
CID22,0.856029,0.525876,-13.502872,85.2914,2.308689
CID22,0.856312,0.953849,-12.955842,79.7443,2.327838
CID22,0.856424,0.579849,-14.289082,85.4710,1.552912
CID22,0.856781,0.841798,-13.556643,82.0986,1.856783
CID22,0.856988,0.833639,-12.885900,81.3904,2.049110
CID22,0.857165,1.047075,-11.328560,77.8596,2.238307
CID22,0.857843,0.622913,-14.661728,85.3755,1.590305
CID22,0.858161,0.353571,-15.619751,89.8745,1.040220
CID22,0.858221,0.813820,-13.749355,82.1885,1.833263
CID22,0.858386,0.609145,-14.870651,86.2226,1.451426
CID22,0.858448,0.691462,-14.480047,84.9500,1.534992
CID22,0.858706,0.337248,-14.810599,88.8186,1.681161
CID22,0.858727,0.659481,-14.569345,85.3107,1.515141
CID22,0.858784,0.963335,-11.761164,79.0953,2.175974
CID22,0.861251,0.833386,-12.448794,81.4089,2.148525
CID22,0.382313,4.106347,0.814589,38.8545,5.875793
CID22,0.475193,4.459825,2.637203,32.9399,7.423154
CID22,0.478607,3.362599,-1.401250,46.3399,5.773536
CID22,0.480153,4.273612,2.065204,35.0141,5.719131
CID22,0.487020,4.230835,1.579019,36.8387,5.756222
CID22,0.503266,3.282197,-1.282755,46.6058,5.019398
CID22,0.536501,3.135648,-1.930583,49.5086,5.021435
CID22,0.541979,2.903791,-2.818186,52.0822,6.432063
CID22,0.542191,2.874996,-3.205520,52.8534,4.274316
CID22,0.542751,3.644688,0.145350,42.5561,7.027571
CID22,0.555256,3.273470,-1.099646,46.4603,4.526010
CID22,0.559820,2.676892,-3.899547,54.0160,4.208281
CID22,0.560109,3.363988,-1.189057,46.3347,6.559424
CID22,0.571358,2.905459,-2.774228,51.0576,4.314723
CID22,0.579121,3.023957,-1.637446,50.2359,4.926545
CID22,0.594605,2.483913,-4.474920,56.5122,3.974606
CID22,0.596988,2.377100,-5.349557,58.4019,3.315787
CID22,0.600631,2.993598,-2.205925,49.4109,5.364434
CID22,0.609663,2.379254,-5.555006,58.2594,3.791822
CID22,0.612620,2.814347,-2.757942,51.7594,3.912011
CID22,0.632408,2.499420,-3.905521,57.2166,4.540770
CID22,0.641285,2.574875,-4.076323,55.6363,4.778708
CID22,0.644954,2.547293,-4.517078,55.9980,3.691695
CID22,0.646449,1.921501,-6.709618,63.7181,3.683989
CID22,0.647425,2.613536,-3.991743,54.6868,3.531359
CID22,0.647758,2.434610,-4.026166,56.8926,5.068123
CID22,0.655546,2.092822,-6.614658,61.1255,3.723632
CID22,0.658122,2.012867,-5.997989,62.4711,4.071434
CID22,0.666394,2.287274,-5.276326,59.2133,3.378155
CID22,0.667238,1.958348,-7.070029,63.6129,3.174380
CID22,0.685906,2.123471,-5.559446,61.3924,4.295797
CID22,0.686277,2.102771,-6.358538,61.3220,3.491624
CID22,0.691602,2.010050,-6.917037,63.1443,3.129784
CID22,0.696185,1.739766,-8.082801,66.3402,3.180353
CID22,0.696935,1.727998,-7.581697,66.2810,3.167905
CID22,0.697947,2.055177,-6.619455,62.9345,3.459478
CID22,0.699038,1.729337,-7.385128,66.9204,4.011317
CID22,0.702248,1.832905,-7.746004,65.1598,3.252454
CID22,0.711307,2.122533,-6.156849,61.7573,3.377411
CID22,0.715128,1.881592,-6.538657,64.5652,3.692597
CID22,0.718140,1.710468,-8.308961,66.5074,3.751148
CID22,0.726841,1.722271,-8.266106,66.6469,3.003002
CID22,0.731964,1.525112,-8.695306,69.7629,2.888185
CID22,0.745105,1.496598,-9.299225,69.4836,2.619480
CID22,0.755185,1.687058,-8.293942,67.6165,3.195628
CID22,0.758842,1.621259,-8.875401,69.4031,2.832793
CID22,0.766044,1.771947,-7.202989,65.8217,3.904057
CID22,0.777470,1.556684,-8.152798,69.4414,3.966631
CID22,0.777798,1.449874,-9.559435,70.5550,2.518386
CID22,0.787972,1.238149,-10.168557,72.7214,2.694668
CID22,0.788399,1.508696,-9.327204,69.6598,2.873890
CID22,0.788505,1.553386,-9.032849,69.2451,2.434045
CID22,0.794789,1.318222,-9.965557,71.5575,2.398290
CID22,0.795366,1.668743,-7.674310,67.2280,3.319287
CID22,0.796898,1.302242,-9.383016,72.7512,3.444725
CID22,0.804276,1.269046,-10.497605,73.2226,2.358543
CID22,0.804280,1.210558,-10.851788,74.6725,2.327998
CID22,0.808044,1.443557,-9.741192,71.2200,2.887339
CID22,0.813005,1.296622,-10.448733,72.6831,2.543030
CID22,0.815294,1.507839,-8.459011,69.7238,2.927904
CID22,0.818487,1.107014,-10.813096,76.0261,2.468132
CID22,0.822161,1.287449,-10.343318,73.4513,2.320721
CID22,0.822780,1.007286,-10.831258,77.6860,3.599656
CID22,0.827752,1.033458,-11.375457,76.2109,2.297007
CID22,0.830082,1.121970,-11.251941,75.7389,2.115685
CID22,0.834845,1.317903,-9.518486,72.2372,2.663344
CID22,0.837445,1.170607,-10.957386,74.6815,2.703511
CID22,0.840721,0.921894,-12.152175,79.0514,2.099042
CID22,0.846728,1.114070,-11.223868,76.0044,2.290432
CID22,0.848736,0.834272,-12.262719,79.9659,1.775462
CID22,0.855455,1.228589,-9.891520,74.2068,2.717155
CID22,0.856589,0.816871,-11.704027,80.6483,2.942382
CID22,0.858873,0.846730,-12.615666,80.3568,1.876750
CID22,0.862722,1.001020,-11.666634,77.7524,1.798734
CID22,0.862975,0.934740,-11.812323,77.9091,1.915098
CID22,0.863764,1.016267,-11.923597,77.0078,2.250180
CID22,0.867609,0.822705,-12.632709,81.2311,2.007017
CID22,0.876953,1.092500,-10.752211,76.3370,2.567246
CID22,0.878624,0.588873,-13.679021,84.6635,1.519629
CID22,0.880460,0.835458,-12.776732,80.7259,1.965784
CID22,0.890187,0.548632,-13.123647,85.6108,2.124209
CID22,0.890480,0.828928,-12.823076,80.8034,2.034019
CID22,0.890492,0.532486,-14.273622,86.1798,1.355839
CID22,0.890534,0.742964,-12.833912,80.6713,1.804457
CID22,0.890581,0.620620,-13.921648,84.5481,1.698020
CID22,0.890740,0.497093,-14.420167,87.3174,1.205159
CID22,0.890984,0.927577,-11.701202,78.7888,2.356893
CID22,0.891225,0.345185,-15.002066,89.1768,0.842389
CID22,0.891408,0.592279,-14.019514,84.7062,1.791405
CID22,0.891770,0.367113,-14.305959,89.3095,1.332346
CID22,0.347684,2.755637,-2.964387,51.7383,4.792504
CID22,0.394427,2.999874,-1.619318,51.3957,6.187927
CID22,0.396662,2.336797,-4.024436,59.7494,5.599152
CID22,0.412780,2.198848,-4.350453,60.9346,5.279755
CID22,0.414410,2.097356,-5.845212,63.0551,5.258340
CID22,0.419274,2.850464,-2.272728,55.8289,6.971595
CID22,0.432979,2.099717,-6.335581,62.6828,4.592906
CID22,0.440992,2.449022,-4.158853,57.6195,5.607426
CID22,0.458164,2.283892,-4.920703,61.2493,5.716374
CID22,0.480174,1.949800,-6.209587,64.9450,4.761706
CID22,0.484016,2.069119,-6.126160,63.8107,4.259692
CID22,0.485326,1.878366,-6.292225,65.4784,4.819366
CID22,0.493414,2.047542,-5.801317,61.7583,3.701640
CID22,0.496961,2.319415,-5.086496,62.0272,5.516854
CID22,0.497852,2.181889,-5.325259,61.4751,4.681176
CID22,0.502944,1.841573,-7.274714,66.5965,4.547573
CID22,0.532509,1.900779,-7.104807,65.4969,3.913090
CID22,0.536218,1.741790,-7.444421,67.9736,4.921061
CID22,0.537069,1.720008,-7.007475,68.2506,4.585173
CID22,0.542166,1.904694,-6.937100,67.0002,5.085755
CID22,0.542316,1.708679,-7.729416,69.2436,3.730384
CID22,0.542564,1.978177,-6.411333,65.0025,4.473353
CID22,0.547393,1.549957,-8.567323,70.6477,3.756755
CID22,0.548058,2.108789,-6.120773,64.7515,5.390223
CID22,0.556596,1.539717,-8.042013,70.6326,4.203572
CID22,0.557775,1.353295,-9.675456,74.0549,3.781282
CID22,0.559057,1.484188,-8.806451,71.7954,3.348189
CID22,0.562026,1.424854,-9.169728,72.7665,3.236718
CID22,0.568264,1.728891,-8.076032,68.3032,2.988675
CID22,0.585718,1.655594,-7.852211,68.6406,3.101989
CID22,0.589590,1.617065,-8.174448,69.5412,3.683243
CID22,0.597992,1.765054,-7.556958,69.3248,4.566460
CID22,0.598005,1.402030,-9.524214,73.3488,3.004910
CID22,0.607094,1.468214,-8.285907,71.8498,3.842947
CID22,0.614406,1.399603,-9.247328,72.3273,2.789125
CID22,0.616027,1.534210,-8.826004,72.1480,3.710050
CID22,0.628923,1.421985,-9.215134,72.5885,3.319067
CID22,0.638268,1.193597,-10.466317,76.7778,2.885823
CID22,0.645462,1.402691,-8.756094,72.8519,3.815095
CID22,0.648153,1.692631,-8.052287,70.0959,4.746915
CID22,0.650403,1.211278,-10.142775,75.5707,2.680789
CID22,0.652686,1.230645,-10.245741,76.0234,2.952675
CID22,0.656008,1.249505,-9.828888,75.7552,2.842690
CID22,0.656483,1.255546,-9.977154,75.0922,2.909960
CID22,0.664941,1.230984,-10.147475,75.7385,2.968365
CID22,0.666212,1.262915,-10.205294,76.3383,2.957901
CID22,0.669034,1.272863,-9.327175,74.8427,3.022627
CID22,0.669555,1.091215,-10.815424,77.5786,2.343335
CID22,0.669923,1.144742,-10.399282,77.3332,2.740482
CID22,0.672507,1.089179,-10.885482,78.2632,2.954760
CID22,0.681628,1.113289,-10.953107,78.2544,2.767736
CID22,0.687663,1.281651,-10.121973,75.9397,3.084345
CID22,0.688004,1.138833,-10.475254,77.4354,2.802986
CID22,0.689349,1.046571,-10.882079,79.2112,2.407001
CID22,0.693947,1.092148,-10.905106,77.8518,2.601524
CID22,0.697472,1.152874,-10.018176,76.7906,3.641648
CID22,0.698999,1.021463,-11.515735,80.2089,2.401894
CID22,0.702027,0.978312,-11.353389,80.1025,2.546751
CID22,0.702095,0.920241,-11.669040,80.8706,2.301291
CID22,0.712857,0.912606,-11.608625,81.4749,2.154706
CID22,0.716546,1.043598,-11.051191,78.6048,2.768342
CID22,0.720012,0.988191,-11.488147,80.1341,2.584679
CID22,0.722787,1.007050,-11.485533,79.3613,2.291286
CID22,0.726391,1.091411,-10.318769,77.9568,2.995418
CID22,0.728863,0.803857,-12.325361,83.0515,2.135533
CID22,0.734630,0.779455,-12.439480,83.4347,2.054807
CID22,0.735188,0.826522,-12.106327,82.7097,2.079524
CID22,0.735376,0.699066,-12.592484,84.1547,2.069290
CID22,0.737329,1.063257,-11.092509,79.0047,2.640723
CID22,0.746407,0.938940,-11.784622,80.5873,2.340339
CID22,0.753195,0.770398,-12.558748,82.8415,1.820264
CID22,0.756112,1.004756,-10.816513,79.5055,2.422868
CID22,0.761403,0.652150,-12.966473,85.3486,1.593133
CID22,0.765800,0.770642,-12.563684,83.4284,2.399802
CID22,0.766689,0.716155,-12.850185,84.5874,1.972218
CID22,0.769404,0.581809,-13.285841,86.1483,2.037234
CID22,0.774540,0.721169,-12.706041,84.3354,1.946145
CID22,0.779091,0.868293,-12.137867,81.9081,2.058158
CID22,0.792843,0.775446,-12.575620,83.0174,2.232748
CID22,0.807635,0.583198,-13.693449,86.0555,1.769439
CID22,0.809862,0.474521,-13.982710,88.4806,1.218254
CID22,0.816684,0.868358,-11.540064,81.5547,2.359003
CID22,0.823899,0.376343,-14.123764,89.6394,1.506613
CID22,0.826951,0.573771,-13.554160,86.4433,1.603685
CID22,0.829132,0.561549,-13.726600,86.7651,1.682147
CID22,0.829383,0.420268,-14.442709,89.3059,1.242998
CID22,0.836012,0.481470,-14.054959,87.9208,1.282385
CID22,0.838893,0.283164,-15.050655,91.5593,0.843441
CID22,0.844069,0.253881,-14.818535,91.6128,1.148550
CID22,0.312862,3.343726,-1.670980,41.7323,5.640643
CID22,0.420503,2.576321,-4.306188,52.1800,5.302077
CID22,0.461421,2.886911,-2.617161,51.3264,7.656116
CID22,0.492001,2.659841,-4.421873,55.6365,7.621555
CID22,0.497077,2.081682,-6.333947,60.2193,4.798158
CID22,0.502837,2.746922,-4.819946,54.8909,9.164007
CID22,0.504961,1.903563,-7.816283,63.7373,4.956192
CID22,0.534852,2.439138,-4.284821,57.2887,6.888128
CID22,0.548448,2.881145,-2.843642,53.5948,7.349822
CID22,0.557356,2.190275,-6.321940,62.8286,6.702807
CID22,0.557947,1.788553,-8.520292,66.0527,4.573519
CID22,0.585346,1.770396,-7.585644,66.8742,5.562092
CID22,0.586614,2.185451,-5.301095,60.8267,5.579487
CID22,0.586881,1.858486,-7.346117,63.9659,4.881315
CID22,0.597749,2.248575,-6.193318,62.0979,6.104104
CID22,0.598208,2.146666,-6.704605,62.9890,6.397523
CID22,0.602492,2.427975,-4.807281,59.4889,5.895381
CID22,0.603444,1.533690,-9.769756,69.3984,4.344978
CID22,0.618550,1.965003,-7.042883,65.0073,5.806895
CID22,0.626777,1.741968,-8.221246,65.9169,4.508265
CID22,0.627001,1.961558,-6.754733,64.1383,4.713150
CID22,0.628866,1.214310,-11.282259,75.0371,3.282548
CID22,0.632452,2.240699,-5.124858,62.5075,4.914750
CID22,0.636159,1.484741,-9.550430,70.8476,4.796362
CID22,0.639519,1.506746,-8.683234,70.8098,5.132387
CID22,0.644396,1.841314,-7.624042,67.1976,5.334635
CID22,0.651319,1.684397,-8.247808,68.4121,5.500464
CID22,0.652486,1.633856,-8.231131,67.4690,5.535566
CID22,0.654655,1.897702,-7.671572,65.3437,5.381978
CID22,0.654706,1.661417,-8.778934,69.5902,5.675777
CID22,0.658813,1.363211,-10.095829,72.1894,4.026186
CID22,0.663783,1.096169,-11.769551,77.1233,3.441479
CID22,0.665681,1.868712,-7.341397,65.6864,4.282281
CID22,0.679223,1.490332,-9.003806,71.7022,4.416325
CID22,0.683911,1.334237,-9.579404,73.5194,4.226325
CID22,0.684148,1.517149,-9.468341,71.0720,5.089984
CID22,0.684646,1.414286,-10.012098,72.7286,4.229796
CID22,0.687179,1.229071,-11.008182,74.3010,3.583266
CID22,0.693960,1.745171,-8.173198,67.1561,4.489600
CID22,0.696799,0.980718,-12.335348,78.6078,2.572634
CID22,0.703762,1.627728,-8.692331,68.9950,5.001051
CID22,0.705784,1.350870,-10.086236,73.4666,3.544158
CID22,0.710150,1.220233,-9.947435,75.2321,4.025666
CID22,0.711797,1.174719,-11.167987,75.8444,3.389325
CID22,0.717447,1.281854,-10.281896,73.5520,3.636605
CID22,0.724993,1.287054,-10.469606,74.3396,4.689146
CID22,0.725546,1.474142,-9.158048,69.4658,4.340131
CID22,0.727310,1.435551,-9.655911,71.9052,4.992405
CID22,0.732452,1.125526,-11.595664,76.6294,3.185406
CID22,0.733684,0.864011,-12.753057,80.5402,2.334838
CID22,0.740770,1.200498,-10.826001,75.3168,2.977139
CID22,0.747502,1.147946,-10.492972,75.7814,4.343049
CID22,0.763339,1.159956,-10.913557,76.2748,3.889727
CID22,0.766744,1.254024,-10.311875,73.5042,3.829148
CID22,0.770419,1.095527,-11.229431,75.9007,3.268647
CID22,0.772235,1.083064,-11.520981,77.1451,3.214848
CID22,0.779712,1.042745,-11.917126,77.3978,3.605433
CID22,0.781784,0.817253,-13.037354,82.4423,1.851899
CID22,0.784044,1.208804,-10.776378,74.3126,3.387746
CID22,0.786104,1.094575,-11.464705,76.6783,2.963483
CID22,0.792181,1.131794,-10.427180,75.8346,3.990053
CID22,0.814416,0.992395,-11.414534,77.8724,2.837171
CID22,0.820505,1.028806,-11.440761,76.8974,3.261628
CID22,0.823157,0.917955,-12.328470,79.2847,3.580704
CID22,0.825596,0.952159,-12.440886,79.3526,3.455577
CID22,0.827385,0.621781,-13.992667,85.4033,1.618993
CID22,0.828002,1.073833,-11.356767,77.6448,3.877173
CID22,0.830619,0.998231,-11.189301,78.1858,3.225452
CID22,0.834021,0.917354,-12.439526,80.0021,2.575244
CID22,0.835284,1.088941,-11.639560,76.7206,3.022449
CID22,0.854861,0.908102,-11.675238,79.6525,3.225122
CID22,0.855237,0.869994,-12.157793,79.9572,2.892328
CID22,0.858849,0.471019,-14.961287,88.4245,1.204409
CID22,0.859961,0.922257,-12.564191,80.5760,3.506272
CID22,0.865395,0.844738,-12.736151,80.8705,3.683732
CID22,0.865461,0.834098,-12.554337,79.5611,3.324516
CID22,0.880607,0.801644,-13.152396,82.3651,2.779968
CID22,0.882619,0.877972,-11.938877,80.0479,2.677642
CID22,0.890185,0.893689,-12.385425,80.1653,3.629691
CID22,0.898192,0.841711,-13.071010,81.5796,3.249742
CID22,0.905685,0.448261,-14.080016,87.9217,1.916896
CID22,0.906469,0.300564,-15.703963,91.8450,0.898493
CID22,0.906819,0.833112,-13.005603,81.2734,2.710811
CID22,0.907232,0.798393,-12.309416,81.5870,2.799169
CID22,0.908177,0.621996,-13.933225,83.4364,3.252939
CID22,0.911243,0.761038,-13.430397,83.2228,2.836899
CID22,0.914847,0.765994,-13.227304,82.7420,2.652950
CID22,0.915172,0.312761,-14.925431,90.7499,1.068262
CID22,0.917377,0.685985,-12.844324,83.5360,2.282245
CID22,0.498945,3.024343,-3.086242,53.4777,5.376698
CID22,0.514070,2.916649,-3.429177,51.7874,4.626141
CID22,0.600764,2.375423,-5.205552,60.9417,5.030011
CID22,0.613524,2.976954,-3.489605,56.0946,5.373826
CID22,0.627155,2.585958,-4.316894,55.1465,4.328199
CID22,0.664221,3.032306,-2.995547,53.3533,6.861919
CID22,0.686170,1.952277,-6.931676,66.1083,4.890008
CID22,0.690790,2.784075,-4.201318,58.8358,7.449233
CID22,0.698083,2.296788,-5.554749,59.0706,4.182961
CID22,0.701288,3.052172,-3.178959,55.2508,7.040384
CID22,0.703661,2.458011,-5.670662,61.8656,5.203062
CID22,0.706022,2.912037,-4.118824,56.9697,5.765152
CID22,0.715973,1.642037,-8.129961,70.1753,4.723650
CID22,0.716648,2.484788,-5.308748,60.1297,4.761322
CID22,0.727133,2.409092,-5.685333,62.0715,5.326356
CID22,0.739932,2.199924,-6.078936,65.4211,6.280917
CID22,0.740524,1.638026,-8.075597,68.9538,3.653768
CID22,0.748688,1.468638,-8.904203,72.4211,3.990620
CID22,0.750093,2.462422,-5.582187,62.0083,5.472706
CID22,0.750807,2.196836,-6.413470,63.6515,4.295635
CID22,0.751048,2.174428,-6.697982,65.6081,4.622199
CID22,0.751076,2.356392,-5.925067,63.6524,4.764103
CID22,0.773178,2.014881,-7.153178,66.4691,5.065420
CID22,0.774689,1.333004,-9.586578,74.6385,3.873903
CID22,0.775494,1.521232,-8.977523,70.8283,3.371762
CID22,0.776790,1.905844,-7.132765,68.1300,6.006794
CID22,0.779257,2.006684,-6.306684,66.4576,4.331933
CID22,0.788240,1.935273,-7.664628,67.6499,3.973547
CID22,0.789831,2.061928,-7.339915,66.8459,5.247006
CID22,0.801721,1.555190,-9.755233,73.3420,3.456071
CID22,0.806862,1.957731,-7.475083,67.9575,4.700859
CID22,0.815405,1.347738,-9.674574,73.2357,3.003659
CID22,0.819496,1.607578,-8.387932,72.6347,6.123109
CID22,0.827240,1.801014,-8.139996,69.5273,5.215747
CID22,0.827382,1.677806,-8.961216,71.5169,3.831451
CID22,0.828537,1.651208,-7.939675,70.8627,3.821361
CID22,0.828548,1.155051,-10.635437,77.2684,4.275061
CID22,0.828787,1.554391,-9.523520,72.3458,3.991544
CID22,0.830410,1.573635,-9.215216,72.5613,4.055502
CID22,0.833032,1.600607,-9.112347,73.2858,4.496096
CID22,0.833538,1.318834,-10.781058,76.2724,2.874198
CID22,0.834322,1.462715,-9.386024,74.9723,3.132598
CID22,0.835314,1.160010,-10.795081,76.2751,2.464582
CID22,0.837053,1.490442,-9.703832,73.4190,3.863387
CID22,0.837777,1.597361,-9.299029,72.7149,3.770063
CID22,0.838106,1.504776,-8.734515,73.0983,3.536124
CID22,0.838583,1.348921,-10.564339,75.6550,3.629743
CID22,0.839828,0.840646,-11.654102,81.6465,2.960513
CID22,0.841490,1.409265,-10.188279,75.1348,3.960560
CID22,0.845186,1.286490,-10.592625,77.2950,2.841746
CID22,0.849575,1.295380,-10.242219,76.8188,2.897652
CID22,0.853001,1.000328,-11.883366,78.8743,2.257295
CID22,0.854063,1.322999,-9.782277,75.7913,4.034507
CID22,0.857031,1.234859,-11.034014,77.3981,2.636342
CID22,0.857296,1.170566,-11.552832,78.5079,2.866039
CID22,0.862237,1.179916,-11.339447,78.2322,2.697953
CID22,0.863777,0.714463,-12.361440,83.8366,2.833109
CID22,0.865481,1.262547,-10.882576,77.2332,3.478137
CID22,0.872055,1.024591,-11.801039,80.8148,2.634981
CID22,0.872717,1.046603,-11.297757,80.1469,3.112104
CID22,0.877938,1.259747,-10.045679,76.4545,3.159110
CID22,0.880091,1.030365,-11.899057,80.3490,2.598341
CID22,0.885287,1.135869,-11.540298,79.5211,2.904504
CID22,0.886079,1.054523,-12.004228,80.0176,2.640303
CID22,0.888298,0.741628,-13.040967,82.8290,1.631514
CID22,0.890529,1.052466,-12.084041,80.3041,2.531981
CID22,0.890843,1.210859,-10.377702,76.8283,2.978567
CID22,0.891793,0.427108,-13.937041,88.1448,1.951829
CID22,0.892521,0.949214,-12.117922,82.5587,2.175850
CID22,0.892708,0.949467,-11.701342,81.3971,2.428128
CID22,0.893036,1.074359,-11.733068,80.6835,3.485631
CID22,0.893168,0.874827,-12.736665,82.9693,2.753678
CID22,0.893531,0.953114,-12.505114,81.6045,2.720116
CID22,0.893704,1.072556,-10.998552,78.6853,2.875863
CID22,0.893757,0.554209,-14.260063,86.6031,1.364723
CID22,0.895288,0.947281,-12.457626,82.5328,3.303548
CID22,0.895487,0.961872,-11.602566,81.0955,2.819934
CID22,0.896034,0.953358,-12.549010,81.8976,2.551724
CID22,0.896438,0.267409,-15.178291,91.7615,1.133830
CID22,0.896465,0.779443,-13.340088,84.7427,2.764914
CID22,0.896633,0.748399,-12.806701,84.2662,2.004334
CID22,0.896666,0.601414,-14.051021,87.9403,2.104779
CID22,0.897611,0.591795,-14.261824,87.7282,2.512235
CID22,0.897657,0.898950,-11.892292,81.7641,2.654871
CID22,0.897801,0.337715,-15.443846,90.6291,0.856940
CID22,0.898187,0.814215,-13.123757,84.7767,3.318066
CID22,0.899833,0.814620,-12.311797,83.3253,2.324717
CID22,0.900675,0.639123,-14.212747,87.3057,2.562160
CID22,0.901727,0.621259,-14.223979,87.5516,2.624623
CID22,0.903600,0.716429,-12.892878,84.6842,2.244691
CID22,0.381007,3.775110,-1.190117,45.2859,8.781120
CID22,0.412437,3.203537,-3.457044,51.8376,6.207981
CID22,0.445099,2.928935,-4.314178,55.3880,6.296300
CID22,0.459743,3.718472,-1.887444,47.5435,8.369493
CID22,0.464990,2.992296,-3.875495,54.0938,5.869207
CID22,0.471026,3.673328,-1.050076,46.1144,6.234387
CID22,0.475488,3.477889,-2.371760,51.2008,6.386068
CID22,0.487305,3.438641,-2.174234,49.4674,5.906248
CID22,0.488518,2.830168,-4.594241,55.4814,4.488101
CID22,0.503338,3.042565,-3.410664,53.4919,7.126575
CID22,0.514079,2.597590,-5.085427,59.6337,5.735165
CID22,0.515687,2.970185,-3.849309,53.8189,7.745851
CID22,0.526817,2.517953,-5.097782,59.3996,6.320635
CID22,0.531380,2.569299,-4.734028,58.6974,5.890431
CID22,0.540847,3.008818,-3.303789,53.3037,5.761719
CID22,0.541330,2.786655,-4.610314,56.9682,6.042758
CID22,0.544597,2.829642,-4.650858,58.2897,5.075555
CID22,0.548142,2.385530,-5.982356,59.6783,3.884388
CID22,0.551723,2.353009,-5.299159,60.8376,5.790659
CID22,0.557281,2.670985,-4.723108,56.4047,6.737586
CID22,0.568695,2.136469,-6.104671,63.4996,5.352927
CID22,0.570731,2.402100,-4.643784,61.2090,5.686769
CID22,0.572069,2.316305,-5.916385,62.6258,4.818109
CID22,0.581957,2.535324,-5.249200,59.5152,5.683386
CID22,0.582237,2.794131,-4.088835,56.5726,5.285580
CID22,0.592029,2.069065,-6.490505,63.8917,5.004835
CID22,0.596777,2.135662,-7.179000,64.8809,5.194265
CID22,0.600114,2.339210,-6.205263,64.3541,5.065075
CID22,0.606359,1.955428,-6.687283,65.6238,5.104962
CID22,0.611891,2.401528,-5.266834,60.2256,4.996434
CID22,0.622480,1.998927,-6.471699,66.2205,4.133135
CID22,0.622580,1.832915,-8.228053,67.5861,3.429086
CID22,0.622943,2.000746,-6.773470,64.7562,5.207292
CID22,0.624182,1.977877,-7.410286,66.4337,4.607765
CID22,0.624395,2.094012,-6.752513,64.4536,5.070085
CID22,0.626585,1.836120,-8.324711,67.6141,4.757263
CID22,0.628903,1.696796,-8.797636,69.8248,3.061523
CID22,0.629369,1.860975,-8.115552,69.6066,4.469431
CID22,0.629470,1.909075,-7.324433,65.7764,4.944362
CID22,0.637801,1.764527,-7.695135,67.4449,5.149319
CID22,0.638865,2.065508,-6.584105,64.4194,4.511980
CID22,0.647958,1.823949,-7.386620,68.7544,4.010270
CID22,0.667860,1.675492,-8.800079,69.3083,5.013456
CID22,0.673626,1.484326,-10.224813,72.7257,2.737078
CID22,0.673942,1.986416,-7.047756,65.3661,5.007674
CID22,0.680807,1.835717,-7.911314,67.4137,4.499231
CID22,0.685016,1.744119,-8.367595,69.1919,4.434346
CID22,0.687879,1.578506,-8.636864,70.1901,4.825344
CID22,0.688120,1.619081,-8.404795,71.5258,3.406448
CID22,0.700401,1.573094,-9.578719,73.4014,4.268697
CID22,0.708180,1.782174,-7.813821,68.0383,4.775380
CID22,0.709277,1.239269,-11.273698,75.9261,2.333320
CID22,0.722359,1.427826,-9.385005,73.2467,4.500490
CID22,0.724156,1.536310,-8.808857,72.3141,3.261085
CID22,0.725374,1.680995,-8.550002,69.2679,4.606345
CID22,0.729468,1.674799,-8.570910,69.5799,4.787724
CID22,0.746326,1.075523,-11.038747,77.8717,4.280066
CID22,0.751875,1.294927,-10.786378,76.8612,4.101390
CID22,0.752576,1.074095,-12.221324,78.6497,2.123746
CID22,0.754143,1.489172,-9.589491,72.5107,4.673931
CID22,0.759563,1.660060,-8.469666,69.1409,4.624204
CID22,0.766191,1.480471,-9.127422,73.4485,2.972367
CID22,0.768699,1.579893,-9.008904,70.4817,4.360710
CID22,0.776393,1.295467,-10.042805,75.9999,3.941110
CID22,0.777869,1.475603,-9.563947,71.6244,4.165632
CID22,0.801080,1.191104,-11.134284,78.3162,3.847544
CID22,0.805166,0.805367,-13.375028,82.8552,1.990828
CID22,0.806124,1.345950,-9.963249,74.8050,2.847174
CID22,0.806599,0.912596,-11.835196,80.3973,3.820636
CID22,0.812245,1.490100,-9.471644,71.9293,4.557439
CID22,0.813574,1.583017,-8.873580,69.9002,4.726926
CID22,0.816208,1.382674,-9.967324,73.1357,4.527004
CID22,0.819537,1.302304,-10.360083,73.8220,4.140233
CID22,0.827413,1.110544,-11.163285,78.0002,3.951373
CID22,0.832277,1.224754,-10.482763,76.8622,2.702082
CID22,0.837727,0.571786,-14.551805,86.4446,1.491976
CID22,0.839118,1.249716,-10.629539,75.0612,4.323752
CID22,0.847985,0.887834,-12.444670,81.6811,3.921439
CID22,0.848543,0.462943,-14.222728,87.7845,2.097302
CID22,0.851259,1.464637,-9.445042,71.9138,4.627562
CID22,0.851642,1.120615,-11.085428,78.1466,2.672829
CID22,0.852310,1.036833,-11.624175,76.8704,4.204270
CID22,0.852371,1.227583,-10.706877,75.7823,4.405902
CID22,0.856731,1.117661,-11.331741,76.9716,4.387729
CID22,0.859597,0.350914,-15.833173,90.3353,0.913110
CID22,0.860385,0.293712,-15.276955,91.3272,1.253435
CID22,0.861021,1.007097,-11.514985,79.8051,2.882546
CID22,0.864242,1.369806,-9.851007,73.1854,4.435595
CID22,0.867878,1.056382,-11.505826,77.6057,4.372508
CID22,0.873356,0.906020,-12.090914,81.4266,2.198665
CID22,0.277319,3.517779,-1.600849,50.7116,4.723293
CID22,0.337911,3.495690,-1.758822,48.9197,4.879325
CID22,0.391031,3.293196,-3.182528,53.8711,4.796267
CID22,0.400496,2.636844,-4.302970,59.5425,3.840675
CID22,0.439511,3.783445,-0.753906,48.5574,5.743040
CID22,0.472721,2.704093,-3.857324,58.2530,4.275538
CID22,0.474359,3.049340,-2.999462,53.2772,4.180757
CID22,0.484335,3.476330,-0.944569,49.6772,7.757755
CID22,0.487455,2.570965,-4.694505,60.0957,4.578557
CID22,0.488845,3.021176,-3.210335,56.0758,4.594522
CID22,0.533617,2.526407,-5.267586,59.5480,3.411369
CID22,0.534737,2.114304,-6.037985,64.6306,3.469601
CID22,0.544778,2.943199,-3.183507,56.6013,4.926837
CID22,0.545643,2.674694,-4.242731,56.8053,3.858607
CID22,0.560272,2.390019,-5.975687,63.2365,3.628761
CID22,0.564718,2.856410,-3.160494,57.0057,7.832030
CID22,0.565819,2.183584,-6.518428,64.3783,3.671808
CID22,0.567682,2.156010,-6.532887,64.5103,3.773666
CID22,0.576614,1.749718,-7.630671,69.1371,3.862386
CID22,0.592717,2.282783,-5.375785,63.6240,4.336190
CID22,0.595789,1.887543,-7.138974,66.7635,3.328204
CID22,0.599639,2.272182,-6.056298,62.7903,3.403568
CID22,0.606496,2.279025,-6.024230,64.0060,3.831060
CID22,0.606667,2.395181,-5.372501,61.4880,6.241222
CID22,0.608358,2.125219,-7.058833,66.3431,3.303188
CID22,0.610513,1.920950,-7.915928,67.3528,3.666313
CID22,0.614641,1.946551,-7.605976,67.0678,3.362423
CID22,0.626355,1.538175,-8.774245,71.4996,2.890028
CID22,0.641973,1.687632,-8.059952,69.5959,2.920940
CID22,0.644054,1.898265,-7.129278,68.5852,3.579363
CID22,0.654770,2.065965,-6.808233,64.9643,4.948454
CID22,0.663973,1.631501,-9.060895,70.8041,3.006839
CID22,0.664728,1.765809,-8.408112,69.2399,2.626836
CID22,0.666558,1.538367,-9.492736,71.8437,3.499420
CID22,0.670038,1.760750,-8.499942,69.6566,3.002995
CID22,0.673942,1.720240,-8.690271,70.8432,2.893624
CID22,0.687856,1.337024,-9.692882,73.8988,3.421848
CID22,0.690329,1.704622,-7.943224,71.3287,3.678486
CID22,0.693884,1.657262,-8.866795,70.3461,4.061676
CID22,0.698029,1.481053,-9.091990,72.0345,2.633037
CID22,0.702305,1.518454,-9.465664,71.9886,2.914190
CID22,0.707166,1.516851,-9.549966,72.2190,2.544501
CID22,0.717053,1.690298,-8.734860,71.2892,2.788320
CID22,0.718445,1.322996,-10.498572,74.7160,2.427049
CID22,0.722767,1.393381,-10.171864,74.2476,2.571135
CID22,0.723108,1.474955,-9.046888,73.7111,2.956544
CID22,0.734281,1.397754,-10.145392,73.9800,3.858572
CID22,0.736554,1.154814,-10.550061,76.2967,2.702101
CID22,0.738518,1.455405,-9.903804,73.1729,2.588793
CID22,0.743608,1.254167,-10.185197,75.5894,2.507431
CID22,0.752230,1.391296,-9.466843,74.7158,2.860450
CID22,0.752748,1.304551,-10.552181,74.8651,2.454659
CID22,0.762037,1.254164,-10.770933,77.1054,2.296515
CID22,0.767468,1.133390,-11.407557,77.6490,2.117354
CID22,0.771221,1.287628,-10.692495,75.6072,2.881308
CID22,0.771645,1.219204,-10.768794,76.4458,3.556959
CID22,0.774052,1.082746,-11.490584,78.6220,2.199275
CID22,0.780612,1.071137,-11.032413,78.3254,2.249185
CID22,0.785526,1.355649,-9.685434,75.6543,2.587111
CID22,0.791035,0.858114,-11.735533,80.4522,2.421982
CID22,0.797033,1.034622,-11.464596,78.5821,2.048195
CID22,0.800655,1.115081,-11.506957,77.9682,2.840861
CID22,0.808306,1.052135,-11.624694,78.6542,3.122357
CID22,0.811832,1.032028,-11.795089,80.6364,1.982437
CID22,0.817234,1.005187,-12.126438,79.5430,1.846680
CID22,0.818817,1.222287,-10.471757,77.0938,2.648983
CID22,0.822666,0.951977,-12.115198,81.0284,2.012650
CID22,0.827433,0.807332,-12.473472,82.4569,1.705951
CID22,0.832354,1.019678,-12.037038,79.4072,2.160963
CID22,0.833953,0.688683,-12.711832,83.0741,2.056916
CID22,0.835502,0.963571,-11.729459,79.6760,1.879352
CID22,0.837379,1.092207,-11.113920,79.2355,2.282320
CID22,0.839412,0.948644,-12.297785,80.5524,2.603808
CID22,0.844501,0.807717,-12.858998,83.4053,1.640465
CID22,0.847064,0.877905,-12.784211,81.3243,1.936426
CID22,0.849346,0.886144,-12.704872,81.4488,2.076983
CID22,0.850238,0.571267,-13.787908,86.1423,1.358373
CID22,0.851209,1.025365,-11.427835,80.2653,2.174793
CID22,0.856976,0.708921,-13.452909,84.1692,2.130300
CID22,0.858657,0.539702,-14.316666,87.7990,1.168248
CID22,0.859938,0.747320,-12.821912,82.2892,1.757842
CID22,0.861141,0.417790,-13.956541,87.7649,1.679600
CID22,0.862367,0.925956,-11.944378,81.7015,2.113249
CID22,0.862901,0.672715,-13.744528,84.7026,1.526825
CID22,0.863145,0.707725,-13.626911,84.0866,1.766266
CID22,0.863568,0.335531,-15.143372,90.5202,0.818309
CID22,0.863569,0.450322,-14.924699,89.0880,1.300850
CID22,0.864665,0.528880,-14.649687,87.3672,1.505394
CID22,0.866850,0.262882,-15.140771,91.1312,1.178485
CID22,0.867249,0.827300,-12.498125,83.4781,1.935300
CID22,0.867421,0.475203,-14.870949,88.0865,1.149353
CID22,0.421354,2.691242,-4.233498,58.0488,5.084629
CID22,0.497143,2.218852,-5.836095,60.1120,5.271871
CID22,0.552457,2.274130,-5.798931,63.7273,4.959837
CID22,0.587856,2.098417,-6.672842,66.0258,6.251848
CID22,0.588960,2.696284,-4.332075,57.6671,6.298180
CID22,0.599181,1.952054,-6.908836,66.2333,4.275747
CID22,0.612239,2.754052,-3.637805,59.4037,13.132854
CID22,0.612865,2.028305,-7.124489,62.7852,4.340540
CID22,0.614849,2.628234,-4.738864,59.9768,5.860159
CID22,0.620311,2.562515,-4.354021,60.4304,5.983191
CID22,0.629652,1.843152,-7.631743,67.8103,4.217154
CID22,0.645851,1.733176,-8.325706,70.5793,4.117650
CID22,0.654837,2.177739,-6.655686,64.5167,5.140646
CID22,0.674479,1.833371,-8.035584,65.5182,4.068466
CID22,0.678320,1.550865,-9.306534,72.5149,4.407626
CID22,0.684455,1.656991,-8.209065,70.9425,3.863632
CID22,0.695290,2.125966,-6.952774,66.1637,4.812685
CID22,0.698102,1.875616,-6.835693,68.7899,5.592264
CID22,0.700153,2.169888,-6.597871,65.5041,6.017416
CID22,0.701567,1.502417,-9.502371,72.5969,3.054453
CID22,0.708452,1.864600,-7.668498,69.0943,4.946457
CID22,0.717614,1.882668,-8.096329,67.6348,5.049004
CID22,0.728142,1.309736,-9.837813,74.7628,3.423617
CID22,0.729587,1.261229,-10.191839,76.1422,3.426845
CID22,0.738039,1.868726,-8.191186,68.7984,4.478396
CID22,0.740200,1.345059,-10.237849,75.6229,3.600389
CID22,0.746746,1.535401,-8.374675,73.2458,4.296090
CID22,0.748061,1.691327,-8.790557,71.3889,4.500020
CID22,0.748247,1.269708,-10.720725,76.0703,2.943648
CID22,0.749134,1.694214,-8.777535,70.6230,4.672202
CID22,0.754504,1.166390,-10.578132,77.3347,2.958945
CID22,0.755522,1.158230,-10.643086,77.3366,3.320940
CID22,0.759647,1.682518,-8.955697,71.2255,4.193345
CID22,0.772146,1.388390,-10.458466,75.0577,3.742997
CID22,0.773244,1.430559,-9.113445,74.9513,4.846510
CID22,0.774327,1.303464,-10.614211,76.5098,3.299261
CID22,0.775586,1.533944,-9.777713,73.6927,3.742294
CID22,0.779501,1.087441,-11.675192,79.0929,2.609932
CID22,0.780290,1.373989,-10.551242,75.9995,3.962025
CID22,0.783887,1.035706,-11.300576,78.8147,2.580671
CID22,0.787327,1.053760,-11.124030,78.4549,3.087269
CID22,0.799003,1.179935,-11.280551,77.3924,3.444825
CID22,0.799019,1.264325,-9.974181,77.0883,4.139338
CID22,0.801771,1.219110,-11.021988,77.2933,3.088780
CID22,0.802638,1.393763,-10.404370,75.1669,3.513124
CID22,0.805621,1.426427,-10.092534,75.2725,3.377624
CID22,0.807788,0.952739,-12.142538,80.6247,2.444927
CID22,0.811402,0.873940,-12.106357,81.4128,2.332650
CID22,0.812800,1.121800,-11.489067,79.3141,3.349444
CID22,0.813882,0.880644,-12.174114,81.1207,2.839528
CID22,0.816675,1.223796,-10.236733,77.9574,3.195076
CID22,0.819507,1.084510,-11.575047,79.2693,2.881429
CID22,0.821009,1.020811,-12.177811,79.8285,2.967378
CID22,0.828967,1.114490,-11.459026,78.9526,2.642300
CID22,0.834163,0.796177,-12.648536,83.4375,2.008686
CID22,0.834330,0.813498,-12.726763,82.5354,2.426934
CID22,0.835645,0.662152,-12.956717,84.2339,2.800988
CID22,0.836823,1.196140,-11.310271,77.8301,3.321178
CID22,0.837143,1.157085,-10.615108,78.7245,3.275160
CID22,0.837410,0.914993,-12.571640,82.1106,2.402063
CID22,0.839818,0.965693,-12.289091,81.0974,2.550401
CID22,0.841223,0.913063,-12.663488,81.6080,2.349278
CID22,0.853507,0.936261,-12.392113,81.2275,2.189621
CID22,0.853640,1.048850,-11.130460,80.0804,3.280475
CID22,0.855048,0.619450,-13.680440,85.9900,1.542131
CID22,0.857818,0.875723,-12.726059,82.3191,2.944942
CID22,0.858151,0.539476,-13.858945,86.1034,1.986639
CID22,0.863036,0.823517,-13.120754,83.0379,2.117371
CID22,0.867524,0.745774,-12.791021,83.8023,2.145323
CID22,0.868633,0.814353,-12.919129,84.0191,2.313973
CID22,0.870037,0.945094,-12.472898,81.1283,2.537148
CID22,0.873256,0.957913,-11.603939,81.6921,3.123422
CID22,0.879087,0.799258,-13.303191,83.6711,2.031468
CID22,0.881615,0.459449,-14.592809,88.6393,1.337508
CID22,0.886636,0.345054,-14.693886,89.9915,2.002537
CID22,0.886645,0.755838,-13.257455,84.0669,2.110403
CID22,0.887638,0.887617,-11.905361,82.4963,2.749793
CID22,0.887715,0.631427,-14.091299,85.9335,1.875955
CID22,0.889024,0.611202,-13.693295,86.2381,1.600395
CID22,0.890054,0.671215,-13.997100,85.0950,1.675290
CID22,0.890223,0.643626,-13.893255,85.7681,1.909593
CID22,0.890357,0.480053,-14.777975,88.6517,1.490393
CID22,0.891965,0.803789,-12.314395,83.5515,2.502345
CID22,0.892674,0.485687,-14.967787,88.2143,1.359458
CID22,0.893674,0.276823,-15.669272,91.8623,0.789676
CID22,0.893976,0.232929,-15.442656,92.5427,1.562616
CID22,0.894764,0.445372,-14.958907,88.3993,1.355641
CID22,0.898431,0.480898,-14.930816,88.2153,1.468194
CID22,0.429112,3.046835,-3.541469,54.6979,4.930673
CID22,0.449027,2.745741,-5.247744,56.5754,4.845170
CID22,0.528104,2.814584,-4.792507,58.1703,5.882686
CID22,0.535648,2.403710,-6.773665,59.9549,4.634151
CID22,0.547822,3.120582,-3.839253,56.0132,6.936599
CID22,0.553824,2.901668,-4.272014,55.6907,6.931934
CID22,0.555134,2.471270,-5.364863,62.2887,4.959825
CID22,0.580563,2.749033,-5.295172,60.0370,6.764165
CID22,0.581790,2.909979,-5.199407,58.5311,5.709593
CID22,0.585071,2.241786,-6.639266,63.6694,4.054371
CID22,0.603276,2.127750,-7.495130,62.9771,3.782310
CID22,0.611449,2.447743,-6.081892,61.8835,5.000792
CID22,0.622999,2.377301,-6.453106,63.2941,4.739779
CID22,0.643222,2.517133,-6.175243,62.0335,5.060626
CID22,0.644729,2.003463,-7.144290,66.6637,4.079461
CID22,0.647435,2.322553,-7.064832,64.8700,3.712782
CID22,0.649127,1.611681,-9.517594,70.7997,3.336602
CID22,0.651571,2.216793,-6.992524,65.3943,4.279097
CID22,0.658598,2.159704,-7.053276,64.9535,4.220514
CID22,0.667674,2.007579,-7.302924,67.5675,4.883360
CID22,0.672347,1.690926,-8.532940,70.1953,3.678120
CID22,0.674036,1.877350,-8.402174,69.0897,3.939729
CID22,0.675285,1.830548,-8.588031,68.8419,4.284813
CID22,0.690841,2.089119,-8.191062,67.2094,3.478699
CID22,0.691905,1.890080,-8.372144,68.3098,4.161170
CID22,0.692690,2.001716,-8.034331,67.1500,3.744022
CID22,0.695891,1.975930,-8.387402,67.7906,4.167070
CID22,0.698548,1.494503,-9.985256,72.2639,2.993398
CID22,0.701076,1.513277,-9.291626,72.4329,3.732381
CID22,0.709723,1.656308,-9.433574,70.8848,3.579211
CID22,0.715965,1.703697,-8.458941,71.5277,4.042946
CID22,0.716347,1.552852,-10.167297,73.1711,3.279226
CID22,0.719929,1.570013,-9.865954,72.3572,3.551280
CID22,0.724582,1.381148,-9.813134,73.9599,3.406379
CID22,0.726028,1.681307,-9.393966,71.3261,3.815396
CID22,0.726664,1.642532,-9.609390,72.4734,3.361991
CID22,0.731350,1.597259,-10.147799,72.8067,3.323495
CID22,0.732542,1.458754,-10.513851,73.7510,3.406277
CID22,0.733314,1.306270,-10.715850,73.2682,2.719276
CID22,0.737237,1.572212,-9.301806,73.6965,3.827152
CID22,0.747669,1.381013,-11.039158,75.0200,3.620910
CID22,0.753638,1.391875,-10.841046,74.6579,3.217845
CID22,0.754484,1.337367,-11.277500,75.7950,2.875166
CID22,0.755965,1.455599,-10.850025,74.5596,2.902945
CID22,0.757195,1.638939,-9.621509,71.9512,3.405169
CID22,0.764585,1.403808,-9.979894,75.5785,3.775853
CID22,0.765758,1.228425,-10.695906,76.2910,3.130458
CID22,0.766626,1.133338,-11.914798,75.1183,2.171277
CID22,0.767051,1.320281,-11.524903,76.0692,3.265150
CID22,0.776227,1.198697,-11.923895,76.9908,2.971606
CID22,0.776415,1.305856,-11.167207,75.9245,3.162645
CID22,0.784716,1.349770,-10.284393,76.2188,3.345842
CID22,0.787322,1.340776,-11.443980,76.2414,2.814424
CID22,0.791699,1.264825,-11.480463,76.3334,2.630590
CID22,0.793944,1.181511,-12.125615,77.7347,2.666832
CID22,0.796208,1.001265,-12.465051,79.2392,2.130358
CID22,0.799049,0.947101,-11.679913,80.3404,3.356920
CID22,0.799384,1.208368,-11.729218,77.3199,3.172863
CID22,0.799505,1.040367,-12.959667,79.7007,2.255034
CID22,0.802309,1.094889,-12.394155,78.6803,2.647700
CID22,0.805831,1.274843,-10.659606,77.2680,3.348373
CID22,0.817223,1.142604,-12.207249,78.3976,2.494407
CID22,0.819790,1.077298,-12.412127,78.7193,2.274920
CID22,0.822363,1.104870,-12.435326,79.2309,2.330621
CID22,0.829083,0.779993,-13.747581,82.3190,1.738750
CID22,0.829513,1.173598,-11.106732,78.7178,2.976599
CID22,0.832106,0.906810,-13.455899,81.5173,2.327209
CID22,0.833075,0.989374,-12.793396,79.8807,2.468290
CID22,0.833226,1.091764,-12.345814,79.1182,2.574070
CID22,0.836576,0.822231,-12.470743,82.4085,2.319860
CID22,0.841787,1.042519,-12.656293,79.8208,2.414475
CID22,0.844035,0.906523,-13.104038,80.7805,2.229057
CID22,0.844119,1.016832,-12.647867,79.9806,2.345014
CID22,0.847640,1.066057,-11.689918,80.2371,2.647558
CID22,0.853398,0.567045,-14.746096,85.3732,1.372577
CID22,0.855755,0.825987,-13.761126,82.3665,1.978433
CID22,0.862026,0.992150,-12.909501,80.4779,2.102275
CID22,0.864979,0.923022,-13.218336,81.3866,2.142275
CID22,0.866632,0.989832,-11.982343,81.1795,2.775016
CID22,0.871526,0.506720,-13.752030,87.5186,1.757463
CID22,0.871777,0.782720,-14.004963,82.4498,2.108356
CID22,0.871895,0.581563,-15.345772,86.0033,2.066585
CID22,0.872229,0.612669,-14.823146,85.0143,1.721467
CID22,0.873007,0.351860,-16.086823,89.4453,0.870652
CID22,0.873373,0.679909,-14.657308,84.6272,1.732927
CID22,0.874176,0.903194,-12.494290,82.4167,2.863266
CID22,0.874484,0.795847,-13.972563,82.7319,1.869340
CID22,0.874825,0.791873,-13.969882,82.8975,1.719111
CID22,0.876606,0.333234,-15.117718,90.6277,1.262999
CID22,0.879551,0.659675,-14.671824,84.8037,1.660615
CID22,0.880105,0.813330,-13.014321,84.0625,2.401142
CID22,0.428159,3.392694,-2.072112,48.1462,5.493958
CID22,0.463730,2.883145,-4.485590,54.1671,4.916123
CID22,0.511724,3.235177,-3.965513,53.9492,4.733558
CID22,0.533838,2.545170,-4.810895,57.5777,5.069217
CID22,0.567296,3.067827,-3.468400,52.3451,6.311716
CID22,0.602840,2.979365,-3.654736,54.0289,4.932389
CID22,0.606310,3.245654,-2.241400,49.4849,8.036274
CID22,0.616943,2.568955,-5.992236,57.7363,4.685543
CID22,0.633703,2.072020,-6.490827,63.3831,4.512238
CID22,0.636314,2.329894,-7.002581,63.0767,4.354035
CID22,0.652824,2.341377,-6.096900,59.7414,4.192590
CID22,0.654608,3.173426,-2.642190,50.6521,5.770085
CID22,0.670044,1.995167,-7.893576,65.4352,4.308370
CID22,0.670620,2.606584,-4.683170,56.4909,6.931486
CID22,0.672923,2.268262,-6.873044,61.2794,4.186095
CID22,0.681976,2.372891,-6.279898,61.0257,4.048078
CID22,0.682434,1.722608,-8.239209,67.6803,4.026586
CID22,0.695136,2.109139,-7.944848,65.4960,4.147256
CID22,0.711176,2.565129,-5.350701,58.7069,4.429852
CID22,0.713783,2.269759,-6.363468,61.3950,4.142750
CID22,0.714979,2.236010,-6.038700,61.0400,5.364482
CID22,0.726742,1.631175,-9.452197,69.5006,3.493810
CID22,0.729643,1.497661,-9.319060,70.5003,3.782553
CID22,0.729649,2.016983,-7.688557,64.2904,4.294445
CID22,0.730899,1.365156,-11.111061,73.7282,2.694861
CID22,0.733463,2.085411,-7.566696,64.4236,3.873109
CID22,0.740029,1.742977,-8.965300,70.3812,4.148633
CID22,0.750591,2.013136,-7.431947,64.7944,3.711295
CID22,0.756191,1.941350,-8.301166,64.9576,4.066070
CID22,0.763781,1.893545,-7.355266,65.4458,5.270315
CID22,0.764704,1.471190,-10.344690,71.3726,3.048153
CID22,0.771008,1.715814,-9.204009,69.0091,3.500019
CID22,0.772776,1.761414,-8.797520,66.9464,3.899908
CID22,0.776072,1.530817,-9.865214,73.1294,4.098919
CID22,0.780067,1.373419,-9.845886,72.3173,3.819863
CID22,0.781022,1.659502,-9.204464,69.3667,3.320847
CID22,0.781377,1.226078,-11.578485,75.8465,3.421962
CID22,0.788067,1.705026,-7.956902,68.3144,3.874589
CID22,0.789351,1.547848,-9.830260,70.5853,4.109017
CID22,0.790791,1.624079,-9.819255,69.5542,3.176830
CID22,0.790863,1.298009,-11.170753,74.2644,3.014354
CID22,0.795954,1.160040,-11.100120,75.3539,3.370388
CID22,0.797251,1.648030,-9.625431,70.4499,2.960540
CID22,0.798650,1.418624,-10.644892,72.9012,3.055600
CID22,0.801906,1.479029,-10.253462,71.3850,4.455594
CID22,0.802233,1.422933,-10.460265,74.5651,3.937800
CID22,0.802838,1.539211,-8.981120,70.8827,5.327004
CID22,0.811661,1.394065,-10.498267,72.6760,4.312933
CID22,0.814308,1.117754,-12.155644,77.4964,2.484870
CID22,0.814433,1.258691,-11.802247,75.0032,2.500930
CID22,0.814997,0.873925,-12.173716,79.8983,3.006020
CID22,0.817400,1.102481,-12.236652,78.1661,2.905416
CID22,0.818298,1.224862,-11.445211,75.4770,2.742966
CID22,0.819813,1.460028,-9.303983,72.0972,3.759772
CID22,0.822097,1.252793,-11.402236,75.6283,2.416678
CID22,0.828086,1.167767,-11.559559,77.6778,2.933055
CID22,0.839887,0.721666,-13.048193,82.2141,2.691920
CID22,0.841868,1.022187,-13.001024,79.0452,2.032224
CID22,0.842347,1.416946,-9.553157,72.7268,4.402335
CID22,0.842652,1.251002,-11.217488,74.9386,3.816033
CID22,0.844420,1.002667,-12.765203,79.6192,2.419402
CID22,0.845060,1.109317,-11.894978,77.8624,2.505626
CID22,0.850024,1.046356,-12.280920,78.8476,2.250153
CID22,0.858696,0.990927,-12.511298,79.8121,2.206459
CID22,0.859518,0.979765,-12.783484,79.3287,2.285411
CID22,0.863742,1.303604,-10.148895,74.7644,4.108991
CID22,0.868023,1.105776,-11.995056,77.0480,2.711555
CID22,0.869448,0.905764,-13.513461,80.7413,1.840028
CID22,0.870446,1.010553,-12.470187,79.3162,2.381289
CID22,0.877875,0.447770,-14.260549,87.1015,2.258461
CID22,0.881528,0.869770,-13.244769,81.6615,2.093456
CID22,0.888459,1.187257,-10.788662,76.5090,3.292281
CID22,0.893591,1.008811,-12.459205,78.5816,3.804501
CID22,0.894338,0.772146,-13.838412,83.2078,1.823426
CID22,0.894715,0.768663,-13.831522,82.6437,1.785007
CID22,0.894719,0.776748,-13.838138,83.1531,1.694712
CID22,0.894764,0.526771,-15.494767,86.8899,1.220275
CID22,0.894807,0.762900,-13.862835,82.6580,2.117218
CID22,0.894813,1.124172,-11.084534,77.3594,2.874991
CID22,0.894844,0.966829,-11.975903,81.0326,3.130559
CID22,0.894856,0.546099,-14.783941,86.6811,1.431950
CID22,0.894861,0.497840,-15.149426,87.3800,1.202464
CID22,0.894918,0.283475,-15.342463,90.4430,1.784929
CID22,0.894924,0.599391,-14.797139,86.0286,1.622546
CID22,0.894931,1.027140,-11.612664,79.1401,2.770406
CID22,0.895040,0.724932,-14.090578,83.5890,1.904725
CID22,0.895049,0.579555,-14.861062,86.2665,1.308902
CID22,0.895052,0.337326,-15.866784,90.5015,0.962486
CID22,0.895165,0.894431,-12.324623,81.1201,2.512727
CID22,0.398584,2.988645,-3.067683,52.1099,6.524016
CID22,0.466230,2.725738,-4.195016,54.3679,4.537550
CID22,0.473314,2.847204,-3.632152,53.9841,6.453124
CID22,0.474328,2.326563,-5.760695,61.3616,5.003087
CID22,0.495385,2.750876,-4.087849,57.6568,4.647451
CID22,0.523574,2.296321,-5.534128,60.4889,4.127469
CID22,0.526971,2.426037,-5.517891,58.1208,4.899930
