dataset,human_score,v02_distance,v04_distance,fast_ssim2_score,butter_3norm
KADIK10k,0.892500,0.000000,-17.347946,100.0000,0.000000
KADIK10k,0.832500,0.572660,-13.339277,83.8613,3.545688
KADIK10k,0.417500,2.254488,-3.514152,55.3828,6.626598
KADIK10k,0.167500,6.015852,5.075164,17.5260,15.727725
KADIK10k,0.025000,17.256500,15.703766,-48.3127,36.807556
KADIK10k,0.707500,1.139673,-9.717597,72.1814,5.559476
KADIK10k,0.317500,2.843834,-1.090161,47.8908,7.581688
KADIK10k,0.132500,7.686059,7.148499,4.5825,20.283508
KADIK10k,0.057500,12.643953,11.957870,-28.7274,27.607094
KADIK10k,0.050000,17.504041,15.975693,-49.2255,37.544106
KADIK10k,0.932500,0.000000,-17.347946,100.0000,0.000000
KADIK10k,0.742500,1.076549,-10.196473,74.1869,5.757205
KADIK10k,0.425000,2.712221,-1.614284,52.2591,8.554745
KADIK10k,0.257500,4.467325,2.341933,34.2626,14.596061
KADIK10k,0.125000,9.939186,9.775994,-10.8277,25.649662
KADIK10k,0.932500,0.598501,-14.693913,80.6859,2.388445
KADIK10k,0.292500,14.796064,10.389561,-39.5081,47.129860
KADIK10k,0.092500,28.754598,22.315582,-63.5790,60.904419
KADIK10k,0.125000,40.028371,25.957293,-65.5358,92.761047
KADIK10k,0.117500,59.423128,24.727129,-190.2047,134.552658
KADIK10k,0.750000,4.611792,2.405698,43.2079,22.221832
KADIK10k,0.300000,10.012273,9.593459,-2.6760,33.266800
KADIK10k,0.142500,14.381099,14.738479,-28.3112,47.569069
KADIK10k,0.082500,15.783094,16.432816,-35.1272,59.332695
KADIK10k,0.150000,14.801604,15.448113,-34.7067,43.778610
KADIK10k,0.807500,3.406505,-0.655188,52.3564,10.803528
KADIK10k,0.850000,4.342233,0.804974,45.5503,11.551066
KADIK10k,0.725000,4.873682,1.358670,41.1701,11.370111
KADIK10k,0.475000,9.180756,3.335093,10.7450,26.020386
KADIK10k,0.317500,13.765933,7.182692,-19.3692,31.160725
KADIK10k,0.432500,8.819948,0.802098,-23.2796,63.766945
KADIK10k,0.375000,14.485171,3.050589,-50.1197,86.868500
KADIK10k,0.317500,17.784889,4.272794,-57.9478,98.139053
KADIK10k,0.367500,21.327106,5.563262,-62.3141,109.648483
KADIK10k,0.300000,34.789188,17.289818,-64.8833,126.945724
KADIK10k,0.925000,0.000000,-17.347946,100.0000,0.000000
KADIK10k,0.692500,8.605416,4.524676,-1.1345,32.272312
KADIK10k,0.432500,16.256827,11.354583,-42.9346,47.026043
KADIK10k,0.242500,28.640867,20.786268,-63.6608,60.793560
KADIK10k,0.167500,56.363194,33.305462,-127.2273,116.699402
KADIK10k,0.900000,0.556896,-14.098285,86.7772,1.455036
KADIK10k,0.917500,1.524995,-8.150025,71.1123,3.792891
KADIK10k,0.850000,2.227824,-4.341542,60.5628,4.392092
KADIK10k,0.475000,6.759636,4.888541,14.4128,11.570632
KADIK10k,0.092500,15.316681,14.577064,-40.4523,22.697723
KADIK10k,0.842500,2.335920,-3.865397,60.4700,4.656760
KADIK10k,0.732500,2.658325,-2.447716,55.7768,4.712063
KADIK10k,0.692500,3.923335,0.625630,41.4704,7.314065
KADIK10k,0.145000,13.870586,12.550217,-35.8043,11.960406
KADIK10k,0.042500,24.697390,23.305670,-62.1193,18.062387
KADIK10k,0.757500,3.151997,-1.993982,54.8433,5.023873
KADIK10k,0.567500,5.286437,0.602804,36.8666,7.021814
KADIK10k,0.417500,7.122745,2.298140,23.7806,8.042836
KADIK10k,0.317500,10.040039,4.691405,6.5633,10.865544
KADIK10k,0.342500,15.513238,8.871727,-19.5461,14.348342
KADIK10k,0.857500,1.256288,-9.299968,76.2620,3.158984
KADIK10k,0.675000,4.162678,-0.858132,46.0615,6.467969
KADIK10k,0.442500,6.803177,1.871566,26.8959,8.670089
KADIK10k,0.342500,11.209938,5.512968,1.6495,11.719224
KADIK10k,0.242500,14.393105,7.890399,-11.9155,13.032950
KADIK10k,0.667500,2.349243,-3.109005,39.8192,12.392852
KADIK10k,0.467500,5.693941,3.204623,-7.6701,21.721807
KADIK10k,0.400000,8.620394,6.050215,-31.6498,26.192482
KADIK10k,0.267500,12.998941,9.859861,-50.5489,29.617691
KADIK10k,0.257500,16.888874,13.463980,-59.0633,40.604134
KADIK10k,0.892500,1.126402,-10.194030,75.9625,4.090107
KADIK10k,0.642500,3.689500,-1.641360,46.8844,7.810059
KADIK10k,0.532500,6.067764,0.806583,29.4251,10.319374
KADIK10k,0.375000,9.776745,4.203834,6.7613,15.883890
KADIK10k,0.317500,16.800211,9.592452,-24.9093,19.790255
KADIK10k,0.642500,5.555913,3.360693,26.9096,7.411006
KADIK10k,0.407500,9.448328,7.840429,-4.6268,11.313894
KADIK10k,0.192500,12.357495,10.647101,-21.1214,15.545019
KADIK10k,0.100000,20.281573,18.414404,-50.2682,18.590460
KADIK10k,0.082500,27.870500,24.595957,-61.8554,28.635799
KADIK10k,0.842500,1.336746,-10.124468,71.4976,10.967448
KADIK10k,0.867500,3.037496,-2.453220,43.0134,21.992031
KADIK10k,0.735000,7.564049,-1.216516,-8.5939,43.897873
KADIK10k,0.542500,17.994513,-2.747383,-57.4511,76.340820
KADIK10k,0.295000,37.255129,-0.224399,-67.6250,121.337700
KADIK10k,0.875000,0.546826,-14.181513,86.1920,5.160231
KADIK10k,0.892500,1.302910,-9.906301,69.9692,10.675606
KADIK10k,0.832500,3.195999,-2.633150,34.8187,20.905283
KADIK10k,0.600000,9.470632,0.592262,-34.6399,41.570442
KADIK10k,0.282500,32.094603,5.667422,-70.5632,75.802368
KADIK10k,0.875000,4.764288,-0.232805,40.0716,24.870426
KADIK10k,0.892500,2.099563,-7.151791,70.6329,12.670690
KADIK10k,0.892500,0.000000,-17.347946,100.0000,0.000000
KADIK10k,0.842500,2.514923,-4.680418,47.5295,12.446311
KADIK10k,0.742500,6.182872,0.517683,-2.4261,23.365595
KADIK10k,0.882500,1.518093,-8.277102,78.1960,3.661230
KADIK10k,0.732500,2.453474,-4.158333,66.6186,5.330354
KADIK10k,0.442500,5.571589,2.396398,26.4032,13.838297
KADIK10k,0.132500,6.838899,4.819968,18.5313,16.478193
KADIK10k,0.092500,11.657441,10.743998,-18.2458,27.337738
KADIK10k,0.882500,3.453443,0.230451,33.3928,37.465786
KADIK10k,0.725000,5.902738,4.027092,13.4306,54.757946
KADIK10k,0.750000,7.559175,6.002670,1.7401,87.785065
KADIK10k,0.582500,8.249024,6.165275,-4.1869,77.612076
KADIK10k,0.557500,9.400110,8.130736,-12.4476,79.554733
KADIK10k,0.592500,4.970751,1.072270,33.8184,22.350279
KADIK10k,0.392500,5.690484,2.116626,29.8287,23.065758
KADIK10k,0.257500,5.150235,1.285571,35.1707,20.339550
KADIK10k,0.282500,5.177426,1.446199,34.4481,18.863596
KADIK10k,0.107500,11.510731,8.216647,-16.3184,43.453403
KADIK10k,0.907500,2.600230,-1.970000,54.7749,6.654066
KADIK10k,0.750000,3.802882,-0.005828,41.5164,10.541311
KADIK10k,0.750000,5.485453,1.427651,26.4844,11.826936
KADIK10k,0.550000,9.999156,5.138319,-11.7124,26.089672
KADIK10k,0.300000,17.765225,12.075503,-41.0729,31.307325
KADIK10k,0.432500,14.917375,11.657120,-38.9783,97.294296
KADIK10k,0.292500,16.453356,13.902354,-54.8449,84.834648
KADIK10k,0.300000,25.829521,22.169760,-63.0539,114.690521
KADIK10k,0.342500,28.538191,26.223537,-63.4669,98.475578
KADIK10k,0.142500,29.814060,26.906849,-63.7440,113.716614
KADIK10k,0.642500,7.053617,3.513307,8.3338,19.492596
KADIK10k,0.375000,14.055711,10.171819,-40.8369,32.508911
KADIK10k,0.217500,20.193054,16.179440,-58.1645,40.654667
KADIK10k,0.150000,34.931845,31.034630,-64.3775,62.722507
KADIK10k,0.100000,53.531595,48.315979,-96.8420,85.301064
KADIK10k,0.607500,16.537090,8.199363,-31.4409,25.886452
KADIK10k,0.717500,10.817909,4.391345,-1.0956,18.365759
KADIK10k,0.815000,5.582297,1.015489,38.6902,10.809422
KADIK10k,0.792500,4.956725,1.267171,34.5117,11.891002
KADIK10k,0.567500,14.396423,9.921077,-35.0284,24.734346
KADIK10k,0.875000,0.000000,-17.888853,100.0000,0.000000
KADIK10k,0.792500,1.219993,-9.938311,74.1588,3.194690
KADIK10k,0.267500,5.584011,3.487807,26.8242,7.198390
KADIK10k,0.142500,13.883905,11.198257,-23.7559,12.945907
KADIK10k,0.067500,30.615611,27.254789,-64.1770,29.909891
KADIK10k,0.550000,2.678982,-2.227626,53.4025,5.469287
KADIK10k,0.317500,7.322523,5.183500,15.1702,8.394846
KADIK10k,0.142500,17.475988,14.244346,-37.8800,16.655706
KADIK10k,0.042500,24.893757,21.409716,-60.3294,25.888117
KADIK10k,0.000000,31.019300,27.715927,-64.2011,31.615877
KADIK10k,0.900000,0.000000,-17.888853,100.0000,0.000000
KADIK10k,0.692500,2.075503,-5.251213,61.2199,4.716546
KADIK10k,0.332500,5.369092,3.139328,29.5879,8.107404
KADIK10k,0.200000,8.816331,6.498870,7.5760,11.723263
KADIK10k,0.050000,17.480935,14.959983,-43.5315,22.873093
KADIK10k,0.825000,0.676301,-14.708516,78.4468,3.177042
KADIK10k,0.417500,5.133256,3.346463,25.0181,22.524256
KADIK10k,0.217500,9.371052,9.117752,-3.7631,29.586367
KADIK10k,0.192500,11.481671,12.131753,-13.9995,36.177895
KADIK10k,0.132500,15.130028,17.470264,-32.2710,50.248276
KADIK10k,0.692500,7.832480,5.132815,20.4925,15.202013
KADIK10k,0.200000,14.882054,12.445024,-26.1538,23.960632
KADIK10k,0.082500,19.865438,18.329546,-49.2854,28.181482
KADIK10k,0.092500,22.514430,21.741045,-55.8722,28.231577
KADIK10k,0.117500,21.650247,20.669016,-55.2264,33.069874
KADIK10k,0.800000,2.571255,-3.828892,59.3576,8.978350
KADIK10k,0.767500,3.093250,-1.984369,54.0825,10.474410
KADIK10k,0.742500,3.534336,-0.853610,48.3604,10.409514
KADIK10k,0.675000,5.013407,1.517018,32.5029,24.822409
KADIK10k,0.407500,11.417335,6.695746,0.0101,39.862118
KADIK10k,0.367500,4.604300,-1.249901,33.0587,31.963985
KADIK10k,0.342500,7.709373,1.841544,6.0401,43.096722
KADIK10k,0.265000,9.595857,3.200227,-7.0343,48.727589
KADIK10k,0.242500,11.589146,4.675411,-19.1664,54.284676
KADIK10k,0.132500,19.961198,12.089292,-53.8844,51.776638
KADIK10k,0.850000,0.000000,-17.888853,100.0000,0.000000
KADIK10k,0.600000,3.248728,-0.742148,43.0443,21.619957
KADIK10k,0.515000,5.848812,3.565890,21.3705,27.396761
KADIK10k,0.242500,11.031014,11.117952,-12.1523,33.504269
KADIK10k,0.092500,16.277091,18.894384,-35.3232,51.268692
KADIK10k,0.892500,3.313953,-1.368029,53.3607,5.897492
KADIK10k,0.682500,7.262290,4.062614,20.8791,10.181778
KADIK10k,0.517500,8.858912,5.539047,9.3258,13.193338
KADIK10k,0.132500,17.812417,14.582597,-34.0606,16.334698
KADIK10k,0.067500,28.479951,24.686096,-62.0712,22.107954
KADIK10k,0.900000,2.572415,-3.160045,59.5166,4.680719
KADIK10k,0.832500,2.960048,-2.110119,56.2214,4.724612
KADIK10k,0.782500,4.184780,-0.169070,45.1823,5.021226
KADIK10k,0.400000,12.948391,9.915390,-14.0546,11.980392
KADIK10k,0.150000,23.020294,20.520439,-50.8176,18.040754
KADIK10k,0.817500,1.781636,-3.466837,69.5642,4.442363
KADIK10k,0.675000,2.773610,-0.310463,58.1569,6.676025
KADIK10k,0.600000,3.620946,0.568905,49.4503,6.993309
KADIK10k,0.432500,4.939088,1.638091,37.7939,8.981427
KADIK10k,0.325000,7.917133,4.219563,14.9127,12.340862
KADIK10k,0.907500,0.798471,-10.940591,83.6410,2.564145
KADIK10k,0.765000,2.147453,-2.051063,64.6298,5.317240
KADIK10k,0.667500,3.390237,0.364823,51.1224,6.866055
KADIK10k,0.400000,5.353247,2.033179,33.9593,10.242333
KADIK10k,0.342500,6.943985,3.416495,20.1967,10.963350
KADIK10k,0.800000,1.951659,-5.752248,47.3869,16.721478
KADIK10k,0.582500,3.589023,0.561980,16.7361,18.539093
KADIK10k,0.432500,5.172826,2.741060,-5.9956,19.914019
KADIK10k,0.382500,7.734008,5.520248,-30.7610,23.762140
KADIK10k,0.242500,10.019131,7.952468,-42.4393,26.009573
KADIK10k,0.832500,0.852816,-10.696213,78.8373,4.469722
KADIK10k,0.592500,2.329511,-0.898807,57.1437,7.760835
KADIK10k,0.425000,3.696575,0.848096,42.4326,10.380338
KADIK10k,0.332500,5.615056,2.592694,24.6415,12.628237
KADIK10k,0.250000,9.786300,6.232601,-5.9864,20.262354
KADIK10k,0.642500,7.220091,4.911127,20.3624,9.561827
KADIK10k,0.442500,12.537596,10.096904,-14.2726,10.862910
KADIK10k,0.257500,15.530442,13.250943,-29.8639,13.233177
KADIK10k,0.125000,21.376012,19.157272,-49.5898,16.695318
KADIK10k,0.125000,25.454642,23.244104,-57.4519,25.611279
KADIK10k,0.850000,2.048036,-6.577160,70.4198,8.809711
KADIK10k,0.850000,4.733619,-0.285883,37.5623,17.414555
KADIK10k,0.692500,12.130950,3.342130,-23.7257,34.068890
KADIK10k,0.475000,28.579686,11.878902,-63.8846,58.658920
KADIK10k,0.207500,43.788429,12.874182,-71.2145,75.335899
KADIK10k,0.875000,0.849405,-12.780094,85.0208,4.310197
KADIK10k,0.907500,1.935547,-6.184108,68.2179,8.848966
KADIK10k,0.832500,4.707777,0.200832,31.1169,17.563963
KADIK10k,0.657500,13.453166,5.701121,-38.3687,34.949524
KADIK10k,0.225000,42.536645,21.291836,-71.8988,63.886410
KADIK10k,0.782500,8.193145,4.123231,2.1923,19.765215
KADIK10k,0.907500,3.130677,-1.947232,56.6029,11.949608
KADIK10k,0.932500,0.000000,-17.888853,100.0000,0.000000
KADIK10k,0.832500,3.426367,-0.945018,39.7851,8.851911
KADIK10k,0.757500,8.796672,3.043894,-12.9938,16.984140
KADIK10k,0.792500,2.943482,-3.248733,51.1734,6.305774
KADIK10k,0.750000,3.717458,-0.741905,43.6435,7.101837
KADIK10k,0.557500,7.591647,5.341671,10.5287,13.858192
KADIK10k,0.142500,16.131095,12.466081,-37.6970,19.241402
KADIK10k,0.075000,22.036222,18.559385,-53.0154,24.841204
KADIK10k,0.875000,5.323872,2.444180,19.0241,43.342106
KADIK10k,0.867500,7.943865,6.327608,-7.2782,76.726166
KADIK10k,0.850000,8.471689,5.891941,-10.3137,42.367409
KADIK10k,0.707500,10.844366,8.395284,-25.8900,80.375366
KADIK10k,0.850000,12.844837,9.605013,-34.7692,84.176689
KADIK10k,0.800000,12.807322,8.148534,-13.8433,21.570723
KADIK10k,0.557500,13.335571,8.198724,-19.9111,20.372450
KADIK10k,0.532500,11.749966,7.105740,-12.5947,19.567091
KADIK10k,0.417500,14.495093,9.088692,-23.4975,24.695019
KADIK10k,0.092500,29.085013,21.171785,-62.7807,39.593704
KADIK10k,0.932500,1.647304,-6.622942,72.6983,7.433375
KADIK10k,0.815000,2.450486,-1.845508,67.2936,8.219179
KADIK10k,0.850000,3.487823,-0.299718,57.8679,11.457834
KADIK10k,0.732500,5.476449,0.968195,42.2709,11.885916
KADIK10k,0.550000,8.145161,2.400030,22.7695,15.551949
KADIK10k,0.275000,11.458526,8.746026,-36.8266,69.593399
KADIK10k,0.425000,19.931745,16.869459,-54.0409,77.529930
KADIK10k,0.317500,17.717699,15.436999,-47.4844,75.628204
KADIK10k,0.300000,24.173597,20.622566,-61.5395,74.168503
KADIK10k,0.267500,22.945827,21.529438,-61.2972,92.069275
KADIK10k,0.517500,10.887075,4.125786,-14.7064,17.337656
KADIK10k,0.232500,20.399672,10.697369,-54.7828,30.103386
KADIK10k,0.117500,27.492452,15.560667,-63.2998,40.518791
KADIK10k,0.057500,40.421122,23.790089,-65.2235,58.022629
KADIK10k,0.050000,51.898483,30.097187,-83.9014,82.403893
KADIK10k,0.592500,18.601507,9.580639,-41.8487,19.788147
KADIK10k,0.675000,11.500268,4.106828,-7.1741,14.159984
KADIK10k,0.817500,5.870881,0.432256,37.1598,8.314564
KADIK10k,0.775000,4.889708,0.800315,34.8306,8.905527
KADIK10k,0.582500,12.898635,8.731768,-31.7822,18.145037
KADIK10k,0.925000,0.000000,-18.679874,100.0000,0.000000
KADIK10k,0.907500,0.822821,-12.776717,81.1883,3.145936
KADIK10k,0.500000,3.531609,-0.011383,46.3695,7.392219
KADIK10k,0.207500,10.190840,8.710758,-6.0230,15.633318
KADIK10k,0.042500,32.396254,30.319393,-64.2216,39.202190
KADIK10k,0.757500,1.672815,-7.537013,67.4311,5.049536
KADIK10k,0.425000,4.498786,1.645677,36.9492,8.788943
KADIK10k,0.175000,13.173204,11.618107,-22.2749,20.302660
KADIK10k,0.117500,22.899168,21.112686,-57.2712,29.433996
KADIK10k,0.057500,32.601289,30.556242,-64.2235,40.424080
KADIK10k,0.900000,0.000000,-18.679874,100.0000,0.000000
KADIK10k,0.842500,1.293454,-9.801515,72.9778,4.707751
KADIK10k,0.482500,3.330627,-0.744652,47.5379,9.074348
KADIK10k,0.307500,6.744792,4.788688,18.6912,14.268163
KADIK10k,0.157500,14.625499,12.876945,-31.3362,28.957205
KADIK10k,0.900000,1.498130,-11.658113,66.4718,7.871850
KADIK10k,0.475000,14.483841,15.124400,-36.3797,51.215469
KADIK10k,0.132500,29.843468,30.871029,-63.8965,77.137001
KADIK10k,0.050000,37.963425,37.391850,-64.4536,129.205627
KADIK10k,0.025000,40.745122,40.341953,-66.3450,129.201233
KADIK10k,0.945000,4.421466,0.774734,49.5207,15.642640
KADIK10k,0.412500,12.019130,8.396194,-7.7180,34.087345
KADIK10k,0.250000,20.013060,17.545671,-43.9697,49.405655
KADIK10k,0.217500,22.620742,21.495895,-52.6480,58.191700
KADIK10k,0.307500,25.357562,24.795052,-58.0283,48.038383
KADIK10k,0.750000,4.069167,0.242060,46.0779,11.685785
KADIK10k,0.700000,4.094634,0.340675,42.6630,14.319407
KADIK10k,0.582500,4.811202,0.863508,36.8891,14.867029
KADIK10k,0.457500,7.440941,3.184374,13.9908,18.281738
KADIK10k,0.192500,11.874979,5.577476,-13.4977,33.273190
KADIK10k,0.342500,23.484316,12.787318,-60.4383,115.419106
KADIK10k,0.167500,35.213560,20.007662,-64.2405,153.064560
KADIK10k,0.107500,41.327075,23.454737,-65.9348,170.810822
KADIK10k,0.132500,47.466399,26.987968,-74.6550,188.174744
KADIK10k,0.117500,59.846535,41.803398,-167.0235,174.951431
KADIK10k,0.882500,0.000000,-18.679874,100.0000,0.000000
KADIK10k,0.532500,7.848955,5.577002,8.9648,38.152355
KADIK10k,0.367500,15.996330,14.694837,-36.0752,51.899757
KADIK10k,0.092500,26.684318,25.774248,-61.8005,77.145851
KADIK10k,0.057500,37.219214,33.663040,-64.2302,129.201218
KADIK10k,0.850000,1.922327,-6.637102,68.6887,4.370438
KADIK10k,0.650000,4.665679,0.357250,42.8472,8.777230
KADIK10k,0.525000,6.184960,2.380926,30.4310,10.443065
KADIK10k,0.192500,14.596881,11.602632,-24.1721,21.133202
KADIK10k,0.025000,31.162388,28.002815,-63.3536,38.498672
KADIK10k,0.867500,2.237280,-5.103682,62.9598,4.757709
KADIK10k,0.792500,2.619624,-3.318756,59.5922,4.902146
KADIK10k,0.675000,3.512678,-1.776868,51.2254,5.644201
KADIK10k,0.307500,10.982151,7.799527,-2.8124,19.034771
KADIK10k,0.132500,19.117248,16.310461,-37.5383,22.247221
KADIK10k,0.742500,2.255957,-3.131766,64.6018,6.508901
KADIK10k,0.650000,3.606243,-0.206377,51.3109,7.942488
KADIK10k,0.567500,4.760105,0.833147,41.8413,9.970059
KADIK10k,0.482500,6.603898,2.373095,29.4538,12.579216
KADIK10k,0.375000,10.252537,5.246962,7.1585,17.883902
KADIK10k,0.892500,0.894577,-11.827627,81.6198,3.508870
KADIK10k,0.717500,2.695269,-1.510284,59.3218,6.968110
KADIK10k,0.542500,4.335223,0.468386,44.7271,9.553054
KADIK10k,0.475000,6.782733,2.469127,27.2494,13.175187
KADIK10k,0.400000,8.940761,4.214114,14.7046,17.720221
KADIK10k,0.850000,1.539113,-8.557982,66.7870,9.276666
KADIK10k,0.642500,2.994157,-1.265727,48.2841,16.636160
KADIK10k,0.457500,4.382173,1.647887,36.8155,17.873318
KADIK10k,0.325000,6.428911,3.657724,21.3081,21.969032
KADIK10k,0.350000,8.101568,5.141057,11.8452,19.953289
KADIK10k,0.850000,1.210503,-9.837170,76.1958,4.398336
KADIK10k,0.625000,3.717725,-0.190905,49.2374,8.741891
KADIK10k,0.507500,5.900542,1.733448,31.7085,12.796332
KADIK10k,0.382500,9.116324,4.196695,12.1932,18.543364
KADIK10k,0.292500,15.270719,8.783041,-17.0256,29.159073
KADIK10k,0.782500,4.922532,1.639362,39.9030,14.694551
KADIK10k,0.575000,8.977694,5.921356,6.9660,22.347431
KADIK10k,0.382500,11.274683,7.707013,-6.6466,19.311922
KADIK10k,0.225000,17.993499,14.814526,-35.2658,31.754738
KADIK10k,0.107500,22.702888,18.894930,-50.4918,34.961052
KADIK10k,0.842500,1.446127,-10.007389,73.1850,21.894161
KADIK10k,0.817500,3.302942,-1.432077,46.0132,45.385433
KADIK10k,0.467500,8.500867,0.936004,-7.4406,90.595467
KADIK10k,0.325000,22.385830,6.487960,-60.4736,154.918259
KADIK10k,0.100000,44.226090,18.122816,-75.2877,179.651016
KADIK10k,0.875000,0.911940,-13.711186,83.0938,11.855681
KADIK10k,0.907500,1.980234,-7.772383,69.4821,22.256136
KADIK10k,0.850000,4.439821,-0.411039,41.5935,45.394802
KADIK10k,0.667500,10.999904,1.113043,-11.2790,89.293495
KADIK10k,0.442500,28.910184,6.892003,-62.5535,160.519150
KADIK10k,0.807500,5.971793,-0.258414,31.0448,52.889080
KADIK10k,0.932500,2.738936,-4.586798,64.7807,25.937542
KADIK10k,0.875000,0.000000,-18.679874,100.0000,0.000000
KADIK10k,0.867500,3.554674,-2.041589,66.1068,16.754133
KADIK10k,0.800000,7.523403,1.588288,35.1772,33.724258
KADIK10k,0.792500,3.345901,-1.943054,55.6094,14.593720
KADIK10k,0.582500,6.616279,3.992723,21.5390,20.107075
KADIK10k,0.542500,7.749211,5.245251,13.2767,24.270922
KADIK10k,0.192500,13.796543,11.275942,-22.8253,23.414413
KADIK10k,0.092500,22.680838,19.560455,-55.2235,32.292309
KADIK10k,0.842500,6.585599,4.071162,8.6294,66.742477
KADIK10k,0.917500,11.020437,8.051267,-19.4208,77.190132
KADIK10k,0.807500,12.045799,9.888710,-31.0902,86.292915
KADIK10k,0.792500,13.045578,10.008724,-35.2256,80.825851
KADIK10k,0.657500,15.373431,13.200597,-40.9313,76.366348
KADIK10k,0.742500,9.391418,4.442844,11.1347,25.629110
KADIK10k,0.450000,9.554569,4.770256,10.5697,27.827175
KADIK10k,0.432500,8.365720,3.707426,17.0681,23.098112
KADIK10k,0.467500,9.874938,4.985818,8.2745,31.338512
KADIK10k,0.097500,20.787804,13.038500,-45.0366,49.930984
KADIK10k,0.850000,1.169020,-10.607867,76.0389,8.519414
KADIK10k,0.900000,1.426028,-8.233574,72.1946,16.406176
KADIK10k,0.807500,1.943964,-4.624854,65.3965,22.631166
KADIK10k,0.767500,2.662164,-2.100061,57.8768,22.075396
KADIK10k,0.750000,4.761474,-0.175867,39.3275,36.421215
KADIK10k,0.550000,9.430891,9.103712,-19.2628,75.788101
KADIK10k,0.325000,16.361544,15.850058,-47.4583,87.782166
KADIK10k,0.367500,22.223908,19.883595,-54.3741,129.247375
KADIK10k,0.275000,20.419543,18.690113,-50.9262,147.436523
KADIK10k,0.300000,21.827654,20.940117,-56.8509,89.141159
KADIK10k,0.667500,11.064164,4.331016,3.1664,18.757704
KADIK10k,0.367500,20.805099,11.148824,-39.7563,31.186077
KADIK10k,0.225000,28.220926,15.843731,-56.0124,40.039528
KADIK10k,0.100000,42.018658,24.103714,-64.2004,60.547596
KADIK10k,0.032500,55.318799,32.027061,-66.6130,77.459602
KADIK10k,0.667500,18.440754,8.993687,-11.7259,42.041500
KADIK10k,0.710000,12.314234,4.907752,15.3686,28.226778
KADIK10k,0.907500,6.566851,0.849184,48.6108,16.333538
KADIK10k,0.850000,5.191931,2.711992,40.6959,16.195749
KADIK10k,0.667500,14.078469,12.351912,-24.0184,32.110729
KADIK10k,0.942500,0.000000,-17.519817,100.0000,0.000000
KADIK10k,0.825000,0.977253,-11.002100,77.6589,4.012676
KADIK10k,0.375000,4.192763,1.488737,38.3022,8.295439
KADIK10k,0.142500,9.986030,8.234681,-2.2560,13.862969
KADIK10k,0.050000,22.877627,21.333452,-56.9343,31.103960
KADIK10k,0.642500,2.063944,-4.734871,60.3129,6.658597
KADIK10k,0.357500,5.336932,3.378487,28.6545,9.087809
KADIK10k,0.125000,12.336853,10.572993,-15.0480,16.976271
KADIK10k,0.107500,17.690377,16.143457,-42.2708,25.567188
KADIK10k,0.050000,22.851296,21.305414,-57.0690,32.049099
KADIK10k,0.925000,0.000000,-17.519817,100.0000,0.000000
KADIK10k,0.792500,1.847524,-5.777068,61.8646,7.513638
KADIK10k,0.407500,3.609223,0.609184,43.4343,8.503148
KADIK10k,0.232500,6.717229,5.211371,18.4729,13.023247
KADIK10k,0.150000,13.108990,11.700276,-22.1610,21.926287
KADIK10k,0.832500,0.483392,-15.634093,84.4233,3.068832
KADIK10k,0.517500,9.357660,6.424535,-11.0372,38.307243
KADIK10k,0.342500,19.814335,16.051603,-54.2759,60.078892
KADIK10k,0.242500,24.503467,19.923326,-61.0537,64.152992
KADIK10k,0.167500,34.043776,27.855976,-64.2310,110.654655
KADIK10k,0.675000,6.058095,4.411231,32.8422,12.773422
KADIK10k,0.207500,14.051549,12.147374,-15.2845,32.705063
KADIK10k,0.232500,17.063743,15.741208,-28.4508,32.361862
KADIK10k,0.107500,21.863236,21.519022,-44.9841,43.573196
KADIK10k,0.117500,25.042984,25.913719,-55.9837,42.910709
KADIK10k,0.842500,3.992399,0.453475,53.5855,10.933227
KADIK10k,0.857500,5.181489,1.267020,46.3422,11.044624
KADIK10k,0.707500,7.499395,3.219843,29.6567,12.587998
KADIK10k,0.617500,10.734102,5.497941,5.6930,17.933952
KADIK10k,0.432500,16.223786,9.425815,-24.9059,28.586996
KADIK10k,0.425000,6.415452,1.092407,8.0559,44.832108
KADIK10k,0.407500,10.555626,4.340698,-20.3831,61.396053
KADIK10k,0.425000,12.983722,6.036581,-32.1071,69.791191
KADIK10k,0.392500,15.606951,7.942710,-41.8448,78.275444
KADIK10k,0.290000,26.556876,17.299356,-61.4416,98.108536
KADIK10k,0.925000,0.000000,-17.519817,100.0000,0.000000
KADIK10k,0.607500,5.019608,2.659328,25.9310,25.167721
KADIK10k,0.532500,10.236274,8.164773,-16.1579,38.300144
KADIK10k,0.332500,21.891491,20.284595,-57.7263,60.062553
KADIK10k,0.207500,31.556869,30.048843,-64.1854,73.835045
KADIK10k,0.900000,1.434195,-8.302433,74.0305,2.833177
KADIK10k,0.850000,3.634434,0.460716,50.8195,6.313482
KADIK10k,0.767500,5.279761,2.630252,34.1785,7.790023
KADIK10k,0.182500,11.425783,9.111020,-9.2027,16.817610
KADIK10k,0.057500,21.155415,19.785635,-51.7329,29.748777
KADIK10k,0.817500,2.417114,-3.232479,60.3125,4.527358
KADIK10k,0.775000,2.825008,-1.924607,56.2372,4.633795
KADIK10k,0.717500,3.976315,0.160522,44.7339,5.237283
KADIK10k,0.217500,13.319986,12.087812,-23.1423,11.850699
KADIK10k,0.057500,20.435257,18.775980,-50.6789,19.159565
KADIK10k,0.657500,2.829388,-1.276457,57.7288,5.556127
KADIK10k,0.642500,4.609076,0.914493,42.1472,7.723997
KADIK10k,0.507500,6.064182,2.617223,31.2387,9.325783
KADIK10k,0.350000,8.530088,5.106851,16.5872,11.509942
KADIK10k,0.325000,12.987494,9.346382,-7.7684,16.964378
KADIK10k,0.832500,1.116761,-9.180201,78.2531,3.155831
KADIK10k,0.567500,3.507459,-0.446860,51.6560,6.542396
KADIK10k,0.550000,5.695025,2.153349,34.2287,8.651326
KADIK10k,0.375000,9.079190,5.623890,13.6987,12.867591
KADIK10k,0.300000,11.765783,8.161765,-0.6617,14.329849
KADIK10k,0.607500,2.127317,-3.782688,48.0801,15.764370
KADIK10k,0.457500,4.761734,2.798757,11.4720,18.001299
KADIK10k,0.432500,7.211011,5.123914,-14.0167,22.587708
KADIK10k,0.300000,10.697131,8.854758,-34.3577,30.881174
KADIK10k,0.217500,13.289482,11.796356,-45.1164,31.314352
KADIK10k,0.882500,1.054152,-9.361270,76.1965,4.147390
KADIK10k,0.557500,3.241046,-0.389239,49.6977,7.589734
KADIK10k,0.457500,5.152456,1.793449,34.2265,9.654278
KADIK10k,0.350000,8.147632,5.035004,14.1691,12.729708
KADIK10k,0.275000,13.823377,10.337544,-13.7110,18.055050
KADIK10k,0.700000,6.010752,3.765462,30.3230,6.998177
KADIK10k,0.425000,10.606234,9.034456,-1.1605,12.131071
KADIK10k,0.307500,13.942894,12.938852,-19.1047,14.099265
KADIK10k,0.167500,20.048326,19.153807,-43.2652,22.770067
KADIK10k,0.067500,25.862015,25.026718,-55.4467,30.068663
KADIK10k,0.892500,1.555481,-8.174415,71.5073,11.531773
KADIK10k,0.867500,3.582302,-1.373971,41.5406,22.745123
KADIK10k,0.707500,9.260303,1.042039,-14.3770,44.220856
KADIK10k,0.432500,23.286826,6.043210,-62.0468,75.687386
KADIK10k,0.257500,41.629927,8.165535,-71.8277,114.054413
KADIK10k,0.882500,0.734740,-13.389876,85.7560,5.359023
KADIK10k,0.900000,1.661674,-8.244123,69.9596,11.380891
KADIK10k,0.742500,3.908325,-1.037603,34.6134,22.133564
KADIK10k,0.600000,10.825182,1.711281,-34.3775,43.851429
KADIK10k,0.242500,34.885614,10.791994,-67.5242,79.340492
KADIK10k,0.817500,7.263863,2.184561,19.6914,21.345739
KADIK10k,0.907500,2.790465,-4.447866,67.3716,11.123122
KADIK10k,0.967500,0.000000,-17.519817,100.0000,0.000000
KADIK10k,0.892500,3.275062,-3.076146,52.7100,12.439880
KADIK10k,0.657500,7.504691,0.591721,-0.6807,23.490574
KADIK10k,0.832500,2.343793,-4.391015,70.0886,5.809672
KADIK10k,0.725000,4.395796,0.861371,46.7498,10.506866
KADIK10k,0.507500,7.222034,5.008623,21.0353,11.871634
KADIK10k,0.150000,12.154955,10.457651,-9.4111,18.247477
KADIK10k,0.082500,17.202469,15.567983,-34.9376,28.124153
KADIK10k,0.900000,5.158281,1.744714,22.1032,54.212925
KADIK10k,0.775000,9.470909,7.171645,-12.3084,62.476223
KADIK10k,0.775000,9.532978,7.283385,-12.5012,83.523155
KADIK10k,0.650000,9.845141,7.327024,-10.8419,83.225548
KADIK10k,0.775000,10.729465,8.394032,-21.9759,93.646858
KADIK10k,0.850000,9.035733,5.013539,12.6795,22.478466
KADIK10k,0.542500,10.850539,6.456528,1.6890,29.362717
KADIK10k,0.507500,9.789782,5.907084,6.5859,30.213812
KADIK10k,0.482500,9.804706,5.602311,8.3069,29.045305
KADIK10k,0.067500,21.728922,14.867720,-48.6755,52.540665
KADIK10k,0.792500,2.304723,-2.522805,58.4581,8.057302
KADIK10k,0.670000,3.450230,-0.424299,45.6099,11.025456
KADIK10k,0.650000,5.445027,1.581746,28.5466,12.358030
KADIK10k,0.592500,7.447740,3.675719,12.2789,16.679964
KADIK10k,0.475000,12.221752,7.654529,-11.3071,22.216528
KADIK10k,0.317500,19.659103,13.640626,-55.2449,172.198563
KADIK10k,0.342500,14.286234,15.423624,-43.1934,69.935455
KADIK10k,0.217500,15.856764,14.888639,-45.2535,55.025635
KADIK10k,0.307500,25.008340,22.021618,-60.3790,138.272903
KADIK10k,0.300000,32.997038,28.519037,-64.2217,136.095245
KADIK10k,0.692500,9.014694,3.616666,-2.2489,17.987982
KADIK10k,0.400000,16.970958,9.696909,-49.8108,30.900751
KADIK10k,0.250000,23.118633,14.925181,-61.6703,40.147697
KADIK10k,0.167500,35.599363,24.843876,-64.2914,59.574139
KADIK10k,0.125000,48.417328,34.188320,-72.8112,77.500183
KADIK10k,0.652500,19.456611,10.310519,-34.4526,22.283024
KADIK10k,0.682500,12.540513,5.499659,-1.1902,16.592567
KADIK10k,0.725000,6.534445,1.506192,40.1166,10.166084
KADIK10k,0.807500,5.200333,1.559388,35.9566,11.758348
KADIK10k,0.607500,14.213556,10.953259,-31.3259,24.549568
KADIK10k,0.900000,0.000000,-18.094471,100.0000,0.000000
KADIK10k,0.867500,1.250190,-9.930574,73.3173,3.393339
KADIK10k,0.457500,5.912652,3.726072,22.0617,7.382238
KADIK10k,0.175000,15.023307,12.280218,-31.4016,13.640561
KADIK10k,0.042500,33.540208,28.512081,-64.2285,34.115082
KADIK10k,0.667500,2.749435,-2.358455,51.5709,5.579849
KADIK10k,0.407500,7.763762,5.455646,9.5509,8.579139
KADIK10k,0.142500,19.087527,15.768574,-45.1985,17.504368
KADIK10k,0.082500,27.427519,23.249302,-62.4663,27.753012
KADIK10k,0.092500,34.452655,30.088938,-64.2311,34.917770
KADIK10k,0.867500,0.000000,-18.094471,100.0000,0.000000
KADIK10k,0.725000,2.006775,-5.675107,63.2163,4.928355
KADIK10k,0.420000,5.773388,3.413892,24.5242,8.103486
KADIK10k,0.217500,10.659834,8.097775,-8.4853,13.492928
KADIK10k,0.132500,17.741372,14.955265,-42.7325,21.077036
KADIK10k,0.892500,0.903587,-13.496825,75.6790,2.139221
KADIK10k,0.500000,4.593615,2.263046,34.7143,18.408108
KADIK10k,0.192500,9.716825,9.178656,-1.3173,36.455521
KADIK10k,0.142500,13.561368,14.572351,-21.6479,45.805759
KADIK10k,0.132500,20.791632,24.011106,-49.7043,58.923965
KADIK10k,0.807500,6.377813,3.499634,31.6817,14.058942
KADIK10k,0.317500,12.086981,9.347476,-8.5182,26.794506
KADIK10k,0.207500,17.198021,14.967955,-34.8021,31.925945
KADIK10k,0.167500,20.027304,18.377707,-45.2953,33.880463
KADIK10k,0.157500,21.917617,21.152197,-52.8333,29.552618
KADIK10k,0.832500,2.275694,-3.309113,63.2350,5.918580
KADIK10k,0.842500,3.362897,-1.387135,54.9202,8.366909
KADIK10k,0.817500,4.297761,0.078982,45.9955,9.816612
KADIK10k,0.657500,5.926785,2.240033,28.4029,11.120641
KADIK10k,0.475000,10.683586,4.994936,0.7233,24.227978
KADIK10k,0.392500,5.055059,-2.084356,35.9572,16.398483
KADIK10k,0.332500,8.247612,1.920541,6.5714,21.980639
KADIK10k,0.275000,10.202525,3.416031,-8.1016,24.774515
KADIK10k,0.307500,12.332553,4.940349,-21.7131,27.540377
KADIK10k,0.307500,16.657186,10.173329,-50.7506,30.521856
KADIK10k,0.932500,0.000000,-18.094471,100.0000,0.000000
KADIK10k,0.592500,2.411543,-4.011827,59.3554,13.550870
KADIK10k,0.442500,4.876002,1.069014,35.7159,24.579924
KADIK10k,0.157500,11.212723,10.025511,-9.0899,38.584858
KADIK10k,0.175000,16.191501,16.377277,-33.2041,48.134144
KADIK10k,0.825000,4.075092,0.474745,41.7815,4.547304
KADIK10k,0.400000,8.857374,5.676295,1.0902,7.919649
KADIK10k,0.342500,11.067440,8.083430,-11.6949,8.245314
KADIK10k,0.142500,20.914065,18.205906,-51.8809,14.827490
KADIK10k,0.057500,33.810984,29.677668,-64.2103,28.788874
KADIK10k,0.857500,2.840305,-1.826067,54.3823,3.989942
KADIK10k,0.850000,3.281757,-1.221602,50.4656,4.148958
KADIK10k,0.825000,4.605932,1.131897,38.7511,4.826026
KADIK10k,0.367500,14.998804,12.559154,-28.4299,9.609694
KADIK10k,0.067500,23.800412,21.479933,-56.2993,13.313849
KADIK10k,0.850000,1.854583,-3.347925,66.7272,3.602992
KADIK10k,0.807500,2.922666,-0.240769,53.0719,5.309091
KADIK10k,0.707500,3.858740,0.612659,42.4736,5.992454
KADIK10k,0.582500,5.380452,1.957882,28.1361,7.318946
KADIK10k,0.382500,8.503503,4.722170,2.0213,10.002135
KADIK10k,0.882500,0.824532,-11.043777,82.2454,2.068094
KADIK10k,0.857500,2.297176,-1.723219,60.4683,4.266675
KADIK10k,0.765000,3.638597,0.480183,45.0131,5.566236
KADIK10k,0.507500,5.777249,2.243842,24.5352,7.523238
KADIK10k,0.450000,7.516382,3.850787,9.6211,9.656562
KADIK10k,0.617500,2.336534,-4.273501,18.6532,12.771940
KADIK10k,0.407500,4.747260,2.069376,-28.1475,20.572529
KADIK10k,0.325000,6.642048,3.873212,-44.5257,23.026285
KADIK10k,0.267500,10.273993,7.409996,-61.1054,26.259714
KADIK10k,0.267500,13.122210,10.061362,-63.7452,26.470890
KADIK10k,0.842500,0.473584,-13.969834,87.8146,2.025618
KADIK10k,0.842500,1.231443,-7.747488,74.8441,3.624019
KADIK10k,0.867500,1.783250,-3.523888,65.7576,5.165524
KADIK10k,0.800000,2.718034,-0.210924,54.5305,7.536089
KADIK10k,0.652500,4.725738,1.388398,33.7263,11.627394
KADIK10k,0.625000,8.403113,5.829086,3.1329,6.517727
KADIK10k,0.425000,14.391188,12.053703,-31.2613,9.974051
KADIK10k,0.292500,17.458081,15.120571,-43.9034,11.147918
KADIK10k,0.217500,22.668684,20.379490,-56.7510,15.737250
KADIK10k,0.117500,26.736861,24.286112,-62.2447,21.506054
KADIK10k,0.857500,2.142632,-7.450710,71.2566,7.617683
KADIK10k,0.842500,4.792913,-0.271778,41.5710,15.147996
KADIK10k,0.667500,11.252848,1.694475,-9.8936,30.735731
KADIK10k,0.525000,22.907717,5.493342,-53.9539,53.309807
KADIK10k,0.317500,37.526148,8.553646,-64.2351,80.021614
KADIK10k,0.875000,0.734945,-13.184141,85.4017,3.687053
KADIK10k,0.867500,1.710966,-6.729910,68.6334,7.590996
KADIK10k,0.632500,4.391827,0.544506,30.2574,14.843124
KADIK10k,0.425000,13.271591,6.951576,-40.2948,28.993900
KADIK10k,0.075000,40.713379,24.981796,-69.8962,52.968975
KADIK10k,0.850000,5.607529,0.137721,43.9394,17.253202
KADIK10k,0.867500,2.637179,-5.715347,71.5849,8.865870
KADIK10k,0.842500,0.000000,-18.094471,100.0000,0.000000
KADIK10k,0.750000,4.124335,-0.391637,29.4556,9.197363
KADIK10k,0.442500,11.323893,5.494354,-30.5756,17.470085
KADIK10k,0.757500,2.993490,-3.251892,47.2852,6.254818
KADIK10k,0.632500,5.990810,2.090976,7.4748,12.373028
KADIK10k,0.532500,8.611816,6.330099,-4.4551,11.363547
KADIK10k,0.250000,15.928767,13.011668,-35.7308,19.298496
KADIK10k,0.057500,25.693683,21.761683,-60.3863,26.286938
KADIK10k,0.867500,5.193737,2.139189,17.3922,47.821354
KADIK10k,0.882500,7.484647,5.266556,-0.5682,63.774719
KADIK10k,0.850000,9.998578,7.697414,-23.2273,59.392490
KADIK10k,0.857500,11.278849,8.481138,-26.6263,71.761589
KADIK10k,0.742500,12.744053,9.625876,-37.5187,64.462891
KADIK10k,0.792500,12.214281,7.110539,-8.9903,22.383774
KADIK10k,0.675000,13.250255,7.982047,-18.8580,23.848442
KADIK10k,0.600000,12.377579,7.343814,-18.7808,24.338200
KADIK10k,0.567500,14.597520,9.096275,-22.0608,31.967144
KADIK10k,0.100000,30.708889,21.862242,-63.6603,49.500465
KADIK10k,0.825000,1.993897,-4.932827,69.6737,4.490344
KADIK10k,0.882500,2.987617,-0.825845,59.0988,5.743333
KADIK10k,0.767500,4.338547,0.117472,47.7250,7.408534
KADIK10k,0.757500,7.607674,2.465436,22.8233,10.985098
KADIK10k,0.792500,7.528946,1.685810,25.8480,14.281338
KADIK10k,0.332500,11.910586,9.969524,-31.5103,57.939785
KADIK10k,0.275000,16.942111,15.465453,-47.4982,78.060173
KADIK10k,0.217500,23.115852,17.673904,-60.5799,97.432457
KADIK10k,0.200000,20.701903,16.879036,-55.7961,94.094772
KADIK10k,0.200000,26.608701,22.685997,-63.2343,94.778641
KADIK10k,0.517500,11.614606,4.297433,-23.4513,19.222111
KADIK10k,0.225000,21.386972,11.274923,-59.5983,32.617836
KADIK10k,0.192500,28.722920,16.553808,-64.1995,42.121803
KADIK10k,0.057500,42.173873,25.248865,-71.0926,58.505650
KADIK10k,0.050000,52.954883,30.990919,-104.0614,75.740242
KADIK10k,0.475000,19.053310,9.647073,-44.6596,19.407030
KADIK10k,0.625000,11.671259,3.921874,-10.4486,13.843571
KADIK10k,0.750000,5.922634,0.173899,34.9282,7.869431
KADIK10k,0.807500,4.807122,0.627108,35.5782,8.294259
KADIK10k,0.650000,12.433591,8.212853,-28.2889,17.424913
KADIK10k,0.925000,0.000000,-17.277330,100.0000,0.000000
KADIK10k,0.832500,0.826732,-12.509209,83.0291,2.496432
KADIK10k,0.607500,3.825559,0.876075,49.8922,6.815444
KADIK10k,0.282500,8.792324,5.956226,13.0149,12.282375
KADIK10k,0.132500,16.610840,15.568109,-36.3275,25.898844
KADIK10k,0.782500,1.743392,-7.205400,68.9101,4.130979
KADIK10k,0.650000,5.018343,2.513442,40.4211,8.021597
KADIK10k,0.282500,10.468559,7.901669,2.7772,14.713202
KADIK10k,0.142500,13.523179,12.237705,-19.5427,21.011511
KADIK10k,0.157500,16.515367,15.759996,-36.0386,27.143887
KADIK10k,0.867500,0.000000,-17.277330,100.0000,0.000000
KADIK10k,0.817500,1.504617,-8.569027,73.4241,4.876612
KADIK10k,0.567500,3.644489,0.781387,51.3652,7.620177
KADIK10k,0.475000,5.586084,3.206806,35.7008,8.538742
KADIK10k,0.292500,9.126883,7.318245,7.7089,18.943983
KADIK10k,0.900000,0.359370,-15.590783,88.7689,0.727474
KADIK10k,0.317500,10.472591,7.575112,-15.1630,34.565540
KADIK10k,0.275000,19.147864,16.995548,-53.1734,43.837852
KADIK10k,0.317500,26.205534,23.002367,-63.1210,48.370197
KADIK10k,0.192500,42.997918,36.366768,-67.9003,84.102966
KADIK10k,0.857500,1.711382,-5.344101,68.0927,7.650791
KADIK10k,0.532500,7.599334,7.464799,25.2051,23.888496
KADIK10k,0.300000,11.859763,12.685843,-4.6644,35.443634
KADIK10k,0.200000,15.810837,18.238234,-27.8586,49.601238
KADIK10k,0.200000,17.743289,19.428158,-33.8857,55.189041
KADIK10k,0.850000,3.130036,-0.418325,49.8390,11.178482
KADIK10k,0.682500,5.496421,1.759118,32.9360,12.655388
KADIK10k,0.717500,6.236584,2.456420,26.8847,13.336626
KADIK10k,0.582500,8.164025,4.143598,13.3204,17.315699
KADIK10k,0.350000,17.277097,10.700229,-32.2226,25.244562
KADIK10k,0.417500,9.697504,2.859765,-20.4545,36.067345
KADIK10k,0.442500,15.675246,6.419999,-49.6568,48.601254
KADIK10k,0.307500,19.082733,8.329649,-58.0940,54.963348
KADIK10k,0.307500,22.818140,10.374765,-62.6141,61.424934
KADIK10k,0.267500,36.085174,20.812855,-65.3269,72.663223
KADIK10k,0.900000,0.000000,-17.277330,100.0000,0.000000
KADIK10k,0.557500,5.811613,2.837586,15.9491,24.696949
KADIK10k,0.467500,12.329116,9.930417,-23.6918,34.303429
KADIK10k,0.292500,21.763266,20.949713,-54.9370,43.361256
KADIK10k,0.192500,38.636753,36.469208,-64.7910,58.048836
KADIK10k,0.857500,0.733792,-12.778131,83.1072,2.371832
KADIK10k,0.842500,1.944851,-5.810316,64.0360,3.830581
KADIK10k,0.875000,2.612875,-2.149266,55.3521,5.069721
KADIK10k,0.657500,7.038589,5.072019,9.4597,7.179021
KADIK10k,0.225000,14.097239,13.140576,-29.9580,12.951365
KADIK10k,0.900000,2.638171,-2.352979,54.9084,3.480496
KADIK10k,0.867500,3.103919,-0.806337,49.2316,3.676996
KADIK10k,0.832500,4.744937,2.144227,32.1573,4.468050
KADIK10k,0.150000,18.606976,16.906387,-51.1076,12.762316
KADIK10k,0.057500,27.178732,24.948156,-61.8717,20.733990
KADIK10k,0.767500,3.382343,-0.632054,49.7849,5.392512
KADIK10k,0.600000,5.696727,1.874730,30.1120,7.202315
KADIK10k,0.482500,7.708839,3.910814,16.3166,8.509843
KADIK10k,0.457500,11.043243,6.851986,-3.6242,11.644615
KADIK10k,0.282500,17.520994,12.548946,-32.2849,15.103642
KADIK10k,0.887500,1.276361,-8.215191,74.4497,3.223368
KADIK10k,0.675000,4.318945,0.331881,41.1471,6.276237
KADIK10k,0.550000,7.293318,3.495744,18.7426,9.766317
KADIK10k,0.467500,11.974092,7.646655,-8.1434,11.392133
KADIK10k,0.332500,15.806092,11.026662,-24.8977,13.554688
KADIK10k,0.592500,1.826039,-5.458025,53.3741,15.057007
KADIK10k,0.375000,4.645405,2.453874,16.5548,19.765638
KADIK10k,0.325000,7.413483,5.094954,-6.8889,21.104618
KADIK10k,0.300000,11.407270,9.306283,-31.9165,27.181087
KADIK10k,0.282500,14.672760,12.075671,-45.0891,25.508299
KADIK10k,0.857500,1.209406,-8.553399,74.6614,4.293098
KADIK10k,0.657500,3.957164,0.156133,43.4217,7.455705
KADIK10k,0.525000,6.581525,3.086668,22.6631,8.993625
KADIK10k,0.425000,10.849125,6.960732,-3.6963,12.061702
KADIK10k,0.267500,19.566234,14.649937,-38.3880,17.670998
KADIK10k,0.557500,8.771118,6.563472,0.1802,6.786574
KADIK10k,0.492500,13.757696,11.669107,-29.5211,12.653711
KADIK10k,0.375000,17.076155,14.894523,-42.4376,17.144489
KADIK10k,0.142500,27.008573,24.401329,-62.2505,25.520044
KADIK10k,0.092500,33.973167,30.730295,-64.1990,28.046257
KADIK10k,0.757500,0.923490,-11.853409,73.6357,12.542013
KADIK10k,0.682500,2.167436,-5.262718,46.1060,24.133879
KADIK10k,0.515000,5.877799,-2.823207,-7.4710,46.824539
KADIK10k,0.375000,15.757605,-7.804569,-59.6766,76.879539
KADIK10k,0.100000,37.993443,-9.921096,-72.8777,101.479355
KADIK10k,0.882500,0.403314,-15.069855,88.1903,6.030681
KADIK10k,0.867500,0.991694,-11.878817,73.4420,12.871034
KADIK10k,0.742500,2.347984,-4.852450,43.3506,25.238277
KADIK10k,0.607500,6.702249,-2.777474,-21.2588,51.377750
KADIK10k,0.442500,24.331662,-10.157030,-64.9237,94.339310
KADIK10k,0.700000,3.947333,-0.698137,35.7398,24.887707
KADIK10k,0.767500,1.585922,-8.486848,69.5840,12.627300
KADIK10k,0.882500,0.000000,-17.277330,100.0000,0.000000
KADIK10k,0.757500,1.897272,-7.155761,64.7865,11.016536
KADIK10k,0.692500,4.454295,-0.336672,24.8464,20.537363
KADIK10k,0.850000,0.720678,-13.073816,87.8512,2.311178
KADIK10k,0.900000,1.542047,-8.444467,77.6302,4.019939
KADIK10k,0.607500,3.824366,0.681067,48.8647,9.633698
KADIK10k,0.300000,8.882968,7.177282,7.2984,16.723948
KADIK10k,0.125000,12.431576,11.411802,-12.8849,22.393913
KADIK10k,0.832500,2.493533,-1.142790,43.3356,21.946396
KADIK10k,0.525000,6.327983,5.876025,11.3320,61.451962
KADIK10k,0.742500,5.974867,4.683620,13.9279,46.890572
KADIK10k,0.332500,8.305663,7.940870,-5.3175,77.154854
KADIK10k,0.442500,7.784011,6.657580,-2.4610,63.166149
KADIK10k,0.792500,6.924912,4.929353,20.4874,23.019144
KADIK10k,0.657500,8.315320,6.271987,7.6503,21.874346
KADIK10k,0.557500,7.415571,5.394571,11.6956,22.377140
KADIK10k,0.475000,7.610480,5.770768,12.5145,19.825920
KADIK10k,0.207500,16.971311,15.221616,-41.6920,56.565136
KADIK10k,0.725000,2.086897,-4.294075,58.9836,10.527602
KADIK10k,0.692500,2.636928,-1.842873,52.4231,10.827690
KADIK10k,0.675000,3.189700,-0.435456,47.2195,11.693834
KADIK10k,0.550000,4.942198,1.646757,33.2233,16.006897
KADIK10k,0.242500,11.822974,8.166183,-7.6642,24.384855
KADIK10k,0.332500,12.417162,10.250867,-26.9243,95.717712
KADIK10k,0.407500,20.780825,17.028008,-59.6775,97.696457
KADIK10k,0.292500,18.095006,16.812922,-45.2104,71.433800
KADIK10k,0.242500,28.124598,26.612705,-63.8830,105.832199
KADIK10k,0.315000,30.096805,26.773304,-64.2234,99.047745
KADIK10k,0.642500,6.670054,4.603195,17.0978,16.607929
KADIK10k,0.475000,14.753232,14.240355,-37.6647,25.485523
KADIK10k,0.317500,22.141857,22.971691,-58.6012,32.804585
KADIK10k,0.207500,39.547958,43.741402,-64.7161,54.945053
KADIK10k,0.057500,60.047850,68.764565,-105.5140,75.489853
KADIK10k,0.500000,14.416792,8.825567,-25.9292,21.088251
KADIK10k,0.707500,9.168534,4.861204,3.6332,15.442156
KADIK10k,0.782500,4.577524,1.203763,41.6222,9.404112
KADIK10k,0.557500,4.709947,0.798470,34.3683,10.455756
KADIK10k,0.357500,14.106558,10.071863,-35.3170,21.492031
KADIK10k,0.875000,0.000000,-17.326935,100.0000,0.000000
KADIK10k,0.850000,0.532096,-13.991295,87.2963,1.552367
KADIK10k,0.375000,2.430253,-3.691889,64.1153,4.670064
KADIK10k,0.182500,5.784618,4.465083,35.6004,9.959702
KADIK10k,0.092500,13.750468,13.669696,-28.4084,25.803349
KADIK10k,0.675000,1.170558,-10.208350,77.0951,3.069417
KADIK10k,0.450000,3.129384,-0.986630,57.5064,5.592861
KADIK10k,0.167500,7.051226,6.030485,25.4497,12.712797
KADIK10k,0.107500,10.311994,9.963763,-3.5012,20.251623
KADIK10k,0.125000,13.460532,13.509387,-26.7093,26.093374
KADIK10k,0.917500,0.000000,-17.326935,100.0000,0.000000
KADIK10k,0.832500,0.957379,-11.231531,80.0082,3.768590
KADIK10k,0.442500,2.785459,-1.955923,61.1786,5.887755
KADIK10k,0.267500,3.435142,-0.512473,54.3576,8.789586
KADIK10k,0.132500,6.242485,5.046099,27.5475,17.231186
KADIK10k,0.867500,0.661538,-14.605921,83.8064,8.521830
KADIK10k,0.182500,16.083622,15.700180,-40.4786,39.071312
KADIK10k,0.107500,29.595580,23.652769,-63.9945,85.474869
KADIK10k,0.015000,41.783444,26.888968,-67.7338,145.294006
KADIK10k,0.032500,51.125938,33.711990,-104.9255,148.578690
KADIK10k,0.857500,3.262857,0.903424,52.6150,16.187181
KADIK10k,0.492500,7.848449,7.208970,11.5447,27.647198
KADIK10k,0.125000,10.240487,10.230243,-7.8128,38.353970
KADIK10k,0.200000,9.351817,9.671440,-1.4152,43.320625
KADIK10k,0.157500,16.195828,16.660717,-44.0288,45.291389
KADIK10k,0.682500,2.571569,-1.579535,53.4796,8.766519
KADIK10k,0.765000,3.190298,0.564688,48.2614,10.226650
KADIK10k,0.692500,4.709091,2.161610,31.1358,15.600041
KADIK10k,0.500000,7.557792,5.097613,3.6364,18.162535
KADIK10k,0.200000,15.758880,14.539064,-37.3609,22.508692
KADIK10k,0.425000,9.194277,2.870471,-18.6870,75.629379
KADIK10k,0.232500,17.533675,8.126164,-53.5781,112.448883
KADIK10k,0.317500,23.025714,11.391629,-62.0095,131.423721
KADIK10k,0.125000,29.234940,14.951170,-64.2072,150.407059
KADIK10k,0.067500,53.163029,35.690372,-105.0206,162.236359
KADIK10k,0.882500,0.000000,-17.326935,100.0000,0.000000
KADIK10k,0.425000,10.902163,9.210489,-12.4247,38.144466
KADIK10k,0.242500,16.355729,15.217495,-40.9958,38.345623
KADIK10k,0.175000,35.827608,29.386032,-64.5407,85.502373
KADIK10k,0.125000,56.281758,36.764484,-156.6140,148.578690
KADIK10k,0.932500,0.473297,-14.549404,87.8504,1.509683
KADIK10k,0.907500,1.273759,-9.729892,73.6022,2.628830
KADIK10k,0.907500,1.972452,-5.636832,63.2644,3.926267
KADIK10k,0.650000,5.386288,3.473160,26.0963,7.437227
KADIK10k,0.175000,11.615314,11.214697,-18.6550,16.515368
KADIK10k,0.775000,2.663461,-2.062080,55.8827,7.861607
KADIK10k,0.717500,3.099844,-0.341688,50.8575,6.132331
KADIK10k,0.717500,4.589580,2.254792,34.7653,8.342721
KADIK10k,0.150000,14.777510,13.362925,-36.1950,15.857314
KADIK10k,0.057500,31.971402,31.606001,-64.2291,26.149570
KADIK10k,0.587500,3.557369,-1.321560,50.4387,5.985684
KADIK10k,0.425000,6.022005,1.386449,30.8715,7.513285
KADIK10k,0.400000,8.137937,3.411576,16.7283,9.443283
KADIK10k,0.335000,11.661302,6.577215,-1.8043,10.952730
KADIK10k,0.307500,18.061217,11.888803,-28.3824,14.439200
KADIK10k,0.807500,1.296468,-9.200092,75.2293,3.428182
KADIK10k,0.532500,4.474795,-0.368951,42.5594,6.409760
KADIK10k,0.442500,7.605776,2.830457,20.7530,8.552393
KADIK10k,0.350000,12.452791,7.228516,-6.0481,11.315220
KADIK10k,0.265000,15.911255,10.288568,-20.2127,14.665362
KADIK10k,0.682500,1.730836,-5.770373,61.7561,11.118636
KADIK10k,0.500000,3.976686,1.462592,39.6656,14.349977
KADIK10k,0.432500,6.574446,4.639165,24.9406,15.714413
KADIK10k,0.282500,10.223164,8.098836,2.5385,19.203650
KADIK10k,0.250000,13.408029,11.386232,-14.5085,21.415092
KADIK10k,0.775000,2.087053,-4.783630,64.5630,4.039098
KADIK10k,0.442500,7.176909,2.592093,21.7603,7.517763
KADIK10k,0.400000,11.861340,6.919670,-4.8163,10.558036
KADIK10k,0.292500,18.433132,12.572400,-31.4097,13.213710
KADIK10k,0.150000,28.799301,22.527155,-55.2209,18.796581
KADIK10k,0.550000,6.785599,4.519467,15.9001,8.707448
KADIK10k,0.317500,10.605965,8.547790,-11.9429,13.375031
KADIK10k,0.192500,13.673917,11.367543,-27.3552,18.450724
KADIK10k,0.117500,21.833187,19.328907,-52.8733,27.631269
KADIK10k,0.092500,28.413038,25.339005,-61.7777,29.571396
KADIK10k,0.925000,0.949962,-12.001002,78.9156,12.302702
KADIK10k,0.800000,2.435385,-4.962939,54.3422,24.460051
KADIK10k,0.625000,7.213151,1.084482,-0.2438,50.612076
KADIK10k,0.250000,21.002558,7.337671,-59.3353,93.318779
KADIK10k,0.042500,35.518827,15.107900,-64.5900,148.957031
KADIK10k,0.925000,0.500185,-14.398769,87.4349,6.564475
KADIK10k,0.907500,1.180068,-10.400189,74.5690,14.131302
KADIK10k,0.775000,2.920828,-1.192955,47.8623,26.905403
KADIK10k,0.607500,8.221485,0.117919,-5.4588,52.534477
KADIK10k,0.400000,22.389672,2.222418,-61.0218,88.057114
KADIK10k,0.550000,5.725345,0.229310,4.4110,26.746000
KADIK10k,0.825000,1.645576,-7.633636,62.0149,13.561383
KADIK10k,0.875000,0.000000,-17.326935,100.0000,0.000000
KADIK10k,0.857500,1.326930,-9.620558,75.9869,12.754103
KADIK10k,0.750000,3.256833,-0.535691,51.9891,25.605188
KADIK10k,0.857500,0.705997,-13.583630,88.6577,4.225259
KADIK10k,0.875000,1.285345,-10.448925,81.7270,4.978598
KADIK10k,0.625000,2.791902,-3.548919,62.6692,8.008260
KADIK10k,0.232500,5.905212,3.859767,35.0818,13.497577
KADIK10k,0.092500,9.473065,8.066364,6.3932,20.610933
KADIK10k,0.575000,3.404325,2.138161,42.3768,38.625626
KADIK10k,0.492500,3.724046,2.412695,30.8095,30.941959
KADIK10k,0.492500,4.937523,3.869476,19.0312,43.261097
KADIK10k,0.412500,6.495404,5.678996,7.6705,40.811031
KADIK10k,0.457500,7.286671,5.044860,4.4472,57.641201
KADIK10k,0.682500,4.707027,2.441319,39.0704,20.843557
KADIK10k,0.482500,5.651038,3.358781,31.4252,19.143723
KADIK10k,0.607500,5.106046,2.838705,32.8955,16.036041
KADIK10k,0.525000,5.515438,3.748097,32.8215,19.289948
KADIK10k,0.132500,11.903752,10.330866,-17.4498,37.161201
KADIK10k,0.742500,2.433639,-1.861883,55.4892,10.272918
KADIK10k,0.625000,3.450228,-0.168887,43.8375,12.194551
KADIK10k,0.650000,4.423459,0.932627,31.3223,14.292325
KADIK10k,0.457500,7.177917,3.620344,6.6266,18.526344
KADIK10k,0.267500,16.140017,11.671645,-38.0420,22.542280
KADIK10k,0.450000,16.458336,13.743885,-48.8193,112.606758
KADIK10k,0.317500,19.418219,16.636181,-57.4545,74.530899
KADIK10k,0.250000,27.485332,24.485237,-63.5996,109.142677
KADIK10k,0.250000,22.379003,20.230991,-49.9782,89.232628
KADIK10k,0.150000,30.640527,28.684093,-63.3231,92.527000
KADIK10k,0.700000,5.441945,3.429705,32.2449,15.480170
KADIK10k,0.457500,12.358290,12.084251,-17.0680,25.687410
KADIK10k,0.275000,18.840031,20.697836,-43.3102,33.844887
KADIK10k,0.200000,34.835401,42.725574,-63.8897,53.105297
KADIK10k,0.067500,56.330467,73.303925,-72.1859,76.476692
KADIK10k,0.467500,10.431182,4.640628,-10.3941,26.158085
KADIK10k,0.757500,6.160981,1.343700,22.5061,18.583149
KADIK10k,0.907500,2.960025,-0.254277,54.6248,10.834239
KADIK10k,0.857500,3.128679,-2.848880,53.9656,11.039473
KADIK10k,0.642500,8.725877,4.505713,-1.7159,21.918447
KADIK10k,0.950000,0.000000,-17.390753,100.0000,0.000000
KADIK10k,0.850000,0.389078,-14.842174,89.3716,1.532854
KADIK10k,0.500000,1.531753,-8.040075,70.6971,4.581501
KADIK10k,0.250000,4.045689,1.672414,40.6736,10.916756
KADIK10k,0.117500,12.399299,12.848619,-25.7963,29.482782
KADIK10k,0.817500,0.765311,-12.391682,82.0076,2.689702
KADIK10k,0.550000,1.898714,-6.027756,65.2959,5.720478
KADIK10k,0.207500,5.090116,3.585533,30.0028,14.025508
KADIK10k,0.132500,8.638476,8.572670,-1.3502,23.761314
KADIK10k,0.082500,12.249616,12.758900,-25.4065,31.577894
KADIK10k,0.975000,0.000000,-17.390753,100.0000,0.000000
KADIK10k,0.832500,0.565094,-13.587728,84.9865,2.615592
KADIK10k,0.557500,1.598311,-7.477668,69.4072,6.345748
KADIK10k,0.332500,2.772941,-1.328447,54.4199,10.631490
KADIK10k,0.207500,5.209757,3.764771,27.3845,19.820166
KADIK10k,0.875000,0.820734,-13.080488,78.6691,7.434284
KADIK10k,0.467500,9.682395,10.461919,-7.8323,34.790386
KADIK10k,0.175000,16.645504,17.583845,-44.1631,56.434425
KADIK10k,0.167500,20.468694,19.815784,-56.5549,53.829777
KADIK10k,0.182500,27.300949,23.922281,-64.0735,74.487823
KADIK10k,0.850000,3.621804,0.450568,51.1191,19.361637
KADIK10k,0.482500,7.697135,6.746926,13.6142,37.110508
KADIK10k,0.242500,12.056475,12.240567,-18.5334,55.936852
KADIK10k,0.182500,14.388246,14.818834,-31.3960,62.316402
KADIK10k,0.142500,15.821976,17.113974,-38.7263,65.408447
KADIK10k,0.692500,5.386205,2.643457,29.2827,13.455656
KADIK10k,0.700000,5.844620,2.984195,25.3727,15.417081
KADIK10k,0.567500,7.749684,4.778317,13.2067,18.263239
KADIK10k,0.450000,13.173488,10.049234,-17.3699,24.817060
KADIK10k,0.267500,16.384305,12.741976,-36.2157,33.980503
KADIK10k,0.467500,8.702555,2.794988,-9.2077,29.405529
KADIK10k,0.407500,14.071840,6.874558,-41.2554,40.008091
KADIK10k,0.257500,17.243494,9.312657,-52.3244,45.447746
KADIK10k,0.225000,20.632565,11.925233,-59.4338,50.898460
KADIK10k,0.332500,27.234174,19.592262,-64.2291,56.549568
KADIK10k,0.917500,0.000000,-17.390753,100.0000,0.000000
KADIK10k,0.592500,6.047471,4.709067,19.9934,32.261951
KADIK10k,0.517500,10.651446,11.158182,-10.4319,46.415138
KADIK10k,0.282500,19.982889,20.369236,-53.5844,61.682144
KADIK10k,0.150000,29.052152,27.554956,-64.1763,64.641945
KADIK10k,0.875000,0.420246,-14.801819,89.6931,1.478031
KADIK10k,0.932500,0.929787,-11.434450,80.0739,2.407463
KADIK10k,0.907500,1.297185,-9.108570,73.4140,3.373820
KADIK10k,0.632500,4.066040,2.067004,40.0146,10.328200
KADIK10k,0.142500,10.432923,9.526832,-11.7204,20.227196
KADIK10k,0.892500,2.117981,-4.208590,60.9611,4.468742
KADIK10k,0.825000,2.393610,-2.627414,57.0733,4.826777
KADIK10k,0.707500,3.491788,0.497057,43.2906,6.310094
KADIK10k,0.125000,12.606310,11.244995,-29.6261,15.780045
KADIK10k,0.050000,25.337509,25.673517,-61.6819,24.876942
KADIK10k,0.617500,4.364243,-0.150594,43.9380,6.225364
KADIK10k,0.492500,7.356402,2.528517,22.1662,8.409068
KADIK10k,0.382500,9.754149,4.483322,7.4477,10.336117
KADIK10k,0.380000,13.431256,7.100077,-10.1783,12.543653
KADIK10k,0.292500,19.944608,11.949391,-36.8160,17.091173
KADIK10k,0.857500,1.452105,-7.940304,72.9572,3.513141
KADIK10k,0.625000,4.934079,0.348227,39.2161,6.828640
KADIK10k,0.482500,8.320377,3.339408,16.8112,9.430739
KADIK10k,0.342500,13.077791,6.916269,-8.9669,12.268029
KADIK10k,0.350000,16.607460,9.624037,-23.3676,15.755608
KADIK10k,0.582500,2.791009,-2.214198,28.7336,14.291709
KADIK10k,0.425000,7.123461,4.001777,-19.6370,23.891092
KADIK10k,0.450000,11.225953,7.435463,-43.2609,29.897650
KADIK10k,0.357500,17.092247,12.081095,-59.6918,33.727592
KADIK10k,0.275000,20.694027,14.860342,-63.3084,34.833530
KADIK10k,0.925000,1.035653,-10.468331,77.9289,3.593255
KADIK10k,0.650000,3.353983,-0.939374,51.0822,7.306947
KADIK10k,0.417500,5.627474,1.089774,32.2142,9.725229
KADIK10k,0.400000,9.103605,3.925677,10.6135,12.736236
KADIK10k,0.292500,16.483175,9.035396,-23.6784,21.139563
KADIK10k,0.700000,4.577373,1.701231,34.2535,10.419276
KADIK10k,0.382500,8.624396,6.206831,1.8531,12.677205
KADIK10k,0.257500,12.562998,10.205385,-20.8480,18.767735
KADIK10k,0.157500,21.456970,18.513577,-54.4501,30.557953
KADIK10k,0.132500,28.550637,25.076582,-62.9492,29.772205
KADIK10k,0.917500,1.119357,-11.181623,71.9345,13.877153
KADIK10k,0.817500,2.652895,-3.089803,43.2981,27.714769
KADIK10k,0.682500,6.862364,-1.326577,-9.3774,56.605881
KADIK10k,0.382500,16.913392,-3.410561,-57.5864,100.130692
KADIK10k,0.157500,38.288940,-3.272616,-73.3924,155.041168
KADIK10k,0.907500,0.520115,-14.296881,84.2000,6.830739
KADIK10k,0.917500,1.202516,-10.304806,67.4606,14.187121
KADIK10k,0.867500,2.891411,-1.347195,30.3717,27.476824
KADIK10k,0.675000,8.566831,-1.253791,-40.0961,55.199558
KADIK10k,0.367500,31.679652,3.692194,-74.8489,99.570480
KADIK10k,0.850000,4.192599,0.559176,38.5640,29.118671
KADIK10k,0.875000,1.895145,-7.579723,69.7863,14.561264
KADIK10k,0.950000,0.000000,-17.390753,100.0000,0.000000
KADIK10k,0.882500,2.690735,-4.430789,38.5921,16.605818
KADIK10k,0.782500,6.745188,-0.484738,-22.0226,31.537722
KADIK10k,0.925000,1.360556,-9.979529,79.3050,4.013259
KADIK10k,0.857500,2.606372,-4.427025,60.0198,9.142485
KADIK10k,0.792500,3.105055,-2.722833,59.3421,7.029309
KADIK10k,0.217500,5.770096,2.370975,29.3931,17.638012
KADIK10k,0.087500,9.481817,7.859477,-3.5111,30.178400
KADIK10k,0.892500,3.714805,-0.719562,40.8947,69.812004
KADIK10k,0.850000,4.905511,2.457450,24.5374,48.375458
KADIK10k,0.625000,7.200044,6.321313,4.0609,71.117180
KADIK10k,0.742500,8.785971,6.767086,-1.5860,82.932327
KADIK10k,0.650000,8.544738,7.557657,-6.0649,66.047424
KADIK10k,0.767500,3.487267,-2.127385,54.4313,20.060085
KADIK10k,0.625000,3.619843,-1.793115,51.6812,18.456287
KADIK10k,0.532500,3.481399,-1.668638,54.4166,18.791067
KADIK10k,0.482500,3.527810,-2.102875,52.5389,19.708635
KADIK10k,0.157500,7.681006,4.421815,12.3033,34.669128
KADIK10k,0.407500,3.517039,-0.172968,40.1522,9.898626
KADIK10k,0.482500,5.131733,1.656094,24.8294,12.046764
KADIK10k,0.375000,7.298159,3.969770,6.6006,15.871845
KADIK10k,0.282500,9.637889,6.321560,-9.1662,22.066177
KADIK10k,0.150000,13.891626,10.305690,-32.6875,29.377310
KADIK10k,0.457500,17.088230,11.228040,-51.4142,136.848648
KADIK10k,0.450000,17.791033,16.055948,-40.9015,98.021301
KADIK10k,0.317500,27.974817,22.213308,-63.8439,162.888489
KADIK10k,0.257500,21.246725,22.079197,-57.4793,92.159111
KADIK10k,0.292500,24.960507,24.612049,-62.8013,90.670006
KADIK10k,0.775000,4.980533,1.299507,38.5418,18.822506
KADIK10k,0.450000,10.107447,6.962251,-2.1030,31.929739
KADIK10k,0.367500,14.355153,11.190739,-26.8419,39.582127
KADIK10k,0.150000,23.874906,20.230003,-55.7408,59.073288
KADIK10k,0.075000,35.562283,31.529951,-64.0673,74.536201
KADIK10k,0.717500,17.823962,10.500997,-46.5651,29.325769
KADIK10k,0.750000,11.512978,6.251216,-14.5597,21.974369
KADIK10k,0.857500,5.862055,1.989683,31.7280,13.315893
KADIK10k,0.882500,5.519497,2.874796,28.2541,15.107574
KADIK10k,0.675000,15.506271,13.257060,-40.2841,31.871788
KADIK10k,0.932500,0.000000,-17.988621,100.0000,0.000000
KADIK10k,0.692500,1.057978,-11.066641,79.2841,2.459466
KADIK10k,0.232500,4.727095,2.335678,41.8983,6.275829
KADIK10k,0.100000,11.556863,9.194771,-2.9407,11.872382
KADIK10k,0.050000,28.131652,25.840223,-62.3706,26.444893
KADIK10k,0.525000,2.299080,-4.146535,62.8691,4.112484
KADIK10k,0.282500,6.118997,3.924320,32.0872,7.287157
KADIK10k,0.092500,14.393342,11.680686,-17.4448,14.947609
KADIK10k,0.142500,21.539876,18.748569,-49.9822,22.364489
KADIK10k,0.017500,28.101313,25.929029,-62.3183,27.554039
KADIK10k,0.875000,0.000000,-17.988621,100.0000,0.000000
KADIK10k,0.667500,1.769964,-6.956604,69.1243,3.684757
KADIK10k,0.282500,5.042950,2.779036,39.1803,7.663934
KADIK10k,0.167500,8.485047,6.329864,14.2419,12.871017
KADIK10k,0.075000,11.859451,9.699939,-8.0487,21.796059
KADIK10k,0.817500,0.824941,-14.278952,78.9514,3.719996
KADIK10k,0.400000,8.624982,8.545260,-7.6019,22.294855
KADIK10k,0.150000,16.745807,16.521696,-47.6616,40.332249
KADIK10k,0.167500,21.231774,19.358379,-57.7718,61.785351
KADIK10k,0.117500,27.732607,25.031721,-63.5788,70.566162
KADIK10k,0.652500,5.514136,3.031654,39.5815,11.121678
KADIK10k,0.200000,10.119746,7.627556,7.6198,19.269245
KADIK10k,0.117500,16.115504,15.079699,-27.4096,24.587967
KADIK10k,0.125000,17.911359,17.396610,-34.5073,26.105726
KADIK10k,0.100000,18.957160,17.843298,-36.0780,32.047333
KADIK10k,0.725000,3.470743,-1.348979,52.8164,9.059918
KADIK10k,0.707500,3.966283,-0.121489,46.0478,12.812327
KADIK10k,0.692500,5.509321,1.024336,33.7308,13.103737
KADIK10k,0.425000,10.042485,6.062661,-0.5829,16.050962
KADIK10k,0.325000,14.478954,8.016195,-27.1618,30.116430
KADIK10k,0.467500,7.186143,2.066615,1.4412,42.777485
KADIK10k,0.432500,12.366557,6.134061,-33.6073,60.764751
KADIK10k,0.317500,15.766867,8.640508,-47.0441,69.986771
KADIK10k,0.267500,19.540743,11.411105,-56.5329,79.233925
KADIK10k,0.325000,34.863599,24.161978,-64.3883,79.622421
KADIK10k,0.842500,0.000000,-17.988621,100.0000,0.000000
KADIK10k,0.525000,5.204925,2.390889,25.6707,15.925914
KADIK10k,0.367500,9.269407,9.397756,-10.5804,24.791847
KADIK10k,0.145000,20.405313,22.658367,-55.8367,42.897060
KADIK10k,0.150000,30.336890,31.248793,-64.1299,67.269325
KADIK10k,0.775000,3.118471,-1.765780,55.8356,6.149703
KADIK10k,0.582500,5.828752,2.373893,32.6342,8.257894
KADIK10k,0.407500,8.004003,4.949135,15.8948,9.973831
KADIK10k,0.192500,14.089340,11.595301,-19.2604,14.301703
KADIK10k,0.042500,25.453602,23.104183,-57.0874,22.962223
KADIK10k,0.732500,2.725939,-2.561722,60.2935,4.717984
KADIK10k,0.842500,3.117946,-1.871860,57.0228,4.868757
KADIK10k,0.667500,4.488295,0.325295,45.4061,6.646348
KADIK10k,0.232500,13.723500,11.211028,-16.0992,13.146912
KADIK10k,0.057500,23.262165,21.539110,-51.8005,19.454037
KADIK10k,0.825000,1.883900,-3.499126,67.8153,4.455675
KADIK10k,0.582500,2.976458,-0.271980,55.5654,6.356009
KADIK10k,0.500000,3.843448,0.576380,47.1782,7.269214
KADIK10k,0.382500,5.511086,1.930509,33.7361,9.001360
KADIK10k,0.275000,8.532243,4.311313,13.3509,12.308363
KADIK10k,0.917500,0.819319,-11.090447,82.8886,2.549046
KADIK10k,0.692500,2.302263,-1.841961,62.4355,5.241849
KADIK10k,0.457500,3.672824,0.445001,48.6145,6.803623
KADIK10k,0.425000,5.800178,2.158343,31.0910,9.397815
KADIK10k,0.300000,7.602736,3.632279,17.8258,11.975678
KADIK10k,0.742500,1.610872,-7.251028,59.5498,13.964634
KADIK10k,0.392500,3.073845,-0.680212,31.9846,13.975686
KADIK10k,0.457500,4.036780,1.679325,22.4686,17.796223
KADIK10k,0.355000,6.323096,4.133845,-1.9126,26.285749
KADIK10k,0.337500,7.867273,5.402405,-14.1216,25.580276
KADIK10k,0.832500,0.949008,-10.130892,77.9913,3.823967
KADIK10k,0.525000,2.735241,-0.734435,53.6657,7.195075
KADIK10k,0.475000,4.365768,0.998828,37.6398,9.720628
KADIK10k,0.317500,6.838369,2.983350,19.1600,12.864429
KADIK10k,0.157500,11.821170,6.705274,-10.2357,17.281126
KADIK10k,0.592500,6.473369,3.462873,27.3939,6.450998
KADIK10k,0.392500,11.463680,8.132758,-4.6386,10.569713
KADIK10k,0.307500,14.848218,12.464802,-22.7500,13.147753
KADIK10k,0.150000,19.446870,16.898441,-41.7359,18.189724
KADIK10k,0.125000,24.477896,21.983061,-53.6111,21.908161
KADIK10k,0.875000,1.591413,-8.601716,70.9217,8.715770
KADIK10k,0.742500,3.710868,-1.160056,40.0544,16.795671
KADIK10k,0.507500,9.840442,0.955872,-19.2798,33.515011
KADIK10k,0.332500,26.038618,6.507969,-64.0487,58.416672
KADIK10k,0.142500,46.422390,12.408535,-93.9334,84.201103
KADIK10k,0.900000,0.746840,-13.784592,85.5741,4.236462
KADIK10k,0.875000,1.719353,-8.357617,70.2140,8.963737
KADIK10k,0.782500,4.055726,-0.584020,37.2832,17.818752
KADIK10k,0.582500,11.147026,1.492838,-27.4238,36.239010
KADIK10k,0.217500,35.739392,9.796254,-66.1745,69.225662
KADIK10k,0.825000,6.672000,0.689727,22.2948,21.972574
KADIK10k,0.882500,2.772146,-4.940339,65.8363,11.638202
KADIK10k,0.882500,0.000000,-17.988621,100.0000,0.000000
KADIK10k,0.857500,3.340037,-2.431165,61.1351,9.290739
KADIK10k,0.700000,7.660504,1.281865,19.8313,17.743799
KADIK10k,0.792500,1.655434,-7.738986,78.8260,4.266048
KADIK10k,0.707500,4.333124,0.658696,48.1499,9.848313
KADIK10k,0.607500,6.419381,3.919190,30.8913,10.055470
KADIK10k,0.207500,12.043258,9.377013,-3.5192,14.310894
KADIK10k,0.067500,20.081844,17.042297,-42.0473,23.882963
KADIK10k,0.850000,5.350178,2.320105,21.4620,60.909271
KADIK10k,0.842500,6.265976,3.583520,8.6737,60.832180
KADIK10k,0.775000,9.411259,7.278046,-12.2110,66.468269
KADIK10k,0.682500,10.054952,7.498564,-17.7426,72.235725
KADIK10k,0.575000,11.629745,9.283463,-31.4512,66.780891
KADIK10k,0.707500,9.762507,5.280424,6.3583,18.163963
KADIK10k,0.625000,10.989787,6.359580,-3.9478,18.611477
KADIK10k,0.517500,10.145709,5.578263,-0.9278,23.103563
KADIK10k,0.542500,12.023459,7.171563,-3.7415,23.461828
KADIK10k,0.142500,25.333821,18.725155,-56.6233,38.877010
KADIK10k,0.925000,1.034718,-10.389310,78.0639,5.189190
KADIK10k,0.832500,1.485125,-7.352120,70.6570,6.709599
KADIK10k,0.807500,2.220762,-2.994674,61.0367,9.132619
KADIK10k,0.775000,3.183581,-0.618261,51.5053,12.309278
KADIK10k,0.600000,6.763062,2.161556,16.5921,20.925207
KADIK10k,0.347500,9.244554,9.590558,-16.6066,36.505455
KADIK10k,0.332500,11.272296,10.229169,-11.8282,52.108028
KADIK10k,0.292500,21.159176,18.607964,-53.6336,66.391418
KADIK10k,0.257500,25.785563,22.061457,-61.3168,90.909737
KADIK10k,0.207500,26.661648,22.095287,-63.2879,104.422737
KADIK10k,0.517500,10.508663,4.508036,0.9588,16.251760
KADIK10k,0.300000,20.636526,12.463362,-46.1811,28.067297
KADIK10k,0.217500,28.269152,18.020008,-60.5474,38.007957
KADIK10k,0.057500,42.063217,26.703678,-64.3419,59.045307
KADIK10k,0.025000,54.370133,34.350708,-75.8970,83.764282
KADIK10k,0.517500,19.619870,9.911821,-25.8482,21.128635
KADIK10k,0.657500,12.770744,5.343913,4.7953,15.071804
KADIK10k,0.807500,6.645104,1.237769,42.7180,8.825267
KADIK10k,0.775000,5.330677,1.904001,35.7385,9.130575
KADIK10k,0.642500,14.627684,11.816163,-32.9542,18.706753
KADIK10k,0.932500,0.000000,-17.469471,100.0000,0.000000
KADIK10k,0.882500,0.788548,-12.361008,81.5790,2.360489
KADIK10k,0.450000,3.426283,0.252127,48.4733,6.982897
KADIK10k,0.167500,8.578297,7.257457,8.6059,13.525344
KADIK10k,0.057500,19.933220,19.455814,-50.3960,26.651838
KADIK10k,0.725000,1.658350,-7.267505,67.4594,4.300100
KADIK10k,0.392500,4.383303,1.948373,39.9946,8.015153
KADIK10k,0.192500,10.744325,9.430108,-4.4944,17.057272
KADIK10k,0.067500,15.754326,15.185637,-34.4705,23.353561
KADIK10k,0.082500,20.107010,19.862387,-50.9895,27.586555
KADIK10k,0.917500,0.000000,-17.469471,100.0000,0.000000
KADIK10k,0.800000,1.575173,-7.634325,67.7441,5.486806
KADIK10k,0.475000,2.873160,-0.782112,52.0751,7.109758
KADIK10k,0.292500,5.702896,4.248022,31.1188,11.085937
KADIK10k,0.100000,9.491352,8.616390,-1.3005,23.718451
KADIK10k,0.907500,0.820206,-13.887902,81.8646,5.027960
KADIK10k,0.482500,9.048312,7.687726,-4.1895,38.165897
KADIK10k,0.232500,24.715640,21.372084,-60.2337,59.566936
KADIK10k,0.132500,38.459321,30.723303,-64.4760,100.115501
KADIK10k,0.067500,48.441946,35.726616,-82.0445,120.274506
KADIK10k,0.907500,2.799138,-0.466456,58.8920,11.013227
KADIK10k,0.375000,8.725222,7.706087,5.5554,23.254906
KADIK10k,0.182500,13.653274,13.481531,-18.5281,35.528996
KADIK10k,0.157500,15.432659,15.523849,-28.5378,36.378216
KADIK10k,0.207500,15.026145,15.120782,-28.1012,38.218922
KADIK10k,0.657500,3.304659,-0.050230,53.7223,7.062462
KADIK10k,0.707500,3.868264,0.860284,47.8535,8.778090
KADIK10k,0.700000,4.884167,1.562698,41.2979,9.968341
KADIK10k,0.532500,8.807789,4.541776,14.0537,17.531460
KADIK10k,0.257500,17.402127,11.118718,-33.6902,23.631847
KADIK10k,0.567500,12.415842,4.645738,-37.7450,69.974487
KADIK10k,0.317500,21.009756,10.011808,-60.6811,94.646538
KADIK10k,0.307500,25.999144,13.100991,-63.9042,106.392456
KADIK10k,0.332500,31.265656,16.206861,-64.2377,118.160973
KADIK10k,0.207500,46.680296,31.247402,-89.2137,130.377350
KADIK10k,0.932500,0.000000,-17.469471,100.0000,0.000000
KADIK10k,0.507500,5.600378,3.585494,18.8512,32.760189
KADIK10k,0.332500,10.037567,8.826921,-11.3703,38.087479
KADIK10k,0.157500,27.205987,24.040564,-61.6815,58.642399
KADIK10k,0.067500,52.234536,42.150429,-87.8257,120.271339
KADIK10k,0.925000,0.963423,-11.615556,79.2459,2.513180
KADIK10k,0.867500,2.400759,-3.448582,59.3593,5.121117
KADIK10k,0.757500,3.533239,0.151594,46.7357,6.880019
KADIK10k,0.242500,8.339401,6.470084,5.8853,12.709964
KADIK10k,0.032500,17.973529,17.211945,-44.0243,21.290236
KADIK10k,0.767500,2.580622,-2.587725,58.4399,4.402320
KADIK10k,0.807500,2.948466,-1.155178,53.9835,6.027971
KADIK10k,0.600000,4.266035,1.547819,39.7444,6.328385
KADIK10k,0.142500,14.185398,12.922126,-32.6032,12.047434
KADIK10k,0.042500,22.622670,21.220215,-58.2100,20.536882
KADIK10k,0.525000,3.297525,-1.290490,52.2690,5.583845
KADIK10k,0.475000,5.504663,0.947666,33.5732,8.064269
KADIK10k,0.457500,7.304536,2.722923,20.7452,8.928839
KADIK10k,0.317500,10.342012,5.090419,3.2323,11.357419
KADIK10k,0.200000,15.801239,9.167296,-23.3298,15.428878
KADIK10k,0.757500,1.262854,-9.091191,75.4620,3.183173
KADIK10k,0.500000,4.144971,-0.569192,44.8968,6.610862
KADIK10k,0.400000,6.823962,2.170401,24.2608,8.329725
KADIK10k,0.332500,11.036129,5.551832,0.2091,11.319674
KADIK10k,0.275000,14.097459,7.832767,-16.0019,13.628426
KADIK10k,0.642500,2.172528,-4.093952,44.2632,14.065500
KADIK10k,0.425000,4.971869,2.463962,4.5604,22.623556
KADIK10k,0.325000,7.316164,4.478732,-14.2097,22.275969
KADIK10k,0.292500,11.342077,8.105259,-38.9011,28.653919
KADIK10k,0.242500,13.783631,10.274405,-47.6162,29.531717
KADIK10k,0.875000,1.310288,-8.787442,74.5229,3.660750
KADIK10k,0.550000,4.281683,-0.349980,43.3935,7.129153
KADIK10k,0.367500,7.049788,2.200491,23.3061,10.667369
KADIK10k,0.267500,11.144986,5.461020,1.1102,13.321240
KADIK10k,0.217500,19.086835,11.401662,-33.3972,18.400652
KADIK10k,0.650000,5.586623,2.780925,28.9122,6.597677
KADIK10k,0.325000,9.787946,7.165713,-3.5531,10.320635
KADIK10k,0.257500,13.764835,11.804425,-26.3299,16.349724
KADIK10k,0.157500,22.257314,20.074991,-54.4499,23.567709
KADIK10k,0.092500,28.607485,25.601536,-62.4206,32.741314
KADIK10k,0.857500,1.308904,-9.822393,72.8124,12.114276
KADIK10k,0.792500,3.147816,-2.665253,44.1205,24.030279
KADIK10k,0.682500,8.651971,-0.677071,-10.4852,46.679993
KADIK10k,0.442500,22.851842,1.800106,-61.3483,82.074478
KADIK10k,0.182500,43.005747,4.560477,-76.8972,125.489822
KADIK10k,0.967500,0.631023,-13.584067,85.7761,5.597894
KADIK10k,0.825000,1.503920,-8.396809,70.5839,11.914876
KADIK10k,0.807500,3.631706,-0.700091,38.7543,22.879351
KADIK10k,0.602500,10.306573,1.389843,-25.4291,45.279896
KADIK10k,0.317500,30.365740,5.683606,-64.3618,87.643425
KADIK10k,0.832500,5.918995,0.404031,36.1086,24.247383
KADIK10k,0.892500,2.458832,-5.883743,68.1534,12.281355
KADIK10k,0.932500,0.000000,-17.469471,100.0000,0.000000
KADIK10k,0.892500,3.027754,-1.257953,56.0553,12.518802
KADIK10k,0.700000,7.633831,2.585613,8.7315,23.756100
KADIK10k,0.907500,1.386994,-9.499380,81.4772,4.024383
KADIK10k,0.807500,2.598980,-3.982578,66.4125,5.361753
KADIK10k,0.607500,5.071757,1.872858,41.1211,9.233922
KADIK10k,0.157500,9.138121,7.304060,10.6836,15.892315
KADIK10k,0.050000,14.999496,13.443187,-26.3727,25.527670
KADIK10k,0.892500,2.752318,-0.767324,44.3205,29.024712
KADIK10k,0.867500,6.106606,4.938804,13.7945,70.397797
KADIK10k,0.857500,8.225934,6.410943,-2.9777,80.032524
KADIK10k,0.807500,8.661909,6.679490,-5.3482,69.643394
KADIK10k,0.742500,10.173202,9.128545,-19.6407,73.221581
KADIK10k,0.567500,6.028157,2.672110,26.8678,21.424141
KADIK10k,0.350000,8.557846,4.781874,9.3046,21.299633
KADIK10k,0.357500,7.979517,4.492116,11.6688,25.297625
KADIK10k,0.317500,8.060720,4.209946,12.4277,24.979315
KADIK10k,0.057500,17.508456,13.540640,-39.8080,46.627560
KADIK10k,0.702500,2.418262,-2.237729,53.9566,7.661923
KADIK10k,0.717500,3.377689,-0.256662,43.2239,11.519467
KADIK10k,0.492500,4.555096,1.197530,28.9883,12.689219
KADIK10k,0.507500,6.338549,2.605037,17.7976,13.606586
KADIK10k,0.275000,9.550049,5.716818,-7.9456,22.516623
KADIK10k,0.482500,11.412067,10.871962,-37.8186,81.496117
KADIK10k,0.257500,15.649227,16.768444,-48.3344,63.453445
KADIK10k,0.392500,21.951176,20.107416,-59.1528,103.618263
KADIK10k,0.242500,22.498318,20.640516,-59.2961,92.690193
KADIK10k,0.307500,26.986757,25.610403,-61.6811,117.382980
KADIK10k,0.667500,7.575215,3.864099,6.2958,17.189945
KADIK10k,0.407500,16.001291,11.845923,-46.1314,27.919140
KADIK10k,0.292500,23.314694,18.943794,-61.9312,37.864700
KADIK10k,0.125000,38.436271,33.383953,-65.4824,57.817314
KADIK10k,0.075000,54.281696,46.583645,-94.4384,78.951569
KADIK10k,0.557500,18.277880,10.771561,-26.8228,23.651644
KADIK10k,0.650000,11.627836,5.548698,4.2182,17.276392
KADIK10k,0.842500,5.887703,1.338310,42.4106,10.286262
KADIK10k,0.832500,5.143937,1.310324,38.6872,11.387742
KADIK10k,0.707500,14.244312,10.048157,-27.3046,23.826935
KADIK10k,0.900000,0.000000,-17.389717,100.0000,0.000000
KADIK10k,0.767500,0.888522,-11.967072,81.4540,2.802536
KADIK10k,0.375000,3.591464,0.615932,46.6164,7.347631
KADIK10k,0.192500,8.380419,6.638619,7.7195,11.313645
KADIK10k,0.087500,19.522519,18.334282,-53.2672,28.295256
KADIK10k,0.600000,1.826176,-6.494910,66.0944,4.667032
KADIK10k,0.267500,4.566076,2.385527,37.7812,7.741979
KADIK10k,0.192500,10.460944,8.606750,-5.6641,14.093757
KADIK10k,0.100000,15.322985,13.762763,-37.1196,24.379379
KADIK10k,0.067500,19.636439,18.577589,-53.6530,30.284603
KADIK10k,0.925000,0.000000,-17.389717,100.0000,0.000000
KADIK10k,0.642500,1.479401,-8.605286,71.3474,4.372412
KADIK10k,0.367500,3.762363,0.876525,45.0231,7.011804
KADIK10k,0.275000,5.391557,3.818670,31.4180,11.347491
KADIK10k,0.117500,9.434818,7.864088,-1.9571,15.785124
KADIK10k,0.867500,0.650391,-14.320248,81.5149,2.596044
KADIK10k,0.457500,10.379856,7.492303,-6.7568,38.871101
KADIK10k,0.250000,20.415157,16.277527,-49.7491,58.593719
KADIK10k,0.182500,26.191097,20.158403,-61.2197,95.130402
KADIK10k,0.150000,32.807345,23.851133,-64.2171,135.690552
KADIK10k,0.875000,3.186622,0.049775,53.7660,11.332198
KADIK10k,0.192500,8.452517,7.086722,8.6370,29.188076
KADIK10k,0.242500,11.850921,11.251834,-16.2550,40.545898
KADIK10k,0.257500,13.742498,13.142077,-26.1946,42.832073
KADIK10k,0.150000,16.254349,16.028927,-37.7297,50.334480
KADIK10k,0.792500,4.848845,0.787836,39.0255,14.582587
KADIK10k,0.757500,5.421290,1.351159,34.0599,14.821319
KADIK10k,0.757500,7.519039,2.981408,16.5823,18.061075
KADIK10k,0.500000,11.020595,6.030492,-9.8472,18.460510
KADIK10k,0.225000,19.995395,12.551954,-53.0777,26.380426
KADIK10k,0.550000,7.396027,0.876189,-3.0419,58.457542
KADIK10k,0.382500,12.184058,3.837143,-33.5910,82.771591
KADIK10k,0.375000,15.031899,5.556558,-45.3397,95.336952
KADIK10k,0.400000,18.095397,7.416000,-54.0272,107.729340
KADIK10k,0.257500,27.151375,16.880949,-64.0112,120.984901
KADIK10k,0.882500,0.000000,-17.389717,100.0000,0.000000
KADIK10k,0.607500,5.879997,3.702101,21.8211,31.445299
KADIK10k,0.475000,10.958779,8.637620,-10.8052,38.925911
KADIK10k,0.250000,23.496481,20.425261,-56.8084,59.520966
KADIK10k,0.117500,36.478511,30.157576,-64.2661,119.040237
KADIK10k,0.907500,1.301274,-9.516439,74.4425,2.912704
KADIK10k,0.817500,3.176189,0.134978,50.4098,4.601179
KADIK10k,0.775000,4.233406,1.493633,39.2875,6.735682
KADIK10k,0.317500,8.684286,6.824877,2.3872,9.524300
KADIK10k,0.100000,16.968543,15.676062,-41.2466,16.855684
KADIK10k,0.857500,2.740337,-2.107575,55.5009,3.833396
KADIK10k,0.792500,3.128420,-0.833054,51.4979,5.457324
KADIK10k,0.757500,4.589667,1.989766,35.4744,7.092612
KADIK10k,0.157500,16.294344,14.695710,-41.5607,13.832526
KADIK10k,0.040000,26.657558,25.007103,-62.3741,20.858894
KADIK10k,0.742500,3.333999,-1.067215,52.3343,5.715030
KADIK10k,0.475000,5.598764,1.361148,33.0089,7.676346
KADIK10k,0.450000,7.407529,3.045851,20.4090,8.656483
KADIK10k,0.367500,10.476864,5.389425,2.1253,10.757499
KADIK10k,0.282500,16.179413,9.615263,-25.7975,16.116631
KADIK10k,0.882500,1.287418,-8.737496,75.5136,3.222272
KADIK10k,0.550000,4.238509,-0.093708,44.0907,6.223353
KADIK10k,0.500000,7.004975,2.576376,23.3539,8.315716
KADIK10k,0.392500,11.244542,5.955831,-1.8770,11.180379
KADIK10k,0.282500,14.360967,8.198187,-16.2183,14.001333
KADIK10k,0.642500,2.627431,-2.812706,26.3488,17.968218
KADIK10k,0.417500,5.919987,3.188080,-22.5458,22.189253
KADIK10k,0.317500,9.157097,5.890076,-44.3848,23.679760
KADIK10k,0.350000,13.779325,10.045613,-59.5159,30.016685
KADIK10k,0.232500,17.317367,12.997608,-63.3756,33.529964
KADIK10k,0.892500,0.970075,-10.946932,78.1339,3.948677
KADIK10k,0.700000,3.076937,-1.630087,52.3903,8.163916
KADIK10k,0.450000,5.168724,0.671108,34.7581,10.973464
KADIK10k,0.407500,8.175348,3.582478,14.2280,13.905500
KADIK10k,0.307500,14.279632,8.167296,-16.5451,19.754280
KADIK10k,0.532500,6.796137,4.043778,17.0852,7.402740
KADIK10k,0.307500,11.695212,9.092131,-16.0380,12.452636
KADIK10k,0.182500,15.687689,12.834690,-35.3257,17.037514
KADIK10k,0.092500,24.197536,20.733438,-57.9148,25.184761
KADIK10k,0.107500,30.918003,27.037037,-63.7188,27.142277
KADIK10k,0.857500,1.530912,-9.206105,70.9553,11.895145
KADIK10k,0.767500,3.523274,-1.277788,41.0394,23.048822
KADIK10k,0.675000,8.772138,-0.677417,-11.8361,45.412659
KADIK10k,0.550000,20.234645,-0.555505,-58.2232,78.152054
KADIK10k,0.400000,37.439806,-3.217962,-65.5019,122.472527
KADIK10k,0.925000,0.623465,-13.828430,85.6882,5.598186
KADIK10k,0.917500,1.513330,-8.767638,68.7754,11.940392
KADIK10k,0.900000,3.807926,-1.365742,31.2934,23.046347
KADIK10k,0.582500,11.924947,2.917444,-40.8660,45.588039
KADIK10k,0.092500,43.802094,16.217985,-96.9334,79.507698
KADIK10k,0.807500,4.314327,0.308817,41.7411,24.726667
KADIK10k,0.900000,1.835388,-8.197958,72.1447,12.735677
KADIK10k,0.920000,0.000000,-17.389717,100.0000,0.000000
KADIK10k,0.817500,2.608044,-3.386869,38.2759,12.738926
KADIK10k,0.617500,7.282656,1.114683,-21.6554,24.623344
KADIK10k,0.825000,1.262864,-10.137525,74.8637,5.330967
KADIK10k,0.807500,1.633843,-7.846084,72.8703,4.424491
KADIK10k,0.532500,4.060170,0.546095,41.8586,8.626156
KADIK10k,0.217500,7.961984,6.046894,10.8707,13.245268
KADIK10k,0.100000,13.948384,11.990445,-27.0836,20.856838
KADIK10k,0.867500,4.479772,1.878625,26.4165,38.759129
KADIK10k,0.917500,6.292745,5.117060,4.1151,45.103493
KADIK10k,0.792500,7.461178,6.248907,-7.6121,81.592476
KADIK10k,0.792500,7.845271,5.448285,-7.0648,58.526512
KADIK10k,0.757500,10.195060,8.754560,-23.6933,63.463455
KADIK10k,0.875000,7.006756,4.033660,16.8737,16.917877
KADIK10k,0.725000,6.936498,3.608731,15.5534,18.030361
KADIK10k,0.617500,6.818281,3.478420,13.7335,18.094505
KADIK10k,0.482500,8.504417,5.435120,2.4987,18.885433
KADIK10k,0.117500,16.635999,12.736176,-42.0225,32.916451
KADIK10k,0.775000,2.287240,-3.165215,59.2622,7.928545
KADIK10k,0.632500,3.710887,0.043257,40.8415,11.321553
KADIK10k,0.525000,6.330109,2.911255,19.7044,18.696953
KADIK10k,0.375000,10.810243,7.481417,-9.1953,19.334139
KADIK10k,0.317500,20.325146,15.956694,-50.2585,22.235533
KADIK10k,0.232500,13.768425,11.702558,-31.3132,44.239742
KADIK10k,0.157500,19.541380,16.425030,-56.4533,92.842735
KADIK10k,0.375000,23.546892,19.040239,-59.4959,119.858513
KADIK10k,0.267500,29.117554,25.219082,-64.0473,99.422890
KADIK10k,0.150000,29.132095,24.784122,-63.8540,123.505898
KADIK10k,0.575000,7.724343,3.947889,1.5599,16.536499
KADIK10k,0.375000,16.105082,12.350496,-48.0548,28.778135
KADIK10k,0.207500,22.864636,18.785789,-61.9652,37.958759
KADIK10k,0.150000,36.847080,31.985075,-65.4874,51.549530
KADIK10k,0.032500,52.269839,45.856342,-111.5951,69.895264
KADIK10k,0.575000,15.512585,7.513848,-40.9208,24.208818
KADIK10k,0.642500,9.799987,3.481866,-8.0763,17.188337
KADIK10k,0.825000,4.913043,0.518814,36.3918,10.064816
KADIK10k,0.682500,4.612330,0.561870,36.2011,10.567497
KADIK10k,0.457500,12.891675,8.448808,-29.0105,21.417330
KADIK10k,0.882500,0.000000,-18.110975,100.0000,0.000000
KADIK10k,0.717500,1.147268,-10.248822,76.5453,3.230623
KADIK10k,0.350000,5.022058,2.506032,34.6170,7.976737
KADIK10k,0.167500,12.914979,10.741014,-16.3556,14.390356
KADIK10k,0.042500,33.888641,30.052391,-64.2274,36.457611
KADIK10k,0.532500,2.450431,-3.487940,58.4139,5.662221
KADIK10k,0.250000,6.483638,4.210674,23.8473,9.087967
KADIK10k,0.057500,16.419985,13.933944,-31.7109,19.373173
KADIK10k,0.092500,25.786839,22.685835,-59.7974,31.718010
KADIK10k,0.050000,34.434130,30.567968,-64.2291,39.595592
KADIK10k,0.882500,0.000000,-18.110975,100.0000,0.000000
KADIK10k,0.675000,2.090838,-5.019981,62.9512,5.291728
KADIK10k,0.265000,5.183517,2.618961,32.6215,9.393538
KADIK10k,0.150000,8.676367,6.460656,10.3232,15.460499
KADIK10k,0.092500,17.629311,15.768394,-40.5905,26.678423
KADIK10k,0.875000,0.792673,-14.881558,77.3595,1.005335
KADIK10k,0.407500,7.201582,5.032287,13.4550,16.981354
KADIK10k,0.182500,12.037866,11.314117,-20.9177,26.202642
KADIK10k,0.132500,14.184930,14.024759,-30.6459,27.839256
KADIK10k,0.075000,17.216406,17.709307,-43.1277,31.838068
KADIK10k,0.500000,8.706101,5.527733,18.6572,19.618855
KADIK10k,0.292500,15.309148,12.326627,-18.1950,31.774506
KADIK10k,0.100000,26.929086,24.494343,-57.2007,44.918598
KADIK10k,0.042500,29.276909,27.623114,-60.7134,45.354153
KADIK10k,0.050000,33.842439,32.903004,-63.7361,47.163113
KADIK10k,0.862500,3.246533,-2.233302,59.8908,6.246115
KADIK10k,0.765000,4.154150,-1.483425,54.4625,9.011956
KADIK10k,0.750000,4.500319,-0.789299,49.1350,9.292132
KADIK10k,0.567500,7.003940,1.952198,30.9442,13.683942
KADIK10k,0.340000,11.538588,6.053165,-9.3304,16.980944
KADIK10k,0.350000,3.387275,-5.902403,32.7601,9.946321
KADIK10k,0.217500,5.800548,-0.771299,7.8795,13.437357
KADIK10k,0.417500,7.259322,0.806250,-3.9346,15.168921
KADIK10k,0.342500,8.831690,1.934948,-14.7666,16.886799
KADIK10k,0.232500,16.348198,9.556058,-47.5887,22.638401
KADIK10k,0.867500,0.000000,-18.110975,100.0000,0.000000
KADIK10k,0.625000,4.207122,0.418910,32.5114,10.513413
KADIK10k,0.532500,7.333646,5.014663,6.8704,16.747885
KADIK10k,0.387500,11.395773,9.712845,-15.1339,21.758156
KADIK10k,0.150000,13.640594,12.046639,-23.4009,25.278246
KADIK10k,0.782500,3.238036,-1.838993,55.9599,4.718360
KADIK10k,0.517500,6.728935,3.493014,28.1384,8.426419
KADIK10k,0.400000,8.340262,5.289962,16.9265,9.090464
KADIK10k,0.107500,15.906627,12.648726,-25.2129,15.940431
KADIK10k,0.025000,30.313917,25.258043,-62.1355,32.459091
KADIK10k,0.875000,2.440695,-3.763985,62.0862,3.960903
KADIK10k,0.825000,2.770383,-2.809543,59.2592,4.318345
KADIK10k,0.750000,3.906845,-1.258229,49.5787,5.303748
KADIK10k,0.415000,11.849221,8.302589,-5.3500,10.521398
KADIK10k,0.232500,20.142131,16.699780,-40.9554,15.171881
KADIK10k,0.870000,1.594826,-5.423278,74.9189,3.110329
KADIK10k,0.750000,2.433409,-1.767627,65.2843,4.514912
KADIK10k,0.707500,3.105440,-0.482091,58.3422,4.929554
KADIK10k,0.517500,4.280151,0.856916,48.0799,6.116109
KADIK10k,0.382500,6.600871,2.780689,30.8678,9.477227
KADIK10k,0.907500,0.726007,-12.178806,86.2115,1.627454
KADIK10k,0.850000,1.864613,-3.851704,71.1657,3.674351
KADIK10k,0.732500,2.916926,-0.703953,60.3156,5.168011
KADIK10k,0.582500,4.478883,1.005619,45.7513,6.789606
KADIK10k,0.492500,5.877488,2.300351,35.2458,7.935758
KADIK10k,0.825000,1.482417,-7.981294,63.8123,9.604383
KADIK10k,0.707500,2.736161,-1.430315,44.7360,13.296556
KADIK10k,0.507500,3.563600,1.406024,34.6264,14.616791
KADIK10k,0.432500,5.197868,3.084256,14.9298,24.515739
KADIK10k,0.292500,6.813819,4.800736,-1.1262,20.530691
KADIK10k,0.850000,0.783930,-11.705158,82.7996,2.582525
KADIK10k,0.867500,2.054339,-2.547859,65.1162,5.237038
KADIK10k,0.625000,3.243718,0.249316,53.6469,6.500549
KADIK10k,0.547500,4.861886,1.638974,39.8616,8.435743
KADIK10k,0.367500,8.397871,4.737071,16.1685,11.359769
KADIK10k,0.592500,6.478401,3.998354,31.3761,7.579999
KADIK10k,0.392500,10.662301,8.026657,2.8338,10.054275
KADIK10k,0.300000,13.752204,11.284809,-14.0746,13.149366
KADIK10k,0.217500,19.073769,16.764189,-37.4352,15.933942
KADIK10k,0.175000,23.293262,21.216759,-50.4719,19.645910
KADIK10k,0.825000,1.667460,-8.662057,74.8974,8.185133
KADIK10k,0.800000,3.740393,-1.867515,49.0517,16.011497
KADIK10k,0.575000,9.149510,-0.009956,-1.6808,31.003628
KADIK10k,0.275000,21.582679,3.046681,-55.6330,52.690094
KADIK10k,0.142500,39.564641,7.108083,-66.0101,75.071213
KADIK10k,0.900000,0.790461,-13.536391,86.8232,3.932528
KADIK10k,0.900000,1.781100,-7.934304,73.3637,8.317170
KADIK10k,0.832500,4.090685,-0.845512,45.4275,16.389942
KADIK10k,0.725000,10.658515,0.936656,-12.2786,32.913151
KADIK10k,0.375000,31.322874,7.627530,-64.1253,60.650658
KADIK10k,0.857500,6.517878,-0.019131,36.4491,16.729338
KADIK10k,0.875000,3.161157,-4.119831,67.4677,9.019790
KADIK10k,0.852500,0.000000,-18.110975,100.0000,0.000000
KADIK10k,0.807500,4.092508,-1.408276,62.7093,8.769366
KADIK10k,0.717500,8.878133,0.909729,25.4057,16.911146
KADIK10k,0.775000,3.048341,-2.462137,62.1672,7.406883
KADIK10k,0.782500,4.513575,1.038743,47.1321,6.543654
KADIK10k,0.475000,9.210700,7.633792,5.5130,14.253389
KADIK10k,0.117500,16.930366,14.756840,-33.3782,20.189854
KADIK10k,0.050000,24.410622,21.367952,-56.2641,31.650530
KADIK10k,0.842500,6.697599,3.439781,9.0003,65.611694
KADIK10k,0.750000,8.970984,6.662653,-10.6436,82.240059
KADIK10k,0.792500,10.858645,7.985586,-22.1990,73.888069
KADIK10k,0.592500,12.893457,10.177090,-35.9484,77.961380
KADIK10k,0.482500,14.341380,10.449490,-41.2206,71.385452
KADIK10k,0.550000,11.115762,6.104012,1.5324,23.446697
KADIK10k,0.292500,12.940715,7.665506,-8.3419,29.430754
KADIK10k,0.325000,11.844040,6.542669,-2.4671,32.249130
KADIK10k,0.292500,13.514253,7.899184,-10.1595,28.365606
KADIK10k,0.042500,27.420066,18.586405,-58.3906,61.880753
KADIK10k,0.882500,0.916595,-11.651506,81.8067,4.848188
KADIK10k,0.875000,1.268580,-9.281239,77.7570,6.351092
KADIK10k,0.817500,1.831630,-6.051059,72.4053,7.880029
KADIK10k,0.857500,2.791989,-2.006114,64.2271,9.465806
KADIK10k,0.775000,5.949344,0.317536,48.3711,14.076504
KADIK10k,0.315000,11.312313,11.583961,-23.7724,72.026787
KADIK10k,0.292500,18.334641,16.244877,-54.2956,69.474220
KADIK10k,0.392500,19.825758,17.481712,-60.7217,69.836288
KADIK10k,0.317500,18.188237,14.531736,-54.9986,85.584686
KADIK10k,0.282500,24.142545,21.016764,-62.1262,103.155235
KADIK10k,0.507500,12.124283,3.834916,-3.5488,16.575119
KADIK10k,0.225000,21.364023,9.317228,-43.2296,27.584253
KADIK10k,0.257500,27.596678,13.175712,-56.8842,35.657696
KADIK10k,0.075000,37.630809,19.448597,-64.1042,46.929657
KADIK10k,0.057500,45.522876,24.482897,-64.7225,58.584976
KADIK10k,0.517500,22.374459,10.903426,-23.7064,20.606359
KADIK10k,0.717500,14.941931,6.184083,4.9143,14.632366
KADIK10k,0.837500,7.925194,1.573584,42.2428,8.286008
KADIK10k,0.832500,5.451832,2.458893,33.8092,7.143246
KADIK10k,0.517500,14.937693,12.564580,-34.5776,14.581997
TID2013,0.612699,1.363129,-6.251992,73.8304,3.265363
TID2013,0.618619,2.213183,-1.783931,63.0180,4.380494
TID2013,0.549382,3.649080,0.763160,47.8655,6.283382
TID2013,0.486487,5.836579,3.873150,28.5103,7.958548
TID2013,0.429429,9.364938,8.220324,4.3669,10.759352
TID2013,0.669841,0.777327,-9.467987,83.1861,2.336830
TID2013,0.678679,1.222728,-5.593092,76.5730,3.393629
TID2013,0.598766,2.016733,-1.968588,66.2415,4.483410
TID2013,0.523810,3.204235,0.561759,53.5679,5.970558
TID2013,0.484568,5.222916,3.813592,36.0466,8.360745
TID2013,0.530159,3.330869,-0.363347,49.9844,5.972013
TID2013,0.474474,5.466630,2.399662,26.4010,8.499222
TID2013,0.411411,8.675760,6.114762,0.4877,11.985540
TID2013,0.354938,14.081800,12.136121,-30.9030,15.921842
TID2013,0.301588,21.732894,20.806896,-54.8134,27.514950
TID2013,0.663492,0.754423,-8.953048,84.3763,2.775212
TID2013,0.639640,1.164338,-4.855234,78.4813,3.869868
TID2013,0.585586,1.839459,-0.478605,69.8143,6.470110
TID2013,0.582582,2.829106,1.258832,58.0245,9.736470
TID2013,0.523810,4.673858,4.345215,36.4226,14.654013
TID2013,0.657658,0.856702,-8.338325,79.6508,3.218950
TID2013,0.633633,1.354795,-3.872849,71.8972,4.280822
TID2013,0.564814,2.963273,0.615468,53.6689,6.928695
TID2013,0.459877,6.621108,6.143171,24.6824,11.563253
TID2013,0.348766,14.707242,18.276459,-23.0337,21.274321
TID2013,0.444444,2.589064,-1.626308,38.6120,16.877851
TID2013,0.432432,3.738730,1.928603,24.8781,17.513548
TID2013,0.414414,5.061183,3.926250,11.0875,19.084044
TID2013,0.387301,7.790538,7.390652,-11.5316,21.763515
TID2013,0.327160,11.695647,12.706422,-34.1808,26.453409
TID2013,0.564814,2.199524,-2.937514,62.9919,5.560222
TID2013,0.527778,3.786140,0.570238,47.0292,10.628257
TID2013,0.444444,7.280876,3.844895,21.6118,12.211035
TID2013,0.358024,10.695954,7.228909,-8.1605,12.296122
TID2013,0.243827,21.449881,18.417444,-49.8186,21.961224
TID2013,0.576577,1.290889,-8.942515,77.9053,4.414849
TID2013,0.496913,2.961073,-0.841463,59.7405,7.701605
TID2013,0.387388,7.051462,4.648144,31.1381,13.069441
TID2013,0.333333,15.119596,12.028532,-9.4881,21.201633
TID2013,0.234568,27.527137,25.118574,-54.6361,31.200058
TID2013,0.675926,1.822399,-4.271221,67.6635,2.789876
TID2013,0.574074,3.078241,-0.201095,53.0177,4.457809
TID2013,0.492063,6.466030,3.807853,21.1826,6.934979
TID2013,0.312312,13.874345,12.016046,-24.1002,11.505437
TID2013,0.171171,30.395529,29.937460,-62.6128,19.958176
TID2013,0.663663,0.999408,-9.986453,77.3171,2.309902
TID2013,0.660661,1.824058,-5.770985,66.0398,3.426705
TID2013,0.546297,4.424305,1.121080,36.7116,4.687671
TID2013,0.357358,12.323205,9.880355,-23.4117,9.091661
TID2013,0.231231,25.485706,22.572430,-63.1705,17.190420
TID2013,0.657143,1.216425,-9.224580,75.0411,2.446119
TID2013,0.630631,2.165741,-4.442076,62.4097,3.268923
TID2013,0.521604,4.039494,0.660284,43.5735,5.920805
TID2013,0.408409,11.209328,8.383451,-11.7191,12.696813
TID2013,0.162162,33.485638,31.753300,-64.1381,24.509619
TID2013,0.660661,2.800952,-2.204772,52.7127,9.784822
TID2013,0.651651,3.138219,-1.352563,50.0511,8.978261
TID2013,0.468469,5.370141,3.358265,31.7744,19.091595
TID2013,0.425926,7.502664,4.231487,23.5198,17.641367
TID2013,0.381381,10.968545,6.403236,7.3787,16.398481
TID2013,0.606607,1.693958,-6.081710,62.2509,6.583802
TID2013,0.434921,5.098242,2.965745,25.7278,17.738270
TID2013,0.364198,10.195703,7.453935,-15.7660,25.462482
TID2013,0.351852,13.314962,11.337360,-29.3111,20.465906
TID2013,0.345346,11.123764,7.630621,-31.1313,23.908972
TID2013,0.632716,3.365821,0.635675,33.6072,16.732006
TID2013,0.672672,4.958310,3.240040,23.1902,23.482370
TID2013,0.639640,9.647933,8.913572,-11.9943,32.107185
TID2013,0.617284,12.647707,11.688144,-38.5693,35.116131
TID2013,0.496732,18.535349,16.931244,-55.0949,47.439186
TID2013,0.314814,11.677850,12.476292,-38.4498,50.174721
TID2013,0.314286,12.807451,12.087868,-39.9013,66.501335
TID2013,0.345346,13.588717,11.775122,-42.1039,79.463181
TID2013,0.398148,13.577524,11.350240,-42.3276,93.410904
TID2013,0.432432,14.098966,9.088380,-33.3131,107.673164
TID2013,0.645062,0.182538,-16.061741,88.4927,4.606885
TID2013,0.672672,0.278959,-15.762918,80.5763,7.931644
TID2013,0.543210,0.990380,-11.967566,55.3945,15.123778
TID2013,0.558642,1.385669,-11.632282,39.4483,25.195955
TID2013,0.466049,3.562671,-4.507952,0.8865,29.069317
TID2013,0.594594,1.943839,-7.273726,73.4948,4.829236
TID2013,0.735736,5.205049,1.571592,48.7983,9.488400
TID2013,0.453453,6.575175,4.163350,21.4013,12.319787
TID2013,0.693693,13.417128,8.205299,-6.7704,20.589504
TID2013,0.330159,20.887130,19.060101,-54.1356,25.250494
TID2013,0.513513,0.995829,-13.643370,78.5061,9.000207
TID2013,0.469136,1.618671,-11.454095,71.1029,12.557191
TID2013,0.419048,2.675770,-8.979710,61.6176,17.058531
TID2013,0.385802,4.294125,-5.792883,51.0005,22.590168
TID2013,0.379630,6.324366,-0.649857,38.6286,29.507364
TID2013,0.660493,1.401954,-5.695127,71.8908,3.026036
TID2013,0.608024,2.248883,-1.397259,60.2769,4.313546
TID2013,0.564564,3.560736,0.883380,44.8678,5.312488
TID2013,0.503087,5.788158,3.753132,24.4016,7.203918
TID2013,0.438271,9.137815,7.819286,-0.8673,10.428282
TID2013,0.650793,0.805050,-10.731641,79.1906,2.456296
TID2013,0.648148,1.307545,-7.554895,70.4034,3.229446
TID2013,0.669753,2.352317,-2.524564,56.9415,4.582915
TID2013,0.564814,5.284154,2.081094,30.6605,5.609602
TID2013,0.481481,13.450090,9.883920,-20.1720,11.766004
TID2013,0.633633,1.789734,-5.898480,67.3613,3.867230
TID2013,0.586420,3.023992,-1.174770,51.3231,4.206737
TID2013,0.519520,5.240979,1.450033,28.2653,6.931188
TID2013,0.450793,9.389053,5.384439,-5.8296,11.177779
TID2013,0.339339,16.840619,12.876844,-43.6052,17.786507
TID2013,0.617284,1.874402,-4.990028,66.1415,5.170925
TID2013,0.576577,3.184187,-0.036199,52.2313,8.550723
TID2013,0.478396,6.175961,4.133474,26.6711,18.777815
TID2013,0.351351,10.054469,7.220853,6.9013,18.771824
TID2013,0.243827,19.989825,17.442099,-48.7992,29.476561
TID2013,0.698412,1.047003,-8.143596,78.7684,1.923657
TID2013,0.623457,2.265270,-0.759246,64.1005,3.877400
TID2013,0.641976,3.676159,1.747230,50.6810,6.654351
TID2013,0.533951,6.400063,5.421409,30.3253,10.702618
TID2013,0.267268,23.265980,21.807358,-47.0163,29.025103
TID2013,0.633633,1.514024,-7.601909,71.0767,2.246797
TID2013,0.620370,2.757470,-2.229570,55.7492,3.537011
TID2013,0.567568,5.565634,2.386915,28.0450,6.162319
TID2013,0.342342,13.213330,10.795378,-25.5447,12.114738
TID2013,0.051051,32.980206,31.784880,-64.2171,29.993196
TID2013,0.638096,1.613044,-5.673518,70.0543,3.263738
TID2013,0.593651,2.724274,-0.915165,56.7636,4.263913
TID2013,0.580247,4.688685,1.452142,38.2864,5.929250
TID2013,0.466049,7.915118,5.033770,15.2090,7.937112
TID2013,0.441441,13.017806,10.540121,-12.3437,11.174441
TID2013,0.672840,0.974821,-8.358034,79.5316,2.491262
TID2013,0.672672,1.633486,-3.967140,70.5675,3.481935
TID2013,0.654321,2.792720,-0.288398,56.8603,4.896562
TID2013,0.588589,4.727280,2.162488,39.0599,5.972826
TID2013,0.487654,8.023921,6.928270,15.2862,9.174105
TID2013,0.533333,3.958195,0.552305,38.2527,5.987849
TID2013,0.492492,6.701394,3.523712,13.0743,9.641560
TID2013,0.426427,11.323106,8.526696,-18.7895,12.547657
TID2013,0.391976,18.396390,16.735546,-47.6033,16.009684
TID2013,0.324324,28.170204,28.617737,-62.6812,23.684902
TID2013,0.698412,0.997511,-7.848680,79.8504,4.669295
TID2013,0.684684,1.608004,-3.418667,71.5102,6.952047
TID2013,0.577160,2.691795,0.955488,58.6553,9.920163
TID2013,0.526984,4.678190,3.597695,36.1282,15.557989
TID2013,0.476190,8.557846,8.508006,-2.0755,26.913805
TID2013,0.679739,0.965965,-7.902832,78.1903,2.970309
TID2013,0.679012,1.609930,-3.146937,69.1862,3.961872
TID2013,0.603603,3.850416,1.353209,47.0686,6.498305
TID2013,0.486487,9.272010,8.430531,11.1646,10.984689
TID2013,0.379630,21.244450,25.560038,-42.5175,20.812185
TID2013,0.506173,3.407644,1.122162,27.3867,11.808832
TID2013,0.475309,4.908900,3.399075,3.4885,16.514917
TID2013,0.414414,7.761154,6.929477,-23.5151,20.341152
TID2013,0.387301,12.533485,13.181563,-47.6901,24.108791
TID2013,0.345346,18.748442,21.971476,-62.3870,33.716179
TID2013,0.657143,2.553263,-2.081304,57.2680,4.456132
TID2013,0.620370,4.442176,1.121201,34.9438,7.094694
TID2013,0.418301,7.860830,5.225183,4.5788,8.987580
TID2013,0.417418,11.757209,10.573803,-20.7470,12.703285
TID2013,0.317460,19.692978,18.412270,-46.0699,20.545776
TID2013,0.678679,1.067983,-10.363214,83.9937,4.581415
TID2013,0.574074,2.452508,-2.763023,70.7727,8.040453
TID2013,0.504762,5.690597,3.574706,48.7146,13.314998
TID2013,0.426427,11.691543,9.822047,14.4455,20.200544
TID2013,0.336337,21.144136,20.899054,-32.0838,28.453638
TID2013,0.666667,2.297227,-3.895870,61.5260,3.195674
TID2013,0.612699,3.522135,-0.090868,47.2573,4.424133
TID2013,0.503087,6.223490,3.987273,21.8199,6.469809
TID2013,0.405406,11.208730,10.021612,-11.8609,10.924664
TID2013,0.268519,22.981608,22.940794,-55.2485,18.001053
TID2013,0.666667,1.341683,-8.445457,73.9155,2.689599
TID2013,0.663580,2.312186,-3.390560,61.2635,3.389189
TID2013,0.603603,5.461928,2.920799,27.2979,5.570050
TID2013,0.388889,14.129500,12.813107,-33.7124,13.276373
TID2013,0.301588,22.990797,22.097115,-57.4196,18.270172
TID2013,0.657408,2.816500,-2.053817,55.5371,4.118851
TID2013,0.533951,6.263613,3.861453,21.6909,6.769217
TID2013,0.330330,15.851013,14.741947,-36.4981,16.135662
TID2013,0.213213,32.877659,34.111809,-64.2031,40.286716
TID2013,0.141976,47.084588,47.503590,-72.5356,59.786533
TID2013,0.589507,5.024847,2.338380,34.1659,13.309914
TID2013,0.492492,4.736653,2.397256,44.4622,10.888585
TID2013,0.342342,12.164662,13.485505,-36.1428,60.470470
TID2013,0.297298,17.124929,16.435659,-46.1291,64.952141
TID2013,0.263492,35.657333,33.219261,-69.9674,123.518616
TID2013,0.496913,4.584757,0.925583,32.9024,8.156108
TID2013,0.444444,7.253096,5.268701,4.2216,13.335647
TID2013,0.376543,15.641174,13.002723,-42.5437,37.244572
TID2013,0.321321,24.370602,21.826664,-59.3758,27.946712
TID2013,0.401234,20.633222,22.041693,-58.6538,44.988400
TID2013,0.638889,4.574461,2.321759,25.8027,22.578257
TID2013,0.675676,3.601309,0.538687,39.8486,24.170389
TID2013,0.568254,6.663844,5.238631,8.0282,26.803370
TID2013,0.590477,8.873532,7.745014,-11.7199,41.166092
TID2013,0.468469,13.227824,12.413589,-37.7022,43.998981
TID2013,0.377778,13.834889,14.673265,-40.6100,68.256485
TID2013,0.402402,16.911579,17.921118,-49.5561,69.043213
TID2013,0.425926,17.105793,18.428724,-52.9887,79.452736
TID2013,0.426427,14.604866,14.572900,-43.6951,95.155380
TID2013,0.466667,18.160337,15.675584,-50.7212,103.742432
TID2013,0.660661,0.226424,-15.849848,88.4654,4.772616
TID2013,0.675926,0.500651,-14.300651,78.6813,8.116662
TID2013,0.591591,1.076036,-11.003012,54.9467,15.515099
TID2013,0.570988,2.484494,-6.284778,31.0115,24.677254
TID2013,0.507508,3.317356,-2.684779,2.1878,29.634264
TID2013,0.657408,1.781030,-8.683414,76.6120,7.721479
TID2013,0.631746,4.132859,0.665053,47.4980,13.199162
TID2013,0.537538,5.874831,2.769388,29.4001,20.074400
TID2013,0.530159,11.019999,5.954868,-6.7030,26.527735
TID2013,0.435186,17.732562,14.831363,-44.6900,42.725643
TID2013,0.663580,0.663933,-13.209670,86.1540,6.395736
TID2013,0.621621,0.947646,-11.145124,81.2334,8.532342
TID2013,0.536508,1.476471,-7.287518,72.8724,12.808420
TID2013,0.546547,2.310603,-3.459998,61.3224,18.077702
TID2013,0.504762,3.580002,-2.708528,47.3022,24.862555
TID2013,0.641976,2.471544,-1.411592,59.2582,4.814049
TID2013,0.603603,4.214424,0.970890,41.7603,6.444654
TID2013,0.537037,6.963121,3.401057,19.3090,8.893869
TID2013,0.469136,11.268131,7.242640,-5.8850,12.002535
TID2013,0.417418,17.640221,12.781099,-34.1658,14.476316
TID2013,0.672672,1.471031,-7.165226,70.1938,3.446456
TID2013,0.685714,3.369093,-0.511188,50.5869,4.940494
TID2013,0.589507,8.771578,5.521642,9.2454,7.981297
TID2013,0.444444,21.776135,19.707178,-48.8851,17.487125
TID2013,0.311729,46.338659,46.969227,-67.8874,35.345753
TID2013,0.663663,2.841667,-1.395290,54.0219,4.159589
TID2013,0.588589,5.116545,1.536590,30.5012,5.914004
TID2013,0.511111,9.343811,5.928448,-2.7003,9.934568
TID2013,0.364198,16.778385,13.931174,-38.0703,13.718218
TID2013,0.262346,27.390553,25.977119,-61.6371,22.027060
TID2013,0.612612,1.952222,-4.029982,64.0103,8.076749
TID2013,0.582582,4.050746,1.275232,36.8225,12.956178
TID2013,0.498412,6.279322,3.337877,15.0699,14.366388
TID2013,0.422840,12.724091,10.470239,-24.2968,24.516361
TID2013,0.246913,41.897579,39.995708,-64.7936,36.266098
TID2013,0.753087,2.717712,-0.605056,57.9218,6.327173
TID2013,0.615616,7.714257,6.537434,10.6848,14.872785
TID2013,0.382716,19.907840,20.873051,-48.4115,31.692392
TID2013,0.240240,37.096020,39.373577,-64.3176,48.676933
TID2013,0.090090,49.315827,50.060303,-79.3893,51.140125
TID2013,0.675676,3.006135,-1.377567,54.2764,3.985953
TID2013,0.546297,6.436076,4.129323,21.9991,7.092221
TID2013,0.333333,14.296402,13.748872,-30.9481,22.689407
TID2013,0.234568,30.548175,32.004280,-64.1042,36.216702
TID2013,0.099099,52.794320,51.471260,-92.4944,57.209072
TID2013,0.641026,2.223695,-3.782876,63.6823,4.428993
TID2013,0.567251,3.714649,-0.265116,48.6828,5.409654
TID2013,0.520468,6.337369,2.222326,28.5265,7.662657
TID2013,0.472222,10.483946,5.743542,2.4402,10.041116
TID2013,0.436111,16.219481,10.291739,-24.1663,14.252131
TID2013,0.687134,0.983677,-8.458973,80.3684,2.741266
TID2013,0.698006,1.657801,-4.369371,71.4797,3.383857
TID2013,0.583333,2.740716,-1.353338,59.4214,4.810393
TID2013,0.555556,4.616628,0.755489,42.4191,6.601177
TID2013,0.511111,7.916092,3.895246,19.1359,8.798327
TID2013,0.516667,5.300212,1.504844,28.3433,8.690350
TID2013,0.452991,8.895854,4.973041,-0.0106,11.364954
TID2013,0.427778,14.619421,10.509968,-30.2739,15.190668
TID2013,0.364672,22.379116,18.087097,-54.3555,20.404507
TID2013,0.321638,31.721731,27.537245,-63.7320,28.674887
TID2013,0.709402,1.066196,-7.498225,76.0026,5.203083
TID2013,0.628654,1.646024,-3.378049,67.0002,7.034869
TID2013,0.580556,2.489245,0.347099,54.2918,10.459064
TID2013,0.511111,4.093249,2.359893,32.3257,17.234077
TID2013,0.397222,6.984277,5.238681,-1.6590,27.090166
TID2013,0.722222,1.327346,-5.864483,73.2130,3.792512
TID2013,0.625731,2.212412,-1.994743,62.7196,5.041761
TID2013,0.588889,5.166569,1.510882,38.3298,7.937790
TID2013,0.478632,11.545976,6.566051,0.7198,12.502006
TID2013,0.385964,23.375879,15.515101,-49.5786,22.565510
TID2013,0.535088,3.739945,0.609299,16.4903,20.181108
TID2013,0.504273,5.520878,2.963177,-0.5492,16.584217
TID2013,0.455556,8.480524,5.575387,-25.0127,21.544950
TID2013,0.416667,12.890065,9.311779,-44.8843,26.961147
TID2013,0.388889,19.111456,14.603399,-59.4607,30.104528
TID2013,0.552707,4.689281,1.481264,33.9312,6.736492
TID2013,0.455556,8.660983,5.775185,-2.7355,11.028088
TID2013,0.427350,14.431764,11.522936,-34.6425,16.906223
TID2013,0.425000,17.124628,14.737745,-37.0449,22.107931
TID2013,0.401709,25.379729,20.556259,-55.7089,44.444168
TID2013,0.704679,0.976103,-10.798096,85.7151,4.683420
TID2013,0.622222,2.190227,-3.671332,75.2957,8.717257
TID2013,0.497076,4.819780,3.013892,58.9198,14.645377
TID2013,0.416667,9.346017,8.221029,33.1754,22.082813
TID2013,0.327778,16.446239,16.546127,-8.7558,29.835787
TID2013,0.738889,1.655764,-6.585590,71.0307,3.128291
TID2013,0.695157,2.468406,-2.387632,60.6696,4.188488
TID2013,0.608333,4.460709,2.078654,38.6369,6.211516
TID2013,0.415954,8.721021,7.696986,4.5608,12.408209
TID2013,0.274853,18.607384,19.122211,-45.6861,23.526567
TID2013,0.692982,1.078052,-10.112265,77.8499,3.432372
TID2013,0.629630,1.850756,-5.640824,65.9950,4.046477
TID2013,0.561253,4.345553,1.653954,36.4051,7.129356
TID2013,0.366667,12.537744,11.448619,-24.5132,12.179960
TID2013,0.276353,23.737716,22.549841,-59.1150,25.300360
TID2013,0.596491,2.680708,-3.533791,57.3011,4.312631
TID2013,0.452991,6.262062,4.527129,21.2445,9.720371
TID2013,0.316239,12.929293,12.072657,-26.3315,18.847788
TID2013,0.202279,25.368293,25.700624,-61.6052,38.863533
TID2013,0.077778,44.589736,44.962616,-69.7553,51.368023
TID2013,0.601140,3.588379,-0.077489,49.9919,11.161141
TID2013,0.453217,4.670456,1.325687,44.5479,21.466919
TID2013,0.315790,13.417668,14.946760,-40.7554,53.336750
TID2013,0.344444,15.606664,15.643211,-39.0720,64.331955
TID2013,0.266667,27.803701,23.216135,-61.0480,94.626427
TID2013,0.569801,3.288466,-0.508099,49.2565,9.769053
TID2013,0.404559,10.826885,8.067901,-18.3058,18.202295
TID2013,0.436111,11.446021,8.090900,-8.4805,14.156692
TID2013,0.325000,29.773222,28.757290,-63.8801,38.519798
TID2013,0.269006,48.964544,52.511467,-95.9689,67.311295
TID2013,0.564102,4.733357,2.731986,26.5903,34.207066
TID2013,0.666667,3.079678,-2.149910,48.5158,21.941681
TID2013,0.538889,5.159083,2.735922,29.1606,33.017426
TID2013,0.495727,7.062048,5.449609,11.1287,41.611389
TID2013,0.388889,10.425489,9.959921,-19.1175,54.662838
TID2013,0.413889,13.646364,14.370192,-40.2228,57.283085
TID2013,0.450000,16.308520,15.949404,-42.7181,69.474304
TID2013,0.447222,16.527211,15.520859,-43.1834,76.372299
TID2013,0.475783,18.467751,16.174320,-44.4353,93.263107
TID2013,0.532763,15.399781,13.380420,-51.3683,120.050400
TID2013,0.757834,0.229377,-15.963735,85.9788,5.896874
TID2013,0.725000,0.890036,-11.978610,71.6377,9.907721
TID2013,0.663889,1.135912,-11.597883,41.7351,19.311697
TID2013,0.675000,4.177075,-1.745681,14.6195,29.608721
TID2013,0.558404,4.102594,-3.072486,-25.8297,36.846458
TID2013,0.698006,1.896304,-7.901335,73.4838,9.721347
TID2013,0.750000,4.985964,1.611338,43.2034,15.562377
TID2013,0.577778,6.160325,3.276972,23.2934,25.608324
TID2013,0.730556,12.650365,8.109390,-9.9872,28.285463
TID2013,0.421652,18.668437,15.058230,-51.0046,54.155987
TID2013,0.641026,0.716160,-13.265300,82.7410,10.363901
TID2013,0.635328,1.061988,-11.325820,76.0489,15.032390
TID2013,0.618233,1.625858,-8.228774,66.3946,21.437725
TID2013,0.555556,2.582636,-3.427710,51.7529,30.377523
TID2013,0.517543,4.322951,-0.892556,30.4927,42.901119
TID2013,0.612536,2.463653,-1.937900,60.4248,5.633574
TID2013,0.558404,4.150323,0.499873,44.5848,7.336617
TID2013,0.522222,6.755162,2.930889,25.4461,9.331252
TID2013,0.478632,10.892136,6.270796,0.9542,13.087380
TID2013,0.410257,16.841979,10.694174,-25.4994,17.306919
TID2013,0.649123,2.061036,-4.449079,61.9754,4.218879
TID2013,0.606838,4.256751,1.168345,39.0649,6.396262
TID2013,0.461988,9.553194,7.450411,-1.7948,11.769191
TID2013,0.353277,20.653861,19.783098,-50.4657,24.627678
TID2013,0.313889,38.109329,39.246391,-64.6918,54.130909
TID2013,0.581871,3.056406,-0.895214,52.5122,5.510659
TID2013,0.492878,5.181236,1.362849,31.5820,7.429432
TID2013,0.433049,8.777494,4.668909,5.0226,12.612720
TID2013,0.353277,14.363013,9.746323,-25.4400,16.883438
TID2013,0.233333,23.750182,20.573011,-57.1584,28.070551
TID2013,0.663818,1.758442,-4.691319,65.5178,7.110929
TID2013,0.595441,2.662308,-0.377049,53.6940,11.632380
TID2013,0.581197,4.368969,2.181469,40.0963,15.918693
TID2013,0.484330,12.579813,9.692529,-17.7505,25.931313
TID2013,0.435672,19.149292,16.797228,-42.9679,37.487904
TID2013,0.746439,1.820689,-3.983297,70.9844,7.969959
TID2013,0.649572,4.429842,2.166648,45.4132,16.714647
TID2013,0.433333,12.752778,13.973373,-11.7713,31.364418
TID2013,0.295321,21.562134,24.647631,-52.4912,43.794613
TID2013,0.219444,32.162583,36.260067,-64.2162,50.847565
TID2013,0.638177,2.980154,-1.152495,54.3224,5.474622
TID2013,0.467237,5.899856,3.721956,28.9219,10.103675
TID2013,0.313889,12.364783,12.169065,-22.1811,25.590471
TID2013,0.201754,27.547916,28.659222,-63.2893,45.394199
TID2013,0.046783,46.476186,47.937069,-78.7907,52.262077
TID2013,0.640211,1.761856,-4.570134,67.8514,3.687366
TID2013,0.608466,2.965336,-0.548903,54.2650,4.851213
TID2013,0.547619,5.018743,1.991731,35.7382,6.729068
TID2013,0.474254,8.285266,6.221532,12.6371,8.909236
TID2013,0.444444,13.658553,12.527842,-15.7477,13.084399
TID2013,0.697222,0.923499,-8.396126,80.8206,2.200218
TID2013,0.683761,1.519507,-4.184061,72.6633,3.094466
TID2013,0.631437,2.541424,-0.729051,60.8185,4.280338
TID2013,0.589947,4.229113,2.245061,44.4223,5.810716
TID2013,0.504066,7.224372,6.840505,22.8718,8.405524
TID2013,0.531166,4.264708,0.565326,35.3916,6.960126
TID2013,0.468254,7.075068,3.897989,10.3395,9.454004
TID2013,0.433333,11.828664,9.232323,-21.6796,13.932291
TID2013,0.380556,18.999386,17.297693,-48.7746,18.409460
TID2013,0.335979,28.858450,29.811335,-63.1727,29.181915
TID2013,0.680556,1.614104,-3.954203,78.9447,14.358066
TID2013,0.696477,2.605851,0.664880,71.1895,20.249458
TID2013,0.683333,4.274663,3.403234,60.3031,27.366516
TID2013,0.608466,7.383062,8.037093,40.9234,31.528025
TID2013,0.534391,12.090737,15.036152,8.9005,34.743267
TID2013,0.701058,1.061811,-7.062063,76.4125,3.192519
TID2013,0.655827,1.759451,-2.507158,66.9636,4.209365
TID2013,0.591667,4.128600,2.038967,44.3715,6.755915
TID2013,0.497354,9.650718,9.947480,8.7712,10.963796
TID2013,0.411924,21.336523,27.849289,-43.2901,20.140471
TID2013,0.558201,3.131449,0.062697,28.7551,14.838084
TID2013,0.506776,5.194777,3.224409,-4.5619,19.615856
TID2013,0.473544,7.535349,5.977021,-24.4045,21.413017
TID2013,0.466124,11.657368,10.900583,-48.3109,27.512600
TID2013,0.383333,17.773513,18.820307,-61.6259,30.339567
TID2013,0.521164,3.438303,-0.352128,44.3372,6.747313
TID2013,0.452778,6.806075,4.062208,6.0133,10.620546
TID2013,0.391534,11.408105,9.330013,-17.7510,13.632518
TID2013,0.349207,19.261108,17.810297,-47.3790,20.476187
TID2013,0.328042,28.020451,27.473787,-62.5778,25.907007
TID2013,0.701058,0.858648,-11.341481,87.0534,4.771757
TID2013,0.658537,1.882901,-5.333899,77.0207,8.195592
TID2013,0.597883,4.184144,2.433986,60.1056,13.938787
TID2013,0.486111,8.511356,7.397900,32.2795,21.984364
TID2013,0.407408,15.748047,15.894998,-10.0148,31.247337
TID2013,0.708994,2.179786,-4.663315,63.4614,3.858265
TID2013,0.644987,3.320313,-0.522674,49.5330,4.070446
TID2013,0.560976,5.660584,3.163141,25.4466,6.148088
TID2013,0.420054,10.013524,8.586576,-7.3706,9.920726
TID2013,0.277778,19.479212,20.093088,-48.2379,21.139292
TID2013,0.674603,1.133953,-9.723044,76.1707,2.539977
TID2013,0.663957,2.051888,-4.838448,64.6744,3.674897
TID2013,0.563492,5.058188,2.529656,30.5794,6.341653
TID2013,0.362433,13.087429,11.726641,-29.6733,14.651767
TID2013,0.243387,27.338652,26.918764,-63.3195,19.442486
TID2013,0.588889,4.398551,1.532259,38.1106,5.830728
TID2013,0.444444,9.361404,7.795611,-4.3332,10.108376
TID2013,0.322493,16.915709,15.879293,-37.9018,19.740551
TID2013,0.222222,30.478335,30.761072,-63.8387,40.023388
TID2013,0.097883,47.293940,49.073502,-75.6971,51.628960
TID2013,0.672222,3.027391,-1.924477,58.9546,15.359991
TID2013,0.515873,4.867492,2.513405,43.8304,20.955696
TID2013,0.436508,10.135700,7.494144,15.1328,23.828848
TID2013,0.322751,18.131418,17.997667,-40.0346,52.407833
TID2013,0.295393,28.535672,25.080713,-59.9495,80.810211
TID2013,0.518519,4.521369,1.122945,32.3985,8.506802
TID2013,0.427350,10.503669,8.104583,-19.8609,27.288824
TID2013,0.373016,16.054385,14.025530,-44.5955,38.866978
TID2013,0.384823,16.757318,14.571188,-39.2064,49.280785
TID2013,0.264550,39.396921,40.210659,-65.5500,64.037895
TID2013,0.563492,5.533446,3.094079,18.7448,44.244190
TID2013,0.711640,2.723174,-2.829064,53.3934,18.435980
TID2013,0.666667,4.897923,2.513973,26.4674,31.906475
TID2013,0.489418,6.177748,4.365848,12.4204,36.111660
TID2013,0.401084,9.811857,9.411371,-13.7651,56.665092
TID2013,0.375661,10.796084,11.043043,-30.0150,44.070377
TID2013,0.378307,12.771725,12.335417,-33.9400,53.376358
TID2013,0.388889,14.809944,13.703482,-40.7423,66.495293
TID2013,0.417344,15.659633,14.021170,-43.9100,85.369728
TID2013,0.450142,16.762565,12.526002,-51.1479,137.543793
TID2013,0.698412,0.189886,-15.809659,87.8192,5.158023
TID2013,0.738096,0.410845,-14.848235,76.8107,8.693303
TID2013,0.677249,1.338358,-8.970283,48.3199,16.833773
TID2013,0.629630,1.825111,-8.959254,30.2660,26.051033
TID2013,0.572650,5.308820,-1.901515,-13.6688,31.918030
TID2013,0.666667,1.685536,-8.899112,77.1964,5.305556
TID2013,0.740741,3.782599,0.889393,55.3307,10.272775
TID2013,0.531166,5.568383,2.293520,31.2314,13.872828
TID2013,0.801588,9.802957,5.029968,6.4162,22.220087
TID2013,0.436111,17.297419,14.123536,-44.3439,29.310158
TID2013,0.601626,1.113192,-10.791078,78.4714,8.995285
TID2013,0.558266,1.696481,-7.400001,70.1353,12.524304
TID2013,0.518519,2.663972,-3.544069,59.3363,17.494429
TID2013,0.470900,4.260176,-1.945221,45.7088,24.180155
TID2013,0.436314,6.657873,-0.028592,30.6846,31.962893
TID2013,0.605820,1.972900,-3.153546,64.7891,4.597674
TID2013,0.595238,3.308309,0.062133,50.2951,6.241428
TID2013,0.544716,5.482582,2.705571,31.6213,8.265339
TID2013,0.491667,8.871910,6.737275,9.7729,11.619577
TID2013,0.462963,13.985611,12.466456,-16.6130,15.871867
TID2013,0.716931,2.012942,-4.775171,62.8115,4.326381
TID2013,0.580556,5.259327,1.886611,33.0699,6.016015
TID2013,0.465609,13.642008,11.155420,-23.2068,12.658749
TID2013,0.346561,26.767358,26.019531,-61.8595,24.381582
TID2013,0.268292,46.281625,46.725269,-72.6414,54.036770
TID2013,0.571816,3.230386,-0.718066,48.9135,5.214335
TID2013,0.525746,5.619968,1.957605,24.8697,8.653069
TID2013,0.423280,9.436833,5.993549,-5.4492,11.877573
TID2013,0.357723,15.008373,11.919469,-33.5173,20.693871
TID2013,0.222222,27.486519,26.661943,-62.3352,28.266331
TID2013,0.669377,2.040099,-2.678539,61.8054,6.133664
TID2013,0.642857,3.487888,0.875387,47.0316,7.703107
TID2013,0.492063,6.595234,3.739484,26.6366,13.185801
TID2013,0.457994,10.942262,8.182580,3.1491,19.333803
TID2013,0.322751,34.505025,31.624050,-64.2289,51.346279
TID2013,0.713889,2.843135,-0.361701,57.0495,4.420227
TID2013,0.600529,8.234379,7.284729,17.3231,11.812972
TID2013,0.430894,18.031794,19.235552,-38.0113,24.637842
TID2013,0.327913,25.562787,28.313858,-58.9552,33.397079
TID2013,0.164021,43.962405,48.107189,-71.6584,42.450275
TID2013,0.616402,4.327652,1.378458,39.8314,5.114354
TID2013,0.417989,8.598570,7.068656,0.1588,15.031341
TID2013,0.287263,16.411914,15.661119,-41.1441,25.143242
TID2013,0.211640,30.578316,30.249380,-64.0202,37.844994
TID2013,0.065041,48.689476,49.515301,-89.0550,50.945431
TID2013,0.613889,1.156491,-8.213516,77.6739,3.585748
TID2013,0.611111,1.826765,-3.268624,68.4533,5.492033
TID2013,0.538461,2.843710,-0.223255,57.1747,7.409936
TID2013,0.450142,4.388918,1.262205,42.5044,9.371469
TID2013,0.395664,6.894272,3.441817,23.7015,12.156225
TID2013,0.647697,0.688531,-10.394526,85.0234,2.205688
TID2013,0.631437,1.062607,-6.825031,79.4196,2.776089
TID2013,0.591667,1.614784,-3.743677,71.2596,4.084848
TID2013,0.566396,2.602145,-0.615094,60.1637,5.960510
TID2013,0.472934,4.134906,0.920216,45.3319,7.099160
TID2013,0.566396,2.615793,-2.487367,63.4700,6.694734
TID2013,0.498644,4.243123,0.559254,47.8146,9.503270
TID2013,0.408333,6.564889,2.837111,27.3793,12.222516
TID2013,0.341463,10.366992,6.269312,2.9911,20.744219
TID2013,0.263889,15.767839,11.098572,-23.6971,30.073658
TID2013,0.626017,0.704914,-9.989656,84.6124,2.716574
TID2013,0.638889,1.053246,-6.518647,79.3821,3.639993
TID2013,0.619444,1.655657,-2.027946,71.5261,5.547232
TID2013,0.547426,2.589358,0.182051,60.6479,7.809192
TID2013,0.488889,4.278146,1.375496,44.1623,12.740408
TID2013,0.625000,0.759123,-9.355026,80.7021,3.243109
TID2013,0.598916,1.165406,-5.328321,73.6895,4.265066
TID2013,0.522222,2.431570,-0.210889,57.6389,6.728100
TID2013,0.423977,5.255256,2.254533,32.2657,11.049505
TID2013,0.324787,11.862175,7.342233,-14.3726,20.508694
TID2013,0.486111,2.497211,-2.224474,35.4195,16.845982
TID2013,0.435898,3.576608,0.901567,22.7716,19.669052
TID2013,0.388889,4.902483,2.749587,4.9166,22.067823
TID2013,0.368563,7.394720,5.387799,-18.7494,26.572737
TID2013,0.279202,11.303875,8.923762,-41.1240,29.053476
TID2013,0.586111,1.578788,-5.650661,73.2989,4.611949
TID2013,0.585366,2.936059,-0.592280,58.6209,8.052127
TID2013,0.504273,5.494938,1.860251,38.5558,11.321388
TID2013,0.450142,10.465364,6.578699,1.6162,19.354679
TID2013,0.349593,17.076600,12.318796,-28.5699,26.450602
TID2013,0.600000,1.065939,-10.192056,76.3850,4.319397
TID2013,0.518519,2.252956,-3.824227,58.6957,7.565311
TID2013,0.406504,5.091977,3.004655,29.5487,14.000877
TID2013,0.308943,11.451252,9.736482,-13.3683,23.218742
TID2013,0.138889,23.263539,21.282703,-56.8515,33.446461
TID2013,0.647222,1.481640,-6.498016,75.1359,2.677486
TID2013,0.647222,2.333998,-2.300925,65.0150,4.107394
TID2013,0.591667,4.727591,1.722368,41.2309,7.066354
TID2013,0.388889,10.940549,8.941517,-8.8774,12.466260
TID2013,0.151761,26.687286,26.376131,-61.6456,21.425022
TID2013,0.636857,1.029439,-10.175338,78.0156,2.313725
TID2013,0.572650,1.781172,-6.072724,69.0233,3.883676
TID2013,0.523036,4.045859,-0.489300,47.3447,5.690271
TID2013,0.382113,11.053389,8.479161,-1.2796,11.575782
TID2013,0.208672,20.714091,18.187553,-45.0847,22.771826
TID2013,0.639567,1.106730,-10.468800,78.5305,2.924327
TID2013,0.600000,1.906923,-5.917293,68.4827,3.689771
TID2013,0.500000,3.293479,-1.798890,53.2274,5.148919
TID2013,0.407408,6.899686,3.900588,22.7070,9.089361
TID2013,0.250000,16.501245,13.877645,-31.3051,18.101763
TID2013,0.631437,2.631551,-3.445598,54.7335,20.308578
TID2013,0.641667,3.239251,-1.610549,46.2653,20.153893
TID2013,0.594444,4.366505,0.631400,35.2344,20.845375
TID2013,0.422222,12.652234,14.123602,-32.8650,49.671608
TID2013,0.302778,9.595389,5.475373,1.7532,25.091679
TID2013,0.607046,2.177841,-3.671695,63.7401,6.649674
TID2013,0.544716,4.069202,0.340174,53.5279,8.527044
TID2013,0.386111,4.681042,1.497986,36.2828,14.756795
TID2013,0.330623,13.451703,9.985088,-25.5275,27.454624
TID2013,0.219298,18.434882,13.827626,-38.9059,27.267168
TID2013,0.658537,3.450547,-1.626563,44.0574,31.794266
TID2013,0.615177,4.830391,0.227204,35.1886,28.304564
TID2013,0.623307,9.574991,7.294510,-5.9199,42.530079
TID2013,0.580556,14.086003,11.427022,-32.4242,54.602715
TID2013,0.479674,21.753845,17.923157,-56.0005,71.916626
TID2013,0.338889,12.704375,13.475197,-42.6184,62.376110
TID2013,0.344444,15.367863,15.412279,-49.6860,69.084122
TID2013,0.368563,16.447688,16.115973,-51.3512,77.752769
TID2013,0.433333,15.729365,13.371255,-53.4229,84.637764
TID2013,0.427350,13.427328,10.662413,-26.3669,102.447227
TID2013,0.683333,0.288035,-15.449599,86.0831,5.019777
TID2013,0.661111,0.713423,-12.670248,73.4950,8.460818
TID2013,0.620597,1.680173,-7.441477,45.7544,16.410748
TID2013,0.566396,3.058651,-3.650077,22.0482,25.362043
TID2013,0.472222,7.423737,0.644589,-16.1928,31.354830
TID2013,0.588889,2.287590,-4.418873,67.5174,7.435410
TID2013,0.758808,6.976134,2.737828,38.7064,12.754317
TID2013,0.447222,7.622073,5.845002,6.3245,19.291859
TID2013,0.728998,15.947190,9.715015,-13.7085,25.207949
TID2013,0.311111,24.154332,22.598089,-62.7861,41.031151
TID2013,0.530556,1.257450,-12.182143,70.3972,9.813152
TID2013,0.467237,1.997983,-9.805700,58.0148,13.917619
TID2013,0.415954,3.335238,-6.583539,39.7812,19.167702
TID2013,0.393162,5.855121,-1.897709,12.8178,25.447168
TID2013,0.350000,10.497411,3.703553,-23.5469,33.259174
TID2013,0.575000,1.289675,-6.737269,72.9075,5.566875
TID2013,0.533876,1.965502,-2.464069,63.4321,6.869911
TID2013,0.469444,3.004413,0.352242,51.5227,8.423638
TID2013,0.405556,4.624242,1.729005,38.1234,11.440249
TID2013,0.373983,7.184567,3.989779,19.3695,17.162687
TID2013,0.631437,0.792509,-10.890849,80.4138,2.837173
TID2013,0.617887,1.312300,-7.955395,73.0363,3.635733
TID2013,0.558266,2.267319,-3.481957,62.1408,5.488498
TID2013,0.497222,4.367400,0.197763,42.5768,6.411454
TID2013,0.364672,9.455023,5.721105,10.2213,10.769683
TID2013,0.622222,1.582342,-6.874964,72.9349,3.844448
TID2013,0.547222,2.674692,-2.067341,60.7428,5.454766
TID2013,0.485094,4.508396,0.861462,43.3336,7.920655
TID2013,0.372222,7.699228,3.995324,16.8619,11.321620
TID2013,0.275000,14.929195,11.291843,-26.3809,19.772350
TID2013,0.586111,1.138830,-7.978951,75.1119,5.549529
TID2013,0.583333,1.770677,-3.909566,64.1821,8.427856
TID2013,0.528456,3.162282,0.133630,50.4290,12.270267
TID2013,0.455556,7.023424,4.334952,16.3827,18.990499
TID2013,0.352303,11.733481,8.199230,-11.5836,27.394468
TID2013,0.636857,1.008464,-9.007092,80.9198,1.856664
TID2013,0.619444,2.020954,-2.962329,70.3700,3.499102
TID2013,0.626017,3.078239,0.161346,61.7676,5.350608
TID2013,0.639567,4.257418,1.546548,53.1355,7.138420
TID2013,0.604336,6.476049,3.469363,36.9739,9.739982
TID2013,0.613889,1.305683,-8.554724,75.9802,2.923048
TID2013,0.623307,2.236790,-4.075299,64.4661,3.907094
TID2013,0.577778,3.930968,-0.307254,46.6619,5.666461
TID2013,0.439024,7.334846,4.315107,16.9219,9.030035
TID2013,0.289973,15.202509,13.189736,-29.5852,15.930866
TID2013,0.639640,1.549605,-5.714726,72.0067,4.230841
TID2013,0.574074,2.516477,-1.408993,60.4611,5.669244
TID2013,0.558559,4.212095,0.889249,44.0685,8.475675
TID2013,0.479366,6.783304,3.810714,25.3360,10.451732
TID2013,0.401234,10.758471,7.726138,0.7749,16.006077
TID2013,0.684684,0.802163,-9.852259,83.8976,2.861413
TID2013,0.642642,1.250291,-6.114608,77.5054,3.994684
TID2013,0.606607,2.044177,-2.627162,68.1226,5.613187
TID2013,0.537037,3.337052,-0.051610,54.5209,8.098210
TID2013,0.487654,5.441033,2.708961,37.0681,11.309210
TID2013,0.509259,3.616154,0.070654,45.4111,6.119336
TID2013,0.450793,6.052652,2.666121,23.0575,8.466998
TID2013,0.385802,10.073148,6.943430,-6.8118,13.084714
TID2013,0.327328,15.710895,12.801965,-33.8426,16.702414
TID2013,0.277778,24.154808,21.615103,-56.0376,26.070501
TID2013,0.648148,0.884053,-8.260273,83.3167,3.225215
TID2013,0.651234,1.259823,-4.733723,77.6798,4.199933
TID2013,0.632716,1.897808,-0.249182,69.3639,5.579229
TID2013,0.564564,2.958421,1.302130,56.6356,8.454256
TID2013,0.509259,4.498643,3.103280,40.4548,12.404747
TID2013,0.657658,0.977523,-8.087675,78.1712,3.880044
TID2013,0.634921,1.561288,-3.491932,69.9896,5.418993
TID2013,0.552552,3.438835,0.566225,50.9944,9.301130
TID2013,0.447619,7.608991,5.519597,21.7563,15.882731
TID2013,0.327328,16.569491,14.834661,-24.1887,26.754210
TID2013,0.512346,2.412767,-1.883973,52.8876,10.054965
TID2013,0.487654,5.165835,2.940003,35.6287,14.122292
TID2013,0.419753,7.868098,5.618104,18.8514,15.961617
TID2013,0.391976,11.194190,8.774348,-3.6037,18.724106
TID2013,0.339339,15.952883,13.927668,-28.0387,25.815838
TID2013,0.591591,3.073977,-0.200394,53.2935,12.642297
TID2013,0.568254,4.925416,1.781928,35.9667,19.586239
TID2013,0.489490,8.276299,5.087580,12.4474,12.938560
TID2013,0.349207,13.074266,9.126587,-12.4103,16.816475
TID2013,0.298412,19.163200,14.748204,-44.1672,48.581459
TID2013,0.576577,1.971954,-4.425775,78.2553,11.552572
TID2013,0.509259,4.475826,2.888454,60.3441,20.781668
TID2013,0.387301,9.569904,8.284625,31.2458,36.799892
TID2013,0.300300,18.037845,16.362267,-10.2783,60.317005
TID2013,0.228228,30.125404,28.533339,-54.0213,90.573112
TID2013,0.672672,1.998354,-3.825611,67.1057,4.580591
TID2013,0.651651,3.240998,0.024580,52.9093,6.839442
TID2013,0.540540,6.682033,4.081923,21.2058,12.541944
TID2013,0.333333,13.879346,12.336555,-23.6357,24.233784
TID2013,0.184127,28.795981,28.225628,-62.5844,48.806698
TID2013,0.648649,1.025787,-10.165894,77.9331,2.493129
TID2013,0.625397,1.856674,-5.756752,66.8437,4.026314
TID2013,0.603174,4.491983,1.459479,38.6643,5.797388
TID2013,0.351351,13.508083,11.805267,-24.9273,10.134855
TID2013,0.197531,26.957428,24.056808,-62.2304,17.897490
TID2013,0.615616,1.413312,-8.457582,73.9599,2.862138
TID2013,0.577160,2.651668,-2.561830,59.6906,3.534277
TID2013,0.500000,4.868972,1.909182,37.0701,5.857598
TID2013,0.342342,12.162438,9.332813,-17.1844,10.786105
TID2013,0.084084,33.001208,32.648979,-64.2214,37.406334
TID2013,0.651234,2.923046,-1.631049,54.6506,16.916140
TID2013,0.527778,4.000405,0.849608,45.5577,16.933146
TID2013,0.483483,4.967233,2.335954,38.3736,16.924528
TID2013,0.403174,6.972150,3.569615,24.5863,17.642056
TID2013,0.426427,14.742006,13.669966,-31.6711,56.302959
TID2013,0.519520,2.752366,-0.308495,54.3725,8.026133
TID2013,0.536508,2.812661,-2.538378,55.4287,5.811703
TID2013,0.463492,7.203347,4.676500,9.9133,16.198347
TID2013,0.354938,17.761911,15.651331,-45.2743,21.671230
TID2013,0.300300,19.658888,16.496859,-47.3331,35.074444
TID2013,0.666667,3.188454,-0.546363,40.0661,33.152607
TID2013,0.666667,4.246904,1.604980,30.8291,26.233118
TID2013,0.530159,8.552174,6.326293,-10.4972,39.755733
TID2013,0.481481,12.061666,9.746904,-34.0683,57.543411
TID2013,0.478396,18.769777,16.650852,-57.1223,70.379547
TID2013,0.402402,13.019223,13.352308,-41.5215,66.942825
TID2013,0.369369,14.858493,13.892167,-45.8983,76.397087
TID2013,0.416667,12.966090,12.213914,-39.0839,93.745766
TID2013,0.489490,12.569354,11.519081,-35.1187,120.762062
TID2013,0.537037,12.900275,10.177405,-35.1186,170.988937
TID2013,0.618619,0.193281,-16.098806,89.4655,6.639896
TID2013,0.694444,1.200454,-8.274150,70.3146,7.454810
TID2013,0.564814,0.954875,-12.403543,57.8764,22.750536
TID2013,0.648649,4.464908,-1.643341,20.4098,22.530832
TID2013,0.459877,3.190352,-5.170667,3.2467,47.384945
TID2013,0.617284,1.987390,-7.161947,72.1542,14.332501
TID2013,0.675676,5.702089,2.273124,38.9414,12.955643
TID2013,0.450618,6.645253,3.779975,18.7409,38.396263
TID2013,0.648649,13.544243,8.398438,-13.0684,24.997581
TID2013,0.375376,20.484535,16.093258,-55.1782,81.042725
TID2013,0.577778,0.574619,-14.493691,80.0696,9.977270
TID2013,0.484568,0.964432,-12.700192,73.1219,14.513420
TID2013,0.432099,1.732530,-9.724268,63.2378,20.694847
TID2013,0.414414,3.184327,-5.401090,49.5621,29.304255
TID2013,0.420420,5.789181,-0.832347,31.6181,41.904781
TID2013,0.592592,2.155483,-2.388722,62.5202,7.939816
TID2013,0.585586,3.505355,0.190375,48.9557,10.181113
TID2013,0.549550,5.478422,2.609892,32.8233,14.504208
TID2013,0.466049,8.502343,5.641654,13.0579,19.902023
TID2013,0.399399,13.006724,10.078753,-11.7067,26.437666
TID2013,0.623457,0.971352,-9.827402,77.5591,2.788089
TID2013,0.586420,1.641956,-6.109038,68.1932,3.765543
TID2013,0.621621,3.004472,-1.220418,52.9321,4.848276
TID2013,0.549550,6.125519,2.901833,25.5440,6.513726
TID2013,0.441441,15.713514,12.537334,-27.9158,11.379886
TID2013,0.633633,2.103205,-4.423817,64.0901,4.511312
TID2013,0.567901,3.579498,0.122420,46.9296,6.672551
TID2013,0.523810,6.057211,2.264015,22.7656,10.452350
TID2013,0.404321,10.315923,6.521570,-10.0059,16.730206
TID2013,0.311729,18.662393,15.161331,-46.7496,28.858730
TID2013,0.626543,1.993634,-2.731693,62.2152,8.244486
TID2013,0.586420,3.273182,1.006372,46.9020,11.990211
TID2013,0.462462,6.997035,4.055582,18.0562,25.740000
TID2013,0.396397,9.562040,6.562284,7.3102,25.947493
TID2013,0.330330,15.899600,12.631812,-27.9385,28.896156
TID2013,0.657143,1.049718,-8.297080,81.0673,2.346145
TID2013,0.645062,2.244111,-1.039776,69.6415,4.672688
TID2013,0.630631,3.828344,1.401339,56.1844,7.400597
TID2013,0.591591,5.518664,3.774911,42.3174,10.619396
TID2013,0.260318,23.664815,23.600536,-49.6262,27.468742
TID2013,0.648649,1.658028,-6.915082,70.5377,3.095734
TID2013,0.644444,2.980880,-1.257754,55.6750,4.590144
TID2013,0.534534,6.001548,2.922643,27.7957,7.375159
TID2013,0.357358,12.755217,9.934249,-19.2328,13.128881
TID2013,0.098766,32.280737,31.097807,-64.2046,38.780243
TID2013,0.631313,1.484139,-5.927116,72.3250,3.941274
TID2013,0.565657,2.422576,-1.741336,60.8800,5.026190
TID2013,0.533333,4.019941,0.511803,45.3954,6.943626
TID2013,0.494950,6.415178,2.989061,27.5294,10.918219
TID2013,0.441799,10.103342,6.196734,5.9278,13.847688
TID2013,0.671604,0.760744,-9.973038,83.8745,2.128274
TID2013,0.651516,1.199660,-6.269720,77.2059,2.889863
TID2013,0.617571,1.967284,-2.882349,67.4726,4.257174
TID2013,0.581396,3.160891,-0.229343,54.7068,5.695777
TID2013,0.528396,5.195831,1.978486,37.2115,7.419448
TID2013,0.548148,3.474176,-0.673558,50.2427,7.107437
TID2013,0.469697,5.685988,1.877668,29.4028,10.682001
TID2013,0.414814,9.311734,5.333683,1.9347,14.706197
TID2013,0.367901,14.575923,10.284024,-26.5593,21.771629
TID2013,0.303703,22.091017,16.805950,-50.4397,29.269793
TID2013,0.651852,0.839353,-9.000284,82.0575,4.302524
TID2013,0.666667,1.267652,-5.065123,75.2850,6.789350
TID2013,0.602469,1.940255,-0.392286,65.8456,10.706816
TID2013,0.550136,3.206588,1.237891,49.7054,17.592407
TID2013,0.467700,5.283614,3.289402,24.1967,27.303661
TID2013,0.671604,0.926179,-8.053490,77.4412,3.489228
TID2013,0.644444,1.478611,-3.573901,69.0633,4.539591
TID2013,0.573232,3.251665,0.276833,50.5861,7.087712
TID2013,0.475452,7.134317,4.140163,23.7339,11.202602
TID2013,0.368687,15.305371,11.104413,-21.1577,19.733011
TID2013,0.537037,2.340122,-2.330751,47.3911,11.764090
TID2013,0.512627,3.148492,0.277941,37.0781,14.928320
TID2013,0.462121,4.534971,2.389689,20.7447,16.619410
TID2013,0.416667,7.053532,5.091738,-2.5547,20.706514
TID2013,0.368687,10.877222,8.970434,-27.6069,23.065880
TID2013,0.620156,2.916292,-1.953114,55.0343,5.848068
TID2013,0.576720,5.405160,1.774001,35.7184,8.816941
TID2013,0.479798,10.766705,6.640432,-4.0700,13.861757
TID2013,0.402469,17.427583,13.184670,-31.8792,20.886406
TID2013,0.315246,25.112233,20.115303,-59.7014,29.743120
TID2013,0.651516,0.970709,-10.577758,85.4662,6.614316
TID2013,0.614814,2.130324,-3.758471,74.3945,11.657199
TID2013,0.509044,4.756196,3.209571,52.0215,19.587282
TID2013,0.380247,10.376372,9.717052,2.6223,29.925388
TID2013,0.292929,23.835318,25.049353,-59.3881,40.930134
TID2013,0.713580,1.340678,-8.201173,75.3203,2.858342
TID2013,0.669136,2.011590,-4.526824,65.6142,4.144626
TID2013,0.580808,3.857276,0.755210,43.9767,6.265967
TID2013,0.441860,7.952518,6.098559,8.8528,11.019362
TID2013,0.274074,20.840918,21.397623,-53.6652,21.241224
TID2013,0.681481,0.897328,-11.136401,79.5292,2.966208
TID2013,0.654040,1.534508,-7.577548,70.6163,4.116338
TID2013,0.560606,3.567092,-0.451150,46.8699,6.471066
TID2013,0.411617,10.655200,8.381769,-10.5273,13.687010
TID2013,0.247474,21.763597,19.554972,-56.3858,21.853603
TID2013,0.609819,1.913444,-6.066299,66.5982,5.058347
TID2013,0.501234,3.980389,0.301217,43.4467,7.316561
TID2013,0.381313,8.421743,6.364738,1.4892,13.462406
TID2013,0.269136,17.836060,16.405575,-50.8150,21.364019
TID2013,0.108586,37.250984,36.669941,-65.3414,39.336773
TID2013,0.593434,4.664257,1.081762,36.9635,28.063423
TID2013,0.525252,3.409760,-1.663519,50.3088,27.965473
TID2013,0.392592,4.948166,1.093457,39.7707,24.402807
TID2013,0.318182,11.965363,9.608193,-0.4909,40.198177
TID2013,0.279012,18.537625,18.308973,-55.5586,49.534363
TID2013,0.509044,3.192630,-0.986128,53.3251,11.067086
TID2013,0.452020,6.451765,4.240556,19.9985,17.433535
TID2013,0.374677,11.787428,8.665621,-21.6491,23.909643
TID2013,0.303030,18.797246,15.330211,-45.9167,37.120747
TID2013,0.279012,26.650222,23.862822,-63.6382,42.072365
TID2013,0.643939,4.252533,1.499190,31.2836,29.034756
TID2013,0.684343,3.272743,-1.938127,47.4043,23.374638
TID2013,0.633839,6.945871,4.426482,7.0309,36.011303
TID2013,0.580247,10.091919,8.471218,-18.1614,47.566925
TID2013,0.467172,14.559198,12.998008,-41.2105,50.516361
TID2013,0.404040,11.403359,11.608274,-35.7040,65.603958
TID2013,0.365432,15.941928,14.632074,-49.6868,64.753632
TID2013,0.338383,17.669367,16.293427,-55.2875,74.686325
TID2013,0.371212,18.342894,17.173101,-56.3544,86.655571
TID2013,0.405684,16.196043,13.870564,-50.6653,92.935051
TID2013,0.689394,0.255131,-15.899729,87.9333,5.471747
TID2013,0.705427,0.483643,-14.533835,78.8537,8.980388
TID2013,0.659259,1.246805,-11.483657,52.7581,18.442867
TID2013,0.595062,2.131927,-7.911949,35.5547,26.505882
TID2013,0.535353,4.281931,-3.287598,-5.5291,37.071018
TID2013,0.616161,2.133123,-6.193683,71.3579,6.066528
TID2013,0.711111,6.085634,2.328707,46.0023,12.127851
TID2013,0.489418,7.073820,4.898482,15.8996,15.308617
TID2013,0.747474,15.384896,9.719251,-9.1867,24.419308
TID2013,0.371212,22.103169,20.664797,-58.2116,31.556797
TID2013,0.598484,1.124265,-10.774550,70.7928,15.485043
TID2013,0.550506,1.780850,-7.347467,59.5076,22.474979
TID2013,0.486420,2.831567,-3.364296,45.2476,31.673359
TID2013,0.429293,4.900097,-1.495576,25.7112,44.352005
TID2013,0.404040,8.243643,1.863141,2.7040,58.846298
TID2013,0.651852,1.788933,-3.965286,67.4214,4.658223
TID2013,0.604938,2.858895,-0.527310,55.3893,6.786714
TID2013,0.533333,4.626773,1.320700,39.9067,8.962752
TID2013,0.457071,7.321817,3.900692,20.9123,11.723009
TID2013,0.411617,11.106703,7.033192,-0.5074,16.988981
TID2013,0.638889,1.337179,-8.175412,72.5444,4.050536
TID2013,0.602469,2.556370,-2.705245,57.4175,5.519127
TID2013,0.490956,5.575328,2.294001,29.4438,8.763773
TID2013,0.402469,11.767383,9.440132,-15.5648,17.982874
TID2013,0.325581,25.545522,23.533754,-59.7747,43.766636
TID2013,0.629630,2.227524,-3.748369,63.0290,4.901150
TID2013,0.550506,3.758559,-0.070907,46.2567,6.889134
TID2013,0.456790,6.302925,2.438420,21.6835,10.872244
TID2013,0.376262,10.606080,6.382493,-8.7502,16.759186
TID2013,0.258398,20.565832,17.329550,-51.2504,29.238998
TID2013,0.659259,1.689592,-4.669374,65.7999,7.193238
TID2013,0.581396,2.529153,-0.602577,52.7159,9.211637
TID2013,0.516796,4.415019,1.897166,32.3761,10.826080
TID2013,0.460318,8.195533,6.219721,-3.0250,21.383160
TID2013,0.295454,21.704568,19.663881,-60.6787,38.908752
TID2013,0.669136,1.474401,-5.848913,75.6428,4.898612
TID2013,0.637037,3.507432,0.841815,54.0439,10.010694
TID2013,0.560493,7.282738,6.036435,18.7934,12.016536
TID2013,0.467700,10.163858,9.598824,1.0805,18.682018
TID2013,0.293827,22.399297,24.263525,-55.2794,32.695164
TID2013,0.635659,2.017784,-6.045273,65.2941,3.875104
TID2013,0.548148,3.741128,-0.370293,45.9652,7.099329
TID2013,0.429293,7.746737,5.442488,8.5877,13.530185
TID2013,0.250000,17.450192,15.448842,-46.4205,22.804867
TID2013,0.052910,36.315151,35.191727,-64.7740,33.695354
TID2013,0.616488,1.279036,-7.262955,75.6725,3.266725
TID2013,0.523298,2.041652,-2.843545,65.7684,4.326365
TID2013,0.537634,3.279113,0.077512,51.7245,5.779867
TID2013,0.455556,5.215457,2.304712,35.0877,7.685215
TID2013,0.394266,8.255903,5.275607,13.8286,11.273540
TID2013,0.621528,0.714101,-10.478990,85.2081,1.673025
TID2013,0.616488,1.123302,-6.842866,79.2250,2.286730
TID2013,0.600694,1.780171,-3.546950,70.6670,3.576612
TID2013,0.580646,2.857257,-0.520087,59.0552,4.815310
TID2013,0.516129,4.607960,1.415878,43.1900,6.363638
TID2013,0.516129,2.915775,-1.665693,56.5510,5.373416
TID2013,0.476702,4.668271,1.063287,37.8012,7.561172
TID2013,0.385186,7.538404,4.058045,13.1555,10.480799
TID2013,0.329861,12.000115,8.365807,-14.5316,16.357176
TID2013,0.260417,17.880856,14.062737,-38.6789,20.038254
TID2013,0.673836,0.740822,-9.399636,85.3720,2.411490
TID2013,0.648746,1.056218,-6.034071,80.7137,3.638956
TID2013,0.625000,1.558676,-1.686426,73.8616,5.721467
TID2013,0.604167,2.359866,0.494063,64.4017,10.151594
TID2013,0.551971,3.702934,1.791152,50.6821,16.802809
TID2013,0.592592,0.828171,-8.982229,80.2169,3.016096
TID2013,0.605734,1.294335,-4.717959,72.8117,3.976668
TID2013,0.524306,2.772988,0.005793,55.5185,6.208888
TID2013,0.440860,6.068670,3.691711,28.7164,10.099531
TID2013,0.347222,13.343735,10.576299,-17.7599,19.462481
TID2013,0.487456,2.299395,-2.233505,43.8553,14.307367
TID2013,0.454861,3.462939,0.181916,30.8340,18.618788
TID2013,0.437037,5.336931,3.180670,11.0219,17.327364
TID2013,0.401433,8.009514,5.956313,-11.7945,22.432663
TID2013,0.340502,11.617738,9.566938,-33.3908,27.978971
TID2013,0.611111,1.730158,-4.774907,70.9552,3.443968
TID2013,0.516129,3.239835,-0.123380,54.0572,5.133842
TID2013,0.462963,6.963681,3.797644,20.1030,14.011188
TID2013,0.383512,10.082815,7.146706,-0.2893,14.391040
TID2013,0.265233,15.987456,12.560963,-26.9029,21.050211
TID2013,0.579861,1.506686,-7.114589,76.2910,7.449440
TID2013,0.510417,3.332239,0.443177,57.1843,13.329749
TID2013,0.433692,7.178697,5.628011,28.0981,22.998871
TID2013,0.318997,13.863557,12.005383,-9.5378,36.016392
TID2013,0.218638,24.414038,22.297192,-52.6075,50.047604
TID2013,0.634409,1.725852,-5.385606,69.8771,2.776819
TID2013,0.652778,2.657160,-1.251712,58.3316,3.676652
TID2013,0.559028,4.843284,2.240324,37.4021,6.224365
TID2013,0.388889,9.798248,7.745788,1.4949,10.122947
TID2013,0.194444,23.183472,22.872116,-52.9459,19.433144
TID2013,0.663082,1.010084,-9.840838,77.6934,2.596797
TID2013,0.621528,1.786908,-5.768073,68.3569,3.446427
TID2013,0.520833,4.301684,0.676815,43.0700,5.200606
TID2013,0.357639,11.342201,9.427613,-11.4840,9.214993
TID2013,0.149306,20.521595,18.752033,-46.6805,18.479818
TID2013,0.666667,1.277921,-8.839662,75.3821,2.482895
TID2013,0.583333,2.307484,-3.726904,63.1161,3.654510
TID2013,0.507408,4.568699,1.686077,40.5395,5.167365
TID2013,0.465950,6.819176,3.947782,21.9071,8.296679
TID2013,0.251852,16.090605,12.757748,-27.9308,15.657276
TID2013,0.688172,1.931482,-6.019916,65.9475,17.293734
TID2013,0.637993,2.602616,-3.323311,56.7446,17.449732
TID2013,0.611111,3.924847,-0.003900,42.7052,17.402870
TID2013,0.534722,6.974678,4.570737,23.6450,25.292532
TID2013,0.472222,11.812841,13.287072,-30.5462,67.007294
TID2013,0.642361,1.956730,-5.104989,63.9685,5.479701
TID2013,0.362963,5.556359,2.597760,30.6637,17.868189
TID2013,0.487456,4.256778,1.415252,37.7254,13.417061
TID2013,0.303703,9.354802,6.468860,-1.6798,17.855482
TID2013,0.236111,17.370882,14.527122,-47.8865,46.052746
TID2013,0.628472,2.835104,-3.175240,50.5763,27.200905
TID2013,0.604167,4.981765,1.008055,32.3008,42.681557
TID2013,0.541219,8.659039,5.561553,0.2479,46.789536
TID2013,0.527778,11.440800,7.930953,-18.7461,57.259830
TID2013,0.444444,18.332850,14.334116,-48.0134,61.554417
TID2013,0.419354,12.792270,13.352848,-42.8309,59.879116
TID2013,0.326164,16.001764,15.387326,-51.9257,70.610085
TID2013,0.364583,16.665272,15.185479,-54.3331,80.109940
TID2013,0.409722,14.632130,11.923392,-53.3169,96.608665
TID2013,0.390681,12.212821,10.734073,-43.9722,104.855827
TID2013,0.673611,0.266519,-15.806764,88.9209,4.172668
TID2013,0.638889,1.013170,-10.789219,76.3225,6.922308
TID2013,0.652330,1.230999,-11.004753,56.5179,14.075804
TID2013,0.544803,4.849873,-0.258861,27.7141,21.831360
TID2013,0.507408,4.410008,-2.443511,4.5072,28.352201
TID2013,0.600694,2.421399,-3.864965,67.5594,6.306734
TID2013,0.620072,7.781157,3.036682,41.9896,10.195185
TID2013,0.465278,8.002097,6.404496,6.7324,16.444727
TID2013,0.562724,16.309905,8.823287,-6.3427,17.960360
TID2013,0.362007,24.565952,22.671158,-62.1400,34.461227
TID2013,0.472222,0.884451,-15.087862,66.5275,6.738446
TID2013,0.415771,1.734322,-12.720183,50.0679,9.492647
TID2013,0.326389,3.597434,-8.647036,25.4061,13.370422
TID2013,0.315972,6.944555,-0.598417,-5.5466,19.107286
TID2013,0.318997,11.798972,4.770112,-33.3340,26.386232
TID2013,0.598567,1.582317,-5.036735,69.6504,4.187241
TID2013,0.548387,2.451865,-0.876507,59.3703,5.685172
TID2013,0.520833,3.796945,0.871423,46.8466,7.419332
TID2013,0.448029,5.887825,3.388827,31.7446,10.528171
TID2013,0.399306,8.842215,6.233782,13.0744,16.126875
TID2013,0.652330,0.865115,-10.215014,77.5640,2.701240
TID2013,0.663082,1.447628,-6.573482,69.3573,3.666831
TID2013,0.585186,2.610532,-1.911707,56.6869,4.515858
TID2013,0.513889,5.187638,2.022082,34.5904,6.443295
TID2013,0.423611,10.368651,7.389372,-1.6593,8.690504
TID2013,0.631944,1.791423,-5.771394,69.0316,3.397691
TID2013,0.548387,3.027497,-1.146867,54.4007,5.072252
TID2013,0.476702,5.049845,1.507125,34.9076,8.716512
TID2013,0.422939,8.344492,4.953383,9.9000,10.422378
TID2013,0.297491,14.694155,11.589461,-26.5958,17.964640
TID2013,0.623656,1.406306,-6.949969,71.7246,4.535887
TID2013,0.605734,2.481834,-1.455183,58.3894,6.798733
TID2013,0.462366,4.358450,1.547000,40.4699,13.344091
TID2013,0.340278,8.177109,5.672212,11.9770,21.246824
TID2013,0.263889,12.997336,10.246324,-18.7800,26.252773
TID2013,0.670251,0.978972,-9.173743,80.7598,1.555856
TID2013,0.684588,2.002927,-2.863310,69.3648,2.668682
TID2013,0.630824,3.151158,0.450049,59.2858,3.941787
TID2013,0.611111,4.150329,1.552621,51.6947,4.954778
TID2013,0.604167,5.652439,3.235204,41.3596,6.531609
TID2013,0.659498,1.385888,-8.051252,73.5782,2.618159
TID2013,0.642361,2.449273,-3.124223,60.6362,3.774477
TID2013,0.587813,4.378380,1.127353,41.8764,5.237700
TID2013,0.440860,7.723590,4.956745,14.5267,9.497922
TID2013,0.291667,14.751780,11.970474,-26.3068,18.954233
TID2013,0.595960,1.841950,-5.261232,68.2476,3.675640
TID2013,0.555556,3.102078,-0.903121,54.1948,4.644374
TID2013,0.505050,5.192288,1.124845,36.0121,6.607627
TID2013,0.448029,8.525228,4.147779,13.4945,9.222139
TID2013,0.404040,13.269580,7.915275,-11.1178,12.015419
TID2013,0.653199,0.847632,-9.960258,82.4953,2.161213
TID2013,0.670033,1.381730,-6.269903,75.2001,2.831007
TID2013,0.618056,2.309097,-2.821064,64.4988,4.042772
TID2013,0.541667,3.871177,-0.278074,49.4574,5.257674
TID2013,0.505050,6.403655,2.109484,30.2650,7.015095
TID2013,0.511784,4.295632,0.170870,39.4730,6.908552
TID2013,0.454861,7.430088,3.294980,11.4918,9.416835
TID2013,0.410774,11.937114,7.539819,-16.9999,15.193723
TID2013,0.361111,18.355892,13.598864,-43.5391,19.098856
TID2013,0.319866,27.442849,22.183746,-61.3077,28.602291
TID2013,0.637993,1.006239,-7.524883,80.5070,5.346741
TID2013,0.621528,1.523470,-3.135777,73.9544,9.684766
TID2013,0.598567,2.382859,0.728382,64.9051,15.634590
TID2013,0.519713,3.830293,2.368551,51.4222,21.607605
TID2013,0.474748,6.238731,5.255655,31.2583,26.775471
TID2013,0.659498,1.103930,-7.563172,75.6389,3.178628
TID2013,0.611111,1.822399,-3.315425,66.1981,4.167224
TID2013,0.552083,4.195375,0.544782,44.5992,6.598321
TID2013,0.454546,9.347860,5.259747,12.9110,10.947201
TID2013,0.399306,18.985988,12.884521,-31.2602,20.704308
TID2013,0.579861,2.668223,-1.523987,41.5564,12.531181
TID2013,0.479167,3.954644,1.843299,25.6312,15.463398
TID2013,0.462366,5.659837,3.674664,11.8986,22.355425
TID2013,0.423611,9.106406,7.113477,-12.7142,23.456057
TID2013,0.371528,13.500883,11.145540,-30.4616,25.775595
TID2013,0.542088,3.535637,-0.241198,44.6212,5.236908
TID2013,0.527778,6.237321,2.833983,19.8270,7.964389
TID2013,0.458781,9.000599,5.813941,-3.1261,10.912960
TID2013,0.407408,15.277234,12.015936,-40.6879,20.664429
TID2013,0.301076,23.312243,20.032850,-60.3573,29.925762
TID2013,0.652778,1.050476,-9.927497,83.5338,4.862208
TID2013,0.582491,2.326554,-2.186130,71.1109,8.445440
TID2013,0.482639,5.162498,3.884470,49.5863,14.280420
TID2013,0.387206,10.564785,9.986076,15.2479,22.493330
TID2013,0.263889,20.093920,20.096855,-33.5302,32.050880
TID2013,0.727272,1.580029,-6.931189,71.4635,3.374645
TID2013,0.676768,2.400265,-2.641194,61.7447,4.548996
TID2013,0.572391,4.415219,1.856988,40.4204,6.581011
TID2013,0.434028,8.587240,7.417732,6.8962,12.987638
TID2013,0.279461,20.403462,21.382891,-46.7270,22.826420
TID2013,0.666667,1.012133,-10.604495,78.9739,2.596670
TID2013,0.628472,1.712084,-6.377612,69.1619,3.403285
TID2013,0.545139,3.957330,0.964869,42.0026,6.296877
TID2013,0.354839,11.430063,9.696912,-18.8859,13.793083
TID2013,0.260417,20.378453,19.362080,-53.6486,19.012655
TID2013,0.656250,2.042671,-5.870897,65.7059,3.546359
TID2013,0.572917,3.563613,-0.091907,49.1209,5.210752
TID2013,0.440972,7.806025,5.788615,10.7636,10.862140
TID2013,0.267361,18.530631,17.650812,-41.2182,21.550646
TID2013,0.097643,34.371049,34.890453,-63.9496,41.109081
TID2013,0.673401,2.509804,-3.284873,58.7547,10.843872
TID2013,0.656250,3.399957,-0.203061,51.7723,11.578061
TID2013,0.545139,6.587000,3.161139,34.6592,17.018406
TID2013,0.329861,10.529999,7.902414,11.2789,28.893570
TID2013,0.315972,17.345834,16.652796,-35.8790,57.407677
TID2013,0.501683,4.557387,2.322009,32.6984,11.073197
TID2013,0.419354,8.730919,6.199447,0.0749,14.673882
TID2013,0.370370,11.981389,8.586318,-12.6354,27.909370
TID2013,0.313131,19.914586,17.327724,-48.1731,35.855385
TID2013,0.319866,19.355471,16.181601,-49.6663,26.951429
TID2013,0.649306,4.076520,0.918390,33.1924,33.500912
TID2013,0.609428,3.560988,-0.597987,46.6232,24.257572
TID2013,0.697917,7.725154,5.553636,8.2005,35.394527
TID2013,0.493056,10.096423,8.690244,-10.7151,50.102638
TID2013,0.368056,14.697654,13.449118,-34.3716,60.999451
TID2013,0.323232,13.081650,13.688134,-41.8951,57.779575
TID2013,0.340068,15.828941,15.776849,-47.4241,71.557106
TID2013,0.361111,13.736183,13.064511,-46.9499,82.637245
TID2013,0.399306,14.939004,12.276152,-49.7056,92.356781
TID2013,0.649831,11.135318,8.913955,-31.2361,107.245903
TID2013,0.673401,0.218522,-15.797337,88.9709,4.734404
TID2013,0.700337,0.415497,-14.641643,79.9835,7.717678
TID2013,0.638889,1.016601,-11.851979,59.0354,16.081533
TID2013,0.655914,1.958292,-7.801330,38.1032,23.171486
TID2013,0.518519,3.267040,-5.433429,8.7933,32.990276
TID2013,0.645833,2.094810,-6.556428,72.3298,5.085470
TID2013,0.754209,5.883476,1.945328,45.0454,9.531326
TID2013,0.531250,6.879114,4.611406,19.5018,14.266366
TID2013,0.707071,14.540514,8.417524,-7.3861,20.673222
TID2013,0.400673,21.088451,19.047798,-54.9584,32.496601
TID2013,0.535353,0.926532,-14.138056,71.1326,12.603551
TID2013,0.478114,1.605041,-11.904095,56.7135,17.700912
TID2013,0.451613,3.059674,-8.217793,34.3812,24.185753
TID2013,0.368056,5.976359,-0.655303,1.7749,32.287888
TID2013,0.350694,10.954676,2.650636,-34.9653,42.096161
TID2013,0.611111,2.033409,-3.642972,64.1856,4.434657
TID2013,0.519713,3.455809,-0.357324,48.7676,5.846714
TID2013,0.501792,5.641067,1.952203,30.5218,8.029387
TID2013,0.451389,9.139069,4.984259,8.3059,10.306046
TID2013,0.387206,13.779022,8.817703,-15.7910,14.242913
TID2013,0.645833,1.555066,-7.239571,70.2473,3.636213
TID2013,0.629630,2.985708,-1.403558,54.1333,5.401343
TID2013,0.500000,5.988383,3.275825,27.2715,8.108356
TID2013,0.434343,12.505352,10.572679,-16.5862,15.022183
TID2013,0.323232,26.229279,24.879250,-57.9251,26.534662
TID2013,0.585859,2.471564,-2.804958,59.7567,5.414763
TID2013,0.534722,4.132928,0.452523,42.4137,6.245509
TID2013,0.472222,7.026161,3.015942,16.3413,10.199643
TID2013,0.388889,11.728972,7.257722,-11.5855,13.782331
TID2013,0.240143,23.687130,21.562981,-54.8138,26.123884
TID2013,0.635417,1.825795,-4.206240,63.6802,7.479558
TID2013,0.643098,2.931991,-0.957340,51.9326,12.188118
TID2013,0.611111,4.928313,1.845232,33.6934,16.453129
TID2013,0.454861,11.518294,8.731790,-10.6426,27.665520
TID2013,0.302083,16.474245,12.133737,-37.2075,35.071533
TID2013,0.694444,1.442295,-5.722406,77.6690,2.853619
TID2013,0.697917,2.954619,0.477114,64.7268,5.016466
TID2013,0.670033,5.584026,4.515480,45.1863,8.837569
TID2013,0.534722,9.677626,9.125324,21.0310,11.609722
TID2013,0.319444,19.316687,21.894114,-34.4976,32.288589
TID2013,0.638889,2.144487,-4.911565,64.6760,4.291192
TID2013,0.565972,4.019163,0.759860,43.8237,6.330975
TID2013,0.416667,8.203248,6.523027,8.8772,14.976491
TID2013,0.225589,17.594736,16.276545,-41.7138,30.969742
TID2013,0.026936,33.653108,33.849892,-64.1727,42.464649
TID2013,0.635328,1.797296,-5.000412,68.1346,3.461291
TID2013,0.603603,3.003191,-0.949508,54.4242,5.088456
TID2013,0.527066,5.031872,1.142257,36.2897,6.336434
TID2013,0.504273,8.282020,4.315048,13.2961,8.754361
TID2013,0.423977,13.283349,8.745521,-14.3003,12.158896
TID2013,0.672672,0.858353,-9.870162,82.6289,1.835082
TID2013,0.648649,1.390518,-6.135397,74.9575,2.639169
TID2013,0.641026,2.277805,-2.708639,64.2844,3.749512
TID2013,0.614036,3.791467,-0.095227,49.1946,5.249119
TID2013,0.525526,6.378101,2.816074,29.9096,6.990073
TID2013,0.561561,4.300385,0.308578,36.7220,6.985902
TID2013,0.484568,7.065710,3.136211,10.9682,10.155811
TID2013,0.447293,11.777280,7.690088,-19.9085,13.726734
TID2013,0.367521,18.708416,14.506392,-46.8283,20.221045
TID2013,0.324787,28.060589,24.034111,-62.6166,26.124586
TID2013,0.675213,1.185138,-6.412754,80.2005,6.435112
TID2013,0.567901,1.696839,-2.572211,74.6707,11.096801
TID2013,0.573099,2.608459,0.865664,65.8046,16.918655
TID2013,0.529914,4.109804,2.815102,52.0940,23.584074
TID2013,0.470086,6.744593,5.825825,30.8038,28.457903
TID2013,0.672364,1.097913,-7.564214,75.8289,3.278581
TID2013,0.643874,1.800610,-3.222666,66.4293,4.329389
TID2013,0.575499,4.142248,0.814686,44.6562,6.847668
TID2013,0.488304,9.338046,6.117767,12.0225,10.695276
TID2013,0.371346,19.566666,15.545968,-34.2629,18.790638
TID2013,0.573099,2.377668,-2.134645,46.3685,12.801252
TID2013,0.516517,3.977378,1.596942,26.8536,19.022675
TID2013,0.508772,5.820759,3.765925,12.4437,27.383472
TID2013,0.426901,8.800839,6.546824,-5.1928,25.639277
TID2013,0.378379,13.495385,10.822544,-28.9987,32.736687
TID2013,0.615616,3.645346,-0.176696,44.5672,5.968698
TID2013,0.558404,6.489296,2.934848,15.6527,9.456856
TID2013,0.495727,12.620566,9.420236,-25.8566,12.516273
TID2013,0.444444,21.357737,17.802212,-55.0734,19.336075
TID2013,0.339181,27.630617,23.399736,-63.0175,27.681898
TID2013,0.663742,0.956820,-10.605507,84.2093,4.655284
TID2013,0.589743,2.091238,-3.865596,72.5149,8.143971
TID2013,0.483483,4.648996,3.004809,52.2065,13.797385
TID2013,0.388889,9.745558,8.485740,18.3537,21.748793
TID2013,0.309941,18.759706,18.289860,-29.7009,30.893097
TID2013,0.663818,1.774379,-6.205349,69.5619,3.553852
TID2013,0.632479,2.645098,-1.787278,57.8349,4.437704
TID2013,0.575499,5.053440,2.510756,33.2154,7.137206
TID2013,0.423977,10.608200,9.643657,-6.0303,12.332683
TID2013,0.253561,23.301278,24.648090,-55.2285,24.861008
TID2013,0.652047,1.032706,-10.376394,78.8213,2.666724
TID2013,0.646199,1.805596,-5.915781,68.3008,3.286204
TID2013,0.578348,4.213480,1.634077,38.2604,6.471920
TID2013,0.404559,12.510919,11.137384,-28.1293,11.400048
TID2013,0.270656,23.594567,22.532587,-60.1383,18.271990
TID2013,0.572650,2.132905,-5.280339,65.1162,3.901103
TID2013,0.495727,4.486725,1.709834,39.0679,6.474988
TID2013,0.401709,10.656047,8.662154,-10.1384,14.698361
TID2013,0.242690,23.707437,23.966965,-54.4392,27.300730
TID2013,0.137427,39.143581,40.723618,-64.3302,42.424229
TID2013,0.529914,4.313277,-1.648711,53.1548,25.243395
TID2013,0.649123,4.249160,1.520148,45.5908,13.453644
TID2013,0.547009,6.139983,4.060811,27.4844,23.129490
TID2013,0.450292,13.912892,13.337022,-18.8714,55.648430
TID2013,0.298246,22.026605,21.812651,-51.4181,81.460091
TID2013,0.643274,2.778858,-1.236247,54.7388,9.658580
TID2013,0.435672,9.211778,6.778263,-12.1219,15.107500
TID2013,0.380117,12.959898,9.890679,-23.1438,23.496180
TID2013,0.298246,27.088593,26.318491,-63.7583,32.322460
TID2013,0.321938,25.628701,21.061140,-62.8283,49.787632
TID2013,0.646723,3.785957,-0.763836,42.2483,25.186930
TID2013,0.683761,4.241587,0.841741,40.1801,22.910013
TID2013,0.616959,7.620908,5.594097,5.5373,40.458866
TID2013,0.474474,11.120541,9.708048,-19.5191,55.367443
TID2013,0.426901,15.093865,12.938655,-36.2641,62.945171
TID2013,0.342106,13.335551,13.740547,-38.5363,68.615654
TID2013,0.358974,14.843948,13.667580,-38.3414,60.456951
TID2013,0.401709,15.401031,14.488079,-38.3116,72.053261
TID2013,0.374269,15.701471,13.964199,-38.7439,84.993668
TID2013,0.464388,12.872921,11.076170,-41.6925,113.823570
TID2013,0.680912,0.207205,-15.822957,89.9239,4.713360
TID2013,0.678062,0.814765,-12.035887,75.0314,7.792976
TID2013,0.669516,0.960761,-11.889387,60.5234,15.709693
TID2013,0.619883,3.522026,-3.796550,26.7517,22.941864
TID2013,0.569801,3.895425,-4.272356,6.3967,31.284311
TID2013,0.634503,2.052665,-6.922001,73.7487,8.462181
TID2013,0.732193,5.392281,1.791213,45.0728,8.618374
TID2013,0.507508,6.670183,3.961638,22.6387,20.789316
TID2013,0.729344,12.608074,7.931541,-4.3215,17.785686
TID2013,0.410257,20.252414,18.221680,-52.1613,44.774216
TID2013,0.501424,2.198886,-10.628876,54.1593,25.968960
TID2013,0.452991,4.102762,-6.802628,36.0125,35.792961
TID2013,0.424501,7.206468,-0.491180,14.3245,43.769188
TID2013,0.403509,10.261784,2.694447,-8.0875,50.195869
TID2013,0.368421,12.146477,5.222849,-23.3084,53.149910
TID2013,0.619883,2.040443,-3.614257,63.7398,4.718356
TID2013,0.602339,3.456067,-0.306432,48.7124,6.439760
TID2013,0.519520,5.755724,2.090528,28.9446,8.742867
TID2013,0.468469,9.226507,5.317802,4.5853,11.191615
TID2013,0.430199,14.213141,9.509986,-20.2279,14.979903
TID2013,0.649572,1.612198,-6.990382,69.7974,3.648116
TID2013,0.598291,3.237335,-0.933431,52.0183,5.379706
TID2013,0.492878,6.865253,3.940078,19.2501,9.355875
TID2013,0.397661,14.740372,12.503549,-28.5497,15.632882
TID2013,0.318318,33.533320,32.932358,-63.9001,29.971285
TID2013,0.611111,2.675283,-2.099880,56.4000,5.012069
TID2013,0.575499,4.625379,0.902728,35.2965,7.117404
TID2013,0.472934,7.650499,3.695267,9.9405,11.494333
TID2013,0.418803,13.067334,9.184891,-23.0597,13.574006
TID2013,0.279202,25.661210,23.558496,-58.9058,25.269545
TID2013,0.663742,1.800526,-5.002731,66.2621,7.797270
TID2013,0.541310,3.479360,0.989555,44.2312,12.028644
TID2013,0.498499,5.712733,3.770142,23.2325,15.964059
TID2013,0.447531,8.077777,5.985860,8.7688,18.450771
TID2013,0.361823,15.535957,11.950562,-19.5495,41.981544
TID2013,0.683761,1.952312,-4.143011,76.9114,5.682581
TID2013,0.660969,3.074311,0.405117,57.3745,10.395652
TID2013,0.505848,8.839808,7.774471,13.8527,17.889753
TID2013,0.289473,18.841873,19.583906,-40.2165,36.991776
TID2013,0.160819,31.359985,34.230598,-63.4939,46.734951
TID2013,0.606838,2.454420,-3.500684,62.4233,5.127377
TID2013,0.532163,4.652321,1.842255,39.4498,8.422606
TID2013,0.390313,9.647795,8.066525,-2.0990,15.964320
TID2013,0.207207,22.009043,20.705055,-55.8668,28.124546
TID2013,0.040936,42.006207,40.765385,-65.6278,51.335537
TID2013,0.615616,1.500948,-5.630059,72.4865,3.536318
TID2013,0.573573,2.476028,-1.388876,60.3718,4.417322
TID2013,0.594594,4.021795,0.674272,44.8887,5.995739
TID2013,0.476190,6.493206,3.486122,25.6675,8.537518
TID2013,0.429012,10.447571,7.397763,0.0717,12.394659
TID2013,0.617284,0.780868,-9.634623,83.7324,1.863277
TID2013,0.653968,1.229783,-5.898470,76.8883,2.571848
TID2013,0.604938,2.038840,-2.288692,66.5691,3.535321
TID2013,0.577160,3.338638,0.088317,52.7036,4.985519
TID2013,0.527778,5.621370,3.031964,32.8175,6.748549
TID2013,0.555556,3.592387,-0.026734,47.9585,5.564335
TID2013,0.492492,5.916351,2.521961,25.0403,7.754866
TID2013,0.425397,9.470690,5.960169,0.1930,12.093368
TID2013,0.363363,15.124868,11.739315,-28.9529,15.712191
TID2013,0.324074,22.953328,19.770245,-53.2615,22.833944
TID2013,0.607843,0.789608,-8.902211,82.8707,2.627232
TID2013,0.624624,1.130869,-5.525260,77.6458,3.541297
TID2013,0.587301,1.750603,-0.951815,69.2580,5.149347
TID2013,0.577160,2.784999,0.834299,56.9680,7.703282
TID2013,0.519520,4.636229,2.777057,37.8237,12.418947
TID2013,0.669670,0.936057,-7.994554,78.0137,3.182647
TID2013,0.645062,1.506134,-3.456410,69.4695,4.225639
TID2013,0.588589,3.399877,0.581111,48.5742,6.666751
TID2013,0.466049,7.727159,5.702623,14.2094,10.578045
TID2013,0.339507,16.882022,14.978846,-36.9512,21.722109
TID2013,0.521604,3.860541,1.122739,-1.5787,17.675674
TID2013,0.487654,5.168658,2.943572,-13.6040,20.942993
TID2013,0.441441,8.097510,6.289380,-39.7348,21.547134
TID2013,0.393393,11.604773,10.022086,-54.1198,31.970276
TID2013,0.336508,16.770127,15.657608,-61.7156,36.310966
TID2013,0.618619,2.581767,-2.690279,59.8593,6.005446
TID2013,0.533333,5.235227,1.438414,32.8578,8.918313
TID2013,0.503087,8.628933,5.140534,11.6996,9.268987
TID2013,0.437909,16.685817,13.997676,-29.1723,14.508561
TID2013,0.306307,24.310079,19.457371,-52.3414,30.178169
TID2013,0.549207,1.146452,-9.232283,79.6875,5.399619
TID2013,0.507937,2.516392,-1.719343,64.0474,9.687651
TID2013,0.417418,5.718553,4.042898,38.5782,16.318552
TID2013,0.317460,11.979518,10.641057,1.0338,24.685080
TID2013,0.259259,22.598865,21.908653,-44.5884,32.953930
TID2013,0.645646,1.915161,-4.514171,66.7855,2.810431
TID2013,0.651651,3.059509,-0.422284,54.0511,4.124865
TID2013,0.518519,5.973055,3.384671,26.9369,6.911583
TID2013,0.370370,11.774586,10.289346,-13.7396,12.599504
TID2013,0.219136,25.254926,24.825775,-59.7980,19.436716
TID2013,0.645646,1.036371,-9.905405,77.8249,2.379433
TID2013,0.627628,1.867131,-5.773805,67.2292,3.345177
TID2013,0.558642,4.418525,1.231594,41.1212,5.853691
TID2013,0.387388,12.804302,11.217639,-16.5502,11.290697
TID2013,0.252252,25.260160,24.487053,-60.4811,19.916515
TID2013,0.651234,1.617039,-6.915277,71.8252,3.465939
TID2013,0.603174,2.758063,-1.884667,58.2004,3.864398
TID2013,0.496913,5.043640,1.872233,36.6931,6.554828
TID2013,0.323810,14.380654,11.976418,-24.6875,13.947207
TID2013,0.108024,31.721391,29.927502,-64.0152,29.660089
TID2013,0.623457,2.086344,-5.734002,58.5329,15.496475
TID2013,0.663580,5.669906,1.849724,16.5714,15.384308
TID2013,0.513513,5.850787,3.074762,31.3472,19.088732
TID2013,0.419753,9.314318,8.748361,-12.1795,31.382698
TID2013,0.225309,16.354942,14.302876,-40.4822,29.459652
TID2013,0.453703,7.258614,5.754979,3.2757,16.823341
TID2013,0.504504,3.660972,-0.488824,45.6138,8.668283
TID2013,0.361111,16.116275,14.233587,-34.4664,32.011696
TID2013,0.305556,15.142390,11.141128,-35.8233,23.579168
TID2013,0.253087,27.977244,24.899734,-61.7586,40.196888
TID2013,0.648148,3.216679,-2.479260,42.2145,26.852379
TID2013,0.606349,4.822430,1.838882,35.5746,21.799788
TID2013,0.588589,8.020276,6.228743,-5.2782,40.900524
TID2013,0.574074,13.730444,10.934989,-27.3596,59.787876
TID2013,0.487654,17.794156,14.914365,-51.1107,65.539711
TID2013,0.354354,12.220621,12.408315,-38.7732,53.228546
TID2013,0.376543,15.695507,15.378421,-47.3737,63.464794
TID2013,0.388889,17.054421,15.599906,-52.1702,73.374077
TID2013,0.408409,16.097021,13.216770,-55.1964,87.449722
TID2013,0.388889,15.212631,12.658265,-37.3502,82.380150
TID2013,0.678679,0.235348,-15.735662,88.2575,4.821074
TID2013,0.657658,0.433906,-14.670551,78.3923,7.968977
TID2013,0.632716,1.695379,-6.850487,49.9138,16.073465
TID2013,0.549550,2.006840,-8.340017,33.1201,23.448412
TID2013,0.507508,7.845078,0.607015,-20.0718,31.683466
TID2013,0.621621,2.058413,-6.483436,71.2243,6.308300
TID2013,0.750000,5.897569,2.024090,42.9159,11.967354
TID2013,0.482540,6.844054,4.472543,13.9426,16.063421
TID2013,0.759760,14.235357,8.224311,-9.5193,23.406103
TID2013,0.357358,21.398296,19.238636,-59.2959,33.422157
TID2013,0.506173,1.178207,-12.350079,72.1121,16.057976
TID2013,0.474474,1.963529,-10.037563,62.0987,23.586075
TID2013,0.398148,3.475861,-6.465684,47.4830,32.178001
TID2013,0.382353,6.028592,-2.236633,29.4784,40.520313
TID2013,0.390390,9.153683,2.098871,10.0088,51.067963
TID2013,0.627628,1.657498,-4.406809,69.5264,4.464289
TID2013,0.567901,2.628789,-0.401959,57.9222,5.810992
TID2013,0.516517,4.324759,1.646521,42.8648,7.268446
TID2013,0.441270,6.896925,4.335675,22.4994,11.274271
TID2013,0.402402,10.505222,8.030641,1.5501,14.999076
TID2013,0.669841,1.042939,-9.348887,75.9007,3.048670
TID2013,0.621621,1.807195,-5.190574,65.5523,4.400877
TID2013,0.594594,3.411229,-0.580046,49.5965,5.316464
TID2013,0.543210,7.550501,4.153588,18.2615,7.803762
TID2013,0.404321,18.572275,15.904909,-36.4211,16.796572
TID2013,0.633633,2.151338,-3.935481,64.1849,3.558721
TID2013,0.601852,3.623189,0.021219,48.0402,5.656322
TID2013,0.489490,6.388921,2.666960,22.8562,7.945724
TID2013,0.429012,10.947489,7.090190,-6.9590,13.345126
TID2013,0.294294,19.803777,16.896273,-46.9559,17.776524
TID2013,0.618619,1.602869,-5.757092,68.9191,7.386170
TID2013,0.600601,2.584202,-0.505634,52.2550,12.595484
TID2013,0.543543,5.827726,3.453152,23.1602,16.259281
TID2013,0.405406,11.333067,7.610062,-9.5874,40.028557
TID2013,0.280864,19.313856,15.542740,-40.9628,42.669476
TID2013,0.651651,1.325800,-6.975513,76.8586,3.202963
TID2013,0.648649,2.723787,-0.302876,62.5146,5.890952
TID2013,0.660661,4.283911,1.955638,48.8521,9.055439
TID2013,0.585586,7.594957,6.117701,23.4754,15.492911
TID2013,0.306307,19.313035,19.627939,-39.3406,31.699835
TID2013,0.657658,1.715550,-6.590577,69.6332,2.985661
TID2013,0.608024,3.170742,-0.940843,53.2688,4.514267
TID2013,0.514286,5.986785,3.070836,27.6414,6.815998
TID2013,0.320634,12.749803,10.680757,-20.5668,14.432485
TID2013,0.064814,29.509885,27.572876,-63.8916,36.004654
TID2013,0.660661,1.900760,-5.003903,67.5443,3.908430
TID2013,0.552469,3.223954,-0.682089,53.5316,4.818573
TID2013,0.532163,5.507575,1.612572,34.2557,6.544118
TID2013,0.459877,9.140029,5.175519,10.2343,9.149674
TID2013,0.418129,14.560867,10.098339,-16.1927,11.996172
TID2013,0.675676,0.869283,-9.741881,82.4194,2.281924
TID2013,0.663663,1.425558,-5.825704,74.9302,3.759345
TID2013,0.614036,2.386769,-2.319803,64.0015,4.495753
TID2013,0.561403,4.046164,0.265358,48.3861,5.745714
TID2013,0.504504,6.713150,3.418943,28.9924,7.836498
TID2013,0.507508,4.653151,0.898448,32.8802,7.182466
TID2013,0.462462,7.789593,4.145951,5.9800,9.532110
TID2013,0.417418,12.980219,9.409914,-23.8410,13.730051
TID2013,0.345029,21.243353,18.040962,-51.7399,19.064779
TID2013,0.301170,31.821879,28.826565,-63.6433,27.874628
TID2013,0.657658,1.046898,-7.690063,77.8759,4.133063
TID2013,0.614036,1.517100,-4.258230,71.4276,5.864441
TID2013,0.578948,2.397060,-0.153393,61.9016,9.240927
TID2013,0.522522,3.933318,1.939431,47.7274,14.318745
TID2013,0.420420,6.295510,4.907075,27.0330,21.199228
TID2013,0.627628,1.154946,-7.366084,75.7589,3.362484
TID2013,0.645646,1.915563,-2.823287,66.3582,4.540049
TID2013,0.578948,4.472103,1.204935,44.0148,7.270325
TID2013,0.483483,10.197408,7.201353,11.4043,11.482844
TID2013,0.406432,21.153917,18.109875,-31.3852,18.459723
TID2013,0.564564,2.497534,-2.081765,51.2890,12.616463
TID2013,0.535088,5.258498,2.843184,36.2273,15.298783
TID2013,0.495496,8.148765,5.671675,18.7790,18.693613
TID2013,0.453453,12.054659,9.348733,-0.5396,20.388741
TID2013,0.416667,18.649350,15.401711,-25.4645,24.410269
TID2013,0.521604,3.984210,0.407104,43.8125,7.080270
TID2013,0.488304,6.292873,2.806209,21.2873,13.378023
TID2013,0.464912,12.317596,8.584852,-20.0910,15.965171
TID2013,0.354354,17.504841,13.535921,-43.9314,22.542282
TID2013,0.336420,26.655288,21.859913,-61.6483,28.328917
TID2013,0.687134,1.788584,-5.846673,83.8164,8.277445
TID2013,0.608187,4.168011,2.112391,70.8047,14.742211
TID2013,0.502924,8.816508,7.152787,49.6979,25.315619
TID2013,0.400584,15.583586,14.535157,18.9743,39.561428
TID2013,0.308642,24.822881,24.282583,-24.4886,55.293873
TID2013,0.701754,2.298251,-3.736698,61.6365,3.741766
TID2013,0.614198,3.526645,-0.092657,47.7542,4.851079
TID2013,0.526316,6.597778,4.200075,19.1747,10.194016
TID2013,0.381381,11.745798,9.893686,-14.6789,15.647577
TID2013,0.250793,21.183611,20.781229,-50.0633,33.020096
TID2013,0.675676,1.039331,-10.399986,77.9147,2.750878
TID2013,0.654971,1.871730,-5.894761,66.6738,3.542975
TID2013,0.567251,4.854744,2.067529,33.8936,6.634760
TID2013,0.345029,13.421562,11.691107,-31.2954,13.115026
TID2013,0.248538,26.104449,24.321802,-60.9550,19.064323
TID2013,0.600601,2.723433,-3.082194,56.8994,4.202664
TID2013,0.519520,6.041621,3.371701,23.2335,7.379215
TID2013,0.308642,15.074466,13.304818,-33.8124,17.578928
TID2013,0.216374,23.198701,22.015444,-58.1186,35.478821
TID2013,0.090643,38.830685,39.004356,-64.8086,54.015205
TID2013,0.611111,3.211832,-0.636271,51.0860,8.212846
TID2013,0.561403,4.638607,0.506889,41.1065,16.972794
TID2013,0.405406,8.499495,5.210510,20.5798,27.044226
TID2013,0.342106,17.550503,18.521191,-42.1710,71.995544
TID2013,0.342342,25.498219,17.289608,-48.8256,115.669952
TID2013,0.597598,5.051846,2.493648,21.8327,13.019960
TID2013,0.507508,5.870171,2.493220,21.0960,8.074345
TID2013,0.359649,14.730804,12.032715,-31.9937,17.550182
TID2013,0.314814,25.955368,24.280804,-59.9772,38.009151
TID2013,0.444444,12.599647,9.247072,-34.8049,40.776024
TID2013,0.616959,5.217670,3.410468,22.6663,29.700520
TID2013,0.684210,3.477481,-1.168054,46.8029,29.607574
TID2013,0.504504,6.183373,3.035920,22.2553,46.249401
TID2013,0.497076,8.878220,7.261047,-2.8197,52.668461
TID2013,0.396397,13.675363,12.047276,-32.7615,68.900955
TID2013,0.388889,14.104727,14.566164,-43.6023,56.515217
TID2013,0.390477,17.404246,17.065983,-49.1146,65.634827
TID2013,0.406432,17.349357,17.036531,-49.0359,78.729492
TID2013,0.453217,15.405414,13.906291,-50.5815,98.275627
TID2013,0.504762,15.560554,15.632308,-42.3025,84.510406
TID2013,0.725147,0.198335,-16.099577,90.2052,4.770328
TID2013,0.699700,1.162995,-9.506887,72.5997,7.889721
TID2013,0.672514,0.953358,-12.723677,64.4196,16.311834
TID2013,0.679012,5.227503,-0.681028,22.6864,24.000950
TID2013,0.630631,2.858386,-6.828164,19.8902,33.870361
TID2013,0.695907,2.017439,-7.187375,73.7885,8.144528
TID2013,0.757310,5.759561,1.598497,44.4794,10.431651
TID2013,0.534534,6.341524,3.232705,24.5174,20.905005
TID2013,0.695907,14.340644,7.551217,-9.0874,21.215031
TID2013,0.447369,18.332524,14.696751,-48.6812,42.730015
TID2013,0.627628,0.886101,-12.802729,74.2425,12.760695
TID2013,0.594594,1.489425,-9.976341,63.8795,18.223743
TID2013,0.555556,2.536677,-5.889892,49.9293,24.817196
TID2013,0.498499,4.533722,-1.750463,30.5147,33.664078
TID2013,0.477478,7.872937,2.048836,5.2853,45.086952
TID2013,0.636637,2.241937,-2.993958,62.7619,4.722908
TID2013,0.612612,3.790546,-0.109288,46.9746,6.962476
TID2013,0.588589,6.291136,2.576263,27.0251,8.976256
TID2013,0.523392,10.503797,6.405170,2.3135,11.663915
TID2013,0.447369,16.520920,11.857377,-25.0818,16.237295
TID2013,0.620370,1.682778,-6.831746,68.1869,3.564283
TID2013,0.586420,3.686707,0.018042,47.4814,5.056297
TID2013,0.492492,8.789557,5.857075,6.4928,8.557622
TID2013,0.400584,21.497926,19.574961,-51.4468,19.393414
TID2013,0.311729,41.335036,41.100735,-64.9192,30.873049
TID2013,0.573099,3.130356,-0.813854,50.9277,4.539401
TID2013,0.549550,5.549881,1.726195,26.8704,6.880368
TID2013,0.447369,9.239437,5.506874,-1.4944,9.694907
TID2013,0.336420,15.307182,11.518189,-30.6950,15.209521
TID2013,0.222222,26.046400,24.119902,-59.4934,39.266033
TID2013,0.583333,2.062836,-3.688860,58.5198,10.989264
TID2013,0.570176,3.078010,-0.435040,46.8461,10.437121
TID2013,0.507508,6.172249,3.899230,17.2260,14.755076
TID2013,0.388889,12.666429,8.682238,-16.1992,39.794903
TID2013,0.291291,20.658233,16.231800,-37.3962,45.073067
TID2013,0.672672,1.550331,-5.697224,72.2206,4.252757
TID2013,0.687134,3.488901,0.982864,49.3781,9.204977
TID2013,0.543860,7.471327,6.675275,19.3572,12.776002
TID2013,0.354354,14.415286,15.362735,-26.3449,27.280476
TID2013,0.245614,25.723782,28.394485,-60.8269,50.138985
TID2013,0.651651,3.040748,-1.174567,54.0800,4.195197
TID2013,0.486487,6.051383,3.431194,26.8291,6.892338
TID2013,0.342106,12.245164,10.322982,-17.7914,17.628065
TID2013,0.219298,23.655075,22.665035,-58.8177,34.465942
TID2013,0.045046,39.553084,39.304714,-65.0374,49.726200
TID2013,0.614987,1.264500,-7.157444,76.8440,2.730194
TID2013,0.602778,1.993557,-2.861633,67.2374,4.352397
TID2013,0.563308,3.230527,0.203862,53.5207,5.102180
TID2013,0.532300,5.239518,2.101891,34.8920,7.155653
TID2013,0.447090,8.437820,4.980711,10.9495,8.859540
TID2013,0.589947,0.704898,-10.078730,85.8845,1.739671
TID2013,0.615177,1.081527,-6.458966,80.3116,2.343353
TID2013,0.625323,1.699383,-3.214217,72.2053,3.344968
TID2013,0.600529,2.720337,-0.180961,60.6745,4.459862
TID2013,0.518519,4.434140,1.682564,43.4374,6.147046
TID2013,0.571429,2.994546,-1.165030,55.0726,5.073385
TID2013,0.563492,4.804256,1.188387,35.7493,6.498286
TID2013,0.462963,7.878599,4.372055,9.5153,8.650392
TID2013,0.407408,12.769548,9.144522,-20.5961,14.919620
TID2013,0.306878,19.948617,16.159557,-49.1187,19.282017
TID2013,0.636857,0.804297,-8.916353,85.4428,2.570758
TID2013,0.608333,1.099328,-5.892426,81.4342,3.710205
TID2013,0.617571,1.644634,-1.470512,74.4627,6.027974
TID2013,0.604336,2.459598,0.502410,64.8299,9.929770
TID2013,0.547619,3.952802,1.826664,49.0910,16.892130
TID2013,0.595238,0.820636,-8.968851,81.9863,2.793708
TID2013,0.560847,1.271193,-4.873970,75.0400,3.725475
TID2013,0.612403,2.702576,0.103917,57.3227,5.675486
TID2013,0.462963,5.994851,3.185812,27.0383,9.374187
TID2013,0.343916,13.862955,9.962278,-25.0610,15.526142
TID2013,0.505556,2.250598,-2.820839,45.9732,10.036933
TID2013,0.472868,3.321293,0.880576,27.1581,12.663398
TID2013,0.407408,4.746395,2.685738,7.2414,13.304937
TID2013,0.382429,7.232318,5.566490,-15.9252,15.786755
TID2013,0.343916,11.280826,9.632058,-41.7777,21.946625
TID2013,0.636111,1.636212,-5.185222,72.8381,5.950921
TID2013,0.590786,2.817413,-0.268313,60.2433,9.182634
TID2013,0.515873,4.857435,1.498446,39.5887,9.395056
TID2013,0.379403,9.828823,5.881720,2.3695,12.229453
TID2013,0.314363,21.616063,17.025936,-55.5367,21.011238
TID2013,0.534391,1.591442,-7.028836,73.6340,7.336868
TID2013,0.439153,3.476902,0.913777,53.5448,12.755019
TID2013,0.346883,7.665787,5.938738,22.5108,22.169994
TID2013,0.286822,15.520559,13.199080,-20.3309,35.528004
TID2013,0.193122,27.484003,25.235615,-59.0671,51.712116
TID2013,0.563686,2.018120,-3.288422,66.7238,2.622230
TID2013,0.529716,3.565614,0.453961,49.2867,3.649302
TID2013,0.354006,7.857212,5.127075,12.0769,6.823688
TID2013,0.240741,16.085106,13.762221,-34.2902,12.766744
TID2013,0.054200,32.323840,30.979811,-64.1384,24.598448
TID2013,0.609819,1.114737,-8.998119,76.1863,2.987670
TID2013,0.607236,2.106234,-4.265900,64.6989,3.453543
TID2013,0.497222,4.932618,1.615326,37.5264,4.902568
TID2013,0.361757,13.524903,10.315946,-21.6033,9.016642
TID2013,0.129199,27.239178,22.928492,-62.4439,15.342838
TID2013,0.591731,0.969244,-10.623899,79.5006,2.206906
TID2013,0.591731,1.671476,-6.623791,70.8191,2.873470
TID2013,0.521164,3.069770,-1.264515,56.0603,3.881011
TID2013,0.483204,6.031610,2.880523,29.4508,6.124439
TID2013,0.264550,17.515154,13.608830,-41.8623,13.607853
TID2013,0.581396,1.929204,-5.808826,67.3231,11.354385
TID2013,0.604651,3.237369,-0.117952,53.2882,12.158386
TID2013,0.568476,7.518001,8.229728,-0.3605,34.994759
TID2013,0.584656,5.395473,3.178961,35.7304,15.085832
TID2013,0.560847,8.168777,4.860615,18.0875,16.316046
CID22,0.329467,3.567462,-0.399499,48.6088,4.797246
CID22,0.440019,3.231272,-0.749431,51.2519,5.433594
CID22,0.491262,2.830882,-2.292636,56.6639,4.747573
CID22,0.493425,2.667242,-2.685429,58.3552,4.055723
CID22,0.503882,3.128881,-1.062532,53.5136,5.298673
CID22,0.519308,3.343869,-0.385820,50.0894,5.460590
CID22,0.522156,3.384950,-0.345239,51.4233,5.166808
CID22,0.530874,2.628444,-3.207164,58.6208,5.192225
CID22,0.531676,2.918559,-1.738722,54.7871,4.530331
CID22,0.538192,3.161989,-0.889776,54.2165,4.645076
CID22,0.575617,2.158777,-4.883114,64.2149,4.117675
CID22,0.584276,2.309220,-3.935416,62.5280,3.507854
CID22,0.601076,2.723953,-2.619919,57.4826,4.677393
CID22,0.603361,2.237940,-5.004163,63.2402,3.619269
CID22,0.612419,2.541083,-3.560972,61.2235,4.062635
CID22,0.616426,2.549605,-3.068736,59.0831,3.733032
CID22,0.618440,2.605723,-2.961017,59.8635,4.171225
CID22,0.620621,2.329764,-4.194634,62.3218,4.729475
CID22,0.632358,2.171683,-5.308031,64.1324,3.794955
CID22,0.636636,1.773312,-6.750266,68.7724,3.838546
CID22,0.659436,2.344038,-4.399618,61.8814,5.090652
CID22,0.666716,2.013506,-5.509324,65.9429,3.345140
CID22,0.675077,2.187966,-5.015770,65.4069,3.507553
CID22,0.683593,1.876774,-6.332353,67.1313,4.660287
CID22,0.684999,1.824046,-6.232747,69.2051,3.415342
CID22,0.685203,1.949749,-6.167470,66.8822,3.855110
CID22,0.688787,2.003365,-5.874376,65.5593,3.524537
CID22,0.692705,1.570728,-7.851319,71.7832,3.020508
CID22,0.699462,2.097670,-5.548554,64.9135,4.405522
CID22,0.701050,2.133051,-5.236247,65.6983,3.941373
CID22,0.713092,1.602724,-7.741176,70.5958,4.422457
CID22,0.714707,1.801539,-6.931700,69.8621,3.068895
CID22,0.717807,1.713640,-7.312410,69.8996,3.047076
CID22,0.718652,1.608318,-7.300339,71.5496,3.070604
CID22,0.719352,1.647202,-7.361457,72.0963,2.823739
CID22,0.727053,1.377846,-8.512211,73.8003,2.847790
CID22,0.731922,1.705170,-7.319788,69.6171,3.691975
CID22,0.738760,1.681648,-7.303183,71.0426,3.175277
CID22,0.738810,1.599945,-7.993229,70.8873,3.043110
CID22,0.740098,1.546140,-8.175275,71.3757,2.997247
CID22,0.742513,1.564770,-8.021045,72.0608,3.283759
CID22,0.750724,1.695546,-7.391779,70.9554,2.977271
CID22,0.753050,1.438135,-8.337831,74.0749,2.765817
CID22,0.754029,1.431619,-8.510751,74.3874,2.796275
CID22,0.768568,1.151495,-9.854541,76.5852,3.355994
CID22,0.769118,1.452576,-8.624700,72.7819,3.001997
CID22,0.769394,1.462807,-8.582522,73.2112,3.001781
CID22,0.770171,1.459428,-8.606190,72.7348,4.092526
CID22,0.783831,1.334233,-9.243214,75.1543,2.535545
CID22,0.785150,1.273840,-9.237803,76.3699,2.608772
CID22,0.785828,1.292141,-9.562216,76.3306,2.425306
CID22,0.786128,1.388506,-9.016122,73.8933,2.818693
CID22,0.787730,1.216114,-9.621415,76.7082,2.391295
CID22,0.789276,1.281084,-9.464977,74.8535,3.184583
CID22,0.794030,1.431036,-8.876251,73.9860,3.007828
CID22,0.798532,1.254212,-9.614875,75.3075,2.500572
CID22,0.802234,0.872787,-11.230424,80.4308,2.405863
CID22,0.813157,1.124410,-10.387957,77.3283,2.478154
CID22,0.813296,1.044554,-10.463683,79.0196,2.157372
CID22,0.817342,1.089235,-10.639902,79.0232,2.152210
CID22,0.817625,1.279661,-9.538531,75.8657,3.082198
CID22,0.817944,1.049676,-10.493003,79.2435,1.930187
CID22,0.820397,1.028016,-10.823540,79.3159,2.254687
CID22,0.827655,1.223734,-9.923552,76.1430,2.903912
CID22,0.829612,1.108002,-10.351783,77.4794,2.306796
CID22,0.836305,1.035057,-10.845439,78.7039,2.623752
CID22,0.840075,0.725226,-12.192047,82.9596,2.120280
CID22,0.844065,1.138054,-10.353333,77.8576,2.527919
CID22,0.848202,0.928064,-11.114152,80.9709,1.949494
CID22,0.854110,0.802201,-11.874632,82.6879,1.655455
CID22,0.856416,0.920447,-11.462259,81.6657,1.795337
CID22,0.856882,0.895957,-11.741516,81.8193,1.904792
CID22,0.858218,1.002840,-11.058402,79.2239,2.408688
CID22,0.864861,1.080162,-10.574102,78.1119,2.552497
CID22,0.865306,0.926356,-11.460460,80.4217,2.549678
CID22,0.867325,1.086182,-10.578534,78.8991,2.510797
CID22,0.869258,0.466551,-13.920415,87.7091,1.894343
CID22,0.872814,0.583677,-13.170549,86.1396,1.337086
CID22,0.874085,0.733693,-12.188382,83.2246,1.685589
CID22,0.875229,0.765616,-12.454565,83.0972,1.846765
CID22,0.877767,0.976121,-11.194422,80.3179,2.517575
CID22,0.878174,0.471110,-14.316154,88.7496,1.390531
CID22,0.879344,0.758897,-12.346350,83.2743,2.329142
CID22,0.879503,0.532916,-13.873146,87.7284,1.546958
CID22,0.879768,0.958235,-11.325426,80.0789,2.473437
CID22,0.881856,0.279145,-15.249128,91.0637,1.193609
CID22,0.884868,0.343702,-14.834326,90.4363,0.883364
CID22,0.886955,0.572809,-13.650104,86.3773,1.747155
CID22,0.889513,0.846352,-12.014831,82.5242,2.247177
CID22,0.895437,0.741027,-12.496322,83.2693,1.941991
CID22,0.364475,4.429991,1.351861,42.6810,10.633248
CID22,0.396795,4.454845,1.786270,43.7839,10.344090
CID22,0.407125,3.834639,0.381391,48.0280,9.313756
CID22,0.420300,3.591036,-0.311945,50.6433,9.321918
CID22,0.430843,3.770711,0.102109,48.2045,11.535268
CID22,0.430850,3.347938,-0.114121,51.7475,6.716361
CID22,0.450771,3.419463,-0.873564,50.9845,9.044440
CID22,0.451289,3.633695,0.372492,51.2417,9.317697
CID22,0.462913,3.984896,0.937043,44.8341,9.277164
CID22,0.464170,3.839575,0.643453,47.5276,7.709556
CID22,0.469791,2.882014,-2.641913,57.6693,8.011668
CID22,0.474282,3.172433,-1.590921,55.5379,8.612100
CID22,0.482645,3.213017,-1.450471,55.4649,8.818076
CID22,0.485844,3.036831,-0.658485,54.7618,5.450253
CID22,0.488780,3.383161,0.000260,53.7998,9.529150
CID22,0.489771,2.922145,-2.498753,56.4404,9.596624
CID22,0.493847,3.395777,-0.681586,51.2395,9.152218
CID22,0.498735,2.808821,-2.661537,59.0647,7.596331
CID22,0.498784,3.161550,-0.759447,55.0137,6.716709
CID22,0.508421,2.863913,-2.746506,58.8426,8.045588
CID22,0.512242,2.600910,-3.737151,61.0914,7.012423
CID22,0.515782,2.754977,-3.140070,58.8203,8.474514
CID22,0.516097,2.319199,-4.819707,62.6122,4.841445
CID22,0.517006,2.585647,-2.873613,62.1116,6.544584
CID22,0.517974,3.083732,-1.872611,55.2330,9.300647
CID22,0.521000,2.588958,-3.010990,59.3984,4.603804
CID22,0.523334,2.577823,-3.801731,62.1356,7.587836
CID22,0.526534,2.510901,-4.461798,62.2709,7.599061
CID22,0.529207,2.615789,-3.162709,61.2565,6.832297
CID22,0.530548,2.529123,-4.041241,63.0947,7.240520
CID22,0.536218,2.371546,-3.968105,64.6657,6.125090
CID22,0.536689,2.759943,-3.212237,59.0046,8.089904
CID22,0.539628,2.399775,-5.044522,63.4717,7.589921
CID22,0.543258,2.412494,-4.530457,63.6476,7.640330
CID22,0.546430,2.354238,-5.108501,64.0127,7.523644
CID22,0.546630,2.316215,-5.371910,65.3513,7.611362
CID22,0.563517,2.423096,-4.439864,63.7083,6.529675
CID22,0.565872,1.925068,-6.726341,67.8187,3.909218
CID22,0.568717,2.231238,-4.857497,66.2115,5.964950
CID22,0.574288,2.003748,-5.924282,66.0917,3.960629
CID22,0.575329,2.479299,-4.677747,62.9464,7.048677
CID22,0.582611,2.107169,-5.937136,66.9302,5.836582
CID22,0.603075,2.214763,-5.473187,65.8162,7.334242
CID22,0.606176,1.835278,-7.037554,68.6462,3.819674
CID22,0.615884,2.225900,-5.817687,65.9384,7.362746
CID22,0.622349,1.963421,-6.929309,69.6966,7.290482
CID22,0.627764,2.217248,-5.823508,66.3562,7.276967
CID22,0.631734,1.734562,-7.743538,70.5187,4.558261
CID22,0.632216,2.055600,-6.434011,68.0414,6.708591
CID22,0.635862,1.813873,-6.852562,70.0968,5.707203
CID22,0.648822,1.808431,-7.320645,70.5383,6.003057
CID22,0.651648,1.609924,-8.258710,71.5812,2.921230
CID22,0.670754,2.081040,-6.478055,67.6310,7.854434
CID22,0.678001,2.071667,-6.621906,68.4784,7.189851
CID22,0.679661,1.538594,-8.968262,73.1289,3.325248
CID22,0.695155,1.590080,-8.490059,73.4743,5.500615
CID22,0.697247,1.605129,-8.049376,72.6863,4.805647
CID22,0.697762,1.345744,-9.623153,74.6475,2.744259
CID22,0.698215,1.912441,-7.052829,70.2076,6.947400
CID22,0.705587,1.882099,-7.348094,71.1199,7.042462
CID22,0.711580,1.545926,-8.681142,74.1054,5.751974
CID22,0.719352,2.014148,-6.828651,68.4906,7.630059
CID22,0.733479,1.944853,-7.129229,70.1238,7.537856
CID22,0.733482,1.474030,-9.344178,73.8648,3.421229
CID22,0.752262,1.138516,-10.814601,77.9376,2.529436
CID22,0.772817,1.445637,-9.345484,75.7303,5.413394
CID22,0.772931,1.765692,-8.072567,72.0296,6.356333
CID22,0.781831,1.930396,-7.208332,69.3863,7.034099
CID22,0.787079,1.399285,-9.689961,74.8111,2.952851
CID22,0.794923,1.881522,-7.511021,71.0963,6.794734
CID22,0.796498,1.791624,-7.734428,72.0812,6.930773
CID22,0.797742,1.383529,-9.311018,75.1361,4.768894
CID22,0.800122,1.423274,-9.305133,76.0237,5.504228
CID22,0.809877,0.880437,-12.502706,81.9430,1.965807
CID22,0.822803,1.249345,-10.504133,76.8905,2.980504
CID22,0.833401,1.716121,-8.262310,72.8875,6.922022
CID22,0.835314,1.815873,-7.796516,70.8346,7.571954
CID22,0.835782,0.515259,-14.359533,85.9467,2.267998
CID22,0.839081,1.655550,-8.627514,73.9781,7.036331
CID22,0.839709,1.156631,-10.615862,79.3779,5.409343
CID22,0.839734,0.650594,-13.957246,85.7816,1.876749
CID22,0.840389,1.587414,-8.923266,74.0742,6.543496
CID22,0.842036,1.131956,-11.186251,78.5776,3.063771
CID22,0.849942,1.607675,-8.916355,74.5599,6.924263
CID22,0.853427,1.076172,-11.586030,79.4235,2.628905
CID22,0.855037,0.328601,-15.846467,89.6990,1.435344
CID22,0.859731,1.565897,-9.123443,75.2571,6.819384
CID22,0.864244,0.382111,-15.693532,90.0399,1.136710
CID22,0.866728,0.962678,-12.190895,80.8421,2.602078
CID22,0.888468,0.864602,-12.815812,82.5636,2.366172
CID22,0.428717,3.301698,-1.139583,49.0309,6.290411
CID22,0.462179,2.533526,-3.042471,56.4662,6.654121
CID22,0.490933,2.719451,-2.162324,56.9077,5.349709
CID22,0.521864,2.496425,-3.117988,57.8818,5.985908
CID22,0.522338,2.972102,-1.652030,52.9448,6.430519
CID22,0.523216,2.912561,-1.727222,53.4830,7.309893
CID22,0.530807,2.490225,-3.294623,60.2459,5.202723
CID22,0.533235,2.143766,-4.661737,62.2894,4.976749
CID22,0.566478,2.313489,-4.259555,59.4460,5.550559
CID22,0.566725,2.199600,-4.442132,62.2496,4.837184
CID22,0.569649,2.712849,-2.223717,56.5653,6.214835
CID22,0.597309,2.482608,-3.667821,59.4788,5.183636
CID22,0.608283,2.485297,-3.443307,59.0879,5.011077
CID22,0.625125,2.035043,-5.370777,63.7216,5.413819
CID22,0.627067,2.022038,-5.399638,66.1679,5.118382
CID22,0.637010,1.795240,-6.704064,66.4432,4.342982
CID22,0.639279,2.052971,-5.354447,63.4972,4.116451
CID22,0.644732,1.937731,-5.627100,66.0827,4.480805
CID22,0.651507,2.141864,-4.894735,62.7676,4.882680
CID22,0.655638,2.215015,-4.499467,62.5812,5.066405
CID22,0.657843,2.238916,-4.693332,62.6600,5.515722
CID22,0.669749,1.761916,-6.749076,68.9566,4.828696
CID22,0.679430,1.540257,-7.706388,70.7061,4.315625
CID22,0.683115,1.738326,-6.721727,67.5002,5.025352
CID22,0.690916,1.910902,-6.167879,66.4546,4.044480
CID22,0.698916,1.606652,-7.767812,69.5805,3.684304
CID22,0.701428,1.714315,-6.856289,69.1918,4.120225
CID22,0.701674,1.926467,-6.382099,66.4883,4.664854
CID22,0.708292,1.790872,-6.665642,68.3446,4.728058
CID22,0.712081,1.420522,-8.772766,72.2015,6.003257
CID22,0.716071,1.485650,-8.057452,72.7251,3.921294
CID22,0.722784,1.626973,-7.714696,70.0749,3.677995
CID22,0.729379,1.555053,-8.238597,70.9515,3.520425
CID22,0.729998,1.549988,-7.671091,70.2456,4.890378
CID22,0.732701,1.352747,-9.086883,73.2283,2.950145
CID22,0.733848,1.650548,-7.163684,69.8013,3.952686
CID22,0.735703,1.369572,-8.557922,72.4055,3.345650
CID22,0.742387,1.411201,-8.807582,72.4617,3.063535
CID22,0.747282,1.267763,-9.657679,74.6595,3.002861
CID22,0.751646,1.322742,-8.856115,74.7735,3.318680
CID22,0.751790,1.373792,-9.171772,74.1351,3.538122
CID22,0.772319,1.306849,-9.638768,74.4344,3.170996
CID22,0.785626,1.234966,-9.380016,75.3362,3.013646
CID22,0.800066,1.206791,-10.031549,76.7360,2.709828
CID22,0.800904,1.385941,-8.551143,72.7900,4.954867
CID22,0.801135,1.115956,-10.494352,77.1075,2.625015
CID22,0.802929,1.204881,-10.016471,75.6392,2.970328
CID22,0.807118,1.177929,-10.218863,76.6258,2.819247
CID22,0.810787,1.175735,-9.956172,76.9895,3.287073
CID22,0.811516,1.153796,-10.410491,76.6597,2.929923
CID22,0.821828,1.172757,-9.756886,75.5951,4.541673
CID22,0.822083,1.042401,-10.650768,77.7879,2.865705
CID22,0.824698,1.058141,-11.012038,78.3742,2.659058
CID22,0.830947,0.917256,-11.867106,80.5853,2.208865
CID22,0.834652,1.035456,-11.075516,78.6364,3.000223
CID22,0.837700,1.014428,-11.382468,79.1357,2.440358
CID22,0.848478,1.018570,-10.763652,80.0678,2.674240
CID22,0.848938,0.931980,-10.963821,79.3318,3.897648
CID22,0.849290,0.943539,-11.637190,80.1563,2.244021
CID22,0.849958,0.945017,-11.268982,79.8014,2.328390
CID22,0.850934,1.007011,-11.318223,78.9850,2.556999
CID22,0.858809,0.951664,-11.661532,79.7380,2.547059
CID22,0.862881,0.820329,-12.414493,82.6510,2.227474
CID22,0.864208,0.930106,-11.836679,80.3309,2.250415
CID22,0.873934,0.792336,-12.007460,81.9609,3.834911
CID22,0.880934,0.756434,-12.797845,83.0703,1.928344
CID22,0.881339,0.874987,-11.651683,81.9612,2.322442
CID22,0.883267,0.842968,-12.434161,81.4384,2.574306
CID22,0.885324,0.729891,-12.695200,83.2525,1.886948
CID22,0.890132,0.850263,-12.374754,81.6880,2.282133
CID22,0.892817,0.495230,-13.818295,86.4533,2.279575
CID22,0.893099,0.498874,-14.603011,87.7659,1.278124
CID22,0.893129,0.713435,-13.177151,84.1972,2.034450
CID22,0.894342,0.695104,-13.208246,83.9713,1.811412
CID22,0.895313,0.734302,-12.441800,83.8482,2.012871
CID22,0.895383,0.556390,-14.098017,86.6896,1.483304
CID22,0.895753,0.529299,-14.008313,86.8056,1.429938
CID22,0.898714,0.547681,-14.187869,86.6635,1.454366
CID22,0.898810,0.328934,-15.073461,90.4678,1.551687
CID22,0.899412,0.491917,-14.588228,87.2679,1.224811
CID22,0.901819,0.318178,-15.337630,90.7363,1.068575
CID22,0.358233,2.974669,-1.197441,54.2080,6.758830
CID22,0.402841,2.347254,-3.673069,60.3822,5.288134
CID22,0.473535,2.251859,-3.877850,62.0749,5.516178
CID22,0.503034,2.811534,-1.800468,56.7830,6.857090
CID22,0.503394,2.803550,-1.338232,57.0067,6.936321
CID22,0.511314,2.744053,-2.212160,55.0204,6.594606
CID22,0.528370,2.824322,-2.013865,57.4371,6.896155
CID22,0.533747,2.103652,-4.955647,63.3446,4.894573
CID22,0.559665,2.088359,-5.375252,63.5833,6.335409
CID22,0.561488,2.701919,-2.159350,56.1074,7.374485
CID22,0.565650,1.845861,-6.082940,67.8209,6.439292
CID22,0.582264,2.312500,-4.128438,60.9905,6.347541
CID22,0.586590,2.304625,-4.058244,62.7783,6.164212
CID22,0.588045,2.139950,-4.422076,64.5869,6.230364
CID22,0.600267,2.293727,-3.953082,61.9838,6.706802
CID22,0.607550,1.743744,-7.406756,68.9517,5.841615
CID22,0.610580,1.858474,-6.021050,66.5702,3.918034
CID22,0.612825,2.208445,-4.551607,64.0743,5.755968
CID22,0.626591,2.005830,-5.594650,64.7988,6.623863
CID22,0.628148,1.632202,-7.386363,70.8469,5.956365
CID22,0.638847,2.019593,-5.453348,64.8635,5.715718
CID22,0.640317,1.933405,-5.446227,66.7898,6.066967
CID22,0.646659,1.551281,-8.230119,71.0099,4.509189
CID22,0.648146,2.058827,-5.373863,65.3412,5.260589
CID22,0.665545,1.353006,-8.728103,75.0093,3.304506
CID22,0.678623,1.833396,-6.902407,68.1192,5.771954
CID22,0.679843,1.840287,-6.167979,67.9623,5.037889
CID22,0.682607,1.460796,-8.379500,73.5498,5.214894
CID22,0.688686,1.814304,-6.398192,69.2841,4.238644
CID22,0.690461,1.361198,-9.454242,74.1585,4.215142
CID22,0.691157,1.663399,-6.917846,71.6010,5.621058
CID22,0.700663,1.777385,-6.804511,69.0518,4.478939
CID22,0.712709,1.197477,-9.627348,76.6403,3.541181
CID22,0.718281,1.515373,-8.461511,72.5655,5.657749
CID22,0.724062,1.526913,-8.508902,72.0263,4.192308
CID22,0.726141,1.333475,-8.889153,75.2300,5.623524
CID22,0.727284,1.286539,-9.885015,75.1545,3.954852
CID22,0.731821,1.441312,-7.871199,74.2795,5.608124
CID22,0.733154,1.462655,-8.409252,73.2919,3.640270
CID22,0.738368,1.644194,-7.439177,70.8382,4.444922
CID22,0.753350,1.279961,-9.476095,75.6016,5.072522
CID22,0.754838,1.078070,-10.341626,78.7782,3.489363
CID22,0.758445,1.259405,-9.926355,76.1979,3.995637
CID22,0.760854,1.300792,-9.584035,74.9312,5.126209
CID22,0.761566,1.121685,-10.222855,78.3620,4.760310
CID22,0.767357,1.240853,-9.773442,76.9489,3.559911
CID22,0.772349,1.279501,-9.774362,76.7582,4.418478
CID22,0.772374,1.330100,-8.452919,75.5918,4.895617
CID22,0.780544,1.145310,-10.571029,77.8203,4.129221
CID22,0.781636,1.209332,-10.153910,77.2416,4.589651
CID22,0.783224,0.928262,-11.224009,80.6063,2.348342
CID22,0.784247,1.182091,-10.453602,77.3691,3.975289
CID22,0.786608,0.853689,-12.063864,82.3837,3.490256
CID22,0.796105,0.973084,-11.333137,80.3672,3.426306
CID22,0.801915,1.158156,-9.504972,78.8371,3.374486
CID22,0.802413,1.103475,-10.836309,79.1316,3.819605
CID22,0.803669,1.028090,-11.316758,79.7419,3.916150
CID22,0.806354,1.083952,-10.787129,79.2781,4.141914
CID22,0.807988,1.078267,-10.983533,79.0354,4.153473
CID22,0.813701,0.830608,-11.990862,82.0216,2.488712
CID22,0.822258,0.747279,-12.772315,83.7517,2.947402
CID22,0.826466,0.886818,-11.849345,81.9224,3.693693
CID22,0.827524,0.973450,-11.682795,80.8060,4.459172
CID22,0.832054,0.976934,-11.560772,80.4359,4.064670
CID22,0.833160,0.969270,-11.665997,81.2888,3.290366
CID22,0.834248,0.974346,-11.445520,80.6725,4.025253
CID22,0.840347,1.045800,-10.103825,79.8644,3.058283
CID22,0.845854,0.653259,-13.001649,85.4383,1.656172
CID22,0.854483,0.878696,-12.169808,82.4178,4.801595
CID22,0.862750,0.829927,-12.574120,83.0571,3.672947
CID22,0.863815,0.393705,-14.751639,89.1869,1.741216
CID22,0.864025,0.821757,-12.391679,83.0523,4.042881
CID22,0.864244,0.596467,-13.673983,85.9681,3.470886
CID22,0.864699,0.490564,-14.195117,88.2013,1.283413
CID22,0.864851,0.885410,-11.298158,81.8586,2.884747
CID22,0.865123,0.677573,-13.555266,85.4906,3.198623
CID22,0.865505,0.757790,-12.947679,84.5569,4.428872
CID22,0.866321,0.686157,-13.380024,85.3856,3.777974
CID22,0.866913,0.666477,-13.409422,85.4220,3.671984
CID22,0.867111,0.277990,-15.688146,91.4874,1.247258
CID22,0.868423,0.312684,-15.419479,91.4153,1.002803
CID22,0.375669,2.943099,-1.501083,51.7194,5.279634
CID22,0.476299,2.558402,-3.342954,57.6163,4.450318
CID22,0.485029,2.375566,-4.336266,58.0402,6.066883
CID22,0.493059,2.209463,-4.498410,60.2485,4.482320
CID22,0.506640,2.701985,-2.239884,56.1039,5.558110
CID22,0.515155,2.812977,-1.884347,54.6430,6.530755
CID22,0.537460,2.151067,-5.559564,60.8111,4.415312
CID22,0.541213,2.031817,-5.680418,63.4881,3.935963
CID22,0.542553,2.093903,-5.639868,63.3202,5.424435
CID22,0.543395,2.585911,-3.153247,58.7132,7.430719
CID22,0.546466,1.807579,-6.485879,65.6022,4.126862
CID22,0.554024,1.953100,-6.443052,63.6973,4.931621
CID22,0.559753,2.223324,-4.579894,61.7269,5.157773
CID22,0.562985,2.198754,-4.655787,62.0445,4.151150
CID22,0.582428,1.912639,-6.430772,63.8340,3.703464
CID22,0.599117,1.835639,-6.561929,67.7333,5.763719
CID22,0.599621,1.837480,-6.659440,66.4745,3.725631
CID22,0.604210,1.520259,-7.977269,69.2881,4.146664
CID22,0.604675,2.022392,-6.018312,64.7052,5.741608
CID22,0.607854,1.870988,-6.845853,66.5118,4.873633
CID22,0.616037,1.891401,-6.397824,65.8940,3.846501
CID22,0.618298,2.091830,-5.468297,64.3872,5.142572
CID22,0.619221,1.671579,-7.978409,67.6173,4.575984
CID22,0.625254,1.389101,-9.147185,71.2842,3.422966
CID22,0.649279,1.578225,-8.236614,71.6185,5.143718
CID22,0.651843,1.721283,-7.426227,68.0452,4.037072
CID22,0.659043,1.334248,-8.908431,71.9003,4.265042
CID22,0.660318,1.677092,-7.860474,69.3777,3.602305
CID22,0.661098,1.431094,-8.598698,71.5222,3.356734
CID22,0.662270,1.474215,-8.936289,70.4431,3.974732
CID22,0.666696,1.415762,-9.394395,72.8776,4.019353
CID22,0.678243,1.284948,-9.740698,73.1349,2.915580
CID22,0.687330,1.686054,-7.564848,69.8447,4.384887
CID22,0.696461,1.465392,-8.956670,72.1285,4.254630
CID22,0.698046,1.423361,-9.149482,74.1085,4.981614
CID22,0.700219,1.339576,-9.483322,72.5286,3.731420
CID22,0.705212,1.588513,-8.327204,70.6990,3.757025
CID22,0.716875,1.298254,-9.049954,73.8208,2.666479
CID22,0.718377,1.213194,-9.830780,73.5935,3.336508
CID22,0.720794,1.147879,-10.416410,75.2806,2.635242
CID22,0.722456,1.197395,-10.634197,75.8370,3.775948
CID22,0.729389,1.257592,-9.947788,76.3276,3.715861
CID22,0.732214,1.292450,-9.700245,74.0446,3.737453
CID22,0.732972,1.251234,-10.207265,74.3631,3.247577
CID22,0.733418,1.360875,-9.491366,74.3258,3.415900
CID22,0.742718,1.276064,-10.213495,74.6271,2.618037
CID22,0.746668,1.008169,-10.952149,76.0853,3.045973
CID22,0.750145,0.972160,-11.468491,78.1185,2.785639
CID22,0.754171,1.218541,-10.451680,74.5326,3.617514
CID22,0.754420,1.255637,-10.042869,76.7408,3.976222
CID22,0.757612,1.095947,-10.550444,76.1149,2.259714
CID22,0.758712,1.083939,-11.276039,77.4250,3.552687
CID22,0.760420,1.122540,-11.008820,76.5930,2.949048
CID22,0.767819,1.090447,-10.963350,78.3305,3.103727
CID22,0.774549,1.092026,-11.203574,76.6204,2.882529
CID22,0.776289,1.168773,-10.583573,77.7211,3.562844
CID22,0.780780,0.818781,-12.029026,79.0852,2.777079
CID22,0.781126,1.016871,-11.336308,77.6640,2.416358
CID22,0.781615,0.893922,-11.918087,80.0309,2.064220
CID22,0.783360,0.997442,-11.656642,77.9919,2.999014
CID22,0.789036,0.951182,-11.300587,77.6240,2.161667
CID22,0.793568,0.981562,-11.795464,79.0943,2.815149
CID22,0.793874,0.864638,-12.220551,81.0878,2.349553
CID22,0.794873,0.966489,-11.796247,78.4320,2.541596
CID22,0.797892,1.063154,-11.310142,79.5747,2.728746
CID22,0.807643,0.703224,-12.818755,81.5029,2.302591
CID22,0.809687,0.912675,-12.249921,79.4213,2.385816
CID22,0.813517,0.707352,-13.256599,82.8904,1.722797
CID22,0.816908,0.869300,-12.264793,79.4307,1.884614
CID22,0.818780,0.916916,-12.119164,79.1380,2.938578
CID22,0.820598,0.985986,-11.657433,80.7652,2.800287
CID22,0.826219,0.784413,-12.856975,82.2564,1.815906
CID22,0.829977,0.850904,-11.917995,78.7728,2.005721
CID22,0.836067,0.875244,-12.317895,80.2280,2.639550
CID22,0.847317,0.824397,-12.773651,80.5561,2.518392
CID22,0.848081,0.398610,-14.746193,88.2257,1.957455
CID22,0.848228,0.739642,-13.230244,82.0678,1.963554
CID22,0.848743,0.530047,-14.326361,85.9047,1.323284
CID22,0.849172,0.939053,-11.984566,81.5185,3.014298
CID22,0.856383,0.590468,-14.113536,83.9311,1.493597
CID22,0.858131,0.698265,-12.872316,82.0937,1.919878
CID22,0.859254,0.504143,-14.552518,86.3262,1.331502
CID22,0.860913,0.708911,-13.408251,82.2306,1.978435
CID22,0.861316,0.842112,-12.539916,82.6376,3.181014
CID22,0.861916,0.701562,-13.403731,82.7603,1.747255
CID22,0.864622,0.592863,-14.168434,84.3282,2.075107
CID22,0.868807,0.270603,-15.791878,90.8336,1.601702
CID22,0.880803,0.737321,-13.128543,84.5936,2.154812
CID22,0.882264,0.567205,-14.268267,84.8719,1.313602
CID22,0.382275,3.202174,-0.489764,50.7256,6.842644
CID22,0.495274,2.708800,-1.563215,52.9618,5.350431
CID22,0.508451,2.862470,-1.046219,56.4900,6.514829
CID22,0.516693,2.391640,-3.229174,60.3094,6.144384
CID22,0.525898,2.983040,-0.827662,54.7748,6.197130
CID22,0.534430,2.350274,-3.923750,61.1618,5.199460
CID22,0.535812,3.173771,-0.114433,51.8755,5.693210
CID22,0.544143,2.853012,-0.795350,58.9607,6.667423
CID22,0.566566,2.469135,-2.826250,55.9602,4.627700
CID22,0.582305,1.971961,-5.479355,65.4323,6.004541
CID22,0.583360,2.147588,-4.577290,63.6214,5.091162
CID22,0.585245,2.480223,-3.217785,59.5912,5.742760
CID22,0.590778,2.407154,-3.324908,61.0911,4.401229
CID22,0.594623,2.541235,-3.052100,58.6200,5.180615
CID22,0.603631,2.283180,-3.807753,62.9337,4.730302
CID22,0.615478,2.150821,-3.882007,64.4650,5.465788
CID22,0.616575,1.945523,-6.033624,66.4249,4.740982
CID22,0.622044,2.115954,-4.469091,60.4010,3.699408
CID22,0.640966,2.196296,-4.675922,62.8506,4.550349
CID22,0.647177,2.145658,-4.772804,64.6219,4.917159
CID22,0.655636,1.670403,-7.215131,69.3113,5.242657
CID22,0.656324,1.767427,-6.684723,68.0854,4.103991
CID22,0.660613,2.204878,-4.491174,63.0538,5.392856
CID22,0.667902,1.641970,-6.974067,68.6355,3.267657
CID22,0.670956,1.742646,-7.056930,69.4494,4.185262
CID22,0.671409,1.943921,-5.152010,67.3378,5.013028
CID22,0.682852,1.806468,-6.274709,68.9429,4.222436
CID22,0.685887,1.962471,-6.141057,66.1722,4.197064
CID22,0.689908,1.831716,-6.716560,68.6220,4.242500
CID22,0.694013,1.541821,-8.294162,71.8461,4.058775
CID22,0.698562,1.583728,-7.730337,71.1223,4.004984
CID22,0.706414,1.472945,-8.056000,70.6310,3.172947
CID22,0.706677,1.482832,-8.095656,71.9407,4.812874
CID22,0.711890,1.520344,-7.664844,72.4404,3.069644
CID22,0.715400,1.917547,-5.955475,67.1752,4.547647
CID22,0.717777,1.439492,-8.695340,73.4551,4.302433
CID22,0.718123,1.571551,-8.247379,71.2053,3.590577
CID22,0.722282,1.490402,-8.117758,73.2828,3.807988
CID22,0.722662,1.694555,-7.227238,69.9953,3.879444
CID22,0.724029,1.397380,-8.716823,73.7321,3.510453
CID22,0.735344,1.379182,-9.161220,74.6380,3.648544
CID22,0.735862,1.307469,-8.943530,73.3194,2.764041
CID22,0.749190,1.418816,-9.223222,74.5423,3.925528
CID22,0.754691,1.278039,-8.909985,74.8545,2.900472
CID22,0.766752,1.331830,-9.163078,74.4229,3.416491
CID22,0.777298,1.220857,-9.578930,77.3043,3.198076
CID22,0.777594,1.345285,-8.920243,74.2334,4.867769
CID22,0.783150,1.564102,-8.061630,71.7684,4.188043
CID22,0.791035,1.257582,-9.777941,76.8097,3.154672
CID22,0.793743,1.271863,-9.748304,76.4231,3.618314
CID22,0.795459,1.263034,-10.050240,76.9901,4.084726
CID22,0.796075,1.106331,-10.077470,76.4055,2.657117
CID22,0.801489,1.278132,-9.551938,75.2848,3.516299
CID22,0.801683,1.115869,-10.237213,77.0842,3.809362
CID22,0.801743,1.125967,-9.695978,77.2527,2.874769
CID22,0.816784,0.978689,-11.104214,81.0035,3.016978
CID22,0.827844,1.116958,-10.684011,78.7883,3.896790
CID22,0.829807,1.086235,-10.775514,79.0395,3.489047
CID22,0.832565,1.086808,-10.686722,79.5907,3.247352
CID22,0.834046,1.143819,-10.251789,77.2959,3.188572
CID22,0.841748,0.868092,-11.573141,80.9127,3.056916
CID22,0.842388,0.966656,-10.494161,80.1044,2.805755
CID22,0.844515,0.967839,-10.864129,79.2672,2.291488
CID22,0.855956,1.228289,-10.164468,77.1820,4.364338
CID22,0.862680,0.914094,-11.413148,82.8598,2.906363
CID22,0.864542,1.053080,-10.753463,78.5633,2.841462
CID22,0.866110,0.998503,-11.329178,80.8390,3.339002
CID22,0.867578,1.059158,-10.975355,80.1092,3.449399
CID22,0.877122,0.737504,-12.405362,83.0624,2.905726
CID22,0.883581,0.888603,-11.171387,81.4824,2.506390
CID22,0.884746,0.749311,-12.345327,82.7292,1.747819
CID22,0.885740,0.931391,-11.639193,82.4194,3.680052
CID22,0.888729,0.960605,-11.369087,80.2182,2.541848
CID22,0.891133,0.964239,-11.581511,81.8961,3.811237
CID22,0.891410,0.821039,-12.373165,84.0667,3.423643
CID22,0.894306,0.470086,-13.947239,87.0050,1.814955
CID22,0.894372,0.618287,-13.330209,87.7276,2.613352
CID22,0.894600,0.527714,-13.672768,86.7728,1.407390
CID22,0.894678,0.867416,-11.826076,81.3087,2.482488
CID22,0.894741,0.990372,-11.367777,80.7332,3.209059
CID22,0.894809,0.778077,-11.969542,83.3167,2.622464
CID22,0.895123,0.669831,-13.322128,86.6980,3.501663
CID22,0.895280,0.832514,-12.290176,84.1030,3.479749
CID22,0.895295,0.609730,-13.637417,87.9928,2.873461
CID22,0.895659,0.323304,-15.157827,91.1405,0.833522
CID22,0.895766,0.320584,-15.104525,90.3964,1.356615
CID22,0.896378,0.762502,-12.532058,83.3765,2.217661
CID22,0.413836,3.865037,1.134193,40.1072,6.163935
CID22,0.552494,3.029804,-1.402693,48.5407,5.334295
CID22,0.555389,2.832122,-1.393932,49.6337,5.113464
CID22,0.597947,2.331644,-4.910509,57.7351,4.916304
CID22,0.605695,3.200578,-0.084041,47.9097,6.932771
CID22,0.623736,2.786065,-2.837113,53.8937,4.447739
CID22,0.635721,3.071000,-1.405946,49.3838,6.182804
CID22,0.643431,2.620774,-3.575825,53.7775,4.816446
CID22,0.645265,3.019295,-1.053226,51.4277,4.278941
CID22,0.648833,2.316806,-3.864647,57.0716,4.694901
CID22,0.667823,2.584687,-3.233538,54.9982,5.944258
CID22,0.669575,3.079864,-0.742825,48.1269,5.107191
CID22,0.682385,2.652441,-3.672525,55.5359,5.283866
CID22,0.684191,1.949384,-5.418187,61.4815,4.870580
CID22,0.687199,2.277224,-5.121119,58.1150,3.873215
CID22,0.688165,2.257172,-5.149335,59.3984,3.657640
CID22,0.691462,2.415078,-4.018219,58.1740,3.734532
CID22,0.700658,1.920972,-6.783709,63.6680,3.991422
CID22,0.705450,2.243104,-4.910008,60.2632,6.483088
CID22,0.713122,2.348942,-4.961632,58.8740,4.767402
CID22,0.715993,2.553382,-2.922532,56.5849,5.258870
CID22,0.717779,1.744269,-6.301352,64.1183,3.886236
CID22,0.721091,1.847286,-6.255163,64.4619,3.403119
CID22,0.726139,2.011739,-5.807484,61.6499,3.531216
CID22,0.727535,2.150622,-5.105259,60.7359,3.721684
CID22,0.738003,1.672248,-8.003825,67.0280,3.644847
CID22,0.738803,1.910107,-6.245952,64.1747,5.669028
CID22,0.747158,2.066604,-6.409854,62.5264,4.071620
CID22,0.765014,1.653926,-7.079294,66.2166,3.351538
CID22,0.768002,1.763534,-6.850199,66.6079,2.973278
CID22,0.768454,1.975286,-5.839243,62.6745,4.081805
CID22,0.770563,1.673407,-7.037555,66.1751,3.664360
CID22,0.770842,1.516476,-7.321461,66.9496,3.932537
CID22,0.775516,1.705729,-7.491456,68.1721,5.774093
CID22,0.778675,1.624069,-8.003267,67.2572,3.747743
CID22,0.780382,1.448655,-8.774583,70.1253,3.360253
CID22,0.790894,1.512333,-7.689260,67.6383,3.641074
CID22,0.791027,1.256633,-8.668169,70.8542,3.548145
CID22,0.791895,1.461386,-7.999499,69.3614,2.854062
CID22,0.793686,1.658382,-7.357877,68.0957,3.154277
CID22,0.799166,1.360846,-9.215883,71.5127,3.540161
CID22,0.799219,1.363022,-9.090563,72.1976,4.330951
CID22,0.799598,1.592529,-7.621101,68.9540,3.335338
CID22,0.800284,1.372275,-9.066209,70.4119,3.159645
CID22,0.810925,1.380953,-8.175155,69.1693,3.611202
CID22,0.814434,0.999107,-9.875815,75.7587,2.949227
CID22,0.816483,1.230739,-9.405614,73.9258,2.345092
CID22,0.817574,1.316625,-9.423815,72.4918,3.887464
CID22,0.818603,1.255940,-8.960112,72.2716,3.201897
CID22,0.820371,1.174868,-9.883388,74.1722,2.835955
CID22,0.820373,1.205923,-9.629128,74.7549,3.463326
CID22,0.824436,1.227866,-9.200492,73.8566,2.802223
CID22,0.832364,1.098506,-9.575511,73.8437,3.090951
CID22,0.835756,1.140601,-10.143323,74.8514,3.560611
CID22,0.836837,0.816235,-10.789010,78.7870,2.388488
CID22,0.838645,1.052486,-10.441255,75.5703,2.464914
CID22,0.838772,1.127950,-9.799050,75.1805,2.253213
CID22,0.838795,1.058806,-10.436709,76.9428,2.173464
CID22,0.838849,1.071684,-10.301560,76.9672,3.440965
CID22,0.848778,0.978549,-10.674799,78.5770,2.094794
CID22,0.853274,1.001748,-10.895642,77.1850,3.330105
CID22,0.856966,0.972289,-11.053552,78.8051,3.035038
CID22,0.857540,1.008154,-10.157317,75.6402,3.080971
CID22,0.859240,0.526776,-13.138120,84.2004,1.965326
CID22,0.859581,0.944425,-11.212250,78.4998,2.195297
CID22,0.862849,0.888815,-11.517797,79.4804,1.778898
CID22,0.866364,0.871955,-11.323585,79.0416,1.751238
CID22,0.868397,0.903673,-11.574239,78.9696,2.938518
CID22,0.870370,0.862554,-11.593418,80.2839,1.676821
CID22,0.871499,0.724712,-12.540716,82.2415,1.856784
CID22,0.872131,0.748410,-12.226234,82.0025,2.350712
CID22,0.873575,0.629115,-12.812081,82.4138,1.515173
CID22,0.873609,0.721938,-11.999295,79.7897,2.105787
CID22,0.874270,0.520409,-13.972910,85.2241,1.443759
CID22,0.874808,0.805072,-12.159135,80.6579,2.269861
CID22,0.876706,0.320235,-14.761522,88.1144,1.977554
CID22,0.880845,0.499805,-13.992057,86.5496,1.274038
CID22,0.882416,0.535046,-13.753394,85.2833,1.430374
CID22,0.882929,0.541098,-13.667788,85.5170,2.362473
CID22,0.883431,0.652609,-13.057991,83.0911,1.667558
CID22,0.883908,0.367375,-14.528853,88.0685,0.829009
CID22,0.388693,3.735827,0.180420,45.5224,6.133265
CID22,0.433356,2.912484,-1.157972,54.0400,5.218603
CID22,0.509300,2.899647,-2.100086,54.7522,4.605799
CID22,0.511221,2.864388,-1.827411,55.0897,5.364870
CID22,0.521225,3.014873,-1.094322,52.7530,4.869740
CID22,0.549502,2.575364,-2.868207,57.3942,4.689990
CID22,0.567385,3.024596,-0.787864,52.5490,5.470037
CID22,0.584287,3.260930,-0.247838,48.9472,6.989989
CID22,0.595527,2.550155,-2.758512,56.5336,5.062595
CID22,0.605003,2.443708,-3.393612,60.3118,3.858122
CID22,0.608291,2.344052,-3.966384,60.9755,5.048160
CID22,0.611103,2.360741,-4.113756,60.9180,4.095863
CID22,0.613983,2.260570,-4.328042,60.4006,3.921662
CID22,0.618720,2.577112,-2.963237,56.6050,5.531377
CID22,0.626880,2.716038,-2.300125,55.2758,5.779398
CID22,0.630664,2.112115,-4.922328,62.5132,4.037090
CID22,0.633088,2.406075,-3.507392,59.9686,5.608662
CID22,0.637916,2.195335,-4.582916,62.9687,3.976319
CID22,0.638580,1.978885,-5.506303,65.1315,4.579992
CID22,0.646998,1.922082,-6.125407,64.8243,3.959762
CID22,0.658536,2.319717,-3.812424,59.9066,5.616940
CID22,0.660928,2.106438,-4.954369,64.5483,3.994329
CID22,0.663785,1.710207,-6.884910,67.8649,3.134260
CID22,0.666533,2.366908,-3.794827,59.5282,5.520581
CID22,0.683389,2.278487,-4.216383,60.7191,4.724622
CID22,0.684032,1.827712,-6.490612,67.8194,3.526449
CID22,0.684595,1.747789,-6.525889,68.0233,3.917923
CID22,0.689673,1.558156,-7.949556,70.7130,3.070009
CID22,0.689972,1.989331,-5.596460,65.5152,4.113926
CID22,0.699166,1.664402,-7.529678,68.5315,3.472824
CID22,0.700746,1.925849,-5.910594,65.1328,4.576407
CID22,0.701550,1.794214,-6.161319,69.1598,3.727632
CID22,0.702432,2.068474,-5.450436,63.4091,4.790475
CID22,0.720649,1.372841,-8.739862,72.6537,2.775676
CID22,0.725025,1.706378,-7.231187,69.2001,3.347605
CID22,0.728712,1.576636,-7.417697,70.6016,3.870456
CID22,0.729122,1.756048,-7.005294,67.4752,3.731289
CID22,0.729729,1.748786,-6.976018,67.6125,3.620575
CID22,0.729848,1.590213,-7.757497,69.4561,3.434473
CID22,0.731519,1.580625,-7.743844,71.2525,4.045390
CID22,0.733229,1.526781,-7.634462,72.6001,3.174432
CID22,0.739024,2.037744,-5.428299,64.3459,4.966774
CID22,0.742261,1.516950,-8.451820,70.9176,3.148366
CID22,0.745851,1.340263,-8.856606,73.6671,3.870409
CID22,0.745893,1.506458,-8.340082,71.1101,3.433276
CID22,0.747483,1.188327,-9.727171,75.4751,2.484868
CID22,0.757858,1.503032,-8.499474,71.3716,3.571160
CID22,0.758973,1.441860,-8.057256,73.7957,2.923107
CID22,0.760492,1.395716,-8.948388,73.9668,2.680623
CID22,0.766963,1.248833,-9.623816,75.4404,2.548077
CID22,0.773038,1.463472,-8.604465,71.9458,3.457720
CID22,0.779187,1.010685,-10.502061,77.9986,3.208996
CID22,0.781391,1.331402,-9.471892,73.4274,3.287731
CID22,0.785445,1.041981,-10.488250,77.9937,2.218236
CID22,0.793098,1.318538,-9.553009,74.2870,2.747445
CID22,0.793340,1.018873,-11.185450,79.2135,2.348941
CID22,0.797983,1.211626,-9.330325,76.6773,2.701257
CID22,0.802219,1.416428,-8.945527,72.8646,3.251553
CID22,0.802268,1.188551,-10.156933,76.4433,2.499788
CID22,0.812994,1.162548,-10.405760,75.8578,2.523066
CID22,0.814471,1.056271,-10.776983,79.1010,2.579801
CID22,0.824407,0.845661,-11.659511,80.2444,2.730826
CID22,0.825686,1.160128,-10.422858,76.4996,2.544568
CID22,0.829040,1.243143,-9.786788,74.8650,2.782514
CID22,0.837195,0.808078,-11.782329,81.1746,1.680751
CID22,0.839302,1.029819,-10.339636,78.6932,2.433248
CID22,0.841147,1.071753,-10.962705,77.5181,2.423500
CID22,0.845747,0.946957,-11.692665,80.1597,1.897538
CID22,0.847096,0.822741,-12.437879,82.6799,2.036767
CID22,0.848951,1.046558,-11.105796,78.8424,2.256934
CID22,0.850945,1.102108,-10.744909,76.8297,2.406942
CID22,0.855399,0.914268,-11.635653,80.8891,2.022986
CID22,0.856029,0.525876,-13.667751,85.2914,2.308689
CID22,0.856312,0.953849,-11.722651,79.7443,2.327838
CID22,0.856424,0.579849,-13.448562,85.4710,1.552912
CID22,0.856781,0.841798,-12.368579,82.0986,1.856783
CID22,0.856988,0.833639,-11.561827,81.3904,2.049110
CID22,0.857165,1.047075,-11.104786,77.8596,2.238307
CID22,0.857843,0.622913,-13.652984,85.3755,1.590305
CID22,0.858161,0.353571,-15.050908,89.8745,1.040220
CID22,0.858221,0.813820,-12.546859,82.1885,1.833263
CID22,0.858386,0.609145,-13.737291,86.2226,1.451426
CID22,0.858448,0.691462,-13.328218,84.9500,1.534992
CID22,0.858706,0.337248,-15.030460,88.8186,1.681161
CID22,0.858727,0.659481,-13.461449,85.3107,1.515141
CID22,0.858784,0.963335,-11.617034,79.0953,2.175974
CID22,0.861251,0.833386,-12.376736,81.4089,2.148525
CID22,0.382313,4.106347,1.496058,38.8545,5.875793
CID22,0.475193,4.459825,1.814749,32.9399,7.423154
CID22,0.478607,3.362599,-0.015197,46.3399,5.773536
CID22,0.480153,4.273612,1.649903,35.0141,5.719131
CID22,0.487020,4.230835,1.555994,36.8387,5.756222
CID22,0.503266,3.282197,-0.023507,46.6058,5.019398
CID22,0.536501,3.135648,-0.430543,49.5086,5.021435
CID22,0.541979,2.903791,-1.670179,52.0822,6.432063
CID22,0.542191,2.874996,-1.677925,52.8534,4.274316
CID22,0.542751,3.644688,0.855600,42.5561,7.027571
CID22,0.555256,3.273470,0.416080,46.4603,4.526010
CID22,0.559820,2.676892,-2.973565,54.0160,4.208281
CID22,0.560109,3.363988,0.432184,46.3347,6.559424
CID22,0.571358,2.905459,-1.857438,51.0576,4.314723
CID22,0.579121,3.023957,-0.546115,50.2359,4.926545
CID22,0.594605,2.483913,-3.233315,56.5122,3.974606
CID22,0.596988,2.377100,-4.517355,58.4019,3.315787
CID22,0.600631,2.993598,-1.126516,49.4109,5.364434
CID22,0.609663,2.379254,-3.902324,58.2594,3.791822
CID22,0.612620,2.814347,-1.144933,51.7594,3.912011
CID22,0.632408,2.499420,-3.073234,57.2166,4.540770
CID22,0.641285,2.574875,-2.691576,55.6363,4.778708
CID22,0.644954,2.547293,-3.687397,55.9980,3.691695
CID22,0.646449,1.921501,-6.005524,63.7181,3.683989
CID22,0.647425,2.613536,-2.920977,54.6868,3.531359
CID22,0.647758,2.434610,-3.338515,56.8926,5.068123
CID22,0.655546,2.092822,-5.172403,61.1255,3.723632
CID22,0.658122,2.012867,-5.254239,62.4711,4.071434
CID22,0.666394,2.287274,-3.930989,59.2133,3.378155
CID22,0.667238,1.958348,-6.145093,63.6129,3.174380
CID22,0.685906,2.123471,-4.849084,61.3924,4.295797
CID22,0.686277,2.102771,-5.494605,61.3220,3.491624
CID22,0.691602,2.010050,-5.933990,63.1443,3.129784
CID22,0.696185,1.739766,-6.768834,66.3402,3.180353
CID22,0.696935,1.727998,-6.914207,66.2810,3.167905
CID22,0.697947,2.055177,-5.173873,62.9345,3.459478
CID22,0.699038,1.729337,-6.828579,66.9204,4.011317
CID22,0.702248,1.832905,-6.803465,65.1598,3.252454
CID22,0.711307,2.122533,-4.858001,61.7573,3.377411
CID22,0.715128,1.881592,-6.140973,64.5652,3.692597
CID22,0.718140,1.710468,-7.460722,66.5074,3.751148
CID22,0.726841,1.722271,-7.357111,66.6469,3.003002
CID22,0.731964,1.525112,-7.980365,69.7629,2.888185
CID22,0.745105,1.496598,-7.963739,69.4836,2.619480
CID22,0.755185,1.687058,-7.421782,67.6165,3.195628
CID22,0.758842,1.621259,-7.552387,69.4031,2.832793
CID22,0.766044,1.771947,-6.793936,65.8217,3.904057
CID22,0.777470,1.556684,-7.633253,69.4414,3.966631
CID22,0.777798,1.449874,-8.735962,70.5550,2.518386
CID22,0.787972,1.238149,-9.532949,72.7214,2.694668
CID22,0.788399,1.508696,-8.425873,69.6598,2.873890
CID22,0.788505,1.553386,-7.824561,69.2451,2.434045
CID22,0.794789,1.318222,-8.766584,71.5575,2.398290
CID22,0.795366,1.668743,-7.245810,67.2280,3.319287
CID22,0.796898,1.302242,-8.914391,72.7512,3.444725
CID22,0.804276,1.269046,-9.758440,73.2226,2.358543
CID22,0.804280,1.210558,-9.697759,74.6725,2.327998
CID22,0.808044,1.443557,-8.860790,71.2200,2.887339
CID22,0.813005,1.296622,-9.607485,72.6831,2.543030
CID22,0.815294,1.507839,-8.138994,69.7238,2.927904
CID22,0.818487,1.107014,-10.137640,76.0261,2.468132
CID22,0.822161,1.287449,-9.393933,73.4513,2.320721
CID22,0.822780,1.007286,-10.559022,77.6860,3.599656
CID22,0.827752,1.033458,-10.313939,76.2109,2.297007
CID22,0.830082,1.121970,-10.509108,75.7389,2.115685
CID22,0.834845,1.317903,-9.211922,72.2372,2.663344
CID22,0.837445,1.170607,-10.155629,74.6815,2.703511
CID22,0.840721,0.921894,-11.163311,79.0514,2.099042
CID22,0.846728,1.114070,-10.423335,76.0044,2.290432
CID22,0.848736,0.834272,-11.645051,79.9659,1.775462
CID22,0.855455,1.228589,-9.669365,74.2068,2.717155
CID22,0.856589,0.816871,-11.562039,80.6483,2.942382
CID22,0.858873,0.846730,-11.956633,80.3568,1.876750
CID22,0.862722,1.001020,-10.940528,77.7524,1.798734
CID22,0.862975,0.934740,-10.828967,77.9091,1.915098
CID22,0.863764,1.016267,-11.056993,77.0078,2.250180
CID22,0.867609,0.822705,-11.851787,81.2311,2.007017
CID22,0.876953,1.092500,-10.564772,76.3370,2.567246
CID22,0.878624,0.588873,-13.146091,84.6635,1.519629
CID22,0.880460,0.835458,-12.046672,80.7259,1.965784
CID22,0.890187,0.548632,-13.371226,85.6108,2.124209
CID22,0.890480,0.828928,-12.104783,80.8034,2.034019
CID22,0.890492,0.532486,-13.910349,86.1798,1.355839
CID22,0.890534,0.742964,-11.915049,80.6713,1.804457
CID22,0.890581,0.620620,-13.364524,84.5481,1.698020
CID22,0.890740,0.497093,-13.990595,87.3174,1.205159
CID22,0.890984,0.927577,-11.562674,78.7888,2.356893
CID22,0.891225,0.345185,-14.661983,89.1768,0.842389
CID22,0.891408,0.592279,-13.470888,84.7062,1.791405
CID22,0.891770,0.367113,-14.604648,89.3095,1.332346
CID22,0.347684,2.755637,-1.852149,51.7383,4.792504
CID22,0.394427,2.999874,-1.229394,51.3957,6.187927
CID22,0.396662,2.336797,-3.876087,59.7494,5.599152
CID22,0.412780,2.198848,-4.521310,60.9346,5.279755
CID22,0.414410,2.097356,-5.384931,63.0551,5.258340
CID22,0.419274,2.850464,-2.014965,55.8289,6.971595
CID22,0.432979,2.099717,-5.258500,62.6828,4.592906
CID22,0.440992,2.449022,-3.774431,57.6195,5.607426
CID22,0.458164,2.283892,-4.340777,61.2493,5.716374
CID22,0.480174,1.949800,-5.964919,64.9450,4.761706
CID22,0.484016,2.069119,-4.982395,63.8107,4.259692
CID22,0.485326,1.878366,-6.350141,65.4784,4.819366
CID22,0.493414,2.047542,-5.162147,61.7583,3.701640
CID22,0.496961,2.319415,-4.607978,62.0272,5.516854
CID22,0.497852,2.181889,-4.997950,61.4751,4.681176
CID22,0.502944,1.841573,-6.763371,66.5965,4.547573
CID22,0.532509,1.900779,-6.180171,65.4969,3.913090
CID22,0.536218,1.741790,-7.205002,67.9736,4.921061
CID22,0.537069,1.720008,-7.170402,68.2506,4.585173
CID22,0.542166,1.904694,-6.304041,67.0002,5.085755
CID22,0.542316,1.708679,-6.739729,69.2436,3.730384
CID22,0.542564,1.978177,-6.062174,65.0025,4.473353
CID22,0.547393,1.549957,-8.284491,70.6477,3.756755
CID22,0.548058,2.108789,-5.703962,64.7515,5.390223
CID22,0.556596,1.539717,-8.125593,70.6326,4.203572
CID22,0.557775,1.353295,-9.285751,74.0549,3.781282
CID22,0.559057,1.484188,-8.507710,71.7954,3.348189
CID22,0.562026,1.424854,-8.848727,72.7665,3.236718
CID22,0.568264,1.728891,-6.986205,68.3032,2.988675
CID22,0.585718,1.655594,-7.356120,68.6406,3.101989
CID22,0.589590,1.617065,-7.861521,69.5412,3.683243
CID22,0.597992,1.765054,-7.235313,69.3248,4.566460
CID22,0.598005,1.402030,-8.586106,73.3488,3.004910
CID22,0.607094,1.468214,-8.468534,71.8498,3.842947
CID22,0.614406,1.399603,-8.798258,72.3273,2.789125
CID22,0.616027,1.534210,-8.279674,72.1480,3.710050
CID22,0.628923,1.421985,-8.919651,72.5885,3.319067
CID22,0.638268,1.193597,-10.140496,76.7778,2.885823
CID22,0.645462,1.402691,-8.901455,72.8519,3.815095
CID22,0.648153,1.692631,-7.721845,70.0959,4.746915
CID22,0.650403,1.211278,-9.818156,75.5707,2.680789
CID22,0.652686,1.230645,-9.564981,76.0234,2.952675
CID22,0.656008,1.249505,-9.574458,75.7552,2.842690
CID22,0.656483,1.255546,-9.726408,75.0922,2.909960
CID22,0.664941,1.230984,-9.916397,75.7385,2.968365
CID22,0.666212,1.262915,-9.687968,76.3383,2.957901
CID22,0.669034,1.272863,-9.527799,74.8427,3.022627
CID22,0.669555,1.091215,-10.538985,77.5786,2.343335
CID22,0.669923,1.144742,-10.197558,77.3332,2.740482
CID22,0.672507,1.089179,-10.296617,78.2632,2.954760
CID22,0.681628,1.113289,-10.603042,78.2544,2.767736
CID22,0.687663,1.281651,-9.704151,75.9397,3.084345
CID22,0.688004,1.138833,-10.268640,77.4354,2.802986
CID22,0.689349,1.046571,-10.644926,79.2112,2.407001
CID22,0.693947,1.092148,-10.673934,77.8518,2.601524
CID22,0.697472,1.152874,-10.211478,76.7906,3.641648
CID22,0.698999,1.021463,-11.060229,80.2089,2.401894
CID22,0.702027,0.978312,-10.756598,80.1025,2.546751
CID22,0.702095,0.920241,-11.473472,80.8706,2.301291
CID22,0.712857,0.912606,-11.465123,81.4749,2.154706
CID22,0.716546,1.043598,-10.868092,78.6048,2.768342
CID22,0.720012,0.988191,-11.230449,80.1341,2.584679
CID22,0.722787,1.007050,-11.272871,79.3613,2.291286
CID22,0.726391,1.091411,-10.530993,77.9568,2.995418
CID22,0.728863,0.803857,-12.129751,83.0515,2.135533
CID22,0.734630,0.779455,-12.021807,83.4347,2.054807
CID22,0.735188,0.826522,-12.041274,82.7097,2.079524
CID22,0.735376,0.699066,-12.792276,84.1547,2.069290
CID22,0.737329,1.063257,-10.860074,79.0047,2.640723
CID22,0.746407,0.938940,-11.597728,80.5873,2.340339
CID22,0.753195,0.770398,-12.466150,82.8415,1.820264
CID22,0.756112,1.004756,-11.045961,79.5055,2.422868
CID22,0.761403,0.652150,-13.014870,85.3486,1.593133
CID22,0.765800,0.770642,-12.412165,83.4284,2.399802
CID22,0.766689,0.716155,-12.765055,84.5874,1.972218
CID22,0.769404,0.581809,-13.507318,86.1483,2.037234
CID22,0.774540,0.721169,-12.384940,84.3354,1.946145
CID22,0.779091,0.868293,-11.962702,81.9081,2.058158
CID22,0.792843,0.775446,-12.428392,83.0174,2.232748
CID22,0.807635,0.583198,-13.590454,86.0555,1.769439
CID22,0.809862,0.474521,-14.028092,88.4806,1.218254
CID22,0.816684,0.868358,-11.765899,81.5547,2.359003
CID22,0.823899,0.376343,-14.667343,89.6394,1.506613
CID22,0.826951,0.573771,-13.387491,86.4433,1.603685
CID22,0.829132,0.561549,-13.651060,86.7651,1.682147
CID22,0.829383,0.420268,-14.508000,89.3059,1.242998
CID22,0.836012,0.481470,-14.201361,87.9208,1.282385
CID22,0.838893,0.283164,-15.283378,91.5593,0.843441
CID22,0.844069,0.253881,-15.389782,91.6128,1.148550
CID22,0.312862,3.343726,0.444546,41.7323,5.640643
CID22,0.420503,2.576321,-2.211986,52.1800,5.302077
CID22,0.461421,2.886911,-0.706695,51.3264,7.656116
CID22,0.492001,2.659841,-1.855806,55.6365,7.621555
CID22,0.497077,2.081682,-4.919244,60.2193,4.798158
CID22,0.502837,2.746922,-2.060636,54.8909,9.164007
CID22,0.504961,1.903563,-5.534573,63.7373,4.956192
CID22,0.534852,2.439138,-2.514206,57.2887,6.888128
CID22,0.548448,2.881145,-0.834653,53.5948,7.349822
CID22,0.557356,2.190275,-4.099512,62.8286,6.702807
CID22,0.557947,1.788553,-6.176860,66.0527,4.573519
CID22,0.585346,1.770396,-6.388023,66.8742,5.562092
CID22,0.586614,2.185451,-4.043600,60.8267,5.579487
CID22,0.586881,1.858486,-6.079701,63.9659,4.881315
CID22,0.597749,2.248575,-4.043811,62.0979,6.104104
CID22,0.598208,2.146666,-4.744578,62.9890,6.397523
CID22,0.602492,2.427975,-2.706033,59.4889,5.895381
CID22,0.603444,1.533690,-7.367736,69.3984,4.344978
CID22,0.618550,1.965003,-5.309625,65.0073,5.806895
CID22,0.626777,1.741968,-6.843372,65.9169,4.508265
CID22,0.627001,1.961558,-5.511923,64.1383,4.713150
CID22,0.628866,1.214310,-9.175839,75.0371,3.282548
CID22,0.632452,2.240699,-3.606480,62.5075,4.914750
CID22,0.636159,1.484741,-8.222490,70.8476,4.796362
CID22,0.639519,1.506746,-8.247916,70.8098,5.132387
CID22,0.644396,1.841314,-6.119632,67.1976,5.334635
CID22,0.651319,1.684397,-7.204198,68.4121,5.500464
CID22,0.652486,1.633856,-7.135254,67.4690,5.535566
CID22,0.654655,1.897702,-5.944974,65.3437,5.381978
CID22,0.654706,1.661417,-7.030160,69.5902,5.675777
CID22,0.658813,1.363211,-9.033518,72.1894,4.026186
CID22,0.663783,1.096169,-9.879919,77.1233,3.441479
CID22,0.665681,1.868712,-5.947411,65.6864,4.282281
CID22,0.679223,1.490332,-8.323763,71.7022,4.416325
CID22,0.683911,1.334237,-9.139021,73.5194,4.226325
CID22,0.684148,1.517149,-7.983287,71.0720,5.089984
CID22,0.684646,1.414286,-8.333998,72.7286,4.229796
CID22,0.687179,1.229071,-9.863873,74.3010,3.583266
CID22,0.693960,1.745171,-6.826067,67.1561,4.489600
CID22,0.696799,0.980718,-10.469110,78.6078,2.572634
CID22,0.703762,1.627728,-7.298650,68.9950,5.001051
CID22,0.705784,1.350870,-9.295489,73.4666,3.544158
CID22,0.710150,1.220233,-9.689328,75.2321,4.025666
CID22,0.711797,1.174719,-10.223364,75.8444,3.389325
CID22,0.717447,1.281854,-8.792562,73.5520,3.636605
CID22,0.724993,1.287054,-9.336798,74.3396,4.689146
CID22,0.725546,1.474142,-8.163159,69.4658,4.340131
CID22,0.727310,1.435551,-8.593144,71.9052,4.992405
CID22,0.732452,1.125526,-10.569695,76.6294,3.185406
CID22,0.733684,0.864011,-11.270251,80.5402,2.334838
CID22,0.740770,1.200498,-10.195594,75.3168,2.977139
CID22,0.747502,1.147946,-10.203797,75.7814,4.343049
CID22,0.763339,1.159956,-9.985834,76.2748,3.889727
CID22,0.766744,1.254024,-9.479070,73.5042,3.829148
CID22,0.770419,1.095527,-9.755756,75.9007,3.268647
CID22,0.772235,1.083064,-10.434434,77.1451,3.214848
CID22,0.779712,1.042745,-11.044526,77.3978,3.605433
CID22,0.781784,0.817253,-11.709310,82.4423,1.851899
CID22,0.784044,1.208804,-10.032454,74.3126,3.387746
CID22,0.786104,1.094575,-10.821960,76.6783,2.963483
CID22,0.792181,1.131794,-10.297821,75.8346,3.990053
CID22,0.814416,0.992395,-11.084048,77.8724,2.837171
CID22,0.820505,1.028806,-10.148046,76.8974,3.261628
CID22,0.823157,0.917955,-11.310317,79.2847,3.580704
CID22,0.825596,0.952159,-11.725157,79.3526,3.455577
CID22,0.827385,0.621781,-13.231187,85.4033,1.618993
CID22,0.828002,1.073833,-10.557729,77.6448,3.877173
CID22,0.830619,0.998231,-11.157967,78.1858,3.225452
CID22,0.834021,0.917354,-11.897546,80.0021,2.575244
CID22,0.835284,1.088941,-10.852609,76.7206,3.022449
CID22,0.854861,0.908102,-11.729864,79.6525,3.225122
CID22,0.855237,0.869994,-11.951303,79.9572,2.892328
CID22,0.858849,0.471019,-14.221484,88.4245,1.204409
CID22,0.859961,0.922257,-11.878542,80.5760,3.506272
CID22,0.865395,0.844738,-11.941535,80.8705,3.683732
CID22,0.865461,0.834098,-11.629114,79.5611,3.324516
CID22,0.880607,0.801644,-12.627898,82.3651,2.779968
CID22,0.882619,0.877972,-11.876064,80.0479,2.677642
CID22,0.890185,0.893689,-11.850539,80.1653,3.629691
CID22,0.898192,0.841711,-12.382624,81.5796,3.249742
CID22,0.905685,0.448261,-14.453707,87.9217,1.916896
CID22,0.906469,0.300564,-15.418019,91.8450,0.898493
CID22,0.906819,0.833112,-12.358174,81.2734,2.710811
CID22,0.907232,0.798393,-12.441084,81.5870,2.799169
CID22,0.908177,0.621996,-13.395380,83.4364,3.252939
CID22,0.911243,0.761038,-12.817213,83.2228,2.836899
CID22,0.914847,0.765994,-12.758663,82.7420,2.652950
CID22,0.915172,0.312761,-15.380737,90.7499,1.068262
CID22,0.917377,0.685985,-13.091494,83.5360,2.282245
CID22,0.498945,3.024343,-1.455817,53.4777,5.376698
CID22,0.514070,2.916649,-1.086115,51.7874,4.626141
CID22,0.600764,2.375423,-3.319325,60.9417,5.030011
CID22,0.613524,2.976954,-1.208678,56.0946,5.373826
CID22,0.627155,2.585958,-2.146041,55.1465,4.328199
CID22,0.664221,3.032306,-1.112645,53.3533,6.861919
CID22,0.686170,1.952277,-5.430236,66.1083,4.890008
CID22,0.690790,2.784075,-1.681235,58.8358,7.449233
CID22,0.698083,2.296788,-3.708281,59.0706,4.182961
CID22,0.701288,3.052172,-0.815789,55.2508,7.040384
CID22,0.703661,2.458011,-3.339528,61.8656,5.203062
CID22,0.706022,2.912037,-1.533281,56.9697,5.765152
CID22,0.715973,1.642037,-7.021817,70.1753,4.723650
CID22,0.716648,2.484788,-3.484336,60.1297,4.761322
CID22,0.727133,2.409092,-3.840734,62.0715,5.326356
CID22,0.739932,2.199924,-3.777696,65.4211,6.280917
CID22,0.740524,1.638026,-6.954813,68.9538,3.653768
CID22,0.748688,1.468638,-8.002829,72.4211,3.990620
CID22,0.750093,2.462422,-2.919472,62.0083,5.472706
CID22,0.750807,2.196836,-4.707650,63.6515,4.295635
CID22,0.751048,2.174428,-4.820065,65.6081,4.622199
CID22,0.751076,2.356392,-3.718375,63.6524,4.764103
CID22,0.773178,2.014881,-5.755112,66.4691,5.065420
CID22,0.774689,1.333004,-8.814388,74.6385,3.873903
CID22,0.775494,1.521232,-7.708148,70.8283,3.371762
CID22,0.776790,1.905844,-5.267320,68.1300,6.006794
CID22,0.779257,2.006684,-5.285403,66.4576,4.331933
CID22,0.788240,1.935273,-6.259642,67.6499,3.973547
CID22,0.789831,2.061928,-5.456498,66.8459,5.247006
CID22,0.801721,1.555190,-8.213484,73.3420,3.456071
CID22,0.806862,1.957731,-5.369351,67.9575,4.700859
CID22,0.815405,1.347738,-8.494317,73.2357,3.003659
CID22,0.819496,1.607578,-6.900589,72.6347,6.123109
CID22,0.827240,1.801014,-6.767828,69.5273,5.215747
CID22,0.827382,1.677806,-7.339873,71.5169,3.831451
CID22,0.828537,1.651208,-7.476517,70.8627,3.821361
CID22,0.828548,1.155051,-9.928761,77.2684,4.275061
CID22,0.828787,1.554391,-8.217511,72.3458,3.991544
CID22,0.830410,1.573635,-8.006584,72.5613,4.055502
CID22,0.833032,1.600607,-7.499230,73.2858,4.496096
CID22,0.833538,1.318834,-9.448758,76.2724,2.874198
CID22,0.834322,1.462715,-7.685690,74.9723,3.132598
CID22,0.835314,1.160010,-9.706840,76.2751,2.464582
CID22,0.837053,1.490442,-8.577157,73.4190,3.863387
CID22,0.837777,1.597361,-7.872163,72.7149,3.770063
CID22,0.838106,1.504776,-8.327954,73.0983,3.536124
CID22,0.838583,1.348921,-9.485438,75.6550,3.629743
CID22,0.839828,0.840646,-11.541076,81.6465,2.960513
CID22,0.841490,1.409265,-9.106775,75.1348,3.960560
CID22,0.845186,1.286490,-9.197211,77.2950,2.841746
CID22,0.849575,1.295380,-8.691223,76.8188,2.897652
CID22,0.853001,1.000328,-10.848862,78.8743,2.257295
CID22,0.854063,1.322999,-9.416504,75.7913,4.034507
CID22,0.857031,1.234859,-9.966943,77.3981,2.636342
CID22,0.857296,1.170566,-10.476357,78.5079,2.866039
CID22,0.862237,1.179916,-10.441748,78.2322,2.697953
CID22,0.863777,0.714463,-12.255094,83.8366,2.833109
CID22,0.865481,1.262547,-9.961960,77.2332,3.478137
CID22,0.872055,1.024591,-10.741540,80.8148,2.634981
CID22,0.872717,1.046603,-10.074718,80.1469,3.112104
CID22,0.877938,1.259747,-9.827086,76.4545,3.159110
CID22,0.880091,1.030365,-11.056838,80.3490,2.598341
CID22,0.885287,1.135869,-10.781321,79.5211,2.904504
CID22,0.886079,1.054523,-11.230836,80.0176,2.640303
CID22,0.888298,0.741628,-12.318221,82.8290,1.631514
CID22,0.890529,1.052466,-11.144965,80.3041,2.531981
CID22,0.890843,1.210859,-10.076219,76.8283,2.978567
CID22,0.891793,0.427108,-14.204048,88.1448,1.951829
CID22,0.892521,0.949214,-11.347835,82.5587,2.175850
CID22,0.892708,0.949467,-10.485877,81.3971,2.428128
CID22,0.893036,1.074359,-11.056455,80.6835,3.485631
CID22,0.893168,0.874827,-12.088380,82.9693,2.753678
CID22,0.893531,0.953114,-11.837394,81.6045,2.720116
CID22,0.893704,1.072556,-10.794654,78.6853,2.875863
CID22,0.893757,0.554209,-13.646071,86.6031,1.364723
CID22,0.895288,0.947281,-11.875591,82.5328,3.303548
CID22,0.895487,0.961872,-11.436224,81.0955,2.819934
CID22,0.896034,0.953358,-11.693126,81.8976,2.551724
CID22,0.896438,0.267409,-15.463305,91.7615,1.133830
CID22,0.896465,0.779443,-12.784539,84.7427,2.764914
CID22,0.896633,0.748399,-11.919129,84.2662,2.004334
CID22,0.896666,0.601414,-13.611134,87.9403,2.104779
CID22,0.897611,0.591795,-13.851675,87.7282,2.512235
CID22,0.897657,0.898950,-11.773035,81.7641,2.654871
CID22,0.897801,0.337715,-15.115577,90.6291,0.856940
CID22,0.898187,0.814215,-12.597677,84.7767,3.318066
CID22,0.899833,0.814620,-12.266214,83.3253,2.324717
CID22,0.900675,0.639123,-13.684115,87.3057,2.562160
CID22,0.901727,0.621259,-13.745585,87.5516,2.624623
CID22,0.903600,0.716429,-12.906831,84.6842,2.244691
CID22,0.381007,3.775110,0.583779,45.2859,8.781120
CID22,0.412437,3.203537,-0.507935,51.8376,6.207981
CID22,0.445099,2.928935,-1.441755,55.3880,6.296300
CID22,0.459743,3.718472,0.729432,47.5435,8.369493
CID22,0.464990,2.992296,-1.342179,54.0938,5.869207
CID22,0.471026,3.673328,0.840481,46.1144,6.234387
CID22,0.475488,3.477889,-0.097352,51.2008,6.386068
CID22,0.487305,3.438641,0.294565,49.4674,5.906248
CID22,0.488518,2.830168,-1.674011,55.4814,4.488101
CID22,0.503338,3.042565,-1.073828,53.4919,7.126575
CID22,0.514079,2.597590,-2.692960,59.6337,5.735165
CID22,0.515687,2.970185,-0.785134,53.8189,7.745851
CID22,0.526817,2.517953,-2.815862,59.3996,6.320635
CID22,0.531380,2.569299,-2.767133,58.6974,5.890431
CID22,0.540847,3.008818,-0.936771,53.3037,5.761719
CID22,0.541330,2.786655,-1.792512,56.9682,6.042758
CID22,0.544597,2.829642,-1.631310,58.2897,5.075555
CID22,0.548142,2.385530,-3.421728,59.6783,3.884388
CID22,0.551723,2.353009,-3.563190,60.8376,5.790659
CID22,0.557281,2.670985,-1.673607,56.4047,6.737586
CID22,0.568695,2.136469,-4.376869,63.4996,5.352927
CID22,0.570731,2.402100,-3.412121,61.2090,5.686769
CID22,0.572069,2.316305,-3.900562,62.6258,4.818109
CID22,0.581957,2.535324,-2.862550,59.5152,5.683386
CID22,0.582237,2.794131,-1.658097,56.5726,5.285580
CID22,0.592029,2.069065,-5.174744,63.8917,5.004835
CID22,0.596777,2.135662,-4.490553,64.8809,5.194265
CID22,0.600114,2.339210,-3.901547,64.3541,5.065075
CID22,0.606359,1.955428,-5.251153,65.6238,5.104962
CID22,0.611891,2.401528,-3.354351,60.2256,4.996434
CID22,0.622480,1.998927,-5.603340,66.2205,4.133135
CID22,0.622580,1.832915,-6.275778,67.5861,3.429086
CID22,0.622943,2.000746,-5.463789,64.7562,5.207292
CID22,0.624182,1.977877,-5.881882,66.4337,4.607765
CID22,0.624395,2.094012,-4.803950,64.4536,5.070085
CID22,0.626585,1.836120,-5.790357,67.6141,4.757263
CID22,0.628903,1.696796,-6.976593,69.8248,3.061523
CID22,0.629369,1.860975,-6.173772,69.6066,4.469431
CID22,0.629470,1.909075,-6.072062,65.7764,4.944362
CID22,0.637801,1.764527,-6.391359,67.4449,5.149319
CID22,0.638865,2.065508,-5.077166,64.4194,4.511980
CID22,0.647958,1.823949,-6.751674,68.7544,4.010270
CID22,0.667860,1.675492,-6.584686,69.3083,5.013456
CID22,0.673626,1.484326,-8.243793,72.7257,2.737078
CID22,0.673942,1.986416,-5.250446,65.3661,5.007674
CID22,0.680807,1.835717,-6.618344,67.4137,4.499231
CID22,0.685016,1.744119,-6.962742,69.1919,4.434346
CID22,0.687879,1.578506,-7.570927,70.1901,4.825344
CID22,0.688120,1.619081,-7.874203,71.5258,3.406448
CID22,0.700401,1.573094,-7.928087,73.4014,4.268697
CID22,0.708180,1.782174,-6.762762,68.0383,4.775380
CID22,0.709277,1.239269,-9.613169,75.9261,2.333320
CID22,0.722359,1.427826,-8.031494,73.2467,4.500490
CID22,0.724156,1.536310,-8.360856,72.3141,3.261085
CID22,0.725374,1.680995,-7.455697,69.2679,4.606345
CID22,0.729468,1.674799,-7.244617,69.5799,4.787724
CID22,0.746326,1.075523,-10.598633,77.8717,4.280066
CID22,0.751875,1.294927,-9.511301,76.8612,4.101390
CID22,0.752576,1.074095,-10.668983,78.6497,2.123746
CID22,0.754143,1.489172,-8.552237,72.5107,4.673931
CID22,0.759563,1.660060,-7.495433,69.1409,4.624204
CID22,0.766191,1.480471,-8.655660,73.4485,2.972367
CID22,0.768699,1.579893,-7.967264,70.4817,4.360710
CID22,0.776393,1.295467,-8.800637,75.9999,3.941110
CID22,0.777869,1.475603,-8.437624,71.6244,4.165632
CID22,0.801080,1.191104,-10.056234,78.3162,3.847544
CID22,0.805166,0.805367,-12.235503,82.8552,1.990828
CID22,0.806124,1.345950,-9.535789,74.8050,2.847174
CID22,0.806599,0.912596,-11.549452,80.3973,3.820636
CID22,0.812245,1.490100,-8.457098,71.9293,4.557439
CID22,0.813574,1.583017,-7.931490,69.9002,4.726926
CID22,0.816208,1.382674,-9.029906,73.1357,4.527004
CID22,0.819537,1.302304,-9.412766,73.8220,4.140233
CID22,0.827413,1.110544,-9.934729,78.0002,3.951373
CID22,0.832277,1.224754,-10.133951,76.8622,2.702082
CID22,0.837727,0.571786,-13.639974,86.4446,1.491976
CID22,0.839118,1.249716,-9.864368,75.0612,4.323752
CID22,0.847985,0.887834,-11.623875,81.6811,3.921439
CID22,0.848543,0.462943,-14.331861,87.7845,2.097302
CID22,0.851259,1.464637,-8.610637,71.9138,4.627562
CID22,0.851642,1.120615,-10.789526,78.1466,2.672829
CID22,0.852310,1.036833,-10.901311,76.8704,4.204270
CID22,0.852371,1.227583,-9.923693,75.7823,4.405902
CID22,0.856731,1.117661,-10.663654,76.9716,4.387729
CID22,0.859597,0.350914,-15.277497,90.3353,0.913110
CID22,0.860385,0.293712,-15.522551,91.3272,1.253435
CID22,0.861021,1.007097,-11.409328,79.8051,2.882546
CID22,0.864242,1.369806,-9.152673,73.1854,4.435595
CID22,0.867878,1.056382,-10.854346,77.6057,4.372508
CID22,0.873356,0.906020,-12.002928,81.4266,2.198665
CID22,0.277319,3.517779,-0.676901,50.7116,4.723293
CID22,0.337911,3.495690,-0.576297,48.9197,4.879325
CID22,0.391031,3.293196,-1.178779,53.8711,4.796267
CID22,0.400496,2.636844,-2.796206,59.5425,3.840675
CID22,0.439511,3.783445,0.241326,48.5574,5.743040
CID22,0.472721,2.704093,-2.748530,58.2530,4.275538
CID22,0.474359,3.049340,-1.488578,53.2772,4.180757
CID22,0.484335,3.476330,0.011032,49.6772,7.757755
CID22,0.487455,2.570965,-3.548401,60.0957,4.578557
CID22,0.488845,3.021176,-1.492623,56.0758,4.594522
CID22,0.533617,2.526407,-3.311337,59.5480,3.411369
CID22,0.534737,2.114304,-4.870944,64.6306,3.469601
CID22,0.544778,2.943199,-1.587978,56.6013,4.926837
CID22,0.545643,2.674694,-2.694575,56.8053,3.858607
CID22,0.560272,2.390019,-4.101354,63.2365,3.628761
CID22,0.564718,2.856410,-2.157303,57.0057,7.832030
CID22,0.565819,2.183584,-5.203147,64.3783,3.671808
CID22,0.567682,2.156010,-5.348477,64.5103,3.773666
CID22,0.576614,1.749718,-6.691782,69.1371,3.862386
CID22,0.592717,2.282783,-4.436746,63.6240,4.336190
CID22,0.595789,1.887543,-6.040146,66.7635,3.328204
CID22,0.599639,2.272182,-4.276773,62.7903,3.403568
CID22,0.606496,2.279025,-4.416707,64.0060,3.831060
CID22,0.606667,2.395181,-4.221848,61.4880,6.241222
CID22,0.608358,2.125219,-5.410129,66.3431,3.303188
CID22,0.610513,1.920950,-6.520321,67.3528,3.666313
CID22,0.614641,1.946551,-6.423729,67.0678,3.362423
CID22,0.626355,1.538175,-7.906266,71.4996,2.890028
CID22,0.641973,1.687632,-6.926517,69.5959,2.920940
CID22,0.644054,1.898265,-6.392692,68.5852,3.579363
CID22,0.654770,2.065965,-5.604603,64.9643,4.948454
CID22,0.663973,1.631501,-7.932627,70.8041,3.006839
CID22,0.664728,1.765809,-6.874765,69.2399,2.626836
CID22,0.666558,1.538367,-8.321458,71.8437,3.499420
CID22,0.670038,1.760750,-6.997804,69.6566,3.002995
CID22,0.673942,1.720240,-7.255040,70.8432,2.893624
CID22,0.687856,1.337024,-8.880163,73.8988,3.421848
CID22,0.690329,1.704622,-7.367678,71.3287,3.678486
CID22,0.693884,1.657262,-7.771681,70.3461,4.061676
CID22,0.698029,1.481053,-8.039205,72.0345,2.633037
CID22,0.702305,1.518454,-8.417131,71.9886,2.914190
CID22,0.707166,1.516851,-8.235138,72.2190,2.544501
CID22,0.717053,1.690298,-7.443797,71.2892,2.788320
CID22,0.718445,1.322996,-9.373647,74.7160,2.427049
CID22,0.722767,1.393381,-8.856392,74.2476,2.571135
CID22,0.723108,1.474955,-8.576461,73.7111,2.956544
CID22,0.734281,1.397754,-9.123167,73.9800,3.858572
CID22,0.736554,1.154814,-9.784198,76.2967,2.702101
CID22,0.738518,1.455405,-8.826192,73.1729,2.588793
CID22,0.743608,1.254167,-9.268035,75.5894,2.507431
CID22,0.752230,1.391296,-9.010081,74.7158,2.860450
CID22,0.752748,1.304551,-9.277862,74.8651,2.454659
CID22,0.762037,1.254164,-9.844249,77.1054,2.296515
CID22,0.767468,1.133390,-10.459812,77.6490,2.117354
CID22,0.771221,1.287628,-9.737662,75.6072,2.881308
CID22,0.771645,1.219204,-9.890623,76.4458,3.556959
CID22,0.774052,1.082746,-10.541634,78.6220,2.199275
CID22,0.780612,1.071137,-10.257123,78.3254,2.249185
CID22,0.785526,1.355649,-9.278814,75.6543,2.587111
CID22,0.791035,0.858114,-11.429523,80.4522,2.421982
CID22,0.797033,1.034622,-10.409505,78.5821,2.048195
CID22,0.800655,1.115081,-10.604270,77.9682,2.840861
CID22,0.808306,1.052135,-10.809877,78.6542,3.122357
CID22,0.811832,1.032028,-11.008964,80.6364,1.982437
CID22,0.817234,1.005187,-11.197990,79.5430,1.846680
CID22,0.818817,1.222287,-9.951169,77.0938,2.648983
CID22,0.822666,0.951977,-11.307871,81.0284,2.012650
CID22,0.827433,0.807332,-11.808218,82.4569,1.705951
CID22,0.832354,1.019678,-11.165876,79.4072,2.160963
CID22,0.833953,0.688683,-12.466341,83.0741,2.056916
CID22,0.835502,0.963571,-10.729647,79.6760,1.879352
CID22,0.837379,1.092207,-10.719029,79.2355,2.282320
CID22,0.839412,0.948644,-11.515759,80.5524,2.603808
CID22,0.844501,0.807717,-12.232177,83.4053,1.640465
CID22,0.847064,0.877905,-11.876987,81.3243,1.936426
CID22,0.849346,0.886144,-11.873040,81.4488,2.076983
CID22,0.850238,0.571267,-13.269473,86.1423,1.358373
CID22,0.851209,1.025365,-11.100965,80.2653,2.174793
CID22,0.856976,0.708921,-12.839466,84.1692,2.130300
CID22,0.858657,0.539702,-13.838910,87.7990,1.168248
CID22,0.859938,0.747320,-11.961888,82.2892,1.757842
CID22,0.861141,0.417790,-14.210719,87.7649,1.679600
CID22,0.862367,0.925956,-11.669609,81.7015,2.113249
CID22,0.862901,0.672715,-13.012121,84.7026,1.526825
CID22,0.863145,0.707725,-12.959746,84.0866,1.766266
CID22,0.863568,0.335531,-14.857987,90.5202,0.818309
CID22,0.863569,0.450322,-14.570215,89.0880,1.300850
CID22,0.864665,0.528880,-14.115542,87.3672,1.505394
CID22,0.866850,0.262882,-15.428606,91.1312,1.178485
CID22,0.867249,0.827300,-12.299997,83.4781,1.935300
CID22,0.867421,0.475203,-14.346585,88.0865,1.149353
CID22,0.421354,2.691242,-2.623809,58.0488,5.084629
CID22,0.497143,2.218852,-4.327126,60.1120,5.271871
CID22,0.552457,2.274130,-3.903828,63.7273,4.959837
CID22,0.587856,2.098417,-5.410637,66.0258,6.251848
CID22,0.588960,2.696284,-3.092970,57.6671,6.298180
CID22,0.599181,1.952054,-5.862463,66.2333,4.275747
CID22,0.612239,2.754052,-2.331370,59.4037,13.132854
CID22,0.612865,2.028305,-5.436378,62.7852,4.340540
CID22,0.614849,2.628234,-3.232316,59.9768,5.860159
CID22,0.620311,2.562515,-2.653591,60.4304,5.983191
CID22,0.629652,1.843152,-5.996560,67.8103,4.217154
CID22,0.645851,1.733176,-7.303127,70.5793,4.117650
CID22,0.654837,2.177739,-5.385658,64.5167,5.140646
CID22,0.674479,1.833371,-6.393004,65.5182,4.068466
CID22,0.678320,1.550865,-8.375578,72.5149,4.407626
CID22,0.684455,1.656991,-7.606609,70.9425,3.863632
CID22,0.695290,2.125966,-5.217180,66.1637,4.812685
CID22,0.698102,1.875616,-6.182683,68.7899,5.592264
CID22,0.700153,2.169888,-4.851208,65.5041,6.017416
CID22,0.701567,1.502417,-8.053722,72.5969,3.054453
CID22,0.708452,1.864600,-6.417042,69.0943,4.946457
CID22,0.717614,1.882668,-6.943567,67.6348,5.049004
CID22,0.728142,1.309736,-9.220951,74.7628,3.423617
CID22,0.729587,1.261229,-9.501266,76.1422,3.426845
CID22,0.738039,1.868726,-6.777596,68.7984,4.478396
CID22,0.740200,1.345059,-9.502115,75.6229,3.600389
CID22,0.746746,1.535401,-8.087382,73.2458,4.296090
CID22,0.748061,1.691327,-7.411413,71.3889,4.500020
CID22,0.748247,1.269708,-9.418471,76.0703,2.943648
CID22,0.749134,1.694214,-7.737768,70.6230,4.672202
CID22,0.754504,1.166390,-9.838477,77.3347,2.958945
CID22,0.755522,1.158230,-10.210839,77.3366,3.320940
CID22,0.759647,1.682518,-7.834870,71.2255,4.193345
CID22,0.772146,1.388390,-9.524409,75.0577,3.742997
CID22,0.773244,1.430559,-8.872120,74.9513,4.846510
CID22,0.774327,1.303464,-9.826223,76.5098,3.299261
CID22,0.775586,1.533944,-8.634246,73.6927,3.742294
CID22,0.779501,1.087441,-10.540376,79.0929,2.609932
CID22,0.780290,1.373989,-9.384596,75.9995,3.962025
CID22,0.783887,1.035706,-10.676479,78.8147,2.580671
CID22,0.787327,1.053760,-10.832478,78.4549,3.087269
CID22,0.799003,1.179935,-10.530205,77.3924,3.444825
CID22,0.799019,1.264325,-9.746066,77.0883,4.139338
CID22,0.801771,1.219110,-10.279172,77.2933,3.088780
CID22,0.802638,1.393763,-9.352903,75.1669,3.513124
CID22,0.805621,1.426427,-9.087078,75.2725,3.377624
CID22,0.807788,0.952739,-11.177501,80.6247,2.444927
CID22,0.811402,0.873940,-11.531631,81.4128,2.332650
CID22,0.812800,1.121800,-10.527322,79.3141,3.349444
CID22,0.813882,0.880644,-11.800463,81.1207,2.839528
CID22,0.816675,1.223796,-10.105272,77.9574,3.195076
CID22,0.819507,1.084510,-10.912825,79.2693,2.881429
CID22,0.821009,1.020811,-11.510204,79.8285,2.967378
CID22,0.828967,1.114490,-10.722981,78.9526,2.642300
CID22,0.834163,0.796177,-12.220239,83.4375,2.008686
CID22,0.834330,0.813498,-11.840341,82.5354,2.426934
CID22,0.835645,0.662152,-12.941938,84.2339,2.800988
CID22,0.836823,1.196140,-10.381757,77.8301,3.321178
CID22,0.837143,1.157085,-10.441659,78.7245,3.275160
CID22,0.837410,0.914993,-11.830209,82.1106,2.402063
CID22,0.839818,0.965693,-11.677366,81.0974,2.550401
CID22,0.841223,0.913063,-12.112637,81.6080,2.349278
CID22,0.853507,0.936261,-11.765857,81.2275,2.189621
CID22,0.853640,1.048850,-11.095365,80.0804,3.280475
CID22,0.855048,0.619450,-13.460760,85.9900,1.542131
CID22,0.857818,0.875723,-12.196462,82.3191,2.944942
CID22,0.858151,0.539476,-13.824500,86.1034,1.986639
CID22,0.863036,0.823517,-12.588018,83.0379,2.117371
CID22,0.867524,0.745774,-12.131433,83.8023,2.145323
CID22,0.868633,0.814353,-12.346711,84.0191,2.313973
CID22,0.870037,0.945094,-11.752751,81.1283,2.537148
CID22,0.873256,0.957913,-11.570710,81.6921,3.123422
CID22,0.879087,0.799258,-12.781627,83.6711,2.031468
CID22,0.881615,0.459449,-14.450014,88.6393,1.337508
CID22,0.886636,0.345054,-15.030399,89.9915,2.002537
CID22,0.886645,0.755838,-12.856887,84.0669,2.110403
CID22,0.887638,0.887617,-11.908321,82.4963,2.749793
CID22,0.887715,0.631427,-13.667512,85.9335,1.875955
CID22,0.889024,0.611202,-13.097548,86.2381,1.600395
CID22,0.890054,0.671215,-13.464300,85.0950,1.675290
CID22,0.890223,0.643626,-13.529607,85.7681,1.909593
CID22,0.890357,0.480053,-14.461411,88.6517,1.490393
CID22,0.891965,0.803789,-12.396820,83.5515,2.502345
CID22,0.892674,0.485687,-14.606707,88.2143,1.359458
CID22,0.893674,0.276823,-15.611347,91.8623,0.789676
CID22,0.893976,0.232929,-15.768831,92.5427,1.562616
CID22,0.894764,0.445372,-14.761799,88.3993,1.355641
CID22,0.898431,0.480898,-14.582819,88.2153,1.468194
CID22,0.429112,3.046835,-1.557334,54.6979,4.930673
CID22,0.449027,2.745741,-2.294740,56.5754,4.845170
CID22,0.528104,2.814584,-2.504935,58.1703,5.882686
CID22,0.535648,2.403710,-3.934122,59.9549,4.634151
CID22,0.547822,3.120582,-1.302300,56.0132,6.936599
CID22,0.553824,2.901668,-2.338872,55.6907,6.931934
CID22,0.555134,2.471270,-3.736549,62.2887,4.959825
CID22,0.580563,2.749033,-2.458806,60.0370,6.764165
CID22,0.581790,2.909979,-1.842436,58.5311,5.709593
CID22,0.585071,2.241786,-4.640061,63.6694,4.054371
CID22,0.603276,2.127750,-5.168734,62.9771,3.782310
CID22,0.611449,2.447743,-4.136394,61.8835,5.000792
CID22,0.622999,2.377301,-4.316433,63.2941,4.739779
CID22,0.643222,2.517133,-3.311579,62.0335,5.060626
CID22,0.644729,2.003463,-5.781633,66.6637,4.079461
CID22,0.647435,2.322553,-4.252471,64.8700,3.712782
CID22,0.649127,1.611681,-7.731568,70.7997,3.336602
CID22,0.651571,2.216793,-4.596771,65.3943,4.279097
CID22,0.658598,2.159704,-5.268606,64.9535,4.220514
CID22,0.667674,2.007579,-6.020254,67.5675,4.883360
CID22,0.672347,1.690926,-7.299104,70.1953,3.678120
CID22,0.674036,1.877350,-6.442013,69.0897,3.939729
CID22,0.675285,1.830548,-6.835874,68.8419,4.284813
CID22,0.690841,2.089119,-5.439056,67.2094,3.478699
CID22,0.691905,1.890080,-6.633985,68.3098,4.161170
CID22,0.692690,2.001716,-5.778323,67.1500,3.744022
CID22,0.695891,1.975930,-5.865004,67.7906,4.167070
CID22,0.698548,1.494503,-8.249497,72.2639,2.993398
CID22,0.701076,1.513277,-8.095969,72.4329,3.732381
CID22,0.709723,1.656308,-7.811906,70.8848,3.579211
CID22,0.715965,1.703697,-7.761457,71.5277,4.042946
CID22,0.716347,1.552852,-8.439340,73.1711,3.279226
CID22,0.719929,1.570013,-8.332621,72.3572,3.551280
CID22,0.724582,1.381148,-8.752619,73.9599,3.406379
CID22,0.726028,1.681307,-7.500521,71.3261,3.815396
CID22,0.726664,1.642532,-7.504479,72.4734,3.361991
CID22,0.731350,1.597259,-7.876136,72.8067,3.323495
CID22,0.732542,1.458754,-9.020267,73.7510,3.406277
CID22,0.733314,1.306270,-9.376551,73.2682,2.719276
CID22,0.737237,1.572212,-8.614908,73.6965,3.827152
CID22,0.747669,1.381013,-9.666217,75.0200,3.620910
CID22,0.753638,1.391875,-9.386736,74.6579,3.217845
CID22,0.754484,1.337367,-9.703629,75.7950,2.875166
CID22,0.755965,1.455599,-8.624155,74.5596,2.902945
CID22,0.757195,1.638939,-7.822706,71.9512,3.405169
CID22,0.764585,1.403808,-9.462803,75.5785,3.775853
CID22,0.765758,1.228425,-9.642801,76.2910,3.130458
CID22,0.766626,1.133338,-10.438688,75.1183,2.171277
CID22,0.767051,1.320281,-9.305031,76.0692,3.265150
CID22,0.776227,1.198697,-10.628524,76.9908,2.971606
CID22,0.776415,1.305856,-9.876418,75.9245,3.162645
CID22,0.784716,1.349770,-9.734880,76.2188,3.345842
CID22,0.787322,1.340776,-9.204463,76.2414,2.814424
CID22,0.791699,1.264825,-9.975338,76.3334,2.630590
CID22,0.793944,1.181511,-10.659690,77.7347,2.666832
CID22,0.796208,1.001265,-11.252176,79.2392,2.130358
CID22,0.799049,0.947101,-11.164941,80.3404,3.356920
CID22,0.799384,1.208368,-10.420672,77.3199,3.172863
CID22,0.799505,1.040367,-11.183168,79.7007,2.255034
CID22,0.802309,1.094889,-11.169509,78.6803,2.647700
CID22,0.805831,1.274843,-10.167361,77.2680,3.348373
CID22,0.817223,1.142604,-10.155315,78.3976,2.494407
CID22,0.819790,1.077298,-10.966155,78.7193,2.274920
CID22,0.822363,1.104870,-11.091783,79.2309,2.330621
CID22,0.829083,0.779993,-12.724052,82.3190,1.738750
CID22,0.829513,1.173598,-10.711773,78.7178,2.976599
CID22,0.832106,0.906810,-11.958479,81.5173,2.327209
CID22,0.833075,0.989374,-11.646003,79.8807,2.468290
CID22,0.833226,1.091764,-10.975974,79.1182,2.574070
CID22,0.836576,0.822231,-12.006035,82.4085,2.319860
CID22,0.841787,1.042519,-11.458525,79.8208,2.414475
CID22,0.844035,0.906523,-11.879648,80.7805,2.229057
CID22,0.844119,1.016832,-10.896526,79.9806,2.345014
CID22,0.847640,1.066057,-11.334401,80.2371,2.647558
CID22,0.853398,0.567045,-13.967534,85.3732,1.372577
CID22,0.855755,0.825987,-12.702901,82.3665,1.978433
CID22,0.862026,0.992150,-11.621874,80.4779,2.102275
CID22,0.864979,0.923022,-12.140409,81.3866,2.142275
CID22,0.866632,0.989832,-11.648546,81.1795,2.775016
CID22,0.871526,0.506720,-13.966475,87.5186,1.757463
CID22,0.871777,0.782720,-12.402433,82.4498,2.108356
CID22,0.871895,0.581563,-14.062569,86.0033,2.066585
CID22,0.872229,0.612669,-13.884595,85.0143,1.721467
CID22,0.873007,0.351860,-15.522320,89.4453,0.870652
CID22,0.873373,0.679909,-13.683084,84.6272,1.732927
CID22,0.874176,0.903194,-12.230851,82.4167,2.863266
CID22,0.874484,0.795847,-12.889594,82.7319,1.869340
CID22,0.874825,0.791873,-12.915979,82.8975,1.719111
CID22,0.876606,0.333234,-15.348269,90.6277,1.262999
CID22,0.879551,0.659675,-13.667678,84.8037,1.660615
CID22,0.880105,0.813330,-12.826523,84.0625,2.401142
CID22,0.428159,3.392694,-1.109392,48.1462,5.493958
CID22,0.463730,2.883145,-2.460503,54.1671,4.916123
CID22,0.511724,3.235177,-2.397874,53.9492,4.733558
CID22,0.533838,2.545170,-3.954191,57.5777,5.069217
CID22,0.567296,3.067827,-1.988690,52.3451,6.311716
CID22,0.602840,2.979365,-2.320132,54.0289,4.932389
CID22,0.606310,3.245654,-0.723253,49.4849,8.036274
CID22,0.616943,2.568955,-4.002060,57.7363,4.685543
CID22,0.633703,2.072020,-5.717541,63.3831,4.512238
CID22,0.636314,2.329894,-5.179777,63.0767,4.354035
CID22,0.652824,2.341377,-4.810078,59.7414,4.192590
CID22,0.654608,3.173426,-1.235568,50.6521,5.770085
CID22,0.670044,1.995167,-6.551031,65.4352,4.308370
CID22,0.670620,2.606584,-3.510424,56.4909,6.931486
CID22,0.672923,2.268262,-5.047316,61.2794,4.186095
CID22,0.681976,2.372891,-4.772318,61.0257,4.048078
CID22,0.682434,1.722608,-7.119102,67.6803,4.026586
CID22,0.695136,2.109139,-6.063921,65.4960,4.147256
CID22,0.711176,2.565129,-3.845456,58.7069,4.429852
CID22,0.713783,2.269759,-5.336253,61.3950,4.142750
CID22,0.714979,2.236010,-4.962502,61.0400,5.364482
CID22,0.726742,1.631175,-7.937852,69.5006,3.493810
CID22,0.729643,1.497661,-8.321694,70.5003,3.782553
CID22,0.729649,2.016983,-6.512555,64.2904,4.294445
CID22,0.730899,1.365156,-9.948389,73.7282,2.694861
CID22,0.733463,2.085411,-6.286729,64.4236,3.873109
CID22,0.740029,1.742977,-7.435298,70.3812,4.148633
CID22,0.750591,2.013136,-6.477485,64.7944,3.711295
CID22,0.756191,1.941350,-6.416379,64.9576,4.066070
CID22,0.763781,1.893545,-6.651271,65.4458,5.270315
CID22,0.764704,1.471190,-8.814845,71.3726,3.048153
CID22,0.771008,1.715814,-7.866405,69.0091,3.500019
CID22,0.772776,1.761414,-7.620310,66.9464,3.899908
CID22,0.776072,1.530817,-8.458031,73.1294,4.098919
CID22,0.780067,1.373419,-8.972064,72.3173,3.819863
CID22,0.781022,1.659502,-8.282712,69.3667,3.320847
CID22,0.781377,1.226078,-10.536417,75.8465,3.421962
CID22,0.788067,1.705026,-7.495580,68.3144,3.874589
CID22,0.789351,1.547848,-8.696014,70.5853,4.109017
CID22,0.790791,1.624079,-8.250043,69.5542,3.176830
CID22,0.790863,1.298009,-9.772747,74.2644,3.014354
CID22,0.795954,1.160040,-10.162490,75.3539,3.370388
CID22,0.797251,1.648030,-8.359769,70.4499,2.960540
CID22,0.798650,1.418624,-9.628842,72.9012,3.055600
CID22,0.801906,1.479029,-9.099343,71.3850,4.455594
CID22,0.802233,1.422933,-9.028140,74.5651,3.937800
CID22,0.802838,1.539211,-8.583069,70.8827,5.327004
CID22,0.811661,1.394065,-9.463957,72.6760,4.312933
CID22,0.814308,1.117754,-10.692416,77.4964,2.484870
CID22,0.814433,1.258691,-10.271502,75.0032,2.500930
CID22,0.814997,0.873925,-11.745067,79.8983,3.006020
CID22,0.817400,1.102481,-11.236940,78.1661,2.905416
CID22,0.818298,1.224862,-10.517962,75.4770,2.742966
CID22,0.819813,1.460028,-8.952997,72.0972,3.759772
CID22,0.822097,1.252793,-10.335845,75.6283,2.416678
CID22,0.828086,1.167767,-10.242024,77.6778,2.933055
CID22,0.839887,0.721666,-12.662446,82.2141,2.691920
CID22,0.841868,1.022187,-11.569425,79.0452,2.032224
CID22,0.842347,1.416946,-9.274757,72.7268,4.402335
CID22,0.842652,1.251002,-10.245542,74.9386,3.816033
CID22,0.844420,1.002667,-11.401443,79.6192,2.419402
CID22,0.845060,1.109317,-11.033450,77.8624,2.505626
CID22,0.850024,1.046356,-11.335498,78.8476,2.250153
CID22,0.858696,0.990927,-11.216614,79.8121,2.206459
CID22,0.859518,0.979765,-11.882694,79.3287,2.285411
CID22,0.863742,1.303604,-9.979337,74.7644,4.108991
CID22,0.868023,1.105776,-11.041212,77.0480,2.711555
CID22,0.869448,0.905764,-12.273888,80.7413,1.840028
CID22,0.870446,1.010553,-11.678567,79.3162,2.381289
CID22,0.877875,0.447770,-14.458666,87.1015,2.258461
CID22,0.881528,0.869770,-12.409320,81.6615,2.093456
CID22,0.888459,1.187257,-10.639729,76.5090,3.292281
CID22,0.893591,1.008811,-11.582671,78.5816,3.804501
CID22,0.894338,0.772146,-13.101368,83.2078,1.823426
CID22,0.894715,0.768663,-12.824361,82.6437,1.785007
CID22,0.894719,0.776748,-13.006075,83.1531,1.694712
CID22,0.894764,0.526771,-14.432152,86.8899,1.220275
CID22,0.894807,0.762900,-12.684759,82.6580,2.117218
CID22,0.894813,1.124172,-10.994664,77.3594,2.874991
CID22,0.894844,0.966829,-11.420785,81.0326,3.130559
CID22,0.894856,0.546099,-14.152496,86.6811,1.431950
CID22,0.894861,0.497840,-14.529523,87.3800,1.202464
CID22,0.894918,0.283475,-15.617161,90.4430,1.784929
CID22,0.894924,0.599391,-14.149474,86.0286,1.622546
CID22,0.894931,1.027140,-11.555972,79.1401,2.770406
CID22,0.895040,0.724932,-13.307433,83.5890,1.904725
CID22,0.895049,0.579555,-14.152243,86.2665,1.308902
CID22,0.895052,0.337326,-15.465060,90.5015,0.962486
CID22,0.895165,0.894431,-12.316164,81.1201,2.512727
CID22,0.398584,2.988645,-1.163670,52.1099,6.524016
CID22,0.466230,2.725738,-1.825727,54.3679,4.537550
CID22,0.473314,2.847204,-1.758149,53.9841,6.453124
CID22,0.474328,2.326563,-3.918792,61.3616,5.003087
CID22,0.495385,2.750876,-1.537212,57.6568,4.647451
CID22,0.523574,2.296321,-3.956170,60.4889,4.127469
CID22,0.526971,2.426037,-3.512546,58.1208,4.899930
