Device: cuda
Loading 2 parquets:
  unified_v15r_zenjpeg.parquet: 1,785,696 rows × 239 cols (3.2s)
  unified_v15rc_zenjpeg.parquet: 513,570 rows × 239 cols (3.2s)
Total: 2,299,266 rows
Loading safesyn safe_synth_218k_features.csv...
/home/lilith/work/zen/zensim/scripts/v_next/train_v_next_mlp.py:133: PerformanceWarning: DataFrame is highly fragmented.  This is usually the result of calling `frame.insert` many times, which has poor performance.  Consider joining all columns at once using pd.concat(axis=1) instead. To get a de-fragmented frame, use `newframe = frame.copy()`
  out[f"feat_{i}"] = df[f"f{i}"]
/home/lilith/work/zen/zensim/scripts/v_next/train_v_next_mlp.py:133: PerformanceWarning: DataFrame is highly fragmented.  This is usually the result of calling `frame.insert` many times, which has poor performance.  Consider joining all columns at once using pd.concat(axis=1) instead. To get a de-fragmented frame, use `newframe = frame.copy()`
  out[f"feat_{i}"] = df[f"f{i}"]
/home/lilith/work/zen/zensim/scripts/v_next/train_v_next_mlp.py:133: PerformanceWarning: DataFrame is highly fragmented.  This is usually the result of calling `frame.insert` many times, which has poor performance.  Consider joining all columns at once using pd.concat(axis=1) instead. To get a de-fragmented frame, use `newframe = frame.copy()`
  out[f"feat_{i}"] = df[f"f{i}"]
/home/lilith/work/zen/zensim/scripts/v_next/train_v_next_mlp.py:133: PerformanceWarning: DataFrame is highly fragmented.  This is usually the result of calling `frame.insert` many times, which has poor performance.  Consider joining all columns at once using pd.concat(axis=1) instead. To get a de-fragmented frame, use `newframe = frame.copy()`
  out[f"feat_{i}"] = df[f"f{i}"]
/home/lilith/work/zen/zensim/scripts/v_next/train_v_next_mlp.py:133: PerformanceWarning: DataFrame is highly fragmented.  This is usually the result of calling `frame.insert` many times, which has poor performance.  Consider joining all columns at once using pd.concat(axis=1) instead. To get a de-fragmented frame, use `newframe = frame.copy()`
  out[f"feat_{i}"] = df[f"f{i}"]
/home/lilith/work/zen/zensim/scripts/v_next/train_v_next_mlp.py:133: PerformanceWarning: DataFrame is highly fragmented.  This is usually the result of calling `frame.insert` many times, which has poor performance.  Consider joining all columns at once using pd.concat(axis=1) instead. To get a de-fragmented frame, use `newframe = frame.copy()`
  out[f"feat_{i}"] = df[f"f{i}"]
/home/lilith/work/zen/zensim/scripts/v_next/train_v_next_mlp.py:133: PerformanceWarning: DataFrame is highly fragmented.  This is usually the result of calling `frame.insert` many times, which has poor performance.  Consider joining all columns at once using pd.concat(axis=1) instead. To get a de-fragmented frame, use `newframe = frame.copy()`
  out[f"feat_{i}"] = df[f"f{i}"]
/home/lilith/work/zen/zensim/scripts/v_next/train_v_next_mlp.py:133: PerformanceWarning: DataFrame is highly fragmented.  This is usually the result of calling `frame.insert` many times, which has poor performance.  Consider joining all columns at once using pd.concat(axis=1) instead. To get a de-fragmented frame, use `newframe = frame.copy()`
  out[f"feat_{i}"] = df[f"f{i}"]
/home/lilith/work/zen/zensim/scripts/v_next/train_v_next_mlp.py:133: PerformanceWarning: DataFrame is highly fragmented.  This is usually the result of calling `frame.insert` many times, which has poor performance.  Consider joining all columns at once using pd.concat(axis=1) instead. To get a de-fragmented frame, use `newframe = frame.copy()`
  out[f"feat_{i}"] = df[f"f{i}"]
/home/lilith/work/zen/zensim/scripts/v_next/train_v_next_mlp.py:133: PerformanceWarning: DataFrame is highly fragmented.  This is usually the result of calling `frame.insert` many times, which has poor performance.  Consider joining all columns at once using pd.concat(axis=1) instead. To get a de-fragmented frame, use `newframe = frame.copy()`
  out[f"feat_{i}"] = df[f"f{i}"]
/home/lilith/work/zen/zensim/scripts/v_next/train_v_next_mlp.py:133: PerformanceWarning: DataFrame is highly fragmented.  This is usually the result of calling `frame.insert` many times, which has poor performance.  Consider joining all columns at once using pd.concat(axis=1) instead. To get a de-fragmented frame, use `newframe = frame.copy()`
  out[f"feat_{i}"] = df[f"f{i}"]
/home/lilith/work/zen/zensim/scripts/v_next/train_v_next_mlp.py:133: PerformanceWarning: DataFrame is highly fragmented.  This is usually the result of calling `frame.insert` many times, which has poor performance.  Consider joining all columns at once using pd.concat(axis=1) instead. To get a de-fragmented frame, use `newframe = frame.copy()`
  out[f"feat_{i}"] = df[f"f{i}"]
/home/lilith/work/zen/zensim/scripts/v_next/train_v_next_mlp.py:133: PerformanceWarning: DataFrame is highly fragmented.  This is usually the result of calling `frame.insert` many times, which has poor performance.  Consider joining all columns at once using pd.concat(axis=1) instead. To get a de-fragmented frame, use `newframe = frame.copy()`
  out[f"feat_{i}"] = df[f"f{i}"]
/home/lilith/work/zen/zensim/scripts/v_next/train_v_next_mlp.py:133: PerformanceWarning: DataFrame is highly fragmented.  This is usually the result of calling `frame.insert` many times, which has poor performance.  Consider joining all columns at once using pd.concat(axis=1) instead. To get a de-fragmented frame, use `newframe = frame.copy()`
  out[f"feat_{i}"] = df[f"f{i}"]
/home/lilith/work/zen/zensim/scripts/v_next/train_v_next_mlp.py:133: PerformanceWarning: DataFrame is highly fragmented.  This is usually the result of calling `frame.insert` many times, which has poor performance.  Consider joining all columns at once using pd.concat(axis=1) instead. To get a de-fragmented frame, use `newframe = frame.copy()`
  out[f"feat_{i}"] = df[f"f{i}"]
/home/lilith/work/zen/zensim/scripts/v_next/train_v_next_mlp.py:133: PerformanceWarning: DataFrame is highly fragmented.  This is usually the result of calling `frame.insert` many times, which has poor performance.  Consider joining all columns at once using pd.concat(axis=1) instead. To get a de-fragmented frame, use `newframe = frame.copy()`
  out[f"feat_{i}"] = df[f"f{i}"]
/home/lilith/work/zen/zensim/scripts/v_next/train_v_next_mlp.py:133: PerformanceWarning: DataFrame is highly fragmented.  This is usually the result of calling `frame.insert` many times, which has poor performance.  Consider joining all columns at once using pd.concat(axis=1) instead. To get a de-fragmented frame, use `newframe = frame.copy()`
  out[f"feat_{i}"] = df[f"f{i}"]
/home/lilith/work/zen/zensim/scripts/v_next/train_v_next_mlp.py:133: PerformanceWarning: DataFrame is highly fragmented.  This is usually the result of calling `frame.insert` many times, which has poor performance.  Consider joining all columns at once using pd.concat(axis=1) instead. To get a de-fragmented frame, use `newframe = frame.copy()`
  out[f"feat_{i}"] = df[f"f{i}"]
/home/lilith/work/zen/zensim/scripts/v_next/train_v_next_mlp.py:133: PerformanceWarning: DataFrame is highly fragmented.  This is usually the result of calling `frame.insert` many times, which has poor performance.  Consider joining all columns at once using pd.concat(axis=1) instead. To get a de-fragmented frame, use `newframe = frame.copy()`
  out[f"feat_{i}"] = df[f"f{i}"]
/home/lilith/work/zen/zensim/scripts/v_next/train_v_next_mlp.py:133: PerformanceWarning: DataFrame is highly fragmented.  This is usually the result of calling `frame.insert` many times, which has poor performance.  Consider joining all columns at once using pd.concat(axis=1) instead. To get a de-fragmented frame, use `newframe = frame.copy()`
  out[f"feat_{i}"] = df[f"f{i}"]
/home/lilith/work/zen/zensim/scripts/v_next/train_v_next_mlp.py:133: PerformanceWarning: DataFrame is highly fragmented.  This is usually the result of calling `frame.insert` many times, which has poor performance.  Consider joining all columns at once using pd.concat(axis=1) instead. To get a de-fragmented frame, use `newframe = frame.copy()`
  out[f"feat_{i}"] = df[f"f{i}"]
/home/lilith/work/zen/zensim/scripts/v_next/train_v_next_mlp.py:133: PerformanceWarning: DataFrame is highly fragmented.  This is usually the result of calling `frame.insert` many times, which has poor performance.  Consider joining all columns at once using pd.concat(axis=1) instead. To get a de-fragmented frame, use `newframe = frame.copy()`
  out[f"feat_{i}"] = df[f"f{i}"]
/home/lilith/work/zen/zensim/scripts/v_next/train_v_next_mlp.py:133: PerformanceWarning: DataFrame is highly fragmented.  This is usually the result of calling `frame.insert` many times, which has poor performance.  Consider joining all columns at once using pd.concat(axis=1) instead. To get a de-fragmented frame, use `newframe = frame.copy()`
  out[f"feat_{i}"] = df[f"f{i}"]
/home/lilith/work/zen/zensim/scripts/v_next/train_v_next_mlp.py:133: PerformanceWarning: DataFrame is highly fragmented.  This is usually the result of calling `frame.insert` many times, which has poor performance.  Consider joining all columns at once using pd.concat(axis=1) instead. To get a de-fragmented frame, use `newframe = frame.copy()`
  out[f"feat_{i}"] = df[f"f{i}"]
/home/lilith/work/zen/zensim/scripts/v_next/train_v_next_mlp.py:133: PerformanceWarning: DataFrame is highly fragmented.  This is usually the result of calling `frame.insert` many times, which has poor performance.  Consider joining all columns at once using pd.concat(axis=1) instead. To get a de-fragmented frame, use `newframe = frame.copy()`
  out[f"feat_{i}"] = df[f"f{i}"]
/home/lilith/work/zen/zensim/scripts/v_next/train_v_next_mlp.py:133: PerformanceWarning: DataFrame is highly fragmented.  This is usually the result of calling `frame.insert` many times, which has poor performance.  Consider joining all columns at once using pd.concat(axis=1) instead. To get a de-fragmented frame, use `newframe = frame.copy()`
  out[f"feat_{i}"] = df[f"f{i}"]
/home/lilith/work/zen/zensim/scripts/v_next/train_v_next_mlp.py:133: PerformanceWarning: DataFrame is highly fragmented.  This is usually the result of calling `frame.insert` many times, which has poor performance.  Consider joining all columns at once using pd.concat(axis=1) instead. To get a de-fragmented frame, use `newframe = frame.copy()`
  out[f"feat_{i}"] = df[f"f{i}"]
/home/lilith/work/zen/zensim/scripts/v_next/train_v_next_mlp.py:133: PerformanceWarning: DataFrame is highly fragmented.  This is usually the result of calling `frame.insert` many times, which has poor performance.  Consider joining all columns at once using pd.concat(axis=1) instead. To get a de-fragmented frame, use `newframe = frame.copy()`
  out[f"feat_{i}"] = df[f"f{i}"]
/home/lilith/work/zen/zensim/scripts/v_next/train_v_next_mlp.py:133: PerformanceWarning: DataFrame is highly fragmented.  This is usually the result of calling `frame.insert` many times, which has poor performance.  Consider joining all columns at once using pd.concat(axis=1) instead. To get a de-fragmented frame, use `newframe = frame.copy()`
  out[f"feat_{i}"] = df[f"f{i}"]
/home/lilith/work/zen/zensim/scripts/v_next/train_v_next_mlp.py:133: PerformanceWarning: DataFrame is highly fragmented.  This is usually the result of calling `frame.insert` many times, which has poor performance.  Consider joining all columns at once using pd.concat(axis=1) instead. To get a de-fragmented frame, use `newframe = frame.copy()`
  out[f"feat_{i}"] = df[f"f{i}"]
/home/lilith/work/zen/zensim/scripts/v_next/train_v_next_mlp.py:133: PerformanceWarning: DataFrame is highly fragmented.  This is usually the result of calling `frame.insert` many times, which has poor performance.  Consider joining all columns at once using pd.concat(axis=1) instead. To get a de-fragmented frame, use `newframe = frame.copy()`
  out[f"feat_{i}"] = df[f"f{i}"]
/home/lilith/work/zen/zensim/scripts/v_next/train_v_next_mlp.py:133: PerformanceWarning: DataFrame is highly fragmented.  This is usually the result of calling `frame.insert` many times, which has poor performance.  Consider joining all columns at once using pd.concat(axis=1) instead. To get a de-fragmented frame, use `newframe = frame.copy()`
  out[f"feat_{i}"] = df[f"f{i}"]
/home/lilith/work/zen/zensim/scripts/v_next/train_v_next_mlp.py:133: PerformanceWarning: DataFrame is highly fragmented.  This is usually the result of calling `frame.insert` many times, which has poor performance.  Consider joining all columns at once using pd.concat(axis=1) instead. To get a de-fragmented frame, use `newframe = frame.copy()`
  out[f"feat_{i}"] = df[f"f{i}"]
/home/lilith/work/zen/zensim/scripts/v_next/train_v_next_mlp.py:133: PerformanceWarning: DataFrame is highly fragmented.  This is usually the result of calling `frame.insert` many times, which has poor performance.  Consider joining all columns at once using pd.concat(axis=1) instead. To get a de-fragmented frame, use `newframe = frame.copy()`
  out[f"feat_{i}"] = df[f"f{i}"]
/home/lilith/work/zen/zensim/scripts/v_next/train_v_next_mlp.py:133: PerformanceWarning: DataFrame is highly fragmented.  This is usually the result of calling `frame.insert` many times, which has poor performance.  Consider joining all columns at once using pd.concat(axis=1) instead. To get a de-fragmented frame, use `newframe = frame.copy()`
  out[f"feat_{i}"] = df[f"f{i}"]
/home/lilith/work/zen/zensim/scripts/v_next/train_v_next_mlp.py:133: PerformanceWarning: DataFrame is highly fragmented.  This is usually the result of calling `frame.insert` many times, which has poor performance.  Consider joining all columns at once using pd.concat(axis=1) instead. To get a de-fragmented frame, use `newframe = frame.copy()`
  out[f"feat_{i}"] = df[f"f{i}"]
/home/lilith/work/zen/zensim/scripts/v_next/train_v_next_mlp.py:133: PerformanceWarning: DataFrame is highly fragmented.  This is usually the result of calling `frame.insert` many times, which has poor performance.  Consider joining all columns at once using pd.concat(axis=1) instead. To get a de-fragmented frame, use `newframe = frame.copy()`
  out[f"feat_{i}"] = df[f"f{i}"]
/home/lilith/work/zen/zensim/scripts/v_next/train_v_next_mlp.py:133: PerformanceWarning: DataFrame is highly fragmented.  This is usually the result of calling `frame.insert` many times, which has poor performance.  Consider joining all columns at once using pd.concat(axis=1) instead. To get a de-fragmented frame, use `newframe = frame.copy()`
  out[f"feat_{i}"] = df[f"f{i}"]
/home/lilith/work/zen/zensim/scripts/v_next/train_v_next_mlp.py:133: PerformanceWarning: DataFrame is highly fragmented.  This is usually the result of calling `frame.insert` many times, which has poor performance.  Consider joining all columns at once using pd.concat(axis=1) instead. To get a de-fragmented frame, use `newframe = frame.copy()`
  out[f"feat_{i}"] = df[f"f{i}"]
/home/lilith/work/zen/zensim/scripts/v_next/train_v_next_mlp.py:133: PerformanceWarning: DataFrame is highly fragmented.  This is usually the result of calling `frame.insert` many times, which has poor performance.  Consider joining all columns at once using pd.concat(axis=1) instead. To get a de-fragmented frame, use `newframe = frame.copy()`
  out[f"feat_{i}"] = df[f"f{i}"]
/home/lilith/work/zen/zensim/scripts/v_next/train_v_next_mlp.py:133: PerformanceWarning: DataFrame is highly fragmented.  This is usually the result of calling `frame.insert` many times, which has poor performance.  Consider joining all columns at once using pd.concat(axis=1) instead. To get a de-fragmented frame, use `newframe = frame.copy()`
  out[f"feat_{i}"] = df[f"f{i}"]
/home/lilith/work/zen/zensim/scripts/v_next/train_v_next_mlp.py:133: PerformanceWarning: DataFrame is highly fragmented.  This is usually the result of calling `frame.insert` many times, which has poor performance.  Consider joining all columns at once using pd.concat(axis=1) instead. To get a de-fragmented frame, use `newframe = frame.copy()`
  out[f"feat_{i}"] = df[f"f{i}"]
/home/lilith/work/zen/zensim/scripts/v_next/train_v_next_mlp.py:133: PerformanceWarning: DataFrame is highly fragmented.  This is usually the result of calling `frame.insert` many times, which has poor performance.  Consider joining all columns at once using pd.concat(axis=1) instead. To get a de-fragmented frame, use `newframe = frame.copy()`
  out[f"feat_{i}"] = df[f"f{i}"]
/home/lilith/work/zen/zensim/scripts/v_next/train_v_next_mlp.py:133: PerformanceWarning: DataFrame is highly fragmented.  This is usually the result of calling `frame.insert` many times, which has poor performance.  Consider joining all columns at once using pd.concat(axis=1) instead. To get a de-fragmented frame, use `newframe = frame.copy()`
  out[f"feat_{i}"] = df[f"f{i}"]
/home/lilith/work/zen/zensim/scripts/v_next/train_v_next_mlp.py:133: PerformanceWarning: DataFrame is highly fragmented.  This is usually the result of calling `frame.insert` many times, which has poor performance.  Consider joining all columns at once using pd.concat(axis=1) instead. To get a de-fragmented frame, use `newframe = frame.copy()`
  out[f"feat_{i}"] = df[f"f{i}"]
/home/lilith/work/zen/zensim/scripts/v_next/train_v_next_mlp.py:133: PerformanceWarning: DataFrame is highly fragmented.  This is usually the result of calling `frame.insert` many times, which has poor performance.  Consider joining all columns at once using pd.concat(axis=1) instead. To get a de-fragmented frame, use `newframe = frame.copy()`
  out[f"feat_{i}"] = df[f"f{i}"]
/home/lilith/work/zen/zensim/scripts/v_next/train_v_next_mlp.py:133: PerformanceWarning: DataFrame is highly fragmented.  This is usually the result of calling `frame.insert` many times, which has poor performance.  Consider joining all columns at once using pd.concat(axis=1) instead. To get a de-fragmented frame, use `newframe = frame.copy()`
  out[f"feat_{i}"] = df[f"f{i}"]
/home/lilith/work/zen/zensim/scripts/v_next/train_v_next_mlp.py:133: PerformanceWarning: DataFrame is highly fragmented.  This is usually the result of calling `frame.insert` many times, which has poor performance.  Consider joining all columns at once using pd.concat(axis=1) instead. To get a de-fragmented frame, use `newframe = frame.copy()`
  out[f"feat_{i}"] = df[f"f{i}"]
/home/lilith/work/zen/zensim/scripts/v_next/train_v_next_mlp.py:133: PerformanceWarning: DataFrame is highly fragmented.  This is usually the result of calling `frame.insert` many times, which has poor performance.  Consider joining all columns at once using pd.concat(axis=1) instead. To get a de-fragmented frame, use `newframe = frame.copy()`
  out[f"feat_{i}"] = df[f"f{i}"]
/home/lilith/work/zen/zensim/scripts/v_next/train_v_next_mlp.py:133: PerformanceWarning: DataFrame is highly fragmented.  This is usually the result of calling `frame.insert` many times, which has poor performance.  Consider joining all columns at once using pd.concat(axis=1) instead. To get a de-fragmented frame, use `newframe = frame.copy()`
  out[f"feat_{i}"] = df[f"f{i}"]
/home/lilith/work/zen/zensim/scripts/v_next/train_v_next_mlp.py:133: PerformanceWarning: DataFrame is highly fragmented.  This is usually the result of calling `frame.insert` many times, which has poor performance.  Consider joining all columns at once using pd.concat(axis=1) instead. To get a de-fragmented frame, use `newframe = frame.copy()`
  out[f"feat_{i}"] = df[f"f{i}"]
/home/lilith/work/zen/zensim/scripts/v_next/train_v_next_mlp.py:133: PerformanceWarning: DataFrame is highly fragmented.  This is usually the result of calling `frame.insert` many times, which has poor performance.  Consider joining all columns at once using pd.concat(axis=1) instead. To get a de-fragmented frame, use `newframe = frame.copy()`
  out[f"feat_{i}"] = df[f"f{i}"]
/home/lilith/work/zen/zensim/scripts/v_next/train_v_next_mlp.py:133: PerformanceWarning: DataFrame is highly fragmented.  This is usually the result of calling `frame.insert` many times, which has poor performance.  Consider joining all columns at once using pd.concat(axis=1) instead. To get a de-fragmented frame, use `newframe = frame.copy()`
  out[f"feat_{i}"] = df[f"f{i}"]
/home/lilith/work/zen/zensim/scripts/v_next/train_v_next_mlp.py:133: PerformanceWarning: DataFrame is highly fragmented.  This is usually the result of calling `frame.insert` many times, which has poor performance.  Consider joining all columns at once using pd.concat(axis=1) instead. To get a de-fragmented frame, use `newframe = frame.copy()`
  out[f"feat_{i}"] = df[f"f{i}"]
/home/lilith/work/zen/zensim/scripts/v_next/train_v_next_mlp.py:133: PerformanceWarning: DataFrame is highly fragmented.  This is usually the result of calling `frame.insert` many times, which has poor performance.  Consider joining all columns at once using pd.concat(axis=1) instead. To get a de-fragmented frame, use `newframe = frame.copy()`
  out[f"feat_{i}"] = df[f"f{i}"]
/home/lilith/work/zen/zensim/scripts/v_next/train_v_next_mlp.py:133: PerformanceWarning: DataFrame is highly fragmented.  This is usually the result of calling `frame.insert` many times, which has poor performance.  Consider joining all columns at once using pd.concat(axis=1) instead. To get a de-fragmented frame, use `newframe = frame.copy()`
  out[f"feat_{i}"] = df[f"f{i}"]
/home/lilith/work/zen/zensim/scripts/v_next/train_v_next_mlp.py:133: PerformanceWarning: DataFrame is highly fragmented.  This is usually the result of calling `frame.insert` many times, which has poor performance.  Consider joining all columns at once using pd.concat(axis=1) instead. To get a de-fragmented frame, use `newframe = frame.copy()`
  out[f"feat_{i}"] = df[f"f{i}"]
/home/lilith/work/zen/zensim/scripts/v_next/train_v_next_mlp.py:133: PerformanceWarning: DataFrame is highly fragmented.  This is usually the result of calling `frame.insert` many times, which has poor performance.  Consider joining all columns at once using pd.concat(axis=1) instead. To get a de-fragmented frame, use `newframe = frame.copy()`
  out[f"feat_{i}"] = df[f"f{i}"]
/home/lilith/work/zen/zensim/scripts/v_next/train_v_next_mlp.py:133: PerformanceWarning: DataFrame is highly fragmented.  This is usually the result of calling `frame.insert` many times, which has poor performance.  Consider joining all columns at once using pd.concat(axis=1) instead. To get a de-fragmented frame, use `newframe = frame.copy()`
  out[f"feat_{i}"] = df[f"f{i}"]
/home/lilith/work/zen/zensim/scripts/v_next/train_v_next_mlp.py:133: PerformanceWarning: DataFrame is highly fragmented.  This is usually the result of calling `frame.insert` many times, which has poor performance.  Consider joining all columns at once using pd.concat(axis=1) instead. To get a de-fragmented frame, use `newframe = frame.copy()`
  out[f"feat_{i}"] = df[f"f{i}"]
/home/lilith/work/zen/zensim/scripts/v_next/train_v_next_mlp.py:133: PerformanceWarning: DataFrame is highly fragmented.  This is usually the result of calling `frame.insert` many times, which has poor performance.  Consider joining all columns at once using pd.concat(axis=1) instead. To get a de-fragmented frame, use `newframe = frame.copy()`
  out[f"feat_{i}"] = df[f"f{i}"]
/home/lilith/work/zen/zensim/scripts/v_next/train_v_next_mlp.py:133: PerformanceWarning: DataFrame is highly fragmented.  This is usually the result of calling `frame.insert` many times, which has poor performance.  Consider joining all columns at once using pd.concat(axis=1) instead. To get a de-fragmented frame, use `newframe = frame.copy()`
  out[f"feat_{i}"] = df[f"f{i}"]
/home/lilith/work/zen/zensim/scripts/v_next/train_v_next_mlp.py:133: PerformanceWarning: DataFrame is highly fragmented.  This is usually the result of calling `frame.insert` many times, which has poor performance.  Consider joining all columns at once using pd.concat(axis=1) instead. To get a de-fragmented frame, use `newframe = frame.copy()`
  out[f"feat_{i}"] = df[f"f{i}"]
/home/lilith/work/zen/zensim/scripts/v_next/train_v_next_mlp.py:133: PerformanceWarning: DataFrame is highly fragmented.  This is usually the result of calling `frame.insert` many times, which has poor performance.  Consider joining all columns at once using pd.concat(axis=1) instead. To get a de-fragmented frame, use `newframe = frame.copy()`
  out[f"feat_{i}"] = df[f"f{i}"]
/home/lilith/work/zen/zensim/scripts/v_next/train_v_next_mlp.py:133: PerformanceWarning: DataFrame is highly fragmented.  This is usually the result of calling `frame.insert` many times, which has poor performance.  Consider joining all columns at once using pd.concat(axis=1) instead. To get a de-fragmented frame, use `newframe = frame.copy()`
  out[f"feat_{i}"] = df[f"f{i}"]
/home/lilith/work/zen/zensim/scripts/v_next/train_v_next_mlp.py:133: PerformanceWarning: DataFrame is highly fragmented.  This is usually the result of calling `frame.insert` many times, which has poor performance.  Consider joining all columns at once using pd.concat(axis=1) instead. To get a de-fragmented frame, use `newframe = frame.copy()`
  out[f"feat_{i}"] = df[f"f{i}"]
/home/lilith/work/zen/zensim/scripts/v_next/train_v_next_mlp.py:133: PerformanceWarning: DataFrame is highly fragmented.  This is usually the result of calling `frame.insert` many times, which has poor performance.  Consider joining all columns at once using pd.concat(axis=1) instead. To get a de-fragmented frame, use `newframe = frame.copy()`
  out[f"feat_{i}"] = df[f"f{i}"]
/home/lilith/work/zen/zensim/scripts/v_next/train_v_next_mlp.py:133: PerformanceWarning: DataFrame is highly fragmented.  This is usually the result of calling `frame.insert` many times, which has poor performance.  Consider joining all columns at once using pd.concat(axis=1) instead. To get a de-fragmented frame, use `newframe = frame.copy()`
  out[f"feat_{i}"] = df[f"f{i}"]
/home/lilith/work/zen/zensim/scripts/v_next/train_v_next_mlp.py:133: PerformanceWarning: DataFrame is highly fragmented.  This is usually the result of calling `frame.insert` many times, which has poor performance.  Consider joining all columns at once using pd.concat(axis=1) instead. To get a de-fragmented frame, use `newframe = frame.copy()`
  out[f"feat_{i}"] = df[f"f{i}"]
/home/lilith/work/zen/zensim/scripts/v_next/train_v_next_mlp.py:133: PerformanceWarning: DataFrame is highly fragmented.  This is usually the result of calling `frame.insert` many times, which has poor performance.  Consider joining all columns at once using pd.concat(axis=1) instead. To get a de-fragmented frame, use `newframe = frame.copy()`
  out[f"feat_{i}"] = df[f"f{i}"]
/home/lilith/work/zen/zensim/scripts/v_next/train_v_next_mlp.py:133: PerformanceWarning: DataFrame is highly fragmented.  This is usually the result of calling `frame.insert` many times, which has poor performance.  Consider joining all columns at once using pd.concat(axis=1) instead. To get a de-fragmented frame, use `newframe = frame.copy()`
  out[f"feat_{i}"] = df[f"f{i}"]
/home/lilith/work/zen/zensim/scripts/v_next/train_v_next_mlp.py:133: PerformanceWarning: DataFrame is highly fragmented.  This is usually the result of calling `frame.insert` many times, which has poor performance.  Consider joining all columns at once using pd.concat(axis=1) instead. To get a de-fragmented frame, use `newframe = frame.copy()`
  out[f"feat_{i}"] = df[f"f{i}"]
/home/lilith/work/zen/zensim/scripts/v_next/train_v_next_mlp.py:133: PerformanceWarning: DataFrame is highly fragmented.  This is usually the result of calling `frame.insert` many times, which has poor performance.  Consider joining all columns at once using pd.concat(axis=1) instead. To get a de-fragmented frame, use `newframe = frame.copy()`
  out[f"feat_{i}"] = df[f"f{i}"]
/home/lilith/work/zen/zensim/scripts/v_next/train_v_next_mlp.py:133: PerformanceWarning: DataFrame is highly fragmented.  This is usually the result of calling `frame.insert` many times, which has poor performance.  Consider joining all columns at once using pd.concat(axis=1) instead. To get a de-fragmented frame, use `newframe = frame.copy()`
  out[f"feat_{i}"] = df[f"f{i}"]
/home/lilith/work/zen/zensim/scripts/v_next/train_v_next_mlp.py:133: PerformanceWarning: DataFrame is highly fragmented.  This is usually the result of calling `frame.insert` many times, which has poor performance.  Consider joining all columns at once using pd.concat(axis=1) instead. To get a de-fragmented frame, use `newframe = frame.copy()`
  out[f"feat_{i}"] = df[f"f{i}"]
/home/lilith/work/zen/zensim/scripts/v_next/train_v_next_mlp.py:133: PerformanceWarning: DataFrame is highly fragmented.  This is usually the result of calling `frame.insert` many times, which has poor performance.  Consider joining all columns at once using pd.concat(axis=1) instead. To get a de-fragmented frame, use `newframe = frame.copy()`
  out[f"feat_{i}"] = df[f"f{i}"]
/home/lilith/work/zen/zensim/scripts/v_next/train_v_next_mlp.py:133: PerformanceWarning: DataFrame is highly fragmented.  This is usually the result of calling `frame.insert` many times, which has poor performance.  Consider joining all columns at once using pd.concat(axis=1) instead. To get a de-fragmented frame, use `newframe = frame.copy()`
  out[f"feat_{i}"] = df[f"f{i}"]
/home/lilith/work/zen/zensim/scripts/v_next/train_v_next_mlp.py:133: PerformanceWarning: DataFrame is highly fragmented.  This is usually the result of calling `frame.insert` many times, which has poor performance.  Consider joining all columns at once using pd.concat(axis=1) instead. To get a de-fragmented frame, use `newframe = frame.copy()`
  out[f"feat_{i}"] = df[f"f{i}"]
/home/lilith/work/zen/zensim/scripts/v_next/train_v_next_mlp.py:133: PerformanceWarning: DataFrame is highly fragmented.  This is usually the result of calling `frame.insert` many times, which has poor performance.  Consider joining all columns at once using pd.concat(axis=1) instead. To get a de-fragmented frame, use `newframe = frame.copy()`
  out[f"feat_{i}"] = df[f"f{i}"]
/home/lilith/work/zen/zensim/scripts/v_next/train_v_next_mlp.py:133: PerformanceWarning: DataFrame is highly fragmented.  This is usually the result of calling `frame.insert` many times, which has poor performance.  Consider joining all columns at once using pd.concat(axis=1) instead. To get a de-fragmented frame, use `newframe = frame.copy()`
  out[f"feat_{i}"] = df[f"f{i}"]
/home/lilith/work/zen/zensim/scripts/v_next/train_v_next_mlp.py:133: PerformanceWarning: DataFrame is highly fragmented.  This is usually the result of calling `frame.insert` many times, which has poor performance.  Consider joining all columns at once using pd.concat(axis=1) instead. To get a de-fragmented frame, use `newframe = frame.copy()`
  out[f"feat_{i}"] = df[f"f{i}"]
/home/lilith/work/zen/zensim/scripts/v_next/train_v_next_mlp.py:133: PerformanceWarning: DataFrame is highly fragmented.  This is usually the result of calling `frame.insert` many times, which has poor performance.  Consider joining all columns at once using pd.concat(axis=1) instead. To get a de-fragmented frame, use `newframe = frame.copy()`
  out[f"feat_{i}"] = df[f"f{i}"]
/home/lilith/work/zen/zensim/scripts/v_next/train_v_next_mlp.py:133: PerformanceWarning: DataFrame is highly fragmented.  This is usually the result of calling `frame.insert` many times, which has poor performance.  Consider joining all columns at once using pd.concat(axis=1) instead. To get a de-fragmented frame, use `newframe = frame.copy()`
  out[f"feat_{i}"] = df[f"f{i}"]
/home/lilith/work/zen/zensim/scripts/v_next/train_v_next_mlp.py:133: PerformanceWarning: DataFrame is highly fragmented.  This is usually the result of calling `frame.insert` many times, which has poor performance.  Consider joining all columns at once using pd.concat(axis=1) instead. To get a de-fragmented frame, use `newframe = frame.copy()`
  out[f"feat_{i}"] = df[f"f{i}"]
/home/lilith/work/zen/zensim/scripts/v_next/train_v_next_mlp.py:133: PerformanceWarning: DataFrame is highly fragmented.  This is usually the result of calling `frame.insert` many times, which has poor performance.  Consider joining all columns at once using pd.concat(axis=1) instead. To get a de-fragmented frame, use `newframe = frame.copy()`
  out[f"feat_{i}"] = df[f"f{i}"]
/home/lilith/work/zen/zensim/scripts/v_next/train_v_next_mlp.py:133: PerformanceWarning: DataFrame is highly fragmented.  This is usually the result of calling `frame.insert` many times, which has poor performance.  Consider joining all columns at once using pd.concat(axis=1) instead. To get a de-fragmented frame, use `newframe = frame.copy()`
  out[f"feat_{i}"] = df[f"f{i}"]
/home/lilith/work/zen/zensim/scripts/v_next/train_v_next_mlp.py:133: PerformanceWarning: DataFrame is highly fragmented.  This is usually the result of calling `frame.insert` many times, which has poor performance.  Consider joining all columns at once using pd.concat(axis=1) instead. To get a de-fragmented frame, use `newframe = frame.copy()`
  out[f"feat_{i}"] = df[f"f{i}"]
/home/lilith/work/zen/zensim/scripts/v_next/train_v_next_mlp.py:133: PerformanceWarning: DataFrame is highly fragmented.  This is usually the result of calling `frame.insert` many times, which has poor performance.  Consider joining all columns at once using pd.concat(axis=1) instead. To get a de-fragmented frame, use `newframe = frame.copy()`
  out[f"feat_{i}"] = df[f"f{i}"]
/home/lilith/work/zen/zensim/scripts/v_next/train_v_next_mlp.py:133: PerformanceWarning: DataFrame is highly fragmented.  This is usually the result of calling `frame.insert` many times, which has poor performance.  Consider joining all columns at once using pd.concat(axis=1) instead. To get a de-fragmented frame, use `newframe = frame.copy()`
  out[f"feat_{i}"] = df[f"f{i}"]
/home/lilith/work/zen/zensim/scripts/v_next/train_v_next_mlp.py:133: PerformanceWarning: DataFrame is highly fragmented.  This is usually the result of calling `frame.insert` many times, which has poor performance.  Consider joining all columns at once using pd.concat(axis=1) instead. To get a de-fragmented frame, use `newframe = frame.copy()`
  out[f"feat_{i}"] = df[f"f{i}"]
/home/lilith/work/zen/zensim/scripts/v_next/train_v_next_mlp.py:133: PerformanceWarning: DataFrame is highly fragmented.  This is usually the result of calling `frame.insert` many times, which has poor performance.  Consider joining all columns at once using pd.concat(axis=1) instead. To get a de-fragmented frame, use `newframe = frame.copy()`
  out[f"feat_{i}"] = df[f"f{i}"]
/home/lilith/work/zen/zensim/scripts/v_next/train_v_next_mlp.py:133: PerformanceWarning: DataFrame is highly fragmented.  This is usually the result of calling `frame.insert` many times, which has poor performance.  Consider joining all columns at once using pd.concat(axis=1) instead. To get a de-fragmented frame, use `newframe = frame.copy()`
  out[f"feat_{i}"] = df[f"f{i}"]
/home/lilith/work/zen/zensim/scripts/v_next/train_v_next_mlp.py:133: PerformanceWarning: DataFrame is highly fragmented.  This is usually the result of calling `frame.insert` many times, which has poor performance.  Consider joining all columns at once using pd.concat(axis=1) instead. To get a de-fragmented frame, use `newframe = frame.copy()`
  out[f"feat_{i}"] = df[f"f{i}"]
/home/lilith/work/zen/zensim/scripts/v_next/train_v_next_mlp.py:133: PerformanceWarning: DataFrame is highly fragmented.  This is usually the result of calling `frame.insert` many times, which has poor performance.  Consider joining all columns at once using pd.concat(axis=1) instead. To get a de-fragmented frame, use `newframe = frame.copy()`
  out[f"feat_{i}"] = df[f"f{i}"]
/home/lilith/work/zen/zensim/scripts/v_next/train_v_next_mlp.py:133: PerformanceWarning: DataFrame is highly fragmented.  This is usually the result of calling `frame.insert` many times, which has poor performance.  Consider joining all columns at once using pd.concat(axis=1) instead. To get a de-fragmented frame, use `newframe = frame.copy()`
  out[f"feat_{i}"] = df[f"f{i}"]
/home/lilith/work/zen/zensim/scripts/v_next/train_v_next_mlp.py:133: PerformanceWarning: DataFrame is highly fragmented.  This is usually the result of calling `frame.insert` many times, which has poor performance.  Consider joining all columns at once using pd.concat(axis=1) instead. To get a de-fragmented frame, use `newframe = frame.copy()`
  out[f"feat_{i}"] = df[f"f{i}"]
/home/lilith/work/zen/zensim/scripts/v_next/train_v_next_mlp.py:133: PerformanceWarning: DataFrame is highly fragmented.  This is usually the result of calling `frame.insert` many times, which has poor performance.  Consider joining all columns at once using pd.concat(axis=1) instead. To get a de-fragmented frame, use `newframe = frame.copy()`
  out[f"feat_{i}"] = df[f"f{i}"]
/home/lilith/work/zen/zensim/scripts/v_next/train_v_next_mlp.py:133: PerformanceWarning: DataFrame is highly fragmented.  This is usually the result of calling `frame.insert` many times, which has poor performance.  Consider joining all columns at once using pd.concat(axis=1) instead. To get a de-fragmented frame, use `newframe = frame.copy()`
  out[f"feat_{i}"] = df[f"f{i}"]
/home/lilith/work/zen/zensim/scripts/v_next/train_v_next_mlp.py:133: PerformanceWarning: DataFrame is highly fragmented.  This is usually the result of calling `frame.insert` many times, which has poor performance.  Consider joining all columns at once using pd.concat(axis=1) instead. To get a de-fragmented frame, use `newframe = frame.copy()`
  out[f"feat_{i}"] = df[f"f{i}"]
/home/lilith/work/zen/zensim/scripts/v_next/train_v_next_mlp.py:133: PerformanceWarning: DataFrame is highly fragmented.  This is usually the result of calling `frame.insert` many times, which has poor performance.  Consider joining all columns at once using pd.concat(axis=1) instead. To get a de-fragmented frame, use `newframe = frame.copy()`
  out[f"feat_{i}"] = df[f"f{i}"]
/home/lilith/work/zen/zensim/scripts/v_next/train_v_next_mlp.py:133: PerformanceWarning: DataFrame is highly fragmented.  This is usually the result of calling `frame.insert` many times, which has poor performance.  Consider joining all columns at once using pd.concat(axis=1) instead. To get a de-fragmented frame, use `newframe = frame.copy()`
  out[f"feat_{i}"] = df[f"f{i}"]
/home/lilith/work/zen/zensim/scripts/v_next/train_v_next_mlp.py:133: PerformanceWarning: DataFrame is highly fragmented.  This is usually the result of calling `frame.insert` many times, which has poor performance.  Consider joining all columns at once using pd.concat(axis=1) instead. To get a de-fragmented frame, use `newframe = frame.copy()`
  out[f"feat_{i}"] = df[f"f{i}"]
/home/lilith/work/zen/zensim/scripts/v_next/train_v_next_mlp.py:133: PerformanceWarning: DataFrame is highly fragmented.  This is usually the result of calling `frame.insert` many times, which has poor performance.  Consider joining all columns at once using pd.concat(axis=1) instead. To get a de-fragmented frame, use `newframe = frame.copy()`
  out[f"feat_{i}"] = df[f"f{i}"]
/home/lilith/work/zen/zensim/scripts/v_next/train_v_next_mlp.py:133: PerformanceWarning: DataFrame is highly fragmented.  This is usually the result of calling `frame.insert` many times, which has poor performance.  Consider joining all columns at once using pd.concat(axis=1) instead. To get a de-fragmented frame, use `newframe = frame.copy()`
  out[f"feat_{i}"] = df[f"f{i}"]
/home/lilith/work/zen/zensim/scripts/v_next/train_v_next_mlp.py:133: PerformanceWarning: DataFrame is highly fragmented.  This is usually the result of calling `frame.insert` many times, which has poor performance.  Consider joining all columns at once using pd.concat(axis=1) instead. To get a de-fragmented frame, use `newframe = frame.copy()`
  out[f"feat_{i}"] = df[f"f{i}"]
/home/lilith/work/zen/zensim/scripts/v_next/train_v_next_mlp.py:133: PerformanceWarning: DataFrame is highly fragmented.  This is usually the result of calling `frame.insert` many times, which has poor performance.  Consider joining all columns at once using pd.concat(axis=1) instead. To get a de-fragmented frame, use `newframe = frame.copy()`
  out[f"feat_{i}"] = df[f"f{i}"]
/home/lilith/work/zen/zensim/scripts/v_next/train_v_next_mlp.py:133: PerformanceWarning: DataFrame is highly fragmented.  This is usually the result of calling `frame.insert` many times, which has poor performance.  Consider joining all columns at once using pd.concat(axis=1) instead. To get a de-fragmented frame, use `newframe = frame.copy()`
  out[f"feat_{i}"] = df[f"f{i}"]
/home/lilith/work/zen/zensim/scripts/v_next/train_v_next_mlp.py:133: PerformanceWarning: DataFrame is highly fragmented.  This is usually the result of calling `frame.insert` many times, which has poor performance.  Consider joining all columns at once using pd.concat(axis=1) instead. To get a de-fragmented frame, use `newframe = frame.copy()`
  out[f"feat_{i}"] = df[f"f{i}"]
/home/lilith/work/zen/zensim/scripts/v_next/train_v_next_mlp.py:133: PerformanceWarning: DataFrame is highly fragmented.  This is usually the result of calling `frame.insert` many times, which has poor performance.  Consider joining all columns at once using pd.concat(axis=1) instead. To get a de-fragmented frame, use `newframe = frame.copy()`
  out[f"feat_{i}"] = df[f"f{i}"]
/home/lilith/work/zen/zensim/scripts/v_next/train_v_next_mlp.py:133: PerformanceWarning: DataFrame is highly fragmented.  This is usually the result of calling `frame.insert` many times, which has poor performance.  Consider joining all columns at once using pd.concat(axis=1) instead. To get a de-fragmented frame, use `newframe = frame.copy()`
  out[f"feat_{i}"] = df[f"f{i}"]
/home/lilith/work/zen/zensim/scripts/v_next/train_v_next_mlp.py:133: PerformanceWarning: DataFrame is highly fragmented.  This is usually the result of calling `frame.insert` many times, which has poor performance.  Consider joining all columns at once using pd.concat(axis=1) instead. To get a de-fragmented frame, use `newframe = frame.copy()`
  out[f"feat_{i}"] = df[f"f{i}"]
/home/lilith/work/zen/zensim/scripts/v_next/train_v_next_mlp.py:133: PerformanceWarning: DataFrame is highly fragmented.  This is usually the result of calling `frame.insert` many times, which has poor performance.  Consider joining all columns at once using pd.concat(axis=1) instead. To get a de-fragmented frame, use `newframe = frame.copy()`
  out[f"feat_{i}"] = df[f"f{i}"]
/home/lilith/work/zen/zensim/scripts/v_next/train_v_next_mlp.py:133: PerformanceWarning: DataFrame is highly fragmented.  This is usually the result of calling `frame.insert` many times, which has poor performance.  Consider joining all columns at once using pd.concat(axis=1) instead. To get a de-fragmented frame, use `newframe = frame.copy()`
  out[f"feat_{i}"] = df[f"f{i}"]
/home/lilith/work/zen/zensim/scripts/v_next/train_v_next_mlp.py:133: PerformanceWarning: DataFrame is highly fragmented.  This is usually the result of calling `frame.insert` many times, which has poor performance.  Consider joining all columns at once using pd.concat(axis=1) instead. To get a de-fragmented frame, use `newframe = frame.copy()`
  out[f"feat_{i}"] = df[f"f{i}"]
/home/lilith/work/zen/zensim/scripts/v_next/train_v_next_mlp.py:133: PerformanceWarning: DataFrame is highly fragmented.  This is usually the result of calling `frame.insert` many times, which has poor performance.  Consider joining all columns at once using pd.concat(axis=1) instead. To get a de-fragmented frame, use `newframe = frame.copy()`
  out[f"feat_{i}"] = df[f"f{i}"]
/home/lilith/work/zen/zensim/scripts/v_next/train_v_next_mlp.py:133: PerformanceWarning: DataFrame is highly fragmented.  This is usually the result of calling `frame.insert` many times, which has poor performance.  Consider joining all columns at once using pd.concat(axis=1) instead. To get a de-fragmented frame, use `newframe = frame.copy()`
  out[f"feat_{i}"] = df[f"f{i}"]
/home/lilith/work/zen/zensim/scripts/v_next/train_v_next_mlp.py:133: PerformanceWarning: DataFrame is highly fragmented.  This is usually the result of calling `frame.insert` many times, which has poor performance.  Consider joining all columns at once using pd.concat(axis=1) instead. To get a de-fragmented frame, use `newframe = frame.copy()`
  out[f"feat_{i}"] = df[f"f{i}"]
/home/lilith/work/zen/zensim/scripts/v_next/train_v_next_mlp.py:133: PerformanceWarning: DataFrame is highly fragmented.  This is usually the result of calling `frame.insert` many times, which has poor performance.  Consider joining all columns at once using pd.concat(axis=1) instead. To get a de-fragmented frame, use `newframe = frame.copy()`
  out[f"feat_{i}"] = df[f"f{i}"]
/home/lilith/work/zen/zensim/scripts/v_next/train_v_next_mlp.py:133: PerformanceWarning: DataFrame is highly fragmented.  This is usually the result of calling `frame.insert` many times, which has poor performance.  Consider joining all columns at once using pd.concat(axis=1) instead. To get a de-fragmented frame, use `newframe = frame.copy()`
  out[f"feat_{i}"] = df[f"f{i}"]
/home/lilith/work/zen/zensim/scripts/v_next/train_v_next_mlp.py:133: PerformanceWarning: DataFrame is highly fragmented.  This is usually the result of calling `frame.insert` many times, which has poor performance.  Consider joining all columns at once using pd.concat(axis=1) instead. To get a de-fragmented frame, use `newframe = frame.copy()`
  out[f"feat_{i}"] = df[f"f{i}"]
/home/lilith/work/zen/zensim/scripts/v_next/train_v_next_mlp.py:133: PerformanceWarning: DataFrame is highly fragmented.  This is usually the result of calling `frame.insert` many times, which has poor performance.  Consider joining all columns at once using pd.concat(axis=1) instead. To get a de-fragmented frame, use `newframe = frame.copy()`
  out[f"feat_{i}"] = df[f"f{i}"]
/home/lilith/work/zen/zensim/scripts/v_next/train_v_next_mlp.py:133: PerformanceWarning: DataFrame is highly fragmented.  This is usually the result of calling `frame.insert` many times, which has poor performance.  Consider joining all columns at once using pd.concat(axis=1) instead. To get a de-fragmented frame, use `newframe = frame.copy()`
  out[f"feat_{i}"] = df[f"f{i}"]
/home/lilith/work/zen/zensim/scripts/v_next/train_v_next_mlp.py:133: PerformanceWarning: DataFrame is highly fragmented.  This is usually the result of calling `frame.insert` many times, which has poor performance.  Consider joining all columns at once using pd.concat(axis=1) instead. To get a de-fragmented frame, use `newframe = frame.copy()`
  out[f"feat_{i}"] = df[f"f{i}"]
/home/lilith/work/zen/zensim/scripts/v_next/train_v_next_mlp.py:133: PerformanceWarning: DataFrame is highly fragmented.  This is usually the result of calling `frame.insert` many times, which has poor performance.  Consider joining all columns at once using pd.concat(axis=1) instead. To get a de-fragmented frame, use `newframe = frame.copy()`
  out[f"feat_{i}"] = df[f"f{i}"]
/home/lilith/work/zen/zensim/scripts/v_next/train_v_next_mlp.py:133: PerformanceWarning: DataFrame is highly fragmented.  This is usually the result of calling `frame.insert` many times, which has poor performance.  Consider joining all columns at once using pd.concat(axis=1) instead. To get a de-fragmented frame, use `newframe = frame.copy()`
  out[f"feat_{i}"] = df[f"f{i}"]
/home/lilith/work/zen/zensim/scripts/v_next/train_v_next_mlp.py:133: PerformanceWarning: DataFrame is highly fragmented.  This is usually the result of calling `frame.insert` many times, which has poor performance.  Consider joining all columns at once using pd.concat(axis=1) instead. To get a de-fragmented frame, use `newframe = frame.copy()`
  out[f"feat_{i}"] = df[f"f{i}"]
/home/lilith/work/zen/zensim/scripts/v_next/train_v_next_mlp.py:133: PerformanceWarning: DataFrame is highly fragmented.  This is usually the result of calling `frame.insert` many times, which has poor performance.  Consider joining all columns at once using pd.concat(axis=1) instead. To get a de-fragmented frame, use `newframe = frame.copy()`
  out[f"feat_{i}"] = df[f"f{i}"]
/home/lilith/work/zen/zensim/scripts/v_next/train_v_next_mlp.py:133: PerformanceWarning: DataFrame is highly fragmented.  This is usually the result of calling `frame.insert` many times, which has poor performance.  Consider joining all columns at once using pd.concat(axis=1) instead. To get a de-fragmented frame, use `newframe = frame.copy()`
  out[f"feat_{i}"] = df[f"f{i}"]
/home/lilith/work/zen/zensim/scripts/v_next/train_v_next_mlp.py:133: PerformanceWarning: DataFrame is highly fragmented.  This is usually the result of calling `frame.insert` many times, which has poor performance.  Consider joining all columns at once using pd.concat(axis=1) instead. To get a de-fragmented frame, use `newframe = frame.copy()`
  out[f"feat_{i}"] = df[f"f{i}"]
/home/lilith/work/zen/zensim/scripts/v_next/train_v_next_mlp.py:133: PerformanceWarning: DataFrame is highly fragmented.  This is usually the result of calling `frame.insert` many times, which has poor performance.  Consider joining all columns at once using pd.concat(axis=1) instead. To get a de-fragmented frame, use `newframe = frame.copy()`
  out[f"feat_{i}"] = df[f"f{i}"]
/home/lilith/work/zen/zensim/scripts/v_next/train_v_next_mlp.py:133: PerformanceWarning: DataFrame is highly fragmented.  This is usually the result of calling `frame.insert` many times, which has poor performance.  Consider joining all columns at once using pd.concat(axis=1) instead. To get a de-fragmented frame, use `newframe = frame.copy()`
  out[f"feat_{i}"] = df[f"f{i}"]
/home/lilith/work/zen/zensim/scripts/v_next/train_v_next_mlp.py:133: PerformanceWarning: DataFrame is highly fragmented.  This is usually the result of calling `frame.insert` many times, which has poor performance.  Consider joining all columns at once using pd.concat(axis=1) instead. To get a de-fragmented frame, use `newframe = frame.copy()`
  out[f"feat_{i}"] = df[f"f{i}"]
/home/lilith/work/zen/zensim/scripts/v_next/train_v_next_mlp.py:133: PerformanceWarning: DataFrame is highly fragmented.  This is usually the result of calling `frame.insert` many times, which has poor performance.  Consider joining all columns at once using pd.concat(axis=1) instead. To get a de-fragmented frame, use `newframe = frame.copy()`
  out[f"feat_{i}"] = df[f"f{i}"]
/home/lilith/work/zen/zensim/scripts/v_next/train_v_next_mlp.py:133: PerformanceWarning: DataFrame is highly fragmented.  This is usually the result of calling `frame.insert` many times, which has poor performance.  Consider joining all columns at once using pd.concat(axis=1) instead. To get a de-fragmented frame, use `newframe = frame.copy()`
  out[f"feat_{i}"] = df[f"f{i}"]
/home/lilith/work/zen/zensim/scripts/v_next/train_v_next_mlp.py:133: PerformanceWarning: DataFrame is highly fragmented.  This is usually the result of calling `frame.insert` many times, which has poor performance.  Consider joining all columns at once using pd.concat(axis=1) instead. To get a de-fragmented frame, use `newframe = frame.copy()`
  out[f"feat_{i}"] = df[f"f{i}"]
/home/lilith/work/zen/zensim/scripts/v_next/train_v_next_mlp.py:133: PerformanceWarning: DataFrame is highly fragmented.  This is usually the result of calling `frame.insert` many times, which has poor performance.  Consider joining all columns at once using pd.concat(axis=1) instead. To get a de-fragmented frame, use `newframe = frame.copy()`
  out[f"feat_{i}"] = df[f"f{i}"]
/home/lilith/work/zen/zensim/scripts/v_next/train_v_next_mlp.py:133: PerformanceWarning: DataFrame is highly fragmented.  This is usually the result of calling `frame.insert` many times, which has poor performance.  Consider joining all columns at once using pd.concat(axis=1) instead. To get a de-fragmented frame, use `newframe = frame.copy()`
  out[f"feat_{i}"] = df[f"f{i}"]
/home/lilith/work/zen/zensim/scripts/v_next/train_v_next_mlp.py:133: PerformanceWarning: DataFrame is highly fragmented.  This is usually the result of calling `frame.insert` many times, which has poor performance.  Consider joining all columns at once using pd.concat(axis=1) instead. To get a de-fragmented frame, use `newframe = frame.copy()`
  out[f"feat_{i}"] = df[f"f{i}"]
/home/lilith/work/zen/zensim/scripts/v_next/train_v_next_mlp.py:133: PerformanceWarning: DataFrame is highly fragmented.  This is usually the result of calling `frame.insert` many times, which has poor performance.  Consider joining all columns at once using pd.concat(axis=1) instead. To get a de-fragmented frame, use `newframe = frame.copy()`
  out[f"feat_{i}"] = df[f"f{i}"]
/home/lilith/work/zen/zensim/scripts/v_next/train_v_next_mlp.py:149: PerformanceWarning: DataFrame is highly fragmented.  This is usually the result of calling `frame.insert` many times, which has poor performance.  Consider joining all columns at once using pd.concat(axis=1) instead. To get a de-fragmented frame, use `newframe = frame.copy()`
  out["is_val_only"] = out["image_basename"].isin(val_refs)
/home/lilith/work/zen/zensim/scripts/v_next/train_v_next_mlp.py:150: PerformanceWarning: DataFrame is highly fragmented.  This is usually the result of calling `frame.insert` many times, which has poor performance.  Consider joining all columns at once using pd.concat(axis=1) instead. To get a de-fragmented frame, use `newframe = frame.copy()`
  out["train_weight"] = np.where(out["is_val_only"], 0.0, train_weight)
/home/lilith/work/zen/zensim/scripts/v_next/train_v_next_mlp.py:151: PerformanceWarning: DataFrame is highly fragmented.  This is usually the result of calling `frame.insert` many times, which has poor performance.  Consider joining all columns at once using pd.concat(axis=1) instead. To get a de-fragmented frame, use `newframe = frame.copy()`
  out["dataset"] = dataset_name
/home/lilith/work/zen/zensim/scripts/v_next/train_v_next_mlp.py:152: PerformanceWarning: DataFrame is highly fragmented.  This is usually the result of calling `frame.insert` many times, which has poor performance.  Consider joining all columns at once using pd.concat(axis=1) instead. To get a de-fragmented frame, use `newframe = frame.copy()`
  out["target_human"] = score_100  # explicit copy for V0_6 ranknet groups
  218,089 rows, 3579 unique refs (val=895 val_only refs); train_w=1.0, loaded in 4.5s
Loading kadid kadid_features.csv...
/home/lilith/work/zen/zensim/scripts/v_next/train_v_next_mlp.py:133: PerformanceWarning: DataFrame is highly fragmented.  This is usually the result of calling `frame.insert` many times, which has poor performance.  Consider joining all columns at once using pd.concat(axis=1) instead. To get a de-fragmented frame, use `newframe = frame.copy()`
  out[f"feat_{i}"] = df[f"f{i}"]
/home/lilith/work/zen/zensim/scripts/v_next/train_v_next_mlp.py:133: PerformanceWarning: DataFrame is highly fragmented.  This is usually the result of calling `frame.insert` many times, which has poor performance.  Consider joining all columns at once using pd.concat(axis=1) instead. To get a de-fragmented frame, use `newframe = frame.copy()`
  out[f"feat_{i}"] = df[f"f{i}"]
/home/lilith/work/zen/zensim/scripts/v_next/train_v_next_mlp.py:133: PerformanceWarning: DataFrame is highly fragmented.  This is usually the result of calling `frame.insert` many times, which has poor performance.  Consider joining all columns at once using pd.concat(axis=1) instead. To get a de-fragmented frame, use `newframe = frame.copy()`
  out[f"feat_{i}"] = df[f"f{i}"]
/home/lilith/work/zen/zensim/scripts/v_next/train_v_next_mlp.py:133: PerformanceWarning: DataFrame is highly fragmented.  This is usually the result of calling `frame.insert` many times, which has poor performance.  Consider joining all columns at once using pd.concat(axis=1) instead. To get a de-fragmented frame, use `newframe = frame.copy()`
  out[f"feat_{i}"] = df[f"f{i}"]
/home/lilith/work/zen/zensim/scripts/v_next/train_v_next_mlp.py:133: PerformanceWarning: DataFrame is highly fragmented.  This is usually the result of calling `frame.insert` many times, which has poor performance.  Consider joining all columns at once using pd.concat(axis=1) instead. To get a de-fragmented frame, use `newframe = frame.copy()`
  out[f"feat_{i}"] = df[f"f{i}"]
/home/lilith/work/zen/zensim/scripts/v_next/train_v_next_mlp.py:133: PerformanceWarning: DataFrame is highly fragmented.  This is usually the result of calling `frame.insert` many times, which has poor performance.  Consider joining all columns at once using pd.concat(axis=1) instead. To get a de-fragmented frame, use `newframe = frame.copy()`
  out[f"feat_{i}"] = df[f"f{i}"]
/home/lilith/work/zen/zensim/scripts/v_next/train_v_next_mlp.py:133: PerformanceWarning: DataFrame is highly fragmented.  This is usually the result of calling `frame.insert` many times, which has poor performance.  Consider joining all columns at once using pd.concat(axis=1) instead. To get a de-fragmented frame, use `newframe = frame.copy()`
  out[f"feat_{i}"] = df[f"f{i}"]
/home/lilith/work/zen/zensim/scripts/v_next/train_v_next_mlp.py:133: PerformanceWarning: DataFrame is highly fragmented.  This is usually the result of calling `frame.insert` many times, which has poor performance.  Consider joining all columns at once using pd.concat(axis=1) instead. To get a de-fragmented frame, use `newframe = frame.copy()`
  out[f"feat_{i}"] = df[f"f{i}"]
/home/lilith/work/zen/zensim/scripts/v_next/train_v_next_mlp.py:133: PerformanceWarning: DataFrame is highly fragmented.  This is usually the result of calling `frame.insert` many times, which has poor performance.  Consider joining all columns at once using pd.concat(axis=1) instead. To get a de-fragmented frame, use `newframe = frame.copy()`
  out[f"feat_{i}"] = df[f"f{i}"]
/home/lilith/work/zen/zensim/scripts/v_next/train_v_next_mlp.py:133: PerformanceWarning: DataFrame is highly fragmented.  This is usually the result of calling `frame.insert` many times, which has poor performance.  Consider joining all columns at once using pd.concat(axis=1) instead. To get a de-fragmented frame, use `newframe = frame.copy()`
  out[f"feat_{i}"] = df[f"f{i}"]
/home/lilith/work/zen/zensim/scripts/v_next/train_v_next_mlp.py:133: PerformanceWarning: DataFrame is highly fragmented.  This is usually the result of calling `frame.insert` many times, which has poor performance.  Consider joining all columns at once using pd.concat(axis=1) instead. To get a de-fragmented frame, use `newframe = frame.copy()`
  out[f"feat_{i}"] = df[f"f{i}"]
/home/lilith/work/zen/zensim/scripts/v_next/train_v_next_mlp.py:133: PerformanceWarning: DataFrame is highly fragmented.  This is usually the result of calling `frame.insert` many times, which has poor performance.  Consider joining all columns at once using pd.concat(axis=1) instead. To get a de-fragmented frame, use `newframe = frame.copy()`
  out[f"feat_{i}"] = df[f"f{i}"]
/home/lilith/work/zen/zensim/scripts/v_next/train_v_next_mlp.py:133: PerformanceWarning: DataFrame is highly fragmented.  This is usually the result of calling `frame.insert` many times, which has poor performance.  Consider joining all columns at once using pd.concat(axis=1) instead. To get a de-fragmented frame, use `newframe = frame.copy()`
  out[f"feat_{i}"] = df[f"f{i}"]
/home/lilith/work/zen/zensim/scripts/v_next/train_v_next_mlp.py:133: PerformanceWarning: DataFrame is highly fragmented.  This is usually the result of calling `frame.insert` many times, which has poor performance.  Consider joining all columns at once using pd.concat(axis=1) instead. To get a de-fragmented frame, use `newframe = frame.copy()`
  out[f"feat_{i}"] = df[f"f{i}"]
/home/lilith/work/zen/zensim/scripts/v_next/train_v_next_mlp.py:133: PerformanceWarning: DataFrame is highly fragmented.  This is usually the result of calling `frame.insert` many times, which has poor performance.  Consider joining all columns at once using pd.concat(axis=1) instead. To get a de-fragmented frame, use `newframe = frame.copy()`
  out[f"feat_{i}"] = df[f"f{i}"]
/home/lilith/work/zen/zensim/scripts/v_next/train_v_next_mlp.py:133: PerformanceWarning: DataFrame is highly fragmented.  This is usually the result of calling `frame.insert` many times, which has poor performance.  Consider joining all columns at once using pd.concat(axis=1) instead. To get a de-fragmented frame, use `newframe = frame.copy()`
  out[f"feat_{i}"] = df[f"f{i}"]
/home/lilith/work/zen/zensim/scripts/v_next/train_v_next_mlp.py:133: PerformanceWarning: DataFrame is highly fragmented.  This is usually the result of calling `frame.insert` many times, which has poor performance.  Consider joining all columns at once using pd.concat(axis=1) instead. To get a de-fragmented frame, use `newframe = frame.copy()`
  out[f"feat_{i}"] = df[f"f{i}"]
/home/lilith/work/zen/zensim/scripts/v_next/train_v_next_mlp.py:133: PerformanceWarning: DataFrame is highly fragmented.  This is usually the result of calling `frame.insert` many times, which has poor performance.  Consider joining all columns at once using pd.concat(axis=1) instead. To get a de-fragmented frame, use `newframe = frame.copy()`
  out[f"feat_{i}"] = df[f"f{i}"]
/home/lilith/work/zen/zensim/scripts/v_next/train_v_next_mlp.py:133: PerformanceWarning: DataFrame is highly fragmented.  This is usually the result of calling `frame.insert` many times, which has poor performance.  Consider joining all columns at once using pd.concat(axis=1) instead. To get a de-fragmented frame, use `newframe = frame.copy()`
  out[f"feat_{i}"] = df[f"f{i}"]
/home/lilith/work/zen/zensim/scripts/v_next/train_v_next_mlp.py:133: PerformanceWarning: DataFrame is highly fragmented.  This is usually the result of calling `frame.insert` many times, which has poor performance.  Consider joining all columns at once using pd.concat(axis=1) instead. To get a de-fragmented frame, use `newframe = frame.copy()`
  out[f"feat_{i}"] = df[f"f{i}"]
/home/lilith/work/zen/zensim/scripts/v_next/train_v_next_mlp.py:133: PerformanceWarning: DataFrame is highly fragmented.  This is usually the result of calling `frame.insert` many times, which has poor performance.  Consider joining all columns at once using pd.concat(axis=1) instead. To get a de-fragmented frame, use `newframe = frame.copy()`
  out[f"feat_{i}"] = df[f"f{i}"]
/home/lilith/work/zen/zensim/scripts/v_next/train_v_next_mlp.py:133: PerformanceWarning: DataFrame is highly fragmented.  This is usually the result of calling `frame.insert` many times, which has poor performance.  Consider joining all columns at once using pd.concat(axis=1) instead. To get a de-fragmented frame, use `newframe = frame.copy()`
  out[f"feat_{i}"] = df[f"f{i}"]
/home/lilith/work/zen/zensim/scripts/v_next/train_v_next_mlp.py:133: PerformanceWarning: DataFrame is highly fragmented.  This is usually the result of calling `frame.insert` many times, which has poor performance.  Consider joining all columns at once using pd.concat(axis=1) instead. To get a de-fragmented frame, use `newframe = frame.copy()`
  out[f"feat_{i}"] = df[f"f{i}"]
/home/lilith/work/zen/zensim/scripts/v_next/train_v_next_mlp.py:133: PerformanceWarning: DataFrame is highly fragmented.  This is usually the result of calling `frame.insert` many times, which has poor performance.  Consider joining all columns at once using pd.concat(axis=1) instead. To get a de-fragmented frame, use `newframe = frame.copy()`
  out[f"feat_{i}"] = df[f"f{i}"]
/home/lilith/work/zen/zensim/scripts/v_next/train_v_next_mlp.py:133: PerformanceWarning: DataFrame is highly fragmented.  This is usually the result of calling `frame.insert` many times, which has poor performance.  Consider joining all columns at once using pd.concat(axis=1) instead. To get a de-fragmented frame, use `newframe = frame.copy()`
  out[f"feat_{i}"] = df[f"f{i}"]
/home/lilith/work/zen/zensim/scripts/v_next/train_v_next_mlp.py:133: PerformanceWarning: DataFrame is highly fragmented.  This is usually the result of calling `frame.insert` many times, which has poor performance.  Consider joining all columns at once using pd.concat(axis=1) instead. To get a de-fragmented frame, use `newframe = frame.copy()`
  out[f"feat_{i}"] = df[f"f{i}"]
/home/lilith/work/zen/zensim/scripts/v_next/train_v_next_mlp.py:133: PerformanceWarning: DataFrame is highly fragmented.  This is usually the result of calling `frame.insert` many times, which has poor performance.  Consider joining all columns at once using pd.concat(axis=1) instead. To get a de-fragmented frame, use `newframe = frame.copy()`
  out[f"feat_{i}"] = df[f"f{i}"]
/home/lilith/work/zen/zensim/scripts/v_next/train_v_next_mlp.py:133: PerformanceWarning: DataFrame is highly fragmented.  This is usually the result of calling `frame.insert` many times, which has poor performance.  Consider joining all columns at once using pd.concat(axis=1) instead. To get a de-fragmented frame, use `newframe = frame.copy()`
  out[f"feat_{i}"] = df[f"f{i}"]
/home/lilith/work/zen/zensim/scripts/v_next/train_v_next_mlp.py:133: PerformanceWarning: DataFrame is highly fragmented.  This is usually the result of calling `frame.insert` many times, which has poor performance.  Consider joining all columns at once using pd.concat(axis=1) instead. To get a de-fragmented frame, use `newframe = frame.copy()`
  out[f"feat_{i}"] = df[f"f{i}"]
/home/lilith/work/zen/zensim/scripts/v_next/train_v_next_mlp.py:133: PerformanceWarning: DataFrame is highly fragmented.  This is usually the result of calling `frame.insert` many times, which has poor performance.  Consider joining all columns at once using pd.concat(axis=1) instead. To get a de-fragmented frame, use `newframe = frame.copy()`
  out[f"feat_{i}"] = df[f"f{i}"]
/home/lilith/work/zen/zensim/scripts/v_next/train_v_next_mlp.py:133: PerformanceWarning: DataFrame is highly fragmented.  This is usually the result of calling `frame.insert` many times, which has poor performance.  Consider joining all columns at once using pd.concat(axis=1) instead. To get a de-fragmented frame, use `newframe = frame.copy()`
  out[f"feat_{i}"] = df[f"f{i}"]
/home/lilith/work/zen/zensim/scripts/v_next/train_v_next_mlp.py:133: PerformanceWarning: DataFrame is highly fragmented.  This is usually the result of calling `frame.insert` many times, which has poor performance.  Consider joining all columns at once using pd.concat(axis=1) instead. To get a de-fragmented frame, use `newframe = frame.copy()`
  out[f"feat_{i}"] = df[f"f{i}"]
/home/lilith/work/zen/zensim/scripts/v_next/train_v_next_mlp.py:133: PerformanceWarning: DataFrame is highly fragmented.  This is usually the result of calling `frame.insert` many times, which has poor performance.  Consider joining all columns at once using pd.concat(axis=1) instead. To get a de-fragmented frame, use `newframe = frame.copy()`
  out[f"feat_{i}"] = df[f"f{i}"]
/home/lilith/work/zen/zensim/scripts/v_next/train_v_next_mlp.py:133: PerformanceWarning: DataFrame is highly fragmented.  This is usually the result of calling `frame.insert` many times, which has poor performance.  Consider joining all columns at once using pd.concat(axis=1) instead. To get a de-fragmented frame, use `newframe = frame.copy()`
  out[f"feat_{i}"] = df[f"f{i}"]
/home/lilith/work/zen/zensim/scripts/v_next/train_v_next_mlp.py:133: PerformanceWarning: DataFrame is highly fragmented.  This is usually the result of calling `frame.insert` many times, which has poor performance.  Consider joining all columns at once using pd.concat(axis=1) instead. To get a de-fragmented frame, use `newframe = frame.copy()`
  out[f"feat_{i}"] = df[f"f{i}"]
/home/lilith/work/zen/zensim/scripts/v_next/train_v_next_mlp.py:133: PerformanceWarning: DataFrame is highly fragmented.  This is usually the result of calling `frame.insert` many times, which has poor performance.  Consider joining all columns at once using pd.concat(axis=1) instead. To get a de-fragmented frame, use `newframe = frame.copy()`
  out[f"feat_{i}"] = df[f"f{i}"]
/home/lilith/work/zen/zensim/scripts/v_next/train_v_next_mlp.py:133: PerformanceWarning: DataFrame is highly fragmented.  This is usually the result of calling `frame.insert` many times, which has poor performance.  Consider joining all columns at once using pd.concat(axis=1) instead. To get a de-fragmented frame, use `newframe = frame.copy()`
  out[f"feat_{i}"] = df[f"f{i}"]
/home/lilith/work/zen/zensim/scripts/v_next/train_v_next_mlp.py:133: PerformanceWarning: DataFrame is highly fragmented.  This is usually the result of calling `frame.insert` many times, which has poor performance.  Consider joining all columns at once using pd.concat(axis=1) instead. To get a de-fragmented frame, use `newframe = frame.copy()`
  out[f"feat_{i}"] = df[f"f{i}"]
/home/lilith/work/zen/zensim/scripts/v_next/train_v_next_mlp.py:133: PerformanceWarning: DataFrame is highly fragmented.  This is usually the result of calling `frame.insert` many times, which has poor performance.  Consider joining all columns at once using pd.concat(axis=1) instead. To get a de-fragmented frame, use `newframe = frame.copy()`
  out[f"feat_{i}"] = df[f"f{i}"]
/home/lilith/work/zen/zensim/scripts/v_next/train_v_next_mlp.py:133: PerformanceWarning: DataFrame is highly fragmented.  This is usually the result of calling `frame.insert` many times, which has poor performance.  Consider joining all columns at once using pd.concat(axis=1) instead. To get a de-fragmented frame, use `newframe = frame.copy()`
  out[f"feat_{i}"] = df[f"f{i}"]
/home/lilith/work/zen/zensim/scripts/v_next/train_v_next_mlp.py:133: PerformanceWarning: DataFrame is highly fragmented.  This is usually the result of calling `frame.insert` many times, which has poor performance.  Consider joining all columns at once using pd.concat(axis=1) instead. To get a de-fragmented frame, use `newframe = frame.copy()`
  out[f"feat_{i}"] = df[f"f{i}"]
/home/lilith/work/zen/zensim/scripts/v_next/train_v_next_mlp.py:133: PerformanceWarning: DataFrame is highly fragmented.  This is usually the result of calling `frame.insert` many times, which has poor performance.  Consider joining all columns at once using pd.concat(axis=1) instead. To get a de-fragmented frame, use `newframe = frame.copy()`
  out[f"feat_{i}"] = df[f"f{i}"]
/home/lilith/work/zen/zensim/scripts/v_next/train_v_next_mlp.py:133: PerformanceWarning: DataFrame is highly fragmented.  This is usually the result of calling `frame.insert` many times, which has poor performance.  Consider joining all columns at once using pd.concat(axis=1) instead. To get a de-fragmented frame, use `newframe = frame.copy()`
  out[f"feat_{i}"] = df[f"f{i}"]
/home/lilith/work/zen/zensim/scripts/v_next/train_v_next_mlp.py:133: PerformanceWarning: DataFrame is highly fragmented.  This is usually the result of calling `frame.insert` many times, which has poor performance.  Consider joining all columns at once using pd.concat(axis=1) instead. To get a de-fragmented frame, use `newframe = frame.copy()`
  out[f"feat_{i}"] = df[f"f{i}"]
/home/lilith/work/zen/zensim/scripts/v_next/train_v_next_mlp.py:133: PerformanceWarning: DataFrame is highly fragmented.  This is usually the result of calling `frame.insert` many times, which has poor performance.  Consider joining all columns at once using pd.concat(axis=1) instead. To get a de-fragmented frame, use `newframe = frame.copy()`
  out[f"feat_{i}"] = df[f"f{i}"]
/home/lilith/work/zen/zensim/scripts/v_next/train_v_next_mlp.py:133: PerformanceWarning: DataFrame is highly fragmented.  This is usually the result of calling `frame.insert` many times, which has poor performance.  Consider joining all columns at once using pd.concat(axis=1) instead. To get a de-fragmented frame, use `newframe = frame.copy()`
  out[f"feat_{i}"] = df[f"f{i}"]
/home/lilith/work/zen/zensim/scripts/v_next/train_v_next_mlp.py:133: PerformanceWarning: DataFrame is highly fragmented.  This is usually the result of calling `frame.insert` many times, which has poor performance.  Consider joining all columns at once using pd.concat(axis=1) instead. To get a de-fragmented frame, use `newframe = frame.copy()`
  out[f"feat_{i}"] = df[f"f{i}"]
/home/lilith/work/zen/zensim/scripts/v_next/train_v_next_mlp.py:133: PerformanceWarning: DataFrame is highly fragmented.  This is usually the result of calling `frame.insert` many times, which has poor performance.  Consider joining all columns at once using pd.concat(axis=1) instead. To get a de-fragmented frame, use `newframe = frame.copy()`
  out[f"feat_{i}"] = df[f"f{i}"]
/home/lilith/work/zen/zensim/scripts/v_next/train_v_next_mlp.py:133: PerformanceWarning: DataFrame is highly fragmented.  This is usually the result of calling `frame.insert` many times, which has poor performance.  Consider joining all columns at once using pd.concat(axis=1) instead. To get a de-fragmented frame, use `newframe = frame.copy()`
  out[f"feat_{i}"] = df[f"f{i}"]
/home/lilith/work/zen/zensim/scripts/v_next/train_v_next_mlp.py:133: PerformanceWarning: DataFrame is highly fragmented.  This is usually the result of calling `frame.insert` many times, which has poor performance.  Consider joining all columns at once using pd.concat(axis=1) instead. To get a de-fragmented frame, use `newframe = frame.copy()`
  out[f"feat_{i}"] = df[f"f{i}"]
/home/lilith/work/zen/zensim/scripts/v_next/train_v_next_mlp.py:133: PerformanceWarning: DataFrame is highly fragmented.  This is usually the result of calling `frame.insert` many times, which has poor performance.  Consider joining all columns at once using pd.concat(axis=1) instead. To get a de-fragmented frame, use `newframe = frame.copy()`
  out[f"feat_{i}"] = df[f"f{i}"]
/home/lilith/work/zen/zensim/scripts/v_next/train_v_next_mlp.py:133: PerformanceWarning: DataFrame is highly fragmented.  This is usually the result of calling `frame.insert` many times, which has poor performance.  Consider joining all columns at once using pd.concat(axis=1) instead. To get a de-fragmented frame, use `newframe = frame.copy()`
  out[f"feat_{i}"] = df[f"f{i}"]
/home/lilith/work/zen/zensim/scripts/v_next/train_v_next_mlp.py:133: PerformanceWarning: DataFrame is highly fragmented.  This is usually the result of calling `frame.insert` many times, which has poor performance.  Consider joining all columns at once using pd.concat(axis=1) instead. To get a de-fragmented frame, use `newframe = frame.copy()`
  out[f"feat_{i}"] = df[f"f{i}"]
/home/lilith/work/zen/zensim/scripts/v_next/train_v_next_mlp.py:133: PerformanceWarning: DataFrame is highly fragmented.  This is usually the result of calling `frame.insert` many times, which has poor performance.  Consider joining all columns at once using pd.concat(axis=1) instead. To get a de-fragmented frame, use `newframe = frame.copy()`
  out[f"feat_{i}"] = df[f"f{i}"]
/home/lilith/work/zen/zensim/scripts/v_next/train_v_next_mlp.py:133: PerformanceWarning: DataFrame is highly fragmented.  This is usually the result of calling `frame.insert` many times, which has poor performance.  Consider joining all columns at once using pd.concat(axis=1) instead. To get a de-fragmented frame, use `newframe = frame.copy()`
  out[f"feat_{i}"] = df[f"f{i}"]
/home/lilith/work/zen/zensim/scripts/v_next/train_v_next_mlp.py:133: PerformanceWarning: DataFrame is highly fragmented.  This is usually the result of calling `frame.insert` many times, which has poor performance.  Consider joining all columns at once using pd.concat(axis=1) instead. To get a de-fragmented frame, use `newframe = frame.copy()`
  out[f"feat_{i}"] = df[f"f{i}"]
/home/lilith/work/zen/zensim/scripts/v_next/train_v_next_mlp.py:133: PerformanceWarning: DataFrame is highly fragmented.  This is usually the result of calling `frame.insert` many times, which has poor performance.  Consider joining all columns at once using pd.concat(axis=1) instead. To get a de-fragmented frame, use `newframe = frame.copy()`
  out[f"feat_{i}"] = df[f"f{i}"]
/home/lilith/work/zen/zensim/scripts/v_next/train_v_next_mlp.py:133: PerformanceWarning: DataFrame is highly fragmented.  This is usually the result of calling `frame.insert` many times, which has poor performance.  Consider joining all columns at once using pd.concat(axis=1) instead. To get a de-fragmented frame, use `newframe = frame.copy()`
  out[f"feat_{i}"] = df[f"f{i}"]
/home/lilith/work/zen/zensim/scripts/v_next/train_v_next_mlp.py:133: PerformanceWarning: DataFrame is highly fragmented.  This is usually the result of calling `frame.insert` many times, which has poor performance.  Consider joining all columns at once using pd.concat(axis=1) instead. To get a de-fragmented frame, use `newframe = frame.copy()`
  out[f"feat_{i}"] = df[f"f{i}"]
/home/lilith/work/zen/zensim/scripts/v_next/train_v_next_mlp.py:133: PerformanceWarning: DataFrame is highly fragmented.  This is usually the result of calling `frame.insert` many times, which has poor performance.  Consider joining all columns at once using pd.concat(axis=1) instead. To get a de-fragmented frame, use `newframe = frame.copy()`
  out[f"feat_{i}"] = df[f"f{i}"]
/home/lilith/work/zen/zensim/scripts/v_next/train_v_next_mlp.py:133: PerformanceWarning: DataFrame is highly fragmented.  This is usually the result of calling `frame.insert` many times, which has poor performance.  Consider joining all columns at once using pd.concat(axis=1) instead. To get a de-fragmented frame, use `newframe = frame.copy()`
  out[f"feat_{i}"] = df[f"f{i}"]
/home/lilith/work/zen/zensim/scripts/v_next/train_v_next_mlp.py:133: PerformanceWarning: DataFrame is highly fragmented.  This is usually the result of calling `frame.insert` many times, which has poor performance.  Consider joining all columns at once using pd.concat(axis=1) instead. To get a de-fragmented frame, use `newframe = frame.copy()`
  out[f"feat_{i}"] = df[f"f{i}"]
/home/lilith/work/zen/zensim/scripts/v_next/train_v_next_mlp.py:133: PerformanceWarning: DataFrame is highly fragmented.  This is usually the result of calling `frame.insert` many times, which has poor performance.  Consider joining all columns at once using pd.concat(axis=1) instead. To get a de-fragmented frame, use `newframe = frame.copy()`
  out[f"feat_{i}"] = df[f"f{i}"]
/home/lilith/work/zen/zensim/scripts/v_next/train_v_next_mlp.py:133: PerformanceWarning: DataFrame is highly fragmented.  This is usually the result of calling `frame.insert` many times, which has poor performance.  Consider joining all columns at once using pd.concat(axis=1) instead. To get a de-fragmented frame, use `newframe = frame.copy()`
  out[f"feat_{i}"] = df[f"f{i}"]
/home/lilith/work/zen/zensim/scripts/v_next/train_v_next_mlp.py:133: PerformanceWarning: DataFrame is highly fragmented.  This is usually the result of calling `frame.insert` many times, which has poor performance.  Consider joining all columns at once using pd.concat(axis=1) instead. To get a de-fragmented frame, use `newframe = frame.copy()`
  out[f"feat_{i}"] = df[f"f{i}"]
/home/lilith/work/zen/zensim/scripts/v_next/train_v_next_mlp.py:133: PerformanceWarning: DataFrame is highly fragmented.  This is usually the result of calling `frame.insert` many times, which has poor performance.  Consider joining all columns at once using pd.concat(axis=1) instead. To get a de-fragmented frame, use `newframe = frame.copy()`
  out[f"feat_{i}"] = df[f"f{i}"]
/home/lilith/work/zen/zensim/scripts/v_next/train_v_next_mlp.py:133: PerformanceWarning: DataFrame is highly fragmented.  This is usually the result of calling `frame.insert` many times, which has poor performance.  Consider joining all columns at once using pd.concat(axis=1) instead. To get a de-fragmented frame, use `newframe = frame.copy()`
  out[f"feat_{i}"] = df[f"f{i}"]
/home/lilith/work/zen/zensim/scripts/v_next/train_v_next_mlp.py:133: PerformanceWarning: DataFrame is highly fragmented.  This is usually the result of calling `frame.insert` many times, which has poor performance.  Consider joining all columns at once using pd.concat(axis=1) instead. To get a de-fragmented frame, use `newframe = frame.copy()`
  out[f"feat_{i}"] = df[f"f{i}"]
/home/lilith/work/zen/zensim/scripts/v_next/train_v_next_mlp.py:133: PerformanceWarning: DataFrame is highly fragmented.  This is usually the result of calling `frame.insert` many times, which has poor performance.  Consider joining all columns at once using pd.concat(axis=1) instead. To get a de-fragmented frame, use `newframe = frame.copy()`
  out[f"feat_{i}"] = df[f"f{i}"]
/home/lilith/work/zen/zensim/scripts/v_next/train_v_next_mlp.py:133: PerformanceWarning: DataFrame is highly fragmented.  This is usually the result of calling `frame.insert` many times, which has poor performance.  Consider joining all columns at once using pd.concat(axis=1) instead. To get a de-fragmented frame, use `newframe = frame.copy()`
  out[f"feat_{i}"] = df[f"f{i}"]
/home/lilith/work/zen/zensim/scripts/v_next/train_v_next_mlp.py:133: PerformanceWarning: DataFrame is highly fragmented.  This is usually the result of calling `frame.insert` many times, which has poor performance.  Consider joining all columns at once using pd.concat(axis=1) instead. To get a de-fragmented frame, use `newframe = frame.copy()`
  out[f"feat_{i}"] = df[f"f{i}"]
/home/lilith/work/zen/zensim/scripts/v_next/train_v_next_mlp.py:133: PerformanceWarning: DataFrame is highly fragmented.  This is usually the result of calling `frame.insert` many times, which has poor performance.  Consider joining all columns at once using pd.concat(axis=1) instead. To get a de-fragmented frame, use `newframe = frame.copy()`
  out[f"feat_{i}"] = df[f"f{i}"]
/home/lilith/work/zen/zensim/scripts/v_next/train_v_next_mlp.py:133: PerformanceWarning: DataFrame is highly fragmented.  This is usually the result of calling `frame.insert` many times, which has poor performance.  Consider joining all columns at once using pd.concat(axis=1) instead. To get a de-fragmented frame, use `newframe = frame.copy()`
  out[f"feat_{i}"] = df[f"f{i}"]
/home/lilith/work/zen/zensim/scripts/v_next/train_v_next_mlp.py:133: PerformanceWarning: DataFrame is highly fragmented.  This is usually the result of calling `frame.insert` many times, which has poor performance.  Consider joining all columns at once using pd.concat(axis=1) instead. To get a de-fragmented frame, use `newframe = frame.copy()`
  out[f"feat_{i}"] = df[f"f{i}"]
/home/lilith/work/zen/zensim/scripts/v_next/train_v_next_mlp.py:133: PerformanceWarning: DataFrame is highly fragmented.  This is usually the result of calling `frame.insert` many times, which has poor performance.  Consider joining all columns at once using pd.concat(axis=1) instead. To get a de-fragmented frame, use `newframe = frame.copy()`
  out[f"feat_{i}"] = df[f"f{i}"]
/home/lilith/work/zen/zensim/scripts/v_next/train_v_next_mlp.py:133: PerformanceWarning: DataFrame is highly fragmented.  This is usually the result of calling `frame.insert` many times, which has poor performance.  Consider joining all columns at once using pd.concat(axis=1) instead. To get a de-fragmented frame, use `newframe = frame.copy()`
  out[f"feat_{i}"] = df[f"f{i}"]
/home/lilith/work/zen/zensim/scripts/v_next/train_v_next_mlp.py:133: PerformanceWarning: DataFrame is highly fragmented.  This is usually the result of calling `frame.insert` many times, which has poor performance.  Consider joining all columns at once using pd.concat(axis=1) instead. To get a de-fragmented frame, use `newframe = frame.copy()`
  out[f"feat_{i}"] = df[f"f{i}"]
/home/lilith/work/zen/zensim/scripts/v_next/train_v_next_mlp.py:133: PerformanceWarning: DataFrame is highly fragmented.  This is usually the result of calling `frame.insert` many times, which has poor performance.  Consider joining all columns at once using pd.concat(axis=1) instead. To get a de-fragmented frame, use `newframe = frame.copy()`
  out[f"feat_{i}"] = df[f"f{i}"]
/home/lilith/work/zen/zensim/scripts/v_next/train_v_next_mlp.py:133: PerformanceWarning: DataFrame is highly fragmented.  This is usually the result of calling `frame.insert` many times, which has poor performance.  Consider joining all columns at once using pd.concat(axis=1) instead. To get a de-fragmented frame, use `newframe = frame.copy()`
  out[f"feat_{i}"] = df[f"f{i}"]
/home/lilith/work/zen/zensim/scripts/v_next/train_v_next_mlp.py:133: PerformanceWarning: DataFrame is highly fragmented.  This is usually the result of calling `frame.insert` many times, which has poor performance.  Consider joining all columns at once using pd.concat(axis=1) instead. To get a de-fragmented frame, use `newframe = frame.copy()`
  out[f"feat_{i}"] = df[f"f{i}"]
/home/lilith/work/zen/zensim/scripts/v_next/train_v_next_mlp.py:133: PerformanceWarning: DataFrame is highly fragmented.  This is usually the result of calling `frame.insert` many times, which has poor performance.  Consider joining all columns at once using pd.concat(axis=1) instead. To get a de-fragmented frame, use `newframe = frame.copy()`
  out[f"feat_{i}"] = df[f"f{i}"]
/home/lilith/work/zen/zensim/scripts/v_next/train_v_next_mlp.py:133: PerformanceWarning: DataFrame is highly fragmented.  This is usually the result of calling `frame.insert` many times, which has poor performance.  Consider joining all columns at once using pd.concat(axis=1) instead. To get a de-fragmented frame, use `newframe = frame.copy()`
  out[f"feat_{i}"] = df[f"f{i}"]
/home/lilith/work/zen/zensim/scripts/v_next/train_v_next_mlp.py:133: PerformanceWarning: DataFrame is highly fragmented.  This is usually the result of calling `frame.insert` many times, which has poor performance.  Consider joining all columns at once using pd.concat(axis=1) instead. To get a de-fragmented frame, use `newframe = frame.copy()`
  out[f"feat_{i}"] = df[f"f{i}"]
/home/lilith/work/zen/zensim/scripts/v_next/train_v_next_mlp.py:133: PerformanceWarning: DataFrame is highly fragmented.  This is usually the result of calling `frame.insert` many times, which has poor performance.  Consider joining all columns at once using pd.concat(axis=1) instead. To get a de-fragmented frame, use `newframe = frame.copy()`
  out[f"feat_{i}"] = df[f"f{i}"]
/home/lilith/work/zen/zensim/scripts/v_next/train_v_next_mlp.py:133: PerformanceWarning: DataFrame is highly fragmented.  This is usually the result of calling `frame.insert` many times, which has poor performance.  Consider joining all columns at once using pd.concat(axis=1) instead. To get a de-fragmented frame, use `newframe = frame.copy()`
  out[f"feat_{i}"] = df[f"f{i}"]
/home/lilith/work/zen/zensim/scripts/v_next/train_v_next_mlp.py:133: PerformanceWarning: DataFrame is highly fragmented.  This is usually the result of calling `frame.insert` many times, which has poor performance.  Consider joining all columns at once using pd.concat(axis=1) instead. To get a de-fragmented frame, use `newframe = frame.copy()`
  out[f"feat_{i}"] = df[f"f{i}"]
/home/lilith/work/zen/zensim/scripts/v_next/train_v_next_mlp.py:133: PerformanceWarning: DataFrame is highly fragmented.  This is usually the result of calling `frame.insert` many times, which has poor performance.  Consider joining all columns at once using pd.concat(axis=1) instead. To get a de-fragmented frame, use `newframe = frame.copy()`
  out[f"feat_{i}"] = df[f"f{i}"]
/home/lilith/work/zen/zensim/scripts/v_next/train_v_next_mlp.py:133: PerformanceWarning: DataFrame is highly fragmented.  This is usually the result of calling `frame.insert` many times, which has poor performance.  Consider joining all columns at once using pd.concat(axis=1) instead. To get a de-fragmented frame, use `newframe = frame.copy()`
  out[f"feat_{i}"] = df[f"f{i}"]
/home/lilith/work/zen/zensim/scripts/v_next/train_v_next_mlp.py:133: PerformanceWarning: DataFrame is highly fragmented.  This is usually the result of calling `frame.insert` many times, which has poor performance.  Consider joining all columns at once using pd.concat(axis=1) instead. To get a de-fragmented frame, use `newframe = frame.copy()`
  out[f"feat_{i}"] = df[f"f{i}"]
/home/lilith/work/zen/zensim/scripts/v_next/train_v_next_mlp.py:133: PerformanceWarning: DataFrame is highly fragmented.  This is usually the result of calling `frame.insert` many times, which has poor performance.  Consider joining all columns at once using pd.concat(axis=1) instead. To get a de-fragmented frame, use `newframe = frame.copy()`
  out[f"feat_{i}"] = df[f"f{i}"]
/home/lilith/work/zen/zensim/scripts/v_next/train_v_next_mlp.py:133: PerformanceWarning: DataFrame is highly fragmented.  This is usually the result of calling `frame.insert` many times, which has poor performance.  Consider joining all columns at once using pd.concat(axis=1) instead. To get a de-fragmented frame, use `newframe = frame.copy()`
  out[f"feat_{i}"] = df[f"f{i}"]
/home/lilith/work/zen/zensim/scripts/v_next/train_v_next_mlp.py:133: PerformanceWarning: DataFrame is highly fragmented.  This is usually the result of calling `frame.insert` many times, which has poor performance.  Consider joining all columns at once using pd.concat(axis=1) instead. To get a de-fragmented frame, use `newframe = frame.copy()`
  out[f"feat_{i}"] = df[f"f{i}"]
/home/lilith/work/zen/zensim/scripts/v_next/train_v_next_mlp.py:133: PerformanceWarning: DataFrame is highly fragmented.  This is usually the result of calling `frame.insert` many times, which has poor performance.  Consider joining all columns at once using pd.concat(axis=1) instead. To get a de-fragmented frame, use `newframe = frame.copy()`
  out[f"feat_{i}"] = df[f"f{i}"]
/home/lilith/work/zen/zensim/scripts/v_next/train_v_next_mlp.py:133: PerformanceWarning: DataFrame is highly fragmented.  This is usually the result of calling `frame.insert` many times, which has poor performance.  Consider joining all columns at once using pd.concat(axis=1) instead. To get a de-fragmented frame, use `newframe = frame.copy()`
  out[f"feat_{i}"] = df[f"f{i}"]
/home/lilith/work/zen/zensim/scripts/v_next/train_v_next_mlp.py:133: PerformanceWarning: DataFrame is highly fragmented.  This is usually the result of calling `frame.insert` many times, which has poor performance.  Consider joining all columns at once using pd.concat(axis=1) instead. To get a de-fragmented frame, use `newframe = frame.copy()`
  out[f"feat_{i}"] = df[f"f{i}"]
/home/lilith/work/zen/zensim/scripts/v_next/train_v_next_mlp.py:133: PerformanceWarning: DataFrame is highly fragmented.  This is usually the result of calling `frame.insert` many times, which has poor performance.  Consider joining all columns at once using pd.concat(axis=1) instead. To get a de-fragmented frame, use `newframe = frame.copy()`
  out[f"feat_{i}"] = df[f"f{i}"]
/home/lilith/work/zen/zensim/scripts/v_next/train_v_next_mlp.py:133: PerformanceWarning: DataFrame is highly fragmented.  This is usually the result of calling `frame.insert` many times, which has poor performance.  Consider joining all columns at once using pd.concat(axis=1) instead. To get a de-fragmented frame, use `newframe = frame.copy()`
  out[f"feat_{i}"] = df[f"f{i}"]
/home/lilith/work/zen/zensim/scripts/v_next/train_v_next_mlp.py:133: PerformanceWarning: DataFrame is highly fragmented.  This is usually the result of calling `frame.insert` many times, which has poor performance.  Consider joining all columns at once using pd.concat(axis=1) instead. To get a de-fragmented frame, use `newframe = frame.copy()`
  out[f"feat_{i}"] = df[f"f{i}"]
/home/lilith/work/zen/zensim/scripts/v_next/train_v_next_mlp.py:133: PerformanceWarning: DataFrame is highly fragmented.  This is usually the result of calling `frame.insert` many times, which has poor performance.  Consider joining all columns at once using pd.concat(axis=1) instead. To get a de-fragmented frame, use `newframe = frame.copy()`
  out[f"feat_{i}"] = df[f"f{i}"]
/home/lilith/work/zen/zensim/scripts/v_next/train_v_next_mlp.py:133: PerformanceWarning: DataFrame is highly fragmented.  This is usually the result of calling `frame.insert` many times, which has poor performance.  Consider joining all columns at once using pd.concat(axis=1) instead. To get a de-fragmented frame, use `newframe = frame.copy()`
  out[f"feat_{i}"] = df[f"f{i}"]
/home/lilith/work/zen/zensim/scripts/v_next/train_v_next_mlp.py:133: PerformanceWarning: DataFrame is highly fragmented.  This is usually the result of calling `frame.insert` many times, which has poor performance.  Consider joining all columns at once using pd.concat(axis=1) instead. To get a de-fragmented frame, use `newframe = frame.copy()`
  out[f"feat_{i}"] = df[f"f{i}"]
/home/lilith/work/zen/zensim/scripts/v_next/train_v_next_mlp.py:133: PerformanceWarning: DataFrame is highly fragmented.  This is usually the result of calling `frame.insert` many times, which has poor performance.  Consider joining all columns at once using pd.concat(axis=1) instead. To get a de-fragmented frame, use `newframe = frame.copy()`
  out[f"feat_{i}"] = df[f"f{i}"]
/home/lilith/work/zen/zensim/scripts/v_next/train_v_next_mlp.py:133: PerformanceWarning: DataFrame is highly fragmented.  This is usually the result of calling `frame.insert` many times, which has poor performance.  Consider joining all columns at once using pd.concat(axis=1) instead. To get a de-fragmented frame, use `newframe = frame.copy()`
  out[f"feat_{i}"] = df[f"f{i}"]
/home/lilith/work/zen/zensim/scripts/v_next/train_v_next_mlp.py:133: PerformanceWarning: DataFrame is highly fragmented.  This is usually the result of calling `frame.insert` many times, which has poor performance.  Consider joining all columns at once using pd.concat(axis=1) instead. To get a de-fragmented frame, use `newframe = frame.copy()`
  out[f"feat_{i}"] = df[f"f{i}"]
/home/lilith/work/zen/zensim/scripts/v_next/train_v_next_mlp.py:133: PerformanceWarning: DataFrame is highly fragmented.  This is usually the result of calling `frame.insert` many times, which has poor performance.  Consider joining all columns at once using pd.concat(axis=1) instead. To get a de-fragmented frame, use `newframe = frame.copy()`
  out[f"feat_{i}"] = df[f"f{i}"]
/home/lilith/work/zen/zensim/scripts/v_next/train_v_next_mlp.py:133: PerformanceWarning: DataFrame is highly fragmented.  This is usually the result of calling `frame.insert` many times, which has poor performance.  Consider joining all columns at once using pd.concat(axis=1) instead. To get a de-fragmented frame, use `newframe = frame.copy()`
  out[f"feat_{i}"] = df[f"f{i}"]
/home/lilith/work/zen/zensim/scripts/v_next/train_v_next_mlp.py:133: PerformanceWarning: DataFrame is highly fragmented.  This is usually the result of calling `frame.insert` many times, which has poor performance.  Consider joining all columns at once using pd.concat(axis=1) instead. To get a de-fragmented frame, use `newframe = frame.copy()`
  out[f"feat_{i}"] = df[f"f{i}"]
/home/lilith/work/zen/zensim/scripts/v_next/train_v_next_mlp.py:133: PerformanceWarning: DataFrame is highly fragmented.  This is usually the result of calling `frame.insert` many times, which has poor performance.  Consider joining all columns at once using pd.concat(axis=1) instead. To get a de-fragmented frame, use `newframe = frame.copy()`
  out[f"feat_{i}"] = df[f"f{i}"]
/home/lilith/work/zen/zensim/scripts/v_next/train_v_next_mlp.py:133: PerformanceWarning: DataFrame is highly fragmented.  This is usually the result of calling `frame.insert` many times, which has poor performance.  Consider joining all columns at once using pd.concat(axis=1) instead. To get a de-fragmented frame, use `newframe = frame.copy()`
  out[f"feat_{i}"] = df[f"f{i}"]
/home/lilith/work/zen/zensim/scripts/v_next/train_v_next_mlp.py:133: PerformanceWarning: DataFrame is highly fragmented.  This is usually the result of calling `frame.insert` many times, which has poor performance.  Consider joining all columns at once using pd.concat(axis=1) instead. To get a de-fragmented frame, use `newframe = frame.copy()`
  out[f"feat_{i}"] = df[f"f{i}"]
/home/lilith/work/zen/zensim/scripts/v_next/train_v_next_mlp.py:133: PerformanceWarning: DataFrame is highly fragmented.  This is usually the result of calling `frame.insert` many times, which has poor performance.  Consider joining all columns at once using pd.concat(axis=1) instead. To get a de-fragmented frame, use `newframe = frame.copy()`
  out[f"feat_{i}"] = df[f"f{i}"]
/home/lilith/work/zen/zensim/scripts/v_next/train_v_next_mlp.py:133: PerformanceWarning: DataFrame is highly fragmented.  This is usually the result of calling `frame.insert` many times, which has poor performance.  Consider joining all columns at once using pd.concat(axis=1) instead. To get a de-fragmented frame, use `newframe = frame.copy()`
  out[f"feat_{i}"] = df[f"f{i}"]
/home/lilith/work/zen/zensim/scripts/v_next/train_v_next_mlp.py:133: PerformanceWarning: DataFrame is highly fragmented.  This is usually the result of calling `frame.insert` many times, which has poor performance.  Consider joining all columns at once using pd.concat(axis=1) instead. To get a de-fragmented frame, use `newframe = frame.copy()`
  out[f"feat_{i}"] = df[f"f{i}"]
/home/lilith/work/zen/zensim/scripts/v_next/train_v_next_mlp.py:133: PerformanceWarning: DataFrame is highly fragmented.  This is usually the result of calling `frame.insert` many times, which has poor performance.  Consider joining all columns at once using pd.concat(axis=1) instead. To get a de-fragmented frame, use `newframe = frame.copy()`
  out[f"feat_{i}"] = df[f"f{i}"]
/home/lilith/work/zen/zensim/scripts/v_next/train_v_next_mlp.py:133: PerformanceWarning: DataFrame is highly fragmented.  This is usually the result of calling `frame.insert` many times, which has poor performance.  Consider joining all columns at once using pd.concat(axis=1) instead. To get a de-fragmented frame, use `newframe = frame.copy()`
  out[f"feat_{i}"] = df[f"f{i}"]
/home/lilith/work/zen/zensim/scripts/v_next/train_v_next_mlp.py:133: PerformanceWarning: DataFrame is highly fragmented.  This is usually the result of calling `frame.insert` many times, which has poor performance.  Consider joining all columns at once using pd.concat(axis=1) instead. To get a de-fragmented frame, use `newframe = frame.copy()`
  out[f"feat_{i}"] = df[f"f{i}"]
/home/lilith/work/zen/zensim/scripts/v_next/train_v_next_mlp.py:133: PerformanceWarning: DataFrame is highly fragmented.  This is usually the result of calling `frame.insert` many times, which has poor performance.  Consider joining all columns at once using pd.concat(axis=1) instead. To get a de-fragmented frame, use `newframe = frame.copy()`
  out[f"feat_{i}"] = df[f"f{i}"]
/home/lilith/work/zen/zensim/scripts/v_next/train_v_next_mlp.py:133: PerformanceWarning: DataFrame is highly fragmented.  This is usually the result of calling `frame.insert` many times, which has poor performance.  Consider joining all columns at once using pd.concat(axis=1) instead. To get a de-fragmented frame, use `newframe = frame.copy()`
  out[f"feat_{i}"] = df[f"f{i}"]
/home/lilith/work/zen/zensim/scripts/v_next/train_v_next_mlp.py:133: PerformanceWarning: DataFrame is highly fragmented.  This is usually the result of calling `frame.insert` many times, which has poor performance.  Consider joining all columns at once using pd.concat(axis=1) instead. To get a de-fragmented frame, use `newframe = frame.copy()`
  out[f"feat_{i}"] = df[f"f{i}"]
/home/lilith/work/zen/zensim/scripts/v_next/train_v_next_mlp.py:133: PerformanceWarning: DataFrame is highly fragmented.  This is usually the result of calling `frame.insert` many times, which has poor performance.  Consider joining all columns at once using pd.concat(axis=1) instead. To get a de-fragmented frame, use `newframe = frame.copy()`
  out[f"feat_{i}"] = df[f"f{i}"]
/home/lilith/work/zen/zensim/scripts/v_next/train_v_next_mlp.py:133: PerformanceWarning: DataFrame is highly fragmented.  This is usually the result of calling `frame.insert` many times, which has poor performance.  Consider joining all columns at once using pd.concat(axis=1) instead. To get a de-fragmented frame, use `newframe = frame.copy()`
  out[f"feat_{i}"] = df[f"f{i}"]
/home/lilith/work/zen/zensim/scripts/v_next/train_v_next_mlp.py:133: PerformanceWarning: DataFrame is highly fragmented.  This is usually the result of calling `frame.insert` many times, which has poor performance.  Consider joining all columns at once using pd.concat(axis=1) instead. To get a de-fragmented frame, use `newframe = frame.copy()`
  out[f"feat_{i}"] = df[f"f{i}"]
/home/lilith/work/zen/zensim/scripts/v_next/train_v_next_mlp.py:133: PerformanceWarning: DataFrame is highly fragmented.  This is usually the result of calling `frame.insert` many times, which has poor performance.  Consider joining all columns at once using pd.concat(axis=1) instead. To get a de-fragmented frame, use `newframe = frame.copy()`
  out[f"feat_{i}"] = df[f"f{i}"]
/home/lilith/work/zen/zensim/scripts/v_next/train_v_next_mlp.py:133: PerformanceWarning: DataFrame is highly fragmented.  This is usually the result of calling `frame.insert` many times, which has poor performance.  Consider joining all columns at once using pd.concat(axis=1) instead. To get a de-fragmented frame, use `newframe = frame.copy()`
  out[f"feat_{i}"] = df[f"f{i}"]
/home/lilith/work/zen/zensim/scripts/v_next/train_v_next_mlp.py:133: PerformanceWarning: DataFrame is highly fragmented.  This is usually the result of calling `frame.insert` many times, which has poor performance.  Consider joining all columns at once using pd.concat(axis=1) instead. To get a de-fragmented frame, use `newframe = frame.copy()`
  out[f"feat_{i}"] = df[f"f{i}"]
/home/lilith/work/zen/zensim/scripts/v_next/train_v_next_mlp.py:133: PerformanceWarning: DataFrame is highly fragmented.  This is usually the result of calling `frame.insert` many times, which has poor performance.  Consider joining all columns at once using pd.concat(axis=1) instead. To get a de-fragmented frame, use `newframe = frame.copy()`
  out[f"feat_{i}"] = df[f"f{i}"]
/home/lilith/work/zen/zensim/scripts/v_next/train_v_next_mlp.py:133: PerformanceWarning: DataFrame is highly fragmented.  This is usually the result of calling `frame.insert` many times, which has poor performance.  Consider joining all columns at once using pd.concat(axis=1) instead. To get a de-fragmented frame, use `newframe = frame.copy()`
  out[f"feat_{i}"] = df[f"f{i}"]
/home/lilith/work/zen/zensim/scripts/v_next/train_v_next_mlp.py:133: PerformanceWarning: DataFrame is highly fragmented.  This is usually the result of calling `frame.insert` many times, which has poor performance.  Consider joining all columns at once using pd.concat(axis=1) instead. To get a de-fragmented frame, use `newframe = frame.copy()`
  out[f"feat_{i}"] = df[f"f{i}"]
/home/lilith/work/zen/zensim/scripts/v_next/train_v_next_mlp.py:133: PerformanceWarning: DataFrame is highly fragmented.  This is usually the result of calling `frame.insert` many times, which has poor performance.  Consider joining all columns at once using pd.concat(axis=1) instead. To get a de-fragmented frame, use `newframe = frame.copy()`
  out[f"feat_{i}"] = df[f"f{i}"]
/home/lilith/work/zen/zensim/scripts/v_next/train_v_next_mlp.py:133: PerformanceWarning: DataFrame is highly fragmented.  This is usually the result of calling `frame.insert` many times, which has poor performance.  Consider joining all columns at once using pd.concat(axis=1) instead. To get a de-fragmented frame, use `newframe = frame.copy()`
  out[f"feat_{i}"] = df[f"f{i}"]
/home/lilith/work/zen/zensim/scripts/v_next/train_v_next_mlp.py:133: PerformanceWarning: DataFrame is highly fragmented.  This is usually the result of calling `frame.insert` many times, which has poor performance.  Consider joining all columns at once using pd.concat(axis=1) instead. To get a de-fragmented frame, use `newframe = frame.copy()`
  out[f"feat_{i}"] = df[f"f{i}"]
/home/lilith/work/zen/zensim/scripts/v_next/train_v_next_mlp.py:133: PerformanceWarning: DataFrame is highly fragmented.  This is usually the result of calling `frame.insert` many times, which has poor performance.  Consider joining all columns at once using pd.concat(axis=1) instead. To get a de-fragmented frame, use `newframe = frame.copy()`
  out[f"feat_{i}"] = df[f"f{i}"]
/home/lilith/work/zen/zensim/scripts/v_next/train_v_next_mlp.py:133: PerformanceWarning: DataFrame is highly fragmented.  This is usually the result of calling `frame.insert` many times, which has poor performance.  Consider joining all columns at once using pd.concat(axis=1) instead. To get a de-fragmented frame, use `newframe = frame.copy()`
  out[f"feat_{i}"] = df[f"f{i}"]
/home/lilith/work/zen/zensim/scripts/v_next/train_v_next_mlp.py:133: PerformanceWarning: DataFrame is highly fragmented.  This is usually the result of calling `frame.insert` many times, which has poor performance.  Consider joining all columns at once using pd.concat(axis=1) instead. To get a de-fragmented frame, use `newframe = frame.copy()`
  out[f"feat_{i}"] = df[f"f{i}"]
/home/lilith/work/zen/zensim/scripts/v_next/train_v_next_mlp.py:133: PerformanceWarning: DataFrame is highly fragmented.  This is usually the result of calling `frame.insert` many times, which has poor performance.  Consider joining all columns at once using pd.concat(axis=1) instead. To get a de-fragmented frame, use `newframe = frame.copy()`
  out[f"feat_{i}"] = df[f"f{i}"]
/home/lilith/work/zen/zensim/scripts/v_next/train_v_next_mlp.py:133: PerformanceWarning: DataFrame is highly fragmented.  This is usually the result of calling `frame.insert` many times, which has poor performance.  Consider joining all columns at once using pd.concat(axis=1) instead. To get a de-fragmented frame, use `newframe = frame.copy()`
  out[f"feat_{i}"] = df[f"f{i}"]
/home/lilith/work/zen/zensim/scripts/v_next/train_v_next_mlp.py:133: PerformanceWarning: DataFrame is highly fragmented.  This is usually the result of calling `frame.insert` many times, which has poor performance.  Consider joining all columns at once using pd.concat(axis=1) instead. To get a de-fragmented frame, use `newframe = frame.copy()`
  out[f"feat_{i}"] = df[f"f{i}"]
/home/lilith/work/zen/zensim/scripts/v_next/train_v_next_mlp.py:133: PerformanceWarning: DataFrame is highly fragmented.  This is usually the result of calling `frame.insert` many times, which has poor performance.  Consider joining all columns at once using pd.concat(axis=1) instead. To get a de-fragmented frame, use `newframe = frame.copy()`
  out[f"feat_{i}"] = df[f"f{i}"]
/home/lilith/work/zen/zensim/scripts/v_next/train_v_next_mlp.py:133: PerformanceWarning: DataFrame is highly fragmented.  This is usually the result of calling `frame.insert` many times, which has poor performance.  Consider joining all columns at once using pd.concat(axis=1) instead. To get a de-fragmented frame, use `newframe = frame.copy()`
  out[f"feat_{i}"] = df[f"f{i}"]
/home/lilith/work/zen/zensim/scripts/v_next/train_v_next_mlp.py:149: PerformanceWarning: DataFrame is highly fragmented.  This is usually the result of calling `frame.insert` many times, which has poor performance.  Consider joining all columns at once using pd.concat(axis=1) instead. To get a de-fragmented frame, use `newframe = frame.copy()`
  out["is_val_only"] = out["image_basename"].isin(val_refs)
/home/lilith/work/zen/zensim/scripts/v_next/train_v_next_mlp.py:150: PerformanceWarning: DataFrame is highly fragmented.  This is usually the result of calling `frame.insert` many times, which has poor performance.  Consider joining all columns at once using pd.concat(axis=1) instead. To get a de-fragmented frame, use `newframe = frame.copy()`
  out["train_weight"] = np.where(out["is_val_only"], 0.0, train_weight)
/home/lilith/work/zen/zensim/scripts/v_next/train_v_next_mlp.py:151: PerformanceWarning: DataFrame is highly fragmented.  This is usually the result of calling `frame.insert` many times, which has poor performance.  Consider joining all columns at once using pd.concat(axis=1) instead. To get a de-fragmented frame, use `newframe = frame.copy()`
  out["dataset"] = dataset_name
/home/lilith/work/zen/zensim/scripts/v_next/train_v_next_mlp.py:152: PerformanceWarning: DataFrame is highly fragmented.  This is usually the result of calling `frame.insert` many times, which has poor performance.  Consider joining all columns at once using pd.concat(axis=1) instead. To get a de-fragmented frame, use `newframe = frame.copy()`
  out["target_human"] = score_100  # explicit copy for V0_6 ranknet groups
  10,125 rows, 81 unique refs (val=20 val_only refs); train_w=0.3, loaded in 0.5s
Loading tid tid_features.csv...
/home/lilith/work/zen/zensim/scripts/v_next/train_v_next_mlp.py:133: PerformanceWarning: DataFrame is highly fragmented.  This is usually the result of calling `frame.insert` many times, which has poor performance.  Consider joining all columns at once using pd.concat(axis=1) instead. To get a de-fragmented frame, use `newframe = frame.copy()`
  out[f"feat_{i}"] = df[f"f{i}"]
/home/lilith/work/zen/zensim/scripts/v_next/train_v_next_mlp.py:133: PerformanceWarning: DataFrame is highly fragmented.  This is usually the result of calling `frame.insert` many times, which has poor performance.  Consider joining all columns at once using pd.concat(axis=1) instead. To get a de-fragmented frame, use `newframe = frame.copy()`
  out[f"feat_{i}"] = df[f"f{i}"]
/home/lilith/work/zen/zensim/scripts/v_next/train_v_next_mlp.py:133: PerformanceWarning: DataFrame is highly fragmented.  This is usually the result of calling `frame.insert` many times, which has poor performance.  Consider joining all columns at once using pd.concat(axis=1) instead. To get a de-fragmented frame, use `newframe = frame.copy()`
  out[f"feat_{i}"] = df[f"f{i}"]
/home/lilith/work/zen/zensim/scripts/v_next/train_v_next_mlp.py:133: PerformanceWarning: DataFrame is highly fragmented.  This is usually the result of calling `frame.insert` many times, which has poor performance.  Consider joining all columns at once using pd.concat(axis=1) instead. To get a de-fragmented frame, use `newframe = frame.copy()`
  out[f"feat_{i}"] = df[f"f{i}"]
/home/lilith/work/zen/zensim/scripts/v_next/train_v_next_mlp.py:133: PerformanceWarning: DataFrame is highly fragmented.  This is usually the result of calling `frame.insert` many times, which has poor performance.  Consider joining all columns at once using pd.concat(axis=1) instead. To get a de-fragmented frame, use `newframe = frame.copy()`
  out[f"feat_{i}"] = df[f"f{i}"]
/home/lilith/work/zen/zensim/scripts/v_next/train_v_next_mlp.py:133: PerformanceWarning: DataFrame is highly fragmented.  This is usually the result of calling `frame.insert` many times, which has poor performance.  Consider joining all columns at once using pd.concat(axis=1) instead. To get a de-fragmented frame, use `newframe = frame.copy()`
  out[f"feat_{i}"] = df[f"f{i}"]
/home/lilith/work/zen/zensim/scripts/v_next/train_v_next_mlp.py:133: PerformanceWarning: DataFrame is highly fragmented.  This is usually the result of calling `frame.insert` many times, which has poor performance.  Consider joining all columns at once using pd.concat(axis=1) instead. To get a de-fragmented frame, use `newframe = frame.copy()`
  out[f"feat_{i}"] = df[f"f{i}"]
/home/lilith/work/zen/zensim/scripts/v_next/train_v_next_mlp.py:133: PerformanceWarning: DataFrame is highly fragmented.  This is usually the result of calling `frame.insert` many times, which has poor performance.  Consider joining all columns at once using pd.concat(axis=1) instead. To get a de-fragmented frame, use `newframe = frame.copy()`
  out[f"feat_{i}"] = df[f"f{i}"]
/home/lilith/work/zen/zensim/scripts/v_next/train_v_next_mlp.py:133: PerformanceWarning: DataFrame is highly fragmented.  This is usually the result of calling `frame.insert` many times, which has poor performance.  Consider joining all columns at once using pd.concat(axis=1) instead. To get a de-fragmented frame, use `newframe = frame.copy()`
  out[f"feat_{i}"] = df[f"f{i}"]
/home/lilith/work/zen/zensim/scripts/v_next/train_v_next_mlp.py:133: PerformanceWarning: DataFrame is highly fragmented.  This is usually the result of calling `frame.insert` many times, which has poor performance.  Consider joining all columns at once using pd.concat(axis=1) instead. To get a de-fragmented frame, use `newframe = frame.copy()`
  out[f"feat_{i}"] = df[f"f{i}"]
/home/lilith/work/zen/zensim/scripts/v_next/train_v_next_mlp.py:133: PerformanceWarning: DataFrame is highly fragmented.  This is usually the result of calling `frame.insert` many times, which has poor performance.  Consider joining all columns at once using pd.concat(axis=1) instead. To get a de-fragmented frame, use `newframe = frame.copy()`
  out[f"feat_{i}"] = df[f"f{i}"]
/home/lilith/work/zen/zensim/scripts/v_next/train_v_next_mlp.py:133: PerformanceWarning: DataFrame is highly fragmented.  This is usually the result of calling `frame.insert` many times, which has poor performance.  Consider joining all columns at once using pd.concat(axis=1) instead. To get a de-fragmented frame, use `newframe = frame.copy()`
  out[f"feat_{i}"] = df[f"f{i}"]
/home/lilith/work/zen/zensim/scripts/v_next/train_v_next_mlp.py:133: PerformanceWarning: DataFrame is highly fragmented.  This is usually the result of calling `frame.insert` many times, which has poor performance.  Consider joining all columns at once using pd.concat(axis=1) instead. To get a de-fragmented frame, use `newframe = frame.copy()`
  out[f"feat_{i}"] = df[f"f{i}"]
/home/lilith/work/zen/zensim/scripts/v_next/train_v_next_mlp.py:133: PerformanceWarning: DataFrame is highly fragmented.  This is usually the result of calling `frame.insert` many times, which has poor performance.  Consider joining all columns at once using pd.concat(axis=1) instead. To get a de-fragmented frame, use `newframe = frame.copy()`
  out[f"feat_{i}"] = df[f"f{i}"]
/home/lilith/work/zen/zensim/scripts/v_next/train_v_next_mlp.py:133: PerformanceWarning: DataFrame is highly fragmented.  This is usually the result of calling `frame.insert` many times, which has poor performance.  Consider joining all columns at once using pd.concat(axis=1) instead. To get a de-fragmented frame, use `newframe = frame.copy()`
  out[f"feat_{i}"] = df[f"f{i}"]
/home/lilith/work/zen/zensim/scripts/v_next/train_v_next_mlp.py:133: PerformanceWarning: DataFrame is highly fragmented.  This is usually the result of calling `frame.insert` many times, which has poor performance.  Consider joining all columns at once using pd.concat(axis=1) instead. To get a de-fragmented frame, use `newframe = frame.copy()`
  out[f"feat_{i}"] = df[f"f{i}"]
/home/lilith/work/zen/zensim/scripts/v_next/train_v_next_mlp.py:133: PerformanceWarning: DataFrame is highly fragmented.  This is usually the result of calling `frame.insert` many times, which has poor performance.  Consider joining all columns at once using pd.concat(axis=1) instead. To get a de-fragmented frame, use `newframe = frame.copy()`
  out[f"feat_{i}"] = df[f"f{i}"]
/home/lilith/work/zen/zensim/scripts/v_next/train_v_next_mlp.py:133: PerformanceWarning: DataFrame is highly fragmented.  This is usually the result of calling `frame.insert` many times, which has poor performance.  Consider joining all columns at once using pd.concat(axis=1) instead. To get a de-fragmented frame, use `newframe = frame.copy()`
  out[f"feat_{i}"] = df[f"f{i}"]
/home/lilith/work/zen/zensim/scripts/v_next/train_v_next_mlp.py:133: PerformanceWarning: DataFrame is highly fragmented.  This is usually the result of calling `frame.insert` many times, which has poor performance.  Consider joining all columns at once using pd.concat(axis=1) instead. To get a de-fragmented frame, use `newframe = frame.copy()`
  out[f"feat_{i}"] = df[f"f{i}"]
/home/lilith/work/zen/zensim/scripts/v_next/train_v_next_mlp.py:133: PerformanceWarning: DataFrame is highly fragmented.  This is usually the result of calling `frame.insert` many times, which has poor performance.  Consider joining all columns at once using pd.concat(axis=1) instead. To get a de-fragmented frame, use `newframe = frame.copy()`
  out[f"feat_{i}"] = df[f"f{i}"]
/home/lilith/work/zen/zensim/scripts/v_next/train_v_next_mlp.py:133: PerformanceWarning: DataFrame is highly fragmented.  This is usually the result of calling `frame.insert` many times, which has poor performance.  Consider joining all columns at once using pd.concat(axis=1) instead. To get a de-fragmented frame, use `newframe = frame.copy()`
  out[f"feat_{i}"] = df[f"f{i}"]
/home/lilith/work/zen/zensim/scripts/v_next/train_v_next_mlp.py:133: PerformanceWarning: DataFrame is highly fragmented.  This is usually the result of calling `frame.insert` many times, which has poor performance.  Consider joining all columns at once using pd.concat(axis=1) instead. To get a de-fragmented frame, use `newframe = frame.copy()`
  out[f"feat_{i}"] = df[f"f{i}"]
/home/lilith/work/zen/zensim/scripts/v_next/train_v_next_mlp.py:133: PerformanceWarning: DataFrame is highly fragmented.  This is usually the result of calling `frame.insert` many times, which has poor performance.  Consider joining all columns at once using pd.concat(axis=1) instead. To get a de-fragmented frame, use `newframe = frame.copy()`
  out[f"feat_{i}"] = df[f"f{i}"]
/home/lilith/work/zen/zensim/scripts/v_next/train_v_next_mlp.py:133: PerformanceWarning: DataFrame is highly fragmented.  This is usually the result of calling `frame.insert` many times, which has poor performance.  Consider joining all columns at once using pd.concat(axis=1) instead. To get a de-fragmented frame, use `newframe = frame.copy()`
  out[f"feat_{i}"] = df[f"f{i}"]
/home/lilith/work/zen/zensim/scripts/v_next/train_v_next_mlp.py:133: PerformanceWarning: DataFrame is highly fragmented.  This is usually the result of calling `frame.insert` many times, which has poor performance.  Consider joining all columns at once using pd.concat(axis=1) instead. To get a de-fragmented frame, use `newframe = frame.copy()`
  out[f"feat_{i}"] = df[f"f{i}"]
/home/lilith/work/zen/zensim/scripts/v_next/train_v_next_mlp.py:133: PerformanceWarning: DataFrame is highly fragmented.  This is usually the result of calling `frame.insert` many times, which has poor performance.  Consider joining all columns at once using pd.concat(axis=1) instead. To get a de-fragmented frame, use `newframe = frame.copy()`
  out[f"feat_{i}"] = df[f"f{i}"]
/home/lilith/work/zen/zensim/scripts/v_next/train_v_next_mlp.py:133: PerformanceWarning: DataFrame is highly fragmented.  This is usually the result of calling `frame.insert` many times, which has poor performance.  Consider joining all columns at once using pd.concat(axis=1) instead. To get a de-fragmented frame, use `newframe = frame.copy()`
  out[f"feat_{i}"] = df[f"f{i}"]
/home/lilith/work/zen/zensim/scripts/v_next/train_v_next_mlp.py:133: PerformanceWarning: DataFrame is highly fragmented.  This is usually the result of calling `frame.insert` many times, which has poor performance.  Consider joining all columns at once using pd.concat(axis=1) instead. To get a de-fragmented frame, use `newframe = frame.copy()`
  out[f"feat_{i}"] = df[f"f{i}"]
/home/lilith/work/zen/zensim/scripts/v_next/train_v_next_mlp.py:133: PerformanceWarning: DataFrame is highly fragmented.  This is usually the result of calling `frame.insert` many times, which has poor performance.  Consider joining all columns at once using pd.concat(axis=1) instead. To get a de-fragmented frame, use `newframe = frame.copy()`
  out[f"feat_{i}"] = df[f"f{i}"]
/home/lilith/work/zen/zensim/scripts/v_next/train_v_next_mlp.py:133: PerformanceWarning: DataFrame is highly fragmented.  This is usually the result of calling `frame.insert` many times, which has poor performance.  Consider joining all columns at once using pd.concat(axis=1) instead. To get a de-fragmented frame, use `newframe = frame.copy()`
  out[f"feat_{i}"] = df[f"f{i}"]
/home/lilith/work/zen/zensim/scripts/v_next/train_v_next_mlp.py:133: PerformanceWarning: DataFrame is highly fragmented.  This is usually the result of calling `frame.insert` many times, which has poor performance.  Consider joining all columns at once using pd.concat(axis=1) instead. To get a de-fragmented frame, use `newframe = frame.copy()`
  out[f"feat_{i}"] = df[f"f{i}"]
/home/lilith/work/zen/zensim/scripts/v_next/train_v_next_mlp.py:133: PerformanceWarning: DataFrame is highly fragmented.  This is usually the result of calling `frame.insert` many times, which has poor performance.  Consider joining all columns at once using pd.concat(axis=1) instead. To get a de-fragmented frame, use `newframe = frame.copy()`
  out[f"feat_{i}"] = df[f"f{i}"]
/home/lilith/work/zen/zensim/scripts/v_next/train_v_next_mlp.py:133: PerformanceWarning: DataFrame is highly fragmented.  This is usually the result of calling `frame.insert` many times, which has poor performance.  Consider joining all columns at once using pd.concat(axis=1) instead. To get a de-fragmented frame, use `newframe = frame.copy()`
  out[f"feat_{i}"] = df[f"f{i}"]
/home/lilith/work/zen/zensim/scripts/v_next/train_v_next_mlp.py:133: PerformanceWarning: DataFrame is highly fragmented.  This is usually the result of calling `frame.insert` many times, which has poor performance.  Consider joining all columns at once using pd.concat(axis=1) instead. To get a de-fragmented frame, use `newframe = frame.copy()`
  out[f"feat_{i}"] = df[f"f{i}"]
/home/lilith/work/zen/zensim/scripts/v_next/train_v_next_mlp.py:133: PerformanceWarning: DataFrame is highly fragmented.  This is usually the result of calling `frame.insert` many times, which has poor performance.  Consider joining all columns at once using pd.concat(axis=1) instead. To get a de-fragmented frame, use `newframe = frame.copy()`
  out[f"feat_{i}"] = df[f"f{i}"]
/home/lilith/work/zen/zensim/scripts/v_next/train_v_next_mlp.py:133: PerformanceWarning: DataFrame is highly fragmented.  This is usually the result of calling `frame.insert` many times, which has poor performance.  Consider joining all columns at once using pd.concat(axis=1) instead. To get a de-fragmented frame, use `newframe = frame.copy()`
  out[f"feat_{i}"] = df[f"f{i}"]
/home/lilith/work/zen/zensim/scripts/v_next/train_v_next_mlp.py:133: PerformanceWarning: DataFrame is highly fragmented.  This is usually the result of calling `frame.insert` many times, which has poor performance.  Consider joining all columns at once using pd.concat(axis=1) instead. To get a de-fragmented frame, use `newframe = frame.copy()`
  out[f"feat_{i}"] = df[f"f{i}"]
/home/lilith/work/zen/zensim/scripts/v_next/train_v_next_mlp.py:133: PerformanceWarning: DataFrame is highly fragmented.  This is usually the result of calling `frame.insert` many times, which has poor performance.  Consider joining all columns at once using pd.concat(axis=1) instead. To get a de-fragmented frame, use `newframe = frame.copy()`
  out[f"feat_{i}"] = df[f"f{i}"]
/home/lilith/work/zen/zensim/scripts/v_next/train_v_next_mlp.py:133: PerformanceWarning: DataFrame is highly fragmented.  This is usually the result of calling `frame.insert` many times, which has poor performance.  Consider joining all columns at once using pd.concat(axis=1) instead. To get a de-fragmented frame, use `newframe = frame.copy()`
  out[f"feat_{i}"] = df[f"f{i}"]
/home/lilith/work/zen/zensim/scripts/v_next/train_v_next_mlp.py:133: PerformanceWarning: DataFrame is highly fragmented.  This is usually the result of calling `frame.insert` many times, which has poor performance.  Consider joining all columns at once using pd.concat(axis=1) instead. To get a de-fragmented frame, use `newframe = frame.copy()`
  out[f"feat_{i}"] = df[f"f{i}"]
/home/lilith/work/zen/zensim/scripts/v_next/train_v_next_mlp.py:133: PerformanceWarning: DataFrame is highly fragmented.  This is usually the result of calling `frame.insert` many times, which has poor performance.  Consider joining all columns at once using pd.concat(axis=1) instead. To get a de-fragmented frame, use `newframe = frame.copy()`
  out[f"feat_{i}"] = df[f"f{i}"]
/home/lilith/work/zen/zensim/scripts/v_next/train_v_next_mlp.py:133: PerformanceWarning: DataFrame is highly fragmented.  This is usually the result of calling `frame.insert` many times, which has poor performance.  Consider joining all columns at once using pd.concat(axis=1) instead. To get a de-fragmented frame, use `newframe = frame.copy()`
  out[f"feat_{i}"] = df[f"f{i}"]
/home/lilith/work/zen/zensim/scripts/v_next/train_v_next_mlp.py:133: PerformanceWarning: DataFrame is highly fragmented.  This is usually the result of calling `frame.insert` many times, which has poor performance.  Consider joining all columns at once using pd.concat(axis=1) instead. To get a de-fragmented frame, use `newframe = frame.copy()`
  out[f"feat_{i}"] = df[f"f{i}"]
/home/lilith/work/zen/zensim/scripts/v_next/train_v_next_mlp.py:133: PerformanceWarning: DataFrame is highly fragmented.  This is usually the result of calling `frame.insert` many times, which has poor performance.  Consider joining all columns at once using pd.concat(axis=1) instead. To get a de-fragmented frame, use `newframe = frame.copy()`
  out[f"feat_{i}"] = df[f"f{i}"]
/home/lilith/work/zen/zensim/scripts/v_next/train_v_next_mlp.py:133: PerformanceWarning: DataFrame is highly fragmented.  This is usually the result of calling `frame.insert` many times, which has poor performance.  Consider joining all columns at once using pd.concat(axis=1) instead. To get a de-fragmented frame, use `newframe = frame.copy()`
  out[f"feat_{i}"] = df[f"f{i}"]
/home/lilith/work/zen/zensim/scripts/v_next/train_v_next_mlp.py:133: PerformanceWarning: DataFrame is highly fragmented.  This is usually the result of calling `frame.insert` many times, which has poor performance.  Consider joining all columns at once using pd.concat(axis=1) instead. To get a de-fragmented frame, use `newframe = frame.copy()`
  out[f"feat_{i}"] = df[f"f{i}"]
/home/lilith/work/zen/zensim/scripts/v_next/train_v_next_mlp.py:133: PerformanceWarning: DataFrame is highly fragmented.  This is usually the result of calling `frame.insert` many times, which has poor performance.  Consider joining all columns at once using pd.concat(axis=1) instead. To get a de-fragmented frame, use `newframe = frame.copy()`
  out[f"feat_{i}"] = df[f"f{i}"]
/home/lilith/work/zen/zensim/scripts/v_next/train_v_next_mlp.py:133: PerformanceWarning: DataFrame is highly fragmented.  This is usually the result of calling `frame.insert` many times, which has poor performance.  Consider joining all columns at once using pd.concat(axis=1) instead. To get a de-fragmented frame, use `newframe = frame.copy()`
  out[f"feat_{i}"] = df[f"f{i}"]
/home/lilith/work/zen/zensim/scripts/v_next/train_v_next_mlp.py:133: PerformanceWarning: DataFrame is highly fragmented.  This is usually the result of calling `frame.insert` many times, which has poor performance.  Consider joining all columns at once using pd.concat(axis=1) instead. To get a de-fragmented frame, use `newframe = frame.copy()`
  out[f"feat_{i}"] = df[f"f{i}"]
/home/lilith/work/zen/zensim/scripts/v_next/train_v_next_mlp.py:133: PerformanceWarning: DataFrame is highly fragmented.  This is usually the result of calling `frame.insert` many times, which has poor performance.  Consider joining all columns at once using pd.concat(axis=1) instead. To get a de-fragmented frame, use `newframe = frame.copy()`
  out[f"feat_{i}"] = df[f"f{i}"]
/home/lilith/work/zen/zensim/scripts/v_next/train_v_next_mlp.py:133: PerformanceWarning: DataFrame is highly fragmented.  This is usually the result of calling `frame.insert` many times, which has poor performance.  Consider joining all columns at once using pd.concat(axis=1) instead. To get a de-fragmented frame, use `newframe = frame.copy()`
  out[f"feat_{i}"] = df[f"f{i}"]
/home/lilith/work/zen/zensim/scripts/v_next/train_v_next_mlp.py:133: PerformanceWarning: DataFrame is highly fragmented.  This is usually the result of calling `frame.insert` many times, which has poor performance.  Consider joining all columns at once using pd.concat(axis=1) instead. To get a de-fragmented frame, use `newframe = frame.copy()`
  out[f"feat_{i}"] = df[f"f{i}"]
/home/lilith/work/zen/zensim/scripts/v_next/train_v_next_mlp.py:133: PerformanceWarning: DataFrame is highly fragmented.  This is usually the result of calling `frame.insert` many times, which has poor performance.  Consider joining all columns at once using pd.concat(axis=1) instead. To get a de-fragmented frame, use `newframe = frame.copy()`
  out[f"feat_{i}"] = df[f"f{i}"]
/home/lilith/work/zen/zensim/scripts/v_next/train_v_next_mlp.py:133: PerformanceWarning: DataFrame is highly fragmented.  This is usually the result of calling `frame.insert` many times, which has poor performance.  Consider joining all columns at once using pd.concat(axis=1) instead. To get a de-fragmented frame, use `newframe = frame.copy()`
  out[f"feat_{i}"] = df[f"f{i}"]
/home/lilith/work/zen/zensim/scripts/v_next/train_v_next_mlp.py:133: PerformanceWarning: DataFrame is highly fragmented.  This is usually the result of calling `frame.insert` many times, which has poor performance.  Consider joining all columns at once using pd.concat(axis=1) instead. To get a de-fragmented frame, use `newframe = frame.copy()`
  out[f"feat_{i}"] = df[f"f{i}"]
/home/lilith/work/zen/zensim/scripts/v_next/train_v_next_mlp.py:133: PerformanceWarning: DataFrame is highly fragmented.  This is usually the result of calling `frame.insert` many times, which has poor performance.  Consider joining all columns at once using pd.concat(axis=1) instead. To get a de-fragmented frame, use `newframe = frame.copy()`
  out[f"feat_{i}"] = df[f"f{i}"]
/home/lilith/work/zen/zensim/scripts/v_next/train_v_next_mlp.py:133: PerformanceWarning: DataFrame is highly fragmented.  This is usually the result of calling `frame.insert` many times, which has poor performance.  Consider joining all columns at once using pd.concat(axis=1) instead. To get a de-fragmented frame, use `newframe = frame.copy()`
  out[f"feat_{i}"] = df[f"f{i}"]
/home/lilith/work/zen/zensim/scripts/v_next/train_v_next_mlp.py:133: PerformanceWarning: DataFrame is highly fragmented.  This is usually the result of calling `frame.insert` many times, which has poor performance.  Consider joining all columns at once using pd.concat(axis=1) instead. To get a de-fragmented frame, use `newframe = frame.copy()`
  out[f"feat_{i}"] = df[f"f{i}"]
/home/lilith/work/zen/zensim/scripts/v_next/train_v_next_mlp.py:133: PerformanceWarning: DataFrame is highly fragmented.  This is usually the result of calling `frame.insert` many times, which has poor performance.  Consider joining all columns at once using pd.concat(axis=1) instead. To get a de-fragmented frame, use `newframe = frame.copy()`
  out[f"feat_{i}"] = df[f"f{i}"]
/home/lilith/work/zen/zensim/scripts/v_next/train_v_next_mlp.py:133: PerformanceWarning: DataFrame is highly fragmented.  This is usually the result of calling `frame.insert` many times, which has poor performance.  Consider joining all columns at once using pd.concat(axis=1) instead. To get a de-fragmented frame, use `newframe = frame.copy()`
  out[f"feat_{i}"] = df[f"f{i}"]
/home/lilith/work/zen/zensim/scripts/v_next/train_v_next_mlp.py:133: PerformanceWarning: DataFrame is highly fragmented.  This is usually the result of calling `frame.insert` many times, which has poor performance.  Consider joining all columns at once using pd.concat(axis=1) instead. To get a de-fragmented frame, use `newframe = frame.copy()`
  out[f"feat_{i}"] = df[f"f{i}"]
/home/lilith/work/zen/zensim/scripts/v_next/train_v_next_mlp.py:133: PerformanceWarning: DataFrame is highly fragmented.  This is usually the result of calling `frame.insert` many times, which has poor performance.  Consider joining all columns at once using pd.concat(axis=1) instead. To get a de-fragmented frame, use `newframe = frame.copy()`
  out[f"feat_{i}"] = df[f"f{i}"]
/home/lilith/work/zen/zensim/scripts/v_next/train_v_next_mlp.py:133: PerformanceWarning: DataFrame is highly fragmented.  This is usually the result of calling `frame.insert` many times, which has poor performance.  Consider joining all columns at once using pd.concat(axis=1) instead. To get a de-fragmented frame, use `newframe = frame.copy()`
  out[f"feat_{i}"] = df[f"f{i}"]
/home/lilith/work/zen/zensim/scripts/v_next/train_v_next_mlp.py:133: PerformanceWarning: DataFrame is highly fragmented.  This is usually the result of calling `frame.insert` many times, which has poor performance.  Consider joining all columns at once using pd.concat(axis=1) instead. To get a de-fragmented frame, use `newframe = frame.copy()`
  out[f"feat_{i}"] = df[f"f{i}"]
/home/lilith/work/zen/zensim/scripts/v_next/train_v_next_mlp.py:133: PerformanceWarning: DataFrame is highly fragmented.  This is usually the result of calling `frame.insert` many times, which has poor performance.  Consider joining all columns at once using pd.concat(axis=1) instead. To get a de-fragmented frame, use `newframe = frame.copy()`
  out[f"feat_{i}"] = df[f"f{i}"]
/home/lilith/work/zen/zensim/scripts/v_next/train_v_next_mlp.py:133: PerformanceWarning: DataFrame is highly fragmented.  This is usually the result of calling `frame.insert` many times, which has poor performance.  Consider joining all columns at once using pd.concat(axis=1) instead. To get a de-fragmented frame, use `newframe = frame.copy()`
  out[f"feat_{i}"] = df[f"f{i}"]
/home/lilith/work/zen/zensim/scripts/v_next/train_v_next_mlp.py:133: PerformanceWarning: DataFrame is highly fragmented.  This is usually the result of calling `frame.insert` many times, which has poor performance.  Consider joining all columns at once using pd.concat(axis=1) instead. To get a de-fragmented frame, use `newframe = frame.copy()`
  out[f"feat_{i}"] = df[f"f{i}"]
/home/lilith/work/zen/zensim/scripts/v_next/train_v_next_mlp.py:133: PerformanceWarning: DataFrame is highly fragmented.  This is usually the result of calling `frame.insert` many times, which has poor performance.  Consider joining all columns at once using pd.concat(axis=1) instead. To get a de-fragmented frame, use `newframe = frame.copy()`
  out[f"feat_{i}"] = df[f"f{i}"]
/home/lilith/work/zen/zensim/scripts/v_next/train_v_next_mlp.py:133: PerformanceWarning: DataFrame is highly fragmented.  This is usually the result of calling `frame.insert` many times, which has poor performance.  Consider joining all columns at once using pd.concat(axis=1) instead. To get a de-fragmented frame, use `newframe = frame.copy()`
  out[f"feat_{i}"] = df[f"f{i}"]
/home/lilith/work/zen/zensim/scripts/v_next/train_v_next_mlp.py:133: PerformanceWarning: DataFrame is highly fragmented.  This is usually the result of calling `frame.insert` many times, which has poor performance.  Consider joining all columns at once using pd.concat(axis=1) instead. To get a de-fragmented frame, use `newframe = frame.copy()`
  out[f"feat_{i}"] = df[f"f{i}"]
/home/lilith/work/zen/zensim/scripts/v_next/train_v_next_mlp.py:133: PerformanceWarning: DataFrame is highly fragmented.  This is usually the result of calling `frame.insert` many times, which has poor performance.  Consider joining all columns at once using pd.concat(axis=1) instead. To get a de-fragmented frame, use `newframe = frame.copy()`
  out[f"feat_{i}"] = df[f"f{i}"]
/home/lilith/work/zen/zensim/scripts/v_next/train_v_next_mlp.py:133: PerformanceWarning: DataFrame is highly fragmented.  This is usually the result of calling `frame.insert` many times, which has poor performance.  Consider joining all columns at once using pd.concat(axis=1) instead. To get a de-fragmented frame, use `newframe = frame.copy()`
  out[f"feat_{i}"] = df[f"f{i}"]
/home/lilith/work/zen/zensim/scripts/v_next/train_v_next_mlp.py:133: PerformanceWarning: DataFrame is highly fragmented.  This is usually the result of calling `frame.insert` many times, which has poor performance.  Consider joining all columns at once using pd.concat(axis=1) instead. To get a de-fragmented frame, use `newframe = frame.copy()`
  out[f"feat_{i}"] = df[f"f{i}"]
/home/lilith/work/zen/zensim/scripts/v_next/train_v_next_mlp.py:133: PerformanceWarning: DataFrame is highly fragmented.  This is usually the result of calling `frame.insert` many times, which has poor performance.  Consider joining all columns at once using pd.concat(axis=1) instead. To get a de-fragmented frame, use `newframe = frame.copy()`
  out[f"feat_{i}"] = df[f"f{i}"]
/home/lilith/work/zen/zensim/scripts/v_next/train_v_next_mlp.py:133: PerformanceWarning: DataFrame is highly fragmented.  This is usually the result of calling `frame.insert` many times, which has poor performance.  Consider joining all columns at once using pd.concat(axis=1) instead. To get a de-fragmented frame, use `newframe = frame.copy()`
  out[f"feat_{i}"] = df[f"f{i}"]
/home/lilith/work/zen/zensim/scripts/v_next/train_v_next_mlp.py:133: PerformanceWarning: DataFrame is highly fragmented.  This is usually the result of calling `frame.insert` many times, which has poor performance.  Consider joining all columns at once using pd.concat(axis=1) instead. To get a de-fragmented frame, use `newframe = frame.copy()`
  out[f"feat_{i}"] = df[f"f{i}"]
/home/lilith/work/zen/zensim/scripts/v_next/train_v_next_mlp.py:133: PerformanceWarning: DataFrame is highly fragmented.  This is usually the result of calling `frame.insert` many times, which has poor performance.  Consider joining all columns at once using pd.concat(axis=1) instead. To get a de-fragmented frame, use `newframe = frame.copy()`
  out[f"feat_{i}"] = df[f"f{i}"]
/home/lilith/work/zen/zensim/scripts/v_next/train_v_next_mlp.py:133: PerformanceWarning: DataFrame is highly fragmented.  This is usually the result of calling `frame.insert` many times, which has poor performance.  Consider joining all columns at once using pd.concat(axis=1) instead. To get a de-fragmented frame, use `newframe = frame.copy()`
  out[f"feat_{i}"] = df[f"f{i}"]
/home/lilith/work/zen/zensim/scripts/v_next/train_v_next_mlp.py:133: PerformanceWarning: DataFrame is highly fragmented.  This is usually the result of calling `frame.insert` many times, which has poor performance.  Consider joining all columns at once using pd.concat(axis=1) instead. To get a de-fragmented frame, use `newframe = frame.copy()`
  out[f"feat_{i}"] = df[f"f{i}"]
/home/lilith/work/zen/zensim/scripts/v_next/train_v_next_mlp.py:133: PerformanceWarning: DataFrame is highly fragmented.  This is usually the result of calling `frame.insert` many times, which has poor performance.  Consider joining all columns at once using pd.concat(axis=1) instead. To get a de-fragmented frame, use `newframe = frame.copy()`
  out[f"feat_{i}"] = df[f"f{i}"]
/home/lilith/work/zen/zensim/scripts/v_next/train_v_next_mlp.py:133: PerformanceWarning: DataFrame is highly fragmented.  This is usually the result of calling `frame.insert` many times, which has poor performance.  Consider joining all columns at once using pd.concat(axis=1) instead. To get a de-fragmented frame, use `newframe = frame.copy()`
  out[f"feat_{i}"] = df[f"f{i}"]
/home/lilith/work/zen/zensim/scripts/v_next/train_v_next_mlp.py:133: PerformanceWarning: DataFrame is highly fragmented.  This is usually the result of calling `frame.insert` many times, which has poor performance.  Consider joining all columns at once using pd.concat(axis=1) instead. To get a de-fragmented frame, use `newframe = frame.copy()`
  out[f"feat_{i}"] = df[f"f{i}"]
/home/lilith/work/zen/zensim/scripts/v_next/train_v_next_mlp.py:133: PerformanceWarning: DataFrame is highly fragmented.  This is usually the result of calling `frame.insert` many times, which has poor performance.  Consider joining all columns at once using pd.concat(axis=1) instead. To get a de-fragmented frame, use `newframe = frame.copy()`
  out[f"feat_{i}"] = df[f"f{i}"]
/home/lilith/work/zen/zensim/scripts/v_next/train_v_next_mlp.py:133: PerformanceWarning: DataFrame is highly fragmented.  This is usually the result of calling `frame.insert` many times, which has poor performance.  Consider joining all columns at once using pd.concat(axis=1) instead. To get a de-fragmented frame, use `newframe = frame.copy()`
  out[f"feat_{i}"] = df[f"f{i}"]
/home/lilith/work/zen/zensim/scripts/v_next/train_v_next_mlp.py:133: PerformanceWarning: DataFrame is highly fragmented.  This is usually the result of calling `frame.insert` many times, which has poor performance.  Consider joining all columns at once using pd.concat(axis=1) instead. To get a de-fragmented frame, use `newframe = frame.copy()`
  out[f"feat_{i}"] = df[f"f{i}"]
/home/lilith/work/zen/zensim/scripts/v_next/train_v_next_mlp.py:133: PerformanceWarning: DataFrame is highly fragmented.  This is usually the result of calling `frame.insert` many times, which has poor performance.  Consider joining all columns at once using pd.concat(axis=1) instead. To get a de-fragmented frame, use `newframe = frame.copy()`
  out[f"feat_{i}"] = df[f"f{i}"]
/home/lilith/work/zen/zensim/scripts/v_next/train_v_next_mlp.py:133: PerformanceWarning: DataFrame is highly fragmented.  This is usually the result of calling `frame.insert` many times, which has poor performance.  Consider joining all columns at once using pd.concat(axis=1) instead. To get a de-fragmented frame, use `newframe = frame.copy()`
  out[f"feat_{i}"] = df[f"f{i}"]
/home/lilith/work/zen/zensim/scripts/v_next/train_v_next_mlp.py:133: PerformanceWarning: DataFrame is highly fragmented.  This is usually the result of calling `frame.insert` many times, which has poor performance.  Consider joining all columns at once using pd.concat(axis=1) instead. To get a de-fragmented frame, use `newframe = frame.copy()`
  out[f"feat_{i}"] = df[f"f{i}"]
/home/lilith/work/zen/zensim/scripts/v_next/train_v_next_mlp.py:133: PerformanceWarning: DataFrame is highly fragmented.  This is usually the result of calling `frame.insert` many times, which has poor performance.  Consider joining all columns at once using pd.concat(axis=1) instead. To get a de-fragmented frame, use `newframe = frame.copy()`
  out[f"feat_{i}"] = df[f"f{i}"]
/home/lilith/work/zen/zensim/scripts/v_next/train_v_next_mlp.py:133: PerformanceWarning: DataFrame is highly fragmented.  This is usually the result of calling `frame.insert` many times, which has poor performance.  Consider joining all columns at once using pd.concat(axis=1) instead. To get a de-fragmented frame, use `newframe = frame.copy()`
  out[f"feat_{i}"] = df[f"f{i}"]
/home/lilith/work/zen/zensim/scripts/v_next/train_v_next_mlp.py:133: PerformanceWarning: DataFrame is highly fragmented.  This is usually the result of calling `frame.insert` many times, which has poor performance.  Consider joining all columns at once using pd.concat(axis=1) instead. To get a de-fragmented frame, use `newframe = frame.copy()`
  out[f"feat_{i}"] = df[f"f{i}"]
/home/lilith/work/zen/zensim/scripts/v_next/train_v_next_mlp.py:133: PerformanceWarning: DataFrame is highly fragmented.  This is usually the result of calling `frame.insert` many times, which has poor performance.  Consider joining all columns at once using pd.concat(axis=1) instead. To get a de-fragmented frame, use `newframe = frame.copy()`
  out[f"feat_{i}"] = df[f"f{i}"]
/home/lilith/work/zen/zensim/scripts/v_next/train_v_next_mlp.py:133: PerformanceWarning: DataFrame is highly fragmented.  This is usually the result of calling `frame.insert` many times, which has poor performance.  Consider joining all columns at once using pd.concat(axis=1) instead. To get a de-fragmented frame, use `newframe = frame.copy()`
  out[f"feat_{i}"] = df[f"f{i}"]
/home/lilith/work/zen/zensim/scripts/v_next/train_v_next_mlp.py:133: PerformanceWarning: DataFrame is highly fragmented.  This is usually the result of calling `frame.insert` many times, which has poor performance.  Consider joining all columns at once using pd.concat(axis=1) instead. To get a de-fragmented frame, use `newframe = frame.copy()`
  out[f"feat_{i}"] = df[f"f{i}"]
/home/lilith/work/zen/zensim/scripts/v_next/train_v_next_mlp.py:133: PerformanceWarning: DataFrame is highly fragmented.  This is usually the result of calling `frame.insert` many times, which has poor performance.  Consider joining all columns at once using pd.concat(axis=1) instead. To get a de-fragmented frame, use `newframe = frame.copy()`
  out[f"feat_{i}"] = df[f"f{i}"]
/home/lilith/work/zen/zensim/scripts/v_next/train_v_next_mlp.py:133: PerformanceWarning: DataFrame is highly fragmented.  This is usually the result of calling `frame.insert` many times, which has poor performance.  Consider joining all columns at once using pd.concat(axis=1) instead. To get a de-fragmented frame, use `newframe = frame.copy()`
  out[f"feat_{i}"] = df[f"f{i}"]
/home/lilith/work/zen/zensim/scripts/v_next/train_v_next_mlp.py:133: PerformanceWarning: DataFrame is highly fragmented.  This is usually the result of calling `frame.insert` many times, which has poor performance.  Consider joining all columns at once using pd.concat(axis=1) instead. To get a de-fragmented frame, use `newframe = frame.copy()`
  out[f"feat_{i}"] = df[f"f{i}"]
/home/lilith/work/zen/zensim/scripts/v_next/train_v_next_mlp.py:133: PerformanceWarning: DataFrame is highly fragmented.  This is usually the result of calling `frame.insert` many times, which has poor performance.  Consider joining all columns at once using pd.concat(axis=1) instead. To get a de-fragmented frame, use `newframe = frame.copy()`
  out[f"feat_{i}"] = df[f"f{i}"]
/home/lilith/work/zen/zensim/scripts/v_next/train_v_next_mlp.py:133: PerformanceWarning: DataFrame is highly fragmented.  This is usually the result of calling `frame.insert` many times, which has poor performance.  Consider joining all columns at once using pd.concat(axis=1) instead. To get a de-fragmented frame, use `newframe = frame.copy()`
  out[f"feat_{i}"] = df[f"f{i}"]
/home/lilith/work/zen/zensim/scripts/v_next/train_v_next_mlp.py:133: PerformanceWarning: DataFrame is highly fragmented.  This is usually the result of calling `frame.insert` many times, which has poor performance.  Consider joining all columns at once using pd.concat(axis=1) instead. To get a de-fragmented frame, use `newframe = frame.copy()`
  out[f"feat_{i}"] = df[f"f{i}"]
/home/lilith/work/zen/zensim/scripts/v_next/train_v_next_mlp.py:133: PerformanceWarning: DataFrame is highly fragmented.  This is usually the result of calling `frame.insert` many times, which has poor performance.  Consider joining all columns at once using pd.concat(axis=1) instead. To get a de-fragmented frame, use `newframe = frame.copy()`
  out[f"feat_{i}"] = df[f"f{i}"]
/home/lilith/work/zen/zensim/scripts/v_next/train_v_next_mlp.py:133: PerformanceWarning: DataFrame is highly fragmented.  This is usually the result of calling `frame.insert` many times, which has poor performance.  Consider joining all columns at once using pd.concat(axis=1) instead. To get a de-fragmented frame, use `newframe = frame.copy()`
  out[f"feat_{i}"] = df[f"f{i}"]
/home/lilith/work/zen/zensim/scripts/v_next/train_v_next_mlp.py:133: PerformanceWarning: DataFrame is highly fragmented.  This is usually the result of calling `frame.insert` many times, which has poor performance.  Consider joining all columns at once using pd.concat(axis=1) instead. To get a de-fragmented frame, use `newframe = frame.copy()`
  out[f"feat_{i}"] = df[f"f{i}"]
/home/lilith/work/zen/zensim/scripts/v_next/train_v_next_mlp.py:133: PerformanceWarning: DataFrame is highly fragmented.  This is usually the result of calling `frame.insert` many times, which has poor performance.  Consider joining all columns at once using pd.concat(axis=1) instead. To get a de-fragmented frame, use `newframe = frame.copy()`
  out[f"feat_{i}"] = df[f"f{i}"]
/home/lilith/work/zen/zensim/scripts/v_next/train_v_next_mlp.py:133: PerformanceWarning: DataFrame is highly fragmented.  This is usually the result of calling `frame.insert` many times, which has poor performance.  Consider joining all columns at once using pd.concat(axis=1) instead. To get a de-fragmented frame, use `newframe = frame.copy()`
  out[f"feat_{i}"] = df[f"f{i}"]
/home/lilith/work/zen/zensim/scripts/v_next/train_v_next_mlp.py:133: PerformanceWarning: DataFrame is highly fragmented.  This is usually the result of calling `frame.insert` many times, which has poor performance.  Consider joining all columns at once using pd.concat(axis=1) instead. To get a de-fragmented frame, use `newframe = frame.copy()`
  out[f"feat_{i}"] = df[f"f{i}"]
/home/lilith/work/zen/zensim/scripts/v_next/train_v_next_mlp.py:133: PerformanceWarning: DataFrame is highly fragmented.  This is usually the result of calling `frame.insert` many times, which has poor performance.  Consider joining all columns at once using pd.concat(axis=1) instead. To get a de-fragmented frame, use `newframe = frame.copy()`
  out[f"feat_{i}"] = df[f"f{i}"]
/home/lilith/work/zen/zensim/scripts/v_next/train_v_next_mlp.py:133: PerformanceWarning: DataFrame is highly fragmented.  This is usually the result of calling `frame.insert` many times, which has poor performance.  Consider joining all columns at once using pd.concat(axis=1) instead. To get a de-fragmented frame, use `newframe = frame.copy()`
  out[f"feat_{i}"] = df[f"f{i}"]
/home/lilith/work/zen/zensim/scripts/v_next/train_v_next_mlp.py:133: PerformanceWarning: DataFrame is highly fragmented.  This is usually the result of calling `frame.insert` many times, which has poor performance.  Consider joining all columns at once using pd.concat(axis=1) instead. To get a de-fragmented frame, use `newframe = frame.copy()`
  out[f"feat_{i}"] = df[f"f{i}"]
/home/lilith/work/zen/zensim/scripts/v_next/train_v_next_mlp.py:133: PerformanceWarning: DataFrame is highly fragmented.  This is usually the result of calling `frame.insert` many times, which has poor performance.  Consider joining all columns at once using pd.concat(axis=1) instead. To get a de-fragmented frame, use `newframe = frame.copy()`
  out[f"feat_{i}"] = df[f"f{i}"]
/home/lilith/work/zen/zensim/scripts/v_next/train_v_next_mlp.py:133: PerformanceWarning: DataFrame is highly fragmented.  This is usually the result of calling `frame.insert` many times, which has poor performance.  Consider joining all columns at once using pd.concat(axis=1) instead. To get a de-fragmented frame, use `newframe = frame.copy()`
  out[f"feat_{i}"] = df[f"f{i}"]
/home/lilith/work/zen/zensim/scripts/v_next/train_v_next_mlp.py:133: PerformanceWarning: DataFrame is highly fragmented.  This is usually the result of calling `frame.insert` many times, which has poor performance.  Consider joining all columns at once using pd.concat(axis=1) instead. To get a de-fragmented frame, use `newframe = frame.copy()`
  out[f"feat_{i}"] = df[f"f{i}"]
/home/lilith/work/zen/zensim/scripts/v_next/train_v_next_mlp.py:133: PerformanceWarning: DataFrame is highly fragmented.  This is usually the result of calling `frame.insert` many times, which has poor performance.  Consider joining all columns at once using pd.concat(axis=1) instead. To get a de-fragmented frame, use `newframe = frame.copy()`
  out[f"feat_{i}"] = df[f"f{i}"]
/home/lilith/work/zen/zensim/scripts/v_next/train_v_next_mlp.py:133: PerformanceWarning: DataFrame is highly fragmented.  This is usually the result of calling `frame.insert` many times, which has poor performance.  Consider joining all columns at once using pd.concat(axis=1) instead. To get a de-fragmented frame, use `newframe = frame.copy()`
  out[f"feat_{i}"] = df[f"f{i}"]
/home/lilith/work/zen/zensim/scripts/v_next/train_v_next_mlp.py:133: PerformanceWarning: DataFrame is highly fragmented.  This is usually the result of calling `frame.insert` many times, which has poor performance.  Consider joining all columns at once using pd.concat(axis=1) instead. To get a de-fragmented frame, use `newframe = frame.copy()`
  out[f"feat_{i}"] = df[f"f{i}"]
/home/lilith/work/zen/zensim/scripts/v_next/train_v_next_mlp.py:133: PerformanceWarning: DataFrame is highly fragmented.  This is usually the result of calling `frame.insert` many times, which has poor performance.  Consider joining all columns at once using pd.concat(axis=1) instead. To get a de-fragmented frame, use `newframe = frame.copy()`
  out[f"feat_{i}"] = df[f"f{i}"]
/home/lilith/work/zen/zensim/scripts/v_next/train_v_next_mlp.py:133: PerformanceWarning: DataFrame is highly fragmented.  This is usually the result of calling `frame.insert` many times, which has poor performance.  Consider joining all columns at once using pd.concat(axis=1) instead. To get a de-fragmented frame, use `newframe = frame.copy()`
  out[f"feat_{i}"] = df[f"f{i}"]
/home/lilith/work/zen/zensim/scripts/v_next/train_v_next_mlp.py:133: PerformanceWarning: DataFrame is highly fragmented.  This is usually the result of calling `frame.insert` many times, which has poor performance.  Consider joining all columns at once using pd.concat(axis=1) instead. To get a de-fragmented frame, use `newframe = frame.copy()`
  out[f"feat_{i}"] = df[f"f{i}"]
/home/lilith/work/zen/zensim/scripts/v_next/train_v_next_mlp.py:133: PerformanceWarning: DataFrame is highly fragmented.  This is usually the result of calling `frame.insert` many times, which has poor performance.  Consider joining all columns at once using pd.concat(axis=1) instead. To get a de-fragmented frame, use `newframe = frame.copy()`
  out[f"feat_{i}"] = df[f"f{i}"]
/home/lilith/work/zen/zensim/scripts/v_next/train_v_next_mlp.py:133: PerformanceWarning: DataFrame is highly fragmented.  This is usually the result of calling `frame.insert` many times, which has poor performance.  Consider joining all columns at once using pd.concat(axis=1) instead. To get a de-fragmented frame, use `newframe = frame.copy()`
  out[f"feat_{i}"] = df[f"f{i}"]
/home/lilith/work/zen/zensim/scripts/v_next/train_v_next_mlp.py:133: PerformanceWarning: DataFrame is highly fragmented.  This is usually the result of calling `frame.insert` many times, which has poor performance.  Consider joining all columns at once using pd.concat(axis=1) instead. To get a de-fragmented frame, use `newframe = frame.copy()`
  out[f"feat_{i}"] = df[f"f{i}"]
/home/lilith/work/zen/zensim/scripts/v_next/train_v_next_mlp.py:133: PerformanceWarning: DataFrame is highly fragmented.  This is usually the result of calling `frame.insert` many times, which has poor performance.  Consider joining all columns at once using pd.concat(axis=1) instead. To get a de-fragmented frame, use `newframe = frame.copy()`
  out[f"feat_{i}"] = df[f"f{i}"]
/home/lilith/work/zen/zensim/scripts/v_next/train_v_next_mlp.py:133: PerformanceWarning: DataFrame is highly fragmented.  This is usually the result of calling `frame.insert` many times, which has poor performance.  Consider joining all columns at once using pd.concat(axis=1) instead. To get a de-fragmented frame, use `newframe = frame.copy()`
  out[f"feat_{i}"] = df[f"f{i}"]
/home/lilith/work/zen/zensim/scripts/v_next/train_v_next_mlp.py:133: PerformanceWarning: DataFrame is highly fragmented.  This is usually the result of calling `frame.insert` many times, which has poor performance.  Consider joining all columns at once using pd.concat(axis=1) instead. To get a de-fragmented frame, use `newframe = frame.copy()`
  out[f"feat_{i}"] = df[f"f{i}"]
/home/lilith/work/zen/zensim/scripts/v_next/train_v_next_mlp.py:133: PerformanceWarning: DataFrame is highly fragmented.  This is usually the result of calling `frame.insert` many times, which has poor performance.  Consider joining all columns at once using pd.concat(axis=1) instead. To get a de-fragmented frame, use `newframe = frame.copy()`
  out[f"feat_{i}"] = df[f"f{i}"]
/home/lilith/work/zen/zensim/scripts/v_next/train_v_next_mlp.py:133: PerformanceWarning: DataFrame is highly fragmented.  This is usually the result of calling `frame.insert` many times, which has poor performance.  Consider joining all columns at once using pd.concat(axis=1) instead. To get a de-fragmented frame, use `newframe = frame.copy()`
  out[f"feat_{i}"] = df[f"f{i}"]
/home/lilith/work/zen/zensim/scripts/v_next/train_v_next_mlp.py:133: PerformanceWarning: DataFrame is highly fragmented.  This is usually the result of calling `frame.insert` many times, which has poor performance.  Consider joining all columns at once using pd.concat(axis=1) instead. To get a de-fragmented frame, use `newframe = frame.copy()`
  out[f"feat_{i}"] = df[f"f{i}"]
/home/lilith/work/zen/zensim/scripts/v_next/train_v_next_mlp.py:133: PerformanceWarning: DataFrame is highly fragmented.  This is usually the result of calling `frame.insert` many times, which has poor performance.  Consider joining all columns at once using pd.concat(axis=1) instead. To get a de-fragmented frame, use `newframe = frame.copy()`
  out[f"feat_{i}"] = df[f"f{i}"]
/home/lilith/work/zen/zensim/scripts/v_next/train_v_next_mlp.py:133: PerformanceWarning: DataFrame is highly fragmented.  This is usually the result of calling `frame.insert` many times, which has poor performance.  Consider joining all columns at once using pd.concat(axis=1) instead. To get a de-fragmented frame, use `newframe = frame.copy()`
  out[f"feat_{i}"] = df[f"f{i}"]
/home/lilith/work/zen/zensim/scripts/v_next/train_v_next_mlp.py:133: PerformanceWarning: DataFrame is highly fragmented.  This is usually the result of calling `frame.insert` many times, which has poor performance.  Consider joining all columns at once using pd.concat(axis=1) instead. To get a de-fragmented frame, use `newframe = frame.copy()`
  out[f"feat_{i}"] = df[f"f{i}"]
/home/lilith/work/zen/zensim/scripts/v_next/train_v_next_mlp.py:133: PerformanceWarning: DataFrame is highly fragmented.  This is usually the result of calling `frame.insert` many times, which has poor performance.  Consider joining all columns at once using pd.concat(axis=1) instead. To get a de-fragmented frame, use `newframe = frame.copy()`
  out[f"feat_{i}"] = df[f"f{i}"]
/home/lilith/work/zen/zensim/scripts/v_next/train_v_next_mlp.py:133: PerformanceWarning: DataFrame is highly fragmented.  This is usually the result of calling `frame.insert` many times, which has poor performance.  Consider joining all columns at once using pd.concat(axis=1) instead. To get a de-fragmented frame, use `newframe = frame.copy()`
  out[f"feat_{i}"] = df[f"f{i}"]
/home/lilith/work/zen/zensim/scripts/v_next/train_v_next_mlp.py:133: PerformanceWarning: DataFrame is highly fragmented.  This is usually the result of calling `frame.insert` many times, which has poor performance.  Consider joining all columns at once using pd.concat(axis=1) instead. To get a de-fragmented frame, use `newframe = frame.copy()`
  out[f"feat_{i}"] = df[f"f{i}"]
/home/lilith/work/zen/zensim/scripts/v_next/train_v_next_mlp.py:133: PerformanceWarning: DataFrame is highly fragmented.  This is usually the result of calling `frame.insert` many times, which has poor performance.  Consider joining all columns at once using pd.concat(axis=1) instead. To get a de-fragmented frame, use `newframe = frame.copy()`
  out[f"feat_{i}"] = df[f"f{i}"]
/home/lilith/work/zen/zensim/scripts/v_next/train_v_next_mlp.py:133: PerformanceWarning: DataFrame is highly fragmented.  This is usually the result of calling `frame.insert` many times, which has poor performance.  Consider joining all columns at once using pd.concat(axis=1) instead. To get a de-fragmented frame, use `newframe = frame.copy()`
  out[f"feat_{i}"] = df[f"f{i}"]
/home/lilith/work/zen/zensim/scripts/v_next/train_v_next_mlp.py:133: PerformanceWarning: DataFrame is highly fragmented.  This is usually the result of calling `frame.insert` many times, which has poor performance.  Consider joining all columns at once using pd.concat(axis=1) instead. To get a de-fragmented frame, use `newframe = frame.copy()`
  out[f"feat_{i}"] = df[f"f{i}"]
/home/lilith/work/zen/zensim/scripts/v_next/train_v_next_mlp.py:133: PerformanceWarning: DataFrame is highly fragmented.  This is usually the result of calling `frame.insert` many times, which has poor performance.  Consider joining all columns at once using pd.concat(axis=1) instead. To get a de-fragmented frame, use `newframe = frame.copy()`
  out[f"feat_{i}"] = df[f"f{i}"]
/home/lilith/work/zen/zensim/scripts/v_next/train_v_next_mlp.py:133: PerformanceWarning: DataFrame is highly fragmented.  This is usually the result of calling `frame.insert` many times, which has poor performance.  Consider joining all columns at once using pd.concat(axis=1) instead. To get a de-fragmented frame, use `newframe = frame.copy()`
  out[f"feat_{i}"] = df[f"f{i}"]
/home/lilith/work/zen/zensim/scripts/v_next/train_v_next_mlp.py:133: PerformanceWarning: DataFrame is highly fragmented.  This is usually the result of calling `frame.insert` many times, which has poor performance.  Consider joining all columns at once using pd.concat(axis=1) instead. To get a de-fragmented frame, use `newframe = frame.copy()`
  out[f"feat_{i}"] = df[f"f{i}"]
/home/lilith/work/zen/zensim/scripts/v_next/train_v_next_mlp.py:149: PerformanceWarning: DataFrame is highly fragmented.  This is usually the result of calling `frame.insert` many times, which has poor performance.  Consider joining all columns at once using pd.concat(axis=1) instead. To get a de-fragmented frame, use `newframe = frame.copy()`
  out["is_val_only"] = out["image_basename"].isin(val_refs)
/home/lilith/work/zen/zensim/scripts/v_next/train_v_next_mlp.py:150: PerformanceWarning: DataFrame is highly fragmented.  This is usually the result of calling `frame.insert` many times, which has poor performance.  Consider joining all columns at once using pd.concat(axis=1) instead. To get a de-fragmented frame, use `newframe = frame.copy()`
  out["train_weight"] = np.where(out["is_val_only"], 0.0, train_weight)
/home/lilith/work/zen/zensim/scripts/v_next/train_v_next_mlp.py:151: PerformanceWarning: DataFrame is highly fragmented.  This is usually the result of calling `frame.insert` many times, which has poor performance.  Consider joining all columns at once using pd.concat(axis=1) instead. To get a de-fragmented frame, use `newframe = frame.copy()`
  out["dataset"] = dataset_name
/home/lilith/work/zen/zensim/scripts/v_next/train_v_next_mlp.py:152: PerformanceWarning: DataFrame is highly fragmented.  This is usually the result of calling `frame.insert` many times, which has poor performance.  Consider joining all columns at once using pd.concat(axis=1) instead. To get a de-fragmented frame, use `newframe = frame.copy()`
  out["target_human"] = score_100  # explicit copy for V0_6 ranknet groups
  3,000 rows, 25 unique refs (val=6 val_only refs); train_w=0.3, loaded in 0.2s
Loading konjnd konjnd_anchor_features_2026-05-10.csv...
/home/lilith/work/zen/zensim/scripts/v_next/train_v_next_mlp.py:133: PerformanceWarning: DataFrame is highly fragmented.  This is usually the result of calling `frame.insert` many times, which has poor performance.  Consider joining all columns at once using pd.concat(axis=1) instead. To get a de-fragmented frame, use `newframe = frame.copy()`
  out[f"feat_{i}"] = df[f"f{i}"]
/home/lilith/work/zen/zensim/scripts/v_next/train_v_next_mlp.py:133: PerformanceWarning: DataFrame is highly fragmented.  This is usually the result of calling `frame.insert` many times, which has poor performance.  Consider joining all columns at once using pd.concat(axis=1) instead. To get a de-fragmented frame, use `newframe = frame.copy()`
  out[f"feat_{i}"] = df[f"f{i}"]
/home/lilith/work/zen/zensim/scripts/v_next/train_v_next_mlp.py:133: PerformanceWarning: DataFrame is highly fragmented.  This is usually the result of calling `frame.insert` many times, which has poor performance.  Consider joining all columns at once using pd.concat(axis=1) instead. To get a de-fragmented frame, use `newframe = frame.copy()`
  out[f"feat_{i}"] = df[f"f{i}"]
/home/lilith/work/zen/zensim/scripts/v_next/train_v_next_mlp.py:133: PerformanceWarning: DataFrame is highly fragmented.  This is usually the result of calling `frame.insert` many times, which has poor performance.  Consider joining all columns at once using pd.concat(axis=1) instead. To get a de-fragmented frame, use `newframe = frame.copy()`
  out[f"feat_{i}"] = df[f"f{i}"]
/home/lilith/work/zen/zensim/scripts/v_next/train_v_next_mlp.py:133: PerformanceWarning: DataFrame is highly fragmented.  This is usually the result of calling `frame.insert` many times, which has poor performance.  Consider joining all columns at once using pd.concat(axis=1) instead. To get a de-fragmented frame, use `newframe = frame.copy()`
  out[f"feat_{i}"] = df[f"f{i}"]
/home/lilith/work/zen/zensim/scripts/v_next/train_v_next_mlp.py:133: PerformanceWarning: DataFrame is highly fragmented.  This is usually the result of calling `frame.insert` many times, which has poor performance.  Consider joining all columns at once using pd.concat(axis=1) instead. To get a de-fragmented frame, use `newframe = frame.copy()`
  out[f"feat_{i}"] = df[f"f{i}"]
/home/lilith/work/zen/zensim/scripts/v_next/train_v_next_mlp.py:133: PerformanceWarning: DataFrame is highly fragmented.  This is usually the result of calling `frame.insert` many times, which has poor performance.  Consider joining all columns at once using pd.concat(axis=1) instead. To get a de-fragmented frame, use `newframe = frame.copy()`
  out[f"feat_{i}"] = df[f"f{i}"]
/home/lilith/work/zen/zensim/scripts/v_next/train_v_next_mlp.py:133: PerformanceWarning: DataFrame is highly fragmented.  This is usually the result of calling `frame.insert` many times, which has poor performance.  Consider joining all columns at once using pd.concat(axis=1) instead. To get a de-fragmented frame, use `newframe = frame.copy()`
  out[f"feat_{i}"] = df[f"f{i}"]
/home/lilith/work/zen/zensim/scripts/v_next/train_v_next_mlp.py:133: PerformanceWarning: DataFrame is highly fragmented.  This is usually the result of calling `frame.insert` many times, which has poor performance.  Consider joining all columns at once using pd.concat(axis=1) instead. To get a de-fragmented frame, use `newframe = frame.copy()`
  out[f"feat_{i}"] = df[f"f{i}"]
/home/lilith/work/zen/zensim/scripts/v_next/train_v_next_mlp.py:133: PerformanceWarning: DataFrame is highly fragmented.  This is usually the result of calling `frame.insert` many times, which has poor performance.  Consider joining all columns at once using pd.concat(axis=1) instead. To get a de-fragmented frame, use `newframe = frame.copy()`
  out[f"feat_{i}"] = df[f"f{i}"]
/home/lilith/work/zen/zensim/scripts/v_next/train_v_next_mlp.py:133: PerformanceWarning: DataFrame is highly fragmented.  This is usually the result of calling `frame.insert` many times, which has poor performance.  Consider joining all columns at once using pd.concat(axis=1) instead. To get a de-fragmented frame, use `newframe = frame.copy()`
  out[f"feat_{i}"] = df[f"f{i}"]
/home/lilith/work/zen/zensim/scripts/v_next/train_v_next_mlp.py:133: PerformanceWarning: DataFrame is highly fragmented.  This is usually the result of calling `frame.insert` many times, which has poor performance.  Consider joining all columns at once using pd.concat(axis=1) instead. To get a de-fragmented frame, use `newframe = frame.copy()`
  out[f"feat_{i}"] = df[f"f{i}"]
/home/lilith/work/zen/zensim/scripts/v_next/train_v_next_mlp.py:133: PerformanceWarning: DataFrame is highly fragmented.  This is usually the result of calling `frame.insert` many times, which has poor performance.  Consider joining all columns at once using pd.concat(axis=1) instead. To get a de-fragmented frame, use `newframe = frame.copy()`
  out[f"feat_{i}"] = df[f"f{i}"]
/home/lilith/work/zen/zensim/scripts/v_next/train_v_next_mlp.py:133: PerformanceWarning: DataFrame is highly fragmented.  This is usually the result of calling `frame.insert` many times, which has poor performance.  Consider joining all columns at once using pd.concat(axis=1) instead. To get a de-fragmented frame, use `newframe = frame.copy()`
  out[f"feat_{i}"] = df[f"f{i}"]
/home/lilith/work/zen/zensim/scripts/v_next/train_v_next_mlp.py:133: PerformanceWarning: DataFrame is highly fragmented.  This is usually the result of calling `frame.insert` many times, which has poor performance.  Consider joining all columns at once using pd.concat(axis=1) instead. To get a de-fragmented frame, use `newframe = frame.copy()`
  out[f"feat_{i}"] = df[f"f{i}"]
/home/lilith/work/zen/zensim/scripts/v_next/train_v_next_mlp.py:133: PerformanceWarning: DataFrame is highly fragmented.  This is usually the result of calling `frame.insert` many times, which has poor performance.  Consider joining all columns at once using pd.concat(axis=1) instead. To get a de-fragmented frame, use `newframe = frame.copy()`
  out[f"feat_{i}"] = df[f"f{i}"]
/home/lilith/work/zen/zensim/scripts/v_next/train_v_next_mlp.py:133: PerformanceWarning: DataFrame is highly fragmented.  This is usually the result of calling `frame.insert` many times, which has poor performance.  Consider joining all columns at once using pd.concat(axis=1) instead. To get a de-fragmented frame, use `newframe = frame.copy()`
  out[f"feat_{i}"] = df[f"f{i}"]
/home/lilith/work/zen/zensim/scripts/v_next/train_v_next_mlp.py:133: PerformanceWarning: DataFrame is highly fragmented.  This is usually the result of calling `frame.insert` many times, which has poor performance.  Consider joining all columns at once using pd.concat(axis=1) instead. To get a de-fragmented frame, use `newframe = frame.copy()`
  out[f"feat_{i}"] = df[f"f{i}"]
/home/lilith/work/zen/zensim/scripts/v_next/train_v_next_mlp.py:133: PerformanceWarning: DataFrame is highly fragmented.  This is usually the result of calling `frame.insert` many times, which has poor performance.  Consider joining all columns at once using pd.concat(axis=1) instead. To get a de-fragmented frame, use `newframe = frame.copy()`
  out[f"feat_{i}"] = df[f"f{i}"]
/home/lilith/work/zen/zensim/scripts/v_next/train_v_next_mlp.py:133: PerformanceWarning: DataFrame is highly fragmented.  This is usually the result of calling `frame.insert` many times, which has poor performance.  Consider joining all columns at once using pd.concat(axis=1) instead. To get a de-fragmented frame, use `newframe = frame.copy()`
  out[f"feat_{i}"] = df[f"f{i}"]
/home/lilith/work/zen/zensim/scripts/v_next/train_v_next_mlp.py:133: PerformanceWarning: DataFrame is highly fragmented.  This is usually the result of calling `frame.insert` many times, which has poor performance.  Consider joining all columns at once using pd.concat(axis=1) instead. To get a de-fragmented frame, use `newframe = frame.copy()`
  out[f"feat_{i}"] = df[f"f{i}"]
/home/lilith/work/zen/zensim/scripts/v_next/train_v_next_mlp.py:133: PerformanceWarning: DataFrame is highly fragmented.  This is usually the result of calling `frame.insert` many times, which has poor performance.  Consider joining all columns at once using pd.concat(axis=1) instead. To get a de-fragmented frame, use `newframe = frame.copy()`
  out[f"feat_{i}"] = df[f"f{i}"]
/home/lilith/work/zen/zensim/scripts/v_next/train_v_next_mlp.py:133: PerformanceWarning: DataFrame is highly fragmented.  This is usually the result of calling `frame.insert` many times, which has poor performance.  Consider joining all columns at once using pd.concat(axis=1) instead. To get a de-fragmented frame, use `newframe = frame.copy()`
  out[f"feat_{i}"] = df[f"f{i}"]
/home/lilith/work/zen/zensim/scripts/v_next/train_v_next_mlp.py:133: PerformanceWarning: DataFrame is highly fragmented.  This is usually the result of calling `frame.insert` many times, which has poor performance.  Consider joining all columns at once using pd.concat(axis=1) instead. To get a de-fragmented frame, use `newframe = frame.copy()`
  out[f"feat_{i}"] = df[f"f{i}"]
/home/lilith/work/zen/zensim/scripts/v_next/train_v_next_mlp.py:133: PerformanceWarning: DataFrame is highly fragmented.  This is usually the result of calling `frame.insert` many times, which has poor performance.  Consider joining all columns at once using pd.concat(axis=1) instead. To get a de-fragmented frame, use `newframe = frame.copy()`
  out[f"feat_{i}"] = df[f"f{i}"]
/home/lilith/work/zen/zensim/scripts/v_next/train_v_next_mlp.py:133: PerformanceWarning: DataFrame is highly fragmented.  This is usually the result of calling `frame.insert` many times, which has poor performance.  Consider joining all columns at once using pd.concat(axis=1) instead. To get a de-fragmented frame, use `newframe = frame.copy()`
  out[f"feat_{i}"] = df[f"f{i}"]
/home/lilith/work/zen/zensim/scripts/v_next/train_v_next_mlp.py:133: PerformanceWarning: DataFrame is highly fragmented.  This is usually the result of calling `frame.insert` many times, which has poor performance.  Consider joining all columns at once using pd.concat(axis=1) instead. To get a de-fragmented frame, use `newframe = frame.copy()`
  out[f"feat_{i}"] = df[f"f{i}"]
/home/lilith/work/zen/zensim/scripts/v_next/train_v_next_mlp.py:133: PerformanceWarning: DataFrame is highly fragmented.  This is usually the result of calling `frame.insert` many times, which has poor performance.  Consider joining all columns at once using pd.concat(axis=1) instead. To get a de-fragmented frame, use `newframe = frame.copy()`
  out[f"feat_{i}"] = df[f"f{i}"]
/home/lilith/work/zen/zensim/scripts/v_next/train_v_next_mlp.py:133: PerformanceWarning: DataFrame is highly fragmented.  This is usually the result of calling `frame.insert` many times, which has poor performance.  Consider joining all columns at once using pd.concat(axis=1) instead. To get a de-fragmented frame, use `newframe = frame.copy()`
  out[f"feat_{i}"] = df[f"f{i}"]
/home/lilith/work/zen/zensim/scripts/v_next/train_v_next_mlp.py:133: PerformanceWarning: DataFrame is highly fragmented.  This is usually the result of calling `frame.insert` many times, which has poor performance.  Consider joining all columns at once using pd.concat(axis=1) instead. To get a de-fragmented frame, use `newframe = frame.copy()`
  out[f"feat_{i}"] = df[f"f{i}"]
/home/lilith/work/zen/zensim/scripts/v_next/train_v_next_mlp.py:133: PerformanceWarning: DataFrame is highly fragmented.  This is usually the result of calling `frame.insert` many times, which has poor performance.  Consider joining all columns at once using pd.concat(axis=1) instead. To get a de-fragmented frame, use `newframe = frame.copy()`
  out[f"feat_{i}"] = df[f"f{i}"]
/home/lilith/work/zen/zensim/scripts/v_next/train_v_next_mlp.py:133: PerformanceWarning: DataFrame is highly fragmented.  This is usually the result of calling `frame.insert` many times, which has poor performance.  Consider joining all columns at once using pd.concat(axis=1) instead. To get a de-fragmented frame, use `newframe = frame.copy()`
  out[f"feat_{i}"] = df[f"f{i}"]
/home/lilith/work/zen/zensim/scripts/v_next/train_v_next_mlp.py:133: PerformanceWarning: DataFrame is highly fragmented.  This is usually the result of calling `frame.insert` many times, which has poor performance.  Consider joining all columns at once using pd.concat(axis=1) instead. To get a de-fragmented frame, use `newframe = frame.copy()`
  out[f"feat_{i}"] = df[f"f{i}"]
/home/lilith/work/zen/zensim/scripts/v_next/train_v_next_mlp.py:133: PerformanceWarning: DataFrame is highly fragmented.  This is usually the result of calling `frame.insert` many times, which has poor performance.  Consider joining all columns at once using pd.concat(axis=1) instead. To get a de-fragmented frame, use `newframe = frame.copy()`
  out[f"feat_{i}"] = df[f"f{i}"]
/home/lilith/work/zen/zensim/scripts/v_next/train_v_next_mlp.py:133: PerformanceWarning: DataFrame is highly fragmented.  This is usually the result of calling `frame.insert` many times, which has poor performance.  Consider joining all columns at once using pd.concat(axis=1) instead. To get a de-fragmented frame, use `newframe = frame.copy()`
  out[f"feat_{i}"] = df[f"f{i}"]
/home/lilith/work/zen/zensim/scripts/v_next/train_v_next_mlp.py:133: PerformanceWarning: DataFrame is highly fragmented.  This is usually the result of calling `frame.insert` many times, which has poor performance.  Consider joining all columns at once using pd.concat(axis=1) instead. To get a de-fragmented frame, use `newframe = frame.copy()`
  out[f"feat_{i}"] = df[f"f{i}"]
/home/lilith/work/zen/zensim/scripts/v_next/train_v_next_mlp.py:133: PerformanceWarning: DataFrame is highly fragmented.  This is usually the result of calling `frame.insert` many times, which has poor performance.  Consider joining all columns at once using pd.concat(axis=1) instead. To get a de-fragmented frame, use `newframe = frame.copy()`
  out[f"feat_{i}"] = df[f"f{i}"]
/home/lilith/work/zen/zensim/scripts/v_next/train_v_next_mlp.py:133: PerformanceWarning: DataFrame is highly fragmented.  This is usually the result of calling `frame.insert` many times, which has poor performance.  Consider joining all columns at once using pd.concat(axis=1) instead. To get a de-fragmented frame, use `newframe = frame.copy()`
  out[f"feat_{i}"] = df[f"f{i}"]
/home/lilith/work/zen/zensim/scripts/v_next/train_v_next_mlp.py:133: PerformanceWarning: DataFrame is highly fragmented.  This is usually the result of calling `frame.insert` many times, which has poor performance.  Consider joining all columns at once using pd.concat(axis=1) instead. To get a de-fragmented frame, use `newframe = frame.copy()`
  out[f"feat_{i}"] = df[f"f{i}"]
/home/lilith/work/zen/zensim/scripts/v_next/train_v_next_mlp.py:133: PerformanceWarning: DataFrame is highly fragmented.  This is usually the result of calling `frame.insert` many times, which has poor performance.  Consider joining all columns at once using pd.concat(axis=1) instead. To get a de-fragmented frame, use `newframe = frame.copy()`
  out[f"feat_{i}"] = df[f"f{i}"]
/home/lilith/work/zen/zensim/scripts/v_next/train_v_next_mlp.py:133: PerformanceWarning: DataFrame is highly fragmented.  This is usually the result of calling `frame.insert` many times, which has poor performance.  Consider joining all columns at once using pd.concat(axis=1) instead. To get a de-fragmented frame, use `newframe = frame.copy()`
  out[f"feat_{i}"] = df[f"f{i}"]
/home/lilith/work/zen/zensim/scripts/v_next/train_v_next_mlp.py:133: PerformanceWarning: DataFrame is highly fragmented.  This is usually the result of calling `frame.insert` many times, which has poor performance.  Consider joining all columns at once using pd.concat(axis=1) instead. To get a de-fragmented frame, use `newframe = frame.copy()`
  out[f"feat_{i}"] = df[f"f{i}"]
/home/lilith/work/zen/zensim/scripts/v_next/train_v_next_mlp.py:133: PerformanceWarning: DataFrame is highly fragmented.  This is usually the result of calling `frame.insert` many times, which has poor performance.  Consider joining all columns at once using pd.concat(axis=1) instead. To get a de-fragmented frame, use `newframe = frame.copy()`
  out[f"feat_{i}"] = df[f"f{i}"]
/home/lilith/work/zen/zensim/scripts/v_next/train_v_next_mlp.py:133: PerformanceWarning: DataFrame is highly fragmented.  This is usually the result of calling `frame.insert` many times, which has poor performance.  Consider joining all columns at once using pd.concat(axis=1) instead. To get a de-fragmented frame, use `newframe = frame.copy()`
  out[f"feat_{i}"] = df[f"f{i}"]
/home/lilith/work/zen/zensim/scripts/v_next/train_v_next_mlp.py:133: PerformanceWarning: DataFrame is highly fragmented.  This is usually the result of calling `frame.insert` many times, which has poor performance.  Consider joining all columns at once using pd.concat(axis=1) instead. To get a de-fragmented frame, use `newframe = frame.copy()`
  out[f"feat_{i}"] = df[f"f{i}"]
/home/lilith/work/zen/zensim/scripts/v_next/train_v_next_mlp.py:133: PerformanceWarning: DataFrame is highly fragmented.  This is usually the result of calling `frame.insert` many times, which has poor performance.  Consider joining all columns at once using pd.concat(axis=1) instead. To get a de-fragmented frame, use `newframe = frame.copy()`
  out[f"feat_{i}"] = df[f"f{i}"]
/home/lilith/work/zen/zensim/scripts/v_next/train_v_next_mlp.py:133: PerformanceWarning: DataFrame is highly fragmented.  This is usually the result of calling `frame.insert` many times, which has poor performance.  Consider joining all columns at once using pd.concat(axis=1) instead. To get a de-fragmented frame, use `newframe = frame.copy()`
  out[f"feat_{i}"] = df[f"f{i}"]
/home/lilith/work/zen/zensim/scripts/v_next/train_v_next_mlp.py:133: PerformanceWarning: DataFrame is highly fragmented.  This is usually the result of calling `frame.insert` many times, which has poor performance.  Consider joining all columns at once using pd.concat(axis=1) instead. To get a de-fragmented frame, use `newframe = frame.copy()`
  out[f"feat_{i}"] = df[f"f{i}"]
/home/lilith/work/zen/zensim/scripts/v_next/train_v_next_mlp.py:133: PerformanceWarning: DataFrame is highly fragmented.  This is usually the result of calling `frame.insert` many times, which has poor performance.  Consider joining all columns at once using pd.concat(axis=1) instead. To get a de-fragmented frame, use `newframe = frame.copy()`
  out[f"feat_{i}"] = df[f"f{i}"]
/home/lilith/work/zen/zensim/scripts/v_next/train_v_next_mlp.py:133: PerformanceWarning: DataFrame is highly fragmented.  This is usually the result of calling `frame.insert` many times, which has poor performance.  Consider joining all columns at once using pd.concat(axis=1) instead. To get a de-fragmented frame, use `newframe = frame.copy()`
  out[f"feat_{i}"] = df[f"f{i}"]
/home/lilith/work/zen/zensim/scripts/v_next/train_v_next_mlp.py:133: PerformanceWarning: DataFrame is highly fragmented.  This is usually the result of calling `frame.insert` many times, which has poor performance.  Consider joining all columns at once using pd.concat(axis=1) instead. To get a de-fragmented frame, use `newframe = frame.copy()`
  out[f"feat_{i}"] = df[f"f{i}"]
/home/lilith/work/zen/zensim/scripts/v_next/train_v_next_mlp.py:133: PerformanceWarning: DataFrame is highly fragmented.  This is usually the result of calling `frame.insert` many times, which has poor performance.  Consider joining all columns at once using pd.concat(axis=1) instead. To get a de-fragmented frame, use `newframe = frame.copy()`
  out[f"feat_{i}"] = df[f"f{i}"]
/home/lilith/work/zen/zensim/scripts/v_next/train_v_next_mlp.py:133: PerformanceWarning: DataFrame is highly fragmented.  This is usually the result of calling `frame.insert` many times, which has poor performance.  Consider joining all columns at once using pd.concat(axis=1) instead. To get a de-fragmented frame, use `newframe = frame.copy()`
  out[f"feat_{i}"] = df[f"f{i}"]
/home/lilith/work/zen/zensim/scripts/v_next/train_v_next_mlp.py:133: PerformanceWarning: DataFrame is highly fragmented.  This is usually the result of calling `frame.insert` many times, which has poor performance.  Consider joining all columns at once using pd.concat(axis=1) instead. To get a de-fragmented frame, use `newframe = frame.copy()`
  out[f"feat_{i}"] = df[f"f{i}"]
/home/lilith/work/zen/zensim/scripts/v_next/train_v_next_mlp.py:133: PerformanceWarning: DataFrame is highly fragmented.  This is usually the result of calling `frame.insert` many times, which has poor performance.  Consider joining all columns at once using pd.concat(axis=1) instead. To get a de-fragmented frame, use `newframe = frame.copy()`
  out[f"feat_{i}"] = df[f"f{i}"]
/home/lilith/work/zen/zensim/scripts/v_next/train_v_next_mlp.py:133: PerformanceWarning: DataFrame is highly fragmented.  This is usually the result of calling `frame.insert` many times, which has poor performance.  Consider joining all columns at once using pd.concat(axis=1) instead. To get a de-fragmented frame, use `newframe = frame.copy()`
  out[f"feat_{i}"] = df[f"f{i}"]
/home/lilith/work/zen/zensim/scripts/v_next/train_v_next_mlp.py:133: PerformanceWarning: DataFrame is highly fragmented.  This is usually the result of calling `frame.insert` many times, which has poor performance.  Consider joining all columns at once using pd.concat(axis=1) instead. To get a de-fragmented frame, use `newframe = frame.copy()`
  out[f"feat_{i}"] = df[f"f{i}"]
/home/lilith/work/zen/zensim/scripts/v_next/train_v_next_mlp.py:133: PerformanceWarning: DataFrame is highly fragmented.  This is usually the result of calling `frame.insert` many times, which has poor performance.  Consider joining all columns at once using pd.concat(axis=1) instead. To get a de-fragmented frame, use `newframe = frame.copy()`
  out[f"feat_{i}"] = df[f"f{i}"]
/home/lilith/work/zen/zensim/scripts/v_next/train_v_next_mlp.py:133: PerformanceWarning: DataFrame is highly fragmented.  This is usually the result of calling `frame.insert` many times, which has poor performance.  Consider joining all columns at once using pd.concat(axis=1) instead. To get a de-fragmented frame, use `newframe = frame.copy()`
  out[f"feat_{i}"] = df[f"f{i}"]
/home/lilith/work/zen/zensim/scripts/v_next/train_v_next_mlp.py:133: PerformanceWarning: DataFrame is highly fragmented.  This is usually the result of calling `frame.insert` many times, which has poor performance.  Consider joining all columns at once using pd.concat(axis=1) instead. To get a de-fragmented frame, use `newframe = frame.copy()`
  out[f"feat_{i}"] = df[f"f{i}"]
/home/lilith/work/zen/zensim/scripts/v_next/train_v_next_mlp.py:133: PerformanceWarning: DataFrame is highly fragmented.  This is usually the result of calling `frame.insert` many times, which has poor performance.  Consider joining all columns at once using pd.concat(axis=1) instead. To get a de-fragmented frame, use `newframe = frame.copy()`
  out[f"feat_{i}"] = df[f"f{i}"]
/home/lilith/work/zen/zensim/scripts/v_next/train_v_next_mlp.py:133: PerformanceWarning: DataFrame is highly fragmented.  This is usually the result of calling `frame.insert` many times, which has poor performance.  Consider joining all columns at once using pd.concat(axis=1) instead. To get a de-fragmented frame, use `newframe = frame.copy()`
  out[f"feat_{i}"] = df[f"f{i}"]
/home/lilith/work/zen/zensim/scripts/v_next/train_v_next_mlp.py:133: PerformanceWarning: DataFrame is highly fragmented.  This is usually the result of calling `frame.insert` many times, which has poor performance.  Consider joining all columns at once using pd.concat(axis=1) instead. To get a de-fragmented frame, use `newframe = frame.copy()`
  out[f"feat_{i}"] = df[f"f{i}"]
/home/lilith/work/zen/zensim/scripts/v_next/train_v_next_mlp.py:133: PerformanceWarning: DataFrame is highly fragmented.  This is usually the result of calling `frame.insert` many times, which has poor performance.  Consider joining all columns at once using pd.concat(axis=1) instead. To get a de-fragmented frame, use `newframe = frame.copy()`
  out[f"feat_{i}"] = df[f"f{i}"]
/home/lilith/work/zen/zensim/scripts/v_next/train_v_next_mlp.py:133: PerformanceWarning: DataFrame is highly fragmented.  This is usually the result of calling `frame.insert` many times, which has poor performance.  Consider joining all columns at once using pd.concat(axis=1) instead. To get a de-fragmented frame, use `newframe = frame.copy()`
  out[f"feat_{i}"] = df[f"f{i}"]
/home/lilith/work/zen/zensim/scripts/v_next/train_v_next_mlp.py:133: PerformanceWarning: DataFrame is highly fragmented.  This is usually the result of calling `frame.insert` many times, which has poor performance.  Consider joining all columns at once using pd.concat(axis=1) instead. To get a de-fragmented frame, use `newframe = frame.copy()`
  out[f"feat_{i}"] = df[f"f{i}"]
/home/lilith/work/zen/zensim/scripts/v_next/train_v_next_mlp.py:133: PerformanceWarning: DataFrame is highly fragmented.  This is usually the result of calling `frame.insert` many times, which has poor performance.  Consider joining all columns at once using pd.concat(axis=1) instead. To get a de-fragmented frame, use `newframe = frame.copy()`
  out[f"feat_{i}"] = df[f"f{i}"]
/home/lilith/work/zen/zensim/scripts/v_next/train_v_next_mlp.py:133: PerformanceWarning: DataFrame is highly fragmented.  This is usually the result of calling `frame.insert` many times, which has poor performance.  Consider joining all columns at once using pd.concat(axis=1) instead. To get a de-fragmented frame, use `newframe = frame.copy()`
  out[f"feat_{i}"] = df[f"f{i}"]
/home/lilith/work/zen/zensim/scripts/v_next/train_v_next_mlp.py:133: PerformanceWarning: DataFrame is highly fragmented.  This is usually the result of calling `frame.insert` many times, which has poor performance.  Consider joining all columns at once using pd.concat(axis=1) instead. To get a de-fragmented frame, use `newframe = frame.copy()`
  out[f"feat_{i}"] = df[f"f{i}"]
/home/lilith/work/zen/zensim/scripts/v_next/train_v_next_mlp.py:133: PerformanceWarning: DataFrame is highly fragmented.  This is usually the result of calling `frame.insert` many times, which has poor performance.  Consider joining all columns at once using pd.concat(axis=1) instead. To get a de-fragmented frame, use `newframe = frame.copy()`
  out[f"feat_{i}"] = df[f"f{i}"]
/home/lilith/work/zen/zensim/scripts/v_next/train_v_next_mlp.py:133: PerformanceWarning: DataFrame is highly fragmented.  This is usually the result of calling `frame.insert` many times, which has poor performance.  Consider joining all columns at once using pd.concat(axis=1) instead. To get a de-fragmented frame, use `newframe = frame.copy()`
  out[f"feat_{i}"] = df[f"f{i}"]
/home/lilith/work/zen/zensim/scripts/v_next/train_v_next_mlp.py:133: PerformanceWarning: DataFrame is highly fragmented.  This is usually the result of calling `frame.insert` many times, which has poor performance.  Consider joining all columns at once using pd.concat(axis=1) instead. To get a de-fragmented frame, use `newframe = frame.copy()`
  out[f"feat_{i}"] = df[f"f{i}"]
/home/lilith/work/zen/zensim/scripts/v_next/train_v_next_mlp.py:133: PerformanceWarning: DataFrame is highly fragmented.  This is usually the result of calling `frame.insert` many times, which has poor performance.  Consider joining all columns at once using pd.concat(axis=1) instead. To get a de-fragmented frame, use `newframe = frame.copy()`
  out[f"feat_{i}"] = df[f"f{i}"]
/home/lilith/work/zen/zensim/scripts/v_next/train_v_next_mlp.py:133: PerformanceWarning: DataFrame is highly fragmented.  This is usually the result of calling `frame.insert` many times, which has poor performance.  Consider joining all columns at once using pd.concat(axis=1) instead. To get a de-fragmented frame, use `newframe = frame.copy()`
  out[f"feat_{i}"] = df[f"f{i}"]
/home/lilith/work/zen/zensim/scripts/v_next/train_v_next_mlp.py:133: PerformanceWarning: DataFrame is highly fragmented.  This is usually the result of calling `frame.insert` many times, which has poor performance.  Consider joining all columns at once using pd.concat(axis=1) instead. To get a de-fragmented frame, use `newframe = frame.copy()`
  out[f"feat_{i}"] = df[f"f{i}"]
/home/lilith/work/zen/zensim/scripts/v_next/train_v_next_mlp.py:133: PerformanceWarning: DataFrame is highly fragmented.  This is usually the result of calling `frame.insert` many times, which has poor performance.  Consider joining all columns at once using pd.concat(axis=1) instead. To get a de-fragmented frame, use `newframe = frame.copy()`
  out[f"feat_{i}"] = df[f"f{i}"]
/home/lilith/work/zen/zensim/scripts/v_next/train_v_next_mlp.py:133: PerformanceWarning: DataFrame is highly fragmented.  This is usually the result of calling `frame.insert` many times, which has poor performance.  Consider joining all columns at once using pd.concat(axis=1) instead. To get a de-fragmented frame, use `newframe = frame.copy()`
  out[f"feat_{i}"] = df[f"f{i}"]
/home/lilith/work/zen/zensim/scripts/v_next/train_v_next_mlp.py:133: PerformanceWarning: DataFrame is highly fragmented.  This is usually the result of calling `frame.insert` many times, which has poor performance.  Consider joining all columns at once using pd.concat(axis=1) instead. To get a de-fragmented frame, use `newframe = frame.copy()`
  out[f"feat_{i}"] = df[f"f{i}"]
/home/lilith/work/zen/zensim/scripts/v_next/train_v_next_mlp.py:133: PerformanceWarning: DataFrame is highly fragmented.  This is usually the result of calling `frame.insert` many times, which has poor performance.  Consider joining all columns at once using pd.concat(axis=1) instead. To get a de-fragmented frame, use `newframe = frame.copy()`
  out[f"feat_{i}"] = df[f"f{i}"]
/home/lilith/work/zen/zensim/scripts/v_next/train_v_next_mlp.py:133: PerformanceWarning: DataFrame is highly fragmented.  This is usually the result of calling `frame.insert` many times, which has poor performance.  Consider joining all columns at once using pd.concat(axis=1) instead. To get a de-fragmented frame, use `newframe = frame.copy()`
  out[f"feat_{i}"] = df[f"f{i}"]
/home/lilith/work/zen/zensim/scripts/v_next/train_v_next_mlp.py:133: PerformanceWarning: DataFrame is highly fragmented.  This is usually the result of calling `frame.insert` many times, which has poor performance.  Consider joining all columns at once using pd.concat(axis=1) instead. To get a de-fragmented frame, use `newframe = frame.copy()`
  out[f"feat_{i}"] = df[f"f{i}"]
/home/lilith/work/zen/zensim/scripts/v_next/train_v_next_mlp.py:133: PerformanceWarning: DataFrame is highly fragmented.  This is usually the result of calling `frame.insert` many times, which has poor performance.  Consider joining all columns at once using pd.concat(axis=1) instead. To get a de-fragmented frame, use `newframe = frame.copy()`
  out[f"feat_{i}"] = df[f"f{i}"]
/home/lilith/work/zen/zensim/scripts/v_next/train_v_next_mlp.py:133: PerformanceWarning: DataFrame is highly fragmented.  This is usually the result of calling `frame.insert` many times, which has poor performance.  Consider joining all columns at once using pd.concat(axis=1) instead. To get a de-fragmented frame, use `newframe = frame.copy()`
  out[f"feat_{i}"] = df[f"f{i}"]
/home/lilith/work/zen/zensim/scripts/v_next/train_v_next_mlp.py:133: PerformanceWarning: DataFrame is highly fragmented.  This is usually the result of calling `frame.insert` many times, which has poor performance.  Consider joining all columns at once using pd.concat(axis=1) instead. To get a de-fragmented frame, use `newframe = frame.copy()`
  out[f"feat_{i}"] = df[f"f{i}"]
/home/lilith/work/zen/zensim/scripts/v_next/train_v_next_mlp.py:133: PerformanceWarning: DataFrame is highly fragmented.  This is usually the result of calling `frame.insert` many times, which has poor performance.  Consider joining all columns at once using pd.concat(axis=1) instead. To get a de-fragmented frame, use `newframe = frame.copy()`
  out[f"feat_{i}"] = df[f"f{i}"]
/home/lilith/work/zen/zensim/scripts/v_next/train_v_next_mlp.py:133: PerformanceWarning: DataFrame is highly fragmented.  This is usually the result of calling `frame.insert` many times, which has poor performance.  Consider joining all columns at once using pd.concat(axis=1) instead. To get a de-fragmented frame, use `newframe = frame.copy()`
  out[f"feat_{i}"] = df[f"f{i}"]
/home/lilith/work/zen/zensim/scripts/v_next/train_v_next_mlp.py:133: PerformanceWarning: DataFrame is highly fragmented.  This is usually the result of calling `frame.insert` many times, which has poor performance.  Consider joining all columns at once using pd.concat(axis=1) instead. To get a de-fragmented frame, use `newframe = frame.copy()`
  out[f"feat_{i}"] = df[f"f{i}"]
/home/lilith/work/zen/zensim/scripts/v_next/train_v_next_mlp.py:133: PerformanceWarning: DataFrame is highly fragmented.  This is usually the result of calling `frame.insert` many times, which has poor performance.  Consider joining all columns at once using pd.concat(axis=1) instead. To get a de-fragmented frame, use `newframe = frame.copy()`
  out[f"feat_{i}"] = df[f"f{i}"]
/home/lilith/work/zen/zensim/scripts/v_next/train_v_next_mlp.py:133: PerformanceWarning: DataFrame is highly fragmented.  This is usually the result of calling `frame.insert` many times, which has poor performance.  Consider joining all columns at once using pd.concat(axis=1) instead. To get a de-fragmented frame, use `newframe = frame.copy()`
  out[f"feat_{i}"] = df[f"f{i}"]
/home/lilith/work/zen/zensim/scripts/v_next/train_v_next_mlp.py:133: PerformanceWarning: DataFrame is highly fragmented.  This is usually the result of calling `frame.insert` many times, which has poor performance.  Consider joining all columns at once using pd.concat(axis=1) instead. To get a de-fragmented frame, use `newframe = frame.copy()`
  out[f"feat_{i}"] = df[f"f{i}"]
/home/lilith/work/zen/zensim/scripts/v_next/train_v_next_mlp.py:133: PerformanceWarning: DataFrame is highly fragmented.  This is usually the result of calling `frame.insert` many times, which has poor performance.  Consider joining all columns at once using pd.concat(axis=1) instead. To get a de-fragmented frame, use `newframe = frame.copy()`
  out[f"feat_{i}"] = df[f"f{i}"]
/home/lilith/work/zen/zensim/scripts/v_next/train_v_next_mlp.py:133: PerformanceWarning: DataFrame is highly fragmented.  This is usually the result of calling `frame.insert` many times, which has poor performance.  Consider joining all columns at once using pd.concat(axis=1) instead. To get a de-fragmented frame, use `newframe = frame.copy()`
  out[f"feat_{i}"] = df[f"f{i}"]
/home/lilith/work/zen/zensim/scripts/v_next/train_v_next_mlp.py:133: PerformanceWarning: DataFrame is highly fragmented.  This is usually the result of calling `frame.insert` many times, which has poor performance.  Consider joining all columns at once using pd.concat(axis=1) instead. To get a de-fragmented frame, use `newframe = frame.copy()`
  out[f"feat_{i}"] = df[f"f{i}"]
/home/lilith/work/zen/zensim/scripts/v_next/train_v_next_mlp.py:133: PerformanceWarning: DataFrame is highly fragmented.  This is usually the result of calling `frame.insert` many times, which has poor performance.  Consider joining all columns at once using pd.concat(axis=1) instead. To get a de-fragmented frame, use `newframe = frame.copy()`
  out[f"feat_{i}"] = df[f"f{i}"]
/home/lilith/work/zen/zensim/scripts/v_next/train_v_next_mlp.py:133: PerformanceWarning: DataFrame is highly fragmented.  This is usually the result of calling `frame.insert` many times, which has poor performance.  Consider joining all columns at once using pd.concat(axis=1) instead. To get a de-fragmented frame, use `newframe = frame.copy()`
  out[f"feat_{i}"] = df[f"f{i}"]
/home/lilith/work/zen/zensim/scripts/v_next/train_v_next_mlp.py:133: PerformanceWarning: DataFrame is highly fragmented.  This is usually the result of calling `frame.insert` many times, which has poor performance.  Consider joining all columns at once using pd.concat(axis=1) instead. To get a de-fragmented frame, use `newframe = frame.copy()`
  out[f"feat_{i}"] = df[f"f{i}"]
/home/lilith/work/zen/zensim/scripts/v_next/train_v_next_mlp.py:133: PerformanceWarning: DataFrame is highly fragmented.  This is usually the result of calling `frame.insert` many times, which has poor performance.  Consider joining all columns at once using pd.concat(axis=1) instead. To get a de-fragmented frame, use `newframe = frame.copy()`
  out[f"feat_{i}"] = df[f"f{i}"]
/home/lilith/work/zen/zensim/scripts/v_next/train_v_next_mlp.py:133: PerformanceWarning: DataFrame is highly fragmented.  This is usually the result of calling `frame.insert` many times, which has poor performance.  Consider joining all columns at once using pd.concat(axis=1) instead. To get a de-fragmented frame, use `newframe = frame.copy()`
  out[f"feat_{i}"] = df[f"f{i}"]
/home/lilith/work/zen/zensim/scripts/v_next/train_v_next_mlp.py:133: PerformanceWarning: DataFrame is highly fragmented.  This is usually the result of calling `frame.insert` many times, which has poor performance.  Consider joining all columns at once using pd.concat(axis=1) instead. To get a de-fragmented frame, use `newframe = frame.copy()`
  out[f"feat_{i}"] = df[f"f{i}"]
/home/lilith/work/zen/zensim/scripts/v_next/train_v_next_mlp.py:133: PerformanceWarning: DataFrame is highly fragmented.  This is usually the result of calling `frame.insert` many times, which has poor performance.  Consider joining all columns at once using pd.concat(axis=1) instead. To get a de-fragmented frame, use `newframe = frame.copy()`
  out[f"feat_{i}"] = df[f"f{i}"]
/home/lilith/work/zen/zensim/scripts/v_next/train_v_next_mlp.py:133: PerformanceWarning: DataFrame is highly fragmented.  This is usually the result of calling `frame.insert` many times, which has poor performance.  Consider joining all columns at once using pd.concat(axis=1) instead. To get a de-fragmented frame, use `newframe = frame.copy()`
  out[f"feat_{i}"] = df[f"f{i}"]
/home/lilith/work/zen/zensim/scripts/v_next/train_v_next_mlp.py:133: PerformanceWarning: DataFrame is highly fragmented.  This is usually the result of calling `frame.insert` many times, which has poor performance.  Consider joining all columns at once using pd.concat(axis=1) instead. To get a de-fragmented frame, use `newframe = frame.copy()`
  out[f"feat_{i}"] = df[f"f{i}"]
/home/lilith/work/zen/zensim/scripts/v_next/train_v_next_mlp.py:133: PerformanceWarning: DataFrame is highly fragmented.  This is usually the result of calling `frame.insert` many times, which has poor performance.  Consider joining all columns at once using pd.concat(axis=1) instead. To get a de-fragmented frame, use `newframe = frame.copy()`
  out[f"feat_{i}"] = df[f"f{i}"]
/home/lilith/work/zen/zensim/scripts/v_next/train_v_next_mlp.py:133: PerformanceWarning: DataFrame is highly fragmented.  This is usually the result of calling `frame.insert` many times, which has poor performance.  Consider joining all columns at once using pd.concat(axis=1) instead. To get a de-fragmented frame, use `newframe = frame.copy()`
  out[f"feat_{i}"] = df[f"f{i}"]
/home/lilith/work/zen/zensim/scripts/v_next/train_v_next_mlp.py:133: PerformanceWarning: DataFrame is highly fragmented.  This is usually the result of calling `frame.insert` many times, which has poor performance.  Consider joining all columns at once using pd.concat(axis=1) instead. To get a de-fragmented frame, use `newframe = frame.copy()`
  out[f"feat_{i}"] = df[f"f{i}"]
/home/lilith/work/zen/zensim/scripts/v_next/train_v_next_mlp.py:133: PerformanceWarning: DataFrame is highly fragmented.  This is usually the result of calling `frame.insert` many times, which has poor performance.  Consider joining all columns at once using pd.concat(axis=1) instead. To get a de-fragmented frame, use `newframe = frame.copy()`
  out[f"feat_{i}"] = df[f"f{i}"]
/home/lilith/work/zen/zensim/scripts/v_next/train_v_next_mlp.py:133: PerformanceWarning: DataFrame is highly fragmented.  This is usually the result of calling `frame.insert` many times, which has poor performance.  Consider joining all columns at once using pd.concat(axis=1) instead. To get a de-fragmented frame, use `newframe = frame.copy()`
  out[f"feat_{i}"] = df[f"f{i}"]
/home/lilith/work/zen/zensim/scripts/v_next/train_v_next_mlp.py:133: PerformanceWarning: DataFrame is highly fragmented.  This is usually the result of calling `frame.insert` many times, which has poor performance.  Consider joining all columns at once using pd.concat(axis=1) instead. To get a de-fragmented frame, use `newframe = frame.copy()`
  out[f"feat_{i}"] = df[f"f{i}"]
/home/lilith/work/zen/zensim/scripts/v_next/train_v_next_mlp.py:133: PerformanceWarning: DataFrame is highly fragmented.  This is usually the result of calling `frame.insert` many times, which has poor performance.  Consider joining all columns at once using pd.concat(axis=1) instead. To get a de-fragmented frame, use `newframe = frame.copy()`
  out[f"feat_{i}"] = df[f"f{i}"]
/home/lilith/work/zen/zensim/scripts/v_next/train_v_next_mlp.py:133: PerformanceWarning: DataFrame is highly fragmented.  This is usually the result of calling `frame.insert` many times, which has poor performance.  Consider joining all columns at once using pd.concat(axis=1) instead. To get a de-fragmented frame, use `newframe = frame.copy()`
  out[f"feat_{i}"] = df[f"f{i}"]
/home/lilith/work/zen/zensim/scripts/v_next/train_v_next_mlp.py:133: PerformanceWarning: DataFrame is highly fragmented.  This is usually the result of calling `frame.insert` many times, which has poor performance.  Consider joining all columns at once using pd.concat(axis=1) instead. To get a de-fragmented frame, use `newframe = frame.copy()`
  out[f"feat_{i}"] = df[f"f{i}"]
/home/lilith/work/zen/zensim/scripts/v_next/train_v_next_mlp.py:133: PerformanceWarning: DataFrame is highly fragmented.  This is usually the result of calling `frame.insert` many times, which has poor performance.  Consider joining all columns at once using pd.concat(axis=1) instead. To get a de-fragmented frame, use `newframe = frame.copy()`
  out[f"feat_{i}"] = df[f"f{i}"]
/home/lilith/work/zen/zensim/scripts/v_next/train_v_next_mlp.py:133: PerformanceWarning: DataFrame is highly fragmented.  This is usually the result of calling `frame.insert` many times, which has poor performance.  Consider joining all columns at once using pd.concat(axis=1) instead. To get a de-fragmented frame, use `newframe = frame.copy()`
  out[f"feat_{i}"] = df[f"f{i}"]
/home/lilith/work/zen/zensim/scripts/v_next/train_v_next_mlp.py:133: PerformanceWarning: DataFrame is highly fragmented.  This is usually the result of calling `frame.insert` many times, which has poor performance.  Consider joining all columns at once using pd.concat(axis=1) instead. To get a de-fragmented frame, use `newframe = frame.copy()`
  out[f"feat_{i}"] = df[f"f{i}"]
/home/lilith/work/zen/zensim/scripts/v_next/train_v_next_mlp.py:133: PerformanceWarning: DataFrame is highly fragmented.  This is usually the result of calling `frame.insert` many times, which has poor performance.  Consider joining all columns at once using pd.concat(axis=1) instead. To get a de-fragmented frame, use `newframe = frame.copy()`
  out[f"feat_{i}"] = df[f"f{i}"]
/home/lilith/work/zen/zensim/scripts/v_next/train_v_next_mlp.py:133: PerformanceWarning: DataFrame is highly fragmented.  This is usually the result of calling `frame.insert` many times, which has poor performance.  Consider joining all columns at once using pd.concat(axis=1) instead. To get a de-fragmented frame, use `newframe = frame.copy()`
  out[f"feat_{i}"] = df[f"f{i}"]
/home/lilith/work/zen/zensim/scripts/v_next/train_v_next_mlp.py:133: PerformanceWarning: DataFrame is highly fragmented.  This is usually the result of calling `frame.insert` many times, which has poor performance.  Consider joining all columns at once using pd.concat(axis=1) instead. To get a de-fragmented frame, use `newframe = frame.copy()`
  out[f"feat_{i}"] = df[f"f{i}"]
/home/lilith/work/zen/zensim/scripts/v_next/train_v_next_mlp.py:133: PerformanceWarning: DataFrame is highly fragmented.  This is usually the result of calling `frame.insert` many times, which has poor performance.  Consider joining all columns at once using pd.concat(axis=1) instead. To get a de-fragmented frame, use `newframe = frame.copy()`
  out[f"feat_{i}"] = df[f"f{i}"]
/home/lilith/work/zen/zensim/scripts/v_next/train_v_next_mlp.py:133: PerformanceWarning: DataFrame is highly fragmented.  This is usually the result of calling `frame.insert` many times, which has poor performance.  Consider joining all columns at once using pd.concat(axis=1) instead. To get a de-fragmented frame, use `newframe = frame.copy()`
  out[f"feat_{i}"] = df[f"f{i}"]
/home/lilith/work/zen/zensim/scripts/v_next/train_v_next_mlp.py:133: PerformanceWarning: DataFrame is highly fragmented.  This is usually the result of calling `frame.insert` many times, which has poor performance.  Consider joining all columns at once using pd.concat(axis=1) instead. To get a de-fragmented frame, use `newframe = frame.copy()`
  out[f"feat_{i}"] = df[f"f{i}"]
/home/lilith/work/zen/zensim/scripts/v_next/train_v_next_mlp.py:133: PerformanceWarning: DataFrame is highly fragmented.  This is usually the result of calling `frame.insert` many times, which has poor performance.  Consider joining all columns at once using pd.concat(axis=1) instead. To get a de-fragmented frame, use `newframe = frame.copy()`
  out[f"feat_{i}"] = df[f"f{i}"]
/home/lilith/work/zen/zensim/scripts/v_next/train_v_next_mlp.py:133: PerformanceWarning: DataFrame is highly fragmented.  This is usually the result of calling `frame.insert` many times, which has poor performance.  Consider joining all columns at once using pd.concat(axis=1) instead. To get a de-fragmented frame, use `newframe = frame.copy()`
  out[f"feat_{i}"] = df[f"f{i}"]
/home/lilith/work/zen/zensim/scripts/v_next/train_v_next_mlp.py:133: PerformanceWarning: DataFrame is highly fragmented.  This is usually the result of calling `frame.insert` many times, which has poor performance.  Consider joining all columns at once using pd.concat(axis=1) instead. To get a de-fragmented frame, use `newframe = frame.copy()`
  out[f"feat_{i}"] = df[f"f{i}"]
/home/lilith/work/zen/zensim/scripts/v_next/train_v_next_mlp.py:133: PerformanceWarning: DataFrame is highly fragmented.  This is usually the result of calling `frame.insert` many times, which has poor performance.  Consider joining all columns at once using pd.concat(axis=1) instead. To get a de-fragmented frame, use `newframe = frame.copy()`
  out[f"feat_{i}"] = df[f"f{i}"]
/home/lilith/work/zen/zensim/scripts/v_next/train_v_next_mlp.py:133: PerformanceWarning: DataFrame is highly fragmented.  This is usually the result of calling `frame.insert` many times, which has poor performance.  Consider joining all columns at once using pd.concat(axis=1) instead. To get a de-fragmented frame, use `newframe = frame.copy()`
  out[f"feat_{i}"] = df[f"f{i}"]
/home/lilith/work/zen/zensim/scripts/v_next/train_v_next_mlp.py:133: PerformanceWarning: DataFrame is highly fragmented.  This is usually the result of calling `frame.insert` many times, which has poor performance.  Consider joining all columns at once using pd.concat(axis=1) instead. To get a de-fragmented frame, use `newframe = frame.copy()`
  out[f"feat_{i}"] = df[f"f{i}"]
/home/lilith/work/zen/zensim/scripts/v_next/train_v_next_mlp.py:133: PerformanceWarning: DataFrame is highly fragmented.  This is usually the result of calling `frame.insert` many times, which has poor performance.  Consider joining all columns at once using pd.concat(axis=1) instead. To get a de-fragmented frame, use `newframe = frame.copy()`
  out[f"feat_{i}"] = df[f"f{i}"]
/home/lilith/work/zen/zensim/scripts/v_next/train_v_next_mlp.py:133: PerformanceWarning: DataFrame is highly fragmented.  This is usually the result of calling `frame.insert` many times, which has poor performance.  Consider joining all columns at once using pd.concat(axis=1) instead. To get a de-fragmented frame, use `newframe = frame.copy()`
  out[f"feat_{i}"] = df[f"f{i}"]
/home/lilith/work/zen/zensim/scripts/v_next/train_v_next_mlp.py:133: PerformanceWarning: DataFrame is highly fragmented.  This is usually the result of calling `frame.insert` many times, which has poor performance.  Consider joining all columns at once using pd.concat(axis=1) instead. To get a de-fragmented frame, use `newframe = frame.copy()`
  out[f"feat_{i}"] = df[f"f{i}"]
/home/lilith/work/zen/zensim/scripts/v_next/train_v_next_mlp.py:133: PerformanceWarning: DataFrame is highly fragmented.  This is usually the result of calling `frame.insert` many times, which has poor performance.  Consider joining all columns at once using pd.concat(axis=1) instead. To get a de-fragmented frame, use `newframe = frame.copy()`
  out[f"feat_{i}"] = df[f"f{i}"]
/home/lilith/work/zen/zensim/scripts/v_next/train_v_next_mlp.py:133: PerformanceWarning: DataFrame is highly fragmented.  This is usually the result of calling `frame.insert` many times, which has poor performance.  Consider joining all columns at once using pd.concat(axis=1) instead. To get a de-fragmented frame, use `newframe = frame.copy()`
  out[f"feat_{i}"] = df[f"f{i}"]
/home/lilith/work/zen/zensim/scripts/v_next/train_v_next_mlp.py:133: PerformanceWarning: DataFrame is highly fragmented.  This is usually the result of calling `frame.insert` many times, which has poor performance.  Consider joining all columns at once using pd.concat(axis=1) instead. To get a de-fragmented frame, use `newframe = frame.copy()`
  out[f"feat_{i}"] = df[f"f{i}"]
/home/lilith/work/zen/zensim/scripts/v_next/train_v_next_mlp.py:133: PerformanceWarning: DataFrame is highly fragmented.  This is usually the result of calling `frame.insert` many times, which has poor performance.  Consider joining all columns at once using pd.concat(axis=1) instead. To get a de-fragmented frame, use `newframe = frame.copy()`
  out[f"feat_{i}"] = df[f"f{i}"]
/home/lilith/work/zen/zensim/scripts/v_next/train_v_next_mlp.py:133: PerformanceWarning: DataFrame is highly fragmented.  This is usually the result of calling `frame.insert` many times, which has poor performance.  Consider joining all columns at once using pd.concat(axis=1) instead. To get a de-fragmented frame, use `newframe = frame.copy()`
  out[f"feat_{i}"] = df[f"f{i}"]
/home/lilith/work/zen/zensim/scripts/v_next/train_v_next_mlp.py:133: PerformanceWarning: DataFrame is highly fragmented.  This is usually the result of calling `frame.insert` many times, which has poor performance.  Consider joining all columns at once using pd.concat(axis=1) instead. To get a de-fragmented frame, use `newframe = frame.copy()`
  out[f"feat_{i}"] = df[f"f{i}"]
/home/lilith/work/zen/zensim/scripts/v_next/train_v_next_mlp.py:133: PerformanceWarning: DataFrame is highly fragmented.  This is usually the result of calling `frame.insert` many times, which has poor performance.  Consider joining all columns at once using pd.concat(axis=1) instead. To get a de-fragmented frame, use `newframe = frame.copy()`
  out[f"feat_{i}"] = df[f"f{i}"]
/home/lilith/work/zen/zensim/scripts/v_next/train_v_next_mlp.py:133: PerformanceWarning: DataFrame is highly fragmented.  This is usually the result of calling `frame.insert` many times, which has poor performance.  Consider joining all columns at once using pd.concat(axis=1) instead. To get a de-fragmented frame, use `newframe = frame.copy()`
  out[f"feat_{i}"] = df[f"f{i}"]
/home/lilith/work/zen/zensim/scripts/v_next/train_v_next_mlp.py:133: PerformanceWarning: DataFrame is highly fragmented.  This is usually the result of calling `frame.insert` many times, which has poor performance.  Consider joining all columns at once using pd.concat(axis=1) instead. To get a de-fragmented frame, use `newframe = frame.copy()`
  out[f"feat_{i}"] = df[f"f{i}"]
/home/lilith/work/zen/zensim/scripts/v_next/train_v_next_mlp.py:133: PerformanceWarning: DataFrame is highly fragmented.  This is usually the result of calling `frame.insert` many times, which has poor performance.  Consider joining all columns at once using pd.concat(axis=1) instead. To get a de-fragmented frame, use `newframe = frame.copy()`
  out[f"feat_{i}"] = df[f"f{i}"]
/home/lilith/work/zen/zensim/scripts/v_next/train_v_next_mlp.py:149: PerformanceWarning: DataFrame is highly fragmented.  This is usually the result of calling `frame.insert` many times, which has poor performance.  Consider joining all columns at once using pd.concat(axis=1) instead. To get a de-fragmented frame, use `newframe = frame.copy()`
  out["is_val_only"] = out["image_basename"].isin(val_refs)
/home/lilith/work/zen/zensim/scripts/v_next/train_v_next_mlp.py:150: PerformanceWarning: DataFrame is highly fragmented.  This is usually the result of calling `frame.insert` many times, which has poor performance.  Consider joining all columns at once using pd.concat(axis=1) instead. To get a de-fragmented frame, use `newframe = frame.copy()`
  out["train_weight"] = np.where(out["is_val_only"], 0.0, train_weight)
/home/lilith/work/zen/zensim/scripts/v_next/train_v_next_mlp.py:151: PerformanceWarning: DataFrame is highly fragmented.  This is usually the result of calling `frame.insert` many times, which has poor performance.  Consider joining all columns at once using pd.concat(axis=1) instead. To get a de-fragmented frame, use `newframe = frame.copy()`
  out["dataset"] = dataset_name
/home/lilith/work/zen/zensim/scripts/v_next/train_v_next_mlp.py:152: PerformanceWarning: DataFrame is highly fragmented.  This is usually the result of calling `frame.insert` many times, which has poor performance.  Consider joining all columns at once using pd.concat(axis=1) instead. To get a de-fragmented frame, use `newframe = frame.copy()`
  out["target_human"] = score_100  # explicit copy for V0_6 ranknet groups
  1,008 rows, 1008 unique refs (val=0 val_only refs); train_w=3.0, loaded in 0.1s
After human-MOS splice: 2,299,266 synthetic + 232,222 human = 2,531,488 total rows
Split: train=2,027,851 (80.1%) val=243,334 (9.6%) test=260,303 (10.3%)
Using 228 feature columns: feat_0..feat_227
Materializing feature matrix (this is the slow part — pandas → numpy on 2M+ rows × 228 cols)...
  done in 4.6s, X shape (2531488, 228)
Encoding RankNet groups (key=image)...
  5,647 unique groups (0.1s)
Config: TrainConfig(target='ssim2', loss='mse_rank', hidden=[192, 128], epochs=300, batch_size=16384, lr=0.003, weight_decay=1e-05, dropout=0.0, rank_weight=0.5, seed=0, tv_weight=10.0, lr_schedule='constant', optimizer='adamw', init='kaiming', val_policy='mean')
Train rows: 1,982,225  Val rows: 294,991  Test rows: 254,272
Standardized features: train mean abs=0.642, std=1.001
Building TV adjacency pairs from training rows...
  1,745,604 adjacent-q pairs (0.7s)
  TV regularizer: 1,745,604 adjacent-q pairs, weight=10.0
/home/lilith/work/zen/zensim/scripts/v_next/train_v_next_mlp.py:315: ConstantInputWarning: An input array is constant; the correlation coefficient is not defined.
  rho, _ = sstats.spearmanr(a, b)
  epoch   0  train_loss=604.0010  val_mse=126.512  val_srocc=0.9308  val_krocc=0.7870  sel=nan  kadid=0.7396  konjnd=nan  safesyn=0.9761  synthetic=0.9167  tid=0.7751
  epoch   1  train_loss=56.4974  val_mse=80.434  val_srocc=0.9453  val_krocc=0.8173  sel=nan  kadid=0.7004  konjnd=nan  safesyn=0.9835  synthetic=0.9368  tid=0.7215
  epoch   2  train_loss=33.5755  val_mse=61.845  val_srocc=0.9548  val_krocc=0.8417  sel=nan  kadid=0.5801  konjnd=nan  safesyn=0.9899  synthetic=0.9483  tid=0.6618
  epoch   3  train_loss=21.9849  val_mse=57.669  val_srocc=0.9593  val_krocc=0.8558  sel=nan  kadid=0.6288  konjnd=nan  safesyn=0.9930  synthetic=0.9522  tid=0.6485
  epoch   4  train_loss=15.4472  val_mse=52.850  val_srocc=0.9616  val_krocc=0.8631  sel=nan  kadid=0.6997  konjnd=nan  safesyn=0.9943  synthetic=0.9537  tid=0.6746
  epoch   5  train_loss=13.7871  val_mse=50.397  val_srocc=0.9636  val_krocc=0.8691  sel=nan  kadid=0.7152  konjnd=nan  safesyn=0.9955  synthetic=0.9557  tid=0.7009
  epoch   6  train_loss=11.2166  val_mse=47.901  val_srocc=0.9644  val_krocc=0.8708  sel=nan  kadid=0.7521  konjnd=nan  safesyn=0.9960  synthetic=0.9557  tid=0.7202
  epoch   7  train_loss=9.1803  val_mse=46.103  val_srocc=0.9668  val_krocc=0.8749  sel=nan  kadid=0.7946  konjnd=nan  safesyn=0.9965  synthetic=0.9580  tid=0.7363
  epoch   8  train_loss=8.3139  val_mse=45.423  val_srocc=0.9671  val_krocc=0.8762  sel=nan  kadid=0.8058  konjnd=nan  safesyn=0.9968  synthetic=0.9579  tid=0.7414
  epoch   9  train_loss=7.6026  val_mse=45.522  val_srocc=0.9677  val_krocc=0.8766  sel=nan  kadid=0.8139  konjnd=nan  safesyn=0.9967  synthetic=0.9582  tid=0.7531
  epoch  10  train_loss=7.2343  val_mse=44.597  val_srocc=0.9681  val_krocc=0.8781  sel=nan  kadid=0.8275  konjnd=nan  safesyn=0.9971  synthetic=0.9584  tid=0.7524
  epoch  11  train_loss=6.6331  val_mse=43.932  val_srocc=0.9693  val_krocc=0.8809  sel=nan  kadid=0.8264  konjnd=nan  safesyn=0.9973  synthetic=0.9600  tid=0.7562
  epoch  12  train_loss=6.2638  val_mse=43.605  val_srocc=0.9689  val_krocc=0.8802  sel=nan  kadid=0.8332  konjnd=nan  safesyn=0.9973  synthetic=0.9593  tid=0.7556
  epoch  13  train_loss=6.4102  val_mse=43.543  val_srocc=0.9695  val_krocc=0.8816  sel=nan  kadid=0.8390  konjnd=nan  safesyn=0.9974  synthetic=0.9600  tid=0.7675
  epoch  14  train_loss=5.6934  val_mse=42.673  val_srocc=0.9701  val_krocc=0.8833  sel=nan  kadid=0.8391  konjnd=nan  safesyn=0.9975  synthetic=0.9606  tid=0.7692
  epoch  15  train_loss=5.8554  val_mse=42.585  val_srocc=0.9690  val_krocc=0.8792  sel=nan  kadid=0.8321  konjnd=nan  safesyn=0.9970  synthetic=0.9593  tid=0.7445
  epoch  16  train_loss=5.6887  val_mse=43.366  val_srocc=0.9701  val_krocc=0.8831  sel=nan  kadid=0.8439  konjnd=nan  safesyn=0.9975  synthetic=0.9604  tid=0.7737
  epoch  17  train_loss=5.4779  val_mse=42.836  val_srocc=0.9707  val_krocc=0.8843  sel=nan  kadid=0.8478  konjnd=nan  safesyn=0.9976  synthetic=0.9612  tid=0.7736
  epoch  18  train_loss=5.1965  val_mse=41.495  val_srocc=0.9712  val_krocc=0.8854  sel=nan  kadid=0.8472  konjnd=nan  safesyn=0.9976  synthetic=0.9620  tid=0.7733
  epoch  19  train_loss=4.7720  val_mse=41.086  val_srocc=0.9710  val_krocc=0.8848  sel=nan  kadid=0.8479  konjnd=nan  safesyn=0.9975  synthetic=0.9617  tid=0.7760
  epoch  20  train_loss=5.0183  val_mse=40.418  val_srocc=0.9712  val_krocc=0.8851  sel=nan  kadid=0.8458  konjnd=nan  safesyn=0.9975  synthetic=0.9619  tid=0.7722
  epoch  21  train_loss=5.0009  val_mse=42.427  val_srocc=0.9709  val_krocc=0.8847  sel=nan  kadid=0.8513  konjnd=nan  safesyn=0.9976  synthetic=0.9611  tid=0.7822
  epoch  22  train_loss=4.9572  val_mse=43.735  val_srocc=0.9709  val_krocc=0.8854  sel=nan  kadid=0.8536  konjnd=nan  safesyn=0.9977  synthetic=0.9612  tid=0.7888
  epoch  23  train_loss=4.5518  val_mse=42.791  val_srocc=0.9721  val_krocc=0.8871  sel=nan  kadid=0.8599  konjnd=nan  safesyn=0.9977  synthetic=0.9630  tid=0.7954
  epoch  24  train_loss=4.2667  val_mse=41.701  val_srocc=0.9716  val_krocc=0.8865  sel=nan  kadid=0.8626  konjnd=nan  safesyn=0.9978  synthetic=0.9620  tid=0.7922
  epoch  25  train_loss=4.3285  val_mse=41.450  val_srocc=0.9717  val_krocc=0.8860  sel=nan  kadid=0.8615  konjnd=nan  safesyn=0.9977  synthetic=0.9621  tid=0.7923
  epoch  26  train_loss=4.3591  val_mse=41.545  val_srocc=0.9717  val_krocc=0.8865  sel=nan  kadid=0.8663  konjnd=nan  safesyn=0.9978  synthetic=0.9621  tid=0.7894
  epoch  27  train_loss=4.0735  val_mse=41.076  val_srocc=0.9721  val_krocc=0.8878  sel=nan  kadid=0.8616  konjnd=nan  safesyn=0.9978  synthetic=0.9626  tid=0.7906
  epoch  28  train_loss=4.1380  val_mse=43.228  val_srocc=0.9716  val_krocc=0.8870  sel=nan  kadid=0.8695  konjnd=nan  safesyn=0.9979  synthetic=0.9618  tid=0.8036
  epoch  29  train_loss=4.1430  val_mse=44.060  val_srocc=0.9719  val_krocc=0.8875  sel=nan  kadid=0.8681  konjnd=nan  safesyn=0.9979  synthetic=0.9622  tid=0.8074
  epoch  30  train_loss=3.9699  val_mse=41.736  val_srocc=0.9714  val_krocc=0.8858  sel=nan  kadid=0.8732  konjnd=nan  safesyn=0.9978  synthetic=0.9614  tid=0.7998
  epoch  31  train_loss=4.0358  val_mse=42.754  val_srocc=0.9719  val_krocc=0.8873  sel=nan  kadid=0.8713  konjnd=nan  safesyn=0.9979  synthetic=0.9621  tid=0.8031
  epoch  32  train_loss=3.7489  val_mse=43.655  val_srocc=0.9718  val_krocc=0.8884  sel=nan  kadid=0.8786  konjnd=nan  safesyn=0.9980  synthetic=0.9619  tid=0.8064
  epoch  33  train_loss=3.8294  val_mse=41.524  val_srocc=0.9722  val_krocc=0.8889  sel=nan  kadid=0.8768  konjnd=nan  safesyn=0.9979  synthetic=0.9625  tid=0.8056
  epoch  34  train_loss=3.9234  val_mse=42.036  val_srocc=0.9719  val_krocc=0.8880  sel=nan  kadid=0.8746  konjnd=nan  safesyn=0.9979  synthetic=0.9619  tid=0.8030
  epoch  35  train_loss=3.5992  val_mse=43.644  val_srocc=0.9721  val_krocc=0.8887  sel=nan  kadid=0.8788  konjnd=nan  safesyn=0.9980  synthetic=0.9622  tid=0.8088
  epoch  36  train_loss=3.6102  val_mse=42.468  val_srocc=0.9722  val_krocc=0.8894  sel=nan  kadid=0.8641  konjnd=nan  safesyn=0.9980  synthetic=0.9624  tid=0.8064
  epoch  37  train_loss=3.6481  val_mse=42.773  val_srocc=0.9722  val_krocc=0.8891  sel=nan  kadid=0.8712  konjnd=nan  safesyn=0.9980  synthetic=0.9624  tid=0.8042
  epoch  38  train_loss=3.5697  val_mse=42.575  val_srocc=0.9712  val_krocc=0.8858  sel=nan  kadid=0.8751  konjnd=nan  safesyn=0.9979  synthetic=0.9608  tid=0.7987
  epoch  39  train_loss=3.4265  val_mse=44.612  val_srocc=0.9710  val_krocc=0.8861  sel=nan  kadid=0.8761  konjnd=nan  safesyn=0.9981  synthetic=0.9604  tid=0.8021
  epoch  40  train_loss=3.4368  val_mse=43.893  val_srocc=0.9723  val_krocc=0.8905  sel=nan  kadid=0.8799  konjnd=nan  safesyn=0.9981  synthetic=0.9623  tid=0.8064
  epoch  41  train_loss=3.6568  val_mse=43.629  val_srocc=0.9701  val_krocc=0.8854  sel=nan  kadid=0.8782  konjnd=nan  safesyn=0.9979  synthetic=0.9590  tid=0.8054
  epoch  42  train_loss=3.2882  val_mse=43.588  val_srocc=0.9721  val_krocc=0.8899  sel=nan  kadid=0.8898  konjnd=nan  safesyn=0.9981  synthetic=0.9621  tid=0.8162
  epoch  43  train_loss=3.2742  val_mse=43.611  val_srocc=0.9721  val_krocc=0.8897  sel=nan  kadid=0.8840  konjnd=nan  safesyn=0.9982  synthetic=0.9619  tid=0.8120
  epoch  44  train_loss=3.2513  val_mse=43.595  val_srocc=0.9716  val_krocc=0.8884  sel=nan  kadid=0.8792  konjnd=nan  safesyn=0.9981  synthetic=0.9612  tid=0.8086
  epoch  45  train_loss=3.2619  val_mse=42.065  val_srocc=0.9724  val_krocc=0.8911  sel=nan  kadid=0.8855  konjnd=nan  safesyn=0.9982  synthetic=0.9624  tid=0.8134
  epoch  46  train_loss=3.1922  val_mse=44.233  val_srocc=0.9722  val_krocc=0.8900  sel=nan  kadid=0.8865  konjnd=nan  safesyn=0.9981  synthetic=0.9620  tid=0.8126
  epoch  47  train_loss=3.4028  val_mse=44.092  val_srocc=0.9714  val_krocc=0.8887  sel=nan  kadid=0.8706  konjnd=nan  safesyn=0.9982  synthetic=0.9610  tid=0.8081
  epoch  48  train_loss=3.3805  val_mse=44.839  val_srocc=0.9711  val_krocc=0.8878  sel=nan  kadid=0.8851  konjnd=nan  safesyn=0.9981  synthetic=0.9607  tid=0.8257
  epoch  49  train_loss=3.0789  val_mse=41.837  val_srocc=0.9726  val_krocc=0.8914  sel=nan  kadid=0.8916  konjnd=nan  safesyn=0.9982  synthetic=0.9626  tid=0.8170
  epoch  50  train_loss=3.0831  val_mse=45.653  val_srocc=0.9714  val_krocc=0.8884  sel=nan  kadid=0.8800  konjnd=nan  safesyn=0.9981  synthetic=0.9609  tid=0.8175
  epoch  51  train_loss=3.3098  val_mse=45.721  val_srocc=0.9709  val_krocc=0.8888  sel=nan  kadid=0.8893  konjnd=nan  safesyn=0.9982  synthetic=0.9602  tid=0.8180
  epoch  52  train_loss=2.9703  val_mse=43.850  val_srocc=0.9720  val_krocc=0.8910  sel=nan  kadid=0.8835  konjnd=nan  safesyn=0.9982  synthetic=0.9617  tid=0.8150
  epoch  53  train_loss=2.9567  val_mse=43.156  val_srocc=0.9716  val_krocc=0.8892  sel=nan  kadid=0.8839  konjnd=nan  safesyn=0.9981  synthetic=0.9611  tid=0.8172
  epoch  54  train_loss=2.9608  val_mse=43.071  val_srocc=0.9719  val_krocc=0.8898  sel=nan  kadid=0.8765  konjnd=nan  safesyn=0.9982  synthetic=0.9615  tid=0.8036
  epoch  55  train_loss=3.3178  val_mse=42.983  val_srocc=0.9721  val_krocc=0.8903  sel=nan  kadid=0.8783  konjnd=nan  safesyn=0.9982  synthetic=0.9618  tid=0.8155
  epoch  56  train_loss=2.9604  val_mse=43.762  val_srocc=0.9724  val_krocc=0.8911  sel=nan  kadid=0.8828  konjnd=nan  safesyn=0.9981  synthetic=0.9622  tid=0.8201
  epoch  57  train_loss=2.8383  val_mse=42.397  val_srocc=0.9724  val_krocc=0.8911  sel=nan  kadid=0.8877  konjnd=nan  safesyn=0.9982  synthetic=0.9622  tid=0.8136
  epoch  58  train_loss=2.8583  val_mse=42.831  val_srocc=0.9721  val_krocc=0.8905  sel=nan  kadid=0.8820  konjnd=nan  safesyn=0.9982  synthetic=0.9616  tid=0.8113
  epoch  59  train_loss=2.9163  val_mse=42.597  val_srocc=0.9721  val_krocc=0.8906  sel=nan  kadid=0.8883  konjnd=nan  safesyn=0.9983  synthetic=0.9617  tid=0.8172
  epoch  60  train_loss=2.7634  val_mse=41.783  val_srocc=0.9726  val_krocc=0.8920  sel=nan  kadid=0.8918  konjnd=nan  safesyn=0.9983  synthetic=0.9624  tid=0.8226
  epoch  61  train_loss=2.9154  val_mse=43.477  val_srocc=0.9715  val_krocc=0.8886  sel=nan  kadid=0.8876  konjnd=nan  safesyn=0.9982  synthetic=0.9609  tid=0.8215
  epoch  62  train_loss=2.8290  val_mse=42.840  val_srocc=0.9723  val_krocc=0.8910  sel=nan  kadid=0.8935  konjnd=nan  safesyn=0.9983  synthetic=0.9619  tid=0.8258
  epoch  63  train_loss=2.7871  val_mse=42.844  val_srocc=0.9717  val_krocc=0.8885  sel=nan  kadid=0.8844  konjnd=nan  safesyn=0.9981  synthetic=0.9611  tid=0.8093
  epoch  64  train_loss=2.7473  val_mse=45.141  val_srocc=0.9715  val_krocc=0.8898  sel=nan  kadid=0.8922  konjnd=nan  safesyn=0.9983  synthetic=0.9608  tid=0.8312
  epoch  65  train_loss=2.8567  val_mse=41.740  val_srocc=0.9722  val_krocc=0.8915  sel=nan  kadid=0.8893  konjnd=nan  safesyn=0.9983  synthetic=0.9617  tid=0.8202
  epoch  66  train_loss=4.1523  val_mse=39.844  val_srocc=0.9724  val_krocc=0.8913  sel=nan  kadid=0.8743  konjnd=nan  safesyn=0.9982  synthetic=0.9625  tid=0.8145
  epoch  67  train_loss=8.7984  val_mse=41.844  val_srocc=0.9705  val_krocc=0.8851  sel=nan  kadid=0.8186  konjnd=nan  safesyn=0.9974  synthetic=0.9606  tid=0.7879
  epoch  68  train_loss=67.4020  val_mse=41.287  val_srocc=0.9711  val_krocc=0.8848  sel=nan  kadid=0.8126  konjnd=nan  safesyn=0.9966  synthetic=0.9620  tid=0.7699
  epoch  69  train_loss=25.6976  val_mse=48.665  val_srocc=0.9690  val_krocc=0.8824  sel=nan  kadid=0.7541  konjnd=nan  safesyn=0.9974  synthetic=0.9605  tid=0.7626
  epoch  70  train_loss=103.1413  val_mse=46.984  val_srocc=0.9650  val_krocc=0.8697  sel=nan  kadid=0.6606  konjnd=nan  safesyn=0.9946  synthetic=0.9588  tid=0.7455
  epoch  71  train_loss=38.1369  val_mse=44.827  val_srocc=0.9665  val_krocc=0.8742  sel=nan  kadid=0.7798  konjnd=nan  safesyn=0.9961  synthetic=0.9584  tid=0.7455
  epoch  72  train_loss=17.3299  val_mse=125.726  val_srocc=0.9611  val_krocc=0.8530  sel=nan  kadid=0.7585  konjnd=nan  safesyn=0.9946  synthetic=0.9529  tid=0.7317
  epoch  73  train_loss=29.8040  val_mse=43.629  val_srocc=0.9672  val_krocc=0.8758  sel=nan  kadid=0.8094  konjnd=nan  safesyn=0.9967  synthetic=0.9583  tid=0.7507
  epoch  74  train_loss=14.2736  val_mse=45.694  val_srocc=0.9668  val_krocc=0.8758  sel=nan  kadid=0.8009  konjnd=nan  safesyn=0.9967  synthetic=0.9571  tid=0.7546
  epoch  75  train_loss=8.2106  val_mse=46.557  val_srocc=0.9670  val_krocc=0.8769  sel=nan  kadid=0.8270  konjnd=nan  safesyn=0.9971  synthetic=0.9568  tid=0.7610
  epoch  76  train_loss=6.6979  val_mse=47.170  val_srocc=0.9671  val_krocc=0.8774  sel=nan  kadid=0.8381  konjnd=nan  safesyn=0.9973  synthetic=0.9565  tid=0.7699
  epoch  77  train_loss=6.0744  val_mse=47.924  val_srocc=0.9672  val_krocc=0.8774  sel=nan  kadid=0.8397  konjnd=nan  safesyn=0.9973  synthetic=0.9563  tid=0.7716
  epoch  78  train_loss=5.5188  val_mse=48.307  val_srocc=0.9676  val_krocc=0.8784  sel=nan  kadid=0.8459  konjnd=nan  safesyn=0.9975  synthetic=0.9566  tid=0.7831
  epoch  79  train_loss=4.9281  val_mse=48.683  val_srocc=0.9683  val_krocc=0.8798  sel=nan  kadid=0.8468  konjnd=nan  safesyn=0.9974  synthetic=0.9575  tid=0.7819
  epoch  80  train_loss=4.7759  val_mse=48.729  val_srocc=0.9685  val_krocc=0.8809  sel=nan  kadid=0.8565  konjnd=nan  safesyn=0.9978  synthetic=0.9576  tid=0.7852
  epoch  81  train_loss=4.7429  val_mse=48.060  val_srocc=0.9691  val_krocc=0.8819  sel=nan  kadid=0.8580  konjnd=nan  safesyn=0.9978  synthetic=0.9584  tid=0.7840
  epoch  82  train_loss=4.5130  val_mse=49.440  val_srocc=0.9689  val_krocc=0.8817  sel=nan  kadid=0.8421  konjnd=nan  safesyn=0.9978  synthetic=0.9582  tid=0.7816
  epoch  83  train_loss=4.7840  val_mse=47.767  val_srocc=0.9692  val_krocc=0.8820  sel=nan  kadid=0.8591  konjnd=nan  safesyn=0.9979  synthetic=0.9585  tid=0.7726
  epoch  84  train_loss=5.2770  val_mse=49.136  val_srocc=0.9693  val_krocc=0.8830  sel=nan  kadid=0.8473  konjnd=nan  safesyn=0.9978  synthetic=0.9586  tid=0.7945
  epoch  85  train_loss=4.7598  val_mse=48.780  val_srocc=0.9687  val_krocc=0.8816  sel=nan  kadid=0.8574  konjnd=nan  safesyn=0.9972  synthetic=0.9579  tid=0.7814
  epoch  86  train_loss=4.1083  val_mse=48.288  val_srocc=0.9700  val_krocc=0.8834  sel=nan  kadid=0.8670  konjnd=nan  safesyn=0.9979  synthetic=0.9595  tid=0.7798
  epoch  87  train_loss=5.2574  val_mse=47.200  val_srocc=0.9693  val_krocc=0.8830  sel=nan  kadid=0.8684  konjnd=nan  safesyn=0.9980  synthetic=0.9582  tid=0.7852
  epoch  88  train_loss=4.7410  val_mse=47.372  val_srocc=0.9698  val_krocc=0.8838  sel=nan  kadid=0.8626  konjnd=nan  safesyn=0.9979  synthetic=0.9591  tid=0.7887
  epoch  89  train_loss=3.6571  val_mse=46.562  val_srocc=0.9692  val_krocc=0.8831  sel=nan  kadid=0.8780  konjnd=nan  safesyn=0.9980  synthetic=0.9579  tid=0.7948
  epoch  90  train_loss=3.5094  val_mse=45.847  val_srocc=0.9699  val_krocc=0.8835  sel=nan  kadid=0.8761  konjnd=nan  safesyn=0.9980  synthetic=0.9590  tid=0.8032
  epoch  91  train_loss=3.5410  val_mse=47.725  val_srocc=0.9693  val_krocc=0.8837  sel=nan  kadid=0.8751  konjnd=nan  safesyn=0.9978  synthetic=0.9581  tid=0.8015
  epoch  92  train_loss=3.4858  val_mse=48.056  val_srocc=0.9695  val_krocc=0.8844  sel=nan  kadid=0.8798  konjnd=nan  safesyn=0.9981  synthetic=0.9582  tid=0.8011
  epoch  93  train_loss=3.4493  val_mse=47.423  val_srocc=0.9690  val_krocc=0.8829  sel=nan  kadid=0.8669  konjnd=nan  safesyn=0.9981  synthetic=0.9576  tid=0.7936
  epoch  94  train_loss=3.4308  val_mse=48.131  val_srocc=0.9692  val_krocc=0.8837  sel=nan  kadid=0.8838  konjnd=nan  safesyn=0.9982  synthetic=0.9577  tid=0.8049
  epoch  95  train_loss=3.4067  val_mse=48.833  val_srocc=0.9691  val_krocc=0.8836  sel=nan  kadid=0.8698  konjnd=nan  safesyn=0.9982  synthetic=0.9577  tid=0.7921
  epoch  96  train_loss=3.5348  val_mse=48.507  val_srocc=0.9692  val_krocc=0.8840  sel=nan  kadid=0.8767  konjnd=nan  safesyn=0.9982  synthetic=0.9577  tid=0.8043
  epoch  97  train_loss=3.1411  val_mse=48.372  val_srocc=0.9694  val_krocc=0.8842  sel=nan  kadid=0.8780  konjnd=nan  safesyn=0.9979  synthetic=0.9581  tid=0.8058
  epoch  98  train_loss=3.1838  val_mse=46.835  val_srocc=0.9700  val_krocc=0.8856  sel=nan  kadid=0.8824  konjnd=nan  safesyn=0.9982  synthetic=0.9587  tid=0.8053
  epoch  99  train_loss=3.3061  val_mse=47.522  val_srocc=0.9692  val_krocc=0.8837  sel=nan  kadid=0.8835  konjnd=nan  safesyn=0.9982  synthetic=0.9575  tid=0.7978
  epoch 100  train_loss=3.1387  val_mse=47.537  val_srocc=0.9693  val_krocc=0.8836  sel=nan  kadid=0.8777  konjnd=nan  safesyn=0.9981  synthetic=0.9577  tid=0.8049
  epoch 101  train_loss=3.1122  val_mse=48.104  val_srocc=0.9693  val_krocc=0.8853  sel=nan  kadid=0.8809  konjnd=nan  safesyn=0.9982  synthetic=0.9576  tid=0.8077
  epoch 102  train_loss=3.1868  val_mse=48.197  val_srocc=0.9700  val_krocc=0.8858  sel=nan  kadid=0.8878  konjnd=nan  safesyn=0.9983  synthetic=0.9585  tid=0.8153
  epoch 103  train_loss=3.3224  val_mse=48.813  val_srocc=0.9692  val_krocc=0.8848  sel=nan  kadid=0.8829  konjnd=nan  safesyn=0.9982  synthetic=0.9575  tid=0.8085
  epoch 104  train_loss=3.3109  val_mse=48.376  val_srocc=0.9696  val_krocc=0.8848  sel=nan  kadid=0.8815  konjnd=nan  safesyn=0.9982  synthetic=0.9581  tid=0.8041
  epoch 105  train_loss=4.0423  val_mse=50.151  val_srocc=0.9691  val_krocc=0.8849  sel=nan  kadid=0.8825  konjnd=nan  safesyn=0.9982  synthetic=0.9573  tid=0.8086
  epoch 106  train_loss=4.0900  val_mse=51.874  val_srocc=0.9689  val_krocc=0.8844  sel=nan  kadid=0.8734  konjnd=nan  safesyn=0.9982  synthetic=0.9573  tid=0.8161
  epoch 107  train_loss=3.0829  val_mse=48.626  val_srocc=0.9699  val_krocc=0.8866  sel=nan  kadid=0.8798  konjnd=nan  safesyn=0.9982  synthetic=0.9585  tid=0.8126
  epoch 108  train_loss=4.6495  val_mse=48.687  val_srocc=0.9694  val_krocc=0.8854  sel=nan  kadid=0.8866  konjnd=nan  safesyn=0.9982  synthetic=0.9576  tid=0.8163
  epoch 109  train_loss=3.3761  val_mse=49.732  val_srocc=0.9694  val_krocc=0.8859  sel=nan  kadid=0.8786  konjnd=nan  safesyn=0.9982  synthetic=0.9577  tid=0.7961
  epoch 110  train_loss=2.7262  val_mse=51.309  val_srocc=0.9690  val_krocc=0.8854  sel=nan  kadid=0.8825  konjnd=nan  safesyn=0.9982  synthetic=0.9571  tid=0.8087
  epoch 111  train_loss=2.9793  val_mse=50.035  val_srocc=0.9695  val_krocc=0.8863  sel=nan  kadid=0.8816  konjnd=nan  safesyn=0.9982  synthetic=0.9578  tid=0.8032
  epoch 112  train_loss=3.1103  val_mse=48.809  val_srocc=0.9691  val_krocc=0.8856  sel=nan  kadid=0.8895  konjnd=nan  safesyn=0.9983  synthetic=0.9571  tid=0.8216
  epoch 113  train_loss=3.2666  val_mse=49.937  val_srocc=0.9688  val_krocc=0.8845  sel=nan  kadid=0.8817  konjnd=nan  safesyn=0.9982  synthetic=0.9569  tid=0.8021
  epoch 114  train_loss=2.9741  val_mse=50.016  val_srocc=0.9693  val_krocc=0.8857  sel=nan  kadid=0.8829  konjnd=nan  safesyn=0.9983  synthetic=0.9574  tid=0.8017
  epoch 115  train_loss=3.1017  val_mse=49.689  val_srocc=0.9691  val_krocc=0.8848  sel=nan  kadid=0.8796  konjnd=nan  safesyn=0.9981  synthetic=0.9572  tid=0.8123
  epoch 116  train_loss=2.7485  val_mse=49.480  val_srocc=0.9693  val_krocc=0.8859  sel=nan  kadid=0.8852  konjnd=nan  safesyn=0.9983  synthetic=0.9576  tid=0.8063
  epoch 117  train_loss=2.5812  val_mse=50.010  val_srocc=0.9696  val_krocc=0.8863  sel=nan  kadid=0.8884  konjnd=nan  safesyn=0.9983  synthetic=0.9579  tid=0.8140
  epoch 118  train_loss=2.5855  val_mse=51.623  val_srocc=0.9688  val_krocc=0.8854  sel=nan  kadid=0.8853  konjnd=nan  safesyn=0.9983  synthetic=0.9567  tid=0.8072
  epoch 119  train_loss=2.5674  val_mse=50.741  val_srocc=0.9691  val_krocc=0.8861  sel=nan  kadid=0.8907  konjnd=nan  safesyn=0.9983  synthetic=0.9571  tid=0.8133
  epoch 120  train_loss=2.6935  val_mse=48.101  val_srocc=0.9698  val_krocc=0.8871  sel=nan  kadid=0.8903  konjnd=nan  safesyn=0.9983  synthetic=0.9580  tid=0.8115
  epoch 121  train_loss=2.4231  val_mse=49.766  val_srocc=0.9695  val_krocc=0.8861  sel=nan  kadid=0.8877  konjnd=nan  safesyn=0.9984  synthetic=0.9578  tid=0.8176
  epoch 122  train_loss=2.5114  val_mse=48.345  val_srocc=0.9697  val_krocc=0.8871  sel=nan  kadid=0.8941  konjnd=nan  safesyn=0.9984  synthetic=0.9578  tid=0.8204
  epoch 123  train_loss=2.4938  val_mse=48.702  val_srocc=0.9697  val_krocc=0.8867  sel=nan  kadid=0.8923  konjnd=nan  safesyn=0.9984  synthetic=0.9578  tid=0.8149
  epoch 124  train_loss=2.4064  val_mse=50.363  val_srocc=0.9695  val_krocc=0.8865  sel=nan  kadid=0.8909  konjnd=nan  safesyn=0.9984  synthetic=0.9576  tid=0.8136
  epoch 125  train_loss=2.6216  val_mse=50.453  val_srocc=0.9694  val_krocc=0.8867  sel=nan  kadid=0.8934  konjnd=nan  safesyn=0.9984  synthetic=0.9576  tid=0.8219
  epoch 126  train_loss=2.3290  val_mse=48.143  val_srocc=0.9698  val_krocc=0.8871  sel=nan  kadid=0.8943  konjnd=nan  safesyn=0.9984  synthetic=0.9579  tid=0.8243
  epoch 127  train_loss=2.3830  val_mse=49.002  val_srocc=0.9697  val_krocc=0.8875  sel=nan  kadid=0.8919  konjnd=nan  safesyn=0.9984  synthetic=0.9579  tid=0.8181
  epoch 128  train_loss=2.5831  val_mse=49.946  val_srocc=0.9695  val_krocc=0.8868  sel=nan  kadid=0.8927  konjnd=nan  safesyn=0.9984  synthetic=0.9576  tid=0.8149
  epoch 129  train_loss=2.5280  val_mse=51.057  val_srocc=0.9691  val_krocc=0.8863  sel=nan  kadid=0.8912  konjnd=nan  safesyn=0.9984  synthetic=0.9569  tid=0.8121
  epoch 130  train_loss=2.6923  val_mse=48.670  val_srocc=0.9698  val_krocc=0.8873  sel=nan  kadid=0.8895  konjnd=nan  safesyn=0.9984  synthetic=0.9579  tid=0.8192
  epoch 131  train_loss=2.6276  val_mse=49.629  val_srocc=0.9693  val_krocc=0.8869  sel=nan  kadid=0.8895  konjnd=nan  safesyn=0.9983  synthetic=0.9573  tid=0.8236
  epoch 132  train_loss=2.6999  val_mse=49.948  val_srocc=0.9696  val_krocc=0.8869  sel=nan  kadid=0.8916  konjnd=nan  safesyn=0.9983  synthetic=0.9577  tid=0.8173
  epoch 133  train_loss=2.4342  val_mse=47.920  val_srocc=0.9699  val_krocc=0.8873  sel=nan  kadid=0.8950  konjnd=nan  safesyn=0.9984  synthetic=0.9581  tid=0.8209
  epoch 134  train_loss=2.8546  val_mse=49.693  val_srocc=0.9695  val_krocc=0.8871  sel=nan  kadid=0.8790  konjnd=nan  safesyn=0.9983  synthetic=0.9580  tid=0.7873
  epoch 135  train_loss=2.7655  val_mse=49.897  val_srocc=0.9691  val_krocc=0.8864  sel=nan  kadid=0.8869  konjnd=nan  safesyn=0.9984  synthetic=0.9570  tid=0.8213
  epoch 136  train_loss=2.4607  val_mse=51.397  val_srocc=0.9699  val_krocc=0.8879  sel=nan  kadid=0.8931  konjnd=nan  safesyn=0.9984  synthetic=0.9581  tid=0.8185
  epoch 137  train_loss=23.6189  val_mse=47.674  val_srocc=0.9692  val_krocc=0.8857  sel=nan  kadid=0.8767  konjnd=nan  safesyn=0.9982  synthetic=0.9574  tid=0.8076
  epoch 138  train_loss=3.4462  val_mse=51.384  val_srocc=0.9669  val_krocc=0.8820  sel=nan  kadid=0.8212  konjnd=nan  safesyn=0.9981  synthetic=0.9554  tid=0.7248
  epoch 139  train_loss=4.3776  val_mse=47.558  val_srocc=0.9676  val_krocc=0.8842  sel=nan  kadid=0.8812  konjnd=nan  safesyn=0.9981  synthetic=0.9549  tid=0.8118
  epoch 140  train_loss=6.2772  val_mse=53.851  val_srocc=0.9675  val_krocc=0.8836  sel=nan  kadid=0.8354  konjnd=nan  safesyn=0.9976  synthetic=0.9556  tid=0.8136
  epoch 141  train_loss=2.7158  val_mse=50.624  val_srocc=0.9689  val_krocc=0.8869  sel=nan  kadid=0.8775  konjnd=nan  safesyn=0.9983  synthetic=0.9568  tid=0.8190
  epoch 142  train_loss=2.4023  val_mse=50.606  val_srocc=0.9689  val_krocc=0.8868  sel=nan  kadid=0.8875  konjnd=nan  safesyn=0.9983  synthetic=0.9565  tid=0.8135
  epoch 143  train_loss=2.4431  val_mse=50.298  val_srocc=0.9690  val_krocc=0.8870  sel=nan  kadid=0.8926  konjnd=nan  safesyn=0.9984  synthetic=0.9567  tid=0.8213
  epoch 144  train_loss=2.3145  val_mse=50.476  val_srocc=0.9687  val_krocc=0.8865  sel=nan  kadid=0.8924  konjnd=nan  safesyn=0.9984  synthetic=0.9562  tid=0.8234
  epoch 145  train_loss=2.3387  val_mse=49.261  val_srocc=0.9697  val_krocc=0.8885  sel=nan  kadid=0.8972  konjnd=nan  safesyn=0.9984  synthetic=0.9576  tid=0.8265
  epoch 146  train_loss=2.3208  val_mse=48.978  val_srocc=0.9691  val_krocc=0.8867  sel=nan  kadid=0.8926  konjnd=nan  safesyn=0.9984  synthetic=0.9567  tid=0.8123
  epoch 147  train_loss=2.4343  val_mse=47.728  val_srocc=0.9697  val_krocc=0.8878  sel=nan  kadid=0.8970  konjnd=nan  safesyn=0.9983  synthetic=0.9577  tid=0.8217
  epoch 148  train_loss=2.2448  val_mse=49.065  val_srocc=0.9692  val_krocc=0.8874  sel=nan  kadid=0.8972  konjnd=nan  safesyn=0.9984  synthetic=0.9568  tid=0.8215
  epoch 149  train_loss=2.2718  val_mse=50.103  val_srocc=0.9696  val_krocc=0.8878  sel=nan  kadid=0.8985  konjnd=nan  safesyn=0.9984  synthetic=0.9575  tid=0.8275
  epoch 150  train_loss=2.4153  val_mse=51.060  val_srocc=0.9689  val_krocc=0.8875  sel=nan  kadid=0.8979  konjnd=nan  safesyn=0.9984  synthetic=0.9565  tid=0.8272
  epoch 151  train_loss=2.2339  val_mse=51.334  val_srocc=0.9688  val_krocc=0.8869  sel=nan  kadid=0.8974  konjnd=nan  safesyn=0.9984  synthetic=0.9563  tid=0.8294
  epoch 152  train_loss=2.1940  val_mse=50.759  val_srocc=0.9692  val_krocc=0.8874  sel=nan  kadid=0.8975  konjnd=nan  safesyn=0.9985  synthetic=0.9567  tid=0.8224
  epoch 153  train_loss=2.2505  val_mse=48.279  val_srocc=0.9694  val_krocc=0.8879  sel=nan  kadid=0.8938  konjnd=nan  safesyn=0.9984  synthetic=0.9571  tid=0.8145
  epoch 154  train_loss=2.2046  val_mse=50.973  val_srocc=0.9691  val_krocc=0.8875  sel=nan  kadid=0.8995  konjnd=nan  safesyn=0.9984  synthetic=0.9567  tid=0.8260
  epoch 155  train_loss=2.1565  val_mse=49.786  val_srocc=0.9690  val_krocc=0.8872  sel=nan  kadid=0.8984  konjnd=nan  safesyn=0.9984  synthetic=0.9565  tid=0.8341
  epoch 156  train_loss=2.2022  val_mse=48.574  val_srocc=0.9699  val_krocc=0.8891  sel=nan  kadid=0.8988  konjnd=nan  safesyn=0.9985  synthetic=0.9579  tid=0.8273
  epoch 157  train_loss=2.2076  val_mse=47.501  val_srocc=0.9697  val_krocc=0.8880  sel=nan  kadid=0.9006  konjnd=nan  safesyn=0.9984  synthetic=0.9573  tid=0.8233
  epoch 158  train_loss=2.2663  val_mse=47.704  val_srocc=0.9699  val_krocc=0.8888  sel=nan  kadid=0.8989  konjnd=nan  safesyn=0.9985  synthetic=0.9577  tid=0.8264
  epoch 159  train_loss=2.1409  val_mse=47.010  val_srocc=0.9699  val_krocc=0.8890  sel=nan  kadid=0.8996  konjnd=nan  safesyn=0.9985  synthetic=0.9577  tid=0.8290
  epoch 160  train_loss=2.2348  val_mse=48.914  val_srocc=0.9691  val_krocc=0.8880  sel=nan  kadid=0.8996  konjnd=nan  safesyn=0.9984  synthetic=0.9566  tid=0.8265
  epoch 161  train_loss=2.1182  val_mse=46.459  val_srocc=0.9700  val_krocc=0.8893  sel=nan  kadid=0.8984  konjnd=nan  safesyn=0.9984  synthetic=0.9578  tid=0.8273
  epoch 162  train_loss=2.1073  val_mse=48.155  val_srocc=0.9696  val_krocc=0.8885  sel=nan  kadid=0.8981  konjnd=nan  safesyn=0.9984  synthetic=0.9574  tid=0.8305
  epoch 163  train_loss=2.1186  val_mse=47.804  val_srocc=0.9694  val_krocc=0.8881  sel=nan  kadid=0.8981  konjnd=nan  safesyn=0.9985  synthetic=0.9569  tid=0.8176
  epoch 164  train_loss=2.2003  val_mse=47.381  val_srocc=0.9699  val_krocc=0.8891  sel=nan  kadid=0.9007  konjnd=nan  safesyn=0.9985  synthetic=0.9578  tid=0.8349
  epoch 165  train_loss=2.0607  val_mse=47.456  val_srocc=0.9693  val_krocc=0.8882  sel=nan  kadid=0.8953  konjnd=nan  safesyn=0.9985  synthetic=0.9568  tid=0.8269
  epoch 166  train_loss=2.1029  val_mse=49.510  val_srocc=0.9696  val_krocc=0.8889  sel=nan  kadid=0.8988  konjnd=nan  safesyn=0.9985  synthetic=0.9573  tid=0.8267
  epoch 167  train_loss=2.1280  val_mse=48.963  val_srocc=0.9686  val_krocc=0.8871  sel=nan  kadid=0.8984  konjnd=nan  safesyn=0.9985  synthetic=0.9557  tid=0.8218
  epoch 168  train_loss=2.0267  val_mse=47.441  val_srocc=0.9699  val_krocc=0.8888  sel=nan  kadid=0.9002  konjnd=nan  safesyn=0.9985  synthetic=0.9579  tid=0.8295
  epoch 169  train_loss=2.0751  val_mse=46.231  val_srocc=0.9690  val_krocc=0.8878  sel=nan  kadid=0.8975  konjnd=nan  safesyn=0.9984  synthetic=0.9565  tid=0.8215
  epoch 170  train_loss=2.0744  val_mse=46.601  val_srocc=0.9698  val_krocc=0.8892  sel=nan  kadid=0.9004  konjnd=nan  safesyn=0.9985  synthetic=0.9575  tid=0.8196
  epoch 171  train_loss=2.1217  val_mse=46.798  val_srocc=0.9699  val_krocc=0.8890  sel=nan  kadid=0.9051  konjnd=nan  safesyn=0.9984  synthetic=0.9577  tid=0.8280
  epoch 172  train_loss=2.0670  val_mse=47.624  val_srocc=0.9696  val_krocc=0.8885  sel=nan  kadid=0.9001  konjnd=nan  safesyn=0.9985  synthetic=0.9572  tid=0.8230
  epoch 173  train_loss=2.0376  val_mse=47.535  val_srocc=0.9689  val_krocc=0.8877  sel=nan  kadid=0.8994  konjnd=nan  safesyn=0.9985  synthetic=0.9562  tid=0.8233
  epoch 174  train_loss=2.0556  val_mse=47.642  val_srocc=0.9700  val_krocc=0.8901  sel=nan  kadid=0.9006  konjnd=nan  safesyn=0.9985  synthetic=0.9579  tid=0.8243
  epoch 175  train_loss=2.0909  val_mse=46.845  val_srocc=0.9695  val_krocc=0.8887  sel=nan  kadid=0.9017  konjnd=nan  safesyn=0.9985  synthetic=0.9571  tid=0.8303
  epoch 176  train_loss=2.0371  val_mse=44.559  val_srocc=0.9700  val_krocc=0.8890  sel=nan  kadid=0.9007  konjnd=nan  safesyn=0.9985  synthetic=0.9578  tid=0.8120
  epoch 177  train_loss=2.0587  val_mse=47.551  val_srocc=0.9698  val_krocc=0.8894  sel=nan  kadid=0.9053  konjnd=nan  safesyn=0.9985  synthetic=0.9576  tid=0.8322
  epoch 178  train_loss=2.2221  val_mse=45.751  val_srocc=0.9696  val_krocc=0.8884  sel=nan  kadid=0.9064  konjnd=nan  safesyn=0.9985  synthetic=0.9571  tid=0.8386
  epoch 179  train_loss=2.0740  val_mse=45.985  val_srocc=0.9701  val_krocc=0.8897  sel=nan  kadid=0.8932  konjnd=nan  safesyn=0.9985  synthetic=0.9581  tid=0.7962
  epoch 180  train_loss=2.1040  val_mse=45.118  val_srocc=0.9702  val_krocc=0.8897  sel=nan  kadid=0.9006  konjnd=nan  safesyn=0.9985  synthetic=0.9581  tid=0.8257
  epoch 181  train_loss=2.0937  val_mse=45.528  val_srocc=0.9702  val_krocc=0.8899  sel=nan  kadid=0.9021  konjnd=nan  safesyn=0.9985  synthetic=0.9582  tid=0.8287
  epoch 182  train_loss=1.9774  val_mse=45.154  val_srocc=0.9704  val_krocc=0.8896  sel=nan  kadid=0.9051  konjnd=nan  safesyn=0.9985  synthetic=0.9582  tid=0.8270
  epoch 183  train_loss=2.0083  val_mse=45.263  val_srocc=0.9699  val_krocc=0.8897  sel=nan  kadid=0.9020  konjnd=nan  safesyn=0.9985  synthetic=0.9576  tid=0.8153
  epoch 184  train_loss=1.9654  val_mse=47.578  val_srocc=0.9693  val_krocc=0.8888  sel=nan  kadid=0.9036  konjnd=nan  safesyn=0.9985  synthetic=0.9567  tid=0.8244
  epoch 185  train_loss=1.9396  val_mse=47.412  val_srocc=0.9697  val_krocc=0.8892  sel=nan  kadid=0.9008  konjnd=nan  safesyn=0.9985  synthetic=0.9574  tid=0.8127
  epoch 186  train_loss=1.9615  val_mse=46.318  val_srocc=0.9700  val_krocc=0.8893  sel=nan  kadid=0.9019  konjnd=nan  safesyn=0.9985  synthetic=0.9577  tid=0.8229
  epoch 187  train_loss=1.9807  val_mse=47.068  val_srocc=0.9696  val_krocc=0.8891  sel=nan  kadid=0.9014  konjnd=nan  safesyn=0.9985  synthetic=0.9572  tid=0.8263
  epoch 188  train_loss=1.9263  val_mse=44.740  val_srocc=0.9705  val_krocc=0.8906  sel=nan  kadid=0.9060  konjnd=nan  safesyn=0.9985  synthetic=0.9583  tid=0.8223
  epoch 189  train_loss=2.0125  val_mse=43.896  val_srocc=0.9704  val_krocc=0.8904  sel=nan  kadid=0.9021  konjnd=nan  safesyn=0.9985  synthetic=0.9583  tid=0.8279
  epoch 190  train_loss=1.9051  val_mse=46.432  val_srocc=0.9698  val_krocc=0.8897  sel=nan  kadid=0.9080  konjnd=nan  safesyn=0.9985  synthetic=0.9574  tid=0.8371
  epoch 191  train_loss=1.9526  val_mse=44.457  val_srocc=0.9705  val_krocc=0.8909  sel=nan  kadid=0.9045  konjnd=nan  safesyn=0.9985  synthetic=0.9585  tid=0.8251
  epoch 192  train_loss=1.9590  val_mse=49.764  val_srocc=0.9697  val_krocc=0.8890  sel=nan  kadid=0.9046  konjnd=nan  safesyn=0.9985  synthetic=0.9574  tid=0.8311
  epoch 193  train_loss=2.0423  val_mse=45.402  val_srocc=0.9698  val_krocc=0.8890  sel=nan  kadid=0.9044  konjnd=nan  safesyn=0.9984  synthetic=0.9574  tid=0.8224
  epoch 194  train_loss=1.8582  val_mse=45.899  val_srocc=0.9702  val_krocc=0.8903  sel=nan  kadid=0.9005  konjnd=nan  safesyn=0.9986  synthetic=0.9581  tid=0.8116
  epoch 195  train_loss=1.9369  val_mse=45.664  val_srocc=0.9705  val_krocc=0.8904  sel=nan  kadid=0.9035  konjnd=nan  safesyn=0.9986  synthetic=0.9584  tid=0.8275
  epoch 196  train_loss=1.9234  val_mse=44.658  val_srocc=0.9696  val_krocc=0.8889  sel=nan  kadid=0.9029  konjnd=nan  safesyn=0.9985  synthetic=0.9570  tid=0.8227
  epoch 197  train_loss=1.9220  val_mse=45.140  val_srocc=0.9700  val_krocc=0.8902  sel=nan  kadid=0.9026  konjnd=nan  safesyn=0.9985  synthetic=0.9578  tid=0.8318
  epoch 198  train_loss=1.9076  val_mse=45.766  val_srocc=0.9703  val_krocc=0.8904  sel=nan  kadid=0.9030  konjnd=nan  safesyn=0.9986  synthetic=0.9582  tid=0.8095
  epoch 199  train_loss=1.8663  val_mse=44.895  val_srocc=0.9703  val_krocc=0.8910  sel=nan  kadid=0.9061  konjnd=nan  safesyn=0.9986  synthetic=0.9582  tid=0.8378
  epoch 200  train_loss=1.9907  val_mse=44.455  val_srocc=0.9706  val_krocc=0.8912  sel=nan  kadid=0.9073  konjnd=nan  safesyn=0.9986  synthetic=0.9586  tid=0.8304
  epoch 201  train_loss=1.8080  val_mse=44.075  val_srocc=0.9707  val_krocc=0.8910  sel=nan  kadid=0.9067  konjnd=nan  safesyn=0.9986  synthetic=0.9589  tid=0.8315
  epoch 202  train_loss=1.8368  val_mse=44.756  val_srocc=0.9704  val_krocc=0.8900  sel=nan  kadid=0.9081  konjnd=nan  safesyn=0.9986  synthetic=0.9583  tid=0.8333
  epoch 203  train_loss=1.9792  val_mse=44.282  val_srocc=0.9704  val_krocc=0.8901  sel=nan  kadid=0.9042  konjnd=nan  safesyn=0.9986  synthetic=0.9582  tid=0.8291
  epoch 204  train_loss=1.8214  val_mse=44.668  val_srocc=0.9702  val_krocc=0.8908  sel=nan  kadid=0.9060  konjnd=nan  safesyn=0.9986  synthetic=0.9580  tid=0.8279
  epoch 205  train_loss=1.8660  val_mse=45.318  val_srocc=0.9707  val_krocc=0.8912  sel=nan  kadid=0.9041  konjnd=nan  safesyn=0.9986  synthetic=0.9588  tid=0.8245
  epoch 206  train_loss=1.9224  val_mse=45.960  val_srocc=0.9703  val_krocc=0.8913  sel=nan  kadid=0.9054  konjnd=nan  safesyn=0.9986  synthetic=0.9582  tid=0.8317
  epoch 207  train_loss=1.8619  val_mse=46.235  val_srocc=0.9699  val_krocc=0.8905  sel=nan  kadid=0.9070  konjnd=nan  safesyn=0.9985  synthetic=0.9576  tid=0.8308
  epoch 208  train_loss=1.8278  val_mse=47.466  val_srocc=0.9702  val_krocc=0.8906  sel=nan  kadid=0.9066  konjnd=nan  safesyn=0.9986  synthetic=0.9580  tid=0.8229
  epoch 209  train_loss=1.8649  val_mse=44.214  val_srocc=0.9707  val_krocc=0.8907  sel=nan  kadid=0.9079  konjnd=nan  safesyn=0.9985  synthetic=0.9587  tid=0.8385
  epoch 210  train_loss=1.8572  val_mse=45.590  val_srocc=0.9698  val_krocc=0.8898  sel=nan  kadid=0.9031  konjnd=nan  safesyn=0.9986  synthetic=0.9574  tid=0.8283
  epoch 211  train_loss=1.7954  val_mse=46.506  val_srocc=0.9702  val_krocc=0.8905  sel=nan  kadid=0.9027  konjnd=nan  safesyn=0.9986  synthetic=0.9581  tid=0.8310
  epoch 212  train_loss=1.9646  val_mse=46.414  val_srocc=0.9699  val_krocc=0.8903  sel=nan  kadid=0.9114  konjnd=nan  safesyn=0.9986  synthetic=0.9575  tid=0.8338
  epoch 213  train_loss=1.8135  val_mse=43.784  val_srocc=0.9703  val_krocc=0.8910  sel=nan  kadid=0.9061  konjnd=nan  safesyn=0.9986  synthetic=0.9581  tid=0.8366
  epoch 214  train_loss=1.8736  val_mse=45.356  val_srocc=0.9696  val_krocc=0.8894  sel=nan  kadid=0.9014  konjnd=nan  safesyn=0.9986  synthetic=0.9572  tid=0.8187
  epoch 215  train_loss=2.6730  val_mse=42.402  val_srocc=0.9709  val_krocc=0.8912  sel=nan  kadid=0.9047  konjnd=nan  safesyn=0.9984  synthetic=0.9592  tid=0.8440
  epoch 216  train_loss=13.3135  val_mse=45.015  val_srocc=0.9681  val_krocc=0.8846  sel=nan  kadid=0.8005  konjnd=nan  safesyn=0.9978  synthetic=0.9568  tid=0.7571
  epoch 217  train_loss=10.7364  val_mse=43.060  val_srocc=0.9689  val_krocc=0.8873  sel=nan  kadid=0.8820  konjnd=nan  safesyn=0.9982  synthetic=0.9567  tid=0.7975
  epoch 218  train_loss=20.6114  val_mse=50.399  val_srocc=0.9660  val_krocc=0.8752  sel=nan  kadid=0.8153  konjnd=nan  safesyn=0.9960  synthetic=0.9554  tid=0.7726
  epoch 219  train_loss=7.3989  val_mse=50.624  val_srocc=0.9676  val_krocc=0.8844  sel=nan  kadid=0.8517  konjnd=nan  safesyn=0.9975  synthetic=0.9557  tid=0.8028
  epoch 220  train_loss=3.9673  val_mse=50.449  val_srocc=0.9675  val_krocc=0.8853  sel=nan  kadid=0.8613  konjnd=nan  safesyn=0.9981  synthetic=0.9548  tid=0.8183
  epoch 221  train_loss=6.7639  val_mse=51.930  val_srocc=0.9670  val_krocc=0.8853  sel=nan  kadid=0.8596  konjnd=nan  safesyn=0.9980  synthetic=0.9545  tid=0.7626
  epoch 222  train_loss=7.6259  val_mse=46.766  val_srocc=0.9690  val_krocc=0.8879  sel=nan  kadid=0.8694  konjnd=nan  safesyn=0.9982  synthetic=0.9572  tid=0.8155
  epoch 223  train_loss=4.1199  val_mse=47.523  val_srocc=0.9691  val_krocc=0.8884  sel=nan  kadid=0.8859  konjnd=nan  safesyn=0.9984  synthetic=0.9569  tid=0.8194
  epoch 224  train_loss=2.2869  val_mse=48.594  val_srocc=0.9686  val_krocc=0.8882  sel=nan  kadid=0.8913  konjnd=nan  safesyn=0.9984  synthetic=0.9560  tid=0.8209
  epoch 225  train_loss=2.2404  val_mse=47.092  val_srocc=0.9695  val_krocc=0.8891  sel=nan  kadid=0.8955  konjnd=nan  safesyn=0.9984  synthetic=0.9574  tid=0.8261
  epoch 226  train_loss=2.2555  val_mse=48.295  val_srocc=0.9689  val_krocc=0.8884  sel=nan  kadid=0.8928  konjnd=nan  safesyn=0.9984  synthetic=0.9564  tid=0.8294
  epoch 227  train_loss=2.1827  val_mse=46.658  val_srocc=0.9693  val_krocc=0.8894  sel=nan  kadid=0.8949  konjnd=nan  safesyn=0.9984  synthetic=0.9569  tid=0.8268
  epoch 228  train_loss=2.1167  val_mse=51.979  val_srocc=0.9678  val_krocc=0.8869  sel=nan  kadid=0.8986  konjnd=nan  safesyn=0.9985  synthetic=0.9547  tid=0.8280
  epoch 229  train_loss=2.1001  val_mse=49.214  val_srocc=0.9690  val_krocc=0.8891  sel=nan  kadid=0.8993  konjnd=nan  safesyn=0.9985  synthetic=0.9564  tid=0.8288
  epoch 230  train_loss=2.0989  val_mse=48.555  val_srocc=0.9690  val_krocc=0.8892  sel=nan  kadid=0.8999  konjnd=nan  safesyn=0.9985  synthetic=0.9564  tid=0.8230
  epoch 231  train_loss=2.0894  val_mse=48.134  val_srocc=0.9696  val_krocc=0.8900  sel=nan  kadid=0.9002  konjnd=nan  safesyn=0.9985  synthetic=0.9572  tid=0.8318
  epoch 232  train_loss=1.9711  val_mse=48.895  val_srocc=0.9690  val_krocc=0.8893  sel=nan  kadid=0.9034  konjnd=nan  safesyn=0.9985  synthetic=0.9562  tid=0.8321
  epoch 233  train_loss=2.0268  val_mse=49.458  val_srocc=0.9691  val_krocc=0.8890  sel=nan  kadid=0.9030  konjnd=nan  safesyn=0.9985  synthetic=0.9564  tid=0.8296
  epoch 234  train_loss=2.0062  val_mse=48.001  val_srocc=0.9691  val_krocc=0.8888  sel=nan  kadid=0.9022  konjnd=nan  safesyn=0.9985  synthetic=0.9565  tid=0.8233
  epoch 235  train_loss=1.9381  val_mse=46.979  val_srocc=0.9698  val_krocc=0.8898  sel=nan  kadid=0.9032  konjnd=nan  safesyn=0.9985  synthetic=0.9575  tid=0.8314
  epoch 236  train_loss=2.0007  val_mse=48.452  val_srocc=0.9686  val_krocc=0.8877  sel=nan  kadid=0.9016  konjnd=nan  safesyn=0.9985  synthetic=0.9557  tid=0.8225
  epoch 237  train_loss=1.9559  val_mse=48.125  val_srocc=0.9695  val_krocc=0.8897  sel=nan  kadid=0.9023  konjnd=nan  safesyn=0.9986  synthetic=0.9571  tid=0.8277
  epoch 238  train_loss=2.0473  val_mse=47.654  val_srocc=0.9695  val_krocc=0.8901  sel=nan  kadid=0.8979  konjnd=nan  safesyn=0.9985  synthetic=0.9571  tid=0.8304
  epoch 239  train_loss=2.1790  val_mse=45.942  val_srocc=0.9696  val_krocc=0.8889  sel=nan  kadid=0.9024  konjnd=nan  safesyn=0.9983  synthetic=0.9572  tid=0.8157
  epoch 240  train_loss=2.0179  val_mse=46.543  val_srocc=0.9694  val_krocc=0.8900  sel=nan  kadid=0.9062  konjnd=nan  safesyn=0.9986  synthetic=0.9569  tid=0.8381
  epoch 241  train_loss=1.9371  val_mse=47.813  val_srocc=0.9692  val_krocc=0.8893  sel=nan  kadid=0.9035  konjnd=nan  safesyn=0.9985  synthetic=0.9565  tid=0.8231
  epoch 242  train_loss=1.9058  val_mse=45.320  val_srocc=0.9700  val_krocc=0.8905  sel=nan  kadid=0.9066  konjnd=nan  safesyn=0.9985  synthetic=0.9576  tid=0.8276
  epoch 243  train_loss=1.9977  val_mse=47.932  val_srocc=0.9696  val_krocc=0.8901  sel=nan  kadid=0.9081  konjnd=nan  safesyn=0.9986  synthetic=0.9571  tid=0.8327
  epoch 244  train_loss=1.8928  val_mse=46.686  val_srocc=0.9702  val_krocc=0.8910  sel=nan  kadid=0.9057  konjnd=nan  safesyn=0.9986  synthetic=0.9580  tid=0.8355
  epoch 245  train_loss=1.8997  val_mse=47.101  val_srocc=0.9698  val_krocc=0.8900  sel=nan  kadid=0.9070  konjnd=nan  safesyn=0.9986  synthetic=0.9574  tid=0.8286
  epoch 246  train_loss=1.9991  val_mse=46.873  val_srocc=0.9698  val_krocc=0.8907  sel=nan  kadid=0.9062  konjnd=nan  safesyn=0.9986  synthetic=0.9573  tid=0.8229
  epoch 247  train_loss=1.8233  val_mse=44.909  val_srocc=0.9699  val_krocc=0.8904  sel=nan  kadid=0.9078  konjnd=nan  safesyn=0.9986  synthetic=0.9574  tid=0.8214
  epoch 248  train_loss=1.8163  val_mse=45.965  val_srocc=0.9703  val_krocc=0.8911  sel=nan  kadid=0.9042  konjnd=nan  safesyn=0.9986  synthetic=0.9582  tid=0.8329
  epoch 249  train_loss=1.8940  val_mse=44.087  val_srocc=0.9701  val_krocc=0.8911  sel=nan  kadid=0.9061  konjnd=nan  safesyn=0.9986  synthetic=0.9578  tid=0.8229
  epoch 250  train_loss=1.8612  val_mse=48.045  val_srocc=0.9695  val_krocc=0.8902  sel=nan  kadid=0.9062  konjnd=nan  safesyn=0.9986  synthetic=0.9570  tid=0.8189
  epoch 251  train_loss=1.8071  val_mse=44.720  val_srocc=0.9699  val_krocc=0.8910  sel=nan  kadid=0.9041  konjnd=nan  safesyn=0.9986  synthetic=0.9576  tid=0.8271
  epoch 252  train_loss=1.7657  val_mse=45.683  val_srocc=0.9700  val_krocc=0.8910  sel=nan  kadid=0.9069  konjnd=nan  safesyn=0.9986  synthetic=0.9577  tid=0.8286
  epoch 253  train_loss=1.8304  val_mse=45.724  val_srocc=0.9697  val_krocc=0.8907  sel=nan  kadid=0.9058  konjnd=nan  safesyn=0.9986  synthetic=0.9572  tid=0.8225
  epoch 254  train_loss=1.8372  val_mse=45.202  val_srocc=0.9700  val_krocc=0.8913  sel=nan  kadid=0.9028  konjnd=nan  safesyn=0.9986  synthetic=0.9578  tid=0.8215
  epoch 255  train_loss=1.7776  val_mse=46.990  val_srocc=0.9687  val_krocc=0.8889  sel=nan  kadid=0.9063  konjnd=nan  safesyn=0.9985  synthetic=0.9557  tid=0.8258
  epoch 256  train_loss=1.8849  val_mse=45.683  val_srocc=0.9696  val_krocc=0.8907  sel=nan  kadid=0.9071  konjnd=nan  safesyn=0.9986  synthetic=0.9571  tid=0.8220
  epoch 257  train_loss=1.8113  val_mse=44.500  val_srocc=0.9702  val_krocc=0.8913  sel=nan  kadid=0.9033  konjnd=nan  safesyn=0.9986  synthetic=0.9580  tid=0.8285
  epoch 258  train_loss=2.0629  val_mse=46.417  val_srocc=0.9690  val_krocc=0.8896  sel=nan  kadid=0.9081  konjnd=nan  safesyn=0.9986  synthetic=0.9561  tid=0.8291
  epoch 259  train_loss=1.7807  val_mse=45.553  val_srocc=0.9702  val_krocc=0.8919  sel=nan  kadid=0.9059  konjnd=nan  safesyn=0.9986  synthetic=0.9581  tid=0.8302
  epoch 260  train_loss=1.8279  val_mse=45.162  val_srocc=0.9700  val_krocc=0.8911  sel=nan  kadid=0.9084  konjnd=nan  safesyn=0.9986  synthetic=0.9576  tid=0.8299
  epoch 261  train_loss=1.7970  val_mse=42.839  val_srocc=0.9707  val_krocc=0.8924  sel=nan  kadid=0.9069  konjnd=nan  safesyn=0.9986  synthetic=0.9586  tid=0.8313
  epoch 262  train_loss=1.7639  val_mse=44.093  val_srocc=0.9705  val_krocc=0.8917  sel=nan  kadid=0.9089  konjnd=nan  safesyn=0.9986  synthetic=0.9584  tid=0.8236
  epoch 263  train_loss=1.8391  val_mse=45.411  val_srocc=0.9697  val_krocc=0.8909  sel=nan  kadid=0.9054  konjnd=nan  safesyn=0.9986  synthetic=0.9572  tid=0.8323
  epoch 264  train_loss=1.7431  val_mse=43.895  val_srocc=0.9696  val_krocc=0.8904  sel=nan  kadid=0.9028  konjnd=nan  safesyn=0.9986  synthetic=0.9571  tid=0.8224
  epoch 265  train_loss=1.8061  val_mse=44.941  val_srocc=0.9698  val_krocc=0.8906  sel=nan  kadid=0.9066  konjnd=nan  safesyn=0.9986  synthetic=0.9574  tid=0.8219
  epoch 266  train_loss=1.7405  val_mse=43.884  val_srocc=0.9702  val_krocc=0.8914  sel=nan  kadid=0.9083  konjnd=nan  safesyn=0.9986  synthetic=0.9580  tid=0.8287
  epoch 267  train_loss=1.7302  val_mse=44.439  val_srocc=0.9698  val_krocc=0.8907  sel=nan  kadid=0.9083  konjnd=nan  safesyn=0.9986  synthetic=0.9573  tid=0.8245
  epoch 268  train_loss=1.7566  val_mse=43.019  val_srocc=0.9707  val_krocc=0.8926  sel=nan  kadid=0.9110  konjnd=nan  safesyn=0.9986  synthetic=0.9586  tid=0.8310
  epoch 269  train_loss=1.8098  val_mse=45.469  val_srocc=0.9702  val_krocc=0.8913  sel=nan  kadid=0.9074  konjnd=nan  safesyn=0.9986  synthetic=0.9580  tid=0.8181
  epoch 270  train_loss=1.7210  val_mse=43.325  val_srocc=0.9695  val_krocc=0.8903  sel=nan  kadid=0.9051  konjnd=nan  safesyn=0.9986  synthetic=0.9567  tid=0.8263
  epoch 271  train_loss=1.7713  val_mse=42.306  val_srocc=0.9703  val_krocc=0.8923  sel=nan  kadid=0.9047  konjnd=nan  safesyn=0.9986  synthetic=0.9580  tid=0.8199
  epoch 272  train_loss=1.7715  val_mse=44.462  val_srocc=0.9698  val_krocc=0.8910  sel=nan  kadid=0.9062  konjnd=nan  safesyn=0.9986  synthetic=0.9573  tid=0.8237
  epoch 273  train_loss=1.6541  val_mse=43.418  val_srocc=0.9695  val_krocc=0.8900  sel=nan  kadid=0.9084  konjnd=nan  safesyn=0.9986  synthetic=0.9568  tid=0.8320
  epoch 274  train_loss=1.7222  val_mse=46.296  val_srocc=0.9698  val_krocc=0.8906  sel=nan  kadid=0.9067  konjnd=nan  safesyn=0.9986  synthetic=0.9573  tid=0.8369
  epoch 275  train_loss=1.7456  val_mse=43.068  val_srocc=0.9698  val_krocc=0.8910  sel=nan  kadid=0.9062  konjnd=nan  safesyn=0.9986  synthetic=0.9572  tid=0.8236
  epoch 276  train_loss=1.6573  val_mse=43.295  val_srocc=0.9697  val_krocc=0.8903  sel=nan  kadid=0.9091  konjnd=nan  safesyn=0.9986  synthetic=0.9571  tid=0.8389
  epoch 277  train_loss=1.7359  val_mse=42.689  val_srocc=0.9698  val_krocc=0.8907  sel=nan  kadid=0.9101  konjnd=nan  safesyn=0.9986  synthetic=0.9573  tid=0.8298
  epoch 278  train_loss=1.7451  val_mse=44.367  val_srocc=0.9700  val_krocc=0.8911  sel=nan  kadid=0.9118  konjnd=nan  safesyn=0.9986  synthetic=0.9575  tid=0.8329
  epoch 279  train_loss=1.6864  val_mse=43.966  val_srocc=0.9695  val_krocc=0.8905  sel=nan  kadid=0.9060  konjnd=nan  safesyn=0.9986  synthetic=0.9568  tid=0.8241
  epoch 280  train_loss=1.6552  val_mse=44.751  val_srocc=0.9693  val_krocc=0.8901  sel=nan  kadid=0.9081  konjnd=nan  safesyn=0.9986  synthetic=0.9565  tid=0.8147
  epoch 281  train_loss=1.7070  val_mse=44.075  val_srocc=0.9698  val_krocc=0.8905  sel=nan  kadid=0.9087  konjnd=nan  safesyn=0.9986  synthetic=0.9572  tid=0.8267
  epoch 282  train_loss=1.7010  val_mse=43.332  val_srocc=0.9692  val_krocc=0.8894  sel=nan  kadid=0.8994  konjnd=nan  safesyn=0.9986  synthetic=0.9566  tid=0.8281
  epoch 283  train_loss=1.6632  val_mse=41.452  val_srocc=0.9697  val_krocc=0.8902  sel=nan  kadid=0.9061  konjnd=nan  safesyn=0.9986  synthetic=0.9569  tid=0.8320
  epoch 284  train_loss=1.7855  val_mse=43.728  val_srocc=0.9698  val_krocc=0.8907  sel=nan  kadid=0.9089  konjnd=nan  safesyn=0.9986  synthetic=0.9572  tid=0.8261
  epoch 285  train_loss=1.6045  val_mse=41.950  val_srocc=0.9703  val_krocc=0.8918  sel=nan  kadid=0.9022  konjnd=nan  safesyn=0.9987  synthetic=0.9580  tid=0.8325
  epoch 286  train_loss=2.1831  val_mse=42.145  val_srocc=0.9697  val_krocc=0.8913  sel=nan  kadid=0.9067  konjnd=nan  safesyn=0.9986  synthetic=0.9571  tid=0.8115
  epoch 287  train_loss=1.6071  val_mse=42.197  val_srocc=0.9700  val_krocc=0.8914  sel=nan  kadid=0.9020  konjnd=nan  safesyn=0.9986  synthetic=0.9576  tid=0.8223
  epoch 288  train_loss=1.6273  val_mse=43.593  val_srocc=0.9693  val_krocc=0.8898  sel=nan  kadid=0.9127  konjnd=nan  safesyn=0.9986  synthetic=0.9563  tid=0.8289
  epoch 289  train_loss=1.6360  val_mse=42.492  val_srocc=0.9695  val_krocc=0.8904  sel=nan  kadid=0.9118  konjnd=nan  safesyn=0.9986  synthetic=0.9567  tid=0.8277
  epoch 290  train_loss=1.6131  val_mse=43.613  val_srocc=0.9697  val_krocc=0.8905  sel=nan  kadid=0.9048  konjnd=nan  safesyn=0.9987  synthetic=0.9570  tid=0.8291
  epoch 291  train_loss=1.7133  val_mse=43.871  val_srocc=0.9699  val_krocc=0.8912  sel=nan  kadid=0.9078  konjnd=nan  safesyn=0.9987  synthetic=0.9574  tid=0.8324
  epoch 292  train_loss=1.6638  val_mse=42.637  val_srocc=0.9697  val_krocc=0.8907  sel=nan  kadid=0.9073  konjnd=nan  safesyn=0.9987  synthetic=0.9569  tid=0.8397
  epoch 293  train_loss=1.6160  val_mse=40.696  val_srocc=0.9699  val_krocc=0.8907  sel=nan  kadid=0.9063  konjnd=nan  safesyn=0.9986  synthetic=0.9573  tid=0.8101
  epoch 294  train_loss=1.6223  val_mse=43.467  val_srocc=0.9700  val_krocc=0.8914  sel=nan  kadid=0.9079  konjnd=nan  safesyn=0.9987  synthetic=0.9575  tid=0.8233
  epoch 295  train_loss=1.7004  val_mse=41.696  val_srocc=0.9710  val_krocc=0.8925  sel=nan  kadid=0.9104  konjnd=nan  safesyn=0.9986  synthetic=0.9590  tid=0.8046
  epoch 296  train_loss=1.6384  val_mse=41.823  val_srocc=0.9701  val_krocc=0.8915  sel=nan  kadid=0.9084  konjnd=nan  safesyn=0.9986  synthetic=0.9575  tid=0.8141
  epoch 297  train_loss=1.6198  val_mse=41.916  val_srocc=0.9700  val_krocc=0.8911  sel=nan  kadid=0.9109  konjnd=nan  safesyn=0.9987  synthetic=0.9575  tid=0.8106
  epoch 298  train_loss=1.6611  val_mse=42.305  val_srocc=0.9699  val_krocc=0.8911  sel=nan  kadid=0.9094  konjnd=nan  safesyn=0.9987  synthetic=0.9573  tid=0.8257
  epoch 299  train_loss=1.6196  val_mse=43.987  val_srocc=0.9691  val_krocc=0.8897  sel=nan  kadid=0.9113  konjnd=nan  safesyn=0.9987  synthetic=0.9560  tid=0.8324

Final: best_val_srocc=-1.0000 test_srocc=0.9587 test_krocc=0.8669 test_mse=31.441  (181s)

Per-(sweep:codec) test metrics:
  human-kadid:human-kadid  n=  1,000  srocc=+0.9067  krocc=+0.7331  mse=151.402
  human-konjnd:human-konjnd n=     99  srocc=+nan  krocc=+nan  mse=24.651
  human-safesyn:human-safesyn n= 15,699  srocc=+0.9986  krocc=+0.9693  mse=1.856
  human-tid:human-tid      n=    240  srocc=+0.8845  krocc=+0.6981  mse=116.276
  v15r:zenjpeg             n=184,224  srocc=+0.9552  krocc=+0.8606  mse=32.480
  v15rc:zenjpeg            n= 53,010  srocc=+0.9549  krocc=+0.8573  mse=33.958

Wrote /mnt/v/zen/zensim-training/2026-05-07/runs/20260510T112121_konjnd_anchor_w3_0/
