idx	family	frac_rows_nonzero_xt	mean_abs	p95_abs	std	sign_cons	analytic_simple	analytic_path	packed_zero_frac	dead	rank_dead	mean_abs_cid22	mean_abs_kadid	mean_abs_csiq	mean_abs_live	mean_abs_imazen26	dsrocc_cid22	dsrocc_kadid	dsrocc_csiq	dsrocc_live	dsrocc_imazen26
0	v1fold156	1.0000	7.622321e-2	2.924411e-1	1.323071e-1	0.5989	2.823773e0	7.346931e-1	-	0	0	4.719904e-2	7.904152e-2	1.211458e-1	1.571049e-1	7.446577e-2	-	-	-	-	-
1	v1fold156	1.0000	7.264000e-2	2.481337e-1	1.095975e-1	0.5897	2.295777e0	4.939339e-1	-	0	0	7.658256e-2	6.524157e-2	9.921132e-2	1.177394e-1	7.259346e-2	-	-	-	-	-
2	v1fold156	1.0000	5.677397e-2	1.964982e-1	9.782652e-2	0.5002	2.240465e0	5.458418e-1	-	0	0	3.909927e-2	5.243416e-2	9.519064e-2	9.227937e-2	7.439003e-2	-	-	-	-	-
3	v1fold156	1.0000	7.932233e-2	2.301926e-1	3.110008e-1	0.6799	3.476970e0	4.982145e-1	-	0	0	3.320933e-2	7.723247e-2	1.204973e-1	4.753924e-1	4.188389e-2	-	-	-	-	-
4	v1fold156	1.0000	1.352415e-1	5.436473e-1	2.298283e-1	0.6399	4.093228e0	9.604239e-1	-	0	0	1.025984e-1	1.484039e-1	1.640125e-1	1.889415e-1	1.173140e-1	-	-	-	-	-
5	v1fold156	1.0000	4.088138e-2	1.257222e-1	6.053564e-2	0.6230	2.512998e0	4.829797e-1	-	0	0	3.852545e-2	3.827697e-2	4.858156e-2	5.753824e-2	4.591945e-2	-	-	-	-	-
6	v1fold156	1.0000	7.453725e-2	2.338605e-1	1.251532e-1	0.6512	1.793901e0	3.072888e-1	-	0	0	3.418153e-2	8.297588e-2	1.054463e-1	1.190276e-1	8.241887e-2	-	-	-	-	-
7	v1fold156	1.0000	1.107801e-1	3.844976e-1	1.946670e-1	0.5134	2.869492e0	5.215096e-1	-	0	0	1.019296e-1	8.472093e-2	1.207156e-1	1.535775e-1	1.885457e-1	-	-	-	-	-
8	v1fold156	1.0000	1.050316e-1	3.845682e-1	1.860201e-1	0.5927	2.146724e0	4.185453e-1	-	0	0	6.183901e-2	1.122057e-1	1.160133e-1	1.370761e-1	1.284520e-1	-	-	-	-	-
9	v1fold156	1.0000	3.194866e-2	1.280673e-1	9.351618e-2	0.6954	1.164981e0	4.943539e-1	-	0	0	1.569802e-2	3.272894e-2	2.520198e-2	9.424159e-2	3.768292e-2	-	-	-	-	-
10	v1fold156	1.0000	1.472515e-1	5.207533e-1	2.386538e-1	0.5601	2.553073e0	7.079378e-1	-	0	0	1.398416e-1	1.401178e-1	2.078006e-1	1.992755e-1	1.505636e-1	-	-	-	-	-
11	v1fold156	1.0000	2.723230e-1	7.549825e-1	3.576557e-1	0.6381	3.049355e0	6.598017e-1	-	0	0	2.621675e-1	2.583904e-1	3.292116e-1	3.185527e-1	3.020590e-1	-0.000578	0.025883	-0.033404	-0.005490	-0.001988
12	v1fold156	1.0000	1.495109e-4	3.428459e-4	4.161649e-4	0.6390	5.840351e-3	8.948533e-4	-	0	0	1.704459e-4	1.249659e-4	1.466221e-4	3.907421e-4	1.415059e-4	-	-	-	-	-
13	v1fold156	1.0000	2.302639e-1	7.885754e-1	3.816227e-1	0.6269	3.019789e0	6.761814e-1	-	0	0	1.950521e-1	2.011149e-1	3.477482e-1	5.952819e-1	2.482686e-1	-0.000298	-0.073467	0.042784	0.058710	0.000818
14	v1fold156	1.0000	2.686434e-1	7.432113e-1	3.424895e-1	0.6806	4.942629e0	1.450513e0	-	0	0	4.748262e-1	1.538934e-1	2.790689e-1	3.522373e-1	3.293135e-1	-0.004195	-0.016151	-0.014171	0.013265	-0.001729
15	v1fold156	1.0000	1.647021e-1	6.604158e-1	3.267949e-1	0.5242	3.132434e0	8.035503e-1	-	0	0	5.577518e-2	1.858448e-1	2.839737e-1	5.164444e-1	1.276427e-1	-	-	-	-	-
16	v1fold156	1.0000	1.230610e-1	3.888518e-1	2.863506e-1	0.6468	7.376889e0	1.831610e0	-	0	0	8.156005e-2	1.185410e-1	1.863434e-1	4.085243e-1	1.071153e-1	-	-	-	-	-
17	v1fold156	1.0000	1.763752e-1	6.450253e-1	3.001797e-1	0.6607	5.676139e0	1.379613e0	-	0	0	1.423622e-1	1.841389e-1	2.448695e-1	3.185889e-1	1.456380e-1	-	-	-	-	-
18	v1fold156	1.0000	1.174297e-1	3.356705e-1	3.166948e-1	0.6183	4.661559e0	1.053834e0	-	0	0	9.297627e-2	1.290365e-1	8.959867e-2	1.483224e-1	1.136810e-1	-	-	-	-	-
19	v1fold156	1.0000	1.511865e-1	7.141546e-1	3.310892e-1	0.5517	3.958663e0	1.056377e0	-	0	0	7.215249e-2	1.478486e-1	2.785059e-1	3.871993e-1	1.747947e-1	-	-	-	-	-
20	v1fold156	1.0000	5.552474e-1	1.832009e0	8.187208e-1	0.7130	8.456414e0	1.918097e0	-	0	0	6.651286e-1	4.494907e-1	5.869863e-1	6.583845e-1	7.022690e-1	-0.012066	-0.002481	-0.025942	0.038116	-0.007601
21	v1fold156	1.0000	2.696091e-1	1.046181e0	4.522399e-1	0.7203	5.408503e0	1.304815e0	-	0	0	1.954666e-1	2.698836e-1	3.476757e-1	4.405657e-1	3.039179e-1	-0.001692	0.019536	-0.022276	-0.015995	-0.002557
22	v1fold156	1.0000	8.596772e-2	2.303698e-1	2.995518e-1	0.6817	4.331671e0	7.480830e-1	-	0	0	6.171519e-2	8.560310e-2	8.180780e-2	3.371615e-1	6.074515e-2	-	-	-	-	-
23	v1fold156	1.0000	1.432882e-1	6.764765e-1	2.641793e-1	0.5502	3.692507e0	1.313233e0	-	0	0	8.358610e-2	1.496135e-1	1.693111e-1	1.903069e-1	1.830951e-1	-	-	-	-	-
24	v1fold156	1.0000	1.008129e-1	3.667403e-1	1.781694e-1	0.5072	3.010379e0	8.218011e-1	-	0	0	3.979284e-2	1.132989e-1	2.134874e-1	1.679030e-1	9.651550e-2	-	-	-	-	-
25	v1fold156	1.0000	4.361284e-2	5.123603e-2	2.954534e-1	0.5803	3.005725e0	8.614675e-1	-	0	0	7.786430e-3	7.000720e-2	2.059928e-2	5.988092e-2	1.182980e-2	-	-	-	-	-
26	v1fold156	1.0000	4.434012e-2	1.426940e-1	7.229831e-2	0.5698	2.408790e0	5.056581e-1	-	0	0	3.679507e-2	4.175028e-2	4.434299e-2	7.989535e-2	5.358770e-2	-	-	-	-	-
27	v1fold156	1.0000	7.108243e-2	2.198780e-1	1.237586e-1	0.5440	2.250427e0	4.740267e-1	-	0	0	4.796398e-2	7.900081e-2	1.078866e-1	9.259529e-2	6.223137e-2	-	-	-	-	-
28	v1fold156	1.0000	5.598102e-2	1.897581e-1	9.609199e-2	0.5443	2.142710e0	4.653704e-1	-	0	0	4.268890e-2	5.795261e-2	8.513264e-2	9.019418e-2	5.154953e-2	-	-	-	-	-
29	v1fold156	1.0000	7.136514e-2	1.619855e-1	1.811663e-1	0.6538	3.268013e0	6.143295e-1	-	0	0	9.124317e-2	3.940561e-2	8.728214e-2	2.572779e-1	9.520226e-2	-	-	-	-	-
30	v1fold156	1.0000	1.004549e-1	2.964852e-1	1.800520e-1	0.6262	3.690692e0	8.500780e-1	-	0	0	8.957781e-2	1.152985e-1	1.209772e-1	1.193801e-1	5.972428e-2	-	-	-	-	-
31	v1fold156	1.0000	9.998076e-2	2.690988e-1	1.939892e-1	0.6475	2.122924e0	6.427036e-1	-	0	0	1.113142e-1	8.303847e-2	1.334940e-1	2.552208e-1	9.188482e-2	-	-	-	-	-
32	v1fold156	1.0000	7.693497e-2	2.480784e-1	1.479371e-1	0.5063	1.972218e0	3.741818e-1	-	0	0	6.174476e-2	6.081151e-2	1.131682e-1	1.251905e-1	1.246541e-1	-	-	-	-	-
33	v1fold156	1.0000	1.459803e-1	5.708557e-1	2.823382e-1	0.6291	3.559098e0	6.377600e-1	-	0	0	1.193539e-1	1.002119e-1	1.701352e-1	2.143281e-1	2.966456e-1	-	-	-	-	-
34	v1fold156	1.0000	1.393711e-1	5.307555e-1	2.969186e-1	0.5422	2.746106e0	6.352965e-1	-	0	0	8.082866e-2	1.226853e-1	1.822190e-1	2.268080e-1	2.336222e-1	-	-	-	-	-
35	v1fold156	1.0000	4.215461e-2	8.693933e-2	6.243582e-2	0.7713	8.776982e-1	3.215225e-1	-	0	0	6.355088e-2	2.755343e-2	3.102141e-2	7.684314e-2	5.371153e-2	-	-	-	-	-
36	v1fold156	1.0000	1.587734e-1	5.344739e-1	2.518139e-1	0.5480	3.425468e0	7.147348e-1	-	0	0	1.007208e-1	1.439084e-1	3.075518e-1	3.409110e-1	1.973561e-1	-	-	-	-	-
37	v1fold156	1.0000	9.670538e-2	3.007821e-1	1.464126e-1	0.7249	2.123288e0	4.132394e-1	-	0	0	6.418103e-2	9.568230e-2	1.762422e-1	1.918545e-1	9.878594e-2	-	-	-	-	-
38	v1fold156	1.0000	2.835292e-5	6.103516e-5	5.019988e-5	0.9350	3.535470e-4	6.035858e-5	-	1	1	3.758809e-5	1.876021e-5	3.040172e-5	6.684232e-5	3.605234e-5	-	-	-	-	-
39	v1fold156	1.0000	5.271686e-2	1.521957e-1	8.391500e-2	0.5773	1.515268e0	2.673353e-1	-	0	0	4.583544e-2	4.835796e-2	6.966098e-2	8.728620e-2	6.231164e-2	-	-	-	-	-
40	v1fold156	1.0000	5.012186e-2	1.391578e-1	6.836854e-2	0.6349	1.501788e0	2.579848e-1	-	0	0	6.175366e-2	3.769621e-2	5.579940e-2	8.757187e-2	6.262808e-2	-	-	-	-	-
41	v1fold156	1.0000	5.138404e-2	2.048768e-1	1.009674e-1	0.6853	1.453339e0	2.967826e-1	-	0	0	2.143128e-2	6.013060e-2	7.265024e-2	1.416495e-1	3.680146e-2	-	-	-	-	-
42	v1fold156	1.0000	4.241571e-2	1.772325e-1	1.152417e-1	0.5023	1.842071e0	3.944178e-1	-	0	0	1.924104e-2	4.695453e-2	5.186248e-2	1.356616e-1	3.424415e-2	-	-	-	-	-
43	v1fold156	1.0000	9.475998e-2	2.941540e-1	1.394980e-1	0.6876	2.484424e0	4.584937e-1	-	0	0	1.022944e-1	8.148352e-2	1.015031e-1	1.197882e-1	1.177252e-1	-	-	-	-	-
44	v1fold156	1.0000	5.645352e-2	2.411687e-1	1.170455e-1	0.6126	2.056924e0	3.901140e-1	-	0	0	2.991873e-2	6.491808e-2	8.815515e-2	1.340844e-1	3.857666e-2	-	-	-	-	-
45	v1fold156	1.0000	8.946092e-2	4.503126e-1	2.063839e-1	0.5290	1.682416e0	5.413210e-1	-	0	0	4.104724e-2	8.169014e-2	1.442708e-1	1.744481e-1	1.411666e-1	-	-	-	-	-
46	v1fold156	1.0000	1.358916e-1	4.893055e-1	2.249491e-1	0.5732	2.028390e0	3.945598e-1	-	0	0	1.783554e-1	9.391736e-2	1.153524e-1	1.512312e-1	2.102700e-1	-	-	-	-	-
47	v1fold156	1.0000	8.010425e-2	2.980545e-1	1.474974e-1	0.5333	1.359762e0	2.459526e-1	-	0	0	7.001454e-2	6.455518e-2	9.112086e-2	1.156628e-1	1.290267e-1	-	-	-	-	-
48	v1fold156	1.0000	2.268898e-2	1.513069e-1	6.981008e-2	0.6565	9.371603e-1	4.687901e-1	-	0	0	1.072033e-2	2.432441e-2	1.476475e-2	1.824133e-2	3.619521e-2	-	-	-	-	-
49	v1fold156	1.0000	1.186069e-1	4.294928e-1	2.366706e-1	0.5002	2.757983e0	6.539055e-1	-	0	0	5.544111e-2	1.229655e-1	2.406469e-1	2.024631e-1	1.353533e-1	-	-	-	-	-
50	v1fold156	1.0000	7.256475e-2	2.184544e-1	1.241596e-1	0.6055	2.094776e0	4.143830e-1	-	0	0	5.375911e-2	6.433502e-2	1.300731e-1	1.089667e-1	9.826207e-2	-	-	-	-	-
51	v1fold156	1.0000	2.324627e-4	7.618070e-4	3.841950e-4	0.5721	2.243218e-3	4.112256e-4	-	0	0	1.796824e-4	2.301750e-4	2.627934e-4	4.260377e-4	2.541970e-4	-	-	-	-	-
52	v1fold156	1.0000	1.229303e-1	5.118741e-1	2.631042e-1	0.7965	2.500681e0	6.095515e-1	-	0	0	7.092414e-2	1.171878e-1	2.982180e-1	4.525604e-1	8.486119e-2	-	-	-	-	-
53	v1fold156	1.0000	1.638443e-1	6.151665e-1	2.897557e-1	0.7431	4.095630e0	9.475272e-1	-	0	0	9.971567e-2	1.761729e-1	3.289037e-1	3.795128e-1	1.158087e-1	-	-	-	-	-
54	v1fold156	1.0000	1.178853e-1	4.144802e-1	1.987113e-1	0.7586	2.699798e0	6.652463e-1	-	0	0	1.134598e-1	1.073142e-1	2.115229e-1	2.102486e-1	1.098020e-1	-	-	-	-	-
55	v1fold156	1.0000	9.475944e-2	3.103051e-1	1.860197e-1	0.6866	5.258631e0	1.221351e0	-	0	0	6.810477e-2	9.821783e-2	1.223655e-1	2.327826e-1	7.918755e-2	-	-	-	-	-
56	v1fold156	1.0000	8.676515e-2	3.848100e-1	1.925463e-1	0.5221	3.510375e0	6.801524e-1	-	0	0	3.744991e-2	9.955239e-2	1.445474e-1	2.342532e-1	6.200680e-2	-	-	-	-	-
57	v1fold156	1.0000	8.929924e-2	2.789698e-1	1.620038e-1	0.6870	3.862505e0	8.070856e-1	-	0	0	1.079070e-1	7.271573e-2	9.816074e-2	1.605781e-1	9.673292e-2	-	-	-	-	-
58	v1fold156	1.0000	1.111950e-1	4.792588e-1	2.486246e-1	0.5853	3.366500e0	8.880835e-1	-	0	0	4.275968e-2	1.012317e-1	2.774667e-1	3.061729e-1	1.407351e-1	-	-	-	-	-
59	v1fold156	1.0000	2.029727e-1	9.183104e-1	3.900860e-1	0.6099	5.393635e0	1.161969e0	-	0	0	9.930190e-2	2.360973e-1	3.304154e-1	3.848437e-1	1.603411e-1	-0.002946	-0.017162	-0.015894	-0.002338	-0.000351
60	v1fold156	1.0000	1.418054e-1	6.051192e-1	2.847716e-1	0.5015	4.012050e0	9.224399e-1	-	0	0	8.436405e-2	1.453408e-1	2.754018e-1	3.348406e-1	1.252506e-1	-	-	-	-	-
61	v1fold156	1.0000	5.315378e-2	1.483927e-1	1.292067e-1	0.7171	2.946213e0	7.762655e-1	-	0	0	5.856888e-2	5.178450e-2	4.006278e-2	5.794610e-2	5.262298e-2	-	-	-	-	-
62	v1fold156	1.0000	1.209563e-1	5.104600e-1	2.675216e-1	0.5379	3.534106e0	8.183377e-1	-	0	0	5.556109e-2	1.266209e-1	3.334221e-1	3.510960e-1	7.907943e-2	-	-	-	-	-
63	v1fold156	1.0000	1.135697e-1	4.358996e-1	2.635952e-1	0.5432	2.506127e0	5.418956e-1	-	0	0	4.623039e-2	1.303767e-1	3.252830e-1	2.601145e-1	6.011274e-2	-	-	-	-	-
64	v1fold156	1.0000	2.286201e-2	5.408955e-2	8.231474e-2	0.8052	2.263412e0	6.850954e-1	-	0	0	1.428390e-2	2.599825e-2	1.759783e-2	4.924944e-2	1.959024e-2	-	-	-	-	-
65	v1fold156	1.0000	4.337213e-2	2.077088e-1	9.209359e-2	0.5759	1.465875e0	5.610832e-1	-	0	0	1.532158e-2	5.065515e-2	4.884704e-2	8.738793e-2	4.565305e-2	-	-	-	-	-
66	v1fold156	1.0000	6.455402e-2	2.118784e-1	1.039237e-1	0.5891	1.753490e0	5.505738e-1	-	0	0	6.531232e-2	5.692003e-2	1.000705e-1	1.017861e-1	6.882642e-2	-	-	-	-	-
67	v1fold156	1.0000	5.497211e-2	2.257843e-1	1.060992e-1	0.7025	1.450131e0	5.271341e-1	-	0	0	2.932694e-2	5.746839e-2	8.058925e-2	1.187553e-1	5.883887e-2	-	-	-	-	-
68	v1fold156	1.0000	5.806616e-2	1.525955e-1	7.584569e-2	0.7701	1.435843e0	2.536626e-1	-	0	0	8.880635e-2	4.018804e-2	6.327454e-2	8.270680e-2	6.565847e-2	-	-	-	-	-
69	v1fold156	1.0000	5.941378e-2	1.983798e-1	1.126514e-1	0.6592	1.776720e0	4.484258e-1	-	0	0	3.095019e-2	6.464931e-2	9.243663e-2	9.672273e-2	6.285318e-2	-	-	-	-	-
70	v1fold156	1.0000	6.848260e-2	1.669226e-1	1.292626e-1	0.6881	1.625009e0	3.583739e-1	-	0	0	8.078761e-2	5.389506e-2	1.128384e-1	1.754532e-1	6.044657e-2	-	-	-	-	-
71	v1fold156	1.0000	1.990643e-1	8.216202e-1	4.018904e-1	0.6045	2.444121e0	7.016172e-1	-	0	0	1.434847e-1	1.649392e-1	2.290450e-1	2.998122e-1	3.425763e-1	-	-	-	-	-
72	v1fold156	1.0000	1.480368e-1	5.252419e-1	2.804679e-1	0.5433	2.590757e0	6.265379e-1	-	0	0	1.612999e-1	9.481039e-2	1.195838e-1	1.552319e-1	2.979552e-1	-	-	-	-	-
73	v1fold156	1.0000	9.278462e-2	3.472178e-1	1.535663e-1	0.5841	1.636977e0	2.724463e-1	-	0	0	7.484525e-2	8.752700e-2	9.836838e-2	1.238170e-1	1.230717e-1	-	-	-	-	-
74	v1fold156	1.0000	2.584836e-2	1.226511e-1	4.148677e-2	0.6811	6.087162e-1	2.775733e-1	-	0	0	3.063784e-2	2.111614e-2	1.956487e-2	2.095842e-2	3.680231e-2	-	-	-	-	-
75	v1fold156	1.0000	1.167503e-1	4.119408e-1	2.005335e-1	0.5066	2.526463e0	4.857691e-1	-	0	0	1.084083e-1	9.821155e-2	1.776908e-1	1.374516e-1	1.630125e-1	-	-	-	-	-
76	v1fold156	1.0000	5.662389e-2	2.342978e-1	1.024637e-1	0.5410	1.843494e0	3.665667e-1	-	0	0	3.630399e-2	5.136051e-2	1.032398e-1	7.502289e-2	8.229787e-2	-	-	-	-	-
77	v1fold156	1.0000	7.103319e-5	1.478195e-4	1.120235e-4	0.9798	7.042452e-4	1.085130e-4	-	1	0	8.702963e-5	5.265853e-5	7.742073e-5	1.492788e-4	8.626414e-5	-	-	-	-	-
78	v1fold156	1.0000	1.221180e-2	5.027413e-2	2.293392e-2	0.5732	4.158889e-1	9.831709e-2	-	0	0	6.740907e-3	1.354016e-2	2.067320e-2	1.833680e-2	1.159314e-2	-	-	-	-	-
79	v1fold156	1.0000	1.533394e-2	5.703646e-2	2.973354e-2	0.5951	4.946383e-1	9.283970e-2	-	0	0	8.377142e-3	1.837928e-2	1.790196e-2	2.305206e-2	1.257757e-2	-	-	-	-	-
80	v1fold156	1.0000	1.877445e-2	6.827420e-2	2.703024e-2	0.7459	4.554860e-1	1.179099e-1	-	0	0	1.590694e-2	1.789876e-2	2.337003e-2	2.973578e-2	2.136425e-2	-	-	-	-	-
81	v1fold156	1.0000	2.823484e-2	7.711625e-2	7.872050e-2	0.6942	7.788418e-1	2.226752e-1	-	0	0	2.136863e-2	2.648578e-2	9.043622e-2	5.872775e-2	1.912611e-2	-	-	-	-	-
82	v1fold156	1.0000	4.191041e-2	1.205122e-1	8.902412e-2	0.6867	1.116029e0	2.895649e-1	-	0	0	3.040088e-2	3.893209e-2	9.757503e-2	1.016012e-1	3.737712e-2	-	-	-	-	-
83	v1fold156	1.0000	3.482983e-2	9.071863e-2	8.310174e-2	0.6764	9.215006e-1	2.437655e-1	-	0	0	2.541856e-2	3.272801e-2	9.636364e-2	8.016798e-2	2.677101e-2	-	-	-	-	-
84	v1fold156	1.0000	5.494508e-2	2.522869e-1	1.282006e-1	0.5429	1.485823e0	5.432798e-1	-	0	0	3.444455e-2	5.789441e-2	7.442652e-2	6.666847e-2	6.455693e-2	-	-	-	-	-
85	v1fold156	1.0000	5.493236e-2	2.444048e-1	9.184669e-2	0.6607	1.702180e0	2.988561e-1	-	0	0	3.537972e-2	5.446354e-2	8.252094e-2	9.422366e-2	6.515592e-2	-	-	-	-	-
86	v1fold156	1.0000	4.385674e-2	1.742819e-1	9.253619e-2	0.5552	1.364643e0	2.121155e-1	-	0	0	2.108996e-2	5.028722e-2	7.114772e-2	7.379055e-2	3.956406e-2	-	-	-	-	-
87	v1fold156	1.0000	1.307590e-2	9.448528e-2	5.431506e-2	0.5971	5.672338e-1	2.845405e-1	-	0	0	4.677825e-3	1.486399e-2	9.134529e-3	7.321228e-3	2.080671e-2	-	-	-	-	-
88	v1fold156	1.0000	4.934595e-2	2.004748e-1	1.138542e-1	0.5977	1.510569e0	4.879836e-1	-	0	0	2.316451e-2	4.225763e-2	1.335518e-1	1.374851e-1	6.208006e-2	-	-	-	-	-
89	v1fold156	1.0000	7.094398e-2	3.182960e-1	1.636265e-1	0.5493	1.793503e0	6.644097e-1	-	0	0	5.178964e-2	4.979855e-2	1.624810e-1	1.725689e-1	1.121980e-1	-	-	-	-	-
90	v1fold156	1.0000	1.114392e-4	3.086329e-4	1.188750e-4	0.7528	3.411245e-4	4.269903e-5	-	0	0	7.840063e-5	1.156901e-4	1.323958e-4	1.846118e-4	1.185040e-4	-	-	-	-	-
91	v1fold156	1.0000	6.772795e-2	3.031030e-1	2.074489e-1	0.6196	2.514904e0	6.739364e-1	-	0	0	1.959475e-2	7.589354e-2	2.299223e-1	2.079358e-1	3.009447e-2	-	-	-	-	-
92	v1fold156	1.0000	7.402063e-2	1.949675e-1	1.169321e-1	0.7009	2.595221e0	5.033179e-1	-	0	0	8.380320e-2	6.705322e-2	1.253671e-1	1.113359e-1	6.056270e-2	-	-	-	-	-
93	v1fold156	1.0000	5.231861e-2	1.854448e-1	1.362934e-1	0.6333	2.345245e0	5.640098e-1	-	0	0	2.356781e-2	5.542630e-2	1.504499e-1	1.341536e-1	3.532341e-2	-	-	-	-	-
94	v1fold156	1.0000	5.973560e-2	2.074628e-1	1.212448e-1	0.5934	2.624205e0	8.059053e-1	-	0	0	3.494985e-2	6.615564e-2	9.772332e-2	1.208621e-1	4.802482e-2	-	-	-	-	-
95	v1fold156	1.0000	7.577375e-2	2.294903e-1	1.147513e-1	0.6639	2.273894e0	5.859356e-1	-	0	0	1.009688e-1	5.668088e-2	1.107178e-1	1.080044e-1	8.469325e-2	-	-	-	-	-
96	v1fold156	1.0000	3.896332e-2	1.361210e-1	6.437163e-2	0.6899	1.880636e0	3.872263e-1	-	0	0	2.705127e-2	4.271271e-2	3.840399e-2	5.033547e-2	4.039643e-2	-	-	-	-	-
97	v1fold156	1.0000	4.418880e-2	1.559193e-1	8.234331e-2	0.7185	1.467986e0	3.204821e-1	-	0	0	3.251023e-2	4.249176e-2	8.221769e-2	5.585210e-2	5.175557e-2	-	-	-	-	-
98	v1fold156	1.0000	1.162828e-1	4.805427e-1	2.276932e-1	0.6197	2.955389e0	7.098775e-1	-	0	0	6.172994e-2	1.275163e-1	2.040828e-1	2.515777e-1	9.802214e-2	-	-	-	-	-
99	v1fold156	1.0000	5.298596e-2	2.162510e-1	1.099572e-1	0.5832	1.720291e0	2.844263e-1	-	0	0	3.471179e-2	5.467738e-2	1.018924e-1	1.192764e-1	4.320554e-2	-	-	-	-	-
100	v1fold156	1.0000	3.765897e-2	1.164759e-1	9.851953e-2	0.7611	2.016976e0	6.589513e-1	-	0	0	4.245245e-2	3.498269e-2	2.851253e-2	3.195491e-2	4.331067e-2	-	-	-	-	-
101	v1fold156	1.0000	3.995130e-2	1.245708e-1	6.976671e-2	0.6232	1.468841e0	2.763765e-1	-	0	0	3.737434e-2	3.578284e-2	8.599898e-2	6.677376e-2	3.770533e-2	-	-	-	-	-
102	v1fold156	1.0000	3.991565e-2	1.016477e-1	6.228855e-2	0.7767	1.048623e0	2.215278e-1	-	0	0	4.892249e-2	2.864598e-2	6.286559e-2	4.366501e-2	5.567046e-2	-	-	-	-	-
103	v1fold156	1.0000	2.116200e-2	3.199610e-2	1.163639e-1	0.6732	1.165713e0	3.578189e-1	-	0	0	5.325310e-3	3.327653e-2	1.044826e-2	1.508258e-2	8.991276e-3	-	-	-	-	-
104	v1fold156	1.0000	1.543053e-2	5.645967e-2	2.275018e-2	0.7579	3.895849e-1	1.104181e-1	-	0	0	1.540809e-2	1.384615e-2	1.707476e-2	2.373122e-2	1.789853e-2	-	-	-	-	-
105	v1fold156	1.0000	2.458347e-2	8.881378e-2	3.649302e-2	0.7694	6.295083e-1	1.779532e-1	-	0	0	2.047940e-2	2.312958e-2	3.322501e-2	3.615999e-2	2.932125e-2	-	-	-	-	-
106	v1fold156	1.0000	2.934328e-2	9.309101e-2	4.033638e-2	0.7689	5.103745e-1	1.459239e-1	-	0	0	2.985996e-2	2.579061e-2	3.069909e-2	5.116367e-2	3.400545e-2	-	-	-	-	-
107	v1fold156	1.0000	2.882375e-2	7.125092e-2	5.481233e-2	0.7365	5.528453e-1	1.487077e-1	-	0	0	3.577017e-2	2.190340e-2	5.981697e-2	5.267681e-2	2.727762e-2	-	-	-	-	-
108	v1fold156	1.0000	2.732582e-2	7.516980e-2	4.580263e-2	0.7660	6.463243e-1	1.907234e-1	-	0	0	2.469147e-2	2.333120e-2	5.538507e-2	4.676395e-2	3.100940e-2	-	-	-	-	-
109	v1fold156	1.0000	2.675101e-2	6.875205e-2	5.916216e-2	0.6909	5.591233e-1	1.675819e-1	-	0	0	2.514920e-2	2.466645e-2	6.469485e-2	5.426658e-2	1.887762e-2	-	-	-	-	-
110	v1fold156	1.0000	1.080285e-1	4.338565e-1	2.087674e-1	0.5632	1.714048e0	5.347892e-1	-	0	0	5.477232e-2	1.122689e-1	1.573392e-1	1.915125e-1	1.313393e-1	-	-	-	-	-
111	v1fold156	1.0000	7.394139e-2	3.001008e-1	1.593587e-1	0.6501	1.757352e0	3.690322e-1	-	0	0	3.153337e-2	8.013952e-2	1.490608e-1	1.890791e-1	6.332308e-2	-	-	-	-	-
112	v1fold156	1.0000	4.371660e-2	1.441250e-1	7.787282e-2	0.5156	1.074770e0	1.835534e-1	-	0	0	2.152245e-2	5.068622e-2	6.419713e-2	7.678488e-2	3.808932e-2	-	-	-	-	-
113	v1fold156	1.0000	1.414735e-2	7.864875e-2	2.462284e-2	0.6865	3.403136e-1	1.608300e-1	-	0	0	1.498933e-2	1.262005e-2	9.907724e-3	8.889087e-3	2.001745e-2	-	-	-	-	-
114	v1fold156	1.0000	6.787492e-2	3.661788e-1	1.506884e-1	0.5684	2.534380e0	8.285311e-1	-	0	0	5.075832e-2	5.266279e-2	1.675040e-1	1.861740e-1	8.255282e-2	-	-	-	-	-
115	v1fold156	1.0000	4.804285e-2	2.197960e-1	1.071279e-1	0.5006	1.566104e0	4.762351e-1	-	0	0	3.025719e-2	3.983571e-2	1.127894e-1	1.287702e-1	6.015422e-2	-	-	-	-	-
116	v1fold156	1.0000	1.895149e-4	5.283356e-4	5.987117e-4	0.9674	4.405468e-3	6.607254e-4	-	0	0	1.480328e-4	1.783756e-4	2.454191e-4	3.383559e-4	2.273566e-4	-	-	-	-	-
117	v1fold156	1.0000	1.877614e-2	7.260227e-2	2.997551e-2	0.6946	5.210578e-1	1.451680e-1	-	0	0	2.033606e-2	1.590107e-2	1.851734e-2	1.302023e-2	2.689192e-2	-	-	-	-	-
118	v1fold156	1.0000	1.731528e-2	6.945741e-2	2.822404e-2	0.5563	5.987317e-1	1.582288e-1	-	0	0	1.197709e-2	1.800970e-2	2.550904e-2	1.664468e-2	2.010018e-2	-	-	-	-	-
119	v1fold156	1.0000	1.682609e-2	6.557417e-2	2.706101e-2	0.6297	5.296124e-1	1.500785e-1	-	0	0	1.540534e-2	1.525564e-2	1.850105e-2	1.428554e-2	2.356678e-2	-	-	-	-	-
120	v1fold156	1.0000	2.325499e-2	6.424904e-2	4.997249e-2	0.7996	6.651486e-1	1.744635e-1	-	0	0	2.326031e-2	1.874127e-2	6.137310e-2	2.614072e-2	2.637297e-2	-	-	-	-	-
121	v1fold156	1.0000	3.220942e-2	1.016550e-1	4.982579e-2	0.7885	9.797226e-1	2.182676e-1	-	0	0	2.995453e-2	3.054299e-2	6.378720e-2	4.816194e-2	2.825287e-2	-	-	-	-	-
122	v1fold156	1.0000	2.199481e-2	1.025934e-1	5.455504e-2	0.6101	8.236305e-1	1.937196e-1	-	0	0	9.942676e-3	2.437336e-2	6.311567e-2	3.336324e-2	1.696136e-2	-	-	-	-	-
123	v1fold156	1.0000	3.627359e-2	1.428807e-1	8.351283e-2	0.6272	1.492959e0	3.484242e-1	-	0	0	1.852963e-2	3.876082e-2	7.727280e-2	8.783265e-2	2.888398e-2	-	-	-	-	-
124	v1fold156	1.0000	4.895436e-2	1.833217e-1	1.005272e-1	0.5449	1.538798e0	2.467523e-1	-	0	0	2.392306e-2	5.153961e-2	9.191607e-2	1.525857e-1	3.798041e-2	-	-	-	-	-
125	v1fold156	1.0000	2.231249e-2	8.891541e-2	4.876738e-2	0.6041	1.124581e0	1.658408e-1	-	0	0	7.773828e-3	2.771432e-2	4.481057e-2	3.986032e-2	1.469828e-2	-	-	-	-	-
126	v1fold156	1.0000	1.405612e-2	9.607577e-2	5.789618e-2	0.6021	6.069702e-1	3.040060e-1	-	0	0	4.866985e-3	1.639595e-2	9.470470e-3	7.337968e-3	2.152282e-2	-	-	-	-	-
127	v1fold156	1.0000	3.893620e-2	1.238641e-1	7.860085e-2	0.5515	1.504735e0	3.180349e-1	-	0	0	2.711900e-2	3.343578e-2	1.120315e-1	7.596311e-2	4.320510e-2	-	-	-	-	-
128	v1fold156	1.0000	5.858160e-2	1.455344e-1	1.152742e-1	0.7775	1.291980e0	2.806457e-1	-	0	0	5.816717e-2	4.110955e-2	9.027325e-2	7.733548e-2	9.946403e-2	-	-	-	-	-
129	v1fold156	1.0000	6.604824e-5	1.544952e-4	8.181235e-5	0.5939	1.233292e-4	1.688357e-5	-	1	1	7.562579e-5	6.156567e-5	5.820962e-5	6.221766e-5	7.025276e-5	-	-	-	-	-
130	v1fold156	1.0000	3.031606e-2	8.584052e-2	8.778084e-2	0.6864	1.896537e0	4.565132e-1	-	0	0	1.201883e-2	3.067651e-2	1.017285e-1	8.082769e-2	2.244362e-2	-	-	-	-	-
131	v1fold156	1.0000	4.494725e-2	1.342077e-1	8.848860e-2	0.5910	2.379216e0	4.328974e-1	-	0	0	2.442072e-2	4.767685e-2	9.568483e-2	8.698115e-2	4.009370e-2	-	-	-	-	-
132	v1fold156	1.0000	3.426881e-2	1.007524e-1	8.715640e-2	0.5294	1.995315e0	4.729749e-1	-	0	0	2.037386e-2	3.249760e-2	1.132334e-1	8.661773e-2	2.481563e-2	-	-	-	-	-
133	v1fold156	1.0000	9.224157e-2	2.365813e-1	1.966135e-1	0.5878	2.760613e0	8.724854e-1	-	0	0	9.739476e-2	6.988474e-2	2.121302e-1	2.309522e-1	8.995740e-2	-	-	-	-	-
134	v1fold156	1.0000	8.039215e-2	2.643712e-1	1.509236e-1	0.6308	3.032158e0	7.153898e-1	-	0	0	6.791740e-2	8.759030e-2	9.010953e-2	1.116419e-1	6.480313e-2	-	-	-	-	-
135	v1fold156	1.0000	5.553012e-2	1.893165e-1	1.293685e-1	0.5558	2.018669e0	4.645801e-1	-	0	0	3.623489e-2	5.299220e-2	1.352219e-1	1.549749e-1	4.416899e-2	-	-	-	-	-
136	v1fold156	1.0000	5.357579e-2	1.836319e-1	1.152711e-1	0.5852	1.659564e0	4.179674e-1	-	0	0	3.576694e-2	5.429528e-2	1.209138e-1	1.013519e-1	4.568186e-2	-	-	-	-	-
137	v1fold156	1.0000	9.306565e-2	3.153311e-1	1.750237e-1	0.5884	3.279933e0	6.640117e-1	-	0	0	6.338737e-2	8.667439e-2	1.993006e-1	2.071004e-1	9.643434e-2	-	-	-	-	-
138	v1fold156	1.0000	8.196160e-2	2.710619e-1	1.490169e-1	0.6908	2.122467e0	4.233136e-1	-	0	0	7.481171e-2	6.416810e-2	1.733640e-1	1.843889e-1	9.749159e-2	-	-	-	-	-
139	v1fold156	1.0000	3.904054e-2	1.195329e-1	1.158046e-1	0.7866	2.286182e0	7.985202e-1	-	0	0	3.791644e-2	3.979001e-2	2.903355e-2	3.267578e-2	4.229022e-2	-	-	-	-	-
140	v1fold156	1.0000	5.908345e-2	1.428325e-1	8.108010e-2	0.6674	1.287042e0	2.756856e-1	-	0	0	8.526659e-2	3.898602e-2	8.417905e-2	7.414677e-2	7.633099e-2	-	-	-	-	-
141	v1fold156	1.0000	2.340956e-2	8.848286e-2	5.486845e-2	0.6612	7.731578e-1	1.893141e-1	-	0	0	1.022181e-2	2.798686e-2	4.547932e-2	2.812273e-2	1.966113e-2	-	-	-	-	-
142	v1fold156	1.0000	9.378853e-3	1.893651e-2	2.347424e-2	0.6900	4.133101e-1	1.032701e-1	-	0	0	1.005893e-2	9.934640e-3	5.290529e-3	7.362042e-3	8.351123e-3	-	-	-	-	-
143	v1fold156	1.0000	1.633219e-2	5.151546e-2	3.276654e-2	0.6693	4.620501e-1	7.510614e-2	-	0	0	1.428913e-2	1.850172e-2	1.510643e-2	1.696649e-2	1.255292e-2	-	-	-	-	-
144	v1fold156	1.0000	1.521437e-2	5.454874e-2	2.483894e-2	0.5287	5.073092e-1	1.268521e-1	-	0	0	1.213412e-2	1.614526e-2	2.288729e-2	1.612225e-2	1.415012e-2	-	-	-	-	-
145	v1fold156	1.0000	1.559190e-2	5.860758e-2	2.979407e-2	0.6419	4.727259e-1	9.082889e-2	-	0	0	9.642439e-3	1.901786e-2	1.582280e-2	1.692160e-2	1.248341e-2	-	-	-	-	-
146	v1fold156	1.0000	1.862950e-2	6.975019e-2	3.675988e-2	0.6540	4.558687e-1	1.743991e-1	-	0	0	1.726513e-2	1.573541e-2	4.271794e-2	2.292865e-2	2.190566e-2	-	-	-	-	-
147	v1fold156	1.0000	4.191579e-2	1.125690e-1	4.575608e-2	0.8452	8.243838e-1	1.965016e-1	-	0	0	5.534857e-2	3.019482e-2	5.466778e-2	4.116951e-2	5.704428e-2	-	-	-	-	-
148	v1fold156	1.0000	1.732684e-2	6.853163e-2	4.005203e-2	0.5363	5.523881e-1	1.719468e-1	-	0	0	8.739967e-3	1.901806e-2	4.534601e-2	2.516521e-2	1.414331e-2	-	-	-	-	-
149	v1fold156	1.0000	3.312561e-2	1.410369e-1	6.699504e-2	0.5883	1.547669e0	3.818671e-1	-	0	0	2.500304e-2	3.092708e-2	4.184811e-2	2.739952e-2	4.929229e-2	-	-	-	-	-
150	v1fold156	1.0000	6.135997e-2	2.152910e-1	1.049684e-1	0.5275	1.966845e0	3.959225e-1	-	0	0	3.665491e-2	6.254001e-2	9.447954e-2	1.268794e-1	6.565829e-2	-	-	-	-	-
151	v1fold156	1.0000	6.238020e-2	2.241583e-1	1.262052e-1	0.5178	1.818676e0	2.887910e-1	-	0	0	3.497124e-2	5.785263e-2	1.226088e-1	1.718115e-1	7.018269e-2	-	-	-	-	-
152	v1fold156	1.0000	1.482568e-2	8.599257e-2	2.606912e-2	0.7002	3.531661e-1	1.706375e-1	-	0	0	1.573557e-2	1.322101e-2	9.990409e-3	8.696171e-3	2.120040e-2	-	-	-	-	-
153	v1fold156	1.0000	5.390570e-2	2.467291e-1	1.075932e-1	0.6792	2.544070e0	7.737335e-1	-	0	0	2.760342e-2	5.595804e-2	1.392214e-1	1.076252e-1	4.683768e-2	-	-	-	-	-
154	v1fold156	1.0000	4.068175e-2	1.375239e-1	7.880977e-2	0.6250	1.455879e0	4.210609e-1	-	0	0	3.702136e-2	3.436131e-2	6.947119e-2	3.705962e-2	5.791538e-2	-	-	-	-	-
155	v1fold156	1.0000	5.640134e-4	1.418456e-3	3.782237e-3	0.8595	2.330461e-2	3.552767e-3	-	0	0	4.119953e-4	4.901375e-4	7.235649e-4	9.239245e-4	8.578235e-4	-	-	-	-	-
156	zeros156-371	0.0000	0.000000e0	0.000000e0	0.000000e0	1.0000	0.000000e0	0.000000e0	-	1	1	0.000000e0	0.000000e0	0.000000e0	0.000000e0	0.000000e0	-	-	-	-	-
157	zeros156-371	0.0000	0.000000e0	0.000000e0	0.000000e0	1.0000	0.000000e0	0.000000e0	-	1	1	0.000000e0	0.000000e0	0.000000e0	0.000000e0	0.000000e0	-	-	-	-	-
158	zeros156-371	0.0000	0.000000e0	0.000000e0	0.000000e0	1.0000	0.000000e0	0.000000e0	-	1	1	0.000000e0	0.000000e0	0.000000e0	0.000000e0	0.000000e0	-	-	-	-	-
159	zeros156-371	0.0000	0.000000e0	0.000000e0	0.000000e0	1.0000	0.000000e0	0.000000e0	-	1	1	0.000000e0	0.000000e0	0.000000e0	0.000000e0	0.000000e0	-	-	-	-	-
160	zeros156-371	0.0000	0.000000e0	0.000000e0	0.000000e0	1.0000	0.000000e0	0.000000e0	-	1	1	0.000000e0	0.000000e0	0.000000e0	0.000000e0	0.000000e0	-	-	-	-	-
161	zeros156-371	0.0000	0.000000e0	0.000000e0	0.000000e0	1.0000	0.000000e0	0.000000e0	-	1	1	0.000000e0	0.000000e0	0.000000e0	0.000000e0	0.000000e0	-	-	-	-	-
162	zeros156-371	0.0000	0.000000e0	0.000000e0	0.000000e0	1.0000	0.000000e0	0.000000e0	-	1	1	0.000000e0	0.000000e0	0.000000e0	0.000000e0	0.000000e0	-	-	-	-	-
163	zeros156-371	0.0000	0.000000e0	0.000000e0	0.000000e0	1.0000	0.000000e0	0.000000e0	-	1	1	0.000000e0	0.000000e0	0.000000e0	0.000000e0	0.000000e0	-	-	-	-	-
164	zeros156-371	0.0000	0.000000e0	0.000000e0	0.000000e0	1.0000	0.000000e0	0.000000e0	-	1	1	0.000000e0	0.000000e0	0.000000e0	0.000000e0	0.000000e0	-	-	-	-	-
165	zeros156-371	0.0000	0.000000e0	0.000000e0	0.000000e0	1.0000	0.000000e0	0.000000e0	-	1	1	0.000000e0	0.000000e0	0.000000e0	0.000000e0	0.000000e0	-	-	-	-	-
166	zeros156-371	0.0000	0.000000e0	0.000000e0	0.000000e0	1.0000	0.000000e0	0.000000e0	-	1	1	0.000000e0	0.000000e0	0.000000e0	0.000000e0	0.000000e0	-	-	-	-	-
167	zeros156-371	0.0000	0.000000e0	0.000000e0	0.000000e0	1.0000	0.000000e0	0.000000e0	-	1	1	0.000000e0	0.000000e0	0.000000e0	0.000000e0	0.000000e0	-	-	-	-	-
168	zeros156-371	0.0000	0.000000e0	0.000000e0	0.000000e0	1.0000	0.000000e0	0.000000e0	-	1	1	0.000000e0	0.000000e0	0.000000e0	0.000000e0	0.000000e0	-	-	-	-	-
169	zeros156-371	0.0000	0.000000e0	0.000000e0	0.000000e0	1.0000	0.000000e0	0.000000e0	-	1	1	0.000000e0	0.000000e0	0.000000e0	0.000000e0	0.000000e0	-	-	-	-	-
170	zeros156-371	0.0000	0.000000e0	0.000000e0	0.000000e0	1.0000	0.000000e0	0.000000e0	-	1	1	0.000000e0	0.000000e0	0.000000e0	0.000000e0	0.000000e0	-	-	-	-	-
171	zeros156-371	0.0000	0.000000e0	0.000000e0	0.000000e0	1.0000	0.000000e0	0.000000e0	-	1	1	0.000000e0	0.000000e0	0.000000e0	0.000000e0	0.000000e0	-	-	-	-	-
172	zeros156-371	0.0000	0.000000e0	0.000000e0	0.000000e0	1.0000	0.000000e0	0.000000e0	-	1	1	0.000000e0	0.000000e0	0.000000e0	0.000000e0	0.000000e0	-	-	-	-	-
173	zeros156-371	0.0000	0.000000e0	0.000000e0	0.000000e0	1.0000	0.000000e0	0.000000e0	-	1	1	0.000000e0	0.000000e0	0.000000e0	0.000000e0	0.000000e0	-	-	-	-	-
174	zeros156-371	0.0000	0.000000e0	0.000000e0	0.000000e0	1.0000	0.000000e0	0.000000e0	-	1	1	0.000000e0	0.000000e0	0.000000e0	0.000000e0	0.000000e0	-	-	-	-	-
175	zeros156-371	0.0000	0.000000e0	0.000000e0	0.000000e0	1.0000	0.000000e0	0.000000e0	-	1	1	0.000000e0	0.000000e0	0.000000e0	0.000000e0	0.000000e0	-	-	-	-	-
176	zeros156-371	0.0000	0.000000e0	0.000000e0	0.000000e0	1.0000	0.000000e0	0.000000e0	-	1	1	0.000000e0	0.000000e0	0.000000e0	0.000000e0	0.000000e0	-	-	-	-	-
177	zeros156-371	0.0000	0.000000e0	0.000000e0	0.000000e0	1.0000	0.000000e0	0.000000e0	-	1	1	0.000000e0	0.000000e0	0.000000e0	0.000000e0	0.000000e0	-	-	-	-	-
178	zeros156-371	0.0000	0.000000e0	0.000000e0	0.000000e0	1.0000	0.000000e0	0.000000e0	-	1	1	0.000000e0	0.000000e0	0.000000e0	0.000000e0	0.000000e0	-	-	-	-	-
179	zeros156-371	0.0000	0.000000e0	0.000000e0	0.000000e0	1.0000	0.000000e0	0.000000e0	-	1	1	0.000000e0	0.000000e0	0.000000e0	0.000000e0	0.000000e0	-	-	-	-	-
180	zeros156-371	0.0000	0.000000e0	0.000000e0	0.000000e0	1.0000	0.000000e0	0.000000e0	-	1	1	0.000000e0	0.000000e0	0.000000e0	0.000000e0	0.000000e0	-	-	-	-	-
181	zeros156-371	0.0000	0.000000e0	0.000000e0	0.000000e0	1.0000	0.000000e0	0.000000e0	-	1	1	0.000000e0	0.000000e0	0.000000e0	0.000000e0	0.000000e0	-	-	-	-	-
182	zeros156-371	0.0000	0.000000e0	0.000000e0	0.000000e0	1.0000	0.000000e0	0.000000e0	-	1	1	0.000000e0	0.000000e0	0.000000e0	0.000000e0	0.000000e0	-	-	-	-	-
183	zeros156-371	0.0000	0.000000e0	0.000000e0	0.000000e0	1.0000	0.000000e0	0.000000e0	-	1	1	0.000000e0	0.000000e0	0.000000e0	0.000000e0	0.000000e0	-	-	-	-	-
184	zeros156-371	0.0000	0.000000e0	0.000000e0	0.000000e0	1.0000	0.000000e0	0.000000e0	-	1	1	0.000000e0	0.000000e0	0.000000e0	0.000000e0	0.000000e0	-	-	-	-	-
185	zeros156-371	0.0000	0.000000e0	0.000000e0	0.000000e0	1.0000	0.000000e0	0.000000e0	-	1	1	0.000000e0	0.000000e0	0.000000e0	0.000000e0	0.000000e0	-	-	-	-	-
186	zeros156-371	0.0000	0.000000e0	0.000000e0	0.000000e0	1.0000	0.000000e0	0.000000e0	-	1	1	0.000000e0	0.000000e0	0.000000e0	0.000000e0	0.000000e0	-	-	-	-	-
187	zeros156-371	0.0000	0.000000e0	0.000000e0	0.000000e0	1.0000	0.000000e0	0.000000e0	-	1	1	0.000000e0	0.000000e0	0.000000e0	0.000000e0	0.000000e0	-	-	-	-	-
188	zeros156-371	0.0000	0.000000e0	0.000000e0	0.000000e0	1.0000	0.000000e0	0.000000e0	-	1	1	0.000000e0	0.000000e0	0.000000e0	0.000000e0	0.000000e0	-	-	-	-	-
189	zeros156-371	0.0000	0.000000e0	0.000000e0	0.000000e0	1.0000	0.000000e0	0.000000e0	-	1	1	0.000000e0	0.000000e0	0.000000e0	0.000000e0	0.000000e0	-	-	-	-	-
190	zeros156-371	0.0000	0.000000e0	0.000000e0	0.000000e0	1.0000	0.000000e0	0.000000e0	-	1	1	0.000000e0	0.000000e0	0.000000e0	0.000000e0	0.000000e0	-	-	-	-	-
191	zeros156-371	0.0000	0.000000e0	0.000000e0	0.000000e0	1.0000	0.000000e0	0.000000e0	-	1	1	0.000000e0	0.000000e0	0.000000e0	0.000000e0	0.000000e0	-	-	-	-	-
192	zeros156-371	0.0000	0.000000e0	0.000000e0	0.000000e0	1.0000	0.000000e0	0.000000e0	-	1	1	0.000000e0	0.000000e0	0.000000e0	0.000000e0	0.000000e0	-	-	-	-	-
193	zeros156-371	0.0000	0.000000e0	0.000000e0	0.000000e0	1.0000	0.000000e0	0.000000e0	-	1	1	0.000000e0	0.000000e0	0.000000e0	0.000000e0	0.000000e0	-	-	-	-	-
194	zeros156-371	0.0000	0.000000e0	0.000000e0	0.000000e0	1.0000	0.000000e0	0.000000e0	-	1	1	0.000000e0	0.000000e0	0.000000e0	0.000000e0	0.000000e0	-	-	-	-	-
195	zeros156-371	0.0000	0.000000e0	0.000000e0	0.000000e0	1.0000	0.000000e0	0.000000e0	-	1	1	0.000000e0	0.000000e0	0.000000e0	0.000000e0	0.000000e0	-	-	-	-	-
196	zeros156-371	0.0000	0.000000e0	0.000000e0	0.000000e0	1.0000	0.000000e0	0.000000e0	-	1	1	0.000000e0	0.000000e0	0.000000e0	0.000000e0	0.000000e0	-	-	-	-	-
197	zeros156-371	0.0000	0.000000e0	0.000000e0	0.000000e0	1.0000	0.000000e0	0.000000e0	-	1	1	0.000000e0	0.000000e0	0.000000e0	0.000000e0	0.000000e0	-	-	-	-	-
198	zeros156-371	0.0000	0.000000e0	0.000000e0	0.000000e0	1.0000	0.000000e0	0.000000e0	-	1	1	0.000000e0	0.000000e0	0.000000e0	0.000000e0	0.000000e0	-	-	-	-	-
199	zeros156-371	0.0000	0.000000e0	0.000000e0	0.000000e0	1.0000	0.000000e0	0.000000e0	-	1	1	0.000000e0	0.000000e0	0.000000e0	0.000000e0	0.000000e0	-	-	-	-	-
200	zeros156-371	0.0000	0.000000e0	0.000000e0	0.000000e0	1.0000	0.000000e0	0.000000e0	-	1	1	0.000000e0	0.000000e0	0.000000e0	0.000000e0	0.000000e0	-	-	-	-	-
201	zeros156-371	0.0000	0.000000e0	0.000000e0	0.000000e0	1.0000	0.000000e0	0.000000e0	-	1	1	0.000000e0	0.000000e0	0.000000e0	0.000000e0	0.000000e0	-	-	-	-	-
202	zeros156-371	0.0000	0.000000e0	0.000000e0	0.000000e0	1.0000	0.000000e0	0.000000e0	-	1	1	0.000000e0	0.000000e0	0.000000e0	0.000000e0	0.000000e0	-	-	-	-	-
203	zeros156-371	0.0000	0.000000e0	0.000000e0	0.000000e0	1.0000	0.000000e0	0.000000e0	-	1	1	0.000000e0	0.000000e0	0.000000e0	0.000000e0	0.000000e0	-	-	-	-	-
204	zeros156-371	0.0000	0.000000e0	0.000000e0	0.000000e0	1.0000	0.000000e0	0.000000e0	-	1	1	0.000000e0	0.000000e0	0.000000e0	0.000000e0	0.000000e0	-	-	-	-	-
205	zeros156-371	0.0000	0.000000e0	0.000000e0	0.000000e0	1.0000	0.000000e0	0.000000e0	-	1	1	0.000000e0	0.000000e0	0.000000e0	0.000000e0	0.000000e0	-	-	-	-	-
206	zeros156-371	0.0000	0.000000e0	0.000000e0	0.000000e0	1.0000	0.000000e0	0.000000e0	-	1	1	0.000000e0	0.000000e0	0.000000e0	0.000000e0	0.000000e0	-	-	-	-	-
207	zeros156-371	0.0000	0.000000e0	0.000000e0	0.000000e0	1.0000	0.000000e0	0.000000e0	-	1	1	0.000000e0	0.000000e0	0.000000e0	0.000000e0	0.000000e0	-	-	-	-	-
208	zeros156-371	0.0000	0.000000e0	0.000000e0	0.000000e0	1.0000	0.000000e0	0.000000e0	-	1	1	0.000000e0	0.000000e0	0.000000e0	0.000000e0	0.000000e0	-	-	-	-	-
209	zeros156-371	0.0000	0.000000e0	0.000000e0	0.000000e0	1.0000	0.000000e0	0.000000e0	-	1	1	0.000000e0	0.000000e0	0.000000e0	0.000000e0	0.000000e0	-	-	-	-	-
210	zeros156-371	0.0000	0.000000e0	0.000000e0	0.000000e0	1.0000	0.000000e0	0.000000e0	-	1	1	0.000000e0	0.000000e0	0.000000e0	0.000000e0	0.000000e0	-	-	-	-	-
211	zeros156-371	0.0000	0.000000e0	0.000000e0	0.000000e0	1.0000	0.000000e0	0.000000e0	-	1	1	0.000000e0	0.000000e0	0.000000e0	0.000000e0	0.000000e0	-	-	-	-	-
212	zeros156-371	0.0000	0.000000e0	0.000000e0	0.000000e0	1.0000	0.000000e0	0.000000e0	-	1	1	0.000000e0	0.000000e0	0.000000e0	0.000000e0	0.000000e0	-	-	-	-	-
213	zeros156-371	0.0000	0.000000e0	0.000000e0	0.000000e0	1.0000	0.000000e0	0.000000e0	-	1	1	0.000000e0	0.000000e0	0.000000e0	0.000000e0	0.000000e0	-	-	-	-	-
214	zeros156-371	0.0000	0.000000e0	0.000000e0	0.000000e0	1.0000	0.000000e0	0.000000e0	-	1	1	0.000000e0	0.000000e0	0.000000e0	0.000000e0	0.000000e0	-	-	-	-	-
215	zeros156-371	0.0000	0.000000e0	0.000000e0	0.000000e0	1.0000	0.000000e0	0.000000e0	-	1	1	0.000000e0	0.000000e0	0.000000e0	0.000000e0	0.000000e0	-	-	-	-	-
216	zeros156-371	0.0000	0.000000e0	0.000000e0	0.000000e0	1.0000	0.000000e0	0.000000e0	-	1	1	0.000000e0	0.000000e0	0.000000e0	0.000000e0	0.000000e0	-	-	-	-	-
217	zeros156-371	0.0000	0.000000e0	0.000000e0	0.000000e0	1.0000	0.000000e0	0.000000e0	-	1	1	0.000000e0	0.000000e0	0.000000e0	0.000000e0	0.000000e0	-	-	-	-	-
218	zeros156-371	0.0000	0.000000e0	0.000000e0	0.000000e0	1.0000	0.000000e0	0.000000e0	-	1	1	0.000000e0	0.000000e0	0.000000e0	0.000000e0	0.000000e0	-	-	-	-	-
219	zeros156-371	0.0000	0.000000e0	0.000000e0	0.000000e0	1.0000	0.000000e0	0.000000e0	-	1	1	0.000000e0	0.000000e0	0.000000e0	0.000000e0	0.000000e0	-	-	-	-	-
220	zeros156-371	0.0000	0.000000e0	0.000000e0	0.000000e0	1.0000	0.000000e0	0.000000e0	-	1	1	0.000000e0	0.000000e0	0.000000e0	0.000000e0	0.000000e0	-	-	-	-	-
221	zeros156-371	0.0000	0.000000e0	0.000000e0	0.000000e0	1.0000	0.000000e0	0.000000e0	-	1	1	0.000000e0	0.000000e0	0.000000e0	0.000000e0	0.000000e0	-	-	-	-	-
222	zeros156-371	0.0000	0.000000e0	0.000000e0	0.000000e0	1.0000	0.000000e0	0.000000e0	-	1	1	0.000000e0	0.000000e0	0.000000e0	0.000000e0	0.000000e0	-	-	-	-	-
223	zeros156-371	0.0000	0.000000e0	0.000000e0	0.000000e0	1.0000	0.000000e0	0.000000e0	-	1	1	0.000000e0	0.000000e0	0.000000e0	0.000000e0	0.000000e0	-	-	-	-	-
224	zeros156-371	0.0000	0.000000e0	0.000000e0	0.000000e0	1.0000	0.000000e0	0.000000e0	-	1	1	0.000000e0	0.000000e0	0.000000e0	0.000000e0	0.000000e0	-	-	-	-	-
225	zeros156-371	0.0000	0.000000e0	0.000000e0	0.000000e0	1.0000	0.000000e0	0.000000e0	-	1	1	0.000000e0	0.000000e0	0.000000e0	0.000000e0	0.000000e0	-	-	-	-	-
226	zeros156-371	0.0000	0.000000e0	0.000000e0	0.000000e0	1.0000	0.000000e0	0.000000e0	-	1	1	0.000000e0	0.000000e0	0.000000e0	0.000000e0	0.000000e0	-	-	-	-	-
227	zeros156-371	0.0000	0.000000e0	0.000000e0	0.000000e0	1.0000	0.000000e0	0.000000e0	-	1	1	0.000000e0	0.000000e0	0.000000e0	0.000000e0	0.000000e0	-	-	-	-	-
228	zeros156-371	0.0000	0.000000e0	0.000000e0	0.000000e0	1.0000	0.000000e0	0.000000e0	-	1	1	0.000000e0	0.000000e0	0.000000e0	0.000000e0	0.000000e0	-	-	-	-	-
229	zeros156-371	0.0000	0.000000e0	0.000000e0	0.000000e0	1.0000	0.000000e0	0.000000e0	-	1	1	0.000000e0	0.000000e0	0.000000e0	0.000000e0	0.000000e0	-	-	-	-	-
230	zeros156-371	0.0000	0.000000e0	0.000000e0	0.000000e0	1.0000	0.000000e0	0.000000e0	-	1	1	0.000000e0	0.000000e0	0.000000e0	0.000000e0	0.000000e0	-	-	-	-	-
231	zeros156-371	0.0000	0.000000e0	0.000000e0	0.000000e0	1.0000	0.000000e0	0.000000e0	-	1	1	0.000000e0	0.000000e0	0.000000e0	0.000000e0	0.000000e0	-	-	-	-	-
232	zeros156-371	0.0000	0.000000e0	0.000000e0	0.000000e0	1.0000	0.000000e0	0.000000e0	-	1	1	0.000000e0	0.000000e0	0.000000e0	0.000000e0	0.000000e0	-	-	-	-	-
233	zeros156-371	0.0000	0.000000e0	0.000000e0	0.000000e0	1.0000	0.000000e0	0.000000e0	-	1	1	0.000000e0	0.000000e0	0.000000e0	0.000000e0	0.000000e0	-	-	-	-	-
234	zeros156-371	0.0000	0.000000e0	0.000000e0	0.000000e0	1.0000	0.000000e0	0.000000e0	-	1	1	0.000000e0	0.000000e0	0.000000e0	0.000000e0	0.000000e0	-	-	-	-	-
235	zeros156-371	0.0000	0.000000e0	0.000000e0	0.000000e0	1.0000	0.000000e0	0.000000e0	-	1	1	0.000000e0	0.000000e0	0.000000e0	0.000000e0	0.000000e0	-	-	-	-	-
236	zeros156-371	0.0000	0.000000e0	0.000000e0	0.000000e0	1.0000	0.000000e0	0.000000e0	-	1	1	0.000000e0	0.000000e0	0.000000e0	0.000000e0	0.000000e0	-	-	-	-	-
237	zeros156-371	0.0000	0.000000e0	0.000000e0	0.000000e0	1.0000	0.000000e0	0.000000e0	-	1	1	0.000000e0	0.000000e0	0.000000e0	0.000000e0	0.000000e0	-	-	-	-	-
238	zeros156-371	0.0000	0.000000e0	0.000000e0	0.000000e0	1.0000	0.000000e0	0.000000e0	-	1	1	0.000000e0	0.000000e0	0.000000e0	0.000000e0	0.000000e0	-	-	-	-	-
239	zeros156-371	0.0000	0.000000e0	0.000000e0	0.000000e0	1.0000	0.000000e0	0.000000e0	-	1	1	0.000000e0	0.000000e0	0.000000e0	0.000000e0	0.000000e0	-	-	-	-	-
240	zeros156-371	0.0000	0.000000e0	0.000000e0	0.000000e0	1.0000	0.000000e0	0.000000e0	-	1	1	0.000000e0	0.000000e0	0.000000e0	0.000000e0	0.000000e0	-	-	-	-	-
241	zeros156-371	0.0000	0.000000e0	0.000000e0	0.000000e0	1.0000	0.000000e0	0.000000e0	-	1	1	0.000000e0	0.000000e0	0.000000e0	0.000000e0	0.000000e0	-	-	-	-	-
242	zeros156-371	0.0000	0.000000e0	0.000000e0	0.000000e0	1.0000	0.000000e0	0.000000e0	-	1	1	0.000000e0	0.000000e0	0.000000e0	0.000000e0	0.000000e0	-	-	-	-	-
243	zeros156-371	0.0000	0.000000e0	0.000000e0	0.000000e0	1.0000	0.000000e0	0.000000e0	-	1	1	0.000000e0	0.000000e0	0.000000e0	0.000000e0	0.000000e0	-	-	-	-	-
244	zeros156-371	0.0000	0.000000e0	0.000000e0	0.000000e0	1.0000	0.000000e0	0.000000e0	-	1	1	0.000000e0	0.000000e0	0.000000e0	0.000000e0	0.000000e0	-	-	-	-	-
245	zeros156-371	0.0000	0.000000e0	0.000000e0	0.000000e0	1.0000	0.000000e0	0.000000e0	-	1	1	0.000000e0	0.000000e0	0.000000e0	0.000000e0	0.000000e0	-	-	-	-	-
246	zeros156-371	0.0000	0.000000e0	0.000000e0	0.000000e0	1.0000	0.000000e0	0.000000e0	-	1	1	0.000000e0	0.000000e0	0.000000e0	0.000000e0	0.000000e0	-	-	-	-	-
247	zeros156-371	0.0000	0.000000e0	0.000000e0	0.000000e0	1.0000	0.000000e0	0.000000e0	-	1	1	0.000000e0	0.000000e0	0.000000e0	0.000000e0	0.000000e0	-	-	-	-	-
248	zeros156-371	0.0000	0.000000e0	0.000000e0	0.000000e0	1.0000	0.000000e0	0.000000e0	-	1	1	0.000000e0	0.000000e0	0.000000e0	0.000000e0	0.000000e0	-	-	-	-	-
249	zeros156-371	0.0000	0.000000e0	0.000000e0	0.000000e0	1.0000	0.000000e0	0.000000e0	-	1	1	0.000000e0	0.000000e0	0.000000e0	0.000000e0	0.000000e0	-	-	-	-	-
250	zeros156-371	0.0000	0.000000e0	0.000000e0	0.000000e0	1.0000	0.000000e0	0.000000e0	-	1	1	0.000000e0	0.000000e0	0.000000e0	0.000000e0	0.000000e0	-	-	-	-	-
251	zeros156-371	0.0000	0.000000e0	0.000000e0	0.000000e0	1.0000	0.000000e0	0.000000e0	-	1	1	0.000000e0	0.000000e0	0.000000e0	0.000000e0	0.000000e0	-	-	-	-	-
252	zeros156-371	0.0000	0.000000e0	0.000000e0	0.000000e0	1.0000	0.000000e0	0.000000e0	-	1	1	0.000000e0	0.000000e0	0.000000e0	0.000000e0	0.000000e0	-	-	-	-	-
253	zeros156-371	0.0000	0.000000e0	0.000000e0	0.000000e0	1.0000	0.000000e0	0.000000e0	-	1	1	0.000000e0	0.000000e0	0.000000e0	0.000000e0	0.000000e0	-	-	-	-	-
254	zeros156-371	0.0000	0.000000e0	0.000000e0	0.000000e0	1.0000	0.000000e0	0.000000e0	-	1	1	0.000000e0	0.000000e0	0.000000e0	0.000000e0	0.000000e0	-	-	-	-	-
255	zeros156-371	0.0000	0.000000e0	0.000000e0	0.000000e0	1.0000	0.000000e0	0.000000e0	-	1	1	0.000000e0	0.000000e0	0.000000e0	0.000000e0	0.000000e0	-	-	-	-	-
256	zeros156-371	0.0000	0.000000e0	0.000000e0	0.000000e0	1.0000	0.000000e0	0.000000e0	-	1	1	0.000000e0	0.000000e0	0.000000e0	0.000000e0	0.000000e0	-	-	-	-	-
257	zeros156-371	0.0000	0.000000e0	0.000000e0	0.000000e0	1.0000	0.000000e0	0.000000e0	-	1	1	0.000000e0	0.000000e0	0.000000e0	0.000000e0	0.000000e0	-	-	-	-	-
258	zeros156-371	0.0000	0.000000e0	0.000000e0	0.000000e0	1.0000	0.000000e0	0.000000e0	-	1	1	0.000000e0	0.000000e0	0.000000e0	0.000000e0	0.000000e0	-	-	-	-	-
259	zeros156-371	0.0000	0.000000e0	0.000000e0	0.000000e0	1.0000	0.000000e0	0.000000e0	-	1	1	0.000000e0	0.000000e0	0.000000e0	0.000000e0	0.000000e0	-	-	-	-	-
260	zeros156-371	0.0000	0.000000e0	0.000000e0	0.000000e0	1.0000	0.000000e0	0.000000e0	-	1	1	0.000000e0	0.000000e0	0.000000e0	0.000000e0	0.000000e0	-	-	-	-	-
261	zeros156-371	0.0000	0.000000e0	0.000000e0	0.000000e0	1.0000	0.000000e0	0.000000e0	-	1	1	0.000000e0	0.000000e0	0.000000e0	0.000000e0	0.000000e0	-	-	-	-	-
262	zeros156-371	0.0000	0.000000e0	0.000000e0	0.000000e0	1.0000	0.000000e0	0.000000e0	-	1	1	0.000000e0	0.000000e0	0.000000e0	0.000000e0	0.000000e0	-	-	-	-	-
263	zeros156-371	0.0000	0.000000e0	0.000000e0	0.000000e0	1.0000	0.000000e0	0.000000e0	-	1	1	0.000000e0	0.000000e0	0.000000e0	0.000000e0	0.000000e0	-	-	-	-	-
264	zeros156-371	0.0000	0.000000e0	0.000000e0	0.000000e0	1.0000	0.000000e0	0.000000e0	-	1	1	0.000000e0	0.000000e0	0.000000e0	0.000000e0	0.000000e0	-	-	-	-	-
265	zeros156-371	0.0000	0.000000e0	0.000000e0	0.000000e0	1.0000	0.000000e0	0.000000e0	-	1	1	0.000000e0	0.000000e0	0.000000e0	0.000000e0	0.000000e0	-	-	-	-	-
266	zeros156-371	0.0000	0.000000e0	0.000000e0	0.000000e0	1.0000	0.000000e0	0.000000e0	-	1	1	0.000000e0	0.000000e0	0.000000e0	0.000000e0	0.000000e0	-	-	-	-	-
267	zeros156-371	0.0000	0.000000e0	0.000000e0	0.000000e0	1.0000	0.000000e0	0.000000e0	-	1	1	0.000000e0	0.000000e0	0.000000e0	0.000000e0	0.000000e0	-	-	-	-	-
268	zeros156-371	0.0000	0.000000e0	0.000000e0	0.000000e0	1.0000	0.000000e0	0.000000e0	-	1	1	0.000000e0	0.000000e0	0.000000e0	0.000000e0	0.000000e0	-	-	-	-	-
269	zeros156-371	0.0000	0.000000e0	0.000000e0	0.000000e0	1.0000	0.000000e0	0.000000e0	-	1	1	0.000000e0	0.000000e0	0.000000e0	0.000000e0	0.000000e0	-	-	-	-	-
270	zeros156-371	0.0000	0.000000e0	0.000000e0	0.000000e0	1.0000	0.000000e0	0.000000e0	-	1	1	0.000000e0	0.000000e0	0.000000e0	0.000000e0	0.000000e0	-	-	-	-	-
271	zeros156-371	0.0000	0.000000e0	0.000000e0	0.000000e0	1.0000	0.000000e0	0.000000e0	-	1	1	0.000000e0	0.000000e0	0.000000e0	0.000000e0	0.000000e0	-	-	-	-	-
272	zeros156-371	0.0000	0.000000e0	0.000000e0	0.000000e0	1.0000	0.000000e0	0.000000e0	-	1	1	0.000000e0	0.000000e0	0.000000e0	0.000000e0	0.000000e0	-	-	-	-	-
273	zeros156-371	0.0000	0.000000e0	0.000000e0	0.000000e0	1.0000	0.000000e0	0.000000e0	-	1	1	0.000000e0	0.000000e0	0.000000e0	0.000000e0	0.000000e0	-	-	-	-	-
274	zeros156-371	0.0000	0.000000e0	0.000000e0	0.000000e0	1.0000	0.000000e0	0.000000e0	-	1	1	0.000000e0	0.000000e0	0.000000e0	0.000000e0	0.000000e0	-	-	-	-	-
275	zeros156-371	0.0000	0.000000e0	0.000000e0	0.000000e0	1.0000	0.000000e0	0.000000e0	-	1	1	0.000000e0	0.000000e0	0.000000e0	0.000000e0	0.000000e0	-	-	-	-	-
276	zeros156-371	0.0000	0.000000e0	0.000000e0	0.000000e0	1.0000	0.000000e0	0.000000e0	-	1	1	0.000000e0	0.000000e0	0.000000e0	0.000000e0	0.000000e0	-	-	-	-	-
277	zeros156-371	0.0000	0.000000e0	0.000000e0	0.000000e0	1.0000	0.000000e0	0.000000e0	-	1	1	0.000000e0	0.000000e0	0.000000e0	0.000000e0	0.000000e0	-	-	-	-	-
278	zeros156-371	0.0000	0.000000e0	0.000000e0	0.000000e0	1.0000	0.000000e0	0.000000e0	-	1	1	0.000000e0	0.000000e0	0.000000e0	0.000000e0	0.000000e0	-	-	-	-	-
279	zeros156-371	0.0000	0.000000e0	0.000000e0	0.000000e0	1.0000	0.000000e0	0.000000e0	-	1	1	0.000000e0	0.000000e0	0.000000e0	0.000000e0	0.000000e0	-	-	-	-	-
280	zeros156-371	0.0000	0.000000e0	0.000000e0	0.000000e0	1.0000	0.000000e0	0.000000e0	-	1	1	0.000000e0	0.000000e0	0.000000e0	0.000000e0	0.000000e0	-	-	-	-	-
281	zeros156-371	0.0000	0.000000e0	0.000000e0	0.000000e0	1.0000	0.000000e0	0.000000e0	-	1	1	0.000000e0	0.000000e0	0.000000e0	0.000000e0	0.000000e0	-	-	-	-	-
282	zeros156-371	0.0000	0.000000e0	0.000000e0	0.000000e0	1.0000	0.000000e0	0.000000e0	-	1	1	0.000000e0	0.000000e0	0.000000e0	0.000000e0	0.000000e0	-	-	-	-	-
283	zeros156-371	0.0000	0.000000e0	0.000000e0	0.000000e0	1.0000	0.000000e0	0.000000e0	-	1	1	0.000000e0	0.000000e0	0.000000e0	0.000000e0	0.000000e0	-	-	-	-	-
284	zeros156-371	0.0000	0.000000e0	0.000000e0	0.000000e0	1.0000	0.000000e0	0.000000e0	-	1	1	0.000000e0	0.000000e0	0.000000e0	0.000000e0	0.000000e0	-	-	-	-	-
285	zeros156-371	0.0000	0.000000e0	0.000000e0	0.000000e0	1.0000	0.000000e0	0.000000e0	-	1	1	0.000000e0	0.000000e0	0.000000e0	0.000000e0	0.000000e0	-	-	-	-	-
286	zeros156-371	0.0000	0.000000e0	0.000000e0	0.000000e0	1.0000	0.000000e0	0.000000e0	-	1	1	0.000000e0	0.000000e0	0.000000e0	0.000000e0	0.000000e0	-	-	-	-	-
287	zeros156-371	0.0000	0.000000e0	0.000000e0	0.000000e0	1.0000	0.000000e0	0.000000e0	-	1	1	0.000000e0	0.000000e0	0.000000e0	0.000000e0	0.000000e0	-	-	-	-	-
288	zeros156-371	0.0000	0.000000e0	0.000000e0	0.000000e0	1.0000	0.000000e0	0.000000e0	-	1	1	0.000000e0	0.000000e0	0.000000e0	0.000000e0	0.000000e0	-	-	-	-	-
289	zeros156-371	0.0000	0.000000e0	0.000000e0	0.000000e0	1.0000	0.000000e0	0.000000e0	-	1	1	0.000000e0	0.000000e0	0.000000e0	0.000000e0	0.000000e0	-	-	-	-	-
290	zeros156-371	0.0000	0.000000e0	0.000000e0	0.000000e0	1.0000	0.000000e0	0.000000e0	-	1	1	0.000000e0	0.000000e0	0.000000e0	0.000000e0	0.000000e0	-	-	-	-	-
291	zeros156-371	0.0000	0.000000e0	0.000000e0	0.000000e0	1.0000	0.000000e0	0.000000e0	-	1	1	0.000000e0	0.000000e0	0.000000e0	0.000000e0	0.000000e0	-	-	-	-	-
292	zeros156-371	0.0000	0.000000e0	0.000000e0	0.000000e0	1.0000	0.000000e0	0.000000e0	-	1	1	0.000000e0	0.000000e0	0.000000e0	0.000000e0	0.000000e0	-	-	-	-	-
293	zeros156-371	0.0000	0.000000e0	0.000000e0	0.000000e0	1.0000	0.000000e0	0.000000e0	-	1	1	0.000000e0	0.000000e0	0.000000e0	0.000000e0	0.000000e0	-	-	-	-	-
294	zeros156-371	0.0000	0.000000e0	0.000000e0	0.000000e0	1.0000	0.000000e0	0.000000e0	-	1	1	0.000000e0	0.000000e0	0.000000e0	0.000000e0	0.000000e0	-	-	-	-	-
295	zeros156-371	0.0000	0.000000e0	0.000000e0	0.000000e0	1.0000	0.000000e0	0.000000e0	-	1	1	0.000000e0	0.000000e0	0.000000e0	0.000000e0	0.000000e0	-	-	-	-	-
296	zeros156-371	0.0000	0.000000e0	0.000000e0	0.000000e0	1.0000	0.000000e0	0.000000e0	-	1	1	0.000000e0	0.000000e0	0.000000e0	0.000000e0	0.000000e0	-	-	-	-	-
297	zeros156-371	0.0000	0.000000e0	0.000000e0	0.000000e0	1.0000	0.000000e0	0.000000e0	-	1	1	0.000000e0	0.000000e0	0.000000e0	0.000000e0	0.000000e0	-	-	-	-	-
298	zeros156-371	0.0000	0.000000e0	0.000000e0	0.000000e0	1.0000	0.000000e0	0.000000e0	-	1	1	0.000000e0	0.000000e0	0.000000e0	0.000000e0	0.000000e0	-	-	-	-	-
299	zeros156-371	0.0000	0.000000e0	0.000000e0	0.000000e0	1.0000	0.000000e0	0.000000e0	-	1	1	0.000000e0	0.000000e0	0.000000e0	0.000000e0	0.000000e0	-	-	-	-	-
300	zeros156-371	0.0000	0.000000e0	0.000000e0	0.000000e0	1.0000	0.000000e0	0.000000e0	-	1	1	0.000000e0	0.000000e0	0.000000e0	0.000000e0	0.000000e0	-	-	-	-	-
301	zeros156-371	0.0000	0.000000e0	0.000000e0	0.000000e0	1.0000	0.000000e0	0.000000e0	-	1	1	0.000000e0	0.000000e0	0.000000e0	0.000000e0	0.000000e0	-	-	-	-	-
302	zeros156-371	0.0000	0.000000e0	0.000000e0	0.000000e0	1.0000	0.000000e0	0.000000e0	-	1	1	0.000000e0	0.000000e0	0.000000e0	0.000000e0	0.000000e0	-	-	-	-	-
303	zeros156-371	0.0000	0.000000e0	0.000000e0	0.000000e0	1.0000	0.000000e0	0.000000e0	-	1	1	0.000000e0	0.000000e0	0.000000e0	0.000000e0	0.000000e0	-	-	-	-	-
304	zeros156-371	0.0000	0.000000e0	0.000000e0	0.000000e0	1.0000	0.000000e0	0.000000e0	-	1	1	0.000000e0	0.000000e0	0.000000e0	0.000000e0	0.000000e0	-	-	-	-	-
305	zeros156-371	0.0000	0.000000e0	0.000000e0	0.000000e0	1.0000	0.000000e0	0.000000e0	-	1	1	0.000000e0	0.000000e0	0.000000e0	0.000000e0	0.000000e0	-	-	-	-	-
306	zeros156-371	0.0000	0.000000e0	0.000000e0	0.000000e0	1.0000	0.000000e0	0.000000e0	-	1	1	0.000000e0	0.000000e0	0.000000e0	0.000000e0	0.000000e0	-	-	-	-	-
307	zeros156-371	0.0000	0.000000e0	0.000000e0	0.000000e0	1.0000	0.000000e0	0.000000e0	-	1	1	0.000000e0	0.000000e0	0.000000e0	0.000000e0	0.000000e0	-	-	-	-	-
308	zeros156-371	0.0000	0.000000e0	0.000000e0	0.000000e0	1.0000	0.000000e0	0.000000e0	-	1	1	0.000000e0	0.000000e0	0.000000e0	0.000000e0	0.000000e0	-	-	-	-	-
309	zeros156-371	0.0000	0.000000e0	0.000000e0	0.000000e0	1.0000	0.000000e0	0.000000e0	-	1	1	0.000000e0	0.000000e0	0.000000e0	0.000000e0	0.000000e0	-	-	-	-	-
310	zeros156-371	0.0000	0.000000e0	0.000000e0	0.000000e0	1.0000	0.000000e0	0.000000e0	-	1	1	0.000000e0	0.000000e0	0.000000e0	0.000000e0	0.000000e0	-	-	-	-	-
311	zeros156-371	0.0000	0.000000e0	0.000000e0	0.000000e0	1.0000	0.000000e0	0.000000e0	-	1	1	0.000000e0	0.000000e0	0.000000e0	0.000000e0	0.000000e0	-	-	-	-	-
312	zeros156-371	0.0000	0.000000e0	0.000000e0	0.000000e0	1.0000	0.000000e0	0.000000e0	-	1	1	0.000000e0	0.000000e0	0.000000e0	0.000000e0	0.000000e0	-	-	-	-	-
313	zeros156-371	0.0000	0.000000e0	0.000000e0	0.000000e0	1.0000	0.000000e0	0.000000e0	-	1	1	0.000000e0	0.000000e0	0.000000e0	0.000000e0	0.000000e0	-	-	-	-	-
314	zeros156-371	0.0000	0.000000e0	0.000000e0	0.000000e0	1.0000	0.000000e0	0.000000e0	-	1	1	0.000000e0	0.000000e0	0.000000e0	0.000000e0	0.000000e0	-	-	-	-	-
315	zeros156-371	0.0000	0.000000e0	0.000000e0	0.000000e0	1.0000	0.000000e0	0.000000e0	-	1	1	0.000000e0	0.000000e0	0.000000e0	0.000000e0	0.000000e0	-	-	-	-	-
316	zeros156-371	0.0000	0.000000e0	0.000000e0	0.000000e0	1.0000	0.000000e0	0.000000e0	-	1	1	0.000000e0	0.000000e0	0.000000e0	0.000000e0	0.000000e0	-	-	-	-	-
317	zeros156-371	0.0000	0.000000e0	0.000000e0	0.000000e0	1.0000	0.000000e0	0.000000e0	-	1	1	0.000000e0	0.000000e0	0.000000e0	0.000000e0	0.000000e0	-	-	-	-	-
318	zeros156-371	0.0000	0.000000e0	0.000000e0	0.000000e0	1.0000	0.000000e0	0.000000e0	-	1	1	0.000000e0	0.000000e0	0.000000e0	0.000000e0	0.000000e0	-	-	-	-	-
319	zeros156-371	0.0000	0.000000e0	0.000000e0	0.000000e0	1.0000	0.000000e0	0.000000e0	-	1	1	0.000000e0	0.000000e0	0.000000e0	0.000000e0	0.000000e0	-	-	-	-	-
320	zeros156-371	0.0000	0.000000e0	0.000000e0	0.000000e0	1.0000	0.000000e0	0.000000e0	-	1	1	0.000000e0	0.000000e0	0.000000e0	0.000000e0	0.000000e0	-	-	-	-	-
321	zeros156-371	0.0000	0.000000e0	0.000000e0	0.000000e0	1.0000	0.000000e0	0.000000e0	-	1	1	0.000000e0	0.000000e0	0.000000e0	0.000000e0	0.000000e0	-	-	-	-	-
322	zeros156-371	0.0000	0.000000e0	0.000000e0	0.000000e0	1.0000	0.000000e0	0.000000e0	-	1	1	0.000000e0	0.000000e0	0.000000e0	0.000000e0	0.000000e0	-	-	-	-	-
323	zeros156-371	0.0000	0.000000e0	0.000000e0	0.000000e0	1.0000	0.000000e0	0.000000e0	-	1	1	0.000000e0	0.000000e0	0.000000e0	0.000000e0	0.000000e0	-	-	-	-	-
324	zeros156-371	0.0000	0.000000e0	0.000000e0	0.000000e0	1.0000	0.000000e0	0.000000e0	-	1	1	0.000000e0	0.000000e0	0.000000e0	0.000000e0	0.000000e0	-	-	-	-	-
325	zeros156-371	0.0000	0.000000e0	0.000000e0	0.000000e0	1.0000	0.000000e0	0.000000e0	-	1	1	0.000000e0	0.000000e0	0.000000e0	0.000000e0	0.000000e0	-	-	-	-	-
326	zeros156-371	0.0000	0.000000e0	0.000000e0	0.000000e0	1.0000	0.000000e0	0.000000e0	-	1	1	0.000000e0	0.000000e0	0.000000e0	0.000000e0	0.000000e0	-	-	-	-	-
327	zeros156-371	0.0000	0.000000e0	0.000000e0	0.000000e0	1.0000	0.000000e0	0.000000e0	-	1	1	0.000000e0	0.000000e0	0.000000e0	0.000000e0	0.000000e0	-	-	-	-	-
328	zeros156-371	0.0000	0.000000e0	0.000000e0	0.000000e0	1.0000	0.000000e0	0.000000e0	-	1	1	0.000000e0	0.000000e0	0.000000e0	0.000000e0	0.000000e0	-	-	-	-	-
329	zeros156-371	0.0000	0.000000e0	0.000000e0	0.000000e0	1.0000	0.000000e0	0.000000e0	-	1	1	0.000000e0	0.000000e0	0.000000e0	0.000000e0	0.000000e0	-	-	-	-	-
330	zeros156-371	0.0000	0.000000e0	0.000000e0	0.000000e0	1.0000	0.000000e0	0.000000e0	-	1	1	0.000000e0	0.000000e0	0.000000e0	0.000000e0	0.000000e0	-	-	-	-	-
331	zeros156-371	0.0000	0.000000e0	0.000000e0	0.000000e0	1.0000	0.000000e0	0.000000e0	-	1	1	0.000000e0	0.000000e0	0.000000e0	0.000000e0	0.000000e0	-	-	-	-	-
332	zeros156-371	0.0000	0.000000e0	0.000000e0	0.000000e0	1.0000	0.000000e0	0.000000e0	-	1	1	0.000000e0	0.000000e0	0.000000e0	0.000000e0	0.000000e0	-	-	-	-	-
333	zeros156-371	0.0000	0.000000e0	0.000000e0	0.000000e0	1.0000	0.000000e0	0.000000e0	-	1	1	0.000000e0	0.000000e0	0.000000e0	0.000000e0	0.000000e0	-	-	-	-	-
334	zeros156-371	0.0000	0.000000e0	0.000000e0	0.000000e0	1.0000	0.000000e0	0.000000e0	-	1	1	0.000000e0	0.000000e0	0.000000e0	0.000000e0	0.000000e0	-	-	-	-	-
335	zeros156-371	0.0000	0.000000e0	0.000000e0	0.000000e0	1.0000	0.000000e0	0.000000e0	-	1	1	0.000000e0	0.000000e0	0.000000e0	0.000000e0	0.000000e0	-	-	-	-	-
336	zeros156-371	0.0000	0.000000e0	0.000000e0	0.000000e0	1.0000	0.000000e0	0.000000e0	-	1	1	0.000000e0	0.000000e0	0.000000e0	0.000000e0	0.000000e0	-	-	-	-	-
337	zeros156-371	0.0000	0.000000e0	0.000000e0	0.000000e0	1.0000	0.000000e0	0.000000e0	-	1	1	0.000000e0	0.000000e0	0.000000e0	0.000000e0	0.000000e0	-	-	-	-	-
338	zeros156-371	0.0000	0.000000e0	0.000000e0	0.000000e0	1.0000	0.000000e0	0.000000e0	-	1	1	0.000000e0	0.000000e0	0.000000e0	0.000000e0	0.000000e0	-	-	-	-	-
339	zeros156-371	0.0000	0.000000e0	0.000000e0	0.000000e0	1.0000	0.000000e0	0.000000e0	-	1	1	0.000000e0	0.000000e0	0.000000e0	0.000000e0	0.000000e0	-	-	-	-	-
340	zeros156-371	0.0000	0.000000e0	0.000000e0	0.000000e0	1.0000	0.000000e0	0.000000e0	-	1	1	0.000000e0	0.000000e0	0.000000e0	0.000000e0	0.000000e0	-	-	-	-	-
341	zeros156-371	0.0000	0.000000e0	0.000000e0	0.000000e0	1.0000	0.000000e0	0.000000e0	-	1	1	0.000000e0	0.000000e0	0.000000e0	0.000000e0	0.000000e0	-	-	-	-	-
342	zeros156-371	0.0000	0.000000e0	0.000000e0	0.000000e0	1.0000	0.000000e0	0.000000e0	-	1	1	0.000000e0	0.000000e0	0.000000e0	0.000000e0	0.000000e0	-	-	-	-	-
343	zeros156-371	0.0000	0.000000e0	0.000000e0	0.000000e0	1.0000	0.000000e0	0.000000e0	-	1	1	0.000000e0	0.000000e0	0.000000e0	0.000000e0	0.000000e0	-	-	-	-	-
344	zeros156-371	0.0000	0.000000e0	0.000000e0	0.000000e0	1.0000	0.000000e0	0.000000e0	-	1	1	0.000000e0	0.000000e0	0.000000e0	0.000000e0	0.000000e0	-	-	-	-	-
345	zeros156-371	0.0000	0.000000e0	0.000000e0	0.000000e0	1.0000	0.000000e0	0.000000e0	-	1	1	0.000000e0	0.000000e0	0.000000e0	0.000000e0	0.000000e0	-	-	-	-	-
346	zeros156-371	0.0000	0.000000e0	0.000000e0	0.000000e0	1.0000	0.000000e0	0.000000e0	-	1	1	0.000000e0	0.000000e0	0.000000e0	0.000000e0	0.000000e0	-	-	-	-	-
347	zeros156-371	0.0000	0.000000e0	0.000000e0	0.000000e0	1.0000	0.000000e0	0.000000e0	-	1	1	0.000000e0	0.000000e0	0.000000e0	0.000000e0	0.000000e0	-	-	-	-	-
348	zeros156-371	0.0000	0.000000e0	0.000000e0	0.000000e0	1.0000	0.000000e0	0.000000e0	-	1	1	0.000000e0	0.000000e0	0.000000e0	0.000000e0	0.000000e0	-	-	-	-	-
349	zeros156-371	0.0000	0.000000e0	0.000000e0	0.000000e0	1.0000	0.000000e0	0.000000e0	-	1	1	0.000000e0	0.000000e0	0.000000e0	0.000000e0	0.000000e0	-	-	-	-	-
350	zeros156-371	0.0000	0.000000e0	0.000000e0	0.000000e0	1.0000	0.000000e0	0.000000e0	-	1	1	0.000000e0	0.000000e0	0.000000e0	0.000000e0	0.000000e0	-	-	-	-	-
351	zeros156-371	0.0000	0.000000e0	0.000000e0	0.000000e0	1.0000	0.000000e0	0.000000e0	-	1	1	0.000000e0	0.000000e0	0.000000e0	0.000000e0	0.000000e0	-	-	-	-	-
352	zeros156-371	0.0000	0.000000e0	0.000000e0	0.000000e0	1.0000	0.000000e0	0.000000e0	-	1	1	0.000000e0	0.000000e0	0.000000e0	0.000000e0	0.000000e0	-	-	-	-	-
353	zeros156-371	0.0000	0.000000e0	0.000000e0	0.000000e0	1.0000	0.000000e0	0.000000e0	-	1	1	0.000000e0	0.000000e0	0.000000e0	0.000000e0	0.000000e0	-	-	-	-	-
354	zeros156-371	0.0000	0.000000e0	0.000000e0	0.000000e0	1.0000	0.000000e0	0.000000e0	-	1	1	0.000000e0	0.000000e0	0.000000e0	0.000000e0	0.000000e0	-	-	-	-	-
355	zeros156-371	0.0000	0.000000e0	0.000000e0	0.000000e0	1.0000	0.000000e0	0.000000e0	-	1	1	0.000000e0	0.000000e0	0.000000e0	0.000000e0	0.000000e0	-	-	-	-	-
356	zeros156-371	0.0000	0.000000e0	0.000000e0	0.000000e0	1.0000	0.000000e0	0.000000e0	-	1	1	0.000000e0	0.000000e0	0.000000e0	0.000000e0	0.000000e0	-	-	-	-	-
357	zeros156-371	0.0000	0.000000e0	0.000000e0	0.000000e0	1.0000	0.000000e0	0.000000e0	-	1	1	0.000000e0	0.000000e0	0.000000e0	0.000000e0	0.000000e0	-	-	-	-	-
358	zeros156-371	0.0000	0.000000e0	0.000000e0	0.000000e0	1.0000	0.000000e0	0.000000e0	-	1	1	0.000000e0	0.000000e0	0.000000e0	0.000000e0	0.000000e0	-	-	-	-	-
359	zeros156-371	0.0000	0.000000e0	0.000000e0	0.000000e0	1.0000	0.000000e0	0.000000e0	-	1	1	0.000000e0	0.000000e0	0.000000e0	0.000000e0	0.000000e0	-	-	-	-	-
360	zeros156-371	0.0000	0.000000e0	0.000000e0	0.000000e0	1.0000	0.000000e0	0.000000e0	-	1	1	0.000000e0	0.000000e0	0.000000e0	0.000000e0	0.000000e0	-	-	-	-	-
361	zeros156-371	0.0000	0.000000e0	0.000000e0	0.000000e0	1.0000	0.000000e0	0.000000e0	-	1	1	0.000000e0	0.000000e0	0.000000e0	0.000000e0	0.000000e0	-	-	-	-	-
362	zeros156-371	0.0000	0.000000e0	0.000000e0	0.000000e0	1.0000	0.000000e0	0.000000e0	-	1	1	0.000000e0	0.000000e0	0.000000e0	0.000000e0	0.000000e0	-	-	-	-	-
363	zeros156-371	0.0000	0.000000e0	0.000000e0	0.000000e0	1.0000	0.000000e0	0.000000e0	-	1	1	0.000000e0	0.000000e0	0.000000e0	0.000000e0	0.000000e0	-	-	-	-	-
364	zeros156-371	0.0000	0.000000e0	0.000000e0	0.000000e0	1.0000	0.000000e0	0.000000e0	-	1	1	0.000000e0	0.000000e0	0.000000e0	0.000000e0	0.000000e0	-	-	-	-	-
365	zeros156-371	0.0000	0.000000e0	0.000000e0	0.000000e0	1.0000	0.000000e0	0.000000e0	-	1	1	0.000000e0	0.000000e0	0.000000e0	0.000000e0	0.000000e0	-	-	-	-	-
366	zeros156-371	0.0000	0.000000e0	0.000000e0	0.000000e0	1.0000	0.000000e0	0.000000e0	-	1	1	0.000000e0	0.000000e0	0.000000e0	0.000000e0	0.000000e0	-	-	-	-	-
367	zeros156-371	0.0000	0.000000e0	0.000000e0	0.000000e0	1.0000	0.000000e0	0.000000e0	-	1	1	0.000000e0	0.000000e0	0.000000e0	0.000000e0	0.000000e0	-	-	-	-	-
368	zeros156-371	0.0000	0.000000e0	0.000000e0	0.000000e0	1.0000	0.000000e0	0.000000e0	-	1	1	0.000000e0	0.000000e0	0.000000e0	0.000000e0	0.000000e0	-	-	-	-	-
369	zeros156-371	0.0000	0.000000e0	0.000000e0	0.000000e0	1.0000	0.000000e0	0.000000e0	-	1	1	0.000000e0	0.000000e0	0.000000e0	0.000000e0	0.000000e0	-	-	-	-	-
370	zeros156-371	0.0000	0.000000e0	0.000000e0	0.000000e0	1.0000	0.000000e0	0.000000e0	-	1	1	0.000000e0	0.000000e0	0.000000e0	0.000000e0	0.000000e0	-	-	-	-	-
371	zeros156-371	0.0000	0.000000e0	0.000000e0	0.000000e0	1.0000	0.000000e0	0.000000e0	-	1	1	0.000000e0	0.000000e0	0.000000e0	0.000000e0	0.000000e0	-	-	-	-	-
372	v2-348	1.0000	7.124487e-2	2.597412e-1	1.215366e-1	0.5781	2.834673e0	7.304564e-1	-	0	0	4.641567e-2	7.372573e-2	1.127402e-1	1.307552e-1	7.099196e-2	-	-	-	-	-
373	v2-348	1.0000	7.243964e-2	2.740889e-1	1.167978e-1	0.5933	1.846156e0	4.440825e-1	-	0	0	6.824943e-2	6.455345e-2	7.603027e-2	7.292401e-2	1.006698e-1	-	-	-	-	-
374	v2-348	1.0000	5.958619e-2	2.478402e-1	1.059441e-1	0.5456	2.127062e0	5.271872e-1	-	0	0	3.331191e-2	5.516858e-2	9.771409e-2	1.209194e-1	8.253658e-2	-	-	-	-	-
375	v2-348	1.0000	1.024405e-1	3.313683e-1	1.882309e-1	0.7772	2.725827e0	8.875034e-1	-	0	0	1.074558e-1	9.034630e-2	1.953726e-1	8.417189e-2	1.128176e-1	-	-	-	-	-
376	v2-348	1.0000	1.154675e-1	5.023818e-1	2.173506e-1	0.6544	1.859952e0	5.465851e-1	-	0	0	7.261901e-2	1.160422e-1	1.726179e-1	1.648332e-1	1.424388e-1	-	-	-	-	-
377	v2-348	1.0000	4.972337e-2	1.106880e-1	5.080572e-2	0.8177	8.043837e-1	1.955101e-1	-	0	0	8.675064e-2	2.784382e-2	4.696369e-2	5.226484e-2	6.858017e-2	-	-	-	-	-
378	v2-348	1.0000	1.209146e-1	4.623132e-1	1.892740e-1	0.6938	3.553285e0	1.045100e0	-	0	0	1.148788e-1	1.031996e-1	2.059633e-1	1.253326e-1	1.592680e-1	-	-	-	-	-
379	v2-348	1.0000	2.332336e-1	8.788595e-1	3.967587e-1	0.5442	2.626585e0	5.771355e-1	-	0	0	3.308847e-1	1.353412e-1	2.174023e-1	1.811741e-1	4.206382e-1	-0.015497	-0.038489	-0.015016	-0.021116	-0.001565
380	v2-348	1.0000	1.166149e-1	4.916039e-1	2.285969e-1	0.5697	3.064422e0	8.867214e-1	-	0	0	7.358009e-2	9.816174e-2	2.343485e-1	2.987581e-1	1.548248e-1	-	-	-	-	-
381	v2-348	1.0000	1.086514e-1	3.521546e-1	1.723509e-1	0.5294	4.299835e0	9.788430e-1	-	0	0	7.480410e-2	1.038364e-1	1.261761e-1	1.800052e-1	1.455348e-1	-	-	-	-	-
382	v2-348	1.0000	2.282698e-1	9.317538e-1	4.476074e-1	0.5633	5.245405e0	1.835709e0	-	0	0	7.816736e-2	3.056201e-1	3.000528e-1	3.380393e-1	1.425104e-1	0.000896	-0.108273	-0.029133	-0.006304	0.000329
383	v2-348	1.0000	3.078865e-1	1.133457e0	6.914457e-1	0.5150	3.922341e0	1.297819e0	-	0	0	2.051475e-1	3.217480e-1	2.650592e-1	2.554893e-1	4.211464e-1	-0.004358	-0.176586	0.013452	0.012194	-0.001240
384	v2-348	1.0000	8.274554e-2	2.423701e-1	1.588831e-1	0.6194	3.461898e0	7.222038e-1	-	0	0	4.389533e-2	8.674256e-2	1.207206e-1	2.207700e-1	7.851684e-2	-	-	-	-	-
385	v2-348	1.0000	1.042707e-1	2.237486e-1	2.032914e-1	0.7681	3.036743e0	7.245401e-1	-	0	0	1.027015e-1	9.627087e-2	2.221587e-1	1.368581e-1	9.237871e-2	-	-	-	-	-
386	v2-348	1.0000	9.593802e-2	3.291848e-1	2.156739e-1	0.5569	2.313739e0	3.080185e-1	-	0	0	3.837135e-2	9.131268e-2	2.720985e-1	3.218928e-1	8.556519e-2	-	-	-	-	-
387	v2-348	1.0000	4.604388e-2	1.136398e-1	5.136776e-2	0.8147	8.063227e-1	2.332907e-1	-	0	0	8.981591e-2	2.414893e-2	4.384542e-2	4.513004e-2	5.694531e-2	-	-	-	-	-
388	v2-348	1.0000	1.235943e-1	3.975719e-1	1.925879e-1	0.6277	2.917837e0	7.634142e-1	-	0	0	1.037411e-1	1.004624e-1	1.673545e-1	2.212136e-1	1.850781e-1	-	-	-	-	-
389	v2-348	1.0000	1.664871e-1	5.813081e-1	2.400152e-1	0.7361	4.028418e0	9.962191e-1	-	0	0	1.868108e-1	1.425598e-1	2.452734e-1	2.366193e-1	1.761136e-1	-	-	-	-	-
390	v2-348	1.0000	1.896840e-1	7.755957e-1	3.656225e-1	0.6482	3.049290e0	7.710756e-1	-	0	0	1.248125e-1	1.658359e-1	4.103016e-1	5.087625e-1	2.137038e-1	-	-	-	-	-
391	v2-348	1.0000	1.022329e-1	2.955723e-1	1.300683e-1	0.8089	1.299740e0	4.226442e-1	-	0	0	1.330278e-1	7.798896e-2	8.270486e-2	1.238156e-1	1.361636e-1	-	-	-	-	-
392	v2-348	1.0000	4.154105e-2	1.494162e-1	8.101960e-2	0.5216	1.311805e0	4.714796e-1	-	0	0	3.178757e-2	3.836692e-2	4.894015e-2	7.192280e-2	5.468435e-2	-	-	-	-	-
393	v2-348	1.0000	2.705961e-1	9.833102e-1	4.746246e-1	0.5513	4.298508e0	7.762729e-1	-	0	0	2.693087e-1	2.178977e-1	4.108309e-1	2.914747e-1	3.907009e-1	-0.021588	0.010550	-0.063601	-0.034710	-0.005861
394	v2-348	1.0000	1.490486e-1	7.742882e-1	3.136341e-1	0.5494	4.090951e0	1.867741e0	-	0	0	5.887403e-2	1.537313e-1	2.793119e-1	2.506903e-1	1.932225e-1	-	-	-	-	-
395	v2-348	1.0000	4.443473e-2	1.643118e-1	8.721754e-2	0.5238	1.394826e0	5.067734e-1	-	0	0	3.449930e-2	4.094925e-2	5.126387e-2	7.271564e-2	5.939241e-2	-	-	-	-	-
396	v2-348	1.0000	3.503599e-2	1.189916e-1	6.677481e-2	0.5055	1.096548e0	3.773318e-1	-	0	0	2.682918e-2	3.242735e-2	4.134328e-2	6.760468e-2	4.425291e-2	-	-	-	-	-
397	v2-348	1.0000	2.504620e-1	9.683700e-1	4.130550e-1	0.6494	4.473203e0	1.364610e0	-	0	0	1.348517e-1	3.004227e-1	3.538810e-1	4.032913e-1	1.851515e-1	0.002473	-0.084726	0.032187	0.008035	0.000483
398	v2-348	1.0000	1.380443e-1	5.174494e-1	2.584740e-1	0.6009	3.414256e0	7.389650e-1	-	0	0	7.574147e-2	1.406127e-1	3.019513e-1	3.153294e-1	1.264797e-1	-	-	-	-	-
399	v2-348	1.0000	2.068736e-1	7.534943e-1	3.232499e-1	0.6435	6.936592e0	1.252539e0	-	0	0	1.664103e-1	2.049792e-1	3.066399e-1	3.311295e-1	2.097630e-1	-0.005733	-0.010686	0.029721	-0.004218	-0.000506
400	v2-348	1.0000	1.072978e-1	2.747316e-1	1.647791e-1	0.7435	2.031410e0	5.713998e-1	-	0	0	1.522937e-1	7.325486e-2	7.719584e-2	1.074260e-1	1.604188e-1	-	-	-	-	-
401	v2-348	1.0000	3.357227e-1	1.178131e0	5.562797e-1	0.6234	3.766469e0	7.360541e-1	-	0	0	2.763432e-1	3.030598e-1	5.511680e-1	8.988716e-1	3.238434e-1	-0.000711	-0.126242	0.057537	0.079992	0.001053
402	v2-348	1.0000	2.059802e-1	7.243171e-1	3.615823e-1	0.5021	3.728005e0	5.762975e-1	-	0	0	1.487252e-1	2.146606e-1	2.701937e-1	4.193941e-1	1.868273e-1	-0.001809	-0.067519	0.023396	0.046494	0.000369
403	v2-348	1.0000	3.335892e-1	9.829469e-1	4.517709e-1	0.6439	5.300576e0	1.762869e0	-	0	0	6.215911e-1	1.623150e-1	3.802450e-1	4.021634e-1	4.545421e-1	-0.003629	0.001975	-0.045600	-0.023692	-0.003271
404	v2-348	1.0000	2.285741e-1	1.022865e0	5.819137e-1	0.6750	6.290194e0	1.248312e0	-	0	0	5.671876e-2	3.014978e-1	3.571832e-1	5.593121e-1	1.179307e-1	-0.000104	-0.091919	0.056677	0.029330	-0.000170
405	v2-348	1.0000	2.113017e-1	6.733660e-1	3.652189e-1	0.6599	4.102278e0	9.342593e-1	-	0	0	2.197671e-1	1.480681e-1	3.298805e-1	4.943500e-1	2.952999e-1	-0.000592	-0.023946	0.005302	-0.005953	-0.000141
406	v2-348	1.0000	1.173448e-1	3.265381e-1	1.641784e-1	0.6638	2.336160e0	6.121460e-1	-	0	0	1.626799e-1	8.655045e-2	1.552562e-1	1.395630e-1	1.374150e-1	-	-	-	-	-
407	v2-348	1.0000	2.805301e-1	8.867558e-1	4.226259e-1	0.5617	5.086151e0	8.952053e-1	-	0	0	2.318205e-1	2.483323e-1	3.489089e-1	4.993744e-1	3.719028e-1	-0.005775	-0.063749	0.021976	0.007900	-0.001386
408	v2-348	1.0000	2.606317e-1	9.177842e-1	3.647417e-1	0.7055	4.344111e0	6.699402e-1	-	0	0	3.339183e-1	1.786212e-1	2.456406e-1	2.293371e-1	4.261528e-1	0.000532	-0.062595	0.004072	-0.012021	-0.000032
409	v2-348	1.0000	1.963077e-1	7.774789e-1	3.751096e-1	0.5209	4.323778e0	1.168300e0	-	0	0	9.834371e-2	1.989684e-1	3.452853e-1	3.532303e-1	2.388767e-1	-	-	-	-	-
410	v2-348	1.0000	2.925994e-1	8.589592e-1	4.061547e-1	0.6462	6.031628e0	1.145994e0	-	0	0	4.420119e-1	2.268527e-1	2.930056e-1	3.411842e-1	2.884726e-1	-0.002279	0.001438	-0.005991	-0.009620	-0.001479
411	v2-348	1.0000	4.241534e-1	1.214939e0	7.874770e-1	0.5646	8.704052e0	2.637928e0	-	0	0	3.022857e-1	5.002687e-1	3.137693e-1	3.175264e-1	4.035204e-1	-0.000392	-0.207821	-0.019175	-0.022110	-0.002667
412	v2-348	1.0000	3.425935e-1	1.042302e0	7.036891e-1	0.6209	5.117395e0	1.844659e0	-	0	0	3.213188e-1	3.295096e-1	2.833399e-1	2.692084e-1	4.420146e-1	0.001438	-0.178117	0.002532	-0.005901	-0.002205
413	v2-348	1.0000	9.656344e-2	2.744804e-1	1.555427e-1	0.6360	2.680159e0	7.058061e-1	-	0	0	1.208021e-1	7.242034e-2	1.353652e-1	2.009255e-1	1.041985e-1	-	-	-	-	-
414	v2-348	1.0000	2.345965e-1	1.155014e0	5.167528e-1	0.7298	9.310435e0	1.786180e0	-	0	0	1.023347e-1	2.958960e-1	4.115316e-1	4.190635e-1	1.298940e-1	-0.000336	-0.086454	0.088388	0.031648	0.000017
415	v2-348	1.0000	2.605159e-1	9.216738e-1	5.220738e-1	0.6738	5.191932e0	8.664299e-1	-	0	0	1.788015e-1	2.114357e-1	5.759330e-1	9.390452e-1	2.742590e-1	0.002148	-0.009754	-0.085322	-0.178444	-0.002082
416	v2-348	1.0000	6.531719e-2	2.050286e-1	1.144067e-1	0.6864	2.072148e0	5.453318e-1	-	0	0	6.023775e-2	5.999226e-2	9.254408e-2	8.977979e-2	7.521577e-2	-	-	-	-	-
417	v2-348	1.0000	1.292049e-1	4.895468e-1	2.668228e-1	0.6085	3.393594e0	8.629209e-1	-	0	0	7.200555e-2	1.253219e-1	2.352051e-1	3.407337e-1	1.376546e-1	-	-	-	-	-
418	v2-348	1.0000	2.501891e-1	7.444539e-1	3.712481e-1	0.6202	6.344871e0	1.344167e0	-	0	0	2.583935e-1	2.098686e-1	2.594311e-1	3.962053e-1	3.253784e-1	-0.001898	0.022796	-0.023516	-0.034164	-0.001923
419	v2-348	1.0000	2.663491e-1	1.149155e0	4.830805e-1	0.7017	6.213649e0	1.601603e0	-	0	0	2.005343e-1	2.582079e-1	4.102118e-1	5.608548e-1	2.696113e-1	-0.005915	-0.006967	-0.001017	0.018550	-0.001610
420	v2-348	1.0000	1.192949e-1	4.472342e-1	2.412655e-1	0.5574	3.502820e0	1.034812e0	-	0	0	8.344988e-2	1.192513e-1	2.127022e-1	2.144132e-1	1.190853e-1	-	-	-	-	-
421	v2-348	1.0000	1.100168e-1	4.196622e-1	2.045109e-1	0.5227	3.321331e0	9.643396e-1	-	0	0	6.476326e-2	1.158877e-1	1.789242e-1	1.787840e-1	1.164624e-1	-	-	-	-	-
422	v2-348	1.0000	1.577064e-1	5.818825e-1	2.992900e-1	0.5072	2.351080e0	8.051952e-1	-	0	0	1.107796e-1	1.394887e-1	1.792942e-1	1.310968e-1	2.737738e-1	-	-	-	-	-
423	v2-348	1.0000	2.620951e-1	7.552488e-1	3.555013e-1	0.7129	4.281862e0	8.195545e-1	-	0	0	2.518043e-1	2.467661e-1	3.538684e-1	4.131538e-1	2.627605e-1	0.003894	-0.046572	-0.008759	-0.033745	-0.000519
424	v2-348	1.0000	1.082984e-1	3.858528e-1	1.917360e-1	0.5659	3.475058e0	9.607828e-1	-	0	0	7.103458e-2	1.100634e-1	1.744764e-1	1.806655e-1	1.167909e-1	-	-	-	-	-
425	v2-348	1.0000	7.824792e-2	3.137283e-1	1.561642e-1	0.6068	2.828494e0	8.394104e-1	-	0	0	5.281478e-2	7.520765e-2	1.389069e-1	1.516225e-1	8.730009e-2	-	-	-	-	-
426	v2-348	1.0000	3.138995e-1	1.064728e0	4.867525e-1	0.5295	8.111137e0	1.306302e0	-	0	0	1.197346e-1	3.920571e-1	4.758927e-1	7.065006e-1	1.929801e-1	0.003007	-0.110322	-0.030500	-0.028669	0.000425
427	v2-348	1.0000	2.805457e-1	1.032456e0	4.392601e-1	0.5775	6.307999e0	1.218975e0	-	0	0	1.260483e-1	3.283610e-1	3.952624e-1	5.053281e-1	2.519769e-1	0.005662	0.011504	-0.071846	-0.084765	-0.002456
428	v2-348	1.0000	2.423042e-1	1.053423e0	6.083602e-1	0.5164	8.544844e0	1.781088e0	-	0	0	5.948535e-2	3.045236e-1	4.366443e-1	5.174098e-1	1.741061e-1	0.000167	-0.082772	0.055305	0.020629	-0.001455
429	v2-348	1.0000	9.856097e-2	3.015506e-1	2.278213e-1	0.6630	3.708681e0	7.600036e-1	-	0	0	9.954624e-2	8.531432e-2	1.297435e-1	2.520400e-1	9.357271e-2	-	-	-	-	-
430	v2-348	1.0000	4.400778e-2	1.412828e-1	7.113881e-2	0.5722	2.408595e0	5.050900e-1	-	0	0	3.674815e-2	4.109283e-2	4.411443e-2	7.888668e-2	5.400457e-2	-	-	-	-	-
431	v2-348	1.0000	1.577983e-1	4.807067e-1	2.599812e-1	0.6207	2.135639e0	8.823749e-1	-	0	0	1.122482e-1	1.772765e-1	1.615698e-1	1.551284e-1	1.569303e-1	-	-	-	-	-
432	v2-348	1.0000	8.208119e-2	2.493095e-1	1.167317e-1	0.5637	1.964483e0	3.651161e-1	-	0	0	8.615326e-2	7.810093e-2	7.443942e-2	8.525725e-2	9.015015e-2	-	-	-	-	-
433	v2-348	1.0000	5.527009e-2	3.029427e-1	1.323206e-1	0.5031	2.691100e0	1.075333e0	-	0	0	1.429186e-2	6.617643e-2	1.303145e-1	1.050261e-1	4.381094e-2	-	-	-	-	-
434	v2-348	1.0000	1.081422e-1	6.146877e-1	2.714159e-1	0.5977	2.115168e0	8.406948e-1	-	0	0	4.377734e-2	9.646354e-2	1.532933e-1	1.778389e-1	1.982394e-1	-	-	-	-	-
435	v2-348	1.0000	7.191847e-2	1.549511e-1	8.074582e-2	0.8333	8.666435e-1	1.767981e-1	-	0	0	1.216043e-1	4.341325e-2	5.926231e-2	8.326456e-2	9.510375e-2	-	-	-	-	-
436	v2-348	1.0000	6.493902e-2	3.264658e-1	1.291995e-1	0.5658	2.829650e0	1.173715e0	-	0	0	2.674003e-2	7.800548e-2	1.127545e-1	6.302734e-2	6.246540e-2	-	-	-	-	-
437	v2-348	1.0000	1.294443e-1	4.235973e-1	1.934570e-1	0.5745	2.563119e0	5.045133e-1	-	0	0	1.637682e-1	8.962646e-2	1.189170e-1	1.272677e-1	2.092319e-1	-	-	-	-	-
438	v2-348	1.0000	1.707789e-1	6.314635e-1	2.948210e-1	0.5527	3.527195e0	7.062216e-1	-	0	0	1.297578e-1	1.643555e-1	2.660852e-1	2.865102e-1	1.912488e-1	-	-	-	-	-
439	v2-348	1.0000	1.329327e-1	4.102859e-1	1.830542e-1	0.7033	3.662557e0	7.127760e-1	-	0	0	1.794779e-1	1.060316e-1	1.292960e-1	2.288426e-1	1.332428e-1	-	-	-	-	-
440	v2-348	1.0000	1.381417e-1	5.471292e-1	2.766196e-1	0.5445	3.771324e0	1.116992e0	-	0	0	5.631387e-2	1.827699e-1	1.379694e-1	2.073642e-1	9.193246e-2	-	-	-	-	-
441	v2-348	1.0000	1.896323e-1	7.064680e-1	3.378481e-1	0.5927	4.021777e0	8.068032e-1	-	0	0	1.136757e-1	1.981283e-1	2.183624e-1	1.929356e-1	2.532259e-1	-	-	-	-	-
442	v2-348	1.0000	6.461455e-2	2.246849e-1	1.317678e-1	0.5894	2.814431e0	6.702738e-1	-	0	0	3.825024e-2	7.346400e-2	1.024722e-1	9.254147e-2	5.534319e-2	-	-	-	-	-
443	v2-348	1.0000	8.908428e-2	2.777300e-1	1.980215e-1	0.6838	3.508521e0	8.514980e-1	-	0	0	4.980720e-2	1.027686e-1	2.050044e-1	1.743450e-1	4.815615e-2	-	-	-	-	-
444	v2-348	1.0000	1.463563e-1	5.928946e-1	3.288192e-1	0.5900	2.244729e0	6.787993e-1	-	0	0	1.338128e-1	8.564783e-2	1.819036e-1	1.572944e-1	3.346286e-1	-	-	-	-	-
445	v2-348	1.0000	5.575306e-2	1.165705e-1	7.186003e-2	0.8364	8.142683e-1	1.452933e-1	-	0	0	9.113236e-2	3.864159e-2	4.283523e-2	7.389255e-2	6.127726e-2	-	-	-	-	-
446	v2-348	1.0000	7.009456e-2	2.050972e-1	9.854301e-2	0.6018	2.445799e0	6.120928e-1	-	0	0	9.765440e-2	4.282262e-2	7.597144e-2	1.139170e-1	1.055866e-1	-	-	-	-	-
447	v2-348	1.0000	8.793172e-2	3.232265e-1	1.422780e-1	0.6800	3.762452e0	1.227401e0	-	0	0	7.260137e-2	8.886088e-2	9.818392e-2	9.447201e-2	1.006238e-1	-	-	-	-	-
448	v2-348	1.0000	1.585623e-1	8.523047e-1	3.426947e-1	0.6175	2.951570e0	9.438005e-1	-	0	0	6.130697e-2	1.645377e-1	2.728950e-1	3.300261e-1	1.957665e-1	-	-	-	-	-
449	v2-348	1.0000	6.037858e-2	1.714725e-1	7.196972e-2	0.8061	8.298954e-1	3.063950e-1	-	0	0	8.770841e-2	4.098336e-2	5.877925e-2	6.027988e-2	8.447760e-2	-	-	-	-	-
450	v2-348	1.0000	4.481765e-2	1.642818e-1	7.459233e-2	0.5128	1.370269e0	4.530264e-1	-	0	0	3.262838e-2	4.390128e-2	5.559367e-2	8.219030e-2	5.174441e-2	-	-	-	-	-
451	v2-348	1.0000	2.385064e-1	8.975056e-1	4.263906e-1	0.5348	4.161452e0	7.956129e-1	-	0	0	1.655972e-1	2.213658e-1	3.342725e-1	2.334308e-1	3.604380e-1	-0.015181	0.010325	-0.046497	-0.016408	-0.006455
452	v2-348	1.0000	1.153800e-1	5.390573e-1	2.321926e-1	0.5894	3.943347e0	1.232056e0	-	0	0	4.388512e-2	1.286842e-1	1.816991e-1	1.457097e-1	1.426371e-1	-	-	-	-	-
453	v2-348	1.0000	4.848084e-2	1.851501e-1	8.434053e-2	0.5338	1.465002e0	5.117669e-1	-	0	0	3.186548e-2	4.873502e-2	6.005479e-2	8.479212e-2	5.758618e-2	-	-	-	-	-
454	v2-348	1.0000	3.751770e-2	1.159585e-1	5.799089e-2	0.5341	1.145666e0	3.178552e-1	-	0	0	3.344275e-2	3.405788e-2	4.506267e-2	7.673515e-2	4.213648e-2	-	-	-	-	-
455	v2-348	1.0000	2.181127e-1	8.818691e-1	3.841268e-1	0.5565	4.709493e0	9.475107e-1	-	0	0	7.232787e-2	2.960160e-1	3.118784e-1	3.487567e-1	1.145711e-1	-0.000708	-0.082826	0.030505	0.010658	-0.000042
456	v2-348	1.0000	1.369838e-1	5.541310e-1	2.601771e-1	0.5366	2.835408e0	7.449931e-1	-	0	0	3.616821e-2	1.702278e-1	2.790701e-1	3.146316e-1	8.751371e-2	-	-	-	-	-
457	v2-348	1.0000	2.170899e-1	8.326774e-1	3.617347e-1	0.6055	7.028123e0	1.922798e0	-	0	0	1.647372e-1	2.112040e-1	3.152777e-1	4.103410e-1	2.316678e-1	-0.005253	0.001955	0.024748	-0.004406	-0.001663
458	v2-348	1.0000	8.422454e-2	2.122216e-1	1.550159e-1	0.7226	1.923530e0	6.535609e-1	-	0	0	1.118762e-1	5.417034e-2	5.866597e-2	7.951978e-2	1.474850e-1	-	-	-	-	-
459	v2-348	1.0000	4.812390e-2	1.319231e-1	7.731783e-2	0.5767	1.412348e0	2.316165e-1	-	0	0	4.220613e-2	4.403064e-2	6.014711e-2	8.513620e-2	5.638201e-2	-	-	-	-	-
460	v2-348	1.0000	9.884164e-2	2.985549e-1	1.297085e-1	0.6746	1.657070e0	3.352162e-1	-	0	0	1.226035e-1	7.058057e-2	1.195075e-1	1.099724e-1	1.459961e-1	-	-	-	-	-
461	v2-348	1.0000	7.575458e-2	2.172660e-1	1.017126e-1	0.6366	2.103396e0	3.495833e-1	-	0	0	7.440466e-2	7.223449e-2	7.302796e-2	1.033293e-1	8.243181e-2	-	-	-	-	-
462	v2-348	1.0000	5.907814e-2	2.041500e-1	1.250543e-1	0.5457	1.911872e0	5.896115e-1	-	0	0	3.809156e-2	5.553178e-2	9.784874e-2	1.908425e-1	5.601459e-2	-	-	-	-	-
463	v2-348	1.0000	6.285663e-2	3.448677e-1	1.437324e-1	0.6146	1.527335e0	4.875869e-1	-	0	0	2.707268e-2	6.303708e-2	1.095538e-1	1.308574e-1	8.031483e-2	-	-	-	-	-
464	v2-348	1.0000	2.882358e-2	7.476854e-2	2.997881e-2	0.8400	5.553262e-1	9.541640e-2	-	0	0	4.999827e-2	2.046488e-2	2.135319e-2	2.187630e-2	3.050859e-2	-	-	-	-	-
465	v2-348	1.0000	5.743651e-2	2.458212e-1	1.103267e-1	0.5914	1.655900e0	5.286694e-1	-	0	0	2.418794e-2	6.176707e-2	9.326969e-2	1.314028e-1	6.048998e-2	-	-	-	-	-
466	v2-348	1.0000	1.304742e-1	4.232097e-1	2.180315e-1	0.5174	1.729221e0	3.195649e-1	-	0	0	1.234209e-1	9.825480e-2	2.050368e-1	2.941055e-1	1.796827e-1	-	-	-	-	-
467	v2-348	1.0000	8.841529e-2	2.919149e-1	1.376995e-1	0.6403	2.208751e0	3.096926e-1	-	0	0	1.098443e-1	7.147967e-2	1.112090e-1	1.463176e-1	9.280023e-2	-	-	-	-	-
468	v2-348	1.0000	7.581943e-2	2.287834e-1	9.692798e-2	0.6850	2.143201e0	5.221564e-1	-	0	0	1.201212e-1	5.093325e-2	6.119025e-2	8.237637e-2	9.658253e-2	-	-	-	-	-
469	v2-348	1.0000	1.115741e-1	4.440377e-1	1.876608e-1	0.6486	2.577323e0	6.244316e-1	-	0	0	6.988528e-2	1.291330e-1	1.898281e-1	1.504625e-1	8.257393e-2	-	-	-	-	-
470	v2-348	1.0000	1.335321e-1	4.674685e-1	2.257823e-1	0.5653	1.820317e0	5.732951e-1	-	0	0	9.254879e-2	1.239099e-1	2.399322e-1	2.965962e-1	1.497366e-1	-	-	-	-	-
471	v2-348	1.0000	6.945502e-2	1.962194e-1	1.099721e-1	0.6062	2.060467e0	3.362626e-1	-	0	0	7.065542e-2	5.584959e-2	7.557335e-2	9.020047e-2	1.027117e-1	-	-	-	-	-
472	v2-348	1.0000	8.060090e-2	2.261019e-1	1.940344e-1	0.5288	2.641379e0	4.995867e-1	-	0	0	3.675867e-2	8.144332e-2	1.551438e-1	3.094392e-1	6.169671e-2	-	-	-	-	-
473	v2-348	1.0000	8.833949e-2	3.143528e-1	1.547008e-1	0.6434	1.537648e0	3.342345e-1	-	0	0	8.053807e-2	7.129028e-2	1.332101e-1	1.801918e-1	1.169739e-1	-	-	-	-	-
474	v2-348	1.0000	3.240546e-2	8.857489e-2	3.746304e-2	0.8091	6.682834e-1	1.537298e-1	-	0	0	6.014501e-2	2.084179e-2	2.528162e-2	2.752538e-2	3.479769e-2	-	-	-	-	-
475	v2-348	0.9999	4.614292e-2	1.589842e-1	7.875813e-2	0.6090	1.262966e0	5.005588e-1	-	0	0	4.499122e-2	4.330279e-2	4.388365e-2	4.732436e-2	5.653658e-2	-	-	-	-	-
476	v2-348	1.0000	4.459837e-2	2.382882e-1	1.026458e-1	0.6454	1.367885e0	4.858034e-1	-	0	0	1.458269e-2	5.531211e-2	1.012253e-1	4.494749e-2	3.593286e-2	-	-	-	-	-
477	v2-348	1.0000	7.991820e-2	3.458190e-1	1.456964e-1	0.6657	2.444095e0	4.981647e-1	-	0	0	3.503053e-2	8.488988e-2	1.445867e-1	1.547516e-1	8.830286e-2	-	-	-	-	-
478	v2-348	1.0000	4.496946e-2	1.158061e-1	5.019439e-2	0.8566	7.061177e-1	1.893843e-1	-	0	0	6.317883e-2	3.478934e-2	3.048675e-2	2.970467e-2	5.973677e-2	-	-	-	-	-
479	v2-348	1.0000	3.866733e-2	1.261492e-1	9.468532e-2	0.6105	1.044704e0	5.689861e-1	-	0	0	3.009338e-2	3.933124e-2	3.285929e-2	2.506592e-2	5.234256e-2	-	-	-	-	-
480	v2-348	1.0000	1.786013e-1	7.174760e-1	2.946960e-1	0.6427	1.462905e0	2.922194e-1	-	0	0	3.315477e-1	6.946853e-2	1.446876e-1	1.085281e-1	3.379309e-1	-	-	-	-	-
481	v2-348	1.0000	2.176506e-1	1.022779e0	3.954377e-1	0.5991	4.788707e0	1.576038e0	-	0	0	1.184263e-1	2.135007e-1	3.899932e-1	4.139743e-1	2.672328e-1	-0.002984	-0.010377	-0.086252	-0.050094	-0.001681
482	v2-348	1.0000	4.040088e-2	1.339369e-1	1.096899e-1	0.5989	1.162597e0	6.575105e-1	-	0	0	2.618976e-2	4.333382e-2	3.416860e-2	2.689935e-2	5.452802e-2	-	-	-	-	-
483	v2-348	1.0000	3.451184e-2	1.092587e-1	6.366438e-2	0.6366	8.037504e-1	3.692708e-1	-	0	0	3.838403e-2	2.953359e-2	2.948224e-2	2.096991e-2	4.908104e-2	-	-	-	-	-
484	v2-348	1.0000	1.306689e-1	5.364056e-1	2.857554e-1	0.5529	3.780076e0	1.093527e0	-	0	0	5.560750e-2	1.575826e-1	2.116093e-1	1.527054e-1	1.194187e-1	-	-	-	-	-
485	v2-348	1.0000	7.061392e-2	2.897770e-1	1.361178e-1	0.5689	2.021675e0	3.805853e-1	-	0	0	2.077521e-2	7.977414e-2	1.620181e-1	1.923103e-1	5.481590e-2	-	-	-	-	-
486	v2-348	1.0000	2.273076e-1	8.816729e-1	4.578997e-1	0.7350	3.895425e0	1.202545e0	-	0	0	1.238720e-1	2.467112e-1	4.874420e-1	4.546780e-1	1.809540e-1	-0.003181	0.022853	-0.096749	-0.038854	-0.001781
487	v2-348	1.0000	6.902832e-2	1.551666e-1	1.257163e-1	0.7471	1.009504e0	1.709264e-1	-	0	0	1.108878e-1	2.895921e-2	5.220338e-2	5.755560e-2	1.436981e-1	-	-	-	-	-
488	v2-348	1.0000	8.554974e-2	2.333286e-1	1.229435e-1	0.7692	1.701352e0	3.735477e-1	-	0	0	1.119127e-1	6.238466e-2	1.265795e-1	1.673588e-1	9.217321e-2	-	-	-	-	-
489	v2-348	1.0000	1.998093e-1	4.972610e-1	2.791045e-1	0.6179	3.878727e0	7.648459e-1	-	0	0	2.919567e-1	1.609935e-1	2.194784e-1	2.365603e-1	1.854019e-1	-	-	-	-	-
490	v2-348	1.0000	1.935065e-1	6.506146e-1	2.813024e-1	0.8278	4.964517e0	1.053039e0	-	0	0	1.683676e-1	1.771633e-1	3.954328e-1	4.957647e-1	1.525261e-1	-	-	-	-	-
491	v2-348	1.0000	7.303904e-2	1.859627e-1	1.874579e-1	0.6296	2.998641e0	7.234283e-1	-	0	0	6.107994e-2	8.096840e-2	9.259268e-2	7.868943e-2	5.799073e-2	-	-	-	-	-
492	v2-348	1.0000	2.164818e-1	7.937441e-1	4.017856e-1	0.5768	3.057532e0	8.254197e-1	-	0	0	2.074895e-1	1.628341e-1	4.417920e-1	5.502564e-1	2.543776e-1	-0.000839	-0.055731	0.036008	0.057700	0.000985
493	v2-348	1.0000	5.391906e-2	1.427640e-1	6.194101e-2	0.7554	1.264373e0	2.279940e-1	-	0	0	8.793052e-2	3.683122e-2	6.012933e-2	5.340057e-2	6.052081e-2	-	-	-	-	-
494	v2-348	1.0000	1.841054e-1	6.212687e-1	2.698460e-1	0.6196	4.182222e0	8.662161e-1	-	0	0	2.100275e-1	1.292520e-1	1.957426e-1	2.258614e-1	3.042508e-1	-	-	-	-	-
495	v2-348	1.0000	8.568240e-2	3.835977e-1	1.551618e-1	0.5486	2.653738e0	4.918964e-1	-	0	0	3.546096e-2	9.270645e-2	1.510703e-1	1.765175e-1	9.078276e-2	-	-	-	-	-
496	v2-348	1.0000	1.415284e-1	7.616549e-1	3.635621e-1	0.5844	3.521574e0	9.342958e-1	-	0	0	5.457432e-2	1.390187e-1	3.506860e-1	3.012312e-1	1.693794e-1	-	-	-	-	-
497	v2-348	1.0000	1.984098e-1	6.888366e-1	3.214369e-1	0.5618	4.854020e0	8.676904e-1	-	0	0	1.931286e-1	1.915598e-1	2.667143e-1	3.854452e-1	1.646489e-1	-	-	-	-	-
498	v2-348	1.0000	1.525706e-1	4.892640e-1	2.430591e-1	0.5177	4.887034e0	9.577395e-1	-	0	0	1.019458e-1	1.535771e-1	2.530493e-1	1.769980e-1	1.828058e-1	-	-	-	-	-
499	v2-348	1.0000	2.653357e-1	9.453435e-1	3.776188e-1	0.6121	4.058558e0	6.669676e-1	-	0	0	3.834839e-1	1.982376e-1	2.903558e-1	2.717577e-1	3.089040e-1	-0.002890	0.024889	-0.006173	0.013618	-0.000870
500	v2-348	1.0000	1.233149e-1	4.558289e-1	2.739893e-1	0.6339	2.232619e0	5.504043e-1	-	0	0	1.053053e-1	1.018083e-1	2.838547e-1	3.581087e-1	1.152718e-1	-	-	-	-	-
501	v2-348	1.0000	1.019924e-1	3.512650e-1	2.531407e-1	0.5637	5.657505e0	8.924755e-1	-	0	0	4.039744e-2	1.096964e-1	2.019485e-1	3.682677e-1	6.978804e-2	-	-	-	-	-
502	v2-348	1.0000	1.815507e-1	7.895586e-1	4.433507e-1	0.5612	3.191795e0	6.345742e-1	-	0	0	5.785113e-2	1.807847e-1	4.669096e-1	6.129014e-1	1.682449e-1	-	-	-	-	-
503	v2-348	1.0000	6.591231e-2	2.588258e-1	1.162792e-1	0.6891	2.094625e0	5.737405e-1	-	0	0	5.013456e-2	7.297017e-2	6.660849e-2	9.407570e-2	5.804728e-2	-	-	-	-	-
504	v2-348	1.0000	2.242616e-1	1.063815e0	5.341367e-1	0.5647	4.491396e0	6.628077e-1	-	0	0	1.200302e-1	1.955870e-1	5.945486e-1	9.751099e-1	1.740258e-1	0.002375	0.039282	-0.108196	-0.184490	-0.002798
505	v2-348	1.0000	1.236976e-1	4.161336e-1	1.997527e-1	0.6104	3.372161e0	7.095542e-1	-	0	0	9.402196e-2	1.172057e-1	1.571128e-1	2.633184e-1	1.402734e-1	-	-	-	-	-
506	v2-348	1.0000	1.117142e-1	4.960332e-1	2.004696e-1	0.6969	3.419509e0	8.477182e-1	-	0	0	8.233351e-2	1.075329e-1	1.525804e-1	1.583588e-1	1.406523e-1	-	-	-	-	-
507	v2-348	1.0000	1.118032e-1	2.879438e-1	1.374671e-1	0.7107	1.913664e0	3.733803e-1	-	0	0	1.678459e-1	8.093162e-2	1.310833e-1	1.053853e-1	1.298591e-1	-	-	-	-	-
508	v2-348	1.0000	5.852468e-2	2.126520e-1	1.043837e-1	0.6034	1.772832e0	6.112510e-1	-	0	0	5.339484e-2	5.757789e-2	9.141041e-2	6.818631e-2	5.720750e-2	-	-	-	-	-
509	v2-348	1.0000	1.711661e-1	6.371876e-1	3.197651e-1	0.5363	1.956109e0	7.880369e-1	-	0	0	1.981739e-1	1.045682e-1	1.718831e-1	1.288541e-1	3.479245e-1	-	-	-	-	-
510	v2-348	1.0000	1.287716e-1	4.542365e-1	3.623292e-1	0.6638	3.062603e0	9.618135e-1	-	0	0	4.713433e-2	1.352973e-1	3.408055e-1	4.087417e-1	9.364165e-2	-	-	-	-	-
511	v2-348	1.0000	7.615104e-2	2.233911e-1	1.196110e-1	0.6403	2.007946e0	6.496859e-1	-	0	0	9.308059e-2	6.560589e-2	1.051984e-1	8.513075e-2	7.673686e-2	-	-	-	-	-
512	v2-348	1.0000	7.539415e-2	1.962596e-1	1.052814e-1	0.6075	1.605654e0	4.563309e-1	-	0	0	1.032327e-1	6.650067e-2	8.417521e-2	7.756746e-2	6.380401e-2	-	-	-	-	-
513	v2-348	1.0000	2.389998e-1	7.886893e-1	4.739851e-1	0.6098	6.196313e0	9.344613e-1	-	0	0	1.021517e-1	2.836783e-1	4.146037e-1	5.462354e-1	1.622714e-1	-0.004963	-0.000653	-0.082402	-0.052846	-0.000342
514	v2-348	1.0000	1.161524e-1	4.837313e-1	1.845394e-1	0.5551	2.384455e0	5.991043e-1	-	0	0	7.813579e-2	1.279408e-1	1.560204e-1	1.506519e-1	1.108889e-1	-	-	-	-	-
515	v2-348	1.0000	1.282251e-1	4.060050e-1	2.108494e-1	0.5529	6.126207e0	9.849655e-1	-	0	0	9.895243e-2	1.043055e-1	1.953538e-1	1.756543e-1	2.098360e-1	-	-	-	-	-
516	v2-348	1.0000	7.069975e-2	1.716105e-1	3.520635e-1	0.5452	3.469912e0	8.940605e-1	-	0	0	6.071313e-2	5.188033e-2	1.180642e-1	2.972065e-1	7.547021e-2	-	-	-	-	-
517	v2-348	1.0000	4.214322e-2	2.001278e-1	8.812906e-2	0.5610	1.436385e0	5.443086e-1	-	0	0	1.562589e-2	4.914397e-2	4.709389e-2	7.954869e-2	4.498689e-2	-	-	-	-	-
518	v2-348	1.0000	6.470067e-2	2.071363e-1	9.005951e-2	0.6764	1.377004e0	2.946491e-1	-	0	0	4.987789e-2	6.470467e-2	7.385629e-2	7.520664e-2	7.890353e-2	-	-	-	-	-
519	v2-348	1.0000	7.141496e-2	2.009945e-1	9.945310e-2	0.6146	2.086132e0	4.755300e-1	-	0	0	9.443981e-2	5.367967e-2	8.830629e-2	1.065436e-1	8.301101e-2	-	-	-	-	-
520	v2-348	1.0000	6.328791e-2	1.806960e-1	8.440793e-2	0.7072	1.540205e0	5.070856e-1	-	0	0	1.144498e-1	3.106851e-2	5.619518e-2	1.064779e-1	8.696593e-2	-	-	-	-	-
521	v2-348	1.0000	1.384230e-1	5.000165e-1	2.902910e-1	0.5788	1.773366e0	4.762333e-1	-	0	0	1.328377e-1	8.127161e-2	2.738712e-1	4.031189e-1	2.219461e-1	-	-	-	-	-
522	v2-348	1.0000	3.750546e-2	9.281826e-2	4.288921e-2	0.8692	5.963845e-1	9.241376e-2	-	0	0	6.569182e-2	2.546336e-2	2.896439e-2	3.250799e-2	4.116795e-2	-	-	-	-	-
523	v2-348	1.0000	6.946537e-2	2.389107e-1	1.029554e-1	0.6841	1.847639e0	7.110858e-1	-	0	0	8.775637e-2	5.448329e-2	7.271644e-2	9.838852e-2	8.378076e-2	-	-	-	-	-
524	v2-348	1.0000	2.663055e-1	8.299305e-1	4.055618e-1	0.5526	2.737427e0	4.301845e-1	-	0	0	2.820774e-1	1.901597e-1	3.242042e-1	4.547519e-1	4.178144e-1	-0.011860	-0.057192	0.012201	0.019523	-0.000736
525	v2-348	1.0000	1.853399e-1	6.409637e-1	2.922569e-1	0.5315	2.786268e0	5.151500e-1	-	0	0	2.684467e-1	1.024013e-1	2.103941e-1	2.539543e-1	3.073960e-1	-	-	-	-	-
526	v2-348	1.0000	6.534338e-2	2.618337e-1	1.199963e-1	0.6955	1.933604e0	6.885773e-1	-	0	0	5.847790e-2	6.134863e-2	6.858107e-2	1.446680e-1	6.693399e-2	-	-	-	-	-
527	v2-348	1.0000	7.143469e-2	2.868295e-1	1.267053e-1	0.5087	2.218815e0	4.132109e-1	-	0	0	3.738359e-2	8.251508e-2	1.223405e-1	1.315541e-1	5.439130e-2	-	-	-	-	-
528	v2-348	1.0000	9.127680e-2	3.579446e-1	1.575630e-1	0.5562	1.625319e0	4.563706e-1	-	0	0	6.365206e-2	8.331930e-2	1.319990e-1	1.547115e-1	1.255240e-1	-	-	-	-	-
529	v2-348	1.0000	7.038444e-2	3.101023e-1	1.539616e-1	0.5763	1.951146e0	5.514773e-1	-	0	0	3.018772e-2	8.138449e-2	1.121471e-1	1.669830e-1	5.534321e-2	-	-	-	-	-
530	v2-348	1.0000	6.495044e-2	1.730061e-1	1.046855e-1	0.6826	1.824260e0	4.328974e-1	-	0	0	1.014474e-1	3.942605e-2	8.550125e-2	1.277513e-1	7.544438e-2	-	-	-	-	-
531	v2-348	1.0000	6.515216e-2	2.320170e-1	1.676420e-1	0.6441	1.305059e0	3.765249e-1	-	0	0	4.917642e-2	4.644687e-2	1.225559e-1	2.036579e-1	9.517950e-2	-	-	-	-	-
532	v2-348	1.0000	4.250822e-2	9.979248e-2	5.487862e-2	0.8496	7.219248e-1	1.197532e-1	-	0	0	7.309695e-2	3.029345e-2	3.264065e-2	4.258210e-2	4.277021e-2	-	-	-	-	-
533	v2-348	1.0000	8.790430e-2	2.489643e-1	1.344220e-1	0.6669	1.689230e0	6.727565e-1	-	0	0	1.166222e-1	5.977021e-2	8.848031e-2	1.546385e-1	1.205541e-1	-	-	-	-	-
534	v2-348	1.0000	4.966426e-2	2.220694e-1	8.507763e-2	0.7206	1.235308e0	4.886802e-1	-	0	0	4.110117e-2	4.240849e-2	7.257358e-2	7.500984e-2	7.079945e-2	-	-	-	-	-
535	v2-348	1.0000	2.261172e-1	8.064651e-1	3.834884e-1	0.5187	3.241966e0	7.785055e-1	-	0	0	2.746078e-1	1.218700e-1	3.436657e-1	3.997142e-1	4.087482e-1	-0.007415	-0.039988	0.020307	0.024096	-0.000805
536	v2-348	1.0000	2.142986e-2	8.661994e-2	3.194767e-2	0.6874	5.041853e-1	1.504848e-1	-	0	0	2.007588e-2	2.187848e-2	2.002184e-2	2.050142e-2	2.239082e-2	-	-	-	-	-
537	v2-348	1.0000	4.658949e-2	1.548948e-1	7.485585e-2	0.6633	1.048853e0	4.845205e-1	-	0	0	5.974550e-2	3.807214e-2	4.175728e-2	3.334228e-2	5.983811e-2	-	-	-	-	-
538	v2-348	1.0000	1.845766e-1	6.197071e-1	2.726269e-1	0.5948	2.475998e0	4.136343e-1	-	0	0	2.747760e-1	1.163172e-1	1.455628e-1	1.314616e-1	2.980273e-1	-	-	-	-	-
539	v2-348	1.0000	1.764847e-1	8.903106e-1	3.437096e-1	0.6229	4.530428e0	1.495341e0	-	0	0	9.662462e-2	1.772539e-1	3.351470e-1	2.486615e-1	2.187777e-1	-	-	-	-	-
540	v2-348	1.0000	4.767776e-2	1.717334e-1	8.499530e-2	0.6461	1.158267e0	5.664574e-1	-	0	0	5.323470e-2	4.259947e-2	4.387941e-2	3.540463e-2	5.977158e-2	-	-	-	-	-
541	v2-348	1.0000	4.347305e-2	1.274540e-1	5.923793e-2	0.6729	8.367575e-1	3.039804e-1	-	0	0	7.065480e-2	2.891974e-2	3.618555e-2	2.904052e-2	5.790816e-2	-	-	-	-	-
542	v2-348	1.0000	1.208243e-1	4.525455e-1	2.004685e-1	0.5747	3.839211e0	7.491279e-1	-	0	0	6.560971e-2	1.302396e-1	2.070787e-1	2.009354e-1	1.221854e-1	-	-	-	-	-
543	v2-348	1.0000	1.760205e-1	5.179706e-1	2.432448e-1	0.5776	2.145813e0	3.516658e-1	-	0	0	1.781709e-1	1.479844e-1	2.155299e-1	2.816733e-1	2.233327e-1	-	-	-	-	-
544	v2-348	1.0000	1.672175e-1	8.761241e-1	3.443390e-1	0.7171	3.084799e0	1.385507e0	-	0	0	1.091416e-1	1.802635e-1	3.125064e-1	2.105536e-1	1.545279e-1	-	-	-	-	-
545	v2-348	1.0000	8.010827e-2	1.835790e-1	1.431714e-1	0.7320	1.192251e0	2.235458e-1	-	0	0	1.329648e-1	3.481317e-2	5.551794e-2	5.621839e-2	1.613943e-1	-	-	-	-	-
546	v2-348	1.0000	1.009007e-2	3.797626e-2	1.734776e-2	0.6368	3.631365e-1	7.815196e-2	-	0	0	5.888009e-3	1.144180e-2	1.342426e-2	1.236682e-2	9.996699e-3	-	-	-	-	-
547	v2-348	1.0000	6.244443e-2	1.688671e-1	8.233231e-2	0.7790	9.512273e-1	2.497260e-1	-	0	0	8.077557e-2	4.254944e-2	8.879932e-2	8.355889e-2	8.742588e-2	-	-	-	-	-
548	v2-348	1.0000	3.265166e-2	1.046498e-1	5.972702e-2	0.6113	9.675352e-1	1.554921e-1	-	0	0	2.355698e-2	3.832905e-2	3.140686e-2	3.543160e-2	2.680582e-2	-	-	-	-	-
549	v2-348	1.0000	3.946624e-2	1.389529e-1	6.867481e-2	0.7134	7.117062e-1	3.310665e-1	-	0	0	4.348774e-2	3.343414e-2	7.052834e-2	3.769069e-2	4.494145e-2	-	-	-	-	-
550	v2-348	1.0000	3.924408e-2	1.591411e-1	9.373154e-2	0.5549	1.244443e0	3.498990e-1	-	0	0	1.659953e-2	3.590186e-2	9.411944e-2	1.361368e-1	4.164648e-2	-	-	-	-	-
551	v2-348	1.0000	1.338023e-2	3.345537e-2	1.759268e-2	0.7796	3.145338e-1	8.526004e-2	-	0	0	2.241671e-2	9.459106e-3	1.015228e-2	1.027266e-2	1.521534e-2	-	-	-	-	-
552	v2-348	1.0000	6.129600e-2	3.860703e-1	1.388037e-1	0.6373	1.340663e0	5.930951e-1	-	0	0	2.194475e-2	6.654661e-2	1.487294e-1	8.204736e-2	6.843258e-2	-	-	-	-	-
553	v2-348	1.0000	4.550242e-2	1.724887e-1	7.829779e-2	0.5035	9.881310e-1	2.295219e-1	-	0	0	5.443381e-2	3.342886e-2	5.992325e-2	6.330377e-2	6.272428e-2	-	-	-	-	-
554	v2-348	1.0000	6.263626e-2	2.643179e-1	1.461207e-1	0.6287	1.345024e0	5.248964e-1	-	0	0	2.637931e-2	6.647530e-2	9.759798e-2	7.727780e-2	8.509645e-2	-	-	-	-	-
555	v2-348	1.0000	4.559718e-2	1.080379e-1	6.320610e-2	0.7403	8.569254e-1	1.849527e-1	-	0	0	6.876287e-2	3.349784e-2	4.061901e-2	6.420174e-2	4.945620e-2	-	-	-	-	-
556	v2-348	1.0000	3.983444e-2	1.270859e-1	6.093034e-2	0.6315	1.108403e0	2.050605e-1	-	0	0	3.281825e-2	3.654592e-2	7.590179e-2	7.732794e-2	4.072253e-2	-	-	-	-	-
557	v2-348	1.0000	9.991306e-2	3.481927e-1	1.519971e-1	0.5157	1.479008e0	3.035354e-1	-	0	0	8.940212e-2	9.018529e-2	1.527256e-1	1.623580e-1	1.146427e-1	-	-	-	-	-
558	v2-348	1.0000	1.970724e-2	5.293568e-2	3.899799e-2	0.7054	5.884434e-1	1.118388e-1	-	0	0	1.380078e-2	2.131735e-2	4.211601e-2	3.185470e-2	1.377649e-2	-	-	-	-	-
559	v2-348	1.0000	3.994771e-2	1.389294e-1	6.695942e-2	0.6717	8.442215e-1	3.542672e-1	-	0	0	4.466704e-2	3.487120e-2	6.426237e-2	4.248886e-2	4.237386e-2	-	-	-	-	-
560	v2-348	1.0000	2.325404e-2	8.200584e-2	4.379391e-2	0.6044	9.269097e-1	1.541683e-1	-	0	0	2.293971e-2	1.693161e-2	3.309103e-2	3.913888e-2	3.656064e-2	-	-	-	-	-
561	v2-348	1.0000	1.637530e-2	4.033685e-2	2.172106e-2	0.8027	3.597362e-1	9.824015e-2	-	0	0	2.843077e-2	1.121242e-2	1.331960e-2	1.339847e-2	1.802019e-2	-	-	-	-	-
562	v2-348	1.0000	2.378050e-2	5.612659e-2	2.952124e-2	0.7201	4.864098e-1	1.568117e-1	-	0	0	4.057453e-2	1.417799e-2	2.367361e-2	3.040910e-2	2.978718e-2	-	-	-	-	-
563	v2-348	1.0000	3.665713e-2	1.481147e-1	9.755150e-2	0.6920	7.484407e-1	3.076013e-1	-	0	0	1.952608e-2	3.809036e-2	1.077306e-1	5.353437e-2	3.196471e-2	-	-	-	-	-
564	v2-348	1.0000	7.648628e-2	2.659516e-1	1.746516e-1	0.5224	1.685671e0	3.722607e-1	-	0	0	4.016913e-2	6.380711e-2	2.153926e-1	2.868123e-1	7.652005e-2	-	-	-	-	-
565	v2-348	1.0000	1.217493e-2	2.924442e-2	1.523895e-2	0.8098	3.492815e-1	6.142951e-2	-	0	0	1.677637e-2	1.065906e-2	7.872065e-3	9.222702e-3	1.266110e-2	-	-	-	-	-
566	v2-348	1.0000	2.414541e-2	8.092761e-2	4.539841e-2	0.6819	5.043030e-1	2.745683e-1	-	0	0	3.016013e-2	1.839317e-2	2.512162e-2	1.721293e-2	3.521098e-2	-	-	-	-	-
567	v2-348	1.0000	1.136527e-1	3.834789e-1	2.023624e-1	0.5940	1.516292e0	3.967164e-1	-	0	0	1.132429e-1	9.920351e-2	1.060094e-1	9.288313e-2	1.647767e-1	-	-	-	-	-
568	v2-348	1.0000	1.008562e-1	4.030508e-1	1.584657e-1	0.6863	2.056608e0	6.510561e-1	-	0	0	7.889802e-2	9.310970e-2	1.593239e-1	1.565075e-1	1.244025e-1	-	-	-	-	-
569	v2-348	1.0000	2.638946e-2	9.457731e-2	5.480592e-2	0.6740	5.899259e-1	3.373822e-1	-	0	0	2.960934e-2	2.162871e-2	2.824506e-2	1.912556e-2	3.788992e-2	-	-	-	-	-
570	v2-348	1.0000	2.049159e-2	6.000066e-2	2.852113e-2	0.7083	3.598934e-1	1.433816e-1	-	0	0	3.419168e-2	1.191142e-2	1.915927e-2	1.453067e-2	3.062651e-2	-	-	-	-	-
571	v2-348	1.0000	1.562805e-1	6.215401e-1	3.091059e-1	0.5420	3.444762e0	1.092421e0	-	0	0	4.487894e-2	1.785416e-1	2.280315e-1	2.558459e-1	1.901057e-1	-	-	-	-	-
572	v2-348	1.0000	4.597221e-2	1.600370e-1	6.495515e-2	0.6308	1.056681e0	2.742730e-1	-	0	0	5.009299e-2	3.382247e-2	5.198354e-2	3.659315e-2	7.811770e-2	-	-	-	-	-
573	v2-348	1.0000	9.252231e-2	4.969271e-1	1.991547e-1	0.6380	1.873625e0	7.542628e-1	-	0	0	5.122845e-2	1.025275e-1	1.589741e-1	1.095617e-1	9.405142e-2	-	-	-	-	-
574	v2-348	1.0000	2.086297e-2	5.133653e-2	2.890736e-2	0.6806	5.029201e-1	1.398482e-1	-	0	0	3.027335e-2	1.481531e-2	1.487167e-2	1.816385e-2	2.928139e-2	-	-	-	-	-
575	v2-348	1.0000	3.343078e-2	1.321230e-1	9.941949e-2	0.5966	1.295346e0	3.637274e-1	-	0	0	7.884390e-3	3.859613e-2	1.045026e-1	1.069448e-1	1.503771e-2	-	-	-	-	-
576	v2-348	1.0000	7.132544e-2	2.217364e-1	1.268121e-1	0.6201	1.938253e0	7.144231e-1	-	0	0	7.260431e-2	6.407222e-2	1.414788e-1	1.227261e-1	6.149777e-2	-	-	-	-	-
577	v2-348	1.0000	1.076142e-1	2.478776e-1	1.629613e-1	0.6485	3.578776e0	8.753635e-1	-	0	0	1.559690e-1	8.065591e-2	1.728469e-1	1.760805e-1	9.432508e-2	-	-	-	-	-
578	v2-348	1.0000	6.758839e-2	1.726886e-1	1.109324e-1	0.7536	1.884611e0	3.276442e-1	-	0	0	7.565763e-2	5.476423e-2	8.075482e-2	1.287661e-1	7.840585e-2	-	-	-	-	-
579	v2-348	1.0000	3.695176e-2	1.474032e-1	8.570216e-2	0.6733	9.590886e-1	2.890083e-1	-	0	0	2.103943e-2	3.154210e-2	8.886909e-2	7.696181e-2	5.099730e-2	-	-	-	-	-
580	v2-348	1.0000	2.980386e-2	7.578325e-2	4.900966e-2	0.6914	1.027787e0	3.323978e-1	-	0	0	3.864883e-2	2.225713e-2	4.251703e-2	3.978857e-2	3.568669e-2	-	-	-	-	-
581	v2-348	1.0000	8.775452e-2	3.041074e-1	1.644412e-1	0.6804	1.938920e0	3.428727e-1	-	0	0	8.478037e-2	7.953856e-2	1.173070e-1	1.225506e-1	1.006968e-1	-	-	-	-	-
582	v2-348	1.0000	1.780077e-1	5.021954e-1	2.569371e-1	0.6551	1.876905e0	3.751159e-1	-	0	0	2.044196e-1	1.319025e-1	2.941596e-1	3.344721e-1	2.172002e-1	-	-	-	-	-
583	v2-348	1.0000	1.002472e-1	3.029733e-1	1.923556e-1	0.7169	2.022363e0	6.024044e-1	-	0	0	1.235986e-1	6.615584e-2	1.871077e-1	1.331362e-1	1.433678e-1	-	-	-	-	-
584	v2-348	1.0000	1.015996e-1	2.535942e-1	1.487429e-1	0.6516	2.725176e0	5.112006e-1	-	0	0	1.261305e-1	8.903608e-2	1.373194e-1	1.221715e-1	9.410686e-2	-	-	-	-	-
585	v2-348	1.0000	2.200010e-1	8.684134e-1	3.387312e-1	0.7558	3.927706e0	1.105095e0	-	0	0	1.177653e-1	2.610362e-1	2.950203e-1	4.906354e-1	1.444543e-1	-0.000061	-0.083624	0.027171	0.042617	0.000919
586	v2-348	1.0000	1.526617e-1	5.623144e-1	2.669259e-1	0.7861	3.041795e0	9.446014e-1	-	0	0	1.191369e-1	1.348370e-1	3.163672e-1	3.893438e-1	1.521288e-1	-	-	-	-	-
587	v2-348	1.0000	6.513809e-2	2.676414e-1	1.572396e-1	0.5647	1.882333e0	5.256622e-1	-	0	0	3.410482e-2	6.303327e-2	1.907825e-1	1.955216e-1	4.842030e-2	-	-	-	-	-
588	v2-348	1.0000	1.419643e-1	3.905706e-1	3.536609e-1	0.7640	3.437937e0	8.588931e-1	-	0	0	1.094349e-1	1.244726e-1	3.705891e-1	3.178253e-1	1.364988e-1	-	-	-	-	-
589	v2-348	1.0000	1.321161e-1	4.894705e-1	2.594709e-1	0.7831	2.332995e0	7.081258e-1	-	0	0	9.326456e-2	1.155519e-1	2.894760e-1	3.729613e-1	1.352792e-1	-	-	-	-	-
590	v2-348	1.0000	5.476482e-2	2.090412e-1	8.853122e-2	0.7518	1.569331e0	5.267920e-1	-	0	0	5.203365e-2	5.414394e-2	5.524852e-2	5.279150e-2	6.048801e-2	-	-	-	-	-
591	v2-348	1.0000	6.321918e-2	2.678380e-1	1.548362e-1	0.5950	1.750284e0	3.319576e-1	-	0	0	3.355443e-2	5.912440e-2	1.832605e-1	2.245108e-1	4.502015e-2	-	-	-	-	-
592	v2-348	1.0000	1.047553e-1	2.860402e-1	1.796544e-1	0.7763	2.120718e0	5.137410e-1	-	0	0	1.285547e-1	7.434123e-2	2.074110e-1	1.663658e-1	1.253722e-1	-	-	-	-	-
593	v2-348	1.0000	1.008159e-1	3.060021e-1	2.056042e-1	0.6425	1.799964e0	3.272019e-1	-	0	0	1.017683e-1	6.168870e-2	2.290158e-1	2.638195e-1	1.469182e-1	-	-	-	-	-
594	v2-348	1.0000	6.227741e-2	1.428733e-1	8.528493e-2	0.7201	1.357396e0	2.878243e-1	-	0	0	8.223306e-2	4.929247e-2	8.558346e-2	9.345000e-2	6.268327e-2	-	-	-	-	-
595	v2-348	1.0000	3.680721e-2	1.009417e-1	5.100119e-2	0.7106	1.013141e0	1.926618e-1	-	0	0	5.525726e-2	3.170714e-2	3.951461e-2	3.145258e-2	2.911039e-2	-	-	-	-	-
596	v2-348	1.0000	7.825328e-2	2.801781e-1	1.217198e-1	0.6165	8.260879e-1	1.378351e-1	-	0	0	1.347812e-1	2.967491e-2	6.176228e-2	4.904170e-2	1.639131e-1	-	-	-	-	-
597	v2-348	1.0000	1.189780e-1	3.635843e-1	2.891740e-1	0.6451	2.234414e0	6.393751e-1	-	0	0	1.264924e-1	8.734696e-2	2.789435e-1	3.105396e-1	1.190548e-1	-	-	-	-	-
598	v2-348	1.0000	4.019059e-2	1.217868e-1	5.893555e-2	0.6659	1.217833e0	2.537005e-1	-	0	0	4.954189e-2	3.642929e-2	5.392010e-2	5.580615e-2	3.237884e-2	-	-	-	-	-
599	v2-348	1.0000	6.795626e-2	1.665707e-1	8.572865e-2	0.6691	1.084052e0	1.781213e-1	-	0	0	1.021378e-1	5.590410e-2	6.161516e-2	5.390975e-2	6.548903e-2	-	-	-	-	-
600	v2-348	1.0000	1.601231e-1	7.806726e-1	3.011713e-1	0.5622	4.121519e0	1.385542e0	-	0	0	7.381510e-2	1.649222e-1	1.958162e-1	2.669289e-1	2.222810e-1	-	-	-	-	-
601	v2-348	1.0000	6.148410e-2	1.923832e-1	9.474563e-2	0.5330	1.636796e0	2.809925e-1	-	0	0	4.235696e-2	6.604155e-2	1.007796e-1	1.101471e-1	5.071542e-2	-	-	-	-	-
602	v2-348	1.0000	7.963346e-2	3.021648e-1	1.442342e-1	0.6011	4.107527e0	7.830555e-1	-	0	0	5.530425e-2	6.885384e-2	1.443127e-1	1.347866e-1	1.139208e-1	-	-	-	-	-
603	v2-348	1.0000	3.787039e-2	9.463298e-2	2.217444e-1	0.7387	1.969107e0	3.726035e-1	-	0	0	1.789155e-2	3.451925e-2	8.298083e-2	1.557677e-1	3.451065e-2	-	-	-	-	-
604	v2-348	1.0000	1.530009e-2	5.554520e-2	2.229345e-2	0.7582	3.853468e-1	1.053963e-1	-	0	0	1.559987e-2	1.363294e-2	1.697728e-2	2.334470e-2	1.765616e-2	-	-	-	-	-
605	v2-348	1.0000	4.539763e-2	1.416419e-1	5.814362e-2	0.7863	8.271400e-1	2.349008e-1	-	0	0	4.577900e-2	4.019526e-2	4.634473e-2	4.762301e-2	5.990491e-2	-	-	-	-	-
606	v2-348	1.0000	3.157468e-2	1.159790e-1	5.051502e-2	0.7554	9.522820e-1	2.716125e-1	-	0	0	2.619532e-2	3.031889e-2	3.528855e-2	2.706568e-2	4.237641e-2	-	-	-	-	-
607	v2-348	1.0000	3.206276e-2	8.253801e-2	4.393220e-2	0.7331	4.561036e-1	1.867895e-1	-	0	0	5.228378e-2	1.931446e-2	4.290837e-2	2.845454e-2	4.274690e-2	-	-	-	-	-
608	v2-348	1.0000	2.683498e-2	1.022568e-1	4.997237e-2	0.5342	1.061254e0	2.003651e-1	-	0	0	1.619405e-2	2.572004e-2	4.470625e-2	5.296982e-2	3.315577e-2	-	-	-	-	-
609	v2-348	1.0000	1.503551e-2	3.828907e-2	2.170508e-2	0.7375	3.305258e-1	7.555828e-2	-	0	0	2.652523e-2	1.044596e-2	1.180992e-2	1.147562e-2	1.584993e-2	-	-	-	-	-
610	v2-348	1.0000	3.245947e-2	2.088180e-1	7.327568e-2	0.5287	8.109941e-1	3.805630e-1	-	0	0	1.102315e-2	3.670899e-2	6.773075e-2	3.235846e-2	3.799872e-2	-	-	-	-	-
611	v2-348	1.0000	4.942878e-2	2.185097e-1	9.918988e-2	0.5046	1.098945e0	3.593630e-1	-	0	0	3.818433e-2	4.190272e-2	6.805295e-2	7.223212e-2	7.652937e-2	-	-	-	-	-
612	v2-348	1.0000	3.869627e-2	1.451597e-1	7.485031e-2	0.5878	1.448695e0	2.928033e-1	-	0	0	2.621377e-2	3.191893e-2	6.928628e-2	8.363646e-2	5.685788e-2	-	-	-	-	-
613	v2-348	1.0000	1.849961e-2	8.796287e-2	3.373040e-2	0.6159	5.791248e-1	1.884228e-1	-	0	0	1.504634e-2	1.985990e-2	1.581103e-2	2.329432e-2	1.839239e-2	-	-	-	-	-
614	v2-348	1.0000	4.667513e-2	2.263754e-1	1.025441e-1	0.6017	1.001293e0	3.779944e-1	-	0	0	2.664315e-2	5.204366e-2	9.024799e-2	6.639869e-2	4.024845e-2	-	-	-	-	-
615	v2-348	1.0000	7.657794e-2	2.800817e-1	1.249711e-1	0.5316	1.615761e0	4.177784e-1	-	0	0	6.134899e-2	7.488909e-2	1.008720e-1	1.050109e-1	8.832965e-2	-	-	-	-	-
616	v2-348	1.0000	1.058803e-2	3.756067e-2	1.780174e-2	0.5714	4.173098e-1	7.375659e-2	-	0	0	7.477616e-3	1.160098e-2	1.087258e-2	1.437758e-2	1.055672e-2	-	-	-	-	-
617	v2-348	1.0000	3.217964e-2	7.862628e-2	5.182479e-2	0.6900	5.405003e-1	2.107265e-1	-	0	0	4.503258e-2	2.310203e-2	5.161083e-2	3.610425e-2	3.722488e-2	-	-	-	-	-
618	v2-348	1.0000	4.838510e-2	1.453557e-1	7.734190e-2	0.6382	1.099817e0	2.112516e-1	-	0	0	6.039014e-2	2.722698e-2	5.059428e-2	6.261739e-2	9.317872e-2	-	-	-	-	-
619	v2-348	1.0000	2.016039e-2	4.896975e-2	3.235543e-2	0.8053	4.349314e-1	9.506417e-2	-	0	0	3.409822e-2	1.502469e-2	1.654252e-2	1.540812e-2	1.986505e-2	-	-	-	-	-
620	v2-348	1.0000	1.865065e-2	7.258761e-2	3.089219e-2	0.6999	5.006402e-1	1.707061e-1	-	0	0	1.818989e-2	1.706842e-2	2.913564e-2	2.689093e-2	1.939826e-2	-	-	-	-	-
621	v2-348	1.0000	1.876273e-2	6.982660e-2	4.243956e-2	0.5101	4.389278e-1	1.484715e-1	-	0	0	1.272275e-2	1.844667e-2	4.773032e-2	2.559287e-2	1.837886e-2	-	-	-	-	-
622	v2-348	1.0000	3.824130e-2	1.359656e-1	7.728450e-2	0.5629	1.453473e0	2.752736e-1	-	0	0	1.672100e-2	3.537818e-2	8.982661e-2	1.037217e-1	4.592295e-2	-	-	-	-	-
623	v2-348	1.0000	6.467668e-3	1.673615e-2	9.585185e-3	0.5722	2.189208e-1	4.231631e-2	-	0	0	6.394439e-3	6.113972e-3	5.520752e-3	6.922818e-3	7.772558e-3	-	-	-	-	-
624	v2-348	1.0000	3.295119e-2	9.602451e-2	4.518134e-2	0.7428	5.187014e-1	2.155360e-1	-	0	0	5.953544e-2	1.915347e-2	2.170655e-2	1.958757e-2	4.664069e-2	-	-	-	-	-
625	v2-348	1.0000	7.442560e-2	2.461190e-1	1.142153e-1	0.5432	1.284530e0	2.092430e-1	-	0	0	4.979839e-2	8.259686e-2	5.887970e-2	5.522496e-2	8.980145e-2	-	-	-	-	-
626	v2-348	1.0000	9.533924e-2	3.730507e-1	1.619728e-1	0.7178	1.983044e0	7.386617e-1	-	0	0	7.885788e-2	8.447821e-2	1.448995e-1	1.400760e-1	1.261402e-1	-	-	-	-	-
627	v2-348	1.0000	3.344674e-2	1.011405e-1	4.831362e-2	0.7343	5.805654e-1	2.700688e-1	-	0	0	5.651748e-2	2.120183e-2	2.260419e-2	1.809659e-2	4.730295e-2	-	-	-	-	-
628	v2-348	1.0000	3.445535e-2	9.886122e-2	4.308361e-2	0.7764	4.182799e-1	1.068421e-1	-	0	0	6.424343e-2	1.927668e-2	2.498863e-2	2.576063e-2	4.666511e-2	-	-	-	-	-
629	v2-348	1.0000	1.644592e-1	5.555296e-1	3.620562e-1	0.5552	3.314033e0	1.242766e0	-	0	0	6.204470e-2	1.896462e-1	1.678862e-1	1.794610e-1	2.152943e-1	-	-	-	-	-
630	v2-348	1.0000	8.856062e-2	2.712011e-1	1.232192e-1	0.6718	1.533100e0	4.035181e-1	-	0	0	1.178487e-1	6.307368e-2	8.404995e-2	6.111410e-2	1.357293e-1	-	-	-	-	-
631	v2-348	1.0000	6.388969e-2	2.390318e-1	1.437188e-1	0.5450	1.583161e0	5.892678e-1	-	0	0	3.449982e-2	6.868742e-2	7.928381e-2	6.198891e-2	8.355268e-2	-	-	-	-	-
632	v2-348	1.0000	2.598785e-2	6.828188e-2	4.476649e-2	0.6741	6.192408e-1	1.764126e-1	-	0	0	4.546594e-2	1.337906e-2	2.117531e-2	2.140341e-2	4.148845e-2	-	-	-	-	-
633	v2-348	1.0000	1.842019e-2	6.729020e-2	2.886483e-2	0.7026	4.810230e-1	1.287925e-1	-	0	0	2.011725e-2	1.539383e-2	1.778941e-2	1.414778e-2	2.656880e-2	-	-	-	-	-
634	v2-348	1.0000	3.107436e-2	8.987093e-2	4.942982e-2	0.7107	9.026042e-1	2.278040e-1	-	0	0	2.665914e-2	2.789460e-2	5.723097e-2	4.296437e-2	3.682881e-2	-	-	-	-	-
635	v2-348	1.0000	3.244220e-2	1.022963e-1	6.038408e-2	0.6168	9.791830e-1	1.961960e-1	-	0	0	2.322640e-2	3.748690e-2	3.831275e-2	3.882411e-2	2.598533e-2	-	-	-	-	-
636	v2-348	1.0000	1.896653e-2	5.738610e-2	2.750328e-2	0.6706	4.013773e-1	1.566860e-1	-	0	0	2.932609e-2	1.081946e-2	2.404713e-2	1.654444e-2	2.959275e-2	-	-	-	-	-
637	v2-348	1.0000	3.433317e-2	9.931850e-2	7.891091e-2	0.5670	1.706263e0	4.629385e-1	-	0	0	3.152813e-2	2.664221e-2	8.267705e-2	8.045805e-2	3.795768e-2	-	-	-	-	-
638	v2-348	1.0000	1.306195e-2	3.721440e-2	2.152899e-2	0.7357	3.502699e-1	1.223229e-1	-	0	0	1.929376e-2	9.839977e-3	9.228488e-3	9.605682e-3	1.661903e-2	-	-	-	-	-
639	v2-348	1.0000	3.307245e-2	1.410859e-1	6.486910e-2	0.6083	7.105559e-1	2.534289e-1	-	0	0	2.050482e-2	3.111924e-2	7.805631e-2	4.261768e-2	4.124865e-2	-	-	-	-	-
640	v2-348	1.0000	5.785800e-2	2.643496e-1	1.181146e-1	0.5086	1.618815e0	5.979318e-1	-	0	0	4.178790e-2	5.866692e-2	9.576784e-2	5.954127e-2	6.582969e-2	-	-	-	-	-
641	v2-348	1.0000	3.955510e-2	1.504908e-1	7.494238e-2	0.5546	1.282906e0	2.624411e-1	-	0	0	4.271024e-2	2.292123e-2	5.957482e-2	5.039901e-2	7.818216e-2	-	-	-	-	-
642	v2-348	1.0000	5.017580e-2	9.935188e-2	6.228067e-2	0.7877	8.342315e-1	1.911075e-1	-	0	0	7.284973e-2	3.801904e-2	5.859870e-2	6.722897e-2	5.172940e-2	-	-	-	-	-
643	v2-348	1.0000	5.609528e-2	1.449135e-1	7.022524e-2	0.6592	1.049692e0	1.925684e-1	-	0	0	6.401343e-2	4.718296e-2	7.265652e-2	7.544104e-2	6.412643e-2	-	-	-	-	-
644	v2-348	1.0000	8.609880e-2	2.959539e-1	1.313990e-1	0.5144	1.746035e0	2.733489e-1	-	0	0	4.831394e-2	1.024319e-1	1.296723e-1	1.494930e-1	5.907344e-2	-	-	-	-	-
645	v2-348	1.0000	1.928836e-2	5.623698e-2	2.515071e-2	0.7645	4.881216e-1	9.583821e-2	-	0	0	2.679946e-2	1.379834e-2	1.751128e-2	1.270192e-2	2.827058e-2	-	-	-	-	-
646	v2-348	1.0000	2.366457e-2	6.540728e-2	2.991885e-2	0.7254	4.476790e-1	1.491903e-1	-	0	0	4.252163e-2	1.246945e-2	1.911475e-2	2.333794e-2	3.461927e-2	-	-	-	-	-
647	v2-348	1.0000	4.322952e-2	1.296577e-1	8.972157e-2	0.5651	1.890663e0	4.346999e-1	-	0	0	4.486862e-2	3.100227e-2	1.009566e-1	1.066837e-1	4.841905e-2	-	-	-	-	-
648	v2-348	1.0000	1.408714e-2	3.986931e-2	2.406599e-2	0.7278	3.709146e-1	1.309540e-1	-	0	0	2.148995e-2	1.046440e-2	1.030318e-2	9.796133e-3	1.753627e-2	-	-	-	-	-
649	v2-348	1.0000	1.962150e-2	8.117139e-2	3.818372e-2	0.5929	5.577999e-1	1.696773e-1	-	0	0	9.032404e-3	2.167417e-2	3.299116e-2	2.832351e-2	2.150906e-2	-	-	-	-	-
650	v2-348	1.0000	1.687143e-2	6.804216e-2	3.629243e-2	0.5117	4.385341e-1	1.575395e-1	-	0	0	1.184952e-2	1.532155e-2	4.502522e-2	1.790630e-2	2.047983e-2	-	-	-	-	-
651	v2-348	1.0000	2.790497e-2	9.833169e-2	7.337915e-2	0.5081	1.537495e0	3.869410e-1	-	0	0	1.460392e-2	2.497551e-2	8.243050e-2	7.575817e-2	2.857884e-2	-	-	-	-	-
652	v2-348	1.0000	1.331523e-2	3.145528e-2	1.751990e-2	0.7835	3.599316e-1	1.018071e-1	-	0	0	1.976771e-2	1.023036e-2	8.616456e-3	9.258039e-3	1.653785e-2	-	-	-	-	-
653	v2-348	1.0000	2.514989e-2	7.719374e-2	3.839556e-2	0.7363	4.458052e-1	2.233341e-1	-	0	0	3.897041e-2	1.562820e-2	2.683730e-2	1.738276e-2	3.762110e-2	-	-	-	-	-
654	v2-348	1.0000	1.329359e-1	4.301392e-1	2.043930e-1	0.5334	2.035931e0	3.994935e-1	-	0	0	1.460896e-1	1.151455e-1	1.292070e-1	1.276861e-1	1.721315e-1	-	-	-	-	-
655	v2-348	1.0000	7.709010e-2	4.524171e-1	1.489591e-1	0.7729	1.603498e0	6.802115e-1	-	0	0	4.857391e-2	7.444634e-2	1.661946e-1	1.227241e-1	8.799559e-2	-	-	-	-	-
656	v2-348	1.0000	2.703591e-2	9.469080e-2	4.383951e-2	0.7356	5.060240e-1	2.646723e-1	-	0	0	3.931474e-2	1.790199e-2	2.972822e-2	1.869955e-2	4.018452e-2	-	-	-	-	-
657	v2-348	1.0000	2.237410e-2	5.992460e-2	2.838254e-2	0.7454	3.396751e-1	1.308941e-1	-	0	0	4.167228e-2	1.102364e-2	2.150753e-2	1.588300e-2	3.371539e-2	-	-	-	-	-
658	v2-348	1.0000	2.533917e-1	1.270847e0	6.236512e-1	0.5945	5.170719e0	2.714885e0	-	0	0	7.488575e-2	2.599771e-1	2.950613e-1	2.003481e-1	4.642549e-1	0.001940	-0.114771	-0.050163	-0.013912	-0.012688
659	v2-348	1.0000	4.224132e-2	1.833179e-1	6.619690e-2	0.6854	1.170789e0	3.230646e-1	-	0	0	3.478160e-2	4.168965e-2	6.556918e-2	4.162404e-2	4.759191e-2	-	-	-	-	-
660	v2-348	1.0000	9.989343e-2	4.567165e-1	1.827675e-1	0.7666	1.263997e0	6.018209e-1	-	0	0	8.424315e-2	9.298787e-2	1.198464e-1	7.812223e-2	1.408181e-1	-	-	-	-	-
661	v2-348	1.0000	2.062523e-2	5.054879e-2	2.882789e-2	0.6785	5.023041e-1	1.398516e-1	-	0	0	2.941036e-2	1.480501e-2	1.462798e-2	1.799729e-2	2.914254e-2	-	-	-	-	-
662	v2-348	1.0000	2.194878e-2	7.959884e-2	5.041466e-2	0.6279	1.120767e0	2.755483e-1	-	0	0	1.388798e-2	2.379445e-2	4.637267e-2	3.512358e-2	1.730946e-2	-	-	-	-	-
663	v2-348	1.0000	4.259903e-2	1.908162e-1	9.490767e-2	0.6796	1.788366e0	7.279270e-1	-	0	0	2.977068e-2	4.106838e-2	7.875726e-2	4.484270e-2	5.381873e-2	-	-	-	-	-
664	v2-348	1.0000	4.977319e-2	1.732149e-1	1.122160e-1	0.5239	2.508747e0	8.242896e-1	-	0	0	2.014803e-2	5.108243e-2	1.401264e-1	7.663203e-2	5.417959e-2	-	-	-	-	-
665	v2-348	1.0000	8.426642e-2	2.748027e-1	1.705776e-1	0.7466	2.108411e0	6.541254e-1	-	0	0	6.090454e-2	7.833988e-2	2.041735e-1	1.778816e-1	7.933214e-2	-	-	-	-	-
666	v2-348	1.0000	5.281923e-2	1.797724e-1	1.396218e-1	0.6136	1.902426e0	5.375745e-1	-	0	0	4.639350e-2	4.118946e-2	1.524568e-1	1.075963e-1	5.771845e-2	-	-	-	-	-
667	v2-348	1.0000	2.847165e-2	7.990360e-2	5.657697e-2	0.6720	1.324244e0	4.660648e-1	-	0	0	3.588640e-2	2.212468e-2	3.615552e-2	3.139690e-2	3.550513e-2	-	-	-	-	-
668	v2-348	1.0000	1.275501e-1	4.243388e-1	2.071506e-1	0.6970	2.296384e0	5.050824e-1	-	0	0	1.397470e-1	1.023534e-1	2.122253e-1	1.609997e-1	1.584844e-1	-	-	-	-	-
669	v2-348	1.0000	6.605529e-2	1.901608e-1	1.079360e-1	0.6621	1.191817e0	1.889197e-1	-	0	0	6.469951e-2	6.080560e-2	1.270766e-1	1.025258e-1	5.938778e-2	-	-	-	-	-
670	v2-348	1.0000	7.868595e-2	2.504578e-1	1.568103e-1	0.6706	1.792364e0	5.150760e-1	-	0	0	8.505922e-2	5.651099e-2	1.732224e-1	1.185059e-1	1.039041e-1	-	-	-	-	-
671	v2-348	1.0000	1.154748e-1	3.288741e-1	1.923156e-1	0.6928	2.423655e0	5.205571e-1	-	0	0	1.429884e-1	9.616568e-2	1.658967e-1	1.478461e-1	1.180283e-1	-	-	-	-	-
672	v2-348	1.0000	9.016684e-2	3.811941e-1	1.848580e-1	0.6514	2.443640e0	1.081942e0	-	0	0	5.571500e-2	9.372097e-2	1.124757e-1	1.210659e-1	1.106611e-1	-	-	-	-	-
673	v2-348	1.0000	8.302455e-2	3.659520e-1	1.940440e-1	0.5423	2.357293e0	9.078075e-1	-	0	0	3.209134e-2	9.682915e-2	1.319605e-1	8.995870e-2	9.231644e-2	-	-	-	-	-
674	v2-348	1.0000	3.224349e-2	1.294130e-1	8.196527e-2	0.6123	1.304771e0	4.273215e-1	-	0	0	1.347468e-2	3.718885e-2	8.350950e-2	4.953422e-2	2.405024e-2	-	-	-	-	-
675	v2-348	1.0000	1.092955e-1	3.974004e-1	1.688695e-1	0.6760	2.789890e0	9.194655e-1	-	0	0	1.358413e-1	7.521134e-2	1.483032e-1	1.601393e-1	1.565065e-1	-	-	-	-	-
676	v2-348	1.0000	9.939292e-2	3.915689e-1	2.394577e-1	0.5411	2.724465e0	8.440448e-1	-	0	0	5.340306e-2	9.013023e-2	2.967483e-1	2.767608e-1	9.403499e-2	-	-	-	-	-
677	v2-348	1.0000	5.429409e-2	2.083803e-1	9.341576e-2	0.7414	1.785075e0	6.183226e-1	-	0	0	4.574976e-2	5.401889e-2	5.873931e-2	6.364072e-2	6.277048e-2	-	-	-	-	-
678	v2-348	1.0000	2.646769e-2	8.138630e-2	5.891570e-2	0.6857	1.232053e0	2.702406e-1	-	0	0	2.088430e-2	2.423713e-2	5.508205e-2	5.967765e-2	2.524019e-2	-	-	-	-	-
679	v2-348	1.0000	1.136599e-1	3.603387e-1	3.253923e-1	0.7579	2.724846e0	8.751554e-1	-	0	0	5.399996e-2	1.135438e-1	3.575197e-1	3.089476e-1	8.191987e-2	-	-	-	-	-
680	v2-348	1.0000	4.944102e-2	1.549942e-1	1.465645e-1	0.6052	1.913679e0	4.943634e-1	-	0	0	3.213670e-2	4.074160e-2	1.481774e-1	1.221826e-1	5.547944e-2	-	-	-	-	-
681	v2-348	1.0000	4.158743e-2	1.004000e-1	6.451562e-2	0.7289	1.385954e0	4.203994e-1	-	0	0	6.108136e-2	2.970964e-2	5.177834e-2	4.725674e-2	4.857517e-2	-	-	-	-	-
682	v2-348	1.0000	3.425907e-2	1.231511e-1	6.374500e-2	0.5346	1.437807e0	3.447042e-1	-	0	0	2.376514e-2	3.620788e-2	7.195732e-2	6.306466e-2	2.534886e-2	-	-	-	-	-
683	v2-348	1.0000	5.207685e-2	1.689882e-1	8.309146e-2	0.5826	1.024305e0	2.130886e-1	-	0	0	3.889751e-2	4.784776e-2	5.015483e-2	4.877089e-2	8.308373e-2	-	-	-	-	-
684	v2-348	1.0000	4.443180e-2	1.427311e-1	9.486284e-2	0.5942	1.578248e0	3.132317e-1	-	0	0	3.208586e-2	3.598593e-2	1.245757e-1	7.967352e-2	5.689300e-2	-	-	-	-	-
685	v2-348	1.0000	4.745665e-2	1.554908e-1	8.632347e-2	0.6265	1.720322e0	4.247681e-1	-	0	0	2.698792e-2	4.756199e-2	9.868174e-2	1.003641e-1	4.781852e-2	-	-	-	-	-
686	v2-348	1.0000	5.858736e-2	1.648562e-1	7.977710e-2	0.6944	1.291497e0	3.167952e-1	-	0	0	7.847962e-2	5.126485e-2	6.896104e-2	5.481900e-2	5.341521e-2	-	-	-	-	-
687	v2-348	1.0000	2.348380e-1	1.300224e0	7.026829e-1	0.5184	5.767258e0	3.083706e0	-	0	0	4.661146e-2	2.632746e-1	3.248333e-1	2.404646e-1	3.657864e-1	-0.000363	-0.125940	0.051947	0.009557	-0.008547
688	v2-348	1.0000	1.007118e-1	3.068852e-1	1.405843e-1	0.6831	1.780796e0	3.550111e-1	-	0	0	1.072025e-1	9.640735e-2	1.409323e-1	1.295647e-1	8.826912e-2	-	-	-	-	-
689	v2-348	1.0000	9.037225e-2	3.899002e-1	1.729364e-1	0.5459	2.770218e0	6.453938e-1	-	0	0	4.541102e-2	9.197171e-2	1.490477e-1	1.301245e-1	1.187981e-1	-	-	-	-	-
690	v2-348	1.0000	3.781512e-2	9.420776e-2	2.215166e-1	0.7387	1.969020e0	3.725458e-1	-	0	0	1.786406e-2	3.442117e-2	8.304181e-2	1.558880e-1	3.447839e-2	-	-	-	-	-
691	v2-348	1.0000	1.629077e-2	5.079293e-2	3.247200e-2	0.6736	4.561545e-1	7.335261e-2	-	0	0	1.453174e-2	1.830691e-2	1.497655e-2	1.686399e-2	1.264863e-2	-	-	-	-	-
692	v2-348	1.0000	2.375022e-2	5.844641e-2	3.375191e-2	0.6743	7.646780e-1	1.349043e-1	-	0	0	3.614712e-2	1.893506e-2	2.285135e-2	2.218539e-2	2.301518e-2	-	-	-	-	-
693	v2-348	1.0000	2.894232e-2	8.555269e-2	4.354783e-2	0.6268	8.662423e-1	2.128070e-1	-	0	0	3.793458e-2	2.380685e-2	3.731399e-2	3.068947e-2	3.037591e-2	-	-	-	-	-
694	v2-348	1.0000	1.825303e-2	5.770636e-2	2.840949e-2	0.6709	3.427546e-1	1.309729e-1	-	0	0	2.428774e-2	1.229944e-2	2.687737e-2	1.798433e-2	2.636783e-2	-	-	-	-	-
695	v2-348	1.0000	2.488018e-2	1.046100e-1	6.057280e-2	0.5198	1.464060e0	3.540608e-1	-	0	0	1.197049e-2	2.393534e-2	7.117443e-2	7.879698e-2	1.975838e-2	-	-	-	-	-
696	v2-348	1.0000	1.543878e-2	3.803396e-2	2.286901e-2	0.7388	3.428092e-1	1.070763e-1	-	0	0	2.449473e-2	1.158304e-2	1.127921e-2	1.022179e-2	1.778392e-2	-	-	-	-	-
697	v2-348	1.0000	2.492703e-2	1.437514e-1	5.050750e-2	0.5153	6.339178e-1	2.526388e-1	-	0	0	1.233149e-2	2.607896e-2	4.842658e-2	2.348558e-2	3.185974e-2	-	-	-	-	-
698	v2-348	1.0000	8.887259e-2	3.911681e-1	1.614741e-1	0.5184	1.866446e0	6.669613e-1	-	0	0	7.236956e-2	7.575307e-2	1.602240e-1	1.383892e-1	1.197829e-1	-	-	-	-	-
699	v2-348	1.0000	6.911469e-2	2.480859e-1	1.335365e-1	0.5909	1.276639e0	2.451496e-1	-	0	0	8.314462e-2	3.669088e-2	8.226284e-2	7.000406e-2	1.457142e-1	-	-	-	-	-
700	v2-348	1.0000	4.328734e-2	8.848238e-2	4.965126e-2	0.8575	7.780997e-1	1.332178e-1	-	0	0	6.785390e-2	2.738486e-2	5.721313e-2	5.775182e-2	5.293586e-2	-	-	-	-	-
701	v2-348	1.0000	5.898228e-2	2.660513e-1	1.046067e-1	0.5949	1.303085e0	4.444479e-1	-	0	0	3.543895e-2	5.580028e-2	8.244473e-2	1.184143e-1	7.892532e-2	-	-	-	-	-
702	v2-348	1.0000	1.072047e-1	4.283705e-1	2.078103e-1	0.5409	2.133458e0	4.815656e-1	-	0	0	4.519680e-2	1.105653e-1	2.376644e-1	3.117695e-1	9.516890e-2	-	-	-	-	-
703	v2-348	1.0000	1.453796e-2	3.920329e-2	2.698028e-2	0.6448	4.192592e-1	7.619885e-2	-	0	0	1.362616e-2	1.466672e-2	2.952776e-2	1.825648e-2	1.056788e-2	-	-	-	-	-
704	v2-348	1.0000	2.075384e-2	6.544185e-2	3.164850e-2	0.6434	3.929806e-1	1.402574e-1	-	0	0	2.631575e-2	1.523489e-2	2.098856e-2	2.958908e-2	2.821098e-2	-	-	-	-	-
705	v2-348	1.0000	4.478792e-2	1.766119e-1	1.221371e-1	0.5747	1.720334e0	4.928106e-1	-	0	0	2.794190e-2	4.301587e-2	1.026384e-1	1.409981e-1	3.437465e-2	-	-	-	-	-
706	v2-348	1.0000	2.082559e-2	4.928803e-2	3.309187e-2	0.8035	4.405332e-1	1.189553e-1	-	0	0	3.478268e-2	1.559976e-2	1.483371e-2	1.284787e-2	2.214557e-2	-	-	-	-	-
707	v2-348	1.0000	1.777170e-2	5.096436e-2	3.969577e-2	0.5860	5.837256e-1	9.685226e-2	-	0	0	9.599771e-3	2.164706e-2	2.232710e-2	2.834503e-2	1.288069e-2	-	-	-	-	-
708	v2-348	1.0000	1.868991e-2	7.190371e-2	2.834229e-2	0.7335	3.626981e-1	1.240457e-1	-	0	0	1.815183e-2	1.419216e-2	3.126459e-2	1.682063e-2	3.018472e-2	-	-	-	-	-
709	v2-348	1.0000	3.195432e-2	1.015747e-1	6.096207e-2	0.6825	1.507269e0	4.229857e-1	-	0	0	2.640630e-2	2.578842e-2	7.199640e-2	6.611218e-2	3.942184e-2	-	-	-	-	-
710	v2-348	1.0000	8.527385e-3	3.198647e-2	1.292187e-2	0.6780	2.439567e-1	8.403675e-2	-	0	0	8.918669e-3	7.569414e-3	7.070037e-3	7.337647e-3	1.158212e-2	-	-	-	-	-
711	v2-348	1.0000	3.747344e-2	1.018224e-1	4.880657e-2	0.7652	5.053540e-1	1.663363e-1	-	0	0	7.044130e-2	2.071885e-2	2.620657e-2	2.876844e-2	5.084284e-2	-	-	-	-	-
712	v2-348	1.0000	1.132340e-1	3.470411e-1	1.654922e-1	0.5197	1.793477e0	3.189367e-1	-	0	0	1.362360e-1	9.717146e-2	8.219003e-2	6.417433e-2	1.518366e-1	-	-	-	-	-
713	v2-348	1.0000	4.386068e-2	2.606353e-1	9.595689e-2	0.5360	1.237177e0	5.536787e-1	-	0	0	1.942076e-2	4.721840e-2	6.877367e-2	5.578032e-2	5.584128e-2	-	-	-	-	-
714	v2-348	1.0000	3.839786e-2	1.036206e-1	5.061050e-2	0.7498	5.473863e-1	1.999436e-1	-	0	0	7.089608e-2	2.155711e-2	2.646650e-2	2.812567e-2	5.316887e-2	-	-	-	-	-
715	v2-348	1.0000	3.694831e-2	9.485292e-2	4.430238e-2	0.7956	4.118811e-1	9.348947e-2	-	0	0	6.769224e-2	2.133548e-2	2.737702e-2	3.041675e-2	4.876872e-2	-	-	-	-	-
716	v2-348	1.0000	2.352362e-1	8.266382e-1	6.647611e-1	0.5936	4.830473e0	2.692282e0	-	0	0	7.182184e-2	2.427714e-1	1.440547e-1	1.244743e-1	4.717193e-1	0.002375	-0.137286	-0.000223	-0.007256	-0.013867
717	v2-348	1.0000	1.061927e-1	3.468451e-1	1.509959e-1	0.7135	1.993393e0	6.074588e-1	-	0	0	1.323798e-1	8.517565e-2	1.126669e-1	7.492413e-2	1.418460e-1	-	-	-	-	-
718	v2-348	1.0000	6.506488e-2	3.231218e-1	1.264352e-1	0.7389	9.423380e-1	3.843144e-1	-	0	0	4.502434e-2	6.586433e-2	9.550900e-2	4.316023e-2	8.559711e-2	-	-	-	-	-
719	v2-348	1.0000	2.600425e-2	6.836633e-2	4.479927e-2	0.6741	6.195595e-1	1.764182e-1	-	0	0	4.551608e-2	1.337977e-2	2.121125e-2	2.141535e-2	4.150502e-2	-	-	-	-	-
720	append204	0.0000	0.000000e0	0.000000e0	0.000000e0	1.0000	0.000000e0	0.000000e0	-	1	1	0.000000e0	0.000000e0	0.000000e0	0.000000e0	0.000000e0	-	-	-	-	-
721	append204	0.0000	0.000000e0	0.000000e0	0.000000e0	1.0000	0.000000e0	0.000000e0	-	1	1	0.000000e0	0.000000e0	0.000000e0	0.000000e0	0.000000e0	-	-	-	-	-
722	append204	1.0000	3.974344e-2	1.441251e-1	7.094867e-2	0.5628	1.218526e0	3.895720e-1	-	0	0	4.067168e-2	3.391625e-2	6.781002e-2	7.475534e-2	4.077170e-2	-	-	-	-	-
723	append204	1.0000	2.327561e-2	5.063128e-2	3.042161e-2	0.7654	6.610512e-1	1.484687e-1	-	0	0	2.854899e-2	1.980645e-2	2.773385e-2	3.629402e-2	2.282368e-2	-	-	-	-	-
724	append204	1.0000	4.237184e-2	9.463179e-2	5.964930e-2	0.8011	9.241085e-1	1.574920e-1	-	0	0	4.405466e-2	3.900742e-2	4.060603e-2	9.027643e-2	3.969487e-2	-	-	-	-	-
725	append204	1.0000	2.760203e-1	1.062171e0	4.699736e-1	0.5106	4.383186e0	1.194678e0	-	0	0	1.415664e-1	3.056148e-1	3.646234e-1	4.052177e-1	3.059596e-1	-0.002149	-0.095712	-0.021632	0.010378	-0.000136
726	append204	1.0000	1.901947e-1	6.293540e-1	3.517906e-1	0.6217	3.805121e0	1.325142e0	-	0	0	1.941500e-1	1.572386e-1	1.555622e-1	1.001612e-1	3.149203e-1	-	-	-	-	-
727	append204	1.0000	1.533418e-1	4.967502e-1	2.663487e-1	0.6723	5.091261e0	1.088416e0	-	0	0	1.116241e-1	1.666110e-1	2.955671e-1	2.409227e-1	1.094485e-1	-	-	-	-	-
728	append204	1.0000	1.651936e-1	5.454533e-1	2.829779e-1	0.5457	2.948971e0	4.972818e-1	-	0	0	1.829857e-1	1.095767e-1	3.277947e-1	3.132474e-1	2.341973e-1	-	-	-	-	-
729	append204	1.0000	6.950083e-2	1.968938e-1	1.881931e-1	0.6916	7.874976e0	1.991309e0	-	0	0	2.896099e-2	7.939246e-2	9.121622e-2	2.032710e-1	5.478859e-2	-	-	-	-	-
730	append204	1.0000	2.734027e-1	9.098052e-1	5.512697e-1	0.5970	5.008563e0	1.120172e0	-	0	0	1.082960e-1	3.444989e-1	3.973804e-1	2.997198e-1	2.317880e-1	0.000643	-0.170475	0.004324	0.002506	0.000093
731	append204	1.0000	2.458170e-1	8.897039e-1	4.030175e-1	0.6336	4.154775e0	1.542390e0	-	0	0	1.798832e-1	2.546920e-1	3.061475e-1	1.867657e-1	3.017370e-1	-0.002680	0.015692	-0.027401	-0.011140	-0.004189
732	append204	1.0000	3.550052e-1	1.472315e0	7.004884e-1	0.5424	3.779519e0	1.698443e0	-	0	0	3.969649e-1	2.539734e-1	2.780101e-1	2.135058e-1	6.601404e-1	0.005218	0.017797	-0.007449	0.005043	-0.016679
733	append204	1.0000	3.671006e-2	1.602211e-1	6.560319e-2	0.5193	1.181229e0	3.796321e-1	-	0	0	2.710665e-2	3.857926e-2	3.819252e-2	5.671160e-2	3.833402e-2	-	-	-	-	-
734	append204	1.0000	6.226809e-2	1.876615e-1	9.044608e-2	0.6519	1.661684e0	4.028241e-1	-	0	0	7.388430e-2	5.347836e-2	7.379671e-2	8.274300e-2	6.621946e-2	-	-	-	-	-
735	append204	1.0000	1.428677e-1	6.429853e-1	2.943933e-1	0.5578	5.455767e0	1.357910e0	-	0	0	1.279570e-1	1.040643e-1	2.007261e-1	1.285581e-1	2.679193e-1	-	-	-	-	-
736	append204	1.0000	2.721135e-1	9.888517e-1	4.767878e-1	0.5521	4.311509e0	7.776958e-1	-	0	0	2.719095e-1	2.193456e-1	4.113883e-1	2.912012e-1	3.917031e-1	-0.021814	0.010557	-0.064104	-0.035095	-0.005923
737	append204	1.0000	9.134326e-2	3.151792e-1	1.632748e-1	0.5781	3.060971e0	8.259644e-1	-	0	0	5.925831e-2	9.219012e-2	1.536898e-1	1.655949e-1	9.651980e-2	-	-	-	-	-
738	append204	1.0000	1.460350e-1	4.228653e-1	2.460787e-1	0.6806	3.592165e0	1.103169e0	-	0	0	2.061093e-1	1.009880e-1	1.700219e-1	1.664552e-1	1.943839e-1	-	-	-	-	-
739	append204	1.0000	8.415993e-2	2.480721e-1	1.178843e-1	0.6525	2.444182e0	5.238672e-1	-	0	0	1.305648e-1	5.471051e-2	1.014063e-1	9.549434e-2	1.066736e-1	-	-	-	-	-
740	append204	1.0000	9.709052e-2	2.750387e-1	1.510783e-1	0.6047	2.773169e0	7.182583e-1	-	0	0	1.347094e-1	7.071276e-2	1.190796e-1	1.260741e-1	1.162389e-1	-	-	-	-	-
741	append204	1.0000	9.037214e-2	2.774000e-1	1.618325e-1	0.5966	3.073238e0	8.937222e-1	-	0	0	9.112415e-2	7.932601e-2	1.227526e-1	1.290044e-1	1.054764e-1	-	-	-	-	-
742	append204	1.0000	3.805787e-1	1.171102e0	5.656110e-1	0.5772	4.287014e0	1.006478e0	-	0	0	3.091659e-1	3.478892e-1	3.413797e-1	3.843888e-1	5.805977e-1	-0.001129	-0.136487	0.005358	0.004977	-0.001782
743	append204	1.0000	2.012748e-1	6.918859e-1	3.416953e-1	0.6587	4.522741e0	1.072707e0	-	0	0	2.300669e-1	1.631861e-1	1.990187e-1	2.459384e-1	2.698667e-1	-0.002628	0.032750	-0.026172	-0.026686	-0.002267
744	append204	1.0000	1.146576e-1	3.097832e-1	2.150342e-1	0.7608	4.960252e0	8.777684e-1	-	0	0	1.024163e-1	1.232823e-1	1.513782e-1	1.262320e-1	9.203570e-2	-	-	-	-	-
745	append204	1.0000	1.935715e-1	6.436527e-1	3.384170e-1	0.5263	3.650644e0	7.241695e-1	-	0	0	1.662727e-1	1.339108e-1	3.953249e-1	4.609158e-1	2.947839e-1	-	-	-	-	-
746	append204	1.0000	1.365628e-1	4.521170e-1	3.934620e-1	0.6020	5.174441e0	1.601463e0	-	0	0	8.443647e-2	1.560626e-1	1.698876e-1	2.691493e-1	1.048894e-1	-	-	-	-	-
747	append204	1.0000	3.009325e-1	9.633175e-1	4.339573e-1	0.5744	5.405476e0	1.070688e0	-	0	0	2.295083e-1	3.468699e-1	3.637157e-1	3.105581e-1	2.349746e-1	0.000845	-0.134761	0.042993	0.029625	-0.000394
748	append204	1.0000	5.752405e-1	2.087342e0	9.310521e-1	0.5332	7.816384e0	1.844946e0	-	0	0	6.015822e-1	4.627737e-1	5.951832e-1	5.192597e-1	8.900241e-1	-0.008358	0.037092	-0.055364	-0.019728	-0.017496
749	append204	1.0000	4.878659e-1	1.483015e0	7.806632e-1	0.6479	5.184313e0	1.447631e0	-	0	0	5.136387e-1	4.125415e-1	5.064164e-1	4.400329e-1	6.893143e-1	-0.010042	0.045845	-0.052818	-0.022122	-0.011282
750	append204	1.0000	9.746195e-2	2.751114e-1	1.383385e-1	0.5845	3.236929e0	5.784420e-1	-	0	0	1.139059e-1	9.027815e-2	9.051255e-2	1.224373e-1	9.408704e-2	-	-	-	-	-
751	append204	1.0000	8.393333e-2	2.401730e-1	2.341540e-1	0.7437	4.010192e0	8.710462e-1	-	0	0	7.064694e-2	9.977551e-2	4.051928e-2	1.225677e-1	5.524496e-2	-	-	-	-	-
752	append204	1.0000	2.016063e-1	5.031610e-1	2.442009e-1	0.7422	2.884853e0	5.492459e-1	-	0	0	3.901378e-1	9.596591e-2	1.908190e-1	1.409520e-1	2.964669e-1	0.000949	-0.028811	0.005442	0.015601	0.000123
753	append204	1.0000	1.552439e-1	5.637336e-1	2.951668e-1	0.5040	2.336972e0	8.032495e-1	-	0	0	1.074897e-1	1.376561e-1	1.777371e-1	1.308994e-1	2.697030e-1	-	-	-	-	-
754	append204	0.0000	0.000000e0	0.000000e0	0.000000e0	1.0000	0.000000e0	0.000000e0	-	1	1	0.000000e0	0.000000e0	0.000000e0	0.000000e0	0.000000e0	-	-	-	-	-
755	append204	0.0000	0.000000e0	0.000000e0	0.000000e0	1.0000	0.000000e0	0.000000e0	-	1	1	0.000000e0	0.000000e0	0.000000e0	0.000000e0	0.000000e0	-	-	-	-	-
756	append204	0.0000	0.000000e0	0.000000e0	0.000000e0	1.0000	0.000000e0	0.000000e0	-	1	1	0.000000e0	0.000000e0	0.000000e0	0.000000e0	0.000000e0	-	-	-	-	-
757	append204	0.0000	0.000000e0	0.000000e0	0.000000e0	1.0000	0.000000e0	0.000000e0	-	1	1	0.000000e0	0.000000e0	0.000000e0	0.000000e0	0.000000e0	-	-	-	-	-
758	append204	0.0000	0.000000e0	0.000000e0	0.000000e0	1.0000	0.000000e0	0.000000e0	-	1	1	0.000000e0	0.000000e0	0.000000e0	0.000000e0	0.000000e0	-	-	-	-	-
759	append204	0.0000	0.000000e0	0.000000e0	0.000000e0	1.0000	0.000000e0	0.000000e0	-	1	1	0.000000e0	0.000000e0	0.000000e0	0.000000e0	0.000000e0	-	-	-	-	-
760	append204	0.0000	0.000000e0	0.000000e0	0.000000e0	1.0000	0.000000e0	0.000000e0	-	1	1	0.000000e0	0.000000e0	0.000000e0	0.000000e0	0.000000e0	-	-	-	-	-
761	append204	0.0000	0.000000e0	0.000000e0	0.000000e0	1.0000	0.000000e0	0.000000e0	-	1	1	0.000000e0	0.000000e0	0.000000e0	0.000000e0	0.000000e0	-	-	-	-	-
762	append204	0.0000	0.000000e0	0.000000e0	0.000000e0	1.0000	0.000000e0	0.000000e0	-	1	1	0.000000e0	0.000000e0	0.000000e0	0.000000e0	0.000000e0	-	-	-	-	-
763	append204	0.0000	0.000000e0	0.000000e0	0.000000e0	1.0000	0.000000e0	0.000000e0	-	1	1	0.000000e0	0.000000e0	0.000000e0	0.000000e0	0.000000e0	-	-	-	-	-
764	append204	0.0000	0.000000e0	0.000000e0	0.000000e0	1.0000	0.000000e0	0.000000e0	-	1	1	0.000000e0	0.000000e0	0.000000e0	0.000000e0	0.000000e0	-	-	-	-	-
765	append204	0.0000	0.000000e0	0.000000e0	0.000000e0	1.0000	0.000000e0	0.000000e0	-	1	1	0.000000e0	0.000000e0	0.000000e0	0.000000e0	0.000000e0	-	-	-	-	-
766	append204	0.0000	0.000000e0	0.000000e0	0.000000e0	1.0000	0.000000e0	0.000000e0	-	1	1	0.000000e0	0.000000e0	0.000000e0	0.000000e0	0.000000e0	-	-	-	-	-
767	append204	0.0000	0.000000e0	0.000000e0	0.000000e0	1.0000	0.000000e0	0.000000e0	-	1	1	0.000000e0	0.000000e0	0.000000e0	0.000000e0	0.000000e0	-	-	-	-	-
768	append204	0.0000	0.000000e0	0.000000e0	0.000000e0	1.0000	0.000000e0	0.000000e0	-	1	1	0.000000e0	0.000000e0	0.000000e0	0.000000e0	0.000000e0	-	-	-	-	-
769	append204	0.0000	0.000000e0	0.000000e0	0.000000e0	1.0000	0.000000e0	0.000000e0	-	1	1	0.000000e0	0.000000e0	0.000000e0	0.000000e0	0.000000e0	-	-	-	-	-
770	append204	0.0000	0.000000e0	0.000000e0	0.000000e0	1.0000	0.000000e0	0.000000e0	-	1	1	0.000000e0	0.000000e0	0.000000e0	0.000000e0	0.000000e0	-	-	-	-	-
771	append204	0.0000	0.000000e0	0.000000e0	0.000000e0	1.0000	0.000000e0	0.000000e0	-	1	1	0.000000e0	0.000000e0	0.000000e0	0.000000e0	0.000000e0	-	-	-	-	-
772	append204	0.0000	0.000000e0	0.000000e0	0.000000e0	1.0000	0.000000e0	0.000000e0	-	1	1	0.000000e0	0.000000e0	0.000000e0	0.000000e0	0.000000e0	-	-	-	-	-
773	append204	1.0000	2.599746e-2	7.788706e-2	4.815929e-2	0.5077	7.820153e-1	2.017825e-1	-	0	0	2.732111e-2	2.198241e-2	3.902444e-2	4.922545e-2	2.767171e-2	-	-	-	-	-
774	append204	1.0000	1.875568e-2	4.470682e-2	2.445337e-2	0.7732	5.202120e-1	8.901065e-2	-	0	0	2.080436e-2	1.885037e-2	1.430954e-2	2.029213e-2	1.663173e-2	-	-	-	-	-
775	append204	1.0000	4.217823e-2	9.655809e-2	4.506920e-2	0.8523	7.979417e-1	1.613680e-1	-	0	0	5.149729e-2	3.705858e-2	4.457915e-2	6.120448e-2	4.066370e-2	-	-	-	-	-
776	append204	1.0000	2.085758e-1	7.541032e-1	3.753949e-1	0.5054	3.220338e0	1.164670e0	-	0	0	9.306136e-2	2.175547e-1	2.587447e-1	3.414753e-1	2.857457e-1	-0.000608	-0.073200	-0.007539	0.020987	0.000449
777	append204	1.0000	4.498693e-2	1.694403e-1	7.870034e-2	0.5646	1.721534e0	3.285074e-1	-	0	0	3.073150e-2	3.345834e-2	6.070482e-2	8.069129e-2	8.582654e-2	-	-	-	-	-
778	append204	1.0000	8.007303e-2	2.079060e-1	1.460644e-1	0.7430	1.919049e0	5.393739e-1	-	0	0	6.978173e-2	7.148801e-2	1.405930e-1	1.292145e-1	9.216223e-2	-	-	-	-	-
779	append204	1.0000	4.945928e-2	2.103496e-1	9.324942e-2	0.5314	2.031772e0	3.799211e-1	-	0	0	2.394706e-2	4.881377e-2	9.413763e-2	9.975167e-2	6.087911e-2	-	-	-	-	-
780	append204	1.0000	7.344466e-2	1.892724e-1	1.119964e-1	0.8985	2.542211e0	8.025084e-1	-	0	0	9.881057e-2	5.230030e-2	7.688120e-2	9.087352e-2	9.997459e-2	-	-	-	-	-
781	append204	1.0000	1.288721e-1	3.869519e-1	1.813201e-1	0.5051	2.524440e0	7.007824e-1	-	0	0	1.444729e-1	1.044348e-1	1.720417e-1	1.573283e-1	1.650533e-1	-	-	-	-	-
782	append204	1.0000	1.318777e-1	4.290109e-1	1.911157e-1	0.6151	2.471957e0	1.039485e0	-	0	0	1.740344e-1	9.521356e-2	1.097688e-1	9.152005e-2	2.039522e-1	-	-	-	-	-
783	append204	1.0000	1.693309e-1	8.682170e-1	4.222058e-1	0.5449	2.742756e0	1.377236e0	-	0	0	7.260928e-2	1.825693e-1	1.951390e-1	2.088073e-1	2.375501e-1	-	-	-	-	-
784	append204	1.0000	3.663422e-2	1.606159e-1	6.565257e-2	0.5273	1.184881e0	3.797734e-1	-	0	0	2.579447e-2	3.879500e-2	3.888705e-2	5.834340e-2	3.836489e-2	-	-	-	-	-
785	append204	1.0000	6.099189e-2	1.639272e-1	8.105983e-2	0.7087	1.143252e0	3.789599e-1	-	0	0	8.869591e-2	3.795519e-2	7.058159e-2	4.578319e-2	9.626537e-2	-	-	-	-	-
786	append204	1.0000	7.178490e-2	2.022738e-1	1.512601e-1	0.6263	3.542336e0	7.465262e-1	-	0	0	4.555331e-2	6.758659e-2	1.307490e-1	9.089051e-2	9.845985e-2	-	-	-	-	-
787	append204	1.0000	1.778383e-1	7.123041e-1	2.929728e-1	0.6294	1.459221e0	2.922402e-1	-	0	0	3.296987e-1	6.985217e-2	1.442766e-1	1.087122e-1	3.347767e-1	-	-	-	-	-
788	append204	1.0000	5.987857e-2	1.730270e-1	9.220830e-2	0.6067	1.564759e0	4.751628e-1	-	0	0	7.503221e-2	5.292753e-2	8.475227e-2	6.711855e-2	5.334335e-2	-	-	-	-	-
789	append204	1.0000	9.219488e-2	2.501817e-1	1.367754e-1	0.6086	1.897055e0	5.969703e-1	-	0	0	1.721412e-1	4.880813e-2	8.519007e-2	6.847777e-2	1.283118e-1	-	-	-	-	-
790	append204	1.0000	5.268915e-2	1.697354e-1	7.907666e-2	0.6993	1.535497e0	3.889696e-1	-	0	0	8.349219e-2	3.204397e-2	6.704190e-2	5.767990e-2	7.079462e-2	-	-	-	-	-
791	append204	1.0000	4.937619e-2	2.109641e-1	9.783109e-2	0.5390	1.649407e0	3.088509e-1	-	0	0	3.098849e-2	5.741991e-2	6.113508e-2	7.607061e-2	3.935204e-2	-	-	-	-	-
792	append204	1.0000	4.859170e-2	1.625476e-1	6.682325e-2	0.7142	1.747291e0	3.688993e-1	-	0	0	5.295846e-2	4.851356e-2	5.819420e-2	5.884479e-2	3.834220e-2	-	-	-	-	-
793	append204	1.0000	1.179154e-1	5.341058e-1	2.124774e-1	0.5558	2.715791e0	9.181058e-1	-	0	0	6.685789e-2	1.215472e-1	1.916318e-1	2.027094e-1	1.336165e-1	-	-	-	-	-
794	append204	1.0000	1.598509e-1	5.137722e-1	2.601780e-1	0.6429	3.249245e0	6.160584e-1	-	0	0	1.456727e-1	1.200245e-1	2.554786e-1	4.508525e-1	2.061079e-1	-	-	-	-	-
795	append204	1.0000	8.073563e-2	3.018066e-1	1.710719e-1	0.6292	5.266369e0	9.757605e-1	-	0	0	4.630138e-2	9.057186e-2	1.470728e-1	1.426069e-1	6.354661e-2	-	-	-	-	-
796	append204	1.0000	2.096487e-1	5.207915e-1	3.055761e-1	0.7679	2.377214e0	5.692541e-1	-	0	0	2.644780e-1	1.353820e-1	3.308119e-1	3.605319e-1	2.976675e-1	-0.000443	0.028577	-0.032285	-0.058506	-0.003062
797	append204	1.0000	1.138544e-1	3.077998e-1	2.694335e-1	0.7731	4.409902e0	7.729467e-1	-	0	0	9.644483e-2	1.208963e-1	1.379324e-1	1.331917e-1	1.041317e-1	-	-	-	-	-
798	append204	1.0000	4.110830e-1	1.327532e0	6.001239e-1	0.5881	4.525426e0	8.866120e-1	-	0	0	5.158546e-1	2.998320e-1	5.439169e-1	5.742908e-1	5.411142e-1	-0.008189	0.066058	-0.095375	-0.090694	-0.005142
799	append204	1.0000	1.858813e-1	7.923252e-1	3.541550e-1	0.5392	3.865771e0	9.637400e-1	-	0	0	1.218742e-1	1.994211e-1	2.409306e-1	2.757064e-1	1.918605e-1	-	-	-	-	-
800	append204	1.0000	3.359082e-1	1.081977e0	5.254518e-1	0.6129	3.851718e0	1.043691e0	-	0	0	4.348296e-1	2.557130e-1	3.056683e-1	2.547527e-1	4.785812e-1	-0.005946	0.048045	-0.021464	-0.008035	-0.003953
801	append204	1.0000	9.737829e-2	2.750044e-1	1.380990e-1	0.5838	3.250647e0	5.790141e-1	-	0	0	1.140325e-1	8.980274e-2	9.077948e-2	1.240942e-1	9.442353e-2	-	-	-	-	-
802	append204	1.0000	5.169727e-2	9.766608e-2	1.030889e-1	0.7772	3.004688e0	7.406740e-1	-	0	0	7.313683e-2	4.413471e-2	2.932283e-2	3.258569e-2	5.732762e-2	-	-	-	-	-
803	append204	1.0000	1.331743e-1	3.180535e-1	1.606913e-1	0.6985	2.519240e0	4.252079e-1	-	0	0	2.443500e-1	6.508625e-2	1.766244e-1	1.268434e-1	1.868934e-1	-	-	-	-	-
804	append204	1.0000	1.668926e-1	6.191139e-1	3.140828e-1	0.5370	1.941691e0	7.863519e-1	-	0	0	1.895292e-1	1.033571e-1	1.697722e-1	1.282040e-1	3.385817e-1	-	-	-	-	-
805	append204	0.0000	0.000000e0	0.000000e0	0.000000e0	1.0000	0.000000e0	0.000000e0	-	1	1	0.000000e0	0.000000e0	0.000000e0	0.000000e0	0.000000e0	-	-	-	-	-
806	append204	0.0000	0.000000e0	0.000000e0	0.000000e0	1.0000	0.000000e0	0.000000e0	-	1	1	0.000000e0	0.000000e0	0.000000e0	0.000000e0	0.000000e0	-	-	-	-	-
807	append204	1.0000	3.044896e-2	7.954168e-2	4.557668e-2	0.6911	7.684591e-1	1.547279e-1	-	0	0	4.246414e-2	2.420088e-2	2.671288e-2	3.783331e-2	3.319455e-2	-	-	-	-	-
808	append204	1.0000	2.123101e-2	5.088520e-2	2.344939e-2	0.8220	4.824396e-1	8.179254e-2	-	0	0	3.128423e-2	1.725744e-2	1.705610e-2	2.561518e-2	2.041839e-2	-	-	-	-	-
809	append204	1.0000	2.632206e-2	7.186031e-2	3.214298e-2	0.7782	5.452318e-1	1.219208e-1	-	0	0	3.897488e-2	2.171189e-2	2.119945e-2	2.115437e-2	2.657156e-2	-	-	-	-	-
810	append204	1.0000	2.002020e-1	7.598095e-1	3.251154e-1	0.5699	3.055936e0	8.760806e-1	-	0	0	1.205640e-1	1.832519e-1	2.767737e-1	2.892979e-1	3.132209e-1	-	-	-	-	-
811	append204	1.0000	6.195739e-2	2.122169e-1	1.131277e-1	0.5293	2.086932e0	4.149475e-1	-	0	0	3.140308e-2	6.066534e-2	9.880357e-2	1.009682e-1	8.647054e-2	-	-	-	-	-
812	append204	1.0000	9.906582e-2	2.075753e-1	1.818557e-1	0.7625	2.257046e0	5.869226e-1	-	0	0	1.457954e-1	6.736389e-2	1.879937e-1	1.128679e-1	1.088371e-1	-	-	-	-	-
813	append204	1.0000	5.888923e-2	1.996841e-1	9.599042e-2	0.6619	2.378390e0	3.940658e-1	-	0	0	4.920163e-2	5.498356e-2	8.757225e-2	8.857389e-2	6.881155e-2	-	-	-	-	-
814	append204	1.0000	2.658867e-2	6.339169e-2	1.052288e-1	0.5250	1.267062e0	3.649314e-1	-	0	0	2.322340e-2	2.217594e-2	2.672128e-2	1.175761e-1	2.303646e-2	-	-	-	-	-
815	append204	1.0000	2.809681e-1	1.030800e0	4.757857e-1	0.5799	3.729557e0	1.226692e0	-	0	0	2.460108e-1	2.280719e-1	3.325028e-1	2.639291e-1	4.767353e-1	0.000587	0.024479	-0.035258	-0.016651	-0.007305
816	append204	1.0000	1.177116e-1	5.962176e-1	2.601541e-1	0.5022	2.660814e0	1.359395e0	-	0	0	4.655020e-2	1.394927e-1	1.950854e-1	9.810010e-2	1.276348e-1	-	-	-	-	-
817	append204	1.0000	2.835491e-1	1.264830e0	6.419852e-1	0.5664	3.482056e0	1.919432e0	-	0	0	2.042385e-1	2.605843e-1	2.916745e-1	2.359408e-1	4.639713e-1	0.001787	0.015698	-0.007161	0.009795	-0.011496
818	append204	1.0000	5.426312e-2	1.710656e-1	9.230344e-2	0.5347	2.058832e0	3.873263e-1	-	0	0	4.881515e-2	5.172218e-2	7.023503e-2	1.011194e-1	5.389719e-2	-	-	-	-	-
819	append204	1.0000	1.112641e-1	3.579087e-1	2.210265e-1	0.7894	2.043131e0	5.870593e-1	-	0	0	5.843291e-2	1.122295e-1	2.584071e-1	2.648305e-1	1.022642e-1	-	-	-	-	-
820	append204	1.0000	1.058952e-1	3.394718e-1	1.744623e-1	0.5958	4.143745e0	7.010606e-1	-	0	0	1.431395e-1	6.502276e-2	1.437310e-1	9.457323e-2	1.747266e-1	-	-	-	-	-
821	append204	1.0000	1.827825e-1	6.162477e-1	2.702238e-1	0.5927	2.464899e0	4.129898e-1	-	0	0	2.716000e-1	1.153698e-1	1.455789e-1	1.312504e-1	2.946050e-1	-	-	-	-	-
822	append204	0.0000	0.000000e0	0.000000e0	0.000000e0	1.0000	0.000000e0	0.000000e0	-	1	1	0.000000e0	0.000000e0	0.000000e0	0.000000e0	0.000000e0	-	-	-	-	-
823	append204	0.0000	0.000000e0	0.000000e0	0.000000e0	1.0000	0.000000e0	0.000000e0	-	1	1	0.000000e0	0.000000e0	0.000000e0	0.000000e0	0.000000e0	-	-	-	-	-
824	append204	1.0000	1.301098e-2	3.843784e-2	2.467274e-2	0.5744	3.911002e-1	1.099931e-1	-	0	0	1.538525e-2	1.117514e-2	1.475715e-2	1.727432e-2	1.407745e-2	-	-	-	-	-
825	append204	1.0000	1.040760e-2	2.437258e-2	1.498619e-2	0.7522	2.947583e-1	7.842997e-2	-	0	0	1.261343e-2	9.099403e-3	9.967730e-3	1.044921e-2	1.164236e-2	-	-	-	-	-
826	append204	1.0000	2.255113e-2	4.737735e-2	2.308096e-2	0.8765	4.233564e-1	9.420900e-2	-	0	0	3.279101e-2	1.748611e-2	2.287981e-2	2.562121e-2	2.394478e-2	-	-	-	-	-
827	append204	1.0000	1.080145e-1	3.446388e-1	1.502241e-1	0.5947	2.006245e0	3.952596e-1	-	0	0	1.189981e-1	7.384179e-2	1.374803e-1	1.956584e-1	1.693745e-1	-	-	-	-	-
828	append204	1.0000	7.005289e-2	2.279434e-1	1.426960e-1	0.6404	9.982244e-1	2.300867e-1	-	0	0	3.269984e-2	7.501266e-2	1.803638e-1	1.757073e-1	4.978589e-2	-	-	-	-	-
829	append204	1.0000	3.469408e-2	1.315514e-1	6.250583e-2	0.6642	9.194623e-1	2.749472e-1	-	0	0	2.498374e-2	3.515053e-2	4.779770e-2	4.110910e-2	4.089104e-2	-	-	-	-	-
830	append204	1.0000	5.883466e-2	2.081915e-1	1.636888e-1	0.5658	1.964433e0	5.837771e-1	-	0	0	2.872028e-2	4.792144e-2	1.563177e-1	2.121887e-1	6.956602e-2	-	-	-	-	-
831	append204	1.0000	2.354520e-2	6.386387e-2	8.706435e-2	0.5683	1.059189e0	2.951542e-1	-	0	0	1.178083e-2	3.171716e-2	1.165479e-2	2.083064e-2	1.760962e-2	-	-	-	-	-
832	append204	1.0000	6.790455e-2	2.476802e-1	1.161691e-1	0.5602	1.369488e0	3.764733e-1	-	0	0	4.752416e-2	6.209337e-2	7.861514e-2	8.244480e-2	1.055193e-1	-	-	-	-	-
833	append204	1.0000	9.598855e-2	2.904986e-1	1.528260e-1	0.5860	1.283419e0	4.927904e-1	-	0	0	8.421572e-2	8.581091e-2	1.891520e-1	1.457755e-1	1.061962e-1	-	-	-	-	-
834	append204	1.0000	9.804920e-2	5.067873e-1	1.790373e-1	0.5458	1.586844e0	6.991842e-1	-	0	0	6.475306e-2	8.674747e-2	1.784637e-1	2.077028e-1	1.286530e-1	-	-	-	-	-
835	append204	1.0000	1.884729e-2	8.337569e-2	3.376893e-2	0.5347	6.086467e-1	1.971726e-1	-	0	0	1.392132e-2	2.003483e-2	1.870186e-2	2.747291e-2	1.960281e-2	-	-	-	-	-
836	append204	1.0000	2.244566e-2	7.852912e-2	3.290487e-2	0.6948	5.114187e-1	1.761976e-1	-	0	0	3.059689e-2	1.536400e-2	2.481295e-2	1.495229e-2	3.456533e-2	-	-	-	-	-
837	append204	1.0000	4.074705e-2	1.068640e-1	1.030903e-1	0.5530	2.137240e0	6.359194e-1	-	0	0	3.193108e-2	3.418651e-2	1.253556e-1	4.228301e-2	4.966266e-2	-	-	-	-	-
838	append204	1.0000	1.162221e-1	3.945847e-1	2.056585e-1	0.5983	1.519644e0	3.969002e-1	-	0	0	1.198012e-1	9.965196e-2	1.069225e-1	9.274472e-2	1.697090e-1	-	-	-	-	-
839	append204	1.0000	3.735692e-2	1.025634e-1	5.061181e-2	0.7103	9.439342e-1	1.483643e-1	-	0	0	5.541656e-2	3.266901e-2	3.897179e-2	2.876576e-2	2.995032e-2	-	-	-	-	-
840	append204	1.0000	3.192425e-2	7.697296e-2	4.723274e-2	0.6933	9.716918e-1	2.582016e-1	-	0	0	4.452940e-2	2.486435e-2	5.169733e-2	5.460143e-2	2.671513e-2	-	-	-	-	-
841	append204	1.0000	3.681898e-2	9.826040e-2	5.940171e-2	0.6867	1.168463e0	3.686034e-1	-	0	0	4.076757e-2	3.004159e-2	5.636739e-2	5.064031e-2	4.399373e-2	-	-	-	-	-
842	append204	1.0000	2.288703e-2	7.508230e-2	4.530474e-2	0.5818	1.082345e0	3.209697e-1	-	0	0	1.743728e-2	2.274117e-2	2.918865e-2	3.051675e-2	2.691650e-2	-	-	-	-	-
843	append204	1.0000	3.292999e-2	8.880997e-2	5.104699e-2	0.6982	1.212385e0	2.965180e-1	-	0	0	3.876969e-2	2.718932e-2	4.555591e-2	6.088569e-2	3.303434e-2	-	-	-	-	-
844	append204	1.0000	1.521818e-1	4.997110e-1	2.163202e-1	0.5745	2.212407e0	7.663830e-1	-	0	0	2.534928e-1	7.606928e-2	1.539039e-1	1.657477e-1	2.490559e-1	-	-	-	-	-
845	append204	1.0000	1.177225e-1	3.815486e-1	2.074353e-1	0.6904	3.011124e0	5.454941e-1	-	0	0	1.285744e-1	7.216491e-2	2.359862e-1	2.977416e-1	1.692017e-1	-	-	-	-	-
846	append204	1.0000	4.999051e-2	1.761784e-1	1.631559e-1	0.6384	2.923064e0	7.379278e-1	-	0	0	1.994060e-2	5.666312e-2	1.594660e-1	9.952640e-2	2.845244e-2	-	-	-	-	-
847	append204	1.0000	2.643179e-2	8.551192e-2	4.783883e-2	0.5686	8.906226e-1	1.862467e-1	-	0	0	1.556330e-2	2.886151e-2	5.425196e-2	4.067553e-2	2.249957e-2	-	-	-	-	-
848	append204	1.0000	5.683266e-2	1.286451e-1	1.226268e-1	0.7909	1.542595e0	2.728739e-1	-	0	0	5.790042e-2	4.782646e-2	1.264403e-1	9.043321e-2	5.687754e-2	-	-	-	-	-
849	append204	1.0000	1.680822e-1	4.900270e-1	2.395928e-1	0.6363	2.204198e0	4.289707e-1	-	0	0	2.302413e-1	1.043526e-1	2.095163e-1	2.241668e-1	2.575205e-1	-	-	-	-	-
850	append204	1.0000	1.093568e-1	3.384471e-1	1.441680e-1	0.7288	2.123075e0	6.291686e-1	-	0	0	1.894116e-1	5.541481e-2	1.162372e-1	1.461291e-1	1.596150e-1	-	-	-	-	-
851	append204	1.0000	1.256788e-1	3.761518e-1	1.735929e-1	0.5874	1.584138e0	4.016937e-1	-	0	0	2.057070e-1	6.191400e-2	1.430522e-1	1.660995e-1	2.021612e-1	-	-	-	-	-
852	append204	1.0000	5.084566e-2	1.493275e-1	7.150104e-2	0.5818	1.690549e0	2.939836e-1	-	0	0	5.998402e-2	4.663580e-2	4.631612e-2	5.654190e-2	5.170987e-2	-	-	-	-	-
853	append204	1.0000	3.541662e-2	7.356679e-2	6.643345e-2	0.7569	1.907469e0	4.075645e-1	-	0	0	4.863724e-2	3.177644e-2	2.032756e-2	2.368554e-2	3.611068e-2	-	-	-	-	-
854	append204	1.0000	6.432811e-2	1.555359e-1	8.730160e-2	0.6842	1.370652e0	3.208785e-1	-	0	0	1.054650e-1	3.717724e-2	8.753731e-2	8.683375e-2	8.249447e-2	-	-	-	-	-
855	append204	1.0000	7.841893e-2	2.815661e-1	1.223114e-1	0.6164	8.270902e-1	1.382038e-1	-	0	0	1.352685e-1	2.943652e-2	6.172323e-2	4.876666e-2	1.650456e-1	-	-	-	-	-
856	append204	0.0000	0.000000e0	0.000000e0	0.000000e0	1.0000	0.000000e0	0.000000e0	-	1	1	0.000000e0	0.000000e0	0.000000e0	0.000000e0	0.000000e0	-	-	-	-	-
857	append204	0.0000	0.000000e0	0.000000e0	0.000000e0	1.0000	0.000000e0	0.000000e0	-	1	1	0.000000e0	0.000000e0	0.000000e0	0.000000e0	0.000000e0	-	-	-	-	-
858	append204	1.0000	1.424872e-2	4.357429e-2	2.370390e-2	0.6038	4.019153e-1	1.113179e-1	-	0	0	1.389823e-2	1.379821e-2	1.247615e-2	1.189499e-2	1.707168e-2	-	-	-	-	-
859	append204	1.0000	9.798000e-3	2.437830e-2	1.286396e-2	0.6909	2.603422e-1	6.803679e-2	-	0	0	1.287176e-2	8.150370e-3	8.992370e-3	1.016321e-2	1.096582e-2	-	-	-	-	-
860	append204	1.0000	1.262351e-2	3.510141e-2	1.787256e-2	0.7798	2.977235e-1	5.592748e-2	-	0	0	2.379249e-2	8.364533e-3	9.571444e-3	1.041390e-2	1.248864e-2	-	-	-	-	-
861	append204	1.0000	1.116180e-1	3.771690e-1	1.662412e-1	0.5944	1.632383e0	3.776783e-1	-	0	0	1.277782e-1	8.433698e-2	1.603401e-1	1.411659e-1	1.540024e-1	-	-	-	-	-
862	append204	1.0000	3.165561e-2	1.455946e-1	6.300848e-2	0.5979	8.247618e-1	3.279629e-1	-	0	0	1.738259e-2	3.106764e-2	4.516355e-2	3.209293e-2	4.816503e-2	-	-	-	-	-
863	append204	1.0000	3.513083e-2	1.616635e-1	6.869820e-2	0.6002	8.067586e-1	3.329745e-1	-	0	0	2.151461e-2	3.390599e-2	7.037611e-2	5.345421e-2	4.292433e-2	-	-	-	-	-
864	append204	1.0000	5.560749e-2	1.739490e-1	1.273942e-1	0.6634	2.015148e0	8.257189e-1	-	0	0	2.964881e-2	5.140444e-2	1.037713e-1	1.325071e-1	7.127348e-2	-	-	-	-	-
865	append204	1.0000	1.300087e-2	5.054951e-2	2.296473e-2	0.6709	3.745705e-1	1.542029e-1	-	0	0	1.742770e-2	1.042633e-2	1.063250e-2	9.939153e-3	1.644290e-2	-	-	-	-	-
866	append204	1.0000	1.081827e-1	4.488163e-1	1.746453e-1	0.5925	1.519796e0	3.930736e-1	-	0	0	8.911481e-2	9.613253e-2	1.667627e-1	1.649368e-1	1.407698e-1	-	-	-	-	-
867	append204	1.0000	5.345388e-2	1.482964e-1	1.019619e-1	0.5943	9.770696e-1	2.966718e-1	-	0	0	6.166131e-2	4.115749e-2	1.196288e-1	7.090008e-2	5.895259e-2	-	-	-	-	-
868	append204	1.0000	6.657311e-2	3.704526e-1	1.851173e-1	0.5757	1.440266e0	8.366877e-1	-	0	0	1.449434e-2	7.677197e-2	9.142446e-2	7.301279e-2	9.461646e-2	-	-	-	-	-
869	append204	1.0000	2.859224e-2	8.839548e-2	4.838249e-2	0.5414	1.126645e0	1.919902e-1	-	0	0	2.539329e-2	2.872820e-2	3.561930e-2	4.967905e-2	2.555251e-2	-	-	-	-	-
870	append204	1.0000	4.422520e-2	1.649113e-1	7.165553e-2	0.7725	7.462687e-1	2.812767e-1	-	0	0	4.012198e-2	3.516109e-2	7.402344e-2	5.803405e-2	6.601540e-2	-	-	-	-	-
871	append204	1.0000	4.688041e-2	1.300693e-1	9.692919e-2	0.7705	2.160787e0	4.187231e-1	-	0	0	3.621384e-2	3.925453e-2	7.067640e-2	5.736156e-2	7.507337e-2	-	-	-	-	-
872	append204	1.0000	7.453792e-2	2.472245e-1	1.144977e-1	0.5384	1.286166e0	2.096411e-1	-	0	0	4.972198e-2	8.288448e-2	5.885606e-2	5.513561e-2	8.970727e-2	-	-	-	-	-
873	append204	0.0000	0.000000e0	0.000000e0	0.000000e0	1.0000	0.000000e0	0.000000e0	-	1	1	0.000000e0	0.000000e0	0.000000e0	0.000000e0	0.000000e0	-	-	-	-	-
874	append204	0.0000	0.000000e0	0.000000e0	0.000000e0	1.0000	0.000000e0	0.000000e0	-	1	1	0.000000e0	0.000000e0	0.000000e0	0.000000e0	0.000000e0	-	-	-	-	-
875	append204	1.0000	1.264805e-2	5.293584e-2	2.666427e-2	0.5495	3.961718e-1	1.396797e-1	-	0	0	1.185607e-2	1.164580e-2	1.443320e-2	1.713589e-2	1.519295e-2	-	-	-	-	-
876	append204	1.0000	1.057686e-2	3.731912e-2	1.903784e-2	0.7384	3.279153e-1	1.153729e-1	-	0	0	1.203411e-2	9.080522e-3	8.318607e-3	8.617644e-3	1.428058e-2	-	-	-	-	-
877	append204	1.0000	2.044227e-2	4.487848e-2	2.317877e-2	0.8295	4.178795e-1	1.062801e-1	-	0	0	3.166009e-2	1.528466e-2	1.651738e-2	1.842345e-2	2.314891e-2	-	-	-	-	-
878	append204	1.0000	1.046383e-1	3.424177e-1	1.491522e-1	0.6111	1.726669e0	4.921485e-1	-	0	0	1.454190e-1	6.171185e-2	1.384618e-1	1.372337e-1	1.659541e-1	-	-	-	-	-
879	append204	1.0000	4.445380e-2	2.152599e-1	9.125676e-2	0.6536	9.733994e-1	5.005790e-1	-	0	0	3.641712e-2	4.053447e-2	5.733526e-2	2.584266e-2	6.764933e-2	-	-	-	-	-
880	append204	1.0000	3.882212e-2	9.376526e-2	6.863922e-2	0.7537	8.957017e-1	2.330748e-1	-	0	0	3.449786e-2	3.504456e-2	8.381150e-2	5.304241e-2	4.084762e-2	-	-	-	-	-
881	append204	1.0000	4.589926e-2	1.299005e-1	1.076005e-1	0.5836	2.497466e0	6.352183e-1	-	0	0	4.381821e-2	3.039215e-2	1.327289e-1	1.087916e-1	5.839292e-2	-	-	-	-	-
882	append204	1.0000	5.432259e-2	6.422567e-2	2.180344e-1	0.8600	2.235195e0	3.691232e-1	-	0	0	2.815885e-2	7.723899e-2	3.374500e-2	4.175769e-2	2.675660e-2	-	-	-	-	-
883	append204	1.0000	6.608214e-2	3.226252e-1	1.351325e-1	0.5533	1.424199e0	3.945191e-1	-	0	0	2.211583e-2	7.256463e-2	1.644083e-1	1.460924e-1	5.877803e-2	-	-	-	-	-
884	append204	1.0000	6.017393e-2	1.698866e-1	1.101622e-1	0.6478	1.023427e0	2.659256e-1	-	0	0	7.226566e-2	4.231257e-2	1.407523e-1	7.656997e-2	7.405643e-2	-	-	-	-	-
885	append204	1.0000	8.972321e-2	3.070602e-1	1.488639e-1	0.5460	1.644753e0	5.293439e-1	-	0	0	9.589573e-2	6.753990e-2	1.643899e-1	1.604233e-1	1.131753e-1	-	-	-	-	-
886	append204	1.0000	1.907646e-2	8.375669e-2	3.410276e-2	0.5383	6.156315e-1	1.976005e-1	-	0	0	1.434997e-2	2.014503e-2	1.888575e-2	2.784486e-2	1.991472e-2	-	-	-	-	-
887	append204	1.0000	2.084983e-2	7.146430e-2	3.222899e-2	0.7730	5.842807e-1	2.089319e-1	-	0	0	1.457460e-2	2.144869e-2	1.963800e-2	2.463007e-2	2.652741e-2	-	-	-	-	-
888	append204	1.0000	4.360062e-2	1.386341e-1	1.257220e-1	0.5299	3.048663e0	7.959864e-1	-	0	0	1.802083e-2	4.557931e-2	1.569998e-1	7.607079e-2	3.350377e-2	-	-	-	-	-
889	append204	1.0000	1.324347e-1	4.278703e-1	2.036691e-1	0.5333	2.030729e0	3.985915e-1	-	0	0	1.455250e-1	1.147559e-1	1.288093e-1	1.273078e-1	1.713181e-1	-	-	-	-	-
890	append204	1.0000	3.069937e-2	1.062525e-1	5.752923e-2	0.5490	1.331747e0	3.257157e-1	-	0	0	2.110494e-2	3.323754e-2	6.560940e-2	4.949073e-2	2.190515e-2	-	-	-	-	-
891	append204	1.0000	3.469648e-2	1.261526e-1	7.042926e-2	0.6751	1.461251e0	4.145604e-1	-	0	0	1.984277e-2	3.508144e-2	7.865904e-2	8.154546e-2	3.029420e-2	-	-	-	-	-
892	append204	1.0000	3.237408e-2	9.234214e-2	6.141530e-2	0.6993	1.420898e0	4.665772e-1	-	0	0	3.328168e-2	2.870998e-2	3.953515e-2	3.528676e-2	3.977479e-2	-	-	-	-	-
893	append204	1.0000	2.553873e-2	8.677530e-2	5.538487e-2	0.5834	1.372124e0	4.634689e-1	-	0	0	2.336926e-2	2.389058e-2	3.016424e-2	2.905016e-2	3.130109e-2	-	-	-	-	-
894	append204	1.0000	2.835645e-2	8.012128e-2	5.217701e-2	0.6907	1.351275e0	4.249794e-1	-	0	0	3.561751e-2	2.209066e-2	3.534367e-2	3.888964e-2	3.374852e-2	-	-	-	-	-
895	append204	1.0000	1.064404e-1	3.202448e-1	1.568385e-1	0.7100	2.250788e0	7.463125e-1	-	0	0	1.379222e-1	7.112223e-2	1.656496e-1	1.650588e-1	1.440041e-1	-	-	-	-	-
896	append204	1.0000	9.566474e-2	3.310704e-1	2.189581e-1	0.5354	3.833537e0	7.353315e-1	-	0	0	5.976901e-2	1.062548e-1	1.860041e-1	1.670762e-1	6.962538e-2	-	-	-	-	-
897	append204	1.0000	6.758228e-2	1.905384e-1	1.186719e-1	0.7051	3.013802e0	5.765030e-1	-	0	0	4.780426e-2	7.740590e-2	1.072862e-1	9.258753e-2	4.710365e-2	-	-	-	-	-
898	append204	1.0000	3.163606e-2	1.020770e-1	6.383252e-2	0.5526	1.035871e0	3.025296e-1	-	0	0	2.549347e-2	3.241751e-2	5.556274e-2	4.270729e-2	2.837656e-2	-	-	-	-	-
899	append204	1.0000	3.728325e-2	1.271959e-1	1.105459e-1	0.5347	1.555135e0	3.672046e-1	-	0	0	1.843698e-2	3.997078e-2	1.011092e-1	7.716450e-2	2.750953e-2	-	-	-	-	-
900	append204	1.0000	8.429397e-2	2.687154e-1	1.420311e-1	0.6316	2.519401e0	5.383648e-1	-	0	0	7.334524e-2	7.327437e-2	1.793624e-1	1.785355e-1	8.513840e-2	-	-	-	-	-
901	append204	1.0000	9.797214e-2	2.695847e-1	1.386545e-1	0.6094	1.886956e0	3.701044e-1	-	0	0	1.445991e-1	5.483213e-2	1.314601e-1	1.586330e-1	1.459716e-1	-	-	-	-	-
902	append204	1.0000	9.639392e-2	3.568298e-1	1.841033e-1	0.5307	2.537570e0	5.910277e-1	-	0	0	5.380811e-2	9.943616e-2	2.100236e-1	2.237521e-1	8.273747e-2	-	-	-	-	-
903	append204	1.0000	5.099461e-2	1.497824e-1	7.157930e-2	0.5838	1.689963e0	2.937193e-1	-	0	0	6.009689e-2	4.669531e-2	4.640601e-2	5.685358e-2	5.215351e-2	-	-	-	-	-
904	append204	1.0000	3.249356e-2	9.556055e-2	8.519175e-2	0.5359	2.285278e0	5.814202e-1	-	0	0	2.059200e-2	3.860578e-2	3.278953e-2	3.355873e-2	2.893558e-2	-	-	-	-	-
905	append204	1.0000	5.352318e-2	1.317270e-1	1.001035e-1	0.6231	1.449328e0	3.840070e-1	-	0	0	6.469159e-2	4.069059e-2	1.019617e-1	1.028657e-1	5.400481e-2	-	-	-	-	-
906	append204	1.0000	5.207972e-2	1.688824e-1	8.290601e-2	0.5831	1.023133e0	2.127883e-1	-	0	0	3.902345e-2	4.793827e-2	5.017585e-2	4.882817e-2	8.264569e-2	-	-	-	-	-
907	append204	0.0000	0.000000e0	0.000000e0	0.000000e0	1.0000	0.000000e0	0.000000e0	-	1	1	0.000000e0	0.000000e0	0.000000e0	0.000000e0	0.000000e0	-	-	-	-	-
908	append204	0.0000	0.000000e0	0.000000e0	0.000000e0	1.0000	0.000000e0	0.000000e0	-	1	1	0.000000e0	0.000000e0	0.000000e0	0.000000e0	0.000000e0	-	-	-	-	-
909	append204	1.0000	1.421073e-2	5.778277e-2	2.489447e-2	0.6479	3.938086e-1	1.334520e-1	-	0	0	1.214361e-2	1.440528e-2	1.190760e-2	1.051559e-2	1.773419e-2	-	-	-	-	-
910	append204	1.0000	1.127997e-2	4.042433e-2	1.670149e-2	0.7090	2.858424e-1	1.036791e-1	-	0	0	1.349892e-2	9.804498e-3	8.956215e-3	9.057779e-3	1.402050e-2	-	-	-	-	-
911	append204	1.0000	1.410629e-2	3.692317e-2	2.070909e-2	0.7281	3.349972e-1	8.990912e-2	-	0	0	2.533805e-2	9.411334e-3	1.090402e-2	1.018301e-2	1.564999e-2	-	-	-	-	-
912	append204	1.0000	1.495281e-1	4.775991e-1	2.268693e-1	0.6166	1.797221e0	5.118339e-1	-	0	0	1.763473e-1	1.054933e-1	2.469009e-1	2.395417e-1	2.022808e-1	-	-	-	-	-
913	append204	1.0000	7.369147e-2	1.978978e-1	1.258151e-1	0.6648	1.127707e0	4.192724e-1	-	0	0	6.880972e-2	5.866092e-2	1.430176e-1	1.724912e-1	8.450396e-2	-	-	-	-	-
914	append204	1.0000	3.346396e-2	1.660666e-1	6.429513e-2	0.5824	7.884000e-1	3.241299e-1	-	0	0	1.428744e-2	3.349912e-2	6.283311e-2	4.502377e-2	4.768026e-2	-	-	-	-	-
915	append204	1.0000	5.535760e-2	1.920307e-1	1.323153e-1	0.6782	2.173307e0	7.682009e-1	-	0	0	3.399265e-2	4.819454e-2	1.560580e-1	1.208682e-1	6.313290e-2	-	-	-	-	-
916	append204	1.0000	1.161120e-2	7.878590e-2	2.816524e-2	0.6851	5.513344e-1	2.415592e-1	-	0	0	4.276024e-3	1.369071e-2	9.634469e-3	7.673779e-3	1.616133e-2	-	-	-	-	-
917	append204	1.0000	8.920951e-2	2.564898e-1	1.313876e-1	0.6152	1.807480e0	4.190968e-1	-	0	0	1.023143e-1	6.435937e-2	1.328757e-1	1.496219e-1	1.222693e-1	-	-	-	-	-
918	append204	1.0000	4.413751e-2	1.486217e-1	8.151099e-2	0.5203	1.309550e0	2.846185e-1	-	0	0	2.254074e-2	4.255320e-2	1.025197e-1	9.096644e-2	5.062936e-2	-	-	-	-	-
919	append204	1.0000	6.258292e-2	2.266695e-1	1.038465e-1	0.5920	1.916392e0	3.155662e-1	-	0	0	4.400733e-2	5.254460e-2	1.135397e-1	1.403133e-1	8.552844e-2	-	-	-	-	-
920	append204	1.0000	2.860774e-2	8.704233e-2	4.804481e-2	0.5540	1.119532e0	1.893591e-1	-	0	0	2.616305e-2	2.863900e-2	3.540223e-2	4.927638e-2	2.507427e-2	-	-	-	-	-
921	append204	1.0000	6.011538e-2	2.440034e-1	8.294662e-2	0.8085	8.127971e-1	3.614084e-1	-	0	0	7.041988e-2	4.210185e-2	7.372521e-2	6.238147e-2	9.740106e-2	-	-	-	-	-
922	append204	1.0000	3.652878e-2	1.067076e-1	8.627803e-2	0.5677	2.939887e0	5.984498e-1	-	0	0	3.259815e-2	2.946952e-2	1.192919e-1	4.987653e-2	3.840624e-2	-	-	-	-	-
923	append204	1.0000	1.132844e-1	3.471138e-1	1.655615e-1	0.5207	1.792586e0	3.187867e-1	-	0	0	1.365239e-1	9.708118e-2	8.216204e-2	6.418127e-2	1.520386e-1	-	-	-	-	-
924	tail20	1.0000	2.623228e-1	8.331361e-1	4.395566e-1	0.5771	5.338688e0	8.494252e-1	-	0	0	1.873282e-1	2.491672e-1	4.293258e-1	5.637983e-1	2.849450e-1	-0.002377	-0.030768	-0.017345	0.026502	-0.001202
925	tail20	1.0000	1.703216e-1	4.727507e-1	3.589806e-1	0.5102	5.006048e0	9.389739e-1	-	0	0	7.894386e-2	1.643485e-1	3.270433e-1	4.768224e-1	1.937168e-1	-	-	-	-	-
926	tail20	1.0000	2.367600e-2	7.765925e-2	3.568876e-2	0.6323	5.498528e-1	8.482745e-2	-	0	0	1.754162e-2	2.367212e-2	2.697821e-2	2.201690e-2	3.109694e-2	-	-	-	-	-
927	tail20	0.0000	0.000000e0	0.000000e0	0.000000e0	1.0000	0.000000e0	0.000000e0	-	1	1	0.000000e0	0.000000e0	0.000000e0	0.000000e0	0.000000e0	-	-	-	-	-
928	tail20	0.0000	0.000000e0	0.000000e0	0.000000e0	1.0000	0.000000e0	0.000000e0	-	1	1	0.000000e0	0.000000e0	0.000000e0	0.000000e0	0.000000e0	-	-	-	-	-
929	tail20	1.0000	1.172294e-1	4.296460e-1	1.865851e-1	0.6754	2.962930e0	4.938936e-1	-	0	0	9.524739e-2	1.096384e-1	1.850153e-1	1.731243e-1	1.378643e-1	-	-	-	-	-
930	tail20	1.0000	2.162417e-1	5.646939e-1	2.799230e-1	0.7001	2.945066e0	4.416286e-1	-	0	0	2.927622e-1	1.461168e-1	1.882004e-1	2.104164e-1	3.390456e-1	0.006574	-0.033519	0.018790	0.015023	-0.002470
931	tail20	1.0000	2.353710e-2	7.698727e-2	3.536910e-2	0.6291	5.379540e-1	8.027677e-2	-	0	0	1.824001e-2	2.333481e-2	2.633500e-2	2.150022e-2	3.070257e-2	-	-	-	-	-
932	tail20	0.0000	0.000000e0	0.000000e0	0.000000e0	1.0000	0.000000e0	0.000000e0	-	1	1	0.000000e0	0.000000e0	0.000000e0	0.000000e0	0.000000e0	-	-	-	-	-
933	tail20	0.0000	0.000000e0	0.000000e0	0.000000e0	1.0000	0.000000e0	0.000000e0	-	1	1	0.000000e0	0.000000e0	0.000000e0	0.000000e0	0.000000e0	-	-	-	-	-
934	tail20	1.0000	1.252023e-1	4.692874e-1	2.100243e-1	0.6631	2.840218e0	5.765080e-1	-	0	0	1.289728e-1	1.082214e-1	1.645953e-1	1.562710e-1	1.543561e-1	-	-	-	-	-
935	tail20	1.0000	1.613606e-1	4.257731e-1	3.134604e-1	0.7509	2.647123e0	4.177268e-1	-	0	0	1.778155e-1	1.119947e-1	2.766077e-1	3.557000e-1	2.146253e-1	-	-	-	-	-
936	tail20	1.0000	2.179147e-2	7.241082e-2	3.303429e-2	0.6326	5.275069e-1	7.830560e-2	-	0	0	1.513010e-2	2.230516e-2	2.474426e-2	1.984065e-2	2.847967e-2	-	-	-	-	-
937	tail20	0.0000	0.000000e0	0.000000e0	0.000000e0	1.0000	0.000000e0	0.000000e0	-	1	1	0.000000e0	0.000000e0	0.000000e0	0.000000e0	0.000000e0	-	-	-	-	-
938	tail20	0.0000	0.000000e0	0.000000e0	0.000000e0	1.0000	0.000000e0	0.000000e0	-	1	1	0.000000e0	0.000000e0	0.000000e0	0.000000e0	0.000000e0	-	-	-	-	-
939	tail20	1.0000	1.041705e-1	5.357609e-1	2.167878e-1	0.5348	2.333169e0	8.044930e-1	-	0	0	4.767264e-2	1.044024e-1	2.098315e-1	1.605508e-1	1.355047e-1	-	-	-	-	-
940	tail20	1.0000	9.305876e-2	3.447734e-1	1.599995e-1	0.6574	2.650317e0	6.267540e-1	-	0	0	9.530240e-2	7.613686e-2	1.256595e-1	1.243548e-1	1.257017e-1	-	-	-	-	-
941	tail20	1.0000	3.020617e-2	9.780899e-2	4.509352e-2	0.6268	5.266439e-1	7.937977e-2	-	0	0	2.945933e-2	2.765905e-2	3.016037e-2	2.300240e-2	4.057314e-2	-	-	-	-	-
942	tail20	0.0000	0.000000e0	0.000000e0	0.000000e0	1.0000	0.000000e0	0.000000e0	-	1	1	0.000000e0	0.000000e0	0.000000e0	0.000000e0	0.000000e0	-	-	-	-	-
943	tail20	0.0000	0.000000e0	0.000000e0	0.000000e0	1.0000	0.000000e0	0.000000e0	-	1	1	0.000000e0	0.000000e0	0.000000e0	0.000000e0	0.000000e0	-	-	-	-	-
