idx	family	frac_rows_nonzero_xt	mean_abs	p95_abs	std	sign_cons	analytic_simple	analytic_path	packed_zero_frac	dead	rank_dead	mean_abs_cid22	mean_abs_kadid	mean_abs_csiq	mean_abs_live	mean_abs_imazen26	dsrocc_cid22	dsrocc_kadid	dsrocc_csiq	dsrocc_live	dsrocc_imazen26
0	v1fold156	1.0000	3.833381e-2	2.110462e-1	8.258347e-2	0.5494	1.647215e0	3.882103e-1	-	0	0	9.482197e-3	4.965045e-2	5.207041e-2	6.600414e-2	3.109239e-2	-	-	-	-	-
1	v1fold156	1.0000	4.294035e-2	1.236150e-1	6.089645e-2	0.6167	1.817671e0	2.975722e-1	-	0	0	4.784351e-2	3.477884e-2	4.646576e-2	4.725811e-2	5.944972e-2	-	-	-	-	-
2	v1fold156	1.0000	2.754460e-2	1.072810e-1	4.516589e-2	0.5528	1.410090e0	1.876009e-1	-	0	0	1.631180e-2	2.979191e-2	3.541801e-2	3.510537e-2	3.135937e-2	-	-	-	-	-
3	v1fold156	1.0000	7.465693e-2	2.279603e-1	1.659494e-1	0.7303	3.328171e0	7.149077e-1	-	0	0	6.198349e-2	6.357268e-2	9.910685e-2	2.320755e-1	8.148512e-2	-	-	-	-	-
4	v1fold156	1.0000	9.631460e-2	3.679551e-1	1.640454e-1	0.6365	3.022919e0	6.024144e-1	-	0	0	9.776055e-2	1.026043e-1	7.891134e-2	6.927289e-2	8.621507e-2	-	-	-	-	-
5	v1fold156	1.0000	2.134013e-2	7.632740e-2	4.835394e-2	0.5349	1.598753e0	3.082874e-1	-	0	0	1.028539e-2	2.218016e-2	2.084519e-2	4.938584e-2	2.658328e-2	-	-	-	-	-
6	v1fold156	1.0000	4.370437e-2	1.545117e-1	8.901960e-2	0.6384	1.357067e0	1.775488e-1	-	0	0	2.421247e-2	4.298328e-2	6.399361e-2	7.377519e-2	5.865489e-2	-	-	-	-	-
7	v1fold156	1.0000	7.985933e-2	2.939095e-1	1.464315e-1	0.5059	2.248467e0	3.786368e-1	-	0	0	8.526090e-2	5.471649e-2	7.814687e-2	1.136825e-1	1.416554e-1	-	-	-	-	-
8	v1fold156	1.0000	5.790023e-2	2.066197e-1	1.082603e-1	0.5825	1.659874e0	2.998322e-1	-	0	0	5.019244e-2	4.756556e-2	6.196392e-2	7.715947e-2	9.356702e-2	-	-	-	-	-
9	v1fold156	1.0000	1.718201e-1	6.732497e-1	2.861948e-1	0.5436	2.788581e0	5.860310e-1	-	0	0	1.483161e-1	1.547519e-1	1.640727e-1	1.736452e-1	2.552973e-1	0.001215	-0.001152	0.009026	0.010085	-0.008609
10	v1fold156	1.0000	1.062881e-1	3.147545e-1	1.518887e-1	0.5492	2.382304e0	2.720136e-1	-	0	0	1.052363e-1	1.082764e-1	1.004409e-1	9.390640e-2	1.060163e-1	-	-	-	-	-
11	v1fold156	1.0000	8.257643e-2	2.655535e-1	1.219244e-1	0.5438	1.870385e0	1.981785e-1	-	0	0	9.795438e-2	6.564571e-2	8.617140e-2	6.579646e-2	1.171006e-1	-	-	-	-	-
12	v1fold156	1.0000	1.086406e-1	3.533755e-1	1.651903e-1	0.6073	3.569730e0	3.900240e-1	-	0	0	1.001676e-1	1.167719e-1	1.187149e-1	8.506235e-2	9.777311e-2	-	-	-	-	-
13	v1fold156	1.0000	1.549055e-1	6.608365e-1	2.846541e-1	0.6238	2.939088e0	4.657938e-1	-	0	0	8.939736e-2	1.642948e-1	2.305969e-1	3.836756e-1	1.376503e-1	-0.000113	-0.125519	0.021674	0.030314	0.000948
14	v1fold156	1.0000	1.334846e-1	4.006433e-1	1.706750e-1	0.7631	3.806610e0	8.824594e-1	-	0	0	2.575010e-1	7.043216e-2	1.311461e-1	1.204825e-1	1.688771e-1	-0.000903	-0.025524	0.002810	0.008370	-0.000026
15	v1fold156	1.0000	1.198295e-1	5.257011e-1	2.101818e-1	0.6988	2.875690e0	5.370083e-1	-	0	0	5.249574e-2	1.397068e-1	1.901491e-1	2.966975e-1	8.663454e-2	-	-	-	-	-
16	v1fold156	1.0000	6.863618e-2	1.677790e-1	1.936107e-1	0.5854	4.762040e0	1.102435e0	-	0	0	7.638258e-2	6.801411e-2	4.265654e-2	5.950801e-2	6.943216e-2	-	-	-	-	-
17	v1fold156	1.0000	1.646785e-1	5.634665e-1	2.948902e-1	0.5642	6.013227e0	7.197381e-1	-	0	0	1.495066e-1	1.606965e-1	1.692527e-1	3.440009e-1	1.532430e-1	0.001059	0.073735	-0.016597	-0.016972	-0.000930
18	v1fold156	1.0000	6.135017e-2	3.058267e-1	1.560789e-1	0.5974	3.553607e0	7.908687e-1	-	0	0	1.361368e-2	7.840557e-2	6.544149e-2	1.460208e-1	5.018848e-2	-	-	-	-	-
19	v1fold156	1.0000	1.127975e-1	5.078545e-1	2.550551e-1	0.6060	3.003146e0	7.256132e-1	-	0	0	2.831443e-2	1.189452e-1	1.963111e-1	2.522406e-1	1.485268e-1	-	-	-	-	-
20	v1fold156	1.0000	3.630154e-1	1.191553e0	5.981832e-1	0.6691	6.598040e0	1.466111e0	-	0	0	5.462821e-1	2.295469e-1	3.405981e-1	2.275635e-1	5.693940e-1	-0.004425	0.087549	-0.017755	-0.004438	-0.004992
21	v1fold156	1.0000	2.288325e-1	8.390422e-1	3.936108e-1	0.6393	4.073427e0	1.112575e0	-	0	0	2.426813e-1	1.786341e-1	2.761506e-1	2.645200e-1	3.425494e-1	0.000800	0.097073	-0.023342	-0.026986	-0.004902
22	v1fold156	1.0000	1.943147e-1	7.969754e-1	3.956592e-1	0.5136	4.501209e0	1.389619e0	-	0	0	1.047673e-1	2.103647e-1	2.579487e-1	2.991405e-1	2.197684e-1	-0.003645	-0.153260	0.015590	0.025821	0.000574
23	v1fold156	1.0000	9.886979e-2	4.225571e-1	1.924179e-1	0.6959	2.431804e0	9.452641e-1	-	0	0	9.868066e-2	7.439452e-2	1.169846e-1	6.283534e-2	1.769689e-1	-	-	-	-	-
24	v1fold156	1.0000	5.091670e-2	1.547074e-1	8.224861e-2	0.5554	2.004506e0	3.324419e-1	-	0	0	4.765548e-2	4.775202e-2	8.423912e-2	5.046904e-2	5.616239e-2	-	-	-	-	-
25	v1fold156	1.0000	3.866846e-2	3.785324e-2	2.454967e-1	0.6977	3.329036e0	8.923920e-1	-	0	0	1.648219e-2	5.714347e-2	1.274602e-2	3.996822e-2	1.760330e-2	-	-	-	-	-
26	v1fold156	1.0000	4.442933e-2	1.492357e-1	6.248146e-2	0.7386	1.543262e0	2.637079e-1	-	0	0	5.179878e-2	3.553112e-2	4.627798e-2	4.705994e-2	6.083105e-2	-	-	-	-	-
27	v1fold156	1.0000	4.818073e-2	1.689951e-1	6.844786e-2	0.6593	1.718423e0	1.985758e-1	-	0	0	4.943794e-2	4.645804e-2	4.633662e-2	5.585725e-2	5.047374e-2	-	-	-	-	-
28	v1fold156	1.0000	4.437454e-2	1.605530e-1	6.924877e-2	0.6850	1.502704e0	2.575886e-1	-	0	0	4.429883e-2	4.147125e-2	4.177150e-2	5.283483e-2	5.197012e-2	-	-	-	-	-
29	v1fold156	1.0000	2.064447e-2	7.237042e-2	5.359714e-2	0.6227	1.989618e0	3.406951e-1	-	0	0	8.915138e-3	2.422115e-2	3.397170e-2	5.087717e-2	1.437152e-2	-	-	-	-	-
30	v1fold156	1.0000	6.067436e-2	2.406139e-1	1.120941e-1	0.5933	2.655639e0	3.535889e-1	-	0	0	4.921279e-2	7.230298e-2	4.899194e-2	6.365542e-2	4.249600e-2	-	-	-	-	-
31	v1fold156	1.0000	3.517674e-2	1.341175e-1	8.021023e-2	0.6252	1.741649e0	2.976996e-1	-	0	0	2.221068e-2	4.288372e-2	4.426862e-2	6.508307e-2	1.915236e-2	-	-	-	-	-
32	v1fold156	1.0000	4.486228e-2	1.485316e-1	9.380951e-2	0.5633	1.399639e0	2.102503e-1	-	0	0	5.858710e-2	2.408819e-2	4.111838e-2	4.288585e-2	9.160456e-2	-	-	-	-	-
33	v1fold156	1.0000	8.308058e-2	3.011794e-1	1.565887e-1	0.5288	2.380729e0	3.138255e-1	-	0	0	8.134606e-2	5.659097e-2	8.507122e-2	1.025383e-1	1.605104e-1	-	-	-	-	-
34	v1fold156	1.0000	7.403970e-2	2.677317e-1	1.456408e-1	0.5664	1.806087e0	2.748065e-1	-	0	0	1.150583e-1	3.468158e-2	5.861005e-2	6.022098e-2	1.478206e-1	-	-	-	-	-
35	v1fold156	1.0000	9.718192e-2	3.476269e-1	1.600412e-1	0.5311	2.192760e0	3.484623e-1	-	0	0	7.984415e-2	9.525752e-2	8.617407e-2	7.792251e-2	1.326200e-1	-	-	-	-	-
36	v1fold156	1.0000	7.730428e-2	2.305915e-1	1.141499e-1	0.5117	2.347582e0	4.452899e-1	-	0	0	8.494749e-2	6.397066e-2	7.681633e-2	7.004235e-2	1.097034e-1	-	-	-	-	-
37	v1fold156	1.0000	6.209546e-2	1.901445e-1	9.360327e-2	0.5481	2.236818e0	2.118801e-1	-	0	0	5.690494e-2	6.094738e-2	7.894489e-2	8.010660e-2	6.367527e-2	-	-	-	-	-
38	v1fold156	1.0000	4.584500e-2	9.783712e-2	5.724977e-2	0.6892	1.984561e0	2.004840e-1	-	0	0	6.435470e-2	3.801062e-2	4.665003e-2	5.959899e-2	4.239435e-2	-	-	-	-	-
39	v1fold156	1.0000	3.655312e-2	1.341358e-1	6.029437e-2	0.6178	1.323407e0	3.059015e-1	-	0	0	3.692147e-2	3.168356e-2	5.024510e-2	3.512958e-2	4.761685e-2	-	-	-	-	-
40	v1fold156	1.0000	4.489555e-2	1.264729e-1	5.490315e-2	0.6996	1.378501e0	1.661477e-1	-	0	0	7.012842e-2	2.670868e-2	4.405535e-2	3.947823e-2	6.906977e-2	-	-	-	-	-
41	v1fold156	1.0000	2.709973e-2	1.154399e-1	5.057698e-2	0.5937	1.181691e0	2.520242e-1	-	0	0	1.852799e-2	2.779261e-2	3.787421e-2	3.935821e-2	3.035961e-2	-	-	-	-	-
42	v1fold156	1.0000	2.495278e-2	7.236475e-2	5.277245e-2	0.6898	1.461760e0	1.578478e-1	-	0	0	1.871923e-2	2.594934e-2	4.226855e-2	2.801163e-2	2.473912e-2	-	-	-	-	-
43	v1fold156	1.0000	5.436775e-2	2.474740e-1	1.017624e-1	0.6517	2.178171e0	3.506615e-1	-	0	0	2.832191e-2	6.788257e-2	5.423169e-2	6.638389e-2	4.410695e-2	-	-	-	-	-
44	v1fold156	1.0000	2.999340e-2	1.345576e-1	5.965582e-2	0.5389	1.626224e0	2.004652e-1	-	0	0	1.456370e-2	3.650689e-2	4.005626e-2	6.068850e-2	2.031332e-2	-	-	-	-	-
45	v1fold156	1.0000	7.548289e-2	3.183299e-1	1.661878e-1	0.5955	1.252680e0	3.651989e-1	-	0	0	6.533015e-2	5.724982e-2	8.475947e-2	8.314558e-2	1.395710e-1	-	-	-	-	-
46	v1fold156	1.0000	8.756901e-2	3.643054e-1	1.599017e-1	0.5697	1.621660e0	3.152334e-1	-	0	0	1.094013e-1	6.092621e-2	7.584165e-2	8.832895e-2	1.431100e-1	-	-	-	-	-
47	v1fold156	1.0000	5.922090e-2	2.163305e-1	9.916339e-2	0.5039	1.231345e0	1.184178e-1	-	0	0	6.312744e-2	4.794648e-2	6.606380e-2	8.180377e-2	8.132400e-2	-	-	-	-	-
48	v1fold156	1.0000	8.138012e-2	2.259846e-1	1.109102e-1	0.5485	1.696008e0	1.766969e-1	-	0	0	9.583013e-2	6.688388e-2	8.847125e-2	8.523634e-2	1.040043e-1	-	-	-	-	-
49	v1fold156	1.0000	8.650751e-2	3.349698e-1	1.556544e-1	0.5202	2.790052e0	4.179858e-1	-	0	0	3.553427e-2	9.411828e-2	1.234626e-1	1.328022e-1	1.085457e-1	-	-	-	-	-
50	v1fold156	1.0000	3.717362e-2	1.251763e-1	6.279195e-2	0.5475	1.620628e0	1.658763e-1	-	0	0	4.094590e-2	2.781122e-2	5.546799e-2	4.347308e-2	5.448467e-2	-	-	-	-	-
51	v1fold156	1.0000	7.928780e-2	3.633984e-1	1.399064e-1	0.5540	2.933108e0	4.328741e-1	-	0	0	3.874962e-2	8.723565e-2	1.284860e-1	1.264252e-1	8.353442e-2	-	-	-	-	-
52	v1fold156	1.0000	8.879055e-2	3.394389e-1	1.707972e-1	0.7961	2.763520e0	6.404550e-1	-	0	0	5.805284e-2	8.248838e-2	1.796159e-1	2.186115e-1	9.356327e-2	-	-	-	-	-
53	v1fold156	1.0000	1.167720e-1	3.340106e-1	1.417959e-1	0.7420	3.408410e0	5.189984e-1	-	0	0	1.510474e-1	8.908495e-2	1.593546e-1	1.696523e-1	1.332745e-1	-	-	-	-	-
54	v1fold156	1.0000	8.455323e-2	2.919464e-1	1.332348e-1	0.7554	2.692599e0	5.645270e-1	-	0	0	1.150861e-1	5.821000e-2	1.208002e-1	8.822028e-2	1.149039e-1	-	-	-	-	-
55	v1fold156	1.0000	6.360199e-2	1.933932e-1	1.348604e-1	0.7032	4.803923e0	1.000954e0	-	0	0	8.040790e-2	4.937921e-2	7.746005e-2	9.927403e-2	7.320254e-2	-	-	-	-	-
56	v1fold156	1.0000	1.066086e-1	3.821008e-1	1.833207e-1	0.7484	4.776444e0	6.686419e-1	-	0	0	8.102339e-2	1.108087e-1	1.340920e-1	2.356187e-1	8.954857e-2	-	-	-	-	-
57	v1fold156	1.0000	7.952326e-2	2.386824e-1	1.404145e-1	0.7652	4.000938e0	7.796413e-1	-	0	0	8.862336e-2	6.359475e-2	1.098839e-1	1.709577e-1	8.691366e-2	-	-	-	-	-
58	v1fold156	1.0000	4.843018e-2	2.454247e-1	1.264157e-1	0.5033	2.287912e0	6.141670e-1	-	0	0	2.029298e-2	3.995131e-2	1.041653e-1	6.389656e-2	9.220591e-2	-	-	-	-	-
59	v1fold156	1.0000	1.829353e-1	6.300378e-1	2.946850e-1	0.6954	4.881450e0	1.066977e0	-	0	0	2.323780e-1	1.399144e-1	2.252353e-1	1.220871e-1	2.529973e-1	-0.000545	0.004310	0.012473	0.005622	0.000144
60	v1fold156	1.0000	9.648385e-2	4.037766e-1	1.994943e-1	0.6486	2.949746e0	8.243537e-1	-	0	0	9.064479e-2	7.389178e-2	1.669516e-1	9.674223e-2	1.541079e-1	-	-	-	-	-
61	v1fold156	1.0000	7.545564e-2	3.352676e-1	1.769879e-1	0.5732	2.785738e0	9.261716e-1	-	0	0	3.255132e-2	8.386766e-2	1.097479e-1	9.921248e-2	9.064716e-2	-	-	-	-	-
62	v1fold156	1.0000	6.649628e-2	2.093688e-1	1.278019e-1	0.5799	2.237055e0	4.990756e-1	-	0	0	5.585523e-2	6.060580e-2	1.426965e-1	1.130694e-1	6.740669e-2	-	-	-	-	-
63	v1fold156	1.0000	8.089337e-2	2.001226e-1	1.242379e-1	0.6767	1.808779e0	2.704658e-1	-	0	0	1.238414e-1	5.708823e-2	1.324334e-1	8.669771e-2	8.314921e-2	-	-	-	-	-
64	v1fold156	1.0000	1.318425e-1	4.709736e-1	2.292694e-1	0.5881	5.280325e0	8.944165e-1	-	0	0	9.209701e-2	1.543865e-1	1.375009e-1	1.075532e-1	1.187814e-1	-0.005290	-0.074429	0.011578	0.001290	-0.000345
65	v1fold156	1.0000	2.796162e-2	1.201869e-1	5.997295e-2	0.5972	1.142568e0	3.444313e-1	-	0	0	2.463356e-2	2.477976e-2	2.962417e-2	4.416001e-2	3.766898e-2	-	-	-	-	-
66	v1fold156	1.0000	2.576691e-2	9.796262e-2	4.399166e-2	0.6649	1.085595e0	2.463361e-1	-	0	0	2.336967e-2	2.314262e-2	2.952665e-2	3.714834e-2	3.316899e-2	-	-	-	-	-
67	v1fold156	1.0000	2.753929e-2	1.360221e-1	6.115800e-2	0.5485	1.064753e0	2.901019e-1	-	0	0	1.171667e-2	2.951161e-2	3.617384e-2	6.445372e-2	3.104233e-2	-	-	-	-	-
68	v1fold156	1.0000	2.634212e-2	6.237793e-2	4.976536e-2	0.7083	1.061453e0	1.950843e-1	-	0	0	3.438317e-2	1.880706e-2	3.318920e-2	6.030362e-2	2.915324e-2	-	-	-	-	-
69	v1fold156	1.0000	3.128737e-2	1.232978e-1	5.666025e-2	0.5255	1.234074e0	1.203749e-1	-	0	0	2.088452e-2	3.967052e-2	2.981448e-2	3.849552e-2	1.795103e-2	-	-	-	-	-
70	v1fold156	1.0000	3.600069e-2	8.217382e-2	6.243442e-2	0.6238	1.201229e0	2.185667e-1	-	0	0	4.229872e-2	3.025426e-2	4.071129e-2	7.257789e-2	3.557534e-2	-	-	-	-	-
71	v1fold156	1.0000	1.154658e-1	4.272399e-1	2.194679e-1	0.6092	2.024595e0	2.956051e-1	-	0	0	9.993687e-2	9.247318e-2	1.237974e-1	1.426416e-1	1.965744e-1	-	-	-	-	-
72	v1fold156	1.0000	1.306910e-1	4.375129e-1	2.458754e-1	0.6001	2.215856e0	3.445722e-1	-	0	0	1.724377e-1	7.140491e-2	9.877818e-2	9.637823e-2	2.729595e-1	0.001820	-0.002829	-0.002833	0.008511	-0.009270
73	v1fold156	1.0000	8.093999e-2	2.759287e-1	1.308629e-1	0.5694	1.708307e0	1.686275e-1	-	0	0	8.173476e-2	6.845214e-2	8.393441e-2	1.018042e-1	1.121135e-1	-	-	-	-	-
74	v1fold156	1.0000	6.212060e-2	1.630511e-1	7.973192e-2	0.6592	1.518813e0	2.111475e-1	-	0	0	6.807511e-2	5.419615e-2	6.227436e-2	5.960032e-2	7.902916e-2	-	-	-	-	-
75	v1fold156	1.0000	9.394617e-2	3.265970e-1	1.664734e-1	0.5911	2.642552e0	4.228456e-1	-	0	0	1.000788e-1	7.860701e-2	9.335465e-2	5.996683e-2	1.406158e-1	-	-	-	-	-
76	v1fold156	1.0000	4.241495e-2	1.736922e-1	7.465036e-2	0.5136	1.715188e0	2.614322e-1	-	0	0	3.043767e-2	3.881038e-2	6.792245e-2	4.722897e-2	6.098560e-2	-	-	-	-	-
77	v1fold156	1.0000	5.089481e-2	1.743448e-1	7.960799e-2	0.6642	2.183122e0	3.080454e-1	-	0	0	2.815028e-2	6.194184e-2	5.631519e-2	4.030181e-2	4.770094e-2	-	-	-	-	-
78	v1fold156	1.0000	1.968515e-2	1.089735e-1	4.172211e-2	0.5009	7.506796e-1	2.156419e-1	-	0	0	9.980819e-3	2.220774e-2	2.981036e-2	1.808817e-2	2.225413e-2	-	-	-	-	-
79	v1fold156	1.0000	1.710970e-2	6.981981e-2	3.354206e-2	0.5593	6.118983e-1	6.024360e-2	-	0	0	9.323928e-3	1.948087e-2	2.800767e-2	3.008099e-2	1.407745e-2	-	-	-	-	-
80	v1fold156	1.0000	1.700592e-2	8.829534e-2	3.223827e-2	0.5696	6.584801e-1	1.417889e-1	-	0	0	8.481252e-3	2.007427e-2	2.606141e-2	1.573819e-2	1.660686e-2	-	-	-	-	-
81	v1fold156	1.0000	2.446300e-2	6.327868e-2	4.776211e-2	0.5854	8.524358e-1	1.061654e-1	-	0	0	1.697343e-2	2.518232e-2	3.717262e-2	5.531463e-2	2.141758e-2	-	-	-	-	-
82	v1fold156	1.0000	3.801512e-2	1.797802e-1	7.870306e-2	0.5488	1.323611e0	1.233684e-1	-	0	0	1.577667e-2	5.098766e-2	4.471557e-2	5.765775e-2	2.095836e-2	-	-	-	-	-
83	v1fold156	1.0000	2.771713e-2	1.019797e-1	5.135819e-2	0.5693	9.983680e-1	9.948616e-2	-	0	0	1.597893e-2	3.275296e-2	3.667172e-2	4.930959e-2	2.018196e-2	-	-	-	-	-
84	v1fold156	1.0000	3.127464e-2	1.864138e-1	9.558818e-2	0.5340	1.141590e0	4.301474e-1	-	0	0	9.043795e-3	3.231081e-2	5.217720e-2	3.569190e-2	5.023962e-2	-	-	-	-	-
85	v1fold156	1.0000	4.143230e-2	1.742654e-1	8.120386e-2	0.5980	1.246627e0	2.134624e-1	-	0	0	1.474719e-2	4.559154e-2	6.735630e-2	1.007032e-1	4.256871e-2	-	-	-	-	-
86	v1fold156	1.0000	2.099693e-2	8.054161e-2	4.515064e-2	0.5114	8.802941e-1	8.883339e-2	-	0	0	8.507209e-3	2.400177e-2	3.575921e-2	4.991791e-2	1.736686e-2	-	-	-	-	-
87	v1fold156	1.0000	4.146164e-2	1.508878e-1	6.471272e-2	0.6119	1.096875e0	2.218918e-1	-	0	0	3.611530e-2	3.687593e-2	5.658258e-2	4.961137e-2	5.640284e-2	-	-	-	-	-
88	v1fold156	1.0000	3.634828e-2	9.763861e-2	6.019403e-2	0.5589	1.470900e0	1.555410e-1	-	0	0	4.009075e-2	2.734272e-2	6.111548e-2	5.506698e-2	4.804439e-2	-	-	-	-	-
89	v1fold156	1.0000	7.080884e-2	2.907523e-1	1.448504e-1	0.6130	1.963417e0	4.825818e-1	-	0	0	7.205239e-2	5.004135e-2	1.240179e-1	8.682918e-2	1.146073e-1	-	-	-	-	-
90	v1fold156	1.0000	6.894702e-2	2.499566e-1	1.021006e-1	0.6475	2.126208e0	3.593401e-1	-	0	0	4.938722e-2	7.412342e-2	8.017298e-2	7.070597e-2	7.506541e-2	-	-	-	-	-
91	v1fold156	1.0000	1.566038e-1	4.572043e-1	2.525912e-1	0.5939	3.509447e0	1.085199e0	-	0	0	2.512454e-1	9.092876e-2	1.913078e-1	1.306085e-1	2.310968e-1	-0.002255	0.000958	-0.005788	-0.009115	-0.004233
92	v1fold156	1.0000	1.709464e-1	5.178321e-1	2.775229e-1	0.5673	4.421557e0	1.376051e0	-	0	0	2.165266e-1	1.252641e-1	2.076272e-1	1.532576e-1	2.454280e-1	-0.000420	0.007134	-0.008162	-0.010437	-0.005542
93	v1fold156	1.0000	1.668066e-1	4.949925e-1	2.620258e-1	0.5870	4.094436e0	1.184493e0	-	0	0	2.774519e-1	9.227129e-2	1.874404e-1	1.244024e-1	2.550605e-1	-0.001706	0.004083	-0.004473	-0.007791	-0.004608
94	v1fold156	1.0000	5.526045e-2	1.279349e-1	1.470389e-1	0.5842	2.703930e0	6.364141e-1	-	0	0	6.372839e-2	5.212284e-2	4.493182e-2	5.426952e-2	5.679858e-2	-	-	-	-	-
95	v1fold156	1.0000	8.299639e-2	3.051126e-1	1.187473e-1	0.6286	1.679193e0	2.132049e-1	-	0	0	1.414653e-1	4.734741e-2	7.595949e-2	4.893325e-2	1.256734e-1	-	-	-	-	-
96	v1fold156	1.0000	9.430706e-2	4.183397e-1	1.755317e-1	0.6261	2.422897e0	8.520507e-1	-	0	0	5.913523e-2	9.809748e-2	1.072706e-1	6.519155e-2	1.314208e-1	-	-	-	-	-
97	v1fold156	1.0000	3.703098e-2	1.508121e-1	8.960408e-2	0.5031	1.360590e0	2.745886e-1	-	0	0	1.317743e-2	4.321748e-2	7.331913e-2	7.837212e-2	2.988282e-2	-	-	-	-	-
98	v1fold156	1.0000	1.238185e-1	5.219212e-1	2.348285e-1	0.5594	2.924790e0	3.089804e-1	-	0	0	6.615091e-2	1.474732e-1	1.729132e-1	2.467656e-1	8.483380e-2	-0.001194	-0.112325	0.022267	0.025941	0.002158
99	v1fold156	1.0000	6.409614e-2	2.906857e-1	1.402645e-1	0.5272	1.743444e0	2.124998e-1	-	0	0	3.185036e-2	7.557687e-2	1.063807e-1	1.407307e-1	4.190578e-2	-	-	-	-	-
100	v1fold156	1.0000	8.975350e-2	3.934956e-1	1.518043e-1	0.5439	2.364950e0	6.300793e-1	-	0	0	6.197355e-2	8.278273e-2	1.011303e-1	7.494855e-2	1.470519e-1	-	-	-	-	-
101	v1fold156	1.0000	7.823510e-2	1.956987e-1	1.069598e-1	0.7468	1.834269e0	3.456914e-1	-	0	0	1.435258e-1	4.154966e-2	1.063833e-1	6.092885e-2	1.022679e-1	-	-	-	-	-
102	v1fold156	1.0000	1.489719e-1	3.695103e-1	1.980943e-1	0.6815	2.827612e0	3.919764e-1	-	0	0	1.841436e-1	1.129762e-1	1.728040e-1	1.644055e-1	2.030827e-1	-0.001335	0.032609	-0.010096	-0.013118	-0.003881
103	v1fold156	1.0000	7.738469e-2	2.375899e-1	1.582318e-1	0.7418	4.567772e0	5.823053e-1	-	0	0	6.182071e-2	7.624064e-2	1.220341e-1	1.290862e-1	7.721779e-2	-	-	-	-	-
104	v1fold156	1.0000	1.614532e-2	9.381366e-2	3.861909e-2	0.6936	6.131444e-1	2.163467e-1	-	0	0	6.502464e-3	1.891195e-2	2.010457e-2	1.726216e-2	1.886111e-2	-	-	-	-	-
105	v1fold156	1.0000	2.719944e-2	1.044812e-1	3.791724e-2	0.8234	6.815069e-1	1.719644e-1	-	0	0	3.009131e-2	2.402003e-2	2.954325e-2	2.686915e-2	3.258758e-2	-	-	-	-	-
106	v1fold156	1.0000	2.222241e-2	1.004667e-1	3.969038e-2	0.7964	6.602452e-1	2.064251e-1	-	0	0	1.714323e-2	2.264962e-2	2.587784e-2	2.503092e-2	2.584924e-2	-	-	-	-	-
107	v1fold156	1.0000	2.736361e-2	7.161021e-2	4.666043e-2	0.6641	5.700416e-1	1.644180e-1	-	0	0	3.372802e-2	2.131466e-2	3.297303e-2	4.033143e-2	3.303980e-2	-	-	-	-	-
108	v1fold156	1.0000	1.752902e-2	1.007485e-1	3.878593e-2	0.6655	5.326990e-1	1.699267e-1	-	0	0	6.766564e-3	2.179879e-2	1.964642e-2	1.216346e-2	1.911702e-2	-	-	-	-	-
109	v1fold156	1.0000	2.369701e-2	9.649019e-2	4.673826e-2	0.6345	5.537136e-1	1.884666e-1	-	0	0	2.118488e-2	2.314580e-2	2.838742e-2	2.811064e-2	2.634901e-2	-	-	-	-	-
110	v1fold156	1.0000	5.867620e-2	2.084285e-1	1.047126e-1	0.5543	1.330745e0	1.971212e-1	-	0	0	4.659032e-2	5.149609e-2	6.695284e-2	7.427137e-2	9.017082e-2	-	-	-	-	-
111	v1fold156	1.0000	4.709726e-2	1.882119e-1	8.542428e-2	0.6269	1.284466e0	1.853774e-1	-	0	0	1.853457e-2	5.302893e-2	7.417907e-2	9.507469e-2	4.760762e-2	-	-	-	-	-
112	v1fold156	1.0000	4.022972e-2	1.183853e-1	6.207080e-2	0.5316	1.037673e0	1.304884e-1	-	0	0	4.095868e-2	3.336983e-2	4.507029e-2	5.617214e-2	5.510602e-2	-	-	-	-	-
113	v1fold156	1.0000	4.364933e-2	1.202216e-1	6.254933e-2	0.5320	1.314409e0	1.475938e-1	-	0	0	3.719379e-2	4.287773e-2	5.589082e-2	5.718890e-2	4.794951e-2	-	-	-	-	-
114	v1fold156	1.0000	5.638100e-2	1.550772e-1	1.021235e-1	0.5250	2.434867e0	2.418568e-1	-	0	0	4.447111e-2	5.423258e-2	9.602494e-2	9.357996e-2	5.924168e-2	-	-	-	-	-
115	v1fold156	1.0000	3.561109e-2	1.349993e-1	7.028511e-2	0.5839	1.336081e0	2.504913e-1	-	0	0	2.239552e-2	3.226086e-2	7.601540e-2	5.767333e-2	4.712086e-2	-	-	-	-	-
116	v1fold156	1.0000	2.547073e-2	7.373142e-2	3.767706e-2	0.7070	1.175242e0	1.174527e-1	-	0	0	1.507443e-2	2.881626e-2	3.231160e-2	2.836802e-2	2.623862e-2	-	-	-	-	-
117	v1fold156	1.0000	1.600554e-2	9.237728e-2	3.567876e-2	0.5012	5.883669e-1	1.962228e-1	-	0	0	6.370176e-3	1.795208e-2	2.353523e-2	1.254518e-2	2.133807e-2	-	-	-	-	-
118	v1fold156	1.0000	5.486159e-2	1.261635e-1	7.351023e-2	0.6008	1.408702e0	2.356027e-1	-	0	0	5.194184e-2	4.427697e-2	7.103291e-2	8.688592e-2	7.902362e-2	-	-	-	-	-
119	v1fold156	1.0000	3.697604e-2	1.260527e-1	5.195521e-2	0.5872	1.273863e0	1.542398e-1	-	0	0	3.140833e-2	3.575017e-2	4.125963e-2	3.285289e-2	4.769145e-2	-	-	-	-	-
120	v1fold156	1.0000	2.501419e-2	8.063698e-2	6.093812e-2	0.5070	9.047608e-1	1.596725e-1	-	0	0	1.064195e-2	3.077842e-2	3.885678e-2	2.756939e-2	2.182587e-2	-	-	-	-	-
121	v1fold156	1.0000	3.596526e-2	1.699696e-1	6.749955e-2	0.7741	1.067589e0	2.845138e-1	-	0	0	2.859148e-2	3.813946e-2	3.876286e-2	2.137680e-2	4.152368e-2	-	-	-	-	-
122	v1fold156	1.0000	2.570801e-2	1.141936e-1	5.611739e-2	0.6191	8.575585e-1	1.988603e-1	-	0	0	1.300931e-2	3.148188e-2	3.207939e-2	2.004920e-2	2.419185e-2	-	-	-	-	-
123	v1fold156	1.0000	1.683751e-2	4.897642e-2	2.953379e-2	0.5927	1.293441e0	1.568585e-1	-	0	0	1.908032e-2	1.248126e-2	2.725344e-2	1.959650e-2	2.381280e-2	-	-	-	-	-
124	v1fold156	1.0000	4.440912e-2	1.878006e-1	8.118592e-2	0.5099	1.149061e0	2.483814e-1	-	0	0	2.499442e-2	4.602373e-2	6.863629e-2	7.651216e-2	5.069010e-2	-	-	-	-	-
125	v1fold156	1.0000	2.928944e-2	1.072571e-1	5.052251e-2	0.5344	1.016231e0	1.935909e-1	-	0	0	2.544877e-2	2.361200e-2	4.290041e-2	4.155693e-2	4.503593e-2	-	-	-	-	-
126	v1fold156	1.0000	9.425245e-2	3.031219e-1	1.543974e-1	0.6547	2.110538e0	5.823269e-1	-	0	0	4.723331e-2	1.063660e-1	1.395042e-1	1.151787e-1	1.013341e-1	-	-	-	-	-
127	v1fold156	1.0000	3.416508e-2	1.031268e-1	7.393098e-2	0.6446	1.651911e0	1.938436e-1	-	0	0	1.392070e-2	3.836381e-2	7.824508e-2	5.606266e-2	3.091712e-2	-	-	-	-	-
128	v1fold156	1.0000	4.979998e-2	1.284654e-1	1.004902e-1	0.7496	1.151922e0	2.250586e-1	-	0	0	6.670175e-2	2.400222e-2	7.535375e-2	3.082077e-2	1.040534e-1	-	-	-	-	-
129	v1fold156	1.0000	5.417703e-2	2.255981e-1	8.382122e-2	0.5785	1.737864e0	3.464721e-1	-	0	0	6.118103e-2	4.648664e-2	5.968129e-2	3.891857e-2	7.061143e-2	-	-	-	-	-
130	v1fold156	1.0000	8.645739e-2	5.002418e-1	2.410432e-1	0.5932	2.773715e0	1.106256e0	-	0	0	5.831488e-2	7.931292e-2	1.613507e-1	7.641790e-2	1.271780e-1	-	-	-	-	-
131	v1fold156	1.0000	1.342967e-1	7.828499e-1	3.653858e-1	0.6174	4.177454e0	1.749244e0	-	0	0	3.106642e-2	1.526848e-1	2.479477e-1	1.465137e-1	1.788643e-1	0.000204	-0.033267	-0.010225	-0.008932	-0.008033
132	v1fold156	1.0000	1.056720e-1	5.988302e-1	2.889287e-1	0.5702	3.260383e0	1.386977e0	-	0	0	5.861214e-2	1.049663e-1	1.904766e-1	8.593856e-2	1.508718e-1	-	-	-	-	-
133	v1fold156	1.0000	9.733271e-2	4.867980e-1	1.738677e-1	0.5153	2.671182e0	9.138660e-1	-	0	0	4.104767e-2	1.092128e-1	1.683203e-1	1.497482e-1	1.030126e-1	-	-	-	-	-
134	v1fold156	1.0000	1.099166e-1	3.141003e-1	1.417964e-1	0.7017	2.668565e0	5.636626e-1	-	0	0	1.552396e-1	8.347685e-2	1.091524e-1	1.117310e-1	1.315876e-1	-	-	-	-	-
135	v1fold156	1.0000	1.762690e-1	5.276649e-1	2.343658e-1	0.5222	2.243019e0	3.311120e-1	-	0	0	2.539011e-1	1.094639e-1	1.765221e-1	1.503590e-1	2.849371e-1	0.002033	0.042243	-0.012906	-0.007819	-0.001310
136	v1fold156	1.0000	3.437768e-2	1.218990e-1	7.689774e-2	0.5678	1.245434e0	2.284507e-1	-	0	0	1.871940e-2	3.655093e-2	7.375579e-2	5.916139e-2	3.192202e-2	-	-	-	-	-
137	v1fold156	1.0000	2.493872e-1	8.903240e-1	8.136537e-1	0.5912	5.055891e0	2.469774e0	-	0	0	3.457761e-2	3.339937e-1	4.272720e-1	2.621379e-1	2.198665e-1	-0.001399	-0.231920	0.006355	0.016676	-0.006242
138	v1fold156	1.0000	4.951207e-2	2.029018e-1	1.022923e-1	0.5289	1.768157e0	2.031962e-1	-	0	0	2.532688e-2	5.514703e-2	9.026727e-2	9.618690e-2	4.206001e-2	-	-	-	-	-
139	v1fold156	1.0000	1.037559e-1	3.184891e-1	1.430826e-1	0.5408	2.476815e0	4.088361e-1	-	0	0	1.669509e-1	7.301319e-2	1.085158e-1	7.610641e-2	1.209472e-1	-	-	-	-	-
140	v1fold156	1.0000	5.327011e-2	1.353846e-1	1.165299e-1	0.6480	1.423419e0	4.519425e-1	-	0	0	8.321155e-2	3.062830e-2	9.769430e-2	3.961166e-2	7.508586e-2	-	-	-	-	-
141	v1fold156	1.0000	5.665116e-2	2.303391e-1	9.768527e-2	0.5383	2.718554e0	2.940778e-1	-	0	0	2.621332e-2	6.325586e-2	1.014680e-1	7.787657e-2	5.917083e-2	-	-	-	-	-
142	v1fold156	1.0000	4.759550e-2	1.812371e-1	8.389155e-2	0.6848	3.068106e0	3.121387e-1	-	0	0	3.245754e-2	5.924851e-2	3.334272e-2	3.829034e-2	3.759459e-2	-	-	-	-	-
143	v1fold156	1.0000	1.359672e-2	9.684205e-2	3.575160e-2	0.5849	5.349296e-1	2.072226e-1	-	0	0	4.465351e-3	1.524840e-2	1.807746e-2	9.609564e-3	2.008809e-2	-	-	-	-	-
144	v1fold156	1.0000	1.189706e-1	3.114190e-1	1.657411e-1	0.5869	2.561023e0	5.468697e-1	-	0	0	1.048442e-1	9.962320e-2	1.733551e-1	2.051037e-1	1.615585e-1	-	-	-	-	-
145	v1fold156	1.0000	1.514696e-2	9.230340e-2	3.333667e-2	0.5870	5.582950e-1	1.927838e-1	-	0	0	5.844496e-3	1.746072e-2	2.040050e-2	1.098804e-2	1.969205e-2	-	-	-	-	-
146	v1fold156	1.0000	1.480940e-2	9.559453e-2	4.951582e-2	0.6632	4.082886e-1	1.678165e-1	-	0	0	1.044877e-2	1.449743e-2	1.707641e-2	9.025601e-3	2.211548e-2	-	-	-	-	-
147	v1fold156	1.0000	2.888134e-2	1.489628e-1	6.125630e-2	0.8434	7.690567e-1	2.680026e-1	-	0	0	2.317743e-2	2.790007e-2	3.035020e-2	2.412818e-2	3.990682e-2	-	-	-	-	-
148	v1fold156	1.0000	1.398276e-2	1.148400e-1	5.508111e-2	0.7345	4.625648e-1	2.091483e-1	-	0	0	3.878763e-3	1.637498e-2	1.455788e-2	7.825572e-3	2.099758e-2	-	-	-	-	-
149	v1fold156	1.0000	2.017457e-2	9.731734e-2	4.758816e-2	0.6200	1.172890e0	3.118454e-1	-	0	0	1.327088e-2	1.973810e-2	3.135389e-2	1.597552e-2	2.844496e-2	-	-	-	-	-
150	v1fold156	1.0000	2.896777e-2	1.199608e-1	5.759206e-2	0.5164	1.700828e0	2.409177e-1	-	0	0	9.866181e-3	3.350288e-2	4.767072e-2	5.765907e-2	2.822537e-2	-	-	-	-	-
151	v1fold156	1.0000	2.685855e-2	1.176262e-1	5.878767e-2	0.5030	1.335565e0	1.425715e-1	-	0	0	7.308894e-3	3.322451e-2	5.232193e-2	6.756188e-2	1.659304e-2	-	-	-	-	-
152	v1fold156	1.0000	9.834241e-2	3.244603e-1	1.510299e-1	0.6002	2.204673e0	4.257501e-1	-	0	0	1.831220e-1	4.486437e-2	1.101210e-1	7.114527e-2	1.547689e-1	-	-	-	-	-
153	v1fold156	1.0000	4.987952e-2	1.792230e-1	1.044668e-1	0.6808	2.411655e0	3.254434e-1	-	0	0	2.898829e-2	5.268480e-2	1.060190e-1	5.792927e-2	5.178680e-2	-	-	-	-	-
154	v1fold156	1.0000	2.304334e-2	4.669654e-2	4.207498e-2	0.7684	9.803293e-1	9.253996e-2	-	0	0	2.755375e-2	1.760757e-2	4.167075e-2	1.630534e-2	3.046286e-2	-	-	-	-	-
155	v1fold156	1.0000	9.660438e-2	3.535309e-1	1.406606e-1	0.5962	2.527158e0	2.952140e-1	-	0	0	8.444534e-2	9.114832e-2	1.491750e-1	1.515317e-1	1.023239e-1	-	-	-	-	-
156	zeros156-371	0.0000	0.000000e0	0.000000e0	0.000000e0	1.0000	0.000000e0	0.000000e0	-	1	1	0.000000e0	0.000000e0	0.000000e0	0.000000e0	0.000000e0	-	-	-	-	-
157	zeros156-371	0.0000	0.000000e0	0.000000e0	0.000000e0	1.0000	0.000000e0	0.000000e0	-	1	1	0.000000e0	0.000000e0	0.000000e0	0.000000e0	0.000000e0	-	-	-	-	-
158	zeros156-371	0.0000	0.000000e0	0.000000e0	0.000000e0	1.0000	0.000000e0	0.000000e0	-	1	1	0.000000e0	0.000000e0	0.000000e0	0.000000e0	0.000000e0	-	-	-	-	-
159	zeros156-371	0.0000	0.000000e0	0.000000e0	0.000000e0	1.0000	0.000000e0	0.000000e0	-	1	1	0.000000e0	0.000000e0	0.000000e0	0.000000e0	0.000000e0	-	-	-	-	-
160	zeros156-371	0.0000	0.000000e0	0.000000e0	0.000000e0	1.0000	0.000000e0	0.000000e0	-	1	1	0.000000e0	0.000000e0	0.000000e0	0.000000e0	0.000000e0	-	-	-	-	-
161	zeros156-371	0.0000	0.000000e0	0.000000e0	0.000000e0	1.0000	0.000000e0	0.000000e0	-	1	1	0.000000e0	0.000000e0	0.000000e0	0.000000e0	0.000000e0	-	-	-	-	-
162	zeros156-371	0.0000	0.000000e0	0.000000e0	0.000000e0	1.0000	0.000000e0	0.000000e0	-	1	1	0.000000e0	0.000000e0	0.000000e0	0.000000e0	0.000000e0	-	-	-	-	-
163	zeros156-371	0.0000	0.000000e0	0.000000e0	0.000000e0	1.0000	0.000000e0	0.000000e0	-	1	1	0.000000e0	0.000000e0	0.000000e0	0.000000e0	0.000000e0	-	-	-	-	-
164	zeros156-371	0.0000	0.000000e0	0.000000e0	0.000000e0	1.0000	0.000000e0	0.000000e0	-	1	1	0.000000e0	0.000000e0	0.000000e0	0.000000e0	0.000000e0	-	-	-	-	-
165	zeros156-371	0.0000	0.000000e0	0.000000e0	0.000000e0	1.0000	0.000000e0	0.000000e0	-	1	1	0.000000e0	0.000000e0	0.000000e0	0.000000e0	0.000000e0	-	-	-	-	-
166	zeros156-371	0.0000	0.000000e0	0.000000e0	0.000000e0	1.0000	0.000000e0	0.000000e0	-	1	1	0.000000e0	0.000000e0	0.000000e0	0.000000e0	0.000000e0	-	-	-	-	-
167	zeros156-371	0.0000	0.000000e0	0.000000e0	0.000000e0	1.0000	0.000000e0	0.000000e0	-	1	1	0.000000e0	0.000000e0	0.000000e0	0.000000e0	0.000000e0	-	-	-	-	-
168	zeros156-371	0.0000	0.000000e0	0.000000e0	0.000000e0	1.0000	0.000000e0	0.000000e0	-	1	1	0.000000e0	0.000000e0	0.000000e0	0.000000e0	0.000000e0	-	-	-	-	-
169	zeros156-371	0.0000	0.000000e0	0.000000e0	0.000000e0	1.0000	0.000000e0	0.000000e0	-	1	1	0.000000e0	0.000000e0	0.000000e0	0.000000e0	0.000000e0	-	-	-	-	-
170	zeros156-371	0.0000	0.000000e0	0.000000e0	0.000000e0	1.0000	0.000000e0	0.000000e0	-	1	1	0.000000e0	0.000000e0	0.000000e0	0.000000e0	0.000000e0	-	-	-	-	-
171	zeros156-371	0.0000	0.000000e0	0.000000e0	0.000000e0	1.0000	0.000000e0	0.000000e0	-	1	1	0.000000e0	0.000000e0	0.000000e0	0.000000e0	0.000000e0	-	-	-	-	-
172	zeros156-371	0.0000	0.000000e0	0.000000e0	0.000000e0	1.0000	0.000000e0	0.000000e0	-	1	1	0.000000e0	0.000000e0	0.000000e0	0.000000e0	0.000000e0	-	-	-	-	-
173	zeros156-371	0.0000	0.000000e0	0.000000e0	0.000000e0	1.0000	0.000000e0	0.000000e0	-	1	1	0.000000e0	0.000000e0	0.000000e0	0.000000e0	0.000000e0	-	-	-	-	-
174	zeros156-371	0.0000	0.000000e0	0.000000e0	0.000000e0	1.0000	0.000000e0	0.000000e0	-	1	1	0.000000e0	0.000000e0	0.000000e0	0.000000e0	0.000000e0	-	-	-	-	-
175	zeros156-371	0.0000	0.000000e0	0.000000e0	0.000000e0	1.0000	0.000000e0	0.000000e0	-	1	1	0.000000e0	0.000000e0	0.000000e0	0.000000e0	0.000000e0	-	-	-	-	-
176	zeros156-371	0.0000	0.000000e0	0.000000e0	0.000000e0	1.0000	0.000000e0	0.000000e0	-	1	1	0.000000e0	0.000000e0	0.000000e0	0.000000e0	0.000000e0	-	-	-	-	-
177	zeros156-371	0.0000	0.000000e0	0.000000e0	0.000000e0	1.0000	0.000000e0	0.000000e0	-	1	1	0.000000e0	0.000000e0	0.000000e0	0.000000e0	0.000000e0	-	-	-	-	-
178	zeros156-371	0.0000	0.000000e0	0.000000e0	0.000000e0	1.0000	0.000000e0	0.000000e0	-	1	1	0.000000e0	0.000000e0	0.000000e0	0.000000e0	0.000000e0	-	-	-	-	-
179	zeros156-371	0.0000	0.000000e0	0.000000e0	0.000000e0	1.0000	0.000000e0	0.000000e0	-	1	1	0.000000e0	0.000000e0	0.000000e0	0.000000e0	0.000000e0	-	-	-	-	-
180	zeros156-371	0.0000	0.000000e0	0.000000e0	0.000000e0	1.0000	0.000000e0	0.000000e0	-	1	1	0.000000e0	0.000000e0	0.000000e0	0.000000e0	0.000000e0	-	-	-	-	-
181	zeros156-371	0.0000	0.000000e0	0.000000e0	0.000000e0	1.0000	0.000000e0	0.000000e0	-	1	1	0.000000e0	0.000000e0	0.000000e0	0.000000e0	0.000000e0	-	-	-	-	-
182	zeros156-371	0.0000	0.000000e0	0.000000e0	0.000000e0	1.0000	0.000000e0	0.000000e0	-	1	1	0.000000e0	0.000000e0	0.000000e0	0.000000e0	0.000000e0	-	-	-	-	-
183	zeros156-371	0.0000	0.000000e0	0.000000e0	0.000000e0	1.0000	0.000000e0	0.000000e0	-	1	1	0.000000e0	0.000000e0	0.000000e0	0.000000e0	0.000000e0	-	-	-	-	-
184	zeros156-371	0.0000	0.000000e0	0.000000e0	0.000000e0	1.0000	0.000000e0	0.000000e0	-	1	1	0.000000e0	0.000000e0	0.000000e0	0.000000e0	0.000000e0	-	-	-	-	-
185	zeros156-371	0.0000	0.000000e0	0.000000e0	0.000000e0	1.0000	0.000000e0	0.000000e0	-	1	1	0.000000e0	0.000000e0	0.000000e0	0.000000e0	0.000000e0	-	-	-	-	-
186	zeros156-371	0.0000	0.000000e0	0.000000e0	0.000000e0	1.0000	0.000000e0	0.000000e0	-	1	1	0.000000e0	0.000000e0	0.000000e0	0.000000e0	0.000000e0	-	-	-	-	-
187	zeros156-371	0.0000	0.000000e0	0.000000e0	0.000000e0	1.0000	0.000000e0	0.000000e0	-	1	1	0.000000e0	0.000000e0	0.000000e0	0.000000e0	0.000000e0	-	-	-	-	-
188	zeros156-371	0.0000	0.000000e0	0.000000e0	0.000000e0	1.0000	0.000000e0	0.000000e0	-	1	1	0.000000e0	0.000000e0	0.000000e0	0.000000e0	0.000000e0	-	-	-	-	-
189	zeros156-371	0.0000	0.000000e0	0.000000e0	0.000000e0	1.0000	0.000000e0	0.000000e0	-	1	1	0.000000e0	0.000000e0	0.000000e0	0.000000e0	0.000000e0	-	-	-	-	-
190	zeros156-371	0.0000	0.000000e0	0.000000e0	0.000000e0	1.0000	0.000000e0	0.000000e0	-	1	1	0.000000e0	0.000000e0	0.000000e0	0.000000e0	0.000000e0	-	-	-	-	-
191	zeros156-371	0.0000	0.000000e0	0.000000e0	0.000000e0	1.0000	0.000000e0	0.000000e0	-	1	1	0.000000e0	0.000000e0	0.000000e0	0.000000e0	0.000000e0	-	-	-	-	-
192	zeros156-371	0.0000	0.000000e0	0.000000e0	0.000000e0	1.0000	0.000000e0	0.000000e0	-	1	1	0.000000e0	0.000000e0	0.000000e0	0.000000e0	0.000000e0	-	-	-	-	-
193	zeros156-371	0.0000	0.000000e0	0.000000e0	0.000000e0	1.0000	0.000000e0	0.000000e0	-	1	1	0.000000e0	0.000000e0	0.000000e0	0.000000e0	0.000000e0	-	-	-	-	-
194	zeros156-371	0.0000	0.000000e0	0.000000e0	0.000000e0	1.0000	0.000000e0	0.000000e0	-	1	1	0.000000e0	0.000000e0	0.000000e0	0.000000e0	0.000000e0	-	-	-	-	-
195	zeros156-371	0.0000	0.000000e0	0.000000e0	0.000000e0	1.0000	0.000000e0	0.000000e0	-	1	1	0.000000e0	0.000000e0	0.000000e0	0.000000e0	0.000000e0	-	-	-	-	-
196	zeros156-371	0.0000	0.000000e0	0.000000e0	0.000000e0	1.0000	0.000000e0	0.000000e0	-	1	1	0.000000e0	0.000000e0	0.000000e0	0.000000e0	0.000000e0	-	-	-	-	-
197	zeros156-371	0.0000	0.000000e0	0.000000e0	0.000000e0	1.0000	0.000000e0	0.000000e0	-	1	1	0.000000e0	0.000000e0	0.000000e0	0.000000e0	0.000000e0	-	-	-	-	-
198	zeros156-371	0.0000	0.000000e0	0.000000e0	0.000000e0	1.0000	0.000000e0	0.000000e0	-	1	1	0.000000e0	0.000000e0	0.000000e0	0.000000e0	0.000000e0	-	-	-	-	-
199	zeros156-371	0.0000	0.000000e0	0.000000e0	0.000000e0	1.0000	0.000000e0	0.000000e0	-	1	1	0.000000e0	0.000000e0	0.000000e0	0.000000e0	0.000000e0	-	-	-	-	-
200	zeros156-371	0.0000	0.000000e0	0.000000e0	0.000000e0	1.0000	0.000000e0	0.000000e0	-	1	1	0.000000e0	0.000000e0	0.000000e0	0.000000e0	0.000000e0	-	-	-	-	-
201	zeros156-371	0.0000	0.000000e0	0.000000e0	0.000000e0	1.0000	0.000000e0	0.000000e0	-	1	1	0.000000e0	0.000000e0	0.000000e0	0.000000e0	0.000000e0	-	-	-	-	-
202	zeros156-371	0.0000	0.000000e0	0.000000e0	0.000000e0	1.0000	0.000000e0	0.000000e0	-	1	1	0.000000e0	0.000000e0	0.000000e0	0.000000e0	0.000000e0	-	-	-	-	-
203	zeros156-371	0.0000	0.000000e0	0.000000e0	0.000000e0	1.0000	0.000000e0	0.000000e0	-	1	1	0.000000e0	0.000000e0	0.000000e0	0.000000e0	0.000000e0	-	-	-	-	-
204	zeros156-371	0.0000	0.000000e0	0.000000e0	0.000000e0	1.0000	0.000000e0	0.000000e0	-	1	1	0.000000e0	0.000000e0	0.000000e0	0.000000e0	0.000000e0	-	-	-	-	-
205	zeros156-371	0.0000	0.000000e0	0.000000e0	0.000000e0	1.0000	0.000000e0	0.000000e0	-	1	1	0.000000e0	0.000000e0	0.000000e0	0.000000e0	0.000000e0	-	-	-	-	-
206	zeros156-371	0.0000	0.000000e0	0.000000e0	0.000000e0	1.0000	0.000000e0	0.000000e0	-	1	1	0.000000e0	0.000000e0	0.000000e0	0.000000e0	0.000000e0	-	-	-	-	-
207	zeros156-371	0.0000	0.000000e0	0.000000e0	0.000000e0	1.0000	0.000000e0	0.000000e0	-	1	1	0.000000e0	0.000000e0	0.000000e0	0.000000e0	0.000000e0	-	-	-	-	-
208	zeros156-371	0.0000	0.000000e0	0.000000e0	0.000000e0	1.0000	0.000000e0	0.000000e0	-	1	1	0.000000e0	0.000000e0	0.000000e0	0.000000e0	0.000000e0	-	-	-	-	-
209	zeros156-371	0.0000	0.000000e0	0.000000e0	0.000000e0	1.0000	0.000000e0	0.000000e0	-	1	1	0.000000e0	0.000000e0	0.000000e0	0.000000e0	0.000000e0	-	-	-	-	-
210	zeros156-371	0.0000	0.000000e0	0.000000e0	0.000000e0	1.0000	0.000000e0	0.000000e0	-	1	1	0.000000e0	0.000000e0	0.000000e0	0.000000e0	0.000000e0	-	-	-	-	-
211	zeros156-371	0.0000	0.000000e0	0.000000e0	0.000000e0	1.0000	0.000000e0	0.000000e0	-	1	1	0.000000e0	0.000000e0	0.000000e0	0.000000e0	0.000000e0	-	-	-	-	-
212	zeros156-371	0.0000	0.000000e0	0.000000e0	0.000000e0	1.0000	0.000000e0	0.000000e0	-	1	1	0.000000e0	0.000000e0	0.000000e0	0.000000e0	0.000000e0	-	-	-	-	-
213	zeros156-371	0.0000	0.000000e0	0.000000e0	0.000000e0	1.0000	0.000000e0	0.000000e0	-	1	1	0.000000e0	0.000000e0	0.000000e0	0.000000e0	0.000000e0	-	-	-	-	-
214	zeros156-371	0.0000	0.000000e0	0.000000e0	0.000000e0	1.0000	0.000000e0	0.000000e0	-	1	1	0.000000e0	0.000000e0	0.000000e0	0.000000e0	0.000000e0	-	-	-	-	-
215	zeros156-371	0.0000	0.000000e0	0.000000e0	0.000000e0	1.0000	0.000000e0	0.000000e0	-	1	1	0.000000e0	0.000000e0	0.000000e0	0.000000e0	0.000000e0	-	-	-	-	-
216	zeros156-371	0.0000	0.000000e0	0.000000e0	0.000000e0	1.0000	0.000000e0	0.000000e0	-	1	1	0.000000e0	0.000000e0	0.000000e0	0.000000e0	0.000000e0	-	-	-	-	-
217	zeros156-371	0.0000	0.000000e0	0.000000e0	0.000000e0	1.0000	0.000000e0	0.000000e0	-	1	1	0.000000e0	0.000000e0	0.000000e0	0.000000e0	0.000000e0	-	-	-	-	-
218	zeros156-371	0.0000	0.000000e0	0.000000e0	0.000000e0	1.0000	0.000000e0	0.000000e0	-	1	1	0.000000e0	0.000000e0	0.000000e0	0.000000e0	0.000000e0	-	-	-	-	-
219	zeros156-371	0.0000	0.000000e0	0.000000e0	0.000000e0	1.0000	0.000000e0	0.000000e0	-	1	1	0.000000e0	0.000000e0	0.000000e0	0.000000e0	0.000000e0	-	-	-	-	-
220	zeros156-371	0.0000	0.000000e0	0.000000e0	0.000000e0	1.0000	0.000000e0	0.000000e0	-	1	1	0.000000e0	0.000000e0	0.000000e0	0.000000e0	0.000000e0	-	-	-	-	-
221	zeros156-371	0.0000	0.000000e0	0.000000e0	0.000000e0	1.0000	0.000000e0	0.000000e0	-	1	1	0.000000e0	0.000000e0	0.000000e0	0.000000e0	0.000000e0	-	-	-	-	-
222	zeros156-371	0.0000	0.000000e0	0.000000e0	0.000000e0	1.0000	0.000000e0	0.000000e0	-	1	1	0.000000e0	0.000000e0	0.000000e0	0.000000e0	0.000000e0	-	-	-	-	-
223	zeros156-371	0.0000	0.000000e0	0.000000e0	0.000000e0	1.0000	0.000000e0	0.000000e0	-	1	1	0.000000e0	0.000000e0	0.000000e0	0.000000e0	0.000000e0	-	-	-	-	-
224	zeros156-371	0.0000	0.000000e0	0.000000e0	0.000000e0	1.0000	0.000000e0	0.000000e0	-	1	1	0.000000e0	0.000000e0	0.000000e0	0.000000e0	0.000000e0	-	-	-	-	-
225	zeros156-371	0.0000	0.000000e0	0.000000e0	0.000000e0	1.0000	0.000000e0	0.000000e0	-	1	1	0.000000e0	0.000000e0	0.000000e0	0.000000e0	0.000000e0	-	-	-	-	-
226	zeros156-371	0.0000	0.000000e0	0.000000e0	0.000000e0	1.0000	0.000000e0	0.000000e0	-	1	1	0.000000e0	0.000000e0	0.000000e0	0.000000e0	0.000000e0	-	-	-	-	-
227	zeros156-371	0.0000	0.000000e0	0.000000e0	0.000000e0	1.0000	0.000000e0	0.000000e0	-	1	1	0.000000e0	0.000000e0	0.000000e0	0.000000e0	0.000000e0	-	-	-	-	-
228	zeros156-371	0.0000	0.000000e0	0.000000e0	0.000000e0	1.0000	0.000000e0	0.000000e0	-	1	1	0.000000e0	0.000000e0	0.000000e0	0.000000e0	0.000000e0	-	-	-	-	-
229	zeros156-371	0.0000	0.000000e0	0.000000e0	0.000000e0	1.0000	0.000000e0	0.000000e0	-	1	1	0.000000e0	0.000000e0	0.000000e0	0.000000e0	0.000000e0	-	-	-	-	-
230	zeros156-371	0.0000	0.000000e0	0.000000e0	0.000000e0	1.0000	0.000000e0	0.000000e0	-	1	1	0.000000e0	0.000000e0	0.000000e0	0.000000e0	0.000000e0	-	-	-	-	-
231	zeros156-371	0.0000	0.000000e0	0.000000e0	0.000000e0	1.0000	0.000000e0	0.000000e0	-	1	1	0.000000e0	0.000000e0	0.000000e0	0.000000e0	0.000000e0	-	-	-	-	-
232	zeros156-371	0.0000	0.000000e0	0.000000e0	0.000000e0	1.0000	0.000000e0	0.000000e0	-	1	1	0.000000e0	0.000000e0	0.000000e0	0.000000e0	0.000000e0	-	-	-	-	-
233	zeros156-371	0.0000	0.000000e0	0.000000e0	0.000000e0	1.0000	0.000000e0	0.000000e0	-	1	1	0.000000e0	0.000000e0	0.000000e0	0.000000e0	0.000000e0	-	-	-	-	-
234	zeros156-371	0.0000	0.000000e0	0.000000e0	0.000000e0	1.0000	0.000000e0	0.000000e0	-	1	1	0.000000e0	0.000000e0	0.000000e0	0.000000e0	0.000000e0	-	-	-	-	-
235	zeros156-371	0.0000	0.000000e0	0.000000e0	0.000000e0	1.0000	0.000000e0	0.000000e0	-	1	1	0.000000e0	0.000000e0	0.000000e0	0.000000e0	0.000000e0	-	-	-	-	-
236	zeros156-371	0.0000	0.000000e0	0.000000e0	0.000000e0	1.0000	0.000000e0	0.000000e0	-	1	1	0.000000e0	0.000000e0	0.000000e0	0.000000e0	0.000000e0	-	-	-	-	-
237	zeros156-371	0.0000	0.000000e0	0.000000e0	0.000000e0	1.0000	0.000000e0	0.000000e0	-	1	1	0.000000e0	0.000000e0	0.000000e0	0.000000e0	0.000000e0	-	-	-	-	-
238	zeros156-371	0.0000	0.000000e0	0.000000e0	0.000000e0	1.0000	0.000000e0	0.000000e0	-	1	1	0.000000e0	0.000000e0	0.000000e0	0.000000e0	0.000000e0	-	-	-	-	-
239	zeros156-371	0.0000	0.000000e0	0.000000e0	0.000000e0	1.0000	0.000000e0	0.000000e0	-	1	1	0.000000e0	0.000000e0	0.000000e0	0.000000e0	0.000000e0	-	-	-	-	-
240	zeros156-371	0.0000	0.000000e0	0.000000e0	0.000000e0	1.0000	0.000000e0	0.000000e0	-	1	1	0.000000e0	0.000000e0	0.000000e0	0.000000e0	0.000000e0	-	-	-	-	-
241	zeros156-371	0.0000	0.000000e0	0.000000e0	0.000000e0	1.0000	0.000000e0	0.000000e0	-	1	1	0.000000e0	0.000000e0	0.000000e0	0.000000e0	0.000000e0	-	-	-	-	-
242	zeros156-371	0.0000	0.000000e0	0.000000e0	0.000000e0	1.0000	0.000000e0	0.000000e0	-	1	1	0.000000e0	0.000000e0	0.000000e0	0.000000e0	0.000000e0	-	-	-	-	-
243	zeros156-371	0.0000	0.000000e0	0.000000e0	0.000000e0	1.0000	0.000000e0	0.000000e0	-	1	1	0.000000e0	0.000000e0	0.000000e0	0.000000e0	0.000000e0	-	-	-	-	-
244	zeros156-371	0.0000	0.000000e0	0.000000e0	0.000000e0	1.0000	0.000000e0	0.000000e0	-	1	1	0.000000e0	0.000000e0	0.000000e0	0.000000e0	0.000000e0	-	-	-	-	-
245	zeros156-371	0.0000	0.000000e0	0.000000e0	0.000000e0	1.0000	0.000000e0	0.000000e0	-	1	1	0.000000e0	0.000000e0	0.000000e0	0.000000e0	0.000000e0	-	-	-	-	-
246	zeros156-371	0.0000	0.000000e0	0.000000e0	0.000000e0	1.0000	0.000000e0	0.000000e0	-	1	1	0.000000e0	0.000000e0	0.000000e0	0.000000e0	0.000000e0	-	-	-	-	-
247	zeros156-371	0.0000	0.000000e0	0.000000e0	0.000000e0	1.0000	0.000000e0	0.000000e0	-	1	1	0.000000e0	0.000000e0	0.000000e0	0.000000e0	0.000000e0	-	-	-	-	-
248	zeros156-371	0.0000	0.000000e0	0.000000e0	0.000000e0	1.0000	0.000000e0	0.000000e0	-	1	1	0.000000e0	0.000000e0	0.000000e0	0.000000e0	0.000000e0	-	-	-	-	-
249	zeros156-371	0.0000	0.000000e0	0.000000e0	0.000000e0	1.0000	0.000000e0	0.000000e0	-	1	1	0.000000e0	0.000000e0	0.000000e0	0.000000e0	0.000000e0	-	-	-	-	-
250	zeros156-371	0.0000	0.000000e0	0.000000e0	0.000000e0	1.0000	0.000000e0	0.000000e0	-	1	1	0.000000e0	0.000000e0	0.000000e0	0.000000e0	0.000000e0	-	-	-	-	-
251	zeros156-371	0.0000	0.000000e0	0.000000e0	0.000000e0	1.0000	0.000000e0	0.000000e0	-	1	1	0.000000e0	0.000000e0	0.000000e0	0.000000e0	0.000000e0	-	-	-	-	-
252	zeros156-371	0.0000	0.000000e0	0.000000e0	0.000000e0	1.0000	0.000000e0	0.000000e0	-	1	1	0.000000e0	0.000000e0	0.000000e0	0.000000e0	0.000000e0	-	-	-	-	-
253	zeros156-371	0.0000	0.000000e0	0.000000e0	0.000000e0	1.0000	0.000000e0	0.000000e0	-	1	1	0.000000e0	0.000000e0	0.000000e0	0.000000e0	0.000000e0	-	-	-	-	-
254	zeros156-371	0.0000	0.000000e0	0.000000e0	0.000000e0	1.0000	0.000000e0	0.000000e0	-	1	1	0.000000e0	0.000000e0	0.000000e0	0.000000e0	0.000000e0	-	-	-	-	-
255	zeros156-371	0.0000	0.000000e0	0.000000e0	0.000000e0	1.0000	0.000000e0	0.000000e0	-	1	1	0.000000e0	0.000000e0	0.000000e0	0.000000e0	0.000000e0	-	-	-	-	-
256	zeros156-371	0.0000	0.000000e0	0.000000e0	0.000000e0	1.0000	0.000000e0	0.000000e0	-	1	1	0.000000e0	0.000000e0	0.000000e0	0.000000e0	0.000000e0	-	-	-	-	-
257	zeros156-371	0.0000	0.000000e0	0.000000e0	0.000000e0	1.0000	0.000000e0	0.000000e0	-	1	1	0.000000e0	0.000000e0	0.000000e0	0.000000e0	0.000000e0	-	-	-	-	-
258	zeros156-371	0.0000	0.000000e0	0.000000e0	0.000000e0	1.0000	0.000000e0	0.000000e0	-	1	1	0.000000e0	0.000000e0	0.000000e0	0.000000e0	0.000000e0	-	-	-	-	-
259	zeros156-371	0.0000	0.000000e0	0.000000e0	0.000000e0	1.0000	0.000000e0	0.000000e0	-	1	1	0.000000e0	0.000000e0	0.000000e0	0.000000e0	0.000000e0	-	-	-	-	-
260	zeros156-371	0.0000	0.000000e0	0.000000e0	0.000000e0	1.0000	0.000000e0	0.000000e0	-	1	1	0.000000e0	0.000000e0	0.000000e0	0.000000e0	0.000000e0	-	-	-	-	-
261	zeros156-371	0.0000	0.000000e0	0.000000e0	0.000000e0	1.0000	0.000000e0	0.000000e0	-	1	1	0.000000e0	0.000000e0	0.000000e0	0.000000e0	0.000000e0	-	-	-	-	-
262	zeros156-371	0.0000	0.000000e0	0.000000e0	0.000000e0	1.0000	0.000000e0	0.000000e0	-	1	1	0.000000e0	0.000000e0	0.000000e0	0.000000e0	0.000000e0	-	-	-	-	-
263	zeros156-371	0.0000	0.000000e0	0.000000e0	0.000000e0	1.0000	0.000000e0	0.000000e0	-	1	1	0.000000e0	0.000000e0	0.000000e0	0.000000e0	0.000000e0	-	-	-	-	-
264	zeros156-371	0.0000	0.000000e0	0.000000e0	0.000000e0	1.0000	0.000000e0	0.000000e0	-	1	1	0.000000e0	0.000000e0	0.000000e0	0.000000e0	0.000000e0	-	-	-	-	-
265	zeros156-371	0.0000	0.000000e0	0.000000e0	0.000000e0	1.0000	0.000000e0	0.000000e0	-	1	1	0.000000e0	0.000000e0	0.000000e0	0.000000e0	0.000000e0	-	-	-	-	-
266	zeros156-371	0.0000	0.000000e0	0.000000e0	0.000000e0	1.0000	0.000000e0	0.000000e0	-	1	1	0.000000e0	0.000000e0	0.000000e0	0.000000e0	0.000000e0	-	-	-	-	-
267	zeros156-371	0.0000	0.000000e0	0.000000e0	0.000000e0	1.0000	0.000000e0	0.000000e0	-	1	1	0.000000e0	0.000000e0	0.000000e0	0.000000e0	0.000000e0	-	-	-	-	-
268	zeros156-371	0.0000	0.000000e0	0.000000e0	0.000000e0	1.0000	0.000000e0	0.000000e0	-	1	1	0.000000e0	0.000000e0	0.000000e0	0.000000e0	0.000000e0	-	-	-	-	-
269	zeros156-371	0.0000	0.000000e0	0.000000e0	0.000000e0	1.0000	0.000000e0	0.000000e0	-	1	1	0.000000e0	0.000000e0	0.000000e0	0.000000e0	0.000000e0	-	-	-	-	-
270	zeros156-371	0.0000	0.000000e0	0.000000e0	0.000000e0	1.0000	0.000000e0	0.000000e0	-	1	1	0.000000e0	0.000000e0	0.000000e0	0.000000e0	0.000000e0	-	-	-	-	-
271	zeros156-371	0.0000	0.000000e0	0.000000e0	0.000000e0	1.0000	0.000000e0	0.000000e0	-	1	1	0.000000e0	0.000000e0	0.000000e0	0.000000e0	0.000000e0	-	-	-	-	-
272	zeros156-371	0.0000	0.000000e0	0.000000e0	0.000000e0	1.0000	0.000000e0	0.000000e0	-	1	1	0.000000e0	0.000000e0	0.000000e0	0.000000e0	0.000000e0	-	-	-	-	-
273	zeros156-371	0.0000	0.000000e0	0.000000e0	0.000000e0	1.0000	0.000000e0	0.000000e0	-	1	1	0.000000e0	0.000000e0	0.000000e0	0.000000e0	0.000000e0	-	-	-	-	-
274	zeros156-371	0.0000	0.000000e0	0.000000e0	0.000000e0	1.0000	0.000000e0	0.000000e0	-	1	1	0.000000e0	0.000000e0	0.000000e0	0.000000e0	0.000000e0	-	-	-	-	-
275	zeros156-371	0.0000	0.000000e0	0.000000e0	0.000000e0	1.0000	0.000000e0	0.000000e0	-	1	1	0.000000e0	0.000000e0	0.000000e0	0.000000e0	0.000000e0	-	-	-	-	-
276	zeros156-371	0.0000	0.000000e0	0.000000e0	0.000000e0	1.0000	0.000000e0	0.000000e0	-	1	1	0.000000e0	0.000000e0	0.000000e0	0.000000e0	0.000000e0	-	-	-	-	-
277	zeros156-371	0.0000	0.000000e0	0.000000e0	0.000000e0	1.0000	0.000000e0	0.000000e0	-	1	1	0.000000e0	0.000000e0	0.000000e0	0.000000e0	0.000000e0	-	-	-	-	-
278	zeros156-371	0.0000	0.000000e0	0.000000e0	0.000000e0	1.0000	0.000000e0	0.000000e0	-	1	1	0.000000e0	0.000000e0	0.000000e0	0.000000e0	0.000000e0	-	-	-	-	-
279	zeros156-371	0.0000	0.000000e0	0.000000e0	0.000000e0	1.0000	0.000000e0	0.000000e0	-	1	1	0.000000e0	0.000000e0	0.000000e0	0.000000e0	0.000000e0	-	-	-	-	-
280	zeros156-371	0.0000	0.000000e0	0.000000e0	0.000000e0	1.0000	0.000000e0	0.000000e0	-	1	1	0.000000e0	0.000000e0	0.000000e0	0.000000e0	0.000000e0	-	-	-	-	-
281	zeros156-371	0.0000	0.000000e0	0.000000e0	0.000000e0	1.0000	0.000000e0	0.000000e0	-	1	1	0.000000e0	0.000000e0	0.000000e0	0.000000e0	0.000000e0	-	-	-	-	-
282	zeros156-371	0.0000	0.000000e0	0.000000e0	0.000000e0	1.0000	0.000000e0	0.000000e0	-	1	1	0.000000e0	0.000000e0	0.000000e0	0.000000e0	0.000000e0	-	-	-	-	-
283	zeros156-371	0.0000	0.000000e0	0.000000e0	0.000000e0	1.0000	0.000000e0	0.000000e0	-	1	1	0.000000e0	0.000000e0	0.000000e0	0.000000e0	0.000000e0	-	-	-	-	-
284	zeros156-371	0.0000	0.000000e0	0.000000e0	0.000000e0	1.0000	0.000000e0	0.000000e0	-	1	1	0.000000e0	0.000000e0	0.000000e0	0.000000e0	0.000000e0	-	-	-	-	-
285	zeros156-371	0.0000	0.000000e0	0.000000e0	0.000000e0	1.0000	0.000000e0	0.000000e0	-	1	1	0.000000e0	0.000000e0	0.000000e0	0.000000e0	0.000000e0	-	-	-	-	-
286	zeros156-371	0.0000	0.000000e0	0.000000e0	0.000000e0	1.0000	0.000000e0	0.000000e0	-	1	1	0.000000e0	0.000000e0	0.000000e0	0.000000e0	0.000000e0	-	-	-	-	-
287	zeros156-371	0.0000	0.000000e0	0.000000e0	0.000000e0	1.0000	0.000000e0	0.000000e0	-	1	1	0.000000e0	0.000000e0	0.000000e0	0.000000e0	0.000000e0	-	-	-	-	-
288	zeros156-371	0.0000	0.000000e0	0.000000e0	0.000000e0	1.0000	0.000000e0	0.000000e0	-	1	1	0.000000e0	0.000000e0	0.000000e0	0.000000e0	0.000000e0	-	-	-	-	-
289	zeros156-371	0.0000	0.000000e0	0.000000e0	0.000000e0	1.0000	0.000000e0	0.000000e0	-	1	1	0.000000e0	0.000000e0	0.000000e0	0.000000e0	0.000000e0	-	-	-	-	-
290	zeros156-371	0.0000	0.000000e0	0.000000e0	0.000000e0	1.0000	0.000000e0	0.000000e0	-	1	1	0.000000e0	0.000000e0	0.000000e0	0.000000e0	0.000000e0	-	-	-	-	-
291	zeros156-371	0.0000	0.000000e0	0.000000e0	0.000000e0	1.0000	0.000000e0	0.000000e0	-	1	1	0.000000e0	0.000000e0	0.000000e0	0.000000e0	0.000000e0	-	-	-	-	-
292	zeros156-371	0.0000	0.000000e0	0.000000e0	0.000000e0	1.0000	0.000000e0	0.000000e0	-	1	1	0.000000e0	0.000000e0	0.000000e0	0.000000e0	0.000000e0	-	-	-	-	-
293	zeros156-371	0.0000	0.000000e0	0.000000e0	0.000000e0	1.0000	0.000000e0	0.000000e0	-	1	1	0.000000e0	0.000000e0	0.000000e0	0.000000e0	0.000000e0	-	-	-	-	-
294	zeros156-371	0.0000	0.000000e0	0.000000e0	0.000000e0	1.0000	0.000000e0	0.000000e0	-	1	1	0.000000e0	0.000000e0	0.000000e0	0.000000e0	0.000000e0	-	-	-	-	-
295	zeros156-371	0.0000	0.000000e0	0.000000e0	0.000000e0	1.0000	0.000000e0	0.000000e0	-	1	1	0.000000e0	0.000000e0	0.000000e0	0.000000e0	0.000000e0	-	-	-	-	-
296	zeros156-371	0.0000	0.000000e0	0.000000e0	0.000000e0	1.0000	0.000000e0	0.000000e0	-	1	1	0.000000e0	0.000000e0	0.000000e0	0.000000e0	0.000000e0	-	-	-	-	-
297	zeros156-371	0.0000	0.000000e0	0.000000e0	0.000000e0	1.0000	0.000000e0	0.000000e0	-	1	1	0.000000e0	0.000000e0	0.000000e0	0.000000e0	0.000000e0	-	-	-	-	-
298	zeros156-371	0.0000	0.000000e0	0.000000e0	0.000000e0	1.0000	0.000000e0	0.000000e0	-	1	1	0.000000e0	0.000000e0	0.000000e0	0.000000e0	0.000000e0	-	-	-	-	-
299	zeros156-371	0.0000	0.000000e0	0.000000e0	0.000000e0	1.0000	0.000000e0	0.000000e0	-	1	1	0.000000e0	0.000000e0	0.000000e0	0.000000e0	0.000000e0	-	-	-	-	-
300	zeros156-371	0.0000	0.000000e0	0.000000e0	0.000000e0	1.0000	0.000000e0	0.000000e0	-	1	1	0.000000e0	0.000000e0	0.000000e0	0.000000e0	0.000000e0	-	-	-	-	-
301	zeros156-371	0.0000	0.000000e0	0.000000e0	0.000000e0	1.0000	0.000000e0	0.000000e0	-	1	1	0.000000e0	0.000000e0	0.000000e0	0.000000e0	0.000000e0	-	-	-	-	-
302	zeros156-371	0.0000	0.000000e0	0.000000e0	0.000000e0	1.0000	0.000000e0	0.000000e0	-	1	1	0.000000e0	0.000000e0	0.000000e0	0.000000e0	0.000000e0	-	-	-	-	-
303	zeros156-371	0.0000	0.000000e0	0.000000e0	0.000000e0	1.0000	0.000000e0	0.000000e0	-	1	1	0.000000e0	0.000000e0	0.000000e0	0.000000e0	0.000000e0	-	-	-	-	-
304	zeros156-371	0.0000	0.000000e0	0.000000e0	0.000000e0	1.0000	0.000000e0	0.000000e0	-	1	1	0.000000e0	0.000000e0	0.000000e0	0.000000e0	0.000000e0	-	-	-	-	-
305	zeros156-371	0.0000	0.000000e0	0.000000e0	0.000000e0	1.0000	0.000000e0	0.000000e0	-	1	1	0.000000e0	0.000000e0	0.000000e0	0.000000e0	0.000000e0	-	-	-	-	-
306	zeros156-371	0.0000	0.000000e0	0.000000e0	0.000000e0	1.0000	0.000000e0	0.000000e0	-	1	1	0.000000e0	0.000000e0	0.000000e0	0.000000e0	0.000000e0	-	-	-	-	-
307	zeros156-371	0.0000	0.000000e0	0.000000e0	0.000000e0	1.0000	0.000000e0	0.000000e0	-	1	1	0.000000e0	0.000000e0	0.000000e0	0.000000e0	0.000000e0	-	-	-	-	-
308	zeros156-371	0.0000	0.000000e0	0.000000e0	0.000000e0	1.0000	0.000000e0	0.000000e0	-	1	1	0.000000e0	0.000000e0	0.000000e0	0.000000e0	0.000000e0	-	-	-	-	-
309	zeros156-371	0.0000	0.000000e0	0.000000e0	0.000000e0	1.0000	0.000000e0	0.000000e0	-	1	1	0.000000e0	0.000000e0	0.000000e0	0.000000e0	0.000000e0	-	-	-	-	-
310	zeros156-371	0.0000	0.000000e0	0.000000e0	0.000000e0	1.0000	0.000000e0	0.000000e0	-	1	1	0.000000e0	0.000000e0	0.000000e0	0.000000e0	0.000000e0	-	-	-	-	-
311	zeros156-371	0.0000	0.000000e0	0.000000e0	0.000000e0	1.0000	0.000000e0	0.000000e0	-	1	1	0.000000e0	0.000000e0	0.000000e0	0.000000e0	0.000000e0	-	-	-	-	-
312	zeros156-371	0.0000	0.000000e0	0.000000e0	0.000000e0	1.0000	0.000000e0	0.000000e0	-	1	1	0.000000e0	0.000000e0	0.000000e0	0.000000e0	0.000000e0	-	-	-	-	-
313	zeros156-371	0.0000	0.000000e0	0.000000e0	0.000000e0	1.0000	0.000000e0	0.000000e0	-	1	1	0.000000e0	0.000000e0	0.000000e0	0.000000e0	0.000000e0	-	-	-	-	-
314	zeros156-371	0.0000	0.000000e0	0.000000e0	0.000000e0	1.0000	0.000000e0	0.000000e0	-	1	1	0.000000e0	0.000000e0	0.000000e0	0.000000e0	0.000000e0	-	-	-	-	-
315	zeros156-371	0.0000	0.000000e0	0.000000e0	0.000000e0	1.0000	0.000000e0	0.000000e0	-	1	1	0.000000e0	0.000000e0	0.000000e0	0.000000e0	0.000000e0	-	-	-	-	-
316	zeros156-371	0.0000	0.000000e0	0.000000e0	0.000000e0	1.0000	0.000000e0	0.000000e0	-	1	1	0.000000e0	0.000000e0	0.000000e0	0.000000e0	0.000000e0	-	-	-	-	-
317	zeros156-371	0.0000	0.000000e0	0.000000e0	0.000000e0	1.0000	0.000000e0	0.000000e0	-	1	1	0.000000e0	0.000000e0	0.000000e0	0.000000e0	0.000000e0	-	-	-	-	-
318	zeros156-371	0.0000	0.000000e0	0.000000e0	0.000000e0	1.0000	0.000000e0	0.000000e0	-	1	1	0.000000e0	0.000000e0	0.000000e0	0.000000e0	0.000000e0	-	-	-	-	-
319	zeros156-371	0.0000	0.000000e0	0.000000e0	0.000000e0	1.0000	0.000000e0	0.000000e0	-	1	1	0.000000e0	0.000000e0	0.000000e0	0.000000e0	0.000000e0	-	-	-	-	-
320	zeros156-371	0.0000	0.000000e0	0.000000e0	0.000000e0	1.0000	0.000000e0	0.000000e0	-	1	1	0.000000e0	0.000000e0	0.000000e0	0.000000e0	0.000000e0	-	-	-	-	-
321	zeros156-371	0.0000	0.000000e0	0.000000e0	0.000000e0	1.0000	0.000000e0	0.000000e0	-	1	1	0.000000e0	0.000000e0	0.000000e0	0.000000e0	0.000000e0	-	-	-	-	-
322	zeros156-371	0.0000	0.000000e0	0.000000e0	0.000000e0	1.0000	0.000000e0	0.000000e0	-	1	1	0.000000e0	0.000000e0	0.000000e0	0.000000e0	0.000000e0	-	-	-	-	-
323	zeros156-371	0.0000	0.000000e0	0.000000e0	0.000000e0	1.0000	0.000000e0	0.000000e0	-	1	1	0.000000e0	0.000000e0	0.000000e0	0.000000e0	0.000000e0	-	-	-	-	-
324	zeros156-371	0.0000	0.000000e0	0.000000e0	0.000000e0	1.0000	0.000000e0	0.000000e0	-	1	1	0.000000e0	0.000000e0	0.000000e0	0.000000e0	0.000000e0	-	-	-	-	-
325	zeros156-371	0.0000	0.000000e0	0.000000e0	0.000000e0	1.0000	0.000000e0	0.000000e0	-	1	1	0.000000e0	0.000000e0	0.000000e0	0.000000e0	0.000000e0	-	-	-	-	-
326	zeros156-371	0.0000	0.000000e0	0.000000e0	0.000000e0	1.0000	0.000000e0	0.000000e0	-	1	1	0.000000e0	0.000000e0	0.000000e0	0.000000e0	0.000000e0	-	-	-	-	-
327	zeros156-371	0.0000	0.000000e0	0.000000e0	0.000000e0	1.0000	0.000000e0	0.000000e0	-	1	1	0.000000e0	0.000000e0	0.000000e0	0.000000e0	0.000000e0	-	-	-	-	-
328	zeros156-371	0.0000	0.000000e0	0.000000e0	0.000000e0	1.0000	0.000000e0	0.000000e0	-	1	1	0.000000e0	0.000000e0	0.000000e0	0.000000e0	0.000000e0	-	-	-	-	-
329	zeros156-371	0.0000	0.000000e0	0.000000e0	0.000000e0	1.0000	0.000000e0	0.000000e0	-	1	1	0.000000e0	0.000000e0	0.000000e0	0.000000e0	0.000000e0	-	-	-	-	-
330	zeros156-371	0.0000	0.000000e0	0.000000e0	0.000000e0	1.0000	0.000000e0	0.000000e0	-	1	1	0.000000e0	0.000000e0	0.000000e0	0.000000e0	0.000000e0	-	-	-	-	-
331	zeros156-371	0.0000	0.000000e0	0.000000e0	0.000000e0	1.0000	0.000000e0	0.000000e0	-	1	1	0.000000e0	0.000000e0	0.000000e0	0.000000e0	0.000000e0	-	-	-	-	-
332	zeros156-371	0.0000	0.000000e0	0.000000e0	0.000000e0	1.0000	0.000000e0	0.000000e0	-	1	1	0.000000e0	0.000000e0	0.000000e0	0.000000e0	0.000000e0	-	-	-	-	-
333	zeros156-371	0.0000	0.000000e0	0.000000e0	0.000000e0	1.0000	0.000000e0	0.000000e0	-	1	1	0.000000e0	0.000000e0	0.000000e0	0.000000e0	0.000000e0	-	-	-	-	-
334	zeros156-371	0.0000	0.000000e0	0.000000e0	0.000000e0	1.0000	0.000000e0	0.000000e0	-	1	1	0.000000e0	0.000000e0	0.000000e0	0.000000e0	0.000000e0	-	-	-	-	-
335	zeros156-371	0.0000	0.000000e0	0.000000e0	0.000000e0	1.0000	0.000000e0	0.000000e0	-	1	1	0.000000e0	0.000000e0	0.000000e0	0.000000e0	0.000000e0	-	-	-	-	-
336	zeros156-371	0.0000	0.000000e0	0.000000e0	0.000000e0	1.0000	0.000000e0	0.000000e0	-	1	1	0.000000e0	0.000000e0	0.000000e0	0.000000e0	0.000000e0	-	-	-	-	-
337	zeros156-371	0.0000	0.000000e0	0.000000e0	0.000000e0	1.0000	0.000000e0	0.000000e0	-	1	1	0.000000e0	0.000000e0	0.000000e0	0.000000e0	0.000000e0	-	-	-	-	-
338	zeros156-371	0.0000	0.000000e0	0.000000e0	0.000000e0	1.0000	0.000000e0	0.000000e0	-	1	1	0.000000e0	0.000000e0	0.000000e0	0.000000e0	0.000000e0	-	-	-	-	-
339	zeros156-371	0.0000	0.000000e0	0.000000e0	0.000000e0	1.0000	0.000000e0	0.000000e0	-	1	1	0.000000e0	0.000000e0	0.000000e0	0.000000e0	0.000000e0	-	-	-	-	-
340	zeros156-371	0.0000	0.000000e0	0.000000e0	0.000000e0	1.0000	0.000000e0	0.000000e0	-	1	1	0.000000e0	0.000000e0	0.000000e0	0.000000e0	0.000000e0	-	-	-	-	-
341	zeros156-371	0.0000	0.000000e0	0.000000e0	0.000000e0	1.0000	0.000000e0	0.000000e0	-	1	1	0.000000e0	0.000000e0	0.000000e0	0.000000e0	0.000000e0	-	-	-	-	-
342	zeros156-371	0.0000	0.000000e0	0.000000e0	0.000000e0	1.0000	0.000000e0	0.000000e0	-	1	1	0.000000e0	0.000000e0	0.000000e0	0.000000e0	0.000000e0	-	-	-	-	-
343	zeros156-371	0.0000	0.000000e0	0.000000e0	0.000000e0	1.0000	0.000000e0	0.000000e0	-	1	1	0.000000e0	0.000000e0	0.000000e0	0.000000e0	0.000000e0	-	-	-	-	-
344	zeros156-371	0.0000	0.000000e0	0.000000e0	0.000000e0	1.0000	0.000000e0	0.000000e0	-	1	1	0.000000e0	0.000000e0	0.000000e0	0.000000e0	0.000000e0	-	-	-	-	-
345	zeros156-371	0.0000	0.000000e0	0.000000e0	0.000000e0	1.0000	0.000000e0	0.000000e0	-	1	1	0.000000e0	0.000000e0	0.000000e0	0.000000e0	0.000000e0	-	-	-	-	-
346	zeros156-371	0.0000	0.000000e0	0.000000e0	0.000000e0	1.0000	0.000000e0	0.000000e0	-	1	1	0.000000e0	0.000000e0	0.000000e0	0.000000e0	0.000000e0	-	-	-	-	-
347	zeros156-371	0.0000	0.000000e0	0.000000e0	0.000000e0	1.0000	0.000000e0	0.000000e0	-	1	1	0.000000e0	0.000000e0	0.000000e0	0.000000e0	0.000000e0	-	-	-	-	-
348	zeros156-371	0.0000	0.000000e0	0.000000e0	0.000000e0	1.0000	0.000000e0	0.000000e0	-	1	1	0.000000e0	0.000000e0	0.000000e0	0.000000e0	0.000000e0	-	-	-	-	-
349	zeros156-371	0.0000	0.000000e0	0.000000e0	0.000000e0	1.0000	0.000000e0	0.000000e0	-	1	1	0.000000e0	0.000000e0	0.000000e0	0.000000e0	0.000000e0	-	-	-	-	-
350	zeros156-371	0.0000	0.000000e0	0.000000e0	0.000000e0	1.0000	0.000000e0	0.000000e0	-	1	1	0.000000e0	0.000000e0	0.000000e0	0.000000e0	0.000000e0	-	-	-	-	-
351	zeros156-371	0.0000	0.000000e0	0.000000e0	0.000000e0	1.0000	0.000000e0	0.000000e0	-	1	1	0.000000e0	0.000000e0	0.000000e0	0.000000e0	0.000000e0	-	-	-	-	-
352	zeros156-371	0.0000	0.000000e0	0.000000e0	0.000000e0	1.0000	0.000000e0	0.000000e0	-	1	1	0.000000e0	0.000000e0	0.000000e0	0.000000e0	0.000000e0	-	-	-	-	-
353	zeros156-371	0.0000	0.000000e0	0.000000e0	0.000000e0	1.0000	0.000000e0	0.000000e0	-	1	1	0.000000e0	0.000000e0	0.000000e0	0.000000e0	0.000000e0	-	-	-	-	-
354	zeros156-371	0.0000	0.000000e0	0.000000e0	0.000000e0	1.0000	0.000000e0	0.000000e0	-	1	1	0.000000e0	0.000000e0	0.000000e0	0.000000e0	0.000000e0	-	-	-	-	-
355	zeros156-371	0.0000	0.000000e0	0.000000e0	0.000000e0	1.0000	0.000000e0	0.000000e0	-	1	1	0.000000e0	0.000000e0	0.000000e0	0.000000e0	0.000000e0	-	-	-	-	-
356	zeros156-371	0.0000	0.000000e0	0.000000e0	0.000000e0	1.0000	0.000000e0	0.000000e0	-	1	1	0.000000e0	0.000000e0	0.000000e0	0.000000e0	0.000000e0	-	-	-	-	-
357	zeros156-371	0.0000	0.000000e0	0.000000e0	0.000000e0	1.0000	0.000000e0	0.000000e0	-	1	1	0.000000e0	0.000000e0	0.000000e0	0.000000e0	0.000000e0	-	-	-	-	-
358	zeros156-371	0.0000	0.000000e0	0.000000e0	0.000000e0	1.0000	0.000000e0	0.000000e0	-	1	1	0.000000e0	0.000000e0	0.000000e0	0.000000e0	0.000000e0	-	-	-	-	-
359	zeros156-371	0.0000	0.000000e0	0.000000e0	0.000000e0	1.0000	0.000000e0	0.000000e0	-	1	1	0.000000e0	0.000000e0	0.000000e0	0.000000e0	0.000000e0	-	-	-	-	-
360	zeros156-371	0.0000	0.000000e0	0.000000e0	0.000000e0	1.0000	0.000000e0	0.000000e0	-	1	1	0.000000e0	0.000000e0	0.000000e0	0.000000e0	0.000000e0	-	-	-	-	-
361	zeros156-371	0.0000	0.000000e0	0.000000e0	0.000000e0	1.0000	0.000000e0	0.000000e0	-	1	1	0.000000e0	0.000000e0	0.000000e0	0.000000e0	0.000000e0	-	-	-	-	-
362	zeros156-371	0.0000	0.000000e0	0.000000e0	0.000000e0	1.0000	0.000000e0	0.000000e0	-	1	1	0.000000e0	0.000000e0	0.000000e0	0.000000e0	0.000000e0	-	-	-	-	-
363	zeros156-371	0.0000	0.000000e0	0.000000e0	0.000000e0	1.0000	0.000000e0	0.000000e0	-	1	1	0.000000e0	0.000000e0	0.000000e0	0.000000e0	0.000000e0	-	-	-	-	-
364	zeros156-371	0.0000	0.000000e0	0.000000e0	0.000000e0	1.0000	0.000000e0	0.000000e0	-	1	1	0.000000e0	0.000000e0	0.000000e0	0.000000e0	0.000000e0	-	-	-	-	-
365	zeros156-371	0.0000	0.000000e0	0.000000e0	0.000000e0	1.0000	0.000000e0	0.000000e0	-	1	1	0.000000e0	0.000000e0	0.000000e0	0.000000e0	0.000000e0	-	-	-	-	-
366	zeros156-371	0.0000	0.000000e0	0.000000e0	0.000000e0	1.0000	0.000000e0	0.000000e0	-	1	1	0.000000e0	0.000000e0	0.000000e0	0.000000e0	0.000000e0	-	-	-	-	-
367	zeros156-371	0.0000	0.000000e0	0.000000e0	0.000000e0	1.0000	0.000000e0	0.000000e0	-	1	1	0.000000e0	0.000000e0	0.000000e0	0.000000e0	0.000000e0	-	-	-	-	-
368	zeros156-371	0.0000	0.000000e0	0.000000e0	0.000000e0	1.0000	0.000000e0	0.000000e0	-	1	1	0.000000e0	0.000000e0	0.000000e0	0.000000e0	0.000000e0	-	-	-	-	-
369	zeros156-371	0.0000	0.000000e0	0.000000e0	0.000000e0	1.0000	0.000000e0	0.000000e0	-	1	1	0.000000e0	0.000000e0	0.000000e0	0.000000e0	0.000000e0	-	-	-	-	-
370	zeros156-371	0.0000	0.000000e0	0.000000e0	0.000000e0	1.0000	0.000000e0	0.000000e0	-	1	1	0.000000e0	0.000000e0	0.000000e0	0.000000e0	0.000000e0	-	-	-	-	-
371	zeros156-371	0.0000	0.000000e0	0.000000e0	0.000000e0	1.0000	0.000000e0	0.000000e0	-	1	1	0.000000e0	0.000000e0	0.000000e0	0.000000e0	0.000000e0	-	-	-	-	-
372	v2-348	1.0000	3.285586e-2	1.698208e-1	6.872263e-2	0.5159	1.525450e0	2.923665e-1	-	0	0	9.357988e-3	4.283001e-2	4.480762e-2	5.399265e-2	2.479145e-2	-	-	-	-	-
373	v2-348	1.0000	3.382548e-2	1.030581e-1	5.443762e-2	0.5420	1.233362e0	1.798420e-1	-	0	0	4.303954e-2	2.170367e-2	3.360680e-2	3.126873e-2	5.936939e-2	-	-	-	-	-
374	v2-348	1.0000	4.123249e-2	1.903338e-1	8.150913e-2	0.6384	1.923147e0	4.054627e-1	-	0	0	2.253916e-2	3.965815e-2	4.769341e-2	4.554361e-2	6.733020e-2	-	-	-	-	-
375	v2-348	1.0000	7.088670e-2	2.792423e-1	9.977027e-2	0.7364	2.836837e0	6.711527e-1	-	0	0	8.733374e-2	5.662701e-2	9.338354e-2	6.548893e-2	8.839453e-2	-	-	-	-	-
376	v2-348	1.0000	1.185100e-1	4.826633e-1	2.129558e-1	0.6330	1.698574e0	4.641248e-1	-	0	0	1.163195e-1	9.497424e-2	1.497085e-1	1.367129e-1	1.803003e-1	-	-	-	-	-
377	v2-348	1.0000	1.841251e-2	4.527058e-2	2.540482e-2	0.7394	4.448278e-1	1.034061e-1	-	0	0	3.096520e-2	1.115739e-2	1.458111e-2	1.594468e-2	2.583989e-2	-	-	-	-	-
378	v2-348	1.0000	9.472570e-2	2.847033e-1	1.358713e-1	0.6619	2.945789e0	6.857107e-1	-	0	0	1.283141e-1	6.797827e-2	9.066152e-2	4.662506e-2	1.448892e-1	-	-	-	-	-
379	v2-348	1.0000	1.142758e-1	4.765568e-1	2.196402e-1	0.5879	1.827507e0	3.758351e-1	-	0	0	1.565404e-1	6.650820e-2	1.129724e-1	7.717530e-2	2.137005e-1	-	-	-	-	-
380	v2-348	1.0000	6.526054e-2	2.079713e-1	9.853796e-2	0.6137	1.968093e0	3.496743e-1	-	0	0	6.111835e-2	5.390414e-2	8.317495e-2	8.809819e-2	9.502041e-2	-	-	-	-	-
381	v2-348	1.0000	6.537872e-2	2.059156e-1	1.068515e-1	0.5314	2.615661e0	5.016367e-1	-	0	0	5.687859e-2	5.603672e-2	7.297817e-2	6.610999e-2	1.024582e-1	-	-	-	-	-
382	v2-348	1.0000	7.950635e-2	2.742777e-1	1.687280e-1	0.5408	3.278376e0	7.221081e-1	-	0	0	2.640934e-2	1.002446e-1	1.166726e-1	6.805181e-2	7.790682e-2	-	-	-	-	-
383	v2-348	1.0000	1.513386e-1	5.752525e-1	3.289533e-1	0.5159	2.552264e0	6.212244e-1	-	0	0	1.289877e-1	1.368601e-1	1.474393e-1	1.030674e-1	2.361696e-1	-0.000569	-0.105182	0.005651	0.004806	0.003132
384	v2-348	1.0000	5.066506e-2	1.777802e-1	1.164408e-1	0.5687	2.410778e0	3.372681e-1	-	0	0	1.391480e-2	6.274124e-2	8.103592e-2	1.345522e-1	3.385226e-2	-	-	-	-	-
385	v2-348	1.0000	6.714877e-2	2.186670e-1	8.521408e-2	0.7887	2.691508e0	5.383958e-1	-	0	0	9.470839e-2	4.798446e-2	8.448667e-2	5.653158e-2	8.779776e-2	-	-	-	-	-
386	v2-348	1.0000	7.964107e-2	2.773341e-1	1.654352e-1	0.6220	1.986950e0	2.410411e-1	-	0	0	3.778772e-2	7.450750e-2	1.838186e-1	2.211111e-1	8.897348e-2	-	-	-	-	-
387	v2-348	1.0000	1.939966e-2	8.431673e-2	3.721503e-2	0.7098	5.002705e-1	1.933046e-1	-	0	0	2.668418e-2	1.432191e-2	1.473959e-2	8.498673e-3	2.917663e-2	-	-	-	-	-
388	v2-348	1.0000	1.268391e-1	4.258124e-1	1.844035e-1	0.6390	2.442607e0	4.188188e-1	-	0	0	1.299253e-1	1.072477e-1	1.432316e-1	1.612895e-1	1.699522e-1	-0.001027	-0.067113	0.013862	0.011029	0.002977
389	v2-348	1.0000	7.947971e-2	2.534827e-1	1.125077e-1	0.7025	2.641006e0	4.329076e-1	-	0	0	9.666269e-2	6.708206e-2	1.031953e-1	9.229791e-2	8.583928e-2	-	-	-	-	-
390	v2-348	1.0000	1.062316e-1	5.035313e-1	1.931477e-1	0.5550	2.382400e0	4.779290e-1	-	0	0	5.278818e-2	1.035734e-1	1.875940e-1	2.097781e-1	1.377010e-1	-	-	-	-	-
391	v2-348	1.0000	7.139210e-2	2.057607e-1	8.969464e-2	0.8090	1.007447e0	2.236425e-1	-	0	0	9.804938e-2	5.328696e-2	6.021059e-2	6.975513e-2	9.528797e-2	-	-	-	-	-
392	v2-348	1.0000	3.221706e-2	1.124232e-1	5.808895e-2	0.6808	9.975366e-1	3.139242e-1	-	0	0	3.986180e-2	2.409966e-2	2.761853e-2	3.075560e-2	4.852417e-2	-	-	-	-	-
393	v2-348	1.0000	1.681420e-1	6.591277e-1	3.082965e-1	0.5418	3.416667e0	5.028084e-1	-	0	0	2.058033e-1	1.016230e-1	2.315251e-1	1.677296e-1	3.049744e-1	-0.008996	0.034826	-0.028965	-0.024603	0.000700
394	v2-348	1.0000	9.656290e-2	4.480329e-1	2.474064e-1	0.5501	3.115440e0	1.325369e0	-	0	0	4.922280e-2	9.258123e-2	1.051824e-1	7.060141e-2	1.732408e-1	-	-	-	-	-
395	v2-348	1.0000	3.589009e-2	1.264014e-1	6.513151e-2	0.6727	1.072859e0	3.452405e-1	-	0	0	4.432444e-2	2.699950e-2	3.021596e-2	3.477680e-2	5.372312e-2	-	-	-	-	-
396	v2-348	1.0000	2.763567e-2	9.214973e-2	4.887359e-2	0.6519	8.860521e-1	2.642147e-1	-	0	0	3.412734e-2	2.066810e-2	2.465092e-2	3.104916e-2	4.038553e-2	-	-	-	-	-
397	v2-348	1.0000	1.026727e-1	4.365664e-1	2.098239e-1	0.6531	3.282480e0	8.525914e-1	-	0	0	3.823554e-2	1.284918e-1	1.697747e-1	1.346335e-1	8.236687e-2	-	-	-	-	-
398	v2-348	1.0000	9.766600e-2	3.393185e-1	1.602619e-1	0.6010	2.619354e0	3.916976e-1	-	0	0	7.554535e-2	9.314327e-2	1.270204e-1	1.252397e-1	1.257431e-1	-	-	-	-	-
399	v2-348	1.0000	1.258160e-1	5.124624e-1	2.483646e-1	0.6089	4.730571e0	8.520123e-1	-	0	0	7.502948e-2	1.290853e-1	2.511699e-1	2.801663e-1	1.126738e-1	-0.001933	-0.024521	0.011911	-0.007317	-0.000218
400	v2-348	1.0000	4.186380e-2	1.065722e-1	7.032201e-2	0.7379	1.284257e0	3.195334e-1	-	0	0	5.970374e-2	3.030924e-2	2.922451e-2	3.097315e-2	5.977235e-2	-	-	-	-	-
401	v2-348	1.0000	1.928752e-1	8.798406e-1	3.767040e-1	0.6051	3.526203e0	5.736963e-1	-	0	0	8.788615e-2	2.139590e-1	3.279904e-1	5.331991e-1	1.494934e-1	-0.001066	-0.161468	0.025703	0.037387	0.001145
402	v2-348	1.0000	1.011150e-1	2.757748e-1	1.249891e-1	0.7672	2.835133e0	3.230885e-1	-	0	0	1.344265e-1	7.960609e-2	1.085911e-1	1.488381e-1	1.104372e-1	-	-	-	-	-
403	v2-348	1.0000	2.031406e-1	5.791750e-1	2.696207e-1	0.5347	3.943758e0	8.731991e-1	-	0	0	3.827704e-1	1.158505e-1	1.640800e-1	1.428128e-1	2.610888e-1	-0.001112	0.054684	-0.011264	-0.015985	-0.002270
404	v2-348	1.0000	1.566954e-1	5.746863e-1	3.385921e-1	0.6979	5.630409e0	1.060285e0	-	0	0	7.735220e-2	1.803818e-1	2.429842e-1	3.213483e-1	1.260928e-1	-0.000763	-0.062167	0.020618	0.011308	-0.000435
405	v2-348	1.0000	6.185279e-2	2.113384e-1	1.086515e-1	0.6100	2.684494e0	3.247718e-1	-	0	0	5.065320e-2	5.444283e-2	9.200599e-2	1.230683e-1	7.660293e-2	-	-	-	-	-
406	v2-348	1.0000	4.790435e-2	2.250642e-1	9.377136e-2	0.6423	1.567717e0	5.538735e-1	-	0	0	4.281613e-2	4.314454e-2	6.535891e-2	4.937021e-2	6.399474e-2	-	-	-	-	-
407	v2-348	1.0000	1.080811e-1	2.917796e-1	1.943814e-1	0.5643	2.677814e0	2.675086e-1	-	0	0	8.249006e-2	1.042703e-1	1.440883e-1	1.831013e-1	1.256748e-1	-	-	-	-	-
408	v2-348	1.0000	1.333630e-1	5.277553e-1	1.929864e-1	0.6980	2.717091e0	3.879556e-1	-	0	0	1.915360e-1	8.268474e-2	1.206152e-1	9.170916e-2	2.252025e-1	0.001569	-0.036917	0.000502	-0.004794	0.001421
409	v2-348	1.0000	1.100444e-1	5.367955e-1	2.129449e-1	0.6382	2.578960e0	6.656057e-1	-	0	0	3.853434e-2	1.172754e-1	1.960256e-1	1.728821e-1	1.430479e-1	-	-	-	-	-
410	v2-348	1.0000	1.847011e-1	4.794874e-1	2.070890e-1	0.7559	4.302870e0	5.583962e-1	-	0	0	3.038604e-1	1.219195e-1	1.993945e-1	2.656663e-1	1.991941e-1	-0.001915	-0.038910	0.010723	0.009621	-0.000091
411	v2-348	1.0000	1.624467e-1	7.125556e-1	2.974410e-1	0.5152	7.103461e0	1.221145e0	-	0	0	5.369564e-2	1.880216e-1	2.675307e-1	3.452293e-1	1.547935e-1	0.000715	0.032167	-0.042768	-0.026068	-0.000394
412	v2-348	1.0000	1.453604e-1	5.338550e-1	3.389458e-1	0.6816	4.231316e0	1.086349e0	-	0	0	7.613201e-2	1.552618e-1	1.732574e-1	1.353920e-1	1.993648e-1	0.002103	-0.077804	-0.014188	-0.007854	-0.002247
413	v2-348	1.0000	6.986303e-2	1.883497e-1	9.719871e-2	0.6679	2.221221e0	3.650806e-1	-	0	0	1.222567e-1	3.946810e-2	7.750405e-2	7.908541e-2	9.053142e-2	-	-	-	-	-
414	v2-348	1.0000	1.273310e-1	5.067477e-1	2.934174e-1	0.6978	6.075467e0	8.037935e-1	-	0	0	4.884523e-2	1.595161e-1	2.281186e-1	2.571686e-1	7.423743e-2	-0.000182	-0.064656	0.023233	0.009683	0.000138
415	v2-348	1.0000	1.738021e-1	5.381792e-1	3.364182e-1	0.6669	4.091868e0	4.146963e-1	-	0	0	1.236054e-1	1.517997e-1	3.139532e-1	4.704029e-1	1.994740e-1	0.001621	0.028713	-0.030363	-0.063510	-0.000401
416	v2-348	1.0000	2.527182e-2	1.433716e-1	5.228022e-2	0.6529	1.228873e0	3.780671e-1	-	0	0	2.022247e-2	2.295085e-2	3.033171e-2	1.634400e-2	3.955804e-2	-	-	-	-	-
417	v2-348	1.0000	1.208606e-1	5.361722e-1	2.478575e-1	0.5279	3.099693e0	5.677024e-1	-	0	0	3.643947e-2	1.502914e-1	1.965262e-1	2.825863e-1	8.281070e-2	0.000035	-0.113019	0.013093	0.023606	-0.000539
418	v2-348	1.0000	1.700835e-1	5.590433e-1	2.760839e-1	0.6135	5.105513e0	1.047919e0	-	0	0	2.014540e-1	1.334616e-1	1.769845e-1	1.487476e-1	2.439313e-1	-0.002696	0.051405	-0.012360	-0.006173	-0.002396
419	v2-348	1.0000	1.694885e-1	5.885220e-1	2.550317e-1	0.7090	4.695174e0	6.278502e-1	-	0	0	2.370800e-1	1.153428e-1	2.069870e-1	1.632353e-1	2.384654e-1	-0.002499	0.064447	-0.020149	-0.001532	0.001393
420	v2-348	1.0000	6.831061e-2	3.667360e-1	1.699461e-1	0.5053	2.755947e0	9.718611e-1	-	0	0	2.769301e-2	7.584582e-2	1.093583e-1	7.594991e-2	8.522815e-2	-	-	-	-	-
421	v2-348	1.0000	6.007391e-2	2.536380e-1	1.166409e-1	0.6640	2.491451e0	6.580930e-1	-	0	0	3.621437e-2	5.907261e-2	8.112104e-2	9.075211e-2	8.114457e-2	-	-	-	-	-
422	v2-348	1.0000	9.986076e-2	3.989153e-1	1.957438e-1	0.5567	2.104448e0	5.296764e-1	-	0	0	8.476451e-2	7.773120e-2	1.032839e-1	5.917449e-2	1.948892e-1	-	-	-	-	-
423	v2-348	1.0000	9.227549e-2	2.779231e-1	1.221751e-1	0.7329	2.848172e0	2.778870e-1	-	0	0	9.783475e-2	8.274707e-2	1.192599e-1	1.200607e-1	1.005345e-1	-	-	-	-	-
424	v2-348	1.0000	6.054954e-2	2.055402e-1	9.877006e-2	0.6703	2.540904e0	5.731942e-1	-	0	0	6.365666e-2	4.798416e-2	6.682690e-2	7.530641e-2	8.956119e-2	-	-	-	-	-
425	v2-348	1.0000	7.002295e-2	3.156960e-1	1.361432e-1	0.5059	2.566891e0	6.448686e-1	-	0	0	2.920211e-2	7.903467e-2	1.052129e-1	1.252812e-1	7.314645e-2	-	-	-	-	-
426	v2-348	1.0000	1.891605e-1	6.819918e-1	3.167127e-1	0.5712	6.673490e0	6.765554e-1	-	0	0	8.187121e-2	2.174434e-1	2.740538e-1	4.496704e-1	1.585403e-1	0.001749	-0.092333	-0.017973	-0.014901	-0.000223
427	v2-348	1.0000	1.450685e-1	4.664762e-1	2.132428e-1	0.5892	4.954972e0	5.414181e-1	-	0	0	9.941290e-2	1.691021e-1	1.779438e-1	1.953243e-1	1.106562e-1	-0.000833	0.047521	-0.019602	-0.026965	-0.002609
428	v2-348	1.0000	1.538329e-1	5.384989e-1	3.680886e-1	0.6130	5.883736e0	6.347576e-1	-	0	0	7.524755e-2	1.826108e-1	2.537986e-1	2.788509e-1	1.125261e-1	-0.001332	-0.065711	0.013667	0.003153	0.000418
429	v2-348	1.0000	3.941458e-2	1.291642e-1	8.567441e-2	0.5334	2.308255e0	4.518865e-1	-	0	0	4.140245e-2	3.103847e-2	5.260976e-2	4.233809e-2	5.813746e-2	-	-	-	-	-
430	v2-348	1.0000	4.543845e-2	1.498786e-1	6.459264e-2	0.7397	1.554975e0	2.740725e-1	-	0	0	5.352942e-2	3.593554e-2	4.606747e-2	4.891542e-2	6.286433e-2	-	-	-	-	-
431	v2-348	1.0000	8.529964e-2	2.915176e-1	1.579472e-1	0.6251	1.593863e0	5.582058e-1	-	0	0	7.607711e-2	8.615829e-2	7.280567e-2	5.166407e-2	1.056202e-1	-	-	-	-	-
432	v2-348	1.0000	2.937283e-2	1.213456e-1	5.108500e-2	0.5592	1.280676e0	1.803476e-1	-	0	0	2.204442e-2	3.035786e-2	3.300083e-2	2.802704e-2	3.517374e-2	-	-	-	-	-
433	v2-348	1.0000	3.638560e-2	1.942787e-1	7.358700e-2	0.5499	2.517577e0	6.050725e-1	-	0	0	1.232343e-2	4.713506e-2	5.742616e-2	3.332124e-2	2.998303e-2	-	-	-	-	-
434	v2-348	1.0000	1.096913e-1	5.061245e-1	2.650392e-1	0.6271	1.817029e0	6.289172e-1	-	0	0	1.062640e-1	7.536659e-2	9.380856e-2	5.739620e-2	2.343891e-1	-	-	-	-	-
435	v2-348	1.0000	2.825367e-2	7.123756e-2	3.439996e-2	0.8407	5.641118e-1	7.988979e-2	-	0	0	5.048776e-2	1.647706e-2	2.552153e-2	3.933069e-2	3.350395e-2	-	-	-	-	-
436	v2-348	1.0000	4.658792e-2	1.793852e-1	7.613223e-2	0.6785	1.909680e0	4.791729e-1	-	0	0	4.945253e-2	4.117629e-2	5.763130e-2	3.418816e-2	5.933287e-2	-	-	-	-	-
437	v2-348	1.0000	9.760194e-2	3.225069e-1	1.502105e-1	0.6065	1.598930e0	1.791846e-1	-	0	0	1.361683e-1	6.501365e-2	9.354046e-2	8.785332e-2	1.501277e-1	-	-	-	-	-
438	v2-348	1.0000	8.933455e-2	3.300972e-1	1.639852e-1	0.5381	1.756807e0	3.267891e-1	-	0	0	1.112929e-1	6.929069e-2	7.759804e-2	4.782673e-2	1.345761e-1	-	-	-	-	-
439	v2-348	1.0000	6.348152e-2	1.704597e-1	8.465338e-2	0.7225	2.483284e0	2.683578e-1	-	0	0	7.368874e-2	5.741079e-2	6.438976e-2	1.029963e-1	5.931878e-2	-	-	-	-	-
440	v2-348	1.0000	1.010647e-1	3.770498e-1	2.073566e-1	0.5701	3.149615e0	8.227082e-1	-	0	0	3.269740e-2	1.315620e-1	1.501471e-1	1.258954e-1	7.796439e-2	-	-	-	-	-
441	v2-348	1.0000	7.999667e-2	3.441093e-1	1.388226e-1	0.5268	2.314443e0	3.295079e-1	-	0	0	4.513748e-2	7.449083e-2	1.086526e-1	9.861129e-2	1.296811e-1	-	-	-	-	-
442	v2-348	1.0000	5.704991e-2	1.802289e-1	8.346883e-2	0.7487	2.285067e0	3.167261e-1	-	0	0	6.051670e-2	4.727579e-2	6.417087e-2	9.753074e-2	7.092848e-2	-	-	-	-	-
443	v2-348	1.0000	4.567052e-2	1.803309e-1	7.008468e-2	0.7720	2.538116e0	4.528233e-1	-	0	0	4.107400e-2	4.699576e-2	6.716929e-2	4.803397e-2	4.143687e-2	-	-	-	-	-
444	v2-348	1.0000	1.088611e-1	4.336865e-1	2.177357e-1	0.5991	1.571754e0	3.981631e-1	-	0	0	9.484983e-2	7.375945e-2	1.313140e-1	1.279835e-1	2.229246e-1	-	-	-	-	-
445	v2-348	1.0000	2.046062e-2	4.604340e-2	3.275169e-2	0.7483	5.271569e-1	1.284221e-1	-	0	0	3.105776e-2	1.463653e-2	1.910100e-2	2.592790e-2	2.357386e-2	-	-	-	-	-
446	v2-348	1.0000	2.824952e-2	1.025688e-1	5.819176e-2	0.5960	1.299069e0	1.807219e-1	-	0	0	1.466039e-2	3.268133e-2	4.766017e-2	4.606015e-2	2.309339e-2	-	-	-	-	-
447	v2-348	1.0000	3.228820e-2	1.393404e-1	5.905343e-2	0.5384	2.584490e0	3.863235e-1	-	0	0	1.726172e-2	3.850784e-2	4.756299e-2	4.411754e-2	2.602750e-2	-	-	-	-	-
448	v2-348	1.0000	1.416936e-1	6.729941e-1	2.790456e-1	0.5756	2.822856e0	6.887076e-1	-	0	0	1.008890e-1	1.235429e-1	2.089102e-1	1.986316e-1	2.183976e-1	-0.000497	0.021126	0.005751	0.027948	-0.008029
449	v2-348	1.0000	4.331487e-2	1.248140e-1	5.218466e-2	0.8560	6.688090e-1	1.660999e-1	-	0	0	6.336317e-2	2.837655e-2	4.067377e-2	4.797354e-2	6.242356e-2	-	-	-	-	-
450	v2-348	1.0000	4.635841e-2	1.425631e-1	7.034766e-2	0.6646	1.194903e0	3.339194e-1	-	0	0	7.345367e-2	3.002408e-2	3.639659e-2	3.535933e-2	6.619306e-2	-	-	-	-	-
451	v2-348	1.0000	1.677280e-1	6.439638e-1	3.269444e-1	0.5167	2.816160e0	5.516458e-1	-	0	0	1.717387e-1	1.093109e-1	2.045743e-1	1.288933e-1	3.390636e-1	-0.013676	0.044385	-0.023880	-0.020399	0.000891
452	v2-348	1.0000	8.917843e-2	4.133383e-1	2.015384e-1	0.5431	2.957250e0	1.008235e0	-	0	0	5.225670e-2	7.880983e-2	1.160900e-1	1.004135e-1	1.584162e-1	-	-	-	-	-
453	v2-348	1.0000	4.795469e-2	1.495168e-1	7.486637e-2	0.6492	1.252942e0	3.605769e-1	-	0	0	7.293749e-2	3.239710e-2	3.837257e-2	3.612002e-2	6.824543e-2	-	-	-	-	-
454	v2-348	1.0000	4.200805e-2	1.199994e-1	6.072156e-2	0.6519	1.105361e0	2.806522e-1	-	0	0	7.191622e-2	2.444850e-2	3.230996e-2	3.342044e-2	6.131171e-2	-	-	-	-	-
455	v2-348	1.0000	8.947139e-2	4.005947e-1	1.621664e-1	0.5412	3.310857e0	5.183891e-1	-	0	0	3.186641e-2	1.135352e-1	1.582642e-1	1.452125e-1	5.972799e-2	-	-	-	-	-
456	v2-348	1.0000	8.314840e-2	3.289684e-1	1.409163e-1	0.6005	2.222752e0	4.161204e-1	-	0	0	6.072940e-2	8.140497e-2	1.078261e-1	1.001966e-1	1.068537e-1	-	-	-	-	-
457	v2-348	1.0000	1.606376e-1	7.842007e-1	2.980035e-1	0.6038	6.126416e0	1.449596e0	-	0	0	9.671949e-2	1.628646e-1	3.072962e-1	3.287824e-1	1.587816e-1	-0.001591	-0.005179	0.008936	-0.008806	-0.000768
458	v2-348	1.0000	4.760576e-2	1.945963e-1	1.009204e-1	0.6928	1.444009e0	5.535367e-1	-	0	0	6.135832e-2	3.179431e-2	3.453761e-2	2.915809e-2	8.553296e-2	-	-	-	-	-
459	v2-348	1.0000	3.427726e-2	1.403341e-1	5.730112e-2	0.6101	1.280435e0	3.011959e-1	-	0	0	3.362490e-2	3.003055e-2	4.633609e-2	3.462741e-2	4.477460e-2	-	-	-	-	-
460	v2-348	1.0000	3.151414e-2	1.003485e-1	4.793294e-2	0.6458	9.641057e-1	9.116367e-2	-	0	0	3.215693e-2	3.201047e-2	3.058510e-2	3.274132e-2	2.913964e-2	-	-	-	-	-
461	v2-348	1.0000	6.654199e-2	1.969948e-1	8.378639e-2	0.6923	1.836375e0	2.211221e-1	-	0	0	7.735642e-2	5.197557e-2	6.593162e-2	7.016649e-2	9.609751e-2	-	-	-	-	-
462	v2-348	1.0000	3.970434e-2	1.316714e-1	6.859452e-2	0.6627	1.411762e0	4.538330e-1	-	0	0	5.143629e-2	2.874095e-2	4.915105e-2	5.541960e-2	5.174140e-2	-	-	-	-	-
463	v2-348	1.0000	6.549992e-2	3.199325e-1	1.401913e-1	0.6196	1.735998e0	4.723857e-1	-	0	0	5.242825e-2	5.263184e-2	9.134258e-2	6.931674e-2	1.136866e-1	-	-	-	-	-
464	v2-348	1.0000	1.638079e-2	4.104090e-2	2.405339e-2	0.7206	3.858978e-1	9.687121e-2	-	0	0	3.134734e-2	9.090761e-3	1.129282e-2	1.075658e-2	2.187524e-2	-	-	-	-	-
465	v2-348	1.0000	4.199983e-2	2.153281e-1	8.853304e-2	0.6343	1.221412e0	3.792049e-1	-	0	0	1.902411e-2	4.703027e-2	7.106086e-2	5.943925e-2	4.467084e-2	-	-	-	-	-
466	v2-348	1.0000	1.209171e-1	3.862892e-1	1.849397e-1	0.5472	1.639603e0	2.423590e-1	-	0	0	1.300972e-1	8.773302e-2	1.542134e-1	1.793589e-1	1.874123e-1	-0.001100	-0.036752	0.006439	0.018961	0.005901
467	v2-348	1.0000	5.223248e-2	1.644175e-1	7.571466e-2	0.5216	1.536598e0	1.150648e-1	-	0	0	6.251338e-2	4.127432e-2	7.452108e-2	8.183157e-2	5.955330e-2	-	-	-	-	-
468	v2-348	1.0000	4.161967e-2	1.061172e-1	5.628942e-2	0.7306	1.665376e0	3.865676e-1	-	0	0	5.515197e-2	3.155709e-2	3.954896e-2	4.068957e-2	5.547985e-2	-	-	-	-	-
469	v2-348	1.0000	6.760879e-2	2.292068e-1	1.098378e-1	0.6220	1.504281e0	2.415379e-1	-	0	0	7.451291e-2	6.075808e-2	7.176405e-2	4.377177e-2	8.397666e-2	-	-	-	-	-
470	v2-348	1.0000	3.583301e-2	1.331430e-1	5.817483e-2	0.5801	1.298320e0	1.281464e-1	-	0	0	2.536822e-2	3.445968e-2	3.826462e-2	4.636579e-2	5.034798e-2	-	-	-	-	-
471	v2-348	1.0000	3.621779e-2	9.051609e-2	5.795965e-2	0.6500	1.410644e0	2.108773e-1	-	0	0	3.877009e-2	2.995926e-2	5.330107e-2	4.488201e-2	4.545468e-2	-	-	-	-	-
472	v2-348	1.0000	4.707237e-2	1.305664e-1	8.925384e-2	0.6425	1.680489e0	4.090568e-1	-	0	0	5.131732e-2	3.766094e-2	7.743355e-2	1.046660e-1	4.884176e-2	-	-	-	-	-
473	v2-348	1.0000	3.563187e-2	1.948595e-1	7.565626e-2	0.6068	1.281735e0	2.775730e-1	-	0	0	2.102370e-2	3.356071e-2	5.190995e-2	4.332590e-2	5.465589e-2	-	-	-	-	-
474	v2-348	1.0000	2.045425e-2	6.317222e-2	3.423793e-2	0.7234	4.594227e-1	1.682759e-1	-	0	0	3.643346e-2	1.174957e-2	1.413000e-2	1.091219e-2	3.016764e-2	-	-	-	-	-
475	v2-348	1.0000	3.086625e-2	1.518369e-1	7.869589e-2	0.5135	1.231527e0	4.327443e-1	-	0	0	1.025061e-2	3.684975e-2	3.790198e-2	2.927096e-2	3.776311e-2	-	-	-	-	-
476	v2-348	1.0000	2.798507e-2	1.632138e-1	5.760807e-2	0.5865	1.064992e0	3.110348e-1	-	0	0	1.140578e-2	3.491906e-2	3.857704e-2	2.298893e-2	2.668973e-2	-	-	-	-	-
477	v2-348	1.0000	7.969731e-2	3.810911e-1	1.546837e-1	0.6025	2.075266e0	4.905768e-1	-	0	0	5.932037e-2	6.755998e-2	1.447423e-1	1.384848e-1	1.120802e-1	-	-	-	-	-
478	v2-348	1.0000	2.587921e-2	6.870252e-2	3.042133e-2	0.8503	5.645420e-1	6.480565e-2	-	0	0	3.890443e-2	1.954516e-2	1.741953e-2	1.680554e-2	3.264835e-2	-	-	-	-	-
479	v2-348	1.0000	2.170208e-2	1.188235e-1	6.415318e-2	0.6852	7.460455e-1	3.323115e-1	-	0	0	1.384089e-2	2.215297e-2	2.226487e-2	8.675298e-3	3.332253e-2	-	-	-	-	-
480	v2-348	1.0000	6.323770e-2	2.730746e-1	1.125711e-1	0.5919	8.375564e-1	1.183324e-1	-	0	0	1.216457e-1	2.306457e-2	4.755195e-2	2.606447e-2	1.226654e-1	-	-	-	-	-
481	v2-348	1.0000	1.554149e-1	5.978509e-1	2.665639e-1	0.6467	3.317937e0	9.943262e-1	-	0	0	1.449599e-1	1.209785e-1	1.885893e-1	1.382469e-1	2.685765e-1	-0.000896	-0.037294	-0.015343	-0.009236	0.003215
482	v2-348	1.0000	2.183866e-2	1.390452e-1	7.478703e-2	0.6247	8.106808e-1	3.773345e-1	-	0	0	8.248020e-3	2.460848e-2	2.349828e-2	9.631060e-3	3.331656e-2	-	-	-	-	-
483	v2-348	1.0000	1.639632e-2	7.007599e-2	3.936064e-2	0.6996	5.455028e-1	2.034654e-1	-	0	0	1.481802e-2	1.473945e-2	1.565144e-2	7.957969e-3	2.560292e-2	-	-	-	-	-
484	v2-348	1.0000	9.556054e-2	3.271748e-1	1.838007e-1	0.5537	2.955224e0	5.928877e-1	-	0	0	7.734075e-2	9.246837e-2	1.380017e-1	9.499179e-2	1.174626e-1	-	-	-	-	-
485	v2-348	1.0000	5.051641e-2	1.930541e-1	7.880913e-2	0.6075	1.437724e0	2.428484e-1	-	0	0	4.454754e-2	4.343463e-2	6.419488e-2	6.795757e-2	7.202721e-2	-	-	-	-	-
486	v2-348	1.0000	7.595466e-2	4.745116e-1	1.733226e-1	0.6675	2.253828e0	8.726580e-1	-	0	0	2.049790e-2	9.503733e-2	1.203504e-1	8.935620e-2	7.473442e-2	-	-	-	-	-
487	v2-348	1.0000	2.900605e-2	7.024288e-2	5.302425e-2	0.7870	6.115632e-1	7.933906e-2	-	0	0	5.267639e-2	8.680366e-3	1.773906e-2	1.684863e-2	6.593973e-2	-	-	-	-	-
488	v2-348	1.0000	4.331649e-2	2.053776e-1	1.052396e-1	0.7568	1.582422e0	4.749330e-1	-	0	0	2.186514e-2	4.352930e-2	9.700392e-2	7.963319e-2	4.784388e-2	-	-	-	-	-
489	v2-348	1.0000	1.058278e-1	2.627931e-1	1.532171e-1	0.6016	2.820323e0	5.027434e-1	-	0	0	1.777302e-1	7.055608e-2	1.230737e-1	1.188797e-1	1.128353e-1	-	-	-	-	-
490	v2-348	1.0000	1.319233e-1	5.177558e-1	1.789022e-1	0.8298	3.457270e0	3.677088e-1	-	0	0	1.179497e-1	1.315922e-1	2.187927e-1	2.660926e-1	9.708804e-2	0.000855	0.080016	-0.027856	-0.027373	-0.000874
491	v2-348	1.0000	5.152885e-2	3.038473e-1	1.392235e-1	0.6501	2.612703e0	8.180376e-1	-	0	0	1.430186e-2	6.229851e-2	7.766097e-2	7.320108e-2	5.488681e-2	-	-	-	-	-
492	v2-348	1.0000	5.034239e-2	2.121440e-1	1.089646e-1	0.6367	1.878307e0	4.000977e-1	-	0	0	1.951622e-2	5.404872e-2	1.012873e-1	9.156762e-2	5.589192e-2	-	-	-	-	-
493	v2-348	1.0000	3.271587e-2	1.150033e-1	4.358740e-2	0.7595	1.026609e0	2.376829e-1	-	0	0	4.589821e-2	2.385111e-2	3.568082e-2	2.949932e-2	4.262461e-2	-	-	-	-	-
494	v2-348	1.0000	5.175302e-2	1.739597e-1	7.376375e-2	0.5934	1.798217e0	2.493170e-1	-	0	0	7.099569e-2	3.159388e-2	4.784887e-2	4.426531e-2	9.087200e-2	-	-	-	-	-
495	v2-348	1.0000	4.087867e-2	1.185417e-1	6.338895e-2	0.5921	1.889197e0	2.589972e-1	-	0	0	3.943176e-2	3.495806e-2	6.711903e-2	3.983736e-2	5.411727e-2	-	-	-	-	-
496	v2-348	1.0000	6.407545e-2	2.657614e-1	1.450217e-1	0.6262	2.171046e0	4.919834e-1	-	0	0	3.811059e-2	5.587213e-2	1.253290e-1	8.028931e-2	1.026223e-1	-	-	-	-	-
497	v2-348	1.0000	6.079629e-2	1.987668e-1	1.021961e-1	0.5871	2.602657e0	2.861464e-1	-	0	0	6.167927e-2	6.493927e-2	6.720320e-2	7.845746e-2	4.133378e-2	-	-	-	-	-
498	v2-348	1.0000	1.714294e-1	6.587752e-1	2.949488e-1	0.5052	4.876031e0	7.275295e-1	-	0	0	1.355754e-1	1.776630e-1	2.381011e-1	2.783775e-1	1.563845e-1	-0.001136	0.112478	-0.041589	-0.022229	0.000884
499	v2-348	1.0000	2.729544e-1	1.008886e0	4.240080e-1	0.5355	4.178417e0	6.360813e-1	-	0	0	4.184144e-1	1.792863e-1	2.811421e-1	1.728083e-1	3.911465e-1	-0.003376	0.097977	-0.029647	-0.010111	-0.001064
500	v2-348	1.0000	3.290581e-2	8.181298e-2	6.341484e-2	0.7289	1.715567e0	3.347792e-1	-	0	0	3.708408e-2	2.673214e-2	5.390888e-2	5.376759e-2	3.593852e-2	-	-	-	-	-
501	v2-348	1.0000	5.473752e-2	2.741819e-1	1.340067e-1	0.5128	3.842240e0	8.214035e-1	-	0	0	1.587011e-2	6.829787e-2	8.962554e-2	8.157275e-2	4.827514e-2	-	-	-	-	-
502	v2-348	1.0000	6.747080e-2	2.523136e-1	1.456002e-1	0.5075	1.793135e0	3.057699e-1	-	0	0	2.998911e-2	6.763502e-2	1.356841e-1	1.764258e-1	7.203692e-2	-	-	-	-	-
503	v2-348	1.0000	2.468943e-2	7.586622e-2	5.104914e-2	0.5947	1.505328e0	2.013726e-1	-	0	0	1.515374e-2	2.597910e-2	3.531987e-2	5.410898e-2	2.341640e-2	-	-	-	-	-
504	v2-348	1.0000	1.121724e-1	5.776753e-1	2.535995e-1	0.6396	3.559469e0	4.837350e-1	-	0	0	3.433968e-2	1.222116e-1	2.421868e-1	3.962587e-1	8.180608e-2	-	-	-	-	-
505	v2-348	1.0000	1.413587e-1	5.460181e-1	2.766692e-1	0.5709	3.882416e0	8.857482e-1	-	0	0	1.116649e-1	1.302377e-1	1.917987e-1	2.632199e-1	1.717101e-1	-0.000277	0.070433	-0.023373	-0.022989	-0.002440
506	v2-348	1.0000	1.132683e-1	4.140191e-1	2.088689e-1	0.7109	3.062472e0	6.035890e-1	-	0	0	1.292049e-1	7.581158e-2	1.956852e-1	1.394317e-1	1.788261e-1	-	-	-	-	-
507	v2-348	1.0000	5.663413e-2	2.198523e-1	9.318948e-2	0.7051	1.490808e0	5.339939e-1	-	0	0	7.256754e-2	4.369134e-2	7.341854e-2	3.461434e-2	7.616664e-2	-	-	-	-	-
508	v2-348	1.0000	2.457694e-2	7.623835e-2	3.852061e-2	0.6100	1.155032e0	2.294825e-1	-	0	0	2.541807e-2	2.273018e-2	2.878146e-2	2.206033e-2	2.858882e-2	-	-	-	-	-
509	v2-348	1.0000	8.726288e-2	3.319039e-1	1.651425e-1	0.5817	1.526155e0	4.030477e-1	-	0	0	9.536801e-2	5.428196e-2	8.492083e-2	5.984212e-2	1.837720e-1	-	-	-	-	-
510	v2-348	1.0000	8.330842e-2	4.005737e-1	1.698219e-1	0.6176	2.711307e0	2.775272e-1	-	0	0	3.745153e-2	8.990010e-2	1.859388e-1	2.546388e-1	5.570004e-2	-	-	-	-	-
511	v2-348	1.0000	3.613943e-2	1.059546e-1	5.088488e-2	0.6187	1.243308e0	2.276806e-1	-	0	0	5.496461e-2	2.657985e-2	3.485422e-2	2.874675e-2	4.298114e-2	-	-	-	-	-
512	v2-348	1.0000	1.379006e-2	4.825544e-2	2.355030e-2	0.6023	9.338403e-1	1.627305e-1	-	0	0	9.533942e-3	1.447098e-2	1.904814e-2	1.181066e-2	1.629196e-2	-	-	-	-	-
513	v2-348	1.0000	1.602474e-1	6.149997e-1	3.068075e-1	0.5105	6.553478e0	7.028855e-1	-	0	0	4.544680e-2	1.892036e-1	2.670706e-1	4.097744e-1	1.341111e-1	0.000121	-0.020222	-0.038738	-0.026886	-0.001102
514	v2-348	1.0000	6.539844e-2	1.996679e-1	1.014393e-1	0.5882	2.286404e0	2.284088e-1	-	0	0	5.250222e-2	7.377617e-2	8.336888e-2	8.711149e-2	4.686139e-2	-	-	-	-	-
515	v2-348	1.0000	8.943342e-2	2.941675e-1	1.754185e-1	0.6191	4.788351e0	6.330741e-1	-	0	0	6.167027e-2	9.036565e-2	1.273755e-1	1.151108e-1	1.064472e-1	-	-	-	-	-
516	v2-348	1.0000	9.470778e-2	3.939987e-1	3.085624e-1	0.5860	4.202365e0	4.316955e-1	-	0	0	4.115666e-2	1.041837e-1	1.603692e-1	3.855991e-1	4.995319e-2	-	-	-	-	-
517	v2-348	1.0000	2.772107e-2	1.085336e-1	5.633031e-2	0.6082	1.111362e0	3.219959e-1	-	0	0	2.752453e-2	2.315680e-2	2.910963e-2	4.444658e-2	3.754309e-2	-	-	-	-	-
518	v2-348	1.0000	2.197541e-2	7.617369e-2	3.206377e-2	0.6792	7.234322e-1	9.378696e-2	-	0	0	1.511498e-2	2.486706e-2	2.279206e-2	2.839816e-2	2.031667e-2	-	-	-	-	-
519	v2-348	1.0000	2.067658e-2	7.585609e-2	3.411825e-2	0.7618	1.012948e0	1.095670e-1	-	0	0	1.312843e-2	2.435272e-2	1.985213e-2	1.883316e-2	1.987641e-2	-	-	-	-	-
520	v2-348	1.0000	5.374760e-2	1.547403e-1	7.791860e-2	0.6876	1.543122e0	4.971710e-1	-	0	0	9.627947e-2	3.112372e-2	4.074063e-2	2.650561e-2	7.738778e-2	-	-	-	-	-
521	v2-348	1.0000	5.243056e-2	2.410097e-1	1.188461e-1	0.5416	1.711097e0	3.160987e-1	-	0	0	1.614544e-2	4.762884e-2	1.144545e-1	1.465968e-1	7.555589e-2	-	-	-	-	-
522	v2-348	1.0000	1.921666e-2	5.240583e-2	2.648226e-2	0.7970	4.556158e-1	7.474210e-2	-	0	0	3.554614e-2	1.235742e-2	1.571739e-2	1.468651e-2	2.098897e-2	-	-	-	-	-
523	v2-348	1.0000	4.182581e-2	2.262321e-1	9.122822e-2	0.5694	1.464753e0	5.494447e-1	-	0	0	2.987997e-2	4.408728e-2	6.490157e-2	4.886724e-2	4.269512e-2	-	-	-	-	-
524	v2-348	1.0000	2.018798e-1	6.101197e-1	3.027529e-1	0.5505	2.761153e0	2.717502e-1	-	0	0	2.036243e-1	1.559480e-1	2.409492e-1	2.984932e-1	3.061517e-1	-0.005277	-0.081216	0.013550	0.031412	0.007795
525	v2-348	1.0000	9.319172e-2	3.181396e-1	1.405759e-1	0.5214	1.582184e0	1.562855e-1	-	0	0	1.350517e-1	5.862944e-2	9.820464e-2	7.455588e-2	1.471881e-1	-	-	-	-	-
526	v2-348	1.0000	3.937716e-2	2.176149e-1	8.430580e-2	0.7058	1.499434e0	4.593572e-1	-	0	0	1.882793e-2	4.432112e-2	4.872376e-2	7.228656e-2	4.069650e-2	-	-	-	-	-
527	v2-348	1.0000	3.648869e-2	1.571531e-1	6.457266e-2	0.5383	1.269974e0	1.729265e-1	-	0	0	1.622061e-2	4.581621e-2	5.307771e-2	4.967577e-2	2.688684e-2	-	-	-	-	-
528	v2-348	1.0000	4.298565e-2	1.854962e-1	7.456090e-2	0.5128	1.362617e0	1.668765e-1	-	0	0	2.411818e-2	4.726105e-2	6.564715e-2	6.694684e-2	4.280613e-2	-	-	-	-	-
529	v2-348	1.0000	2.651862e-2	1.189739e-1	5.182351e-2	0.6299	1.235128e0	2.603613e-1	-	0	0	1.896668e-2	2.717169e-2	2.958221e-2	4.306097e-2	2.958895e-2	-	-	-	-	-
530	v2-348	1.0000	5.329551e-2	1.501782e-1	7.463301e-2	0.6333	1.717402e0	4.528404e-1	-	0	0	1.032310e-1	2.652340e-2	4.003275e-2	3.895095e-2	7.705508e-2	-	-	-	-	-
531	v2-348	1.0000	4.377556e-2	2.420697e-1	1.049051e-1	0.6165	1.593807e0	3.333416e-1	-	0	0	1.495071e-2	3.890799e-2	7.597890e-2	8.375696e-2	7.787692e-2	-	-	-	-	-
532	v2-348	1.0000	2.426178e-2	6.234550e-2	3.657421e-2	0.7885	5.552106e-1	1.290002e-1	-	0	0	4.439152e-2	1.515441e-2	1.935507e-2	1.787656e-2	2.876166e-2	-	-	-	-	-
533	v2-348	1.0000	4.577716e-2	1.415565e-1	7.930515e-2	0.6388	1.217517e0	4.495828e-1	-	0	0	5.669045e-2	3.331349e-2	4.445719e-2	4.122732e-2	7.092447e-2	-	-	-	-	-
534	v2-348	1.0000	3.694751e-2	2.041945e-1	8.164309e-2	0.7404	1.103977e0	4.241164e-1	-	0	0	2.014409e-2	3.880282e-2	4.890955e-2	4.924073e-2	4.694144e-2	-	-	-	-	-
535	v2-348	1.0000	1.026160e-1	3.796141e-1	1.812639e-1	0.5898	2.375010e0	2.547685e-1	-	0	0	9.664908e-2	7.491096e-2	1.754964e-1	2.216977e-1	1.475723e-1	-	-	-	-	-
536	v2-348	1.0000	1.026747e-2	3.904986e-2	1.929109e-2	0.6194	3.808342e-1	5.931314e-2	-	0	0	6.545205e-3	1.146130e-2	1.197281e-2	1.245636e-2	1.047886e-2	-	-	-	-	-
537	v2-348	1.0000	4.401425e-2	1.223116e-1	6.291872e-2	0.6982	9.139246e-1	2.680622e-1	-	0	0	7.671474e-2	2.501300e-2	3.558258e-2	2.207475e-2	6.688372e-2	-	-	-	-	-
538	v2-348	1.0000	7.890658e-2	2.728928e-1	1.233591e-1	0.5645	1.371133e0	1.457251e-1	-	0	0	1.321447e-1	4.520306e-2	6.386290e-2	4.500462e-2	1.244444e-1	-	-	-	-	-
539	v2-348	1.0000	1.244757e-1	4.881535e-1	2.196239e-1	0.6481	3.088586e0	8.393013e-1	-	0	0	1.274323e-1	9.184236e-2	1.460921e-1	8.998379e-2	2.219838e-1	-0.002039	-0.039644	-0.004982	0.002361	0.003836
540	v2-348	1.0000	4.328682e-2	1.263499e-1	6.627817e-2	0.6821	9.241327e-1	3.027511e-1	-	0	0	7.137913e-2	2.617669e-2	3.575628e-2	2.080273e-2	6.623848e-2	-	-	-	-	-
541	v2-348	1.0000	3.957831e-2	1.166754e-1	5.157499e-2	0.6962	7.998506e-1	1.711954e-1	-	0	0	7.916649e-2	1.748932e-2	2.913835e-2	2.062732e-2	6.278070e-2	-	-	-	-	-
542	v2-348	1.0000	6.594748e-2	2.916365e-1	1.149076e-1	0.5090	2.818711e0	3.677328e-1	-	0	0	2.820203e-2	7.065002e-2	1.293563e-1	1.388394e-1	6.675400e-2	-	-	-	-	-
543	v2-348	1.0000	3.357173e-2	1.286302e-1	6.232128e-2	0.6152	1.214857e0	2.225737e-1	-	0	0	1.785099e-2	3.560588e-2	5.172714e-2	6.040701e-2	3.663887e-2	-	-	-	-	-
544	v2-348	1.0000	8.502099e-2	4.373689e-1	2.027901e-1	0.6221	2.771295e0	1.088181e0	-	0	0	5.076007e-2	8.968650e-2	1.141939e-1	5.175914e-2	1.150799e-1	-	-	-	-	-
545	v2-348	1.0000	3.160101e-2	1.068553e-1	6.610686e-2	0.8001	6.959933e-1	1.590399e-1	-	0	0	4.540548e-2	1.510001e-2	2.466398e-2	1.882898e-2	6.863893e-2	-	-	-	-	-
546	v2-348	1.0000	1.842717e-2	9.902430e-2	3.838096e-2	0.5049	6.954648e-1	1.956643e-1	-	0	0	1.022238e-2	2.049305e-2	2.678154e-2	1.671365e-2	2.094003e-2	-	-	-	-	-
547	v2-348	1.0000	2.128098e-2	5.646181e-2	2.880931e-2	0.7422	7.386785e-1	9.121152e-2	-	0	0	3.371482e-2	1.641727e-2	1.961607e-2	1.560852e-2	2.180151e-2	-	-	-	-	-
548	v2-348	1.0000	3.558534e-2	1.316564e-1	6.332146e-2	0.5236	1.154908e0	2.436783e-1	-	0	0	1.665669e-2	4.060761e-2	5.196103e-2	5.962062e-2	3.483320e-2	-	-	-	-	-
549	v2-348	1.0000	3.643391e-2	1.298881e-1	6.035361e-2	0.7386	7.795851e-1	3.054346e-1	-	0	0	4.223507e-2	2.927533e-2	4.040769e-2	3.187644e-2	5.070409e-2	-	-	-	-	-
550	v2-348	1.0000	4.603532e-2	2.198300e-1	9.608494e-2	0.5773	1.333253e0	3.874241e-1	-	0	0	3.007672e-2	4.112007e-2	7.853123e-2	6.388397e-2	6.884070e-2	-	-	-	-	-
551	v2-348	1.0000	1.122812e-2	4.594088e-2	2.187804e-2	0.7164	3.206081e-1	1.152844e-1	-	0	0	1.666898e-2	7.642493e-3	7.569608e-3	6.101279e-3	1.724677e-2	-	-	-	-	-
552	v2-348	1.0000	4.213072e-2	2.548798e-1	9.548463e-2	0.5347	1.207330e0	4.622111e-1	-	0	0	9.037971e-3	5.047408e-2	6.659108e-2	5.832179e-2	4.924085e-2	-	-	-	-	-
553	v2-348	1.0000	2.565412e-2	9.297603e-2	4.172730e-2	0.5426	7.976533e-1	9.159182e-2	-	0	0	2.467469e-2	2.122928e-2	3.921272e-2	4.867940e-2	3.143711e-2	-	-	-	-	-
554	v2-348	1.0000	3.189394e-2	1.533811e-1	7.213288e-2	0.5023	8.781162e-1	2.367652e-1	-	0	0	2.268924e-2	2.686749e-2	5.157653e-2	3.753931e-2	5.252727e-2	-	-	-	-	-
555	v2-348	1.0000	3.083548e-2	6.858560e-2	4.311540e-2	0.6928	7.221542e-1	1.519594e-1	-	0	0	4.274474e-2	2.311709e-2	3.332440e-2	4.285212e-2	3.547875e-2	-	-	-	-	-
556	v2-348	1.0000	3.203308e-2	1.166272e-1	5.227950e-2	0.6200	6.970650e-1	9.332338e-2	-	0	0	3.280470e-2	3.154414e-2	3.900192e-2	2.146753e-2	3.318036e-2	-	-	-	-	-
557	v2-348	1.0000	7.160012e-2	2.115421e-1	1.051236e-1	0.5726	1.158488e0	1.623923e-1	-	0	0	5.542109e-2	6.920765e-2	9.584914e-2	9.551320e-2	8.776896e-2	-	-	-	-	-
558	v2-348	1.0000	2.102818e-2	9.118104e-2	3.699883e-2	0.6953	7.385227e-1	1.670202e-1	-	0	0	1.516702e-2	2.190515e-2	2.992100e-2	2.980534e-2	2.154830e-2	-	-	-	-	-
559	v2-348	1.0000	3.813469e-2	1.167505e-1	5.889064e-2	0.7335	8.651019e-1	3.183529e-1	-	0	0	5.222002e-2	2.725622e-2	3.648586e-2	3.370497e-2	5.446294e-2	-	-	-	-	-
560	v2-348	1.0000	2.441860e-2	8.985025e-2	4.827859e-2	0.5723	1.288089e0	2.120542e-1	-	0	0	2.787086e-2	1.661574e-2	4.397795e-2	4.260784e-2	3.431656e-2	-	-	-	-	-
561	v2-348	1.0000	1.548804e-2	5.461720e-2	2.730464e-2	0.7157	3.681197e-1	1.395880e-1	-	0	0	2.445272e-2	1.025543e-2	1.057392e-2	7.348374e-3	2.299855e-2	-	-	-	-	-
562	v2-348	1.0000	1.929048e-2	7.676411e-2	3.719987e-2	0.5857	5.942077e-1	2.124533e-1	-	0	0	2.279341e-2	1.465572e-2	2.052372e-2	1.220530e-2	3.016534e-2	-	-	-	-	-
563	v2-348	1.0000	3.526894e-2	1.278992e-1	6.259169e-2	0.6581	7.394338e-1	2.486304e-1	-	0	0	3.234093e-2	3.427607e-2	4.666850e-2	3.216277e-2	3.980740e-2	-	-	-	-	-
564	v2-348	1.0000	7.887370e-2	3.223000e-1	1.473889e-1	0.5794	1.673428e0	4.343894e-1	-	0	0	6.365338e-2	6.480423e-2	1.528508e-1	1.388818e-1	1.078889e-1	-	-	-	-	-
565	v2-348	1.0000	8.541400e-3	2.362657e-2	1.708694e-2	0.6624	3.762062e-1	7.557908e-2	-	0	0	7.781300e-3	8.724053e-3	5.539472e-3	5.886721e-3	1.036087e-2	-	-	-	-	-
566	v2-348	1.0000	1.323947e-2	8.243465e-2	3.669049e-2	0.6596	4.206265e-1	1.751253e-1	-	0	0	6.780021e-3	1.481390e-2	1.487138e-2	6.725552e-3	1.786062e-2	-	-	-	-	-
567	v2-348	1.0000	8.711855e-2	3.272228e-1	1.621867e-1	0.5731	1.388655e0	3.186012e-1	-	0	0	1.061962e-1	6.136667e-2	8.341169e-2	6.449057e-2	1.468714e-1	-	-	-	-	-
568	v2-348	1.0000	6.308560e-2	2.991611e-1	1.237742e-1	0.6504	1.724834e0	5.000968e-1	-	0	0	2.849639e-2	6.595009e-2	1.030317e-1	9.519550e-2	8.099314e-2	-	-	-	-	-
569	v2-348	1.0000	1.458626e-2	9.511161e-2	4.463087e-2	0.6447	4.833586e-1	2.152616e-1	-	0	0	5.236197e-3	1.720726e-2	1.688700e-2	7.385294e-3	1.973585e-2	-	-	-	-	-
570	v2-348	1.0000	1.006753e-2	4.140949e-2	1.865141e-2	0.7177	3.120042e-1	7.840199e-2	-	0	0	1.045000e-2	9.042429e-3	9.882412e-3	6.562508e-3	1.354697e-2	-	-	-	-	-
571	v2-348	1.0000	1.371781e-1	6.101677e-1	2.514269e-1	0.5504	3.293696e0	7.852614e-1	-	0	0	3.940085e-2	1.595547e-1	2.139868e-1	2.184799e-1	1.561029e-1	0.001382	-0.049530	-0.010095	0.003608	-0.003550
572	v2-348	1.0000	2.259650e-2	8.498806e-2	5.111896e-2	0.5745	8.821481e-1	1.721407e-1	-	0	0	1.195734e-2	2.750509e-2	3.084737e-2	2.320481e-2	1.910897e-2	-	-	-	-	-
573	v2-348	1.0000	7.037716e-2	4.217348e-1	1.595144e-1	0.5941	1.764867e0	6.539271e-1	-	0	0	4.203888e-2	7.616494e-2	9.628229e-2	4.469898e-2	8.850887e-2	-	-	-	-	-
574	v2-348	1.0000	1.068145e-2	5.294529e-2	2.593310e-2	0.6194	4.101372e-1	1.255143e-1	-	0	0	1.177332e-2	7.031121e-3	8.811791e-3	7.309266e-3	2.160886e-2	-	-	-	-	-
575	v2-348	1.0000	4.120540e-2	1.830389e-1	1.133222e-1	0.6074	1.584757e0	3.468984e-1	-	0	0	1.131736e-2	4.816532e-2	1.039966e-1	1.105480e-1	2.606931e-2	-	-	-	-	-
576	v2-348	1.0000	5.748168e-2	1.411958e-1	8.878352e-2	0.7355	1.944652e0	5.540601e-1	-	0	0	1.134292e-1	2.680533e-2	6.906018e-2	3.862879e-2	7.996245e-2	-	-	-	-	-
577	v2-348	1.0000	1.147508e-1	2.674122e-1	1.462321e-1	0.7499	3.700688e0	7.193879e-1	-	0	0	2.058072e-1	6.598912e-2	1.423608e-1	1.280846e-1	1.352775e-1	-	-	-	-	-
578	v2-348	1.0000	6.906462e-2	2.408161e-1	1.184992e-1	0.7873	2.132625e0	3.280991e-1	-	0	0	5.806964e-2	6.415743e-2	1.210795e-1	1.406044e-1	6.789807e-2	-	-	-	-	-
579	v2-348	1.0000	2.496739e-2	1.458404e-1	1.005386e-1	0.6714	1.071192e0	3.588924e-1	-	0	0	1.013869e-2	2.153881e-2	7.167788e-2	2.885646e-2	4.138818e-2	-	-	-	-	-
580	v2-348	1.0000	2.590968e-2	5.848265e-2	2.899062e-2	0.6990	7.658507e-1	8.750584e-2	-	0	0	4.838473e-2	1.286631e-2	2.346828e-2	1.679808e-2	3.931886e-2	-	-	-	-	-
581	v2-348	1.0000	5.682152e-2	1.810465e-1	7.796614e-2	0.6381	1.529884e0	1.673614e-1	-	0	0	7.225589e-2	4.132885e-2	5.986097e-2	4.811160e-2	8.517937e-2	-	-	-	-	-
582	v2-348	1.0000	9.916374e-2	3.336585e-1	1.627156e-1	0.6523	1.635006e0	2.826153e-1	-	0	0	9.072760e-2	8.397183e-2	1.771067e-1	1.412164e-1	1.260244e-1	-	-	-	-	-
583	v2-348	1.0000	5.026199e-2	1.609406e-1	8.778329e-2	0.7043	1.620564e0	2.592052e-1	-	0	0	6.832398e-2	2.874142e-2	8.792107e-2	7.024643e-2	7.784819e-2	-	-	-	-	-
584	v2-348	1.0000	2.665923e-2	1.014001e-1	6.282973e-2	0.5497	1.767608e0	1.690965e-1	-	0	0	1.465625e-2	3.412870e-2	3.193565e-2	4.345059e-2	1.416326e-2	-	-	-	-	-
585	v2-348	1.0000	1.194200e-1	3.799380e-1	1.454805e-1	0.8097	3.168097e0	4.970587e-1	-	0	0	1.185071e-1	1.146447e-1	1.395632e-1	2.095533e-1	1.088307e-1	-	-	-	-	-
586	v2-348	1.0000	8.922360e-2	2.620001e-1	1.084794e-1	0.8098	2.560637e0	3.860604e-1	-	0	0	1.060766e-1	6.753568e-2	1.324463e-1	1.518099e-1	1.074976e-1	-	-	-	-	-
587	v2-348	1.0000	1.675223e-2	5.621785e-2	2.923677e-2	0.6319	1.087806e0	1.213982e-1	-	0	0	1.474779e-2	1.646687e-2	2.903348e-2	2.501910e-2	1.508161e-2	-	-	-	-	-
588	v2-348	1.0000	1.094131e-1	3.829915e-1	2.216316e-1	0.7661	3.755206e0	6.106230e-1	-	0	0	7.325760e-2	1.102124e-1	2.192283e-1	2.246126e-1	9.811647e-2	-	-	-	-	-
589	v2-348	1.0000	7.769790e-2	3.285880e-1	1.923206e-1	0.6652	2.020291e0	5.748463e-1	-	0	0	2.208055e-2	8.150988e-2	1.870855e-1	1.927838e-1	8.240524e-2	-	-	-	-	-
590	v2-348	1.0000	1.725264e-2	8.221674e-2	3.504068e-2	0.5449	1.151683e0	2.767407e-1	-	0	0	8.112177e-3	1.943157e-2	2.368767e-2	2.385705e-2	1.918309e-2	-	-	-	-	-
591	v2-348	1.0000	5.520871e-2	2.308383e-1	1.421775e-1	0.7170	2.108339e0	3.924811e-1	-	0	0	2.138850e-2	6.054192e-2	1.342970e-1	1.533128e-1	3.912378e-2	-	-	-	-	-
592	v2-348	1.0000	5.591859e-2	1.465979e-1	1.074566e-1	0.6431	1.719598e0	2.756503e-1	-	0	0	6.765695e-2	4.267609e-2	6.033908e-2	6.154540e-2	7.850624e-2	-	-	-	-	-
593	v2-348	1.0000	5.177529e-2	1.701648e-1	1.345712e-1	0.6255	1.654476e0	3.391419e-1	-	0	0	3.362660e-2	4.058402e-2	1.428424e-1	1.144322e-1	7.078542e-2	-	-	-	-	-
594	v2-348	1.0000	4.873204e-2	1.212833e-1	6.115290e-2	0.7221	1.076867e0	2.091193e-1	-	0	0	7.206198e-2	3.298212e-2	5.708591e-2	4.163601e-2	6.597598e-2	-	-	-	-	-
595	v2-348	1.0000	1.043069e-2	3.086972e-2	1.655804e-2	0.5317	7.269587e-1	8.901972e-2	-	0	0	8.222345e-3	1.006807e-2	1.397355e-2	1.403614e-2	1.260691e-2	-	-	-	-	-
596	v2-348	1.0000	3.541738e-2	1.254954e-1	5.809803e-2	0.5197	7.106689e-1	1.507184e-1	-	0	0	5.055003e-2	1.980817e-2	2.808340e-2	1.858970e-2	6.909599e-2	-	-	-	-	-
597	v2-348	1.0000	8.012637e-2	2.245696e-1	1.296005e-1	0.6499	1.794627e0	2.279078e-1	-	0	0	1.085732e-1	5.226519e-2	1.331717e-1	1.511774e-1	9.769511e-2	-	-	-	-	-
598	v2-348	1.0000	1.688824e-2	5.353010e-2	2.667195e-2	0.5863	8.413673e-1	1.235630e-1	-	0	0	1.188660e-2	1.710423e-2	2.342273e-2	2.703141e-2	1.859971e-2	-	-	-	-	-
599	v2-348	1.0000	1.673046e-2	6.330308e-2	3.066320e-2	0.5781	7.511992e-1	1.307619e-1	-	0	0	1.064233e-2	1.885538e-2	2.815008e-2	2.021807e-2	1.433946e-2	-	-	-	-	-
600	v2-348	1.0000	1.367855e-1	7.458528e-1	2.809383e-1	0.5605	3.864330e0	9.477955e-1	-	0	0	3.576807e-2	1.557100e-1	2.182716e-1	2.480906e-1	1.621244e-1	-0.000728	-0.021054	-0.026735	-0.019431	-0.003583
601	v2-348	1.0000	5.984221e-2	2.438192e-1	1.020992e-1	0.6339	1.673406e0	3.149678e-1	-	0	0	3.136012e-2	6.946597e-2	9.128982e-2	8.215153e-2	5.391520e-2	-	-	-	-	-
602	v2-348	1.0000	6.498293e-2	1.999764e-1	1.094192e-1	0.6426	3.476293e0	5.335662e-1	-	0	0	7.865301e-2	4.903656e-2	9.187018e-2	5.981461e-2	8.997600e-2	-	-	-	-	-
603	v2-348	1.0000	2.341719e-2	4.355800e-2	1.741970e-1	0.8239	1.970074e0	2.715444e-1	-	0	0	1.333826e-2	2.311600e-2	3.522071e-2	5.239347e-2	2.746083e-2	-	-	-	-	-
604	v2-348	1.0000	1.608109e-2	9.434082e-2	3.801625e-2	0.6401	6.145423e-1	2.126993e-1	-	0	0	6.497247e-3	1.893587e-2	2.019339e-2	1.634993e-2	1.861209e-2	-	-	-	-	-
605	v2-348	1.0000	2.021043e-2	6.317294e-2	2.506981e-2	0.8046	6.188814e-1	7.434478e-2	-	0	0	2.485913e-2	1.827771e-2	1.728627e-2	1.371938e-2	2.236646e-2	-	-	-	-	-
606	v2-348	1.0000	3.564334e-2	9.861279e-2	4.573659e-2	0.7599	7.166262e-1	9.745869e-2	-	0	0	5.452867e-2	2.650426e-2	2.965894e-2	2.403678e-2	4.333374e-2	-	-	-	-	-
607	v2-348	1.0000	3.882987e-2	1.187545e-1	6.100392e-2	0.7234	6.729067e-1	2.787381e-1	-	0	0	5.557916e-2	2.702902e-2	4.116164e-2	3.098607e-2	5.429564e-2	-	-	-	-	-
608	v2-348	1.0000	3.693941e-2	1.750453e-1	8.567444e-2	0.5821	1.307050e0	3.159135e-1	-	0	0	2.010183e-2	3.390256e-2	6.841451e-2	5.769658e-2	5.476939e-2	-	-	-	-	-
609	v2-348	1.0000	1.240643e-2	3.159332e-2	1.920742e-2	0.7361	2.977619e-1	6.669697e-2	-	0	0	2.257927e-2	7.870455e-3	9.823004e-3	7.488006e-3	1.490002e-2	-	-	-	-	-
610	v2-348	1.0000	4.101663e-2	1.835321e-1	8.211971e-2	0.6431	9.696614e-1	3.991991e-1	-	0	0	3.395715e-2	4.010294e-2	5.266967e-2	3.532517e-2	5.115799e-2	-	-	-	-	-
611	v2-348	1.0000	4.301285e-2	1.612692e-1	7.695673e-2	0.5111	1.196158e0	3.043052e-1	-	0	0	2.710341e-2	3.948608e-2	5.753784e-2	6.123137e-2	6.611909e-2	-	-	-	-	-
612	v2-348	1.0000	2.573265e-2	8.308125e-2	4.625114e-2	0.5617	8.659662e-1	7.586397e-2	-	0	0	2.389685e-2	2.255217e-2	3.874713e-2	2.727798e-2	3.399335e-2	-	-	-	-	-
613	v2-348	1.0000	2.267725e-2	1.213558e-1	4.565950e-2	0.7908	6.293179e-1	2.688681e-1	-	0	0	2.126048e-2	1.987657e-2	2.436733e-2	2.199145e-2	3.270365e-2	-	-	-	-	-
614	v2-348	1.0000	3.086217e-2	1.160438e-1	5.029646e-2	0.6053	8.938598e-1	1.140079e-1	-	0	0	2.968304e-2	3.140113e-2	3.842776e-2	2.431763e-2	3.030870e-2	-	-	-	-	-
615	v2-348	1.0000	4.064141e-2	1.419396e-1	6.511495e-2	0.5307	1.013769e0	1.231152e-1	-	0	0	4.751939e-2	3.302886e-2	4.321556e-2	3.152344e-2	5.632975e-2	-	-	-	-	-
616	v2-348	1.0000	1.636431e-2	8.330536e-2	3.354782e-2	0.7060	6.003074e-1	1.728753e-1	-	0	0	8.755910e-3	1.853552e-2	2.047441e-2	1.958919e-2	1.774080e-2	-	-	-	-	-
617	v2-348	1.0000	4.350200e-2	1.103661e-1	6.140931e-2	0.7233	7.680848e-1	2.796230e-1	-	0	0	6.890418e-2	2.770574e-2	4.364401e-2	3.531695e-2	6.060677e-2	-	-	-	-	-
618	v2-348	1.0000	2.833803e-2	1.200907e-1	7.045474e-2	0.5331	1.420233e0	2.835675e-1	-	0	0	1.494769e-2	2.745910e-2	4.148651e-2	2.116912e-2	4.646148e-2	-	-	-	-	-
619	v2-348	1.0000	1.699006e-2	4.301453e-2	2.746560e-2	0.7687	3.797478e-1	9.350949e-2	-	0	0	3.184822e-2	1.036860e-2	1.311471e-2	9.803479e-3	2.064819e-2	-	-	-	-	-
620	v2-348	1.0000	1.789319e-2	9.502757e-2	4.517025e-2	0.5415	6.305998e-1	2.627959e-1	-	0	0	1.406109e-2	1.654142e-2	1.919542e-2	9.805536e-3	2.845768e-2	-	-	-	-	-
621	v2-348	1.0000	2.248529e-2	1.461825e-1	5.483795e-2	0.5636	5.761752e-1	2.377187e-1	-	0	0	1.473091e-2	2.348008e-2	2.787157e-2	1.117250e-2	3.067133e-2	-	-	-	-	-
622	v2-348	1.0000	3.201714e-2	1.113750e-1	7.517898e-2	0.5011	1.444724e0	1.541535e-1	-	0	0	1.888109e-2	3.080827e-2	7.017063e-2	6.979535e-2	3.385726e-2	-	-	-	-	-
623	v2-348	1.0000	4.425829e-3	1.100552e-2	1.019477e-2	0.5639	2.217109e-1	2.393991e-2	-	0	0	3.187312e-3	4.926565e-3	4.205816e-3	4.715274e-3	4.488910e-3	-	-	-	-	-
624	v2-348	1.0000	2.594938e-2	7.336998e-2	3.619323e-2	0.7086	4.836432e-1	1.399388e-1	-	0	0	5.059986e-2	1.217793e-2	2.057127e-2	1.420895e-2	4.014429e-2	-	-	-	-	-
625	v2-348	1.0000	9.116730e-2	3.288164e-1	1.518862e-1	0.5517	1.497203e0	2.531564e-1	-	0	0	1.026544e-1	7.356202e-2	7.943764e-2	6.198497e-2	1.395939e-1	-	-	-	-	-
626	v2-348	1.0000	8.168508e-2	3.751497e-1	1.519124e-1	0.6633	1.678228e0	5.537748e-1	-	0	0	5.833386e-2	7.399275e-2	1.163047e-1	1.249069e-1	1.159334e-1	-	-	-	-	-
627	v2-348	1.0000	2.638038e-2	7.620144e-2	3.963032e-2	0.6898	5.120501e-1	1.729879e-1	-	0	0	4.756016e-2	1.404003e-2	2.202707e-2	1.349247e-2	4.069877e-2	-	-	-	-	-
628	v2-348	1.0000	2.531632e-2	7.164478e-2	3.059012e-2	0.7788	4.282547e-1	7.334908e-2	-	0	0	5.199132e-2	9.786227e-3	1.950659e-2	1.753277e-2	4.142876e-2	-	-	-	-	-
629	v2-348	1.0000	1.432499e-1	6.250486e-1	2.886752e-1	0.5360	3.212165e0	9.415215e-1	-	0	0	3.883398e-2	1.675352e-1	2.093955e-1	2.200549e-1	1.687287e-1	0.000850	-0.073957	-0.005954	0.001882	-0.004610
630	v2-348	1.0000	4.156522e-2	1.414305e-1	5.856494e-2	0.6727	1.403245e0	2.177462e-1	-	0	0	4.857319e-2	3.378858e-2	3.955329e-2	2.813975e-2	5.977621e-2	-	-	-	-	-
631	v2-348	1.0000	6.431549e-2	3.422605e-1	1.394698e-1	0.5860	1.559548e0	5.413933e-1	-	0	0	4.257284e-2	6.468407e-2	7.800284e-2	5.701032e-2	8.927809e-2	-	-	-	-	-
632	v2-348	1.0000	1.491682e-2	3.326988e-2	4.128103e-2	0.6814	5.252908e-1	1.111104e-1	-	0	0	2.081430e-2	7.469007e-3	1.090091e-2	1.060426e-2	3.195282e-2	-	-	-	-	-
633	v2-348	1.0000	1.459401e-2	8.522344e-2	3.285553e-2	0.5031	5.403290e-1	1.805544e-1	-	0	0	5.831212e-3	1.633269e-2	2.070690e-2	1.055259e-2	1.993819e-2	-	-	-	-	-
634	v2-348	1.0000	2.072067e-2	7.288253e-2	3.855089e-2	0.5534	8.025762e-1	1.697196e-1	-	0	0	1.597986e-2	1.998116e-2	3.052017e-2	2.521584e-2	2.546246e-2	-	-	-	-	-
635	v2-348	1.0000	3.669617e-2	1.324321e-1	7.129802e-2	0.5140	1.155769e0	1.834315e-1	-	0	0	2.004874e-2	4.245964e-2	5.405460e-2	5.408062e-2	3.206444e-2	-	-	-	-	-
636	v2-348	1.0000	1.868557e-2	1.044732e-1	4.185210e-2	0.6083	5.020376e-1	1.839853e-1	-	0	0	1.141730e-2	1.910694e-2	2.607491e-2	9.635047e-3	2.693818e-2	-	-	-	-	-
637	v2-348	1.0000	2.021792e-2	6.996304e-2	5.240033e-2	0.5320	1.338802e0	3.625835e-1	-	0	0	1.403958e-2	1.707907e-2	4.559676e-2	3.264347e-2	2.818944e-2	-	-	-	-	-
638	v2-348	1.0000	1.321044e-2	6.966400e-2	2.883540e-2	0.6792	4.093690e-1	1.610081e-1	-	0	0	1.568865e-2	1.042816e-2	9.677695e-3	6.028284e-3	2.104656e-2	-	-	-	-	-
639	v2-348	1.0000	3.975386e-2	2.174363e-1	8.097236e-2	0.6282	9.988987e-1	3.215507e-1	-	0	0	1.496709e-2	4.535371e-2	6.940668e-2	4.476317e-2	4.576963e-2	-	-	-	-	-
640	v2-348	1.0000	3.473542e-2	1.365181e-1	6.899737e-2	0.5775	1.196049e0	3.146160e-1	-	0	0	3.251345e-2	2.888031e-2	5.036171e-2	3.106566e-2	5.213399e-2	-	-	-	-	-
641	v2-348	1.0000	2.211076e-2	1.217375e-1	5.865208e-2	0.6794	7.247885e-1	2.010544e-1	-	0	0	1.197888e-2	1.879703e-2	3.767025e-2	1.863846e-2	4.193960e-2	-	-	-	-	-
642	v2-348	1.0000	3.604615e-2	9.342837e-2	5.801277e-2	0.7049	8.963122e-1	1.641937e-1	-	0	0	4.075701e-2	3.289252e-2	3.960498e-2	4.257886e-2	3.710559e-2	-	-	-	-	-
643	v2-348	1.0000	4.714724e-2	1.721797e-1	6.798014e-2	0.6634	1.088410e0	1.596681e-1	-	0	0	3.682922e-2	4.463730e-2	6.085996e-2	7.409944e-2	5.816672e-2	-	-	-	-	-
644	v2-348	1.0000	4.657517e-2	1.725701e-1	7.902983e-2	0.5866	1.453760e0	1.506425e-1	-	0	0	1.263638e-2	6.075691e-2	8.316473e-2	1.000429e-1	2.525177e-2	-	-	-	-	-
645	v2-348	1.0000	1.703451e-2	8.783337e-2	3.046125e-2	0.7882	4.840482e-1	1.495015e-1	-	0	0	1.584384e-2	1.605533e-2	2.179117e-2	1.019314e-2	2.189229e-2	-	-	-	-	-
646	v2-348	1.0000	1.955602e-2	8.374667e-2	3.701825e-2	0.6791	4.520994e-1	1.710436e-1	-	0	0	2.205321e-2	1.513886e-2	2.291714e-2	1.080815e-2	3.089946e-2	-	-	-	-	-
647	v2-348	1.0000	3.197140e-2	1.016421e-1	5.919405e-2	0.5965	1.503114e0	2.547019e-1	-	0	0	4.630669e-2	1.878428e-2	4.958512e-2	4.461687e-2	4.600137e-2	-	-	-	-	-
648	v2-348	1.0000	1.653476e-2	7.812059e-2	3.271069e-2	0.6345	4.455026e-1	1.775313e-1	-	0	0	2.176019e-2	1.249308e-2	1.187047e-2	7.514618e-3	2.537989e-2	-	-	-	-	-
649	v2-348	1.0000	1.679796e-2	8.727264e-2	3.617631e-2	0.6187	6.165515e-1	2.018679e-1	-	0	0	1.316620e-2	1.565358e-2	1.797827e-2	9.051732e-3	2.642888e-2	-	-	-	-	-
650	v2-348	1.0000	2.239830e-2	9.153080e-2	4.608771e-2	0.5812	5.755770e-1	1.655746e-1	-	0	0	1.649773e-2	2.335075e-2	3.295760e-2	1.416844e-2	2.627275e-2	-	-	-	-	-
651	v2-348	1.0000	3.004974e-2	1.091504e-1	7.769479e-2	0.5711	1.519617e0	3.558070e-1	-	0	0	1.233201e-2	2.854372e-2	7.317884e-2	6.426532e-2	3.821528e-2	-	-	-	-	-
652	v2-348	1.0000	1.111592e-2	5.729711e-2	2.610125e-2	0.6152	4.419612e-1	1.366987e-1	-	0	0	7.598016e-3	1.169046e-2	8.580446e-3	5.825634e-3	1.578329e-2	-	-	-	-	-
653	v2-348	1.0000	1.437574e-2	6.695843e-2	3.021198e-2	0.6888	4.159040e-1	1.221175e-1	-	0	0	1.255027e-2	1.435148e-2	1.622014e-2	8.882738e-3	1.759604e-2	-	-	-	-	-
654	v2-348	1.0000	6.898546e-2	2.603799e-1	1.180942e-1	0.5155	1.682213e0	2.710906e-1	-	0	0	5.308728e-2	6.589781e-2	7.533816e-2	7.186094e-2	9.644089e-2	-	-	-	-	-
655	v2-348	1.0000	4.919695e-2	3.301880e-1	1.248026e-1	0.6386	1.505366e0	6.088676e-1	-	0	0	1.797909e-2	4.982604e-2	7.946156e-2	5.300209e-2	7.865360e-2	-	-	-	-	-
656	v2-348	1.0000	1.638245e-2	7.979679e-2	3.573976e-2	0.6656	4.642618e-1	1.492628e-1	-	0	0	1.355486e-2	1.665108e-2	1.887905e-2	1.059709e-2	1.990157e-2	-	-	-	-	-
657	v2-348	1.0000	1.237971e-2	2.987385e-2	2.033261e-2	0.7200	3.766712e-1	5.593640e-2	-	0	0	1.555812e-2	1.059967e-2	1.242960e-2	9.673513e-3	1.430851e-2	-	-	-	-	-
658	v2-348	1.0000	2.139212e-1	1.104727e0	5.029678e-1	0.5804	4.730761e0	1.816483e0	-	0	0	7.515595e-2	2.189715e-1	2.249130e-1	1.630163e-1	3.858485e-1	0.002213	-0.114720	-0.012197	-0.001542	-0.018642
659	v2-348	1.0000	4.320020e-2	1.407232e-1	9.515721e-2	0.6253	1.473319e0	2.811508e-1	-	0	0	2.737490e-2	4.876625e-2	6.525020e-2	5.451010e-2	3.831099e-2	-	-	-	-	-
660	v2-348	1.0000	6.310687e-2	4.144373e-1	1.406128e-1	0.7094	1.171194e0	4.729050e-1	-	0	0	5.094654e-2	5.792233e-2	6.976205e-2	2.392984e-2	1.018385e-1	-	-	-	-	-
661	v2-348	1.0000	1.087858e-2	5.348670e-2	2.640431e-2	0.6316	4.171604e-1	1.277239e-1	-	0	0	1.190837e-2	7.196746e-3	9.009798e-3	7.470364e-3	2.198929e-2	-	-	-	-	-
662	v2-348	1.0000	1.040106e-2	2.875090e-2	3.032589e-2	0.6078	9.505629e-1	1.065373e-1	-	0	0	6.857891e-3	1.122293e-2	2.573183e-2	1.040399e-2	8.488165e-3	-	-	-	-	-
663	v2-348	1.0000	2.696105e-2	1.897173e-1	1.122080e-1	0.5683	2.072379e0	9.150047e-1	-	0	0	8.056641e-3	2.840633e-2	5.866332e-2	1.254226e-2	4.200665e-2	-	-	-	-	-
664	v2-348	1.0000	5.005330e-2	1.958857e-1	1.249787e-1	0.6633	2.963185e0	1.062136e0	-	0	0	4.612732e-2	4.656527e-2	8.068914e-2	3.264767e-2	6.178129e-2	-	-	-	-	-
665	v2-348	1.0000	3.575612e-2	1.378164e-1	8.511483e-2	0.7618	1.430290e0	2.930791e-1	-	0	0	1.565431e-2	4.000740e-2	8.206592e-2	6.584813e-2	2.967793e-2	-	-	-	-	-
666	v2-348	1.0000	4.698606e-2	1.742978e-1	1.662011e-1	0.6263	1.753334e0	6.083740e-1	-	0	0	4.719215e-2	3.594820e-2	1.246255e-1	4.556644e-2	6.037445e-2	-	-	-	-	-
667	v2-348	1.0000	2.037656e-2	4.663658e-2	2.685528e-2	0.6538	1.009192e0	1.950870e-1	-	0	0	3.534803e-2	1.194003e-2	1.910218e-2	1.661229e-2	2.791645e-2	-	-	-	-	-
668	v2-348	1.0000	5.916550e-2	1.789625e-1	8.390320e-2	0.6625	1.729845e0	2.225714e-1	-	0	0	7.395733e-2	4.751934e-2	7.108967e-2	4.398275e-2	7.590152e-2	-	-	-	-	-
669	v2-348	1.0000	7.466147e-2	3.299780e-1	1.696475e-1	0.6727	1.440666e0	4.587318e-1	-	0	0	5.480190e-2	6.854812e-2	1.726431e-1	8.564120e-2	9.073855e-2	-	-	-	-	-
670	v2-348	1.0000	4.168555e-2	1.487494e-1	7.224441e-2	0.7049	1.657313e0	1.719341e-1	-	0	0	3.712618e-2	3.311814e-2	7.474897e-2	7.403430e-2	5.738907e-2	-	-	-	-	-
671	v2-348	1.0000	3.348015e-2	9.184980e-2	5.310069e-2	0.8044	1.492008e0	2.531313e-1	-	0	0	4.765861e-2	2.349445e-2	4.723864e-2	3.126612e-2	4.247512e-2	-	-	-	-	-
672	v2-348	1.0000	7.023235e-2	2.735976e-1	1.333040e-1	0.5022	2.397166e0	5.941410e-1	-	0	0	3.847772e-2	7.987088e-2	8.151935e-2	6.195164e-2	8.081791e-2	-	-	-	-	-
673	v2-348	1.0000	4.783268e-2	1.841038e-1	9.695259e-2	0.5860	2.375345e0	3.878845e-1	-	0	0	2.883263e-2	4.263433e-2	8.191030e-2	6.871910e-2	7.428381e-2	-	-	-	-	-
674	v2-348	1.0000	1.735218e-2	7.621092e-2	4.424598e-2	0.7878	1.085013e0	2.645686e-1	-	0	0	1.585785e-2	1.561644e-2	3.985622e-2	1.387613e-2	1.950882e-2	-	-	-	-	-
675	v2-348	1.0000	7.215442e-2	2.732286e-1	1.306683e-1	0.7206	2.391882e0	6.807795e-1	-	0	0	8.804007e-2	5.330513e-2	8.101140e-2	6.270272e-2	1.087674e-1	-	-	-	-	-
676	v2-348	1.0000	9.401047e-2	3.245672e-1	2.431721e-1	0.6106	2.813436e0	8.696615e-1	-	0	0	6.409449e-2	8.438875e-2	2.375490e-1	1.907246e-1	1.018425e-1	-	-	-	-	-
677	v2-348	1.0000	2.446977e-2	1.177406e-1	4.930217e-2	0.6047	1.506718e0	4.122042e-1	-	0	0	9.336004e-3	2.853050e-2	3.479690e-2	3.369242e-2	2.677722e-2	-	-	-	-	-
678	v2-348	1.0000	1.613066e-2	4.754353e-2	4.958172e-2	0.6671	1.041903e0	1.669439e-1	-	0	0	1.118382e-2	1.553710e-2	3.976941e-2	1.447001e-2	1.854365e-2	-	-	-	-	-
679	v2-348	1.0000	3.351482e-2	1.533516e-1	8.400910e-2	0.5648	1.555868e0	2.496999e-1	-	0	0	1.483786e-2	3.933151e-2	7.425282e-2	6.667809e-2	2.159210e-2	-	-	-	-	-
680	v2-348	1.0000	4.130909e-2	1.390284e-1	1.511063e-1	0.6486	1.682124e0	5.305034e-1	-	0	0	4.399403e-2	3.075075e-2	1.089819e-1	4.816257e-2	5.071540e-2	-	-	-	-	-
681	v2-348	1.0000	2.435615e-2	5.513519e-2	3.077235e-2	0.6814	9.833942e-1	1.354950e-1	-	0	0	4.749729e-2	1.093720e-2	2.050036e-2	1.443770e-2	3.860233e-2	-	-	-	-	-
682	v2-348	1.0000	2.874563e-2	7.264853e-2	4.098856e-2	0.6548	1.205149e0	1.625338e-1	-	0	0	3.436015e-2	2.357096e-2	3.350879e-2	3.450559e-2	3.463558e-2	-	-	-	-	-
683	v2-348	1.0000	3.189143e-2	1.021552e-1	5.872186e-2	0.5062	9.446413e-1	1.355318e-1	-	0	0	2.739705e-2	2.382805e-2	2.516971e-2	2.425816e-2	6.561346e-2	-	-	-	-	-
684	v2-348	1.0000	3.737479e-2	1.233397e-1	8.718920e-2	0.6542	1.837072e0	3.059241e-1	-	0	0	2.679275e-2	3.249043e-2	8.741584e-2	4.915799e-2	5.004915e-2	-	-	-	-	-
685	v2-348	1.0000	4.051430e-2	1.089017e-1	5.822700e-2	0.6973	1.422805e0	1.756824e-1	-	0	0	4.625414e-2	3.377709e-2	4.763750e-2	5.406870e-2	4.854878e-2	-	-	-	-	-
686	v2-348	1.0000	2.018192e-2	8.019209e-2	3.756909e-2	0.6727	1.082713e0	2.436771e-1	-	0	0	1.348721e-2	2.039423e-2	3.118240e-2	1.596655e-2	2.626849e-2	-	-	-	-	-
687	v2-348	1.0000	1.574620e-1	1.108827e0	5.027881e-1	0.6035	4.825318e0	1.960649e0	-	0	0	3.041074e-2	1.798767e-1	1.706301e-1	9.163865e-2	2.646518e-1	0.000580	-0.101889	0.002213	0.001397	-0.011890
688	v2-348	1.0000	9.328001e-2	4.113870e-1	1.542491e-1	0.7195	2.075872e0	6.139423e-1	-	0	0	7.587062e-2	9.169512e-2	1.392236e-1	9.851958e-2	1.073133e-1	-	-	-	-	-
689	v2-348	1.0000	6.033704e-2	3.038735e-1	1.356104e-1	0.6256	2.136453e0	5.113746e-1	-	0	0	3.425074e-2	6.277427e-2	1.027076e-1	5.797929e-2	7.602500e-2	-	-	-	-	-
690	v2-348	1.0000	2.358422e-2	4.235190e-2	1.754103e-1	0.8236	1.972126e0	2.721187e-1	-	0	0	1.339912e-2	2.330031e-2	3.545094e-2	5.281227e-2	2.763684e-2	-	-	-	-	-
691	v2-348	1.0000	1.331127e-2	9.413779e-2	3.462565e-2	0.5842	5.252899e-1	2.010598e-1	-	0	0	4.335076e-3	1.496903e-2	1.779702e-2	9.510631e-3	1.954015e-2	-	-	-	-	-
692	v2-348	1.0000	1.509028e-2	4.167509e-2	3.253937e-2	0.6177	7.263677e-1	8.517899e-2	-	0	0	1.123336e-2	1.506242e-2	2.059537e-2	1.957390e-2	1.765633e-2	-	-	-	-	-
693	v2-348	1.0000	1.928893e-2	6.043804e-2	3.285512e-2	0.6261	8.182395e-1	9.855091e-2	-	0	0	1.799321e-2	1.961617e-2	2.363285e-2	1.878182e-2	1.895412e-2	-	-	-	-	-
694	v2-348	1.0000	1.871782e-2	1.312978e-1	4.882196e-2	0.5124	4.596130e-1	1.924357e-1	-	0	0	1.394975e-2	1.708973e-2	2.029454e-2	1.151434e-2	3.104429e-2	-	-	-	-	-
695	v2-348	1.0000	1.546759e-2	5.038357e-2	4.232268e-2	0.5175	1.213041e0	1.501762e-1	-	0	0	8.624906e-3	1.598441e-2	2.812690e-2	2.957818e-2	1.612014e-2	-	-	-	-	-
696	v2-348	1.0000	1.244363e-2	2.950871e-2	2.049509e-2	0.7348	2.954612e-1	8.744618e-2	-	0	0	2.058924e-2	8.219049e-3	1.010215e-2	6.791357e-3	1.670567e-2	-	-	-	-	-
697	v2-348	1.0000	2.492462e-2	1.542583e-1	5.833247e-2	0.5448	6.882830e-1	2.496515e-1	-	0	0	1.328496e-2	2.748133e-2	3.576883e-2	1.400424e-2	3.186258e-2	-	-	-	-	-
698	v2-348	1.0000	6.472668e-2	2.636900e-1	1.354783e-1	0.5415	1.772474e0	6.149032e-1	-	0	0	6.532896e-2	4.841572e-2	9.594707e-2	4.832032e-2	1.091035e-1	-	-	-	-	-
699	v2-348	1.0000	1.871264e-2	5.990982e-2	3.457449e-2	0.5432	8.965847e-1	1.149735e-1	-	0	0	2.397239e-2	1.152255e-2	2.288532e-2	1.692852e-2	3.307561e-2	-	-	-	-	-
700	v2-348	1.0000	1.886576e-2	1.051798e-1	4.055853e-2	0.5167	7.097611e-1	2.265923e-1	-	0	0	7.270514e-3	2.275094e-2	2.004421e-2	1.432401e-2	2.273978e-2	-	-	-	-	-
701	v2-348	1.0000	4.687456e-2	1.471376e-1	7.968799e-2	0.5014	1.477100e0	1.622910e-1	-	0	0	2.617455e-2	4.822170e-2	7.361101e-2	1.095483e-1	4.784046e-2	-	-	-	-	-
702	v2-348	1.0000	5.868561e-2	2.262041e-1	9.929926e-2	0.5839	1.675343e0	3.167893e-1	-	0	0	1.560766e-2	6.999876e-2	1.049375e-1	1.255559e-1	5.216221e-2	-	-	-	-	-
703	v2-348	1.0000	1.437906e-2	8.936846e-2	3.239970e-2	0.6171	5.013151e-1	1.635311e-1	-	0	0	5.241480e-3	1.662967e-2	2.257265e-2	1.468012e-2	1.710221e-2	-	-	-	-	-
704	v2-348	1.0000	1.998044e-2	1.202508e-1	4.915751e-2	0.5604	4.577531e-1	1.936532e-1	-	0	0	1.992127e-2	1.625804e-2	1.849493e-2	1.506169e-2	3.286540e-2	-	-	-	-	-
705	v2-348	1.0000	2.604581e-2	7.991886e-2	5.088376e-2	0.5878	1.397516e0	1.537017e-1	-	0	0	2.804613e-2	2.302141e-2	3.153885e-2	3.238690e-2	2.973823e-2	-	-	-	-	-
706	v2-348	1.0000	1.631890e-2	3.882980e-2	2.772589e-2	0.7381	3.757061e-1	1.104871e-1	-	0	0	2.880601e-2	1.024698e-2	1.290478e-2	8.187951e-3	2.145775e-2	-	-	-	-	-
707	v2-348	1.0000	1.709592e-2	1.150222e-1	4.489000e-2	0.5621	6.888054e-1	2.364359e-1	-	0	0	7.368098e-3	1.850363e-2	2.092922e-2	1.136182e-2	2.566745e-2	-	-	-	-	-
708	v2-348	1.0000	2.265128e-2	1.434278e-1	4.854849e-2	0.7617	5.354671e-1	1.815379e-1	-	0	0	1.185711e-2	2.336851e-2	2.672879e-2	1.809495e-2	3.434635e-2	-	-	-	-	-
709	v2-348	1.0000	2.032919e-2	6.298324e-2	5.020314e-2	0.5530	1.369360e0	1.525732e-1	-	0	0	1.406233e-2	1.934360e-2	3.321399e-2	3.875358e-2	2.373002e-2	-	-	-	-	-
710	v2-348	1.0000	6.450646e-3	2.668440e-2	1.477617e-2	0.6431	2.451717e-1	6.228543e-2	-	0	0	5.601804e-3	6.159286e-3	6.084140e-3	4.324056e-3	9.014160e-3	-	-	-	-	-
711	v2-348	1.0000	2.759960e-2	7.818127e-2	3.612545e-2	0.7642	4.753768e-1	1.117432e-1	-	0	0	5.724935e-2	1.151045e-2	2.084902e-2	1.796493e-2	4.226072e-2	-	-	-	-	-
712	v2-348	1.0000	7.493347e-2	2.924652e-1	1.396408e-1	0.5131	1.649108e0	3.357239e-1	-	0	0	3.825544e-2	8.062121e-2	7.398734e-2	6.269156e-2	1.079046e-1	-	-	-	-	-
713	v2-348	1.0000	3.997467e-2	2.447624e-1	1.002046e-1	0.5732	1.148499e0	4.839549e-1	-	0	0	2.357897e-2	3.699305e-2	6.491737e-2	4.706152e-2	6.194901e-2	-	-	-	-	-
714	v2-348	1.0000	2.714939e-2	7.644033e-2	3.674954e-2	0.7472	4.907147e-1	1.307159e-1	-	0	0	5.533222e-2	1.185573e-2	2.052328e-2	1.639615e-2	4.151281e-2	-	-	-	-	-
715	v2-348	1.0000	2.739491e-2	7.246852e-2	3.162669e-2	0.8077	4.097099e-1	6.330334e-2	-	0	0	5.505479e-2	1.146439e-2	2.107578e-2	1.970256e-2	4.356637e-2	-	-	-	-	-
716	v2-348	1.0000	2.202452e-1	1.154867e0	5.712720e-1	0.5607	4.535421e0	1.923374e0	-	0	0	8.549055e-2	2.237968e-1	1.891444e-1	1.350457e-1	4.104635e-1	0.004084	-0.148979	-0.001907	-0.001438	-0.022318
717	v2-348	1.0000	6.738239e-2	2.589583e-1	1.003866e-1	0.6978	2.020018e0	4.062686e-1	-	0	0	7.844241e-2	5.504755e-2	7.180671e-2	4.213211e-2	9.528757e-2	-	-	-	-	-
718	v2-348	1.0000	6.175417e-2	3.652585e-1	1.198284e-1	0.7716	9.090509e-1	3.378789e-1	-	0	0	6.129920e-2	5.143597e-2	6.603362e-2	3.251318e-2	9.930572e-2	-	-	-	-	-
719	v2-348	1.0000	1.457826e-2	3.332996e-2	4.007390e-2	0.6725	5.186923e-1	1.119932e-1	-	0	0	2.003343e-2	7.444391e-3	1.065076e-2	1.019264e-2	3.122533e-2	-	-	-	-	-
720	append204	0.0000	0.000000e0	0.000000e0	0.000000e0	1.0000	0.000000e0	0.000000e0	-	1	1	0.000000e0	0.000000e0	0.000000e0	0.000000e0	0.000000e0	-	-	-	-	-
721	append204	0.0000	0.000000e0	0.000000e0	0.000000e0	1.0000	0.000000e0	0.000000e0	-	1	1	0.000000e0	0.000000e0	0.000000e0	0.000000e0	0.000000e0	-	-	-	-	-
722	append204	1.0000	3.032180e-2	9.169197e-2	5.389938e-2	0.6612	7.483492e-1	1.932388e-1	-	0	0	4.127043e-2	2.541720e-2	2.500141e-2	2.008590e-2	3.488456e-2	-	-	-	-	-
723	append204	1.0000	1.391118e-2	6.871915e-2	2.644346e-2	0.6971	3.858176e-1	1.011427e-1	-	0	0	1.545223e-2	1.204063e-2	1.141277e-2	9.913989e-3	1.917828e-2	-	-	-	-	-
724	append204	1.0000	2.050285e-2	7.678366e-2	3.250567e-2	0.6416	5.397967e-1	1.020946e-1	-	0	0	2.207365e-2	1.688613e-2	2.060492e-2	3.124302e-2	2.691294e-2	-	-	-	-	-
725	append204	1.0000	9.815400e-2	4.011009e-1	1.954080e-1	0.5504	2.950344e0	7.061237e-1	-	0	0	2.808052e-2	1.153020e-1	1.246780e-1	1.081256e-1	1.269973e-1	-	-	-	-	-
726	append204	1.0000	1.714746e-1	6.352781e-1	3.020440e-1	0.5751	3.443230e0	9.902794e-1	-	0	0	1.595634e-1	1.552733e-1	1.708167e-1	1.039318e-1	2.517696e-1	-0.002143	0.061823	-0.018826	-0.010252	-0.013252
727	append204	1.0000	5.041140e-2	1.570401e-1	7.048407e-2	0.7106	3.366159e0	4.584930e-1	-	0	0	5.843088e-2	4.299011e-2	8.127406e-2	4.909791e-2	5.490482e-2	-	-	-	-	-
728	append204	1.0000	7.192520e-2	2.622773e-1	1.277788e-1	0.5653	2.278523e0	2.357996e-1	-	0	0	5.406166e-2	5.684562e-2	1.457125e-1	1.450755e-1	1.043810e-1	-	-	-	-	-
729	append204	1.0000	5.036013e-2	1.364335e-1	2.282354e-1	0.5073	5.051600e0	5.917936e-1	-	0	0	1.611387e-2	5.151896e-2	4.599203e-2	3.246962e-1	2.801628e-2	-	-	-	-	-
730	append204	1.0000	1.249787e-1	4.465985e-1	2.673507e-1	0.5192	3.494940e0	6.290915e-1	-	0	0	3.896111e-2	1.512779e-1	1.874311e-1	1.305980e-1	1.382781e-1	0.000523	-0.114700	0.013575	0.011340	-0.000017
731	append204	0.0000	0.000000e0	0.000000e0	0.000000e0	1.0000	0.000000e0	0.000000e0	-	1	1	0.000000e0	0.000000e0	0.000000e0	0.000000e0	0.000000e0	-	-	-	-	-
732	append204	0.0000	0.000000e0	0.000000e0	0.000000e0	1.0000	0.000000e0	0.000000e0	-	1	1	0.000000e0	0.000000e0	0.000000e0	0.000000e0	0.000000e0	-	-	-	-	-
733	append204	1.0000	2.421544e-2	1.188531e-1	4.754244e-2	0.5249	8.747223e-1	2.320988e-1	-	0	0	1.717437e-2	2.616158e-2	2.849792e-2	2.638519e-2	2.574648e-2	-	-	-	-	-
734	append204	1.0000	2.496811e-2	1.016098e-1	4.578648e-2	0.6366	1.016631e0	1.884381e-1	-	0	0	1.370119e-2	2.973011e-2	2.872667e-2	2.900959e-2	2.309471e-2	-	-	-	-	-
735	append204	1.0000	1.141062e-1	4.498353e-1	2.484972e-1	0.7457	3.840919e0	1.006357e0	-	0	0	1.185629e-1	8.149326e-2	1.445186e-1	5.268691e-2	2.136230e-1	-	-	-	-	-
736	append204	1.0000	1.667488e-1	6.522799e-1	3.037408e-1	0.5410	3.430685e0	4.937551e-1	-	0	0	2.039264e-1	1.012415e-1	2.308178e-1	1.688221e-1	3.003803e-1	-0.008930	0.034875	-0.028939	-0.024712	0.000584
737	append204	1.0000	5.747320e-2	2.233272e-1	1.028093e-1	0.6384	2.447169e0	5.795618e-1	-	0	0	4.066499e-2	5.386813e-2	7.748184e-2	9.243993e-2	7.664601e-2	-	-	-	-	-
738	append204	1.0000	7.592020e-2	2.098141e-1	1.122221e-1	0.7014	2.482471e0	6.710769e-1	-	0	0	1.065732e-1	5.251842e-2	8.096100e-2	7.242264e-2	1.069614e-1	-	-	-	-	-
739	append204	1.0000	2.891564e-2	9.489099e-2	4.410602e-2	0.6652	1.376653e0	2.229074e-1	-	0	0	2.664803e-2	2.884102e-2	3.170271e-2	2.657035e-2	3.187838e-2	-	-	-	-	-
740	append204	1.0000	5.547022e-2	1.557131e-1	8.723901e-2	0.6517	1.805144e0	6.155799e-1	-	0	0	8.861425e-2	3.526084e-2	5.226020e-2	3.164486e-2	8.051680e-2	-	-	-	-	-
741	append204	1.0000	5.601084e-2	1.777117e-1	9.704288e-2	0.6725	2.145386e0	7.069621e-1	-	0	0	8.740937e-2	3.587709e-2	6.093555e-2	3.846743e-2	7.949777e-2	-	-	-	-	-
742	append204	1.0000	1.303807e-1	4.445387e-1	2.123944e-1	0.6408	3.198381e0	6.037411e-1	-	0	0	8.193535e-2	1.269605e-1	1.401288e-1	1.359782e-1	1.991284e-1	0.000651	-0.046648	-0.007348	-0.011692	0.001183
743	append204	1.0000	1.336386e-1	4.183246e-1	2.219296e-1	0.6025	3.945959e0	7.655371e-1	-	0	0	1.510650e-1	1.102204e-1	1.374654e-1	1.117493e-1	1.863177e-1	-0.001973	0.043083	-0.012187	-0.006359	-0.000067
744	append204	1.0000	5.888235e-2	2.294729e-1	1.388821e-1	0.6054	5.056693e0	8.272820e-1	-	0	0	2.358373e-2	7.012071e-2	1.047471e-1	1.345468e-1	4.064534e-2	-	-	-	-	-
745	append204	1.0000	1.424690e-1	3.864378e-1	2.031531e-1	0.7480	2.733850e0	4.839848e-1	-	0	0	1.741601e-1	8.850185e-2	1.922215e-1	1.560051e-1	2.492219e-1	-0.000710	0.045411	-0.018445	-0.018717	-0.004564
746	append204	1.0000	4.633736e-2	1.646979e-1	1.540906e-1	0.6596	2.839376e0	6.709702e-1	-	0	0	2.326382e-2	5.389586e-2	7.999765e-2	9.610002e-2	3.274875e-2	-	-	-	-	-
747	append204	1.0000	8.740002e-2	3.281268e-1	1.446755e-1	0.5044	4.314716e0	5.405513e-1	-	0	0	5.665371e-2	9.570608e-2	1.119473e-1	8.311665e-2	9.635966e-2	-	-	-	-	-
748	append204	0.0000	0.000000e0	0.000000e0	0.000000e0	1.0000	0.000000e0	0.000000e0	-	1	1	0.000000e0	0.000000e0	0.000000e0	0.000000e0	0.000000e0	-	-	-	-	-
749	append204	0.0000	0.000000e0	0.000000e0	0.000000e0	1.0000	0.000000e0	0.000000e0	-	1	1	0.000000e0	0.000000e0	0.000000e0	0.000000e0	0.000000e0	-	-	-	-	-
750	append204	1.0000	7.864955e-2	2.640467e-1	1.081509e-1	0.5717	2.732308e0	4.211080e-1	-	0	0	8.790662e-2	7.133807e-2	7.126312e-2	8.783055e-2	8.868608e-2	-	-	-	-	-
751	append204	1.0000	5.785449e-2	9.069029e-2	1.942763e-1	0.7646	3.594144e0	6.969051e-1	-	0	0	4.622419e-2	7.119677e-2	2.906719e-2	6.914206e-2	3.719722e-2	-	-	-	-	-
752	append204	1.0000	1.093938e-1	2.609274e-1	1.742895e-1	0.7806	2.089582e0	2.695177e-1	-	0	0	2.169919e-1	4.222487e-2	1.616469e-1	5.057056e-2	1.748773e-1	-	-	-	-	-
753	append204	1.0000	9.739148e-2	3.908267e-1	1.936981e-1	0.5584	2.054958e0	5.340887e-1	-	0	0	8.071253e-2	7.631095e-2	1.005021e-1	5.697005e-2	1.912936e-1	-	-	-	-	-
754	append204	0.0000	0.000000e0	0.000000e0	0.000000e0	1.0000	0.000000e0	0.000000e0	-	1	1	0.000000e0	0.000000e0	0.000000e0	0.000000e0	0.000000e0	-	-	-	-	-
755	append204	0.0000	0.000000e0	0.000000e0	0.000000e0	1.0000	0.000000e0	0.000000e0	-	1	1	0.000000e0	0.000000e0	0.000000e0	0.000000e0	0.000000e0	-	-	-	-	-
756	append204	0.0000	0.000000e0	0.000000e0	0.000000e0	1.0000	0.000000e0	0.000000e0	-	1	1	0.000000e0	0.000000e0	0.000000e0	0.000000e0	0.000000e0	-	-	-	-	-
757	append204	0.0000	0.000000e0	0.000000e0	0.000000e0	1.0000	0.000000e0	0.000000e0	-	1	1	0.000000e0	0.000000e0	0.000000e0	0.000000e0	0.000000e0	-	-	-	-	-
758	append204	0.0000	0.000000e0	0.000000e0	0.000000e0	1.0000	0.000000e0	0.000000e0	-	1	1	0.000000e0	0.000000e0	0.000000e0	0.000000e0	0.000000e0	-	-	-	-	-
759	append204	0.0000	0.000000e0	0.000000e0	0.000000e0	1.0000	0.000000e0	0.000000e0	-	1	1	0.000000e0	0.000000e0	0.000000e0	0.000000e0	0.000000e0	-	-	-	-	-
760	append204	0.0000	0.000000e0	0.000000e0	0.000000e0	1.0000	0.000000e0	0.000000e0	-	1	1	0.000000e0	0.000000e0	0.000000e0	0.000000e0	0.000000e0	-	-	-	-	-
761	append204	0.0000	0.000000e0	0.000000e0	0.000000e0	1.0000	0.000000e0	0.000000e0	-	1	1	0.000000e0	0.000000e0	0.000000e0	0.000000e0	0.000000e0	-	-	-	-	-
762	append204	0.0000	0.000000e0	0.000000e0	0.000000e0	1.0000	0.000000e0	0.000000e0	-	1	1	0.000000e0	0.000000e0	0.000000e0	0.000000e0	0.000000e0	-	-	-	-	-
763	append204	0.0000	0.000000e0	0.000000e0	0.000000e0	1.0000	0.000000e0	0.000000e0	-	1	1	0.000000e0	0.000000e0	0.000000e0	0.000000e0	0.000000e0	-	-	-	-	-
764	append204	0.0000	0.000000e0	0.000000e0	0.000000e0	1.0000	0.000000e0	0.000000e0	-	1	1	0.000000e0	0.000000e0	0.000000e0	0.000000e0	0.000000e0	-	-	-	-	-
765	append204	0.0000	0.000000e0	0.000000e0	0.000000e0	1.0000	0.000000e0	0.000000e0	-	1	1	0.000000e0	0.000000e0	0.000000e0	0.000000e0	0.000000e0	-	-	-	-	-
766	append204	0.0000	0.000000e0	0.000000e0	0.000000e0	1.0000	0.000000e0	0.000000e0	-	1	1	0.000000e0	0.000000e0	0.000000e0	0.000000e0	0.000000e0	-	-	-	-	-
767	append204	0.0000	0.000000e0	0.000000e0	0.000000e0	1.0000	0.000000e0	0.000000e0	-	1	1	0.000000e0	0.000000e0	0.000000e0	0.000000e0	0.000000e0	-	-	-	-	-
768	append204	0.0000	0.000000e0	0.000000e0	0.000000e0	1.0000	0.000000e0	0.000000e0	-	1	1	0.000000e0	0.000000e0	0.000000e0	0.000000e0	0.000000e0	-	-	-	-	-
769	append204	0.0000	0.000000e0	0.000000e0	0.000000e0	1.0000	0.000000e0	0.000000e0	-	1	1	0.000000e0	0.000000e0	0.000000e0	0.000000e0	0.000000e0	-	-	-	-	-
770	append204	0.0000	0.000000e0	0.000000e0	0.000000e0	1.0000	0.000000e0	0.000000e0	-	1	1	0.000000e0	0.000000e0	0.000000e0	0.000000e0	0.000000e0	-	-	-	-	-
771	append204	0.0000	0.000000e0	0.000000e0	0.000000e0	1.0000	0.000000e0	0.000000e0	-	1	1	0.000000e0	0.000000e0	0.000000e0	0.000000e0	0.000000e0	-	-	-	-	-
772	append204	0.0000	0.000000e0	0.000000e0	0.000000e0	1.0000	0.000000e0	0.000000e0	-	1	1	0.000000e0	0.000000e0	0.000000e0	0.000000e0	0.000000e0	-	-	-	-	-
773	append204	1.0000	2.400438e-2	5.775788e-2	4.559936e-2	0.5584	6.166080e-1	1.591670e-1	-	0	0	3.036464e-2	1.997509e-2	2.102700e-2	2.569627e-2	2.842050e-2	-	-	-	-	-
774	append204	1.0000	6.871021e-3	3.768647e-2	1.652044e-2	0.7018	3.159881e-1	8.197612e-2	-	0	0	4.772512e-3	7.288017e-3	4.785497e-3	4.043482e-3	9.502212e-3	-	-	-	-	-
775	append204	1.0000	1.508722e-2	3.270841e-2	2.663581e-2	0.7670	4.473946e-1	8.137037e-2	-	0	0	1.503590e-2	1.502187e-2	1.264718e-2	1.732791e-2	1.546113e-2	-	-	-	-	-
776	append204	1.0000	9.786281e-2	4.029278e-1	1.980686e-1	0.5130	2.264280e0	6.604219e-1	-	0	0	3.867340e-2	1.036411e-1	1.185855e-1	1.208379e-1	1.456463e-1	-	-	-	-	-
777	append204	1.0000	3.830626e-2	1.122255e-1	5.400819e-2	0.6478	1.140072e0	1.860015e-1	-	0	0	4.540148e-2	2.787304e-2	4.586563e-2	3.887181e-2	5.871223e-2	-	-	-	-	-
778	append204	1.0000	3.306906e-2	1.110457e-1	6.192839e-2	0.6531	1.704631e0	2.294747e-1	-	0	0	1.969751e-2	3.419489e-2	4.842291e-2	6.972650e-2	3.430756e-2	-	-	-	-	-
779	append204	1.0000	5.417513e-2	2.073904e-1	9.333149e-2	0.5965	2.015608e0	2.745745e-1	-	0	0	5.286118e-2	4.674864e-2	7.042860e-2	6.556059e-2	7.149647e-2	-	-	-	-	-
780	append204	1.0000	4.682151e-2	9.616864e-2	8.214846e-2	0.8518	2.004898e0	2.184076e-1	-	0	0	7.097461e-2	3.459973e-2	3.169877e-2	3.762484e-2	5.889238e-2	-	-	-	-	-
781	append204	1.0000	5.341903e-2	1.956136e-1	8.363121e-2	0.5111	1.382567e0	2.247798e-1	-	0	0	8.011674e-2	3.135434e-2	5.216903e-2	3.816679e-2	8.985899e-2	-	-	-	-	-
782	append204	0.0000	0.000000e0	0.000000e0	0.000000e0	1.0000	0.000000e0	0.000000e0	-	1	1	0.000000e0	0.000000e0	0.000000e0	0.000000e0	0.000000e0	-	-	-	-	-
783	append204	0.0000	0.000000e0	0.000000e0	0.000000e0	1.0000	0.000000e0	0.000000e0	-	1	1	0.000000e0	0.000000e0	0.000000e0	0.000000e0	0.000000e0	-	-	-	-	-
784	append204	1.0000	2.545335e-2	1.206372e-1	4.922134e-2	0.5135	9.047476e-1	2.400604e-1	-	0	0	1.865769e-2	2.710703e-2	3.025516e-2	2.971523e-2	2.693301e-2	-	-	-	-	-
785	append204	1.0000	3.216718e-2	1.337109e-1	6.734921e-2	0.7436	8.561116e-1	2.278675e-1	-	0	0	1.292732e-2	3.876420e-2	4.291198e-2	4.375683e-2	3.140395e-2	-	-	-	-	-
786	append204	1.0000	3.464665e-2	1.120555e-1	7.150960e-2	0.6274	2.394235e0	2.319262e-1	-	0	0	3.840316e-2	2.191408e-2	4.839562e-2	2.957983e-2	6.601551e-2	-	-	-	-	-
787	append204	1.0000	6.134430e-2	2.600638e-1	1.092155e-1	0.5899	8.209021e-1	1.212220e-1	-	0	0	1.157072e-1	2.298272e-2	4.636052e-2	2.508169e-2	1.200846e-1	-	-	-	-	-
788	append204	1.0000	2.494576e-2	6.947088e-2	3.656743e-2	0.6268	1.021534e0	1.641862e-1	-	0	0	3.352977e-2	2.067946e-2	2.684022e-2	2.003633e-2	2.750042e-2	-	-	-	-	-
789	append204	1.0000	4.281351e-2	1.090918e-1	5.516119e-2	0.6641	1.321199e0	2.688545e-1	-	0	0	7.536503e-2	2.477585e-2	4.089702e-2	2.698746e-2	5.984178e-2	-	-	-	-	-
790	append204	1.0000	2.935883e-2	7.885909e-2	3.844045e-2	0.6778	1.308722e0	1.112956e-1	-	0	0	3.933014e-2	2.488746e-2	2.434329e-2	3.487177e-2	3.011427e-2	-	-	-	-	-
791	append204	1.0000	1.872393e-2	1.112653e-1	4.275509e-2	0.5293	9.792982e-1	3.158833e-1	-	0	0	6.833496e-3	2.148947e-2	2.924681e-2	2.447754e-2	2.154794e-2	-	-	-	-	-
792	append204	1.0000	2.882287e-2	1.607932e-1	5.959470e-2	0.7132	1.260738e0	4.247209e-1	-	0	0	2.209817e-2	2.802659e-2	4.129196e-2	1.714704e-2	3.936206e-2	-	-	-	-	-
793	append204	1.0000	8.993454e-2	3.155823e-1	1.399690e-1	0.5011	2.059970e0	3.302859e-1	-	0	0	8.680506e-2	7.246657e-2	1.369669e-1	2.001874e-1	1.089884e-1	-	-	-	-	-
794	append204	1.0000	7.800844e-2	3.451829e-1	1.479209e-1	0.5712	2.667835e0	6.051846e-1	-	0	0	5.362660e-2	6.214793e-2	1.190696e-1	1.712763e-1	1.249922e-1	-	-	-	-	-
795	append204	1.0000	3.842096e-2	1.567881e-1	9.898472e-2	0.5586	4.774719e0	7.314592e-1	-	0	0	2.013468e-2	4.548518e-2	5.220028e-2	5.649754e-2	3.271926e-2	-	-	-	-	-
796	append204	1.0000	9.938664e-2	2.467153e-1	1.439371e-1	0.7672	2.001975e0	2.739879e-1	-	0	0	1.141102e-1	7.594727e-2	1.400702e-1	1.223300e-1	1.356001e-1	-	-	-	-	-
797	append204	1.0000	7.963260e-2	2.218363e-1	4.003754e-1	0.7434	3.885833e0	1.162373e0	-	0	0	6.058907e-2	7.978570e-2	1.845882e-1	5.453218e-2	8.227962e-2	-	-	-	-	-
798	append204	1.0000	2.729737e-1	8.757353e-1	4.129838e-1	0.5830	3.837464e0	6.437631e-1	-	0	0	3.109908e-1	2.217174e-1	3.934007e-1	3.849766e-1	3.221241e-1	-0.001843	0.146759	-0.057617	-0.045855	0.000933
799	append204	0.0000	0.000000e0	0.000000e0	0.000000e0	1.0000	0.000000e0	0.000000e0	-	1	1	0.000000e0	0.000000e0	0.000000e0	0.000000e0	0.000000e0	-	-	-	-	-
800	append204	0.0000	0.000000e0	0.000000e0	0.000000e0	1.0000	0.000000e0	0.000000e0	-	1	1	0.000000e0	0.000000e0	0.000000e0	0.000000e0	0.000000e0	-	-	-	-	-
801	append204	1.0000	7.857113e-2	2.600933e-1	1.076583e-1	0.5811	2.735504e0	4.195754e-1	-	0	0	8.976160e-2	7.042235e-2	7.067403e-2	8.647212e-2	8.909208e-2	-	-	-	-	-
802	append204	1.0000	2.456553e-2	4.952884e-2	9.030514e-2	0.5921	2.571135e0	6.134034e-1	-	0	0	3.756384e-2	1.880790e-2	1.473542e-2	1.172887e-2	3.085513e-2	-	-	-	-	-
803	append204	1.0000	8.022188e-2	2.057915e-1	1.133242e-1	0.7089	2.054221e0	2.918751e-1	-	0	0	1.538923e-1	3.943371e-2	1.098651e-1	7.250285e-2	1.033006e-1	-	-	-	-	-
804	append204	1.0000	8.563445e-2	3.255882e-1	1.622747e-1	0.5832	1.528166e0	3.989192e-1	-	0	0	9.246533e-2	5.402907e-2	8.414866e-2	5.943683e-2	1.791057e-1	-	-	-	-	-
805	append204	0.0000	0.000000e0	0.000000e0	0.000000e0	1.0000	0.000000e0	0.000000e0	-	1	1	0.000000e0	0.000000e0	0.000000e0	0.000000e0	0.000000e0	-	-	-	-	-
806	append204	0.0000	0.000000e0	0.000000e0	0.000000e0	1.0000	0.000000e0	0.000000e0	-	1	1	0.000000e0	0.000000e0	0.000000e0	0.000000e0	0.000000e0	-	-	-	-	-
807	append204	1.0000	3.216451e-2	8.046103e-2	4.780884e-2	0.7755	6.477930e-1	1.826606e-1	-	0	0	5.772065e-2	1.946454e-2	2.607201e-2	2.420698e-2	4.125348e-2	-	-	-	-	-
808	append204	1.0000	9.131474e-3	2.535796e-2	1.604443e-2	0.6250	3.902608e-1	5.345497e-2	-	0	0	9.337698e-3	8.691878e-3	9.227918e-3	1.016298e-2	9.933010e-3	-	-	-	-	-
809	append204	1.0000	1.218366e-2	3.054237e-2	2.279541e-2	0.6647	4.544172e-1	4.825327e-2	-	0	0	1.200580e-2	1.110038e-2	1.177337e-2	1.431802e-2	1.530281e-2	-	-	-	-	-
810	append204	1.0000	8.812057e-2	3.589751e-1	1.734051e-1	0.5514	1.997190e0	5.175911e-1	-	0	0	3.633933e-2	9.323988e-2	1.047231e-1	1.125200e-1	1.291221e-1	-	-	-	-	-
811	append204	1.0000	4.639049e-2	1.818345e-1	7.608748e-2	0.5891	9.183928e-1	2.178765e-1	-	0	0	4.074099e-2	3.928528e-2	6.020366e-2	5.975925e-2	6.847651e-2	-	-	-	-	-
812	append204	1.0000	4.084846e-2	1.256449e-1	6.479080e-2	0.5623	2.038898e0	3.578052e-1	-	0	0	4.373888e-2	3.807275e-2	4.204474e-2	4.476587e-2	4.432266e-2	-	-	-	-	-
813	append204	1.0000	3.877691e-2	1.250980e-1	8.101291e-2	0.6296	2.081738e0	2.820287e-1	-	0	0	3.605056e-2	2.415923e-2	5.940556e-2	4.207322e-2	8.045055e-2	-	-	-	-	-
814	append204	1.0000	2.301420e-2	5.709106e-2	7.768886e-2	0.5204	1.458682e0	1.958248e-1	-	0	0	1.780833e-2	2.649345e-2	1.533403e-2	3.584580e-2	1.815825e-2	-	-	-	-	-
815	append204	1.0000	1.882238e-1	6.900539e-1	3.228174e-1	0.5360	2.729418e0	6.792152e-1	-	0	0	1.820794e-1	1.515714e-1	1.845081e-1	1.355422e-1	3.204002e-1	-0.002663	0.059984	-0.009038	-0.012042	-0.009092
816	append204	0.0000	0.000000e0	0.000000e0	0.000000e0	1.0000	0.000000e0	0.000000e0	-	1	1	0.000000e0	0.000000e0	0.000000e0	0.000000e0	0.000000e0	-	-	-	-	-
817	append204	0.0000	0.000000e0	0.000000e0	0.000000e0	1.0000	0.000000e0	0.000000e0	-	1	1	0.000000e0	0.000000e0	0.000000e0	0.000000e0	0.000000e0	-	-	-	-	-
818	append204	1.0000	4.965366e-2	1.346208e-1	8.447976e-2	0.5120	1.677620e0	3.212837e-1	-	0	0	4.677705e-2	4.738180e-2	5.927692e-2	8.423089e-2	4.967747e-2	-	-	-	-	-
819	append204	1.0000	1.051154e-1	3.213618e-1	1.760820e-1	0.8431	2.032809e0	3.565249e-1	-	0	0	8.140470e-2	1.091139e-1	1.392484e-1	1.531038e-1	1.034216e-1	-	-	-	-	-
820	append204	1.0000	8.531901e-2	2.497258e-1	1.378352e-1	0.6257	4.198284e0	5.067055e-1	-	0	0	1.383425e-1	4.737779e-2	1.163858e-1	5.703025e-2	1.307143e-1	-	-	-	-	-
821	append204	1.0000	7.971641e-2	2.778525e-1	1.245739e-1	0.5686	1.393005e0	1.527141e-1	-	0	0	1.343961e-1	4.546455e-2	6.424577e-2	4.470689e-2	1.254330e-1	-	-	-	-	-
822	append204	0.0000	0.000000e0	0.000000e0	0.000000e0	1.0000	0.000000e0	0.000000e0	-	1	1	0.000000e0	0.000000e0	0.000000e0	0.000000e0	0.000000e0	-	-	-	-	-
823	append204	0.0000	0.000000e0	0.000000e0	0.000000e0	1.0000	0.000000e0	0.000000e0	-	1	1	0.000000e0	0.000000e0	0.000000e0	0.000000e0	0.000000e0	-	-	-	-	-
824	append204	1.0000	1.342736e-2	5.314803e-2	2.721734e-2	0.5289	3.814447e-1	1.290500e-1	-	0	0	1.696857e-2	1.041684e-2	1.155931e-2	1.077805e-2	1.910186e-2	-	-	-	-	-
825	append204	1.0000	8.793695e-3	4.338026e-2	1.913020e-2	0.7306	3.095734e-1	9.853053e-2	-	0	0	7.688209e-3	8.619229e-3	6.478902e-3	4.454905e-3	1.235316e-2	-	-	-	-	-
826	append204	1.0000	1.562277e-2	3.323174e-2	2.667837e-2	0.7808	4.005481e-1	1.033401e-1	-	0	0	1.906230e-2	1.372035e-2	1.169488e-2	1.139045e-2	1.897345e-2	-	-	-	-	-
827	append204	1.0000	6.397077e-2	2.065257e-1	8.939957e-2	0.5810	1.539076e0	2.123565e-1	-	0	0	6.730495e-2	4.645945e-2	8.134896e-2	1.079822e-1	9.797957e-2	-	-	-	-	-
828	append204	1.0000	5.154204e-2	1.645267e-1	8.105148e-2	0.6431	9.846889e-1	9.168591e-2	-	0	0	3.415317e-2	5.455880e-2	8.820636e-2	1.057835e-1	4.259015e-2	-	-	-	-	-
829	append204	1.0000	2.373450e-2	1.087878e-1	5.302078e-2	0.6509	9.229439e-1	2.225975e-1	-	0	0	1.451266e-2	2.502811e-2	3.049828e-2	2.238188e-2	3.022118e-2	-	-	-	-	-
830	append204	1.0000	1.731092e-2	7.058817e-2	5.175584e-2	0.5438	1.157036e0	2.470753e-1	-	0	0	6.246868e-3	1.540507e-2	3.570588e-2	1.930617e-2	3.206236e-2	-	-	-	-	-
831	append204	1.0000	1.899462e-2	3.292900e-2	6.632350e-2	0.6994	1.051990e0	1.179586e-1	-	0	0	2.231595e-2	1.929082e-2	1.369637e-2	1.590951e-2	1.592382e-2	-	-	-	-	-
832	append204	1.0000	3.052991e-2	1.008596e-1	6.146120e-2	0.5973	8.170417e-1	2.180855e-1	-	0	0	1.974356e-2	3.300066e-2	3.557343e-2	2.002719e-2	3.803814e-2	-	-	-	-	-
833	append204	0.0000	0.000000e0	0.000000e0	0.000000e0	1.0000	0.000000e0	0.000000e0	-	1	1	0.000000e0	0.000000e0	0.000000e0	0.000000e0	0.000000e0	-	-	-	-	-
834	append204	0.0000	0.000000e0	0.000000e0	0.000000e0	1.0000	0.000000e0	0.000000e0	-	1	1	0.000000e0	0.000000e0	0.000000e0	0.000000e0	0.000000e0	-	-	-	-	-
835	append204	1.0000	1.689246e-2	8.305141e-2	3.384461e-2	0.5158	6.082065e-1	1.722002e-1	-	0	0	1.451666e-2	1.711700e-2	1.922834e-2	1.533091e-2	1.902205e-2	-	-	-	-	-
836	append204	1.0000	1.908885e-2	1.048341e-1	4.831863e-2	0.6528	6.194645e-1	2.209084e-1	-	0	0	6.762691e-3	2.209557e-2	2.392021e-2	1.962857e-2	2.443189e-2	-	-	-	-	-
837	append204	1.0000	2.786183e-2	8.230650e-2	7.937932e-2	0.6400	2.609844e0	2.992477e-1	-	0	0	1.263618e-2	3.031915e-2	5.672798e-2	2.284323e-2	3.366060e-2	-	-	-	-	-
838	append204	1.0000	8.604684e-2	3.222115e-1	1.598024e-1	0.5660	1.388423e0	3.137861e-1	-	0	0	1.040831e-1	6.108459e-2	8.311101e-2	6.480558e-2	1.442217e-1	-	-	-	-	-
839	append204	1.0000	8.834862e-3	3.322935e-2	1.615677e-2	0.5288	6.588872e-1	8.280832e-2	-	0	0	6.350384e-3	8.759650e-3	1.458939e-2	8.521871e-3	1.083525e-2	-	-	-	-	-
840	append204	1.0000	2.036552e-2	7.234955e-2	4.374797e-2	0.5172	9.738298e-1	1.011421e-1	-	0	0	1.108891e-2	2.554654e-2	2.931907e-2	3.026411e-2	1.195519e-2	-	-	-	-	-
841	append204	1.0000	2.220917e-2	5.283594e-2	2.734502e-2	0.7065	8.552585e-1	1.016293e-1	-	0	0	3.921279e-2	1.337884e-2	1.796255e-2	1.980244e-2	2.878606e-2	-	-	-	-	-
842	append204	1.0000	2.405835e-2	5.164719e-2	3.043242e-2	0.7495	7.683396e-1	1.145256e-1	-	0	0	3.617913e-2	1.542525e-2	2.697285e-2	1.873852e-2	3.513195e-2	-	-	-	-	-
843	append204	1.0000	4.279632e-2	1.004201e-1	5.790782e-2	0.7273	1.159336e0	2.096838e-1	-	0	0	5.738219e-2	3.076537e-2	5.039464e-2	4.073831e-2	5.902430e-2	-	-	-	-	-
844	append204	1.0000	9.201008e-2	2.908835e-1	1.265581e-1	0.5718	1.707686e0	3.295546e-1	-	0	0	1.493785e-1	4.753810e-2	1.026419e-1	1.101041e-1	1.460948e-1	-	-	-	-	-
845	append204	1.0000	4.235783e-2	1.579381e-1	7.782257e-2	0.6289	2.271405e0	2.929867e-1	-	0	0	3.420608e-2	3.913776e-2	6.911040e-2	7.323101e-2	4.845375e-2	-	-	-	-	-
846	append204	1.0000	3.385625e-2	1.293857e-1	9.325171e-2	0.6508	2.507574e0	4.167842e-1	-	0	0	2.214482e-2	4.125580e-2	5.331180e-2	3.042741e-2	2.223675e-2	-	-	-	-	-
847	append204	1.0000	3.295172e-2	7.980442e-2	6.186669e-2	0.6355	8.365513e-1	2.203782e-1	-	0	0	6.012653e-2	1.477950e-2	7.181861e-2	2.259524e-2	4.544976e-2	-	-	-	-	-
848	append204	1.0000	4.438874e-2	1.393628e-1	2.309156e-1	0.7176	1.791303e0	5.981585e-1	-	0	0	2.517743e-2	4.556258e-2	1.268324e-1	3.990632e-2	4.518626e-2	-	-	-	-	-
849	append204	1.0000	1.167591e-1	3.695894e-1	1.701558e-1	0.5680	1.608733e0	3.552184e-1	-	0	0	1.612227e-1	7.344518e-2	1.473135e-1	1.368320e-1	1.782850e-1	-	-	-	-	-
850	append204	0.0000	0.000000e0	0.000000e0	0.000000e0	1.0000	0.000000e0	0.000000e0	-	1	1	0.000000e0	0.000000e0	0.000000e0	0.000000e0	0.000000e0	-	-	-	-	-
851	append204	0.0000	0.000000e0	0.000000e0	0.000000e0	1.0000	0.000000e0	0.000000e0	-	1	1	0.000000e0	0.000000e0	0.000000e0	0.000000e0	0.000000e0	-	-	-	-	-
852	append204	1.0000	5.209828e-2	1.873703e-1	7.372138e-2	0.5690	1.797459e0	3.221640e-1	-	0	0	5.545696e-2	4.793979e-2	4.824092e-2	5.571157e-2	6.054082e-2	-	-	-	-	-
853	append204	1.0000	2.497286e-2	4.559085e-2	9.061599e-2	0.5132	2.096230e0	4.177222e-1	-	0	0	2.469866e-2	2.701912e-2	1.785235e-2	1.798194e-2	2.260025e-2	-	-	-	-	-
854	append204	1.0000	4.660431e-2	1.271688e-1	1.326120e-1	0.5556	1.376210e0	4.251798e-1	-	0	0	6.733259e-2	2.809361e-2	9.994550e-2	5.298631e-2	6.075453e-2	-	-	-	-	-
855	append204	1.0000	3.514496e-2	1.231551e-1	5.728587e-2	0.5212	7.086980e-1	1.472638e-1	-	0	0	5.094504e-2	1.965834e-2	2.767760e-2	1.827725e-2	6.763890e-2	-	-	-	-	-
856	append204	0.0000	0.000000e0	0.000000e0	0.000000e0	1.0000	0.000000e0	0.000000e0	-	1	1	0.000000e0	0.000000e0	0.000000e0	0.000000e0	0.000000e0	-	-	-	-	-
857	append204	0.0000	0.000000e0	0.000000e0	0.000000e0	1.0000	0.000000e0	0.000000e0	-	1	1	0.000000e0	0.000000e0	0.000000e0	0.000000e0	0.000000e0	-	-	-	-	-
858	append204	1.0000	1.923181e-2	4.771805e-2	3.000034e-2	0.7843	3.970121e-1	1.174548e-1	-	0	0	3.338814e-2	1.233766e-2	1.500821e-2	1.196333e-2	2.472677e-2	-	-	-	-	-
859	append204	1.0000	6.883761e-3	1.726198e-2	1.082164e-2	0.7190	2.360658e-1	4.543701e-2	-	0	0	9.641186e-3	5.388849e-3	6.194307e-3	5.430221e-3	8.388996e-3	-	-	-	-	-
860	append204	1.0000	6.311733e-3	1.548386e-2	1.204197e-2	0.5813	2.632105e-1	3.312352e-2	-	0	0	6.714390e-3	5.907835e-3	6.587643e-3	6.352266e-3	6.937331e-3	-	-	-	-	-
861	append204	1.0000	4.543966e-2	1.751785e-1	6.971044e-2	0.6097	1.097837e0	2.119132e-1	-	0	0	6.706863e-2	2.549900e-2	3.992270e-2	4.518348e-2	7.956437e-2	-	-	-	-	-
862	append204	1.0000	3.122108e-2	1.503913e-1	5.611912e-2	0.6597	7.144685e-1	1.583985e-1	-	0	0	1.482611e-2	3.682512e-2	4.412001e-2	4.265854e-2	2.928994e-2	-	-	-	-	-
863	append204	1.0000	2.522822e-2	1.807009e-1	6.459299e-2	0.5229	9.800706e-1	3.276954e-1	-	0	0	1.074148e-2	2.607792e-2	2.852734e-2	2.363088e-2	4.077614e-2	-	-	-	-	-
864	append204	1.0000	4.805541e-2	1.944216e-1	1.298583e-1	0.5771	1.811462e0	5.110034e-1	-	0	0	2.657195e-2	3.841111e-2	9.183483e-2	5.903337e-2	9.096111e-2	-	-	-	-	-
865	append204	1.0000	1.057116e-2	4.613113e-2	5.213873e-2	0.5727	3.394608e-1	1.077919e-1	-	0	0	8.296034e-3	1.160736e-2	7.303668e-3	5.088908e-3	1.247830e-2	-	-	-	-	-
866	append204	1.0000	7.448433e-2	2.700415e-1	1.147186e-1	0.5843	1.358547e0	2.253274e-1	-	0	0	5.275174e-2	7.446654e-2	1.002151e-1	1.037462e-1	8.896023e-2	-	-	-	-	-
867	append204	0.0000	0.000000e0	0.000000e0	0.000000e0	1.0000	0.000000e0	0.000000e0	-	1	1	0.000000e0	0.000000e0	0.000000e0	0.000000e0	0.000000e0	-	-	-	-	-
868	append204	0.0000	0.000000e0	0.000000e0	0.000000e0	1.0000	0.000000e0	0.000000e0	-	1	1	0.000000e0	0.000000e0	0.000000e0	0.000000e0	0.000000e0	-	-	-	-	-
869	append204	1.0000	3.295933e-2	8.632851e-2	5.740788e-2	0.5122	1.126209e0	2.108557e-1	-	0	0	3.310081e-2	3.071546e-2	3.898404e-2	5.434490e-2	3.302968e-2	-	-	-	-	-
870	append204	1.0000	5.118075e-2	2.248561e-1	9.367558e-2	0.8740	9.160794e-1	2.905710e-1	-	0	0	3.876814e-2	5.100919e-2	6.202028e-2	5.127467e-2	6.481082e-2	-	-	-	-	-
871	append204	1.0000	3.549271e-2	1.011761e-1	1.029826e-1	0.6399	2.559173e0	4.454278e-1	-	0	0	1.567334e-2	3.264965e-2	9.208890e-2	3.402120e-2	5.523677e-2	-	-	-	-	-
872	append204	1.0000	9.193897e-2	3.323035e-1	1.532882e-1	0.5506	1.502927e0	2.555643e-1	-	0	0	1.032115e-1	7.412385e-2	8.027866e-2	6.332514e-2	1.411263e-1	-	-	-	-	-
873	append204	0.0000	0.000000e0	0.000000e0	0.000000e0	1.0000	0.000000e0	0.000000e0	-	1	1	0.000000e0	0.000000e0	0.000000e0	0.000000e0	0.000000e0	-	-	-	-	-
874	append204	0.0000	0.000000e0	0.000000e0	0.000000e0	1.0000	0.000000e0	0.000000e0	-	1	1	0.000000e0	0.000000e0	0.000000e0	0.000000e0	0.000000e0	-	-	-	-	-
875	append204	1.0000	1.407145e-2	7.411385e-2	3.200266e-2	0.5384	4.523971e-1	1.749827e-1	-	0	0	1.471224e-2	1.166667e-2	1.147558e-2	9.414828e-3	2.229218e-2	-	-	-	-	-
876	append204	1.0000	1.192842e-2	6.857312e-2	2.784929e-2	0.6705	4.162725e-1	1.535890e-1	-	0	0	9.993207e-3	1.153735e-2	9.199156e-3	5.336757e-3	1.784225e-2	-	-	-	-	-
877	append204	1.0000	1.618803e-2	5.440640e-2	3.031151e-2	0.7536	4.635465e-1	1.465877e-1	-	0	0	1.858746e-2	1.430713e-2	1.106424e-2	8.690256e-3	2.188037e-2	-	-	-	-	-
878	append204	1.0000	6.666538e-2	2.329803e-1	9.249400e-2	0.6421	1.421426e0	2.411227e-1	-	0	0	9.803354e-2	3.548441e-2	7.444864e-2	7.307357e-2	1.173365e-1	-	-	-	-	-
879	append204	1.0000	4.501328e-2	2.361290e-1	8.698335e-2	0.7229	9.217336e-1	3.636781e-1	-	0	0	2.755609e-2	4.687666e-2	7.231052e-2	5.038674e-2	5.346160e-2	-	-	-	-	-
880	append204	1.0000	3.146378e-2	1.041131e-1	5.864165e-2	0.6156	9.334041e-1	2.311188e-1	-	0	0	2.071267e-2	3.327146e-2	4.592395e-2	3.068054e-2	3.622999e-2	-	-	-	-	-
881	append204	1.0000	4.166635e-2	1.406446e-1	1.127709e-1	0.6591	1.966833e0	4.393692e-1	-	0	0	1.995150e-2	4.152492e-2	1.221226e-1	7.928100e-2	4.036629e-2	-	-	-	-	-
882	append204	1.0000	4.736568e-2	6.170681e-2	2.432865e-1	0.7480	2.527570e0	2.624556e-1	-	0	0	1.519181e-2	7.380860e-2	2.403556e-2	3.090890e-2	1.845464e-2	-	-	-	-	-
883	append204	1.0000	5.082999e-2	1.940413e-1	7.930525e-2	0.5645	9.922193e-1	1.794148e-1	-	0	0	4.679270e-2	4.473115e-2	7.651910e-2	6.122861e-2	6.541155e-2	-	-	-	-	-
884	append204	0.0000	0.000000e0	0.000000e0	0.000000e0	1.0000	0.000000e0	0.000000e0	-	1	1	0.000000e0	0.000000e0	0.000000e0	0.000000e0	0.000000e0	-	-	-	-	-
885	append204	0.0000	0.000000e0	0.000000e0	0.000000e0	1.0000	0.000000e0	0.000000e0	-	1	1	0.000000e0	0.000000e0	0.000000e0	0.000000e0	0.000000e0	-	-	-	-	-
886	append204	1.0000	1.705848e-2	8.134508e-2	3.380941e-2	0.5249	6.062489e-1	1.716647e-1	-	0	0	1.565295e-2	1.693545e-2	1.907801e-2	1.496026e-2	1.920205e-2	-	-	-	-	-
887	append204	1.0000	2.071877e-2	1.079096e-1	4.648109e-2	0.6380	7.004242e-1	2.489826e-1	-	0	0	1.591969e-2	2.042099e-2	2.356548e-2	8.828368e-3	2.981813e-2	-	-	-	-	-
888	append204	1.0000	2.797611e-2	7.237796e-2	9.075504e-2	0.5047	3.168885e0	3.398782e-1	-	0	0	1.521708e-2	3.291392e-2	7.062743e-2	2.155174e-2	1.984770e-2	-	-	-	-	-
889	append204	1.0000	6.978156e-2	2.624089e-1	1.197847e-1	0.5085	1.667410e0	2.788774e-1	-	0	0	5.502614e-2	6.587784e-2	7.501594e-2	7.137864e-2	9.882952e-2	-	-	-	-	-
890	append204	1.0000	2.601540e-2	6.625772e-2	3.661106e-2	0.6474	1.085078e0	1.746335e-1	-	0	0	3.496978e-2	1.935942e-2	3.099423e-2	2.602670e-2	3.338797e-2	-	-	-	-	-
891	append204	1.0000	3.552330e-2	9.742913e-2	6.914804e-2	0.6953	1.505022e0	1.610561e-1	-	0	0	3.560270e-2	3.506531e-2	4.250980e-2	4.599197e-2	3.255831e-2	-	-	-	-	-
892	append204	1.0000	1.964989e-2	6.697953e-2	3.513582e-2	0.6341	1.072541e0	2.610260e-1	-	0	0	2.098648e-2	1.630710e-2	2.708762e-2	2.439711e-2	2.502694e-2	-	-	-	-	-
893	append204	1.0000	1.807821e-2	4.063809e-2	2.497999e-2	0.6267	1.026820e0	1.521496e-1	-	0	0	2.712367e-2	1.283475e-2	1.742199e-2	1.251419e-2	2.381414e-2	-	-	-	-	-
894	append204	1.0000	2.742325e-2	6.340313e-2	3.757332e-2	0.7415	1.133359e0	1.431394e-1	-	0	0	4.415487e-2	1.597951e-2	2.650103e-2	2.225127e-2	4.205021e-2	-	-	-	-	-
895	append204	1.0000	6.680021e-2	1.978502e-1	8.001014e-2	0.7676	1.978817e0	3.094855e-1	-	0	0	1.039760e-1	3.878214e-2	8.812774e-2	8.380311e-2	9.445116e-2	-	-	-	-	-
896	append204	1.0000	5.635350e-2	1.459062e-1	9.061894e-2	0.6933	2.295033e0	2.543155e-1	-	0	0	7.333048e-2	4.724586e-2	7.644162e-2	6.091232e-2	5.587532e-2	-	-	-	-	-
897	append204	1.0000	3.904334e-2	1.026559e-1	9.167558e-2	0.6345	2.961600e0	4.170602e-1	-	0	0	3.561100e-2	3.966221e-2	5.459251e-2	4.753035e-2	3.556894e-2	-	-	-	-	-
898	append204	1.0000	3.436343e-2	1.862516e-1	1.423068e-1	0.5213	1.235839e0	5.342861e-1	-	0	0	3.211783e-2	2.442823e-2	9.823403e-2	2.657057e-2	5.261321e-2	-	-	-	-	-
899	append204	1.0000	3.473899e-2	7.811570e-2	7.784243e-2	0.7718	1.681171e0	1.758117e-1	-	0	0	2.734967e-2	3.683129e-2	7.990771e-2	5.063127e-2	2.248116e-2	-	-	-	-	-
900	append204	1.0000	6.338921e-2	2.454173e-1	1.131735e-1	0.6203	2.485132e0	5.730864e-1	-	0	0	5.277338e-2	5.905845e-2	7.937830e-2	6.508437e-2	8.560493e-2	-	-	-	-	-
901	append204	0.0000	0.000000e0	0.000000e0	0.000000e0	1.0000	0.000000e0	0.000000e0	-	1	1	0.000000e0	0.000000e0	0.000000e0	0.000000e0	0.000000e0	-	-	-	-	-
902	append204	0.0000	0.000000e0	0.000000e0	0.000000e0	1.0000	0.000000e0	0.000000e0	-	1	1	0.000000e0	0.000000e0	0.000000e0	0.000000e0	0.000000e0	-	-	-	-	-
903	append204	1.0000	5.282506e-2	1.896353e-1	7.467217e-2	0.5688	1.820942e0	3.255813e-1	-	0	0	5.640214e-2	4.849651e-2	4.889507e-2	5.680896e-2	6.143474e-2	-	-	-	-	-
904	append204	1.0000	2.871617e-2	7.802153e-2	9.096645e-2	0.7127	2.479026e0	5.588313e-1	-	0	0	1.155279e-2	3.569165e-2	2.892935e-2	2.843142e-2	2.963646e-2	-	-	-	-	-
905	append204	1.0000	4.589263e-2	2.012495e-1	1.704930e-1	0.5043	1.573454e0	5.808199e-1	-	0	0	4.069855e-2	3.481229e-2	1.265851e-1	6.297142e-2	6.124193e-2	-	-	-	-	-
906	append204	1.0000	3.221175e-2	1.051515e-1	5.839094e-2	0.5220	9.347010e-1	1.275718e-1	-	0	0	2.957397e-2	2.336298e-2	2.510925e-2	2.419212e-2	6.611757e-2	-	-	-	-	-
907	append204	0.0000	0.000000e0	0.000000e0	0.000000e0	1.0000	0.000000e0	0.000000e0	-	1	1	0.000000e0	0.000000e0	0.000000e0	0.000000e0	0.000000e0	-	-	-	-	-
908	append204	0.0000	0.000000e0	0.000000e0	0.000000e0	1.0000	0.000000e0	0.000000e0	-	1	1	0.000000e0	0.000000e0	0.000000e0	0.000000e0	0.000000e0	-	-	-	-	-
909	append204	1.0000	1.850212e-2	4.336643e-2	2.957342e-2	0.7750	3.944509e-1	1.304413e-1	-	0	0	2.996598e-2	1.234119e-2	1.442067e-2	1.083195e-2	2.529029e-2	-	-	-	-	-
910	append204	1.0000	9.204674e-3	3.062642e-2	1.646539e-2	0.7382	2.666577e-1	7.826367e-2	-	0	0	1.289128e-2	6.850568e-3	8.094589e-3	5.648593e-3	1.271872e-2	-	-	-	-	-
911	append204	1.0000	8.253372e-3	2.419412e-2	1.613255e-2	0.5851	2.847497e-1	5.930753e-2	-	0	0	8.922838e-3	7.438085e-3	8.202480e-3	6.902301e-3	1.019173e-2	-	-	-	-	-
912	append204	1.0000	7.109257e-2	2.433515e-1	1.027194e-1	0.5890	1.256805e0	3.232932e-1	-	0	0	1.075335e-1	3.971997e-2	7.573662e-2	6.466922e-2	1.196339e-1	-	-	-	-	-
913	append204	1.0000	3.004346e-2	1.642065e-1	6.473276e-2	0.6595	8.916604e-1	3.675825e-1	-	0	0	2.406186e-2	2.576069e-2	3.813455e-2	3.351982e-2	4.779361e-2	-	-	-	-	-
914	append204	1.0000	2.259224e-2	1.425182e-1	5.675728e-2	0.5971	6.679784e-1	2.565849e-1	-	0	0	1.495710e-2	2.173535e-2	2.796458e-2	1.658478e-2	3.500198e-2	-	-	-	-	-
915	append204	1.0000	5.773109e-2	2.184730e-1	1.501407e-1	0.6991	2.471888e0	6.957148e-1	-	0	0	3.549298e-2	5.496373e-2	1.349192e-1	7.199900e-2	7.134744e-2	-	-	-	-	-
916	append204	1.0000	9.771686e-3	4.816747e-2	6.101349e-2	0.6702	4.616943e-1	1.521122e-1	-	0	0	5.807777e-3	1.128789e-2	6.584348e-3	4.016338e-3	1.243633e-2	-	-	-	-	-
917	append204	1.0000	4.984546e-2	1.265833e-1	6.881867e-2	0.6235	1.195557e0	1.956462e-1	-	0	0	5.696167e-2	3.615424e-2	6.605207e-2	7.904312e-2	7.118029e-2	-	-	-	-	-
918	append204	0.0000	0.000000e0	0.000000e0	0.000000e0	1.0000	0.000000e0	0.000000e0	-	1	1	0.000000e0	0.000000e0	0.000000e0	0.000000e0	0.000000e0	-	-	-	-	-
919	append204	0.0000	0.000000e0	0.000000e0	0.000000e0	1.0000	0.000000e0	0.000000e0	-	1	1	0.000000e0	0.000000e0	0.000000e0	0.000000e0	0.000000e0	-	-	-	-	-
920	append204	1.0000	3.330158e-2	8.448212e-2	5.784300e-2	0.5104	1.130643e0	2.098765e-1	-	0	0	3.522957e-2	3.049275e-2	3.879186e-2	5.380823e-2	3.313255e-2	-	-	-	-	-
921	append204	1.0000	4.975629e-2	2.296805e-1	8.724045e-2	0.8832	8.572735e-1	3.172594e-1	-	0	0	4.278458e-2	4.656117e-2	5.430633e-2	4.258951e-2	6.888131e-2	-	-	-	-	-
922	append204	1.0000	3.065303e-2	7.155907e-2	8.519064e-2	0.5457	3.007164e0	3.963612e-1	-	0	0	2.090564e-2	2.905008e-2	7.883136e-2	3.877041e-2	3.365118e-2	-	-	-	-	-
923	append204	1.0000	7.430143e-2	2.886047e-1	1.354722e-1	0.5151	1.662547e0	3.225333e-1	-	0	0	3.910081e-2	7.975695e-2	7.371347e-2	6.333165e-2	1.056894e-1	-	-	-	-	-
924	tail20	1.0000	1.376948e-1	4.172955e-1	2.192793e-1	0.6698	3.433377e0	3.697507e-1	-	0	0	1.116304e-1	1.262667e-1	1.795926e-1	2.288203e-1	1.736934e-1	-0.000523	0.003026	-0.001561	0.019924	0.000187
925	tail20	1.0000	1.036208e-1	3.963788e-1	2.068213e-1	0.5591	3.899676e0	6.031027e-1	-	0	0	2.742457e-2	1.136945e-1	1.813838e-1	2.800616e-1	1.096796e-1	-	-	-	-	-
926	tail20	1.0000	1.432645e-2	5.200925e-2	2.290583e-2	0.6507	5.292890e-1	4.334683e-2	-	0	0	1.018096e-2	1.458644e-2	1.828232e-2	1.544864e-2	1.757601e-2	-	-	-	-	-
927	tail20	0.0000	0.000000e0	0.000000e0	0.000000e0	1.0000	0.000000e0	0.000000e0	-	1	1	0.000000e0	0.000000e0	0.000000e0	0.000000e0	0.000000e0	-	-	-	-	-
928	tail20	0.0000	0.000000e0	0.000000e0	0.000000e0	1.0000	0.000000e0	0.000000e0	-	1	1	0.000000e0	0.000000e0	0.000000e0	0.000000e0	0.000000e0	-	-	-	-	-
929	tail20	1.0000	4.561666e-2	1.365461e-1	6.780497e-2	0.6045	1.768355e0	2.265719e-1	-	0	0	5.993624e-2	3.071883e-2	4.838761e-2	4.672397e-2	7.138525e-2	-	-	-	-	-
930	tail20	1.0000	7.193023e-2	2.124813e-1	1.100146e-1	0.6759	2.516792e0	3.443160e-1	-	0	0	9.355416e-2	4.604769e-2	8.133000e-2	1.186762e-1	1.092419e-1	-	-	-	-	-
931	tail20	1.0000	1.705618e-2	5.782449e-2	2.553239e-2	0.6742	5.346031e-1	4.213582e-2	-	0	0	1.685812e-2	1.462308e-2	2.018648e-2	1.680982e-2	2.392818e-2	-	-	-	-	-
932	tail20	0.0000	0.000000e0	0.000000e0	0.000000e0	1.0000	0.000000e0	0.000000e0	-	1	1	0.000000e0	0.000000e0	0.000000e0	0.000000e0	0.000000e0	-	-	-	-	-
933	tail20	0.0000	0.000000e0	0.000000e0	0.000000e0	1.0000	0.000000e0	0.000000e0	-	1	1	0.000000e0	0.000000e0	0.000000e0	0.000000e0	0.000000e0	-	-	-	-	-
934	tail20	1.0000	4.328294e-2	1.625657e-1	7.611003e-2	0.6885	1.387841e0	1.753712e-1	-	0	0	3.924187e-2	3.743196e-2	6.806466e-2	4.187472e-2	6.010566e-2	-	-	-	-	-
935	tail20	1.0000	7.017745e-2	2.009805e-1	1.494821e-1	0.6707	2.300976e0	2.863062e-1	-	0	0	5.414054e-2	6.322959e-2	1.244176e-1	1.630180e-1	7.612680e-2	-	-	-	-	-
936	tail20	1.0000	1.369486e-2	4.798162e-2	2.168742e-2	0.6533	5.019458e-1	3.977368e-2	-	0	0	1.000584e-2	1.363970e-2	1.719342e-2	1.430883e-2	1.754996e-2	-	-	-	-	-
937	tail20	0.0000	0.000000e0	0.000000e0	0.000000e0	1.0000	0.000000e0	0.000000e0	-	1	1	0.000000e0	0.000000e0	0.000000e0	0.000000e0	0.000000e0	-	-	-	-	-
938	tail20	0.0000	0.000000e0	0.000000e0	0.000000e0	1.0000	0.000000e0	0.000000e0	-	1	1	0.000000e0	0.000000e0	0.000000e0	0.000000e0	0.000000e0	-	-	-	-	-
939	tail20	1.0000	6.909340e-2	2.792045e-1	1.392561e-1	0.6494	1.942090e0	4.311398e-1	-	0	0	4.292588e-2	6.621816e-2	1.252718e-1	9.395207e-2	9.105851e-2	-	-	-	-	-
940	tail20	1.0000	4.642256e-2	1.472790e-1	8.041727e-2	0.6328	2.247302e0	2.218084e-1	-	0	0	4.414921e-2	3.999138e-2	5.676718e-2	7.391044e-2	5.973835e-2	-	-	-	-	-
941	tail20	1.0000	1.280118e-2	4.675466e-2	2.095469e-2	0.6496	5.223218e-1	4.720249e-2	-	0	0	6.878574e-3	1.395811e-2	1.673232e-2	1.362677e-2	1.569115e-2	-	-	-	-	-
942	tail20	0.0000	0.000000e0	0.000000e0	0.000000e0	1.0000	0.000000e0	0.000000e0	-	1	1	0.000000e0	0.000000e0	0.000000e0	0.000000e0	0.000000e0	-	-	-	-	-
943	tail20	0.0000	0.000000e0	0.000000e0	0.000000e0	1.0000	0.000000e0	0.000000e0	-	1	1	0.000000e0	0.000000e0	0.000000e0	0.000000e0	0.000000e0	-	-	-	-	-
