idx	family	frac_rows_nonzero_xt	mean_abs	p95_abs	std	sign_cons	analytic_simple	analytic_path	packed_zero_frac	dead	rank_dead	mean_abs_cid22	mean_abs_kadid	mean_abs_csiq	mean_abs_live	mean_abs_imazen26	dsrocc_cid22	dsrocc_kadid	dsrocc_csiq	dsrocc_live	dsrocc_imazen26
0	v1fold156	1.0000	5.782642e-2	1.757643e-1	1.020725e-1	0.6411	2.281949e0	4.251898e-1	0.1797	0	0	4.281875e-2	5.517258e-2	9.016769e-2	1.526978e-1	5.464594e-2	-	-	-	-	-
1	v1fold156	1.0000	6.703936e-2	2.227554e-1	9.444114e-2	0.6642	2.095158e0	4.478342e-1	0.1797	0	0	8.285220e-2	5.414187e-2	6.807193e-2	7.592502e-2	8.346733e-2	-	-	-	-	-
2	v1fold156	1.0000	3.579440e-2	1.285439e-1	6.106854e-2	0.6376	1.749268e0	3.256103e-1	0.1328	0	0	2.902105e-2	3.783967e-2	4.088928e-2	4.223697e-2	3.547478e-2	-	-	-	-	-
3	v1fold156	1.0000	9.071923e-2	2.760327e-1	2.775809e-1	0.7103	4.267880e0	9.351780e-1	0.2109	0	0	4.898934e-2	9.274985e-2	1.162805e-1	4.282960e-1	5.284863e-2	-	-	-	-	-
4	v1fold156	1.0000	8.234364e-2	3.048213e-1	1.405080e-1	0.5370	3.899663e0	8.292776e-1	0.1094	0	0	6.052512e-2	8.817944e-2	9.036896e-2	1.398476e-1	7.720065e-2	-	-	-	-	-
5	v1fold156	1.0000	5.301291e-2	2.267521e-1	1.147743e-1	0.6093	2.492592e0	5.350064e-1	0.2188	0	0	1.608986e-2	6.960156e-2	5.865161e-2	1.494213e-1	2.624103e-2	-	-	-	-	-
6	v1fold156	1.0000	6.353229e-2	2.717545e-1	1.326042e-1	0.6534	1.786312e0	4.140484e-1	0.1328	0	0	3.781945e-2	6.183884e-2	9.391837e-2	9.584777e-2	8.627842e-2	-	-	-	-	-
7	v1fold156	1.0000	7.330894e-2	2.609905e-1	1.304092e-1	0.5751	2.575262e0	4.654149e-1	0.1641	0	0	6.683209e-2	5.778657e-2	8.610790e-2	1.059102e-1	1.177382e-1	-	-	-	-	-
8	v1fold156	1.0000	6.567241e-2	3.321531e-1	1.443994e-1	0.6011	1.873206e0	5.467962e-1	0.1172	0	0	3.389311e-2	6.843016e-2	7.907607e-2	8.379799e-2	9.043215e-2	-	-	-	-	-
9	v1fold156	1.0000	1.553860e-1	5.318127e-1	2.600795e-1	0.6299	3.309910e0	6.181658e-1	0.1953	0	0	1.027978e-1	1.629621e-1	1.448084e-1	1.412257e-1	2.060117e-1	0.001981	0.020738	0.004626	0.005498	-0.002538
10	v1fold156	1.0000	1.221817e-1	3.756717e-1	1.900074e-1	0.5824	2.483544e0	4.495584e-1	0.2500	0	0	9.621278e-2	1.438738e-1	1.144555e-1	1.118793e-1	9.421753e-2	-	-	-	-	-
11	v1fold156	1.0000	2.003093e-1	6.192720e-1	2.848295e-1	0.6288	3.126787e0	5.327881e-1	0.3672	0	0	1.823758e-1	2.077987e-1	2.145345e-1	1.784801e-1	2.020525e-1	0.000922	0.041996	-0.023990	-0.013152	-0.001146
12	v1fold156	1.0000	1.483245e-1	4.450746e-1	2.321815e-1	0.6328	5.157429e0	1.315090e0	0.0312	0	0	8.638688e-2	1.694344e-1	1.916801e-1	1.649522e-1	1.488028e-1	-0.003092	-0.031014	0.000826	0.004087	0.001295
13	v1fold156	1.0000	1.836584e-1	5.646162e-1	3.408826e-1	0.6389	4.450586e0	8.643858e-1	0.2578	0	0	1.314624e-1	1.738385e-1	2.864485e-1	4.312344e-1	1.960980e-1	-0.001065	-0.085607	0.033827	0.038689	-0.000154
14	v1fold156	1.0000	1.860964e-1	5.644894e-1	2.665189e-1	0.6600	5.397066e0	1.257358e0	0.1094	0	0	3.559223e-1	9.446599e-2	1.937280e-1	2.288525e-1	2.336576e-1	-0.000782	-0.002050	0.002643	0.010833	-0.001529
15	v1fold156	1.0000	1.293770e-1	4.642816e-1	2.772270e-1	0.5898	4.049676e0	9.181890e-1	0.1484	0	0	3.787671e-2	1.560310e-1	2.102067e-1	3.105793e-1	1.029535e-1	-	-	-	-	-
16	v1fold156	1.0000	9.068165e-2	2.093634e-1	3.530519e-1	0.6064	5.876461e0	1.016806e0	0.1172	0	0	6.731288e-2	9.972956e-2	7.061567e-2	1.808634e-1	7.746027e-2	-	-	-	-	-
17	v1fold156	1.0000	1.842276e-1	6.214648e-1	3.662227e-1	0.6018	6.764058e0	1.103846e0	0.0625	0	0	1.765883e-1	1.836256e-1	1.934124e-1	2.933084e-1	1.680563e-1	0.001779	0.010159	-0.009533	-0.008170	-0.001758
18	v1fold156	1.0000	7.625274e-2	2.717960e-1	2.976889e-1	0.5384	3.937217e0	7.923066e-1	0.1016	0	0	3.004822e-2	1.048373e-1	6.861022e-2	1.402260e-1	3.605963e-2	-	-	-	-	-
19	v1fold156	1.0000	1.297893e-1	3.975899e-1	2.716381e-1	0.5416	4.416703e0	8.343893e-1	0.1172	0	0	7.210394e-2	1.290170e-1	2.379444e-1	2.797710e-1	1.432261e-1	-	-	-	-	-
20	v1fold156	1.0000	4.938421e-1	1.422821e0	7.607259e-1	0.6379	9.264644e0	1.993191e0	0.1328	0	0	6.759526e-1	3.794986e-1	4.625591e-1	4.741067e-1	6.190888e-1	-0.003223	0.064566	-0.044298	-0.024970	-0.006535
21	v1fold156	1.0000	2.847522e-1	9.328799e-1	4.663515e-1	0.6659	6.119626e0	1.429989e0	0.1719	0	0	2.589335e-1	2.739888e-1	3.403540e-1	3.601160e-1	3.185443e-1	0.000362	0.069760	-0.041306	-0.043113	-0.003837
22	v1fold156	1.0000	2.361243e-1	9.547930e-1	4.637472e-1	0.5461	6.787823e0	1.846463e0	0.2109	0	0	1.115932e-1	2.907512e-1	3.116661e-1	3.089802e-1	1.939988e-1	-0.000656	-0.136084	0.016477	0.022714	-0.000305
23	v1fold156	1.0000	1.270008e-1	4.606342e-1	2.577763e-1	0.5110	4.885590e0	1.615599e0	0.1953	0	0	5.129970e-2	1.575975e-1	1.892185e-1	1.250202e-1	1.158635e-1	-	-	-	-	-
24	v1fold156	1.0000	7.601733e-2	2.321050e-1	1.153641e-1	0.5583	3.164348e0	4.274119e-1	0.1875	0	0	5.369639e-2	8.403357e-2	1.380831e-1	7.832195e-2	6.377701e-2	-	-	-	-	-
25	v1fold156	1.0000	2.541222e-2	3.676486e-2	2.009919e-1	0.6514	2.844385e0	6.075718e-1	0.1641	0	0	7.125891e-3	3.792035e-2	1.050779e-2	6.143648e-2	6.466798e-3	-	-	-	-	-
26	v1fold156	1.0000	3.790825e-2	9.588003e-2	6.098910e-2	0.6540	1.901900e0	5.643569e-1	0.1172	0	0	3.544318e-2	3.453158e-2	3.436742e-2	4.537260e-2	5.048169e-2	-	-	-	-	-
27	v1fold156	1.0000	5.656428e-2	1.708994e-1	7.559931e-2	0.6931	2.018853e0	3.629800e-1	0.1172	0	0	6.730274e-2	4.824902e-2	5.270455e-2	7.146082e-2	6.549328e-2	-	-	-	-	-
28	v1fold156	1.0000	4.698754e-2	1.408005e-1	6.236568e-2	0.6214	1.850018e0	3.330153e-1	0.1406	0	0	6.715152e-2	3.476735e-2	4.567323e-2	5.970703e-2	5.549001e-2	-	-	-	-	-
29	v1fold156	1.0000	5.073988e-2	1.396550e-1	1.009933e-1	0.6607	3.517320e0	9.064474e-1	0.1094	0	0	5.896763e-2	3.245111e-2	5.879039e-2	1.451343e-1	7.149251e-2	-	-	-	-	-
30	v1fold156	1.0000	7.996484e-2	3.266647e-1	1.426961e-1	0.5173	3.814832e0	5.850755e-1	0.1250	0	0	4.365591e-2	1.016461e-1	7.567445e-2	1.274470e-1	5.095295e-2	-	-	-	-	-
31	v1fold156	1.0000	4.265398e-2	1.140043e-1	7.671932e-2	0.6166	1.872376e0	3.410228e-1	0.1797	0	0	5.732093e-2	2.563664e-2	5.179515e-2	1.112842e-1	5.700791e-2	-	-	-	-	-
32	v1fold156	1.0000	6.352935e-2	2.063236e-1	1.291631e-1	0.5767	2.005642e0	3.815324e-1	0.0469	0	0	4.130005e-2	5.823887e-2	8.610110e-2	1.124677e-1	9.084955e-2	-	-	-	-	-
33	v1fold156	1.0000	1.333349e-1	5.402460e-1	2.296765e-1	0.6221	3.552747e0	5.698298e-1	0.1094	0	0	1.157369e-1	1.262419e-1	1.114092e-1	1.252171e-1	1.849982e-1	-	-	-	-	-
34	v1fold156	1.0000	7.556134e-2	3.339492e-1	1.594719e-1	0.5490	2.478794e0	5.845102e-1	0.0781	0	0	3.247866e-2	7.216030e-2	9.862506e-2	1.286288e-1	1.228485e-1	-	-	-	-	-
35	v1fold156	1.0000	1.402115e-1	4.555134e-1	2.265278e-1	0.5068	3.827782e0	6.489559e-1	0.0781	0	0	1.099709e-1	1.424739e-1	1.521674e-1	1.290222e-1	1.717039e-1	-	-	-	-	-
36	v1fold156	1.0000	1.392405e-1	5.177646e-1	2.212522e-1	0.5100	3.394277e0	6.615269e-1	0.3203	0	0	6.809916e-2	1.838352e-1	1.184205e-1	1.006811e-1	1.098821e-1	-	-	-	-	-
37	v1fold156	1.0000	7.672760e-2	2.486019e-1	1.225692e-1	0.5775	2.553235e0	4.303260e-1	0.3125	0	0	6.193945e-2	7.209534e-2	1.061488e-1	1.183472e-1	9.242836e-2	-	-	-	-	-
38	v1fold156	1.0000	5.105951e-2	1.292529e-1	7.157409e-2	0.7016	2.536415e0	5.139622e-1	0.1562	0	0	7.150804e-2	3.777174e-2	6.404024e-2	8.257915e-2	5.434447e-2	-	-	-	-	-
39	v1fold156	1.0000	5.164812e-2	2.310441e-1	9.563785e-2	0.6028	1.962980e0	5.905770e-1	0.2578	0	0	1.880742e-2	6.181743e-2	6.349183e-2	9.876459e-2	4.896337e-2	-	-	-	-	-
40	v1fold156	1.0000	3.914855e-2	1.278076e-1	5.515918e-2	0.6227	1.455374e0	2.261896e-1	0.2344	0	0	4.596736e-2	2.618479e-2	5.096221e-2	7.143830e-2	5.907895e-2	-	-	-	-	-
41	v1fold156	1.0000	5.401921e-2	2.075605e-1	9.444538e-2	0.6092	1.689613e0	4.082916e-1	0.3047	0	0	3.045739e-2	5.978765e-2	7.560722e-2	1.276895e-1	4.403639e-2	-	-	-	-	-
42	v1fold156	1.0000	4.057701e-2	1.178570e-1	6.659081e-2	0.7002	1.708623e0	3.270455e-1	0.2266	0	0	5.014359e-2	3.341697e-2	4.853180e-2	8.208881e-2	3.824579e-2	-	-	-	-	-
43	v1fold156	1.0000	5.611394e-2	2.285738e-1	1.092772e-1	0.5643	2.481952e0	5.321579e-1	0.2578	0	0	2.630502e-2	5.599248e-2	7.948155e-2	1.334751e-1	7.067674e-2	-	-	-	-	-
44	v1fold156	1.0000	5.541260e-2	1.317687e-1	1.169043e-1	0.5838	2.108009e0	3.652181e-1	0.2578	0	0	5.098903e-2	4.825409e-2	8.278270e-2	1.733160e-1	4.820632e-2	-	-	-	-	-
45	v1fold156	1.0000	6.965581e-2	2.353992e-1	1.408769e-1	0.5219	1.566537e0	2.894560e-1	0.1484	0	0	6.605895e-2	4.645471e-2	1.066687e-1	1.335186e-1	1.200887e-1	-	-	-	-	-
46	v1fold156	1.0000	9.519430e-2	3.966457e-1	1.782105e-1	0.5291	2.195667e0	4.661708e-1	0.1797	0	0	1.060056e-1	6.981722e-2	7.893864e-2	7.062772e-2	1.681313e-1	-	-	-	-	-
47	v1fold156	1.0000	6.455705e-2	2.064715e-1	1.100465e-1	0.5506	1.719040e0	2.797486e-1	0.1953	0	0	7.679366e-2	5.062665e-2	6.445148e-2	9.001236e-2	8.513979e-2	-	-	-	-	-
48	v1fold156	1.0000	1.146115e-1	3.855491e-1	1.669819e-1	0.6044	3.055678e0	5.394404e-1	0.2188	0	0	1.494779e-1	8.484650e-2	1.298961e-1	1.326145e-1	1.518538e-1	-	-	-	-	-
49	v1fold156	1.0000	1.164695e-1	5.352740e-1	2.121024e-1	0.6521	3.222026e0	7.361037e-1	0.3203	0	0	6.886353e-2	1.236263e-1	2.051261e-1	1.747837e-1	1.193597e-1	-	-	-	-	-
50	v1fold156	1.0000	4.391175e-2	1.618643e-1	9.329749e-2	0.5249	1.616610e0	2.510931e-1	0.3281	0	0	3.256184e-2	2.951881e-2	8.857555e-2	1.212188e-1	7.249980e-2	-	-	-	-	-
51	v1fold156	1.0000	7.797477e-2	3.348604e-1	1.320557e-1	0.6497	3.191515e0	4.890381e-1	0.0312	0	0	4.865055e-2	8.882515e-2	1.243112e-1	1.126280e-1	6.267770e-2	-	-	-	-	-
52	v1fold156	1.0000	1.015216e-1	3.405008e-1	1.919159e-1	0.7443	3.465751e0	7.050057e-1	0.1328	0	0	6.132331e-2	1.116253e-1	1.540366e-1	2.561823e-1	7.287771e-2	-	-	-	-	-
53	v1fold156	1.0000	1.581165e-1	4.728146e-1	2.113195e-1	0.6675	4.038498e0	7.598539e-1	0.0859	0	0	2.156685e-1	1.248386e-1	1.649349e-1	1.891395e-1	1.760264e-1	0.000688	-0.034807	0.002353	-0.005262	-0.000225
54	v1fold156	1.0000	1.540866e-1	4.494038e-1	2.163229e-1	0.6633	3.740481e0	7.795728e-1	0.1484	0	0	1.705122e-1	1.458992e-1	1.620964e-1	1.777736e-1	1.501998e-1	0.000619	-0.044788	0.013829	0.006972	0.000054
55	v1fold156	1.0000	7.767359e-2	2.028450e-1	2.938611e-1	0.7000	5.171229e0	1.162787e0	0.0391	0	0	5.526484e-2	8.795423e-2	8.207645e-2	1.396317e-1	5.972285e-2	-	-	-	-	-
56	v1fold156	1.0000	9.385819e-2	4.327426e-1	2.055867e-1	0.5300	4.911555e0	8.600098e-1	0.0625	0	0	2.727492e-2	1.230219e-1	1.078146e-1	1.263598e-1	7.982093e-2	-	-	-	-	-
57	v1fold156	1.0000	5.811967e-2	1.966891e-1	1.664057e-1	0.6586	3.962870e0	1.081540e0	0.0781	0	0	4.050320e-2	5.762939e-2	7.450502e-2	8.854851e-2	7.089057e-2	-	-	-	-	-
58	v1fold156	1.0000	8.522727e-2	3.334045e-1	2.398454e-1	0.5100	3.315415e0	9.396617e-1	0.1406	0	0	5.523373e-2	6.622994e-2	2.189525e-1	1.829871e-1	1.238626e-1	-	-	-	-	-
59	v1fold156	1.0000	1.961972e-1	8.390315e-1	3.202052e-1	0.6297	6.172338e0	1.258394e0	0.1406	0	0	1.646179e-1	1.943842e-1	2.878011e-1	3.019915e-1	1.938491e-1	0.000511	0.046821	0.015972	-0.000731	0.001366
60	v1fold156	1.0000	1.110371e-1	4.690485e-1	2.597379e-1	0.5486	4.344015e0	1.100440e0	0.1719	0	0	4.325189e-2	1.093342e-1	2.591032e-1	2.355142e-1	1.358672e-1	-	-	-	-	-
61	v1fold156	1.0000	1.393659e-1	5.435963e-1	2.855624e-1	0.6570	5.116919e0	1.213688e0	0.1797	0	0	1.048476e-1	1.673857e-1	1.256704e-1	1.646000e-1	9.647404e-2	-	-	-	-	-
62	v1fold156	1.0000	1.128453e-1	3.069496e-1	1.828058e-1	0.6245	4.272816e0	7.677996e-1	0.2109	0	0	1.479498e-1	8.507600e-2	1.952908e-1	2.026106e-1	1.096046e-1	-	-	-	-	-
63	v1fold156	1.0000	1.252473e-1	3.533828e-1	2.162765e-1	0.5833	3.207521e0	5.599489e-1	0.2188	0	0	1.549109e-1	1.029589e-1	2.191356e-1	2.057324e-1	1.115876e-1	-	-	-	-	-
64	v1fold156	1.0000	1.326593e-1	5.883005e-1	2.590198e-1	0.6127	5.953873e0	1.282367e0	0.1328	0	0	8.105465e-2	1.513152e-1	1.779000e-1	1.597273e-1	1.243802e-1	-	-	-	-	-
65	v1fold156	1.0000	5.147168e-2	2.515389e-1	1.028352e-1	0.5201	1.943185e0	5.562206e-1	0.3047	0	0	2.120261e-2	6.401315e-2	6.196305e-2	1.148526e-1	3.485687e-2	-	-	-	-	-
66	v1fold156	1.0000	3.523311e-2	1.498647e-1	6.288964e-2	0.5266	1.566260e0	3.203641e-1	0.2891	0	0	2.150944e-2	3.914940e-2	4.607852e-2	7.433787e-2	2.906758e-2	-	-	-	-	-
67	v1fold156	1.0000	4.750909e-2	2.361281e-1	9.083710e-2	0.6111	1.672816e0	4.247479e-1	0.3672	0	0	2.425047e-2	5.796228e-2	5.954048e-2	1.083001e-1	2.842233e-2	-	-	-	-	-
68	v1fold156	1.0000	5.123064e-2	1.199956e-1	9.525684e-2	0.7585	1.571786e0	3.418532e-1	0.1641	0	0	7.173194e-2	3.375763e-2	6.592071e-2	1.514760e-1	5.066510e-2	-	-	-	-	-
69	v1fold156	1.0000	4.030242e-2	1.698022e-1	7.859396e-2	0.5378	1.909344e0	4.653475e-1	0.3047	0	0	1.611082e-2	4.416268e-2	5.532694e-2	8.322594e-2	4.577717e-2	-	-	-	-	-
70	v1fold156	1.0000	5.367819e-2	1.298859e-1	1.084354e-1	0.6875	1.786575e0	4.085476e-1	0.1875	0	0	5.341523e-2	4.436601e-2	7.901538e-2	1.718111e-1	4.812667e-2	-	-	-	-	-
71	v1fold156	1.0000	1.245636e-1	3.951645e-1	2.793347e-1	0.5609	2.522309e0	4.938064e-1	0.1328	0	0	9.640934e-2	9.288661e-2	1.631595e-1	1.987577e-1	2.293952e-1	-	-	-	-	-
72	v1fold156	1.0000	1.222560e-1	4.266162e-1	2.252051e-1	0.5332	3.105548e0	4.726616e-1	0.1484	0	0	1.459022e-1	7.414841e-2	1.058763e-1	1.246435e-1	2.413238e-1	-	-	-	-	-
73	v1fold156	1.0000	5.510216e-2	1.894159e-1	1.080294e-1	0.5475	1.836411e0	3.142083e-1	0.1641	0	0	4.620562e-2	4.809417e-2	6.937001e-2	9.920440e-2	7.378206e-2	-	-	-	-	-
74	v1fold156	1.0000	1.413031e-1	4.783299e-1	2.184301e-1	0.5578	3.803665e0	4.886791e-1	0.0703	0	0	8.351491e-2	1.818726e-1	1.555107e-1	1.658772e-1	8.319795e-2	-	-	-	-	-
75	v1fold156	1.0000	1.155081e-1	4.477520e-1	1.907479e-1	0.5492	3.101541e0	6.144753e-1	0.2969	0	0	8.979339e-2	1.189049e-1	1.581740e-1	1.160709e-1	1.270542e-1	-	-	-	-	-
76	v1fold156	1.0000	4.452853e-2	1.412363e-1	7.596393e-2	0.5832	1.672082e0	2.673817e-1	0.1328	0	0	4.264715e-2	3.464109e-2	7.788097e-2	7.946626e-2	6.011369e-2	-	-	-	-	-
77	v1fold156	1.0000	5.709364e-2	1.379526e-1	8.838969e-2	0.6100	2.617948e0	4.077170e-1	0.0234	0	0	5.887045e-2	5.072211e-2	8.617224e-2	8.267580e-2	6.061703e-2	-	-	-	-	-
78	v1fold156	1.0000	1.720643e-2	7.080582e-2	2.690642e-2	0.7201	6.457637e-1	1.739417e-1	0.3594	0	0	1.301805e-2	2.004609e-2	1.815961e-2	2.158072e-2	1.271570e-2	-	-	-	-	-
79	v1fold156	1.0000	1.745068e-2	4.938293e-2	2.173904e-2	0.7193	6.461716e-1	1.163285e-1	0.2578	0	0	1.798584e-2	1.690278e-2	1.827620e-2	1.651363e-2	1.842786e-2	-	-	-	-	-
80	v1fold156	1.0000	2.051230e-2	6.205630e-2	2.721906e-2	0.7632	6.479480e-1	1.480361e-1	0.3359	0	0	2.005179e-2	2.116484e-2	2.215130e-2	2.806467e-2	1.694163e-2	-	-	-	-	-
81	v1fold156	1.0000	2.803085e-2	1.081716e-1	5.335531e-2	0.6300	1.072736e0	2.688303e-1	0.2812	0	0	2.225921e-2	2.625794e-2	4.486224e-2	6.881667e-2	2.694597e-2	-	-	-	-	-
82	v1fold156	1.0000	3.119296e-2	1.553621e-1	6.002232e-2	0.5405	1.184523e0	2.796224e-1	0.2891	0	0	1.600117e-2	3.243514e-2	5.123236e-2	7.039471e-2	3.260941e-2	-	-	-	-	-
83	v1fold156	1.0000	3.054820e-2	1.378091e-1	5.855255e-2	0.5099	1.160244e0	2.928089e-1	0.2812	0	0	1.734071e-2	3.101411e-2	4.944670e-2	6.930584e-2	3.216729e-2	-	-	-	-	-
84	v1fold156	1.0000	2.154819e-2	7.987595e-2	4.731972e-2	0.5522	1.156541e0	2.336093e-1	0.1953	0	0	1.209435e-2	2.118769e-2	3.940779e-2	3.235260e-2	2.763526e-2	-	-	-	-	-
85	v1fold156	1.0000	3.518105e-2	1.485791e-1	7.350638e-2	0.5286	1.264493e0	2.606855e-1	0.2734	0	0	1.380867e-2	4.698662e-2	3.462956e-2	3.423910e-2	2.722482e-2	-	-	-	-	-
86	v1fold156	1.0000	2.712669e-2	9.699130e-2	4.925349e-2	0.5146	1.210979e0	1.668313e-1	0.2500	0	0	2.247371e-2	2.806171e-2	2.936445e-2	3.590566e-2	2.764336e-2	-	-	-	-	-
87	v1fold156	1.0000	6.168907e-2	1.995943e-1	1.016466e-1	0.5825	1.543422e0	4.115281e-1	0.1875	0	0	5.909068e-2	6.219734e-2	6.741281e-2	4.901716e-2	6.495677e-2	-	-	-	-	-
88	v1fold156	1.0000	3.959186e-2	1.679878e-1	7.952927e-2	0.5049	1.435315e0	3.706297e-1	0.4219	0	0	1.971752e-2	4.293440e-2	7.259165e-2	6.164917e-2	4.129654e-2	-	-	-	-	-
89	v1fold156	1.0000	5.046504e-2	2.149857e-1	1.149001e-1	0.6644	1.845840e0	4.754828e-1	0.2812	0	0	2.772470e-2	4.098909e-2	1.183555e-1	1.261195e-1	7.315132e-2	-	-	-	-	-
90	v1fold156	1.0000	5.722782e-2	1.691512e-1	8.679128e-2	0.5490	2.271358e0	3.039478e-1	0.1172	0	0	5.242308e-2	5.550234e-2	8.283119e-2	8.126702e-2	5.638799e-2	-	-	-	-	-
91	v1fold156	1.0000	1.417350e-1	4.720931e-1	2.208600e-1	0.6125	3.611209e0	9.477077e-1	0.1875	0	0	2.332468e-1	8.740758e-2	1.762361e-1	1.604209e-1	1.755059e-1	-	-	-	-	-
92	v1fold156	1.0000	1.859288e-1	5.475345e-1	2.821517e-1	0.5882	4.753729e0	1.400493e0	0.1406	0	0	2.632905e-1	1.242778e-1	2.387246e-1	2.529526e-1	2.440523e-1	0.002120	-0.001887	-0.019067	-0.022549	-0.004050
93	v1fold156	1.0000	1.584056e-1	5.178661e-1	2.393556e-1	0.5986	4.067967e0	1.085946e0	0.2344	0	0	2.798525e-1	8.603230e-2	1.877097e-1	1.605007e-1	2.136182e-1	0.001088	0.005354	-0.009445	-0.008827	-0.002023
94	v1fold156	1.0000	7.533095e-2	2.553774e-1	3.034920e-1	0.6047	3.368813e0	7.058570e-1	0.1250	0	0	2.577341e-2	1.042230e-1	8.525768e-2	1.432352e-1	3.304337e-2	-	-	-	-	-
95	v1fold156	1.0000	9.981973e-2	3.318052e-1	1.317549e-1	0.6097	1.954956e0	2.908700e-1	0.1250	0	0	1.242175e-1	7.929292e-2	1.109658e-1	1.052370e-1	1.265241e-1	-	-	-	-	-
96	v1fold156	1.0000	1.273113e-1	4.625622e-1	1.960468e-1	0.5469	2.758098e0	7.725032e-1	0.1172	0	0	8.237265e-2	1.421758e-1	1.431020e-1	1.198813e-1	1.376305e-1	-	-	-	-	-
97	v1fold156	1.0000	3.589953e-2	1.493678e-1	9.598198e-2	0.6276	1.519178e0	3.495584e-1	0.3516	0	0	9.912148e-3	4.028463e-2	9.230197e-2	7.328478e-2	3.265931e-2	-	-	-	-	-
98	v1fold156	1.0000	1.311805e-1	4.847107e-1	2.586730e-1	0.5717	3.444241e0	4.577365e-1	0.3047	0	0	9.517506e-2	1.348628e-1	2.162483e-1	2.783336e-1	1.099212e-1	-	-	-	-	-
99	v1fold156	1.0000	6.306094e-2	2.456077e-1	1.355341e-1	0.5576	1.984099e0	3.267982e-1	0.3906	0	0	3.998696e-2	6.299985e-2	1.277239e-1	1.543530e-1	5.484353e-2	-	-	-	-	-
100	v1fold156	1.0000	1.180594e-1	3.692498e-1	1.700549e-1	0.5087	3.702524e0	9.807889e-1	0.2578	0	0	1.044414e-1	1.196685e-1	1.356819e-1	1.344332e-1	1.222904e-1	-	-	-	-	-
101	v1fold156	1.0000	6.652321e-2	1.783457e-1	8.727006e-2	0.7031	1.770114e0	2.724818e-1	0.2266	0	0	1.207728e-1	3.449248e-2	9.504084e-2	5.590790e-2	8.897835e-2	-	-	-	-	-
102	v1fold156	1.0000	1.798341e-1	5.415866e-1	2.561621e-1	0.6256	3.660120e0	7.500192e-1	0.4062	0	0	2.275452e-1	1.379250e-1	2.526433e-1	2.248790e-1	2.161629e-1	-0.002416	0.014289	-0.007018	-0.025398	-0.003199
103	v1fold156	1.0000	6.244284e-2	2.677778e-1	1.131479e-1	0.5854	3.127365e0	6.216587e-1	0.2500	0	0	3.717351e-2	7.272348e-2	7.704803e-2	9.416903e-2	5.256899e-2	-	-	-	-	-
104	v1fold156	1.0000	1.158528e-2	4.870129e-2	2.130670e-2	0.6913	5.012517e-1	1.574761e-1	0.5000	0	0	8.203339e-3	1.295672e-2	1.366297e-2	1.851655e-2	9.619592e-3	-	-	-	-	-
105	v1fold156	1.0000	3.013680e-2	7.838583e-2	3.356435e-2	0.7828	6.833122e-1	1.450053e-1	0.3828	0	0	4.386565e-2	2.083955e-2	2.928629e-2	3.265357e-2	4.030626e-2	-	-	-	-	-
106	v1fold156	1.0000	1.930192e-2	5.791497e-2	2.372100e-2	0.8217	5.031158e-1	1.323309e-1	0.4062	0	0	2.366427e-2	1.607044e-2	1.938605e-2	2.667238e-2	2.174991e-2	-	-	-	-	-
107	v1fold156	1.0000	2.013520e-2	7.399082e-2	3.437560e-2	0.6618	6.175234e-1	1.692168e-1	0.1953	0	0	2.101986e-2	1.720506e-2	2.812343e-2	4.424721e-2	2.018596e-2	-	-	-	-	-
108	v1fold156	1.0000	1.736095e-2	1.022267e-1	3.301486e-2	0.6472	6.605769e-1	2.146109e-1	0.2734	0	0	1.330367e-2	1.577055e-2	2.439949e-2	1.836311e-2	2.533243e-2	-	-	-	-	-
109	v1fold156	1.0000	1.698989e-2	9.912202e-2	3.518212e-2	0.5699	6.557964e-1	2.046907e-1	0.2188	0	0	6.935075e-3	1.804962e-2	2.860240e-2	3.251109e-2	2.006529e-2	-	-	-	-	-
110	v1fold156	1.0000	5.904249e-2	2.030851e-1	1.120751e-1	0.5119	1.485335e0	2.714523e-1	0.1953	0	0	4.525830e-2	5.139978e-2	8.591139e-2	1.053731e-1	8.213765e-2	-	-	-	-	-
111	v1fold156	1.0000	5.679850e-2	2.233813e-1	1.259976e-1	0.6244	1.764929e0	3.202362e-1	0.4141	0	0	1.516413e-2	6.996860e-2	9.307905e-2	1.446955e-1	4.047794e-2	-	-	-	-	-
112	v1fold156	1.0000	2.319130e-2	8.276230e-2	4.747781e-2	0.5406	1.007104e0	1.696735e-1	0.2969	0	0	1.514717e-2	2.251879e-2	2.843169e-2	4.158848e-2	2.991334e-2	-	-	-	-	-
113	v1fold156	1.0000	6.544777e-2	2.352573e-1	9.726724e-2	0.5139	1.883504e0	4.405662e-1	0.2500	0	0	4.569784e-2	7.107617e-2	8.396220e-2	7.221668e-2	6.738455e-2	-	-	-	-	-
114	v1fold156	1.0000	5.014971e-2	2.111959e-1	1.198769e-1	0.5504	2.483717e0	5.764390e-1	0.2266	0	0	2.086385e-2	4.490978e-2	1.016015e-1	1.060874e-1	7.726414e-2	-	-	-	-	-
115	v1fold156	1.0000	2.443732e-2	1.166127e-1	7.063881e-2	0.5837	1.491988e0	2.910044e-1	0.2188	0	0	8.981576e-3	2.126489e-2	5.124550e-2	8.605445e-2	3.258854e-2	-	-	-	-	-
116	v1fold156	1.0000	4.280754e-2	1.357281e-1	6.160543e-2	0.7000	1.321779e0	2.018195e-1	0.0703	0	0	4.352460e-2	4.338344e-2	4.446532e-2	4.896459e-2	3.827714e-2	-	-	-	-	-
117	v1fold156	1.0000	1.550333e-2	5.717659e-2	2.279066e-2	0.7741	5.894870e-1	1.380435e-1	0.2891	0	0	1.565730e-2	1.572720e-2	1.780769e-2	1.118252e-2	1.503738e-2	-	-	-	-	-
118	v1fold156	1.0000	7.972339e-2	2.209839e-1	1.058930e-1	0.6134	2.044993e0	4.395318e-1	0.1875	0	0	1.035131e-1	5.457552e-2	1.073473e-1	1.023683e-1	1.129233e-1	-	-	-	-	-
119	v1fold156	1.0000	6.756893e-2	2.386565e-1	9.373693e-2	0.6507	1.721078e0	3.706513e-1	0.2344	0	0	5.991616e-2	6.736621e-2	8.726164e-2	1.088731e-1	6.328063e-2	-	-	-	-	-
120	v1fold156	1.0000	2.155078e-2	1.028738e-1	4.993897e-2	0.5319	1.203229e0	3.309862e-1	0.3438	0	0	1.099398e-2	2.446123e-2	3.366409e-2	3.052686e-2	2.105974e-2	-	-	-	-	-
121	v1fold156	1.0000	3.694145e-2	1.421185e-1	5.572416e-2	0.8133	1.328901e0	3.526710e-1	0.2891	0	0	3.780160e-2	3.418432e-2	4.459931e-2	4.271734e-2	4.085921e-2	-	-	-	-	-
122	v1fold156	1.0000	2.275064e-2	1.272887e-1	5.394897e-2	0.7201	1.214782e0	3.406880e-1	0.3047	0	0	8.209911e-3	2.720031e-2	3.653873e-2	3.413578e-2	2.171723e-2	-	-	-	-	-
123	v1fold156	1.0000	1.741068e-2	7.405692e-2	3.796424e-2	0.5808	1.059508e0	1.871036e-1	0.1875	0	0	8.802348e-3	1.930288e-2	2.518715e-2	3.142785e-2	1.745096e-2	-	-	-	-	-
124	v1fold156	1.0000	3.403195e-2	1.443946e-1	7.000981e-2	0.5851	1.605660e0	4.634003e-1	0.3438	0	0	2.345717e-2	2.777265e-2	6.323531e-2	6.887952e-2	5.088590e-2	-	-	-	-	-
125	v1fold156	1.0000	1.823908e-2	6.941283e-2	3.462318e-2	0.5732	9.081015e-1	2.319104e-1	0.2734	0	0	1.768464e-2	1.597822e-2	2.698085e-2	1.863249e-2	2.344376e-2	-	-	-	-	-
126	v1fold156	1.0000	9.812914e-2	4.011961e-1	1.703876e-1	0.5576	2.261212e0	7.327873e-1	0.1875	0	0	4.211822e-2	1.134165e-1	1.444850e-1	1.412195e-1	1.016908e-1	-	-	-	-	-
127	v1fold156	1.0000	2.937134e-2	8.726788e-2	5.936578e-2	0.5591	1.425042e0	2.541111e-1	0.4219	0	0	1.658094e-2	3.430023e-2	5.293467e-2	3.124262e-2	2.432279e-2	-	-	-	-	-
128	v1fold156	1.0000	4.830089e-2	1.404095e-1	1.032172e-1	0.8080	1.319071e0	3.173348e-1	0.3281	0	0	3.469666e-2	4.209222e-2	1.040697e-1	6.574912e-2	6.606395e-2	-	-	-	-	-
129	v1fold156	1.0000	5.277798e-2	1.383372e-1	7.609945e-2	0.5837	1.678173e0	2.312607e-1	0.0547	0	0	7.166057e-2	4.538629e-2	5.020567e-2	4.006257e-2	5.455228e-2	-	-	-	-	-
130	v1fold156	1.0000	9.778116e-2	4.720424e-1	2.213440e-1	0.6329	3.358982e0	1.089449e0	0.1875	0	0	5.099872e-2	1.070965e-1	1.818243e-1	9.535145e-2	1.084286e-1	-	-	-	-	-
131	v1fold156	1.0000	1.400314e-1	8.549553e-1	3.587327e-1	0.5950	5.132238e0	1.908202e0	0.1641	0	0	3.840906e-2	1.523405e-1	2.837801e-1	1.459321e-1	1.946246e-1	-	-	-	-	-
132	v1fold156	1.0000	1.139730e-1	6.308055e-1	2.812132e-1	0.6118	4.037048e0	1.460563e0	0.2344	0	0	4.775032e-2	1.219101e-1	2.301604e-1	1.142583e-1	1.448002e-1	-	-	-	-	-
133	v1fold156	1.0000	6.807916e-2	2.330079e-1	1.842830e-1	0.5030	2.639633e0	6.089035e-1	0.1094	0	0	1.384006e-2	7.819261e-2	1.501789e-1	2.057860e-1	5.372358e-2	-	-	-	-	-
134	v1fold156	1.0000	1.245954e-1	3.565731e-1	1.614039e-1	0.6939	3.149458e0	7.676285e-1	0.1250	0	0	1.684947e-1	9.692926e-2	1.333422e-1	1.496453e-1	1.439298e-1	-	-	-	-	-
135	v1fold156	1.0000	1.024083e-1	2.736408e-1	1.345520e-1	0.5172	2.067742e0	3.408251e-1	0.1875	0	0	1.381505e-1	6.825123e-2	1.167450e-1	1.126615e-1	1.538841e-1	-	-	-	-	-
136	v1fold156	1.0000	3.436982e-2	1.469442e-1	6.990007e-2	0.5647	1.523580e0	2.648066e-1	0.2734	0	0	1.422301e-2	3.936473e-2	7.318735e-2	7.680091e-2	2.516184e-2	-	-	-	-	-
137	v1fold156	1.0000	1.670565e-1	3.522291e-1	5.655298e-1	0.6812	5.924196e0	2.286356e0	0.3750	0	0	7.677800e-2	2.330848e-1	1.775330e-1	1.163345e-1	9.206528e-2	-0.000042	-0.167815	0.010216	0.007326	0.001340
138	v1fold156	1.0000	4.839653e-2	2.042137e-1	1.044241e-1	0.5651	2.213281e0	2.640971e-1	0.2188	0	0	2.772558e-2	4.654542e-2	1.086591e-1	1.406797e-1	4.342531e-2	-	-	-	-	-
139	v1fold156	1.0000	2.009829e-1	5.542946e-1	2.730318e-1	0.5153	4.032876e0	7.110410e-1	0.2188	0	0	2.841436e-1	1.708530e-1	2.002882e-1	1.548910e-1	1.963885e-1	0.001719	-0.005359	0.008633	-0.009477	0.000272
140	v1fold156	1.0000	5.396169e-2	1.549439e-1	7.757961e-2	0.6208	1.552596e0	3.371642e-1	0.1641	0	0	1.027808e-1	2.551927e-2	8.441197e-2	4.418883e-2	7.182254e-2	-	-	-	-	-
141	v1fold156	1.0000	8.340688e-2	3.242368e-1	1.614898e-1	0.5195	3.362686e0	4.544827e-1	0.4297	0	0	3.261528e-2	9.715652e-2	2.002808e-1	1.312837e-1	6.553542e-2	-	-	-	-	-
142	v1fold156	1.0000	4.893290e-2	2.064986e-1	8.844953e-2	0.5445	3.136647e0	4.228637e-1	0.1172	0	0	2.783154e-2	6.093005e-2	4.591469e-2	5.701193e-2	3.858464e-2	-	-	-	-	-
143	v1fold156	1.0000	7.731690e-3	3.604650e-2	1.511723e-2	0.5347	3.847877e-1	8.604557e-2	0.3438	0	0	4.610033e-3	8.454941e-3	1.146174e-2	1.241338e-2	7.491706e-3	-	-	-	-	-
144	v1fold156	1.0000	1.221276e-1	3.948407e-1	1.791031e-1	0.5946	2.837118e0	7.303327e-1	0.3594	0	0	1.160260e-1	1.012446e-1	2.039980e-1	2.371087e-1	1.452153e-1	-	-	-	-	-
145	v1fold156	1.0000	8.312011e-3	3.083086e-2	1.283212e-2	0.6865	3.575351e-1	7.614222e-2	0.3828	0	0	7.082798e-3	8.906932e-3	9.447835e-3	8.620397e-3	7.722048e-3	-	-	-	-	-
146	v1fold156	1.0000	1.572849e-2	9.721470e-2	3.403592e-2	0.7161	6.808340e-1	2.168495e-1	0.1562	0	0	6.144174e-3	1.713043e-2	2.279862e-2	1.754165e-2	2.153520e-2	-	-	-	-	-
147	v1fold156	1.0000	2.324022e-2	1.080685e-1	3.861446e-2	0.6906	9.468180e-1	2.854147e-1	0.2266	0	0	2.208394e-2	2.000919e-2	3.064557e-2	2.745608e-2	3.161236e-2	-	-	-	-	-
148	v1fold156	1.0000	1.950944e-2	1.117568e-1	3.749277e-2	0.7003	7.903368e-1	2.531288e-1	0.2422	0	0	1.516373e-2	1.725474e-2	2.851375e-2	2.329377e-2	2.870597e-2	-	-	-	-	-
149	v1fold156	1.0000	3.387542e-2	1.146469e-1	7.584444e-2	0.5620	1.948458e0	4.490074e-1	0.1719	0	0	2.321648e-2	2.840410e-2	6.889543e-2	5.523233e-2	5.008758e-2	-	-	-	-	-
150	v1fold156	1.0000	3.301493e-2	1.713172e-1	8.390434e-2	0.5088	1.758493e0	5.261488e-1	0.3594	0	0	6.645698e-3	3.399110e-2	8.417230e-2	7.790856e-2	4.020182e-2	-	-	-	-	-
151	v1fold156	1.0000	5.615997e-2	2.092121e-1	1.164936e-1	0.5106	2.013673e0	2.628976e-1	0.3281	0	0	3.017437e-2	5.486468e-2	1.168207e-1	1.535004e-1	5.504823e-2	-	-	-	-	-
152	v1fold156	1.0000	1.003543e-1	2.750057e-1	1.486939e-1	0.6145	3.111151e0	8.149651e-1	0.1641	0	0	1.033893e-1	1.002676e-1	1.089282e-1	8.835234e-2	9.729539e-2	-	-	-	-	-
153	v1fold156	1.0000	3.298517e-2	1.154177e-1	8.896981e-2	0.5170	2.089521e0	4.120659e-1	0.2109	0	0	1.600052e-2	2.940013e-2	7.235067e-2	5.385006e-2	5.059509e-2	-	-	-	-	-
154	v1fold156	1.0000	3.642306e-2	1.334915e-1	6.793767e-2	0.7957	1.329281e0	3.080625e-1	0.1562	0	0	3.526496e-2	3.297676e-2	6.347135e-2	3.233881e-2	4.229446e-2	-	-	-	-	-
155	v1fold156	1.0000	7.508934e-2	2.360011e-1	1.092136e-1	0.6173	2.009819e0	3.154406e-1	0.0625	0	0	7.367068e-2	6.341297e-2	1.003483e-1	1.208051e-1	9.508492e-2	-	-	-	-	-
156	zeros156-371	0.0000	0.000000e0	0.000000e0	0.000000e0	1.0000	0.000000e0	0.000000e0	1.0000	1	1	0.000000e0	0.000000e0	0.000000e0	0.000000e0	0.000000e0	-	-	-	-	-
157	zeros156-371	0.0000	0.000000e0	0.000000e0	0.000000e0	1.0000	0.000000e0	0.000000e0	1.0000	1	1	0.000000e0	0.000000e0	0.000000e0	0.000000e0	0.000000e0	-	-	-	-	-
158	zeros156-371	0.0000	0.000000e0	0.000000e0	0.000000e0	1.0000	0.000000e0	0.000000e0	1.0000	1	1	0.000000e0	0.000000e0	0.000000e0	0.000000e0	0.000000e0	-	-	-	-	-
159	zeros156-371	0.0000	0.000000e0	0.000000e0	0.000000e0	1.0000	0.000000e0	0.000000e0	1.0000	1	1	0.000000e0	0.000000e0	0.000000e0	0.000000e0	0.000000e0	-	-	-	-	-
160	zeros156-371	0.0000	0.000000e0	0.000000e0	0.000000e0	1.0000	0.000000e0	0.000000e0	1.0000	1	1	0.000000e0	0.000000e0	0.000000e0	0.000000e0	0.000000e0	-	-	-	-	-
161	zeros156-371	0.0000	0.000000e0	0.000000e0	0.000000e0	1.0000	0.000000e0	0.000000e0	1.0000	1	1	0.000000e0	0.000000e0	0.000000e0	0.000000e0	0.000000e0	-	-	-	-	-
162	zeros156-371	0.0000	0.000000e0	0.000000e0	0.000000e0	1.0000	0.000000e0	0.000000e0	1.0000	1	1	0.000000e0	0.000000e0	0.000000e0	0.000000e0	0.000000e0	-	-	-	-	-
163	zeros156-371	0.0000	0.000000e0	0.000000e0	0.000000e0	1.0000	0.000000e0	0.000000e0	1.0000	1	1	0.000000e0	0.000000e0	0.000000e0	0.000000e0	0.000000e0	-	-	-	-	-
164	zeros156-371	0.0000	0.000000e0	0.000000e0	0.000000e0	1.0000	0.000000e0	0.000000e0	1.0000	1	1	0.000000e0	0.000000e0	0.000000e0	0.000000e0	0.000000e0	-	-	-	-	-
165	zeros156-371	0.0000	0.000000e0	0.000000e0	0.000000e0	1.0000	0.000000e0	0.000000e0	1.0000	1	1	0.000000e0	0.000000e0	0.000000e0	0.000000e0	0.000000e0	-	-	-	-	-
166	zeros156-371	0.0000	0.000000e0	0.000000e0	0.000000e0	1.0000	0.000000e0	0.000000e0	1.0000	1	1	0.000000e0	0.000000e0	0.000000e0	0.000000e0	0.000000e0	-	-	-	-	-
167	zeros156-371	0.0000	0.000000e0	0.000000e0	0.000000e0	1.0000	0.000000e0	0.000000e0	1.0000	1	1	0.000000e0	0.000000e0	0.000000e0	0.000000e0	0.000000e0	-	-	-	-	-
168	zeros156-371	0.0000	0.000000e0	0.000000e0	0.000000e0	1.0000	0.000000e0	0.000000e0	1.0000	1	1	0.000000e0	0.000000e0	0.000000e0	0.000000e0	0.000000e0	-	-	-	-	-
169	zeros156-371	0.0000	0.000000e0	0.000000e0	0.000000e0	1.0000	0.000000e0	0.000000e0	1.0000	1	1	0.000000e0	0.000000e0	0.000000e0	0.000000e0	0.000000e0	-	-	-	-	-
170	zeros156-371	0.0000	0.000000e0	0.000000e0	0.000000e0	1.0000	0.000000e0	0.000000e0	1.0000	1	1	0.000000e0	0.000000e0	0.000000e0	0.000000e0	0.000000e0	-	-	-	-	-
171	zeros156-371	0.0000	0.000000e0	0.000000e0	0.000000e0	1.0000	0.000000e0	0.000000e0	1.0000	1	1	0.000000e0	0.000000e0	0.000000e0	0.000000e0	0.000000e0	-	-	-	-	-
172	zeros156-371	0.0000	0.000000e0	0.000000e0	0.000000e0	1.0000	0.000000e0	0.000000e0	1.0000	1	1	0.000000e0	0.000000e0	0.000000e0	0.000000e0	0.000000e0	-	-	-	-	-
173	zeros156-371	0.0000	0.000000e0	0.000000e0	0.000000e0	1.0000	0.000000e0	0.000000e0	1.0000	1	1	0.000000e0	0.000000e0	0.000000e0	0.000000e0	0.000000e0	-	-	-	-	-
174	zeros156-371	0.0000	0.000000e0	0.000000e0	0.000000e0	1.0000	0.000000e0	0.000000e0	1.0000	1	1	0.000000e0	0.000000e0	0.000000e0	0.000000e0	0.000000e0	-	-	-	-	-
175	zeros156-371	0.0000	0.000000e0	0.000000e0	0.000000e0	1.0000	0.000000e0	0.000000e0	1.0000	1	1	0.000000e0	0.000000e0	0.000000e0	0.000000e0	0.000000e0	-	-	-	-	-
176	zeros156-371	0.0000	0.000000e0	0.000000e0	0.000000e0	1.0000	0.000000e0	0.000000e0	1.0000	1	1	0.000000e0	0.000000e0	0.000000e0	0.000000e0	0.000000e0	-	-	-	-	-
177	zeros156-371	0.0000	0.000000e0	0.000000e0	0.000000e0	1.0000	0.000000e0	0.000000e0	1.0000	1	1	0.000000e0	0.000000e0	0.000000e0	0.000000e0	0.000000e0	-	-	-	-	-
178	zeros156-371	0.0000	0.000000e0	0.000000e0	0.000000e0	1.0000	0.000000e0	0.000000e0	1.0000	1	1	0.000000e0	0.000000e0	0.000000e0	0.000000e0	0.000000e0	-	-	-	-	-
179	zeros156-371	0.0000	0.000000e0	0.000000e0	0.000000e0	1.0000	0.000000e0	0.000000e0	1.0000	1	1	0.000000e0	0.000000e0	0.000000e0	0.000000e0	0.000000e0	-	-	-	-	-
180	zeros156-371	0.0000	0.000000e0	0.000000e0	0.000000e0	1.0000	0.000000e0	0.000000e0	1.0000	1	1	0.000000e0	0.000000e0	0.000000e0	0.000000e0	0.000000e0	-	-	-	-	-
181	zeros156-371	0.0000	0.000000e0	0.000000e0	0.000000e0	1.0000	0.000000e0	0.000000e0	1.0000	1	1	0.000000e0	0.000000e0	0.000000e0	0.000000e0	0.000000e0	-	-	-	-	-
182	zeros156-371	0.0000	0.000000e0	0.000000e0	0.000000e0	1.0000	0.000000e0	0.000000e0	1.0000	1	1	0.000000e0	0.000000e0	0.000000e0	0.000000e0	0.000000e0	-	-	-	-	-
183	zeros156-371	0.0000	0.000000e0	0.000000e0	0.000000e0	1.0000	0.000000e0	0.000000e0	1.0000	1	1	0.000000e0	0.000000e0	0.000000e0	0.000000e0	0.000000e0	-	-	-	-	-
184	zeros156-371	0.0000	0.000000e0	0.000000e0	0.000000e0	1.0000	0.000000e0	0.000000e0	1.0000	1	1	0.000000e0	0.000000e0	0.000000e0	0.000000e0	0.000000e0	-	-	-	-	-
185	zeros156-371	0.0000	0.000000e0	0.000000e0	0.000000e0	1.0000	0.000000e0	0.000000e0	1.0000	1	1	0.000000e0	0.000000e0	0.000000e0	0.000000e0	0.000000e0	-	-	-	-	-
186	zeros156-371	0.0000	0.000000e0	0.000000e0	0.000000e0	1.0000	0.000000e0	0.000000e0	1.0000	1	1	0.000000e0	0.000000e0	0.000000e0	0.000000e0	0.000000e0	-	-	-	-	-
187	zeros156-371	0.0000	0.000000e0	0.000000e0	0.000000e0	1.0000	0.000000e0	0.000000e0	1.0000	1	1	0.000000e0	0.000000e0	0.000000e0	0.000000e0	0.000000e0	-	-	-	-	-
188	zeros156-371	0.0000	0.000000e0	0.000000e0	0.000000e0	1.0000	0.000000e0	0.000000e0	1.0000	1	1	0.000000e0	0.000000e0	0.000000e0	0.000000e0	0.000000e0	-	-	-	-	-
189	zeros156-371	0.0000	0.000000e0	0.000000e0	0.000000e0	1.0000	0.000000e0	0.000000e0	1.0000	1	1	0.000000e0	0.000000e0	0.000000e0	0.000000e0	0.000000e0	-	-	-	-	-
190	zeros156-371	0.0000	0.000000e0	0.000000e0	0.000000e0	1.0000	0.000000e0	0.000000e0	1.0000	1	1	0.000000e0	0.000000e0	0.000000e0	0.000000e0	0.000000e0	-	-	-	-	-
191	zeros156-371	0.0000	0.000000e0	0.000000e0	0.000000e0	1.0000	0.000000e0	0.000000e0	1.0000	1	1	0.000000e0	0.000000e0	0.000000e0	0.000000e0	0.000000e0	-	-	-	-	-
192	zeros156-371	0.0000	0.000000e0	0.000000e0	0.000000e0	1.0000	0.000000e0	0.000000e0	1.0000	1	1	0.000000e0	0.000000e0	0.000000e0	0.000000e0	0.000000e0	-	-	-	-	-
193	zeros156-371	0.0000	0.000000e0	0.000000e0	0.000000e0	1.0000	0.000000e0	0.000000e0	1.0000	1	1	0.000000e0	0.000000e0	0.000000e0	0.000000e0	0.000000e0	-	-	-	-	-
194	zeros156-371	0.0000	0.000000e0	0.000000e0	0.000000e0	1.0000	0.000000e0	0.000000e0	1.0000	1	1	0.000000e0	0.000000e0	0.000000e0	0.000000e0	0.000000e0	-	-	-	-	-
195	zeros156-371	0.0000	0.000000e0	0.000000e0	0.000000e0	1.0000	0.000000e0	0.000000e0	1.0000	1	1	0.000000e0	0.000000e0	0.000000e0	0.000000e0	0.000000e0	-	-	-	-	-
196	zeros156-371	0.0000	0.000000e0	0.000000e0	0.000000e0	1.0000	0.000000e0	0.000000e0	1.0000	1	1	0.000000e0	0.000000e0	0.000000e0	0.000000e0	0.000000e0	-	-	-	-	-
197	zeros156-371	0.0000	0.000000e0	0.000000e0	0.000000e0	1.0000	0.000000e0	0.000000e0	1.0000	1	1	0.000000e0	0.000000e0	0.000000e0	0.000000e0	0.000000e0	-	-	-	-	-
198	zeros156-371	0.0000	0.000000e0	0.000000e0	0.000000e0	1.0000	0.000000e0	0.000000e0	1.0000	1	1	0.000000e0	0.000000e0	0.000000e0	0.000000e0	0.000000e0	-	-	-	-	-
199	zeros156-371	0.0000	0.000000e0	0.000000e0	0.000000e0	1.0000	0.000000e0	0.000000e0	1.0000	1	1	0.000000e0	0.000000e0	0.000000e0	0.000000e0	0.000000e0	-	-	-	-	-
200	zeros156-371	0.0000	0.000000e0	0.000000e0	0.000000e0	1.0000	0.000000e0	0.000000e0	1.0000	1	1	0.000000e0	0.000000e0	0.000000e0	0.000000e0	0.000000e0	-	-	-	-	-
201	zeros156-371	0.0000	0.000000e0	0.000000e0	0.000000e0	1.0000	0.000000e0	0.000000e0	1.0000	1	1	0.000000e0	0.000000e0	0.000000e0	0.000000e0	0.000000e0	-	-	-	-	-
202	zeros156-371	0.0000	0.000000e0	0.000000e0	0.000000e0	1.0000	0.000000e0	0.000000e0	1.0000	1	1	0.000000e0	0.000000e0	0.000000e0	0.000000e0	0.000000e0	-	-	-	-	-
203	zeros156-371	0.0000	0.000000e0	0.000000e0	0.000000e0	1.0000	0.000000e0	0.000000e0	1.0000	1	1	0.000000e0	0.000000e0	0.000000e0	0.000000e0	0.000000e0	-	-	-	-	-
204	zeros156-371	0.0000	0.000000e0	0.000000e0	0.000000e0	1.0000	0.000000e0	0.000000e0	1.0000	1	1	0.000000e0	0.000000e0	0.000000e0	0.000000e0	0.000000e0	-	-	-	-	-
205	zeros156-371	0.0000	0.000000e0	0.000000e0	0.000000e0	1.0000	0.000000e0	0.000000e0	1.0000	1	1	0.000000e0	0.000000e0	0.000000e0	0.000000e0	0.000000e0	-	-	-	-	-
206	zeros156-371	0.0000	0.000000e0	0.000000e0	0.000000e0	1.0000	0.000000e0	0.000000e0	1.0000	1	1	0.000000e0	0.000000e0	0.000000e0	0.000000e0	0.000000e0	-	-	-	-	-
207	zeros156-371	0.0000	0.000000e0	0.000000e0	0.000000e0	1.0000	0.000000e0	0.000000e0	1.0000	1	1	0.000000e0	0.000000e0	0.000000e0	0.000000e0	0.000000e0	-	-	-	-	-
208	zeros156-371	0.0000	0.000000e0	0.000000e0	0.000000e0	1.0000	0.000000e0	0.000000e0	1.0000	1	1	0.000000e0	0.000000e0	0.000000e0	0.000000e0	0.000000e0	-	-	-	-	-
209	zeros156-371	0.0000	0.000000e0	0.000000e0	0.000000e0	1.0000	0.000000e0	0.000000e0	1.0000	1	1	0.000000e0	0.000000e0	0.000000e0	0.000000e0	0.000000e0	-	-	-	-	-
210	zeros156-371	0.0000	0.000000e0	0.000000e0	0.000000e0	1.0000	0.000000e0	0.000000e0	1.0000	1	1	0.000000e0	0.000000e0	0.000000e0	0.000000e0	0.000000e0	-	-	-	-	-
211	zeros156-371	0.0000	0.000000e0	0.000000e0	0.000000e0	1.0000	0.000000e0	0.000000e0	1.0000	1	1	0.000000e0	0.000000e0	0.000000e0	0.000000e0	0.000000e0	-	-	-	-	-
212	zeros156-371	0.0000	0.000000e0	0.000000e0	0.000000e0	1.0000	0.000000e0	0.000000e0	1.0000	1	1	0.000000e0	0.000000e0	0.000000e0	0.000000e0	0.000000e0	-	-	-	-	-
213	zeros156-371	0.0000	0.000000e0	0.000000e0	0.000000e0	1.0000	0.000000e0	0.000000e0	1.0000	1	1	0.000000e0	0.000000e0	0.000000e0	0.000000e0	0.000000e0	-	-	-	-	-
214	zeros156-371	0.0000	0.000000e0	0.000000e0	0.000000e0	1.0000	0.000000e0	0.000000e0	1.0000	1	1	0.000000e0	0.000000e0	0.000000e0	0.000000e0	0.000000e0	-	-	-	-	-
215	zeros156-371	0.0000	0.000000e0	0.000000e0	0.000000e0	1.0000	0.000000e0	0.000000e0	1.0000	1	1	0.000000e0	0.000000e0	0.000000e0	0.000000e0	0.000000e0	-	-	-	-	-
216	zeros156-371	0.0000	0.000000e0	0.000000e0	0.000000e0	1.0000	0.000000e0	0.000000e0	1.0000	1	1	0.000000e0	0.000000e0	0.000000e0	0.000000e0	0.000000e0	-	-	-	-	-
217	zeros156-371	0.0000	0.000000e0	0.000000e0	0.000000e0	1.0000	0.000000e0	0.000000e0	1.0000	1	1	0.000000e0	0.000000e0	0.000000e0	0.000000e0	0.000000e0	-	-	-	-	-
218	zeros156-371	0.0000	0.000000e0	0.000000e0	0.000000e0	1.0000	0.000000e0	0.000000e0	1.0000	1	1	0.000000e0	0.000000e0	0.000000e0	0.000000e0	0.000000e0	-	-	-	-	-
219	zeros156-371	0.0000	0.000000e0	0.000000e0	0.000000e0	1.0000	0.000000e0	0.000000e0	1.0000	1	1	0.000000e0	0.000000e0	0.000000e0	0.000000e0	0.000000e0	-	-	-	-	-
220	zeros156-371	0.0000	0.000000e0	0.000000e0	0.000000e0	1.0000	0.000000e0	0.000000e0	1.0000	1	1	0.000000e0	0.000000e0	0.000000e0	0.000000e0	0.000000e0	-	-	-	-	-
221	zeros156-371	0.0000	0.000000e0	0.000000e0	0.000000e0	1.0000	0.000000e0	0.000000e0	1.0000	1	1	0.000000e0	0.000000e0	0.000000e0	0.000000e0	0.000000e0	-	-	-	-	-
222	zeros156-371	0.0000	0.000000e0	0.000000e0	0.000000e0	1.0000	0.000000e0	0.000000e0	1.0000	1	1	0.000000e0	0.000000e0	0.000000e0	0.000000e0	0.000000e0	-	-	-	-	-
223	zeros156-371	0.0000	0.000000e0	0.000000e0	0.000000e0	1.0000	0.000000e0	0.000000e0	1.0000	1	1	0.000000e0	0.000000e0	0.000000e0	0.000000e0	0.000000e0	-	-	-	-	-
224	zeros156-371	0.0000	0.000000e0	0.000000e0	0.000000e0	1.0000	0.000000e0	0.000000e0	1.0000	1	1	0.000000e0	0.000000e0	0.000000e0	0.000000e0	0.000000e0	-	-	-	-	-
225	zeros156-371	0.0000	0.000000e0	0.000000e0	0.000000e0	1.0000	0.000000e0	0.000000e0	1.0000	1	1	0.000000e0	0.000000e0	0.000000e0	0.000000e0	0.000000e0	-	-	-	-	-
226	zeros156-371	0.0000	0.000000e0	0.000000e0	0.000000e0	1.0000	0.000000e0	0.000000e0	1.0000	1	1	0.000000e0	0.000000e0	0.000000e0	0.000000e0	0.000000e0	-	-	-	-	-
227	zeros156-371	0.0000	0.000000e0	0.000000e0	0.000000e0	1.0000	0.000000e0	0.000000e0	1.0000	1	1	0.000000e0	0.000000e0	0.000000e0	0.000000e0	0.000000e0	-	-	-	-	-
228	zeros156-371	0.0000	0.000000e0	0.000000e0	0.000000e0	1.0000	0.000000e0	0.000000e0	1.0000	1	1	0.000000e0	0.000000e0	0.000000e0	0.000000e0	0.000000e0	-	-	-	-	-
229	zeros156-371	0.0000	0.000000e0	0.000000e0	0.000000e0	1.0000	0.000000e0	0.000000e0	1.0000	1	1	0.000000e0	0.000000e0	0.000000e0	0.000000e0	0.000000e0	-	-	-	-	-
230	zeros156-371	0.0000	0.000000e0	0.000000e0	0.000000e0	1.0000	0.000000e0	0.000000e0	1.0000	1	1	0.000000e0	0.000000e0	0.000000e0	0.000000e0	0.000000e0	-	-	-	-	-
231	zeros156-371	0.0000	0.000000e0	0.000000e0	0.000000e0	1.0000	0.000000e0	0.000000e0	1.0000	1	1	0.000000e0	0.000000e0	0.000000e0	0.000000e0	0.000000e0	-	-	-	-	-
232	zeros156-371	0.0000	0.000000e0	0.000000e0	0.000000e0	1.0000	0.000000e0	0.000000e0	1.0000	1	1	0.000000e0	0.000000e0	0.000000e0	0.000000e0	0.000000e0	-	-	-	-	-
233	zeros156-371	0.0000	0.000000e0	0.000000e0	0.000000e0	1.0000	0.000000e0	0.000000e0	1.0000	1	1	0.000000e0	0.000000e0	0.000000e0	0.000000e0	0.000000e0	-	-	-	-	-
234	zeros156-371	0.0000	0.000000e0	0.000000e0	0.000000e0	1.0000	0.000000e0	0.000000e0	1.0000	1	1	0.000000e0	0.000000e0	0.000000e0	0.000000e0	0.000000e0	-	-	-	-	-
235	zeros156-371	0.0000	0.000000e0	0.000000e0	0.000000e0	1.0000	0.000000e0	0.000000e0	1.0000	1	1	0.000000e0	0.000000e0	0.000000e0	0.000000e0	0.000000e0	-	-	-	-	-
236	zeros156-371	0.0000	0.000000e0	0.000000e0	0.000000e0	1.0000	0.000000e0	0.000000e0	1.0000	1	1	0.000000e0	0.000000e0	0.000000e0	0.000000e0	0.000000e0	-	-	-	-	-
237	zeros156-371	0.0000	0.000000e0	0.000000e0	0.000000e0	1.0000	0.000000e0	0.000000e0	1.0000	1	1	0.000000e0	0.000000e0	0.000000e0	0.000000e0	0.000000e0	-	-	-	-	-
238	zeros156-371	0.0000	0.000000e0	0.000000e0	0.000000e0	1.0000	0.000000e0	0.000000e0	1.0000	1	1	0.000000e0	0.000000e0	0.000000e0	0.000000e0	0.000000e0	-	-	-	-	-
239	zeros156-371	0.0000	0.000000e0	0.000000e0	0.000000e0	1.0000	0.000000e0	0.000000e0	1.0000	1	1	0.000000e0	0.000000e0	0.000000e0	0.000000e0	0.000000e0	-	-	-	-	-
240	zeros156-371	0.0000	0.000000e0	0.000000e0	0.000000e0	1.0000	0.000000e0	0.000000e0	1.0000	1	1	0.000000e0	0.000000e0	0.000000e0	0.000000e0	0.000000e0	-	-	-	-	-
241	zeros156-371	0.0000	0.000000e0	0.000000e0	0.000000e0	1.0000	0.000000e0	0.000000e0	1.0000	1	1	0.000000e0	0.000000e0	0.000000e0	0.000000e0	0.000000e0	-	-	-	-	-
242	zeros156-371	0.0000	0.000000e0	0.000000e0	0.000000e0	1.0000	0.000000e0	0.000000e0	1.0000	1	1	0.000000e0	0.000000e0	0.000000e0	0.000000e0	0.000000e0	-	-	-	-	-
243	zeros156-371	0.0000	0.000000e0	0.000000e0	0.000000e0	1.0000	0.000000e0	0.000000e0	1.0000	1	1	0.000000e0	0.000000e0	0.000000e0	0.000000e0	0.000000e0	-	-	-	-	-
244	zeros156-371	0.0000	0.000000e0	0.000000e0	0.000000e0	1.0000	0.000000e0	0.000000e0	1.0000	1	1	0.000000e0	0.000000e0	0.000000e0	0.000000e0	0.000000e0	-	-	-	-	-
245	zeros156-371	0.0000	0.000000e0	0.000000e0	0.000000e0	1.0000	0.000000e0	0.000000e0	1.0000	1	1	0.000000e0	0.000000e0	0.000000e0	0.000000e0	0.000000e0	-	-	-	-	-
246	zeros156-371	0.0000	0.000000e0	0.000000e0	0.000000e0	1.0000	0.000000e0	0.000000e0	1.0000	1	1	0.000000e0	0.000000e0	0.000000e0	0.000000e0	0.000000e0	-	-	-	-	-
247	zeros156-371	0.0000	0.000000e0	0.000000e0	0.000000e0	1.0000	0.000000e0	0.000000e0	1.0000	1	1	0.000000e0	0.000000e0	0.000000e0	0.000000e0	0.000000e0	-	-	-	-	-
248	zeros156-371	0.0000	0.000000e0	0.000000e0	0.000000e0	1.0000	0.000000e0	0.000000e0	1.0000	1	1	0.000000e0	0.000000e0	0.000000e0	0.000000e0	0.000000e0	-	-	-	-	-
249	zeros156-371	0.0000	0.000000e0	0.000000e0	0.000000e0	1.0000	0.000000e0	0.000000e0	1.0000	1	1	0.000000e0	0.000000e0	0.000000e0	0.000000e0	0.000000e0	-	-	-	-	-
250	zeros156-371	0.0000	0.000000e0	0.000000e0	0.000000e0	1.0000	0.000000e0	0.000000e0	1.0000	1	1	0.000000e0	0.000000e0	0.000000e0	0.000000e0	0.000000e0	-	-	-	-	-
251	zeros156-371	0.0000	0.000000e0	0.000000e0	0.000000e0	1.0000	0.000000e0	0.000000e0	1.0000	1	1	0.000000e0	0.000000e0	0.000000e0	0.000000e0	0.000000e0	-	-	-	-	-
252	zeros156-371	0.0000	0.000000e0	0.000000e0	0.000000e0	1.0000	0.000000e0	0.000000e0	1.0000	1	1	0.000000e0	0.000000e0	0.000000e0	0.000000e0	0.000000e0	-	-	-	-	-
253	zeros156-371	0.0000	0.000000e0	0.000000e0	0.000000e0	1.0000	0.000000e0	0.000000e0	1.0000	1	1	0.000000e0	0.000000e0	0.000000e0	0.000000e0	0.000000e0	-	-	-	-	-
254	zeros156-371	0.0000	0.000000e0	0.000000e0	0.000000e0	1.0000	0.000000e0	0.000000e0	1.0000	1	1	0.000000e0	0.000000e0	0.000000e0	0.000000e0	0.000000e0	-	-	-	-	-
255	zeros156-371	0.0000	0.000000e0	0.000000e0	0.000000e0	1.0000	0.000000e0	0.000000e0	1.0000	1	1	0.000000e0	0.000000e0	0.000000e0	0.000000e0	0.000000e0	-	-	-	-	-
256	zeros156-371	0.0000	0.000000e0	0.000000e0	0.000000e0	1.0000	0.000000e0	0.000000e0	1.0000	1	1	0.000000e0	0.000000e0	0.000000e0	0.000000e0	0.000000e0	-	-	-	-	-
257	zeros156-371	0.0000	0.000000e0	0.000000e0	0.000000e0	1.0000	0.000000e0	0.000000e0	1.0000	1	1	0.000000e0	0.000000e0	0.000000e0	0.000000e0	0.000000e0	-	-	-	-	-
258	zeros156-371	0.0000	0.000000e0	0.000000e0	0.000000e0	1.0000	0.000000e0	0.000000e0	1.0000	1	1	0.000000e0	0.000000e0	0.000000e0	0.000000e0	0.000000e0	-	-	-	-	-
259	zeros156-371	0.0000	0.000000e0	0.000000e0	0.000000e0	1.0000	0.000000e0	0.000000e0	1.0000	1	1	0.000000e0	0.000000e0	0.000000e0	0.000000e0	0.000000e0	-	-	-	-	-
260	zeros156-371	0.0000	0.000000e0	0.000000e0	0.000000e0	1.0000	0.000000e0	0.000000e0	1.0000	1	1	0.000000e0	0.000000e0	0.000000e0	0.000000e0	0.000000e0	-	-	-	-	-
261	zeros156-371	0.0000	0.000000e0	0.000000e0	0.000000e0	1.0000	0.000000e0	0.000000e0	1.0000	1	1	0.000000e0	0.000000e0	0.000000e0	0.000000e0	0.000000e0	-	-	-	-	-
262	zeros156-371	0.0000	0.000000e0	0.000000e0	0.000000e0	1.0000	0.000000e0	0.000000e0	1.0000	1	1	0.000000e0	0.000000e0	0.000000e0	0.000000e0	0.000000e0	-	-	-	-	-
263	zeros156-371	0.0000	0.000000e0	0.000000e0	0.000000e0	1.0000	0.000000e0	0.000000e0	1.0000	1	1	0.000000e0	0.000000e0	0.000000e0	0.000000e0	0.000000e0	-	-	-	-	-
264	zeros156-371	0.0000	0.000000e0	0.000000e0	0.000000e0	1.0000	0.000000e0	0.000000e0	1.0000	1	1	0.000000e0	0.000000e0	0.000000e0	0.000000e0	0.000000e0	-	-	-	-	-
265	zeros156-371	0.0000	0.000000e0	0.000000e0	0.000000e0	1.0000	0.000000e0	0.000000e0	1.0000	1	1	0.000000e0	0.000000e0	0.000000e0	0.000000e0	0.000000e0	-	-	-	-	-
266	zeros156-371	0.0000	0.000000e0	0.000000e0	0.000000e0	1.0000	0.000000e0	0.000000e0	1.0000	1	1	0.000000e0	0.000000e0	0.000000e0	0.000000e0	0.000000e0	-	-	-	-	-
267	zeros156-371	0.0000	0.000000e0	0.000000e0	0.000000e0	1.0000	0.000000e0	0.000000e0	1.0000	1	1	0.000000e0	0.000000e0	0.000000e0	0.000000e0	0.000000e0	-	-	-	-	-
268	zeros156-371	0.0000	0.000000e0	0.000000e0	0.000000e0	1.0000	0.000000e0	0.000000e0	1.0000	1	1	0.000000e0	0.000000e0	0.000000e0	0.000000e0	0.000000e0	-	-	-	-	-
269	zeros156-371	0.0000	0.000000e0	0.000000e0	0.000000e0	1.0000	0.000000e0	0.000000e0	1.0000	1	1	0.000000e0	0.000000e0	0.000000e0	0.000000e0	0.000000e0	-	-	-	-	-
270	zeros156-371	0.0000	0.000000e0	0.000000e0	0.000000e0	1.0000	0.000000e0	0.000000e0	1.0000	1	1	0.000000e0	0.000000e0	0.000000e0	0.000000e0	0.000000e0	-	-	-	-	-
271	zeros156-371	0.0000	0.000000e0	0.000000e0	0.000000e0	1.0000	0.000000e0	0.000000e0	1.0000	1	1	0.000000e0	0.000000e0	0.000000e0	0.000000e0	0.000000e0	-	-	-	-	-
272	zeros156-371	0.0000	0.000000e0	0.000000e0	0.000000e0	1.0000	0.000000e0	0.000000e0	1.0000	1	1	0.000000e0	0.000000e0	0.000000e0	0.000000e0	0.000000e0	-	-	-	-	-
273	zeros156-371	0.0000	0.000000e0	0.000000e0	0.000000e0	1.0000	0.000000e0	0.000000e0	1.0000	1	1	0.000000e0	0.000000e0	0.000000e0	0.000000e0	0.000000e0	-	-	-	-	-
274	zeros156-371	0.0000	0.000000e0	0.000000e0	0.000000e0	1.0000	0.000000e0	0.000000e0	1.0000	1	1	0.000000e0	0.000000e0	0.000000e0	0.000000e0	0.000000e0	-	-	-	-	-
275	zeros156-371	0.0000	0.000000e0	0.000000e0	0.000000e0	1.0000	0.000000e0	0.000000e0	1.0000	1	1	0.000000e0	0.000000e0	0.000000e0	0.000000e0	0.000000e0	-	-	-	-	-
276	zeros156-371	0.0000	0.000000e0	0.000000e0	0.000000e0	1.0000	0.000000e0	0.000000e0	1.0000	1	1	0.000000e0	0.000000e0	0.000000e0	0.000000e0	0.000000e0	-	-	-	-	-
277	zeros156-371	0.0000	0.000000e0	0.000000e0	0.000000e0	1.0000	0.000000e0	0.000000e0	1.0000	1	1	0.000000e0	0.000000e0	0.000000e0	0.000000e0	0.000000e0	-	-	-	-	-
278	zeros156-371	0.0000	0.000000e0	0.000000e0	0.000000e0	1.0000	0.000000e0	0.000000e0	1.0000	1	1	0.000000e0	0.000000e0	0.000000e0	0.000000e0	0.000000e0	-	-	-	-	-
279	zeros156-371	0.0000	0.000000e0	0.000000e0	0.000000e0	1.0000	0.000000e0	0.000000e0	1.0000	1	1	0.000000e0	0.000000e0	0.000000e0	0.000000e0	0.000000e0	-	-	-	-	-
280	zeros156-371	0.0000	0.000000e0	0.000000e0	0.000000e0	1.0000	0.000000e0	0.000000e0	1.0000	1	1	0.000000e0	0.000000e0	0.000000e0	0.000000e0	0.000000e0	-	-	-	-	-
281	zeros156-371	0.0000	0.000000e0	0.000000e0	0.000000e0	1.0000	0.000000e0	0.000000e0	1.0000	1	1	0.000000e0	0.000000e0	0.000000e0	0.000000e0	0.000000e0	-	-	-	-	-
282	zeros156-371	0.0000	0.000000e0	0.000000e0	0.000000e0	1.0000	0.000000e0	0.000000e0	1.0000	1	1	0.000000e0	0.000000e0	0.000000e0	0.000000e0	0.000000e0	-	-	-	-	-
283	zeros156-371	0.0000	0.000000e0	0.000000e0	0.000000e0	1.0000	0.000000e0	0.000000e0	1.0000	1	1	0.000000e0	0.000000e0	0.000000e0	0.000000e0	0.000000e0	-	-	-	-	-
284	zeros156-371	0.0000	0.000000e0	0.000000e0	0.000000e0	1.0000	0.000000e0	0.000000e0	1.0000	1	1	0.000000e0	0.000000e0	0.000000e0	0.000000e0	0.000000e0	-	-	-	-	-
285	zeros156-371	0.0000	0.000000e0	0.000000e0	0.000000e0	1.0000	0.000000e0	0.000000e0	1.0000	1	1	0.000000e0	0.000000e0	0.000000e0	0.000000e0	0.000000e0	-	-	-	-	-
286	zeros156-371	0.0000	0.000000e0	0.000000e0	0.000000e0	1.0000	0.000000e0	0.000000e0	1.0000	1	1	0.000000e0	0.000000e0	0.000000e0	0.000000e0	0.000000e0	-	-	-	-	-
287	zeros156-371	0.0000	0.000000e0	0.000000e0	0.000000e0	1.0000	0.000000e0	0.000000e0	1.0000	1	1	0.000000e0	0.000000e0	0.000000e0	0.000000e0	0.000000e0	-	-	-	-	-
288	zeros156-371	0.0000	0.000000e0	0.000000e0	0.000000e0	1.0000	0.000000e0	0.000000e0	1.0000	1	1	0.000000e0	0.000000e0	0.000000e0	0.000000e0	0.000000e0	-	-	-	-	-
289	zeros156-371	0.0000	0.000000e0	0.000000e0	0.000000e0	1.0000	0.000000e0	0.000000e0	1.0000	1	1	0.000000e0	0.000000e0	0.000000e0	0.000000e0	0.000000e0	-	-	-	-	-
290	zeros156-371	0.0000	0.000000e0	0.000000e0	0.000000e0	1.0000	0.000000e0	0.000000e0	1.0000	1	1	0.000000e0	0.000000e0	0.000000e0	0.000000e0	0.000000e0	-	-	-	-	-
291	zeros156-371	0.0000	0.000000e0	0.000000e0	0.000000e0	1.0000	0.000000e0	0.000000e0	1.0000	1	1	0.000000e0	0.000000e0	0.000000e0	0.000000e0	0.000000e0	-	-	-	-	-
292	zeros156-371	0.0000	0.000000e0	0.000000e0	0.000000e0	1.0000	0.000000e0	0.000000e0	1.0000	1	1	0.000000e0	0.000000e0	0.000000e0	0.000000e0	0.000000e0	-	-	-	-	-
293	zeros156-371	0.0000	0.000000e0	0.000000e0	0.000000e0	1.0000	0.000000e0	0.000000e0	1.0000	1	1	0.000000e0	0.000000e0	0.000000e0	0.000000e0	0.000000e0	-	-	-	-	-
294	zeros156-371	0.0000	0.000000e0	0.000000e0	0.000000e0	1.0000	0.000000e0	0.000000e0	1.0000	1	1	0.000000e0	0.000000e0	0.000000e0	0.000000e0	0.000000e0	-	-	-	-	-
295	zeros156-371	0.0000	0.000000e0	0.000000e0	0.000000e0	1.0000	0.000000e0	0.000000e0	1.0000	1	1	0.000000e0	0.000000e0	0.000000e0	0.000000e0	0.000000e0	-	-	-	-	-
296	zeros156-371	0.0000	0.000000e0	0.000000e0	0.000000e0	1.0000	0.000000e0	0.000000e0	1.0000	1	1	0.000000e0	0.000000e0	0.000000e0	0.000000e0	0.000000e0	-	-	-	-	-
297	zeros156-371	0.0000	0.000000e0	0.000000e0	0.000000e0	1.0000	0.000000e0	0.000000e0	1.0000	1	1	0.000000e0	0.000000e0	0.000000e0	0.000000e0	0.000000e0	-	-	-	-	-
298	zeros156-371	0.0000	0.000000e0	0.000000e0	0.000000e0	1.0000	0.000000e0	0.000000e0	1.0000	1	1	0.000000e0	0.000000e0	0.000000e0	0.000000e0	0.000000e0	-	-	-	-	-
299	zeros156-371	0.0000	0.000000e0	0.000000e0	0.000000e0	1.0000	0.000000e0	0.000000e0	1.0000	1	1	0.000000e0	0.000000e0	0.000000e0	0.000000e0	0.000000e0	-	-	-	-	-
300	zeros156-371	0.0000	0.000000e0	0.000000e0	0.000000e0	1.0000	0.000000e0	0.000000e0	1.0000	1	1	0.000000e0	0.000000e0	0.000000e0	0.000000e0	0.000000e0	-	-	-	-	-
301	zeros156-371	0.0000	0.000000e0	0.000000e0	0.000000e0	1.0000	0.000000e0	0.000000e0	1.0000	1	1	0.000000e0	0.000000e0	0.000000e0	0.000000e0	0.000000e0	-	-	-	-	-
302	zeros156-371	0.0000	0.000000e0	0.000000e0	0.000000e0	1.0000	0.000000e0	0.000000e0	1.0000	1	1	0.000000e0	0.000000e0	0.000000e0	0.000000e0	0.000000e0	-	-	-	-	-
303	zeros156-371	0.0000	0.000000e0	0.000000e0	0.000000e0	1.0000	0.000000e0	0.000000e0	1.0000	1	1	0.000000e0	0.000000e0	0.000000e0	0.000000e0	0.000000e0	-	-	-	-	-
304	zeros156-371	0.0000	0.000000e0	0.000000e0	0.000000e0	1.0000	0.000000e0	0.000000e0	1.0000	1	1	0.000000e0	0.000000e0	0.000000e0	0.000000e0	0.000000e0	-	-	-	-	-
305	zeros156-371	0.0000	0.000000e0	0.000000e0	0.000000e0	1.0000	0.000000e0	0.000000e0	1.0000	1	1	0.000000e0	0.000000e0	0.000000e0	0.000000e0	0.000000e0	-	-	-	-	-
306	zeros156-371	0.0000	0.000000e0	0.000000e0	0.000000e0	1.0000	0.000000e0	0.000000e0	1.0000	1	1	0.000000e0	0.000000e0	0.000000e0	0.000000e0	0.000000e0	-	-	-	-	-
307	zeros156-371	0.0000	0.000000e0	0.000000e0	0.000000e0	1.0000	0.000000e0	0.000000e0	1.0000	1	1	0.000000e0	0.000000e0	0.000000e0	0.000000e0	0.000000e0	-	-	-	-	-
308	zeros156-371	0.0000	0.000000e0	0.000000e0	0.000000e0	1.0000	0.000000e0	0.000000e0	1.0000	1	1	0.000000e0	0.000000e0	0.000000e0	0.000000e0	0.000000e0	-	-	-	-	-
309	zeros156-371	0.0000	0.000000e0	0.000000e0	0.000000e0	1.0000	0.000000e0	0.000000e0	1.0000	1	1	0.000000e0	0.000000e0	0.000000e0	0.000000e0	0.000000e0	-	-	-	-	-
310	zeros156-371	0.0000	0.000000e0	0.000000e0	0.000000e0	1.0000	0.000000e0	0.000000e0	1.0000	1	1	0.000000e0	0.000000e0	0.000000e0	0.000000e0	0.000000e0	-	-	-	-	-
311	zeros156-371	0.0000	0.000000e0	0.000000e0	0.000000e0	1.0000	0.000000e0	0.000000e0	1.0000	1	1	0.000000e0	0.000000e0	0.000000e0	0.000000e0	0.000000e0	-	-	-	-	-
312	zeros156-371	0.0000	0.000000e0	0.000000e0	0.000000e0	1.0000	0.000000e0	0.000000e0	1.0000	1	1	0.000000e0	0.000000e0	0.000000e0	0.000000e0	0.000000e0	-	-	-	-	-
313	zeros156-371	0.0000	0.000000e0	0.000000e0	0.000000e0	1.0000	0.000000e0	0.000000e0	1.0000	1	1	0.000000e0	0.000000e0	0.000000e0	0.000000e0	0.000000e0	-	-	-	-	-
314	zeros156-371	0.0000	0.000000e0	0.000000e0	0.000000e0	1.0000	0.000000e0	0.000000e0	1.0000	1	1	0.000000e0	0.000000e0	0.000000e0	0.000000e0	0.000000e0	-	-	-	-	-
315	zeros156-371	0.0000	0.000000e0	0.000000e0	0.000000e0	1.0000	0.000000e0	0.000000e0	1.0000	1	1	0.000000e0	0.000000e0	0.000000e0	0.000000e0	0.000000e0	-	-	-	-	-
316	zeros156-371	0.0000	0.000000e0	0.000000e0	0.000000e0	1.0000	0.000000e0	0.000000e0	1.0000	1	1	0.000000e0	0.000000e0	0.000000e0	0.000000e0	0.000000e0	-	-	-	-	-
317	zeros156-371	0.0000	0.000000e0	0.000000e0	0.000000e0	1.0000	0.000000e0	0.000000e0	1.0000	1	1	0.000000e0	0.000000e0	0.000000e0	0.000000e0	0.000000e0	-	-	-	-	-
318	zeros156-371	0.0000	0.000000e0	0.000000e0	0.000000e0	1.0000	0.000000e0	0.000000e0	1.0000	1	1	0.000000e0	0.000000e0	0.000000e0	0.000000e0	0.000000e0	-	-	-	-	-
319	zeros156-371	0.0000	0.000000e0	0.000000e0	0.000000e0	1.0000	0.000000e0	0.000000e0	1.0000	1	1	0.000000e0	0.000000e0	0.000000e0	0.000000e0	0.000000e0	-	-	-	-	-
320	zeros156-371	0.0000	0.000000e0	0.000000e0	0.000000e0	1.0000	0.000000e0	0.000000e0	1.0000	1	1	0.000000e0	0.000000e0	0.000000e0	0.000000e0	0.000000e0	-	-	-	-	-
321	zeros156-371	0.0000	0.000000e0	0.000000e0	0.000000e0	1.0000	0.000000e0	0.000000e0	1.0000	1	1	0.000000e0	0.000000e0	0.000000e0	0.000000e0	0.000000e0	-	-	-	-	-
322	zeros156-371	0.0000	0.000000e0	0.000000e0	0.000000e0	1.0000	0.000000e0	0.000000e0	1.0000	1	1	0.000000e0	0.000000e0	0.000000e0	0.000000e0	0.000000e0	-	-	-	-	-
323	zeros156-371	0.0000	0.000000e0	0.000000e0	0.000000e0	1.0000	0.000000e0	0.000000e0	1.0000	1	1	0.000000e0	0.000000e0	0.000000e0	0.000000e0	0.000000e0	-	-	-	-	-
324	zeros156-371	0.0000	0.000000e0	0.000000e0	0.000000e0	1.0000	0.000000e0	0.000000e0	1.0000	1	1	0.000000e0	0.000000e0	0.000000e0	0.000000e0	0.000000e0	-	-	-	-	-
325	zeros156-371	0.0000	0.000000e0	0.000000e0	0.000000e0	1.0000	0.000000e0	0.000000e0	1.0000	1	1	0.000000e0	0.000000e0	0.000000e0	0.000000e0	0.000000e0	-	-	-	-	-
326	zeros156-371	0.0000	0.000000e0	0.000000e0	0.000000e0	1.0000	0.000000e0	0.000000e0	1.0000	1	1	0.000000e0	0.000000e0	0.000000e0	0.000000e0	0.000000e0	-	-	-	-	-
327	zeros156-371	0.0000	0.000000e0	0.000000e0	0.000000e0	1.0000	0.000000e0	0.000000e0	1.0000	1	1	0.000000e0	0.000000e0	0.000000e0	0.000000e0	0.000000e0	-	-	-	-	-
328	zeros156-371	0.0000	0.000000e0	0.000000e0	0.000000e0	1.0000	0.000000e0	0.000000e0	1.0000	1	1	0.000000e0	0.000000e0	0.000000e0	0.000000e0	0.000000e0	-	-	-	-	-
329	zeros156-371	0.0000	0.000000e0	0.000000e0	0.000000e0	1.0000	0.000000e0	0.000000e0	1.0000	1	1	0.000000e0	0.000000e0	0.000000e0	0.000000e0	0.000000e0	-	-	-	-	-
330	zeros156-371	0.0000	0.000000e0	0.000000e0	0.000000e0	1.0000	0.000000e0	0.000000e0	1.0000	1	1	0.000000e0	0.000000e0	0.000000e0	0.000000e0	0.000000e0	-	-	-	-	-
331	zeros156-371	0.0000	0.000000e0	0.000000e0	0.000000e0	1.0000	0.000000e0	0.000000e0	1.0000	1	1	0.000000e0	0.000000e0	0.000000e0	0.000000e0	0.000000e0	-	-	-	-	-
332	zeros156-371	0.0000	0.000000e0	0.000000e0	0.000000e0	1.0000	0.000000e0	0.000000e0	1.0000	1	1	0.000000e0	0.000000e0	0.000000e0	0.000000e0	0.000000e0	-	-	-	-	-
333	zeros156-371	0.0000	0.000000e0	0.000000e0	0.000000e0	1.0000	0.000000e0	0.000000e0	1.0000	1	1	0.000000e0	0.000000e0	0.000000e0	0.000000e0	0.000000e0	-	-	-	-	-
334	zeros156-371	0.0000	0.000000e0	0.000000e0	0.000000e0	1.0000	0.000000e0	0.000000e0	1.0000	1	1	0.000000e0	0.000000e0	0.000000e0	0.000000e0	0.000000e0	-	-	-	-	-
335	zeros156-371	0.0000	0.000000e0	0.000000e0	0.000000e0	1.0000	0.000000e0	0.000000e0	1.0000	1	1	0.000000e0	0.000000e0	0.000000e0	0.000000e0	0.000000e0	-	-	-	-	-
336	zeros156-371	0.0000	0.000000e0	0.000000e0	0.000000e0	1.0000	0.000000e0	0.000000e0	1.0000	1	1	0.000000e0	0.000000e0	0.000000e0	0.000000e0	0.000000e0	-	-	-	-	-
337	zeros156-371	0.0000	0.000000e0	0.000000e0	0.000000e0	1.0000	0.000000e0	0.000000e0	1.0000	1	1	0.000000e0	0.000000e0	0.000000e0	0.000000e0	0.000000e0	-	-	-	-	-
338	zeros156-371	0.0000	0.000000e0	0.000000e0	0.000000e0	1.0000	0.000000e0	0.000000e0	1.0000	1	1	0.000000e0	0.000000e0	0.000000e0	0.000000e0	0.000000e0	-	-	-	-	-
339	zeros156-371	0.0000	0.000000e0	0.000000e0	0.000000e0	1.0000	0.000000e0	0.000000e0	1.0000	1	1	0.000000e0	0.000000e0	0.000000e0	0.000000e0	0.000000e0	-	-	-	-	-
340	zeros156-371	0.0000	0.000000e0	0.000000e0	0.000000e0	1.0000	0.000000e0	0.000000e0	1.0000	1	1	0.000000e0	0.000000e0	0.000000e0	0.000000e0	0.000000e0	-	-	-	-	-
341	zeros156-371	0.0000	0.000000e0	0.000000e0	0.000000e0	1.0000	0.000000e0	0.000000e0	1.0000	1	1	0.000000e0	0.000000e0	0.000000e0	0.000000e0	0.000000e0	-	-	-	-	-
342	zeros156-371	0.0000	0.000000e0	0.000000e0	0.000000e0	1.0000	0.000000e0	0.000000e0	1.0000	1	1	0.000000e0	0.000000e0	0.000000e0	0.000000e0	0.000000e0	-	-	-	-	-
343	zeros156-371	0.0000	0.000000e0	0.000000e0	0.000000e0	1.0000	0.000000e0	0.000000e0	1.0000	1	1	0.000000e0	0.000000e0	0.000000e0	0.000000e0	0.000000e0	-	-	-	-	-
344	zeros156-371	0.0000	0.000000e0	0.000000e0	0.000000e0	1.0000	0.000000e0	0.000000e0	1.0000	1	1	0.000000e0	0.000000e0	0.000000e0	0.000000e0	0.000000e0	-	-	-	-	-
345	zeros156-371	0.0000	0.000000e0	0.000000e0	0.000000e0	1.0000	0.000000e0	0.000000e0	1.0000	1	1	0.000000e0	0.000000e0	0.000000e0	0.000000e0	0.000000e0	-	-	-	-	-
346	zeros156-371	0.0000	0.000000e0	0.000000e0	0.000000e0	1.0000	0.000000e0	0.000000e0	1.0000	1	1	0.000000e0	0.000000e0	0.000000e0	0.000000e0	0.000000e0	-	-	-	-	-
347	zeros156-371	0.0000	0.000000e0	0.000000e0	0.000000e0	1.0000	0.000000e0	0.000000e0	1.0000	1	1	0.000000e0	0.000000e0	0.000000e0	0.000000e0	0.000000e0	-	-	-	-	-
348	zeros156-371	0.0000	0.000000e0	0.000000e0	0.000000e0	1.0000	0.000000e0	0.000000e0	1.0000	1	1	0.000000e0	0.000000e0	0.000000e0	0.000000e0	0.000000e0	-	-	-	-	-
349	zeros156-371	0.0000	0.000000e0	0.000000e0	0.000000e0	1.0000	0.000000e0	0.000000e0	1.0000	1	1	0.000000e0	0.000000e0	0.000000e0	0.000000e0	0.000000e0	-	-	-	-	-
350	zeros156-371	0.0000	0.000000e0	0.000000e0	0.000000e0	1.0000	0.000000e0	0.000000e0	1.0000	1	1	0.000000e0	0.000000e0	0.000000e0	0.000000e0	0.000000e0	-	-	-	-	-
351	zeros156-371	0.0000	0.000000e0	0.000000e0	0.000000e0	1.0000	0.000000e0	0.000000e0	1.0000	1	1	0.000000e0	0.000000e0	0.000000e0	0.000000e0	0.000000e0	-	-	-	-	-
352	zeros156-371	0.0000	0.000000e0	0.000000e0	0.000000e0	1.0000	0.000000e0	0.000000e0	1.0000	1	1	0.000000e0	0.000000e0	0.000000e0	0.000000e0	0.000000e0	-	-	-	-	-
353	zeros156-371	0.0000	0.000000e0	0.000000e0	0.000000e0	1.0000	0.000000e0	0.000000e0	1.0000	1	1	0.000000e0	0.000000e0	0.000000e0	0.000000e0	0.000000e0	-	-	-	-	-
354	zeros156-371	0.0000	0.000000e0	0.000000e0	0.000000e0	1.0000	0.000000e0	0.000000e0	1.0000	1	1	0.000000e0	0.000000e0	0.000000e0	0.000000e0	0.000000e0	-	-	-	-	-
355	zeros156-371	0.0000	0.000000e0	0.000000e0	0.000000e0	1.0000	0.000000e0	0.000000e0	1.0000	1	1	0.000000e0	0.000000e0	0.000000e0	0.000000e0	0.000000e0	-	-	-	-	-
356	zeros156-371	0.0000	0.000000e0	0.000000e0	0.000000e0	1.0000	0.000000e0	0.000000e0	1.0000	1	1	0.000000e0	0.000000e0	0.000000e0	0.000000e0	0.000000e0	-	-	-	-	-
357	zeros156-371	0.0000	0.000000e0	0.000000e0	0.000000e0	1.0000	0.000000e0	0.000000e0	1.0000	1	1	0.000000e0	0.000000e0	0.000000e0	0.000000e0	0.000000e0	-	-	-	-	-
358	zeros156-371	0.0000	0.000000e0	0.000000e0	0.000000e0	1.0000	0.000000e0	0.000000e0	1.0000	1	1	0.000000e0	0.000000e0	0.000000e0	0.000000e0	0.000000e0	-	-	-	-	-
359	zeros156-371	0.0000	0.000000e0	0.000000e0	0.000000e0	1.0000	0.000000e0	0.000000e0	1.0000	1	1	0.000000e0	0.000000e0	0.000000e0	0.000000e0	0.000000e0	-	-	-	-	-
360	zeros156-371	0.0000	0.000000e0	0.000000e0	0.000000e0	1.0000	0.000000e0	0.000000e0	1.0000	1	1	0.000000e0	0.000000e0	0.000000e0	0.000000e0	0.000000e0	-	-	-	-	-
361	zeros156-371	0.0000	0.000000e0	0.000000e0	0.000000e0	1.0000	0.000000e0	0.000000e0	1.0000	1	1	0.000000e0	0.000000e0	0.000000e0	0.000000e0	0.000000e0	-	-	-	-	-
362	zeros156-371	0.0000	0.000000e0	0.000000e0	0.000000e0	1.0000	0.000000e0	0.000000e0	1.0000	1	1	0.000000e0	0.000000e0	0.000000e0	0.000000e0	0.000000e0	-	-	-	-	-
363	zeros156-371	0.0000	0.000000e0	0.000000e0	0.000000e0	1.0000	0.000000e0	0.000000e0	1.0000	1	1	0.000000e0	0.000000e0	0.000000e0	0.000000e0	0.000000e0	-	-	-	-	-
364	zeros156-371	0.0000	0.000000e0	0.000000e0	0.000000e0	1.0000	0.000000e0	0.000000e0	1.0000	1	1	0.000000e0	0.000000e0	0.000000e0	0.000000e0	0.000000e0	-	-	-	-	-
365	zeros156-371	0.0000	0.000000e0	0.000000e0	0.000000e0	1.0000	0.000000e0	0.000000e0	1.0000	1	1	0.000000e0	0.000000e0	0.000000e0	0.000000e0	0.000000e0	-	-	-	-	-
366	zeros156-371	0.0000	0.000000e0	0.000000e0	0.000000e0	1.0000	0.000000e0	0.000000e0	1.0000	1	1	0.000000e0	0.000000e0	0.000000e0	0.000000e0	0.000000e0	-	-	-	-	-
367	zeros156-371	0.0000	0.000000e0	0.000000e0	0.000000e0	1.0000	0.000000e0	0.000000e0	1.0000	1	1	0.000000e0	0.000000e0	0.000000e0	0.000000e0	0.000000e0	-	-	-	-	-
368	zeros156-371	0.0000	0.000000e0	0.000000e0	0.000000e0	1.0000	0.000000e0	0.000000e0	1.0000	1	1	0.000000e0	0.000000e0	0.000000e0	0.000000e0	0.000000e0	-	-	-	-	-
369	zeros156-371	0.0000	0.000000e0	0.000000e0	0.000000e0	1.0000	0.000000e0	0.000000e0	1.0000	1	1	0.000000e0	0.000000e0	0.000000e0	0.000000e0	0.000000e0	-	-	-	-	-
370	zeros156-371	0.0000	0.000000e0	0.000000e0	0.000000e0	1.0000	0.000000e0	0.000000e0	1.0000	1	1	0.000000e0	0.000000e0	0.000000e0	0.000000e0	0.000000e0	-	-	-	-	-
371	zeros156-371	0.0000	0.000000e0	0.000000e0	0.000000e0	1.0000	0.000000e0	0.000000e0	1.0000	1	1	0.000000e0	0.000000e0	0.000000e0	0.000000e0	0.000000e0	-	-	-	-	-
372	v2-348	1.0000	5.476011e-2	1.573863e-1	8.787934e-2	0.6550	2.186622e0	4.171038e-1	0.1562	0	0	4.771817e-2	5.113519e-2	7.567177e-2	1.219908e-1	5.369614e-2	-	-	-	-	-
373	v2-348	1.0000	3.245229e-2	1.129699e-1	5.246091e-2	0.5048	1.194721e0	1.396687e-1	0.1562	0	0	2.986917e-2	3.076476e-2	3.728046e-2	4.017311e-2	3.783148e-2	-	-	-	-	-
374	v2-348	1.0000	6.386013e-2	2.493161e-1	1.098331e-1	0.6522	2.236068e0	7.103456e-1	0.1328	0	0	4.029010e-2	5.836951e-2	9.135289e-2	1.005264e-1	9.509395e-2	-	-	-	-	-
375	v2-348	1.0000	1.005140e-1	3.831010e-1	1.464856e-1	0.7541	3.681957e0	9.411682e-1	0.1953	0	0	9.770256e-2	1.037240e-1	1.042464e-1	8.205311e-2	9.773516e-2	-	-	-	-	-
376	v2-348	1.0000	1.187921e-1	5.192637e-1	2.217191e-1	0.6367	2.339076e0	6.643626e-1	0.0938	0	0	8.633734e-2	1.186633e-1	1.557004e-1	1.450255e-1	1.451838e-1	-	-	-	-	-
377	v2-348	1.0000	2.279753e-2	5.308977e-2	2.383541e-2	0.8389	6.155122e-1	1.043585e-1	0.2500	0	0	3.143046e-2	1.794436e-2	1.696105e-2	2.147527e-2	2.823450e-2	-	-	-	-	-
378	v2-348	1.0000	1.117648e-1	3.783121e-1	1.787826e-1	0.7402	4.236901e0	1.128969e0	0.1562	0	0	1.059534e-1	1.028397e-1	1.318462e-1	8.347305e-2	1.476589e-1	-	-	-	-	-
379	v2-348	1.0000	1.535338e-1	6.227018e-1	2.861161e-1	0.5953	2.625216e0	5.610849e-1	0.0625	0	0	1.928226e-1	1.080321e-1	1.415955e-1	9.759677e-2	2.570620e-1	-0.004613	-0.048602	-0.005966	-0.006097	0.005545
380	v2-348	1.0000	1.153948e-1	3.735913e-1	1.846676e-1	0.6514	3.625710e0	8.285749e-1	0.1953	0	0	8.534660e-2	1.073487e-1	1.637280e-1	1.763121e-1	1.516377e-1	-	-	-	-	-
381	v2-348	1.0000	7.528998e-2	2.528033e-1	1.159424e-1	0.6646	3.422809e0	8.607737e-1	0.0938	0	0	4.826642e-2	7.886741e-2	8.354843e-2	1.074949e-1	8.951029e-2	-	-	-	-	-
382	v2-348	1.0000	1.171895e-1	4.922028e-1	2.381596e-1	0.5770	4.509103e0	9.955258e-1	0.1641	0	0	5.965246e-2	1.392807e-1	1.718758e-1	1.505781e-1	1.022006e-1	-	-	-	-	-
383	v2-348	1.0000	1.958493e-1	6.704960e-1	4.818196e-1	0.5142	3.946153e0	1.001539e0	0.1719	0	0	1.062898e-1	2.403716e-1	2.125460e-1	1.652171e-1	1.787947e-1	-0.001729	-0.158333	0.016333	0.005293	0.000070
384	v2-348	1.0000	9.328139e-2	2.205148e-1	1.780011e-1	0.6840	3.230124e0	5.582483e-1	0.1328	0	0	8.216418e-2	7.853246e-2	1.501568e-1	2.829215e-1	9.330065e-2	-	-	-	-	-
385	v2-348	1.0000	1.017642e-1	3.592925e-1	1.404027e-1	0.7448	3.177909e0	7.903927e-1	0.1484	0	0	1.182065e-1	9.400501e-2	9.249177e-2	9.944639e-2	1.070985e-1	-	-	-	-	-
386	v2-348	1.0000	1.010192e-1	3.438289e-1	2.022928e-1	0.6500	2.778543e0	3.742287e-1	0.1328	0	0	6.698930e-2	8.794669e-2	2.443787e-1	2.834507e-1	1.046552e-1	-	-	-	-	-
387	v2-348	1.0000	2.251487e-2	5.191316e-2	2.431046e-2	0.8321	6.199802e-1	1.279299e-1	0.3047	0	0	3.744050e-2	1.546074e-2	1.712778e-2	1.762276e-2	2.725410e-2	-	-	-	-	-
388	v2-348	1.0000	9.144273e-2	3.616490e-1	1.400345e-1	0.6398	2.644332e0	6.896078e-1	0.1562	0	0	7.535095e-2	8.085812e-2	1.105838e-1	1.407703e-1	1.277182e-1	-	-	-	-	-
389	v2-348	1.0000	9.732085e-2	4.028829e-1	1.488618e-1	0.7071	3.705404e0	7.565189e-1	0.1875	0	0	8.520513e-2	1.092518e-1	1.106062e-1	1.169334e-1	6.872010e-2	-	-	-	-	-
390	v2-348	1.0000	1.529302e-1	6.991949e-1	2.937009e-1	0.6465	3.211312e0	8.990217e-1	0.1328	0	0	5.105723e-2	1.959670e-1	2.177644e-1	2.711928e-1	1.090102e-1	0.000700	0.035311	0.009169	0.014235	-0.001341
391	v2-348	1.0000	8.160273e-2	2.299722e-1	9.549620e-2	0.8060	1.467593e0	3.501098e-1	0.1797	0	0	9.994132e-2	6.792972e-2	7.363079e-2	8.392213e-2	1.010004e-1	-	-	-	-	-
392	v2-348	1.0000	3.335642e-2	1.208920e-1	5.351590e-2	0.6267	1.201726e0	3.747667e-1	0.1719	0	0	4.475066e-2	2.486509e-2	2.837995e-2	3.167015e-2	4.613140e-2	-	-	-	-	-
393	v2-348	1.0000	2.476982e-1	9.868774e-1	4.385432e-1	0.5662	4.525362e0	8.767249e-1	0.1016	0	0	2.618829e-1	2.295148e-1	3.009612e-1	2.230225e-1	2.765198e-1	-0.014216	0.027643	-0.037013	-0.029043	0.000747
394	v2-348	1.0000	2.066023e-1	1.103639e0	4.290883e-1	0.5718	6.133556e0	2.062943e0	0.0547	0	0	4.129791e-2	2.917497e-1	2.333379e-1	2.089958e-1	1.534458e-1	-0.000925	-0.100048	-0.010408	-0.010789	0.001460
395	v2-348	1.0000	3.530169e-2	1.295433e-1	5.725653e-2	0.6236	1.274246e0	3.961637e-1	0.1641	0	0	4.587890e-2	2.720228e-2	3.003848e-2	3.344292e-2	4.805305e-2	-	-	-	-	-
396	v2-348	1.0000	2.790872e-2	9.140635e-2	4.247373e-2	0.6637	9.832019e-1	3.062859e-1	0.1797	0	0	4.247521e-2	1.777679e-2	2.355114e-2	2.675820e-2	4.129479e-2	-	-	-	-	-
397	v2-348	1.0000	1.404149e-1	5.878804e-1	2.646199e-1	0.6588	3.900458e0	1.146931e0	0.1406	0	0	6.143440e-2	1.865761e-1	1.777893e-1	1.657294e-1	8.641018e-2	-	-	-	-	-
398	v2-348	1.0000	1.366024e-1	4.691531e-1	2.328619e-1	0.5894	4.097749e0	8.600183e-1	0.1562	0	0	7.570965e-2	1.390988e-1	1.839950e-1	2.550436e-1	1.673529e-1	-	-	-	-	-
399	v2-348	1.0000	1.512917e-1	5.906847e-1	2.701844e-1	0.7240	5.875357e0	1.314303e0	0.2109	0	0	1.147293e-1	1.603252e-1	2.225523e-1	1.719527e-1	1.475980e-1	-0.002598	-0.049623	0.014252	0.000858	0.000007
400	v2-348	1.0000	6.195563e-2	1.624036e-1	8.963410e-2	0.7974	1.610845e0	2.797851e-1	0.0703	0	0	8.935846e-2	4.905878e-2	4.252026e-2	5.392885e-2	7.274304e-2	-	-	-	-	-
401	v2-348	1.0000	2.258228e-1	8.014777e-1	4.205222e-1	0.6268	4.434807e0	8.128470e-1	0.2891	0	0	1.473186e-1	2.216290e-1	3.943644e-1	6.292097e-1	2.016478e-1	-0.001346	-0.115902	0.041606	0.050287	0.000389
402	v2-348	1.0000	1.008767e-1	4.524384e-1	1.896429e-1	0.5181	3.546066e0	5.084352e-1	0.0781	0	0	4.970980e-2	1.234992e-1	1.314958e-1	2.012002e-1	6.673203e-2	-	-	-	-	-
403	v2-348	1.0000	2.803420e-1	8.194232e-1	3.752833e-1	0.5253	5.572098e0	1.206972e0	0.0547	0	0	4.939477e-1	1.743419e-1	2.683021e-1	2.842103e-1	3.293750e-1	0.001685	0.027113	-0.019455	-0.021768	-0.001747
404	v2-348	1.0000	2.126065e-1	8.794575e-1	4.964519e-1	0.6857	8.355220e0	1.407989e0	0.1797	0	0	5.398833e-2	2.833908e-1	3.172645e-1	4.705347e-1	1.146230e-1	-0.001132	-0.103989	0.023131	0.008193	-0.000335
405	v2-348	1.0000	1.172227e-1	4.028502e-1	2.553147e-1	0.6192	4.368599e0	7.256834e-1	0.1562	0	0	8.338033e-2	9.838692e-2	2.276837e-1	3.443906e-1	1.361755e-1	-	-	-	-	-
406	v2-348	1.0000	5.961328e-2	2.254114e-1	1.170428e-1	0.6699	2.265930e0	5.762152e-1	0.3125	0	0	4.375485e-2	6.358445e-2	8.256236e-2	8.362330e-2	5.640520e-2	-	-	-	-	-
407	v2-348	1.0000	1.278115e-1	3.934751e-1	1.925088e-1	0.5978	4.560085e0	1.086498e0	0.2578	0	0	1.190045e-1	1.010517e-1	2.025277e-1	2.428507e-1	1.740182e-1	-	-	-	-	-
408	v2-348	1.0000	2.029973e-1	7.303825e-1	2.909640e-1	0.7178	4.691558e0	7.249209e-1	0.2266	0	0	1.909017e-1	1.935694e-1	2.311186e-1	2.422639e-1	2.306543e-1	0.001227	-0.092028	-0.011168	-0.018206	0.000052
409	v2-348	1.0000	2.002321e-1	8.229887e-1	3.697691e-1	0.5373	5.272213e0	1.120445e0	0.2344	0	0	1.002744e-1	2.098394e-1	3.457810e-1	3.660545e-1	2.231294e-1	-0.002643	-0.056918	-0.044038	-0.042795	-0.000850
410	v2-348	1.0000	2.459800e-1	6.445537e-1	3.251990e-1	0.6274	5.697029e0	9.271224e-1	0.1797	0	0	3.939084e-1	1.892302e-1	2.301623e-1	2.165672e-1	2.388868e-1	-0.000060	0.025341	-0.017338	-0.020442	-0.001659
411	v2-348	1.0000	2.111583e-1	7.440043e-1	3.594683e-1	0.6148	9.160233e0	1.667950e0	0.1953	0	0	1.276878e-1	2.490876e-1	2.707483e-1	3.164935e-1	1.634504e-1	-0.000015	-0.052171	-0.046768	-0.024742	0.001443
412	v2-348	1.0000	1.720447e-1	5.435457e-1	4.513724e-1	0.5052	6.024046e0	1.514932e0	0.1406	0	0	5.115267e-2	2.237915e-1	1.926785e-1	1.920546e-1	1.605172e-1	0.000197	-0.131053	-0.005965	0.002338	0.001225
413	v2-348	1.0000	1.176629e-1	4.367377e-1	2.291291e-1	0.5729	3.955252e0	1.106669e0	0.1953	0	0	9.827479e-2	1.056455e-1	1.962437e-1	2.973543e-1	1.167232e-1	-	-	-	-	-
414	v2-348	1.0000	1.805104e-1	9.386500e-1	4.077301e-1	0.6835	7.879343e0	1.555329e0	0.1172	0	0	5.131418e-2	2.512577e-1	2.364378e-1	2.868127e-1	9.282365e-2	-0.000355	-0.101717	0.022195	0.009948	0.000029
415	v2-348	1.0000	1.755213e-1	6.225100e-1	3.412648e-1	0.7290	5.021775e0	6.442483e-1	0.1562	0	0	1.049543e-1	1.581101e-1	3.830166e-1	5.374551e-1	1.807652e-1	0.001128	-0.021142	-0.056308	-0.083170	-0.000096
416	v2-348	1.0000	6.343088e-2	2.110629e-1	9.928036e-2	0.6799	2.344683e0	5.234661e-1	0.2891	0	0	6.809716e-2	5.667081e-2	6.505401e-2	6.216553e-2	7.779297e-2	-	-	-	-	-
417	v2-348	1.0000	1.136061e-1	4.186675e-1	2.135647e-1	0.5515	3.865712e0	6.590487e-1	0.2188	0	0	5.636776e-2	1.365789e-1	1.466568e-1	2.067555e-1	8.723914e-2	-	-	-	-	-
418	v2-348	1.0000	2.574728e-1	8.216579e-1	4.105405e-1	0.6257	8.447238e0	1.948191e0	0.1172	0	0	2.696014e-1	2.394550e-1	2.443361e-1	2.630027e-1	2.985986e-1	-0.002498	0.044414	-0.012030	-0.006223	-0.003120
419	v2-348	1.0000	2.568394e-1	9.799494e-1	4.224766e-1	0.7816	7.541845e0	1.395548e0	0.1719	0	0	2.671909e-1	2.177227e-1	3.508968e-1	4.114713e-1	3.016376e-1	-0.004670	0.019010	0.000571	0.011331	0.001026
420	v2-348	1.0000	7.125722e-2	2.624598e-1	1.301598e-1	0.6292	3.377849e0	8.618182e-1	0.3516	0	0	6.962462e-2	6.425158e-2	1.183884e-1	1.060519e-1	7.425500e-2	-	-	-	-	-
421	v2-348	1.0000	8.184927e-2	3.365943e-1	1.691963e-1	0.5100	3.360402e0	9.868948e-1	0.2266	0	0	4.624828e-2	8.129432e-2	1.542778e-1	1.252682e-1	1.003627e-1	-	-	-	-	-
422	v2-348	1.0000	1.306474e-1	4.907875e-1	2.566256e-1	0.5752	2.441101e0	6.263322e-1	0.1562	0	0	7.772248e-2	1.394126e-1	1.242459e-1	8.866178e-2	1.835070e-1	-	-	-	-	-
423	v2-348	1.0000	1.392451e-1	5.105127e-1	2.711864e-1	0.6055	4.229211e0	9.206820e-1	0.2656	0	0	1.099896e-1	1.241560e-1	2.213073e-1	2.956822e-1	1.648019e-1	-	-	-	-	-
424	v2-348	1.0000	8.115326e-2	3.432475e-1	1.705897e-1	0.5267	3.498735e0	1.006947e0	0.2422	0	0	4.557834e-2	8.043258e-2	1.483155e-1	1.209326e-1	1.023483e-1	-	-	-	-	-
425	v2-348	1.0000	6.317320e-2	2.465358e-1	1.307091e-1	0.5930	3.019810e0	8.030302e-1	0.2266	0	0	3.168284e-2	6.142452e-2	1.319046e-1	1.291092e-1	7.573350e-2	-	-	-	-	-
426	v2-348	1.0000	2.471228e-1	9.756062e-1	4.532317e-1	0.5362	9.318982e0	1.243275e0	0.1250	0	0	5.879417e-2	3.282970e-1	3.577310e-1	5.227817e-1	1.501426e-1	0.001061	-0.126483	-0.022487	-0.018532	0.000438
427	v2-348	1.0000	2.304168e-1	9.062264e-1	3.874086e-1	0.5481	6.976998e0	1.317809e0	0.1797	0	0	8.133002e-2	3.055626e-1	2.554660e-1	3.486028e-1	1.601803e-1	0.003178	0.002207	-0.023621	-0.037791	-0.003716
428	v2-348	1.0000	2.398394e-1	9.843414e-1	6.006508e-1	0.5901	9.857148e0	1.484695e0	0.1484	0	0	5.592951e-2	3.051468e-1	4.151274e-1	4.996077e-1	1.721989e-1	-0.000627	-0.137728	0.013982	-0.001611	-0.001515
429	v2-348	1.0000	6.004961e-2	1.679785e-1	1.260368e-1	0.5894	3.893456e0	6.041107e-1	0.0703	0	0	4.831353e-2	6.035658e-2	6.534011e-2	1.065196e-1	6.198905e-2	-	-	-	-	-
430	v2-348	1.0000	3.689823e-2	9.479661e-2	6.008179e-2	0.6541	1.894077e0	5.547933e-1	0.1094	0	0	3.382106e-2	3.401965e-2	3.329408e-2	4.132264e-2	4.947374e-2	-	-	-	-	-
431	v2-348	1.0000	1.327197e-1	4.066690e-1	1.788505e-1	0.6085	2.185241e0	5.567837e-1	0.1953	0	0	1.615537e-1	1.064666e-1	1.297314e-1	1.189800e-1	1.792036e-1	-	-	-	-	-
432	v2-348	1.0000	4.659042e-2	2.111335e-1	7.609175e-2	0.6059	1.709975e0	3.302203e-1	0.2109	0	0	2.306829e-2	5.066744e-2	6.220672e-2	7.674878e-2	5.337079e-2	-	-	-	-	-
433	v2-348	1.0000	5.324838e-2	2.970371e-1	1.118025e-1	0.5979	3.020149e0	9.072222e-1	0.1562	0	0	1.720256e-2	7.901961e-2	4.955872e-2	4.691855e-2	2.389505e-2	-	-	-	-	-
434	v2-348	1.0000	9.009500e-2	5.130255e-1	2.260370e-1	0.6257	2.486664e0	8.796380e-1	0.1094	0	0	2.510017e-2	9.495395e-2	1.181996e-1	1.226728e-1	1.439682e-1	-	-	-	-	-
435	v2-348	1.0000	5.123410e-2	1.097428e-1	5.502449e-2	0.8482	8.561562e-1	1.783684e-1	0.2422	0	0	7.414403e-2	3.496703e-2	5.107448e-2	7.661877e-2	6.521923e-2	-	-	-	-	-
436	v2-348	1.0000	5.828673e-2	2.808247e-1	1.211870e-1	0.5489	2.932829e0	8.989148e-1	0.1016	0	0	1.884870e-2	7.907834e-2	7.253247e-2	4.489153e-2	4.537564e-2	-	-	-	-	-
437	v2-348	1.0000	1.011843e-1	3.896537e-1	1.915081e-1	0.5173	2.432516e0	5.640047e-1	0.1016	0	0	1.118742e-1	6.620713e-2	1.103842e-1	1.004642e-1	1.912074e-1	-	-	-	-	-
438	v2-348	1.0000	1.417614e-1	5.375044e-1	2.438020e-1	0.5614	3.398444e0	6.514173e-1	0.1562	0	0	1.109666e-1	1.360380e-1	1.885981e-1	1.531107e-1	1.838675e-1	-	-	-	-	-
439	v2-348	1.0000	9.390133e-2	2.706137e-1	1.247917e-1	0.7205	3.564813e0	6.460102e-1	0.0859	0	0	1.245244e-1	7.504184e-2	9.729887e-2	1.533356e-1	9.697627e-2	-	-	-	-	-
440	v2-348	1.0000	1.055436e-1	4.818486e-1	2.382998e-1	0.5804	4.291115e0	1.335120e0	0.1484	0	0	4.577869e-2	1.304275e-1	1.504478e-1	9.363226e-2	9.804900e-2	-	-	-	-	-
441	v2-348	1.0000	1.831368e-1	7.966640e-1	4.103565e-1	0.5146	4.178866e0	1.204680e0	0.1406	0	0	5.343986e-2	2.196303e-1	2.073146e-1	1.704015e-1	2.358434e-1	-0.001267	-0.134336	0.018147	0.008965	-0.006021
442	v2-348	1.0000	5.305017e-2	1.336963e-1	9.682331e-2	0.6825	2.538897e0	7.277161e-1	0.1016	0	0	5.304729e-2	3.979420e-2	6.832756e-2	1.317044e-1	7.092185e-2	-	-	-	-	-
443	v2-348	1.0000	6.652738e-2	3.155115e-1	1.365464e-1	0.5964	3.215591e0	8.360545e-1	0.1328	0	0	2.378417e-2	9.553633e-2	7.499401e-2	7.606594e-2	2.911730e-2	-	-	-	-	-
444	v2-348	1.0000	1.368595e-1	5.336633e-1	3.106738e-1	0.6536	2.643300e0	8.273998e-1	0.1250	0	0	1.128706e-1	9.558168e-2	1.664677e-1	1.260517e-1	2.875707e-1	-	-	-	-	-
445	v2-348	1.0000	4.671492e-2	9.683132e-2	5.196251e-2	0.8442	8.178396e-1	1.394829e-1	0.2500	0	0	6.800359e-2	3.313386e-2	4.875447e-2	7.577517e-2	5.321793e-2	-	-	-	-	-
446	v2-348	1.0000	7.971790e-2	2.397753e-1	1.121059e-1	0.5992	2.488561e0	6.688853e-1	0.1953	0	0	9.625874e-2	6.814735e-2	7.016988e-2	7.673184e-2	9.669977e-2	-	-	-	-	-
447	v2-348	1.0000	5.337381e-2	2.117176e-1	7.956745e-2	0.7165	2.881103e0	7.232813e-1	0.1875	0	0	5.721254e-2	5.039392e-2	6.055999e-2	6.526942e-2	5.283692e-2	-	-	-	-	-
448	v2-348	1.0000	1.258239e-1	6.416805e-1	2.620850e-1	0.5957	3.199569e0	9.462521e-1	0.1875	0	0	4.211735e-2	1.548058e-1	1.717056e-1	2.014965e-1	1.159928e-1	-	-	-	-	-
449	v2-348	1.0000	4.712661e-2	1.584911e-1	5.626558e-2	0.8054	1.025654e0	2.954751e-1	0.2188	0	0	5.567305e-2	3.881832e-2	4.295177e-2	4.500163e-2	6.289887e-2	-	-	-	-	-
450	v2-348	1.0000	4.240209e-2	1.303387e-1	6.769263e-2	0.5396	1.671994e0	4.863657e-1	0.1719	0	0	4.192403e-2	3.748758e-2	4.422537e-2	5.705340e-2	5.401756e-2	-	-	-	-	-
451	v2-348	1.0000	2.124090e-1	8.230629e-1	3.931294e-1	0.5865	3.977627e0	8.165853e-1	0.0625	0	0	1.773476e-1	2.108018e-1	2.191432e-1	1.479197e-1	2.755934e-1	-0.012508	0.031797	-0.019299	-0.017811	-0.000567
452	v2-348	1.0000	1.649946e-1	6.978903e-1	3.214980e-1	0.6049	5.158763e0	1.663707e0	0.1016	0	0	7.033438e-2	2.070859e-1	1.726529e-1	1.353002e-1	1.639792e-1	-0.001727	-0.083856	0.003474	0.000214	0.001850
453	v2-348	1.0000	4.475326e-2	1.536379e-1	7.325302e-2	0.5245	1.779084e0	5.330707e-1	0.1562	0	0	3.953227e-2	4.181527e-2	4.693998e-2	5.877248e-2	5.652497e-2	-	-	-	-	-
454	v2-348	1.0000	3.614331e-2	1.136742e-1	5.573324e-2	0.5810	1.391575e0	3.713137e-1	0.1875	0	0	4.382396e-2	2.785310e-2	3.792559e-2	5.323994e-2	4.694864e-2	-	-	-	-	-
455	v2-348	1.0000	1.359448e-1	5.633029e-1	2.549512e-1	0.6400	4.153702e0	9.918090e-1	0.1094	0	0	3.821652e-2	1.880753e-1	1.931883e-1	1.716923e-1	8.035194e-2	-	-	-	-	-
456	v2-348	1.0000	1.201580e-1	4.218876e-1	2.195432e-1	0.5878	4.136542e0	7.986630e-1	0.1953	0	0	6.327508e-2	1.358764e-1	1.389059e-1	2.035854e-1	1.212855e-1	-	-	-	-	-
457	v2-348	1.0000	1.938154e-1	7.508447e-1	3.333007e-1	0.7068	7.266891e0	1.775868e0	0.1484	0	0	1.410253e-1	2.040766e-1	2.783878e-1	2.313535e-1	1.998595e-1	-0.002391	-0.037756	0.014062	0.000551	-0.000507
458	v2-348	1.0000	5.868833e-2	1.520791e-1	1.027925e-1	0.6716	2.054390e0	4.213234e-1	0.0859	0	0	9.121741e-2	3.541907e-2	4.005448e-2	4.721004e-2	9.491365e-2	-	-	-	-	-
459	v2-348	1.0000	4.927342e-2	2.205408e-1	9.357208e-2	0.6014	1.800728e0	5.374288e-1	0.2344	0	0	1.806374e-2	5.780145e-2	6.206085e-2	1.051209e-1	4.718680e-2	-	-	-	-	-
460	v2-348	1.0000	3.665592e-2	1.103094e-1	5.720975e-2	0.6048	1.464362e0	2.090462e-1	0.2344	0	0	2.914595e-2	4.021589e-2	4.617434e-2	5.074166e-2	2.976555e-2	-	-	-	-	-
461	v2-348	1.0000	8.443928e-2	2.913771e-1	1.189027e-1	0.6244	2.408437e0	4.246664e-1	0.1484	0	0	8.912836e-2	7.557719e-2	9.434142e-2	1.135076e-1	9.592448e-2	-	-	-	-	-
462	v2-348	1.0000	4.734515e-2	1.981784e-1	8.803863e-2	0.6501	2.050134e0	6.230308e-1	0.1484	0	0	4.908221e-2	3.972378e-2	7.266568e-2	1.064022e-1	4.787711e-2	-	-	-	-	-
463	v2-348	1.0000	8.806212e-2	3.890882e-1	1.879946e-1	0.6393	2.467721e0	7.484109e-1	0.1328	0	0	3.570766e-2	1.106302e-1	9.673257e-2	9.545428e-2	8.295626e-2	-	-	-	-	-
464	v2-348	1.0000	1.929894e-2	4.598761e-2	2.114657e-2	0.8796	5.145173e-1	9.849725e-2	0.3750	0	0	3.478927e-2	1.145115e-2	1.768331e-2	1.994893e-2	2.344831e-2	-	-	-	-	-
465	v2-348	1.0000	5.123975e-2	1.970843e-1	9.391668e-2	0.5175	2.185206e0	6.381294e-1	0.1484	0	0	2.431525e-2	5.342128e-2	8.919046e-2	1.123867e-1	5.512157e-2	-	-	-	-	-
466	v2-348	1.0000	1.032450e-1	3.685715e-1	1.924027e-1	0.5172	2.100131e0	3.579435e-1	0.1328	0	0	8.239557e-2	7.673515e-2	1.952435e-1	2.697931e-1	1.476751e-1	-	-	-	-	-
467	v2-348	1.0000	8.681468e-2	2.722995e-1	1.322457e-1	0.5219	2.520863e0	3.781881e-1	0.1797	0	0	8.580993e-2	8.943613e-2	8.977924e-2	7.487676e-2	8.217749e-2	-	-	-	-	-
468	v2-348	1.0000	6.157425e-2	1.770592e-1	7.596185e-2	0.7912	1.985024e0	3.655608e-1	0.2656	0	0	8.072799e-2	4.463890e-2	7.452540e-2	1.034466e-1	7.516745e-2	-	-	-	-	-
469	v2-348	1.0000	1.238846e-1	4.338417e-1	1.914265e-1	0.6444	2.978043e0	4.743594e-1	0.1484	0	0	1.408907e-1	1.079046e-1	1.367580e-1	1.189962e-1	1.482615e-1	-	-	-	-	-
470	v2-348	1.0000	1.209959e-1	3.875837e-1	1.882576e-1	0.6212	2.433083e0	4.183445e-1	0.2266	0	0	1.005126e-1	1.064338e-1	1.747660e-1	2.176485e-1	1.549572e-1	-	-	-	-	-
471	v2-348	1.0000	4.588201e-2	1.886592e-1	8.817616e-2	0.5410	1.963250e0	5.833086e-1	0.2422	0	0	1.696339e-2	4.922847e-2	6.248959e-2	8.529345e-2	5.939254e-2	-	-	-	-	-
472	v2-348	1.0000	5.729920e-2	2.144091e-1	1.411669e-1	0.5899	2.663604e0	6.450030e-1	0.1406	0	0	3.921089e-2	5.063279e-2	1.257231e-1	2.022864e-1	4.919994e-2	-	-	-	-	-
473	v2-348	1.0000	1.012380e-1	4.406356e-1	1.881227e-1	0.6424	2.350967e0	6.100415e-1	0.1016	0	0	5.822343e-2	1.115628e-1	1.102074e-1	1.411283e-1	1.135771e-1	-	-	-	-	-
474	v2-348	1.0000	2.514329e-2	6.406641e-2	3.190847e-2	0.7542	6.375606e-1	1.435283e-1	0.3906	0	0	4.806049e-2	1.378301e-2	2.231795e-2	2.869864e-2	3.003240e-2	-	-	-	-	-
475	v2-348	0.9999	3.844131e-2	1.278941e-1	7.525028e-2	0.5370	1.535056e0	5.031348e-1	0.3828	0	0	2.734484e-2	4.535486e-2	3.585136e-2	3.403961e-2	3.344377e-2	-	-	-	-	-
476	v2-348	1.0000	4.427851e-2	1.604673e-1	7.152700e-2	0.6226	1.797257e0	4.725048e-1	0.3203	0	0	4.044452e-2	4.811409e-2	4.316900e-2	3.551502e-2	3.991220e-2	-	-	-	-	-
477	v2-348	1.0000	1.254250e-1	4.874973e-1	2.668755e-1	0.6250	3.654058e0	1.144449e0	0.1172	0	0	6.224214e-2	1.564153e-1	1.440127e-1	1.080383e-1	1.119157e-1	-	-	-	-	-
478	v2-348	1.0000	4.650811e-2	1.245484e-1	5.407567e-2	0.8646	8.961436e-1	1.575868e-1	0.2969	0	0	6.008032e-2	3.964821e-2	3.883274e-2	3.483750e-2	5.456996e-2	-	-	-	-	-
479	v2-348	1.0000	2.188405e-2	1.008668e-1	4.993818e-2	0.6666	9.444106e-1	3.768157e-1	0.3203	0	0	1.508381e-2	2.249900e-2	2.456143e-2	1.340771e-2	3.003626e-2	-	-	-	-	-
480	v2-348	1.0000	1.201988e-1	4.363861e-1	1.853242e-1	0.6380	1.655371e0	2.504437e-1	0.1172	0	0	1.843166e-1	8.004743e-2	1.039090e-1	9.038703e-2	1.706682e-1	-	-	-	-	-
481	v2-348	1.0000	1.928903e-1	7.954284e-1	3.459272e-1	0.6165	5.768461e0	1.721724e0	0.1328	0	0	9.533537e-2	2.116097e-1	2.424017e-1	2.225497e-1	2.417208e-1	-0.002022	-0.066131	-0.018979	-0.010683	-0.000485
482	v2-348	1.0000	2.324583e-2	1.275942e-1	5.854815e-2	0.6184	1.080585e0	4.391417e-1	0.2891	0	0	1.217661e-2	2.528765e-2	2.779254e-2	1.332797e-2	3.240925e-2	-	-	-	-	-
483	v2-348	1.0000	1.968248e-2	6.050420e-2	3.315156e-2	0.6941	6.985165e-1	2.422343e-1	0.3984	0	0	2.060529e-2	1.771172e-2	1.881233e-2	1.594624e-2	2.556440e-2	-	-	-	-	-
484	v2-348	1.0000	8.286001e-2	3.001463e-1	1.617907e-1	0.5223	3.238162e0	5.908485e-1	0.4062	0	0	4.109218e-2	9.327992e-2	1.234075e-1	1.072258e-1	8.874596e-2	-	-	-	-	-
485	v2-348	1.0000	5.112110e-2	1.981890e-1	8.828306e-2	0.6480	1.825933e0	2.985467e-1	0.2812	0	0	2.580402e-2	5.480059e-2	8.397870e-2	1.196884e-1	4.799048e-2	-	-	-	-	-
486	v2-348	1.0000	1.034823e-1	4.334491e-1	1.990786e-1	0.7065	3.710839e0	9.341619e-1	0.2500	0	0	5.114657e-2	1.038689e-1	2.201078e-1	2.928135e-1	9.517125e-2	-	-	-	-	-
487	v2-348	1.0000	3.857251e-2	8.735847e-2	7.839562e-2	0.7320	1.327781e0	2.046006e-1	0.0625	0	0	5.391293e-2	2.068574e-2	3.022058e-2	3.833766e-2	7.528054e-2	-	-	-	-	-
488	v2-348	1.0000	4.844334e-2	1.294005e-1	9.260213e-2	0.7777	1.739534e0	3.194178e-1	0.1328	0	0	4.302672e-2	4.999570e-2	5.793970e-2	9.179658e-2	3.813049e-2	-	-	-	-	-
489	v2-348	1.0000	1.972697e-1	4.796448e-1	2.763753e-1	0.6275	4.390983e0	7.529525e-1	0.1016	0	0	2.798353e-1	1.604595e-1	2.201603e-1	2.368286e-1	1.876024e-1	0.000932	-0.045996	0.016242	0.028694	0.001481
490	v2-348	1.0000	1.538624e-1	4.036525e-1	1.731955e-1	0.7742	4.660929e0	6.850594e-1	0.0859	0	0	2.054930e-1	1.145505e-1	2.324143e-1	2.750423e-1	1.580540e-1	0.001796	0.014845	-0.027737	-0.031570	0.000219
491	v2-348	1.0000	5.656113e-2	1.950989e-1	9.586428e-2	0.6333	3.054275e0	6.261837e-1	0.2422	0	0	3.372417e-2	6.514530e-2	7.194058e-2	6.370512e-2	5.423250e-2	-	-	-	-	-
492	v2-348	1.0000	1.078564e-1	4.351239e-1	2.409267e-1	0.5276	2.763935e0	7.395286e-1	0.1875	0	0	4.999052e-2	1.001103e-1	2.634815e-1	3.260186e-1	1.144601e-1	-	-	-	-	-
493	v2-348	1.0000	2.811209e-2	8.220482e-2	7.282772e-2	0.5608	1.564089e0	2.986389e-1	0.3594	0	0	1.473370e-2	3.323353e-2	4.034457e-2	5.634036e-2	2.002777e-2	-	-	-	-	-
494	v2-348	1.0000	9.528607e-2	3.120031e-1	1.398431e-1	0.5563	3.308948e0	7.928737e-1	0.1484	0	0	9.248940e-2	8.806818e-2	9.188672e-2	1.000264e-1	1.205211e-1	-	-	-	-	-
495	v2-348	1.0000	7.138444e-2	2.536640e-1	1.497209e-1	0.5081	2.698628e0	4.771276e-1	0.2109	0	0	3.697086e-2	6.581522e-2	1.573299e-1	1.066766e-1	1.019559e-1	-	-	-	-	-
496	v2-348	1.0000	1.009643e-1	4.520788e-1	2.014033e-1	0.5528	3.462624e0	7.579101e-1	0.3203	0	0	2.930488e-2	1.255657e-1	1.771059e-1	1.844560e-1	7.926881e-2	-	-	-	-	-
497	v2-348	1.0000	1.003115e-1	4.303979e-1	1.768447e-1	0.5100	3.908593e0	5.679286e-1	0.1172	0	0	6.351772e-2	1.197072e-1	1.493178e-1	1.918620e-1	5.476405e-2	-	-	-	-	-
498	v2-348	1.0000	1.941378e-1	7.284708e-1	3.549671e-1	0.5920	6.171319e0	1.101459e0	0.1484	0	0	1.549744e-1	2.058939e-1	2.540438e-1	2.272008e-1	1.855873e-1	0.000555	0.061576	-0.035677	-0.015390	-0.000891
499	v2-348	1.0000	3.094629e-1	1.133226e0	4.684150e-1	0.5184	4.482097e0	7.057077e-1	0.0781	0	0	4.754260e-1	2.144242e-1	2.981890e-1	2.358444e-1	4.043357e-1	0.000659	0.080681	-0.040164	-0.017059	-0.001591
500	v2-348	1.0000	6.126451e-2	2.965007e-1	1.465726e-1	0.5750	2.010797e0	2.869737e-1	0.1250	0	0	4.037764e-2	5.450536e-2	1.304053e-1	2.249886e-1	5.248709e-2	-	-	-	-	-
501	v2-348	1.0000	6.897630e-2	2.640607e-1	1.602532e-1	0.5131	4.673205e0	5.407990e-1	0.2578	0	0	2.718050e-2	7.761245e-2	1.263287e-1	2.375874e-1	4.232500e-2	-	-	-	-	-
502	v2-348	1.0000	1.053633e-1	3.872340e-1	2.540532e-1	0.5458	2.701981e0	6.212008e-1	0.1719	0	0	3.722633e-2	1.057497e-1	2.484764e-1	3.341807e-1	1.012784e-1	-	-	-	-	-
503	v2-348	1.0000	4.972462e-2	1.402044e-1	8.371851e-2	0.6715	1.980077e0	3.432682e-1	0.3203	0	0	4.984524e-2	4.704679e-2	6.272720e-2	8.128007e-2	4.695781e-2	-	-	-	-	-
504	v2-348	1.0000	1.560548e-1	7.832460e-1	3.977718e-1	0.5290	4.930719e0	6.065925e-1	0.1172	0	0	7.154716e-2	1.492073e-1	4.111328e-1	6.856558e-1	9.578571e-2	0.001436	0.043332	-0.057571	-0.096757	-0.002000
505	v2-348	1.0000	1.576753e-1	5.277835e-1	2.676213e-1	0.6048	4.993087e0	9.579317e-1	0.1250	0	0	1.683304e-1	1.343193e-1	1.703980e-1	2.298817e-1	1.946233e-1	0.000037	0.020827	-0.014531	-0.016319	-0.001408
506	v2-348	1.0000	1.236081e-1	4.584970e-1	2.500293e-1	0.7351	3.879032e0	9.354897e-1	0.1172	0	0	1.360934e-1	7.944778e-2	2.217563e-1	1.867256e-1	2.012176e-1	-	-	-	-	-
507	v2-348	1.0000	4.015801e-2	1.695852e-1	8.029758e-2	0.6854	1.717326e0	3.580752e-1	0.3125	0	0	3.208649e-2	4.849722e-2	4.232382e-2	4.083614e-2	2.453998e-2	-	-	-	-	-
508	v2-348	1.0000	2.759351e-2	8.813787e-2	6.031227e-2	0.6357	1.472898e0	3.253440e-1	0.2344	0	0	1.939166e-2	2.952309e-2	3.792982e-2	4.497683e-2	2.555056e-2	-	-	-	-	-
509	v2-348	1.0000	1.194965e-1	4.198305e-1	2.041533e-1	0.6192	2.189267e0	5.736166e-1	0.2031	0	0	1.134262e-1	1.004446e-1	1.175221e-1	7.384361e-2	1.961656e-1	-	-	-	-	-
510	v2-348	1.0000	1.432317e-1	4.764376e-1	3.161601e-1	0.5801	3.545854e0	7.905001e-1	0.1328	0	0	1.084153e-1	1.444813e-1	2.481726e-1	3.346199e-1	1.123548e-1	-	-	-	-	-
511	v2-348	1.0000	3.420823e-2	1.122823e-1	7.103438e-2	0.6802	1.716409e0	3.720751e-1	0.2344	0	0	3.321391e-2	3.253443e-2	4.769793e-2	5.752727e-2	3.162514e-2	-	-	-	-	-
512	v2-348	1.0000	4.170226e-2	1.289344e-1	5.970657e-2	0.6052	1.237395e0	2.441455e-1	0.2344	0	0	4.757813e-2	3.986940e-2	4.300538e-2	4.419205e-2	3.879097e-2	-	-	-	-	-
513	v2-348	1.0000	1.647178e-1	5.910915e-1	3.299890e-1	0.5608	8.596646e0	1.050981e0	0.2266	0	0	1.118256e-1	1.557499e-1	3.348741e-1	4.419308e-1	1.511060e-1	-0.001870	-0.013447	-0.048815	-0.024692	0.000424
514	v2-348	1.0000	8.265178e-2	2.305222e-1	1.027127e-1	0.7159	2.458261e0	3.436151e-1	0.1328	0	0	1.150051e-1	6.153167e-2	9.405573e-2	1.086816e-1	9.606515e-2	-	-	-	-	-
515	v2-348	1.0000	9.432962e-2	3.346553e-1	1.671283e-1	0.5214	6.882536e0	9.427444e-1	0.1641	0	0	5.308346e-2	9.531226e-2	1.381585e-1	1.648926e-1	1.165184e-1	-	-	-	-	-
516	v2-348	1.0000	5.349711e-2	1.379471e-1	2.570680e-1	0.5278	4.122404e0	5.100523e-1	0.2031	0	0	3.235318e-2	4.260322e-2	1.037322e-1	2.629000e-1	5.182804e-2	-	-	-	-	-
517	v2-348	1.0000	5.007808e-2	2.443590e-1	9.945840e-2	0.5160	1.899298e0	5.434356e-1	0.2969	0	0	2.122803e-2	6.184884e-2	5.968562e-2	1.101279e-1	3.498132e-2	-	-	-	-	-
518	v2-348	1.0000	1.793786e-2	6.113466e-2	3.218766e-2	0.5960	8.751308e-1	1.175706e-1	0.2812	0	0	1.410559e-2	1.961039e-2	2.302945e-2	2.113772e-2	1.572711e-2	-	-	-	-	-
519	v2-348	1.0000	4.365071e-2	1.518111e-1	6.810515e-2	0.5725	1.811311e0	3.859813e-1	0.1875	0	0	2.313242e-2	4.975221e-2	4.936624e-2	6.405585e-2	4.527895e-2	-	-	-	-	-
520	v2-348	1.0000	5.331292e-2	1.535375e-1	7.264029e-2	0.6885	1.921685e0	5.995887e-1	0.0938	0	0	8.060356e-2	3.896603e-2	5.210436e-2	5.700589e-2	6.118267e-2	-	-	-	-	-
521	v2-348	1.0000	9.647563e-2	4.381499e-1	2.036259e-1	0.5519	2.418518e0	6.324056e-1	0.1484	0	0	5.707652e-2	9.237232e-2	1.797915e-1	2.752351e-1	9.624880e-2	-	-	-	-	-
522	v2-348	1.0000	3.423860e-2	7.565498e-2	3.596194e-2	0.8777	6.264323e-1	1.012103e-1	0.3203	0	0	5.315238e-2	2.284246e-2	3.647250e-2	4.658227e-2	4.101827e-2	-	-	-	-	-
523	v2-348	1.0000	5.735401e-2	2.119050e-1	9.815858e-2	0.6049	2.539897e0	8.439612e-1	0.0859	0	0	4.438020e-2	5.450214e-2	8.912030e-2	1.086350e-1	6.247106e-2	-	-	-	-	-
524	v2-348	1.0000	1.817732e-1	6.005558e-1	3.084846e-1	0.5091	3.087031e0	4.409304e-1	0.1172	0	0	1.763700e-1	1.363896e-1	2.687504e-1	3.885988e-1	2.554596e-1	-0.004534	-0.045856	0.019527	0.016153	0.003595
525	v2-348	1.0000	1.469011e-1	4.887097e-1	2.293854e-1	0.5412	2.785813e0	3.266819e-1	0.1875	0	0	1.934958e-1	9.462764e-2	2.077803e-1	2.520578e-1	2.051433e-1	-	-	-	-	-
526	v2-348	1.0000	6.191075e-2	2.592430e-1	1.273531e-1	0.5155	2.447815e0	5.442548e-1	0.2500	0	0	2.967760e-2	7.052607e-2	9.148243e-2	1.576545e-1	4.722524e-2	-	-	-	-	-
527	v2-348	1.0000	7.878466e-2	3.136110e-1	1.516288e-1	0.5870	2.678743e0	7.906006e-1	0.1406	0	0	5.478889e-2	8.556644e-2	1.112630e-1	6.469981e-2	8.392238e-2	-	-	-	-	-
528	v2-348	1.0000	9.650283e-2	4.121026e-1	1.966939e-1	0.5444	2.506916e0	6.747648e-1	0.2109	0	0	4.640389e-2	1.042400e-1	1.047034e-1	8.156059e-2	1.387602e-1	-	-	-	-	-
529	v2-348	1.0000	5.443252e-2	2.524833e-1	1.073572e-1	0.5160	1.991643e0	4.943962e-1	0.2656	0	0	2.393960e-2	6.534980e-2	6.454396e-2	1.266987e-1	4.105322e-2	-	-	-	-	-
530	v2-348	1.0000	5.652080e-2	1.623341e-1	8.283977e-2	0.6667	2.156435e0	5.830192e-1	0.0859	0	0	8.257394e-2	3.852644e-2	7.098394e-2	9.338517e-2	6.523727e-2	-	-	-	-	-
531	v2-348	1.0000	9.582883e-2	4.537396e-1	2.224020e-1	0.6175	2.411539e0	6.971028e-1	0.1328	0	0	4.426851e-2	8.785956e-2	1.421429e-1	1.967468e-1	1.506650e-1	-	-	-	-	-
532	v2-348	1.0000	4.138071e-2	9.607244e-2	4.754676e-2	0.8790	8.221045e-1	1.187680e-1	0.2969	0	0	6.895662e-2	2.601288e-2	4.484803e-2	5.721492e-2	4.793543e-2	-	-	-	-	-
533	v2-348	1.0000	6.671999e-2	2.059174e-1	1.036275e-1	0.6150	1.893788e0	5.485477e-1	0.3359	0	0	9.916304e-2	4.494070e-2	6.473315e-2	9.284357e-2	8.546330e-2	-	-	-	-	-
534	v2-348	1.0000	3.233803e-2	1.306582e-1	5.935440e-2	0.6936	1.344155e0	4.195105e-1	0.1328	0	0	2.107915e-2	3.781139e-2	3.132878e-2	3.384148e-2	3.012621e-2	-	-	-	-	-
535	v2-348	1.0000	1.174463e-1	4.661617e-1	2.374025e-1	0.5397	3.201299e0	9.565940e-1	0.1562	0	0	8.535007e-2	9.053687e-2	1.762431e-1	1.990608e-1	2.059320e-1	-	-	-	-	-
536	v2-348	1.0000	1.685028e-2	6.366861e-2	2.108321e-2	0.8683	4.522692e-1	1.269767e-1	0.3594	0	0	1.567649e-2	1.594618e-2	1.833405e-2	1.340618e-2	2.151512e-2	-	-	-	-	-
537	v2-348	1.0000	3.334152e-2	1.037521e-1	5.280026e-2	0.6127	1.252546e0	4.162047e-1	0.3672	0	0	4.430545e-2	2.328123e-2	3.714749e-2	2.603137e-2	5.045759e-2	-	-	-	-	-
538	v2-348	1.0000	1.604314e-1	5.785476e-1	2.514240e-1	0.6178	2.678029e0	3.922766e-1	0.0547	0	0	1.840026e-1	1.434851e-1	1.372873e-1	1.126369e-1	1.986387e-1	0.005485	-0.051071	0.011604	0.010955	-0.005409
539	v2-348	1.0000	1.563403e-1	6.543255e-1	2.785841e-1	0.6358	5.421038e0	1.520948e0	0.0781	0	0	9.852574e-2	1.594081e-1	1.980485e-1	1.295539e-1	2.167313e-1	-0.002103	-0.056049	-0.009136	-0.000953	0.000500
540	v2-348	1.0000	3.484385e-2	1.313200e-1	5.885613e-2	0.6005	1.376076e0	4.781390e-1	0.3359	0	0	3.961319e-2	2.714273e-2	4.092559e-2	2.777460e-2	5.212211e-2	-	-	-	-	-
541	v2-348	1.0000	2.892442e-2	9.002972e-2	4.107981e-2	0.6522	9.691694e-1	2.700606e-1	0.3750	0	0	4.962526e-2	1.581394e-2	2.782240e-2	2.124431e-2	4.413473e-2	-	-	-	-	-
542	v2-348	1.0000	8.799432e-2	3.148710e-1	1.350001e-1	0.5939	3.551783e0	4.614924e-1	0.3594	0	0	6.336486e-2	8.611892e-2	1.362631e-1	1.572747e-1	9.665014e-2	-	-	-	-	-
543	v2-348	1.0000	7.511475e-2	2.237786e-1	1.167003e-1	0.5902	1.921071e0	3.292222e-1	0.2734	0	0	6.829134e-2	5.802853e-2	1.003146e-1	1.327031e-1	1.156891e-1	-	-	-	-	-
544	v2-348	1.0000	9.612601e-2	4.799809e-1	1.806508e-1	0.6938	3.076821e0	1.019081e0	0.1094	0	0	5.395881e-2	1.080474e-1	1.421778e-1	1.152689e-1	9.776700e-2	-	-	-	-	-
545	v2-348	1.0000	3.414876e-2	8.128393e-2	5.577920e-2	0.8391	1.093088e0	1.688827e-1	0.0703	0	0	4.416401e-2	2.533605e-2	2.767783e-2	2.663652e-2	5.141360e-2	-	-	-	-	-
546	v2-348	1.0000	1.575108e-2	6.185174e-2	2.471816e-2	0.7170	5.784555e-1	1.557947e-1	0.3906	0	0	1.159454e-2	1.795090e-2	1.650374e-2	2.340801e-2	1.244468e-2	-	-	-	-	-
547	v2-348	1.0000	3.585043e-2	9.473729e-2	4.634864e-2	0.7628	1.097546e0	1.804892e-1	0.2578	0	0	4.719470e-2	2.712786e-2	4.418725e-2	4.257494e-2	4.397979e-2	-	-	-	-	-
548	v2-348	1.0000	2.719643e-2	9.242463e-2	4.096617e-2	0.6249	1.266986e0	2.108805e-1	0.1406	0	0	2.916071e-2	2.170561e-2	3.468035e-2	3.922913e-2	3.656490e-2	-	-	-	-	-
549	v2-348	1.0000	2.634198e-2	1.226134e-1	4.709897e-2	0.6757	9.241646e-1	3.404213e-1	0.2500	0	0	2.223278e-2	2.386306e-2	3.782930e-2	3.738338e-2	3.357910e-2	-	-	-	-	-
550	v2-348	1.0000	3.596968e-2	1.609672e-1	7.570653e-2	0.5089	1.373281e0	2.959164e-1	0.1797	0	0	1.542297e-2	4.213873e-2	6.344944e-2	8.537072e-2	2.503129e-2	-	-	-	-	-
551	v2-348	1.0000	8.231688e-3	2.026987e-2	1.217675e-2	0.6197	3.292978e-1	8.285057e-2	0.4219	0	0	1.321827e-2	5.453175e-3	7.897856e-3	9.428034e-3	1.005311e-2	-	-	-	-	-
552	v2-348	1.0000	4.433926e-2	2.433722e-1	8.213493e-2	0.6729	1.621234e0	5.626371e-1	0.5156	0	0	1.911379e-2	4.375921e-2	7.586415e-2	7.121172e-2	6.405995e-2	-	-	-	-	-
553	v2-348	1.0000	3.483675e-2	1.444920e-1	6.292031e-2	0.5590	1.113307e0	1.705668e-1	0.1875	0	0	2.854763e-2	3.739231e-2	4.229752e-2	5.978249e-2	2.742327e-2	-	-	-	-	-
554	v2-348	1.0000	3.453979e-2	1.634122e-1	8.101278e-2	0.5457	1.274103e0	3.904647e-1	0.3516	0	0	1.264376e-2	3.854988e-2	5.301161e-2	3.069986e-2	4.661946e-2	-	-	-	-	-
555	v2-348	1.0000	2.560110e-2	7.524776e-2	3.324778e-2	0.7216	7.910483e-1	1.614095e-1	0.3594	0	0	4.672149e-2	1.375956e-2	2.466877e-2	3.358702e-2	3.273257e-2	-	-	-	-	-
556	v2-348	1.0000	2.908666e-2	1.284341e-1	5.310066e-2	0.5544	1.167003e0	2.555859e-1	0.2891	0	0	1.313293e-2	3.636116e-2	3.766528e-2	3.808923e-2	2.321504e-2	-	-	-	-	-
557	v2-348	1.0000	7.267680e-2	2.287406e-1	1.110168e-1	0.5703	1.564879e0	2.908125e-1	0.3438	0	0	5.537561e-2	7.445867e-2	1.027150e-1	1.215047e-1	7.033248e-2	-	-	-	-	-
558	v2-348	1.0000	2.256320e-2	6.033611e-2	3.317161e-2	0.7471	6.522930e-1	1.367559e-1	0.4141	0	0	2.412481e-2	2.011108e-2	2.773872e-2	4.679490e-2	2.099732e-2	-	-	-	-	-
559	v2-348	1.0000	3.106426e-2	1.149130e-1	4.871502e-2	0.7281	1.037459e0	3.693655e-1	0.2188	0	0	3.451429e-2	2.545786e-2	4.236566e-2	3.638354e-2	3.945040e-2	-	-	-	-	-
560	v2-348	1.0000	3.425817e-2	1.162701e-1	7.245706e-2	0.5520	1.545818e0	3.012887e-1	0.1484	0	0	2.269965e-2	3.537912e-2	4.340986e-2	5.479136e-2	3.854867e-2	-	-	-	-	-
561	v2-348	1.0000	1.258430e-2	3.108811e-2	1.886317e-2	0.6540	3.977528e-1	1.038771e-1	0.4531	0	0	2.107921e-2	8.591376e-3	1.061959e-2	1.195595e-2	1.442725e-2	-	-	-	-	-
562	v2-348	1.0000	1.662267e-2	5.351579e-2	2.507059e-2	0.6258	6.388516e-1	1.824235e-1	0.2656	0	0	1.966896e-2	1.472001e-2	1.939740e-2	1.862289e-2	1.728954e-2	-	-	-	-	-
563	v2-348	1.0000	2.116067e-2	1.319193e-1	4.503751e-2	0.5374	8.950687e-1	2.743799e-1	0.4531	0	0	7.020266e-3	2.493975e-2	3.425366e-2	2.918103e-2	2.260919e-2	-	-	-	-	-
564	v2-348	1.0000	6.666280e-2	2.914331e-1	1.325890e-1	0.5697	1.913362e0	4.287042e-1	0.1875	0	0	3.499790e-2	6.897625e-2	1.461631e-1	1.864728e-1	5.179230e-2	-	-	-	-	-
565	v2-348	1.0000	1.275957e-2	2.937412e-2	1.820174e-2	0.8236	4.363404e-1	6.550824e-2	0.3906	0	0	1.692176e-2	1.089637e-2	1.094279e-2	1.333527e-2	1.339563e-2	-	-	-	-	-
566	v2-348	1.0000	1.325271e-2	4.627514e-2	2.190399e-2	0.7451	4.724075e-1	1.695795e-1	0.4453	0	0	1.215035e-2	1.322797e-2	1.328642e-2	9.862743e-3	1.552483e-2	-	-	-	-	-
567	v2-348	1.0000	9.924139e-2	3.496686e-1	1.627233e-1	0.6253	1.619704e0	3.205637e-1	0.1797	0	0	9.597866e-2	9.575178e-2	8.163137e-2	6.956580e-2	1.254842e-1	-	-	-	-	-
568	v2-348	1.0000	8.771582e-2	3.231033e-1	1.436759e-1	0.6467	2.294126e0	5.226052e-1	0.2031	0	0	5.458337e-2	9.066056e-2	1.372163e-1	1.536537e-1	9.314844e-2	-	-	-	-	-
569	v2-348	1.0000	1.379638e-2	5.996442e-2	2.523036e-2	0.7378	5.284716e-1	1.986472e-1	0.4453	0	0	1.065743e-2	1.429834e-2	1.512855e-2	1.001624e-2	1.684280e-2	-	-	-	-	-
570	v2-348	1.0000	1.169661e-2	3.359461e-2	1.550667e-2	0.7656	3.765459e-1	1.057391e-1	0.5312	0	0	1.345668e-2	1.107934e-2	9.854922e-3	9.674267e-3	1.225493e-2	-	-	-	-	-
571	v2-348	1.0000	1.225239e-1	4.885750e-1	2.088240e-1	0.5677	3.378139e0	7.538551e-1	0.2734	0	0	3.816363e-2	1.359929e-1	1.878542e-1	2.346625e-1	1.469907e-1	-	-	-	-	-
572	v2-348	1.0000	2.726863e-2	1.312416e-1	5.735726e-2	0.6446	1.339825e0	4.010507e-1	0.3047	0	0	1.116760e-2	2.953962e-2	3.861461e-2	3.745856e-2	3.575106e-2	-	-	-	-	-
573	v2-348	1.0000	4.083586e-2	2.116501e-1	8.564388e-2	0.5997	1.707434e0	5.217141e-1	0.5000	0	0	1.825454e-2	4.424007e-2	6.440173e-2	3.357240e-2	5.510920e-2	-	-	-	-	-
574	v2-348	1.0000	1.081447e-2	2.704334e-2	2.346978e-2	0.5930	5.226986e-1	7.944011e-2	0.1172	0	0	1.369340e-2	6.225705e-3	1.102437e-2	1.261741e-2	2.054478e-2	-	-	-	-	-
575	v2-348	1.0000	3.289532e-2	1.324186e-1	9.910913e-2	0.5378	1.488412e0	2.264434e-1	0.1094	0	0	1.485639e-2	3.703094e-2	7.971833e-2	1.050286e-1	1.458574e-2	-	-	-	-	-
576	v2-348	1.0000	4.338831e-2	9.987277e-2	6.947899e-2	0.6903	1.882267e0	4.623801e-1	0.0703	0	0	6.831705e-2	2.804801e-2	6.257841e-2	5.796703e-2	4.947774e-2	-	-	-	-	-
577	v2-348	1.0000	1.009646e-1	2.331128e-1	1.246277e-1	0.6848	3.864266e0	5.706973e-1	0.0625	0	0	1.848090e-1	5.338517e-2	1.160035e-1	1.105378e-1	1.313058e-1	-	-	-	-	-
578	v2-348	1.0000	6.403456e-2	1.711535e-1	1.086885e-1	0.7425	2.197692e0	3.062483e-1	0.2109	0	0	7.762859e-2	4.653289e-2	1.023163e-1	1.239313e-1	7.571836e-2	-	-	-	-	-
579	v2-348	1.0000	2.931695e-2	9.548140e-2	6.965851e-2	0.7408	1.041654e0	2.269549e-1	0.1328	0	0	2.298633e-2	2.383657e-2	6.482855e-2	6.082075e-2	3.750525e-2	-	-	-	-	-
580	v2-348	1.0000	1.121658e-2	4.124928e-2	1.954850e-2	0.5822	8.540222e-1	2.194036e-1	0.3750	0	0	8.318122e-3	1.138518e-2	1.710727e-2	1.292704e-2	1.250301e-2	-	-	-	-	-
581	v2-348	1.0000	7.794215e-2	2.396235e-1	1.109970e-1	0.5817	1.765630e0	3.282598e-1	0.1328	0	0	8.195679e-2	6.909144e-2	7.622375e-2	7.106549e-2	1.016488e-1	-	-	-	-	-
582	v2-348	1.0000	1.011033e-1	2.977855e-1	1.759379e-1	0.6541	1.610980e0	2.310357e-1	0.3750	0	0	8.411072e-2	9.192958e-2	2.124589e-1	1.897749e-1	1.011951e-1	-	-	-	-	-
583	v2-348	1.0000	6.568595e-2	2.185488e-1	1.099488e-1	0.7059	2.032481e0	4.091088e-1	0.3594	0	0	4.965559e-2	6.423125e-2	1.257567e-1	1.217244e-1	6.205220e-2	-	-	-	-	-
584	v2-348	1.0000	2.582567e-2	9.770226e-2	6.537108e-2	0.5789	2.009728e0	2.219903e-1	0.1953	0	0	1.162482e-2	2.551838e-2	6.964057e-2	8.931062e-2	1.884267e-2	-	-	-	-	-
585	v2-348	1.0000	1.159057e-1	5.019779e-1	1.936419e-1	0.7161	3.558913e0	6.684112e-1	0.2734	0	0	5.284399e-2	1.317968e-1	2.097105e-1	2.865833e-1	8.465800e-2	-	-	-	-	-
586	v2-348	1.0000	8.407396e-2	2.844710e-1	1.433430e-1	0.7352	2.438798e0	7.082442e-1	0.1484	0	0	1.360561e-1	4.644778e-2	1.313829e-1	1.207400e-1	1.105029e-1	-	-	-	-	-
587	v2-348	1.0000	4.004741e-2	1.657655e-1	1.015907e-1	0.6319	2.022781e0	4.159310e-1	0.1328	0	0	1.523995e-2	4.935739e-2	6.867691e-2	9.289032e-2	2.396491e-2	-	-	-	-	-
588	v2-348	1.0000	1.046212e-1	3.118533e-1	2.647627e-1	0.7395	3.467575e0	5.283977e-1	0.1484	0	0	7.885618e-2	1.061583e-1	1.881066e-1	2.270071e-1	8.289281e-2	-	-	-	-	-
589	v2-348	1.0000	6.223022e-2	2.257285e-1	1.299184e-1	0.7883	2.034448e0	4.463639e-1	0.1484	0	0	3.049614e-2	6.033150e-2	1.355566e-1	1.909653e-1	5.972930e-2	-	-	-	-	-
590	v2-348	1.0000	4.034566e-2	1.378834e-1	6.438566e-2	0.7649	1.324522e0	3.141232e-1	0.3203	0	0	4.207495e-2	4.045639e-2	3.806122e-2	3.575069e-2	3.945234e-2	-	-	-	-	-
591	v2-348	1.0000	4.823613e-2	1.998601e-1	1.481122e-1	0.5489	2.000439e0	3.009801e-1	0.1172	0	0	1.839656e-2	5.294471e-2	1.268701e-1	1.804634e-1	2.109522e-2	-	-	-	-	-
592	v2-348	1.0000	7.734534e-2	1.715417e-1	1.791299e-1	0.6921	2.370531e0	3.833386e-1	0.1250	0	0	9.109698e-2	6.542482e-2	9.010691e-2	1.101905e-1	8.483645e-2	-	-	-	-	-
593	v2-348	1.0000	5.975055e-2	1.699101e-1	1.414768e-1	0.6325	1.783185e0	2.729852e-1	0.1016	0	0	5.699744e-2	4.220231e-2	1.507882e-1	1.370822e-1	7.483502e-2	-	-	-	-	-
594	v2-348	1.0000	2.078050e-2	4.599857e-2	2.899541e-2	0.6934	9.476399e-1	1.715875e-1	0.4062	0	0	3.376839e-2	1.321385e-2	2.877953e-2	2.884699e-2	2.307176e-2	-	-	-	-	-
595	v2-348	1.0000	1.864739e-2	6.332684e-2	2.772657e-2	0.6396	6.402236e-1	7.569338e-2	0.3125	0	0	2.215816e-2	1.800096e-2	1.934684e-2	1.599717e-2	1.653357e-2	-	-	-	-	-
596	v2-348	1.0000	4.794644e-2	1.951318e-1	8.899037e-2	0.5611	9.087836e-1	2.356595e-1	0.1172	0	0	7.358664e-2	2.236780e-2	4.418487e-2	2.738254e-2	9.827940e-2	-	-	-	-	-
597	v2-348	1.0000	7.687606e-2	1.625656e-1	1.714473e-1	0.6099	1.756684e0	3.416263e-1	0.1562	0	0	8.885883e-2	6.059775e-2	1.195281e-1	1.688221e-1	7.831985e-2	-	-	-	-	-
598	v2-348	1.0000	2.236207e-2	7.203472e-2	3.343789e-2	0.6200	7.939667e-1	9.799355e-2	0.3594	0	0	2.136184e-2	2.301709e-2	2.658167e-2	3.218654e-2	1.827875e-2	-	-	-	-	-
599	v2-348	1.0000	3.355656e-2	1.179018e-1	4.984999e-2	0.6708	8.498754e-1	1.919183e-1	0.3047	0	0	3.865560e-2	3.272880e-2	3.776438e-2	3.017104e-2	2.921463e-2	-	-	-	-	-
600	v2-348	1.0000	1.193985e-1	5.293074e-1	2.152968e-1	0.5184	4.049236e0	9.189534e-1	0.0781	0	0	5.359946e-2	1.159509e-1	2.181184e-1	2.673027e-1	1.542904e-1	-	-	-	-	-
601	v2-348	1.0000	4.259389e-2	1.535807e-1	7.970101e-2	0.5614	1.779091e0	2.820675e-1	0.4219	0	0	2.412888e-2	4.669275e-2	8.751876e-2	8.633416e-2	3.205300e-2	-	-	-	-	-
602	v2-348	1.0000	5.147419e-2	2.256389e-1	8.468530e-2	0.6266	3.770266e0	5.424279e-1	0.1328	0	0	5.117175e-2	4.175897e-2	8.607231e-2	5.765284e-2	7.089053e-2	-	-	-	-	-
603	v2-348	1.0000	2.356864e-2	4.509711e-2	1.246171e-1	0.7513	1.818630e0	2.180356e-1	0.1328	0	0	1.541236e-2	2.288895e-2	4.365716e-2	6.645976e-2	2.089948e-2	-	-	-	-	-
604	v2-348	1.0000	1.140286e-2	4.939675e-2	2.090699e-2	0.6834	4.947019e-1	1.543622e-1	0.4688	0	0	8.076282e-3	1.270090e-2	1.351800e-2	1.815305e-2	9.620980e-3	-	-	-	-	-
605	v2-348	1.0000	2.352964e-2	6.287265e-2	2.820763e-2	0.7876	7.888458e-1	1.421983e-1	0.3828	0	0	3.564793e-2	1.401789e-2	2.448159e-2	2.084763e-2	3.716205e-2	-	-	-	-	-
606	v2-348	1.0000	4.616534e-2	1.231003e-1	5.759307e-2	0.7649	1.157496e0	2.572979e-1	0.2969	0	0	7.967110e-2	2.377755e-2	4.268264e-2	3.239148e-2	7.507485e-2	-	-	-	-	-
607	v2-348	1.0000	2.511875e-2	8.891332e-2	3.826597e-2	0.6603	6.494932e-1	2.198010e-1	0.1641	0	0	3.656032e-2	1.799246e-2	2.893440e-2	3.406721e-2	2.894016e-2	-	-	-	-	-
608	v2-348	1.0000	2.456917e-2	8.553290e-2	5.206339e-2	0.5430	1.288673e0	2.236498e-1	0.1953	0	0	1.458616e-2	2.478405e-2	4.879796e-2	5.064815e-2	2.438175e-2	-	-	-	-	-
609	v2-348	1.0000	1.261482e-2	3.216219e-2	1.556581e-2	0.8018	3.227179e-1	4.910545e-2	0.3516	0	0	2.103110e-2	8.412057e-3	1.421109e-2	1.705802e-2	1.308960e-2	-	-	-	-	-
610	v2-348	1.0000	2.253635e-2	1.374692e-1	4.707041e-2	0.5572	9.339764e-1	3.332771e-1	0.1953	0	0	1.062944e-2	2.448837e-2	3.414589e-2	3.056979e-2	2.703318e-2	-	-	-	-	-
611	v2-348	1.0000	2.624843e-2	9.703445e-2	6.393457e-2	0.5106	1.073145e0	2.953790e-1	0.1797	0	0	1.136891e-2	2.337609e-2	4.777218e-2	4.830748e-2	4.334051e-2	-	-	-	-	-
612	v2-348	1.0000	3.532901e-2	1.572942e-1	6.966611e-2	0.5911	1.285784e0	2.266742e-1	0.2266	0	0	2.131954e-2	3.158131e-2	6.835350e-2	8.030890e-2	4.563288e-2	-	-	-	-	-
613	v2-348	1.0000	2.386737e-2	8.283582e-2	3.405010e-2	0.7616	6.054200e-1	1.658103e-1	0.3984	0	0	2.465860e-2	2.183957e-2	2.681551e-2	3.160559e-2	2.642703e-2	-	-	-	-	-
614	v2-348	1.0000	2.844401e-2	1.161415e-1	5.127969e-2	0.5726	1.003687e0	1.626750e-1	0.2578	0	0	1.928833e-2	3.072204e-2	4.052965e-2	3.999437e-2	2.747669e-2	-	-	-	-	-
615	v2-348	1.0000	5.459846e-2	1.820443e-1	1.358450e-1	0.5243	1.682438e0	4.948530e-1	0.4062	0	0	1.427604e-2	7.643746e-2	6.508776e-2	5.382061e-2	3.768227e-2	-	-	-	-	-
616	v2-348	1.0000	1.315706e-2	6.202418e-2	2.246220e-2	0.6591	5.838148e-1	1.393386e-1	0.4609	0	0	9.076800e-3	1.389138e-2	1.801886e-2	2.196549e-2	1.285945e-2	-	-	-	-	-
617	v2-348	1.0000	2.495178e-2	7.331550e-2	3.689831e-2	0.6961	7.210748e-1	2.349001e-1	0.1484	0	0	3.898703e-2	1.729798e-2	2.817636e-2	2.444396e-2	2.939780e-2	-	-	-	-	-
618	v2-348	1.0000	2.510432e-2	8.561397e-2	5.882236e-2	0.5574	1.291686e0	2.491158e-1	0.1719	0	0	1.387637e-2	2.171892e-2	3.694063e-2	3.954706e-2	4.334683e-2	-	-	-	-	-
619	v2-348	1.0000	1.772881e-2	4.574585e-2	2.351033e-2	0.7817	4.458168e-1	6.728146e-2	0.3438	0	0	3.072776e-2	1.160476e-2	1.932772e-2	2.149331e-2	1.829656e-2	-	-	-	-	-
620	v2-348	1.0000	9.926991e-3	3.210190e-2	1.855573e-2	0.6579	4.195827e-1	1.514969e-1	0.3047	0	0	1.246049e-2	8.484662e-3	9.492972e-3	7.690531e-3	1.167680e-2	-	-	-	-	-
621	v2-348	1.0000	1.402390e-2	7.132912e-2	2.798881e-2	0.5533	5.012161e-1	1.595072e-1	0.2344	0	0	1.001887e-2	1.528024e-2	1.974039e-2	1.705195e-2	1.317403e-2	-	-	-	-	-
622	v2-348	1.0000	4.625412e-2	1.797838e-1	1.014392e-1	0.5148	2.042585e0	4.031344e-1	0.1953	0	0	1.828854e-2	4.280096e-2	1.197831e-1	1.240642e-1	5.544066e-2	-	-	-	-	-
623	v2-348	1.0000	5.727444e-3	1.663673e-2	8.780309e-3	0.7918	2.576893e-1	3.803594e-2	0.3594	0	0	5.706462e-3	5.417358e-3	6.664241e-3	8.910615e-3	5.709105e-3	-	-	-	-	-
624	v2-348	1.0000	2.078704e-2	6.292248e-2	2.947512e-2	0.7042	6.074688e-1	1.872066e-1	0.4531	0	0	3.817062e-2	1.098422e-2	1.886641e-2	1.287376e-2	3.050307e-2	-	-	-	-	-
625	v2-348	1.0000	6.907151e-2	2.528362e-1	1.113023e-1	0.5909	1.367015e0	2.138097e-1	0.1328	0	0	4.203329e-2	8.395460e-2	5.256410e-2	4.823127e-2	6.784075e-2	-	-	-	-	-
626	v2-348	1.0000	7.605470e-2	3.546405e-1	1.379222e-1	0.6329	2.249381e0	6.182233e-1	0.1875	0	0	4.784668e-2	7.636605e-2	1.196253e-1	1.361822e-1	8.603223e-2	-	-	-	-	-
627	v2-348	1.0000	2.143903e-2	6.393337e-2	3.130512e-2	0.6948	6.645074e-1	2.181321e-1	0.4609	0	0	3.684231e-2	1.221657e-2	2.057825e-2	1.354324e-2	3.166130e-2	-	-	-	-	-
628	v2-348	1.0000	2.004853e-2	5.847454e-2	2.530690e-2	0.7674	4.737698e-1	1.181107e-1	0.4453	0	0	3.822201e-2	1.063743e-2	1.646388e-2	1.360211e-2	2.765265e-2	-	-	-	-	-
629	v2-348	1.0000	1.125659e-1	5.244808e-1	2.066149e-1	0.5386	3.294894e0	9.846796e-1	0.2344	0	0	3.474559e-2	1.173163e-1	1.782252e-1	1.976390e-1	1.612716e-1	-	-	-	-	-
630	v2-348	1.0000	6.168734e-2	2.011776e-1	8.844824e-2	0.6752	1.744608e0	4.175717e-1	0.2344	0	0	6.292539e-2	5.291221e-2	5.739032e-2	3.417427e-2	9.420927e-2	-	-	-	-	-
631	v2-348	1.0000	4.956273e-2	2.330456e-1	1.011679e-1	0.5017	1.597104e0	4.459423e-1	0.2188	0	0	2.386412e-2	5.319226e-2	7.149576e-2	6.652013e-2	6.193425e-2	-	-	-	-	-
632	v2-348	1.0000	2.142221e-2	5.323648e-2	4.535874e-2	0.7600	6.809630e-1	1.086843e-1	0.1172	0	0	3.430690e-2	1.234403e-2	1.805667e-2	1.933811e-2	3.373627e-2	-	-	-	-	-
633	v2-348	1.0000	1.389117e-2	5.158968e-2	2.008246e-2	0.7728	5.224694e-1	1.256522e-1	0.3281	0	0	1.374738e-2	1.413802e-2	1.565213e-2	1.000246e-2	1.377809e-2	-	-	-	-	-
634	v2-348	1.0000	3.404486e-2	8.023930e-2	4.430746e-2	0.7983	1.084028e0	1.806991e-1	0.3594	0	0	4.756808e-2	2.542143e-2	4.229678e-2	4.050386e-2	3.915939e-2	-	-	-	-	-
635	v2-348	1.0000	2.775679e-2	7.518053e-2	3.550727e-2	0.7275	1.198105e0	1.715036e-1	0.2500	0	0	3.527883e-2	2.262247e-2	3.255159e-2	2.788124e-2	3.238013e-2	-	-	-	-	-
636	v2-348	1.0000	1.692949e-2	9.247684e-2	3.712436e-2	0.7597	6.994833e-1	2.536776e-1	0.3359	0	0	5.775410e-3	1.961687e-2	2.488842e-2	1.552198e-2	2.137820e-2	-	-	-	-	-
637	v2-348	1.0000	1.645511e-2	4.852533e-2	4.335544e-2	0.5030	1.237196e0	2.819194e-1	0.2188	0	0	1.091217e-2	1.484645e-2	4.363421e-2	3.953979e-2	1.602364e-2	-	-	-	-	-
638	v2-348	1.0000	7.323435e-3	2.636099e-2	1.290213e-2	0.5340	3.670210e-1	1.031729e-1	0.4297	0	0	6.201504e-3	6.970634e-3	7.828096e-3	8.684813e-3	9.385039e-3	-	-	-	-	-
639	v2-348	1.0000	3.162794e-2	1.723194e-1	6.133021e-2	0.7447	1.164980e0	3.689726e-1	0.3672	0	0	1.105937e-2	3.481493e-2	5.726969e-2	3.899587e-2	4.002613e-2	-	-	-	-	-
640	v2-348	1.0000	3.226912e-2	1.361859e-1	7.674076e-2	0.5052	1.497981e0	4.520649e-1	0.2422	0	0	1.232519e-2	3.767937e-2	5.731368e-2	3.529688e-2	3.429587e-2	-	-	-	-	-
641	v2-348	1.0000	2.301536e-2	8.272696e-2	4.715019e-2	0.5939	1.105725e0	2.568772e-1	0.4062	0	0	1.838922e-2	1.997760e-2	4.230932e-2	3.761993e-2	2.975604e-2	-	-	-	-	-
642	v2-348	1.0000	2.766713e-2	6.544209e-2	4.086351e-2	0.6407	9.179084e-1	1.739351e-1	0.3359	0	0	3.934280e-2	2.160890e-2	2.927834e-2	4.050891e-2	2.761583e-2	-	-	-	-	-
643	v2-348	1.0000	5.502953e-2	2.130589e-1	9.056543e-2	0.6321	1.695599e0	3.836356e-1	0.3203	0	0	2.858120e-2	6.712184e-2	6.401630e-2	6.580558e-2	4.752042e-2	-	-	-	-	-
644	v2-348	1.0000	6.738106e-2	2.484488e-1	1.160215e-1	0.6010	2.026884e0	3.779289e-1	0.2891	0	0	2.005074e-2	8.611865e-2	1.104277e-1	1.331756e-1	4.490692e-2	-	-	-	-	-
645	v2-348	1.0000	1.562563e-2	3.789663e-2	2.260315e-2	0.7890	5.551256e-1	8.949868e-2	0.3359	0	0	2.015352e-2	1.362241e-2	1.800639e-2	1.133399e-2	1.626304e-2	-	-	-	-	-
646	v2-348	1.0000	1.807252e-2	7.906580e-2	3.726884e-2	0.5778	6.961557e-1	2.583376e-1	0.2969	0	0	1.249804e-2	1.842613e-2	2.352527e-2	1.432174e-2	2.362165e-2	-	-	-	-	-
647	v2-348	1.0000	2.327182e-2	6.845856e-2	5.508565e-2	0.5203	1.630001e0	3.266749e-1	0.2109	0	0	2.372271e-2	1.760535e-2	5.482316e-2	5.122342e-2	2.516892e-2	-	-	-	-	-
648	v2-348	1.0000	1.016427e-2	3.361368e-2	1.700846e-2	0.5532	4.117679e-1	1.228181e-1	0.4531	0	0	1.093116e-2	9.427246e-3	9.123427e-3	9.180521e-3	1.191130e-2	-	-	-	-	-
649	v2-348	1.0000	1.448441e-2	6.451808e-2	2.299788e-2	0.7324	5.782392e-1	1.647054e-1	0.2578	0	0	1.174428e-2	1.566249e-2	1.757355e-2	1.487936e-2	1.354175e-2	-	-	-	-	-
650	v2-348	1.0000	2.050246e-2	1.052638e-1	3.603308e-2	0.8039	7.799935e-1	2.340146e-1	0.4062	0	0	1.245361e-2	2.139841e-2	2.830897e-2	2.176306e-2	2.580818e-2	-	-	-	-	-
651	v2-348	1.0000	1.675458e-2	6.238151e-2	3.823659e-2	0.6063	1.162944e0	2.143411e-1	0.2266	0	0	8.197825e-3	1.770119e-2	4.008767e-2	3.799693e-2	1.387814e-2	-	-	-	-	-
652	v2-348	1.0000	8.961061e-3	2.402487e-2	1.658376e-2	0.7442	4.357924e-1	8.445171e-2	0.4062	0	0	1.063152e-2	7.740461e-3	8.520430e-3	1.127237e-2	1.008914e-2	-	-	-	-	-
653	v2-348	1.0000	1.478204e-2	3.510809e-2	1.897657e-2	0.7525	4.426193e-1	1.288742e-1	0.5312	0	0	1.925916e-2	1.250920e-2	1.430141e-2	1.300178e-2	1.645763e-2	-	-	-	-	-
654	v2-348	1.0000	8.521904e-2	2.877453e-1	1.572057e-1	0.5126	1.802613e0	4.535594e-1	0.2266	0	0	7.225921e-2	8.447851e-2	7.258619e-2	6.489782e-2	1.121166e-1	-	-	-	-	-
655	v2-348	1.0000	4.311808e-2	2.014649e-1	7.692026e-2	0.6712	1.608601e0	4.614152e-1	0.2969	0	0	2.006056e-2	4.853399e-2	6.469071e-2	6.073562e-2	4.662522e-2	-	-	-	-	-
656	v2-348	1.0000	1.548959e-2	3.725016e-2	2.071224e-2	0.7493	4.808334e-1	1.471218e-1	0.5234	0	0	1.953431e-2	1.322212e-2	1.564418e-2	1.339363e-2	1.761317e-2	-	-	-	-	-
657	v2-348	1.0000	1.344662e-2	3.284431e-2	1.571841e-2	0.7637	3.855142e-1	8.549027e-2	0.4922	0	0	1.924480e-2	1.103644e-2	1.129377e-2	1.247600e-2	1.408630e-2	-	-	-	-	-
658	v2-348	1.0000	1.640229e-1	8.270082e-1	3.628738e-1	0.6159	4.978335e0	1.713205e0	0.1797	0	0	5.663690e-2	1.352597e-1	2.040350e-1	2.021845e-1	3.698125e-1	0.001049	-0.045980	-0.001252	-0.004040	-0.016025
659	v2-348	1.0000	3.320822e-2	1.384321e-1	7.219333e-2	0.5387	1.539027e0	3.688016e-1	0.1719	0	0	1.161066e-2	4.130780e-2	4.945603e-2	5.499148e-2	2.711866e-2	-	-	-	-	-
660	v2-348	1.0000	4.224491e-2	2.733768e-1	9.125079e-2	0.6557	1.227099e0	4.460859e-1	0.2969	0	0	2.119760e-2	4.340262e-2	5.373605e-2	1.946918e-2	6.809895e-2	-	-	-	-	-
661	v2-348	1.0000	1.081107e-2	2.710342e-2	2.336718e-2	0.5929	5.208574e-1	7.934171e-2	0.1172	0	0	1.375006e-2	6.224117e-3	1.101089e-2	1.255653e-2	2.047477e-2	-	-	-	-	-
662	v2-348	1.0000	2.847801e-2	6.681943e-2	6.547549e-2	0.7304	1.365594e0	2.955464e-1	0.1484	0	0	3.197588e-2	2.304117e-2	4.950113e-2	5.234493e-2	2.944653e-2	-	-	-	-	-
663	v2-348	1.0000	3.480862e-2	1.417955e-1	6.654934e-2	0.7193	1.793791e0	6.165790e-1	0.0938	0	0	2.298894e-2	3.670376e-2	6.534015e-2	5.163186e-2	3.241368e-2	-	-	-	-	-
664	v2-348	1.0000	3.620040e-2	9.801030e-2	7.578785e-2	0.5705	2.337517e0	5.538387e-1	0.0781	0	0	3.861292e-2	3.669149e-2	5.680208e-2	2.799559e-2	2.818831e-2	-	-	-	-	-
665	v2-348	1.0000	5.700913e-2	1.615000e-1	1.017579e-1	0.7222	2.090109e0	4.694664e-1	0.1875	0	0	6.085390e-2	4.751740e-2	7.870451e-2	9.694339e-2	6.589756e-2	-	-	-	-	-
666	v2-348	1.0000	2.990637e-2	1.154897e-1	6.853110e-2	0.6610	1.256799e0	3.452295e-1	0.0781	0	0	2.002849e-2	2.708595e-2	7.154263e-2	6.018938e-2	3.328910e-2	-	-	-	-	-
667	v2-348	1.0000	1.674568e-2	7.595414e-2	3.630766e-2	0.6303	1.050440e0	3.262550e-1	0.4297	0	0	7.602051e-3	1.996069e-2	2.455485e-2	1.970469e-2	1.603494e-2	-	-	-	-	-
668	v2-348	1.0000	9.040725e-2	2.778686e-1	1.305293e-1	0.6243	2.161253e0	3.868950e-1	0.0781	0	0	9.783809e-2	8.335811e-2	9.826788e-2	9.967692e-2	9.802270e-2	-	-	-	-	-
669	v2-348	1.0000	7.551559e-2	2.591811e-1	1.390856e-1	0.6860	1.385589e0	3.076577e-1	0.1562	0	0	6.418320e-2	7.264802e-2	1.658150e-1	1.046271e-1	6.857234e-2	-	-	-	-	-
670	v2-348	1.0000	8.045778e-2	2.662392e-1	1.292651e-1	0.7361	2.107202e0	3.545643e-1	0.1641	0	0	9.186357e-2	5.526705e-2	1.430780e-1	1.277976e-1	1.148670e-1	-	-	-	-	-
671	v2-348	1.0000	4.361816e-2	1.183826e-1	6.170180e-2	0.7428	1.861704e0	3.777759e-1	0.1328	0	0	6.517520e-2	2.756603e-2	5.708522e-2	3.552305e-2	6.296247e-2	-	-	-	-	-
672	v2-348	1.0000	6.467835e-2	2.784300e-1	1.153567e-1	0.5053	2.609154e0	6.750269e-1	0.1719	0	0	4.017691e-2	6.848403e-2	7.729425e-2	6.341789e-2	8.163954e-2	-	-	-	-	-
673	v2-348	1.0000	5.389104e-2	2.416277e-1	1.407504e-1	0.7038	1.864638e0	5.700059e-1	0.1406	0	0	1.292817e-2	5.195193e-2	1.528647e-1	1.327814e-1	6.833728e-2	-	-	-	-	-
674	v2-348	1.0000	3.557895e-2	1.094763e-1	7.033767e-2	0.7456	1.428633e0	3.948118e-1	0.1328	0	0	3.681640e-2	3.122135e-2	6.578488e-2	4.869327e-2	3.630759e-2	-	-	-	-	-
675	v2-348	1.0000	9.142666e-2	2.914596e-1	1.312538e-1	0.6637	2.849029e0	6.983434e-1	0.1719	0	0	1.189934e-1	6.204389e-2	1.271118e-1	1.334146e-1	1.260083e-1	-	-	-	-	-
676	v2-348	1.0000	5.904356e-2	2.735013e-1	1.548519e-1	0.6491	2.406220e0	5.139763e-1	0.1016	0	0	1.527028e-2	6.149705e-2	1.646140e-1	2.128646e-1	4.461589e-2	-	-	-	-	-
677	v2-348	1.0000	4.874696e-2	1.578523e-1	7.981963e-2	0.7819	1.589063e0	4.105395e-1	0.3125	0	0	4.703102e-2	4.978480e-2	5.097825e-2	4.902252e-2	4.716400e-2	-	-	-	-	-
678	v2-348	1.0000	2.583581e-2	5.707943e-2	6.950929e-2	0.6864	1.511527e0	2.943532e-1	0.1172	0	0	2.465709e-2	2.340690e-2	4.182199e-2	5.225194e-2	2.440839e-2	-	-	-	-	-
679	v2-348	1.0000	6.840455e-2	1.952017e-1	1.975908e-1	0.7217	2.345794e0	4.746954e-1	0.1641	0	0	3.651290e-2	7.671347e-2	1.153464e-1	1.771238e-1	4.668323e-2	-	-	-	-	-
680	v2-348	1.0000	3.117523e-2	1.066616e-1	6.778865e-2	0.6580	1.292742e0	3.345758e-1	0.0859	0	0	2.713313e-2	2.634836e-2	6.861936e-2	5.476700e-2	3.578811e-2	-	-	-	-	-
681	v2-348	1.0000	1.432539e-2	5.230772e-2	2.559583e-2	0.6620	9.864848e-1	2.820984e-1	0.3281	0	0	1.195675e-2	1.411543e-2	2.057444e-2	1.424813e-2	1.640215e-2	-	-	-	-	-
682	v2-348	1.0000	2.019093e-2	8.315825e-2	3.474094e-2	0.5282	8.915301e-1	1.625804e-1	0.3672	0	0	1.275548e-2	2.357437e-2	2.397179e-2	2.833399e-2	1.661162e-2	-	-	-	-	-
683	v2-348	1.0000	4.466383e-2	1.488215e-1	7.137748e-2	0.6128	1.155741e0	1.799710e-1	0.1016	0	0	3.106542e-2	4.840851e-2	3.567673e-2	3.164782e-2	5.614553e-2	-	-	-	-	-
684	v2-348	1.0000	4.147349e-2	1.267921e-1	8.147378e-2	0.6236	1.844953e0	3.284959e-1	0.2266	0	0	3.015798e-2	4.171472e-2	9.157052e-2	6.114695e-2	3.770747e-2	-	-	-	-	-
685	v2-348	1.0000	2.746533e-2	9.371102e-2	4.636504e-2	0.6029	1.091598e0	1.649453e-1	0.3594	0	0	1.911766e-2	2.989779e-2	3.587979e-2	5.013186e-2	2.335263e-2	-	-	-	-	-
686	v2-348	1.0000	2.902400e-2	1.234800e-1	4.732697e-2	0.6797	1.024493e0	2.646122e-1	0.3594	0	0	2.913716e-2	3.101460e-2	3.349604e-2	2.476646e-2	2.268151e-2	-	-	-	-	-
687	v2-348	1.0000	1.304476e-1	6.045922e-1	2.877247e-1	0.5124	4.998986e0	1.667971e0	0.0703	0	0	5.668398e-2	1.201298e-1	1.618802e-1	1.580899e-1	2.418500e-1	-	-	-	-	-
688	v2-348	1.0000	7.947260e-2	2.834889e-1	1.188035e-1	0.6741	2.044879e0	4.288075e-1	0.4219	0	0	8.132241e-2	7.620374e-2	1.262671e-1	9.910959e-2	7.029745e-2	-	-	-	-	-
689	v2-348	1.0000	4.685476e-2	2.322872e-1	9.497061e-2	0.5400	2.610295e0	7.377591e-1	0.1172	0	0	3.232369e-2	3.529016e-2	7.441630e-2	3.550098e-2	9.605744e-2	-	-	-	-	-
690	v2-348	1.0000	2.359147e-2	4.518437e-2	1.248421e-1	0.7513	1.818918e0	2.181117e-1	0.1328	0	0	1.542179e-2	2.289972e-2	4.371397e-2	6.662907e-2	2.093316e-2	-	-	-	-	-
691	v2-348	1.0000	7.652204e-3	3.534520e-2	1.493430e-2	0.5178	3.804134e-1	8.453235e-2	0.3438	0	0	4.625390e-3	8.340946e-3	1.135546e-2	1.229564e-2	7.410829e-3	-	-	-	-	-
692	v2-348	1.0000	1.110406e-2	3.981817e-2	2.026092e-2	0.6206	6.761274e-1	1.018287e-1	0.3516	0	0	5.965256e-3	1.236369e-2	1.920343e-2	1.615553e-2	1.061122e-2	-	-	-	-	-
693	v2-348	1.0000	2.446739e-2	6.419599e-2	2.784154e-2	0.8022	7.221782e-1	1.267167e-1	0.3359	0	0	3.999043e-2	1.546271e-2	2.277571e-2	1.737058e-2	3.390513e-2	-	-	-	-	-
694	v2-348	1.0000	1.775895e-2	7.231760e-2	3.295600e-2	0.7633	5.493515e-1	1.890533e-1	0.1484	0	0	1.144388e-2	1.827693e-2	2.325147e-2	1.840200e-2	2.272674e-2	-	-	-	-	-
695	v2-348	1.0000	1.954536e-2	5.696392e-2	5.003165e-2	0.5116	1.548068e0	1.981702e-1	0.1562	0	0	1.087091e-2	2.167685e-2	3.863293e-2	3.681485e-2	1.525653e-2	-	-	-	-	-
696	v2-348	1.0000	8.515192e-3	2.425289e-2	1.299308e-2	0.7101	3.174588e-1	6.647125e-2	0.3359	0	0	1.137554e-2	6.492317e-3	1.003628e-2	1.246719e-2	9.654961e-3	-	-	-	-	-
697	v2-348	1.0000	2.790307e-2	1.586599e-1	5.125002e-2	0.7649	9.133840e-1	3.121713e-1	0.4062	0	0	1.608532e-2	2.884638e-2	3.786945e-2	2.401248e-2	3.854657e-2	-	-	-	-	-
698	v2-348	1.0000	4.689241e-2	1.746932e-1	1.260686e-1	0.5354	2.155434e0	7.168494e-1	0.2031	0	0	3.116552e-2	3.804903e-2	1.173706e-1	5.396762e-2	7.397003e-2	-	-	-	-	-
699	v2-348	1.0000	5.665800e-2	2.354326e-1	1.140662e-1	0.6126	1.597299e0	3.673097e-1	0.4453	0	0	5.455703e-2	4.370784e-2	6.382874e-2	4.214969e-2	1.001140e-1	-	-	-	-	-
700	v2-348	1.0000	1.403571e-2	3.633094e-2	2.161425e-2	0.6231	5.022571e-1	9.606710e-2	0.4141	0	0	1.536002e-2	1.313678e-2	1.488982e-2	1.965853e-2	1.352639e-2	-	-	-	-	-
701	v2-348	1.0000	5.901341e-2	1.849929e-1	9.085227e-2	0.6030	1.775591e0	2.833362e-1	0.2656	0	0	4.766753e-2	5.212021e-2	9.379175e-2	1.298998e-1	6.893310e-2	-	-	-	-	-
702	v2-348	1.0000	8.834415e-2	3.377807e-1	1.666562e-1	0.5343	2.412286e0	3.861872e-1	0.3516	0	0	5.585158e-2	7.807765e-2	1.847209e-1	2.746130e-1	9.278483e-2	-	-	-	-	-
703	v2-348	1.0000	8.951565e-3	2.889287e-2	2.167885e-2	0.5805	4.607707e-1	6.949404e-2	0.3750	0	0	5.322281e-3	9.167505e-3	1.867992e-2	2.002968e-2	7.855181e-3	-	-	-	-	-
704	v2-348	1.0000	1.990838e-2	8.548927e-2	3.707181e-2	0.7456	6.032427e-1	2.027195e-1	0.1641	0	0	1.071756e-2	2.187809e-2	2.932658e-2	2.335564e-2	2.250028e-2	-	-	-	-	-
705	v2-348	1.0000	2.936001e-2	9.572196e-2	7.034995e-2	0.5753	1.673014e0	2.801458e-1	0.1484	0	0	1.940101e-2	3.143633e-2	4.837723e-2	6.898933e-2	2.169432e-2	-	-	-	-	-
706	v2-348	1.0000	1.257043e-2	3.347421e-2	1.944972e-2	0.7347	4.101879e-1	7.939845e-2	0.3203	0	0	2.075437e-2	8.551376e-3	1.328573e-2	1.525133e-2	1.342607e-2	-	-	-	-	-
707	v2-348	1.0000	9.864853e-3	3.754818e-2	1.860745e-2	0.5423	5.391934e-1	1.084716e-1	0.2969	0	0	8.258456e-3	1.032916e-2	1.060530e-2	7.760301e-3	1.081990e-2	-	-	-	-	-
708	v2-348	1.0000	2.372756e-2	8.374697e-2	3.235547e-2	0.8232	5.603823e-1	1.652120e-1	0.2422	0	0	2.394649e-2	2.009268e-2	2.641407e-2	2.482578e-2	3.350655e-2	-	-	-	-	-
709	v2-348	1.0000	2.293304e-2	7.163763e-2	5.348156e-2	0.5527	1.738746e0	2.309421e-1	0.1562	0	0	1.437869e-2	2.396281e-2	4.565864e-2	3.776105e-2	2.145413e-2	-	-	-	-	-
710	v2-348	1.0000	5.808486e-3	2.231025e-2	1.101862e-2	0.5838	3.014792e-1	5.969406e-2	0.3438	0	0	3.953003e-3	5.595256e-3	7.413795e-3	9.674959e-3	7.520186e-3	-	-	-	-	-
711	v2-348	1.0000	2.749072e-2	7.765579e-2	3.376475e-2	0.7726	5.645982e-1	1.350073e-1	0.4141	0	0	5.444639e-2	1.356833e-2	2.204567e-2	1.957115e-2	3.830918e-2	-	-	-	-	-
712	v2-348	1.0000	7.907237e-2	2.633181e-1	1.473935e-1	0.5419	1.778597e0	4.333825e-1	0.1953	0	0	6.090646e-2	8.380376e-2	5.993049e-2	3.856508e-2	1.024700e-1	-	-	-	-	-
713	v2-348	1.0000	3.950204e-2	1.436618e-1	6.876231e-2	0.5592	1.382949e0	4.257614e-1	0.2031	0	0	4.207790e-2	3.365906e-2	5.663406e-2	5.661820e-2	4.546693e-2	-	-	-	-	-
714	v2-348	1.0000	2.837743e-2	8.128977e-2	3.565499e-2	0.7696	6.089971e-1	1.516050e-1	0.4219	0	0	5.619143e-2	1.409044e-2	2.260718e-2	1.969781e-2	3.945957e-2	-	-	-	-	-
715	v2-348	1.0000	2.469337e-2	6.597233e-2	2.819582e-2	0.7958	4.526087e-1	9.334794e-2	0.3984	0	0	4.815043e-2	1.234920e-2	2.044528e-2	1.924517e-2	3.433731e-2	-	-	-	-	-
716	v2-348	1.0000	1.556518e-1	8.070838e-1	3.936168e-1	0.6076	4.970915e0	1.875168e0	0.1641	0	0	4.908035e-2	1.214959e-1	1.952796e-1	1.550011e-1	3.858801e-1	0.001080	-0.047260	0.002784	-0.001869	-0.019129
717	v2-348	1.0000	8.160819e-2	2.739863e-1	1.167353e-1	0.7207	2.248259e0	5.136937e-1	0.1875	0	0	8.269298e-2	7.661108e-2	7.483163e-2	5.049457e-2	1.043628e-1	-	-	-	-	-
718	v2-348	1.0000	4.146826e-2	1.888261e-1	7.870384e-2	0.6797	9.826617e-1	2.867749e-1	0.3438	0	0	2.001780e-2	4.624566e-2	5.984765e-2	4.334398e-2	4.934274e-2	-	-	-	-	-
719	v2-348	1.0000	2.143409e-2	5.330849e-2	4.534124e-2	0.7600	6.807194e-1	1.086747e-1	0.1172	0	0	3.435053e-2	1.234544e-2	1.807295e-2	1.933155e-2	3.374225e-2	-	-	-	-	-
720	append204	0.0000	0.000000e0	0.000000e0	0.000000e0	1.0000	0.000000e0	0.000000e0	1.0000	1	1	0.000000e0	0.000000e0	0.000000e0	0.000000e0	0.000000e0	-	-	-	-	-
721	append204	0.0000	0.000000e0	0.000000e0	0.000000e0	1.0000	0.000000e0	0.000000e0	1.0000	1	1	0.000000e0	0.000000e0	0.000000e0	0.000000e0	0.000000e0	-	-	-	-	-
722	append204	1.0000	3.007733e-2	8.281374e-2	4.797470e-2	0.6419	9.996065e-1	1.781608e-1	0.2734	0	0	3.939516e-2	2.431004e-2	2.768699e-2	4.975539e-2	3.161607e-2	-	-	-	-	-
723	append204	1.0000	1.761946e-2	4.719496e-2	2.765069e-2	0.5275	6.545850e-1	9.293075e-2	0.2344	0	0	2.091155e-2	1.653112e-2	1.562838e-2	1.963354e-2	1.673529e-2	-	-	-	-	-
724	append204	1.0000	2.467185e-2	7.015634e-2	3.960423e-2	0.5278	9.806750e-1	1.478292e-1	0.1406	0	0	1.852323e-2	2.302469e-2	3.164627e-2	6.132360e-2	2.720797e-2	-	-	-	-	-
725	append204	1.0000	1.448213e-1	6.685433e-1	2.778952e-1	0.5082	4.253888e0	1.221995e0	0.1172	0	0	4.286775e-2	1.791929e-1	1.930996e-1	1.972368e-1	1.468952e-1	-	-	-	-	-
726	append204	1.0000	1.167655e-1	5.343790e-1	2.215998e-1	0.5748	3.631506e0	9.000398e-1	0.1172	0	0	7.879455e-2	1.198149e-1	1.545796e-1	1.646176e-1	1.353390e-1	-	-	-	-	-
727	append204	1.0000	1.014846e-1	3.134212e-1	1.381463e-1	0.7308	4.297957e0	7.915100e-1	0.3359	0	0	9.943543e-2	1.012408e-1	1.266950e-1	1.585277e-1	8.502605e-2	-	-	-	-	-
728	append204	1.0000	1.084632e-1	3.670404e-1	1.856852e-1	0.5764	2.899456e0	3.822460e-1	0.1406	0	0	9.663695e-2	8.312527e-2	2.076776e-1	2.084889e-1	1.513909e-1	-	-	-	-	-
729	append204	1.0000	4.852796e-2	1.218476e-1	2.142972e-1	0.5518	6.821931e0	1.124019e0	0.1875	0	0	2.696128e-2	4.133214e-2	5.796994e-2	2.973396e-1	3.758262e-2	-	-	-	-	-
730	append204	1.0000	3.144768e-1	1.011610e0	6.925142e-1	0.5661	6.133067e0	1.707094e0	0.1953	0	0	1.210506e-1	4.162346e-1	3.280750e-1	2.204957e-1	2.729815e-1	-0.003044	-0.260219	0.026079	0.010152	-0.002017
731	append204	0.0000	0.000000e0	0.000000e0	0.000000e0	1.0000	0.000000e0	0.000000e0	1.0000	1	1	0.000000e0	0.000000e0	0.000000e0	0.000000e0	0.000000e0	-	-	-	-	-
732	append204	0.0000	0.000000e0	0.000000e0	0.000000e0	1.0000	0.000000e0	0.000000e0	1.0000	1	1	0.000000e0	0.000000e0	0.000000e0	0.000000e0	0.000000e0	-	-	-	-	-
733	append204	1.0000	2.754764e-2	1.384864e-1	4.894416e-2	0.6406	1.267450e0	3.175184e-1	0.1953	0	0	1.758774e-2	3.134864e-2	3.185575e-2	4.312153e-2	2.407659e-2	-	-	-	-	-
734	append204	1.0000	3.285493e-2	1.007534e-1	4.592249e-2	0.7405	1.255752e0	3.239193e-1	0.1250	0	0	2.747415e-2	3.231817e-2	2.882559e-2	2.422658e-2	4.444677e-2	-	-	-	-	-
735	append204	1.0000	9.699316e-2	3.480124e-1	2.789435e-1	0.5962	4.834705e0	1.372641e0	0.0703	0	0	6.648206e-2	6.255587e-2	1.920647e-1	9.093669e-2	2.172856e-1	-	-	-	-	-
736	append204	1.0000	2.482465e-1	9.883435e-1	4.394254e-1	0.5660	4.524817e0	8.776336e-1	0.1016	0	0	2.634592e-1	2.295187e-1	3.011482e-1	2.225006e-1	2.777407e-1	-0.014290	0.027584	-0.037139	-0.028996	0.000782
737	append204	1.0000	6.783031e-2	2.629550e-1	1.427248e-1	0.5475	3.039752e0	8.506916e-1	0.2422	0	0	3.755770e-2	6.539088e-2	1.342297e-1	1.160508e-1	8.565306e-2	-	-	-	-	-
738	append204	1.0000	1.094240e-1	3.333263e-1	1.524088e-1	0.7049	3.659160e0	8.169477e-1	0.2188	0	0	1.942902e-1	5.888706e-2	1.129646e-1	9.708661e-2	1.554997e-1	-	-	-	-	-
739	append204	1.0000	7.523031e-2	1.906142e-1	1.145856e-1	0.6616	2.344177e0	3.823119e-1	0.3672	0	0	1.192401e-1	4.916260e-2	6.902597e-2	8.443042e-2	9.714885e-2	-	-	-	-	-
740	append204	1.0000	9.146103e-2	2.463465e-1	1.504906e-1	0.5943	2.885176e0	5.963302e-1	0.2891	0	0	1.692779e-1	5.309827e-2	8.311275e-2	8.705267e-2	1.109394e-1	-	-	-	-	-
741	append204	1.0000	6.868087e-2	2.371399e-1	1.489710e-1	0.6163	3.099428e0	8.342151e-1	0.2188	0	0	6.920758e-2	6.970975e-2	8.577721e-2	9.530281e-2	5.425181e-2	-	-	-	-	-
742	append204	1.0000	1.606775e-1	5.280269e-1	2.474718e-1	0.6262	3.682118e0	6.975088e-1	0.2188	0	0	1.140169e-1	1.505646e-1	1.639054e-1	1.811722e-1	2.456267e-1	0.000266	-0.041317	0.005532	0.000951	0.000770
743	append204	1.0000	1.514709e-1	5.846910e-1	2.657770e-1	0.6536	5.236493e0	1.072995e0	0.2422	0	0	1.031328e-1	1.687129e-1	1.693483e-1	1.508590e-1	1.568231e-1	-0.002090	0.064297	-0.013446	-0.002183	-0.000962
744	append204	1.0000	1.064492e-1	2.992512e-1	2.196457e-1	0.6482	6.742562e0	8.757685e-1	0.1484	0	0	8.017446e-2	1.237427e-1	1.221963e-1	1.373475e-1	7.651730e-2	-	-	-	-	-
745	append204	1.0000	1.480552e-1	4.210192e-1	2.189666e-1	0.5384	4.480870e0	6.624955e-1	0.2656	0	0	1.155597e-1	1.361834e-1	1.843121e-1	2.313818e-1	1.969369e-1	-	-	-	-	-
746	append204	1.0000	1.279404e-1	4.479536e-1	4.329315e-1	0.5953	5.827689e0	1.617233e0	0.1094	0	0	3.535617e-2	1.593644e-1	2.238454e-1	3.994018e-1	6.351214e-2	-	-	-	-	-
747	append204	1.0000	2.092876e-1	6.960024e-1	3.098816e-1	0.5990	6.287779e0	8.177426e-1	0.1953	0	0	1.707110e-1	2.360995e-1	2.573918e-1	2.170140e-1	1.633344e-1	-0.000740	-0.102487	0.022893	0.022176	0.000263
748	append204	0.0000	0.000000e0	0.000000e0	0.000000e0	1.0000	0.000000e0	0.000000e0	1.0000	1	1	0.000000e0	0.000000e0	0.000000e0	0.000000e0	0.000000e0	-	-	-	-	-
749	append204	0.0000	0.000000e0	0.000000e0	0.000000e0	1.0000	0.000000e0	0.000000e0	1.0000	1	1	0.000000e0	0.000000e0	0.000000e0	0.000000e0	0.000000e0	-	-	-	-	-
750	append204	1.0000	9.543507e-2	3.272685e-1	1.442725e-1	0.6484	3.313579e0	5.342932e-1	0.1406	0	0	9.517298e-2	1.052386e-1	7.100022e-2	8.839314e-2	7.404392e-2	-	-	-	-	-
751	append204	1.0000	5.213220e-2	8.512020e-2	2.153397e-1	0.6882	4.007232e0	9.513413e-1	0.0391	0	0	4.241985e-2	6.063161e-2	2.889818e-2	8.436741e-2	3.736209e-2	-	-	-	-	-
752	append204	1.0000	1.087418e-1	3.273163e-1	1.505602e-1	0.6796	2.423087e0	3.523375e-1	0.1094	0	0	2.320315e-1	4.012687e-2	1.257363e-1	7.341725e-2	1.621134e-1	-	-	-	-	-
753	append204	1.0000	1.296950e-1	4.864645e-1	2.541258e-1	0.5749	2.438667e0	6.218825e-1	0.1562	0	0	7.554710e-2	1.393435e-1	1.231411e-1	8.828258e-2	1.813548e-1	-	-	-	-	-
754	append204	0.0000	0.000000e0	0.000000e0	0.000000e0	1.0000	0.000000e0	0.000000e0	1.0000	1	1	0.000000e0	0.000000e0	0.000000e0	0.000000e0	0.000000e0	-	-	-	-	-
755	append204	0.0000	0.000000e0	0.000000e0	0.000000e0	1.0000	0.000000e0	0.000000e0	1.0000	1	1	0.000000e0	0.000000e0	0.000000e0	0.000000e0	0.000000e0	-	-	-	-	-
756	append204	0.0000	0.000000e0	0.000000e0	0.000000e0	1.0000	0.000000e0	0.000000e0	1.0000	1	1	0.000000e0	0.000000e0	0.000000e0	0.000000e0	0.000000e0	-	-	-	-	-
757	append204	0.0000	0.000000e0	0.000000e0	0.000000e0	1.0000	0.000000e0	0.000000e0	1.0000	1	1	0.000000e0	0.000000e0	0.000000e0	0.000000e0	0.000000e0	-	-	-	-	-
758	append204	0.0000	0.000000e0	0.000000e0	0.000000e0	1.0000	0.000000e0	0.000000e0	1.0000	1	1	0.000000e0	0.000000e0	0.000000e0	0.000000e0	0.000000e0	-	-	-	-	-
759	append204	0.0000	0.000000e0	0.000000e0	0.000000e0	1.0000	0.000000e0	0.000000e0	1.0000	1	1	0.000000e0	0.000000e0	0.000000e0	0.000000e0	0.000000e0	-	-	-	-	-
760	append204	0.0000	0.000000e0	0.000000e0	0.000000e0	1.0000	0.000000e0	0.000000e0	1.0000	1	1	0.000000e0	0.000000e0	0.000000e0	0.000000e0	0.000000e0	-	-	-	-	-
761	append204	0.0000	0.000000e0	0.000000e0	0.000000e0	1.0000	0.000000e0	0.000000e0	1.0000	1	1	0.000000e0	0.000000e0	0.000000e0	0.000000e0	0.000000e0	-	-	-	-	-
762	append204	0.0000	0.000000e0	0.000000e0	0.000000e0	1.0000	0.000000e0	0.000000e0	1.0000	1	1	0.000000e0	0.000000e0	0.000000e0	0.000000e0	0.000000e0	-	-	-	-	-
763	append204	0.0000	0.000000e0	0.000000e0	0.000000e0	1.0000	0.000000e0	0.000000e0	1.0000	1	1	0.000000e0	0.000000e0	0.000000e0	0.000000e0	0.000000e0	-	-	-	-	-
764	append204	0.0000	0.000000e0	0.000000e0	0.000000e0	1.0000	0.000000e0	0.000000e0	1.0000	1	1	0.000000e0	0.000000e0	0.000000e0	0.000000e0	0.000000e0	-	-	-	-	-
765	append204	0.0000	0.000000e0	0.000000e0	0.000000e0	1.0000	0.000000e0	0.000000e0	1.0000	1	1	0.000000e0	0.000000e0	0.000000e0	0.000000e0	0.000000e0	-	-	-	-	-
766	append204	0.0000	0.000000e0	0.000000e0	0.000000e0	1.0000	0.000000e0	0.000000e0	1.0000	1	1	0.000000e0	0.000000e0	0.000000e0	0.000000e0	0.000000e0	-	-	-	-	-
767	append204	0.0000	0.000000e0	0.000000e0	0.000000e0	1.0000	0.000000e0	0.000000e0	1.0000	1	1	0.000000e0	0.000000e0	0.000000e0	0.000000e0	0.000000e0	-	-	-	-	-
768	append204	0.0000	0.000000e0	0.000000e0	0.000000e0	1.0000	0.000000e0	0.000000e0	1.0000	1	1	0.000000e0	0.000000e0	0.000000e0	0.000000e0	0.000000e0	-	-	-	-	-
769	append204	0.0000	0.000000e0	0.000000e0	0.000000e0	1.0000	0.000000e0	0.000000e0	1.0000	1	1	0.000000e0	0.000000e0	0.000000e0	0.000000e0	0.000000e0	-	-	-	-	-
770	append204	0.0000	0.000000e0	0.000000e0	0.000000e0	1.0000	0.000000e0	0.000000e0	1.0000	1	1	0.000000e0	0.000000e0	0.000000e0	0.000000e0	0.000000e0	-	-	-	-	-
771	append204	0.0000	0.000000e0	0.000000e0	0.000000e0	1.0000	0.000000e0	0.000000e0	1.0000	1	1	0.000000e0	0.000000e0	0.000000e0	0.000000e0	0.000000e0	-	-	-	-	-
772	append204	0.0000	0.000000e0	0.000000e0	0.000000e0	1.0000	0.000000e0	0.000000e0	1.0000	1	1	0.000000e0	0.000000e0	0.000000e0	0.000000e0	0.000000e0	-	-	-	-	-
773	append204	1.0000	2.033407e-2	5.731678e-2	3.515440e-2	0.6167	7.628214e-1	1.506146e-1	0.3672	0	0	3.695846e-2	1.161063e-2	1.859593e-2	2.543417e-2	2.467433e-2	-	-	-	-	-
774	append204	1.0000	9.942015e-3	2.743316e-2	1.589173e-2	0.7852	4.952756e-1	8.769594e-2	0.3672	0	0	8.205101e-3	9.810320e-3	1.149886e-2	1.933925e-2	9.977792e-3	-	-	-	-	-
775	append204	1.0000	2.802808e-2	6.845230e-2	3.765070e-2	0.8617	8.876565e-1	1.334985e-1	0.2734	0	0	3.369080e-2	2.386678e-2	3.056185e-2	5.080726e-2	2.739661e-2	-	-	-	-	-
776	append204	1.0000	1.197728e-1	4.936417e-1	2.382844e-1	0.5401	3.318235e0	1.056755e0	0.1328	0	0	5.051610e-2	1.289232e-1	1.668968e-1	1.923759e-1	1.518596e-1	-	-	-	-	-
777	append204	1.0000	8.219947e-2	2.296467e-1	1.112585e-1	0.6265	1.951695e0	2.499527e-1	0.1328	0	0	9.951385e-2	5.408887e-2	9.083059e-2	9.337288e-2	1.402868e-1	-	-	-	-	-
778	append204	1.0000	4.780740e-2	1.265471e-1	8.439570e-2	0.6386	1.970408e0	4.558861e-1	0.2734	0	0	5.182471e-2	3.969205e-2	8.583445e-2	1.158436e-1	4.152197e-2	-	-	-	-	-
779	append204	1.0000	5.304950e-2	1.888106e-1	9.222660e-2	0.5776	2.614071e0	3.897481e-1	0.1406	0	0	6.978408e-2	3.214153e-2	7.797852e-2	6.340823e-2	8.602686e-2	-	-	-	-	-
780	append204	1.0000	1.855450e-2	5.551720e-2	8.013290e-2	0.8089	2.069746e0	3.733261e-1	0.2109	0	0	1.736307e-2	1.967471e-2	1.797688e-2	2.644257e-2	1.500179e-2	-	-	-	-	-
781	append204	1.0000	7.068392e-2	2.660757e-1	1.217550e-1	0.6237	2.079551e0	5.775125e-1	0.2344	0	0	2.515487e-2	8.277548e-2	8.802342e-2	6.196014e-2	9.006256e-2	-	-	-	-	-
782	append204	0.0000	0.000000e0	0.000000e0	0.000000e0	1.0000	0.000000e0	0.000000e0	1.0000	1	1	0.000000e0	0.000000e0	0.000000e0	0.000000e0	0.000000e0	-	-	-	-	-
783	append204	0.0000	0.000000e0	0.000000e0	0.000000e0	1.0000	0.000000e0	0.000000e0	1.0000	1	1	0.000000e0	0.000000e0	0.000000e0	0.000000e0	0.000000e0	-	-	-	-	-
784	append204	1.0000	2.777134e-2	1.394686e-1	4.912163e-2	0.6409	1.268333e0	3.182815e-1	0.1953	0	0	1.802275e-2	3.148542e-2	3.213710e-2	4.329189e-2	2.428980e-2	-	-	-	-	-
785	append204	1.0000	2.180521e-2	1.011157e-1	3.754999e-2	0.5684	9.923742e-1	3.416341e-1	0.1641	0	0	1.455947e-2	2.167277e-2	2.499180e-2	2.004058e-2	3.109748e-2	-	-	-	-	-
786	append204	1.0000	5.322697e-2	1.592244e-1	1.435215e-1	0.7184	2.965180e0	8.083183e-1	0.0859	0	0	3.333625e-2	4.061857e-2	1.084777e-1	7.810137e-2	9.685554e-2	-	-	-	-	-
787	append204	1.0000	1.185772e-1	4.317203e-1	1.822883e-1	0.6418	1.641585e0	2.479034e-1	0.1172	0	0	1.804548e-1	8.009818e-2	1.024748e-1	8.956399e-2	1.666227e-1	-	-	-	-	-
788	append204	1.0000	2.749055e-2	7.900715e-2	5.690191e-2	0.6497	1.272805e0	2.374687e-1	0.2500	0	0	2.932434e-2	2.626952e-2	3.194901e-2	4.259683e-2	2.415824e-2	-	-	-	-	-
789	append204	1.0000	7.155738e-2	2.011271e-1	9.133301e-2	0.6534	1.976937e0	3.692688e-1	0.2266	0	0	1.335549e-1	3.091086e-2	6.794101e-2	6.590043e-2	1.173357e-1	-	-	-	-	-
790	append204	1.0000	3.642162e-2	1.275924e-1	7.356574e-2	0.5788	1.667552e0	3.741419e-1	0.3516	0	0	1.845699e-2	4.447049e-2	4.386713e-2	5.200999e-2	2.954496e-2	-	-	-	-	-
791	append204	1.0000	5.634533e-2	1.445041e-1	9.776258e-2	0.6623	2.012741e0	3.723043e-1	0.2891	0	0	7.925160e-2	4.138894e-2	5.718436e-2	7.002685e-2	6.883344e-2	-	-	-	-	-
792	append204	1.0000	3.333247e-2	1.338181e-1	9.035016e-2	0.5986	2.153149e0	4.516646e-1	0.2266	0	0	1.527502e-2	4.254801e-2	4.163557e-2	4.551762e-2	2.361152e-2	-	-	-	-	-
793	append204	1.0000	8.848465e-2	2.953434e-1	1.415857e-1	0.5310	2.863919e0	4.422147e-1	0.3594	0	0	1.007080e-1	5.732164e-2	1.357582e-1	1.907734e-1	1.311062e-1	-	-	-	-	-
794	append204	1.0000	8.108962e-2	2.951210e-1	1.578031e-1	0.5357	3.490865e0	7.252742e-1	0.3828	0	0	4.625615e-2	6.840660e-2	1.593475e-1	2.376101e-1	1.074870e-1	-	-	-	-	-
795	append204	1.0000	6.056126e-2	1.796975e-1	1.063946e-1	0.5007	5.927974e0	7.831117e-1	0.0781	0	0	4.379682e-2	6.438648e-2	8.492495e-2	1.152567e-1	5.143978e-2	-	-	-	-	-
796	append204	1.0000	1.280151e-1	3.474960e-1	2.222023e-1	0.7538	2.813660e0	5.902339e-1	0.3047	0	0	1.136405e-1	1.084157e-1	2.176469e-1	2.404782e-1	1.564144e-1	-	-	-	-	-
797	append204	1.0000	6.031800e-2	1.613770e-1	1.566654e-1	0.7186	4.280882e0	9.713625e-1	0.0703	0	0	5.686052e-2	5.426465e-2	1.131072e-1	9.513307e-2	6.130342e-2	-	-	-	-	-
798	append204	1.0000	3.803050e-1	1.260918e0	5.573369e-1	0.5646	5.389560e0	8.334777e-1	0.2344	0	0	5.413006e-1	2.502659e-1	5.271231e-1	5.432387e-1	4.914905e-1	-0.003226	0.106368	-0.082197	-0.057559	-0.000462
799	append204	0.0000	0.000000e0	0.000000e0	0.000000e0	1.0000	0.000000e0	0.000000e0	1.0000	1	1	0.000000e0	0.000000e0	0.000000e0	0.000000e0	0.000000e0	-	-	-	-	-
800	append204	0.0000	0.000000e0	0.000000e0	0.000000e0	1.0000	0.000000e0	0.000000e0	1.0000	1	1	0.000000e0	0.000000e0	0.000000e0	0.000000e0	0.000000e0	-	-	-	-	-
801	append204	1.0000	9.468795e-2	3.215499e-1	1.429165e-1	0.6483	3.319945e0	5.345461e-1	0.1406	0	0	9.425735e-2	1.042399e-1	7.089604e-2	8.881000e-2	7.383735e-2	-	-	-	-	-
802	append204	1.0000	3.263520e-2	7.218257e-2	1.008819e-1	0.5202	3.678628e0	1.031843e0	0.0859	0	0	3.485464e-2	3.351643e-2	2.217795e-2	1.923193e-2	3.294903e-2	-	-	-	-	-
803	append204	1.0000	8.603294e-2	2.469530e-1	1.582377e-1	0.6064	2.522957e0	4.353298e-1	0.1328	0	0	1.417407e-1	4.523756e-2	1.941565e-1	9.524818e-2	1.079186e-1	-	-	-	-	-
804	append204	1.0000	1.184543e-1	4.168802e-1	2.014651e-1	0.6190	2.178134e0	5.610626e-1	0.2031	0	0	1.122846e-1	9.941451e-2	1.168553e-1	7.397058e-2	1.948442e-1	-	-	-	-	-
805	append204	0.0000	0.000000e0	0.000000e0	0.000000e0	1.0000	0.000000e0	0.000000e0	1.0000	1	1	0.000000e0	0.000000e0	0.000000e0	0.000000e0	0.000000e0	-	-	-	-	-
806	append204	0.0000	0.000000e0	0.000000e0	0.000000e0	1.0000	0.000000e0	0.000000e0	1.0000	1	1	0.000000e0	0.000000e0	0.000000e0	0.000000e0	0.000000e0	-	-	-	-	-
807	append204	1.0000	4.085340e-2	1.052737e-1	4.760164e-2	0.7921	8.413155e-1	1.046265e-1	0.3438	0	0	6.826071e-2	2.621006e-2	4.418010e-2	5.874653e-2	4.498625e-2	-	-	-	-	-
808	append204	1.0000	1.958058e-2	4.649106e-2	2.397889e-2	0.8254	5.616777e-1	9.500976e-2	0.3125	0	0	2.014412e-2	1.739013e-2	2.495915e-2	3.802114e-2	1.980094e-2	-	-	-	-	-
809	append204	1.0000	1.815924e-2	5.316925e-2	1.991135e-2	0.8789	4.559220e-1	1.016898e-1	0.3594	0	0	1.933814e-2	1.723921e-2	1.904773e-2	1.828842e-2	1.917225e-2	-	-	-	-	-
810	append204	1.0000	1.060770e-1	3.916552e-1	1.984650e-1	0.5103	2.986321e0	8.509045e-1	0.0703	0	0	4.772250e-2	1.160288e-1	1.284011e-1	1.652106e-1	1.313007e-1	-	-	-	-	-
811	append204	1.0000	4.997144e-2	1.454068e-1	6.976897e-2	0.6683	1.881159e0	2.322404e-1	0.1250	0	0	5.147499e-2	4.350960e-2	5.152161e-2	4.325974e-2	6.878021e-2	-	-	-	-	-
812	append204	1.0000	5.879137e-2	1.461439e-1	7.392826e-2	0.6741	2.140265e0	4.425276e-1	0.2969	0	0	9.716115e-2	3.847781e-2	6.216233e-2	7.675418e-2	6.599648e-2	-	-	-	-	-
813	append204	1.0000	6.498622e-2	2.338450e-1	1.276433e-1	0.5033	2.887131e0	4.705101e-1	0.1250	0	0	3.858018e-2	5.186949e-2	1.234686e-1	1.245935e-1	1.095888e-1	-	-	-	-	-
814	append204	1.0000	3.172676e-2	6.673336e-2	6.930176e-2	0.7383	1.595633e0	2.766960e-1	0.1406	0	0	4.724959e-2	1.881176e-2	2.365456e-2	5.180125e-2	4.833146e-2	-	-	-	-	-
815	append204	1.0000	1.819428e-1	7.402065e-1	2.883265e-1	0.5141	3.459602e0	6.842363e-1	0.1172	0	0	1.940877e-1	1.291142e-1	2.163156e-1	1.844894e-1	3.168959e-1	0.001724	0.032447	0.001731	-0.003759	-0.005165
816	append204	0.0000	0.000000e0	0.000000e0	0.000000e0	1.0000	0.000000e0	0.000000e0	1.0000	1	1	0.000000e0	0.000000e0	0.000000e0	0.000000e0	0.000000e0	-	-	-	-	-
817	append204	0.0000	0.000000e0	0.000000e0	0.000000e0	1.0000	0.000000e0	0.000000e0	1.0000	1	1	0.000000e0	0.000000e0	0.000000e0	0.000000e0	0.000000e0	-	-	-	-	-
818	append204	1.0000	3.974204e-2	1.174636e-1	6.982321e-2	0.5014	2.105766e0	4.266848e-1	0.2266	0	0	2.720479e-2	4.384953e-2	4.324534e-2	6.100214e-2	3.753555e-2	-	-	-	-	-
819	append204	1.0000	5.741604e-2	1.936104e-1	1.143367e-1	0.6222	1.928958e0	4.639657e-1	0.2344	0	0	2.670886e-2	6.018104e-2	1.018470e-1	1.503630e-1	5.529656e-2	-	-	-	-	-
820	append204	1.0000	8.324884e-2	2.505082e-1	1.521301e-1	0.5970	4.429023e0	7.538019e-1	0.0859	0	0	9.816941e-2	5.273192e-2	1.333455e-1	8.848732e-2	1.423392e-1	-	-	-	-	-
821	append204	1.0000	1.589857e-1	5.736566e-1	2.493067e-1	0.6174	2.669864e0	3.921157e-1	0.0547	0	0	1.814341e-1	1.429230e-1	1.356166e-1	1.117423e-1	1.958875e-1	0.005426	-0.050566	0.011565	0.010912	-0.005309
822	append204	0.0000	0.000000e0	0.000000e0	0.000000e0	1.0000	0.000000e0	0.000000e0	1.0000	1	1	0.000000e0	0.000000e0	0.000000e0	0.000000e0	0.000000e0	-	-	-	-	-
823	append204	0.0000	0.000000e0	0.000000e0	0.000000e0	1.0000	0.000000e0	0.000000e0	1.0000	1	1	0.000000e0	0.000000e0	0.000000e0	0.000000e0	0.000000e0	-	-	-	-	-
824	append204	1.0000	1.011017e-2	2.709675e-2	1.759441e-2	0.5555	4.149885e-1	1.001286e-1	0.4297	0	0	1.579913e-2	7.158428e-3	9.299388e-3	1.064830e-2	1.183137e-2	-	-	-	-	-
825	append204	1.0000	6.143071e-3	1.988077e-2	1.222534e-2	0.5905	3.456551e-1	7.660187e-2	0.4219	0	0	4.676584e-3	5.929671e-3	7.122177e-3	8.651656e-3	7.834498e-3	-	-	-	-	-
826	append204	1.0000	1.449081e-2	3.437424e-2	2.098642e-2	0.8040	4.794634e-1	8.402332e-2	0.3594	0	0	2.081527e-2	1.059689e-2	1.494397e-2	2.082072e-2	1.657276e-2	-	-	-	-	-
827	append204	1.0000	7.341781e-2	2.607164e-1	1.094190e-1	0.6448	2.084799e0	4.934337e-1	0.4219	0	0	6.485690e-2	5.628449e-2	1.108506e-1	1.235969e-1	1.149235e-1	-	-	-	-	-
828	append204	1.0000	5.312756e-2	2.061336e-1	8.912224e-2	0.6180	1.175200e0	2.769995e-1	0.2812	0	0	3.789459e-2	5.272581e-2	8.878399e-2	1.287248e-1	4.704700e-2	-	-	-	-	-
829	append204	1.0000	2.780278e-2	8.266807e-2	3.947359e-2	0.7150	1.060588e0	2.953594e-1	0.4141	0	0	3.344432e-2	2.392538e-2	3.032740e-2	2.908521e-2	3.135149e-2	-	-	-	-	-
830	append204	1.0000	4.562518e-2	1.658494e-1	9.804021e-2	0.5090	2.399745e0	6.054957e-1	0.1562	0	0	2.447423e-2	4.414093e-2	9.213981e-2	1.175710e-1	4.846197e-2	-	-	-	-	-
831	append204	1.0000	9.977730e-3	1.372194e-2	5.290762e-2	0.5035	9.733291e-1	9.691738e-2	0.1328	0	0	5.635993e-3	1.359293e-2	6.860759e-3	7.503171e-3	5.985442e-3	-	-	-	-	-
832	append204	1.0000	4.661964e-2	1.374056e-1	1.091733e-1	0.5670	1.097026e0	3.741430e-1	0.3828	0	0	2.616691e-2	5.060202e-2	6.032085e-2	3.505478e-2	5.996651e-2	-	-	-	-	-
833	append204	0.0000	0.000000e0	0.000000e0	0.000000e0	1.0000	0.000000e0	0.000000e0	1.0000	1	1	0.000000e0	0.000000e0	0.000000e0	0.000000e0	0.000000e0	-	-	-	-	-
834	append204	0.0000	0.000000e0	0.000000e0	0.000000e0	1.0000	0.000000e0	0.000000e0	1.0000	1	1	0.000000e0	0.000000e0	0.000000e0	0.000000e0	0.000000e0	-	-	-	-	-
835	append204	1.0000	1.490438e-2	7.743931e-2	2.708050e-2	0.5992	7.186238e-1	1.799905e-1	0.2812	0	0	8.878739e-3	1.737911e-2	1.653867e-2	2.258180e-2	1.293230e-2	-	-	-	-	-
836	append204	1.0000	1.193960e-2	5.073380e-2	2.182054e-2	0.5232	5.842129e-1	2.018970e-1	0.2188	0	0	7.754581e-3	1.323909e-2	1.245388e-2	8.615882e-3	1.401877e-2	-	-	-	-	-
837	append204	1.0000	2.912836e-2	7.241815e-2	8.458192e-2	0.5293	2.022631e0	3.073323e-1	0.1406	0	0	2.179335e-2	2.766999e-2	9.871513e-2	3.358541e-2	2.389609e-2	-	-	-	-	-
838	append204	1.0000	9.954387e-2	3.498902e-1	1.630541e-1	0.6254	1.621813e0	3.203082e-1	0.1797	0	0	9.661015e-2	9.584151e-2	8.184995e-2	6.973699e-2	1.260610e-1	-	-	-	-	-
839	append204	1.0000	1.828354e-2	6.245804e-2	2.830990e-2	0.6437	5.999005e-1	9.663372e-2	0.2969	0	0	2.514027e-2	1.531262e-2	2.292111e-2	1.320692e-2	1.846007e-2	-	-	-	-	-
840	append204	1.0000	2.433131e-2	6.701423e-2	3.239638e-2	0.7138	8.281553e-1	1.540219e-1	0.3438	0	0	3.378182e-2	1.757669e-2	2.649967e-2	2.478666e-2	3.199029e-2	-	-	-	-	-
841	append204	1.0000	1.737299e-2	6.038344e-2	2.942261e-2	0.6184	9.229893e-1	2.516205e-1	0.4766	0	0	1.101052e-2	2.042082e-2	2.155446e-2	1.759956e-2	1.517392e-2	-	-	-	-	-
842	append204	1.0000	1.650442e-2	6.466663e-2	2.762702e-2	0.6995	9.937235e-1	2.295571e-1	0.3906	0	0	1.373123e-2	1.679393e-2	1.959533e-2	1.327129e-2	1.914153e-2	-	-	-	-	-
843	append204	1.0000	1.932377e-2	5.801904e-2	3.552945e-2	0.6838	1.176845e0	1.803926e-1	0.3906	0	0	1.675749e-2	1.913307e-2	2.828681e-2	3.061877e-2	1.824192e-2	-	-	-	-	-
844	append204	1.0000	5.707924e-2	1.710544e-1	7.931273e-2	0.5657	1.723838e0	3.732058e-1	0.2188	0	0	8.480870e-2	3.515098e-2	6.032763e-2	6.182860e-2	8.595296e-2	-	-	-	-	-
845	append204	1.0000	6.092197e-2	1.896500e-1	1.137609e-1	0.5814	2.538209e0	3.137794e-1	0.2188	0	0	4.831674e-2	6.400876e-2	9.105271e-2	9.154633e-2	5.281252e-2	-	-	-	-	-
846	append204	1.0000	3.937533e-2	1.261635e-1	8.457752e-2	0.5384	2.789202e0	4.795770e-1	0.0625	0	0	2.547949e-2	5.027168e-2	3.625503e-2	3.301805e-2	2.649978e-2	-	-	-	-	-
847	append204	1.0000	3.659483e-2	9.790926e-2	5.934091e-2	0.6333	1.150110e0	3.097162e-1	0.2109	0	0	5.417905e-2	2.652581e-2	6.149157e-2	3.079787e-2	3.941727e-2	-	-	-	-	-
848	append204	1.0000	3.803309e-2	7.879254e-2	1.444191e-1	0.6725	1.962802e0	3.469728e-1	0.0703	0	0	2.471499e-2	4.461630e-2	6.625417e-2	4.686097e-2	2.582184e-2	-	-	-	-	-
849	append204	1.0000	7.121891e-2	2.116990e-1	1.024427e-1	0.6324	1.607766e0	3.286778e-1	0.1797	0	0	9.077333e-2	4.447908e-2	8.688861e-2	8.643683e-2	1.195099e-1	-	-	-	-	-
850	append204	0.0000	0.000000e0	0.000000e0	0.000000e0	1.0000	0.000000e0	0.000000e0	1.0000	1	1	0.000000e0	0.000000e0	0.000000e0	0.000000e0	0.000000e0	-	-	-	-	-
851	append204	0.0000	0.000000e0	0.000000e0	0.000000e0	1.0000	0.000000e0	0.000000e0	1.0000	1	1	0.000000e0	0.000000e0	0.000000e0	0.000000e0	0.000000e0	-	-	-	-	-
852	append204	1.0000	5.292741e-2	1.763062e-1	7.991477e-2	0.6464	1.820142e0	3.099907e-1	0.2422	0	0	5.510951e-2	5.787372e-2	3.819269e-2	4.691148e-2	4.036001e-2	-	-	-	-	-
853	append204	1.0000	1.972778e-2	3.860021e-2	6.682824e-2	0.5513	2.463199e0	5.799859e-1	0.0938	0	0	9.771293e-3	2.347401e-2	2.272637e-2	2.408442e-2	1.937229e-2	-	-	-	-	-
854	append204	1.0000	4.479230e-2	1.193380e-1	9.101908e-2	0.5919	1.496577e0	3.660134e-1	0.1172	0	0	6.839892e-2	2.634163e-2	1.031294e-1	6.299775e-2	5.101356e-2	-	-	-	-	-
855	append204	1.0000	4.785195e-2	1.947083e-1	8.887412e-2	0.5605	9.109757e-1	2.362376e-1	0.1172	0	0	7.328459e-2	2.246026e-2	4.415378e-2	2.735894e-2	9.785215e-2	-	-	-	-	-
856	append204	0.0000	0.000000e0	0.000000e0	0.000000e0	1.0000	0.000000e0	0.000000e0	1.0000	1	1	0.000000e0	0.000000e0	0.000000e0	0.000000e0	0.000000e0	-	-	-	-	-
857	append204	0.0000	0.000000e0	0.000000e0	0.000000e0	1.0000	0.000000e0	0.000000e0	1.0000	1	1	0.000000e0	0.000000e0	0.000000e0	0.000000e0	0.000000e0	-	-	-	-	-
858	append204	1.0000	1.468308e-2	4.069638e-2	2.003738e-2	0.7657	4.224631e-1	6.226962e-2	0.3984	0	0	2.312563e-2	1.062298e-2	1.646522e-2	2.038936e-2	1.434934e-2	-	-	-	-	-
859	append204	1.0000	7.759284e-3	2.278185e-2	1.194613e-2	0.8030	3.090320e-1	4.789001e-2	0.3672	0	0	8.902009e-3	6.601362e-3	1.027540e-2	1.506464e-2	7.444970e-3	-	-	-	-	-
860	append204	1.0000	8.665182e-3	2.068567e-2	9.957772e-3	0.8719	2.530043e-1	3.667028e-2	0.3750	0	0	1.346507e-2	6.561915e-3	8.928351e-3	9.205855e-3	8.678752e-3	-	-	-	-	-
861	append204	1.0000	5.601218e-2	2.031450e-1	8.675503e-2	0.5990	1.654446e0	4.524866e-1	0.5312	0	0	6.777861e-2	4.008814e-2	6.336880e-2	5.824617e-2	8.671784e-2	-	-	-	-	-
862	append204	1.0000	2.614775e-2	1.095276e-1	4.792160e-2	0.6277	1.053416e0	2.815148e-1	0.4766	0	0	1.218526e-2	3.229844e-2	3.091057e-2	3.612497e-2	2.188516e-2	-	-	-	-	-
863	append204	1.0000	2.891988e-2	9.043735e-2	4.302363e-2	0.6736	8.066096e-1	2.430568e-1	0.4844	0	0	4.169928e-2	2.039106e-2	3.502279e-2	4.597930e-2	3.278900e-2	-	-	-	-	-
864	append204	1.0000	3.798191e-2	1.366063e-1	8.155520e-2	0.5731	2.136681e0	6.247695e-1	0.1094	0	0	2.177234e-2	3.967402e-2	6.307773e-2	7.152373e-2	3.935141e-2	-	-	-	-	-
865	append204	1.0000	1.069918e-2	2.691555e-2	1.222928e-2	0.8312	2.654977e-1	4.681334e-2	0.1484	0	0	2.019199e-2	5.676735e-3	9.600158e-3	1.012173e-2	1.414346e-2	-	-	-	-	-
866	append204	1.0000	9.679978e-2	3.895445e-1	1.522453e-1	0.5492	1.573289e0	3.316183e-1	0.2109	0	0	8.664133e-2	8.739259e-2	1.522786e-1	1.665422e-1	1.077136e-1	-	-	-	-	-
867	append204	0.0000	0.000000e0	0.000000e0	0.000000e0	1.0000	0.000000e0	0.000000e0	1.0000	1	1	0.000000e0	0.000000e0	0.000000e0	0.000000e0	0.000000e0	-	-	-	-	-
868	append204	0.0000	0.000000e0	0.000000e0	0.000000e0	1.0000	0.000000e0	0.000000e0	1.0000	1	1	0.000000e0	0.000000e0	0.000000e0	0.000000e0	0.000000e0	-	-	-	-	-
869	append204	1.0000	2.316392e-2	6.469011e-2	4.065757e-2	0.5264	1.221038e0	2.307771e-1	0.2734	0	0	1.677659e-2	2.516611e-2	2.439236e-2	3.572211e-2	2.205546e-2	-	-	-	-	-
870	append204	1.0000	2.230374e-2	9.848437e-2	4.230186e-2	0.5898	7.802078e-1	2.235513e-1	0.3984	0	0	1.120483e-2	2.536173e-2	3.120519e-2	2.795613e-2	2.366891e-2	-	-	-	-	-
871	append204	1.0000	2.667683e-2	9.618855e-2	6.897910e-2	0.5864	2.197210e0	4.206834e-1	0.1406	0	0	1.414460e-2	2.567626e-2	5.586328e-2	3.981472e-2	3.517751e-2	-	-	-	-	-
872	append204	1.0000	6.896377e-2	2.526560e-1	1.111184e-1	0.5910	1.362630e0	2.136097e-1	0.1328	0	0	4.193121e-2	8.392572e-2	5.234348e-2	4.804849e-2	6.753357e-2	-	-	-	-	-
873	append204	0.0000	0.000000e0	0.000000e0	0.000000e0	1.0000	0.000000e0	0.000000e0	1.0000	1	1	0.000000e0	0.000000e0	0.000000e0	0.000000e0	0.000000e0	-	-	-	-	-
874	append204	0.0000	0.000000e0	0.000000e0	0.000000e0	1.0000	0.000000e0	0.000000e0	1.0000	1	1	0.000000e0	0.000000e0	0.000000e0	0.000000e0	0.000000e0	-	-	-	-	-
875	append204	1.0000	8.814381e-3	3.322610e-2	1.540387e-2	0.5922	4.065133e-1	1.172875e-1	0.4297	0	0	6.728682e-3	8.528658e-3	9.468408e-3	9.603290e-3	1.200523e-2	-	-	-	-	-
876	append204	1.0000	7.115352e-3	2.538735e-2	1.421113e-2	0.5429	3.967905e-1	9.786739e-2	0.4375	0	0	3.652030e-3	7.791857e-3	8.272480e-3	8.591875e-3	8.869598e-3	-	-	-	-	-
877	append204	1.0000	1.199170e-2	2.991864e-2	2.016313e-2	0.7595	4.692888e-1	8.995921e-2	0.3672	0	0	1.629262e-2	9.105911e-3	1.183374e-2	1.579161e-2	1.436626e-2	-	-	-	-	-
878	append204	1.0000	6.216601e-2	1.938157e-1	8.574705e-2	0.6614	1.703167e0	4.281332e-1	0.3281	0	0	7.050073e-2	4.429260e-2	8.324370e-2	7.436236e-2	9.730708e-2	-	-	-	-	-
879	append204	1.0000	2.302649e-2	1.062386e-1	4.275360e-2	0.5863	9.212970e-1	2.584178e-1	0.4609	0	0	8.572905e-3	2.978265e-2	3.310207e-2	2.508008e-2	1.803053e-2	-	-	-	-	-
880	append204	1.0000	2.810774e-2	1.184253e-1	5.079712e-2	0.6017	1.052681e0	2.527723e-1	0.2500	0	0	2.143360e-2	2.837441e-2	3.994911e-2	4.146272e-2	2.968978e-2	-	-	-	-	-
881	append204	1.0000	2.780635e-2	1.357052e-1	6.547961e-2	0.5410	2.512871e0	6.469074e-1	0.1016	0	0	8.830668e-3	3.177814e-2	6.645347e-2	5.317631e-2	2.421501e-2	-	-	-	-	-
882	append204	1.0000	3.318073e-2	4.721117e-2	1.799646e-1	0.7588	2.735595e0	2.956892e-1	0.1250	0	0	1.383509e-2	4.922882e-2	2.028160e-2	2.302968e-2	1.511454e-2	-	-	-	-	-
883	append204	1.0000	3.792270e-2	1.384733e-1	7.760591e-2	0.5256	1.191657e0	2.040233e-1	0.4766	0	0	2.812839e-2	3.435790e-2	7.771424e-2	1.146112e-1	3.311450e-2	-	-	-	-	-
884	append204	0.0000	0.000000e0	0.000000e0	0.000000e0	1.0000	0.000000e0	0.000000e0	1.0000	1	1	0.000000e0	0.000000e0	0.000000e0	0.000000e0	0.000000e0	-	-	-	-	-
885	append204	0.0000	0.000000e0	0.000000e0	0.000000e0	1.0000	0.000000e0	0.000000e0	1.0000	1	1	0.000000e0	0.000000e0	0.000000e0	0.000000e0	0.000000e0	-	-	-	-	-
886	append204	1.0000	1.495557e-2	7.719654e-2	2.716748e-2	0.5981	7.190650e-1	1.800823e-1	0.2812	0	0	8.985002e-3	1.742962e-2	1.650423e-2	2.248705e-2	1.297103e-2	-	-	-	-	-
887	append204	1.0000	1.437383e-2	6.555378e-2	2.905842e-2	0.5086	7.576721e-1	2.276994e-1	0.2266	0	0	6.524783e-3	1.694538e-2	1.949065e-2	1.900046e-2	1.425888e-2	-	-	-	-	-
888	append204	1.0000	3.800824e-2	7.882828e-2	1.095028e-1	0.5868	3.110210e0	4.590928e-1	0.1328	0	0	3.551942e-2	3.662171e-2	1.035273e-1	3.985296e-2	2.799748e-2	-	-	-	-	-
889	append204	1.0000	8.502470e-2	2.871662e-1	1.572300e-1	0.5125	1.803045e0	4.542854e-1	0.2266	0	0	7.164813e-2	8.451625e-2	7.246068e-2	6.469118e-2	1.117394e-1	-	-	-	-	-
890	append204	1.0000	1.653037e-2	6.809592e-2	2.893837e-2	0.5650	8.429281e-1	1.796787e-1	0.3594	0	0	1.436900e-2	1.714610e-2	2.242079e-2	1.745905e-2	1.569787e-2	-	-	-	-	-
891	append204	1.0000	1.988518e-2	7.301641e-2	4.028390e-2	0.5136	1.143660e0	2.209146e-1	0.3594	0	0	8.539081e-3	2.539067e-2	2.585100e-2	3.261396e-2	1.326407e-2	-	-	-	-	-
892	append204	1.0000	1.574101e-2	7.690141e-2	3.285689e-2	0.6276	1.071775e0	3.383720e-1	0.4688	0	0	1.167049e-2	1.500660e-2	2.772011e-2	2.030945e-2	1.902460e-2	-	-	-	-	-
893	append204	1.0000	2.114374e-2	8.820486e-2	4.003993e-2	0.6947	1.114399e0	3.312943e-1	0.3672	0	0	1.529904e-2	2.343529e-2	2.419068e-2	1.721296e-2	2.183402e-2	-	-	-	-	-
894	append204	1.0000	1.657910e-2	5.471247e-2	3.542016e-2	0.6216	1.201382e0	2.767657e-1	0.2734	0	0	7.355353e-3	2.079794e-2	1.981405e-2	1.263912e-2	1.572344e-2	-	-	-	-	-
895	append204	1.0000	5.819072e-2	1.812208e-1	8.455530e-2	0.7638	2.123897e0	3.760266e-1	0.2031	0	0	6.246469e-2	4.624677e-2	8.878530e-2	1.163447e-1	6.740430e-2	-	-	-	-	-
896	append204	1.0000	5.681663e-2	1.835890e-1	1.134213e-1	0.6149	3.074402e0	3.828797e-1	0.2031	0	0	4.687023e-2	6.095576e-2	8.909077e-2	9.863533e-2	3.893965e-2	-	-	-	-	-
897	append204	1.0000	3.090601e-2	7.319355e-2	7.477418e-2	0.7034	2.717639e0	4.518731e-1	0.0938	0	0	3.767062e-2	2.757833e-2	3.196853e-2	2.806436e-2	3.268716e-2	-	-	-	-	-
898	append204	1.0000	2.790924e-2	1.091499e-1	7.122153e-2	0.5536	1.241018e0	4.138828e-1	0.0938	0	0	3.403403e-2	2.086999e-2	7.494290e-2	2.902976e-2	2.892083e-2	-	-	-	-	-
899	append204	1.0000	2.855213e-2	6.484628e-2	8.672727e-2	0.6788	1.430585e0	2.001730e-1	0.2969	0	0	2.075663e-2	2.916842e-2	9.112494e-2	4.227127e-2	1.728434e-2	-	-	-	-	-
900	append204	1.0000	7.571218e-2	2.431573e-1	1.196490e-1	0.6389	3.081931e0	5.235655e-1	0.1484	0	0	8.856919e-2	6.141453e-2	1.149334e-1	1.284678e-1	8.005667e-2	-	-	-	-	-
901	append204	0.0000	0.000000e0	0.000000e0	0.000000e0	1.0000	0.000000e0	0.000000e0	1.0000	1	1	0.000000e0	0.000000e0	0.000000e0	0.000000e0	0.000000e0	-	-	-	-	-
902	append204	0.0000	0.000000e0	0.000000e0	0.000000e0	1.0000	0.000000e0	0.000000e0	1.0000	1	1	0.000000e0	0.000000e0	0.000000e0	0.000000e0	0.000000e0	-	-	-	-	-
903	append204	1.0000	5.286521e-2	1.761819e-1	7.957925e-2	0.6465	1.819900e0	3.091692e-1	0.2422	0	0	5.533408e-2	5.757255e-2	3.824659e-2	4.699317e-2	4.058984e-2	-	-	-	-	-
904	append204	1.0000	2.526559e-2	5.790067e-2	6.090652e-2	0.6992	2.568556e0	5.616168e-1	0.1953	0	0	1.869532e-2	2.591687e-2	3.210988e-2	3.525218e-2	2.762907e-2	-	-	-	-	-
905	append204	1.0000	4.125154e-2	1.187735e-1	1.106418e-1	0.5129	1.634335e0	4.404870e-1	0.1328	0	0	4.251434e-2	3.241432e-2	1.210487e-1	7.531589e-2	3.778549e-2	-	-	-	-	-
906	append204	1.0000	4.465851e-2	1.488199e-1	7.139037e-2	0.6127	1.155747e0	1.801589e-1	0.1016	0	0	3.091674e-2	4.859178e-2	3.572275e-2	3.160148e-2	5.574923e-2	-	-	-	-	-
907	append204	0.0000	0.000000e0	0.000000e0	0.000000e0	1.0000	0.000000e0	0.000000e0	1.0000	1	1	0.000000e0	0.000000e0	0.000000e0	0.000000e0	0.000000e0	-	-	-	-	-
908	append204	0.0000	0.000000e0	0.000000e0	0.000000e0	1.0000	0.000000e0	0.000000e0	1.0000	1	1	0.000000e0	0.000000e0	0.000000e0	0.000000e0	0.000000e0	-	-	-	-	-
909	append204	1.0000	1.002942e-2	2.889204e-2	1.680489e-2	0.5975	4.167404e-1	8.100456e-2	0.3906	0	0	9.391029e-3	9.385691e-3	1.147700e-2	1.441014e-2	1.140331e-2	-	-	-	-	-
910	append204	1.0000	6.650651e-3	2.616739e-2	1.233658e-2	0.5769	3.216885e-1	6.745479e-2	0.3359	0	0	4.115278e-3	6.421564e-3	9.262740e-3	1.183933e-2	8.714471e-3	-	-	-	-	-
911	append204	1.0000	6.476084e-3	1.816857e-2	1.007786e-2	0.7359	2.674350e-1	5.303300e-2	0.3594	0	0	9.460049e-3	4.788614e-3	7.411128e-3	7.660601e-3	7.237893e-3	-	-	-	-	-
912	append204	1.0000	8.380949e-2	2.521086e-1	1.272792e-1	0.5511	1.750521e0	4.345807e-1	0.3906	0	0	9.553298e-2	5.913103e-2	1.273996e-1	1.537382e-1	1.159246e-1	-	-	-	-	-
913	append204	1.0000	5.745951e-2	1.398308e-1	1.052191e-1	0.6107	1.392426e0	2.591426e-1	0.5938	0	0	6.510625e-2	4.232698e-2	1.017728e-1	1.505217e-1	6.031000e-2	-	-	-	-	-
914	append204	1.0000	2.453253e-2	1.032028e-1	4.026809e-2	0.6557	7.223972e-1	2.284868e-1	0.4141	0	0	2.470815e-2	2.178101e-2	3.436796e-2	3.984574e-2	2.652501e-2	-	-	-	-	-
915	append204	1.0000	3.931792e-2	1.208639e-1	9.115099e-2	0.6455	1.987216e0	5.222454e-1	0.1094	0	0	2.958686e-2	3.556583e-2	9.241602e-2	5.277802e-2	4.628597e-2	-	-	-	-	-
916	append204	1.0000	7.593385e-3	2.523497e-2	2.277349e-2	0.5960	5.682814e-1	1.180219e-1	0.1094	0	0	4.728788e-3	8.252107e-3	7.713196e-3	9.581976e-3	8.782024e-3	-	-	-	-	-
917	append204	1.0000	7.830546e-2	2.326584e-1	1.137614e-1	0.5769	1.867926e0	2.841379e-1	0.2109	0	0	8.045708e-2	6.140569e-2	1.303251e-1	1.595559e-1	9.432352e-2	-	-	-	-	-
918	append204	0.0000	0.000000e0	0.000000e0	0.000000e0	1.0000	0.000000e0	0.000000e0	1.0000	1	1	0.000000e0	0.000000e0	0.000000e0	0.000000e0	0.000000e0	-	-	-	-	-
919	append204	0.0000	0.000000e0	0.000000e0	0.000000e0	1.0000	0.000000e0	0.000000e0	1.0000	1	1	0.000000e0	0.000000e0	0.000000e0	0.000000e0	0.000000e0	-	-	-	-	-
920	append204	1.0000	2.361645e-2	6.478131e-2	4.112321e-2	0.5558	1.226238e0	2.308753e-1	0.2734	0	0	1.839501e-2	2.513617e-2	2.467636e-2	3.582306e-2	2.259801e-2	-	-	-	-	-
921	append204	1.0000	2.465029e-2	1.127120e-1	4.204376e-2	0.7790	8.168878e-1	2.435370e-1	0.4453	0	0	1.358525e-2	2.813227e-2	2.866144e-2	2.017580e-2	2.831514e-2	-	-	-	-	-
922	append204	1.0000	3.043961e-2	7.597733e-2	8.891678e-2	0.6634	2.899636e0	5.812633e-1	0.1328	0	0	3.291176e-2	2.276935e-2	8.096085e-2	3.848026e-2	3.553713e-2	-	-	-	-	-
923	append204	1.0000	7.939562e-2	2.632337e-1	1.474964e-1	0.5420	1.778815e0	4.330540e-1	0.1953	0	0	6.164283e-2	8.385975e-2	5.999978e-2	3.864639e-2	1.031946e-1	-	-	-	-	-
924	tail20	1.0000	2.806386e-1	8.259290e-1	3.760151e-1	0.7573	5.875246e0	8.587431e-1	0.1562	0	0	1.965931e-1	3.261173e-1	2.753814e-1	3.082416e-1	2.457197e-1	-0.001714	0.062190	0.003200	0.023521	-0.001864
925	tail20	1.0000	1.468693e-1	6.139021e-1	3.151939e-1	0.5189	5.868580e0	9.335330e-1	0.2109	0	0	5.520872e-2	1.549501e-1	2.720486e-1	3.758185e-1	1.542996e-1	-	-	-	-	-
926	tail20	1.0000	1.215426e-2	4.443705e-2	2.107762e-2	0.5200	4.545363e-1	5.393349e-2	0.1719	0	0	1.347939e-2	8.144675e-3	1.539276e-2	1.195623e-2	2.180694e-2	-	-	-	-	-
927	tail20	0.0000	0.000000e0	0.000000e0	0.000000e0	1.0000	0.000000e0	0.000000e0	1.0000	1	1	0.000000e0	0.000000e0	0.000000e0	0.000000e0	0.000000e0	-	-	-	-	-
928	tail20	0.0000	0.000000e0	0.000000e0	0.000000e0	1.0000	0.000000e0	0.000000e0	1.0000	1	1	0.000000e0	0.000000e0	0.000000e0	0.000000e0	0.000000e0	-	-	-	-	-
929	tail20	1.0000	6.567961e-2	2.548238e-1	1.153440e-1	0.7011	1.747985e0	3.530126e-1	0.2031	0	0	5.441249e-2	5.863186e-2	9.595797e-2	9.379375e-2	8.710240e-2	-	-	-	-	-
930	tail20	1.0000	1.135225e-1	3.121967e-1	1.622482e-1	0.6661	3.503628e0	4.549677e-1	0.2188	0	0	1.478588e-1	8.296350e-2	1.076674e-1	1.115341e-1	1.639888e-1	-	-	-	-	-
931	tail20	1.0000	1.214720e-2	4.470968e-2	2.044689e-2	0.5025	4.526998e-1	4.968538e-2	0.1641	0	0	1.341919e-2	8.322355e-3	1.511383e-2	1.239477e-2	2.127501e-2	-	-	-	-	-
932	tail20	0.0000	0.000000e0	0.000000e0	0.000000e0	1.0000	0.000000e0	0.000000e0	1.0000	1	1	0.000000e0	0.000000e0	0.000000e0	0.000000e0	0.000000e0	-	-	-	-	-
933	tail20	0.0000	0.000000e0	0.000000e0	0.000000e0	1.0000	0.000000e0	0.000000e0	1.0000	1	1	0.000000e0	0.000000e0	0.000000e0	0.000000e0	0.000000e0	-	-	-	-	-
934	tail20	1.0000	1.218953e-1	4.178400e-1	2.010818e-1	0.7287	2.699815e0	5.957167e-1	0.1484	0	0	1.056982e-1	1.311573e-1	1.343996e-1	1.179160e-1	1.123234e-1	-	-	-	-	-
935	tail20	1.0000	1.116924e-1	3.066129e-1	2.500529e-1	0.6787	3.015413e0	4.120052e-1	0.2109	0	0	9.753931e-2	9.176490e-2	2.136789e-1	2.729550e-1	1.262247e-1	-	-	-	-	-
936	tail20	1.0000	1.218876e-2	4.662609e-2	2.122117e-2	0.5208	4.530429e-1	4.992944e-2	0.1641	0	0	1.462973e-2	8.098305e-3	1.476256e-2	1.144019e-2	2.095402e-2	-	-	-	-	-
937	tail20	0.0000	0.000000e0	0.000000e0	0.000000e0	1.0000	0.000000e0	0.000000e0	1.0000	1	1	0.000000e0	0.000000e0	0.000000e0	0.000000e0	0.000000e0	-	-	-	-	-
938	tail20	0.0000	0.000000e0	0.000000e0	0.000000e0	1.0000	0.000000e0	0.000000e0	1.0000	1	1	0.000000e0	0.000000e0	0.000000e0	0.000000e0	0.000000e0	-	-	-	-	-
939	tail20	1.0000	7.316346e-2	2.395573e-1	1.494969e-1	0.5399	2.356729e0	3.984801e-1	0.1484	0	0	5.450151e-2	6.843071e-2	1.500983e-1	1.329242e-1	7.760302e-2	-	-	-	-	-
940	tail20	1.0000	7.828900e-2	2.773882e-1	1.461632e-1	0.6467	3.173961e0	4.322505e-1	0.0703	0	0	5.100618e-2	7.869419e-2	1.219414e-1	1.294577e-1	8.886110e-2	-	-	-	-	-
941	tail20	1.0000	1.271982e-2	4.875761e-2	2.144082e-2	0.5752	4.462447e-1	4.954996e-2	0.1641	0	0	1.209620e-2	8.497212e-3	1.249827e-2	1.131910e-2	2.669752e-2	-	-	-	-	-
942	tail20	0.0000	0.000000e0	0.000000e0	0.000000e0	1.0000	0.000000e0	0.000000e0	1.0000	1	1	0.000000e0	0.000000e0	0.000000e0	0.000000e0	0.000000e0	-	-	-	-	-
943	tail20	0.0000	0.000000e0	0.000000e0	0.000000e0	1.0000	0.000000e0	0.000000e0	1.0000	1	1	0.000000e0	0.000000e0	0.000000e0	0.000000e0	0.000000e0	-	-	-	-	-
