idx	family	frac_rows_nonzero_xt	mean_abs	p95_abs	std	sign_cons	analytic_simple	analytic_path	packed_zero_frac	dead	rank_dead	mean_abs_cid22	mean_abs_kadid	mean_abs_csiq	mean_abs_live	mean_abs_imazen26	dsrocc_cid22	dsrocc_kadid	dsrocc_csiq	dsrocc_live	dsrocc_imazen26
0	v1fold156	1.0000	6.127291e-2	3.035688e-1	1.184714e-1	0.6529	2.097700e0	5.609614e-1	0.2422	0	0	3.640770e-2	6.716397e-2	8.675802e-2	8.053672e-2	6.426450e-2	-	-	-	-	-
1	v1fold156	1.0000	6.031088e-2	2.296958e-1	9.751529e-2	0.6385	2.400614e0	5.110265e-1	0.2812	0	0	6.555398e-2	4.757458e-2	7.119868e-2	6.912606e-2	8.728747e-2	-	-	-	-	-
2	v1fold156	1.0000	3.919095e-2	1.918020e-1	8.069818e-2	0.5494	1.903804e0	2.983761e-1	0.2734	0	0	2.176809e-2	4.259675e-2	6.139962e-2	4.212089e-2	4.481036e-2	-	-	-	-	-
3	v1fold156	1.0000	8.329772e-2	2.650676e-1	1.809782e-1	0.7453	3.690923e0	9.102094e-1	0.1875	0	0	6.896326e-2	7.195175e-2	1.150213e-1	2.581831e-1	8.709579e-2	-	-	-	-	-
4	v1fold156	1.0000	9.200851e-2	4.888391e-1	2.046424e-1	0.5408	3.504463e0	1.123572e0	0.1641	0	0	3.998130e-2	1.185502e-1	8.625409e-2	5.303489e-2	8.898944e-2	-	-	-	-	-
5	v1fold156	1.0000	2.049196e-2	7.408166e-2	3.853095e-2	0.6103	1.640746e0	3.323897e-1	0.1641	0	0	1.275870e-2	2.187714e-2	2.423178e-2	2.302886e-2	2.466649e-2	-	-	-	-	-
6	v1fold156	1.0000	6.092780e-2	3.038399e-1	1.692444e-1	0.5431	1.831766e0	4.633010e-1	0.2656	0	0	2.046191e-2	5.415040e-2	7.930919e-2	8.158428e-2	1.238515e-1	-	-	-	-	-
7	v1fold156	1.0000	1.170311e-1	4.582565e-1	2.114349e-1	0.5681	3.032082e0	4.274719e-1	0.0938	0	0	8.968596e-2	1.039849e-1	1.357839e-1	2.057347e-1	1.661388e-1	-	-	-	-	-
8	v1fold156	1.0000	6.350949e-2	2.843195e-1	1.522516e-1	0.5318	2.015668e0	4.326424e-1	0.1484	0	0	2.999234e-2	5.070442e-2	8.662255e-2	1.093042e-1	1.286851e-1	-	-	-	-	-
9	v1fold156	1.0000	2.422370e-1	8.326797e-1	5.085318e-1	0.6100	4.653370e0	8.291537e-1	0.2500	0	0	1.258612e-1	2.722289e-1	2.372461e-1	2.143814e-1	3.086163e-1	0.001392	0.036797	-0.006686	-0.002822	-0.005233
10	v1fold156	1.0000	1.129154e-1	4.540417e-1	2.057820e-1	0.5806	2.248250e0	5.070246e-1	0.2031	0	0	1.085418e-1	1.102155e-1	9.665400e-2	7.353775e-2	1.401042e-1	-	-	-	-	-
11	v1fold156	1.0000	1.764981e-1	5.650073e-1	2.546486e-1	0.6234	2.487237e0	4.059524e-1	0.2188	0	0	1.810644e-1	1.543741e-1	1.873413e-1	1.635780e-1	2.378630e-1	0.002325	0.042311	-0.017075	-0.011198	-0.000721
12	v1fold156	1.0000	1.546709e-1	4.611029e-1	2.277330e-1	0.5982	5.100310e0	7.033158e-1	0.0859	0	0	1.023597e-1	1.865854e-1	1.952662e-1	1.335042e-1	1.195775e-1	-0.002777	-0.009827	-0.016738	-0.002819	-0.000325
13	v1fold156	1.0000	1.877859e-1	8.129999e-1	3.497224e-1	0.6356	4.001211e0	7.974861e-1	0.1172	0	0	7.247371e-2	2.105743e-1	3.035139e-1	4.819259e-1	1.682860e-1	-0.000693	-0.127798	0.025528	0.025686	0.000855
14	v1fold156	1.0000	1.310679e-1	3.375292e-1	1.789381e-1	0.6465	3.706606e0	9.691875e-1	0.2500	0	0	2.163099e-1	8.778995e-2	1.068829e-1	1.105676e-1	1.637564e-1	-	-	-	-	-
15	v1fold156	1.0000	1.325903e-1	5.861514e-1	2.435383e-1	0.6077	3.268480e0	7.878625e-1	0.2500	0	0	2.780034e-2	1.662371e-1	2.026566e-1	3.010508e-1	1.078076e-1	-	-	-	-	-
16	v1fold156	1.0000	8.016547e-2	2.964661e-1	2.155655e-1	0.5936	4.664394e0	1.444774e0	0.2812	0	0	5.322808e-2	9.648336e-2	5.534644e-2	7.551244e-2	7.283888e-2	-	-	-	-	-
17	v1fold156	1.0000	1.561762e-1	4.728899e-1	2.558606e-1	0.5840	6.196187e0	8.071743e-1	0.1250	0	0	1.419848e-1	1.534184e-1	1.666628e-1	2.668614e-1	1.542390e-1	0.002412	0.029004	-0.004341	-0.010760	-0.001052
18	v1fold156	1.0000	7.507619e-2	3.533313e-1	1.681249e-1	0.5820	3.242626e0	1.068253e0	0.1953	0	0	3.742544e-2	9.302173e-2	4.949799e-2	7.998155e-2	7.454590e-2	-	-	-	-	-
19	v1fold156	1.0000	1.023795e-1	4.659464e-1	2.200558e-1	0.5377	3.118618e0	7.957961e-1	0.0781	0	0	2.515233e-2	1.088061e-1	1.450514e-1	1.960173e-1	1.492051e-1	-	-	-	-	-
20	v1fold156	1.0000	4.892860e-1	1.430900e0	7.433300e-1	0.6195	7.933521e0	1.930034e0	0.1172	0	0	6.205059e-1	3.806051e-1	3.939306e-1	3.736710e-1	7.016857e-1	-0.003829	0.082670	-0.038150	-0.032214	-0.009335
21	v1fold156	1.0000	2.417341e-1	9.542542e-1	4.085799e-1	0.6697	4.746508e0	1.428222e0	0.1094	0	0	2.000693e-1	2.303962e-1	2.271431e-1	2.510100e-1	3.312107e-1	0.000076	0.062597	-0.023448	-0.024085	-0.003332
22	v1fold156	1.0000	1.982055e-1	8.296659e-1	4.039523e-1	0.5433	5.670955e0	2.031896e0	0.1406	0	0	1.220134e-1	2.023201e-1	1.920408e-1	2.457283e-1	2.741108e-1	-0.000236	-0.100942	0.005546	0.010520	0.000347
23	v1fold156	1.0000	1.384262e-1	7.091563e-1	2.433879e-1	0.7052	3.303715e0	1.164851e0	0.1953	0	0	1.410478e-1	9.954858e-2	1.348121e-1	1.277017e-1	2.562802e-1	-	-	-	-	-
24	v1fold156	1.0000	7.456541e-2	2.775717e-1	1.169450e-1	0.6247	2.615203e0	4.971791e-1	0.1797	0	0	6.724473e-2	7.221360e-2	1.128849e-1	8.853629e-2	7.790603e-2	-	-	-	-	-
25	v1fold156	1.0000	3.776732e-2	4.268312e-2	2.557368e-1	0.6358	3.264715e0	9.836870e-1	0.1719	0	0	1.421361e-2	5.780373e-2	1.215408e-2	2.673005e-2	1.652348e-2	-	-	-	-	-
26	v1fold156	1.0000	4.995767e-2	1.364441e-1	6.045481e-2	0.7017	1.732985e0	2.572111e-1	0.2812	0	0	7.074796e-2	3.481341e-2	4.382668e-2	4.014246e-2	7.301550e-2	-	-	-	-	-
27	v1fold156	1.0000	6.078433e-2	1.905971e-1	9.202632e-2	0.6079	2.239860e0	3.474198e-1	0.2188	0	0	6.244051e-2	5.541897e-2	7.147455e-2	7.005413e-2	6.998151e-2	-	-	-	-	-
28	v1fold156	1.0000	5.494578e-2	1.952071e-1	7.687977e-2	0.6365	1.912212e0	2.698468e-1	0.2812	0	0	6.430464e-2	4.513272e-2	5.844362e-2	6.009085e-2	7.055074e-2	-	-	-	-	-
29	v1fold156	1.0000	3.697503e-2	1.199845e-1	1.159276e-1	0.5035	2.824166e0	5.039199e-1	0.1641	0	0	1.540215e-2	4.035063e-2	7.298380e-2	1.422728e-1	2.057835e-2	-	-	-	-	-
30	v1fold156	1.0000	8.333955e-2	4.112751e-1	1.800065e-1	0.5575	3.785037e0	8.655959e-1	0.1328	0	0	3.266665e-2	1.085227e-1	9.478885e-2	8.680583e-2	6.834644e-2	-	-	-	-	-
31	v1fold156	1.0000	3.145743e-2	1.101230e-1	9.591815e-2	0.6653	2.111986e0	4.418891e-1	0.1797	0	0	2.142513e-2	3.410029e-2	5.630057e-2	5.318678e-2	2.483217e-2	-	-	-	-	-
32	v1fold156	1.0000	5.292753e-2	2.038522e-1	1.288256e-1	0.6052	1.673939e0	3.785554e-1	0.2422	0	0	4.244696e-2	3.711195e-2	5.215663e-2	5.726109e-2	1.134922e-1	-	-	-	-	-
33	v1fold156	1.0000	1.256804e-1	5.301962e-1	2.279178e-1	0.6312	3.318882e0	4.771500e-1	0.3281	0	0	6.291656e-2	1.325151e-1	1.239078e-1	1.553674e-1	1.791185e-1	-	-	-	-	-
34	v1fold156	1.0000	7.834891e-2	2.707901e-1	1.597343e-1	0.5700	2.320292e0	4.650143e-1	0.2500	0	0	6.668822e-2	5.655255e-2	8.055090e-2	9.944450e-2	1.538712e-1	-	-	-	-	-
35	v1fold156	1.0000	2.080597e-1	1.077875e0	4.615656e-1	0.5145	4.200610e0	1.068755e0	0.2969	0	0	1.147968e-1	2.111864e-1	2.391060e-1	1.762143e-1	3.177394e-1	0.001534	0.058486	-0.019799	-0.007731	-0.004752
36	v1fold156	1.0000	1.083094e-1	3.348407e-1	1.474199e-1	0.6092	2.438669e0	4.732120e-1	0.1328	0	0	1.156146e-1	1.085646e-1	9.642294e-2	8.017396e-2	1.077928e-1	-	-	-	-	-
37	v1fold156	1.0000	7.121118e-2	2.405581e-1	1.154151e-1	0.5421	2.598584e0	3.900356e-1	0.1953	0	0	4.892022e-2	6.817363e-2	1.047439e-1	1.025966e-1	9.303624e-2	-	-	-	-	-
38	v1fold156	1.0000	4.412597e-2	1.167238e-1	6.154042e-2	0.6773	2.223372e0	3.166878e-1	0.1953	0	0	4.554141e-2	4.088303e-2	5.520478e-2	6.922070e-2	4.341281e-2	-	-	-	-	-
39	v1fold156	1.0000	4.601277e-2	2.067810e-1	8.177091e-2	0.5287	1.432249e0	4.751540e-1	0.2812	0	0	2.568020e-2	5.005813e-2	6.772259e-2	5.154578e-2	5.295385e-2	-	-	-	-	-
40	v1fold156	1.0000	3.164875e-2	8.767223e-2	4.169751e-2	0.6528	1.097924e0	2.195566e-1	0.3359	0	0	4.184268e-2	2.314643e-2	2.754021e-2	2.851206e-2	4.611170e-2	-	-	-	-	-
41	v1fold156	1.0000	3.462969e-2	1.721463e-1	6.681458e-2	0.5227	1.203765e0	3.956014e-1	0.3438	0	0	1.063206e-2	4.118091e-2	4.248230e-2	4.595357e-2	4.092687e-2	-	-	-	-	-
42	v1fold156	1.0000	1.776606e-2	4.843663e-2	4.135926e-2	0.6395	1.081203e0	1.352286e-1	0.2266	0	0	1.078212e-2	2.071539e-2	3.827342e-2	2.148604e-2	1.161876e-2	-	-	-	-	-
43	v1fold156	1.0000	4.659218e-2	2.355138e-1	9.464597e-2	0.5840	1.907023e0	3.686774e-1	0.2656	0	0	1.650017e-2	5.882710e-2	6.121814e-2	7.077505e-2	3.874411e-2	-	-	-	-	-
44	v1fold156	1.0000	4.236413e-2	1.195665e-1	7.310942e-2	0.6749	1.605796e0	1.451014e-1	0.2109	0	0	3.967704e-2	4.023677e-2	5.856713e-2	9.399609e-2	3.602645e-2	-	-	-	-	-
45	v1fold156	1.0000	7.867728e-2	2.904327e-1	1.581321e-1	0.5125	1.608179e0	3.195431e-1	0.2344	0	0	6.621982e-2	5.889409e-2	9.259349e-2	1.108921e-1	1.434964e-1	-	-	-	-	-
46	v1fold156	1.0000	9.569420e-2	4.013312e-1	1.809126e-1	0.5193	2.140305e0	3.966132e-1	0.1953	0	0	9.860713e-2	7.907615e-2	6.806386e-2	7.836301e-2	1.534992e-1	-	-	-	-	-
47	v1fold156	1.0000	6.246210e-2	1.912341e-1	1.041293e-1	0.5441	1.726529e0	2.561237e-1	0.1328	0	0	6.618337e-2	5.430088e-2	6.033433e-2	8.209062e-2	7.838448e-2	-	-	-	-	-
48	v1fold156	1.0000	7.176787e-2	2.933458e-1	1.329305e-1	0.5568	2.195209e0	3.671332e-1	0.1875	0	0	2.280435e-2	7.544120e-2	9.117372e-2	1.061664e-1	1.104744e-1	-	-	-	-	-
49	v1fold156	1.0000	1.216451e-1	5.548116e-1	2.222833e-1	0.6324	3.294618e0	6.691058e-1	0.2109	0	0	3.759615e-2	1.331937e-1	1.871751e-1	1.744584e-1	1.653072e-1	-	-	-	-	-
50	v1fold156	1.0000	3.779345e-2	1.209335e-1	6.364808e-2	0.6046	1.358733e0	2.614151e-1	0.1562	0	0	2.218180e-2	3.677672e-2	5.654678e-2	5.622812e-2	5.176670e-2	-	-	-	-	-
51	v1fold156	1.0000	7.036792e-2	2.779969e-1	1.287912e-1	0.5778	2.829742e0	3.223749e-1	0.1016	0	0	3.118250e-2	7.849245e-2	1.347634e-1	1.310242e-1	6.525283e-2	-	-	-	-	-
52	v1fold156	1.0000	8.310157e-2	3.623911e-1	1.608282e-1	0.7589	3.048912e0	8.374875e-1	0.1875	0	0	2.386419e-2	1.010608e-1	1.241277e-1	1.494106e-1	7.868085e-2	-	-	-	-	-
53	v1fold156	1.0000	1.471185e-1	4.652576e-1	1.813420e-1	0.7167	3.926969e0	6.783426e-1	0.2109	0	0	1.746603e-1	1.259886e-1	1.644774e-1	1.794506e-1	1.637283e-1	0.001113	-0.007956	-0.007850	-0.006251	0.001026
54	v1fold156	1.0000	1.210221e-1	4.337028e-1	1.703749e-1	0.6845	3.318079e0	7.611124e-1	0.2031	0	0	1.185716e-1	1.195868e-1	1.125719e-1	1.091945e-1	1.334640e-1	-	-	-	-	-
55	v1fold156	1.0000	7.398407e-2	2.831998e-1	1.399493e-1	0.6760	4.638427e0	1.352673e0	0.3516	0	0	6.736199e-2	7.252820e-2	7.506487e-2	9.254233e-2	8.229342e-2	-	-	-	-	-
56	v1fold156	1.0000	9.129432e-2	3.452297e-1	1.564308e-1	0.6422	4.731116e0	5.791815e-1	0.1172	0	0	8.354884e-2	8.948713e-2	1.202265e-1	1.908386e-1	7.601636e-2	-	-	-	-	-
57	v1fold156	1.0000	8.498238e-2	2.752922e-1	1.478645e-1	0.6872	4.070208e0	9.563311e-1	0.2344	0	0	8.626263e-2	7.563707e-2	9.427175e-2	1.402008e-1	9.637274e-2	-	-	-	-	-
58	v1fold156	1.0000	6.965322e-2	2.838132e-1	1.419963e-1	0.6567	2.516967e0	5.528312e-1	0.1250	0	0	3.953604e-2	5.931361e-2	1.198682e-1	1.435595e-1	1.094175e-1	-	-	-	-	-
59	v1fold156	1.0000	1.918600e-1	7.165599e-1	2.916650e-1	0.7053	5.322502e0	1.116388e0	0.1953	0	0	2.070438e-1	1.667637e-1	1.950185e-1	1.902955e-1	2.479389e-1	-0.001079	0.019989	0.008549	0.008966	-0.001448
60	v1fold156	1.0000	9.613639e-2	4.441161e-1	1.738206e-1	0.6991	3.102376e0	8.077334e-1	0.1875	0	0	6.444660e-2	9.002412e-2	1.312722e-1	1.398306e-1	1.360628e-1	-	-	-	-	-
61	v1fold156	1.0000	1.038802e-1	5.184641e-1	2.156993e-1	0.5249	4.179810e0	1.520823e0	0.1641	0	0	5.513164e-2	1.059612e-1	1.236363e-1	1.213749e-1	1.509843e-1	-	-	-	-	-
62	v1fold156	1.0000	6.546606e-2	1.866180e-1	1.006282e-1	0.5365	2.454797e0	3.023479e-1	0.2188	0	0	7.751907e-2	5.626232e-2	1.172252e-1	7.962665e-2	6.115782e-2	-	-	-	-	-
63	v1fold156	1.0000	1.340629e-1	3.307123e-1	2.251195e-1	0.7126	2.443433e0	2.759389e-1	0.2109	0	0	1.780262e-1	1.009705e-1	2.320152e-1	1.898552e-1	1.394735e-1	-	-	-	-	-
64	v1fold156	1.0000	1.098429e-1	4.552736e-1	2.162986e-1	0.5566	4.535596e0	9.631922e-1	0.1484	0	0	6.842643e-2	1.141661e-1	1.783723e-1	1.278969e-1	1.279686e-1	-	-	-	-	-
65	v1fold156	1.0000	3.857110e-2	1.858745e-1	7.773416e-2	0.5578	1.294634e0	5.164403e-1	0.3047	0	0	2.417589e-2	3.961198e-2	3.447986e-2	4.558398e-2	5.333034e-2	-	-	-	-	-
66	v1fold156	1.0000	2.848921e-2	1.213762e-1	5.076177e-2	0.5748	1.060446e0	3.259439e-1	0.3359	0	0	1.759445e-2	2.849788e-2	3.675038e-2	4.216757e-2	3.712559e-2	-	-	-	-	-
67	v1fold156	1.0000	3.403463e-2	1.764433e-1	6.927559e-2	0.5394	1.176194e0	4.185276e-1	0.3125	0	0	1.236018e-2	3.803789e-2	3.790615e-2	5.690862e-2	4.340694e-2	-	-	-	-	-
68	v1fold156	1.0000	3.415557e-2	1.056340e-1	5.120838e-2	0.7477	1.093235e0	3.479306e-1	0.1875	0	0	4.400667e-2	2.621178e-2	3.564884e-2	5.191442e-2	4.104448e-2	-	-	-	-	-
69	v1fold156	1.0000	2.997141e-2	1.180347e-1	6.459420e-2	0.5691	1.232504e0	2.671005e-1	0.2344	0	0	2.478923e-2	3.151237e-2	4.295723e-2	3.809913e-2	2.669870e-2	-	-	-	-	-
70	v1fold156	1.0000	4.737736e-2	1.528465e-1	7.875959e-2	0.6973	1.298733e0	3.860357e-1	0.2031	0	0	5.334838e-2	3.952293e-2	5.847720e-2	8.559011e-2	5.172157e-2	-	-	-	-	-
71	v1fold156	1.0000	1.111359e-1	4.175125e-1	2.423389e-1	0.5494	2.039304e0	3.751970e-1	0.2500	0	0	8.339738e-2	8.572732e-2	1.202873e-1	1.511029e-1	2.120506e-1	-	-	-	-	-
72	v1fold156	1.0000	1.081230e-1	3.958929e-1	2.215816e-1	0.5128	2.131884e0	4.343900e-1	0.3281	0	0	1.232007e-1	6.537538e-2	6.970337e-2	7.046062e-2	2.370030e-1	-	-	-	-	-
73	v1fold156	1.0000	4.716871e-2	1.559512e-1	8.727633e-2	0.6059	1.468904e0	1.988078e-1	0.3203	0	0	3.980942e-2	4.213785e-2	5.113077e-2	6.325013e-2	6.708642e-2	-	-	-	-	-
74	v1fold156	1.0000	7.170215e-2	4.228420e-1	1.363156e-1	0.6017	2.060867e0	3.475991e-1	0.2422	0	0	3.752634e-2	8.252396e-2	1.096427e-1	9.667637e-2	6.715410e-2	-	-	-	-	-
75	v1fold156	1.0000	1.206568e-1	4.484200e-1	2.246189e-1	0.6217	2.698959e0	6.309794e-1	0.1484	0	0	1.026891e-1	1.082122e-1	1.115663e-1	7.624330e-2	1.941426e-1	-	-	-	-	-
76	v1fold156	1.0000	3.849293e-2	1.486244e-1	6.462870e-2	0.5018	1.417594e0	2.988632e-1	0.2109	0	0	2.678845e-2	3.680536e-2	5.233791e-2	4.402603e-2	5.375991e-2	-	-	-	-	-
77	v1fold156	1.0000	6.421612e-2	2.098740e-1	1.058897e-1	0.6989	2.385010e0	3.002477e-1	0.2031	0	0	5.234470e-2	6.431516e-2	1.027524e-1	7.434564e-2	6.681521e-2	-	-	-	-	-
78	v1fold156	1.0000	1.765254e-2	9.745741e-2	3.448724e-2	0.7173	6.257890e-1	2.107451e-1	0.3438	0	0	5.908557e-3	2.020540e-2	2.912275e-2	2.086295e-2	2.128009e-2	-	-	-	-	-
79	v1fold156	1.0000	1.567229e-2	7.737637e-2	2.728838e-2	0.5059	5.868564e-1	1.276527e-1	0.3438	0	0	5.585959e-3	1.779039e-2	2.502596e-2	2.333031e-2	1.799987e-2	-	-	-	-	-
80	v1fold156	1.0000	1.701394e-2	8.641386e-2	3.084406e-2	0.6304	5.974159e-1	1.805771e-1	0.4062	0	0	6.799148e-3	1.957674e-2	2.406759e-2	1.806205e-2	2.029596e-2	-	-	-	-	-
81	v1fold156	1.0000	2.760450e-2	8.178282e-2	4.676486e-2	0.6453	8.442309e-1	1.595739e-1	0.4688	0	0	2.508056e-2	2.469260e-2	4.298417e-2	5.066041e-2	3.030837e-2	-	-	-	-	-
82	v1fold156	1.0000	3.055840e-2	1.147653e-1	5.856570e-2	0.5164	1.137057e0	1.861322e-1	0.4531	0	0	1.590281e-2	3.515762e-2	4.952194e-2	5.717058e-2	2.432901e-2	-	-	-	-	-
83	v1fold156	1.0000	3.210951e-2	9.556425e-2	5.391525e-2	0.6012	9.804655e-1	1.740686e-1	0.4844	0	0	2.760470e-2	3.060720e-2	5.008469e-2	5.673436e-2	3.204855e-2	-	-	-	-	-
84	v1fold156	1.0000	3.217226e-2	1.742549e-1	7.599448e-2	0.5402	1.242093e0	3.968749e-1	0.2891	0	0	7.887734e-3	3.605305e-2	3.534879e-2	3.719414e-2	4.960889e-2	-	-	-	-	-
85	v1fold156	1.0000	6.331180e-2	3.054519e-1	1.331793e-1	0.6146	1.717341e0	4.782444e-1	0.1875	0	0	1.674066e-2	7.923357e-2	6.822952e-2	8.527004e-2	6.849168e-2	-	-	-	-	-
86	v1fold156	1.0000	3.738309e-2	1.689599e-1	7.499887e-2	0.5194	1.321666e0	2.803320e-1	0.2422	0	0	1.367844e-2	4.632110e-2	3.596764e-2	4.295729e-2	3.981473e-2	-	-	-	-	-
87	v1fold156	1.0000	6.161258e-2	2.500768e-1	1.211365e-1	0.5542	1.383099e0	4.459351e-1	0.3594	0	0	4.779364e-2	5.699184e-2	6.806497e-2	5.297296e-2	9.370066e-2	-	-	-	-	-
88	v1fold156	1.0000	3.109922e-2	1.202292e-1	5.775298e-2	0.5129	1.280149e0	2.355100e-1	0.3984	0	0	2.250488e-2	2.961913e-2	5.827673e-2	5.002165e-2	3.516757e-2	-	-	-	-	-
89	v1fold156	1.0000	6.509290e-2	2.991328e-1	1.413777e-1	0.6514	2.273461e0	7.004787e-1	0.3359	0	0	4.629439e-2	5.044089e-2	1.109098e-1	1.147143e-1	1.101864e-1	-	-	-	-	-
90	v1fold156	1.0000	7.331518e-2	2.584920e-1	1.160297e-1	0.6269	2.248817e0	5.168269e-1	0.3516	0	0	3.919462e-2	8.349074e-2	9.808567e-2	7.333672e-2	7.988305e-2	-	-	-	-	-
91	v1fold156	1.0000	1.630050e-1	6.349978e-1	2.680764e-1	0.6064	3.896361e0	1.374923e0	0.4688	0	0	2.030105e-1	1.174000e-1	1.905776e-1	1.572237e-1	2.439963e-1	0.000557	0.003689	-0.016426	-0.007789	0.000288
92	v1fold156	1.0000	1.805795e-1	6.828991e-1	2.884109e-1	0.6162	4.539326e0	1.542637e0	0.4453	0	0	1.883855e-1	1.500895e-1	1.861112e-1	1.756254e-1	2.626491e-1	0.001818	-0.000997	-0.016636	-0.014783	-0.000559
93	v1fold156	1.0000	1.724178e-1	6.060768e-1	2.680659e-1	0.6343	4.208277e0	1.384082e0	0.5625	0	0	2.224582e-1	1.231361e-1	1.859951e-1	1.577686e-1	2.573541e-1	0.001013	0.004562	-0.015764	-0.009870	-0.000098
94	v1fold156	1.0000	7.737177e-2	2.317042e-1	1.769687e-1	0.5932	3.090876e0	7.815374e-1	0.3594	0	0	6.717047e-2	8.114710e-2	8.391959e-2	1.125895e-1	6.912932e-2	-	-	-	-	-
95	v1fold156	1.0000	1.017780e-1	3.291571e-1	1.524395e-1	0.6216	1.847485e0	3.038092e-1	0.4141	0	0	9.952749e-2	9.734360e-2	8.699256e-2	6.370792e-2	1.308083e-1	-	-	-	-	-
96	v1fold156	1.0000	1.113312e-1	5.272713e-1	2.029957e-1	0.5819	2.881518e0	1.010976e0	0.4609	0	0	6.722273e-2	1.138868e-1	1.193587e-1	9.005791e-2	1.631142e-1	-	-	-	-	-
97	v1fold156	1.0000	3.925770e-2	1.675308e-1	8.451966e-2	0.6488	1.627085e0	3.805846e-1	0.3203	0	0	1.698786e-2	4.413832e-2	5.833868e-2	6.307690e-2	4.257506e-2	-	-	-	-	-
98	v1fold156	1.0000	1.790217e-1	6.588136e-1	3.340874e-1	0.5754	3.739005e0	4.271917e-1	0.2812	0	0	1.443134e-1	1.869636e-1	2.534258e-1	3.353622e-1	1.438134e-1	-0.001401	-0.100745	0.026691	0.029460	0.001203
99	v1fold156	1.0000	7.190159e-2	2.829273e-1	1.576702e-1	0.5276	1.991205e0	2.645474e-1	0.3125	0	0	5.314841e-2	7.630008e-2	1.137163e-1	1.531713e-1	5.288105e-2	-	-	-	-	-
100	v1fold156	1.0000	9.871628e-2	3.811640e-1	1.579939e-1	0.6218	2.107677e0	6.978307e-1	0.2734	0	0	6.864627e-2	9.917285e-2	1.014234e-1	8.527399e-2	1.383826e-1	-	-	-	-	-
101	v1fold156	1.0000	8.160108e-2	2.001104e-1	1.207971e-1	0.7644	1.853921e0	2.555275e-1	0.2500	0	0	1.269334e-1	5.240741e-2	1.109948e-1	8.524523e-2	1.033623e-1	-	-	-	-	-
102	v1fold156	1.0000	1.874099e-1	5.609374e-1	2.677784e-1	0.6885	3.261337e0	5.748181e-1	0.3594	0	0	1.960179e-1	1.555799e-1	2.670394e-1	2.647668e-1	2.341224e-1	-0.001257	0.019597	-0.016704	-0.026728	-0.002211
103	v1fold156	1.0000	9.886176e-2	2.825392e-1	1.989434e-1	0.7298	4.459115e0	6.357838e-1	0.2891	0	0	1.027359e-1	8.672256e-2	1.410922e-1	1.902777e-1	9.841199e-2	-	-	-	-	-
104	v1fold156	1.0000	1.830789e-2	1.156101e-1	3.512353e-2	0.7310	6.047649e-1	2.318989e-1	0.4766	0	0	1.073848e-2	1.891088e-2	1.948246e-2	1.900220e-2	2.573591e-2	-	-	-	-	-
105	v1fold156	1.0000	3.067645e-2	1.339569e-1	4.421892e-2	0.7924	8.270410e-1	2.569052e-1	0.4219	0	0	2.763516e-2	2.932140e-2	3.569864e-2	3.158268e-2	3.717495e-2	-	-	-	-	-
106	v1fold156	1.0000	2.483361e-2	1.261926e-1	3.964844e-2	0.8036	6.952276e-1	2.398132e-1	0.4297	0	0	2.010249e-2	2.402015e-2	2.590574e-2	2.672745e-2	3.265482e-2	-	-	-	-	-
107	v1fold156	1.0000	2.550073e-2	1.017985e-1	4.361577e-2	0.6745	5.305745e-1	1.919992e-1	0.3906	0	0	3.143211e-2	1.912661e-2	3.240390e-2	3.107752e-2	3.410576e-2	-	-	-	-	-
108	v1fold156	1.0000	1.971831e-2	7.946777e-2	3.710110e-2	0.5896	5.891313e-1	1.993733e-1	0.3438	0	0	2.131208e-2	1.654268e-2	2.725797e-2	1.934498e-2	2.542574e-2	-	-	-	-	-
109	v1fold156	1.0000	2.538815e-2	1.036186e-1	4.407047e-2	0.6403	5.583129e-1	2.117792e-1	0.3828	0	0	2.939805e-2	1.992127e-2	3.342508e-2	2.949508e-2	3.376111e-2	-	-	-	-	-
110	v1fold156	1.0000	4.950480e-2	2.284535e-1	1.111604e-1	0.5242	1.348801e0	3.440075e-1	0.3125	0	0	2.717271e-2	4.563444e-2	5.305452e-2	6.109234e-2	8.628995e-2	-	-	-	-	-
111	v1fold156	1.0000	6.131919e-2	3.321015e-1	1.274956e-1	0.5478	1.575098e0	3.820808e-1	0.4297	0	0	1.323253e-2	7.250220e-2	8.951020e-2	1.102671e-1	7.048018e-2	-	-	-	-	-
112	v1fold156	1.0000	2.418582e-2	8.169031e-2	4.536907e-2	0.5171	9.867565e-1	1.588007e-1	0.2969	0	0	1.232476e-2	2.630962e-2	2.841155e-2	3.598142e-2	2.913971e-2	-	-	-	-	-
113	v1fold156	1.0000	6.897895e-2	2.359004e-1	1.029157e-1	0.5907	1.372196e0	3.657593e-1	0.3594	0	0	9.749347e-2	4.174052e-2	7.514999e-2	7.370445e-2	1.121805e-1	-	-	-	-	-
114	v1fold156	1.0000	4.524029e-2	2.202008e-1	8.651611e-2	0.5593	2.137160e0	3.983147e-1	0.3281	0	0	4.299157e-2	3.887831e-2	7.978053e-2	6.089625e-2	5.480302e-2	-	-	-	-	-
115	v1fold156	1.0000	3.734185e-2	1.533561e-1	8.649954e-2	0.6137	1.722354e0	4.604818e-1	0.3984	0	0	2.300563e-2	2.849955e-2	7.413575e-2	7.635456e-2	6.391423e-2	-	-	-	-	-
116	v1fold156	1.0000	2.433897e-2	6.278986e-2	2.812052e-2	0.7699	7.676110e-1	1.255157e-1	0.3203	0	0	2.610540e-2	2.170695e-2	1.988078e-2	1.758474e-2	3.277402e-2	-	-	-	-	-
117	v1fold156	1.0000	1.180888e-2	6.934166e-2	2.192728e-2	0.7370	3.751276e-1	1.343459e-1	0.3516	0	0	6.008517e-3	1.271021e-2	1.516976e-2	1.058059e-2	1.594274e-2	-	-	-	-	-
118	v1fold156	1.0000	5.574420e-2	2.219267e-1	9.265446e-2	0.5001	1.617544e0	3.422888e-1	0.3047	0	0	2.195907e-2	6.162889e-2	7.492857e-2	7.255382e-2	7.241532e-2	-	-	-	-	-
119	v1fold156	1.0000	7.288697e-2	3.387759e-1	1.342420e-1	0.5432	1.761313e0	4.766954e-1	0.3438	0	0	2.453731e-2	8.448825e-2	8.911992e-2	7.430762e-2	9.529549e-2	-	-	-	-	-
120	v1fold156	1.0000	2.537160e-2	8.292079e-2	4.866387e-2	0.6043	9.913303e-1	2.133337e-1	0.4453	0	0	1.609817e-2	2.655706e-2	4.246705e-2	2.767381e-2	2.872307e-2	-	-	-	-	-
121	v1fold156	1.0000	2.509061e-2	1.170504e-1	4.831459e-2	0.6863	1.109981e0	3.142933e-1	0.4141	0	0	1.027810e-2	2.868086e-2	3.947155e-2	2.794147e-2	2.884560e-2	-	-	-	-	-
122	v1fold156	1.0000	2.725992e-2	9.572607e-2	4.941257e-2	0.5920	1.009474e0	2.415529e-1	0.4531	0	0	1.816533e-2	2.820571e-2	4.262620e-2	3.044287e-2	3.135061e-2	-	-	-	-	-
123	v1fold156	1.0000	2.425715e-2	9.526587e-2	4.883214e-2	0.5004	1.511847e0	2.355842e-1	0.1953	0	0	1.341677e-2	2.510289e-2	4.178417e-2	4.630946e-2	2.593475e-2	-	-	-	-	-
124	v1fold156	1.0000	2.232549e-2	8.375573e-2	4.076909e-2	0.5102	8.363174e-1	1.749031e-1	0.1719	0	0	9.396188e-3	2.402431e-2	3.090309e-2	4.037929e-2	2.735238e-2	-	-	-	-	-
125	v1fold156	1.0000	2.639389e-2	9.754419e-2	5.254981e-2	0.5028	1.330296e0	2.493091e-1	0.2031	0	0	1.292528e-2	2.525804e-2	4.525875e-2	5.772464e-2	3.494092e-2	-	-	-	-	-
126	v1fold156	1.0000	1.060521e-1	5.013645e-1	2.041804e-1	0.6278	2.442997e0	8.026286e-1	0.2422	0	0	5.658942e-2	1.143558e-1	1.317627e-1	9.870538e-2	1.394683e-1	-	-	-	-	-
127	v1fold156	1.0000	3.164765e-2	1.037292e-1	6.510565e-2	0.5795	1.652902e0	2.950147e-1	0.4219	0	0	1.548074e-2	3.396978e-2	8.307548e-2	4.578852e-2	2.875252e-2	-	-	-	-	-
128	v1fold156	1.0000	5.316162e-2	1.517711e-1	9.735489e-2	0.7839	1.447878e0	3.905661e-1	0.3359	0	0	5.372768e-2	3.755522e-2	5.712541e-2	3.654669e-2	1.025619e-1	-	-	-	-	-
129	v1fold156	1.0000	5.178370e-2	1.824980e-1	7.877391e-2	0.6226	1.497787e0	3.021635e-1	0.2969	0	0	5.222959e-2	5.194507e-2	3.575949e-2	1.987588e-2	6.231200e-2	-	-	-	-	-
130	v1fold156	1.0000	1.164983e-1	6.636409e-1	2.370922e-1	0.6272	3.470355e0	1.444901e0	0.3828	0	0	8.843693e-2	1.049293e-1	1.347312e-1	8.386945e-2	1.904669e-1	-	-	-	-	-
131	v1fold156	1.0000	1.468454e-1	1.141634e0	3.973036e-1	0.5190	4.596068e0	2.189481e0	0.3750	0	0	2.605095e-2	1.697590e-1	1.364462e-1	9.020586e-2	2.484546e-1	0.001907	-0.069010	-0.002328	-0.003898	-0.001463
132	v1fold156	1.0000	1.325973e-1	8.758588e-1	2.996389e-1	0.6372	3.873247e0	1.783979e0	0.3906	0	0	8.355110e-2	1.284498e-1	1.315476e-1	7.415895e-2	2.220446e-1	-	-	-	-	-
133	v1fold156	1.0000	9.457749e-2	4.636697e-1	1.741589e-1	0.6322	2.614573e0	9.629283e-1	0.3828	0	0	5.716341e-2	9.696729e-2	1.419129e-1	1.060280e-1	1.204518e-1	-	-	-	-	-
134	v1fold156	1.0000	1.140695e-1	3.380311e-1	1.481645e-1	0.6499	2.890684e0	3.964074e-1	0.3828	0	0	9.800046e-2	1.184433e-1	1.225777e-1	1.418737e-1	1.127696e-1	-	-	-	-	-
135	v1fold156	1.0000	1.716208e-1	5.899248e-1	2.612926e-1	0.5257	2.323752e0	6.528671e-1	0.2578	0	0	1.845665e-1	1.426606e-1	1.560563e-1	1.153971e-1	2.598719e-1	-0.000081	0.028968	-0.003950	-0.001778	-0.001724
136	v1fold156	1.0000	4.426651e-2	1.762345e-1	8.279958e-2	0.5537	1.538769e0	4.763011e-1	0.2500	0	0	2.648892e-2	4.422869e-2	6.800414e-2	7.365601e-2	5.421058e-2	-	-	-	-	-
137	v1fold156	1.0000	2.454927e-1	1.003457e0	8.590183e-1	0.6593	6.066414e0	3.201539e0	0.2812	0	0	1.016372e-1	3.021013e-1	1.896351e-1	8.218736e-2	3.112776e-1	0.001614	-0.182066	0.006935	0.002198	-0.002288
138	v1fold156	1.0000	7.172275e-2	2.705827e-1	1.291392e-1	0.5779	2.100725e0	3.441885e-1	0.2188	0	0	6.975511e-2	6.146115e-2	1.315656e-1	1.567066e-1	7.002238e-2	-	-	-	-	-
139	v1fold156	1.0000	1.065145e-1	3.202674e-1	1.452450e-1	0.5930	2.509104e0	5.359681e-1	0.3359	0	0	1.047108e-1	9.466727e-2	1.341048e-1	1.268610e-1	1.328317e-1	-	-	-	-	-
140	v1fold156	1.0000	4.576422e-2	1.210551e-1	6.422379e-2	0.6006	1.418578e0	4.181910e-1	0.3281	0	0	7.099782e-2	2.612159e-2	6.634488e-2	4.032853e-2	6.880146e-2	-	-	-	-	-
141	v1fold156	1.0000	7.256093e-2	2.750504e-1	1.279937e-1	0.6304	3.134833e0	3.177319e-1	0.3281	0	0	5.108338e-2	7.615664e-2	1.626105e-1	1.231865e-1	5.411532e-2	-	-	-	-	-
142	v1fold156	1.0000	7.613964e-2	2.538526e-1	1.348245e-1	0.6264	3.402535e0	5.246886e-1	0.2656	0	0	5.535014e-2	9.093152e-2	4.702614e-2	5.256947e-2	7.106308e-2	-	-	-	-	-
143	v1fold156	1.0000	1.484278e-2	7.689440e-2	2.279115e-2	0.8483	3.706429e-1	1.377663e-1	0.4141	0	0	1.335609e-2	1.383285e-2	1.279263e-2	1.066103e-2	2.131780e-2	-	-	-	-	-
144	v1fold156	1.0000	1.617985e-1	6.632295e-1	2.380897e-1	0.5928	3.270658e0	9.307103e-1	0.3906	0	0	1.370803e-1	1.356394e-1	2.413378e-1	2.866594e-1	2.230804e-1	0.001481	0.010514	-0.001551	0.001976	0.000025
145	v1fold156	1.0000	1.896011e-2	8.280611e-2	2.628948e-2	0.8370	4.800274e-1	1.510776e-1	0.4219	0	0	1.721705e-2	1.835551e-2	1.924329e-2	1.544899e-2	2.377543e-2	-	-	-	-	-
146	v1fold156	1.0000	1.784797e-2	1.053942e-1	4.078526e-2	0.5270	4.925780e-1	2.086565e-1	0.3516	0	0	1.254228e-2	1.695229e-2	2.196071e-2	1.078930e-2	2.795506e-2	-	-	-	-	-
147	v1fold156	1.0000	1.745924e-2	8.271694e-2	3.483368e-2	0.5334	7.794228e-1	2.558022e-1	0.2812	0	0	7.610822e-3	1.793012e-2	2.426943e-2	1.792306e-2	2.680778e-2	-	-	-	-	-
148	v1fold156	1.0000	1.768879e-2	9.747386e-2	3.769291e-2	0.5187	5.706469e-1	2.309394e-1	0.3047	0	0	1.404605e-2	1.510026e-2	2.344544e-2	1.462757e-2	2.943118e-2	-	-	-	-	-
149	v1fold156	1.0000	2.992231e-2	1.480579e-1	6.870725e-2	0.5002	1.605018e0	4.809122e-1	0.0859	0	0	1.377570e-2	2.942093e-2	4.608879e-2	4.593881e-2	4.425524e-2	-	-	-	-	-
150	v1fold156	1.0000	2.836730e-2	1.070705e-1	5.610023e-2	0.5513	1.593335e0	2.151346e-1	0.1875	0	0	1.047818e-2	3.209406e-2	4.363607e-2	5.886760e-2	2.898496e-2	-	-	-	-	-
151	v1fold156	1.0000	3.752249e-2	1.565809e-1	7.802226e-2	0.5005	1.715231e0	2.629917e-1	0.1797	0	0	1.079019e-2	4.246912e-2	7.545181e-2	8.968890e-2	3.487912e-2	-	-	-	-	-
152	v1fold156	1.0000	1.073501e-1	3.396804e-1	1.537022e-1	0.5797	2.476028e0	5.739913e-1	0.4297	0	0	1.525257e-1	7.038654e-2	1.264159e-1	1.062262e-1	1.566403e-1	-	-	-	-	-
153	v1fold156	1.0000	3.800665e-2	1.635705e-1	8.433718e-2	0.5949	2.320399e0	4.000257e-1	0.3906	0	0	1.933563e-2	3.762572e-2	9.939770e-2	4.925684e-2	4.460880e-2	-	-	-	-	-
154	v1fold156	1.0000	2.405793e-2	8.207703e-2	4.375363e-2	0.7587	1.048124e0	2.501604e-1	0.3281	0	0	2.250928e-2	2.028150e-2	3.373883e-2	1.763703e-2	3.647607e-2	-	-	-	-	-
155	v1fold156	1.0000	7.849509e-2	2.712846e-1	1.152176e-1	0.6415	1.930886e0	3.382667e-1	0.3594	0	0	8.291423e-2	6.262529e-2	1.064747e-1	9.423721e-2	1.099796e-1	-	-	-	-	-
156	zeros156-371	0.0000	0.000000e0	0.000000e0	0.000000e0	1.0000	0.000000e0	0.000000e0	1.0000	1	1	0.000000e0	0.000000e0	0.000000e0	0.000000e0	0.000000e0	-	-	-	-	-
157	zeros156-371	0.0000	0.000000e0	0.000000e0	0.000000e0	1.0000	0.000000e0	0.000000e0	1.0000	1	1	0.000000e0	0.000000e0	0.000000e0	0.000000e0	0.000000e0	-	-	-	-	-
158	zeros156-371	0.0000	0.000000e0	0.000000e0	0.000000e0	1.0000	0.000000e0	0.000000e0	1.0000	1	1	0.000000e0	0.000000e0	0.000000e0	0.000000e0	0.000000e0	-	-	-	-	-
159	zeros156-371	0.0000	0.000000e0	0.000000e0	0.000000e0	1.0000	0.000000e0	0.000000e0	1.0000	1	1	0.000000e0	0.000000e0	0.000000e0	0.000000e0	0.000000e0	-	-	-	-	-
160	zeros156-371	0.0000	0.000000e0	0.000000e0	0.000000e0	1.0000	0.000000e0	0.000000e0	1.0000	1	1	0.000000e0	0.000000e0	0.000000e0	0.000000e0	0.000000e0	-	-	-	-	-
161	zeros156-371	0.0000	0.000000e0	0.000000e0	0.000000e0	1.0000	0.000000e0	0.000000e0	1.0000	1	1	0.000000e0	0.000000e0	0.000000e0	0.000000e0	0.000000e0	-	-	-	-	-
162	zeros156-371	0.0000	0.000000e0	0.000000e0	0.000000e0	1.0000	0.000000e0	0.000000e0	1.0000	1	1	0.000000e0	0.000000e0	0.000000e0	0.000000e0	0.000000e0	-	-	-	-	-
163	zeros156-371	0.0000	0.000000e0	0.000000e0	0.000000e0	1.0000	0.000000e0	0.000000e0	1.0000	1	1	0.000000e0	0.000000e0	0.000000e0	0.000000e0	0.000000e0	-	-	-	-	-
164	zeros156-371	0.0000	0.000000e0	0.000000e0	0.000000e0	1.0000	0.000000e0	0.000000e0	1.0000	1	1	0.000000e0	0.000000e0	0.000000e0	0.000000e0	0.000000e0	-	-	-	-	-
165	zeros156-371	0.0000	0.000000e0	0.000000e0	0.000000e0	1.0000	0.000000e0	0.000000e0	1.0000	1	1	0.000000e0	0.000000e0	0.000000e0	0.000000e0	0.000000e0	-	-	-	-	-
166	zeros156-371	0.0000	0.000000e0	0.000000e0	0.000000e0	1.0000	0.000000e0	0.000000e0	1.0000	1	1	0.000000e0	0.000000e0	0.000000e0	0.000000e0	0.000000e0	-	-	-	-	-
167	zeros156-371	0.0000	0.000000e0	0.000000e0	0.000000e0	1.0000	0.000000e0	0.000000e0	1.0000	1	1	0.000000e0	0.000000e0	0.000000e0	0.000000e0	0.000000e0	-	-	-	-	-
168	zeros156-371	0.0000	0.000000e0	0.000000e0	0.000000e0	1.0000	0.000000e0	0.000000e0	1.0000	1	1	0.000000e0	0.000000e0	0.000000e0	0.000000e0	0.000000e0	-	-	-	-	-
169	zeros156-371	0.0000	0.000000e0	0.000000e0	0.000000e0	1.0000	0.000000e0	0.000000e0	1.0000	1	1	0.000000e0	0.000000e0	0.000000e0	0.000000e0	0.000000e0	-	-	-	-	-
170	zeros156-371	0.0000	0.000000e0	0.000000e0	0.000000e0	1.0000	0.000000e0	0.000000e0	1.0000	1	1	0.000000e0	0.000000e0	0.000000e0	0.000000e0	0.000000e0	-	-	-	-	-
171	zeros156-371	0.0000	0.000000e0	0.000000e0	0.000000e0	1.0000	0.000000e0	0.000000e0	1.0000	1	1	0.000000e0	0.000000e0	0.000000e0	0.000000e0	0.000000e0	-	-	-	-	-
172	zeros156-371	0.0000	0.000000e0	0.000000e0	0.000000e0	1.0000	0.000000e0	0.000000e0	1.0000	1	1	0.000000e0	0.000000e0	0.000000e0	0.000000e0	0.000000e0	-	-	-	-	-
173	zeros156-371	0.0000	0.000000e0	0.000000e0	0.000000e0	1.0000	0.000000e0	0.000000e0	1.0000	1	1	0.000000e0	0.000000e0	0.000000e0	0.000000e0	0.000000e0	-	-	-	-	-
174	zeros156-371	0.0000	0.000000e0	0.000000e0	0.000000e0	1.0000	0.000000e0	0.000000e0	1.0000	1	1	0.000000e0	0.000000e0	0.000000e0	0.000000e0	0.000000e0	-	-	-	-	-
175	zeros156-371	0.0000	0.000000e0	0.000000e0	0.000000e0	1.0000	0.000000e0	0.000000e0	1.0000	1	1	0.000000e0	0.000000e0	0.000000e0	0.000000e0	0.000000e0	-	-	-	-	-
176	zeros156-371	0.0000	0.000000e0	0.000000e0	0.000000e0	1.0000	0.000000e0	0.000000e0	1.0000	1	1	0.000000e0	0.000000e0	0.000000e0	0.000000e0	0.000000e0	-	-	-	-	-
177	zeros156-371	0.0000	0.000000e0	0.000000e0	0.000000e0	1.0000	0.000000e0	0.000000e0	1.0000	1	1	0.000000e0	0.000000e0	0.000000e0	0.000000e0	0.000000e0	-	-	-	-	-
178	zeros156-371	0.0000	0.000000e0	0.000000e0	0.000000e0	1.0000	0.000000e0	0.000000e0	1.0000	1	1	0.000000e0	0.000000e0	0.000000e0	0.000000e0	0.000000e0	-	-	-	-	-
179	zeros156-371	0.0000	0.000000e0	0.000000e0	0.000000e0	1.0000	0.000000e0	0.000000e0	1.0000	1	1	0.000000e0	0.000000e0	0.000000e0	0.000000e0	0.000000e0	-	-	-	-	-
180	zeros156-371	0.0000	0.000000e0	0.000000e0	0.000000e0	1.0000	0.000000e0	0.000000e0	1.0000	1	1	0.000000e0	0.000000e0	0.000000e0	0.000000e0	0.000000e0	-	-	-	-	-
181	zeros156-371	0.0000	0.000000e0	0.000000e0	0.000000e0	1.0000	0.000000e0	0.000000e0	1.0000	1	1	0.000000e0	0.000000e0	0.000000e0	0.000000e0	0.000000e0	-	-	-	-	-
182	zeros156-371	0.0000	0.000000e0	0.000000e0	0.000000e0	1.0000	0.000000e0	0.000000e0	1.0000	1	1	0.000000e0	0.000000e0	0.000000e0	0.000000e0	0.000000e0	-	-	-	-	-
183	zeros156-371	0.0000	0.000000e0	0.000000e0	0.000000e0	1.0000	0.000000e0	0.000000e0	1.0000	1	1	0.000000e0	0.000000e0	0.000000e0	0.000000e0	0.000000e0	-	-	-	-	-
184	zeros156-371	0.0000	0.000000e0	0.000000e0	0.000000e0	1.0000	0.000000e0	0.000000e0	1.0000	1	1	0.000000e0	0.000000e0	0.000000e0	0.000000e0	0.000000e0	-	-	-	-	-
185	zeros156-371	0.0000	0.000000e0	0.000000e0	0.000000e0	1.0000	0.000000e0	0.000000e0	1.0000	1	1	0.000000e0	0.000000e0	0.000000e0	0.000000e0	0.000000e0	-	-	-	-	-
186	zeros156-371	0.0000	0.000000e0	0.000000e0	0.000000e0	1.0000	0.000000e0	0.000000e0	1.0000	1	1	0.000000e0	0.000000e0	0.000000e0	0.000000e0	0.000000e0	-	-	-	-	-
187	zeros156-371	0.0000	0.000000e0	0.000000e0	0.000000e0	1.0000	0.000000e0	0.000000e0	1.0000	1	1	0.000000e0	0.000000e0	0.000000e0	0.000000e0	0.000000e0	-	-	-	-	-
188	zeros156-371	0.0000	0.000000e0	0.000000e0	0.000000e0	1.0000	0.000000e0	0.000000e0	1.0000	1	1	0.000000e0	0.000000e0	0.000000e0	0.000000e0	0.000000e0	-	-	-	-	-
189	zeros156-371	0.0000	0.000000e0	0.000000e0	0.000000e0	1.0000	0.000000e0	0.000000e0	1.0000	1	1	0.000000e0	0.000000e0	0.000000e0	0.000000e0	0.000000e0	-	-	-	-	-
190	zeros156-371	0.0000	0.000000e0	0.000000e0	0.000000e0	1.0000	0.000000e0	0.000000e0	1.0000	1	1	0.000000e0	0.000000e0	0.000000e0	0.000000e0	0.000000e0	-	-	-	-	-
191	zeros156-371	0.0000	0.000000e0	0.000000e0	0.000000e0	1.0000	0.000000e0	0.000000e0	1.0000	1	1	0.000000e0	0.000000e0	0.000000e0	0.000000e0	0.000000e0	-	-	-	-	-
192	zeros156-371	0.0000	0.000000e0	0.000000e0	0.000000e0	1.0000	0.000000e0	0.000000e0	1.0000	1	1	0.000000e0	0.000000e0	0.000000e0	0.000000e0	0.000000e0	-	-	-	-	-
193	zeros156-371	0.0000	0.000000e0	0.000000e0	0.000000e0	1.0000	0.000000e0	0.000000e0	1.0000	1	1	0.000000e0	0.000000e0	0.000000e0	0.000000e0	0.000000e0	-	-	-	-	-
194	zeros156-371	0.0000	0.000000e0	0.000000e0	0.000000e0	1.0000	0.000000e0	0.000000e0	1.0000	1	1	0.000000e0	0.000000e0	0.000000e0	0.000000e0	0.000000e0	-	-	-	-	-
195	zeros156-371	0.0000	0.000000e0	0.000000e0	0.000000e0	1.0000	0.000000e0	0.000000e0	1.0000	1	1	0.000000e0	0.000000e0	0.000000e0	0.000000e0	0.000000e0	-	-	-	-	-
196	zeros156-371	0.0000	0.000000e0	0.000000e0	0.000000e0	1.0000	0.000000e0	0.000000e0	1.0000	1	1	0.000000e0	0.000000e0	0.000000e0	0.000000e0	0.000000e0	-	-	-	-	-
197	zeros156-371	0.0000	0.000000e0	0.000000e0	0.000000e0	1.0000	0.000000e0	0.000000e0	1.0000	1	1	0.000000e0	0.000000e0	0.000000e0	0.000000e0	0.000000e0	-	-	-	-	-
198	zeros156-371	0.0000	0.000000e0	0.000000e0	0.000000e0	1.0000	0.000000e0	0.000000e0	1.0000	1	1	0.000000e0	0.000000e0	0.000000e0	0.000000e0	0.000000e0	-	-	-	-	-
199	zeros156-371	0.0000	0.000000e0	0.000000e0	0.000000e0	1.0000	0.000000e0	0.000000e0	1.0000	1	1	0.000000e0	0.000000e0	0.000000e0	0.000000e0	0.000000e0	-	-	-	-	-
200	zeros156-371	0.0000	0.000000e0	0.000000e0	0.000000e0	1.0000	0.000000e0	0.000000e0	1.0000	1	1	0.000000e0	0.000000e0	0.000000e0	0.000000e0	0.000000e0	-	-	-	-	-
201	zeros156-371	0.0000	0.000000e0	0.000000e0	0.000000e0	1.0000	0.000000e0	0.000000e0	1.0000	1	1	0.000000e0	0.000000e0	0.000000e0	0.000000e0	0.000000e0	-	-	-	-	-
202	zeros156-371	0.0000	0.000000e0	0.000000e0	0.000000e0	1.0000	0.000000e0	0.000000e0	1.0000	1	1	0.000000e0	0.000000e0	0.000000e0	0.000000e0	0.000000e0	-	-	-	-	-
203	zeros156-371	0.0000	0.000000e0	0.000000e0	0.000000e0	1.0000	0.000000e0	0.000000e0	1.0000	1	1	0.000000e0	0.000000e0	0.000000e0	0.000000e0	0.000000e0	-	-	-	-	-
204	zeros156-371	0.0000	0.000000e0	0.000000e0	0.000000e0	1.0000	0.000000e0	0.000000e0	1.0000	1	1	0.000000e0	0.000000e0	0.000000e0	0.000000e0	0.000000e0	-	-	-	-	-
205	zeros156-371	0.0000	0.000000e0	0.000000e0	0.000000e0	1.0000	0.000000e0	0.000000e0	1.0000	1	1	0.000000e0	0.000000e0	0.000000e0	0.000000e0	0.000000e0	-	-	-	-	-
206	zeros156-371	0.0000	0.000000e0	0.000000e0	0.000000e0	1.0000	0.000000e0	0.000000e0	1.0000	1	1	0.000000e0	0.000000e0	0.000000e0	0.000000e0	0.000000e0	-	-	-	-	-
207	zeros156-371	0.0000	0.000000e0	0.000000e0	0.000000e0	1.0000	0.000000e0	0.000000e0	1.0000	1	1	0.000000e0	0.000000e0	0.000000e0	0.000000e0	0.000000e0	-	-	-	-	-
208	zeros156-371	0.0000	0.000000e0	0.000000e0	0.000000e0	1.0000	0.000000e0	0.000000e0	1.0000	1	1	0.000000e0	0.000000e0	0.000000e0	0.000000e0	0.000000e0	-	-	-	-	-
209	zeros156-371	0.0000	0.000000e0	0.000000e0	0.000000e0	1.0000	0.000000e0	0.000000e0	1.0000	1	1	0.000000e0	0.000000e0	0.000000e0	0.000000e0	0.000000e0	-	-	-	-	-
210	zeros156-371	0.0000	0.000000e0	0.000000e0	0.000000e0	1.0000	0.000000e0	0.000000e0	1.0000	1	1	0.000000e0	0.000000e0	0.000000e0	0.000000e0	0.000000e0	-	-	-	-	-
211	zeros156-371	0.0000	0.000000e0	0.000000e0	0.000000e0	1.0000	0.000000e0	0.000000e0	1.0000	1	1	0.000000e0	0.000000e0	0.000000e0	0.000000e0	0.000000e0	-	-	-	-	-
212	zeros156-371	0.0000	0.000000e0	0.000000e0	0.000000e0	1.0000	0.000000e0	0.000000e0	1.0000	1	1	0.000000e0	0.000000e0	0.000000e0	0.000000e0	0.000000e0	-	-	-	-	-
213	zeros156-371	0.0000	0.000000e0	0.000000e0	0.000000e0	1.0000	0.000000e0	0.000000e0	1.0000	1	1	0.000000e0	0.000000e0	0.000000e0	0.000000e0	0.000000e0	-	-	-	-	-
214	zeros156-371	0.0000	0.000000e0	0.000000e0	0.000000e0	1.0000	0.000000e0	0.000000e0	1.0000	1	1	0.000000e0	0.000000e0	0.000000e0	0.000000e0	0.000000e0	-	-	-	-	-
215	zeros156-371	0.0000	0.000000e0	0.000000e0	0.000000e0	1.0000	0.000000e0	0.000000e0	1.0000	1	1	0.000000e0	0.000000e0	0.000000e0	0.000000e0	0.000000e0	-	-	-	-	-
216	zeros156-371	0.0000	0.000000e0	0.000000e0	0.000000e0	1.0000	0.000000e0	0.000000e0	1.0000	1	1	0.000000e0	0.000000e0	0.000000e0	0.000000e0	0.000000e0	-	-	-	-	-
217	zeros156-371	0.0000	0.000000e0	0.000000e0	0.000000e0	1.0000	0.000000e0	0.000000e0	1.0000	1	1	0.000000e0	0.000000e0	0.000000e0	0.000000e0	0.000000e0	-	-	-	-	-
218	zeros156-371	0.0000	0.000000e0	0.000000e0	0.000000e0	1.0000	0.000000e0	0.000000e0	1.0000	1	1	0.000000e0	0.000000e0	0.000000e0	0.000000e0	0.000000e0	-	-	-	-	-
219	zeros156-371	0.0000	0.000000e0	0.000000e0	0.000000e0	1.0000	0.000000e0	0.000000e0	1.0000	1	1	0.000000e0	0.000000e0	0.000000e0	0.000000e0	0.000000e0	-	-	-	-	-
220	zeros156-371	0.0000	0.000000e0	0.000000e0	0.000000e0	1.0000	0.000000e0	0.000000e0	1.0000	1	1	0.000000e0	0.000000e0	0.000000e0	0.000000e0	0.000000e0	-	-	-	-	-
221	zeros156-371	0.0000	0.000000e0	0.000000e0	0.000000e0	1.0000	0.000000e0	0.000000e0	1.0000	1	1	0.000000e0	0.000000e0	0.000000e0	0.000000e0	0.000000e0	-	-	-	-	-
222	zeros156-371	0.0000	0.000000e0	0.000000e0	0.000000e0	1.0000	0.000000e0	0.000000e0	1.0000	1	1	0.000000e0	0.000000e0	0.000000e0	0.000000e0	0.000000e0	-	-	-	-	-
223	zeros156-371	0.0000	0.000000e0	0.000000e0	0.000000e0	1.0000	0.000000e0	0.000000e0	1.0000	1	1	0.000000e0	0.000000e0	0.000000e0	0.000000e0	0.000000e0	-	-	-	-	-
224	zeros156-371	0.0000	0.000000e0	0.000000e0	0.000000e0	1.0000	0.000000e0	0.000000e0	1.0000	1	1	0.000000e0	0.000000e0	0.000000e0	0.000000e0	0.000000e0	-	-	-	-	-
225	zeros156-371	0.0000	0.000000e0	0.000000e0	0.000000e0	1.0000	0.000000e0	0.000000e0	1.0000	1	1	0.000000e0	0.000000e0	0.000000e0	0.000000e0	0.000000e0	-	-	-	-	-
226	zeros156-371	0.0000	0.000000e0	0.000000e0	0.000000e0	1.0000	0.000000e0	0.000000e0	1.0000	1	1	0.000000e0	0.000000e0	0.000000e0	0.000000e0	0.000000e0	-	-	-	-	-
227	zeros156-371	0.0000	0.000000e0	0.000000e0	0.000000e0	1.0000	0.000000e0	0.000000e0	1.0000	1	1	0.000000e0	0.000000e0	0.000000e0	0.000000e0	0.000000e0	-	-	-	-	-
228	zeros156-371	0.0000	0.000000e0	0.000000e0	0.000000e0	1.0000	0.000000e0	0.000000e0	1.0000	1	1	0.000000e0	0.000000e0	0.000000e0	0.000000e0	0.000000e0	-	-	-	-	-
229	zeros156-371	0.0000	0.000000e0	0.000000e0	0.000000e0	1.0000	0.000000e0	0.000000e0	1.0000	1	1	0.000000e0	0.000000e0	0.000000e0	0.000000e0	0.000000e0	-	-	-	-	-
230	zeros156-371	0.0000	0.000000e0	0.000000e0	0.000000e0	1.0000	0.000000e0	0.000000e0	1.0000	1	1	0.000000e0	0.000000e0	0.000000e0	0.000000e0	0.000000e0	-	-	-	-	-
231	zeros156-371	0.0000	0.000000e0	0.000000e0	0.000000e0	1.0000	0.000000e0	0.000000e0	1.0000	1	1	0.000000e0	0.000000e0	0.000000e0	0.000000e0	0.000000e0	-	-	-	-	-
232	zeros156-371	0.0000	0.000000e0	0.000000e0	0.000000e0	1.0000	0.000000e0	0.000000e0	1.0000	1	1	0.000000e0	0.000000e0	0.000000e0	0.000000e0	0.000000e0	-	-	-	-	-
233	zeros156-371	0.0000	0.000000e0	0.000000e0	0.000000e0	1.0000	0.000000e0	0.000000e0	1.0000	1	1	0.000000e0	0.000000e0	0.000000e0	0.000000e0	0.000000e0	-	-	-	-	-
234	zeros156-371	0.0000	0.000000e0	0.000000e0	0.000000e0	1.0000	0.000000e0	0.000000e0	1.0000	1	1	0.000000e0	0.000000e0	0.000000e0	0.000000e0	0.000000e0	-	-	-	-	-
235	zeros156-371	0.0000	0.000000e0	0.000000e0	0.000000e0	1.0000	0.000000e0	0.000000e0	1.0000	1	1	0.000000e0	0.000000e0	0.000000e0	0.000000e0	0.000000e0	-	-	-	-	-
236	zeros156-371	0.0000	0.000000e0	0.000000e0	0.000000e0	1.0000	0.000000e0	0.000000e0	1.0000	1	1	0.000000e0	0.000000e0	0.000000e0	0.000000e0	0.000000e0	-	-	-	-	-
237	zeros156-371	0.0000	0.000000e0	0.000000e0	0.000000e0	1.0000	0.000000e0	0.000000e0	1.0000	1	1	0.000000e0	0.000000e0	0.000000e0	0.000000e0	0.000000e0	-	-	-	-	-
238	zeros156-371	0.0000	0.000000e0	0.000000e0	0.000000e0	1.0000	0.000000e0	0.000000e0	1.0000	1	1	0.000000e0	0.000000e0	0.000000e0	0.000000e0	0.000000e0	-	-	-	-	-
239	zeros156-371	0.0000	0.000000e0	0.000000e0	0.000000e0	1.0000	0.000000e0	0.000000e0	1.0000	1	1	0.000000e0	0.000000e0	0.000000e0	0.000000e0	0.000000e0	-	-	-	-	-
240	zeros156-371	0.0000	0.000000e0	0.000000e0	0.000000e0	1.0000	0.000000e0	0.000000e0	1.0000	1	1	0.000000e0	0.000000e0	0.000000e0	0.000000e0	0.000000e0	-	-	-	-	-
241	zeros156-371	0.0000	0.000000e0	0.000000e0	0.000000e0	1.0000	0.000000e0	0.000000e0	1.0000	1	1	0.000000e0	0.000000e0	0.000000e0	0.000000e0	0.000000e0	-	-	-	-	-
242	zeros156-371	0.0000	0.000000e0	0.000000e0	0.000000e0	1.0000	0.000000e0	0.000000e0	1.0000	1	1	0.000000e0	0.000000e0	0.000000e0	0.000000e0	0.000000e0	-	-	-	-	-
243	zeros156-371	0.0000	0.000000e0	0.000000e0	0.000000e0	1.0000	0.000000e0	0.000000e0	1.0000	1	1	0.000000e0	0.000000e0	0.000000e0	0.000000e0	0.000000e0	-	-	-	-	-
244	zeros156-371	0.0000	0.000000e0	0.000000e0	0.000000e0	1.0000	0.000000e0	0.000000e0	1.0000	1	1	0.000000e0	0.000000e0	0.000000e0	0.000000e0	0.000000e0	-	-	-	-	-
245	zeros156-371	0.0000	0.000000e0	0.000000e0	0.000000e0	1.0000	0.000000e0	0.000000e0	1.0000	1	1	0.000000e0	0.000000e0	0.000000e0	0.000000e0	0.000000e0	-	-	-	-	-
246	zeros156-371	0.0000	0.000000e0	0.000000e0	0.000000e0	1.0000	0.000000e0	0.000000e0	1.0000	1	1	0.000000e0	0.000000e0	0.000000e0	0.000000e0	0.000000e0	-	-	-	-	-
247	zeros156-371	0.0000	0.000000e0	0.000000e0	0.000000e0	1.0000	0.000000e0	0.000000e0	1.0000	1	1	0.000000e0	0.000000e0	0.000000e0	0.000000e0	0.000000e0	-	-	-	-	-
248	zeros156-371	0.0000	0.000000e0	0.000000e0	0.000000e0	1.0000	0.000000e0	0.000000e0	1.0000	1	1	0.000000e0	0.000000e0	0.000000e0	0.000000e0	0.000000e0	-	-	-	-	-
249	zeros156-371	0.0000	0.000000e0	0.000000e0	0.000000e0	1.0000	0.000000e0	0.000000e0	1.0000	1	1	0.000000e0	0.000000e0	0.000000e0	0.000000e0	0.000000e0	-	-	-	-	-
250	zeros156-371	0.0000	0.000000e0	0.000000e0	0.000000e0	1.0000	0.000000e0	0.000000e0	1.0000	1	1	0.000000e0	0.000000e0	0.000000e0	0.000000e0	0.000000e0	-	-	-	-	-
251	zeros156-371	0.0000	0.000000e0	0.000000e0	0.000000e0	1.0000	0.000000e0	0.000000e0	1.0000	1	1	0.000000e0	0.000000e0	0.000000e0	0.000000e0	0.000000e0	-	-	-	-	-
252	zeros156-371	0.0000	0.000000e0	0.000000e0	0.000000e0	1.0000	0.000000e0	0.000000e0	1.0000	1	1	0.000000e0	0.000000e0	0.000000e0	0.000000e0	0.000000e0	-	-	-	-	-
253	zeros156-371	0.0000	0.000000e0	0.000000e0	0.000000e0	1.0000	0.000000e0	0.000000e0	1.0000	1	1	0.000000e0	0.000000e0	0.000000e0	0.000000e0	0.000000e0	-	-	-	-	-
254	zeros156-371	0.0000	0.000000e0	0.000000e0	0.000000e0	1.0000	0.000000e0	0.000000e0	1.0000	1	1	0.000000e0	0.000000e0	0.000000e0	0.000000e0	0.000000e0	-	-	-	-	-
255	zeros156-371	0.0000	0.000000e0	0.000000e0	0.000000e0	1.0000	0.000000e0	0.000000e0	1.0000	1	1	0.000000e0	0.000000e0	0.000000e0	0.000000e0	0.000000e0	-	-	-	-	-
256	zeros156-371	0.0000	0.000000e0	0.000000e0	0.000000e0	1.0000	0.000000e0	0.000000e0	1.0000	1	1	0.000000e0	0.000000e0	0.000000e0	0.000000e0	0.000000e0	-	-	-	-	-
257	zeros156-371	0.0000	0.000000e0	0.000000e0	0.000000e0	1.0000	0.000000e0	0.000000e0	1.0000	1	1	0.000000e0	0.000000e0	0.000000e0	0.000000e0	0.000000e0	-	-	-	-	-
258	zeros156-371	0.0000	0.000000e0	0.000000e0	0.000000e0	1.0000	0.000000e0	0.000000e0	1.0000	1	1	0.000000e0	0.000000e0	0.000000e0	0.000000e0	0.000000e0	-	-	-	-	-
259	zeros156-371	0.0000	0.000000e0	0.000000e0	0.000000e0	1.0000	0.000000e0	0.000000e0	1.0000	1	1	0.000000e0	0.000000e0	0.000000e0	0.000000e0	0.000000e0	-	-	-	-	-
260	zeros156-371	0.0000	0.000000e0	0.000000e0	0.000000e0	1.0000	0.000000e0	0.000000e0	1.0000	1	1	0.000000e0	0.000000e0	0.000000e0	0.000000e0	0.000000e0	-	-	-	-	-
261	zeros156-371	0.0000	0.000000e0	0.000000e0	0.000000e0	1.0000	0.000000e0	0.000000e0	1.0000	1	1	0.000000e0	0.000000e0	0.000000e0	0.000000e0	0.000000e0	-	-	-	-	-
262	zeros156-371	0.0000	0.000000e0	0.000000e0	0.000000e0	1.0000	0.000000e0	0.000000e0	1.0000	1	1	0.000000e0	0.000000e0	0.000000e0	0.000000e0	0.000000e0	-	-	-	-	-
263	zeros156-371	0.0000	0.000000e0	0.000000e0	0.000000e0	1.0000	0.000000e0	0.000000e0	1.0000	1	1	0.000000e0	0.000000e0	0.000000e0	0.000000e0	0.000000e0	-	-	-	-	-
264	zeros156-371	0.0000	0.000000e0	0.000000e0	0.000000e0	1.0000	0.000000e0	0.000000e0	1.0000	1	1	0.000000e0	0.000000e0	0.000000e0	0.000000e0	0.000000e0	-	-	-	-	-
265	zeros156-371	0.0000	0.000000e0	0.000000e0	0.000000e0	1.0000	0.000000e0	0.000000e0	1.0000	1	1	0.000000e0	0.000000e0	0.000000e0	0.000000e0	0.000000e0	-	-	-	-	-
266	zeros156-371	0.0000	0.000000e0	0.000000e0	0.000000e0	1.0000	0.000000e0	0.000000e0	1.0000	1	1	0.000000e0	0.000000e0	0.000000e0	0.000000e0	0.000000e0	-	-	-	-	-
267	zeros156-371	0.0000	0.000000e0	0.000000e0	0.000000e0	1.0000	0.000000e0	0.000000e0	1.0000	1	1	0.000000e0	0.000000e0	0.000000e0	0.000000e0	0.000000e0	-	-	-	-	-
268	zeros156-371	0.0000	0.000000e0	0.000000e0	0.000000e0	1.0000	0.000000e0	0.000000e0	1.0000	1	1	0.000000e0	0.000000e0	0.000000e0	0.000000e0	0.000000e0	-	-	-	-	-
269	zeros156-371	0.0000	0.000000e0	0.000000e0	0.000000e0	1.0000	0.000000e0	0.000000e0	1.0000	1	1	0.000000e0	0.000000e0	0.000000e0	0.000000e0	0.000000e0	-	-	-	-	-
270	zeros156-371	0.0000	0.000000e0	0.000000e0	0.000000e0	1.0000	0.000000e0	0.000000e0	1.0000	1	1	0.000000e0	0.000000e0	0.000000e0	0.000000e0	0.000000e0	-	-	-	-	-
271	zeros156-371	0.0000	0.000000e0	0.000000e0	0.000000e0	1.0000	0.000000e0	0.000000e0	1.0000	1	1	0.000000e0	0.000000e0	0.000000e0	0.000000e0	0.000000e0	-	-	-	-	-
272	zeros156-371	0.0000	0.000000e0	0.000000e0	0.000000e0	1.0000	0.000000e0	0.000000e0	1.0000	1	1	0.000000e0	0.000000e0	0.000000e0	0.000000e0	0.000000e0	-	-	-	-	-
273	zeros156-371	0.0000	0.000000e0	0.000000e0	0.000000e0	1.0000	0.000000e0	0.000000e0	1.0000	1	1	0.000000e0	0.000000e0	0.000000e0	0.000000e0	0.000000e0	-	-	-	-	-
274	zeros156-371	0.0000	0.000000e0	0.000000e0	0.000000e0	1.0000	0.000000e0	0.000000e0	1.0000	1	1	0.000000e0	0.000000e0	0.000000e0	0.000000e0	0.000000e0	-	-	-	-	-
275	zeros156-371	0.0000	0.000000e0	0.000000e0	0.000000e0	1.0000	0.000000e0	0.000000e0	1.0000	1	1	0.000000e0	0.000000e0	0.000000e0	0.000000e0	0.000000e0	-	-	-	-	-
276	zeros156-371	0.0000	0.000000e0	0.000000e0	0.000000e0	1.0000	0.000000e0	0.000000e0	1.0000	1	1	0.000000e0	0.000000e0	0.000000e0	0.000000e0	0.000000e0	-	-	-	-	-
277	zeros156-371	0.0000	0.000000e0	0.000000e0	0.000000e0	1.0000	0.000000e0	0.000000e0	1.0000	1	1	0.000000e0	0.000000e0	0.000000e0	0.000000e0	0.000000e0	-	-	-	-	-
278	zeros156-371	0.0000	0.000000e0	0.000000e0	0.000000e0	1.0000	0.000000e0	0.000000e0	1.0000	1	1	0.000000e0	0.000000e0	0.000000e0	0.000000e0	0.000000e0	-	-	-	-	-
279	zeros156-371	0.0000	0.000000e0	0.000000e0	0.000000e0	1.0000	0.000000e0	0.000000e0	1.0000	1	1	0.000000e0	0.000000e0	0.000000e0	0.000000e0	0.000000e0	-	-	-	-	-
280	zeros156-371	0.0000	0.000000e0	0.000000e0	0.000000e0	1.0000	0.000000e0	0.000000e0	1.0000	1	1	0.000000e0	0.000000e0	0.000000e0	0.000000e0	0.000000e0	-	-	-	-	-
281	zeros156-371	0.0000	0.000000e0	0.000000e0	0.000000e0	1.0000	0.000000e0	0.000000e0	1.0000	1	1	0.000000e0	0.000000e0	0.000000e0	0.000000e0	0.000000e0	-	-	-	-	-
282	zeros156-371	0.0000	0.000000e0	0.000000e0	0.000000e0	1.0000	0.000000e0	0.000000e0	1.0000	1	1	0.000000e0	0.000000e0	0.000000e0	0.000000e0	0.000000e0	-	-	-	-	-
283	zeros156-371	0.0000	0.000000e0	0.000000e0	0.000000e0	1.0000	0.000000e0	0.000000e0	1.0000	1	1	0.000000e0	0.000000e0	0.000000e0	0.000000e0	0.000000e0	-	-	-	-	-
284	zeros156-371	0.0000	0.000000e0	0.000000e0	0.000000e0	1.0000	0.000000e0	0.000000e0	1.0000	1	1	0.000000e0	0.000000e0	0.000000e0	0.000000e0	0.000000e0	-	-	-	-	-
285	zeros156-371	0.0000	0.000000e0	0.000000e0	0.000000e0	1.0000	0.000000e0	0.000000e0	1.0000	1	1	0.000000e0	0.000000e0	0.000000e0	0.000000e0	0.000000e0	-	-	-	-	-
286	zeros156-371	0.0000	0.000000e0	0.000000e0	0.000000e0	1.0000	0.000000e0	0.000000e0	1.0000	1	1	0.000000e0	0.000000e0	0.000000e0	0.000000e0	0.000000e0	-	-	-	-	-
287	zeros156-371	0.0000	0.000000e0	0.000000e0	0.000000e0	1.0000	0.000000e0	0.000000e0	1.0000	1	1	0.000000e0	0.000000e0	0.000000e0	0.000000e0	0.000000e0	-	-	-	-	-
288	zeros156-371	0.0000	0.000000e0	0.000000e0	0.000000e0	1.0000	0.000000e0	0.000000e0	1.0000	1	1	0.000000e0	0.000000e0	0.000000e0	0.000000e0	0.000000e0	-	-	-	-	-
289	zeros156-371	0.0000	0.000000e0	0.000000e0	0.000000e0	1.0000	0.000000e0	0.000000e0	1.0000	1	1	0.000000e0	0.000000e0	0.000000e0	0.000000e0	0.000000e0	-	-	-	-	-
290	zeros156-371	0.0000	0.000000e0	0.000000e0	0.000000e0	1.0000	0.000000e0	0.000000e0	1.0000	1	1	0.000000e0	0.000000e0	0.000000e0	0.000000e0	0.000000e0	-	-	-	-	-
291	zeros156-371	0.0000	0.000000e0	0.000000e0	0.000000e0	1.0000	0.000000e0	0.000000e0	1.0000	1	1	0.000000e0	0.000000e0	0.000000e0	0.000000e0	0.000000e0	-	-	-	-	-
292	zeros156-371	0.0000	0.000000e0	0.000000e0	0.000000e0	1.0000	0.000000e0	0.000000e0	1.0000	1	1	0.000000e0	0.000000e0	0.000000e0	0.000000e0	0.000000e0	-	-	-	-	-
293	zeros156-371	0.0000	0.000000e0	0.000000e0	0.000000e0	1.0000	0.000000e0	0.000000e0	1.0000	1	1	0.000000e0	0.000000e0	0.000000e0	0.000000e0	0.000000e0	-	-	-	-	-
294	zeros156-371	0.0000	0.000000e0	0.000000e0	0.000000e0	1.0000	0.000000e0	0.000000e0	1.0000	1	1	0.000000e0	0.000000e0	0.000000e0	0.000000e0	0.000000e0	-	-	-	-	-
295	zeros156-371	0.0000	0.000000e0	0.000000e0	0.000000e0	1.0000	0.000000e0	0.000000e0	1.0000	1	1	0.000000e0	0.000000e0	0.000000e0	0.000000e0	0.000000e0	-	-	-	-	-
296	zeros156-371	0.0000	0.000000e0	0.000000e0	0.000000e0	1.0000	0.000000e0	0.000000e0	1.0000	1	1	0.000000e0	0.000000e0	0.000000e0	0.000000e0	0.000000e0	-	-	-	-	-
297	zeros156-371	0.0000	0.000000e0	0.000000e0	0.000000e0	1.0000	0.000000e0	0.000000e0	1.0000	1	1	0.000000e0	0.000000e0	0.000000e0	0.000000e0	0.000000e0	-	-	-	-	-
298	zeros156-371	0.0000	0.000000e0	0.000000e0	0.000000e0	1.0000	0.000000e0	0.000000e0	1.0000	1	1	0.000000e0	0.000000e0	0.000000e0	0.000000e0	0.000000e0	-	-	-	-	-
299	zeros156-371	0.0000	0.000000e0	0.000000e0	0.000000e0	1.0000	0.000000e0	0.000000e0	1.0000	1	1	0.000000e0	0.000000e0	0.000000e0	0.000000e0	0.000000e0	-	-	-	-	-
300	zeros156-371	0.0000	0.000000e0	0.000000e0	0.000000e0	1.0000	0.000000e0	0.000000e0	1.0000	1	1	0.000000e0	0.000000e0	0.000000e0	0.000000e0	0.000000e0	-	-	-	-	-
301	zeros156-371	0.0000	0.000000e0	0.000000e0	0.000000e0	1.0000	0.000000e0	0.000000e0	1.0000	1	1	0.000000e0	0.000000e0	0.000000e0	0.000000e0	0.000000e0	-	-	-	-	-
302	zeros156-371	0.0000	0.000000e0	0.000000e0	0.000000e0	1.0000	0.000000e0	0.000000e0	1.0000	1	1	0.000000e0	0.000000e0	0.000000e0	0.000000e0	0.000000e0	-	-	-	-	-
303	zeros156-371	0.0000	0.000000e0	0.000000e0	0.000000e0	1.0000	0.000000e0	0.000000e0	1.0000	1	1	0.000000e0	0.000000e0	0.000000e0	0.000000e0	0.000000e0	-	-	-	-	-
304	zeros156-371	0.0000	0.000000e0	0.000000e0	0.000000e0	1.0000	0.000000e0	0.000000e0	1.0000	1	1	0.000000e0	0.000000e0	0.000000e0	0.000000e0	0.000000e0	-	-	-	-	-
305	zeros156-371	0.0000	0.000000e0	0.000000e0	0.000000e0	1.0000	0.000000e0	0.000000e0	1.0000	1	1	0.000000e0	0.000000e0	0.000000e0	0.000000e0	0.000000e0	-	-	-	-	-
306	zeros156-371	0.0000	0.000000e0	0.000000e0	0.000000e0	1.0000	0.000000e0	0.000000e0	1.0000	1	1	0.000000e0	0.000000e0	0.000000e0	0.000000e0	0.000000e0	-	-	-	-	-
307	zeros156-371	0.0000	0.000000e0	0.000000e0	0.000000e0	1.0000	0.000000e0	0.000000e0	1.0000	1	1	0.000000e0	0.000000e0	0.000000e0	0.000000e0	0.000000e0	-	-	-	-	-
308	zeros156-371	0.0000	0.000000e0	0.000000e0	0.000000e0	1.0000	0.000000e0	0.000000e0	1.0000	1	1	0.000000e0	0.000000e0	0.000000e0	0.000000e0	0.000000e0	-	-	-	-	-
309	zeros156-371	0.0000	0.000000e0	0.000000e0	0.000000e0	1.0000	0.000000e0	0.000000e0	1.0000	1	1	0.000000e0	0.000000e0	0.000000e0	0.000000e0	0.000000e0	-	-	-	-	-
310	zeros156-371	0.0000	0.000000e0	0.000000e0	0.000000e0	1.0000	0.000000e0	0.000000e0	1.0000	1	1	0.000000e0	0.000000e0	0.000000e0	0.000000e0	0.000000e0	-	-	-	-	-
311	zeros156-371	0.0000	0.000000e0	0.000000e0	0.000000e0	1.0000	0.000000e0	0.000000e0	1.0000	1	1	0.000000e0	0.000000e0	0.000000e0	0.000000e0	0.000000e0	-	-	-	-	-
312	zeros156-371	0.0000	0.000000e0	0.000000e0	0.000000e0	1.0000	0.000000e0	0.000000e0	1.0000	1	1	0.000000e0	0.000000e0	0.000000e0	0.000000e0	0.000000e0	-	-	-	-	-
313	zeros156-371	0.0000	0.000000e0	0.000000e0	0.000000e0	1.0000	0.000000e0	0.000000e0	1.0000	1	1	0.000000e0	0.000000e0	0.000000e0	0.000000e0	0.000000e0	-	-	-	-	-
314	zeros156-371	0.0000	0.000000e0	0.000000e0	0.000000e0	1.0000	0.000000e0	0.000000e0	1.0000	1	1	0.000000e0	0.000000e0	0.000000e0	0.000000e0	0.000000e0	-	-	-	-	-
315	zeros156-371	0.0000	0.000000e0	0.000000e0	0.000000e0	1.0000	0.000000e0	0.000000e0	1.0000	1	1	0.000000e0	0.000000e0	0.000000e0	0.000000e0	0.000000e0	-	-	-	-	-
316	zeros156-371	0.0000	0.000000e0	0.000000e0	0.000000e0	1.0000	0.000000e0	0.000000e0	1.0000	1	1	0.000000e0	0.000000e0	0.000000e0	0.000000e0	0.000000e0	-	-	-	-	-
317	zeros156-371	0.0000	0.000000e0	0.000000e0	0.000000e0	1.0000	0.000000e0	0.000000e0	1.0000	1	1	0.000000e0	0.000000e0	0.000000e0	0.000000e0	0.000000e0	-	-	-	-	-
318	zeros156-371	0.0000	0.000000e0	0.000000e0	0.000000e0	1.0000	0.000000e0	0.000000e0	1.0000	1	1	0.000000e0	0.000000e0	0.000000e0	0.000000e0	0.000000e0	-	-	-	-	-
319	zeros156-371	0.0000	0.000000e0	0.000000e0	0.000000e0	1.0000	0.000000e0	0.000000e0	1.0000	1	1	0.000000e0	0.000000e0	0.000000e0	0.000000e0	0.000000e0	-	-	-	-	-
320	zeros156-371	0.0000	0.000000e0	0.000000e0	0.000000e0	1.0000	0.000000e0	0.000000e0	1.0000	1	1	0.000000e0	0.000000e0	0.000000e0	0.000000e0	0.000000e0	-	-	-	-	-
321	zeros156-371	0.0000	0.000000e0	0.000000e0	0.000000e0	1.0000	0.000000e0	0.000000e0	1.0000	1	1	0.000000e0	0.000000e0	0.000000e0	0.000000e0	0.000000e0	-	-	-	-	-
322	zeros156-371	0.0000	0.000000e0	0.000000e0	0.000000e0	1.0000	0.000000e0	0.000000e0	1.0000	1	1	0.000000e0	0.000000e0	0.000000e0	0.000000e0	0.000000e0	-	-	-	-	-
323	zeros156-371	0.0000	0.000000e0	0.000000e0	0.000000e0	1.0000	0.000000e0	0.000000e0	1.0000	1	1	0.000000e0	0.000000e0	0.000000e0	0.000000e0	0.000000e0	-	-	-	-	-
324	zeros156-371	0.0000	0.000000e0	0.000000e0	0.000000e0	1.0000	0.000000e0	0.000000e0	1.0000	1	1	0.000000e0	0.000000e0	0.000000e0	0.000000e0	0.000000e0	-	-	-	-	-
325	zeros156-371	0.0000	0.000000e0	0.000000e0	0.000000e0	1.0000	0.000000e0	0.000000e0	1.0000	1	1	0.000000e0	0.000000e0	0.000000e0	0.000000e0	0.000000e0	-	-	-	-	-
326	zeros156-371	0.0000	0.000000e0	0.000000e0	0.000000e0	1.0000	0.000000e0	0.000000e0	1.0000	1	1	0.000000e0	0.000000e0	0.000000e0	0.000000e0	0.000000e0	-	-	-	-	-
327	zeros156-371	0.0000	0.000000e0	0.000000e0	0.000000e0	1.0000	0.000000e0	0.000000e0	1.0000	1	1	0.000000e0	0.000000e0	0.000000e0	0.000000e0	0.000000e0	-	-	-	-	-
328	zeros156-371	0.0000	0.000000e0	0.000000e0	0.000000e0	1.0000	0.000000e0	0.000000e0	1.0000	1	1	0.000000e0	0.000000e0	0.000000e0	0.000000e0	0.000000e0	-	-	-	-	-
329	zeros156-371	0.0000	0.000000e0	0.000000e0	0.000000e0	1.0000	0.000000e0	0.000000e0	1.0000	1	1	0.000000e0	0.000000e0	0.000000e0	0.000000e0	0.000000e0	-	-	-	-	-
330	zeros156-371	0.0000	0.000000e0	0.000000e0	0.000000e0	1.0000	0.000000e0	0.000000e0	1.0000	1	1	0.000000e0	0.000000e0	0.000000e0	0.000000e0	0.000000e0	-	-	-	-	-
331	zeros156-371	0.0000	0.000000e0	0.000000e0	0.000000e0	1.0000	0.000000e0	0.000000e0	1.0000	1	1	0.000000e0	0.000000e0	0.000000e0	0.000000e0	0.000000e0	-	-	-	-	-
332	zeros156-371	0.0000	0.000000e0	0.000000e0	0.000000e0	1.0000	0.000000e0	0.000000e0	1.0000	1	1	0.000000e0	0.000000e0	0.000000e0	0.000000e0	0.000000e0	-	-	-	-	-
333	zeros156-371	0.0000	0.000000e0	0.000000e0	0.000000e0	1.0000	0.000000e0	0.000000e0	1.0000	1	1	0.000000e0	0.000000e0	0.000000e0	0.000000e0	0.000000e0	-	-	-	-	-
334	zeros156-371	0.0000	0.000000e0	0.000000e0	0.000000e0	1.0000	0.000000e0	0.000000e0	1.0000	1	1	0.000000e0	0.000000e0	0.000000e0	0.000000e0	0.000000e0	-	-	-	-	-
335	zeros156-371	0.0000	0.000000e0	0.000000e0	0.000000e0	1.0000	0.000000e0	0.000000e0	1.0000	1	1	0.000000e0	0.000000e0	0.000000e0	0.000000e0	0.000000e0	-	-	-	-	-
336	zeros156-371	0.0000	0.000000e0	0.000000e0	0.000000e0	1.0000	0.000000e0	0.000000e0	1.0000	1	1	0.000000e0	0.000000e0	0.000000e0	0.000000e0	0.000000e0	-	-	-	-	-
337	zeros156-371	0.0000	0.000000e0	0.000000e0	0.000000e0	1.0000	0.000000e0	0.000000e0	1.0000	1	1	0.000000e0	0.000000e0	0.000000e0	0.000000e0	0.000000e0	-	-	-	-	-
338	zeros156-371	0.0000	0.000000e0	0.000000e0	0.000000e0	1.0000	0.000000e0	0.000000e0	1.0000	1	1	0.000000e0	0.000000e0	0.000000e0	0.000000e0	0.000000e0	-	-	-	-	-
339	zeros156-371	0.0000	0.000000e0	0.000000e0	0.000000e0	1.0000	0.000000e0	0.000000e0	1.0000	1	1	0.000000e0	0.000000e0	0.000000e0	0.000000e0	0.000000e0	-	-	-	-	-
340	zeros156-371	0.0000	0.000000e0	0.000000e0	0.000000e0	1.0000	0.000000e0	0.000000e0	1.0000	1	1	0.000000e0	0.000000e0	0.000000e0	0.000000e0	0.000000e0	-	-	-	-	-
341	zeros156-371	0.0000	0.000000e0	0.000000e0	0.000000e0	1.0000	0.000000e0	0.000000e0	1.0000	1	1	0.000000e0	0.000000e0	0.000000e0	0.000000e0	0.000000e0	-	-	-	-	-
342	zeros156-371	0.0000	0.000000e0	0.000000e0	0.000000e0	1.0000	0.000000e0	0.000000e0	1.0000	1	1	0.000000e0	0.000000e0	0.000000e0	0.000000e0	0.000000e0	-	-	-	-	-
343	zeros156-371	0.0000	0.000000e0	0.000000e0	0.000000e0	1.0000	0.000000e0	0.000000e0	1.0000	1	1	0.000000e0	0.000000e0	0.000000e0	0.000000e0	0.000000e0	-	-	-	-	-
344	zeros156-371	0.0000	0.000000e0	0.000000e0	0.000000e0	1.0000	0.000000e0	0.000000e0	1.0000	1	1	0.000000e0	0.000000e0	0.000000e0	0.000000e0	0.000000e0	-	-	-	-	-
345	zeros156-371	0.0000	0.000000e0	0.000000e0	0.000000e0	1.0000	0.000000e0	0.000000e0	1.0000	1	1	0.000000e0	0.000000e0	0.000000e0	0.000000e0	0.000000e0	-	-	-	-	-
346	zeros156-371	0.0000	0.000000e0	0.000000e0	0.000000e0	1.0000	0.000000e0	0.000000e0	1.0000	1	1	0.000000e0	0.000000e0	0.000000e0	0.000000e0	0.000000e0	-	-	-	-	-
347	zeros156-371	0.0000	0.000000e0	0.000000e0	0.000000e0	1.0000	0.000000e0	0.000000e0	1.0000	1	1	0.000000e0	0.000000e0	0.000000e0	0.000000e0	0.000000e0	-	-	-	-	-
348	zeros156-371	0.0000	0.000000e0	0.000000e0	0.000000e0	1.0000	0.000000e0	0.000000e0	1.0000	1	1	0.000000e0	0.000000e0	0.000000e0	0.000000e0	0.000000e0	-	-	-	-	-
349	zeros156-371	0.0000	0.000000e0	0.000000e0	0.000000e0	1.0000	0.000000e0	0.000000e0	1.0000	1	1	0.000000e0	0.000000e0	0.000000e0	0.000000e0	0.000000e0	-	-	-	-	-
350	zeros156-371	0.0000	0.000000e0	0.000000e0	0.000000e0	1.0000	0.000000e0	0.000000e0	1.0000	1	1	0.000000e0	0.000000e0	0.000000e0	0.000000e0	0.000000e0	-	-	-	-	-
351	zeros156-371	0.0000	0.000000e0	0.000000e0	0.000000e0	1.0000	0.000000e0	0.000000e0	1.0000	1	1	0.000000e0	0.000000e0	0.000000e0	0.000000e0	0.000000e0	-	-	-	-	-
352	zeros156-371	0.0000	0.000000e0	0.000000e0	0.000000e0	1.0000	0.000000e0	0.000000e0	1.0000	1	1	0.000000e0	0.000000e0	0.000000e0	0.000000e0	0.000000e0	-	-	-	-	-
353	zeros156-371	0.0000	0.000000e0	0.000000e0	0.000000e0	1.0000	0.000000e0	0.000000e0	1.0000	1	1	0.000000e0	0.000000e0	0.000000e0	0.000000e0	0.000000e0	-	-	-	-	-
354	zeros156-371	0.0000	0.000000e0	0.000000e0	0.000000e0	1.0000	0.000000e0	0.000000e0	1.0000	1	1	0.000000e0	0.000000e0	0.000000e0	0.000000e0	0.000000e0	-	-	-	-	-
355	zeros156-371	0.0000	0.000000e0	0.000000e0	0.000000e0	1.0000	0.000000e0	0.000000e0	1.0000	1	1	0.000000e0	0.000000e0	0.000000e0	0.000000e0	0.000000e0	-	-	-	-	-
356	zeros156-371	0.0000	0.000000e0	0.000000e0	0.000000e0	1.0000	0.000000e0	0.000000e0	1.0000	1	1	0.000000e0	0.000000e0	0.000000e0	0.000000e0	0.000000e0	-	-	-	-	-
357	zeros156-371	0.0000	0.000000e0	0.000000e0	0.000000e0	1.0000	0.000000e0	0.000000e0	1.0000	1	1	0.000000e0	0.000000e0	0.000000e0	0.000000e0	0.000000e0	-	-	-	-	-
358	zeros156-371	0.0000	0.000000e0	0.000000e0	0.000000e0	1.0000	0.000000e0	0.000000e0	1.0000	1	1	0.000000e0	0.000000e0	0.000000e0	0.000000e0	0.000000e0	-	-	-	-	-
359	zeros156-371	0.0000	0.000000e0	0.000000e0	0.000000e0	1.0000	0.000000e0	0.000000e0	1.0000	1	1	0.000000e0	0.000000e0	0.000000e0	0.000000e0	0.000000e0	-	-	-	-	-
360	zeros156-371	0.0000	0.000000e0	0.000000e0	0.000000e0	1.0000	0.000000e0	0.000000e0	1.0000	1	1	0.000000e0	0.000000e0	0.000000e0	0.000000e0	0.000000e0	-	-	-	-	-
361	zeros156-371	0.0000	0.000000e0	0.000000e0	0.000000e0	1.0000	0.000000e0	0.000000e0	1.0000	1	1	0.000000e0	0.000000e0	0.000000e0	0.000000e0	0.000000e0	-	-	-	-	-
362	zeros156-371	0.0000	0.000000e0	0.000000e0	0.000000e0	1.0000	0.000000e0	0.000000e0	1.0000	1	1	0.000000e0	0.000000e0	0.000000e0	0.000000e0	0.000000e0	-	-	-	-	-
363	zeros156-371	0.0000	0.000000e0	0.000000e0	0.000000e0	1.0000	0.000000e0	0.000000e0	1.0000	1	1	0.000000e0	0.000000e0	0.000000e0	0.000000e0	0.000000e0	-	-	-	-	-
364	zeros156-371	0.0000	0.000000e0	0.000000e0	0.000000e0	1.0000	0.000000e0	0.000000e0	1.0000	1	1	0.000000e0	0.000000e0	0.000000e0	0.000000e0	0.000000e0	-	-	-	-	-
365	zeros156-371	0.0000	0.000000e0	0.000000e0	0.000000e0	1.0000	0.000000e0	0.000000e0	1.0000	1	1	0.000000e0	0.000000e0	0.000000e0	0.000000e0	0.000000e0	-	-	-	-	-
366	zeros156-371	0.0000	0.000000e0	0.000000e0	0.000000e0	1.0000	0.000000e0	0.000000e0	1.0000	1	1	0.000000e0	0.000000e0	0.000000e0	0.000000e0	0.000000e0	-	-	-	-	-
367	zeros156-371	0.0000	0.000000e0	0.000000e0	0.000000e0	1.0000	0.000000e0	0.000000e0	1.0000	1	1	0.000000e0	0.000000e0	0.000000e0	0.000000e0	0.000000e0	-	-	-	-	-
368	zeros156-371	0.0000	0.000000e0	0.000000e0	0.000000e0	1.0000	0.000000e0	0.000000e0	1.0000	1	1	0.000000e0	0.000000e0	0.000000e0	0.000000e0	0.000000e0	-	-	-	-	-
369	zeros156-371	0.0000	0.000000e0	0.000000e0	0.000000e0	1.0000	0.000000e0	0.000000e0	1.0000	1	1	0.000000e0	0.000000e0	0.000000e0	0.000000e0	0.000000e0	-	-	-	-	-
370	zeros156-371	0.0000	0.000000e0	0.000000e0	0.000000e0	1.0000	0.000000e0	0.000000e0	1.0000	1	1	0.000000e0	0.000000e0	0.000000e0	0.000000e0	0.000000e0	-	-	-	-	-
371	zeros156-371	0.0000	0.000000e0	0.000000e0	0.000000e0	1.0000	0.000000e0	0.000000e0	1.0000	1	1	0.000000e0	0.000000e0	0.000000e0	0.000000e0	0.000000e0	-	-	-	-	-
372	v2-348	1.0000	6.079773e-2	2.782882e-1	1.123996e-1	0.6641	2.089429e0	4.900809e-1	0.2344	0	0	4.004866e-2	6.580091e-2	8.373675e-2	7.620997e-2	6.275061e-2	-	-	-	-	-
373	v2-348	1.0000	5.108517e-2	1.921631e-1	8.191208e-2	0.5994	1.456630e0	2.759804e-1	0.2500	0	0	6.881004e-2	3.368259e-2	5.477300e-2	5.642749e-2	7.884421e-2	-	-	-	-	-
374	v2-348	1.0000	5.719000e-2	2.045054e-1	9.002301e-2	0.5561	1.940157e0	4.850328e-1	0.2500	0	0	5.221932e-2	4.782435e-2	5.817298e-2	6.951545e-2	8.882033e-2	-	-	-	-	-
375	v2-348	1.0000	1.089897e-1	4.237633e-1	1.532013e-1	0.7712	3.750835e0	1.163674e0	0.1250	0	0	1.134473e-1	1.029080e-1	1.215758e-1	6.695358e-2	1.282272e-1	-	-	-	-	-
376	v2-348	1.0000	1.211826e-1	6.537647e-1	2.720740e-1	0.6343	2.152946e0	8.355300e-1	0.4297	0	0	7.810760e-2	1.157026e-1	1.208500e-1	1.014352e-1	1.977940e-1	-	-	-	-	-
377	v2-348	1.0000	3.112411e-2	6.582403e-2	3.694186e-2	0.7491	7.324349e-1	1.825281e-1	0.4219	0	0	4.616303e-2	2.182537e-2	3.003272e-2	3.262664e-2	3.991448e-2	-	-	-	-	-
378	v2-348	1.0000	7.745497e-2	2.461634e-1	1.065222e-1	0.7240	3.052334e0	6.200831e-1	0.1016	0	0	8.409239e-2	6.731295e-2	9.621499e-2	6.385527e-2	9.796607e-2	-	-	-	-	-
379	v2-348	1.0000	2.002459e-1	8.028178e-1	4.115081e-1	0.5784	2.989865e0	7.904738e-1	0.3203	0	0	2.082430e-1	1.459245e-1	1.572515e-1	1.085661e-1	3.870597e-1	-0.010520	-0.062372	-0.001182	0.000229	-0.001138
380	v2-348	1.0000	8.081002e-2	3.877125e-1	1.641112e-1	0.6527	2.738493e0	3.890156e-1	0.2188	0	0	3.427452e-2	8.820151e-2	1.357216e-1	1.343678e-1	9.146727e-2	-	-	-	-	-
381	v2-348	1.0000	8.763701e-2	3.087139e-1	1.363838e-1	0.5476	3.333574e0	8.289946e-1	0.1562	0	0	6.874564e-2	7.786816e-2	8.809077e-2	9.970058e-2	1.385648e-1	-	-	-	-	-
382	v2-348	1.0000	1.189035e-1	4.371624e-1	2.656938e-1	0.5581	4.236964e0	1.158026e0	0.1562	0	0	4.814420e-2	1.465590e-1	1.357714e-1	9.507407e-2	1.271749e-1	-	-	-	-	-
383	v2-348	1.0000	2.273942e-1	1.053973e0	5.698368e-1	0.5222	3.203422e0	1.090999e0	0.1172	0	0	1.102100e-1	2.469162e-1	1.823109e-1	1.241702e-1	3.544883e-1	-0.003596	-0.148026	0.008148	0.003177	-0.002632
384	v2-348	1.0000	7.327616e-2	2.023902e-1	1.364039e-1	0.6829	2.781910e0	3.388226e-1	0.2969	0	0	5.413834e-2	7.518322e-2	1.185590e-1	1.620453e-1	5.965095e-2	-	-	-	-	-
385	v2-348	1.0000	1.079106e-1	3.654190e-1	1.421290e-1	0.7715	3.508103e0	8.676251e-1	0.1250	0	0	1.171740e-1	9.864781e-2	1.302452e-1	1.057823e-1	1.187856e-1	-	-	-	-	-
386	v2-348	1.0000	9.409655e-2	3.475127e-1	1.813028e-1	0.5549	2.435819e0	3.551752e-1	0.3516	0	0	5.509931e-2	8.172100e-2	1.953869e-1	2.194853e-1	1.261981e-1	-	-	-	-	-
387	v2-348	1.0000	2.728648e-2	6.594586e-2	3.553515e-2	0.7568	6.440826e-1	1.979656e-1	0.4219	0	0	4.160977e-2	1.874102e-2	2.451448e-2	1.831253e-2	3.759122e-2	-	-	-	-	-
388	v2-348	1.0000	7.613737e-2	3.269096e-1	1.276072e-1	0.6315	1.816281e0	4.509100e-1	0.2344	0	0	5.686943e-2	7.071472e-2	9.584139e-2	1.026366e-1	1.060284e-1	-	-	-	-	-
389	v2-348	1.0000	1.023262e-1	3.534198e-1	1.401730e-1	0.7643	3.246523e0	7.160891e-1	0.0625	0	0	1.131237e-1	9.874816e-2	1.116132e-1	6.265632e-2	1.061396e-1	-	-	-	-	-
390	v2-348	1.0000	1.280292e-1	6.754704e-1	2.551796e-1	0.6320	2.408525e0	7.753922e-1	0.3672	0	0	5.113060e-2	1.465329e-1	1.552973e-1	1.532204e-1	1.577902e-1	-	-	-	-	-
391	v2-348	1.0000	7.246346e-2	2.075467e-1	8.255178e-2	0.8099	1.223393e0	2.573197e-1	0.3750	0	0	9.081363e-2	5.734470e-2	5.966901e-2	8.784061e-2	9.443225e-2	-	-	-	-	-
392	v2-348	1.0000	3.862150e-2	1.858950e-1	7.787909e-2	0.6525	1.195114e0	5.043994e-1	0.4062	0	0	3.370208e-2	3.261303e-2	3.580924e-2	3.118412e-2	6.560505e-2	-	-	-	-	-
393	v2-348	1.0000	1.964601e-1	7.650182e-1	3.636064e-1	0.5403	3.563968e0	6.222814e-1	0.1797	0	0	1.533207e-1	1.815678e-1	2.391594e-1	1.622057e-1	2.939005e-1	-0.010631	0.034132	-0.019962	-0.009558	-0.005192
394	v2-348	1.0000	1.285422e-1	7.460326e-1	3.144815e-1	0.5340	4.095403e0	1.812366e0	0.1094	0	0	1.924191e-2	1.621684e-1	1.370945e-1	1.080487e-1	1.695986e-1	-	-	-	-	-
395	v2-348	1.0000	4.082045e-2	1.953673e-1	8.209652e-2	0.6498	1.261212e0	5.242391e-1	0.3984	0	0	3.602353e-2	3.411968e-2	3.883328e-2	3.359529e-2	6.948085e-2	-	-	-	-	-
396	v2-348	1.0000	3.441671e-2	1.717129e-1	7.114171e-2	0.6720	1.034442e0	4.637806e-1	0.3828	0	0	3.171482e-2	2.873958e-2	2.765077e-2	2.509307e-2	5.901274e-2	-	-	-	-	-
397	v2-348	1.0000	1.099741e-1	5.642819e-1	2.382291e-1	0.5688	3.405087e0	7.025105e-1	0.1641	0	0	2.770521e-2	1.451254e-1	2.035988e-1	1.716701e-1	7.049233e-2	-	-	-	-	-
398	v2-348	1.0000	8.972918e-2	3.609143e-1	1.748508e-1	0.5605	2.901224e0	6.693998e-1	0.1094	0	0	3.649075e-2	9.669616e-2	1.663405e-1	1.619918e-1	1.002979e-1	-	-	-	-	-
399	v2-348	1.0000	1.486255e-1	6.229106e-1	2.570195e-1	0.6946	5.398724e0	1.022141e0	0.1562	0	0	1.147106e-1	1.547737e-1	2.296140e-1	1.906002e-1	1.427838e-1	-0.002627	-0.023149	0.017356	-0.001187	-0.000718
400	v2-348	1.0000	4.173922e-2	1.146703e-1	7.576991e-2	0.7080	1.456117e0	3.132675e-1	0.2578	0	0	6.110121e-2	2.669978e-2	3.134344e-2	3.482166e-2	6.674344e-2	-	-	-	-	-
401	v2-348	1.0000	2.282405e-1	1.021462e0	4.261506e-1	0.6133	4.582523e0	8.388599e-1	0.1641	0	0	9.735359e-2	2.529845e-1	3.953454e-1	6.215214e-1	1.863961e-1	-0.001179	-0.157673	0.027903	0.030809	0.000728
402	v2-348	1.0000	9.590116e-2	4.021845e-1	1.849947e-1	0.6702	3.333267e0	4.135095e-1	0.1875	0	0	3.901710e-2	1.247913e-1	1.359294e-1	1.673455e-1	5.440332e-2	-	-	-	-	-
403	v2-348	1.0000	2.819255e-1	7.205830e-1	3.733231e-1	0.5083	4.713989e0	9.803782e-1	0.2266	0	0	4.369947e-1	1.983856e-1	3.149003e-1	3.415978e-1	3.134168e-1	-0.000593	0.064167	-0.028349	-0.026427	-0.002294
404	v2-348	1.0000	1.522865e-1	6.594617e-1	3.185731e-1	0.7034	5.896920e0	1.424310e0	0.1562	0	0	3.971206e-2	1.999840e-1	2.255512e-1	2.650233e-1	1.070929e-1	-0.000310	-0.044526	0.015861	0.003212	-0.001656
405	v2-348	1.0000	9.504988e-2	3.319550e-1	1.832202e-1	0.6525	3.694795e0	5.113464e-1	0.2031	0	0	7.430029e-2	8.144139e-2	1.667361e-1	2.157551e-1	1.162149e-1	-	-	-	-	-
406	v2-348	1.0000	7.542782e-2	3.298815e-1	1.210110e-1	0.6369	2.011409e0	7.310180e-1	0.1406	0	0	7.702397e-2	6.549106e-2	7.652128e-2	8.186779e-2	1.016981e-1	-	-	-	-	-
407	v2-348	1.0000	7.908434e-2	2.598109e-1	1.329286e-1	0.5220	3.447894e0	4.260669e-1	0.1797	0	0	5.125800e-2	7.935734e-2	1.004064e-1	1.235564e-1	9.810226e-2	-	-	-	-	-
408	v2-348	1.0000	1.205576e-1	4.453514e-1	1.783846e-1	0.6857	3.131088e0	3.936377e-1	0.1719	0	0	1.350853e-1	9.383144e-2	1.183945e-1	1.062547e-1	1.867649e-1	-	-	-	-	-
409	v2-348	1.0000	1.150622e-1	5.668242e-1	2.255442e-1	0.5616	3.113264e0	7.537875e-1	0.2891	0	0	2.626580e-2	1.357858e-1	1.456500e-1	1.404911e-1	1.524618e-1	-	-	-	-	-
410	v2-348	1.0000	1.667137e-1	4.275341e-1	1.987620e-1	0.6866	4.549370e0	4.866068e-1	0.1719	0	0	2.497110e-1	1.278904e-1	1.616590e-1	1.742204e-1	1.773035e-1	0.000057	0.003673	0.000656	0.000045	-0.000232
411	v2-348	1.0000	1.899089e-1	7.543283e-1	3.445867e-1	0.5246	8.166662e0	1.349665e0	0.1875	0	0	1.104789e-1	1.975653e-1	3.214894e-1	3.584431e-1	1.953416e-1	0.000651	0.055725	-0.049199	-0.022539	0.000018
412	v2-348	1.0000	1.215399e-1	4.656811e-1	2.268522e-1	0.5036	3.992536e0	8.070860e-1	0.1250	0	0	7.598186e-2	1.349574e-1	1.376610e-1	1.373491e-1	1.315360e-1	-	-	-	-	-
413	v2-348	1.0000	5.189980e-2	1.403618e-1	7.175677e-2	0.6271	2.002730e0	3.284820e-1	0.1250	0	0	9.228088e-2	3.125730e-2	5.207819e-2	5.587839e-2	6.160531e-2	-	-	-	-	-
414	v2-348	1.0000	1.669475e-1	7.110977e-1	3.472464e-1	0.6994	7.428032e0	1.597027e0	0.1406	0	0	4.283627e-2	2.316149e-1	2.443484e-1	2.286570e-1	9.598001e-2	0.000061	-0.054592	0.023006	0.003914	-0.001222
415	v2-348	1.0000	1.400360e-1	4.638672e-1	2.686595e-1	0.7223	4.181774e0	4.837779e-1	0.2109	0	0	7.424304e-2	1.337123e-1	2.845285e-1	3.918283e-1	1.475564e-1	-	-	-	-	-
416	v2-348	1.0000	4.129949e-2	1.739910e-1	7.943705e-2	0.6545	2.015437e0	5.785559e-1	0.1250	0	0	2.882953e-2	4.138941e-2	4.411567e-2	3.828074e-2	5.701567e-2	-	-	-	-	-
417	v2-348	1.0000	1.362611e-1	7.151105e-1	2.718812e-1	0.5364	3.627368e0	8.565885e-1	0.1953	0	0	4.498019e-2	1.689312e-1	1.959902e-1	2.622267e-1	1.096725e-1	-	-	-	-	-
418	v2-348	1.0000	1.459218e-1	5.390863e-1	2.315520e-1	0.5952	4.143785e0	1.150900e0	0.1719	0	0	1.036539e-1	1.542796e-1	1.597444e-1	1.567396e-1	1.687807e-1	-0.000326	0.043986	-0.005341	-0.001763	-0.001773
419	v2-348	1.0000	1.718074e-1	5.955284e-1	2.850506e-1	0.7180	5.778109e0	1.031441e0	0.2344	0	0	1.710676e-1	1.479438e-1	2.412478e-1	2.749845e-1	2.030113e-1	-0.002982	0.026039	-0.024950	-0.019970	-0.002516
420	v2-348	1.0000	7.572377e-2	4.061060e-1	1.584134e-1	0.5080	3.048852e0	1.030796e0	0.1719	0	0	3.762436e-2	8.080620e-2	9.697512e-2	8.345815e-2	1.019459e-1	-	-	-	-	-
421	v2-348	1.0000	5.733213e-2	2.370225e-1	1.004654e-1	0.5331	2.674514e0	6.916533e-1	0.1797	0	0	4.040010e-2	5.018092e-2	7.975929e-2	7.897095e-2	8.988741e-2	-	-	-	-	-
422	v2-348	1.0000	1.522446e-1	6.569684e-1	3.179531e-1	0.5606	2.423515e0	7.898684e-1	0.1172	0	0	8.858041e-2	1.469484e-1	1.193404e-1	6.658157e-2	2.785453e-1	0.005111	-0.029724	0.000443	-0.000348	-0.001248
423	v2-348	1.0000	1.130973e-1	3.167229e-1	1.554640e-1	0.6454	3.299633e0	4.498656e-1	0.0781	0	0	1.247154e-1	9.973745e-2	1.511740e-1	1.598320e-1	1.178918e-1	-	-	-	-	-
424	v2-348	1.0000	5.790574e-2	2.279527e-1	9.559747e-2	0.5932	2.822951e0	5.968409e-1	0.1953	0	0	5.009381e-2	4.819111e-2	7.632963e-2	6.889813e-2	9.003359e-2	-	-	-	-	-
425	v2-348	1.0000	6.039921e-2	2.928505e-1	1.100488e-1	0.5137	2.450438e0	6.818714e-1	0.1172	0	0	3.618067e-2	5.858451e-2	8.422696e-2	1.012604e-1	8.130112e-2	-	-	-	-	-
426	v2-348	1.0000	2.102208e-1	8.080735e-1	3.571173e-1	0.5941	7.405775e0	8.283980e-1	0.1875	0	0	4.456352e-2	2.785345e-1	3.051343e-1	4.332009e-1	1.394333e-1	0.001051	-0.064637	-0.014216	-0.001280	0.000285
427	v2-348	1.0000	1.680298e-1	6.502161e-1	2.855761e-1	0.5022	5.359932e0	9.713282e-1	0.0938	0	0	6.026149e-2	2.301131e-1	1.787858e-1	1.895948e-1	1.105293e-1	0.001939	0.034425	-0.015864	-0.012836	0.000460
428	v2-348	1.0000	1.503274e-1	5.853725e-1	3.994244e-1	0.6159	6.147032e0	9.118163e-1	0.1094	0	0	5.032351e-2	1.918122e-1	2.441960e-1	2.370789e-1	1.085303e-1	-0.000972	-0.055975	0.011489	-0.001535	0.000508
429	v2-348	1.0000	3.645024e-2	1.742020e-1	7.713656e-2	0.6020	2.066193e0	6.724854e-1	0.1875	0	0	1.726423e-2	3.690684e-2	4.396654e-2	5.239969e-2	5.404140e-2	-	-	-	-	-
430	v2-348	1.0000	5.013210e-2	1.355357e-1	6.089663e-2	0.7021	1.744981e0	2.679807e-1	0.2969	0	0	6.981108e-2	3.493015e-2	4.391404e-2	4.409768e-2	7.393317e-2	-	-	-	-	-
431	v2-348	1.0000	1.005184e-1	4.475927e-1	2.104872e-1	0.6263	2.215910e0	8.498162e-1	0.1719	0	0	7.423644e-2	9.801356e-2	1.010294e-1	7.181359e-2	1.484187e-1	-	-	-	-	-
432	v2-348	1.0000	4.671152e-2	1.616526e-1	7.066259e-2	0.5129	1.778579e0	2.544230e-1	0.0781	0	0	3.754439e-2	4.677947e-2	5.108630e-2	5.638669e-2	5.488978e-2	-	-	-	-	-
433	v2-348	1.0000	6.825539e-2	3.698964e-1	1.265625e-1	0.7060	3.126924e0	1.074400e0	0.1719	0	0	3.317203e-2	8.620116e-2	7.846689e-2	4.804811e-2	6.100678e-2	-	-	-	-	-
434	v2-348	1.0000	1.196194e-1	7.098675e-1	3.367123e-1	0.6490	2.092029e0	9.929261e-1	0.2188	0	0	7.256645e-2	1.031200e-1	8.021731e-2	5.289156e-2	2.557986e-1	-	-	-	-	-
435	v2-348	1.0000	2.875598e-2	6.529880e-2	3.397374e-2	0.7885	6.386362e-1	9.319774e-2	0.3594	0	0	5.090018e-2	1.820544e-2	2.690569e-2	3.728576e-2	3.077244e-2	-	-	-	-	-
436	v2-348	1.0000	4.335870e-2	1.802297e-1	8.004026e-2	0.5664	2.418665e0	4.547501e-1	0.1484	0	0	2.141917e-2	5.498796e-2	5.827004e-2	4.398653e-2	3.229225e-2	-	-	-	-	-
437	v2-348	1.0000	1.241046e-1	4.703550e-1	2.263113e-1	0.6020	2.182264e0	3.695090e-1	0.2188	0	0	1.147236e-1	1.007992e-1	1.079602e-1	9.287919e-2	2.182211e-1	-	-	-	-	-
438	v2-348	1.0000	1.708973e-1	7.881055e-1	3.857442e-1	0.5710	3.377283e0	9.030675e-1	0.2031	0	0	6.811714e-2	1.988667e-1	2.029110e-1	1.787328e-1	2.080353e-1	-0.000901	-0.089455	-0.003033	0.004150	0.001463
439	v2-348	1.0000	7.008744e-2	2.211260e-1	9.894798e-2	0.6840	3.005266e0	6.105832e-1	0.2188	0	0	8.461983e-2	5.509772e-2	7.427512e-2	1.020708e-1	8.829699e-2	-	-	-	-	-
440	v2-348	1.0000	1.031181e-1	4.400361e-1	2.243631e-1	0.5906	3.309599e0	1.014919e0	0.1016	0	0	4.829818e-2	1.248436e-1	1.267758e-1	1.003994e-1	1.022044e-1	-	-	-	-	-
441	v2-348	1.0000	1.460022e-1	4.968400e-1	2.780814e-1	0.5492	2.858186e0	5.460371e-1	0.2109	0	0	8.961833e-2	1.612019e-1	1.390286e-1	1.146997e-1	1.814679e-1	0.002996	-0.080885	0.008033	0.003215	-0.000769
442	v2-348	1.0000	5.755970e-2	1.435857e-1	8.009531e-2	0.7153	2.103415e0	2.768165e-1	0.3047	0	0	7.753829e-2	4.074113e-2	6.947846e-2	9.433737e-2	7.119481e-2	-	-	-	-	-
443	v2-348	1.0000	8.631994e-2	3.662536e-1	1.500374e-1	0.7088	3.425258e0	9.824862e-1	0.1484	0	0	4.893106e-2	1.088054e-1	1.021225e-1	8.109988e-2	6.333633e-2	-	-	-	-	-
444	v2-348	1.0000	1.153724e-1	5.640028e-1	2.827467e-1	0.6427	1.918017e0	7.358538e-1	0.1406	0	0	7.702865e-2	8.710534e-2	1.225942e-1	1.192028e-1	2.474901e-1	-	-	-	-	-
445	v2-348	1.0000	2.040689e-2	4.254436e-2	2.676728e-2	0.7709	5.424672e-1	9.671820e-2	0.2969	0	0	3.263540e-2	1.508739e-2	1.823942e-2	2.182819e-2	2.104870e-2	-	-	-	-	-
446	v2-348	1.0000	5.276510e-2	1.606331e-1	7.843621e-2	0.6754	1.626650e0	2.989354e-1	0.2031	0	0	6.988815e-2	4.401679e-2	6.171642e-2	4.915659e-2	5.580029e-2	-	-	-	-	-
447	v2-348	1.0000	4.539726e-2	2.296832e-1	8.177602e-2	0.7029	2.443359e0	6.092861e-1	0.1484	0	0	3.019881e-2	4.956827e-2	6.291551e-2	6.103298e-2	4.409543e-2	-	-	-	-	-
448	v2-348	1.0000	1.594356e-1	8.368459e-1	3.505122e-1	0.6090	2.764352e0	1.070523e0	0.2734	0	0	1.129773e-1	1.453120e-1	1.498438e-1	1.205721e-1	2.734338e-1	0.004735	0.030972	-0.004313	0.001740	-0.003243
449	v2-348	1.0000	4.354252e-2	1.327801e-1	5.086653e-2	0.8140	7.701723e-1	1.908817e-1	0.4297	0	0	5.988613e-2	3.318106e-2	3.598200e-2	4.333235e-2	5.595253e-2	-	-	-	-	-
450	v2-348	1.0000	4.691369e-2	1.783485e-1	7.685368e-2	0.6374	1.403260e0	4.881948e-1	0.4297	0	0	6.066451e-2	3.178345e-2	4.413608e-2	3.989475e-2	7.744877e-2	-	-	-	-	-
451	v2-348	1.0000	1.790616e-1	7.000040e-1	3.710092e-1	0.5608	2.786165e0	6.679848e-1	0.2031	0	0	1.207086e-1	1.635163e-1	1.690464e-1	1.003645e-1	3.220375e-1	-0.012297	0.034029	-0.011491	-0.005607	-0.006571
452	v2-348	1.0000	1.063839e-1	5.805957e-1	2.560271e-1	0.5503	3.557102e0	1.458372e0	0.1641	0	0	4.227072e-2	1.117550e-1	9.590836e-2	6.342198e-2	1.851783e-1	-	-	-	-	-
453	v2-348	1.0000	4.668693e-2	1.860876e-1	7.926529e-2	0.6449	1.443477e0	5.024011e-1	0.4375	0	0	5.667346e-2	3.260514e-2	4.611547e-2	4.237618e-2	7.767701e-2	-	-	-	-	-
454	v2-348	1.0000	4.124589e-2	1.461120e-1	6.399508e-2	0.6351	1.224838e0	4.073257e-1	0.4453	0	0	5.777825e-2	2.660964e-2	3.496917e-2	3.528317e-2	6.737267e-2	-	-	-	-	-
455	v2-348	1.0000	9.725833e-2	3.416047e-1	2.111151e-1	0.5681	3.416535e0	4.960609e-1	0.1484	0	0	2.965280e-2	1.244856e-1	1.985150e-1	1.770011e-1	5.676734e-2	-	-	-	-	-
456	v2-348	1.0000	7.261268e-2	3.408521e-1	1.591416e-1	0.5889	2.491324e0	6.272258e-1	0.1719	0	0	3.027760e-2	7.905263e-2	1.262758e-1	1.115262e-1	8.449535e-2	-	-	-	-	-
457	v2-348	1.0000	1.610631e-1	8.464231e-1	2.945275e-1	0.6790	5.907979e0	1.617489e0	0.1328	0	0	9.112630e-2	1.773962e-1	2.491729e-1	2.233425e-1	1.640485e-1	-0.001309	-0.005348	0.014466	-0.002517	-0.001201
458	v2-348	1.0000	4.909931e-2	1.976353e-1	9.650532e-2	0.6548	1.757357e0	5.641461e-1	0.2188	0	0	5.325436e-2	3.930107e-2	3.047508e-2	3.505200e-2	8.154849e-2	-	-	-	-	-
459	v2-348	1.0000	4.355995e-2	1.864672e-1	7.586829e-2	0.5307	1.319278e0	4.539639e-1	0.3047	0	0	2.691856e-2	4.612840e-2	5.917498e-2	4.744116e-2	5.219947e-2	-	-	-	-	-
460	v2-348	1.0000	3.312802e-2	1.591969e-1	6.845030e-2	0.6261	1.163465e0	1.928899e-1	0.3359	0	0	2.527426e-2	3.521605e-2	5.672177e-2	5.732273e-2	2.513498e-2	-	-	-	-	-
461	v2-348	1.0000	5.892071e-2	1.714206e-1	7.799325e-2	0.6224	1.878493e0	3.392896e-1	0.2344	0	0	5.117200e-2	5.369462e-2	6.754131e-2	8.031980e-2	7.748335e-2	-	-	-	-	-
462	v2-348	1.0000	3.750947e-2	2.473084e-1	8.542277e-2	0.6152	1.661162e0	6.859003e-1	0.2656	0	0	1.853182e-2	3.765340e-2	4.806599e-2	5.835031e-2	5.385234e-2	-	-	-	-	-
463	v2-348	1.0000	8.719990e-2	5.189557e-1	1.928530e-1	0.6219	2.067128e0	7.145384e-1	0.4297	0	0	2.791103e-2	9.279254e-2	1.044354e-1	1.137119e-1	1.357527e-1	-	-	-	-	-
464	v2-348	1.0000	2.396251e-2	5.585234e-2	2.612649e-2	0.7909	4.766241e-1	1.318644e-1	0.3438	0	0	4.220929e-2	1.403158e-2	1.971563e-2	1.803360e-2	3.309835e-2	-	-	-	-	-
465	v2-348	1.0000	3.364554e-2	1.196089e-1	5.955238e-2	0.6300	1.650081e0	3.854850e-1	0.2266	0	0	2.298816e-2	3.082176e-2	5.140681e-2	6.534354e-2	4.389638e-2	-	-	-	-	-
466	v2-348	1.0000	1.440433e-1	4.589083e-1	2.374688e-1	0.5076	2.217926e0	3.116163e-1	0.3906	0	0	1.558920e-1	9.492487e-2	2.173614e-1	2.709172e-1	2.290643e-1	-	-	-	-	-
467	v2-348	1.0000	7.119018e-2	2.020478e-1	1.007364e-1	0.5461	1.744801e0	2.085273e-1	0.1953	0	0	1.003026e-1	5.693063e-2	7.343806e-2	6.489285e-2	7.788861e-2	-	-	-	-	-
468	v2-348	1.0000	4.203949e-2	1.414255e-1	6.047190e-2	0.7199	1.393437e0	4.846912e-1	0.2656	0	0	4.328218e-2	3.668042e-2	4.169213e-2	3.919653e-2	5.743217e-2	-	-	-	-	-
469	v2-348	1.0000	8.073471e-2	2.901049e-1	1.307642e-1	0.6609	2.227644e0	2.790048e-1	0.1406	0	0	8.631828e-2	7.046649e-2	8.727197e-2	6.087264e-2	1.076085e-1	-	-	-	-	-
470	v2-348	1.0000	7.941599e-2	3.054276e-1	1.287407e-1	0.5699	1.227342e0	2.020892e-1	0.2031	0	0	7.618009e-2	6.677729e-2	8.947537e-2	9.347733e-2	1.159779e-1	-	-	-	-	-
471	v2-348	1.0000	4.049480e-2	1.737690e-1	7.094863e-2	0.5589	1.379483e0	4.033548e-1	0.3125	0	0	2.134851e-2	4.569594e-2	5.755800e-2	3.510633e-2	4.616065e-2	-	-	-	-	-
472	v2-348	1.0000	4.232392e-2	2.083468e-1	9.454652e-2	0.6067	1.795938e0	5.658791e-1	0.2656	0	0	1.882356e-2	4.411624e-2	7.247211e-2	9.941565e-2	4.595456e-2	-	-	-	-	-
473	v2-348	1.0000	6.612068e-2	3.542719e-1	1.399166e-1	0.6904	1.751337e0	5.078434e-1	0.3828	0	0	2.155476e-2	7.339973e-2	7.068503e-2	7.321409e-2	9.846599e-2	-	-	-	-	-
474	v2-348	1.0000	2.637786e-2	7.880020e-2	3.524800e-2	0.7826	5.434872e-1	2.051789e-1	0.3594	0	0	4.579657e-2	1.471513e-2	2.014799e-2	1.605367e-2	4.079369e-2	-	-	-	-	-
475	v2-348	1.0000	5.087216e-2	2.314948e-1	1.016652e-1	0.5557	1.469324e0	5.824995e-1	0.3281	0	0	4.407389e-2	4.339831e-2	5.622183e-2	5.859191e-2	7.906020e-2	-	-	-	-	-
476	v2-348	1.0000	5.244794e-2	3.093586e-1	1.049423e-1	0.7146	1.699491e0	6.536002e-1	0.3047	0	0	2.069813e-2	6.228364e-2	6.632740e-2	4.693852e-2	6.111220e-2	-	-	-	-	-
477	v2-348	1.0000	9.030862e-2	4.485478e-1	1.707379e-1	0.6297	2.254555e0	6.359435e-1	0.3359	0	0	3.935407e-2	1.068923e-1	1.019051e-1	1.085704e-1	9.824348e-2	-	-	-	-	-
478	v2-348	1.0000	3.438607e-2	8.727741e-2	3.591175e-2	0.8585	6.198018e-1	9.866041e-2	0.3438	0	0	4.518660e-2	2.746675e-2	2.520470e-2	2.715401e-2	4.554316e-2	-	-	-	-	-
479	v2-348	1.0000	2.623083e-2	2.018788e-1	7.527881e-2	0.5948	8.868086e-1	4.556081e-1	0.3438	0	0	1.055619e-2	2.674935e-2	2.464689e-2	1.278635e-2	4.833449e-2	-	-	-	-	-
480	v2-348	1.0000	6.129173e-2	2.333002e-1	1.167700e-1	0.6215	1.235713e0	2.505531e-1	0.1562	0	0	6.402043e-2	3.945630e-2	6.303012e-2	5.884200e-2	1.240610e-1	-	-	-	-	-
481	v2-348	1.0000	1.763498e-1	9.177637e-1	3.366586e-1	0.5983	4.379300e0	1.447474e0	0.1016	0	0	1.056032e-1	1.774140e-1	2.526982e-1	1.709579e-1	2.454559e-1	-0.004070	-0.015601	-0.040330	-0.009750	0.000459
482	v2-348	1.0000	2.797000e-2	2.268766e-1	8.555270e-2	0.5392	9.845772e-1	5.099412e-1	0.3359	0	0	7.771926e-3	2.995802e-2	2.674257e-2	1.383831e-2	5.149871e-2	-	-	-	-	-
483	v2-348	1.0000	1.981468e-2	1.249905e-1	4.703324e-2	0.6537	6.072002e-1	2.902278e-1	0.3125	0	0	1.371723e-2	1.775460e-2	1.821618e-2	1.030426e-2	3.651771e-2	-	-	-	-	-
484	v2-348	1.0000	1.427844e-1	6.472319e-1	3.309157e-1	0.6559	3.560298e0	8.922290e-1	0.2266	0	0	6.852412e-2	1.731953e-1	1.751551e-1	8.834798e-2	1.503212e-1	-	-	-	-	-
485	v2-348	1.0000	5.947091e-2	2.582040e-1	9.795981e-2	0.6240	1.551150e0	3.413089e-1	0.1953	0	0	3.613351e-2	6.325988e-2	6.901183e-2	6.918400e-2	7.322671e-2	-	-	-	-	-
486	v2-348	1.0000	5.805400e-2	3.366696e-1	1.206530e-1	0.5800	2.055504e0	6.831033e-1	0.2031	0	0	1.358797e-2	7.378590e-2	9.345207e-2	7.512408e-2	5.434674e-2	-	-	-	-	-
487	v2-348	1.0000	3.634083e-2	8.833122e-2	6.100282e-2	0.8025	8.762734e-1	1.536756e-1	0.2188	0	0	5.319734e-2	1.747536e-2	2.604850e-2	2.487707e-2	7.718712e-2	-	-	-	-	-
488	v2-348	1.0000	4.741644e-2	2.004189e-1	9.753363e-2	0.6736	1.709388e0	5.267828e-1	0.2031	0	0	2.196174e-2	5.389516e-2	7.137252e-2	8.358158e-2	4.584129e-2	-	-	-	-	-
489	v2-348	1.0000	1.453771e-1	3.459454e-1	2.133844e-1	0.5862	3.382812e0	5.979532e-1	0.2422	0	0	2.262265e-1	1.112469e-1	1.583009e-1	1.597172e-1	1.382558e-1	-0.000322	-0.049005	0.008218	0.016301	0.000484
490	v2-348	1.0000	1.045935e-1	4.203152e-1	1.541596e-1	0.8614	3.286561e0	3.611849e-1	0.2266	0	0	9.185888e-2	9.575536e-2	2.188115e-1	2.482320e-1	8.464618e-2	-	-	-	-	-
491	v2-348	1.0000	5.831447e-2	2.566096e-1	1.070511e-1	0.6131	2.606411e0	8.353855e-1	0.1875	0	0	3.514183e-2	5.870339e-2	7.733409e-2	5.745465e-2	8.216782e-2	-	-	-	-	-
492	v2-348	1.0000	6.263950e-2	3.056523e-1	1.323339e-1	0.5953	2.436607e0	5.960575e-1	0.1172	0	0	3.255658e-2	6.323693e-2	1.045467e-1	1.221434e-1	7.473456e-2	-	-	-	-	-
493	v2-348	1.0000	3.225324e-2	8.845854e-2	3.838220e-2	0.7167	1.008687e0	1.968159e-1	0.1328	0	0	5.116192e-2	2.131970e-2	2.300704e-2	1.990617e-2	4.636802e-2	-	-	-	-	-
494	v2-348	1.0000	5.412040e-2	2.224445e-1	9.184286e-2	0.6081	2.314543e0	3.925073e-1	0.1953	0	0	3.303790e-2	5.893572e-2	5.115154e-2	4.194036e-2	7.021562e-2	-	-	-	-	-
495	v2-348	1.0000	3.701663e-2	1.188617e-1	5.378988e-2	0.6103	2.236260e0	2.568532e-1	0.1797	0	0	3.377470e-2	3.421486e-2	4.685843e-2	2.430101e-2	5.008209e-2	-	-	-	-	-
496	v2-348	1.0000	6.312281e-2	3.125238e-1	1.264186e-1	0.5085	2.299213e0	5.036232e-1	0.1406	0	0	2.508447e-2	5.879880e-2	1.026111e-1	8.918999e-2	1.087655e-1	-	-	-	-	-
497	v2-348	1.0000	7.748889e-2	3.477266e-1	1.399219e-1	0.5884	3.571924e0	4.408075e-1	0.1406	0	0	3.551863e-2	1.005239e-1	1.042270e-1	1.039956e-1	4.849509e-2	-	-	-	-	-
498	v2-348	1.0000	2.081890e-1	1.050561e0	4.033496e-1	0.5762	6.481318e0	8.497113e-1	0.1562	0	0	1.482011e-1	2.151042e-1	3.728468e-1	3.637705e-1	1.853463e-1	0.000458	0.091982	-0.058824	-0.023631	-0.000582
499	v2-348	1.0000	2.601037e-1	9.261340e-1	4.089885e-1	0.5036	4.005882e0	5.870316e-1	0.1484	0	0	3.435847e-1	1.982928e-1	2.824429e-1	2.408883e-1	3.388463e-1	-0.000372	0.081912	-0.025310	-0.015541	-0.001855
500	v2-348	1.0000	3.255185e-2	8.341074e-2	4.643711e-2	0.6940	1.377728e0	1.467628e-1	0.1953	0	0	3.823483e-2	2.501538e-2	4.951787e-2	6.682551e-2	3.570074e-2	-	-	-	-	-
501	v2-348	1.0000	6.598408e-2	2.683827e-1	1.449531e-1	0.6380	3.744507e0	9.490343e-1	0.1094	0	0	2.427305e-2	7.257748e-2	1.412868e-1	1.438924e-1	6.190356e-2	-	-	-	-	-
502	v2-348	1.0000	6.799653e-2	3.033307e-1	1.331484e-1	0.5988	2.133279e0	5.842176e-1	0.1250	0	0	3.651186e-2	6.377527e-2	1.026744e-1	1.256694e-1	9.879076e-2	-	-	-	-	-
503	v2-348	1.0000	2.902119e-2	1.101106e-1	5.713484e-2	0.6403	1.647846e0	2.848216e-1	0.1406	0	0	1.818607e-2	2.946565e-2	5.402281e-2	5.798922e-2	2.835891e-2	-	-	-	-	-
504	v2-348	1.0000	1.216417e-1	5.817392e-1	2.707328e-1	0.5140	3.924753e0	6.543831e-1	0.1016	0	0	4.776623e-2	1.216626e-1	2.897857e-1	4.391300e-1	9.887875e-2	-	-	-	-	-
505	v2-348	1.0000	1.011629e-1	3.443646e-1	1.715438e-1	0.5547	3.990408e0	8.292380e-1	0.1797	0	0	7.114749e-2	8.949277e-2	1.500691e-1	2.383042e-1	1.304272e-1	-	-	-	-	-
506	v2-348	1.0000	1.380801e-1	4.951786e-1	2.470427e-1	0.6328	3.868752e0	8.090061e-1	0.1406	0	0	1.560411e-1	8.888653e-2	2.323502e-1	2.572902e-1	2.118362e-1	-	-	-	-	-
507	v2-348	1.0000	4.294333e-2	1.856804e-1	6.319686e-2	0.6914	1.283042e0	3.852674e-1	0.1406	0	0	5.466831e-2	3.562406e-2	3.093981e-2	2.057071e-2	5.838534e-2	-	-	-	-	-
508	v2-348	1.0000	3.089829e-2	1.197405e-1	5.180340e-2	0.5964	1.308016e0	2.480949e-1	0.1328	0	0	2.381807e-2	3.307726e-2	3.421923e-2	2.639263e-2	3.357940e-2	-	-	-	-	-
509	v2-348	1.0000	1.072170e-1	5.020602e-1	2.206524e-1	0.5934	1.611689e0	5.466543e-1	0.1016	0	0	1.122405e-1	6.352676e-2	8.481485e-2	5.172590e-2	2.518699e-1	-	-	-	-	-
510	v2-348	1.0000	8.286942e-2	3.254451e-1	1.769636e-1	0.5182	2.692702e0	5.533310e-1	0.1094	0	0	4.652139e-2	8.519870e-2	1.660477e-1	1.990152e-1	7.386638e-2	-	-	-	-	-
511	v2-348	1.0000	4.873173e-2	1.913176e-1	7.483917e-2	0.6135	1.510617e0	2.518115e-1	0.1406	0	0	5.134128e-2	4.814534e-2	4.781415e-2	3.837386e-2	4.980902e-2	-	-	-	-	-
512	v2-348	1.0000	2.474772e-2	9.317970e-2	4.129924e-2	0.5813	1.049229e0	1.722806e-1	0.1562	0	0	1.690831e-2	2.963336e-2	2.336743e-2	1.927080e-2	2.164820e-2	-	-	-	-	-
513	v2-348	1.0000	1.729065e-1	6.819718e-1	3.554568e-1	0.5889	7.444506e0	7.159566e-1	0.2031	0	0	8.597545e-2	1.796603e-1	3.546351e-1	4.452214e-1	1.535215e-1	-0.002661	0.020840	-0.035799	-0.008777	-0.000275
514	v2-348	1.0000	6.496413e-2	2.407862e-1	1.050334e-1	0.6078	2.270725e0	3.198656e-1	0.2188	0	0	3.579924e-2	8.438368e-2	7.134518e-2	6.297272e-2	4.239627e-2	-	-	-	-	-
515	v2-348	1.0000	1.130356e-1	4.305340e-1	2.548063e-1	0.5370	5.782187e0	6.878411e-1	0.1172	0	0	5.184338e-2	1.170070e-1	2.113132e-1	2.016787e-1	1.334620e-1	-	-	-	-	-
516	v2-348	1.0000	6.403089e-2	1.529092e-1	1.905262e-1	0.5546	4.308520e0	7.727125e-1	0.3281	0	0	5.677370e-2	5.344814e-2	1.024249e-1	2.325890e-1	5.617395e-2	-	-	-	-	-
517	v2-348	1.0000	3.805673e-2	1.760278e-1	7.451706e-2	0.5567	1.273893e0	5.004354e-1	0.3047	0	0	2.608675e-2	3.808886e-2	3.529818e-2	4.280061e-2	5.294101e-2	-	-	-	-	-
518	v2-348	1.0000	2.614947e-2	9.734452e-2	4.683957e-2	0.5431	9.181875e-1	1.723815e-1	0.2734	0	0	1.550787e-2	2.767848e-2	3.973619e-2	4.830383e-2	2.649899e-2	-	-	-	-	-
519	v2-348	1.0000	1.888691e-2	6.891870e-2	3.053735e-2	0.6422	9.069547e-1	1.323614e-1	0.2344	0	0	8.647242e-3	2.358604e-2	2.061198e-2	2.129967e-2	1.679129e-2	-	-	-	-	-
520	v2-348	1.0000	5.368716e-2	2.250137e-1	9.103498e-2	0.7193	1.764319e0	7.470774e-1	0.3203	0	0	6.536811e-2	4.172699e-2	5.361979e-2	4.201565e-2	7.765858e-2	-	-	-	-	-
521	v2-348	1.0000	8.074332e-2	3.309627e-1	1.809395e-1	0.5374	1.979202e0	5.538309e-1	0.2891	0	0	4.408807e-2	6.621499e-2	1.434336e-1	2.047877e-1	1.266749e-1	-	-	-	-	-
522	v2-348	1.0000	2.061210e-2	5.019331e-2	2.271470e-2	0.8680	4.526836e-1	4.854632e-2	0.3828	0	0	3.872563e-2	1.278946e-2	1.799460e-2	1.730071e-2	2.249935e-2	-	-	-	-	-
523	v2-348	1.0000	5.313092e-2	2.458289e-1	9.515488e-2	0.7184	1.956367e0	7.540681e-1	0.3047	0	0	5.448341e-2	4.605600e-2	5.162832e-2	5.367193e-2	7.309158e-2	-	-	-	-	-
524	v2-348	1.0000	1.724980e-1	5.434574e-1	2.845661e-1	0.5021	2.948721e0	3.387746e-1	0.3672	0	0	1.744595e-1	1.255701e-1	2.359139e-1	3.089691e-1	2.639096e-1	-0.008637	-0.058012	0.008775	0.003936	-0.000359
525	v2-348	1.0000	8.927571e-2	3.081722e-1	1.384866e-1	0.5346	1.887887e0	2.613320e-1	0.1953	0	0	1.342320e-1	5.434720e-2	8.850579e-2	6.838861e-2	1.424284e-1	-	-	-	-	-
526	v2-348	1.0000	4.332559e-2	2.570996e-1	9.212356e-2	0.6227	1.631511e0	6.147484e-1	0.2422	0	0	1.362105e-2	4.816487e-2	5.032845e-2	8.027220e-2	5.638611e-2	-	-	-	-	-
527	v2-348	1.0000	3.405111e-2	1.375623e-1	6.135536e-2	0.5727	1.746731e0	3.176041e-1	0.2500	0	0	2.303674e-2	3.642397e-2	5.299526e-2	4.128409e-2	3.441267e-2	-	-	-	-	-
528	v2-348	1.0000	5.195985e-2	2.021528e-1	8.648530e-2	0.5748	1.539894e0	2.398052e-1	0.2656	0	0	1.701017e-2	6.615608e-2	6.252104e-2	6.470001e-2	4.812879e-2	-	-	-	-	-
529	v2-348	1.0000	3.583461e-2	1.953146e-1	7.564995e-2	0.5118	1.304686e0	4.615987e-1	0.2891	0	0	1.110020e-2	4.290026e-2	3.617906e-2	4.990546e-2	4.282470e-2	-	-	-	-	-
530	v2-348	1.0000	5.744650e-2	1.952698e-1	8.611863e-2	0.7197	1.928141e0	6.588189e-1	0.2891	0	0	8.026871e-2	4.102263e-2	6.499602e-2	6.078392e-2	7.516076e-2	-	-	-	-	-
531	v2-348	1.0000	5.892377e-2	3.655033e-1	1.563292e-1	0.5644	1.648311e0	5.928169e-1	0.2812	0	0	1.956045e-2	5.231238e-2	7.935511e-2	1.066277e-1	1.130928e-1	-	-	-	-	-
532	v2-348	1.0000	2.319125e-2	5.779982e-2	2.915049e-2	0.8233	5.686063e-1	9.243572e-2	0.3672	0	0	4.609764e-2	1.313080e-2	1.906861e-2	1.808489e-2	2.651138e-2	-	-	-	-	-
533	v2-348	1.0000	6.017652e-2	2.289209e-1	1.061262e-1	0.5842	1.469490e0	6.006295e-1	0.2891	0	0	6.948263e-2	4.368711e-2	5.901761e-2	7.855946e-2	9.419710e-2	-	-	-	-	-
534	v2-348	1.0000	4.532194e-2	3.182512e-1	1.115207e-1	0.5969	1.568278e0	7.160948e-1	0.2891	0	0	1.334760e-2	5.308121e-2	4.859563e-2	4.184387e-2	6.284009e-2	-	-	-	-	-
535	v2-348	1.0000	1.341308e-1	4.508553e-1	2.486482e-1	0.5040	2.624766e0	4.272155e-1	0.3047	0	0	1.452771e-1	9.154914e-2	2.166130e-1	2.746281e-1	1.946999e-1	-	-	-	-	-
536	v2-348	1.0000	1.328744e-2	6.539333e-2	2.198437e-2	0.7682	3.856200e-1	1.108718e-1	0.4141	0	0	8.388828e-3	1.432254e-2	1.303747e-2	1.135673e-2	1.695738e-2	-	-	-	-	-
537	v2-348	1.0000	4.164054e-2	1.261234e-1	5.998394e-2	0.6790	1.068774e0	3.325225e-1	0.4219	0	0	6.340341e-2	2.550586e-2	3.867236e-2	2.881847e-2	6.633122e-2	-	-	-	-	-
538	v2-348	1.0000	7.293146e-2	2.758060e-1	1.188443e-1	0.6224	1.938688e0	2.511667e-1	0.2109	0	0	6.141319e-2	7.295542e-2	7.650611e-2	5.718030e-2	9.039657e-2	-	-	-	-	-
539	v2-348	1.0000	1.361723e-1	6.714239e-1	2.725392e-1	0.6219	4.143206e0	1.242938e0	0.1797	0	0	9.165072e-2	1.299188e-1	1.982650e-1	1.081032e-1	2.027485e-1	-	-	-	-	-
540	v2-348	1.0000	4.296297e-2	1.400254e-1	6.543800e-2	0.6764	1.134401e0	3.838411e-1	0.4297	0	0	5.976008e-2	2.827074e-2	4.093989e-2	2.963300e-2	6.953440e-2	-	-	-	-	-
541	v2-348	1.0000	3.602788e-2	1.099281e-1	4.808510e-2	0.6579	9.205396e-1	2.219594e-1	0.3828	0	0	6.304075e-2	1.905746e-2	3.189276e-2	2.481095e-2	5.643639e-2	-	-	-	-	-
542	v2-348	1.0000	8.477112e-2	3.262157e-1	1.739090e-1	0.6428	2.819156e0	4.133397e-1	0.2656	0	0	4.419450e-2	9.893042e-2	1.276909e-1	8.751245e-2	8.222409e-2	-	-	-	-	-
543	v2-348	1.0000	2.932812e-2	1.195664e-1	6.120598e-2	0.5380	1.349963e0	1.854443e-1	0.1484	0	0	1.590334e-2	3.115364e-2	5.348459e-2	5.055213e-2	2.983165e-2	-	-	-	-	-
544	v2-348	1.0000	7.638815e-2	4.610796e-1	1.942716e-1	0.5924	2.653402e0	1.145493e0	0.2188	0	0	2.807103e-2	8.662720e-2	1.006565e-1	6.149207e-2	1.046031e-1	-	-	-	-	-
545	v2-348	1.0000	3.434453e-2	1.625469e-1	7.164205e-2	0.8187	7.488633e-1	2.637170e-1	0.2812	0	0	3.562030e-2	2.296482e-2	2.664520e-2	2.272098e-2	7.188680e-2	-	-	-	-	-
546	v2-348	1.0000	1.566651e-2	8.709109e-2	3.016290e-2	0.7197	5.585696e-1	1.851843e-1	0.3750	0	0	5.332125e-3	1.797261e-2	2.364328e-2	1.788388e-2	1.936809e-2	-	-	-	-	-
547	v2-348	1.0000	1.976194e-2	8.013940e-2	3.201957e-2	0.7067	8.162935e-1	1.216420e-1	0.2812	0	0	1.552297e-2	2.127826e-2	2.384911e-2	1.825342e-2	1.990453e-2	-	-	-	-	-
548	v2-348	1.0000	2.215720e-2	7.688135e-2	4.081624e-2	0.5229	1.149545e0	1.307580e-1	0.2188	0	0	1.136013e-2	2.367549e-2	3.097105e-2	4.246522e-2	2.440602e-2	-	-	-	-	-
549	v2-348	1.0000	3.688519e-2	1.908995e-1	6.810171e-2	0.6651	8.880996e-1	3.699074e-1	0.5156	0	0	3.502939e-2	3.105488e-2	4.772282e-2	3.013779e-2	5.569665e-2	-	-	-	-	-
550	v2-348	1.0000	3.498021e-2	1.300693e-1	6.627155e-2	0.5644	1.083030e0	2.126349e-1	0.3984	0	0	1.972065e-2	3.212537e-2	6.017551e-2	7.500666e-2	4.736787e-2	-	-	-	-	-
551	v2-348	1.0000	1.670083e-2	6.219459e-2	2.329692e-2	0.7837	3.829862e-1	1.647602e-1	0.4141	0	0	2.485199e-2	1.011768e-2	1.301859e-2	1.090539e-2	2.848216e-2	-	-	-	-	-
552	v2-348	1.0000	5.250083e-2	3.278137e-1	1.124509e-1	0.5607	1.417449e0	5.482612e-1	0.4688	0	0	1.792844e-2	5.898231e-2	8.553149e-2	6.504327e-2	6.578169e-2	-	-	-	-	-
553	v2-348	1.0000	4.522902e-2	2.164212e-1	9.709077e-2	0.5577	1.077530e0	3.298100e-1	0.4453	0	0	2.856000e-2	4.645408e-2	4.034864e-2	3.192015e-2	6.729177e-2	-	-	-	-	-
554	v2-348	1.0000	2.706837e-2	1.273091e-1	5.361664e-2	0.5593	8.714470e-1	2.653514e-1	0.3516	0	0	9.775296e-3	2.950343e-2	3.180238e-2	2.837440e-2	4.036877e-2	-	-	-	-	-
555	v2-348	1.0000	2.391324e-2	7.635450e-2	3.372546e-2	0.6233	5.907514e-1	2.062714e-1	0.3594	0	0	3.093949e-2	1.729365e-2	2.544399e-2	3.083298e-2	3.293497e-2	-	-	-	-	-
556	v2-348	1.0000	3.447144e-2	1.172943e-1	5.080025e-2	0.5658	1.009710e0	1.449020e-1	0.4062	0	0	3.239357e-2	3.345765e-2	4.328303e-2	3.148417e-2	3.862438e-2	-	-	-	-	-
557	v2-348	1.0000	1.145307e-1	4.053345e-1	1.940796e-1	0.5730	1.522151e0	3.312966e-1	0.2656	0	0	9.188825e-2	1.125676e-1	1.360375e-1	1.147372e-1	1.439359e-1	-	-	-	-	-
558	v2-348	1.0000	2.228057e-2	9.303904e-2	3.254529e-2	0.7610	6.530429e-1	1.639226e-1	0.4141	0	0	2.008617e-2	2.108351e-2	2.751452e-2	2.896176e-2	2.581177e-2	-	-	-	-	-
559	v2-348	1.0000	3.869646e-2	1.545646e-1	6.148217e-2	0.6961	9.350107e-1	3.403913e-1	0.4766	0	0	4.501133e-2	2.949343e-2	4.893495e-2	3.689702e-2	5.623459e-2	-	-	-	-	-
560	v2-348	1.0000	1.977429e-2	6.162894e-2	3.262463e-2	0.5147	1.150496e0	1.549136e-1	0.4453	0	0	1.596510e-2	1.868170e-2	2.417949e-2	2.622344e-2	2.533165e-2	-	-	-	-	-
561	v2-348	1.0000	1.835133e-2	8.212447e-2	2.910890e-2	0.7182	4.386520e-1	2.012483e-1	0.4922	0	0	2.765500e-2	1.071855e-2	1.376074e-2	1.012690e-2	3.263402e-2	-	-	-	-	-
562	v2-348	1.0000	2.240314e-2	8.636045e-2	3.803855e-2	0.5791	5.966167e-1	2.058547e-1	0.4297	0	0	2.525511e-2	1.639611e-2	2.567366e-2	3.011467e-2	3.429454e-2	-	-	-	-	-
563	v2-348	1.0000	3.402870e-2	1.989289e-1	7.257640e-2	0.5400	8.911038e-1	3.515733e-1	0.5000	0	0	2.091239e-2	3.560600e-2	4.791412e-2	1.861322e-2	4.609001e-2	-	-	-	-	-
564	v2-348	1.0000	6.644380e-2	2.308877e-1	1.265707e-1	0.5801	1.779891e0	2.217292e-1	0.5000	0	0	5.015147e-2	5.355868e-2	1.414516e-1	1.750169e-1	8.166027e-2	-	-	-	-	-
565	v2-348	1.0000	1.254123e-2	3.203249e-2	1.554931e-2	0.7842	3.520289e-1	1.093379e-1	0.4062	0	0	1.610921e-2	9.265405e-3	1.007897e-2	9.661510e-3	1.919280e-2	-	-	-	-	-
566	v2-348	1.0000	1.144992e-2	8.018303e-2	2.829732e-2	0.7032	3.388019e-1	1.692802e-1	0.4766	0	0	6.048157e-3	1.175378e-2	9.580145e-3	5.409510e-3	1.935909e-2	-	-	-	-	-
567	v2-348	1.0000	1.142299e-1	4.044040e-1	2.176121e-1	0.6147	1.567695e0	4.208161e-1	0.2734	0	0	9.363642e-2	1.045136e-1	8.851243e-2	7.379602e-2	1.862028e-1	-	-	-	-	-
568	v2-348	1.0000	7.814845e-2	4.474872e-1	1.556065e-1	0.6203	2.280666e0	8.208486e-1	0.2656	0	0	3.173546e-2	8.325451e-2	1.239569e-1	8.882374e-2	1.079269e-1	-	-	-	-	-
569	v2-348	1.0000	1.346299e-2	1.062366e-1	3.693038e-2	0.6827	4.251498e-1	2.200934e-1	0.5078	0	0	4.952156e-3	1.449997e-2	1.134624e-2	6.382152e-3	2.345045e-2	-	-	-	-	-
570	v2-348	1.0000	7.356565e-3	2.113193e-2	9.867317e-3	0.7476	1.870538e-1	5.095987e-2	0.4297	0	0	9.191746e-3	6.079244e-3	6.320152e-3	4.129051e-3	9.890393e-3	-	-	-	-	-
571	v2-348	1.0000	1.691201e-1	8.868885e-1	3.451474e-1	0.5034	4.126482e0	1.080303e0	0.3750	0	0	2.932549e-2	2.045590e-1	2.570081e-1	2.546061e-1	1.985858e-1	0.000123	-0.052296	-0.011664	0.003544	-0.001063
572	v2-348	1.0000	2.320687e-2	8.698642e-2	4.078998e-2	0.5998	7.247240e-1	2.190311e-1	0.2969	0	0	1.549314e-2	2.250688e-2	3.654411e-2	3.563206e-2	2.888176e-2	-	-	-	-	-
573	v2-348	1.0000	5.696768e-2	3.840199e-1	1.422046e-1	0.6015	1.606817e0	5.935069e-1	0.4609	0	0	2.140304e-2	6.466797e-2	7.874903e-2	2.889048e-2	8.021349e-2	-	-	-	-	-
574	v2-348	1.0000	1.103754e-2	4.640591e-2	2.426413e-2	0.5431	5.058482e-1	1.451470e-1	0.4141	0	0	8.430009e-3	8.215996e-3	9.723847e-3	1.040619e-2	2.342206e-2	-	-	-	-	-
575	v2-348	1.0000	3.146428e-2	1.115260e-1	9.518932e-2	0.7631	1.640143e0	4.362050e-1	0.2031	0	0	1.726272e-2	2.968337e-2	9.122682e-2	7.427742e-2	2.963275e-2	-	-	-	-	-
576	v2-348	1.0000	4.864078e-2	1.041360e-1	6.370917e-2	0.7208	1.649842e0	5.593974e-1	0.2812	0	0	7.808308e-2	3.097454e-2	5.136449e-2	4.410434e-2	6.470290e-2	-	-	-	-	-
577	v2-348	1.0000	6.597956e-2	1.577277e-1	8.246504e-2	0.7321	2.644241e0	5.010207e-1	0.3359	0	0	1.091564e-1	4.383744e-2	8.415202e-2	7.648534e-2	7.045372e-2	-	-	-	-	-
578	v2-348	1.0000	5.069142e-2	1.810622e-1	1.046079e-1	0.7319	1.797093e0	4.274690e-1	0.1797	0	0	4.637317e-2	4.140373e-2	9.790045e-2	8.163496e-2	6.492956e-2	-	-	-	-	-
579	v2-348	1.0000	3.160035e-2	1.295090e-1	5.823871e-2	0.5713	1.075294e0	3.019827e-1	0.2344	0	0	3.157099e-2	2.118411e-2	4.633265e-2	4.799927e-2	5.555535e-2	-	-	-	-	-
580	v2-348	1.0000	2.362457e-2	4.936132e-2	2.845829e-2	0.7174	8.552563e-1	1.324336e-1	0.2578	0	0	4.302357e-2	1.172468e-2	2.227180e-2	2.443775e-2	3.492435e-2	-	-	-	-	-
581	v2-348	1.0000	6.212718e-2	1.794727e-1	1.005373e-1	0.6188	1.728556e0	2.202457e-1	0.3359	0	0	6.566817e-2	5.770412e-2	6.924900e-2	5.944967e-2	6.975852e-2	-	-	-	-	-
582	v2-348	1.0000	8.193425e-2	3.052959e-1	1.266684e-1	0.6586	1.470175e0	2.785689e-1	0.2656	0	0	6.868437e-2	7.469546e-2	1.254273e-1	1.176555e-1	1.012847e-1	-	-	-	-	-
583	v2-348	1.0000	5.108396e-2	1.475897e-1	7.792411e-2	0.7094	1.545309e0	3.270952e-1	0.3672	0	0	5.028061e-2	4.096374e-2	7.133263e-2	5.837082e-2	7.583065e-2	-	-	-	-	-
584	v2-348	1.0000	2.922516e-2	1.135059e-1	5.956708e-2	0.6585	1.816125e0	2.680268e-1	0.3594	0	0	1.984019e-2	3.152498e-2	4.672633e-2	4.481868e-2	2.614057e-2	-	-	-	-	-
585	v2-348	1.0000	1.168326e-1	4.716980e-1	1.887307e-1	0.7474	3.381543e0	7.205923e-1	0.1562	0	0	4.225548e-2	1.529967e-1	1.153598e-1	1.415198e-1	9.767241e-2	-	-	-	-	-
586	v2-348	1.0000	8.790326e-2	3.563952e-1	1.311547e-1	0.6774	2.612818e0	4.116706e-1	0.4297	0	0	9.912538e-2	7.121948e-2	1.153062e-1	1.115075e-1	1.114339e-1	-	-	-	-	-
587	v2-348	1.0000	1.845056e-2	7.534772e-2	3.393453e-2	0.5126	1.043728e0	1.989788e-1	0.3750	0	0	1.095586e-2	1.975642e-2	3.114265e-2	3.350962e-2	1.732039e-2	-	-	-	-	-
588	v2-348	1.0000	1.015408e-1	3.185730e-1	3.083394e-1	0.7246	3.496028e0	8.234244e-1	0.2109	0	0	5.807359e-2	1.052279e-1	2.418227e-1	2.046682e-1	8.580457e-2	-	-	-	-	-
589	v2-348	1.0000	7.573499e-2	3.405982e-1	1.430123e-1	0.7470	2.265935e0	7.664884e-1	0.3047	0	0	5.909897e-2	6.153313e-2	1.141349e-1	1.215829e-1	1.194890e-1	-	-	-	-	-
590	v2-348	1.0000	1.901524e-2	8.518958e-2	3.399311e-2	0.5737	1.053605e0	2.869874e-1	0.2109	0	0	8.399558e-3	2.247248e-2	2.263606e-2	1.895542e-2	2.125009e-2	-	-	-	-	-
591	v2-348	1.0000	4.774642e-2	1.702171e-1	1.125877e-1	0.7479	2.172007e0	5.560700e-1	0.1250	0	0	2.665826e-2	4.663974e-2	1.167738e-1	1.135154e-1	4.496477e-2	-	-	-	-	-
592	v2-348	1.0000	4.366346e-2	1.489534e-1	9.601933e-2	0.6222	1.800183e0	3.826081e-1	0.1953	0	0	3.216940e-2	3.883719e-2	9.851803e-2	9.628423e-2	4.656675e-2	-	-	-	-	-
593	v2-348	1.0000	7.726278e-2	2.690963e-1	1.521564e-1	0.5893	2.091523e0	3.051868e-1	0.2344	0	0	7.668460e-2	5.183916e-2	1.718824e-1	2.047375e-1	1.007973e-1	-	-	-	-	-
594	v2-348	1.0000	3.993705e-2	8.444440e-2	4.840574e-2	0.7199	1.009312e0	1.461688e-1	0.2578	0	0	5.932054e-2	2.704544e-2	4.080621e-2	4.319875e-2	5.311479e-2	-	-	-	-	-
595	v2-348	1.0000	1.712837e-2	7.664783e-2	2.930723e-2	0.5643	7.842374e-1	1.101560e-1	0.2578	0	0	7.727400e-3	2.197598e-2	1.780731e-2	1.979724e-2	1.371721e-2	-	-	-	-	-
596	v2-348	1.0000	2.556390e-2	9.033251e-2	4.369388e-2	0.5135	7.294338e-1	1.085390e-1	0.1875	0	0	2.317887e-2	2.259048e-2	2.344414e-2	1.659526e-2	4.027506e-2	-	-	-	-	-
597	v2-348	1.0000	9.040399e-2	2.936281e-1	2.073039e-1	0.5952	2.016650e0	3.913397e-1	0.4375	0	0	1.077304e-1	6.198780e-2	2.049024e-1	2.326896e-1	9.140720e-2	-	-	-	-	-
598	v2-348	1.0000	2.072993e-2	8.810505e-2	3.405009e-2	0.5256	8.722904e-1	1.067605e-1	0.2578	0	0	9.498413e-3	2.636595e-2	2.467201e-2	3.049360e-2	1.478174e-2	-	-	-	-	-
599	v2-348	1.0000	2.201191e-2	9.804678e-2	3.889806e-2	0.5874	8.673954e-1	1.705218e-1	0.2500	0	0	1.007126e-2	2.820819e-2	2.285634e-2	1.939630e-2	1.896529e-2	-	-	-	-	-
600	v2-348	1.0000	1.709414e-1	9.715767e-1	3.537717e-1	0.5926	5.092349e0	1.148387e0	0.3281	0	0	2.984986e-2	1.931186e-1	3.097053e-1	3.413224e-1	2.092793e-1	0.001321	-0.006053	-0.039580	-0.009282	-0.001118
601	v2-348	1.0000	5.454268e-2	1.798959e-1	7.892706e-2	0.6729	1.530906e0	2.305000e-1	0.1328	0	0	4.870289e-2	5.332270e-2	7.849148e-2	7.146601e-2	5.558806e-2	-	-	-	-	-
602	v2-348	1.0000	6.326566e-2	2.415161e-1	1.322354e-1	0.5452	3.782990e0	5.563110e-1	0.2344	0	0	3.973800e-2	5.842961e-2	1.265343e-1	1.077576e-1	8.136738e-2	-	-	-	-	-
603	v2-348	1.0000	2.579958e-2	5.887276e-2	1.405389e-1	0.7363	2.354784e0	4.310714e-1	0.1719	0	0	1.389657e-2	2.484614e-2	4.972920e-2	8.614305e-2	2.370825e-2	-	-	-	-	-
604	v2-348	1.0000	1.797447e-2	1.119850e-1	3.394041e-2	0.7358	5.906325e-1	2.226638e-1	0.4766	0	0	1.093843e-2	1.844399e-2	1.933302e-2	1.865612e-2	2.507719e-2	-	-	-	-	-
605	v2-348	1.0000	1.946498e-2	7.600971e-2	2.708828e-2	0.8044	6.636722e-1	1.167913e-1	0.4062	0	0	1.660388e-2	2.084980e-2	1.621068e-2	1.243016e-2	2.142696e-2	-	-	-	-	-
606	v2-348	1.0000	3.427458e-2	1.320903e-1	4.864188e-2	0.7850	9.163804e-1	2.014360e-1	0.2266	0	0	3.850029e-2	3.157601e-2	3.012761e-2	2.233543e-2	4.088082e-2	-	-	-	-	-
607	v2-348	1.0000	3.582406e-2	1.482250e-1	6.098511e-2	0.6712	7.104448e-1	2.924890e-1	0.5234	0	0	4.661080e-2	2.539243e-2	4.562628e-2	3.024078e-2	5.233640e-2	-	-	-	-	-
608	v2-348	1.0000	2.287296e-2	8.513331e-2	5.087785e-2	0.5130	1.204976e0	2.106635e-1	0.2969	0	0	1.492925e-2	1.819486e-2	3.808191e-2	4.194394e-2	3.886129e-2	-	-	-	-	-
609	v2-348	1.0000	1.336916e-2	3.306389e-2	1.588690e-2	0.8510	2.943435e-1	5.641673e-2	0.4766	0	0	2.688749e-2	6.955875e-3	1.114311e-2	9.789596e-3	1.684912e-2	-	-	-	-	-
610	v2-348	1.0000	4.579814e-2	2.686723e-1	9.393804e-2	0.6221	1.071418e0	4.855804e-1	0.5078	0	0	3.520865e-2	4.414788e-2	5.909341e-2	4.005107e-2	6.229190e-2	-	-	-	-	-
611	v2-348	1.0000	4.619702e-2	3.010074e-1	1.326649e-1	0.5465	1.397188e0	5.642595e-1	0.3828	0	0	1.170160e-2	5.006760e-2	3.691271e-2	2.917985e-2	8.514413e-2	-	-	-	-	-
612	v2-348	1.0000	2.933592e-2	1.484544e-1	6.314019e-2	0.5871	8.171965e-1	2.251327e-1	0.2969	0	0	1.883336e-2	3.002817e-2	3.043642e-2	2.208224e-2	4.213227e-2	-	-	-	-	-
613	v2-348	1.0000	2.849652e-2	1.665162e-1	5.054626e-2	0.7576	7.442010e-1	3.428561e-1	0.3359	0	0	2.327726e-2	2.648356e-2	2.385654e-2	2.551690e-2	4.319478e-2	-	-	-	-	-
614	v2-348	1.0000	4.155786e-2	1.600318e-1	6.388924e-2	0.6165	1.037019e0	1.382739e-1	0.3750	0	0	5.507377e-2	3.233906e-2	5.191888e-2	3.620929e-2	5.069132e-2	-	-	-	-	-
615	v2-348	1.0000	3.490007e-2	1.253619e-1	5.920003e-2	0.5212	1.082928e0	1.645899e-1	0.3594	0	0	2.246091e-2	3.928842e-2	5.571735e-2	4.726900e-2	2.930269e-2	-	-	-	-	-
616	v2-348	1.0000	2.070958e-2	9.978318e-2	3.260191e-2	0.7911	6.394104e-1	1.923446e-1	0.4609	0	0	1.928210e-2	1.823371e-2	2.672443e-2	2.263471e-2	2.803645e-2	-	-	-	-	-
617	v2-348	1.0000	3.965655e-2	1.209264e-1	6.361226e-2	0.6900	8.179236e-1	2.925961e-1	0.4922	0	0	5.645633e-2	2.684109e-2	5.175737e-2	3.517460e-2	5.481634e-2	-	-	-	-	-
618	v2-348	1.0000	2.488450e-2	9.602952e-2	4.861859e-2	0.5591	1.290193e0	1.856300e-1	0.2969	0	0	1.736232e-2	2.104009e-2	3.880028e-2	4.482732e-2	3.793757e-2	-	-	-	-	-
619	v2-348	1.0000	1.690003e-2	4.199624e-2	2.188053e-2	0.7908	3.915300e-1	8.452917e-2	0.4688	0	0	3.473526e-2	8.256369e-3	1.364775e-2	1.172126e-2	2.223186e-2	-	-	-	-	-
620	v2-348	1.0000	1.516317e-2	1.186874e-1	3.920029e-2	0.5117	5.058566e-1	2.488433e-1	0.4141	0	0	4.623751e-3	1.714523e-2	1.255037e-2	8.836252e-3	2.484545e-2	-	-	-	-	-
621	v2-348	1.0000	2.789171e-2	1.448503e-1	5.261569e-2	0.5711	6.130770e-1	2.506126e-1	0.5156	0	0	2.918724e-2	2.393467e-2	3.183735e-2	1.776776e-2	3.955367e-2	-	-	-	-	-
622	v2-348	1.0000	3.421082e-2	1.688149e-1	7.156727e-2	0.5750	1.563741e0	2.599274e-1	0.4375	0	0	1.864771e-2	3.252846e-2	5.579026e-2	4.650822e-2	5.083657e-2	-	-	-	-	-
623	v2-348	1.0000	5.110770e-3	1.538754e-2	5.707897e-3	0.8465	1.637076e-1	1.877487e-2	0.4219	0	0	6.689124e-3	4.483059e-3	4.325022e-3	3.632681e-3	5.533621e-3	-	-	-	-	-
624	v2-348	1.0000	2.305958e-2	6.252122e-2	3.044993e-2	0.7128	4.859686e-1	1.540321e-1	0.4609	0	0	3.834595e-2	1.396423e-2	1.675411e-2	1.289726e-2	3.498608e-2	-	-	-	-	-
625	v2-348	1.0000	8.221647e-2	3.280462e-1	1.432945e-1	0.5727	1.279189e0	2.687282e-1	0.5312	0	0	4.216535e-2	9.666860e-2	6.470063e-2	5.141546e-2	1.015864e-1	-	-	-	-	-
626	v2-348	1.0000	8.251008e-2	4.514837e-1	1.805904e-1	0.6622	2.168015e0	9.383160e-1	0.4688	0	0	4.445593e-2	7.957386e-2	1.057783e-1	9.351426e-2	1.316827e-1	-	-	-	-	-
627	v2-348	1.0000	2.410692e-2	7.319045e-2	3.437498e-2	0.7160	5.251087e-1	1.918076e-1	0.4766	0	0	3.685370e-2	1.574107e-2	1.739966e-2	1.243884e-2	3.753987e-2	-	-	-	-	-
628	v2-348	1.0000	2.218418e-2	5.954576e-2	2.555504e-2	0.7582	4.089474e-1	6.901001e-2	0.4844	0	0	4.003806e-2	1.234996e-2	1.554531e-2	1.359320e-2	3.277195e-2	-	-	-	-	-
629	v2-348	1.0000	1.577818e-1	8.072225e-1	3.200431e-1	0.5014	3.573885e0	9.942398e-1	0.5391	0	0	3.327536e-2	1.880391e-1	2.334442e-1	2.409309e-1	1.870245e-1	-0.000425	-0.048904	-0.008997	0.004388	-0.001452
630	v2-348	1.0000	4.561332e-2	2.011157e-1	7.337014e-2	0.6707	1.264304e0	3.588353e-1	0.2344	0	0	3.708633e-2	4.439881e-2	4.318492e-2	3.091414e-2	6.429924e-2	-	-	-	-	-
631	v2-348	1.0000	5.987327e-2	3.370056e-1	1.407749e-1	0.5097	1.598749e0	5.485775e-1	0.5078	0	0	1.960905e-2	6.761066e-2	7.076421e-2	5.560748e-2	8.631389e-2	-	-	-	-	-
632	v2-348	1.0000	1.071288e-2	3.246236e-2	2.668903e-2	0.5050	4.373168e-1	9.978677e-2	0.2891	0	0	1.029130e-2	7.254633e-3	8.357850e-3	9.568494e-3	2.260847e-2	-	-	-	-	-
633	v2-348	1.0000	1.039040e-2	6.060982e-2	1.961803e-2	0.7046	3.341454e-1	1.180628e-1	0.3438	0	0	4.836358e-3	1.146173e-2	1.200250e-2	8.923589e-3	1.420168e-2	-	-	-	-	-
634	v2-348	1.0000	1.741953e-2	5.927922e-2	2.695536e-2	0.6723	8.474583e-1	1.007148e-1	0.2031	0	0	1.570015e-2	1.745771e-2	2.072501e-2	1.874637e-2	1.834619e-2	-	-	-	-	-
635	v2-348	1.0000	2.548344e-2	6.998271e-2	4.197686e-2	0.6497	1.108922e0	1.190429e-1	0.1875	0	0	1.875375e-2	2.631454e-2	3.884040e-2	3.920337e-2	2.494900e-2	-	-	-	-	-
636	v2-348	1.0000	2.215393e-2	1.475173e-1	4.830853e-2	0.5300	6.138703e-1	2.535411e-1	0.5000	0	0	7.678695e-3	2.433419e-2	2.878499e-2	1.241118e-2	3.469121e-2	-	-	-	-	-
637	v2-348	1.0000	2.085611e-2	8.260727e-2	4.535938e-2	0.5664	1.502478e0	4.186517e-1	0.2500	0	0	1.133313e-2	1.749276e-2	3.874872e-2	3.968810e-2	3.424969e-2	-	-	-	-	-
638	v2-348	1.0000	1.847317e-2	8.744943e-2	2.981029e-2	0.7464	4.855980e-1	2.269493e-1	0.4297	0	0	2.454142e-2	1.152463e-2	1.396775e-2	1.089269e-2	3.466584e-2	-	-	-	-	-
639	v2-348	1.0000	3.754054e-2	2.266802e-1	7.653487e-2	0.6066	1.013328e0	3.318080e-1	0.5078	0	0	1.039780e-2	4.455493e-2	6.174157e-2	3.546143e-2	4.536146e-2	-	-	-	-	-
640	v2-348	1.0000	4.150474e-2	2.716064e-1	1.061263e-1	0.5529	1.377441e0	6.799172e-1	0.2109	0	0	2.042500e-2	4.141748e-2	4.361794e-2	2.882710e-2	7.124848e-2	-	-	-	-	-
641	v2-348	1.0000	3.239965e-2	1.701360e-1	6.557180e-2	0.6364	9.700273e-1	1.959225e-1	0.3750	0	0	1.194908e-2	3.501230e-2	4.845573e-2	5.538151e-2	4.123070e-2	-	-	-	-	-
642	v2-348	1.0000	2.293303e-2	6.943655e-2	3.530220e-2	0.6379	6.389468e-1	1.586528e-1	0.2422	0	0	2.401628e-2	1.985494e-2	2.899965e-2	3.047565e-2	2.753711e-2	-	-	-	-	-
643	v2-348	1.0000	6.099930e-2	1.927642e-1	9.180781e-2	0.6041	1.703568e0	2.743994e-1	0.4297	0	0	2.752031e-2	7.139832e-2	8.851382e-2	9.815984e-2	5.669829e-2	-	-	-	-	-
644	v2-348	1.0000	9.287727e-2	3.357506e-1	1.476011e-1	0.5076	1.687196e0	3.661344e-1	0.2969	0	0	4.772518e-2	1.074797e-1	1.212047e-1	1.102015e-1	9.524576e-2	-	-	-	-	-
645	v2-348	1.0000	1.375524e-2	5.808657e-2	1.738544e-2	0.8837	3.240927e-1	8.886918e-2	0.3594	0	0	1.653128e-2	1.119268e-2	1.416307e-2	9.126916e-3	1.892683e-2	-	-	-	-	-
646	v2-348	1.0000	2.205928e-2	1.209112e-1	4.243089e-2	0.5695	5.483793e-1	2.218556e-1	0.5000	0	0	1.667612e-2	2.047748e-2	2.601628e-2	1.187480e-2	3.511353e-2	-	-	-	-	-
647	v2-348	1.0000	2.444707e-2	8.405304e-2	4.975253e-2	0.5751	1.552914e0	2.726304e-1	0.2812	0	0	2.716077e-2	1.846574e-2	4.323094e-2	5.556743e-2	2.696181e-2	-	-	-	-	-
648	v2-348	1.0000	1.984872e-2	1.047230e-1	3.472246e-2	0.6769	5.316645e-1	2.557800e-1	0.4844	0	0	2.644274e-2	1.227893e-2	1.479006e-2	1.008377e-2	3.790087e-2	-	-	-	-	-
649	v2-348	1.0000	1.273091e-2	6.811810e-2	2.555663e-2	0.5047	4.457243e-1	1.395216e-1	0.3516	0	0	5.846401e-3	1.361403e-2	1.426051e-2	1.150674e-2	1.878588e-2	-	-	-	-	-
650	v2-348	1.0000	2.375436e-2	1.354339e-1	4.890995e-2	0.6802	6.747935e-1	2.580093e-1	0.4844	0	0	7.831781e-3	2.656141e-2	3.417390e-2	1.591211e-2	3.482681e-2	-	-	-	-	-
651	v2-348	1.0000	2.968048e-2	1.046450e-1	6.736371e-2	0.5955	1.761929e0	3.848200e-1	0.3203	0	0	1.689780e-2	2.342156e-2	6.451941e-2	7.110305e-2	4.637590e-2	-	-	-	-	-
652	v2-348	1.0000	1.591361e-2	6.951332e-2	2.487977e-2	0.7491	4.699456e-1	1.968744e-1	0.3828	0	0	1.758969e-2	1.164507e-2	1.236659e-2	1.020865e-2	2.894205e-2	-	-	-	-	-
653	v2-348	1.0000	1.125108e-2	4.850543e-2	2.095878e-2	0.7385	3.296556e-1	1.042931e-1	0.5703	0	0	1.049487e-2	1.001406e-2	1.518315e-2	9.323326e-3	1.540039e-2	-	-	-	-	-
654	v2-348	1.0000	1.000488e-1	3.879180e-1	1.845350e-1	0.5498	1.786332e0	3.444892e-1	0.3281	0	0	4.951608e-2	1.153498e-1	8.233626e-2	8.717649e-2	1.261803e-1	-	-	-	-	-
655	v2-348	1.0000	5.257265e-2	2.819970e-1	1.104077e-1	0.6696	1.705630e0	6.252708e-1	0.2969	0	0	2.191788e-2	5.119178e-2	8.669172e-2	5.089425e-2	8.767496e-2	-	-	-	-	-
656	v2-348	1.0000	1.256754e-2	6.938779e-2	2.631015e-2	0.7210	3.762445e-1	1.366751e-1	0.5703	0	0	9.327461e-3	1.190207e-2	1.653536e-2	9.965438e-3	1.832314e-2	-	-	-	-	-
657	v2-348	1.0000	9.342695e-3	2.085948e-2	1.110549e-2	0.7883	2.693683e-1	5.047702e-2	0.5234	0	0	1.374977e-2	6.302991e-3	1.254608e-2	9.692732e-3	1.198034e-2	-	-	-	-	-
658	v2-348	1.0000	2.406120e-1	1.569140e0	6.255029e-1	0.5764	5.208373e0	2.327959e0	0.3750	0	0	5.570727e-2	2.548697e-1	2.168526e-1	1.624675e-1	4.592543e-1	0.001858	-0.104837	-0.016691	0.000968	-0.007079
659	v2-348	1.0000	3.815164e-2	1.416330e-1	7.547411e-2	0.5944	1.307580e0	3.337780e-1	0.3828	0	0	3.058761e-2	3.354995e-2	7.391548e-2	7.121020e-2	4.483413e-2	-	-	-	-	-
660	v2-348	1.0000	7.503827e-2	5.369742e-1	1.728691e-1	0.7298	1.317654e0	5.990703e-1	0.4453	0	0	3.683826e-2	7.994420e-2	7.374810e-2	2.502916e-2	1.212250e-1	-	-	-	-	-
661	v2-348	1.0000	1.097746e-2	4.536915e-2	2.402740e-2	0.5412	5.052861e-1	1.424991e-1	0.4141	0	0	8.544879e-3	8.124248e-3	9.708618e-3	1.045403e-2	2.319648e-2	-	-	-	-	-
662	v2-348	1.0000	1.091518e-2	3.788394e-2	3.227630e-2	0.5566	9.894226e-1	1.686056e-1	0.1172	0	0	5.599860e-3	1.139853e-2	2.902381e-2	1.861627e-2	9.789537e-3	-	-	-	-	-
663	v2-348	1.0000	3.075210e-2	1.739330e-1	6.289372e-2	0.7135	1.849086e0	8.330885e-1	0.1172	0	0	1.554093e-2	3.063001e-2	5.241953e-2	2.526471e-2	4.632158e-2	-	-	-	-	-
664	v2-348	1.0000	3.030158e-2	1.691614e-1	6.920943e-2	0.5196	2.303072e0	7.729615e-1	0.0938	0	0	1.038023e-2	3.034817e-2	7.062984e-2	4.129988e-2	4.273090e-2	-	-	-	-	-
665	v2-348	1.0000	3.851062e-2	1.382701e-1	8.789171e-2	0.6771	1.418893e0	4.305293e-1	0.2344	0	0	2.173836e-2	3.918541e-2	8.767133e-2	6.745343e-2	3.852100e-2	-	-	-	-	-
666	v2-348	1.0000	3.251232e-2	1.534115e-1	6.875185e-2	0.6412	1.449612e0	5.275041e-1	0.1797	0	0	2.738038e-2	2.684491e-2	6.072046e-2	5.050769e-2	4.476909e-2	-	-	-	-	-
667	v2-348	1.0000	2.155884e-2	4.993773e-2	2.689220e-2	0.6106	1.193062e0	2.712599e-1	0.2734	0	0	2.941302e-2	1.525122e-2	2.394450e-2	2.210761e-2	2.983561e-2	-	-	-	-	-
668	v2-348	1.0000	8.058394e-2	2.209413e-1	1.271217e-1	0.6529	2.282829e0	3.037758e-1	0.2891	0	0	8.881028e-2	7.614545e-2	1.030272e-1	8.873532e-2	7.575040e-2	-	-	-	-	-
669	v2-348	1.0000	6.165232e-2	3.456454e-1	1.186862e-1	0.6686	1.445592e0	5.291193e-1	0.2891	0	0	3.466868e-2	6.509958e-2	8.752546e-2	5.159234e-2	8.150295e-2	-	-	-	-	-
670	v2-348	1.0000	5.415414e-2	1.453837e-1	7.810164e-2	0.7627	1.450171e0	2.003856e-1	0.3203	0	0	6.211936e-2	4.464398e-2	7.455947e-2	6.071031e-2	6.592113e-2	-	-	-	-	-
671	v2-348	1.0000	2.968717e-2	7.977390e-2	3.825187e-2	0.7513	1.346323e0	1.863330e-1	0.2656	0	0	4.527494e-2	1.817170e-2	3.893235e-2	3.188106e-2	4.164886e-2	-	-	-	-	-
672	v2-348	1.0000	7.090698e-2	3.379200e-1	1.354511e-1	0.6092	2.593866e0	6.662112e-1	0.2031	0	0	2.126940e-2	9.236848e-2	5.276528e-2	3.735279e-2	8.215662e-2	-	-	-	-	-
673	v2-348	1.0000	5.994111e-2	2.633986e-1	1.270117e-1	0.5683	2.272334e0	3.298196e-1	0.3516	0	0	2.821597e-2	5.461472e-2	1.325700e-1	1.708448e-1	7.215038e-2	-	-	-	-	-
674	v2-348	1.0000	1.660133e-2	7.925689e-2	3.268666e-2	0.7017	1.077252e0	2.825022e-1	0.2266	0	0	7.617898e-3	2.046916e-2	2.342971e-2	1.316124e-2	1.545282e-2	-	-	-	-	-
675	v2-348	1.0000	8.661361e-2	2.808651e-1	1.411409e-1	0.6731	2.658849e0	7.805434e-1	0.1953	0	0	8.269486e-2	7.467227e-2	1.265538e-1	1.115870e-1	1.116533e-1	-	-	-	-	-
676	v2-348	1.0000	6.344298e-2	2.797621e-1	1.679918e-1	0.5285	2.609323e0	8.149194e-1	0.3047	0	0	2.900231e-2	6.106643e-2	1.565239e-1	1.520623e-1	7.009748e-2	-	-	-	-	-
677	v2-348	1.0000	2.666832e-2	1.084723e-1	4.647933e-2	0.5466	1.518832e0	4.146602e-1	0.1875	0	0	1.157023e-2	3.167124e-2	3.250922e-2	2.901394e-2	2.884096e-2	-	-	-	-	-
678	v2-348	1.0000	1.747613e-2	6.000471e-2	4.081459e-2	0.7295	1.178481e0	2.597205e-1	0.1406	0	0	1.318138e-2	1.653556e-2	3.173888e-2	2.618638e-2	2.011510e-2	-	-	-	-	-
679	v2-348	1.0000	4.558292e-2	1.326609e-1	1.541198e-1	0.5777	1.865222e0	4.189851e-1	0.1484	0	0	1.915687e-2	4.812397e-2	1.356134e-1	1.267942e-1	2.956334e-2	-	-	-	-	-
680	v2-348	1.0000	2.684373e-2	1.287818e-1	5.916705e-2	0.6417	1.431036e0	4.608215e-1	0.1797	0	0	1.481640e-2	2.383996e-2	5.365482e-2	5.749185e-2	3.729888e-2	-	-	-	-	-
681	v2-348	1.0000	2.299065e-2	5.708289e-2	3.034597e-2	0.6583	1.205837e0	2.314529e-1	0.2812	0	0	3.920659e-2	1.255404e-2	2.339951e-2	2.638832e-2	3.288624e-2	-	-	-	-	-
682	v2-348	1.0000	3.069578e-2	9.371710e-2	4.628947e-2	0.6267	1.335802e0	2.489558e-1	0.2969	0	0	2.667446e-2	2.968171e-2	4.203050e-2	4.327255e-2	3.306375e-2	-	-	-	-	-
683	v2-348	1.0000	3.932397e-2	1.429533e-1	6.319647e-2	0.5599	9.383331e-1	1.682560e-1	0.0625	0	0	2.216367e-2	4.506213e-2	2.918851e-2	2.375139e-2	5.023409e-2	-	-	-	-	-
684	v2-348	1.0000	3.979211e-2	1.302768e-1	6.843207e-2	0.6641	1.894949e0	2.995838e-1	0.3203	0	0	3.446619e-2	3.192188e-2	8.688979e-2	7.302073e-2	5.052618e-2	-	-	-	-	-
685	v2-348	1.0000	3.770276e-2	1.139297e-1	5.675292e-2	0.6338	1.501975e0	2.489992e-1	0.2734	0	0	3.672636e-2	3.504390e-2	5.413853e-2	5.964636e-2	3.763818e-2	-	-	-	-	-
686	v2-348	1.0000	2.395346e-2	1.054854e-1	4.062589e-2	0.5840	1.174966e0	2.763930e-1	0.3750	0	0	9.531510e-3	2.808106e-2	3.117685e-2	2.576644e-2	2.767558e-2	-	-	-	-	-
687	v2-348	1.0000	1.687558e-1	1.390486e0	4.733317e-1	0.6046	4.685772e0	2.137765e0	0.1562	0	0	4.658432e-2	1.753955e-1	1.169254e-1	9.710854e-2	3.356715e-1	0.002423	-0.082768	-0.003579	-0.002545	-0.003195
688	v2-348	1.0000	8.549874e-2	3.546724e-1	1.249611e-1	0.6737	2.086499e0	5.217808e-1	0.2656	0	0	9.447419e-2	7.174560e-2	1.107795e-1	8.665772e-2	1.088177e-1	-	-	-	-	-
689	v2-348	1.0000	5.920681e-2	3.142109e-1	1.250214e-1	0.5982	2.351497e0	5.446665e-1	0.2109	0	0	2.974783e-2	6.105291e-2	1.002872e-1	6.059550e-2	8.047811e-2	-	-	-	-	-
690	v2-348	1.0000	2.581804e-2	5.954742e-2	1.403904e-1	0.7363	2.358111e0	4.312966e-1	0.1719	0	0	1.389779e-2	2.489751e-2	4.971791e-2	8.605921e-2	2.368069e-2	-	-	-	-	-
691	v2-348	1.0000	1.464803e-2	7.566905e-2	2.235521e-2	0.8494	3.657944e-1	1.349466e-1	0.4141	0	0	1.329172e-2	1.357375e-2	1.262302e-2	1.050789e-2	2.113430e-2	-	-	-	-	-
692	v2-348	1.0000	1.341997e-2	3.855777e-2	2.301009e-2	0.5520	7.286117e-1	8.370472e-2	0.3828	0	0	6.395092e-3	1.566743e-2	1.875409e-2	1.779811e-2	1.323004e-2	-	-	-	-	-
693	v2-348	1.0000	2.498038e-2	7.743597e-2	3.471771e-2	0.7233	9.097333e-1	1.237005e-1	0.3516	0	0	2.517974e-2	2.561575e-2	2.765898e-2	2.183927e-2	2.283749e-2	-	-	-	-	-
694	v2-348	1.0000	2.325274e-2	1.356165e-1	4.867847e-2	0.5222	5.513597e-1	2.331988e-1	0.5078	0	0	1.227422e-2	2.200126e-2	3.128935e-2	2.027220e-2	3.975580e-2	-	-	-	-	-
695	v2-348	1.0000	2.057159e-2	8.252943e-2	4.713251e-2	0.5407	1.555710e0	2.343656e-1	0.1953	0	0	9.681772e-3	2.135579e-2	3.821549e-2	3.868090e-2	2.338798e-2	-	-	-	-	-
696	v2-348	1.0000	1.351550e-2	3.494489e-2	1.760196e-2	0.7511	3.112294e-1	9.710149e-2	0.4922	0	0	2.405611e-2	7.410287e-3	1.056902e-2	8.832978e-3	2.033006e-2	-	-	-	-	-
697	v2-348	1.0000	2.939029e-2	1.994507e-1	6.552428e-2	0.5441	7.673717e-1	3.206187e-1	0.4297	0	0	7.541057e-3	3.427263e-2	4.203752e-2	2.181336e-2	4.114769e-2	-	-	-	-	-
698	v2-348	1.0000	7.140133e-2	4.146776e-1	1.642580e-1	0.5274	2.177160e0	1.041912e0	0.1406	0	0	4.543653e-2	6.568968e-2	8.629811e-2	6.089587e-2	1.206397e-1	-	-	-	-	-
699	v2-348	1.0000	1.781942e-2	7.636869e-2	3.385411e-2	0.5841	8.817288e-1	1.316309e-1	0.2266	0	0	1.864135e-2	1.384377e-2	1.967916e-2	1.894035e-2	2.806534e-2	-	-	-	-	-
700	v2-348	1.0000	1.561735e-2	9.392826e-2	2.782970e-2	0.7837	4.945549e-1	1.935582e-1	0.3438	0	0	9.842197e-3	1.582380e-2	1.709836e-2	1.119821e-2	2.305503e-2	-	-	-	-	-
701	v2-348	1.0000	5.756847e-2	2.340183e-1	9.403344e-2	0.6208	1.719219e0	2.538567e-1	0.4062	0	0	3.700305e-2	5.596287e-2	7.567832e-2	8.204346e-2	7.844647e-2	-	-	-	-	-
702	v2-348	1.0000	5.952461e-2	2.244042e-1	1.048551e-1	0.5381	1.889087e0	3.335675e-1	0.3672	0	0	2.224420e-2	6.608361e-2	1.138974e-1	1.347689e-1	5.590269e-2	-	-	-	-	-
703	v2-348	1.0000	1.718148e-2	6.631887e-2	2.157771e-2	0.8679	4.356380e-1	1.191351e-1	0.4375	0	0	2.122194e-2	1.283820e-2	1.899407e-2	1.277175e-2	2.570917e-2	-	-	-	-	-
704	v2-348	1.0000	2.420993e-2	1.332711e-1	4.759249e-2	0.5016	5.609965e-1	2.304146e-1	0.5000	0	0	1.609074e-2	2.229262e-2	3.119813e-2	2.161323e-2	3.924025e-2	-	-	-	-	-
705	v2-348	1.0000	3.020133e-2	1.410275e-1	6.798436e-2	0.6185	1.758442e0	2.810874e-1	0.1719	0	0	2.327571e-2	2.897089e-2	5.257638e-2	6.228833e-2	2.954613e-2	-	-	-	-	-
706	v2-348	1.0000	1.782248e-2	4.279757e-2	2.378715e-2	0.7477	4.088952e-1	1.186407e-1	0.4766	0	0	3.418473e-2	8.895110e-3	1.395231e-2	1.183706e-2	2.625366e-2	-	-	-	-	-
707	v2-348	1.0000	1.571521e-2	8.640981e-2	2.771316e-2	0.7276	4.462746e-1	1.508652e-1	0.3672	0	0	1.168184e-2	1.601572e-2	1.423497e-2	1.190656e-2	2.125603e-2	-	-	-	-	-
708	v2-348	1.0000	2.392989e-2	1.272584e-1	4.690875e-2	0.5778	5.772441e-1	2.187434e-1	0.4922	0	0	1.205886e-2	2.324456e-2	2.887939e-2	2.056084e-2	4.075446e-2	-	-	-	-	-
709	v2-348	1.0000	2.246654e-2	1.032516e-1	5.207372e-2	0.5220	1.570925e0	2.289802e-1	0.2266	0	0	1.227833e-2	2.366764e-2	3.863566e-2	3.233680e-2	2.542145e-2	-	-	-	-	-
710	v2-348	1.0000	6.497310e-3	2.317190e-2	1.040792e-2	0.7218	2.199975e-1	7.001886e-2	0.4766	0	0	7.447948e-3	4.917074e-3	5.018392e-3	4.131496e-3	1.099865e-2	-	-	-	-	-
711	v2-348	1.0000	2.247593e-2	5.818987e-2	2.755391e-2	0.7649	4.262073e-1	1.083247e-1	0.5078	0	0	4.079744e-2	1.280726e-2	1.761803e-2	1.539304e-2	3.114851e-2	-	-	-	-	-
712	v2-348	1.0000	1.061461e-1	3.813181e-1	1.920968e-1	0.5405	1.589588e0	3.776597e-1	0.5391	0	0	5.364496e-2	1.260255e-1	7.534655e-2	7.226295e-2	1.292230e-1	-	-	-	-	-
713	v2-348	1.0000	4.495614e-2	3.363807e-1	1.042533e-1	0.5107	1.364937e0	5.783038e-1	0.3594	0	0	1.864148e-2	4.242167e-2	5.572198e-2	5.186910e-2	8.202842e-2	-	-	-	-	-
714	v2-348	1.0000	2.383452e-2	5.980492e-2	3.035765e-2	0.7590	4.610501e-1	1.368075e-1	0.5156	0	0	4.067200e-2	1.445395e-2	1.857307e-2	1.556190e-2	3.392208e-2	-	-	-	-	-
715	v2-348	1.0000	2.156074e-2	5.561209e-2	2.383025e-2	0.8172	3.633358e-1	5.703221e-2	0.5000	0	0	4.054815e-2	1.101831e-2	1.669565e-2	1.528136e-2	3.183988e-2	-	-	-	-	-
716	v2-348	1.0000	2.341969e-1	1.601018e0	6.445675e-1	0.5684	4.748987e0	2.168574e0	0.4219	0	0	6.840582e-2	2.421129e-1	1.531612e-1	1.285979e-1	4.687463e-1	0.002967	-0.126105	-0.003096	0.001208	-0.008741
717	v2-348	1.0000	6.597435e-2	3.068181e-1	1.062575e-1	0.7235	1.803494e0	5.859260e-1	0.2812	0	0	5.333436e-2	6.550432e-2	7.190021e-2	4.821902e-2	8.623454e-2	-	-	-	-	-
718	v2-348	1.0000	6.566854e-2	4.243674e-1	1.339998e-1	0.8104	9.855138e-1	3.996963e-1	0.2578	0	0	3.962140e-2	6.788726e-2	5.540335e-2	3.176816e-2	1.029600e-1	-	-	-	-	-
719	v2-348	1.0000	1.073748e-2	3.051734e-2	2.683549e-2	0.5057	4.386140e-1	9.724780e-2	0.2891	0	0	1.067640e-2	7.148433e-3	8.359208e-3	9.606081e-3	2.256937e-2	-	-	-	-	-
720	append204	0.0000	0.000000e0	0.000000e0	0.000000e0	1.0000	0.000000e0	0.000000e0	1.0000	1	1	0.000000e0	0.000000e0	0.000000e0	0.000000e0	0.000000e0	-	-	-	-	-
721	append204	0.0000	0.000000e0	0.000000e0	0.000000e0	1.0000	0.000000e0	0.000000e0	1.0000	1	1	0.000000e0	0.000000e0	0.000000e0	0.000000e0	0.000000e0	-	-	-	-	-
722	append204	1.0000	4.177368e-2	1.144060e-1	5.792748e-2	0.7630	1.045856e0	3.203199e-1	0.4141	0	0	5.920451e-2	3.104321e-2	3.992803e-2	2.600906e-2	5.605010e-2	-	-	-	-	-
723	append204	1.0000	1.940511e-2	8.152795e-2	3.668309e-2	0.6738	6.929923e-1	1.880481e-1	0.4141	0	0	9.846823e-3	2.072256e-2	2.209420e-2	2.222232e-2	2.633560e-2	-	-	-	-	-
724	append204	1.0000	1.924844e-2	7.950926e-2	3.477250e-2	0.6497	6.959769e-1	1.498620e-1	0.3672	0	0	1.097086e-2	1.912919e-2	2.122251e-2	3.546035e-2	2.594985e-2	-	-	-	-	-
725	append204	1.0000	2.358823e-1	1.123392e0	5.771409e-1	0.5031	4.562910e0	1.996413e0	0.1797	0	0	5.338398e-2	2.809842e-1	1.879976e-1	1.447776e-1	3.672601e-1	-0.002125	-0.131291	-0.001271	-0.001626	0.000147
726	append204	1.0000	2.542380e-1	1.438241e0	5.252076e-1	0.5861	5.227628e0	1.902189e0	0.1719	0	0	1.799300e-1	2.479179e-1	3.013092e-1	1.413954e-1	3.829218e-1	0.002819	0.085824	-0.039144	-0.004296	-0.010040
727	append204	1.0000	1.056174e-1	3.141653e-1	1.452467e-1	0.7234	4.905732e0	7.732496e-1	0.2031	0	0	9.862436e-2	1.077545e-1	1.409791e-1	1.110019e-1	9.770528e-2	-	-	-	-	-
728	append204	1.0000	1.058856e-1	3.330872e-1	1.801068e-1	0.5054	2.805584e0	3.200434e-1	0.4609	0	0	8.922410e-2	8.190872e-2	2.067080e-1	2.081248e-1	1.499670e-1	-	-	-	-	-
729	append204	1.0000	4.171917e-2	1.090574e-1	1.711720e-1	0.6560	5.443613e0	1.093540e0	0.1250	0	0	1.894334e-2	3.967687e-2	5.326904e-2	2.200067e-1	3.260602e-2	-	-	-	-	-
730	append204	1.0000	2.782573e-1	9.090377e-1	6.380531e-1	0.5620	5.080849e0	1.295882e0	0.1719	0	0	8.439264e-2	3.598123e-1	2.801758e-1	1.895175e-1	3.003368e-1	-0.002342	-0.201824	0.012390	0.004290	-0.000698
731	append204	0.0000	0.000000e0	0.000000e0	0.000000e0	1.0000	0.000000e0	0.000000e0	1.0000	1	1	0.000000e0	0.000000e0	0.000000e0	0.000000e0	0.000000e0	-	-	-	-	-
732	append204	0.0000	0.000000e0	0.000000e0	0.000000e0	1.0000	0.000000e0	0.000000e0	1.0000	1	1	0.000000e0	0.000000e0	0.000000e0	0.000000e0	0.000000e0	-	-	-	-	-
733	append204	1.0000	2.289024e-2	6.286240e-2	3.761193e-2	0.5175	1.055797e0	1.474397e-1	0.2500	0	0	1.444205e-2	2.492332e-2	2.978621e-2	3.967411e-2	2.188132e-2	-	-	-	-	-
734	append204	1.0000	4.939361e-2	1.534138e-1	6.517105e-2	0.7658	1.224898e0	2.334117e-1	0.1719	0	0	6.508449e-2	4.130497e-2	4.267131e-2	3.277381e-2	5.936385e-2	-	-	-	-	-
735	append204	1.0000	1.338299e-1	7.277135e-1	3.001610e-1	0.6371	5.124023e0	1.760965e0	0.3359	0	0	9.154028e-2	1.091764e-1	1.321015e-1	8.002995e-2	2.758196e-1	-	-	-	-	-
736	append204	1.0000	1.975692e-1	7.745457e-1	3.677046e-1	0.5405	3.569136e0	6.316128e-1	0.1797	0	0	1.530289e-1	1.823431e-1	2.400830e-1	1.623784e-1	2.980858e-1	-0.010608	0.034136	-0.019921	-0.009567	-0.005353
737	append204	1.0000	5.487519e-2	2.014456e-1	9.169863e-2	0.5421	2.574843e0	6.309904e-1	0.1641	0	0	3.862984e-2	4.778034e-2	7.733714e-2	8.177966e-2	8.514142e-2	-	-	-	-	-
738	append204	1.0000	7.642616e-2	2.452211e-1	1.081609e-1	0.6145	2.808772e0	6.241740e-1	0.1641	0	0	1.270049e-1	4.345988e-2	6.553115e-2	6.199087e-2	1.175332e-1	-	-	-	-	-
739	append204	1.0000	5.411089e-2	2.358541e-1	9.524782e-2	0.5732	1.887352e0	4.572281e-1	0.0781	0	0	3.201472e-2	6.406042e-2	5.998772e-2	4.759148e-2	5.234157e-2	-	-	-	-	-
740	append204	1.0000	5.680704e-2	1.981384e-1	8.476710e-2	0.6540	2.097620e0	6.817539e-1	0.1406	0	0	7.330387e-2	4.038208e-2	5.808935e-2	5.332776e-2	8.586100e-2	-	-	-	-	-
741	append204	1.0000	5.288363e-2	2.430391e-1	9.584716e-2	0.5738	2.441146e0	8.122275e-1	0.1562	0	0	4.492794e-2	4.814950e-2	5.595904e-2	4.934245e-2	7.747192e-2	-	-	-	-	-
742	append204	1.0000	1.392454e-1	5.829959e-1	2.524067e-1	0.5899	4.185975e0	9.778706e-1	0.2422	0	0	4.011746e-2	1.635606e-1	1.759954e-1	1.885070e-1	1.718803e-1	-	-	-	-	-
743	append204	1.0000	1.025608e-1	4.006863e-1	1.591527e-1	0.6141	4.539479e0	5.674489e-1	0.2422	0	0	4.825931e-2	1.107197e-1	1.332307e-1	1.923571e-1	1.187015e-1	-	-	-	-	-
744	append204	1.0000	7.885789e-2	2.322184e-1	1.318284e-1	0.6468	6.079355e0	9.380847e-1	0.1250	0	0	5.804378e-2	8.542351e-2	1.172036e-1	9.986304e-2	7.086475e-2	-	-	-	-	-
745	append204	1.0000	1.598161e-1	5.557852e-1	2.553524e-1	0.6543	3.578301e0	6.831905e-1	0.1875	0	0	1.772562e-1	1.003896e-1	2.161575e-1	2.615046e-1	2.791558e-1	-0.000842	0.025596	-0.028618	-0.028494	-0.003819
746	append204	1.0000	7.130118e-2	2.500236e-1	2.065603e-1	0.5640	4.369625e0	1.379229e0	0.1094	0	0	2.178335e-2	8.764519e-2	8.995406e-2	1.709047e-1	5.732840e-2	-	-	-	-	-
747	append204	1.0000	1.770803e-1	7.111235e-1	3.549470e-1	0.5315	5.284372e0	9.682016e-1	0.1562	0	0	7.232781e-2	2.076892e-1	2.318132e-1	1.913006e-1	2.013792e-1	-0.002551	0.025431	-0.007887	0.000516	-0.002293
748	append204	0.0000	0.000000e0	0.000000e0	0.000000e0	1.0000	0.000000e0	0.000000e0	1.0000	1	1	0.000000e0	0.000000e0	0.000000e0	0.000000e0	0.000000e0	-	-	-	-	-
749	append204	0.0000	0.000000e0	0.000000e0	0.000000e0	1.0000	0.000000e0	0.000000e0	1.0000	1	1	0.000000e0	0.000000e0	0.000000e0	0.000000e0	0.000000e0	-	-	-	-	-
750	append204	1.0000	8.676151e-2	3.164244e-1	1.321305e-1	0.5588	3.258788e0	5.465366e-1	0.2500	0	0	6.571197e-2	8.988498e-2	7.981039e-2	9.976424e-2	1.031020e-1	-	-	-	-	-
751	append204	1.0000	5.274948e-2	8.399451e-2	1.999642e-1	0.7243	3.180831e0	7.697149e-1	0.2266	0	0	2.783620e-2	7.049188e-2	2.983506e-2	7.257360e-2	3.230870e-2	-	-	-	-	-
752	append204	1.0000	9.944244e-2	3.022928e-1	1.370009e-1	0.7520	2.250069e0	3.214026e-1	0.2266	0	0	1.733355e-1	5.323114e-2	1.116635e-1	5.999706e-2	1.505750e-1	-	-	-	-	-
753	append204	1.0000	1.521335e-1	6.546417e-1	3.194228e-1	0.5658	2.423295e0	7.984683e-1	0.1172	0	0	8.816505e-2	1.467270e-1	1.186151e-1	6.531034e-2	2.795885e-1	0.005103	-0.029877	0.000518	-0.000342	-0.001283
754	append204	0.0000	0.000000e0	0.000000e0	0.000000e0	1.0000	0.000000e0	0.000000e0	1.0000	1	1	0.000000e0	0.000000e0	0.000000e0	0.000000e0	0.000000e0	-	-	-	-	-
755	append204	0.0000	0.000000e0	0.000000e0	0.000000e0	1.0000	0.000000e0	0.000000e0	1.0000	1	1	0.000000e0	0.000000e0	0.000000e0	0.000000e0	0.000000e0	-	-	-	-	-
756	append204	0.0000	0.000000e0	0.000000e0	0.000000e0	1.0000	0.000000e0	0.000000e0	1.0000	1	1	0.000000e0	0.000000e0	0.000000e0	0.000000e0	0.000000e0	-	-	-	-	-
757	append204	0.0000	0.000000e0	0.000000e0	0.000000e0	1.0000	0.000000e0	0.000000e0	1.0000	1	1	0.000000e0	0.000000e0	0.000000e0	0.000000e0	0.000000e0	-	-	-	-	-
758	append204	0.0000	0.000000e0	0.000000e0	0.000000e0	1.0000	0.000000e0	0.000000e0	1.0000	1	1	0.000000e0	0.000000e0	0.000000e0	0.000000e0	0.000000e0	-	-	-	-	-
759	append204	0.0000	0.000000e0	0.000000e0	0.000000e0	1.0000	0.000000e0	0.000000e0	1.0000	1	1	0.000000e0	0.000000e0	0.000000e0	0.000000e0	0.000000e0	-	-	-	-	-
760	append204	0.0000	0.000000e0	0.000000e0	0.000000e0	1.0000	0.000000e0	0.000000e0	1.0000	1	1	0.000000e0	0.000000e0	0.000000e0	0.000000e0	0.000000e0	-	-	-	-	-
761	append204	0.0000	0.000000e0	0.000000e0	0.000000e0	1.0000	0.000000e0	0.000000e0	1.0000	1	1	0.000000e0	0.000000e0	0.000000e0	0.000000e0	0.000000e0	-	-	-	-	-
762	append204	0.0000	0.000000e0	0.000000e0	0.000000e0	1.0000	0.000000e0	0.000000e0	1.0000	1	1	0.000000e0	0.000000e0	0.000000e0	0.000000e0	0.000000e0	-	-	-	-	-
763	append204	0.0000	0.000000e0	0.000000e0	0.000000e0	1.0000	0.000000e0	0.000000e0	1.0000	1	1	0.000000e0	0.000000e0	0.000000e0	0.000000e0	0.000000e0	-	-	-	-	-
764	append204	0.0000	0.000000e0	0.000000e0	0.000000e0	1.0000	0.000000e0	0.000000e0	1.0000	1	1	0.000000e0	0.000000e0	0.000000e0	0.000000e0	0.000000e0	-	-	-	-	-
765	append204	0.0000	0.000000e0	0.000000e0	0.000000e0	1.0000	0.000000e0	0.000000e0	1.0000	1	1	0.000000e0	0.000000e0	0.000000e0	0.000000e0	0.000000e0	-	-	-	-	-
766	append204	0.0000	0.000000e0	0.000000e0	0.000000e0	1.0000	0.000000e0	0.000000e0	1.0000	1	1	0.000000e0	0.000000e0	0.000000e0	0.000000e0	0.000000e0	-	-	-	-	-
767	append204	0.0000	0.000000e0	0.000000e0	0.000000e0	1.0000	0.000000e0	0.000000e0	1.0000	1	1	0.000000e0	0.000000e0	0.000000e0	0.000000e0	0.000000e0	-	-	-	-	-
768	append204	0.0000	0.000000e0	0.000000e0	0.000000e0	1.0000	0.000000e0	0.000000e0	1.0000	1	1	0.000000e0	0.000000e0	0.000000e0	0.000000e0	0.000000e0	-	-	-	-	-
769	append204	0.0000	0.000000e0	0.000000e0	0.000000e0	1.0000	0.000000e0	0.000000e0	1.0000	1	1	0.000000e0	0.000000e0	0.000000e0	0.000000e0	0.000000e0	-	-	-	-	-
770	append204	0.0000	0.000000e0	0.000000e0	0.000000e0	1.0000	0.000000e0	0.000000e0	1.0000	1	1	0.000000e0	0.000000e0	0.000000e0	0.000000e0	0.000000e0	-	-	-	-	-
771	append204	0.0000	0.000000e0	0.000000e0	0.000000e0	1.0000	0.000000e0	0.000000e0	1.0000	1	1	0.000000e0	0.000000e0	0.000000e0	0.000000e0	0.000000e0	-	-	-	-	-
772	append204	0.0000	0.000000e0	0.000000e0	0.000000e0	1.0000	0.000000e0	0.000000e0	1.0000	1	1	0.000000e0	0.000000e0	0.000000e0	0.000000e0	0.000000e0	-	-	-	-	-
773	append204	1.0000	2.506304e-2	8.055067e-2	3.538589e-2	0.7043	6.640385e-1	1.924522e-1	0.3672	0	0	3.566621e-2	1.839758e-2	2.412276e-2	2.091754e-2	3.284954e-2	-	-	-	-	-
774	append204	1.0000	1.423457e-2	3.745151e-2	1.757623e-2	0.7783	3.737161e-1	1.061234e-1	0.3516	0	0	1.772936e-2	1.115828e-2	1.195139e-2	1.269722e-2	2.001634e-2	-	-	-	-	-
775	append204	1.0000	2.306846e-2	4.810715e-2	2.650575e-2	0.7048	5.372045e-1	1.364263e-1	0.3750	0	0	3.533281e-2	1.440615e-2	2.129864e-2	2.891786e-2	3.265653e-2	-	-	-	-	-
776	append204	1.0000	1.224392e-1	5.566034e-1	2.957376e-1	0.5025	2.699154e0	1.148398e0	0.1328	0	0	1.870929e-2	1.479956e-1	1.150553e-1	1.185739e-1	1.810435e-1	-	-	-	-	-
777	append204	1.0000	5.434947e-2	2.214231e-1	1.046739e-1	0.6169	1.400781e0	3.318292e-1	0.2891	0	0	3.442813e-2	5.572623e-2	9.305743e-2	5.664504e-2	6.519728e-2	-	-	-	-	-
778	append204	1.0000	4.432213e-2	1.442451e-1	9.413438e-2	0.6707	2.228866e0	3.932641e-1	0.2656	0	0	4.842325e-2	3.725548e-2	8.133037e-2	5.966816e-2	4.729766e-2	-	-	-	-	-
779	append204	1.0000	5.502900e-2	2.231607e-1	9.245371e-2	0.5008	2.048745e0	3.372858e-1	0.3516	0	0	4.858856e-2	4.753871e-2	7.506214e-2	6.882746e-2	7.758550e-2	-	-	-	-	-
780	append204	1.0000	3.427502e-2	1.266508e-1	5.583091e-2	0.8093	2.442899e0	4.705805e-1	0.0938	0	0	5.083257e-2	2.597812e-2	3.368010e-2	3.363611e-2	3.845036e-2	-	-	-	-	-
781	append204	1.0000	1.068083e-1	4.721484e-1	2.435615e-1	0.5171	2.190863e0	7.294207e-1	0.1797	0	0	5.914775e-2	1.136832e-1	1.343160e-1	8.583573e-2	1.449488e-1	-	-	-	-	-
782	append204	0.0000	0.000000e0	0.000000e0	0.000000e0	1.0000	0.000000e0	0.000000e0	1.0000	1	1	0.000000e0	0.000000e0	0.000000e0	0.000000e0	0.000000e0	-	-	-	-	-
783	append204	0.0000	0.000000e0	0.000000e0	0.000000e0	1.0000	0.000000e0	0.000000e0	1.0000	1	1	0.000000e0	0.000000e0	0.000000e0	0.000000e0	0.000000e0	-	-	-	-	-
784	append204	1.0000	2.309139e-2	6.318617e-2	3.787160e-2	0.5168	1.057510e0	1.456714e-1	0.2500	0	0	1.538865e-2	2.491834e-2	2.960258e-2	3.977355e-2	2.187304e-2	-	-	-	-	-
785	append204	1.0000	4.293808e-2	1.481972e-1	5.719435e-2	0.8184	1.019332e0	2.486597e-1	0.1875	0	0	5.482499e-2	3.073899e-2	5.305899e-2	4.567954e-2	6.136921e-2	-	-	-	-	-
786	append204	1.0000	5.097519e-2	1.691160e-1	1.182155e-1	0.7190	2.355611e0	4.733250e-1	0.2812	0	0	2.038592e-2	5.094138e-2	7.013695e-2	6.019432e-2	8.324800e-2	-	-	-	-	-
787	append204	1.0000	5.679153e-2	2.185112e-1	1.089070e-1	0.6211	1.200052e0	2.407420e-1	0.1562	0	0	5.681114e-2	3.739243e-2	6.061367e-2	5.721653e-2	1.144488e-1	-	-	-	-	-
788	append204	1.0000	3.547454e-2	1.355426e-1	5.512165e-2	0.5994	1.197081e0	1.974790e-1	0.1328	0	0	3.603939e-2	3.581434e-2	3.366604e-2	2.925083e-2	3.563898e-2	-	-	-	-	-
789	append204	1.0000	6.129925e-2	1.675925e-1	7.972047e-2	0.6186	1.634121e0	2.042477e-1	0.2031	0	0	9.910817e-2	3.871276e-2	5.626409e-2	5.859489e-2	8.310636e-2	-	-	-	-	-
790	append204	1.0000	2.396601e-2	9.944052e-2	4.458908e-2	0.6604	1.118214e0	1.406822e-1	0.0859	0	0	1.462637e-2	3.109787e-2	1.613506e-2	2.437120e-2	1.628846e-2	-	-	-	-	-
791	append204	1.0000	1.587283e-2	5.597091e-2	2.898409e-2	0.6221	1.006154e0	1.668953e-1	0.1094	0	0	1.414438e-2	1.369405e-2	2.685318e-2	3.297930e-2	1.786076e-2	-	-	-	-	-
792	append204	1.0000	3.726221e-2	1.149232e-1	5.769590e-2	0.6863	1.401209e0	3.203587e-1	0.1328	0	0	3.843845e-2	3.440230e-2	3.263663e-2	3.198732e-2	4.684422e-2	-	-	-	-	-
793	append204	1.0000	1.248869e-1	4.468699e-1	1.976726e-1	0.5075	2.724617e0	6.353661e-1	0.3281	0	0	1.248826e-1	9.846418e-2	1.701246e-1	2.209355e-1	1.708327e-1	-	-	-	-	-
794	append204	1.0000	9.801873e-2	3.318071e-1	1.675737e-1	0.5526	3.368590e0	5.729226e-1	0.2109	0	0	1.015896e-1	6.857109e-2	1.599221e-1	2.223514e-1	1.376261e-1	-	-	-	-	-
795	append204	1.0000	5.321032e-2	2.660440e-1	1.131013e-1	0.6139	4.298805e0	9.714473e-1	0.1641	0	0	3.113271e-2	6.078092e-2	7.786088e-2	3.933645e-2	5.547396e-2	-	-	-	-	-
796	append204	1.0000	1.150283e-1	3.259647e-1	1.696637e-1	0.7774	2.368880e0	4.275239e-1	0.1719	0	0	1.086929e-1	9.897565e-2	1.517336e-1	1.597308e-1	1.518667e-1	-	-	-	-	-
797	append204	1.0000	7.057214e-2	2.694978e-1	2.203554e-1	0.7618	4.342723e0	1.509612e0	0.1094	0	0	6.131063e-2	6.458821e-2	1.076017e-1	7.228294e-2	9.060125e-2	-	-	-	-	-
798	append204	1.0000	2.642005e-1	8.525276e-1	4.024795e-1	0.5519	4.596268e0	6.803907e-1	0.1797	0	0	3.176012e-1	2.040484e-1	3.611279e-1	3.294696e-1	3.375283e-1	-0.003483	0.093793	-0.035414	-0.025398	-0.002342
799	append204	0.0000	0.000000e0	0.000000e0	0.000000e0	1.0000	0.000000e0	0.000000e0	1.0000	1	1	0.000000e0	0.000000e0	0.000000e0	0.000000e0	0.000000e0	-	-	-	-	-
800	append204	0.0000	0.000000e0	0.000000e0	0.000000e0	1.0000	0.000000e0	0.000000e0	1.0000	1	1	0.000000e0	0.000000e0	0.000000e0	0.000000e0	0.000000e0	-	-	-	-	-
801	append204	1.0000	8.614609e-2	3.107094e-1	1.306179e-1	0.5583	3.275675e0	5.309953e-1	0.2500	0	0	6.504376e-2	8.945804e-2	7.975428e-2	1.009843e-1	1.014106e-1	-	-	-	-	-
802	append204	1.0000	2.524058e-2	8.686137e-2	6.324499e-2	0.5125	3.066973e0	8.183271e-1	0.1797	0	0	1.322970e-2	3.003843e-2	1.793521e-2	1.622304e-2	3.012499e-2	-	-	-	-	-
803	append204	1.0000	5.742637e-2	1.654520e-1	8.626127e-2	0.6737	2.023213e0	3.254220e-1	0.2031	0	0	1.026093e-1	2.956127e-2	9.240516e-2	5.085035e-2	7.628941e-2	-	-	-	-	-
804	append204	1.0000	1.089653e-1	5.101552e-1	2.240625e-1	0.5935	1.617214e0	5.518040e-1	0.0938	0	0	1.154829e-1	6.398055e-2	8.498753e-2	5.092524e-2	2.566240e-1	-	-	-	-	-
805	append204	0.0000	0.000000e0	0.000000e0	0.000000e0	1.0000	0.000000e0	0.000000e0	1.0000	1	1	0.000000e0	0.000000e0	0.000000e0	0.000000e0	0.000000e0	-	-	-	-	-
806	append204	0.0000	0.000000e0	0.000000e0	0.000000e0	1.0000	0.000000e0	0.000000e0	1.0000	1	1	0.000000e0	0.000000e0	0.000000e0	0.000000e0	0.000000e0	-	-	-	-	-
807	append204	1.0000	3.125355e-2	7.438064e-2	4.183880e-2	0.7886	6.810496e-1	1.668803e-1	0.4062	0	0	5.794930e-2	1.809109e-2	2.486030e-2	2.472389e-2	4.002523e-2	-	-	-	-	-
808	append204	1.0000	1.011221e-2	2.274835e-2	1.196557e-2	0.8396	3.480172e-1	3.142537e-2	0.3906	0	0	1.441641e-2	9.004740e-3	9.730008e-3	9.862263e-3	8.096993e-3	-	-	-	-	-
809	append204	1.0000	9.962555e-3	3.744510e-2	1.676655e-2	0.6369	4.315933e-1	7.949038e-2	0.4062	0	0	4.642944e-3	1.159964e-2	1.145152e-2	1.095458e-2	1.121750e-2	-	-	-	-	-
810	append204	1.0000	1.093359e-1	5.107970e-1	2.119519e-1	0.5376	2.667975e0	8.079161e-1	0.2188	0	0	2.949923e-2	1.243662e-1	1.322907e-1	1.350250e-1	1.543949e-1	-	-	-	-	-
811	append204	1.0000	5.607016e-2	2.630143e-1	1.124631e-1	0.5333	1.860777e0	3.126390e-1	0.2734	0	0	2.550843e-2	6.227399e-2	9.144056e-2	5.831168e-2	6.683624e-2	-	-	-	-	-
812	append204	1.0000	7.290312e-2	1.615683e-1	1.325748e-1	0.6548	2.797079e0	5.095052e-1	0.3828	0	0	1.153645e-1	4.782775e-2	1.061217e-1	6.723423e-2	8.705407e-2	-	-	-	-	-
813	append204	1.0000	6.125784e-2	2.560067e-1	1.279965e-1	0.5860	2.205723e0	2.652445e-1	0.3125	0	0	2.990167e-2	4.847886e-2	1.135616e-1	1.412331e-1	1.080478e-1	-	-	-	-	-
814	append204	1.0000	2.363192e-2	5.144548e-2	4.739861e-2	0.6375	1.507333e0	2.918886e-1	0.1484	0	0	3.693198e-2	1.284626e-2	2.306433e-2	4.307148e-2	3.484350e-2	-	-	-	-	-
815	append204	1.0000	2.645338e-1	1.289245e0	5.808803e-1	0.5274	4.029358e0	1.341286e0	0.1328	0	0	1.611932e-1	2.536867e-1	3.358766e-1	2.351717e-1	4.184703e-1	0.002707	0.082718	-0.022107	-0.008304	-0.006807
816	append204	0.0000	0.000000e0	0.000000e0	0.000000e0	1.0000	0.000000e0	0.000000e0	1.0000	1	1	0.000000e0	0.000000e0	0.000000e0	0.000000e0	0.000000e0	-	-	-	-	-
817	append204	0.0000	0.000000e0	0.000000e0	0.000000e0	1.0000	0.000000e0	0.000000e0	1.0000	1	1	0.000000e0	0.000000e0	0.000000e0	0.000000e0	0.000000e0	-	-	-	-	-
818	append204	1.0000	4.644743e-2	1.376326e-1	7.971609e-2	0.5025	2.070260e0	4.271140e-1	0.2031	0	0	3.741520e-2	4.266075e-2	5.313750e-2	8.057460e-2	5.983102e-2	-	-	-	-	-
819	append204	1.0000	1.169039e-1	3.853235e-1	1.728891e-1	0.8451	2.193625e0	5.367338e-1	0.1406	0	0	1.002506e-1	1.032657e-1	1.785729e-1	1.738652e-1	1.503526e-1	-	-	-	-	-
820	append204	1.0000	7.749474e-2	2.123051e-1	1.183929e-1	0.5955	4.085364e0	4.867081e-1	0.2656	0	0	1.033734e-1	5.409961e-2	1.127470e-1	6.564319e-2	1.087659e-1	-	-	-	-	-
821	append204	1.0000	7.377324e-2	2.791604e-1	1.204956e-1	0.6163	1.951174e0	2.638945e-1	0.2109	0	0	6.521819e-2	7.124804e-2	7.696155e-2	5.688989e-2	9.551978e-2	-	-	-	-	-
822	append204	0.0000	0.000000e0	0.000000e0	0.000000e0	1.0000	0.000000e0	0.000000e0	1.0000	1	1	0.000000e0	0.000000e0	0.000000e0	0.000000e0	0.000000e0	-	-	-	-	-
823	append204	0.0000	0.000000e0	0.000000e0	0.000000e0	1.0000	0.000000e0	0.000000e0	1.0000	1	1	0.000000e0	0.000000e0	0.000000e0	0.000000e0	0.000000e0	-	-	-	-	-
824	append204	1.0000	1.505355e-2	7.789898e-2	2.568772e-2	0.6725	4.064237e-1	1.795833e-1	0.4062	0	0	1.838680e-2	1.108085e-2	1.075834e-2	7.514178e-3	2.567895e-2	-	-	-	-	-
825	append204	1.0000	1.338739e-2	5.715889e-2	2.006055e-2	0.7889	3.621917e-1	1.518993e-1	0.3828	0	0	1.618877e-2	9.193089e-3	1.139296e-2	1.020028e-2	2.375654e-2	-	-	-	-	-
826	append204	1.0000	1.873334e-2	5.044103e-2	2.333527e-2	0.7220	4.329533e-1	1.582105e-1	0.3516	0	0	2.891019e-2	1.073810e-2	1.716411e-2	1.740505e-2	3.060241e-2	-	-	-	-	-
827	append204	1.0000	7.625111e-2	3.023753e-1	1.191784e-1	0.5977	1.708383e0	2.035786e-1	0.3516	0	0	7.567404e-2	5.845838e-2	8.659799e-2	8.223706e-2	1.268211e-1	-	-	-	-	-
828	append204	1.0000	5.818172e-2	2.623951e-1	9.852782e-2	0.6428	9.455611e-1	2.386673e-1	0.3516	0	0	3.787166e-2	5.919598e-2	9.331584e-2	9.609480e-2	6.325082e-2	-	-	-	-	-
829	append204	1.0000	3.280385e-2	1.119270e-1	5.305781e-2	0.6782	1.071654e0	2.602465e-1	0.4922	0	0	2.839488e-2	2.939351e-2	4.729057e-2	4.377939e-2	4.248592e-2	-	-	-	-	-
830	append204	1.0000	3.956354e-2	1.607478e-1	1.041746e-1	0.5753	1.587648e0	4.237478e-1	0.2969	0	0	1.216397e-2	3.579918e-2	8.617483e-2	1.043100e-1	5.898612e-2	-	-	-	-	-
831	append204	1.0000	1.253075e-2	3.144121e-2	4.485688e-2	0.5842	1.155509e0	1.349734e-1	0.2734	0	0	7.363512e-3	1.580051e-2	8.854113e-3	1.271663e-2	1.017009e-2	-	-	-	-	-
832	append204	1.0000	4.834419e-2	2.731233e-1	1.196200e-1	0.5049	9.874985e-1	3.288323e-1	0.4688	0	0	1.624298e-2	5.580643e-2	6.934294e-2	4.685997e-2	6.186737e-2	-	-	-	-	-
833	append204	0.0000	0.000000e0	0.000000e0	0.000000e0	1.0000	0.000000e0	0.000000e0	1.0000	1	1	0.000000e0	0.000000e0	0.000000e0	0.000000e0	0.000000e0	-	-	-	-	-
834	append204	0.0000	0.000000e0	0.000000e0	0.000000e0	1.0000	0.000000e0	0.000000e0	1.0000	1	1	0.000000e0	0.000000e0	0.000000e0	0.000000e0	0.000000e0	-	-	-	-	-
835	append204	1.0000	1.248382e-2	3.387547e-2	2.087026e-2	0.5148	5.928154e-1	6.852774e-2	0.3516	0	0	8.184011e-3	1.375949e-2	1.727942e-2	2.328955e-2	1.037967e-2	-	-	-	-	-
836	append204	1.0000	2.266126e-2	1.149378e-1	3.712871e-2	0.8396	6.772328e-1	2.190995e-1	0.3828	0	0	2.282945e-2	1.843124e-2	2.914549e-2	1.976922e-2	3.425454e-2	-	-	-	-	-
837	append204	1.0000	3.313647e-2	1.507838e-1	8.310753e-2	0.5573	2.266078e0	5.601539e-1	0.2891	0	0	1.336378e-2	3.825903e-2	6.495704e-2	1.631788e-2	3.868510e-2	-	-	-	-	-
838	append204	1.0000	1.144521e-1	4.057298e-1	2.196233e-1	0.6146	1.583169e0	4.281332e-1	0.2734	0	0	9.219937e-2	1.051538e-1	8.912943e-2	7.462225e-2	1.870463e-1	-	-	-	-	-
839	append204	1.0000	1.635229e-2	7.205987e-2	2.973897e-2	0.5984	7.542628e-1	1.346888e-1	0.2656	0	0	6.807813e-3	2.037436e-2	1.647436e-2	1.511079e-2	1.668228e-2	-	-	-	-	-
840	append204	1.0000	1.850492e-2	5.969054e-2	2.599769e-2	0.7116	7.773666e-1	1.312305e-1	0.2812	0	0	1.949227e-2	1.745907e-2	2.139868e-2	1.796278e-2	1.978197e-2	-	-	-	-	-
841	append204	1.0000	1.794835e-2	5.010676e-2	2.383531e-2	0.7020	8.111823e-1	1.597661e-1	0.1719	0	0	2.660850e-2	1.319084e-2	1.722232e-2	1.878494e-2	2.123301e-2	-	-	-	-	-
842	append204	1.0000	2.058809e-2	4.794043e-2	2.799930e-2	0.7351	8.110001e-1	1.140738e-1	0.2656	0	0	3.322677e-2	1.239216e-2	2.221015e-2	2.648799e-2	2.739177e-2	-	-	-	-	-
843	append204	1.0000	4.429287e-2	9.450349e-2	6.122998e-2	0.7266	1.417186e0	1.690767e-1	0.2109	0	0	5.849270e-2	3.312256e-2	5.179063e-2	5.846762e-2	5.465149e-2	-	-	-	-	-
844	append204	1.0000	8.587176e-2	2.637444e-1	1.241801e-1	0.5851	1.450490e0	2.574000e-1	0.3906	0	0	1.226051e-1	5.489504e-2	1.012806e-1	1.201737e-1	1.205560e-1	-	-	-	-	-
845	append204	1.0000	6.094204e-2	2.254380e-1	1.243382e-1	0.5270	2.670304e0	3.940976e-1	0.3281	0	0	2.977845e-2	6.318511e-2	1.171295e-1	1.237800e-1	6.496174e-2	-	-	-	-	-
846	append204	1.0000	3.701652e-2	1.448820e-1	1.159992e-1	0.6625	2.694816e0	5.333595e-1	0.3750	0	0	1.868108e-2	4.096796e-2	1.020625e-1	4.944233e-2	2.884111e-2	-	-	-	-	-
847	append204	1.0000	3.959127e-2	9.760952e-2	5.674905e-2	0.5874	1.075820e0	3.024121e-1	0.3438	0	0	5.937253e-2	2.690782e-2	5.212073e-2	3.570619e-2	5.027193e-2	-	-	-	-	-
848	append204	1.0000	3.034679e-2	1.368284e-1	7.811626e-2	0.7098	1.815314e0	6.201971e-1	0.1719	0	0	2.043087e-2	2.828819e-2	4.737105e-2	3.483930e-2	4.385957e-2	-	-	-	-	-
849	append204	1.0000	1.456266e-1	4.582540e-1	2.025245e-1	0.5577	2.066276e0	4.164266e-1	0.4141	0	0	2.049234e-1	8.926988e-2	1.757078e-1	1.879086e-1	2.225633e-1	-0.001371	0.036539	-0.009765	-0.010492	-0.001922
850	append204	0.0000	0.000000e0	0.000000e0	0.000000e0	1.0000	0.000000e0	0.000000e0	1.0000	1	1	0.000000e0	0.000000e0	0.000000e0	0.000000e0	0.000000e0	-	-	-	-	-
851	append204	0.0000	0.000000e0	0.000000e0	0.000000e0	1.0000	0.000000e0	0.000000e0	1.0000	1	1	0.000000e0	0.000000e0	0.000000e0	0.000000e0	0.000000e0	-	-	-	-	-
852	append204	1.0000	5.358836e-2	1.971229e-1	8.296564e-2	0.5915	1.870514e0	3.695632e-1	0.3906	0	0	4.298374e-2	5.408020e-2	4.687386e-2	5.533940e-2	6.704912e-2	-	-	-	-	-
853	append204	1.0000	2.105375e-2	6.245995e-2	5.794949e-2	0.6726	2.366200e0	4.924248e-1	0.2656	0	0	1.189301e-2	2.526416e-2	1.756822e-2	1.800155e-2	2.167718e-2	-	-	-	-	-
854	append204	1.0000	4.135136e-2	1.444219e-1	7.283699e-2	0.5497	1.493741e0	4.973697e-1	0.2031	0	0	5.233512e-2	2.751532e-2	6.634956e-2	4.382464e-2	6.210914e-2	-	-	-	-	-
855	append204	1.0000	2.596446e-2	9.157467e-2	4.455689e-2	0.5175	7.299918e-1	1.110629e-1	0.1875	0	0	2.348612e-2	2.279935e-2	2.373913e-2	1.670905e-2	4.147044e-2	-	-	-	-	-
856	append204	0.0000	0.000000e0	0.000000e0	0.000000e0	1.0000	0.000000e0	0.000000e0	1.0000	1	1	0.000000e0	0.000000e0	0.000000e0	0.000000e0	0.000000e0	-	-	-	-	-
857	append204	0.0000	0.000000e0	0.000000e0	0.000000e0	1.0000	0.000000e0	0.000000e0	1.0000	1	1	0.000000e0	0.000000e0	0.000000e0	0.000000e0	0.000000e0	-	-	-	-	-
858	append204	1.0000	1.770681e-2	4.244304e-2	2.405665e-2	0.7863	3.892317e-1	1.064201e-1	0.4297	0	0	3.346974e-2	9.581928e-3	1.408934e-2	1.210865e-2	2.432070e-2	-	-	-	-	-
859	append204	1.0000	8.960119e-3	1.999950e-2	9.457066e-3	0.8576	2.265538e-1	4.011902e-2	0.4531	0	0	1.648515e-2	5.175193e-3	8.360449e-3	7.703363e-3	1.121125e-2	-	-	-	-	-
860	append204	1.0000	7.103521e-3	1.631594e-2	8.403522e-3	0.8146	2.474506e-1	2.448668e-2	0.4453	0	0	1.191645e-2	4.968493e-3	6.237442e-3	5.895476e-3	7.896799e-3	-	-	-	-	-
861	append204	1.0000	7.982796e-2	3.344877e-1	1.323299e-1	0.6018	1.667224e0	2.354964e-1	0.3984	0	0	8.612834e-2	6.043289e-2	1.046259e-1	7.926686e-2	1.242014e-1	-	-	-	-	-
862	append204	1.0000	5.511264e-2	3.140270e-1	1.102429e-1	0.6895	1.005589e0	4.205861e-1	0.3359	0	0	2.895572e-2	5.740605e-2	7.182259e-2	6.997439e-2	7.396263e-2	-	-	-	-	-
863	append204	1.0000	4.039391e-2	2.002037e-1	7.343609e-2	0.6254	1.090902e0	3.888367e-1	0.3594	0	0	3.539166e-2	3.530978e-2	5.254350e-2	4.570484e-2	5.783488e-2	-	-	-	-	-
864	append204	1.0000	6.859953e-2	2.510886e-1	1.650836e-1	0.6395	2.102222e0	5.443400e-1	0.2422	0	0	4.220522e-2	5.164897e-2	1.281430e-1	1.567219e-1	1.178805e-1	-	-	-	-	-
865	append204	1.0000	9.678660e-3	2.072048e-2	1.697784e-2	0.6134	3.142937e-1	8.143344e-2	0.2500	0	0	1.551526e-2	6.253904e-3	8.475880e-3	7.079462e-3	1.347619e-2	-	-	-	-	-
866	append204	1.0000	7.256490e-2	4.269361e-1	1.427966e-1	0.5401	1.501915e0	2.969118e-1	0.2109	0	0	2.808509e-2	8.102609e-2	1.363261e-1	1.269491e-1	7.485555e-2	-	-	-	-	-
867	append204	0.0000	0.000000e0	0.000000e0	0.000000e0	1.0000	0.000000e0	0.000000e0	1.0000	1	1	0.000000e0	0.000000e0	0.000000e0	0.000000e0	0.000000e0	-	-	-	-	-
868	append204	0.0000	0.000000e0	0.000000e0	0.000000e0	1.0000	0.000000e0	0.000000e0	1.0000	1	1	0.000000e0	0.000000e0	0.000000e0	0.000000e0	0.000000e0	-	-	-	-	-
869	append204	1.0000	3.012301e-2	9.412670e-2	5.172241e-2	0.5029	1.265323e0	3.006628e-1	0.3438	0	0	2.718426e-2	2.676642e-2	3.228076e-2	4.567604e-2	3.988192e-2	-	-	-	-	-
870	append204	1.0000	5.551523e-2	2.576194e-1	8.781969e-2	0.8743	1.018191e0	3.576064e-1	0.1953	0	0	4.264236e-2	4.946099e-2	7.078164e-2	5.749313e-2	8.597248e-2	-	-	-	-	-
871	append204	1.0000	3.100551e-2	1.336675e-1	8.791431e-2	0.5922	2.193264e0	6.386857e-1	0.2812	0	0	1.387786e-2	2.771636e-2	5.580954e-2	2.825617e-2	5.718027e-2	-	-	-	-	-
872	append204	1.0000	8.147688e-2	3.228111e-1	1.411871e-1	0.5726	1.278348e0	2.633240e-1	0.5312	0	0	4.167303e-2	9.615344e-2	6.457572e-2	5.180916e-2	9.942588e-2	-	-	-	-	-
873	append204	0.0000	0.000000e0	0.000000e0	0.000000e0	1.0000	0.000000e0	0.000000e0	1.0000	1	1	0.000000e0	0.000000e0	0.000000e0	0.000000e0	0.000000e0	-	-	-	-	-
874	append204	0.0000	0.000000e0	0.000000e0	0.000000e0	1.0000	0.000000e0	0.000000e0	1.0000	1	1	0.000000e0	0.000000e0	0.000000e0	0.000000e0	0.000000e0	-	-	-	-	-
875	append204	1.0000	1.665103e-2	1.024437e-1	3.191908e-2	0.6916	4.971558e-1	2.438077e-1	0.4375	0	0	1.729507e-2	1.245861e-2	1.170110e-2	7.301304e-3	3.198741e-2	-	-	-	-	-
876	append204	1.0000	1.630807e-2	8.465862e-2	2.802194e-2	0.7412	4.876949e-1	2.229938e-1	0.3828	0	0	1.801956e-2	1.129275e-2	1.308643e-2	1.016871e-2	3.157043e-2	-	-	-	-	-
877	append204	1.0000	2.006412e-2	7.255423e-2	2.854959e-2	0.7354	5.039599e-1	2.149557e-1	0.3359	0	0	2.907600e-2	1.164621e-2	1.662747e-2	1.511885e-2	3.603686e-2	-	-	-	-	-
878	append204	1.0000	7.285508e-2	2.441945e-1	1.006952e-1	0.6261	1.382669e0	2.329600e-1	0.4922	0	0	9.485293e-2	4.785861e-2	8.607950e-2	7.009684e-2	1.175501e-1	-	-	-	-	-
879	append204	1.0000	3.309865e-2	2.195469e-1	7.679948e-2	0.6415	9.142934e-1	3.639940e-1	0.3594	0	0	9.402747e-3	3.702209e-2	4.468884e-2	2.547460e-2	5.041762e-2	-	-	-	-	-
880	append204	1.0000	3.374563e-2	1.343018e-1	6.141299e-2	0.5857	1.086794e0	2.566412e-1	0.4609	0	0	1.762700e-2	3.492498e-2	5.593097e-2	4.299685e-2	4.296797e-2	-	-	-	-	-
881	append204	1.0000	3.613484e-2	1.647229e-1	1.050272e-1	0.6030	2.094661e0	6.278639e-1	0.1797	0	0	1.139297e-2	3.454715e-2	9.840573e-2	8.705346e-2	4.471509e-2	-	-	-	-	-
882	append204	1.0000	4.004012e-2	5.481529e-2	1.475657e-1	0.8953	2.816193e0	2.562632e-1	0.1719	0	0	2.235637e-2	5.188488e-2	2.670667e-2	3.143093e-2	3.232733e-2	-	-	-	-	-
883	append204	1.0000	4.680642e-2	2.110138e-1	8.021590e-2	0.5511	9.737426e-1	1.770645e-1	0.5156	0	0	4.231601e-2	4.168341e-2	7.069297e-2	5.906267e-2	5.904756e-2	-	-	-	-	-
884	append204	0.0000	0.000000e0	0.000000e0	0.000000e0	1.0000	0.000000e0	0.000000e0	1.0000	1	1	0.000000e0	0.000000e0	0.000000e0	0.000000e0	0.000000e0	-	-	-	-	-
885	append204	0.0000	0.000000e0	0.000000e0	0.000000e0	1.0000	0.000000e0	0.000000e0	1.0000	1	1	0.000000e0	0.000000e0	0.000000e0	0.000000e0	0.000000e0	-	-	-	-	-
886	append204	1.0000	1.238913e-2	3.376499e-2	2.063182e-2	0.5125	5.891226e-1	6.770098e-2	0.3516	0	0	8.521310e-3	1.348801e-2	1.698092e-2	2.275555e-2	1.042103e-2	-	-	-	-	-
887	append204	1.0000	1.800512e-2	1.183545e-1	3.679618e-2	0.6978	7.104440e-1	2.460644e-1	0.3594	0	0	1.069551e-2	1.785818e-2	2.065284e-2	1.103112e-2	2.877725e-2	-	-	-	-	-
888	append204	1.0000	3.368997e-2	8.774233e-2	8.379596e-2	0.5164	3.228684e0	4.336621e-1	0.2188	0	0	2.476511e-2	3.764308e-2	8.368063e-2	2.509310e-2	2.222534e-2	-	-	-	-	-
889	append204	1.0000	1.000340e-1	3.863289e-1	1.846638e-1	0.5485	1.782906e0	3.456178e-1	0.3281	0	0	4.967862e-2	1.152334e-1	8.217422e-2	8.698168e-2	1.263257e-1	-	-	-	-	-
890	append204	1.0000	2.405807e-2	8.683848e-2	3.859821e-2	0.6156	1.226277e0	2.554815e-1	0.2969	0	0	1.954070e-2	2.212965e-2	3.513921e-2	3.238417e-2	3.088978e-2	-	-	-	-	-
891	append204	1.0000	2.351476e-2	8.599758e-2	4.264561e-2	0.5660	1.313883e0	2.936208e-1	0.2969	0	0	1.355962e-2	2.511169e-2	3.759345e-2	3.487853e-2	2.516471e-2	-	-	-	-	-
892	append204	1.0000	1.731446e-2	5.754924e-2	2.699928e-2	0.6072	1.114718e0	2.918104e-1	0.2578	0	0	1.581769e-2	1.397893e-2	2.610737e-2	2.461479e-2	2.536197e-2	-	-	-	-	-
893	append204	1.0000	2.208162e-2	5.500221e-2	2.962393e-2	0.6310	1.221233e0	2.539079e-1	0.2734	0	0	2.939261e-2	1.637411e-2	2.234788e-2	2.522790e-2	2.918166e-2	-	-	-	-	-
894	append204	1.0000	3.027016e-2	7.730794e-2	4.544713e-2	0.7087	1.551367e0	2.438756e-1	0.2500	0	0	4.484941e-2	1.933294e-2	3.763755e-2	4.314618e-2	3.977186e-2	-	-	-	-	-
895	append204	1.0000	6.355614e-2	2.716438e-1	9.647309e-2	0.7454	1.580294e0	2.271928e-1	0.2891	0	0	4.345391e-2	6.217573e-2	1.080403e-1	1.243487e-1	6.785736e-2	-	-	-	-	-
896	append204	1.0000	7.908346e-2	2.581561e-1	1.431081e-1	0.6742	2.624485e0	4.024996e-1	0.3516	0	0	8.295927e-2	7.748278e-2	1.199109e-1	1.040201e-1	6.256334e-2	-	-	-	-	-
897	append204	1.0000	2.807587e-2	9.453309e-2	7.576729e-2	0.5922	2.451370e0	2.654654e-1	0.2734	0	0	1.315936e-2	3.362139e-2	5.820185e-2	4.866439e-2	1.782622e-2	-	-	-	-	-
898	append204	1.0000	4.020504e-2	2.045835e-1	7.331927e-2	0.5784	1.471254e0	6.341676e-1	0.3672	0	0	4.522082e-2	2.934869e-2	4.913490e-2	2.320693e-2	6.830228e-2	-	-	-	-	-
899	append204	1.0000	2.933900e-2	5.752850e-2	6.743833e-2	0.7964	1.309441e0	1.139700e-1	0.2188	0	0	3.462873e-2	2.425513e-2	7.623083e-2	4.473970e-2	2.220709e-2	-	-	-	-	-
900	append204	1.0000	7.163658e-2	2.801567e-1	1.445449e-1	0.5351	2.714639e0	5.818458e-1	0.3672	0	0	3.758096e-2	6.971908e-2	1.484046e-1	1.530653e-1	8.230899e-2	-	-	-	-	-
901	append204	0.0000	0.000000e0	0.000000e0	0.000000e0	1.0000	0.000000e0	0.000000e0	1.0000	1	1	0.000000e0	0.000000e0	0.000000e0	0.000000e0	0.000000e0	-	-	-	-	-
902	append204	0.0000	0.000000e0	0.000000e0	0.000000e0	1.0000	0.000000e0	0.000000e0	1.0000	1	1	0.000000e0	0.000000e0	0.000000e0	0.000000e0	0.000000e0	-	-	-	-	-
903	append204	1.0000	5.453763e-2	2.023055e-1	8.531045e-2	0.5914	1.891876e0	3.919818e-1	0.3906	0	0	4.288763e-2	5.518991e-2	4.759122e-2	5.576671e-2	6.903661e-2	-	-	-	-	-
904	append204	1.0000	3.633555e-2	1.102350e-1	7.807304e-2	0.8066	2.989192e0	6.386933e-1	0.2969	0	0	3.030842e-2	3.648108e-2	3.708483e-2	4.098968e-2	4.235603e-2	-	-	-	-	-
905	append204	1.0000	4.716405e-2	2.527487e-1	1.013690e-1	0.5476	1.843369e0	7.312333e-1	0.2109	0	0	2.862443e-2	4.183967e-2	8.265218e-2	6.101715e-2	7.467964e-2	-	-	-	-	-
906	append204	1.0000	3.909467e-2	1.430336e-1	6.282781e-2	0.5778	9.352448e-1	1.659055e-1	0.0625	0	0	2.139356e-2	4.534113e-2	2.917836e-2	2.385710e-2	4.902444e-2	-	-	-	-	-
907	append204	0.0000	0.000000e0	0.000000e0	0.000000e0	1.0000	0.000000e0	0.000000e0	1.0000	1	1	0.000000e0	0.000000e0	0.000000e0	0.000000e0	0.000000e0	-	-	-	-	-
908	append204	0.0000	0.000000e0	0.000000e0	0.000000e0	1.0000	0.000000e0	0.000000e0	1.0000	1	1	0.000000e0	0.000000e0	0.000000e0	0.000000e0	0.000000e0	-	-	-	-	-
909	append204	1.0000	1.681981e-2	4.876995e-2	2.407770e-2	0.7463	3.853321e-1	1.383788e-1	0.4922	0	0	2.810072e-2	9.709745e-3	1.300714e-2	1.039803e-2	2.635784e-2	-	-	-	-	-
910	append204	1.0000	1.001027e-2	2.982616e-2	1.302156e-2	0.7692	2.594789e-1	8.369129e-2	0.4922	0	0	1.634887e-2	5.740320e-3	8.314127e-3	6.977983e-3	1.595252e-2	-	-	-	-	-
911	append204	1.0000	7.931398e-3	2.207911e-2	1.121262e-2	0.7152	2.662695e-1	6.451733e-2	0.4609	0	0	1.209376e-2	5.127991e-3	6.242523e-3	5.884026e-3	1.199396e-2	-	-	-	-	-
912	append204	1.0000	8.971923e-2	3.183718e-1	1.354464e-1	0.5928	1.509740e0	2.949797e-1	0.3906	0	0	1.155040e-1	5.710130e-2	1.346571e-1	1.221818e-1	1.362135e-1	-	-	-	-	-
913	append204	1.0000	2.954605e-2	2.058930e-1	7.102564e-2	0.5337	8.691873e-1	3.830517e-1	0.3516	0	0	9.521813e-3	3.193287e-2	3.403118e-2	2.641421e-2	4.759900e-2	-	-	-	-	-
914	append204	1.0000	3.055435e-2	2.147303e-1	6.711984e-2	0.5521	7.679579e-1	3.365706e-1	0.3125	0	0	1.595076e-2	3.037237e-2	3.538108e-2	2.546182e-2	4.979683e-2	-	-	-	-	-
915	append204	1.0000	5.714184e-2	2.486206e-1	1.358146e-1	0.6531	2.637662e0	8.739070e-1	0.1562	0	0	4.118665e-2	4.654824e-2	1.107540e-1	9.690715e-2	8.656567e-2	-	-	-	-	-
916	append204	1.0000	8.212873e-3	4.345989e-2	2.534414e-2	0.5572	4.212160e-1	1.373039e-1	0.2578	0	0	4.166930e-3	8.942832e-3	7.022317e-3	4.690952e-3	1.232686e-2	-	-	-	-	-
917	append204	1.0000	5.806566e-2	1.923103e-1	8.913589e-2	0.5692	1.376487e0	2.642217e-1	0.3047	0	0	4.511655e-2	5.260932e-2	8.459881e-2	9.591035e-2	7.552954e-2	-	-	-	-	-
918	append204	0.0000	0.000000e0	0.000000e0	0.000000e0	1.0000	0.000000e0	0.000000e0	1.0000	1	1	0.000000e0	0.000000e0	0.000000e0	0.000000e0	0.000000e0	-	-	-	-	-
919	append204	0.0000	0.000000e0	0.000000e0	0.000000e0	1.0000	0.000000e0	0.000000e0	1.0000	1	1	0.000000e0	0.000000e0	0.000000e0	0.000000e0	0.000000e0	-	-	-	-	-
920	append204	1.0000	3.049236e-2	9.429193e-2	5.233673e-2	0.5074	1.273839e0	3.044998e-1	0.3438	0	0	2.833570e-2	2.684878e-2	3.247095e-2	4.546366e-2	4.029833e-2	-	-	-	-	-
921	append204	1.0000	5.654098e-2	2.811999e-1	8.972901e-2	0.8827	1.035698e0	3.899732e-1	0.2109	0	0	4.489535e-2	5.001369e-2	6.708671e-2	5.097354e-2	8.983731e-2	-	-	-	-	-
922	append204	1.0000	2.479319e-2	5.751705e-2	5.988224e-2	0.5381	2.751692e0	4.003772e-1	0.1875	0	0	2.221172e-2	2.304945e-2	5.943651e-2	2.810287e-2	2.364290e-2	-	-	-	-	-
923	append204	1.0000	1.078589e-1	3.836504e-1	1.960952e-1	0.5401	1.604163e0	3.900528e-1	0.5391	0	0	5.543501e-2	1.270554e-1	7.629104e-2	7.322037e-2	1.332806e-1	-	-	-	-	-
924	tail20	1.0000	1.817522e-1	5.489471e-1	2.406233e-1	0.7306	3.886639e0	5.459982e-1	0.0781	0	0	1.314854e-1	2.011170e-1	1.811664e-1	1.665851e-1	1.913272e-1	-0.002219	0.046622	-0.005690	0.006924	-0.000653
925	tail20	1.0000	1.361688e-1	6.844883e-1	2.887099e-1	0.5992	4.908865e0	8.479446e-1	0.1406	0	0	3.477014e-2	1.473925e-1	2.249223e-1	3.007813e-1	1.710190e-1	-	-	-	-	-
926	tail20	1.0000	1.394143e-2	5.735302e-2	2.452604e-2	0.5618	4.621877e-1	6.722023e-2	0.0938	0	0	7.274866e-3	1.507374e-2	1.423782e-2	1.078618e-2	1.973124e-2	-	-	-	-	-
927	tail20	0.0000	0.000000e0	0.000000e0	0.000000e0	1.0000	0.000000e0	0.000000e0	1.0000	1	1	0.000000e0	0.000000e0	0.000000e0	0.000000e0	0.000000e0	-	-	-	-	-
928	tail20	0.0000	0.000000e0	0.000000e0	0.000000e0	1.0000	0.000000e0	0.000000e0	1.0000	1	1	0.000000e0	0.000000e0	0.000000e0	0.000000e0	0.000000e0	-	-	-	-	-
929	tail20	1.0000	5.195885e-2	1.577342e-1	7.437564e-2	0.5873	1.195263e0	1.699738e-1	0.1484	0	0	6.669284e-2	3.850978e-2	4.104558e-2	3.498066e-2	8.056763e-2	-	-	-	-	-
930	tail20	1.0000	6.983535e-2	1.781647e-1	1.002286e-1	0.6342	2.823855e0	3.348434e-1	0.1875	0	0	8.088898e-2	5.675327e-2	6.412950e-2	7.267778e-2	9.608939e-2	-	-	-	-	-
931	tail20	1.0000	1.332211e-2	5.333182e-2	2.294055e-2	0.5788	4.520673e-1	6.046995e-2	0.0938	0	0	7.282348e-3	1.477314e-2	1.354805e-2	1.038567e-2	1.730860e-2	-	-	-	-	-
932	tail20	0.0000	0.000000e0	0.000000e0	0.000000e0	1.0000	0.000000e0	0.000000e0	1.0000	1	1	0.000000e0	0.000000e0	0.000000e0	0.000000e0	0.000000e0	-	-	-	-	-
933	tail20	0.0000	0.000000e0	0.000000e0	0.000000e0	1.0000	0.000000e0	0.000000e0	1.0000	1	1	0.000000e0	0.000000e0	0.000000e0	0.000000e0	0.000000e0	-	-	-	-	-
934	tail20	1.0000	6.117090e-2	2.197587e-1	9.751393e-2	0.7151	1.432958e0	2.257309e-1	0.1719	0	0	3.948109e-2	6.956837e-2	6.229167e-2	6.155895e-2	6.320422e-2	-	-	-	-	-
935	tail20	1.0000	6.925271e-2	1.871943e-1	1.363841e-1	0.7084	2.076952e0	2.381968e-1	0.3125	0	0	7.294732e-2	4.889715e-2	1.235226e-1	1.468819e-1	9.401990e-2	-	-	-	-	-
936	tail20	1.0000	1.445503e-2	5.873322e-2	2.593531e-2	0.5632	4.624351e-1	7.948469e-2	0.0938	0	0	7.697120e-3	1.536311e-2	1.381289e-2	9.902612e-3	2.161036e-2	-	-	-	-	-
937	tail20	0.0000	0.000000e0	0.000000e0	0.000000e0	1.0000	0.000000e0	0.000000e0	1.0000	1	1	0.000000e0	0.000000e0	0.000000e0	0.000000e0	0.000000e0	-	-	-	-	-
938	tail20	0.0000	0.000000e0	0.000000e0	0.000000e0	1.0000	0.000000e0	0.000000e0	1.0000	1	1	0.000000e0	0.000000e0	0.000000e0	0.000000e0	0.000000e0	-	-	-	-	-
939	tail20	1.0000	5.018734e-2	1.919738e-1	1.014697e-1	0.5567	1.573284e0	3.087543e-1	0.1797	0	0	3.051335e-2	4.753665e-2	9.258979e-2	7.657125e-2	6.634695e-2	-	-	-	-	-
940	tail20	1.0000	6.376513e-2	2.727430e-1	1.336224e-1	0.6512	2.587663e0	4.270987e-1	0.3281	0	0	2.966513e-2	6.960221e-2	7.688689e-2	6.864323e-2	8.533704e-2	-	-	-	-	-
941	tail20	1.0000	1.294432e-2	5.098557e-2	2.204611e-2	0.6221	4.497001e-1	5.245480e-2	0.1016	0	0	7.272209e-3	1.527373e-2	1.340950e-2	1.074148e-2	1.356447e-2	-	-	-	-	-
942	tail20	0.0000	0.000000e0	0.000000e0	0.000000e0	1.0000	0.000000e0	0.000000e0	1.0000	1	1	0.000000e0	0.000000e0	0.000000e0	0.000000e0	0.000000e0	-	-	-	-	-
943	tail20	0.0000	0.000000e0	0.000000e0	0.000000e0	1.0000	0.000000e0	0.000000e0	1.0000	1	1	0.000000e0	0.000000e0	0.000000e0	0.000000e0	0.000000e0	-	-	-	-	-
