Device: cuda
Loading 2 parquets:
  unified_v15r_zenjpeg.parquet: 1,785,696 rows × 239 cols (3.6s)
  unified_v15rc_zenjpeg.parquet: 513,570 rows × 239 cols (3.1s)
Total: 2,299,266 rows
Loading safesyn safe_synth_218k_features.csv...
/home/lilith/work/zen/zensim/scripts/v_next/train_v_next_mlp.py:133: PerformanceWarning: DataFrame is highly fragmented.  This is usually the result of calling `frame.insert` many times, which has poor performance.  Consider joining all columns at once using pd.concat(axis=1) instead. To get a de-fragmented frame, use `newframe = frame.copy()`
  out[f"feat_{i}"] = df[f"f{i}"]
/home/lilith/work/zen/zensim/scripts/v_next/train_v_next_mlp.py:133: PerformanceWarning: DataFrame is highly fragmented.  This is usually the result of calling `frame.insert` many times, which has poor performance.  Consider joining all columns at once using pd.concat(axis=1) instead. To get a de-fragmented frame, use `newframe = frame.copy()`
  out[f"feat_{i}"] = df[f"f{i}"]
/home/lilith/work/zen/zensim/scripts/v_next/train_v_next_mlp.py:133: PerformanceWarning: DataFrame is highly fragmented.  This is usually the result of calling `frame.insert` many times, which has poor performance.  Consider joining all columns at once using pd.concat(axis=1) instead. To get a de-fragmented frame, use `newframe = frame.copy()`
  out[f"feat_{i}"] = df[f"f{i}"]
/home/lilith/work/zen/zensim/scripts/v_next/train_v_next_mlp.py:133: PerformanceWarning: DataFrame is highly fragmented.  This is usually the result of calling `frame.insert` many times, which has poor performance.  Consider joining all columns at once using pd.concat(axis=1) instead. To get a de-fragmented frame, use `newframe = frame.copy()`
  out[f"feat_{i}"] = df[f"f{i}"]
/home/lilith/work/zen/zensim/scripts/v_next/train_v_next_mlp.py:133: PerformanceWarning: DataFrame is highly fragmented.  This is usually the result of calling `frame.insert` many times, which has poor performance.  Consider joining all columns at once using pd.concat(axis=1) instead. To get a de-fragmented frame, use `newframe = frame.copy()`
  out[f"feat_{i}"] = df[f"f{i}"]
/home/lilith/work/zen/zensim/scripts/v_next/train_v_next_mlp.py:133: PerformanceWarning: DataFrame is highly fragmented.  This is usually the result of calling `frame.insert` many times, which has poor performance.  Consider joining all columns at once using pd.concat(axis=1) instead. To get a de-fragmented frame, use `newframe = frame.copy()`
  out[f"feat_{i}"] = df[f"f{i}"]
/home/lilith/work/zen/zensim/scripts/v_next/train_v_next_mlp.py:133: PerformanceWarning: DataFrame is highly fragmented.  This is usually the result of calling `frame.insert` many times, which has poor performance.  Consider joining all columns at once using pd.concat(axis=1) instead. To get a de-fragmented frame, use `newframe = frame.copy()`
  out[f"feat_{i}"] = df[f"f{i}"]
/home/lilith/work/zen/zensim/scripts/v_next/train_v_next_mlp.py:133: PerformanceWarning: DataFrame is highly fragmented.  This is usually the result of calling `frame.insert` many times, which has poor performance.  Consider joining all columns at once using pd.concat(axis=1) instead. To get a de-fragmented frame, use `newframe = frame.copy()`
  out[f"feat_{i}"] = df[f"f{i}"]
/home/lilith/work/zen/zensim/scripts/v_next/train_v_next_mlp.py:133: PerformanceWarning: DataFrame is highly fragmented.  This is usually the result of calling `frame.insert` many times, which has poor performance.  Consider joining all columns at once using pd.concat(axis=1) instead. To get a de-fragmented frame, use `newframe = frame.copy()`
  out[f"feat_{i}"] = df[f"f{i}"]
/home/lilith/work/zen/zensim/scripts/v_next/train_v_next_mlp.py:133: PerformanceWarning: DataFrame is highly fragmented.  This is usually the result of calling `frame.insert` many times, which has poor performance.  Consider joining all columns at once using pd.concat(axis=1) instead. To get a de-fragmented frame, use `newframe = frame.copy()`
  out[f"feat_{i}"] = df[f"f{i}"]
/home/lilith/work/zen/zensim/scripts/v_next/train_v_next_mlp.py:133: PerformanceWarning: DataFrame is highly fragmented.  This is usually the result of calling `frame.insert` many times, which has poor performance.  Consider joining all columns at once using pd.concat(axis=1) instead. To get a de-fragmented frame, use `newframe = frame.copy()`
  out[f"feat_{i}"] = df[f"f{i}"]
/home/lilith/work/zen/zensim/scripts/v_next/train_v_next_mlp.py:133: PerformanceWarning: DataFrame is highly fragmented.  This is usually the result of calling `frame.insert` many times, which has poor performance.  Consider joining all columns at once using pd.concat(axis=1) instead. To get a de-fragmented frame, use `newframe = frame.copy()`
  out[f"feat_{i}"] = df[f"f{i}"]
/home/lilith/work/zen/zensim/scripts/v_next/train_v_next_mlp.py:133: PerformanceWarning: DataFrame is highly fragmented.  This is usually the result of calling `frame.insert` many times, which has poor performance.  Consider joining all columns at once using pd.concat(axis=1) instead. To get a de-fragmented frame, use `newframe = frame.copy()`
  out[f"feat_{i}"] = df[f"f{i}"]
/home/lilith/work/zen/zensim/scripts/v_next/train_v_next_mlp.py:133: PerformanceWarning: DataFrame is highly fragmented.  This is usually the result of calling `frame.insert` many times, which has poor performance.  Consider joining all columns at once using pd.concat(axis=1) instead. To get a de-fragmented frame, use `newframe = frame.copy()`
  out[f"feat_{i}"] = df[f"f{i}"]
/home/lilith/work/zen/zensim/scripts/v_next/train_v_next_mlp.py:133: PerformanceWarning: DataFrame is highly fragmented.  This is usually the result of calling `frame.insert` many times, which has poor performance.  Consider joining all columns at once using pd.concat(axis=1) instead. To get a de-fragmented frame, use `newframe = frame.copy()`
  out[f"feat_{i}"] = df[f"f{i}"]
/home/lilith/work/zen/zensim/scripts/v_next/train_v_next_mlp.py:133: PerformanceWarning: DataFrame is highly fragmented.  This is usually the result of calling `frame.insert` many times, which has poor performance.  Consider joining all columns at once using pd.concat(axis=1) instead. To get a de-fragmented frame, use `newframe = frame.copy()`
  out[f"feat_{i}"] = df[f"f{i}"]
/home/lilith/work/zen/zensim/scripts/v_next/train_v_next_mlp.py:133: PerformanceWarning: DataFrame is highly fragmented.  This is usually the result of calling `frame.insert` many times, which has poor performance.  Consider joining all columns at once using pd.concat(axis=1) instead. To get a de-fragmented frame, use `newframe = frame.copy()`
  out[f"feat_{i}"] = df[f"f{i}"]
/home/lilith/work/zen/zensim/scripts/v_next/train_v_next_mlp.py:133: PerformanceWarning: DataFrame is highly fragmented.  This is usually the result of calling `frame.insert` many times, which has poor performance.  Consider joining all columns at once using pd.concat(axis=1) instead. To get a de-fragmented frame, use `newframe = frame.copy()`
  out[f"feat_{i}"] = df[f"f{i}"]
/home/lilith/work/zen/zensim/scripts/v_next/train_v_next_mlp.py:133: PerformanceWarning: DataFrame is highly fragmented.  This is usually the result of calling `frame.insert` many times, which has poor performance.  Consider joining all columns at once using pd.concat(axis=1) instead. To get a de-fragmented frame, use `newframe = frame.copy()`
  out[f"feat_{i}"] = df[f"f{i}"]
/home/lilith/work/zen/zensim/scripts/v_next/train_v_next_mlp.py:133: PerformanceWarning: DataFrame is highly fragmented.  This is usually the result of calling `frame.insert` many times, which has poor performance.  Consider joining all columns at once using pd.concat(axis=1) instead. To get a de-fragmented frame, use `newframe = frame.copy()`
  out[f"feat_{i}"] = df[f"f{i}"]
/home/lilith/work/zen/zensim/scripts/v_next/train_v_next_mlp.py:133: PerformanceWarning: DataFrame is highly fragmented.  This is usually the result of calling `frame.insert` many times, which has poor performance.  Consider joining all columns at once using pd.concat(axis=1) instead. To get a de-fragmented frame, use `newframe = frame.copy()`
  out[f"feat_{i}"] = df[f"f{i}"]
/home/lilith/work/zen/zensim/scripts/v_next/train_v_next_mlp.py:133: PerformanceWarning: DataFrame is highly fragmented.  This is usually the result of calling `frame.insert` many times, which has poor performance.  Consider joining all columns at once using pd.concat(axis=1) instead. To get a de-fragmented frame, use `newframe = frame.copy()`
  out[f"feat_{i}"] = df[f"f{i}"]
/home/lilith/work/zen/zensim/scripts/v_next/train_v_next_mlp.py:133: PerformanceWarning: DataFrame is highly fragmented.  This is usually the result of calling `frame.insert` many times, which has poor performance.  Consider joining all columns at once using pd.concat(axis=1) instead. To get a de-fragmented frame, use `newframe = frame.copy()`
  out[f"feat_{i}"] = df[f"f{i}"]
/home/lilith/work/zen/zensim/scripts/v_next/train_v_next_mlp.py:133: PerformanceWarning: DataFrame is highly fragmented.  This is usually the result of calling `frame.insert` many times, which has poor performance.  Consider joining all columns at once using pd.concat(axis=1) instead. To get a de-fragmented frame, use `newframe = frame.copy()`
  out[f"feat_{i}"] = df[f"f{i}"]
/home/lilith/work/zen/zensim/scripts/v_next/train_v_next_mlp.py:133: PerformanceWarning: DataFrame is highly fragmented.  This is usually the result of calling `frame.insert` many times, which has poor performance.  Consider joining all columns at once using pd.concat(axis=1) instead. To get a de-fragmented frame, use `newframe = frame.copy()`
  out[f"feat_{i}"] = df[f"f{i}"]
/home/lilith/work/zen/zensim/scripts/v_next/train_v_next_mlp.py:133: PerformanceWarning: DataFrame is highly fragmented.  This is usually the result of calling `frame.insert` many times, which has poor performance.  Consider joining all columns at once using pd.concat(axis=1) instead. To get a de-fragmented frame, use `newframe = frame.copy()`
  out[f"feat_{i}"] = df[f"f{i}"]
/home/lilith/work/zen/zensim/scripts/v_next/train_v_next_mlp.py:133: PerformanceWarning: DataFrame is highly fragmented.  This is usually the result of calling `frame.insert` many times, which has poor performance.  Consider joining all columns at once using pd.concat(axis=1) instead. To get a de-fragmented frame, use `newframe = frame.copy()`
  out[f"feat_{i}"] = df[f"f{i}"]
/home/lilith/work/zen/zensim/scripts/v_next/train_v_next_mlp.py:133: PerformanceWarning: DataFrame is highly fragmented.  This is usually the result of calling `frame.insert` many times, which has poor performance.  Consider joining all columns at once using pd.concat(axis=1) instead. To get a de-fragmented frame, use `newframe = frame.copy()`
  out[f"feat_{i}"] = df[f"f{i}"]
/home/lilith/work/zen/zensim/scripts/v_next/train_v_next_mlp.py:133: PerformanceWarning: DataFrame is highly fragmented.  This is usually the result of calling `frame.insert` many times, which has poor performance.  Consider joining all columns at once using pd.concat(axis=1) instead. To get a de-fragmented frame, use `newframe = frame.copy()`
  out[f"feat_{i}"] = df[f"f{i}"]
/home/lilith/work/zen/zensim/scripts/v_next/train_v_next_mlp.py:133: PerformanceWarning: DataFrame is highly fragmented.  This is usually the result of calling `frame.insert` many times, which has poor performance.  Consider joining all columns at once using pd.concat(axis=1) instead. To get a de-fragmented frame, use `newframe = frame.copy()`
  out[f"feat_{i}"] = df[f"f{i}"]
/home/lilith/work/zen/zensim/scripts/v_next/train_v_next_mlp.py:133: PerformanceWarning: DataFrame is highly fragmented.  This is usually the result of calling `frame.insert` many times, which has poor performance.  Consider joining all columns at once using pd.concat(axis=1) instead. To get a de-fragmented frame, use `newframe = frame.copy()`
  out[f"feat_{i}"] = df[f"f{i}"]
/home/lilith/work/zen/zensim/scripts/v_next/train_v_next_mlp.py:133: PerformanceWarning: DataFrame is highly fragmented.  This is usually the result of calling `frame.insert` many times, which has poor performance.  Consider joining all columns at once using pd.concat(axis=1) instead. To get a de-fragmented frame, use `newframe = frame.copy()`
  out[f"feat_{i}"] = df[f"f{i}"]
/home/lilith/work/zen/zensim/scripts/v_next/train_v_next_mlp.py:133: PerformanceWarning: DataFrame is highly fragmented.  This is usually the result of calling `frame.insert` many times, which has poor performance.  Consider joining all columns at once using pd.concat(axis=1) instead. To get a de-fragmented frame, use `newframe = frame.copy()`
  out[f"feat_{i}"] = df[f"f{i}"]
/home/lilith/work/zen/zensim/scripts/v_next/train_v_next_mlp.py:133: PerformanceWarning: DataFrame is highly fragmented.  This is usually the result of calling `frame.insert` many times, which has poor performance.  Consider joining all columns at once using pd.concat(axis=1) instead. To get a de-fragmented frame, use `newframe = frame.copy()`
  out[f"feat_{i}"] = df[f"f{i}"]
/home/lilith/work/zen/zensim/scripts/v_next/train_v_next_mlp.py:133: PerformanceWarning: DataFrame is highly fragmented.  This is usually the result of calling `frame.insert` many times, which has poor performance.  Consider joining all columns at once using pd.concat(axis=1) instead. To get a de-fragmented frame, use `newframe = frame.copy()`
  out[f"feat_{i}"] = df[f"f{i}"]
/home/lilith/work/zen/zensim/scripts/v_next/train_v_next_mlp.py:133: PerformanceWarning: DataFrame is highly fragmented.  This is usually the result of calling `frame.insert` many times, which has poor performance.  Consider joining all columns at once using pd.concat(axis=1) instead. To get a de-fragmented frame, use `newframe = frame.copy()`
  out[f"feat_{i}"] = df[f"f{i}"]
/home/lilith/work/zen/zensim/scripts/v_next/train_v_next_mlp.py:133: PerformanceWarning: DataFrame is highly fragmented.  This is usually the result of calling `frame.insert` many times, which has poor performance.  Consider joining all columns at once using pd.concat(axis=1) instead. To get a de-fragmented frame, use `newframe = frame.copy()`
  out[f"feat_{i}"] = df[f"f{i}"]
/home/lilith/work/zen/zensim/scripts/v_next/train_v_next_mlp.py:133: PerformanceWarning: DataFrame is highly fragmented.  This is usually the result of calling `frame.insert` many times, which has poor performance.  Consider joining all columns at once using pd.concat(axis=1) instead. To get a de-fragmented frame, use `newframe = frame.copy()`
  out[f"feat_{i}"] = df[f"f{i}"]
/home/lilith/work/zen/zensim/scripts/v_next/train_v_next_mlp.py:133: PerformanceWarning: DataFrame is highly fragmented.  This is usually the result of calling `frame.insert` many times, which has poor performance.  Consider joining all columns at once using pd.concat(axis=1) instead. To get a de-fragmented frame, use `newframe = frame.copy()`
  out[f"feat_{i}"] = df[f"f{i}"]
/home/lilith/work/zen/zensim/scripts/v_next/train_v_next_mlp.py:133: PerformanceWarning: DataFrame is highly fragmented.  This is usually the result of calling `frame.insert` many times, which has poor performance.  Consider joining all columns at once using pd.concat(axis=1) instead. To get a de-fragmented frame, use `newframe = frame.copy()`
  out[f"feat_{i}"] = df[f"f{i}"]
/home/lilith/work/zen/zensim/scripts/v_next/train_v_next_mlp.py:133: PerformanceWarning: DataFrame is highly fragmented.  This is usually the result of calling `frame.insert` many times, which has poor performance.  Consider joining all columns at once using pd.concat(axis=1) instead. To get a de-fragmented frame, use `newframe = frame.copy()`
  out[f"feat_{i}"] = df[f"f{i}"]
/home/lilith/work/zen/zensim/scripts/v_next/train_v_next_mlp.py:133: PerformanceWarning: DataFrame is highly fragmented.  This is usually the result of calling `frame.insert` many times, which has poor performance.  Consider joining all columns at once using pd.concat(axis=1) instead. To get a de-fragmented frame, use `newframe = frame.copy()`
  out[f"feat_{i}"] = df[f"f{i}"]
/home/lilith/work/zen/zensim/scripts/v_next/train_v_next_mlp.py:133: PerformanceWarning: DataFrame is highly fragmented.  This is usually the result of calling `frame.insert` many times, which has poor performance.  Consider joining all columns at once using pd.concat(axis=1) instead. To get a de-fragmented frame, use `newframe = frame.copy()`
  out[f"feat_{i}"] = df[f"f{i}"]
/home/lilith/work/zen/zensim/scripts/v_next/train_v_next_mlp.py:133: PerformanceWarning: DataFrame is highly fragmented.  This is usually the result of calling `frame.insert` many times, which has poor performance.  Consider joining all columns at once using pd.concat(axis=1) instead. To get a de-fragmented frame, use `newframe = frame.copy()`
  out[f"feat_{i}"] = df[f"f{i}"]
/home/lilith/work/zen/zensim/scripts/v_next/train_v_next_mlp.py:133: PerformanceWarning: DataFrame is highly fragmented.  This is usually the result of calling `frame.insert` many times, which has poor performance.  Consider joining all columns at once using pd.concat(axis=1) instead. To get a de-fragmented frame, use `newframe = frame.copy()`
  out[f"feat_{i}"] = df[f"f{i}"]
/home/lilith/work/zen/zensim/scripts/v_next/train_v_next_mlp.py:133: PerformanceWarning: DataFrame is highly fragmented.  This is usually the result of calling `frame.insert` many times, which has poor performance.  Consider joining all columns at once using pd.concat(axis=1) instead. To get a de-fragmented frame, use `newframe = frame.copy()`
  out[f"feat_{i}"] = df[f"f{i}"]
/home/lilith/work/zen/zensim/scripts/v_next/train_v_next_mlp.py:133: PerformanceWarning: DataFrame is highly fragmented.  This is usually the result of calling `frame.insert` many times, which has poor performance.  Consider joining all columns at once using pd.concat(axis=1) instead. To get a de-fragmented frame, use `newframe = frame.copy()`
  out[f"feat_{i}"] = df[f"f{i}"]
/home/lilith/work/zen/zensim/scripts/v_next/train_v_next_mlp.py:133: PerformanceWarning: DataFrame is highly fragmented.  This is usually the result of calling `frame.insert` many times, which has poor performance.  Consider joining all columns at once using pd.concat(axis=1) instead. To get a de-fragmented frame, use `newframe = frame.copy()`
  out[f"feat_{i}"] = df[f"f{i}"]
/home/lilith/work/zen/zensim/scripts/v_next/train_v_next_mlp.py:133: PerformanceWarning: DataFrame is highly fragmented.  This is usually the result of calling `frame.insert` many times, which has poor performance.  Consider joining all columns at once using pd.concat(axis=1) instead. To get a de-fragmented frame, use `newframe = frame.copy()`
  out[f"feat_{i}"] = df[f"f{i}"]
/home/lilith/work/zen/zensim/scripts/v_next/train_v_next_mlp.py:133: PerformanceWarning: DataFrame is highly fragmented.  This is usually the result of calling `frame.insert` many times, which has poor performance.  Consider joining all columns at once using pd.concat(axis=1) instead. To get a de-fragmented frame, use `newframe = frame.copy()`
  out[f"feat_{i}"] = df[f"f{i}"]
/home/lilith/work/zen/zensim/scripts/v_next/train_v_next_mlp.py:133: PerformanceWarning: DataFrame is highly fragmented.  This is usually the result of calling `frame.insert` many times, which has poor performance.  Consider joining all columns at once using pd.concat(axis=1) instead. To get a de-fragmented frame, use `newframe = frame.copy()`
  out[f"feat_{i}"] = df[f"f{i}"]
/home/lilith/work/zen/zensim/scripts/v_next/train_v_next_mlp.py:133: PerformanceWarning: DataFrame is highly fragmented.  This is usually the result of calling `frame.insert` many times, which has poor performance.  Consider joining all columns at once using pd.concat(axis=1) instead. To get a de-fragmented frame, use `newframe = frame.copy()`
  out[f"feat_{i}"] = df[f"f{i}"]
/home/lilith/work/zen/zensim/scripts/v_next/train_v_next_mlp.py:133: PerformanceWarning: DataFrame is highly fragmented.  This is usually the result of calling `frame.insert` many times, which has poor performance.  Consider joining all columns at once using pd.concat(axis=1) instead. To get a de-fragmented frame, use `newframe = frame.copy()`
  out[f"feat_{i}"] = df[f"f{i}"]
/home/lilith/work/zen/zensim/scripts/v_next/train_v_next_mlp.py:133: PerformanceWarning: DataFrame is highly fragmented.  This is usually the result of calling `frame.insert` many times, which has poor performance.  Consider joining all columns at once using pd.concat(axis=1) instead. To get a de-fragmented frame, use `newframe = frame.copy()`
  out[f"feat_{i}"] = df[f"f{i}"]
/home/lilith/work/zen/zensim/scripts/v_next/train_v_next_mlp.py:133: PerformanceWarning: DataFrame is highly fragmented.  This is usually the result of calling `frame.insert` many times, which has poor performance.  Consider joining all columns at once using pd.concat(axis=1) instead. To get a de-fragmented frame, use `newframe = frame.copy()`
  out[f"feat_{i}"] = df[f"f{i}"]
/home/lilith/work/zen/zensim/scripts/v_next/train_v_next_mlp.py:133: PerformanceWarning: DataFrame is highly fragmented.  This is usually the result of calling `frame.insert` many times, which has poor performance.  Consider joining all columns at once using pd.concat(axis=1) instead. To get a de-fragmented frame, use `newframe = frame.copy()`
  out[f"feat_{i}"] = df[f"f{i}"]
/home/lilith/work/zen/zensim/scripts/v_next/train_v_next_mlp.py:133: PerformanceWarning: DataFrame is highly fragmented.  This is usually the result of calling `frame.insert` many times, which has poor performance.  Consider joining all columns at once using pd.concat(axis=1) instead. To get a de-fragmented frame, use `newframe = frame.copy()`
  out[f"feat_{i}"] = df[f"f{i}"]
/home/lilith/work/zen/zensim/scripts/v_next/train_v_next_mlp.py:133: PerformanceWarning: DataFrame is highly fragmented.  This is usually the result of calling `frame.insert` many times, which has poor performance.  Consider joining all columns at once using pd.concat(axis=1) instead. To get a de-fragmented frame, use `newframe = frame.copy()`
  out[f"feat_{i}"] = df[f"f{i}"]
/home/lilith/work/zen/zensim/scripts/v_next/train_v_next_mlp.py:133: PerformanceWarning: DataFrame is highly fragmented.  This is usually the result of calling `frame.insert` many times, which has poor performance.  Consider joining all columns at once using pd.concat(axis=1) instead. To get a de-fragmented frame, use `newframe = frame.copy()`
  out[f"feat_{i}"] = df[f"f{i}"]
/home/lilith/work/zen/zensim/scripts/v_next/train_v_next_mlp.py:133: PerformanceWarning: DataFrame is highly fragmented.  This is usually the result of calling `frame.insert` many times, which has poor performance.  Consider joining all columns at once using pd.concat(axis=1) instead. To get a de-fragmented frame, use `newframe = frame.copy()`
  out[f"feat_{i}"] = df[f"f{i}"]
/home/lilith/work/zen/zensim/scripts/v_next/train_v_next_mlp.py:133: PerformanceWarning: DataFrame is highly fragmented.  This is usually the result of calling `frame.insert` many times, which has poor performance.  Consider joining all columns at once using pd.concat(axis=1) instead. To get a de-fragmented frame, use `newframe = frame.copy()`
  out[f"feat_{i}"] = df[f"f{i}"]
/home/lilith/work/zen/zensim/scripts/v_next/train_v_next_mlp.py:133: PerformanceWarning: DataFrame is highly fragmented.  This is usually the result of calling `frame.insert` many times, which has poor performance.  Consider joining all columns at once using pd.concat(axis=1) instead. To get a de-fragmented frame, use `newframe = frame.copy()`
  out[f"feat_{i}"] = df[f"f{i}"]
/home/lilith/work/zen/zensim/scripts/v_next/train_v_next_mlp.py:133: PerformanceWarning: DataFrame is highly fragmented.  This is usually the result of calling `frame.insert` many times, which has poor performance.  Consider joining all columns at once using pd.concat(axis=1) instead. To get a de-fragmented frame, use `newframe = frame.copy()`
  out[f"feat_{i}"] = df[f"f{i}"]
/home/lilith/work/zen/zensim/scripts/v_next/train_v_next_mlp.py:133: PerformanceWarning: DataFrame is highly fragmented.  This is usually the result of calling `frame.insert` many times, which has poor performance.  Consider joining all columns at once using pd.concat(axis=1) instead. To get a de-fragmented frame, use `newframe = frame.copy()`
  out[f"feat_{i}"] = df[f"f{i}"]
/home/lilith/work/zen/zensim/scripts/v_next/train_v_next_mlp.py:133: PerformanceWarning: DataFrame is highly fragmented.  This is usually the result of calling `frame.insert` many times, which has poor performance.  Consider joining all columns at once using pd.concat(axis=1) instead. To get a de-fragmented frame, use `newframe = frame.copy()`
  out[f"feat_{i}"] = df[f"f{i}"]
/home/lilith/work/zen/zensim/scripts/v_next/train_v_next_mlp.py:133: PerformanceWarning: DataFrame is highly fragmented.  This is usually the result of calling `frame.insert` many times, which has poor performance.  Consider joining all columns at once using pd.concat(axis=1) instead. To get a de-fragmented frame, use `newframe = frame.copy()`
  out[f"feat_{i}"] = df[f"f{i}"]
/home/lilith/work/zen/zensim/scripts/v_next/train_v_next_mlp.py:133: PerformanceWarning: DataFrame is highly fragmented.  This is usually the result of calling `frame.insert` many times, which has poor performance.  Consider joining all columns at once using pd.concat(axis=1) instead. To get a de-fragmented frame, use `newframe = frame.copy()`
  out[f"feat_{i}"] = df[f"f{i}"]
/home/lilith/work/zen/zensim/scripts/v_next/train_v_next_mlp.py:133: PerformanceWarning: DataFrame is highly fragmented.  This is usually the result of calling `frame.insert` many times, which has poor performance.  Consider joining all columns at once using pd.concat(axis=1) instead. To get a de-fragmented frame, use `newframe = frame.copy()`
  out[f"feat_{i}"] = df[f"f{i}"]
/home/lilith/work/zen/zensim/scripts/v_next/train_v_next_mlp.py:133: PerformanceWarning: DataFrame is highly fragmented.  This is usually the result of calling `frame.insert` many times, which has poor performance.  Consider joining all columns at once using pd.concat(axis=1) instead. To get a de-fragmented frame, use `newframe = frame.copy()`
  out[f"feat_{i}"] = df[f"f{i}"]
/home/lilith/work/zen/zensim/scripts/v_next/train_v_next_mlp.py:133: PerformanceWarning: DataFrame is highly fragmented.  This is usually the result of calling `frame.insert` many times, which has poor performance.  Consider joining all columns at once using pd.concat(axis=1) instead. To get a de-fragmented frame, use `newframe = frame.copy()`
  out[f"feat_{i}"] = df[f"f{i}"]
/home/lilith/work/zen/zensim/scripts/v_next/train_v_next_mlp.py:133: PerformanceWarning: DataFrame is highly fragmented.  This is usually the result of calling `frame.insert` many times, which has poor performance.  Consider joining all columns at once using pd.concat(axis=1) instead. To get a de-fragmented frame, use `newframe = frame.copy()`
  out[f"feat_{i}"] = df[f"f{i}"]
/home/lilith/work/zen/zensim/scripts/v_next/train_v_next_mlp.py:133: PerformanceWarning: DataFrame is highly fragmented.  This is usually the result of calling `frame.insert` many times, which has poor performance.  Consider joining all columns at once using pd.concat(axis=1) instead. To get a de-fragmented frame, use `newframe = frame.copy()`
  out[f"feat_{i}"] = df[f"f{i}"]
/home/lilith/work/zen/zensim/scripts/v_next/train_v_next_mlp.py:133: PerformanceWarning: DataFrame is highly fragmented.  This is usually the result of calling `frame.insert` many times, which has poor performance.  Consider joining all columns at once using pd.concat(axis=1) instead. To get a de-fragmented frame, use `newframe = frame.copy()`
  out[f"feat_{i}"] = df[f"f{i}"]
/home/lilith/work/zen/zensim/scripts/v_next/train_v_next_mlp.py:133: PerformanceWarning: DataFrame is highly fragmented.  This is usually the result of calling `frame.insert` many times, which has poor performance.  Consider joining all columns at once using pd.concat(axis=1) instead. To get a de-fragmented frame, use `newframe = frame.copy()`
  out[f"feat_{i}"] = df[f"f{i}"]
/home/lilith/work/zen/zensim/scripts/v_next/train_v_next_mlp.py:133: PerformanceWarning: DataFrame is highly fragmented.  This is usually the result of calling `frame.insert` many times, which has poor performance.  Consider joining all columns at once using pd.concat(axis=1) instead. To get a de-fragmented frame, use `newframe = frame.copy()`
  out[f"feat_{i}"] = df[f"f{i}"]
/home/lilith/work/zen/zensim/scripts/v_next/train_v_next_mlp.py:133: PerformanceWarning: DataFrame is highly fragmented.  This is usually the result of calling `frame.insert` many times, which has poor performance.  Consider joining all columns at once using pd.concat(axis=1) instead. To get a de-fragmented frame, use `newframe = frame.copy()`
  out[f"feat_{i}"] = df[f"f{i}"]
/home/lilith/work/zen/zensim/scripts/v_next/train_v_next_mlp.py:133: PerformanceWarning: DataFrame is highly fragmented.  This is usually the result of calling `frame.insert` many times, which has poor performance.  Consider joining all columns at once using pd.concat(axis=1) instead. To get a de-fragmented frame, use `newframe = frame.copy()`
  out[f"feat_{i}"] = df[f"f{i}"]
/home/lilith/work/zen/zensim/scripts/v_next/train_v_next_mlp.py:133: PerformanceWarning: DataFrame is highly fragmented.  This is usually the result of calling `frame.insert` many times, which has poor performance.  Consider joining all columns at once using pd.concat(axis=1) instead. To get a de-fragmented frame, use `newframe = frame.copy()`
  out[f"feat_{i}"] = df[f"f{i}"]
/home/lilith/work/zen/zensim/scripts/v_next/train_v_next_mlp.py:133: PerformanceWarning: DataFrame is highly fragmented.  This is usually the result of calling `frame.insert` many times, which has poor performance.  Consider joining all columns at once using pd.concat(axis=1) instead. To get a de-fragmented frame, use `newframe = frame.copy()`
  out[f"feat_{i}"] = df[f"f{i}"]
/home/lilith/work/zen/zensim/scripts/v_next/train_v_next_mlp.py:133: PerformanceWarning: DataFrame is highly fragmented.  This is usually the result of calling `frame.insert` many times, which has poor performance.  Consider joining all columns at once using pd.concat(axis=1) instead. To get a de-fragmented frame, use `newframe = frame.copy()`
  out[f"feat_{i}"] = df[f"f{i}"]
/home/lilith/work/zen/zensim/scripts/v_next/train_v_next_mlp.py:133: PerformanceWarning: DataFrame is highly fragmented.  This is usually the result of calling `frame.insert` many times, which has poor performance.  Consider joining all columns at once using pd.concat(axis=1) instead. To get a de-fragmented frame, use `newframe = frame.copy()`
  out[f"feat_{i}"] = df[f"f{i}"]
/home/lilith/work/zen/zensim/scripts/v_next/train_v_next_mlp.py:133: PerformanceWarning: DataFrame is highly fragmented.  This is usually the result of calling `frame.insert` many times, which has poor performance.  Consider joining all columns at once using pd.concat(axis=1) instead. To get a de-fragmented frame, use `newframe = frame.copy()`
  out[f"feat_{i}"] = df[f"f{i}"]
/home/lilith/work/zen/zensim/scripts/v_next/train_v_next_mlp.py:133: PerformanceWarning: DataFrame is highly fragmented.  This is usually the result of calling `frame.insert` many times, which has poor performance.  Consider joining all columns at once using pd.concat(axis=1) instead. To get a de-fragmented frame, use `newframe = frame.copy()`
  out[f"feat_{i}"] = df[f"f{i}"]
/home/lilith/work/zen/zensim/scripts/v_next/train_v_next_mlp.py:133: PerformanceWarning: DataFrame is highly fragmented.  This is usually the result of calling `frame.insert` many times, which has poor performance.  Consider joining all columns at once using pd.concat(axis=1) instead. To get a de-fragmented frame, use `newframe = frame.copy()`
  out[f"feat_{i}"] = df[f"f{i}"]
/home/lilith/work/zen/zensim/scripts/v_next/train_v_next_mlp.py:133: PerformanceWarning: DataFrame is highly fragmented.  This is usually the result of calling `frame.insert` many times, which has poor performance.  Consider joining all columns at once using pd.concat(axis=1) instead. To get a de-fragmented frame, use `newframe = frame.copy()`
  out[f"feat_{i}"] = df[f"f{i}"]
/home/lilith/work/zen/zensim/scripts/v_next/train_v_next_mlp.py:133: PerformanceWarning: DataFrame is highly fragmented.  This is usually the result of calling `frame.insert` many times, which has poor performance.  Consider joining all columns at once using pd.concat(axis=1) instead. To get a de-fragmented frame, use `newframe = frame.copy()`
  out[f"feat_{i}"] = df[f"f{i}"]
/home/lilith/work/zen/zensim/scripts/v_next/train_v_next_mlp.py:133: PerformanceWarning: DataFrame is highly fragmented.  This is usually the result of calling `frame.insert` many times, which has poor performance.  Consider joining all columns at once using pd.concat(axis=1) instead. To get a de-fragmented frame, use `newframe = frame.copy()`
  out[f"feat_{i}"] = df[f"f{i}"]
/home/lilith/work/zen/zensim/scripts/v_next/train_v_next_mlp.py:133: PerformanceWarning: DataFrame is highly fragmented.  This is usually the result of calling `frame.insert` many times, which has poor performance.  Consider joining all columns at once using pd.concat(axis=1) instead. To get a de-fragmented frame, use `newframe = frame.copy()`
  out[f"feat_{i}"] = df[f"f{i}"]
/home/lilith/work/zen/zensim/scripts/v_next/train_v_next_mlp.py:133: PerformanceWarning: DataFrame is highly fragmented.  This is usually the result of calling `frame.insert` many times, which has poor performance.  Consider joining all columns at once using pd.concat(axis=1) instead. To get a de-fragmented frame, use `newframe = frame.copy()`
  out[f"feat_{i}"] = df[f"f{i}"]
/home/lilith/work/zen/zensim/scripts/v_next/train_v_next_mlp.py:133: PerformanceWarning: DataFrame is highly fragmented.  This is usually the result of calling `frame.insert` many times, which has poor performance.  Consider joining all columns at once using pd.concat(axis=1) instead. To get a de-fragmented frame, use `newframe = frame.copy()`
  out[f"feat_{i}"] = df[f"f{i}"]
/home/lilith/work/zen/zensim/scripts/v_next/train_v_next_mlp.py:133: PerformanceWarning: DataFrame is highly fragmented.  This is usually the result of calling `frame.insert` many times, which has poor performance.  Consider joining all columns at once using pd.concat(axis=1) instead. To get a de-fragmented frame, use `newframe = frame.copy()`
  out[f"feat_{i}"] = df[f"f{i}"]
/home/lilith/work/zen/zensim/scripts/v_next/train_v_next_mlp.py:133: PerformanceWarning: DataFrame is highly fragmented.  This is usually the result of calling `frame.insert` many times, which has poor performance.  Consider joining all columns at once using pd.concat(axis=1) instead. To get a de-fragmented frame, use `newframe = frame.copy()`
  out[f"feat_{i}"] = df[f"f{i}"]
/home/lilith/work/zen/zensim/scripts/v_next/train_v_next_mlp.py:133: PerformanceWarning: DataFrame is highly fragmented.  This is usually the result of calling `frame.insert` many times, which has poor performance.  Consider joining all columns at once using pd.concat(axis=1) instead. To get a de-fragmented frame, use `newframe = frame.copy()`
  out[f"feat_{i}"] = df[f"f{i}"]
/home/lilith/work/zen/zensim/scripts/v_next/train_v_next_mlp.py:133: PerformanceWarning: DataFrame is highly fragmented.  This is usually the result of calling `frame.insert` many times, which has poor performance.  Consider joining all columns at once using pd.concat(axis=1) instead. To get a de-fragmented frame, use `newframe = frame.copy()`
  out[f"feat_{i}"] = df[f"f{i}"]
/home/lilith/work/zen/zensim/scripts/v_next/train_v_next_mlp.py:133: PerformanceWarning: DataFrame is highly fragmented.  This is usually the result of calling `frame.insert` many times, which has poor performance.  Consider joining all columns at once using pd.concat(axis=1) instead. To get a de-fragmented frame, use `newframe = frame.copy()`
  out[f"feat_{i}"] = df[f"f{i}"]
/home/lilith/work/zen/zensim/scripts/v_next/train_v_next_mlp.py:133: PerformanceWarning: DataFrame is highly fragmented.  This is usually the result of calling `frame.insert` many times, which has poor performance.  Consider joining all columns at once using pd.concat(axis=1) instead. To get a de-fragmented frame, use `newframe = frame.copy()`
  out[f"feat_{i}"] = df[f"f{i}"]
/home/lilith/work/zen/zensim/scripts/v_next/train_v_next_mlp.py:133: PerformanceWarning: DataFrame is highly fragmented.  This is usually the result of calling `frame.insert` many times, which has poor performance.  Consider joining all columns at once using pd.concat(axis=1) instead. To get a de-fragmented frame, use `newframe = frame.copy()`
  out[f"feat_{i}"] = df[f"f{i}"]
/home/lilith/work/zen/zensim/scripts/v_next/train_v_next_mlp.py:133: PerformanceWarning: DataFrame is highly fragmented.  This is usually the result of calling `frame.insert` many times, which has poor performance.  Consider joining all columns at once using pd.concat(axis=1) instead. To get a de-fragmented frame, use `newframe = frame.copy()`
  out[f"feat_{i}"] = df[f"f{i}"]
/home/lilith/work/zen/zensim/scripts/v_next/train_v_next_mlp.py:133: PerformanceWarning: DataFrame is highly fragmented.  This is usually the result of calling `frame.insert` many times, which has poor performance.  Consider joining all columns at once using pd.concat(axis=1) instead. To get a de-fragmented frame, use `newframe = frame.copy()`
  out[f"feat_{i}"] = df[f"f{i}"]
/home/lilith/work/zen/zensim/scripts/v_next/train_v_next_mlp.py:133: PerformanceWarning: DataFrame is highly fragmented.  This is usually the result of calling `frame.insert` many times, which has poor performance.  Consider joining all columns at once using pd.concat(axis=1) instead. To get a de-fragmented frame, use `newframe = frame.copy()`
  out[f"feat_{i}"] = df[f"f{i}"]
/home/lilith/work/zen/zensim/scripts/v_next/train_v_next_mlp.py:133: PerformanceWarning: DataFrame is highly fragmented.  This is usually the result of calling `frame.insert` many times, which has poor performance.  Consider joining all columns at once using pd.concat(axis=1) instead. To get a de-fragmented frame, use `newframe = frame.copy()`
  out[f"feat_{i}"] = df[f"f{i}"]
/home/lilith/work/zen/zensim/scripts/v_next/train_v_next_mlp.py:133: PerformanceWarning: DataFrame is highly fragmented.  This is usually the result of calling `frame.insert` many times, which has poor performance.  Consider joining all columns at once using pd.concat(axis=1) instead. To get a de-fragmented frame, use `newframe = frame.copy()`
  out[f"feat_{i}"] = df[f"f{i}"]
/home/lilith/work/zen/zensim/scripts/v_next/train_v_next_mlp.py:133: PerformanceWarning: DataFrame is highly fragmented.  This is usually the result of calling `frame.insert` many times, which has poor performance.  Consider joining all columns at once using pd.concat(axis=1) instead. To get a de-fragmented frame, use `newframe = frame.copy()`
  out[f"feat_{i}"] = df[f"f{i}"]
/home/lilith/work/zen/zensim/scripts/v_next/train_v_next_mlp.py:133: PerformanceWarning: DataFrame is highly fragmented.  This is usually the result of calling `frame.insert` many times, which has poor performance.  Consider joining all columns at once using pd.concat(axis=1) instead. To get a de-fragmented frame, use `newframe = frame.copy()`
  out[f"feat_{i}"] = df[f"f{i}"]
/home/lilith/work/zen/zensim/scripts/v_next/train_v_next_mlp.py:133: PerformanceWarning: DataFrame is highly fragmented.  This is usually the result of calling `frame.insert` many times, which has poor performance.  Consider joining all columns at once using pd.concat(axis=1) instead. To get a de-fragmented frame, use `newframe = frame.copy()`
  out[f"feat_{i}"] = df[f"f{i}"]
/home/lilith/work/zen/zensim/scripts/v_next/train_v_next_mlp.py:133: PerformanceWarning: DataFrame is highly fragmented.  This is usually the result of calling `frame.insert` many times, which has poor performance.  Consider joining all columns at once using pd.concat(axis=1) instead. To get a de-fragmented frame, use `newframe = frame.copy()`
  out[f"feat_{i}"] = df[f"f{i}"]
/home/lilith/work/zen/zensim/scripts/v_next/train_v_next_mlp.py:133: PerformanceWarning: DataFrame is highly fragmented.  This is usually the result of calling `frame.insert` many times, which has poor performance.  Consider joining all columns at once using pd.concat(axis=1) instead. To get a de-fragmented frame, use `newframe = frame.copy()`
  out[f"feat_{i}"] = df[f"f{i}"]
/home/lilith/work/zen/zensim/scripts/v_next/train_v_next_mlp.py:133: PerformanceWarning: DataFrame is highly fragmented.  This is usually the result of calling `frame.insert` many times, which has poor performance.  Consider joining all columns at once using pd.concat(axis=1) instead. To get a de-fragmented frame, use `newframe = frame.copy()`
  out[f"feat_{i}"] = df[f"f{i}"]
/home/lilith/work/zen/zensim/scripts/v_next/train_v_next_mlp.py:133: PerformanceWarning: DataFrame is highly fragmented.  This is usually the result of calling `frame.insert` many times, which has poor performance.  Consider joining all columns at once using pd.concat(axis=1) instead. To get a de-fragmented frame, use `newframe = frame.copy()`
  out[f"feat_{i}"] = df[f"f{i}"]
/home/lilith/work/zen/zensim/scripts/v_next/train_v_next_mlp.py:133: PerformanceWarning: DataFrame is highly fragmented.  This is usually the result of calling `frame.insert` many times, which has poor performance.  Consider joining all columns at once using pd.concat(axis=1) instead. To get a de-fragmented frame, use `newframe = frame.copy()`
  out[f"feat_{i}"] = df[f"f{i}"]
/home/lilith/work/zen/zensim/scripts/v_next/train_v_next_mlp.py:133: PerformanceWarning: DataFrame is highly fragmented.  This is usually the result of calling `frame.insert` many times, which has poor performance.  Consider joining all columns at once using pd.concat(axis=1) instead. To get a de-fragmented frame, use `newframe = frame.copy()`
  out[f"feat_{i}"] = df[f"f{i}"]
/home/lilith/work/zen/zensim/scripts/v_next/train_v_next_mlp.py:133: PerformanceWarning: DataFrame is highly fragmented.  This is usually the result of calling `frame.insert` many times, which has poor performance.  Consider joining all columns at once using pd.concat(axis=1) instead. To get a de-fragmented frame, use `newframe = frame.copy()`
  out[f"feat_{i}"] = df[f"f{i}"]
/home/lilith/work/zen/zensim/scripts/v_next/train_v_next_mlp.py:133: PerformanceWarning: DataFrame is highly fragmented.  This is usually the result of calling `frame.insert` many times, which has poor performance.  Consider joining all columns at once using pd.concat(axis=1) instead. To get a de-fragmented frame, use `newframe = frame.copy()`
  out[f"feat_{i}"] = df[f"f{i}"]
/home/lilith/work/zen/zensim/scripts/v_next/train_v_next_mlp.py:133: PerformanceWarning: DataFrame is highly fragmented.  This is usually the result of calling `frame.insert` many times, which has poor performance.  Consider joining all columns at once using pd.concat(axis=1) instead. To get a de-fragmented frame, use `newframe = frame.copy()`
  out[f"feat_{i}"] = df[f"f{i}"]
/home/lilith/work/zen/zensim/scripts/v_next/train_v_next_mlp.py:133: PerformanceWarning: DataFrame is highly fragmented.  This is usually the result of calling `frame.insert` many times, which has poor performance.  Consider joining all columns at once using pd.concat(axis=1) instead. To get a de-fragmented frame, use `newframe = frame.copy()`
  out[f"feat_{i}"] = df[f"f{i}"]
/home/lilith/work/zen/zensim/scripts/v_next/train_v_next_mlp.py:133: PerformanceWarning: DataFrame is highly fragmented.  This is usually the result of calling `frame.insert` many times, which has poor performance.  Consider joining all columns at once using pd.concat(axis=1) instead. To get a de-fragmented frame, use `newframe = frame.copy()`
  out[f"feat_{i}"] = df[f"f{i}"]
/home/lilith/work/zen/zensim/scripts/v_next/train_v_next_mlp.py:133: PerformanceWarning: DataFrame is highly fragmented.  This is usually the result of calling `frame.insert` many times, which has poor performance.  Consider joining all columns at once using pd.concat(axis=1) instead. To get a de-fragmented frame, use `newframe = frame.copy()`
  out[f"feat_{i}"] = df[f"f{i}"]
/home/lilith/work/zen/zensim/scripts/v_next/train_v_next_mlp.py:133: PerformanceWarning: DataFrame is highly fragmented.  This is usually the result of calling `frame.insert` many times, which has poor performance.  Consider joining all columns at once using pd.concat(axis=1) instead. To get a de-fragmented frame, use `newframe = frame.copy()`
  out[f"feat_{i}"] = df[f"f{i}"]
/home/lilith/work/zen/zensim/scripts/v_next/train_v_next_mlp.py:133: PerformanceWarning: DataFrame is highly fragmented.  This is usually the result of calling `frame.insert` many times, which has poor performance.  Consider joining all columns at once using pd.concat(axis=1) instead. To get a de-fragmented frame, use `newframe = frame.copy()`
  out[f"feat_{i}"] = df[f"f{i}"]
/home/lilith/work/zen/zensim/scripts/v_next/train_v_next_mlp.py:133: PerformanceWarning: DataFrame is highly fragmented.  This is usually the result of calling `frame.insert` many times, which has poor performance.  Consider joining all columns at once using pd.concat(axis=1) instead. To get a de-fragmented frame, use `newframe = frame.copy()`
  out[f"feat_{i}"] = df[f"f{i}"]
/home/lilith/work/zen/zensim/scripts/v_next/train_v_next_mlp.py:133: PerformanceWarning: DataFrame is highly fragmented.  This is usually the result of calling `frame.insert` many times, which has poor performance.  Consider joining all columns at once using pd.concat(axis=1) instead. To get a de-fragmented frame, use `newframe = frame.copy()`
  out[f"feat_{i}"] = df[f"f{i}"]
/home/lilith/work/zen/zensim/scripts/v_next/train_v_next_mlp.py:133: PerformanceWarning: DataFrame is highly fragmented.  This is usually the result of calling `frame.insert` many times, which has poor performance.  Consider joining all columns at once using pd.concat(axis=1) instead. To get a de-fragmented frame, use `newframe = frame.copy()`
  out[f"feat_{i}"] = df[f"f{i}"]
/home/lilith/work/zen/zensim/scripts/v_next/train_v_next_mlp.py:133: PerformanceWarning: DataFrame is highly fragmented.  This is usually the result of calling `frame.insert` many times, which has poor performance.  Consider joining all columns at once using pd.concat(axis=1) instead. To get a de-fragmented frame, use `newframe = frame.copy()`
  out[f"feat_{i}"] = df[f"f{i}"]
/home/lilith/work/zen/zensim/scripts/v_next/train_v_next_mlp.py:133: PerformanceWarning: DataFrame is highly fragmented.  This is usually the result of calling `frame.insert` many times, which has poor performance.  Consider joining all columns at once using pd.concat(axis=1) instead. To get a de-fragmented frame, use `newframe = frame.copy()`
  out[f"feat_{i}"] = df[f"f{i}"]
/home/lilith/work/zen/zensim/scripts/v_next/train_v_next_mlp.py:133: PerformanceWarning: DataFrame is highly fragmented.  This is usually the result of calling `frame.insert` many times, which has poor performance.  Consider joining all columns at once using pd.concat(axis=1) instead. To get a de-fragmented frame, use `newframe = frame.copy()`
  out[f"feat_{i}"] = df[f"f{i}"]
/home/lilith/work/zen/zensim/scripts/v_next/train_v_next_mlp.py:133: PerformanceWarning: DataFrame is highly fragmented.  This is usually the result of calling `frame.insert` many times, which has poor performance.  Consider joining all columns at once using pd.concat(axis=1) instead. To get a de-fragmented frame, use `newframe = frame.copy()`
  out[f"feat_{i}"] = df[f"f{i}"]
/home/lilith/work/zen/zensim/scripts/v_next/train_v_next_mlp.py:133: PerformanceWarning: DataFrame is highly fragmented.  This is usually the result of calling `frame.insert` many times, which has poor performance.  Consider joining all columns at once using pd.concat(axis=1) instead. To get a de-fragmented frame, use `newframe = frame.copy()`
  out[f"feat_{i}"] = df[f"f{i}"]
/home/lilith/work/zen/zensim/scripts/v_next/train_v_next_mlp.py:133: PerformanceWarning: DataFrame is highly fragmented.  This is usually the result of calling `frame.insert` many times, which has poor performance.  Consider joining all columns at once using pd.concat(axis=1) instead. To get a de-fragmented frame, use `newframe = frame.copy()`
  out[f"feat_{i}"] = df[f"f{i}"]
/home/lilith/work/zen/zensim/scripts/v_next/train_v_next_mlp.py:133: PerformanceWarning: DataFrame is highly fragmented.  This is usually the result of calling `frame.insert` many times, which has poor performance.  Consider joining all columns at once using pd.concat(axis=1) instead. To get a de-fragmented frame, use `newframe = frame.copy()`
  out[f"feat_{i}"] = df[f"f{i}"]
/home/lilith/work/zen/zensim/scripts/v_next/train_v_next_mlp.py:133: PerformanceWarning: DataFrame is highly fragmented.  This is usually the result of calling `frame.insert` many times, which has poor performance.  Consider joining all columns at once using pd.concat(axis=1) instead. To get a de-fragmented frame, use `newframe = frame.copy()`
  out[f"feat_{i}"] = df[f"f{i}"]
/home/lilith/work/zen/zensim/scripts/v_next/train_v_next_mlp.py:133: PerformanceWarning: DataFrame is highly fragmented.  This is usually the result of calling `frame.insert` many times, which has poor performance.  Consider joining all columns at once using pd.concat(axis=1) instead. To get a de-fragmented frame, use `newframe = frame.copy()`
  out[f"feat_{i}"] = df[f"f{i}"]
/home/lilith/work/zen/zensim/scripts/v_next/train_v_next_mlp.py:133: PerformanceWarning: DataFrame is highly fragmented.  This is usually the result of calling `frame.insert` many times, which has poor performance.  Consider joining all columns at once using pd.concat(axis=1) instead. To get a de-fragmented frame, use `newframe = frame.copy()`
  out[f"feat_{i}"] = df[f"f{i}"]
/home/lilith/work/zen/zensim/scripts/v_next/train_v_next_mlp.py:133: PerformanceWarning: DataFrame is highly fragmented.  This is usually the result of calling `frame.insert` many times, which has poor performance.  Consider joining all columns at once using pd.concat(axis=1) instead. To get a de-fragmented frame, use `newframe = frame.copy()`
  out[f"feat_{i}"] = df[f"f{i}"]
/home/lilith/work/zen/zensim/scripts/v_next/train_v_next_mlp.py:133: PerformanceWarning: DataFrame is highly fragmented.  This is usually the result of calling `frame.insert` many times, which has poor performance.  Consider joining all columns at once using pd.concat(axis=1) instead. To get a de-fragmented frame, use `newframe = frame.copy()`
  out[f"feat_{i}"] = df[f"f{i}"]
/home/lilith/work/zen/zensim/scripts/v_next/train_v_next_mlp.py:133: PerformanceWarning: DataFrame is highly fragmented.  This is usually the result of calling `frame.insert` many times, which has poor performance.  Consider joining all columns at once using pd.concat(axis=1) instead. To get a de-fragmented frame, use `newframe = frame.copy()`
  out[f"feat_{i}"] = df[f"f{i}"]
/home/lilith/work/zen/zensim/scripts/v_next/train_v_next_mlp.py:133: PerformanceWarning: DataFrame is highly fragmented.  This is usually the result of calling `frame.insert` many times, which has poor performance.  Consider joining all columns at once using pd.concat(axis=1) instead. To get a de-fragmented frame, use `newframe = frame.copy()`
  out[f"feat_{i}"] = df[f"f{i}"]
/home/lilith/work/zen/zensim/scripts/v_next/train_v_next_mlp.py:133: PerformanceWarning: DataFrame is highly fragmented.  This is usually the result of calling `frame.insert` many times, which has poor performance.  Consider joining all columns at once using pd.concat(axis=1) instead. To get a de-fragmented frame, use `newframe = frame.copy()`
  out[f"feat_{i}"] = df[f"f{i}"]
/home/lilith/work/zen/zensim/scripts/v_next/train_v_next_mlp.py:133: PerformanceWarning: DataFrame is highly fragmented.  This is usually the result of calling `frame.insert` many times, which has poor performance.  Consider joining all columns at once using pd.concat(axis=1) instead. To get a de-fragmented frame, use `newframe = frame.copy()`
  out[f"feat_{i}"] = df[f"f{i}"]
/home/lilith/work/zen/zensim/scripts/v_next/train_v_next_mlp.py:133: PerformanceWarning: DataFrame is highly fragmented.  This is usually the result of calling `frame.insert` many times, which has poor performance.  Consider joining all columns at once using pd.concat(axis=1) instead. To get a de-fragmented frame, use `newframe = frame.copy()`
  out[f"feat_{i}"] = df[f"f{i}"]
/home/lilith/work/zen/zensim/scripts/v_next/train_v_next_mlp.py:149: PerformanceWarning: DataFrame is highly fragmented.  This is usually the result of calling `frame.insert` many times, which has poor performance.  Consider joining all columns at once using pd.concat(axis=1) instead. To get a de-fragmented frame, use `newframe = frame.copy()`
  out["is_val_only"] = out["image_basename"].isin(val_refs)
/home/lilith/work/zen/zensim/scripts/v_next/train_v_next_mlp.py:150: PerformanceWarning: DataFrame is highly fragmented.  This is usually the result of calling `frame.insert` many times, which has poor performance.  Consider joining all columns at once using pd.concat(axis=1) instead. To get a de-fragmented frame, use `newframe = frame.copy()`
  out["train_weight"] = np.where(out["is_val_only"], 0.0, train_weight)
/home/lilith/work/zen/zensim/scripts/v_next/train_v_next_mlp.py:151: PerformanceWarning: DataFrame is highly fragmented.  This is usually the result of calling `frame.insert` many times, which has poor performance.  Consider joining all columns at once using pd.concat(axis=1) instead. To get a de-fragmented frame, use `newframe = frame.copy()`
  out["dataset"] = dataset_name
/home/lilith/work/zen/zensim/scripts/v_next/train_v_next_mlp.py:152: PerformanceWarning: DataFrame is highly fragmented.  This is usually the result of calling `frame.insert` many times, which has poor performance.  Consider joining all columns at once using pd.concat(axis=1) instead. To get a de-fragmented frame, use `newframe = frame.copy()`
  out["target_human"] = score_100  # explicit copy for V0_6 ranknet groups
  218,089 rows, 3579 unique refs (val=895 val_only refs); train_w=1.0, loaded in 4.4s
Loading kadid kadid_features.csv...
/home/lilith/work/zen/zensim/scripts/v_next/train_v_next_mlp.py:133: PerformanceWarning: DataFrame is highly fragmented.  This is usually the result of calling `frame.insert` many times, which has poor performance.  Consider joining all columns at once using pd.concat(axis=1) instead. To get a de-fragmented frame, use `newframe = frame.copy()`
  out[f"feat_{i}"] = df[f"f{i}"]
/home/lilith/work/zen/zensim/scripts/v_next/train_v_next_mlp.py:133: PerformanceWarning: DataFrame is highly fragmented.  This is usually the result of calling `frame.insert` many times, which has poor performance.  Consider joining all columns at once using pd.concat(axis=1) instead. To get a de-fragmented frame, use `newframe = frame.copy()`
  out[f"feat_{i}"] = df[f"f{i}"]
/home/lilith/work/zen/zensim/scripts/v_next/train_v_next_mlp.py:133: PerformanceWarning: DataFrame is highly fragmented.  This is usually the result of calling `frame.insert` many times, which has poor performance.  Consider joining all columns at once using pd.concat(axis=1) instead. To get a de-fragmented frame, use `newframe = frame.copy()`
  out[f"feat_{i}"] = df[f"f{i}"]
/home/lilith/work/zen/zensim/scripts/v_next/train_v_next_mlp.py:133: PerformanceWarning: DataFrame is highly fragmented.  This is usually the result of calling `frame.insert` many times, which has poor performance.  Consider joining all columns at once using pd.concat(axis=1) instead. To get a de-fragmented frame, use `newframe = frame.copy()`
  out[f"feat_{i}"] = df[f"f{i}"]
/home/lilith/work/zen/zensim/scripts/v_next/train_v_next_mlp.py:133: PerformanceWarning: DataFrame is highly fragmented.  This is usually the result of calling `frame.insert` many times, which has poor performance.  Consider joining all columns at once using pd.concat(axis=1) instead. To get a de-fragmented frame, use `newframe = frame.copy()`
  out[f"feat_{i}"] = df[f"f{i}"]
/home/lilith/work/zen/zensim/scripts/v_next/train_v_next_mlp.py:133: PerformanceWarning: DataFrame is highly fragmented.  This is usually the result of calling `frame.insert` many times, which has poor performance.  Consider joining all columns at once using pd.concat(axis=1) instead. To get a de-fragmented frame, use `newframe = frame.copy()`
  out[f"feat_{i}"] = df[f"f{i}"]
/home/lilith/work/zen/zensim/scripts/v_next/train_v_next_mlp.py:133: PerformanceWarning: DataFrame is highly fragmented.  This is usually the result of calling `frame.insert` many times, which has poor performance.  Consider joining all columns at once using pd.concat(axis=1) instead. To get a de-fragmented frame, use `newframe = frame.copy()`
  out[f"feat_{i}"] = df[f"f{i}"]
/home/lilith/work/zen/zensim/scripts/v_next/train_v_next_mlp.py:133: PerformanceWarning: DataFrame is highly fragmented.  This is usually the result of calling `frame.insert` many times, which has poor performance.  Consider joining all columns at once using pd.concat(axis=1) instead. To get a de-fragmented frame, use `newframe = frame.copy()`
  out[f"feat_{i}"] = df[f"f{i}"]
/home/lilith/work/zen/zensim/scripts/v_next/train_v_next_mlp.py:133: PerformanceWarning: DataFrame is highly fragmented.  This is usually the result of calling `frame.insert` many times, which has poor performance.  Consider joining all columns at once using pd.concat(axis=1) instead. To get a de-fragmented frame, use `newframe = frame.copy()`
  out[f"feat_{i}"] = df[f"f{i}"]
/home/lilith/work/zen/zensim/scripts/v_next/train_v_next_mlp.py:133: PerformanceWarning: DataFrame is highly fragmented.  This is usually the result of calling `frame.insert` many times, which has poor performance.  Consider joining all columns at once using pd.concat(axis=1) instead. To get a de-fragmented frame, use `newframe = frame.copy()`
  out[f"feat_{i}"] = df[f"f{i}"]
/home/lilith/work/zen/zensim/scripts/v_next/train_v_next_mlp.py:133: PerformanceWarning: DataFrame is highly fragmented.  This is usually the result of calling `frame.insert` many times, which has poor performance.  Consider joining all columns at once using pd.concat(axis=1) instead. To get a de-fragmented frame, use `newframe = frame.copy()`
  out[f"feat_{i}"] = df[f"f{i}"]
/home/lilith/work/zen/zensim/scripts/v_next/train_v_next_mlp.py:133: PerformanceWarning: DataFrame is highly fragmented.  This is usually the result of calling `frame.insert` many times, which has poor performance.  Consider joining all columns at once using pd.concat(axis=1) instead. To get a de-fragmented frame, use `newframe = frame.copy()`
  out[f"feat_{i}"] = df[f"f{i}"]
/home/lilith/work/zen/zensim/scripts/v_next/train_v_next_mlp.py:133: PerformanceWarning: DataFrame is highly fragmented.  This is usually the result of calling `frame.insert` many times, which has poor performance.  Consider joining all columns at once using pd.concat(axis=1) instead. To get a de-fragmented frame, use `newframe = frame.copy()`
  out[f"feat_{i}"] = df[f"f{i}"]
/home/lilith/work/zen/zensim/scripts/v_next/train_v_next_mlp.py:133: PerformanceWarning: DataFrame is highly fragmented.  This is usually the result of calling `frame.insert` many times, which has poor performance.  Consider joining all columns at once using pd.concat(axis=1) instead. To get a de-fragmented frame, use `newframe = frame.copy()`
  out[f"feat_{i}"] = df[f"f{i}"]
/home/lilith/work/zen/zensim/scripts/v_next/train_v_next_mlp.py:133: PerformanceWarning: DataFrame is highly fragmented.  This is usually the result of calling `frame.insert` many times, which has poor performance.  Consider joining all columns at once using pd.concat(axis=1) instead. To get a de-fragmented frame, use `newframe = frame.copy()`
  out[f"feat_{i}"] = df[f"f{i}"]
/home/lilith/work/zen/zensim/scripts/v_next/train_v_next_mlp.py:133: PerformanceWarning: DataFrame is highly fragmented.  This is usually the result of calling `frame.insert` many times, which has poor performance.  Consider joining all columns at once using pd.concat(axis=1) instead. To get a de-fragmented frame, use `newframe = frame.copy()`
  out[f"feat_{i}"] = df[f"f{i}"]
/home/lilith/work/zen/zensim/scripts/v_next/train_v_next_mlp.py:133: PerformanceWarning: DataFrame is highly fragmented.  This is usually the result of calling `frame.insert` many times, which has poor performance.  Consider joining all columns at once using pd.concat(axis=1) instead. To get a de-fragmented frame, use `newframe = frame.copy()`
  out[f"feat_{i}"] = df[f"f{i}"]
/home/lilith/work/zen/zensim/scripts/v_next/train_v_next_mlp.py:133: PerformanceWarning: DataFrame is highly fragmented.  This is usually the result of calling `frame.insert` many times, which has poor performance.  Consider joining all columns at once using pd.concat(axis=1) instead. To get a de-fragmented frame, use `newframe = frame.copy()`
  out[f"feat_{i}"] = df[f"f{i}"]
/home/lilith/work/zen/zensim/scripts/v_next/train_v_next_mlp.py:133: PerformanceWarning: DataFrame is highly fragmented.  This is usually the result of calling `frame.insert` many times, which has poor performance.  Consider joining all columns at once using pd.concat(axis=1) instead. To get a de-fragmented frame, use `newframe = frame.copy()`
  out[f"feat_{i}"] = df[f"f{i}"]
/home/lilith/work/zen/zensim/scripts/v_next/train_v_next_mlp.py:133: PerformanceWarning: DataFrame is highly fragmented.  This is usually the result of calling `frame.insert` many times, which has poor performance.  Consider joining all columns at once using pd.concat(axis=1) instead. To get a de-fragmented frame, use `newframe = frame.copy()`
  out[f"feat_{i}"] = df[f"f{i}"]
/home/lilith/work/zen/zensim/scripts/v_next/train_v_next_mlp.py:133: PerformanceWarning: DataFrame is highly fragmented.  This is usually the result of calling `frame.insert` many times, which has poor performance.  Consider joining all columns at once using pd.concat(axis=1) instead. To get a de-fragmented frame, use `newframe = frame.copy()`
  out[f"feat_{i}"] = df[f"f{i}"]
/home/lilith/work/zen/zensim/scripts/v_next/train_v_next_mlp.py:133: PerformanceWarning: DataFrame is highly fragmented.  This is usually the result of calling `frame.insert` many times, which has poor performance.  Consider joining all columns at once using pd.concat(axis=1) instead. To get a de-fragmented frame, use `newframe = frame.copy()`
  out[f"feat_{i}"] = df[f"f{i}"]
/home/lilith/work/zen/zensim/scripts/v_next/train_v_next_mlp.py:133: PerformanceWarning: DataFrame is highly fragmented.  This is usually the result of calling `frame.insert` many times, which has poor performance.  Consider joining all columns at once using pd.concat(axis=1) instead. To get a de-fragmented frame, use `newframe = frame.copy()`
  out[f"feat_{i}"] = df[f"f{i}"]
/home/lilith/work/zen/zensim/scripts/v_next/train_v_next_mlp.py:133: PerformanceWarning: DataFrame is highly fragmented.  This is usually the result of calling `frame.insert` many times, which has poor performance.  Consider joining all columns at once using pd.concat(axis=1) instead. To get a de-fragmented frame, use `newframe = frame.copy()`
  out[f"feat_{i}"] = df[f"f{i}"]
/home/lilith/work/zen/zensim/scripts/v_next/train_v_next_mlp.py:133: PerformanceWarning: DataFrame is highly fragmented.  This is usually the result of calling `frame.insert` many times, which has poor performance.  Consider joining all columns at once using pd.concat(axis=1) instead. To get a de-fragmented frame, use `newframe = frame.copy()`
  out[f"feat_{i}"] = df[f"f{i}"]
/home/lilith/work/zen/zensim/scripts/v_next/train_v_next_mlp.py:133: PerformanceWarning: DataFrame is highly fragmented.  This is usually the result of calling `frame.insert` many times, which has poor performance.  Consider joining all columns at once using pd.concat(axis=1) instead. To get a de-fragmented frame, use `newframe = frame.copy()`
  out[f"feat_{i}"] = df[f"f{i}"]
/home/lilith/work/zen/zensim/scripts/v_next/train_v_next_mlp.py:133: PerformanceWarning: DataFrame is highly fragmented.  This is usually the result of calling `frame.insert` many times, which has poor performance.  Consider joining all columns at once using pd.concat(axis=1) instead. To get a de-fragmented frame, use `newframe = frame.copy()`
  out[f"feat_{i}"] = df[f"f{i}"]
/home/lilith/work/zen/zensim/scripts/v_next/train_v_next_mlp.py:133: PerformanceWarning: DataFrame is highly fragmented.  This is usually the result of calling `frame.insert` many times, which has poor performance.  Consider joining all columns at once using pd.concat(axis=1) instead. To get a de-fragmented frame, use `newframe = frame.copy()`
  out[f"feat_{i}"] = df[f"f{i}"]
/home/lilith/work/zen/zensim/scripts/v_next/train_v_next_mlp.py:133: PerformanceWarning: DataFrame is highly fragmented.  This is usually the result of calling `frame.insert` many times, which has poor performance.  Consider joining all columns at once using pd.concat(axis=1) instead. To get a de-fragmented frame, use `newframe = frame.copy()`
  out[f"feat_{i}"] = df[f"f{i}"]
/home/lilith/work/zen/zensim/scripts/v_next/train_v_next_mlp.py:133: PerformanceWarning: DataFrame is highly fragmented.  This is usually the result of calling `frame.insert` many times, which has poor performance.  Consider joining all columns at once using pd.concat(axis=1) instead. To get a de-fragmented frame, use `newframe = frame.copy()`
  out[f"feat_{i}"] = df[f"f{i}"]
/home/lilith/work/zen/zensim/scripts/v_next/train_v_next_mlp.py:133: PerformanceWarning: DataFrame is highly fragmented.  This is usually the result of calling `frame.insert` many times, which has poor performance.  Consider joining all columns at once using pd.concat(axis=1) instead. To get a de-fragmented frame, use `newframe = frame.copy()`
  out[f"feat_{i}"] = df[f"f{i}"]
/home/lilith/work/zen/zensim/scripts/v_next/train_v_next_mlp.py:133: PerformanceWarning: DataFrame is highly fragmented.  This is usually the result of calling `frame.insert` many times, which has poor performance.  Consider joining all columns at once using pd.concat(axis=1) instead. To get a de-fragmented frame, use `newframe = frame.copy()`
  out[f"feat_{i}"] = df[f"f{i}"]
/home/lilith/work/zen/zensim/scripts/v_next/train_v_next_mlp.py:133: PerformanceWarning: DataFrame is highly fragmented.  This is usually the result of calling `frame.insert` many times, which has poor performance.  Consider joining all columns at once using pd.concat(axis=1) instead. To get a de-fragmented frame, use `newframe = frame.copy()`
  out[f"feat_{i}"] = df[f"f{i}"]
/home/lilith/work/zen/zensim/scripts/v_next/train_v_next_mlp.py:133: PerformanceWarning: DataFrame is highly fragmented.  This is usually the result of calling `frame.insert` many times, which has poor performance.  Consider joining all columns at once using pd.concat(axis=1) instead. To get a de-fragmented frame, use `newframe = frame.copy()`
  out[f"feat_{i}"] = df[f"f{i}"]
/home/lilith/work/zen/zensim/scripts/v_next/train_v_next_mlp.py:133: PerformanceWarning: DataFrame is highly fragmented.  This is usually the result of calling `frame.insert` many times, which has poor performance.  Consider joining all columns at once using pd.concat(axis=1) instead. To get a de-fragmented frame, use `newframe = frame.copy()`
  out[f"feat_{i}"] = df[f"f{i}"]
/home/lilith/work/zen/zensim/scripts/v_next/train_v_next_mlp.py:133: PerformanceWarning: DataFrame is highly fragmented.  This is usually the result of calling `frame.insert` many times, which has poor performance.  Consider joining all columns at once using pd.concat(axis=1) instead. To get a de-fragmented frame, use `newframe = frame.copy()`
  out[f"feat_{i}"] = df[f"f{i}"]
/home/lilith/work/zen/zensim/scripts/v_next/train_v_next_mlp.py:133: PerformanceWarning: DataFrame is highly fragmented.  This is usually the result of calling `frame.insert` many times, which has poor performance.  Consider joining all columns at once using pd.concat(axis=1) instead. To get a de-fragmented frame, use `newframe = frame.copy()`
  out[f"feat_{i}"] = df[f"f{i}"]
/home/lilith/work/zen/zensim/scripts/v_next/train_v_next_mlp.py:133: PerformanceWarning: DataFrame is highly fragmented.  This is usually the result of calling `frame.insert` many times, which has poor performance.  Consider joining all columns at once using pd.concat(axis=1) instead. To get a de-fragmented frame, use `newframe = frame.copy()`
  out[f"feat_{i}"] = df[f"f{i}"]
/home/lilith/work/zen/zensim/scripts/v_next/train_v_next_mlp.py:133: PerformanceWarning: DataFrame is highly fragmented.  This is usually the result of calling `frame.insert` many times, which has poor performance.  Consider joining all columns at once using pd.concat(axis=1) instead. To get a de-fragmented frame, use `newframe = frame.copy()`
  out[f"feat_{i}"] = df[f"f{i}"]
/home/lilith/work/zen/zensim/scripts/v_next/train_v_next_mlp.py:133: PerformanceWarning: DataFrame is highly fragmented.  This is usually the result of calling `frame.insert` many times, which has poor performance.  Consider joining all columns at once using pd.concat(axis=1) instead. To get a de-fragmented frame, use `newframe = frame.copy()`
  out[f"feat_{i}"] = df[f"f{i}"]
/home/lilith/work/zen/zensim/scripts/v_next/train_v_next_mlp.py:133: PerformanceWarning: DataFrame is highly fragmented.  This is usually the result of calling `frame.insert` many times, which has poor performance.  Consider joining all columns at once using pd.concat(axis=1) instead. To get a de-fragmented frame, use `newframe = frame.copy()`
  out[f"feat_{i}"] = df[f"f{i}"]
/home/lilith/work/zen/zensim/scripts/v_next/train_v_next_mlp.py:133: PerformanceWarning: DataFrame is highly fragmented.  This is usually the result of calling `frame.insert` many times, which has poor performance.  Consider joining all columns at once using pd.concat(axis=1) instead. To get a de-fragmented frame, use `newframe = frame.copy()`
  out[f"feat_{i}"] = df[f"f{i}"]
/home/lilith/work/zen/zensim/scripts/v_next/train_v_next_mlp.py:133: PerformanceWarning: DataFrame is highly fragmented.  This is usually the result of calling `frame.insert` many times, which has poor performance.  Consider joining all columns at once using pd.concat(axis=1) instead. To get a de-fragmented frame, use `newframe = frame.copy()`
  out[f"feat_{i}"] = df[f"f{i}"]
/home/lilith/work/zen/zensim/scripts/v_next/train_v_next_mlp.py:133: PerformanceWarning: DataFrame is highly fragmented.  This is usually the result of calling `frame.insert` many times, which has poor performance.  Consider joining all columns at once using pd.concat(axis=1) instead. To get a de-fragmented frame, use `newframe = frame.copy()`
  out[f"feat_{i}"] = df[f"f{i}"]
/home/lilith/work/zen/zensim/scripts/v_next/train_v_next_mlp.py:133: PerformanceWarning: DataFrame is highly fragmented.  This is usually the result of calling `frame.insert` many times, which has poor performance.  Consider joining all columns at once using pd.concat(axis=1) instead. To get a de-fragmented frame, use `newframe = frame.copy()`
  out[f"feat_{i}"] = df[f"f{i}"]
/home/lilith/work/zen/zensim/scripts/v_next/train_v_next_mlp.py:133: PerformanceWarning: DataFrame is highly fragmented.  This is usually the result of calling `frame.insert` many times, which has poor performance.  Consider joining all columns at once using pd.concat(axis=1) instead. To get a de-fragmented frame, use `newframe = frame.copy()`
  out[f"feat_{i}"] = df[f"f{i}"]
/home/lilith/work/zen/zensim/scripts/v_next/train_v_next_mlp.py:133: PerformanceWarning: DataFrame is highly fragmented.  This is usually the result of calling `frame.insert` many times, which has poor performance.  Consider joining all columns at once using pd.concat(axis=1) instead. To get a de-fragmented frame, use `newframe = frame.copy()`
  out[f"feat_{i}"] = df[f"f{i}"]
/home/lilith/work/zen/zensim/scripts/v_next/train_v_next_mlp.py:133: PerformanceWarning: DataFrame is highly fragmented.  This is usually the result of calling `frame.insert` many times, which has poor performance.  Consider joining all columns at once using pd.concat(axis=1) instead. To get a de-fragmented frame, use `newframe = frame.copy()`
  out[f"feat_{i}"] = df[f"f{i}"]
/home/lilith/work/zen/zensim/scripts/v_next/train_v_next_mlp.py:133: PerformanceWarning: DataFrame is highly fragmented.  This is usually the result of calling `frame.insert` many times, which has poor performance.  Consider joining all columns at once using pd.concat(axis=1) instead. To get a de-fragmented frame, use `newframe = frame.copy()`
  out[f"feat_{i}"] = df[f"f{i}"]
/home/lilith/work/zen/zensim/scripts/v_next/train_v_next_mlp.py:133: PerformanceWarning: DataFrame is highly fragmented.  This is usually the result of calling `frame.insert` many times, which has poor performance.  Consider joining all columns at once using pd.concat(axis=1) instead. To get a de-fragmented frame, use `newframe = frame.copy()`
  out[f"feat_{i}"] = df[f"f{i}"]
/home/lilith/work/zen/zensim/scripts/v_next/train_v_next_mlp.py:133: PerformanceWarning: DataFrame is highly fragmented.  This is usually the result of calling `frame.insert` many times, which has poor performance.  Consider joining all columns at once using pd.concat(axis=1) instead. To get a de-fragmented frame, use `newframe = frame.copy()`
  out[f"feat_{i}"] = df[f"f{i}"]
/home/lilith/work/zen/zensim/scripts/v_next/train_v_next_mlp.py:133: PerformanceWarning: DataFrame is highly fragmented.  This is usually the result of calling `frame.insert` many times, which has poor performance.  Consider joining all columns at once using pd.concat(axis=1) instead. To get a de-fragmented frame, use `newframe = frame.copy()`
  out[f"feat_{i}"] = df[f"f{i}"]
/home/lilith/work/zen/zensim/scripts/v_next/train_v_next_mlp.py:133: PerformanceWarning: DataFrame is highly fragmented.  This is usually the result of calling `frame.insert` many times, which has poor performance.  Consider joining all columns at once using pd.concat(axis=1) instead. To get a de-fragmented frame, use `newframe = frame.copy()`
  out[f"feat_{i}"] = df[f"f{i}"]
/home/lilith/work/zen/zensim/scripts/v_next/train_v_next_mlp.py:133: PerformanceWarning: DataFrame is highly fragmented.  This is usually the result of calling `frame.insert` many times, which has poor performance.  Consider joining all columns at once using pd.concat(axis=1) instead. To get a de-fragmented frame, use `newframe = frame.copy()`
  out[f"feat_{i}"] = df[f"f{i}"]
/home/lilith/work/zen/zensim/scripts/v_next/train_v_next_mlp.py:133: PerformanceWarning: DataFrame is highly fragmented.  This is usually the result of calling `frame.insert` many times, which has poor performance.  Consider joining all columns at once using pd.concat(axis=1) instead. To get a de-fragmented frame, use `newframe = frame.copy()`
  out[f"feat_{i}"] = df[f"f{i}"]
/home/lilith/work/zen/zensim/scripts/v_next/train_v_next_mlp.py:133: PerformanceWarning: DataFrame is highly fragmented.  This is usually the result of calling `frame.insert` many times, which has poor performance.  Consider joining all columns at once using pd.concat(axis=1) instead. To get a de-fragmented frame, use `newframe = frame.copy()`
  out[f"feat_{i}"] = df[f"f{i}"]
/home/lilith/work/zen/zensim/scripts/v_next/train_v_next_mlp.py:133: PerformanceWarning: DataFrame is highly fragmented.  This is usually the result of calling `frame.insert` many times, which has poor performance.  Consider joining all columns at once using pd.concat(axis=1) instead. To get a de-fragmented frame, use `newframe = frame.copy()`
  out[f"feat_{i}"] = df[f"f{i}"]
/home/lilith/work/zen/zensim/scripts/v_next/train_v_next_mlp.py:133: PerformanceWarning: DataFrame is highly fragmented.  This is usually the result of calling `frame.insert` many times, which has poor performance.  Consider joining all columns at once using pd.concat(axis=1) instead. To get a de-fragmented frame, use `newframe = frame.copy()`
  out[f"feat_{i}"] = df[f"f{i}"]
/home/lilith/work/zen/zensim/scripts/v_next/train_v_next_mlp.py:133: PerformanceWarning: DataFrame is highly fragmented.  This is usually the result of calling `frame.insert` many times, which has poor performance.  Consider joining all columns at once using pd.concat(axis=1) instead. To get a de-fragmented frame, use `newframe = frame.copy()`
  out[f"feat_{i}"] = df[f"f{i}"]
/home/lilith/work/zen/zensim/scripts/v_next/train_v_next_mlp.py:133: PerformanceWarning: DataFrame is highly fragmented.  This is usually the result of calling `frame.insert` many times, which has poor performance.  Consider joining all columns at once using pd.concat(axis=1) instead. To get a de-fragmented frame, use `newframe = frame.copy()`
  out[f"feat_{i}"] = df[f"f{i}"]
/home/lilith/work/zen/zensim/scripts/v_next/train_v_next_mlp.py:133: PerformanceWarning: DataFrame is highly fragmented.  This is usually the result of calling `frame.insert` many times, which has poor performance.  Consider joining all columns at once using pd.concat(axis=1) instead. To get a de-fragmented frame, use `newframe = frame.copy()`
  out[f"feat_{i}"] = df[f"f{i}"]
/home/lilith/work/zen/zensim/scripts/v_next/train_v_next_mlp.py:133: PerformanceWarning: DataFrame is highly fragmented.  This is usually the result of calling `frame.insert` many times, which has poor performance.  Consider joining all columns at once using pd.concat(axis=1) instead. To get a de-fragmented frame, use `newframe = frame.copy()`
  out[f"feat_{i}"] = df[f"f{i}"]
/home/lilith/work/zen/zensim/scripts/v_next/train_v_next_mlp.py:133: PerformanceWarning: DataFrame is highly fragmented.  This is usually the result of calling `frame.insert` many times, which has poor performance.  Consider joining all columns at once using pd.concat(axis=1) instead. To get a de-fragmented frame, use `newframe = frame.copy()`
  out[f"feat_{i}"] = df[f"f{i}"]
/home/lilith/work/zen/zensim/scripts/v_next/train_v_next_mlp.py:133: PerformanceWarning: DataFrame is highly fragmented.  This is usually the result of calling `frame.insert` many times, which has poor performance.  Consider joining all columns at once using pd.concat(axis=1) instead. To get a de-fragmented frame, use `newframe = frame.copy()`
  out[f"feat_{i}"] = df[f"f{i}"]
/home/lilith/work/zen/zensim/scripts/v_next/train_v_next_mlp.py:133: PerformanceWarning: DataFrame is highly fragmented.  This is usually the result of calling `frame.insert` many times, which has poor performance.  Consider joining all columns at once using pd.concat(axis=1) instead. To get a de-fragmented frame, use `newframe = frame.copy()`
  out[f"feat_{i}"] = df[f"f{i}"]
/home/lilith/work/zen/zensim/scripts/v_next/train_v_next_mlp.py:133: PerformanceWarning: DataFrame is highly fragmented.  This is usually the result of calling `frame.insert` many times, which has poor performance.  Consider joining all columns at once using pd.concat(axis=1) instead. To get a de-fragmented frame, use `newframe = frame.copy()`
  out[f"feat_{i}"] = df[f"f{i}"]
/home/lilith/work/zen/zensim/scripts/v_next/train_v_next_mlp.py:133: PerformanceWarning: DataFrame is highly fragmented.  This is usually the result of calling `frame.insert` many times, which has poor performance.  Consider joining all columns at once using pd.concat(axis=1) instead. To get a de-fragmented frame, use `newframe = frame.copy()`
  out[f"feat_{i}"] = df[f"f{i}"]
/home/lilith/work/zen/zensim/scripts/v_next/train_v_next_mlp.py:133: PerformanceWarning: DataFrame is highly fragmented.  This is usually the result of calling `frame.insert` many times, which has poor performance.  Consider joining all columns at once using pd.concat(axis=1) instead. To get a de-fragmented frame, use `newframe = frame.copy()`
  out[f"feat_{i}"] = df[f"f{i}"]
/home/lilith/work/zen/zensim/scripts/v_next/train_v_next_mlp.py:133: PerformanceWarning: DataFrame is highly fragmented.  This is usually the result of calling `frame.insert` many times, which has poor performance.  Consider joining all columns at once using pd.concat(axis=1) instead. To get a de-fragmented frame, use `newframe = frame.copy()`
  out[f"feat_{i}"] = df[f"f{i}"]
/home/lilith/work/zen/zensim/scripts/v_next/train_v_next_mlp.py:133: PerformanceWarning: DataFrame is highly fragmented.  This is usually the result of calling `frame.insert` many times, which has poor performance.  Consider joining all columns at once using pd.concat(axis=1) instead. To get a de-fragmented frame, use `newframe = frame.copy()`
  out[f"feat_{i}"] = df[f"f{i}"]
/home/lilith/work/zen/zensim/scripts/v_next/train_v_next_mlp.py:133: PerformanceWarning: DataFrame is highly fragmented.  This is usually the result of calling `frame.insert` many times, which has poor performance.  Consider joining all columns at once using pd.concat(axis=1) instead. To get a de-fragmented frame, use `newframe = frame.copy()`
  out[f"feat_{i}"] = df[f"f{i}"]
/home/lilith/work/zen/zensim/scripts/v_next/train_v_next_mlp.py:133: PerformanceWarning: DataFrame is highly fragmented.  This is usually the result of calling `frame.insert` many times, which has poor performance.  Consider joining all columns at once using pd.concat(axis=1) instead. To get a de-fragmented frame, use `newframe = frame.copy()`
  out[f"feat_{i}"] = df[f"f{i}"]
/home/lilith/work/zen/zensim/scripts/v_next/train_v_next_mlp.py:133: PerformanceWarning: DataFrame is highly fragmented.  This is usually the result of calling `frame.insert` many times, which has poor performance.  Consider joining all columns at once using pd.concat(axis=1) instead. To get a de-fragmented frame, use `newframe = frame.copy()`
  out[f"feat_{i}"] = df[f"f{i}"]
/home/lilith/work/zen/zensim/scripts/v_next/train_v_next_mlp.py:133: PerformanceWarning: DataFrame is highly fragmented.  This is usually the result of calling `frame.insert` many times, which has poor performance.  Consider joining all columns at once using pd.concat(axis=1) instead. To get a de-fragmented frame, use `newframe = frame.copy()`
  out[f"feat_{i}"] = df[f"f{i}"]
/home/lilith/work/zen/zensim/scripts/v_next/train_v_next_mlp.py:133: PerformanceWarning: DataFrame is highly fragmented.  This is usually the result of calling `frame.insert` many times, which has poor performance.  Consider joining all columns at once using pd.concat(axis=1) instead. To get a de-fragmented frame, use `newframe = frame.copy()`
  out[f"feat_{i}"] = df[f"f{i}"]
/home/lilith/work/zen/zensim/scripts/v_next/train_v_next_mlp.py:133: PerformanceWarning: DataFrame is highly fragmented.  This is usually the result of calling `frame.insert` many times, which has poor performance.  Consider joining all columns at once using pd.concat(axis=1) instead. To get a de-fragmented frame, use `newframe = frame.copy()`
  out[f"feat_{i}"] = df[f"f{i}"]
/home/lilith/work/zen/zensim/scripts/v_next/train_v_next_mlp.py:133: PerformanceWarning: DataFrame is highly fragmented.  This is usually the result of calling `frame.insert` many times, which has poor performance.  Consider joining all columns at once using pd.concat(axis=1) instead. To get a de-fragmented frame, use `newframe = frame.copy()`
  out[f"feat_{i}"] = df[f"f{i}"]
/home/lilith/work/zen/zensim/scripts/v_next/train_v_next_mlp.py:133: PerformanceWarning: DataFrame is highly fragmented.  This is usually the result of calling `frame.insert` many times, which has poor performance.  Consider joining all columns at once using pd.concat(axis=1) instead. To get a de-fragmented frame, use `newframe = frame.copy()`
  out[f"feat_{i}"] = df[f"f{i}"]
/home/lilith/work/zen/zensim/scripts/v_next/train_v_next_mlp.py:133: PerformanceWarning: DataFrame is highly fragmented.  This is usually the result of calling `frame.insert` many times, which has poor performance.  Consider joining all columns at once using pd.concat(axis=1) instead. To get a de-fragmented frame, use `newframe = frame.copy()`
  out[f"feat_{i}"] = df[f"f{i}"]
/home/lilith/work/zen/zensim/scripts/v_next/train_v_next_mlp.py:133: PerformanceWarning: DataFrame is highly fragmented.  This is usually the result of calling `frame.insert` many times, which has poor performance.  Consider joining all columns at once using pd.concat(axis=1) instead. To get a de-fragmented frame, use `newframe = frame.copy()`
  out[f"feat_{i}"] = df[f"f{i}"]
/home/lilith/work/zen/zensim/scripts/v_next/train_v_next_mlp.py:133: PerformanceWarning: DataFrame is highly fragmented.  This is usually the result of calling `frame.insert` many times, which has poor performance.  Consider joining all columns at once using pd.concat(axis=1) instead. To get a de-fragmented frame, use `newframe = frame.copy()`
  out[f"feat_{i}"] = df[f"f{i}"]
/home/lilith/work/zen/zensim/scripts/v_next/train_v_next_mlp.py:133: PerformanceWarning: DataFrame is highly fragmented.  This is usually the result of calling `frame.insert` many times, which has poor performance.  Consider joining all columns at once using pd.concat(axis=1) instead. To get a de-fragmented frame, use `newframe = frame.copy()`
  out[f"feat_{i}"] = df[f"f{i}"]
/home/lilith/work/zen/zensim/scripts/v_next/train_v_next_mlp.py:133: PerformanceWarning: DataFrame is highly fragmented.  This is usually the result of calling `frame.insert` many times, which has poor performance.  Consider joining all columns at once using pd.concat(axis=1) instead. To get a de-fragmented frame, use `newframe = frame.copy()`
  out[f"feat_{i}"] = df[f"f{i}"]
/home/lilith/work/zen/zensim/scripts/v_next/train_v_next_mlp.py:133: PerformanceWarning: DataFrame is highly fragmented.  This is usually the result of calling `frame.insert` many times, which has poor performance.  Consider joining all columns at once using pd.concat(axis=1) instead. To get a de-fragmented frame, use `newframe = frame.copy()`
  out[f"feat_{i}"] = df[f"f{i}"]
/home/lilith/work/zen/zensim/scripts/v_next/train_v_next_mlp.py:133: PerformanceWarning: DataFrame is highly fragmented.  This is usually the result of calling `frame.insert` many times, which has poor performance.  Consider joining all columns at once using pd.concat(axis=1) instead. To get a de-fragmented frame, use `newframe = frame.copy()`
  out[f"feat_{i}"] = df[f"f{i}"]
/home/lilith/work/zen/zensim/scripts/v_next/train_v_next_mlp.py:133: PerformanceWarning: DataFrame is highly fragmented.  This is usually the result of calling `frame.insert` many times, which has poor performance.  Consider joining all columns at once using pd.concat(axis=1) instead. To get a de-fragmented frame, use `newframe = frame.copy()`
  out[f"feat_{i}"] = df[f"f{i}"]
/home/lilith/work/zen/zensim/scripts/v_next/train_v_next_mlp.py:133: PerformanceWarning: DataFrame is highly fragmented.  This is usually the result of calling `frame.insert` many times, which has poor performance.  Consider joining all columns at once using pd.concat(axis=1) instead. To get a de-fragmented frame, use `newframe = frame.copy()`
  out[f"feat_{i}"] = df[f"f{i}"]
/home/lilith/work/zen/zensim/scripts/v_next/train_v_next_mlp.py:133: PerformanceWarning: DataFrame is highly fragmented.  This is usually the result of calling `frame.insert` many times, which has poor performance.  Consider joining all columns at once using pd.concat(axis=1) instead. To get a de-fragmented frame, use `newframe = frame.copy()`
  out[f"feat_{i}"] = df[f"f{i}"]
/home/lilith/work/zen/zensim/scripts/v_next/train_v_next_mlp.py:133: PerformanceWarning: DataFrame is highly fragmented.  This is usually the result of calling `frame.insert` many times, which has poor performance.  Consider joining all columns at once using pd.concat(axis=1) instead. To get a de-fragmented frame, use `newframe = frame.copy()`
  out[f"feat_{i}"] = df[f"f{i}"]
/home/lilith/work/zen/zensim/scripts/v_next/train_v_next_mlp.py:133: PerformanceWarning: DataFrame is highly fragmented.  This is usually the result of calling `frame.insert` many times, which has poor performance.  Consider joining all columns at once using pd.concat(axis=1) instead. To get a de-fragmented frame, use `newframe = frame.copy()`
  out[f"feat_{i}"] = df[f"f{i}"]
/home/lilith/work/zen/zensim/scripts/v_next/train_v_next_mlp.py:133: PerformanceWarning: DataFrame is highly fragmented.  This is usually the result of calling `frame.insert` many times, which has poor performance.  Consider joining all columns at once using pd.concat(axis=1) instead. To get a de-fragmented frame, use `newframe = frame.copy()`
  out[f"feat_{i}"] = df[f"f{i}"]
/home/lilith/work/zen/zensim/scripts/v_next/train_v_next_mlp.py:133: PerformanceWarning: DataFrame is highly fragmented.  This is usually the result of calling `frame.insert` many times, which has poor performance.  Consider joining all columns at once using pd.concat(axis=1) instead. To get a de-fragmented frame, use `newframe = frame.copy()`
  out[f"feat_{i}"] = df[f"f{i}"]
/home/lilith/work/zen/zensim/scripts/v_next/train_v_next_mlp.py:133: PerformanceWarning: DataFrame is highly fragmented.  This is usually the result of calling `frame.insert` many times, which has poor performance.  Consider joining all columns at once using pd.concat(axis=1) instead. To get a de-fragmented frame, use `newframe = frame.copy()`
  out[f"feat_{i}"] = df[f"f{i}"]
/home/lilith/work/zen/zensim/scripts/v_next/train_v_next_mlp.py:133: PerformanceWarning: DataFrame is highly fragmented.  This is usually the result of calling `frame.insert` many times, which has poor performance.  Consider joining all columns at once using pd.concat(axis=1) instead. To get a de-fragmented frame, use `newframe = frame.copy()`
  out[f"feat_{i}"] = df[f"f{i}"]
/home/lilith/work/zen/zensim/scripts/v_next/train_v_next_mlp.py:133: PerformanceWarning: DataFrame is highly fragmented.  This is usually the result of calling `frame.insert` many times, which has poor performance.  Consider joining all columns at once using pd.concat(axis=1) instead. To get a de-fragmented frame, use `newframe = frame.copy()`
  out[f"feat_{i}"] = df[f"f{i}"]
/home/lilith/work/zen/zensim/scripts/v_next/train_v_next_mlp.py:133: PerformanceWarning: DataFrame is highly fragmented.  This is usually the result of calling `frame.insert` many times, which has poor performance.  Consider joining all columns at once using pd.concat(axis=1) instead. To get a de-fragmented frame, use `newframe = frame.copy()`
  out[f"feat_{i}"] = df[f"f{i}"]
/home/lilith/work/zen/zensim/scripts/v_next/train_v_next_mlp.py:133: PerformanceWarning: DataFrame is highly fragmented.  This is usually the result of calling `frame.insert` many times, which has poor performance.  Consider joining all columns at once using pd.concat(axis=1) instead. To get a de-fragmented frame, use `newframe = frame.copy()`
  out[f"feat_{i}"] = df[f"f{i}"]
/home/lilith/work/zen/zensim/scripts/v_next/train_v_next_mlp.py:133: PerformanceWarning: DataFrame is highly fragmented.  This is usually the result of calling `frame.insert` many times, which has poor performance.  Consider joining all columns at once using pd.concat(axis=1) instead. To get a de-fragmented frame, use `newframe = frame.copy()`
  out[f"feat_{i}"] = df[f"f{i}"]
/home/lilith/work/zen/zensim/scripts/v_next/train_v_next_mlp.py:133: PerformanceWarning: DataFrame is highly fragmented.  This is usually the result of calling `frame.insert` many times, which has poor performance.  Consider joining all columns at once using pd.concat(axis=1) instead. To get a de-fragmented frame, use `newframe = frame.copy()`
  out[f"feat_{i}"] = df[f"f{i}"]
/home/lilith/work/zen/zensim/scripts/v_next/train_v_next_mlp.py:133: PerformanceWarning: DataFrame is highly fragmented.  This is usually the result of calling `frame.insert` many times, which has poor performance.  Consider joining all columns at once using pd.concat(axis=1) instead. To get a de-fragmented frame, use `newframe = frame.copy()`
  out[f"feat_{i}"] = df[f"f{i}"]
/home/lilith/work/zen/zensim/scripts/v_next/train_v_next_mlp.py:133: PerformanceWarning: DataFrame is highly fragmented.  This is usually the result of calling `frame.insert` many times, which has poor performance.  Consider joining all columns at once using pd.concat(axis=1) instead. To get a de-fragmented frame, use `newframe = frame.copy()`
  out[f"feat_{i}"] = df[f"f{i}"]
/home/lilith/work/zen/zensim/scripts/v_next/train_v_next_mlp.py:133: PerformanceWarning: DataFrame is highly fragmented.  This is usually the result of calling `frame.insert` many times, which has poor performance.  Consider joining all columns at once using pd.concat(axis=1) instead. To get a de-fragmented frame, use `newframe = frame.copy()`
  out[f"feat_{i}"] = df[f"f{i}"]
/home/lilith/work/zen/zensim/scripts/v_next/train_v_next_mlp.py:133: PerformanceWarning: DataFrame is highly fragmented.  This is usually the result of calling `frame.insert` many times, which has poor performance.  Consider joining all columns at once using pd.concat(axis=1) instead. To get a de-fragmented frame, use `newframe = frame.copy()`
  out[f"feat_{i}"] = df[f"f{i}"]
/home/lilith/work/zen/zensim/scripts/v_next/train_v_next_mlp.py:133: PerformanceWarning: DataFrame is highly fragmented.  This is usually the result of calling `frame.insert` many times, which has poor performance.  Consider joining all columns at once using pd.concat(axis=1) instead. To get a de-fragmented frame, use `newframe = frame.copy()`
  out[f"feat_{i}"] = df[f"f{i}"]
/home/lilith/work/zen/zensim/scripts/v_next/train_v_next_mlp.py:133: PerformanceWarning: DataFrame is highly fragmented.  This is usually the result of calling `frame.insert` many times, which has poor performance.  Consider joining all columns at once using pd.concat(axis=1) instead. To get a de-fragmented frame, use `newframe = frame.copy()`
  out[f"feat_{i}"] = df[f"f{i}"]
/home/lilith/work/zen/zensim/scripts/v_next/train_v_next_mlp.py:133: PerformanceWarning: DataFrame is highly fragmented.  This is usually the result of calling `frame.insert` many times, which has poor performance.  Consider joining all columns at once using pd.concat(axis=1) instead. To get a de-fragmented frame, use `newframe = frame.copy()`
  out[f"feat_{i}"] = df[f"f{i}"]
/home/lilith/work/zen/zensim/scripts/v_next/train_v_next_mlp.py:133: PerformanceWarning: DataFrame is highly fragmented.  This is usually the result of calling `frame.insert` many times, which has poor performance.  Consider joining all columns at once using pd.concat(axis=1) instead. To get a de-fragmented frame, use `newframe = frame.copy()`
  out[f"feat_{i}"] = df[f"f{i}"]
/home/lilith/work/zen/zensim/scripts/v_next/train_v_next_mlp.py:133: PerformanceWarning: DataFrame is highly fragmented.  This is usually the result of calling `frame.insert` many times, which has poor performance.  Consider joining all columns at once using pd.concat(axis=1) instead. To get a de-fragmented frame, use `newframe = frame.copy()`
  out[f"feat_{i}"] = df[f"f{i}"]
/home/lilith/work/zen/zensim/scripts/v_next/train_v_next_mlp.py:133: PerformanceWarning: DataFrame is highly fragmented.  This is usually the result of calling `frame.insert` many times, which has poor performance.  Consider joining all columns at once using pd.concat(axis=1) instead. To get a de-fragmented frame, use `newframe = frame.copy()`
  out[f"feat_{i}"] = df[f"f{i}"]
/home/lilith/work/zen/zensim/scripts/v_next/train_v_next_mlp.py:133: PerformanceWarning: DataFrame is highly fragmented.  This is usually the result of calling `frame.insert` many times, which has poor performance.  Consider joining all columns at once using pd.concat(axis=1) instead. To get a de-fragmented frame, use `newframe = frame.copy()`
  out[f"feat_{i}"] = df[f"f{i}"]
/home/lilith/work/zen/zensim/scripts/v_next/train_v_next_mlp.py:133: PerformanceWarning: DataFrame is highly fragmented.  This is usually the result of calling `frame.insert` many times, which has poor performance.  Consider joining all columns at once using pd.concat(axis=1) instead. To get a de-fragmented frame, use `newframe = frame.copy()`
  out[f"feat_{i}"] = df[f"f{i}"]
/home/lilith/work/zen/zensim/scripts/v_next/train_v_next_mlp.py:133: PerformanceWarning: DataFrame is highly fragmented.  This is usually the result of calling `frame.insert` many times, which has poor performance.  Consider joining all columns at once using pd.concat(axis=1) instead. To get a de-fragmented frame, use `newframe = frame.copy()`
  out[f"feat_{i}"] = df[f"f{i}"]
/home/lilith/work/zen/zensim/scripts/v_next/train_v_next_mlp.py:133: PerformanceWarning: DataFrame is highly fragmented.  This is usually the result of calling `frame.insert` many times, which has poor performance.  Consider joining all columns at once using pd.concat(axis=1) instead. To get a de-fragmented frame, use `newframe = frame.copy()`
  out[f"feat_{i}"] = df[f"f{i}"]
/home/lilith/work/zen/zensim/scripts/v_next/train_v_next_mlp.py:133: PerformanceWarning: DataFrame is highly fragmented.  This is usually the result of calling `frame.insert` many times, which has poor performance.  Consider joining all columns at once using pd.concat(axis=1) instead. To get a de-fragmented frame, use `newframe = frame.copy()`
  out[f"feat_{i}"] = df[f"f{i}"]
/home/lilith/work/zen/zensim/scripts/v_next/train_v_next_mlp.py:133: PerformanceWarning: DataFrame is highly fragmented.  This is usually the result of calling `frame.insert` many times, which has poor performance.  Consider joining all columns at once using pd.concat(axis=1) instead. To get a de-fragmented frame, use `newframe = frame.copy()`
  out[f"feat_{i}"] = df[f"f{i}"]
/home/lilith/work/zen/zensim/scripts/v_next/train_v_next_mlp.py:133: PerformanceWarning: DataFrame is highly fragmented.  This is usually the result of calling `frame.insert` many times, which has poor performance.  Consider joining all columns at once using pd.concat(axis=1) instead. To get a de-fragmented frame, use `newframe = frame.copy()`
  out[f"feat_{i}"] = df[f"f{i}"]
/home/lilith/work/zen/zensim/scripts/v_next/train_v_next_mlp.py:133: PerformanceWarning: DataFrame is highly fragmented.  This is usually the result of calling `frame.insert` many times, which has poor performance.  Consider joining all columns at once using pd.concat(axis=1) instead. To get a de-fragmented frame, use `newframe = frame.copy()`
  out[f"feat_{i}"] = df[f"f{i}"]
/home/lilith/work/zen/zensim/scripts/v_next/train_v_next_mlp.py:133: PerformanceWarning: DataFrame is highly fragmented.  This is usually the result of calling `frame.insert` many times, which has poor performance.  Consider joining all columns at once using pd.concat(axis=1) instead. To get a de-fragmented frame, use `newframe = frame.copy()`
  out[f"feat_{i}"] = df[f"f{i}"]
/home/lilith/work/zen/zensim/scripts/v_next/train_v_next_mlp.py:133: PerformanceWarning: DataFrame is highly fragmented.  This is usually the result of calling `frame.insert` many times, which has poor performance.  Consider joining all columns at once using pd.concat(axis=1) instead. To get a de-fragmented frame, use `newframe = frame.copy()`
  out[f"feat_{i}"] = df[f"f{i}"]
/home/lilith/work/zen/zensim/scripts/v_next/train_v_next_mlp.py:133: PerformanceWarning: DataFrame is highly fragmented.  This is usually the result of calling `frame.insert` many times, which has poor performance.  Consider joining all columns at once using pd.concat(axis=1) instead. To get a de-fragmented frame, use `newframe = frame.copy()`
  out[f"feat_{i}"] = df[f"f{i}"]
/home/lilith/work/zen/zensim/scripts/v_next/train_v_next_mlp.py:133: PerformanceWarning: DataFrame is highly fragmented.  This is usually the result of calling `frame.insert` many times, which has poor performance.  Consider joining all columns at once using pd.concat(axis=1) instead. To get a de-fragmented frame, use `newframe = frame.copy()`
  out[f"feat_{i}"] = df[f"f{i}"]
/home/lilith/work/zen/zensim/scripts/v_next/train_v_next_mlp.py:133: PerformanceWarning: DataFrame is highly fragmented.  This is usually the result of calling `frame.insert` many times, which has poor performance.  Consider joining all columns at once using pd.concat(axis=1) instead. To get a de-fragmented frame, use `newframe = frame.copy()`
  out[f"feat_{i}"] = df[f"f{i}"]
/home/lilith/work/zen/zensim/scripts/v_next/train_v_next_mlp.py:133: PerformanceWarning: DataFrame is highly fragmented.  This is usually the result of calling `frame.insert` many times, which has poor performance.  Consider joining all columns at once using pd.concat(axis=1) instead. To get a de-fragmented frame, use `newframe = frame.copy()`
  out[f"feat_{i}"] = df[f"f{i}"]
/home/lilith/work/zen/zensim/scripts/v_next/train_v_next_mlp.py:133: PerformanceWarning: DataFrame is highly fragmented.  This is usually the result of calling `frame.insert` many times, which has poor performance.  Consider joining all columns at once using pd.concat(axis=1) instead. To get a de-fragmented frame, use `newframe = frame.copy()`
  out[f"feat_{i}"] = df[f"f{i}"]
/home/lilith/work/zen/zensim/scripts/v_next/train_v_next_mlp.py:133: PerformanceWarning: DataFrame is highly fragmented.  This is usually the result of calling `frame.insert` many times, which has poor performance.  Consider joining all columns at once using pd.concat(axis=1) instead. To get a de-fragmented frame, use `newframe = frame.copy()`
  out[f"feat_{i}"] = df[f"f{i}"]
/home/lilith/work/zen/zensim/scripts/v_next/train_v_next_mlp.py:133: PerformanceWarning: DataFrame is highly fragmented.  This is usually the result of calling `frame.insert` many times, which has poor performance.  Consider joining all columns at once using pd.concat(axis=1) instead. To get a de-fragmented frame, use `newframe = frame.copy()`
  out[f"feat_{i}"] = df[f"f{i}"]
/home/lilith/work/zen/zensim/scripts/v_next/train_v_next_mlp.py:133: PerformanceWarning: DataFrame is highly fragmented.  This is usually the result of calling `frame.insert` many times, which has poor performance.  Consider joining all columns at once using pd.concat(axis=1) instead. To get a de-fragmented frame, use `newframe = frame.copy()`
  out[f"feat_{i}"] = df[f"f{i}"]
/home/lilith/work/zen/zensim/scripts/v_next/train_v_next_mlp.py:133: PerformanceWarning: DataFrame is highly fragmented.  This is usually the result of calling `frame.insert` many times, which has poor performance.  Consider joining all columns at once using pd.concat(axis=1) instead. To get a de-fragmented frame, use `newframe = frame.copy()`
  out[f"feat_{i}"] = df[f"f{i}"]
/home/lilith/work/zen/zensim/scripts/v_next/train_v_next_mlp.py:133: PerformanceWarning: DataFrame is highly fragmented.  This is usually the result of calling `frame.insert` many times, which has poor performance.  Consider joining all columns at once using pd.concat(axis=1) instead. To get a de-fragmented frame, use `newframe = frame.copy()`
  out[f"feat_{i}"] = df[f"f{i}"]
/home/lilith/work/zen/zensim/scripts/v_next/train_v_next_mlp.py:133: PerformanceWarning: DataFrame is highly fragmented.  This is usually the result of calling `frame.insert` many times, which has poor performance.  Consider joining all columns at once using pd.concat(axis=1) instead. To get a de-fragmented frame, use `newframe = frame.copy()`
  out[f"feat_{i}"] = df[f"f{i}"]
/home/lilith/work/zen/zensim/scripts/v_next/train_v_next_mlp.py:133: PerformanceWarning: DataFrame is highly fragmented.  This is usually the result of calling `frame.insert` many times, which has poor performance.  Consider joining all columns at once using pd.concat(axis=1) instead. To get a de-fragmented frame, use `newframe = frame.copy()`
  out[f"feat_{i}"] = df[f"f{i}"]
/home/lilith/work/zen/zensim/scripts/v_next/train_v_next_mlp.py:133: PerformanceWarning: DataFrame is highly fragmented.  This is usually the result of calling `frame.insert` many times, which has poor performance.  Consider joining all columns at once using pd.concat(axis=1) instead. To get a de-fragmented frame, use `newframe = frame.copy()`
  out[f"feat_{i}"] = df[f"f{i}"]
/home/lilith/work/zen/zensim/scripts/v_next/train_v_next_mlp.py:133: PerformanceWarning: DataFrame is highly fragmented.  This is usually the result of calling `frame.insert` many times, which has poor performance.  Consider joining all columns at once using pd.concat(axis=1) instead. To get a de-fragmented frame, use `newframe = frame.copy()`
  out[f"feat_{i}"] = df[f"f{i}"]
/home/lilith/work/zen/zensim/scripts/v_next/train_v_next_mlp.py:133: PerformanceWarning: DataFrame is highly fragmented.  This is usually the result of calling `frame.insert` many times, which has poor performance.  Consider joining all columns at once using pd.concat(axis=1) instead. To get a de-fragmented frame, use `newframe = frame.copy()`
  out[f"feat_{i}"] = df[f"f{i}"]
/home/lilith/work/zen/zensim/scripts/v_next/train_v_next_mlp.py:133: PerformanceWarning: DataFrame is highly fragmented.  This is usually the result of calling `frame.insert` many times, which has poor performance.  Consider joining all columns at once using pd.concat(axis=1) instead. To get a de-fragmented frame, use `newframe = frame.copy()`
  out[f"feat_{i}"] = df[f"f{i}"]
/home/lilith/work/zen/zensim/scripts/v_next/train_v_next_mlp.py:133: PerformanceWarning: DataFrame is highly fragmented.  This is usually the result of calling `frame.insert` many times, which has poor performance.  Consider joining all columns at once using pd.concat(axis=1) instead. To get a de-fragmented frame, use `newframe = frame.copy()`
  out[f"feat_{i}"] = df[f"f{i}"]
/home/lilith/work/zen/zensim/scripts/v_next/train_v_next_mlp.py:133: PerformanceWarning: DataFrame is highly fragmented.  This is usually the result of calling `frame.insert` many times, which has poor performance.  Consider joining all columns at once using pd.concat(axis=1) instead. To get a de-fragmented frame, use `newframe = frame.copy()`
  out[f"feat_{i}"] = df[f"f{i}"]
/home/lilith/work/zen/zensim/scripts/v_next/train_v_next_mlp.py:133: PerformanceWarning: DataFrame is highly fragmented.  This is usually the result of calling `frame.insert` many times, which has poor performance.  Consider joining all columns at once using pd.concat(axis=1) instead. To get a de-fragmented frame, use `newframe = frame.copy()`
  out[f"feat_{i}"] = df[f"f{i}"]
/home/lilith/work/zen/zensim/scripts/v_next/train_v_next_mlp.py:133: PerformanceWarning: DataFrame is highly fragmented.  This is usually the result of calling `frame.insert` many times, which has poor performance.  Consider joining all columns at once using pd.concat(axis=1) instead. To get a de-fragmented frame, use `newframe = frame.copy()`
  out[f"feat_{i}"] = df[f"f{i}"]
/home/lilith/work/zen/zensim/scripts/v_next/train_v_next_mlp.py:149: PerformanceWarning: DataFrame is highly fragmented.  This is usually the result of calling `frame.insert` many times, which has poor performance.  Consider joining all columns at once using pd.concat(axis=1) instead. To get a de-fragmented frame, use `newframe = frame.copy()`
  out["is_val_only"] = out["image_basename"].isin(val_refs)
/home/lilith/work/zen/zensim/scripts/v_next/train_v_next_mlp.py:150: PerformanceWarning: DataFrame is highly fragmented.  This is usually the result of calling `frame.insert` many times, which has poor performance.  Consider joining all columns at once using pd.concat(axis=1) instead. To get a de-fragmented frame, use `newframe = frame.copy()`
  out["train_weight"] = np.where(out["is_val_only"], 0.0, train_weight)
/home/lilith/work/zen/zensim/scripts/v_next/train_v_next_mlp.py:151: PerformanceWarning: DataFrame is highly fragmented.  This is usually the result of calling `frame.insert` many times, which has poor performance.  Consider joining all columns at once using pd.concat(axis=1) instead. To get a de-fragmented frame, use `newframe = frame.copy()`
  out["dataset"] = dataset_name
/home/lilith/work/zen/zensim/scripts/v_next/train_v_next_mlp.py:152: PerformanceWarning: DataFrame is highly fragmented.  This is usually the result of calling `frame.insert` many times, which has poor performance.  Consider joining all columns at once using pd.concat(axis=1) instead. To get a de-fragmented frame, use `newframe = frame.copy()`
  out["target_human"] = score_100  # explicit copy for V0_6 ranknet groups
  10,125 rows, 81 unique refs (val=20 val_only refs); train_w=0.3, loaded in 0.5s
Loading tid tid_features.csv...
/home/lilith/work/zen/zensim/scripts/v_next/train_v_next_mlp.py:133: PerformanceWarning: DataFrame is highly fragmented.  This is usually the result of calling `frame.insert` many times, which has poor performance.  Consider joining all columns at once using pd.concat(axis=1) instead. To get a de-fragmented frame, use `newframe = frame.copy()`
  out[f"feat_{i}"] = df[f"f{i}"]
/home/lilith/work/zen/zensim/scripts/v_next/train_v_next_mlp.py:133: PerformanceWarning: DataFrame is highly fragmented.  This is usually the result of calling `frame.insert` many times, which has poor performance.  Consider joining all columns at once using pd.concat(axis=1) instead. To get a de-fragmented frame, use `newframe = frame.copy()`
  out[f"feat_{i}"] = df[f"f{i}"]
/home/lilith/work/zen/zensim/scripts/v_next/train_v_next_mlp.py:133: PerformanceWarning: DataFrame is highly fragmented.  This is usually the result of calling `frame.insert` many times, which has poor performance.  Consider joining all columns at once using pd.concat(axis=1) instead. To get a de-fragmented frame, use `newframe = frame.copy()`
  out[f"feat_{i}"] = df[f"f{i}"]
/home/lilith/work/zen/zensim/scripts/v_next/train_v_next_mlp.py:133: PerformanceWarning: DataFrame is highly fragmented.  This is usually the result of calling `frame.insert` many times, which has poor performance.  Consider joining all columns at once using pd.concat(axis=1) instead. To get a de-fragmented frame, use `newframe = frame.copy()`
  out[f"feat_{i}"] = df[f"f{i}"]
/home/lilith/work/zen/zensim/scripts/v_next/train_v_next_mlp.py:133: PerformanceWarning: DataFrame is highly fragmented.  This is usually the result of calling `frame.insert` many times, which has poor performance.  Consider joining all columns at once using pd.concat(axis=1) instead. To get a de-fragmented frame, use `newframe = frame.copy()`
  out[f"feat_{i}"] = df[f"f{i}"]
/home/lilith/work/zen/zensim/scripts/v_next/train_v_next_mlp.py:133: PerformanceWarning: DataFrame is highly fragmented.  This is usually the result of calling `frame.insert` many times, which has poor performance.  Consider joining all columns at once using pd.concat(axis=1) instead. To get a de-fragmented frame, use `newframe = frame.copy()`
  out[f"feat_{i}"] = df[f"f{i}"]
/home/lilith/work/zen/zensim/scripts/v_next/train_v_next_mlp.py:133: PerformanceWarning: DataFrame is highly fragmented.  This is usually the result of calling `frame.insert` many times, which has poor performance.  Consider joining all columns at once using pd.concat(axis=1) instead. To get a de-fragmented frame, use `newframe = frame.copy()`
  out[f"feat_{i}"] = df[f"f{i}"]
/home/lilith/work/zen/zensim/scripts/v_next/train_v_next_mlp.py:133: PerformanceWarning: DataFrame is highly fragmented.  This is usually the result of calling `frame.insert` many times, which has poor performance.  Consider joining all columns at once using pd.concat(axis=1) instead. To get a de-fragmented frame, use `newframe = frame.copy()`
  out[f"feat_{i}"] = df[f"f{i}"]
/home/lilith/work/zen/zensim/scripts/v_next/train_v_next_mlp.py:133: PerformanceWarning: DataFrame is highly fragmented.  This is usually the result of calling `frame.insert` many times, which has poor performance.  Consider joining all columns at once using pd.concat(axis=1) instead. To get a de-fragmented frame, use `newframe = frame.copy()`
  out[f"feat_{i}"] = df[f"f{i}"]
/home/lilith/work/zen/zensim/scripts/v_next/train_v_next_mlp.py:133: PerformanceWarning: DataFrame is highly fragmented.  This is usually the result of calling `frame.insert` many times, which has poor performance.  Consider joining all columns at once using pd.concat(axis=1) instead. To get a de-fragmented frame, use `newframe = frame.copy()`
  out[f"feat_{i}"] = df[f"f{i}"]
/home/lilith/work/zen/zensim/scripts/v_next/train_v_next_mlp.py:133: PerformanceWarning: DataFrame is highly fragmented.  This is usually the result of calling `frame.insert` many times, which has poor performance.  Consider joining all columns at once using pd.concat(axis=1) instead. To get a de-fragmented frame, use `newframe = frame.copy()`
  out[f"feat_{i}"] = df[f"f{i}"]
/home/lilith/work/zen/zensim/scripts/v_next/train_v_next_mlp.py:133: PerformanceWarning: DataFrame is highly fragmented.  This is usually the result of calling `frame.insert` many times, which has poor performance.  Consider joining all columns at once using pd.concat(axis=1) instead. To get a de-fragmented frame, use `newframe = frame.copy()`
  out[f"feat_{i}"] = df[f"f{i}"]
/home/lilith/work/zen/zensim/scripts/v_next/train_v_next_mlp.py:133: PerformanceWarning: DataFrame is highly fragmented.  This is usually the result of calling `frame.insert` many times, which has poor performance.  Consider joining all columns at once using pd.concat(axis=1) instead. To get a de-fragmented frame, use `newframe = frame.copy()`
  out[f"feat_{i}"] = df[f"f{i}"]
/home/lilith/work/zen/zensim/scripts/v_next/train_v_next_mlp.py:133: PerformanceWarning: DataFrame is highly fragmented.  This is usually the result of calling `frame.insert` many times, which has poor performance.  Consider joining all columns at once using pd.concat(axis=1) instead. To get a de-fragmented frame, use `newframe = frame.copy()`
  out[f"feat_{i}"] = df[f"f{i}"]
/home/lilith/work/zen/zensim/scripts/v_next/train_v_next_mlp.py:133: PerformanceWarning: DataFrame is highly fragmented.  This is usually the result of calling `frame.insert` many times, which has poor performance.  Consider joining all columns at once using pd.concat(axis=1) instead. To get a de-fragmented frame, use `newframe = frame.copy()`
  out[f"feat_{i}"] = df[f"f{i}"]
/home/lilith/work/zen/zensim/scripts/v_next/train_v_next_mlp.py:133: PerformanceWarning: DataFrame is highly fragmented.  This is usually the result of calling `frame.insert` many times, which has poor performance.  Consider joining all columns at once using pd.concat(axis=1) instead. To get a de-fragmented frame, use `newframe = frame.copy()`
  out[f"feat_{i}"] = df[f"f{i}"]
/home/lilith/work/zen/zensim/scripts/v_next/train_v_next_mlp.py:133: PerformanceWarning: DataFrame is highly fragmented.  This is usually the result of calling `frame.insert` many times, which has poor performance.  Consider joining all columns at once using pd.concat(axis=1) instead. To get a de-fragmented frame, use `newframe = frame.copy()`
  out[f"feat_{i}"] = df[f"f{i}"]
/home/lilith/work/zen/zensim/scripts/v_next/train_v_next_mlp.py:133: PerformanceWarning: DataFrame is highly fragmented.  This is usually the result of calling `frame.insert` many times, which has poor performance.  Consider joining all columns at once using pd.concat(axis=1) instead. To get a de-fragmented frame, use `newframe = frame.copy()`
  out[f"feat_{i}"] = df[f"f{i}"]
/home/lilith/work/zen/zensim/scripts/v_next/train_v_next_mlp.py:133: PerformanceWarning: DataFrame is highly fragmented.  This is usually the result of calling `frame.insert` many times, which has poor performance.  Consider joining all columns at once using pd.concat(axis=1) instead. To get a de-fragmented frame, use `newframe = frame.copy()`
  out[f"feat_{i}"] = df[f"f{i}"]
/home/lilith/work/zen/zensim/scripts/v_next/train_v_next_mlp.py:133: PerformanceWarning: DataFrame is highly fragmented.  This is usually the result of calling `frame.insert` many times, which has poor performance.  Consider joining all columns at once using pd.concat(axis=1) instead. To get a de-fragmented frame, use `newframe = frame.copy()`
  out[f"feat_{i}"] = df[f"f{i}"]
/home/lilith/work/zen/zensim/scripts/v_next/train_v_next_mlp.py:133: PerformanceWarning: DataFrame is highly fragmented.  This is usually the result of calling `frame.insert` many times, which has poor performance.  Consider joining all columns at once using pd.concat(axis=1) instead. To get a de-fragmented frame, use `newframe = frame.copy()`
  out[f"feat_{i}"] = df[f"f{i}"]
/home/lilith/work/zen/zensim/scripts/v_next/train_v_next_mlp.py:133: PerformanceWarning: DataFrame is highly fragmented.  This is usually the result of calling `frame.insert` many times, which has poor performance.  Consider joining all columns at once using pd.concat(axis=1) instead. To get a de-fragmented frame, use `newframe = frame.copy()`
  out[f"feat_{i}"] = df[f"f{i}"]
/home/lilith/work/zen/zensim/scripts/v_next/train_v_next_mlp.py:133: PerformanceWarning: DataFrame is highly fragmented.  This is usually the result of calling `frame.insert` many times, which has poor performance.  Consider joining all columns at once using pd.concat(axis=1) instead. To get a de-fragmented frame, use `newframe = frame.copy()`
  out[f"feat_{i}"] = df[f"f{i}"]
/home/lilith/work/zen/zensim/scripts/v_next/train_v_next_mlp.py:133: PerformanceWarning: DataFrame is highly fragmented.  This is usually the result of calling `frame.insert` many times, which has poor performance.  Consider joining all columns at once using pd.concat(axis=1) instead. To get a de-fragmented frame, use `newframe = frame.copy()`
  out[f"feat_{i}"] = df[f"f{i}"]
/home/lilith/work/zen/zensim/scripts/v_next/train_v_next_mlp.py:133: PerformanceWarning: DataFrame is highly fragmented.  This is usually the result of calling `frame.insert` many times, which has poor performance.  Consider joining all columns at once using pd.concat(axis=1) instead. To get a de-fragmented frame, use `newframe = frame.copy()`
  out[f"feat_{i}"] = df[f"f{i}"]
/home/lilith/work/zen/zensim/scripts/v_next/train_v_next_mlp.py:133: PerformanceWarning: DataFrame is highly fragmented.  This is usually the result of calling `frame.insert` many times, which has poor performance.  Consider joining all columns at once using pd.concat(axis=1) instead. To get a de-fragmented frame, use `newframe = frame.copy()`
  out[f"feat_{i}"] = df[f"f{i}"]
/home/lilith/work/zen/zensim/scripts/v_next/train_v_next_mlp.py:133: PerformanceWarning: DataFrame is highly fragmented.  This is usually the result of calling `frame.insert` many times, which has poor performance.  Consider joining all columns at once using pd.concat(axis=1) instead. To get a de-fragmented frame, use `newframe = frame.copy()`
  out[f"feat_{i}"] = df[f"f{i}"]
/home/lilith/work/zen/zensim/scripts/v_next/train_v_next_mlp.py:133: PerformanceWarning: DataFrame is highly fragmented.  This is usually the result of calling `frame.insert` many times, which has poor performance.  Consider joining all columns at once using pd.concat(axis=1) instead. To get a de-fragmented frame, use `newframe = frame.copy()`
  out[f"feat_{i}"] = df[f"f{i}"]
/home/lilith/work/zen/zensim/scripts/v_next/train_v_next_mlp.py:133: PerformanceWarning: DataFrame is highly fragmented.  This is usually the result of calling `frame.insert` many times, which has poor performance.  Consider joining all columns at once using pd.concat(axis=1) instead. To get a de-fragmented frame, use `newframe = frame.copy()`
  out[f"feat_{i}"] = df[f"f{i}"]
/home/lilith/work/zen/zensim/scripts/v_next/train_v_next_mlp.py:133: PerformanceWarning: DataFrame is highly fragmented.  This is usually the result of calling `frame.insert` many times, which has poor performance.  Consider joining all columns at once using pd.concat(axis=1) instead. To get a de-fragmented frame, use `newframe = frame.copy()`
  out[f"feat_{i}"] = df[f"f{i}"]
/home/lilith/work/zen/zensim/scripts/v_next/train_v_next_mlp.py:133: PerformanceWarning: DataFrame is highly fragmented.  This is usually the result of calling `frame.insert` many times, which has poor performance.  Consider joining all columns at once using pd.concat(axis=1) instead. To get a de-fragmented frame, use `newframe = frame.copy()`
  out[f"feat_{i}"] = df[f"f{i}"]
/home/lilith/work/zen/zensim/scripts/v_next/train_v_next_mlp.py:133: PerformanceWarning: DataFrame is highly fragmented.  This is usually the result of calling `frame.insert` many times, which has poor performance.  Consider joining all columns at once using pd.concat(axis=1) instead. To get a de-fragmented frame, use `newframe = frame.copy()`
  out[f"feat_{i}"] = df[f"f{i}"]
/home/lilith/work/zen/zensim/scripts/v_next/train_v_next_mlp.py:133: PerformanceWarning: DataFrame is highly fragmented.  This is usually the result of calling `frame.insert` many times, which has poor performance.  Consider joining all columns at once using pd.concat(axis=1) instead. To get a de-fragmented frame, use `newframe = frame.copy()`
  out[f"feat_{i}"] = df[f"f{i}"]
/home/lilith/work/zen/zensim/scripts/v_next/train_v_next_mlp.py:133: PerformanceWarning: DataFrame is highly fragmented.  This is usually the result of calling `frame.insert` many times, which has poor performance.  Consider joining all columns at once using pd.concat(axis=1) instead. To get a de-fragmented frame, use `newframe = frame.copy()`
  out[f"feat_{i}"] = df[f"f{i}"]
/home/lilith/work/zen/zensim/scripts/v_next/train_v_next_mlp.py:133: PerformanceWarning: DataFrame is highly fragmented.  This is usually the result of calling `frame.insert` many times, which has poor performance.  Consider joining all columns at once using pd.concat(axis=1) instead. To get a de-fragmented frame, use `newframe = frame.copy()`
  out[f"feat_{i}"] = df[f"f{i}"]
/home/lilith/work/zen/zensim/scripts/v_next/train_v_next_mlp.py:133: PerformanceWarning: DataFrame is highly fragmented.  This is usually the result of calling `frame.insert` many times, which has poor performance.  Consider joining all columns at once using pd.concat(axis=1) instead. To get a de-fragmented frame, use `newframe = frame.copy()`
  out[f"feat_{i}"] = df[f"f{i}"]
/home/lilith/work/zen/zensim/scripts/v_next/train_v_next_mlp.py:133: PerformanceWarning: DataFrame is highly fragmented.  This is usually the result of calling `frame.insert` many times, which has poor performance.  Consider joining all columns at once using pd.concat(axis=1) instead. To get a de-fragmented frame, use `newframe = frame.copy()`
  out[f"feat_{i}"] = df[f"f{i}"]
/home/lilith/work/zen/zensim/scripts/v_next/train_v_next_mlp.py:133: PerformanceWarning: DataFrame is highly fragmented.  This is usually the result of calling `frame.insert` many times, which has poor performance.  Consider joining all columns at once using pd.concat(axis=1) instead. To get a de-fragmented frame, use `newframe = frame.copy()`
  out[f"feat_{i}"] = df[f"f{i}"]
/home/lilith/work/zen/zensim/scripts/v_next/train_v_next_mlp.py:133: PerformanceWarning: DataFrame is highly fragmented.  This is usually the result of calling `frame.insert` many times, which has poor performance.  Consider joining all columns at once using pd.concat(axis=1) instead. To get a de-fragmented frame, use `newframe = frame.copy()`
  out[f"feat_{i}"] = df[f"f{i}"]
/home/lilith/work/zen/zensim/scripts/v_next/train_v_next_mlp.py:133: PerformanceWarning: DataFrame is highly fragmented.  This is usually the result of calling `frame.insert` many times, which has poor performance.  Consider joining all columns at once using pd.concat(axis=1) instead. To get a de-fragmented frame, use `newframe = frame.copy()`
  out[f"feat_{i}"] = df[f"f{i}"]
/home/lilith/work/zen/zensim/scripts/v_next/train_v_next_mlp.py:133: PerformanceWarning: DataFrame is highly fragmented.  This is usually the result of calling `frame.insert` many times, which has poor performance.  Consider joining all columns at once using pd.concat(axis=1) instead. To get a de-fragmented frame, use `newframe = frame.copy()`
  out[f"feat_{i}"] = df[f"f{i}"]
/home/lilith/work/zen/zensim/scripts/v_next/train_v_next_mlp.py:133: PerformanceWarning: DataFrame is highly fragmented.  This is usually the result of calling `frame.insert` many times, which has poor performance.  Consider joining all columns at once using pd.concat(axis=1) instead. To get a de-fragmented frame, use `newframe = frame.copy()`
  out[f"feat_{i}"] = df[f"f{i}"]
/home/lilith/work/zen/zensim/scripts/v_next/train_v_next_mlp.py:133: PerformanceWarning: DataFrame is highly fragmented.  This is usually the result of calling `frame.insert` many times, which has poor performance.  Consider joining all columns at once using pd.concat(axis=1) instead. To get a de-fragmented frame, use `newframe = frame.copy()`
  out[f"feat_{i}"] = df[f"f{i}"]
/home/lilith/work/zen/zensim/scripts/v_next/train_v_next_mlp.py:133: PerformanceWarning: DataFrame is highly fragmented.  This is usually the result of calling `frame.insert` many times, which has poor performance.  Consider joining all columns at once using pd.concat(axis=1) instead. To get a de-fragmented frame, use `newframe = frame.copy()`
  out[f"feat_{i}"] = df[f"f{i}"]
/home/lilith/work/zen/zensim/scripts/v_next/train_v_next_mlp.py:133: PerformanceWarning: DataFrame is highly fragmented.  This is usually the result of calling `frame.insert` many times, which has poor performance.  Consider joining all columns at once using pd.concat(axis=1) instead. To get a de-fragmented frame, use `newframe = frame.copy()`
  out[f"feat_{i}"] = df[f"f{i}"]
/home/lilith/work/zen/zensim/scripts/v_next/train_v_next_mlp.py:133: PerformanceWarning: DataFrame is highly fragmented.  This is usually the result of calling `frame.insert` many times, which has poor performance.  Consider joining all columns at once using pd.concat(axis=1) instead. To get a de-fragmented frame, use `newframe = frame.copy()`
  out[f"feat_{i}"] = df[f"f{i}"]
/home/lilith/work/zen/zensim/scripts/v_next/train_v_next_mlp.py:133: PerformanceWarning: DataFrame is highly fragmented.  This is usually the result of calling `frame.insert` many times, which has poor performance.  Consider joining all columns at once using pd.concat(axis=1) instead. To get a de-fragmented frame, use `newframe = frame.copy()`
  out[f"feat_{i}"] = df[f"f{i}"]
/home/lilith/work/zen/zensim/scripts/v_next/train_v_next_mlp.py:133: PerformanceWarning: DataFrame is highly fragmented.  This is usually the result of calling `frame.insert` many times, which has poor performance.  Consider joining all columns at once using pd.concat(axis=1) instead. To get a de-fragmented frame, use `newframe = frame.copy()`
  out[f"feat_{i}"] = df[f"f{i}"]
/home/lilith/work/zen/zensim/scripts/v_next/train_v_next_mlp.py:133: PerformanceWarning: DataFrame is highly fragmented.  This is usually the result of calling `frame.insert` many times, which has poor performance.  Consider joining all columns at once using pd.concat(axis=1) instead. To get a de-fragmented frame, use `newframe = frame.copy()`
  out[f"feat_{i}"] = df[f"f{i}"]
/home/lilith/work/zen/zensim/scripts/v_next/train_v_next_mlp.py:133: PerformanceWarning: DataFrame is highly fragmented.  This is usually the result of calling `frame.insert` many times, which has poor performance.  Consider joining all columns at once using pd.concat(axis=1) instead. To get a de-fragmented frame, use `newframe = frame.copy()`
  out[f"feat_{i}"] = df[f"f{i}"]
/home/lilith/work/zen/zensim/scripts/v_next/train_v_next_mlp.py:133: PerformanceWarning: DataFrame is highly fragmented.  This is usually the result of calling `frame.insert` many times, which has poor performance.  Consider joining all columns at once using pd.concat(axis=1) instead. To get a de-fragmented frame, use `newframe = frame.copy()`
  out[f"feat_{i}"] = df[f"f{i}"]
/home/lilith/work/zen/zensim/scripts/v_next/train_v_next_mlp.py:133: PerformanceWarning: DataFrame is highly fragmented.  This is usually the result of calling `frame.insert` many times, which has poor performance.  Consider joining all columns at once using pd.concat(axis=1) instead. To get a de-fragmented frame, use `newframe = frame.copy()`
  out[f"feat_{i}"] = df[f"f{i}"]
/home/lilith/work/zen/zensim/scripts/v_next/train_v_next_mlp.py:133: PerformanceWarning: DataFrame is highly fragmented.  This is usually the result of calling `frame.insert` many times, which has poor performance.  Consider joining all columns at once using pd.concat(axis=1) instead. To get a de-fragmented frame, use `newframe = frame.copy()`
  out[f"feat_{i}"] = df[f"f{i}"]
/home/lilith/work/zen/zensim/scripts/v_next/train_v_next_mlp.py:133: PerformanceWarning: DataFrame is highly fragmented.  This is usually the result of calling `frame.insert` many times, which has poor performance.  Consider joining all columns at once using pd.concat(axis=1) instead. To get a de-fragmented frame, use `newframe = frame.copy()`
  out[f"feat_{i}"] = df[f"f{i}"]
/home/lilith/work/zen/zensim/scripts/v_next/train_v_next_mlp.py:133: PerformanceWarning: DataFrame is highly fragmented.  This is usually the result of calling `frame.insert` many times, which has poor performance.  Consider joining all columns at once using pd.concat(axis=1) instead. To get a de-fragmented frame, use `newframe = frame.copy()`
  out[f"feat_{i}"] = df[f"f{i}"]
/home/lilith/work/zen/zensim/scripts/v_next/train_v_next_mlp.py:133: PerformanceWarning: DataFrame is highly fragmented.  This is usually the result of calling `frame.insert` many times, which has poor performance.  Consider joining all columns at once using pd.concat(axis=1) instead. To get a de-fragmented frame, use `newframe = frame.copy()`
  out[f"feat_{i}"] = df[f"f{i}"]
/home/lilith/work/zen/zensim/scripts/v_next/train_v_next_mlp.py:133: PerformanceWarning: DataFrame is highly fragmented.  This is usually the result of calling `frame.insert` many times, which has poor performance.  Consider joining all columns at once using pd.concat(axis=1) instead. To get a de-fragmented frame, use `newframe = frame.copy()`
  out[f"feat_{i}"] = df[f"f{i}"]
/home/lilith/work/zen/zensim/scripts/v_next/train_v_next_mlp.py:133: PerformanceWarning: DataFrame is highly fragmented.  This is usually the result of calling `frame.insert` many times, which has poor performance.  Consider joining all columns at once using pd.concat(axis=1) instead. To get a de-fragmented frame, use `newframe = frame.copy()`
  out[f"feat_{i}"] = df[f"f{i}"]
/home/lilith/work/zen/zensim/scripts/v_next/train_v_next_mlp.py:133: PerformanceWarning: DataFrame is highly fragmented.  This is usually the result of calling `frame.insert` many times, which has poor performance.  Consider joining all columns at once using pd.concat(axis=1) instead. To get a de-fragmented frame, use `newframe = frame.copy()`
  out[f"feat_{i}"] = df[f"f{i}"]
/home/lilith/work/zen/zensim/scripts/v_next/train_v_next_mlp.py:133: PerformanceWarning: DataFrame is highly fragmented.  This is usually the result of calling `frame.insert` many times, which has poor performance.  Consider joining all columns at once using pd.concat(axis=1) instead. To get a de-fragmented frame, use `newframe = frame.copy()`
  out[f"feat_{i}"] = df[f"f{i}"]
/home/lilith/work/zen/zensim/scripts/v_next/train_v_next_mlp.py:133: PerformanceWarning: DataFrame is highly fragmented.  This is usually the result of calling `frame.insert` many times, which has poor performance.  Consider joining all columns at once using pd.concat(axis=1) instead. To get a de-fragmented frame, use `newframe = frame.copy()`
  out[f"feat_{i}"] = df[f"f{i}"]
/home/lilith/work/zen/zensim/scripts/v_next/train_v_next_mlp.py:133: PerformanceWarning: DataFrame is highly fragmented.  This is usually the result of calling `frame.insert` many times, which has poor performance.  Consider joining all columns at once using pd.concat(axis=1) instead. To get a de-fragmented frame, use `newframe = frame.copy()`
  out[f"feat_{i}"] = df[f"f{i}"]
/home/lilith/work/zen/zensim/scripts/v_next/train_v_next_mlp.py:133: PerformanceWarning: DataFrame is highly fragmented.  This is usually the result of calling `frame.insert` many times, which has poor performance.  Consider joining all columns at once using pd.concat(axis=1) instead. To get a de-fragmented frame, use `newframe = frame.copy()`
  out[f"feat_{i}"] = df[f"f{i}"]
/home/lilith/work/zen/zensim/scripts/v_next/train_v_next_mlp.py:133: PerformanceWarning: DataFrame is highly fragmented.  This is usually the result of calling `frame.insert` many times, which has poor performance.  Consider joining all columns at once using pd.concat(axis=1) instead. To get a de-fragmented frame, use `newframe = frame.copy()`
  out[f"feat_{i}"] = df[f"f{i}"]
/home/lilith/work/zen/zensim/scripts/v_next/train_v_next_mlp.py:133: PerformanceWarning: DataFrame is highly fragmented.  This is usually the result of calling `frame.insert` many times, which has poor performance.  Consider joining all columns at once using pd.concat(axis=1) instead. To get a de-fragmented frame, use `newframe = frame.copy()`
  out[f"feat_{i}"] = df[f"f{i}"]
/home/lilith/work/zen/zensim/scripts/v_next/train_v_next_mlp.py:133: PerformanceWarning: DataFrame is highly fragmented.  This is usually the result of calling `frame.insert` many times, which has poor performance.  Consider joining all columns at once using pd.concat(axis=1) instead. To get a de-fragmented frame, use `newframe = frame.copy()`
  out[f"feat_{i}"] = df[f"f{i}"]
/home/lilith/work/zen/zensim/scripts/v_next/train_v_next_mlp.py:133: PerformanceWarning: DataFrame is highly fragmented.  This is usually the result of calling `frame.insert` many times, which has poor performance.  Consider joining all columns at once using pd.concat(axis=1) instead. To get a de-fragmented frame, use `newframe = frame.copy()`
  out[f"feat_{i}"] = df[f"f{i}"]
/home/lilith/work/zen/zensim/scripts/v_next/train_v_next_mlp.py:133: PerformanceWarning: DataFrame is highly fragmented.  This is usually the result of calling `frame.insert` many times, which has poor performance.  Consider joining all columns at once using pd.concat(axis=1) instead. To get a de-fragmented frame, use `newframe = frame.copy()`
  out[f"feat_{i}"] = df[f"f{i}"]
/home/lilith/work/zen/zensim/scripts/v_next/train_v_next_mlp.py:133: PerformanceWarning: DataFrame is highly fragmented.  This is usually the result of calling `frame.insert` many times, which has poor performance.  Consider joining all columns at once using pd.concat(axis=1) instead. To get a de-fragmented frame, use `newframe = frame.copy()`
  out[f"feat_{i}"] = df[f"f{i}"]
/home/lilith/work/zen/zensim/scripts/v_next/train_v_next_mlp.py:133: PerformanceWarning: DataFrame is highly fragmented.  This is usually the result of calling `frame.insert` many times, which has poor performance.  Consider joining all columns at once using pd.concat(axis=1) instead. To get a de-fragmented frame, use `newframe = frame.copy()`
  out[f"feat_{i}"] = df[f"f{i}"]
/home/lilith/work/zen/zensim/scripts/v_next/train_v_next_mlp.py:133: PerformanceWarning: DataFrame is highly fragmented.  This is usually the result of calling `frame.insert` many times, which has poor performance.  Consider joining all columns at once using pd.concat(axis=1) instead. To get a de-fragmented frame, use `newframe = frame.copy()`
  out[f"feat_{i}"] = df[f"f{i}"]
/home/lilith/work/zen/zensim/scripts/v_next/train_v_next_mlp.py:133: PerformanceWarning: DataFrame is highly fragmented.  This is usually the result of calling `frame.insert` many times, which has poor performance.  Consider joining all columns at once using pd.concat(axis=1) instead. To get a de-fragmented frame, use `newframe = frame.copy()`
  out[f"feat_{i}"] = df[f"f{i}"]
/home/lilith/work/zen/zensim/scripts/v_next/train_v_next_mlp.py:133: PerformanceWarning: DataFrame is highly fragmented.  This is usually the result of calling `frame.insert` many times, which has poor performance.  Consider joining all columns at once using pd.concat(axis=1) instead. To get a de-fragmented frame, use `newframe = frame.copy()`
  out[f"feat_{i}"] = df[f"f{i}"]
/home/lilith/work/zen/zensim/scripts/v_next/train_v_next_mlp.py:133: PerformanceWarning: DataFrame is highly fragmented.  This is usually the result of calling `frame.insert` many times, which has poor performance.  Consider joining all columns at once using pd.concat(axis=1) instead. To get a de-fragmented frame, use `newframe = frame.copy()`
  out[f"feat_{i}"] = df[f"f{i}"]
/home/lilith/work/zen/zensim/scripts/v_next/train_v_next_mlp.py:133: PerformanceWarning: DataFrame is highly fragmented.  This is usually the result of calling `frame.insert` many times, which has poor performance.  Consider joining all columns at once using pd.concat(axis=1) instead. To get a de-fragmented frame, use `newframe = frame.copy()`
  out[f"feat_{i}"] = df[f"f{i}"]
/home/lilith/work/zen/zensim/scripts/v_next/train_v_next_mlp.py:133: PerformanceWarning: DataFrame is highly fragmented.  This is usually the result of calling `frame.insert` many times, which has poor performance.  Consider joining all columns at once using pd.concat(axis=1) instead. To get a de-fragmented frame, use `newframe = frame.copy()`
  out[f"feat_{i}"] = df[f"f{i}"]
/home/lilith/work/zen/zensim/scripts/v_next/train_v_next_mlp.py:133: PerformanceWarning: DataFrame is highly fragmented.  This is usually the result of calling `frame.insert` many times, which has poor performance.  Consider joining all columns at once using pd.concat(axis=1) instead. To get a de-fragmented frame, use `newframe = frame.copy()`
  out[f"feat_{i}"] = df[f"f{i}"]
/home/lilith/work/zen/zensim/scripts/v_next/train_v_next_mlp.py:133: PerformanceWarning: DataFrame is highly fragmented.  This is usually the result of calling `frame.insert` many times, which has poor performance.  Consider joining all columns at once using pd.concat(axis=1) instead. To get a de-fragmented frame, use `newframe = frame.copy()`
  out[f"feat_{i}"] = df[f"f{i}"]
/home/lilith/work/zen/zensim/scripts/v_next/train_v_next_mlp.py:133: PerformanceWarning: DataFrame is highly fragmented.  This is usually the result of calling `frame.insert` many times, which has poor performance.  Consider joining all columns at once using pd.concat(axis=1) instead. To get a de-fragmented frame, use `newframe = frame.copy()`
  out[f"feat_{i}"] = df[f"f{i}"]
/home/lilith/work/zen/zensim/scripts/v_next/train_v_next_mlp.py:133: PerformanceWarning: DataFrame is highly fragmented.  This is usually the result of calling `frame.insert` many times, which has poor performance.  Consider joining all columns at once using pd.concat(axis=1) instead. To get a de-fragmented frame, use `newframe = frame.copy()`
  out[f"feat_{i}"] = df[f"f{i}"]
/home/lilith/work/zen/zensim/scripts/v_next/train_v_next_mlp.py:133: PerformanceWarning: DataFrame is highly fragmented.  This is usually the result of calling `frame.insert` many times, which has poor performance.  Consider joining all columns at once using pd.concat(axis=1) instead. To get a de-fragmented frame, use `newframe = frame.copy()`
  out[f"feat_{i}"] = df[f"f{i}"]
/home/lilith/work/zen/zensim/scripts/v_next/train_v_next_mlp.py:133: PerformanceWarning: DataFrame is highly fragmented.  This is usually the result of calling `frame.insert` many times, which has poor performance.  Consider joining all columns at once using pd.concat(axis=1) instead. To get a de-fragmented frame, use `newframe = frame.copy()`
  out[f"feat_{i}"] = df[f"f{i}"]
/home/lilith/work/zen/zensim/scripts/v_next/train_v_next_mlp.py:133: PerformanceWarning: DataFrame is highly fragmented.  This is usually the result of calling `frame.insert` many times, which has poor performance.  Consider joining all columns at once using pd.concat(axis=1) instead. To get a de-fragmented frame, use `newframe = frame.copy()`
  out[f"feat_{i}"] = df[f"f{i}"]
/home/lilith/work/zen/zensim/scripts/v_next/train_v_next_mlp.py:133: PerformanceWarning: DataFrame is highly fragmented.  This is usually the result of calling `frame.insert` many times, which has poor performance.  Consider joining all columns at once using pd.concat(axis=1) instead. To get a de-fragmented frame, use `newframe = frame.copy()`
  out[f"feat_{i}"] = df[f"f{i}"]
/home/lilith/work/zen/zensim/scripts/v_next/train_v_next_mlp.py:133: PerformanceWarning: DataFrame is highly fragmented.  This is usually the result of calling `frame.insert` many times, which has poor performance.  Consider joining all columns at once using pd.concat(axis=1) instead. To get a de-fragmented frame, use `newframe = frame.copy()`
  out[f"feat_{i}"] = df[f"f{i}"]
/home/lilith/work/zen/zensim/scripts/v_next/train_v_next_mlp.py:133: PerformanceWarning: DataFrame is highly fragmented.  This is usually the result of calling `frame.insert` many times, which has poor performance.  Consider joining all columns at once using pd.concat(axis=1) instead. To get a de-fragmented frame, use `newframe = frame.copy()`
  out[f"feat_{i}"] = df[f"f{i}"]
/home/lilith/work/zen/zensim/scripts/v_next/train_v_next_mlp.py:133: PerformanceWarning: DataFrame is highly fragmented.  This is usually the result of calling `frame.insert` many times, which has poor performance.  Consider joining all columns at once using pd.concat(axis=1) instead. To get a de-fragmented frame, use `newframe = frame.copy()`
  out[f"feat_{i}"] = df[f"f{i}"]
/home/lilith/work/zen/zensim/scripts/v_next/train_v_next_mlp.py:133: PerformanceWarning: DataFrame is highly fragmented.  This is usually the result of calling `frame.insert` many times, which has poor performance.  Consider joining all columns at once using pd.concat(axis=1) instead. To get a de-fragmented frame, use `newframe = frame.copy()`
  out[f"feat_{i}"] = df[f"f{i}"]
/home/lilith/work/zen/zensim/scripts/v_next/train_v_next_mlp.py:133: PerformanceWarning: DataFrame is highly fragmented.  This is usually the result of calling `frame.insert` many times, which has poor performance.  Consider joining all columns at once using pd.concat(axis=1) instead. To get a de-fragmented frame, use `newframe = frame.copy()`
  out[f"feat_{i}"] = df[f"f{i}"]
/home/lilith/work/zen/zensim/scripts/v_next/train_v_next_mlp.py:133: PerformanceWarning: DataFrame is highly fragmented.  This is usually the result of calling `frame.insert` many times, which has poor performance.  Consider joining all columns at once using pd.concat(axis=1) instead. To get a de-fragmented frame, use `newframe = frame.copy()`
  out[f"feat_{i}"] = df[f"f{i}"]
/home/lilith/work/zen/zensim/scripts/v_next/train_v_next_mlp.py:133: PerformanceWarning: DataFrame is highly fragmented.  This is usually the result of calling `frame.insert` many times, which has poor performance.  Consider joining all columns at once using pd.concat(axis=1) instead. To get a de-fragmented frame, use `newframe = frame.copy()`
  out[f"feat_{i}"] = df[f"f{i}"]
/home/lilith/work/zen/zensim/scripts/v_next/train_v_next_mlp.py:133: PerformanceWarning: DataFrame is highly fragmented.  This is usually the result of calling `frame.insert` many times, which has poor performance.  Consider joining all columns at once using pd.concat(axis=1) instead. To get a de-fragmented frame, use `newframe = frame.copy()`
  out[f"feat_{i}"] = df[f"f{i}"]
/home/lilith/work/zen/zensim/scripts/v_next/train_v_next_mlp.py:133: PerformanceWarning: DataFrame is highly fragmented.  This is usually the result of calling `frame.insert` many times, which has poor performance.  Consider joining all columns at once using pd.concat(axis=1) instead. To get a de-fragmented frame, use `newframe = frame.copy()`
  out[f"feat_{i}"] = df[f"f{i}"]
/home/lilith/work/zen/zensim/scripts/v_next/train_v_next_mlp.py:133: PerformanceWarning: DataFrame is highly fragmented.  This is usually the result of calling `frame.insert` many times, which has poor performance.  Consider joining all columns at once using pd.concat(axis=1) instead. To get a de-fragmented frame, use `newframe = frame.copy()`
  out[f"feat_{i}"] = df[f"f{i}"]
/home/lilith/work/zen/zensim/scripts/v_next/train_v_next_mlp.py:133: PerformanceWarning: DataFrame is highly fragmented.  This is usually the result of calling `frame.insert` many times, which has poor performance.  Consider joining all columns at once using pd.concat(axis=1) instead. To get a de-fragmented frame, use `newframe = frame.copy()`
  out[f"feat_{i}"] = df[f"f{i}"]
/home/lilith/work/zen/zensim/scripts/v_next/train_v_next_mlp.py:133: PerformanceWarning: DataFrame is highly fragmented.  This is usually the result of calling `frame.insert` many times, which has poor performance.  Consider joining all columns at once using pd.concat(axis=1) instead. To get a de-fragmented frame, use `newframe = frame.copy()`
  out[f"feat_{i}"] = df[f"f{i}"]
/home/lilith/work/zen/zensim/scripts/v_next/train_v_next_mlp.py:133: PerformanceWarning: DataFrame is highly fragmented.  This is usually the result of calling `frame.insert` many times, which has poor performance.  Consider joining all columns at once using pd.concat(axis=1) instead. To get a de-fragmented frame, use `newframe = frame.copy()`
  out[f"feat_{i}"] = df[f"f{i}"]
/home/lilith/work/zen/zensim/scripts/v_next/train_v_next_mlp.py:133: PerformanceWarning: DataFrame is highly fragmented.  This is usually the result of calling `frame.insert` many times, which has poor performance.  Consider joining all columns at once using pd.concat(axis=1) instead. To get a de-fragmented frame, use `newframe = frame.copy()`
  out[f"feat_{i}"] = df[f"f{i}"]
/home/lilith/work/zen/zensim/scripts/v_next/train_v_next_mlp.py:133: PerformanceWarning: DataFrame is highly fragmented.  This is usually the result of calling `frame.insert` many times, which has poor performance.  Consider joining all columns at once using pd.concat(axis=1) instead. To get a de-fragmented frame, use `newframe = frame.copy()`
  out[f"feat_{i}"] = df[f"f{i}"]
/home/lilith/work/zen/zensim/scripts/v_next/train_v_next_mlp.py:133: PerformanceWarning: DataFrame is highly fragmented.  This is usually the result of calling `frame.insert` many times, which has poor performance.  Consider joining all columns at once using pd.concat(axis=1) instead. To get a de-fragmented frame, use `newframe = frame.copy()`
  out[f"feat_{i}"] = df[f"f{i}"]
/home/lilith/work/zen/zensim/scripts/v_next/train_v_next_mlp.py:133: PerformanceWarning: DataFrame is highly fragmented.  This is usually the result of calling `frame.insert` many times, which has poor performance.  Consider joining all columns at once using pd.concat(axis=1) instead. To get a de-fragmented frame, use `newframe = frame.copy()`
  out[f"feat_{i}"] = df[f"f{i}"]
/home/lilith/work/zen/zensim/scripts/v_next/train_v_next_mlp.py:133: PerformanceWarning: DataFrame is highly fragmented.  This is usually the result of calling `frame.insert` many times, which has poor performance.  Consider joining all columns at once using pd.concat(axis=1) instead. To get a de-fragmented frame, use `newframe = frame.copy()`
  out[f"feat_{i}"] = df[f"f{i}"]
/home/lilith/work/zen/zensim/scripts/v_next/train_v_next_mlp.py:133: PerformanceWarning: DataFrame is highly fragmented.  This is usually the result of calling `frame.insert` many times, which has poor performance.  Consider joining all columns at once using pd.concat(axis=1) instead. To get a de-fragmented frame, use `newframe = frame.copy()`
  out[f"feat_{i}"] = df[f"f{i}"]
/home/lilith/work/zen/zensim/scripts/v_next/train_v_next_mlp.py:133: PerformanceWarning: DataFrame is highly fragmented.  This is usually the result of calling `frame.insert` many times, which has poor performance.  Consider joining all columns at once using pd.concat(axis=1) instead. To get a de-fragmented frame, use `newframe = frame.copy()`
  out[f"feat_{i}"] = df[f"f{i}"]
/home/lilith/work/zen/zensim/scripts/v_next/train_v_next_mlp.py:133: PerformanceWarning: DataFrame is highly fragmented.  This is usually the result of calling `frame.insert` many times, which has poor performance.  Consider joining all columns at once using pd.concat(axis=1) instead. To get a de-fragmented frame, use `newframe = frame.copy()`
  out[f"feat_{i}"] = df[f"f{i}"]
/home/lilith/work/zen/zensim/scripts/v_next/train_v_next_mlp.py:133: PerformanceWarning: DataFrame is highly fragmented.  This is usually the result of calling `frame.insert` many times, which has poor performance.  Consider joining all columns at once using pd.concat(axis=1) instead. To get a de-fragmented frame, use `newframe = frame.copy()`
  out[f"feat_{i}"] = df[f"f{i}"]
/home/lilith/work/zen/zensim/scripts/v_next/train_v_next_mlp.py:133: PerformanceWarning: DataFrame is highly fragmented.  This is usually the result of calling `frame.insert` many times, which has poor performance.  Consider joining all columns at once using pd.concat(axis=1) instead. To get a de-fragmented frame, use `newframe = frame.copy()`
  out[f"feat_{i}"] = df[f"f{i}"]
/home/lilith/work/zen/zensim/scripts/v_next/train_v_next_mlp.py:133: PerformanceWarning: DataFrame is highly fragmented.  This is usually the result of calling `frame.insert` many times, which has poor performance.  Consider joining all columns at once using pd.concat(axis=1) instead. To get a de-fragmented frame, use `newframe = frame.copy()`
  out[f"feat_{i}"] = df[f"f{i}"]
/home/lilith/work/zen/zensim/scripts/v_next/train_v_next_mlp.py:133: PerformanceWarning: DataFrame is highly fragmented.  This is usually the result of calling `frame.insert` many times, which has poor performance.  Consider joining all columns at once using pd.concat(axis=1) instead. To get a de-fragmented frame, use `newframe = frame.copy()`
  out[f"feat_{i}"] = df[f"f{i}"]
/home/lilith/work/zen/zensim/scripts/v_next/train_v_next_mlp.py:133: PerformanceWarning: DataFrame is highly fragmented.  This is usually the result of calling `frame.insert` many times, which has poor performance.  Consider joining all columns at once using pd.concat(axis=1) instead. To get a de-fragmented frame, use `newframe = frame.copy()`
  out[f"feat_{i}"] = df[f"f{i}"]
/home/lilith/work/zen/zensim/scripts/v_next/train_v_next_mlp.py:133: PerformanceWarning: DataFrame is highly fragmented.  This is usually the result of calling `frame.insert` many times, which has poor performance.  Consider joining all columns at once using pd.concat(axis=1) instead. To get a de-fragmented frame, use `newframe = frame.copy()`
  out[f"feat_{i}"] = df[f"f{i}"]
/home/lilith/work/zen/zensim/scripts/v_next/train_v_next_mlp.py:133: PerformanceWarning: DataFrame is highly fragmented.  This is usually the result of calling `frame.insert` many times, which has poor performance.  Consider joining all columns at once using pd.concat(axis=1) instead. To get a de-fragmented frame, use `newframe = frame.copy()`
  out[f"feat_{i}"] = df[f"f{i}"]
/home/lilith/work/zen/zensim/scripts/v_next/train_v_next_mlp.py:133: PerformanceWarning: DataFrame is highly fragmented.  This is usually the result of calling `frame.insert` many times, which has poor performance.  Consider joining all columns at once using pd.concat(axis=1) instead. To get a de-fragmented frame, use `newframe = frame.copy()`
  out[f"feat_{i}"] = df[f"f{i}"]
/home/lilith/work/zen/zensim/scripts/v_next/train_v_next_mlp.py:133: PerformanceWarning: DataFrame is highly fragmented.  This is usually the result of calling `frame.insert` many times, which has poor performance.  Consider joining all columns at once using pd.concat(axis=1) instead. To get a de-fragmented frame, use `newframe = frame.copy()`
  out[f"feat_{i}"] = df[f"f{i}"]
/home/lilith/work/zen/zensim/scripts/v_next/train_v_next_mlp.py:133: PerformanceWarning: DataFrame is highly fragmented.  This is usually the result of calling `frame.insert` many times, which has poor performance.  Consider joining all columns at once using pd.concat(axis=1) instead. To get a de-fragmented frame, use `newframe = frame.copy()`
  out[f"feat_{i}"] = df[f"f{i}"]
/home/lilith/work/zen/zensim/scripts/v_next/train_v_next_mlp.py:133: PerformanceWarning: DataFrame is highly fragmented.  This is usually the result of calling `frame.insert` many times, which has poor performance.  Consider joining all columns at once using pd.concat(axis=1) instead. To get a de-fragmented frame, use `newframe = frame.copy()`
  out[f"feat_{i}"] = df[f"f{i}"]
/home/lilith/work/zen/zensim/scripts/v_next/train_v_next_mlp.py:133: PerformanceWarning: DataFrame is highly fragmented.  This is usually the result of calling `frame.insert` many times, which has poor performance.  Consider joining all columns at once using pd.concat(axis=1) instead. To get a de-fragmented frame, use `newframe = frame.copy()`
  out[f"feat_{i}"] = df[f"f{i}"]
/home/lilith/work/zen/zensim/scripts/v_next/train_v_next_mlp.py:133: PerformanceWarning: DataFrame is highly fragmented.  This is usually the result of calling `frame.insert` many times, which has poor performance.  Consider joining all columns at once using pd.concat(axis=1) instead. To get a de-fragmented frame, use `newframe = frame.copy()`
  out[f"feat_{i}"] = df[f"f{i}"]
/home/lilith/work/zen/zensim/scripts/v_next/train_v_next_mlp.py:133: PerformanceWarning: DataFrame is highly fragmented.  This is usually the result of calling `frame.insert` many times, which has poor performance.  Consider joining all columns at once using pd.concat(axis=1) instead. To get a de-fragmented frame, use `newframe = frame.copy()`
  out[f"feat_{i}"] = df[f"f{i}"]
/home/lilith/work/zen/zensim/scripts/v_next/train_v_next_mlp.py:133: PerformanceWarning: DataFrame is highly fragmented.  This is usually the result of calling `frame.insert` many times, which has poor performance.  Consider joining all columns at once using pd.concat(axis=1) instead. To get a de-fragmented frame, use `newframe = frame.copy()`
  out[f"feat_{i}"] = df[f"f{i}"]
/home/lilith/work/zen/zensim/scripts/v_next/train_v_next_mlp.py:133: PerformanceWarning: DataFrame is highly fragmented.  This is usually the result of calling `frame.insert` many times, which has poor performance.  Consider joining all columns at once using pd.concat(axis=1) instead. To get a de-fragmented frame, use `newframe = frame.copy()`
  out[f"feat_{i}"] = df[f"f{i}"]
/home/lilith/work/zen/zensim/scripts/v_next/train_v_next_mlp.py:133: PerformanceWarning: DataFrame is highly fragmented.  This is usually the result of calling `frame.insert` many times, which has poor performance.  Consider joining all columns at once using pd.concat(axis=1) instead. To get a de-fragmented frame, use `newframe = frame.copy()`
  out[f"feat_{i}"] = df[f"f{i}"]
/home/lilith/work/zen/zensim/scripts/v_next/train_v_next_mlp.py:133: PerformanceWarning: DataFrame is highly fragmented.  This is usually the result of calling `frame.insert` many times, which has poor performance.  Consider joining all columns at once using pd.concat(axis=1) instead. To get a de-fragmented frame, use `newframe = frame.copy()`
  out[f"feat_{i}"] = df[f"f{i}"]
/home/lilith/work/zen/zensim/scripts/v_next/train_v_next_mlp.py:133: PerformanceWarning: DataFrame is highly fragmented.  This is usually the result of calling `frame.insert` many times, which has poor performance.  Consider joining all columns at once using pd.concat(axis=1) instead. To get a de-fragmented frame, use `newframe = frame.copy()`
  out[f"feat_{i}"] = df[f"f{i}"]
/home/lilith/work/zen/zensim/scripts/v_next/train_v_next_mlp.py:133: PerformanceWarning: DataFrame is highly fragmented.  This is usually the result of calling `frame.insert` many times, which has poor performance.  Consider joining all columns at once using pd.concat(axis=1) instead. To get a de-fragmented frame, use `newframe = frame.copy()`
  out[f"feat_{i}"] = df[f"f{i}"]
/home/lilith/work/zen/zensim/scripts/v_next/train_v_next_mlp.py:133: PerformanceWarning: DataFrame is highly fragmented.  This is usually the result of calling `frame.insert` many times, which has poor performance.  Consider joining all columns at once using pd.concat(axis=1) instead. To get a de-fragmented frame, use `newframe = frame.copy()`
  out[f"feat_{i}"] = df[f"f{i}"]
/home/lilith/work/zen/zensim/scripts/v_next/train_v_next_mlp.py:133: PerformanceWarning: DataFrame is highly fragmented.  This is usually the result of calling `frame.insert` many times, which has poor performance.  Consider joining all columns at once using pd.concat(axis=1) instead. To get a de-fragmented frame, use `newframe = frame.copy()`
  out[f"feat_{i}"] = df[f"f{i}"]
/home/lilith/work/zen/zensim/scripts/v_next/train_v_next_mlp.py:133: PerformanceWarning: DataFrame is highly fragmented.  This is usually the result of calling `frame.insert` many times, which has poor performance.  Consider joining all columns at once using pd.concat(axis=1) instead. To get a de-fragmented frame, use `newframe = frame.copy()`
  out[f"feat_{i}"] = df[f"f{i}"]
/home/lilith/work/zen/zensim/scripts/v_next/train_v_next_mlp.py:133: PerformanceWarning: DataFrame is highly fragmented.  This is usually the result of calling `frame.insert` many times, which has poor performance.  Consider joining all columns at once using pd.concat(axis=1) instead. To get a de-fragmented frame, use `newframe = frame.copy()`
  out[f"feat_{i}"] = df[f"f{i}"]
/home/lilith/work/zen/zensim/scripts/v_next/train_v_next_mlp.py:133: PerformanceWarning: DataFrame is highly fragmented.  This is usually the result of calling `frame.insert` many times, which has poor performance.  Consider joining all columns at once using pd.concat(axis=1) instead. To get a de-fragmented frame, use `newframe = frame.copy()`
  out[f"feat_{i}"] = df[f"f{i}"]
/home/lilith/work/zen/zensim/scripts/v_next/train_v_next_mlp.py:133: PerformanceWarning: DataFrame is highly fragmented.  This is usually the result of calling `frame.insert` many times, which has poor performance.  Consider joining all columns at once using pd.concat(axis=1) instead. To get a de-fragmented frame, use `newframe = frame.copy()`
  out[f"feat_{i}"] = df[f"f{i}"]
/home/lilith/work/zen/zensim/scripts/v_next/train_v_next_mlp.py:133: PerformanceWarning: DataFrame is highly fragmented.  This is usually the result of calling `frame.insert` many times, which has poor performance.  Consider joining all columns at once using pd.concat(axis=1) instead. To get a de-fragmented frame, use `newframe = frame.copy()`
  out[f"feat_{i}"] = df[f"f{i}"]
/home/lilith/work/zen/zensim/scripts/v_next/train_v_next_mlp.py:133: PerformanceWarning: DataFrame is highly fragmented.  This is usually the result of calling `frame.insert` many times, which has poor performance.  Consider joining all columns at once using pd.concat(axis=1) instead. To get a de-fragmented frame, use `newframe = frame.copy()`
  out[f"feat_{i}"] = df[f"f{i}"]
/home/lilith/work/zen/zensim/scripts/v_next/train_v_next_mlp.py:133: PerformanceWarning: DataFrame is highly fragmented.  This is usually the result of calling `frame.insert` many times, which has poor performance.  Consider joining all columns at once using pd.concat(axis=1) instead. To get a de-fragmented frame, use `newframe = frame.copy()`
  out[f"feat_{i}"] = df[f"f{i}"]
/home/lilith/work/zen/zensim/scripts/v_next/train_v_next_mlp.py:133: PerformanceWarning: DataFrame is highly fragmented.  This is usually the result of calling `frame.insert` many times, which has poor performance.  Consider joining all columns at once using pd.concat(axis=1) instead. To get a de-fragmented frame, use `newframe = frame.copy()`
  out[f"feat_{i}"] = df[f"f{i}"]
/home/lilith/work/zen/zensim/scripts/v_next/train_v_next_mlp.py:133: PerformanceWarning: DataFrame is highly fragmented.  This is usually the result of calling `frame.insert` many times, which has poor performance.  Consider joining all columns at once using pd.concat(axis=1) instead. To get a de-fragmented frame, use `newframe = frame.copy()`
  out[f"feat_{i}"] = df[f"f{i}"]
/home/lilith/work/zen/zensim/scripts/v_next/train_v_next_mlp.py:133: PerformanceWarning: DataFrame is highly fragmented.  This is usually the result of calling `frame.insert` many times, which has poor performance.  Consider joining all columns at once using pd.concat(axis=1) instead. To get a de-fragmented frame, use `newframe = frame.copy()`
  out[f"feat_{i}"] = df[f"f{i}"]
/home/lilith/work/zen/zensim/scripts/v_next/train_v_next_mlp.py:133: PerformanceWarning: DataFrame is highly fragmented.  This is usually the result of calling `frame.insert` many times, which has poor performance.  Consider joining all columns at once using pd.concat(axis=1) instead. To get a de-fragmented frame, use `newframe = frame.copy()`
  out[f"feat_{i}"] = df[f"f{i}"]
/home/lilith/work/zen/zensim/scripts/v_next/train_v_next_mlp.py:133: PerformanceWarning: DataFrame is highly fragmented.  This is usually the result of calling `frame.insert` many times, which has poor performance.  Consider joining all columns at once using pd.concat(axis=1) instead. To get a de-fragmented frame, use `newframe = frame.copy()`
  out[f"feat_{i}"] = df[f"f{i}"]
/home/lilith/work/zen/zensim/scripts/v_next/train_v_next_mlp.py:149: PerformanceWarning: DataFrame is highly fragmented.  This is usually the result of calling `frame.insert` many times, which has poor performance.  Consider joining all columns at once using pd.concat(axis=1) instead. To get a de-fragmented frame, use `newframe = frame.copy()`
  out["is_val_only"] = out["image_basename"].isin(val_refs)
/home/lilith/work/zen/zensim/scripts/v_next/train_v_next_mlp.py:150: PerformanceWarning: DataFrame is highly fragmented.  This is usually the result of calling `frame.insert` many times, which has poor performance.  Consider joining all columns at once using pd.concat(axis=1) instead. To get a de-fragmented frame, use `newframe = frame.copy()`
  out["train_weight"] = np.where(out["is_val_only"], 0.0, train_weight)
/home/lilith/work/zen/zensim/scripts/v_next/train_v_next_mlp.py:151: PerformanceWarning: DataFrame is highly fragmented.  This is usually the result of calling `frame.insert` many times, which has poor performance.  Consider joining all columns at once using pd.concat(axis=1) instead. To get a de-fragmented frame, use `newframe = frame.copy()`
  out["dataset"] = dataset_name
/home/lilith/work/zen/zensim/scripts/v_next/train_v_next_mlp.py:152: PerformanceWarning: DataFrame is highly fragmented.  This is usually the result of calling `frame.insert` many times, which has poor performance.  Consider joining all columns at once using pd.concat(axis=1) instead. To get a de-fragmented frame, use `newframe = frame.copy()`
  out["target_human"] = score_100  # explicit copy for V0_6 ranknet groups
  3,000 rows, 25 unique refs (val=6 val_only refs); train_w=0.3, loaded in 0.2s
After human-MOS splice: 2,299,266 synthetic + 231,214 human = 2,530,480 total rows
class-balance=weight applied. Per-class multipliers:
  'illustration_or_screen': count=699,048 × 0.658
  'photo_or_illustration': count=592,800 × 0.776
  'photo_natural_or_detailed': count=457,140 × 1.006
  'illustration_or_logo': count=356,706 × 1.289
  'photo_wide_gamut': count=193,572 × 2.376
Split: train=2,012,982 (79.5%) val=286,548 (11.3%) test=230,950 (9.1%)
Using 228 feature columns: feat_0..feat_227
Materializing feature matrix (this is the slow part — pandas → numpy on 2M+ rows × 228 cols)...
  done in 4.6s, X shape (2530480, 228)
Encoding RankNet groups (key=image)...
  4,639 unique groups (0.1s)
Config: TrainConfig(target='ssim2', loss='mse_rank', hidden=[192, 128], epochs=300, batch_size=16384, lr=0.003, weight_decay=1e-05, dropout=0.0, rank_weight=0.5, seed=0, tv_weight=10.0, lr_schedule='constant', optimizer='adamw', init='kaiming', val_policy='mean', lr_cycle_period=50)
Train rows: 1,966,582  Val rows: 338,606  Test rows: 225,292
Standardized features: train mean abs=0.643, std=1.000
Building TV adjacency pairs from training rows...
  1,731,456 adjacent-q pairs (0.7s)
  TV regularizer: 1,731,456 adjacent-q pairs, weight=10.0
  epoch   0  train_loss=576.6464  val_mse=88.533  val_srocc=0.9399  val_krocc=0.7958  sel=0.8400  kadid=0.7251  safesyn=0.9732  synthetic=0.9331  tid=0.7288
  epoch   1  train_loss=50.7345  val_mse=49.401  val_srocc=0.9595  val_krocc=0.8419  sel=0.7907  kadid=0.5681  safesyn=0.9861  synthetic=0.9567  tid=0.6518
  epoch   2  train_loss=28.5507  val_mse=36.803  val_srocc=0.9701  val_krocc=0.8697  sel=0.8199  kadid=0.6694  safesyn=0.9906  synthetic=0.9689  tid=0.6509
  epoch   3  train_loss=18.9137  val_mse=30.980  val_srocc=0.9730  val_krocc=0.8785  sel=0.8341  kadid=0.7121  safesyn=0.9922  synthetic=0.9717  tid=0.6603
  epoch   4  train_loss=15.0040  val_mse=29.684  val_srocc=0.9759  val_krocc=0.8879  sel=0.8632  kadid=0.7787  safesyn=0.9940  synthetic=0.9738  tid=0.7065
  epoch   5  train_loss=11.8751  val_mse=26.433  val_srocc=0.9762  val_krocc=0.8907  sel=0.8620  kadid=0.7806  safesyn=0.9952  synthetic=0.9734  tid=0.6986
  epoch   6  train_loss=10.3470  val_mse=27.065  val_srocc=0.9762  val_krocc=0.8914  sel=0.8694  kadid=0.7962  safesyn=0.9955  synthetic=0.9728  tid=0.7130
  epoch   7  train_loss=9.2010  val_mse=24.759  val_srocc=0.9774  val_krocc=0.8947  sel=0.8761  kadid=0.8065  safesyn=0.9963  synthetic=0.9738  tid=0.7278
  epoch   8  train_loss=8.3566  val_mse=23.634  val_srocc=0.9781  val_krocc=0.8968  sel=0.8804  kadid=0.8144  safesyn=0.9966  synthetic=0.9744  tid=0.7363
  epoch   9  train_loss=7.6380  val_mse=23.997  val_srocc=0.9775  val_krocc=0.8954  sel=0.8774  kadid=0.8042  safesyn=0.9967  synthetic=0.9735  tid=0.7353
  epoch  10  train_loss=7.0818  val_mse=23.984  val_srocc=0.9779  val_krocc=0.8966  sel=0.8859  kadid=0.8262  safesyn=0.9969  synthetic=0.9737  tid=0.7469
  epoch  11  train_loss=6.4280  val_mse=23.782  val_srocc=0.9786  val_krocc=0.8978  sel=0.8892  kadid=0.8270  safesyn=0.9971  synthetic=0.9744  tid=0.7581
  epoch  12  train_loss=6.3740  val_mse=23.840  val_srocc=0.9785  val_krocc=0.8984  sel=0.8939  kadid=0.8443  safesyn=0.9971  synthetic=0.9743  tid=0.7599
  epoch  13  train_loss=5.6526  val_mse=24.666  val_srocc=0.9791  val_krocc=0.8987  sel=0.8971  kadid=0.8471  safesyn=0.9974  synthetic=0.9749  tid=0.7689
  epoch  14  train_loss=5.5578  val_mse=22.937  val_srocc=0.9788  val_krocc=0.8993  sel=0.8968  kadid=0.8501  safesyn=0.9974  synthetic=0.9743  tid=0.7654
  epoch  15  train_loss=5.4125  val_mse=22.318  val_srocc=0.9789  val_krocc=0.8996  sel=0.8947  kadid=0.8473  safesyn=0.9971  synthetic=0.9744  tid=0.7599
  epoch  16  train_loss=4.9793  val_mse=22.949  val_srocc=0.9789  val_krocc=0.8990  sel=0.8990  kadid=0.8569  safesyn=0.9974  synthetic=0.9743  tid=0.7676
  epoch  17  train_loss=4.8494  val_mse=25.305  val_srocc=0.9771  val_krocc=0.8920  sel=0.8971  kadid=0.8578  safesyn=0.9970  synthetic=0.9719  tid=0.7617
  epoch  18  train_loss=4.6773  val_mse=22.239  val_srocc=0.9792  val_krocc=0.9002  sel=0.9000  kadid=0.8593  safesyn=0.9965  synthetic=0.9746  tid=0.7695
  epoch  19  train_loss=4.6428  val_mse=23.626  val_srocc=0.9785  val_krocc=0.8971  sel=0.9009  kadid=0.8634  safesyn=0.9974  synthetic=0.9734  tid=0.7693
  epoch  20  train_loss=4.3840  val_mse=22.116  val_srocc=0.9797  val_krocc=0.9018  sel=0.9017  kadid=0.8610  safesyn=0.9977  synthetic=0.9750  tid=0.7733
  epoch  21  train_loss=4.2112  val_mse=22.194  val_srocc=0.9798  val_krocc=0.9023  sel=0.9055  kadid=0.8710  safesyn=0.9977  synthetic=0.9751  tid=0.7780
  epoch  22  train_loss=4.2841  val_mse=21.741  val_srocc=0.9799  val_krocc=0.9017  sel=0.9031  kadid=0.8698  safesyn=0.9977  synthetic=0.9752  tid=0.7697
  epoch  23  train_loss=4.0256  val_mse=22.554  val_srocc=0.9797  val_krocc=0.9017  sel=0.9059  kadid=0.8718  safesyn=0.9977  synthetic=0.9749  tid=0.7793
  epoch  24  train_loss=3.9894  val_mse=21.870  val_srocc=0.9806  val_krocc=0.9043  sel=0.9072  kadid=0.8740  safesyn=0.9979  synthetic=0.9761  tid=0.7809
  epoch  25  train_loss=3.8668  val_mse=21.775  val_srocc=0.9799  val_krocc=0.9028  sel=0.9024  kadid=0.8691  safesyn=0.9975  synthetic=0.9752  tid=0.7678
  epoch  26  train_loss=4.0633  val_mse=21.461  val_srocc=0.9804  val_krocc=0.9042  sel=0.9053  kadid=0.8704  safesyn=0.9979  synthetic=0.9757  tid=0.7773
  epoch  27  train_loss=3.7733  val_mse=21.400  val_srocc=0.9803  val_krocc=0.9034  sel=0.9038  kadid=0.8695  safesyn=0.9977  synthetic=0.9758  tid=0.7721
  epoch  28  train_loss=3.5416  val_mse=21.549  val_srocc=0.9802  val_krocc=0.9036  sel=0.9080  kadid=0.8767  safesyn=0.9978  synthetic=0.9754  tid=0.7819
  epoch  29  train_loss=3.6050  val_mse=24.505  val_srocc=0.9803  val_krocc=0.9035  sel=0.9091  kadid=0.8783  safesyn=0.9979  synthetic=0.9757  tid=0.7845
  epoch  30  train_loss=3.6174  val_mse=21.254  val_srocc=0.9811  val_krocc=0.9068  sel=0.9085  kadid=0.8785  safesyn=0.9980  synthetic=0.9767  tid=0.7809
  epoch  31  train_loss=4.9885  val_mse=21.744  val_srocc=0.9811  val_krocc=0.9052  sel=0.9049  kadid=0.8674  safesyn=0.9975  synthetic=0.9770  tid=0.7776
  epoch  32  train_loss=3.6894  val_mse=22.101  val_srocc=0.9805  val_krocc=0.9035  sel=0.9033  kadid=0.8649  safesyn=0.9979  synthetic=0.9761  tid=0.7743
  epoch  33  train_loss=3.5953  val_mse=22.616  val_srocc=0.9812  val_krocc=0.9064  sel=0.9061  kadid=0.8601  safesyn=0.9977  synthetic=0.9769  tid=0.7898
  epoch  34  train_loss=4.1592  val_mse=22.576  val_srocc=0.9813  val_krocc=0.9070  sel=0.9049  kadid=0.8750  safesyn=0.9977  synthetic=0.9772  tid=0.7696
  epoch  35  train_loss=3.9140  val_mse=21.110  val_srocc=0.9815  val_krocc=0.9070  sel=0.9086  kadid=0.8692  safesyn=0.9979  synthetic=0.9773  tid=0.7900
  epoch  36  train_loss=3.7534  val_mse=23.511  val_srocc=0.9813  val_krocc=0.9067  sel=0.9108  kadid=0.8780  safesyn=0.9981  synthetic=0.9769  tid=0.7903
  epoch  37  train_loss=3.3415  val_mse=22.328  val_srocc=0.9806  val_krocc=0.9057  sel=0.8913  kadid=0.8327  safesyn=0.9978  synthetic=0.9765  tid=0.7580
  epoch  38  train_loss=4.1541  val_mse=21.579  val_srocc=0.9811  val_krocc=0.9062  sel=0.9112  kadid=0.8771  safesyn=0.9979  synthetic=0.9766  tid=0.7931
  epoch  39  train_loss=3.4764  val_mse=21.377  val_srocc=0.9818  val_krocc=0.9085  sel=0.9153  kadid=0.8829  safesyn=0.9981  synthetic=0.9775  tid=0.8026
  epoch  40  train_loss=3.3463  val_mse=21.483  val_srocc=0.9815  val_krocc=0.9076  sel=0.9143  kadid=0.8847  safesyn=0.9979  synthetic=0.9771  tid=0.7976
  epoch  41  train_loss=3.1138  val_mse=22.604  val_srocc=0.9809  val_krocc=0.9064  sel=0.9132  kadid=0.8837  safesyn=0.9981  synthetic=0.9762  tid=0.7948
  epoch  42  train_loss=3.1124  val_mse=21.860  val_srocc=0.9815  val_krocc=0.9076  sel=0.9145  kadid=0.8837  safesyn=0.9982  synthetic=0.9769  tid=0.7992
  epoch  43  train_loss=3.0198  val_mse=21.233  val_srocc=0.9816  val_krocc=0.9086  sel=0.9135  kadid=0.8831  safesyn=0.9980  synthetic=0.9772  tid=0.7958
  epoch  44  train_loss=2.9612  val_mse=21.830  val_srocc=0.9818  val_krocc=0.9092  sel=0.9162  kadid=0.8863  safesyn=0.9982  synthetic=0.9774  tid=0.8030
  epoch  45  train_loss=3.0075  val_mse=20.967  val_srocc=0.9818  val_krocc=0.9092  sel=0.9141  kadid=0.8845  safesyn=0.9979  synthetic=0.9774  tid=0.7965
  epoch  46  train_loss=2.8846  val_mse=22.446  val_srocc=0.9814  val_krocc=0.9072  sel=0.9146  kadid=0.8871  safesyn=0.9982  synthetic=0.9769  tid=0.7963
  epoch  47  train_loss=3.1424  val_mse=22.717  val_srocc=0.9802  val_krocc=0.9019  sel=0.9115  kadid=0.8809  safesyn=0.9929  synthetic=0.9757  tid=0.7966
  epoch  48  train_loss=9.4084  val_mse=23.158  val_srocc=0.9809  val_krocc=0.9068  sel=0.9102  kadid=0.8808  safesyn=0.9979  synthetic=0.9765  tid=0.7856
  epoch  49  train_loss=3.0279  val_mse=22.428  val_srocc=0.9814  val_krocc=0.9090  sel=0.9152  kadid=0.8885  safesyn=0.9981  synthetic=0.9768  tid=0.7975
  epoch  50  train_loss=2.8301  val_mse=22.246  val_srocc=0.9814  val_krocc=0.9088  sel=0.9160  kadid=0.8861  safesyn=0.9980  synthetic=0.9767  tid=0.8031
  epoch  51  train_loss=2.7397  val_mse=22.004  val_srocc=0.9813  val_krocc=0.9073  sel=0.9157  kadid=0.8885  safesyn=0.9981  synthetic=0.9765  tid=0.7997
  epoch  52  train_loss=2.7122  val_mse=22.060  val_srocc=0.9811  val_krocc=0.9078  sel=0.9154  kadid=0.8898  safesyn=0.9982  synthetic=0.9763  tid=0.7973
  epoch  53  train_loss=2.6826  val_mse=21.799  val_srocc=0.9813  val_krocc=0.9083  sel=0.9150  kadid=0.8858  safesyn=0.9980  synthetic=0.9766  tid=0.7994
  epoch  54  train_loss=2.6329  val_mse=23.302  val_srocc=0.9811  val_krocc=0.9072  sel=0.9167  kadid=0.8900  safesyn=0.9981  synthetic=0.9763  tid=0.8023
  epoch  55  train_loss=2.7472  val_mse=22.661  val_srocc=0.9810  val_krocc=0.9076  sel=0.9145  kadid=0.8884  safesyn=0.9982  synthetic=0.9761  tid=0.7952
  epoch  56  train_loss=2.7320  val_mse=22.434  val_srocc=0.9813  val_krocc=0.9085  sel=0.9175  kadid=0.8903  safesyn=0.9983  synthetic=0.9766  tid=0.8049
  epoch  57  train_loss=2.7839  val_mse=22.229  val_srocc=0.9811  val_krocc=0.9077  sel=0.9139  kadid=0.8863  safesyn=0.9982  synthetic=0.9762  tid=0.7948
  epoch  58  train_loss=2.9007  val_mse=27.127  val_srocc=0.9753  val_krocc=0.8893  sel=0.9059  kadid=0.8845  safesyn=0.9749  synthetic=0.9717  tid=0.7926
  epoch  59  train_loss=7.2812  val_mse=24.007  val_srocc=0.9805  val_krocc=0.9073  sel=0.9072  kadid=0.8748  safesyn=0.9981  synthetic=0.9757  tid=0.7801
  epoch  60  train_loss=3.3056  val_mse=23.777  val_srocc=0.9799  val_krocc=0.9061  sel=0.9120  kadid=0.8834  safesyn=0.9977  synthetic=0.9747  tid=0.7923
  epoch  61  train_loss=2.6337  val_mse=23.560  val_srocc=0.9801  val_krocc=0.9061  sel=0.9156  kadid=0.8899  safesyn=0.9983  synthetic=0.9747  tid=0.7996
  epoch  62  train_loss=2.5334  val_mse=23.213  val_srocc=0.9804  val_krocc=0.9060  sel=0.9150  kadid=0.8891  safesyn=0.9983  synthetic=0.9751  tid=0.7973
  epoch  63  train_loss=2.6168  val_mse=23.327  val_srocc=0.9800  val_krocc=0.9061  sel=0.9164  kadid=0.8881  safesyn=0.9983  synthetic=0.9746  tid=0.8047
  epoch  64  train_loss=2.8950  val_mse=22.350  val_srocc=0.9803  val_krocc=0.9070  sel=0.9189  kadid=0.8903  safesyn=0.9982  synthetic=0.9751  tid=0.8119
  epoch  65  train_loss=12.5395  val_mse=24.326  val_srocc=0.9792  val_krocc=0.9047  sel=0.9065  kadid=0.8747  safesyn=0.9980  synthetic=0.9739  tid=0.7796
  epoch  66  train_loss=11.1725  val_mse=23.655  val_srocc=0.9806  val_krocc=0.9070  sel=0.9093  kadid=0.8756  safesyn=0.9982  synthetic=0.9757  tid=0.7876
  epoch  67  train_loss=3.0106  val_mse=23.027  val_srocc=0.9806  val_krocc=0.9079  sel=0.9125  kadid=0.8767  safesyn=0.9980  synthetic=0.9756  tid=0.7996
  epoch  68  train_loss=4.1293  val_mse=23.708  val_srocc=0.9807  val_krocc=0.9067  sel=0.9155  kadid=0.8844  safesyn=0.9982  synthetic=0.9758  tid=0.8037
  epoch  69  train_loss=3.1324  val_mse=23.531  val_srocc=0.9808  val_krocc=0.9080  sel=0.9159  kadid=0.8870  safesyn=0.9981  synthetic=0.9759  tid=0.8025
  epoch  70  train_loss=2.5880  val_mse=22.441  val_srocc=0.9805  val_krocc=0.9068  sel=0.9143  kadid=0.8900  safesyn=0.9983  synthetic=0.9753  tid=0.7936
  epoch  71  train_loss=2.5758  val_mse=22.275  val_srocc=0.9807  val_krocc=0.9080  sel=0.9158  kadid=0.8909  safesyn=0.9983  synthetic=0.9756  tid=0.7985
  epoch  72  train_loss=2.5230  val_mse=22.531  val_srocc=0.9807  val_krocc=0.9081  sel=0.9173  kadid=0.8921  safesyn=0.9983  synthetic=0.9756  tid=0.8030
  epoch  73  train_loss=2.6126  val_mse=22.476  val_srocc=0.9803  val_krocc=0.9070  sel=0.9167  kadid=0.8916  safesyn=0.9983  synthetic=0.9750  tid=0.8019
  epoch  74  train_loss=2.8528  val_mse=22.743  val_srocc=0.9804  val_krocc=0.9073  sel=0.9184  kadid=0.8933  safesyn=0.9984  synthetic=0.9750  tid=0.8070
  epoch  75  train_loss=2.4584  val_mse=23.647  val_srocc=0.9794  val_krocc=0.9055  sel=0.9142  kadid=0.8887  safesyn=0.9980  synthetic=0.9737  tid=0.7964
  epoch  76  train_loss=2.5033  val_mse=22.694  val_srocc=0.9805  val_krocc=0.9084  sel=0.9170  kadid=0.8928  safesyn=0.9984  synthetic=0.9751  tid=0.8016
  epoch  77  train_loss=2.3790  val_mse=23.259  val_srocc=0.9807  val_krocc=0.9089  sel=0.9196  kadid=0.8963  safesyn=0.9984  synthetic=0.9754  tid=0.8085
  epoch  78  train_loss=2.4579  val_mse=22.344  val_srocc=0.9810  val_krocc=0.9089  sel=0.9171  kadid=0.8936  safesyn=0.9983  synthetic=0.9758  tid=0.8006
  epoch  79  train_loss=2.3829  val_mse=22.414  val_srocc=0.9805  val_krocc=0.9085  sel=0.9175  kadid=0.8936  safesyn=0.9983  synthetic=0.9753  tid=0.8030
  epoch  80  train_loss=2.4284  val_mse=22.157  val_srocc=0.9809  val_krocc=0.9092  sel=0.9175  kadid=0.8928  safesyn=0.9984  synthetic=0.9757  tid=0.8033
  epoch  81  train_loss=2.3450  val_mse=23.763  val_srocc=0.9800  val_krocc=0.9070  sel=0.9160  kadid=0.8912  safesyn=0.9984  synthetic=0.9743  tid=0.8003
  epoch  82  train_loss=2.3776  val_mse=22.465  val_srocc=0.9802  val_krocc=0.9083  sel=0.9196  kadid=0.8961  safesyn=0.9984  synthetic=0.9748  tid=0.8089
  epoch  83  train_loss=2.3467  val_mse=22.818  val_srocc=0.9802  val_krocc=0.9074  sel=0.9196  kadid=0.8944  safesyn=0.9983  synthetic=0.9747  tid=0.8111
  epoch  84  train_loss=2.2892  val_mse=23.303  val_srocc=0.9796  val_krocc=0.9061  sel=0.9187  kadid=0.8965  safesyn=0.9984  synthetic=0.9737  tid=0.8062
  epoch  85  train_loss=2.3425  val_mse=22.539  val_srocc=0.9803  val_krocc=0.9078  sel=0.9188  kadid=0.8952  safesyn=0.9984  synthetic=0.9748  tid=0.8069
  epoch  86  train_loss=2.2682  val_mse=23.104  val_srocc=0.9802  val_krocc=0.9076  sel=0.9206  kadid=0.8967  safesyn=0.9984  synthetic=0.9745  tid=0.8128
  epoch  87  train_loss=2.1951  val_mse=23.353  val_srocc=0.9802  val_krocc=0.9080  sel=0.9197  kadid=0.8957  safesyn=0.9984  synthetic=0.9746  tid=0.8100
  epoch  88  train_loss=2.2608  val_mse=23.085  val_srocc=0.9801  val_krocc=0.9071  sel=0.9205  kadid=0.8956  safesyn=0.9983  synthetic=0.9744  tid=0.8139
  epoch  89  train_loss=2.2627  val_mse=24.520  val_srocc=0.9788  val_krocc=0.9032  sel=0.9122  kadid=0.8896  safesyn=0.9982  synthetic=0.9727  tid=0.7883
  epoch  90  train_loss=2.2576  val_mse=23.349  val_srocc=0.9788  val_krocc=0.9044  sel=0.9172  kadid=0.8942  safesyn=0.9978  synthetic=0.9726  tid=0.8042
  epoch  91  train_loss=2.4871  val_mse=23.450  val_srocc=0.9798  val_krocc=0.9075  sel=0.9165  kadid=0.8899  safesyn=0.9983  synthetic=0.9741  tid=0.8038
  epoch  92  train_loss=2.0836  val_mse=23.951  val_srocc=0.9793  val_krocc=0.9059  sel=0.9195  kadid=0.8966  safesyn=0.9983  synthetic=0.9733  tid=0.8100
  epoch  93  train_loss=2.1944  val_mse=23.870  val_srocc=0.9799  val_krocc=0.9075  sel=0.9214  kadid=0.9007  safesyn=0.9984  synthetic=0.9742  tid=0.8124
  epoch  94  train_loss=2.2391  val_mse=23.757  val_srocc=0.9792  val_krocc=0.9053  sel=0.9203  kadid=0.8950  safesyn=0.9985  synthetic=0.9731  tid=0.8146
  epoch  95  train_loss=2.3231  val_mse=24.558  val_srocc=0.9803  val_krocc=0.9071  sel=0.9237  kadid=0.8970  safesyn=0.9983  synthetic=0.9749  tid=0.8244
  epoch  96  train_loss=2.4988  val_mse=23.537  val_srocc=0.9800  val_krocc=0.9078  sel=0.9186  kadid=0.8980  safesyn=0.9984  synthetic=0.9742  tid=0.8038
  epoch  97  train_loss=2.1825  val_mse=23.491  val_srocc=0.9799  val_krocc=0.9069  sel=0.9196  kadid=0.8955  safesyn=0.9984  synthetic=0.9740  tid=0.8104
  epoch  98  train_loss=2.0895  val_mse=23.785  val_srocc=0.9794  val_krocc=0.9057  sel=0.9206  kadid=0.8975  safesyn=0.9984  synthetic=0.9734  tid=0.8133
  epoch  99  train_loss=2.0370  val_mse=24.414  val_srocc=0.9795  val_krocc=0.9066  sel=0.9224  kadid=0.8986  safesyn=0.9985  synthetic=0.9734  tid=0.8191
  epoch 100  train_loss=2.1762  val_mse=23.604  val_srocc=0.9797  val_krocc=0.9073  sel=0.9213  kadid=0.9007  safesyn=0.9985  synthetic=0.9737  tid=0.8122
  epoch 101  train_loss=2.1190  val_mse=24.203  val_srocc=0.9791  val_krocc=0.9052  sel=0.9154  kadid=0.8931  safesyn=0.9984  synthetic=0.9729  tid=0.7972
  epoch 102  train_loss=2.0937  val_mse=23.846  val_srocc=0.9792  val_krocc=0.9057  sel=0.9186  kadid=0.8971  safesyn=0.9984  synthetic=0.9730  tid=0.8060
  epoch 103  train_loss=2.1369  val_mse=23.873  val_srocc=0.9793  val_krocc=0.9071  sel=0.9227  kadid=0.9032  safesyn=0.9984  synthetic=0.9732  tid=0.8159
  epoch 104  train_loss=2.0050  val_mse=24.161  val_srocc=0.9793  val_krocc=0.9062  sel=0.9239  kadid=0.9027  safesyn=0.9985  synthetic=0.9731  tid=0.8212
  epoch 105  train_loss=2.0201  val_mse=23.963  val_srocc=0.9791  val_krocc=0.9057  sel=0.9173  kadid=0.8898  safesyn=0.9984  synthetic=0.9729  tid=0.8081
  epoch 106  train_loss=2.1696  val_mse=23.936  val_srocc=0.9793  val_krocc=0.9060  sel=0.9238  kadid=0.9028  safesyn=0.9984  synthetic=0.9731  tid=0.8208
  epoch 107  train_loss=2.0034  val_mse=26.812  val_srocc=0.9792  val_krocc=0.9036  sel=0.9237  kadid=0.9013  safesyn=0.9982  synthetic=0.9732  tid=0.8222
  epoch 108  train_loss=2.1900  val_mse=23.672  val_srocc=0.9790  val_krocc=0.9054  sel=0.9230  kadid=0.9018  safesyn=0.9984  synthetic=0.9727  tid=0.8191
  epoch 109  train_loss=1.9780  val_mse=24.351  val_srocc=0.9796  val_krocc=0.9075  sel=0.9219  kadid=0.8981  safesyn=0.9985  synthetic=0.9736  tid=0.8174
  epoch 110  train_loss=1.9668  val_mse=23.928  val_srocc=0.9794  val_krocc=0.9074  sel=0.9218  kadid=0.8980  safesyn=0.9984  synthetic=0.9732  tid=0.8177
  epoch 111  train_loss=2.1724  val_mse=26.753  val_srocc=0.9785  val_krocc=0.9041  sel=0.9211  kadid=0.8982  safesyn=0.9982  synthetic=0.9722  tid=0.8157
  epoch 112  train_loss=2.3708  val_mse=23.646  val_srocc=0.9792  val_krocc=0.9071  sel=0.9216  kadid=0.8998  safesyn=0.9984  synthetic=0.9730  tid=0.8153
  epoch 113  train_loss=1.9160  val_mse=24.201  val_srocc=0.9790  val_krocc=0.9054  sel=0.9169  kadid=0.8951  safesyn=0.9983  synthetic=0.9727  tid=0.8017
  epoch 114  train_loss=2.0072  val_mse=24.646  val_srocc=0.9791  val_krocc=0.9060  sel=0.9199  kadid=0.8975  safesyn=0.9984  synthetic=0.9729  tid=0.8107
  epoch 115  train_loss=2.0229  val_mse=24.017  val_srocc=0.9791  val_krocc=0.9065  sel=0.9227  kadid=0.9018  safesyn=0.9984  synthetic=0.9729  tid=0.8177
  epoch 116  train_loss=1.9621  val_mse=23.814  val_srocc=0.9795  val_krocc=0.9076  sel=0.9250  kadid=0.9045  safesyn=0.9985  synthetic=0.9734  tid=0.8235
  epoch 117  train_loss=1.9816  val_mse=24.327  val_srocc=0.9788  val_krocc=0.9055  sel=0.9172  kadid=0.8890  safesyn=0.9985  synthetic=0.9725  tid=0.8087
  epoch 118  train_loss=1.9481  val_mse=24.325  val_srocc=0.9793  val_krocc=0.9064  sel=0.9202  kadid=0.8977  safesyn=0.9985  synthetic=0.9731  tid=0.8114
  epoch 119  train_loss=1.9698  val_mse=24.585  val_srocc=0.9791  val_krocc=0.9056  sel=0.9245  kadid=0.9039  safesyn=0.9985  synthetic=0.9729  tid=0.8225
  epoch 120  train_loss=2.0084  val_mse=23.688  val_srocc=0.9791  val_krocc=0.9059  sel=0.9238  kadid=0.9041  safesyn=0.9985  synthetic=0.9728  tid=0.8197
  epoch 121  train_loss=1.8587  val_mse=24.100  val_srocc=0.9793  val_krocc=0.9062  sel=0.9248  kadid=0.9041  safesyn=0.9985  synthetic=0.9731  tid=0.8235
  epoch 122  train_loss=1.9462  val_mse=23.952  val_srocc=0.9788  val_krocc=0.9056  sel=0.9171  kadid=0.8955  safesyn=0.9984  synthetic=0.9723  tid=0.8021
  epoch 123  train_loss=1.8783  val_mse=24.030  val_srocc=0.9793  val_krocc=0.9073  sel=0.9226  kadid=0.9027  safesyn=0.9985  synthetic=0.9731  tid=0.8160
  epoch 124  train_loss=1.9005  val_mse=23.332  val_srocc=0.9794  val_krocc=0.9070  sel=0.9221  kadid=0.8997  safesyn=0.9983  synthetic=0.9731  tid=0.8173
  epoch 125  train_loss=2.2897  val_mse=24.053  val_srocc=0.9790  val_krocc=0.9055  sel=0.9226  kadid=0.9028  safesyn=0.9985  synthetic=0.9726  tid=0.8164
  epoch 126  train_loss=1.7928  val_mse=23.372  val_srocc=0.9794  val_krocc=0.9074  sel=0.9248  kadid=0.9050  safesyn=0.9985  synthetic=0.9733  tid=0.8226
  epoch 127  train_loss=1.8702  val_mse=23.782  val_srocc=0.9793  val_krocc=0.9072  sel=0.9216  kadid=0.9001  safesyn=0.9985  synthetic=0.9731  tid=0.8146
  epoch 128  train_loss=1.8443  val_mse=23.803  val_srocc=0.9791  val_krocc=0.9065  sel=0.9200  kadid=0.8980  safesyn=0.9985  synthetic=0.9726  tid=0.8111
  epoch 129  train_loss=1.9528  val_mse=23.418  val_srocc=0.9793  val_krocc=0.9073  sel=0.9174  kadid=0.8936  safesyn=0.9985  synthetic=0.9731  tid=0.8045
  epoch 130  train_loss=1.8699  val_mse=23.553  val_srocc=0.9789  val_krocc=0.9053  sel=0.9252  kadid=0.9040  safesyn=0.9985  synthetic=0.9725  tid=0.8259
  epoch 131  train_loss=1.8952  val_mse=23.632  val_srocc=0.9793  val_krocc=0.9067  sel=0.9257  kadid=0.9044  safesyn=0.9985  synthetic=0.9732  tid=0.8265
  epoch 132  train_loss=2.2367  val_mse=24.465  val_srocc=0.9789  val_krocc=0.9060  sel=0.9253  kadid=0.9085  safesyn=0.9985  synthetic=0.9724  tid=0.8215
  epoch 133  train_loss=2.7880  val_mse=24.521  val_srocc=0.9782  val_krocc=0.9035  sel=0.9177  kadid=0.8953  safesyn=0.9984  synthetic=0.9715  tid=0.8053
  epoch 134  train_loss=2.4745  val_mse=23.779  val_srocc=0.9789  val_krocc=0.9056  sel=0.9214  kadid=0.8999  safesyn=0.9985  synthetic=0.9724  tid=0.8147
  epoch 135  train_loss=1.9409  val_mse=24.016  val_srocc=0.9789  val_krocc=0.9057  sel=0.9219  kadid=0.9028  safesyn=0.9985  synthetic=0.9724  tid=0.8140
  epoch 136  train_loss=1.8444  val_mse=24.178  val_srocc=0.9791  val_krocc=0.9065  sel=0.9243  kadid=0.9062  safesyn=0.9984  synthetic=0.9728  tid=0.8196
  epoch 137  train_loss=105.4327  val_mse=30.512  val_srocc=0.9747  val_krocc=0.8883  sel=0.8727  kadid=0.7563  safesyn=0.9950  synthetic=0.9707  tid=0.7688
  epoch 138  train_loss=42.3645  val_mse=28.336  val_srocc=0.9751  val_krocc=0.8914  sel=0.8694  kadid=0.7565  safesyn=0.9961  synthetic=0.9710  tid=0.7539
  epoch 139  train_loss=10.5128  val_mse=24.325  val_srocc=0.9777  val_krocc=0.8996  sel=0.8951  kadid=0.8314  safesyn=0.9969  synthetic=0.9732  tid=0.7790
  epoch 140  train_loss=19.9031  val_mse=23.424  val_srocc=0.9782  val_krocc=0.9024  sel=0.8928  kadid=0.8093  safesyn=0.9973  synthetic=0.9736  tid=0.7910
  epoch 141  train_loss=8.9175  val_mse=22.201  val_srocc=0.9790  val_krocc=0.9046  sel=0.8996  kadid=0.8385  safesyn=0.9976  synthetic=0.9744  tid=0.7879
  epoch 142  train_loss=6.0119  val_mse=21.302  val_srocc=0.9795  val_krocc=0.9059  sel=0.8999  kadid=0.8376  safesyn=0.9975  synthetic=0.9748  tid=0.7899
  epoch 143  train_loss=4.7266  val_mse=21.456  val_srocc=0.9795  val_krocc=0.9059  sel=0.9097  kadid=0.8682  safesyn=0.9977  synthetic=0.9745  tid=0.7982
  epoch 144  train_loss=4.1105  val_mse=21.011  val_srocc=0.9799  val_krocc=0.9068  sel=0.9069  kadid=0.8595  safesyn=0.9977  synthetic=0.9750  tid=0.7952
  epoch 145  train_loss=3.8959  val_mse=21.131  val_srocc=0.9800  val_krocc=0.9075  sel=0.9115  kadid=0.8789  safesyn=0.9978  synthetic=0.9751  tid=0.7942
  epoch 146  train_loss=3.6929  val_mse=20.549  val_srocc=0.9805  val_krocc=0.9085  sel=0.9083  kadid=0.8749  safesyn=0.9979  synthetic=0.9756  tid=0.7848
  epoch 147  train_loss=3.6048  val_mse=20.206  val_srocc=0.9804  val_krocc=0.9086  sel=0.9107  kadid=0.8753  safesyn=0.9978  synthetic=0.9755  tid=0.7943
  epoch 148  train_loss=3.3619  val_mse=20.243  val_srocc=0.9806  val_krocc=0.9088  sel=0.9102  kadid=0.8774  safesyn=0.9981  synthetic=0.9758  tid=0.7896
  epoch 149  train_loss=3.2098  val_mse=19.991  val_srocc=0.9805  val_krocc=0.9089  sel=0.9119  kadid=0.8809  safesyn=0.9981  synthetic=0.9755  tid=0.7933
  epoch 150  train_loss=3.1138  val_mse=20.182  val_srocc=0.9805  val_krocc=0.9089  sel=0.9096  kadid=0.8819  safesyn=0.9981  synthetic=0.9754  tid=0.7828
  epoch 151  train_loss=3.0414  val_mse=19.983  val_srocc=0.9807  val_krocc=0.9094  sel=0.9065  kadid=0.8650  safesyn=0.9979  synthetic=0.9758  tid=0.7874
  epoch 152  train_loss=3.1596  val_mse=20.016  val_srocc=0.9806  val_krocc=0.9089  sel=0.9128  kadid=0.8820  safesyn=0.9981  synthetic=0.9755  tid=0.7957
  epoch 153  train_loss=3.2266  val_mse=20.144  val_srocc=0.9808  val_krocc=0.9098  sel=0.9126  kadid=0.8885  safesyn=0.9982  synthetic=0.9758  tid=0.7878
  epoch 154  train_loss=3.0091  val_mse=19.845  val_srocc=0.9807  val_krocc=0.9095  sel=0.9137  kadid=0.8844  safesyn=0.9978  synthetic=0.9756  tid=0.7971
  epoch 155  train_loss=2.8722  val_mse=20.156  val_srocc=0.9804  val_krocc=0.9079  sel=0.9145  kadid=0.8860  safesyn=0.9980  synthetic=0.9753  tid=0.7987
  epoch 156  train_loss=2.8199  val_mse=19.626  val_srocc=0.9807  val_krocc=0.9089  sel=0.9146  kadid=0.8870  safesyn=0.9981  synthetic=0.9755  tid=0.7979
  epoch 157  train_loss=2.7457  val_mse=19.847  val_srocc=0.9806  val_krocc=0.9099  sel=0.9163  kadid=0.8885  safesyn=0.9982  synthetic=0.9755  tid=0.8030
  epoch 158  train_loss=2.6389  val_mse=20.039  val_srocc=0.9805  val_krocc=0.9088  sel=0.9162  kadid=0.8892  safesyn=0.9982  synthetic=0.9751  tid=0.8021
  epoch 159  train_loss=2.6598  val_mse=20.670  val_srocc=0.9796  val_krocc=0.9059  sel=0.9132  kadid=0.8875  safesyn=0.9976  synthetic=0.9739  tid=0.7937
  epoch 160  train_loss=2.7302  val_mse=20.428  val_srocc=0.9791  val_krocc=0.9052  sel=0.9125  kadid=0.8861  safesyn=0.9936  synthetic=0.9737  tid=0.7966
  epoch 161  train_loss=3.7218  val_mse=20.568  val_srocc=0.9802  val_krocc=0.9085  sel=0.9110  kadid=0.8883  safesyn=0.9982  synthetic=0.9745  tid=0.7830
  epoch 162  train_loss=2.4577  val_mse=19.825  val_srocc=0.9805  val_krocc=0.9089  sel=0.9191  kadid=0.8922  safesyn=0.9982  synthetic=0.9751  tid=0.8107
  epoch 163  train_loss=2.4316  val_mse=19.896  val_srocc=0.9806  val_krocc=0.9095  sel=0.9143  kadid=0.8879  safesyn=0.9982  synthetic=0.9752  tid=0.7959
  epoch 164  train_loss=2.3832  val_mse=19.937  val_srocc=0.9803  val_krocc=0.9093  sel=0.9177  kadid=0.8917  safesyn=0.9983  synthetic=0.9749  tid=0.8058
  epoch 165  train_loss=2.4276  val_mse=19.895  val_srocc=0.9803  val_krocc=0.9091  sel=0.9174  kadid=0.8932  safesyn=0.9983  synthetic=0.9748  tid=0.8032
  epoch 166  train_loss=2.4621  val_mse=20.419  val_srocc=0.9803  val_krocc=0.9087  sel=0.9188  kadid=0.8954  safesyn=0.9982  synthetic=0.9748  tid=0.8068
  epoch 167  train_loss=2.5195  val_mse=20.422  val_srocc=0.9801  val_krocc=0.9082  sel=0.9159  kadid=0.8892  safesyn=0.9983  synthetic=0.9744  tid=0.8016
  epoch 168  train_loss=2.7619  val_mse=20.076  val_srocc=0.9806  val_krocc=0.9097  sel=0.9176  kadid=0.8930  safesyn=0.9983  synthetic=0.9751  tid=0.8040
  epoch 169  train_loss=2.9692  val_mse=20.899  val_srocc=0.9799  val_krocc=0.9083  sel=0.9103  kadid=0.8743  safesyn=0.9982  synthetic=0.9742  tid=0.7945
  epoch 170  train_loss=2.6247  val_mse=20.510  val_srocc=0.9802  val_krocc=0.9084  sel=0.9151  kadid=0.8865  safesyn=0.9982  synthetic=0.9745  tid=0.8011
  epoch 171  train_loss=2.5430  val_mse=20.897  val_srocc=0.9800  val_krocc=0.9082  sel=0.9169  kadid=0.8934  safesyn=0.9983  synthetic=0.9741  tid=0.8016
  epoch 172  train_loss=2.3331  val_mse=20.438  val_srocc=0.9804  val_krocc=0.9090  sel=0.9203  kadid=0.8963  safesyn=0.9984  synthetic=0.9747  tid=0.8118
  epoch 173  train_loss=2.3169  val_mse=20.712  val_srocc=0.9797  val_krocc=0.9079  sel=0.9172  kadid=0.8922  safesyn=0.9983  synthetic=0.9739  tid=0.8045
  epoch 174  train_loss=2.2797  val_mse=21.490  val_srocc=0.9789  val_krocc=0.9044  sel=0.9186  kadid=0.8953  safesyn=0.9981  synthetic=0.9727  tid=0.8084
  epoch 175  train_loss=2.2830  val_mse=20.773  val_srocc=0.9801  val_krocc=0.9088  sel=0.9149  kadid=0.8928  safesyn=0.9984  synthetic=0.9743  tid=0.7943
  epoch 176  train_loss=2.2617  val_mse=20.923  val_srocc=0.9793  val_krocc=0.9065  sel=0.9185  kadid=0.8966  safesyn=0.9984  synthetic=0.9731  tid=0.8060
  epoch 177  train_loss=2.2140  val_mse=21.169  val_srocc=0.9794  val_krocc=0.9074  sel=0.9198  kadid=0.8972  safesyn=0.9984  synthetic=0.9733  tid=0.8104
  epoch 178  train_loss=2.2484  val_mse=20.313  val_srocc=0.9796  val_krocc=0.9080  sel=0.9200  kadid=0.8950  safesyn=0.9983  synthetic=0.9736  tid=0.8131
  epoch 179  train_loss=2.2539  val_mse=21.620  val_srocc=0.9793  val_krocc=0.9066  sel=0.9214  kadid=0.8998  safesyn=0.9983  synthetic=0.9732  tid=0.8142
  epoch 180  train_loss=2.1612  val_mse=22.307  val_srocc=0.9790  val_krocc=0.9069  sel=0.9181  kadid=0.8983  safesyn=0.9984  synthetic=0.9726  tid=0.8029
  epoch 181  train_loss=2.1272  val_mse=20.814  val_srocc=0.9793  val_krocc=0.9063  sel=0.9215  kadid=0.9008  safesyn=0.9984  synthetic=0.9731  tid=0.8139
  epoch 182  train_loss=2.1550  val_mse=21.177  val_srocc=0.9793  val_krocc=0.9074  sel=0.9185  kadid=0.8954  safesyn=0.9984  synthetic=0.9731  tid=0.8069
  epoch 183  train_loss=2.2612  val_mse=21.354  val_srocc=0.9796  val_krocc=0.9072  sel=0.9227  kadid=0.8990  safesyn=0.9985  synthetic=0.9737  tid=0.8197
  epoch 184  train_loss=2.4697  val_mse=21.891  val_srocc=0.9790  val_krocc=0.9071  sel=0.9184  kadid=0.8853  safesyn=0.9981  synthetic=0.9729  tid=0.8170
  epoch 185  train_loss=2.3817  val_mse=21.665  val_srocc=0.9790  val_krocc=0.9050  sel=0.9166  kadid=0.8930  safesyn=0.9983  synthetic=0.9727  tid=0.8023
  epoch 186  train_loss=2.2290  val_mse=21.518  val_srocc=0.9789  val_krocc=0.9049  sel=0.9151  kadid=0.8969  safesyn=0.9981  synthetic=0.9726  tid=0.7927
  epoch 187  train_loss=2.8712  val_mse=22.049  val_srocc=0.9795  val_krocc=0.9075  sel=0.9181  kadid=0.9003  safesyn=0.9984  synthetic=0.9735  tid=0.8003
  epoch 188  train_loss=3.0103  val_mse=22.117  val_srocc=0.9791  val_krocc=0.9064  sel=0.9221  kadid=0.9030  safesyn=0.9984  synthetic=0.9729  tid=0.8143
  epoch 189  train_loss=2.1736  val_mse=21.406  val_srocc=0.9795  val_krocc=0.9075  sel=0.9145  kadid=0.8936  safesyn=0.9985  synthetic=0.9736  tid=0.7924
  epoch 190  train_loss=2.1144  val_mse=21.446  val_srocc=0.9798  val_krocc=0.9077  sel=0.9206  kadid=0.9013  safesyn=0.9985  synthetic=0.9738  tid=0.8089
  epoch 191  train_loss=2.2027  val_mse=21.442  val_srocc=0.9793  val_krocc=0.9074  sel=0.9224  kadid=0.9031  safesyn=0.9985  synthetic=0.9731  tid=0.8150
  epoch 192  train_loss=2.0334  val_mse=21.553  val_srocc=0.9784  val_krocc=0.9053  sel=0.9195  kadid=0.9032  safesyn=0.9977  synthetic=0.9718  tid=0.8056
  epoch 193  train_loss=2.1491  val_mse=20.616  val_srocc=0.9794  val_krocc=0.9072  sel=0.9207  kadid=0.9040  safesyn=0.9985  synthetic=0.9731  tid=0.8074
  epoch 194  train_loss=1.9673  val_mse=21.578  val_srocc=0.9795  val_krocc=0.9070  sel=0.9218  kadid=0.9045  safesyn=0.9985  synthetic=0.9733  tid=0.8109
  epoch 195  train_loss=1.9866  val_mse=21.701  val_srocc=0.9792  val_krocc=0.9063  sel=0.9148  kadid=0.8960  safesyn=0.9984  synthetic=0.9728  tid=0.7920
  epoch 196  train_loss=1.9489  val_mse=21.629  val_srocc=0.9787  val_krocc=0.9059  sel=0.9179  kadid=0.9021  safesyn=0.9985  synthetic=0.9721  tid=0.7990
  epoch 197  train_loss=1.9292  val_mse=21.716  val_srocc=0.9793  val_krocc=0.9067  sel=0.9216  kadid=0.9032  safesyn=0.9985  synthetic=0.9729  tid=0.8120
  epoch 198  train_loss=2.0259  val_mse=21.089  val_srocc=0.9790  val_krocc=0.9066  sel=0.9196  kadid=0.9013  safesyn=0.9984  synthetic=0.9727  tid=0.8060
  epoch 199  train_loss=1.9537  val_mse=21.432  val_srocc=0.9794  val_krocc=0.9074  sel=0.9185  kadid=0.9007  safesyn=0.9985  synthetic=0.9730  tid=0.8018
  epoch 200  train_loss=2.0995  val_mse=20.876  val_srocc=0.9794  val_krocc=0.9070  sel=0.9235  kadid=0.9057  safesyn=0.9985  synthetic=0.9731  tid=0.8166
  epoch 201  train_loss=1.8647  val_mse=21.307  val_srocc=0.9798  val_krocc=0.9076  sel=0.9217  kadid=0.9039  safesyn=0.9984  synthetic=0.9737  tid=0.8108
  epoch 202  train_loss=1.8882  val_mse=20.717  val_srocc=0.9795  val_krocc=0.9074  sel=0.9229  kadid=0.9065  safesyn=0.9984  synthetic=0.9733  tid=0.8135
  epoch 203  train_loss=1.9755  val_mse=21.553  val_srocc=0.9786  val_krocc=0.9051  sel=0.9190  kadid=0.9020  safesyn=0.9983  synthetic=0.9720  tid=0.8038
  epoch 204  train_loss=2.1345  val_mse=22.511  val_srocc=0.9789  val_krocc=0.9057  sel=0.9176  kadid=0.8998  safesyn=0.9985  synthetic=0.9724  tid=0.7998
  epoch 205  train_loss=1.8267  val_mse=21.766  val_srocc=0.9788  val_krocc=0.9053  sel=0.9223  kadid=0.9063  safesyn=0.9984  synthetic=0.9723  tid=0.8122
  epoch 206  train_loss=1.8692  val_mse=21.595  val_srocc=0.9788  val_krocc=0.9059  sel=0.9235  kadid=0.9062  safesyn=0.9985  synthetic=0.9724  tid=0.8170
  epoch 207  train_loss=2.8816  val_mse=21.825  val_srocc=0.9790  val_krocc=0.9067  sel=0.9218  kadid=0.9053  safesyn=0.9986  synthetic=0.9725  tid=0.8108
  epoch 208  train_loss=1.7774  val_mse=20.889  val_srocc=0.9795  val_krocc=0.9076  sel=0.9242  kadid=0.9068  safesyn=0.9986  synthetic=0.9733  tid=0.8183
  epoch 209  train_loss=2.2080  val_mse=20.796  val_srocc=0.9793  val_krocc=0.9068  sel=0.9186  kadid=0.9015  safesyn=0.9985  synthetic=0.9729  tid=0.8016
  epoch 210  train_loss=1.9241  val_mse=20.857  val_srocc=0.9798  val_krocc=0.9082  sel=0.9193  kadid=0.9016  safesyn=0.9985  synthetic=0.9736  tid=0.8033
  epoch 211  train_loss=1.8993  val_mse=22.261  val_srocc=0.9790  val_krocc=0.9058  sel=0.9190  kadid=0.8983  safesyn=0.9984  synthetic=0.9727  tid=0.8069
  epoch 212  train_loss=2.3587  val_mse=21.788  val_srocc=0.9790  val_krocc=0.9067  sel=0.9218  kadid=0.8985  safesyn=0.9986  synthetic=0.9726  tid=0.8173
  epoch 213  train_loss=1.8788  val_mse=21.190  val_srocc=0.9789  val_krocc=0.9061  sel=0.9192  kadid=0.8993  safesyn=0.9986  synthetic=0.9725  tid=0.8063
  epoch 214  train_loss=1.8284  val_mse=21.388  val_srocc=0.9791  val_krocc=0.9069  sel=0.9133  kadid=0.8995  safesyn=0.9985  synthetic=0.9726  tid=0.7826
  epoch 215  train_loss=2.0837  val_mse=25.918  val_srocc=0.9767  val_krocc=0.9032  sel=0.9187  kadid=0.9010  safesyn=0.9985  synthetic=0.9693  tid=0.8059
  epoch 216  train_loss=1.7622  val_mse=22.675  val_srocc=0.9785  val_krocc=0.9045  sel=0.9198  kadid=0.9043  safesyn=0.9984  synthetic=0.9718  tid=0.8047
  epoch 217  train_loss=1.8525  val_mse=21.765  val_srocc=0.9787  val_krocc=0.9061  sel=0.9225  kadid=0.9045  safesyn=0.9985  synthetic=0.9722  tid=0.8147
  epoch 218  train_loss=1.8275  val_mse=21.575  val_srocc=0.9792  val_krocc=0.9074  sel=0.9186  kadid=0.8998  safesyn=0.9986  synthetic=0.9728  tid=0.8030
  epoch 219  train_loss=2.1223  val_mse=22.602  val_srocc=0.9783  val_krocc=0.9057  sel=0.9193  kadid=0.9035  safesyn=0.9986  synthetic=0.9715  tid=0.8036
  epoch 220  train_loss=1.7513  val_mse=21.907  val_srocc=0.9789  val_krocc=0.9069  sel=0.9199  kadid=0.9021  safesyn=0.9985  synthetic=0.9723  tid=0.8065
  epoch 221  train_loss=1.7275  val_mse=22.320  val_srocc=0.9788  val_krocc=0.9060  sel=0.9216  kadid=0.9023  safesyn=0.9985  synthetic=0.9722  tid=0.8135
  epoch 222  train_loss=1.7748  val_mse=21.848  val_srocc=0.9793  val_krocc=0.9074  sel=0.9238  kadid=0.9103  safesyn=0.9986  synthetic=0.9728  tid=0.8137
  epoch 223  train_loss=1.7711  val_mse=21.702  val_srocc=0.9789  val_krocc=0.9065  sel=0.9260  kadid=0.9098  safesyn=0.9985  synthetic=0.9723  tid=0.8236
  epoch 224  train_loss=1.7813  val_mse=21.464  val_srocc=0.9788  val_krocc=0.9060  sel=0.9252  kadid=0.9085  safesyn=0.9985  synthetic=0.9721  tid=0.8219
  epoch 225  train_loss=1.7225  val_mse=21.708  val_srocc=0.9791  val_krocc=0.9064  sel=0.9217  kadid=0.9062  safesyn=0.9986  synthetic=0.9726  tid=0.8094
  epoch 226  train_loss=1.7733  val_mse=20.947  val_srocc=0.9794  val_krocc=0.9074  sel=0.9237  kadid=0.9101  safesyn=0.9986  synthetic=0.9729  tid=0.8132
  epoch 227  train_loss=1.6928  val_mse=21.040  val_srocc=0.9794  val_krocc=0.9071  sel=0.9178  kadid=0.9073  safesyn=0.9985  synthetic=0.9729  tid=0.7923
  epoch 228  train_loss=1.7992  val_mse=21.682  val_srocc=0.9793  val_krocc=0.9072  sel=0.9235  kadid=0.9081  safesyn=0.9986  synthetic=0.9728  tid=0.8144
  epoch 229  train_loss=1.7561  val_mse=21.394  val_srocc=0.9790  val_krocc=0.9061  sel=0.9213  kadid=0.9083  safesyn=0.9985  synthetic=0.9725  tid=0.8058
  epoch 230  train_loss=1.7560  val_mse=21.257  val_srocc=0.9796  val_krocc=0.9078  sel=0.9219  kadid=0.9092  safesyn=0.9986  synthetic=0.9732  tid=0.8068
  epoch 231  train_loss=1.7892  val_mse=21.066  val_srocc=0.9793  val_krocc=0.9074  sel=0.9222  kadid=0.9094  safesyn=0.9986  synthetic=0.9728  tid=0.8079
  epoch 232  train_loss=1.7072  val_mse=21.509  val_srocc=0.9792  val_krocc=0.9069  sel=0.9231  kadid=0.9097  safesyn=0.9986  synthetic=0.9726  tid=0.8114
  epoch 233  train_loss=1.8158  val_mse=22.303  val_srocc=0.9790  val_krocc=0.9065  sel=0.9237  kadid=0.9082  safesyn=0.9986  synthetic=0.9725  tid=0.8156
  epoch 234  train_loss=1.7676  val_mse=21.101  val_srocc=0.9795  val_krocc=0.9077  sel=0.9101  kadid=0.8974  safesyn=0.9985  synthetic=0.9732  tid=0.7713
  epoch 235  train_loss=1.7083  val_mse=21.153  val_srocc=0.9795  val_krocc=0.9078  sel=0.9250  kadid=0.9083  safesyn=0.9986  synthetic=0.9733  tid=0.8199
  epoch 236  train_loss=1.6797  val_mse=21.404  val_srocc=0.9791  val_krocc=0.9069  sel=0.9227  kadid=0.9063  safesyn=0.9986  synthetic=0.9725  tid=0.8135
  epoch 237  train_loss=1.7428  val_mse=21.884  val_srocc=0.9789  val_krocc=0.9062  sel=0.9146  kadid=0.9045  safesyn=0.9985  synthetic=0.9722  tid=0.7833
  epoch 238  train_loss=1.7320  val_mse=22.021  val_srocc=0.9787  val_krocc=0.9065  sel=0.9225  kadid=0.9075  safesyn=0.9986  synthetic=0.9720  tid=0.8118
  epoch 239  train_loss=1.6398  val_mse=21.108  val_srocc=0.9796  val_krocc=0.9081  sel=0.9223  kadid=0.9050  safesyn=0.9986  synthetic=0.9732  tid=0.8125
  epoch 240  train_loss=1.7151  val_mse=21.239  val_srocc=0.9793  val_krocc=0.9075  sel=0.9249  kadid=0.9088  safesyn=0.9986  synthetic=0.9729  tid=0.8192
  epoch 241  train_loss=1.6292  val_mse=21.512  val_srocc=0.9792  val_krocc=0.9071  sel=0.9171  kadid=0.9002  safesyn=0.9985  synthetic=0.9727  tid=0.7969
  epoch 242  train_loss=1.6858  val_mse=22.051  val_srocc=0.9785  val_krocc=0.9053  sel=0.9243  kadid=0.9091  safesyn=0.9986  synthetic=0.9717  tid=0.8177
  epoch 243  train_loss=1.6834  val_mse=20.839  val_srocc=0.9798  val_krocc=0.9080  sel=0.9227  kadid=0.9077  safesyn=0.9986  synthetic=0.9734  tid=0.8113
  epoch 244  train_loss=1.6962  val_mse=22.156  val_srocc=0.9783  val_krocc=0.9041  sel=0.9119  kadid=0.8969  safesyn=0.9985  synthetic=0.9715  tid=0.7807
  epoch 245  train_loss=1.6913  val_mse=20.928  val_srocc=0.9796  val_krocc=0.9079  sel=0.9212  kadid=0.9105  safesyn=0.9986  synthetic=0.9731  tid=0.8026
  epoch 246  train_loss=1.6642  val_mse=21.099  val_srocc=0.9796  val_krocc=0.9080  sel=0.9274  kadid=0.9103  safesyn=0.9986  synthetic=0.9733  tid=0.8273
  epoch 247  train_loss=1.6463  val_mse=21.363  val_srocc=0.9795  val_krocc=0.9073  sel=0.9209  kadid=0.9085  safesyn=0.9985  synthetic=0.9729  tid=0.8034
  epoch 248  train_loss=1.6375  val_mse=21.578  val_srocc=0.9790  val_krocc=0.9073  sel=0.9233  kadid=0.9077  safesyn=0.9986  synthetic=0.9724  tid=0.8144
  epoch 249  train_loss=1.6912  val_mse=21.181  val_srocc=0.9800  val_krocc=0.9089  sel=0.9186  kadid=0.9067  safesyn=0.9986  synthetic=0.9738  tid=0.7952
  epoch 250  train_loss=1.5801  val_mse=20.540  val_srocc=0.9797  val_krocc=0.9080  sel=0.9255  kadid=0.9118  safesyn=0.9986  synthetic=0.9734  tid=0.8184
  epoch 251  train_loss=1.6857  val_mse=20.583  val_srocc=0.9794  val_krocc=0.9073  sel=0.9226  kadid=0.9057  safesyn=0.9985  synthetic=0.9729  tid=0.8135
  epoch 252  train_loss=1.5965  val_mse=20.526  val_srocc=0.9797  val_krocc=0.9082  sel=0.9214  kadid=0.9069  safesyn=0.9986  synthetic=0.9733  tid=0.8068
  epoch 253  train_loss=1.6425  val_mse=20.997  val_srocc=0.9793  val_krocc=0.9075  sel=0.9248  kadid=0.9094  safesyn=0.9985  synthetic=0.9728  tid=0.8184
  epoch 254  train_loss=1.5707  val_mse=20.913  val_srocc=0.9797  val_krocc=0.9084  sel=0.9239  kadid=0.9088  safesyn=0.9987  synthetic=0.9733  tid=0.8149
  epoch 255  train_loss=1.7387  val_mse=21.091  val_srocc=0.9792  val_krocc=0.9065  sel=0.9219  kadid=0.9056  safesyn=0.9985  synthetic=0.9727  tid=0.8110
  epoch 256  train_loss=1.6182  val_mse=20.457  val_srocc=0.9798  val_krocc=0.9080  sel=0.9228  kadid=0.9114  safesyn=0.9986  synthetic=0.9734  tid=0.8077
  epoch 257  train_loss=1.6157  val_mse=20.559  val_srocc=0.9800  val_krocc=0.9085  sel=0.9246  kadid=0.9097  safesyn=0.9986  synthetic=0.9737  tid=0.8164
  epoch 258  train_loss=1.6351  val_mse=19.984  val_srocc=0.9799  val_krocc=0.9085  sel=0.9266  kadid=0.9117  safesyn=0.9986  synthetic=0.9736  tid=0.8226
  epoch 259  train_loss=1.5757  val_mse=20.674  val_srocc=0.9799  val_krocc=0.9082  sel=0.9193  kadid=0.9073  safesyn=0.9985  synthetic=0.9735  tid=0.7978
  epoch 260  train_loss=1.7748  val_mse=21.932  val_srocc=0.9788  val_krocc=0.9064  sel=0.9117  kadid=0.8989  safesyn=0.9985  synthetic=0.9722  tid=0.7771
  epoch 261  train_loss=1.5845  val_mse=21.506  val_srocc=0.9790  val_krocc=0.9066  sel=0.9270  kadid=0.9081  safesyn=0.9987  synthetic=0.9725  tid=0.8287
  epoch 262  train_loss=1.5680  val_mse=21.855  val_srocc=0.9798  val_krocc=0.9081  sel=0.9216  kadid=0.9098  safesyn=0.9986  synthetic=0.9734  tid=0.8045
  epoch 263  train_loss=1.5892  val_mse=22.067  val_srocc=0.9793  val_krocc=0.9065  sel=0.9228  kadid=0.9083  safesyn=0.9983  synthetic=0.9728  tid=0.8119
  epoch 264  train_loss=1.7683  val_mse=20.480  val_srocc=0.9799  val_krocc=0.9089  sel=0.9259  kadid=0.9097  safesyn=0.9987  synthetic=0.9736  tid=0.8216
  epoch 265  train_loss=1.5130  val_mse=19.941  val_srocc=0.9802  val_krocc=0.9087  sel=0.9231  kadid=0.9104  safesyn=0.9986  synthetic=0.9739  tid=0.8094
  epoch 266  train_loss=1.5802  val_mse=20.849  val_srocc=0.9796  val_krocc=0.9084  sel=0.9258  kadid=0.9105  safesyn=0.9986  synthetic=0.9731  tid=0.8210
  epoch 267  train_loss=1.5717  val_mse=20.410  val_srocc=0.9800  val_krocc=0.9088  sel=0.9145  kadid=0.9027  safesyn=0.9984  synthetic=0.9739  tid=0.7832
  epoch 268  train_loss=1.5279  val_mse=22.032  val_srocc=0.9791  val_krocc=0.9060  sel=0.9230  kadid=0.9106  safesyn=0.9985  synthetic=0.9725  tid=0.8106
  epoch 269  train_loss=1.6069  val_mse=20.236  val_srocc=0.9804  val_krocc=0.9092  sel=0.9244  kadid=0.9068  safesyn=0.9987  synthetic=0.9743  tid=0.8177
  epoch 270  train_loss=1.6670  val_mse=20.024  val_srocc=0.9802  val_krocc=0.9082  sel=0.9264  kadid=0.9101  safesyn=0.9986  synthetic=0.9741  tid=0.8229
  epoch 271  train_loss=1.5212  val_mse=19.907  val_srocc=0.9805  val_krocc=0.9090  sel=0.9244  kadid=0.9071  safesyn=0.9987  synthetic=0.9743  tid=0.8176
  epoch 272  train_loss=1.7303  val_mse=21.551  val_srocc=0.9797  val_krocc=0.9073  sel=0.9163  kadid=0.9061  safesyn=0.9986  synthetic=0.9734  tid=0.7872
  epoch 273  train_loss=1.6835  val_mse=20.946  val_srocc=0.9797  val_krocc=0.9079  sel=0.9238  kadid=0.9107  safesyn=0.9986  synthetic=0.9734  tid=0.8126
  epoch 274  train_loss=2.3254  val_mse=19.861  val_srocc=0.9801  val_krocc=0.9085  sel=0.9258  kadid=0.9032  safesyn=0.9984  synthetic=0.9741  tid=0.8274
  epoch 275  train_loss=1.6327  val_mse=20.282  val_srocc=0.9802  val_krocc=0.9094  sel=0.9244  kadid=0.9111  safesyn=0.9986  synthetic=0.9742  tid=0.8138
  epoch 276  train_loss=1.6960  val_mse=20.756  val_srocc=0.9795  val_krocc=0.9081  sel=0.9239  kadid=0.8988  safesyn=0.9986  synthetic=0.9732  tid=0.8250
  epoch 277  train_loss=1.6401  val_mse=20.819  val_srocc=0.9800  val_krocc=0.9088  sel=0.9181  kadid=0.8817  safesyn=0.9986  synthetic=0.9739  tid=0.8183
  epoch 278  train_loss=2.1971  val_mse=20.617  val_srocc=0.9801  val_krocc=0.9091  sel=0.9174  kadid=0.9057  safesyn=0.9985  synthetic=0.9740  tid=0.7913
  epoch 279  train_loss=2.6125  val_mse=21.075  val_srocc=0.9795  val_krocc=0.9070  sel=0.9120  kadid=0.9073  safesyn=0.9985  synthetic=0.9731  tid=0.7689
  epoch 280  train_loss=1.9079  val_mse=20.799  val_srocc=0.9801  val_krocc=0.9090  sel=0.9261  kadid=0.9077  safesyn=0.9987  synthetic=0.9738  tid=0.8244
  epoch 281  train_loss=2.2795  val_mse=19.443  val_srocc=0.9810  val_krocc=0.9109  sel=0.9253  kadid=0.9105  safesyn=0.9986  synthetic=0.9752  tid=0.8168
  epoch 282  train_loss=1.8294  val_mse=19.969  val_srocc=0.9803  val_krocc=0.9088  sel=0.9276  kadid=0.9164  safesyn=0.9987  synthetic=0.9742  tid=0.8213
  epoch 283  train_loss=1.9464  val_mse=19.851  val_srocc=0.9810  val_krocc=0.9106  sel=0.9217  kadid=0.9122  safesyn=0.9986  synthetic=0.9751  tid=0.8008
  epoch 284  train_loss=1.7781  val_mse=20.332  val_srocc=0.9805  val_krocc=0.9100  sel=0.9263  kadid=0.9124  safesyn=0.9987  synthetic=0.9744  tid=0.8198
  epoch 285  train_loss=1.5430  val_mse=19.760  val_srocc=0.9805  val_krocc=0.9097  sel=0.9256  kadid=0.9120  safesyn=0.9987  synthetic=0.9743  tid=0.8174
  epoch 286  train_loss=1.5561  val_mse=19.409  val_srocc=0.9807  val_krocc=0.9103  sel=0.9255  kadid=0.9132  safesyn=0.9986  synthetic=0.9746  tid=0.8156
  epoch 287  train_loss=1.5797  val_mse=19.525  val_srocc=0.9811  val_krocc=0.9106  sel=0.9286  kadid=0.9116  safesyn=0.9986  synthetic=0.9752  tid=0.8290
  epoch 288  train_loss=1.5506  val_mse=20.729  val_srocc=0.9800  val_krocc=0.9081  sel=0.9251  kadid=0.9137  safesyn=0.9986  synthetic=0.9736  tid=0.8146
  epoch 289  train_loss=1.5991  val_mse=20.905  val_srocc=0.9797  val_krocc=0.9080  sel=0.9267  kadid=0.9149  safesyn=0.9987  synthetic=0.9733  tid=0.8200
  epoch 290  train_loss=1.5233  val_mse=19.896  val_srocc=0.9808  val_krocc=0.9104  sel=0.9240  kadid=0.9105  safesyn=0.9987  synthetic=0.9748  tid=0.8123
  epoch 291  train_loss=1.5646  val_mse=21.882  val_srocc=0.9800  val_krocc=0.9073  sel=0.9096  kadid=0.8963  safesyn=0.9986  synthetic=0.9740  tid=0.7697
  epoch 292  train_loss=2.2497  val_mse=21.919  val_srocc=0.9799  val_krocc=0.9088  sel=0.9238  kadid=0.9136  safesyn=0.9986  synthetic=0.9735  tid=0.8094
  epoch 293  train_loss=1.4924  val_mse=20.315  val_srocc=0.9810  val_krocc=0.9110  sel=0.9246  kadid=0.9153  safesyn=0.9987  synthetic=0.9751  tid=0.8095
  epoch 294  train_loss=1.5396  val_mse=20.469  val_srocc=0.9808  val_krocc=0.9110  sel=0.9271  kadid=0.9172  safesyn=0.9987  synthetic=0.9748  tid=0.8178
  epoch 295  train_loss=1.5323  val_mse=21.482  val_srocc=0.9802  val_krocc=0.9089  sel=0.9242  kadid=0.9158  safesyn=0.9987  synthetic=0.9739  tid=0.8084
  epoch 296  train_loss=1.5800  val_mse=21.384  val_srocc=0.9801  val_krocc=0.9089  sel=0.9230  kadid=0.9148  safesyn=0.9987  synthetic=0.9738  tid=0.8050
  epoch 297  train_loss=1.5741  val_mse=20.232  val_srocc=0.9812  val_krocc=0.9116  sel=0.9269  kadid=0.9163  safesyn=0.9987  synthetic=0.9754  tid=0.8171
  epoch 298  train_loss=1.5631  val_mse=20.639  val_srocc=0.9808  val_krocc=0.9101  sel=0.9257  kadid=0.9150  safesyn=0.9987  synthetic=0.9748  tid=0.8141
  epoch 299  train_loss=1.4999  val_mse=20.408  val_srocc=0.9804  val_krocc=0.9084  sel=0.9246  kadid=0.9161  safesyn=0.9985  synthetic=0.9742  tid=0.8098

Final: best_val_srocc=0.9286 test_srocc=0.9645 test_krocc=0.8759 test_mse=37.293  (185s)

Per-(sweep:codec) test metrics:
  human-kadid:human-kadid  n=  1,375  srocc=+0.9028  krocc=+0.7271  mse=151.129
  human-safesyn:human-safesyn n= 16,761  srocc=+0.9987  krocc=+0.9701  mse=2.376
  human-tid:human-tid      n=    360  srocc=+0.8885  krocc=+0.7005  mse=112.801
  v15r:zenjpeg             n=162,336  srocc=+0.9609  krocc=+0.8688  mse=38.975
  v15rc:zenjpeg            n= 44,460  srocc=+0.9620  krocc=+0.8681  mse=40.183

Wrote /mnt/v/zen/zensim-training/2026-05-07/runs/20260510T115507_class_balance_weight_2026-05-10/
