Device: cuda
Loading 2 parquets:
  unified_v15r_zenjpeg.parquet: 1,785,696 rows × 239 cols (3.4s)
  unified_v15rc_zenjpeg.parquet: 513,570 rows × 239 cols (2.8s)
Total: 2,299,266 rows
Loading safesyn safe_synth_218k_features.csv...
/home/lilith/work/zen/zensim/scripts/v_next/train_v_next_mlp.py:133: PerformanceWarning: DataFrame is highly fragmented.  This is usually the result of calling `frame.insert` many times, which has poor performance.  Consider joining all columns at once using pd.concat(axis=1) instead. To get a de-fragmented frame, use `newframe = frame.copy()`
  out[f"feat_{i}"] = df[f"f{i}"]
/home/lilith/work/zen/zensim/scripts/v_next/train_v_next_mlp.py:133: PerformanceWarning: DataFrame is highly fragmented.  This is usually the result of calling `frame.insert` many times, which has poor performance.  Consider joining all columns at once using pd.concat(axis=1) instead. To get a de-fragmented frame, use `newframe = frame.copy()`
  out[f"feat_{i}"] = df[f"f{i}"]
/home/lilith/work/zen/zensim/scripts/v_next/train_v_next_mlp.py:133: PerformanceWarning: DataFrame is highly fragmented.  This is usually the result of calling `frame.insert` many times, which has poor performance.  Consider joining all columns at once using pd.concat(axis=1) instead. To get a de-fragmented frame, use `newframe = frame.copy()`
  out[f"feat_{i}"] = df[f"f{i}"]
/home/lilith/work/zen/zensim/scripts/v_next/train_v_next_mlp.py:133: PerformanceWarning: DataFrame is highly fragmented.  This is usually the result of calling `frame.insert` many times, which has poor performance.  Consider joining all columns at once using pd.concat(axis=1) instead. To get a de-fragmented frame, use `newframe = frame.copy()`
  out[f"feat_{i}"] = df[f"f{i}"]
/home/lilith/work/zen/zensim/scripts/v_next/train_v_next_mlp.py:133: PerformanceWarning: DataFrame is highly fragmented.  This is usually the result of calling `frame.insert` many times, which has poor performance.  Consider joining all columns at once using pd.concat(axis=1) instead. To get a de-fragmented frame, use `newframe = frame.copy()`
  out[f"feat_{i}"] = df[f"f{i}"]
/home/lilith/work/zen/zensim/scripts/v_next/train_v_next_mlp.py:133: PerformanceWarning: DataFrame is highly fragmented.  This is usually the result of calling `frame.insert` many times, which has poor performance.  Consider joining all columns at once using pd.concat(axis=1) instead. To get a de-fragmented frame, use `newframe = frame.copy()`
  out[f"feat_{i}"] = df[f"f{i}"]
/home/lilith/work/zen/zensim/scripts/v_next/train_v_next_mlp.py:133: PerformanceWarning: DataFrame is highly fragmented.  This is usually the result of calling `frame.insert` many times, which has poor performance.  Consider joining all columns at once using pd.concat(axis=1) instead. To get a de-fragmented frame, use `newframe = frame.copy()`
  out[f"feat_{i}"] = df[f"f{i}"]
/home/lilith/work/zen/zensim/scripts/v_next/train_v_next_mlp.py:133: PerformanceWarning: DataFrame is highly fragmented.  This is usually the result of calling `frame.insert` many times, which has poor performance.  Consider joining all columns at once using pd.concat(axis=1) instead. To get a de-fragmented frame, use `newframe = frame.copy()`
  out[f"feat_{i}"] = df[f"f{i}"]
/home/lilith/work/zen/zensim/scripts/v_next/train_v_next_mlp.py:133: PerformanceWarning: DataFrame is highly fragmented.  This is usually the result of calling `frame.insert` many times, which has poor performance.  Consider joining all columns at once using pd.concat(axis=1) instead. To get a de-fragmented frame, use `newframe = frame.copy()`
  out[f"feat_{i}"] = df[f"f{i}"]
/home/lilith/work/zen/zensim/scripts/v_next/train_v_next_mlp.py:133: PerformanceWarning: DataFrame is highly fragmented.  This is usually the result of calling `frame.insert` many times, which has poor performance.  Consider joining all columns at once using pd.concat(axis=1) instead. To get a de-fragmented frame, use `newframe = frame.copy()`
  out[f"feat_{i}"] = df[f"f{i}"]
/home/lilith/work/zen/zensim/scripts/v_next/train_v_next_mlp.py:133: PerformanceWarning: DataFrame is highly fragmented.  This is usually the result of calling `frame.insert` many times, which has poor performance.  Consider joining all columns at once using pd.concat(axis=1) instead. To get a de-fragmented frame, use `newframe = frame.copy()`
  out[f"feat_{i}"] = df[f"f{i}"]
/home/lilith/work/zen/zensim/scripts/v_next/train_v_next_mlp.py:133: PerformanceWarning: DataFrame is highly fragmented.  This is usually the result of calling `frame.insert` many times, which has poor performance.  Consider joining all columns at once using pd.concat(axis=1) instead. To get a de-fragmented frame, use `newframe = frame.copy()`
  out[f"feat_{i}"] = df[f"f{i}"]
/home/lilith/work/zen/zensim/scripts/v_next/train_v_next_mlp.py:133: PerformanceWarning: DataFrame is highly fragmented.  This is usually the result of calling `frame.insert` many times, which has poor performance.  Consider joining all columns at once using pd.concat(axis=1) instead. To get a de-fragmented frame, use `newframe = frame.copy()`
  out[f"feat_{i}"] = df[f"f{i}"]
/home/lilith/work/zen/zensim/scripts/v_next/train_v_next_mlp.py:133: PerformanceWarning: DataFrame is highly fragmented.  This is usually the result of calling `frame.insert` many times, which has poor performance.  Consider joining all columns at once using pd.concat(axis=1) instead. To get a de-fragmented frame, use `newframe = frame.copy()`
  out[f"feat_{i}"] = df[f"f{i}"]
/home/lilith/work/zen/zensim/scripts/v_next/train_v_next_mlp.py:133: PerformanceWarning: DataFrame is highly fragmented.  This is usually the result of calling `frame.insert` many times, which has poor performance.  Consider joining all columns at once using pd.concat(axis=1) instead. To get a de-fragmented frame, use `newframe = frame.copy()`
  out[f"feat_{i}"] = df[f"f{i}"]
/home/lilith/work/zen/zensim/scripts/v_next/train_v_next_mlp.py:133: PerformanceWarning: DataFrame is highly fragmented.  This is usually the result of calling `frame.insert` many times, which has poor performance.  Consider joining all columns at once using pd.concat(axis=1) instead. To get a de-fragmented frame, use `newframe = frame.copy()`
  out[f"feat_{i}"] = df[f"f{i}"]
/home/lilith/work/zen/zensim/scripts/v_next/train_v_next_mlp.py:133: PerformanceWarning: DataFrame is highly fragmented.  This is usually the result of calling `frame.insert` many times, which has poor performance.  Consider joining all columns at once using pd.concat(axis=1) instead. To get a de-fragmented frame, use `newframe = frame.copy()`
  out[f"feat_{i}"] = df[f"f{i}"]
/home/lilith/work/zen/zensim/scripts/v_next/train_v_next_mlp.py:133: PerformanceWarning: DataFrame is highly fragmented.  This is usually the result of calling `frame.insert` many times, which has poor performance.  Consider joining all columns at once using pd.concat(axis=1) instead. To get a de-fragmented frame, use `newframe = frame.copy()`
  out[f"feat_{i}"] = df[f"f{i}"]
/home/lilith/work/zen/zensim/scripts/v_next/train_v_next_mlp.py:133: PerformanceWarning: DataFrame is highly fragmented.  This is usually the result of calling `frame.insert` many times, which has poor performance.  Consider joining all columns at once using pd.concat(axis=1) instead. To get a de-fragmented frame, use `newframe = frame.copy()`
  out[f"feat_{i}"] = df[f"f{i}"]
/home/lilith/work/zen/zensim/scripts/v_next/train_v_next_mlp.py:133: PerformanceWarning: DataFrame is highly fragmented.  This is usually the result of calling `frame.insert` many times, which has poor performance.  Consider joining all columns at once using pd.concat(axis=1) instead. To get a de-fragmented frame, use `newframe = frame.copy()`
  out[f"feat_{i}"] = df[f"f{i}"]
/home/lilith/work/zen/zensim/scripts/v_next/train_v_next_mlp.py:133: PerformanceWarning: DataFrame is highly fragmented.  This is usually the result of calling `frame.insert` many times, which has poor performance.  Consider joining all columns at once using pd.concat(axis=1) instead. To get a de-fragmented frame, use `newframe = frame.copy()`
  out[f"feat_{i}"] = df[f"f{i}"]
/home/lilith/work/zen/zensim/scripts/v_next/train_v_next_mlp.py:133: PerformanceWarning: DataFrame is highly fragmented.  This is usually the result of calling `frame.insert` many times, which has poor performance.  Consider joining all columns at once using pd.concat(axis=1) instead. To get a de-fragmented frame, use `newframe = frame.copy()`
  out[f"feat_{i}"] = df[f"f{i}"]
/home/lilith/work/zen/zensim/scripts/v_next/train_v_next_mlp.py:133: PerformanceWarning: DataFrame is highly fragmented.  This is usually the result of calling `frame.insert` many times, which has poor performance.  Consider joining all columns at once using pd.concat(axis=1) instead. To get a de-fragmented frame, use `newframe = frame.copy()`
  out[f"feat_{i}"] = df[f"f{i}"]
/home/lilith/work/zen/zensim/scripts/v_next/train_v_next_mlp.py:133: PerformanceWarning: DataFrame is highly fragmented.  This is usually the result of calling `frame.insert` many times, which has poor performance.  Consider joining all columns at once using pd.concat(axis=1) instead. To get a de-fragmented frame, use `newframe = frame.copy()`
  out[f"feat_{i}"] = df[f"f{i}"]
/home/lilith/work/zen/zensim/scripts/v_next/train_v_next_mlp.py:133: PerformanceWarning: DataFrame is highly fragmented.  This is usually the result of calling `frame.insert` many times, which has poor performance.  Consider joining all columns at once using pd.concat(axis=1) instead. To get a de-fragmented frame, use `newframe = frame.copy()`
  out[f"feat_{i}"] = df[f"f{i}"]
/home/lilith/work/zen/zensim/scripts/v_next/train_v_next_mlp.py:133: PerformanceWarning: DataFrame is highly fragmented.  This is usually the result of calling `frame.insert` many times, which has poor performance.  Consider joining all columns at once using pd.concat(axis=1) instead. To get a de-fragmented frame, use `newframe = frame.copy()`
  out[f"feat_{i}"] = df[f"f{i}"]
/home/lilith/work/zen/zensim/scripts/v_next/train_v_next_mlp.py:133: PerformanceWarning: DataFrame is highly fragmented.  This is usually the result of calling `frame.insert` many times, which has poor performance.  Consider joining all columns at once using pd.concat(axis=1) instead. To get a de-fragmented frame, use `newframe = frame.copy()`
  out[f"feat_{i}"] = df[f"f{i}"]
/home/lilith/work/zen/zensim/scripts/v_next/train_v_next_mlp.py:133: PerformanceWarning: DataFrame is highly fragmented.  This is usually the result of calling `frame.insert` many times, which has poor performance.  Consider joining all columns at once using pd.concat(axis=1) instead. To get a de-fragmented frame, use `newframe = frame.copy()`
  out[f"feat_{i}"] = df[f"f{i}"]
/home/lilith/work/zen/zensim/scripts/v_next/train_v_next_mlp.py:133: PerformanceWarning: DataFrame is highly fragmented.  This is usually the result of calling `frame.insert` many times, which has poor performance.  Consider joining all columns at once using pd.concat(axis=1) instead. To get a de-fragmented frame, use `newframe = frame.copy()`
  out[f"feat_{i}"] = df[f"f{i}"]
/home/lilith/work/zen/zensim/scripts/v_next/train_v_next_mlp.py:133: PerformanceWarning: DataFrame is highly fragmented.  This is usually the result of calling `frame.insert` many times, which has poor performance.  Consider joining all columns at once using pd.concat(axis=1) instead. To get a de-fragmented frame, use `newframe = frame.copy()`
  out[f"feat_{i}"] = df[f"f{i}"]
/home/lilith/work/zen/zensim/scripts/v_next/train_v_next_mlp.py:133: PerformanceWarning: DataFrame is highly fragmented.  This is usually the result of calling `frame.insert` many times, which has poor performance.  Consider joining all columns at once using pd.concat(axis=1) instead. To get a de-fragmented frame, use `newframe = frame.copy()`
  out[f"feat_{i}"] = df[f"f{i}"]
/home/lilith/work/zen/zensim/scripts/v_next/train_v_next_mlp.py:133: PerformanceWarning: DataFrame is highly fragmented.  This is usually the result of calling `frame.insert` many times, which has poor performance.  Consider joining all columns at once using pd.concat(axis=1) instead. To get a de-fragmented frame, use `newframe = frame.copy()`
  out[f"feat_{i}"] = df[f"f{i}"]
/home/lilith/work/zen/zensim/scripts/v_next/train_v_next_mlp.py:133: PerformanceWarning: DataFrame is highly fragmented.  This is usually the result of calling `frame.insert` many times, which has poor performance.  Consider joining all columns at once using pd.concat(axis=1) instead. To get a de-fragmented frame, use `newframe = frame.copy()`
  out[f"feat_{i}"] = df[f"f{i}"]
/home/lilith/work/zen/zensim/scripts/v_next/train_v_next_mlp.py:133: PerformanceWarning: DataFrame is highly fragmented.  This is usually the result of calling `frame.insert` many times, which has poor performance.  Consider joining all columns at once using pd.concat(axis=1) instead. To get a de-fragmented frame, use `newframe = frame.copy()`
  out[f"feat_{i}"] = df[f"f{i}"]
/home/lilith/work/zen/zensim/scripts/v_next/train_v_next_mlp.py:133: PerformanceWarning: DataFrame is highly fragmented.  This is usually the result of calling `frame.insert` many times, which has poor performance.  Consider joining all columns at once using pd.concat(axis=1) instead. To get a de-fragmented frame, use `newframe = frame.copy()`
  out[f"feat_{i}"] = df[f"f{i}"]
/home/lilith/work/zen/zensim/scripts/v_next/train_v_next_mlp.py:133: PerformanceWarning: DataFrame is highly fragmented.  This is usually the result of calling `frame.insert` many times, which has poor performance.  Consider joining all columns at once using pd.concat(axis=1) instead. To get a de-fragmented frame, use `newframe = frame.copy()`
  out[f"feat_{i}"] = df[f"f{i}"]
/home/lilith/work/zen/zensim/scripts/v_next/train_v_next_mlp.py:133: PerformanceWarning: DataFrame is highly fragmented.  This is usually the result of calling `frame.insert` many times, which has poor performance.  Consider joining all columns at once using pd.concat(axis=1) instead. To get a de-fragmented frame, use `newframe = frame.copy()`
  out[f"feat_{i}"] = df[f"f{i}"]
/home/lilith/work/zen/zensim/scripts/v_next/train_v_next_mlp.py:133: PerformanceWarning: DataFrame is highly fragmented.  This is usually the result of calling `frame.insert` many times, which has poor performance.  Consider joining all columns at once using pd.concat(axis=1) instead. To get a de-fragmented frame, use `newframe = frame.copy()`
  out[f"feat_{i}"] = df[f"f{i}"]
/home/lilith/work/zen/zensim/scripts/v_next/train_v_next_mlp.py:133: PerformanceWarning: DataFrame is highly fragmented.  This is usually the result of calling `frame.insert` many times, which has poor performance.  Consider joining all columns at once using pd.concat(axis=1) instead. To get a de-fragmented frame, use `newframe = frame.copy()`
  out[f"feat_{i}"] = df[f"f{i}"]
/home/lilith/work/zen/zensim/scripts/v_next/train_v_next_mlp.py:133: PerformanceWarning: DataFrame is highly fragmented.  This is usually the result of calling `frame.insert` many times, which has poor performance.  Consider joining all columns at once using pd.concat(axis=1) instead. To get a de-fragmented frame, use `newframe = frame.copy()`
  out[f"feat_{i}"] = df[f"f{i}"]
/home/lilith/work/zen/zensim/scripts/v_next/train_v_next_mlp.py:133: PerformanceWarning: DataFrame is highly fragmented.  This is usually the result of calling `frame.insert` many times, which has poor performance.  Consider joining all columns at once using pd.concat(axis=1) instead. To get a de-fragmented frame, use `newframe = frame.copy()`
  out[f"feat_{i}"] = df[f"f{i}"]
/home/lilith/work/zen/zensim/scripts/v_next/train_v_next_mlp.py:133: PerformanceWarning: DataFrame is highly fragmented.  This is usually the result of calling `frame.insert` many times, which has poor performance.  Consider joining all columns at once using pd.concat(axis=1) instead. To get a de-fragmented frame, use `newframe = frame.copy()`
  out[f"feat_{i}"] = df[f"f{i}"]
/home/lilith/work/zen/zensim/scripts/v_next/train_v_next_mlp.py:133: PerformanceWarning: DataFrame is highly fragmented.  This is usually the result of calling `frame.insert` many times, which has poor performance.  Consider joining all columns at once using pd.concat(axis=1) instead. To get a de-fragmented frame, use `newframe = frame.copy()`
  out[f"feat_{i}"] = df[f"f{i}"]
/home/lilith/work/zen/zensim/scripts/v_next/train_v_next_mlp.py:133: PerformanceWarning: DataFrame is highly fragmented.  This is usually the result of calling `frame.insert` many times, which has poor performance.  Consider joining all columns at once using pd.concat(axis=1) instead. To get a de-fragmented frame, use `newframe = frame.copy()`
  out[f"feat_{i}"] = df[f"f{i}"]
/home/lilith/work/zen/zensim/scripts/v_next/train_v_next_mlp.py:133: PerformanceWarning: DataFrame is highly fragmented.  This is usually the result of calling `frame.insert` many times, which has poor performance.  Consider joining all columns at once using pd.concat(axis=1) instead. To get a de-fragmented frame, use `newframe = frame.copy()`
  out[f"feat_{i}"] = df[f"f{i}"]
/home/lilith/work/zen/zensim/scripts/v_next/train_v_next_mlp.py:133: PerformanceWarning: DataFrame is highly fragmented.  This is usually the result of calling `frame.insert` many times, which has poor performance.  Consider joining all columns at once using pd.concat(axis=1) instead. To get a de-fragmented frame, use `newframe = frame.copy()`
  out[f"feat_{i}"] = df[f"f{i}"]
/home/lilith/work/zen/zensim/scripts/v_next/train_v_next_mlp.py:133: PerformanceWarning: DataFrame is highly fragmented.  This is usually the result of calling `frame.insert` many times, which has poor performance.  Consider joining all columns at once using pd.concat(axis=1) instead. To get a de-fragmented frame, use `newframe = frame.copy()`
  out[f"feat_{i}"] = df[f"f{i}"]
/home/lilith/work/zen/zensim/scripts/v_next/train_v_next_mlp.py:133: PerformanceWarning: DataFrame is highly fragmented.  This is usually the result of calling `frame.insert` many times, which has poor performance.  Consider joining all columns at once using pd.concat(axis=1) instead. To get a de-fragmented frame, use `newframe = frame.copy()`
  out[f"feat_{i}"] = df[f"f{i}"]
/home/lilith/work/zen/zensim/scripts/v_next/train_v_next_mlp.py:133: PerformanceWarning: DataFrame is highly fragmented.  This is usually the result of calling `frame.insert` many times, which has poor performance.  Consider joining all columns at once using pd.concat(axis=1) instead. To get a de-fragmented frame, use `newframe = frame.copy()`
  out[f"feat_{i}"] = df[f"f{i}"]
/home/lilith/work/zen/zensim/scripts/v_next/train_v_next_mlp.py:133: PerformanceWarning: DataFrame is highly fragmented.  This is usually the result of calling `frame.insert` many times, which has poor performance.  Consider joining all columns at once using pd.concat(axis=1) instead. To get a de-fragmented frame, use `newframe = frame.copy()`
  out[f"feat_{i}"] = df[f"f{i}"]
/home/lilith/work/zen/zensim/scripts/v_next/train_v_next_mlp.py:133: PerformanceWarning: DataFrame is highly fragmented.  This is usually the result of calling `frame.insert` many times, which has poor performance.  Consider joining all columns at once using pd.concat(axis=1) instead. To get a de-fragmented frame, use `newframe = frame.copy()`
  out[f"feat_{i}"] = df[f"f{i}"]
/home/lilith/work/zen/zensim/scripts/v_next/train_v_next_mlp.py:133: PerformanceWarning: DataFrame is highly fragmented.  This is usually the result of calling `frame.insert` many times, which has poor performance.  Consider joining all columns at once using pd.concat(axis=1) instead. To get a de-fragmented frame, use `newframe = frame.copy()`
  out[f"feat_{i}"] = df[f"f{i}"]
/home/lilith/work/zen/zensim/scripts/v_next/train_v_next_mlp.py:133: PerformanceWarning: DataFrame is highly fragmented.  This is usually the result of calling `frame.insert` many times, which has poor performance.  Consider joining all columns at once using pd.concat(axis=1) instead. To get a de-fragmented frame, use `newframe = frame.copy()`
  out[f"feat_{i}"] = df[f"f{i}"]
/home/lilith/work/zen/zensim/scripts/v_next/train_v_next_mlp.py:133: PerformanceWarning: DataFrame is highly fragmented.  This is usually the result of calling `frame.insert` many times, which has poor performance.  Consider joining all columns at once using pd.concat(axis=1) instead. To get a de-fragmented frame, use `newframe = frame.copy()`
  out[f"feat_{i}"] = df[f"f{i}"]
/home/lilith/work/zen/zensim/scripts/v_next/train_v_next_mlp.py:133: PerformanceWarning: DataFrame is highly fragmented.  This is usually the result of calling `frame.insert` many times, which has poor performance.  Consider joining all columns at once using pd.concat(axis=1) instead. To get a de-fragmented frame, use `newframe = frame.copy()`
  out[f"feat_{i}"] = df[f"f{i}"]
/home/lilith/work/zen/zensim/scripts/v_next/train_v_next_mlp.py:133: PerformanceWarning: DataFrame is highly fragmented.  This is usually the result of calling `frame.insert` many times, which has poor performance.  Consider joining all columns at once using pd.concat(axis=1) instead. To get a de-fragmented frame, use `newframe = frame.copy()`
  out[f"feat_{i}"] = df[f"f{i}"]
/home/lilith/work/zen/zensim/scripts/v_next/train_v_next_mlp.py:133: PerformanceWarning: DataFrame is highly fragmented.  This is usually the result of calling `frame.insert` many times, which has poor performance.  Consider joining all columns at once using pd.concat(axis=1) instead. To get a de-fragmented frame, use `newframe = frame.copy()`
  out[f"feat_{i}"] = df[f"f{i}"]
/home/lilith/work/zen/zensim/scripts/v_next/train_v_next_mlp.py:133: PerformanceWarning: DataFrame is highly fragmented.  This is usually the result of calling `frame.insert` many times, which has poor performance.  Consider joining all columns at once using pd.concat(axis=1) instead. To get a de-fragmented frame, use `newframe = frame.copy()`
  out[f"feat_{i}"] = df[f"f{i}"]
/home/lilith/work/zen/zensim/scripts/v_next/train_v_next_mlp.py:133: PerformanceWarning: DataFrame is highly fragmented.  This is usually the result of calling `frame.insert` many times, which has poor performance.  Consider joining all columns at once using pd.concat(axis=1) instead. To get a de-fragmented frame, use `newframe = frame.copy()`
  out[f"feat_{i}"] = df[f"f{i}"]
/home/lilith/work/zen/zensim/scripts/v_next/train_v_next_mlp.py:133: PerformanceWarning: DataFrame is highly fragmented.  This is usually the result of calling `frame.insert` many times, which has poor performance.  Consider joining all columns at once using pd.concat(axis=1) instead. To get a de-fragmented frame, use `newframe = frame.copy()`
  out[f"feat_{i}"] = df[f"f{i}"]
/home/lilith/work/zen/zensim/scripts/v_next/train_v_next_mlp.py:133: PerformanceWarning: DataFrame is highly fragmented.  This is usually the result of calling `frame.insert` many times, which has poor performance.  Consider joining all columns at once using pd.concat(axis=1) instead. To get a de-fragmented frame, use `newframe = frame.copy()`
  out[f"feat_{i}"] = df[f"f{i}"]
/home/lilith/work/zen/zensim/scripts/v_next/train_v_next_mlp.py:133: PerformanceWarning: DataFrame is highly fragmented.  This is usually the result of calling `frame.insert` many times, which has poor performance.  Consider joining all columns at once using pd.concat(axis=1) instead. To get a de-fragmented frame, use `newframe = frame.copy()`
  out[f"feat_{i}"] = df[f"f{i}"]
/home/lilith/work/zen/zensim/scripts/v_next/train_v_next_mlp.py:133: PerformanceWarning: DataFrame is highly fragmented.  This is usually the result of calling `frame.insert` many times, which has poor performance.  Consider joining all columns at once using pd.concat(axis=1) instead. To get a de-fragmented frame, use `newframe = frame.copy()`
  out[f"feat_{i}"] = df[f"f{i}"]
/home/lilith/work/zen/zensim/scripts/v_next/train_v_next_mlp.py:133: PerformanceWarning: DataFrame is highly fragmented.  This is usually the result of calling `frame.insert` many times, which has poor performance.  Consider joining all columns at once using pd.concat(axis=1) instead. To get a de-fragmented frame, use `newframe = frame.copy()`
  out[f"feat_{i}"] = df[f"f{i}"]
/home/lilith/work/zen/zensim/scripts/v_next/train_v_next_mlp.py:133: PerformanceWarning: DataFrame is highly fragmented.  This is usually the result of calling `frame.insert` many times, which has poor performance.  Consider joining all columns at once using pd.concat(axis=1) instead. To get a de-fragmented frame, use `newframe = frame.copy()`
  out[f"feat_{i}"] = df[f"f{i}"]
/home/lilith/work/zen/zensim/scripts/v_next/train_v_next_mlp.py:133: PerformanceWarning: DataFrame is highly fragmented.  This is usually the result of calling `frame.insert` many times, which has poor performance.  Consider joining all columns at once using pd.concat(axis=1) instead. To get a de-fragmented frame, use `newframe = frame.copy()`
  out[f"feat_{i}"] = df[f"f{i}"]
/home/lilith/work/zen/zensim/scripts/v_next/train_v_next_mlp.py:133: PerformanceWarning: DataFrame is highly fragmented.  This is usually the result of calling `frame.insert` many times, which has poor performance.  Consider joining all columns at once using pd.concat(axis=1) instead. To get a de-fragmented frame, use `newframe = frame.copy()`
  out[f"feat_{i}"] = df[f"f{i}"]
/home/lilith/work/zen/zensim/scripts/v_next/train_v_next_mlp.py:133: PerformanceWarning: DataFrame is highly fragmented.  This is usually the result of calling `frame.insert` many times, which has poor performance.  Consider joining all columns at once using pd.concat(axis=1) instead. To get a de-fragmented frame, use `newframe = frame.copy()`
  out[f"feat_{i}"] = df[f"f{i}"]
/home/lilith/work/zen/zensim/scripts/v_next/train_v_next_mlp.py:133: PerformanceWarning: DataFrame is highly fragmented.  This is usually the result of calling `frame.insert` many times, which has poor performance.  Consider joining all columns at once using pd.concat(axis=1) instead. To get a de-fragmented frame, use `newframe = frame.copy()`
  out[f"feat_{i}"] = df[f"f{i}"]
/home/lilith/work/zen/zensim/scripts/v_next/train_v_next_mlp.py:133: PerformanceWarning: DataFrame is highly fragmented.  This is usually the result of calling `frame.insert` many times, which has poor performance.  Consider joining all columns at once using pd.concat(axis=1) instead. To get a de-fragmented frame, use `newframe = frame.copy()`
  out[f"feat_{i}"] = df[f"f{i}"]
/home/lilith/work/zen/zensim/scripts/v_next/train_v_next_mlp.py:133: PerformanceWarning: DataFrame is highly fragmented.  This is usually the result of calling `frame.insert` many times, which has poor performance.  Consider joining all columns at once using pd.concat(axis=1) instead. To get a de-fragmented frame, use `newframe = frame.copy()`
  out[f"feat_{i}"] = df[f"f{i}"]
/home/lilith/work/zen/zensim/scripts/v_next/train_v_next_mlp.py:133: PerformanceWarning: DataFrame is highly fragmented.  This is usually the result of calling `frame.insert` many times, which has poor performance.  Consider joining all columns at once using pd.concat(axis=1) instead. To get a de-fragmented frame, use `newframe = frame.copy()`
  out[f"feat_{i}"] = df[f"f{i}"]
/home/lilith/work/zen/zensim/scripts/v_next/train_v_next_mlp.py:133: PerformanceWarning: DataFrame is highly fragmented.  This is usually the result of calling `frame.insert` many times, which has poor performance.  Consider joining all columns at once using pd.concat(axis=1) instead. To get a de-fragmented frame, use `newframe = frame.copy()`
  out[f"feat_{i}"] = df[f"f{i}"]
/home/lilith/work/zen/zensim/scripts/v_next/train_v_next_mlp.py:133: PerformanceWarning: DataFrame is highly fragmented.  This is usually the result of calling `frame.insert` many times, which has poor performance.  Consider joining all columns at once using pd.concat(axis=1) instead. To get a de-fragmented frame, use `newframe = frame.copy()`
  out[f"feat_{i}"] = df[f"f{i}"]
/home/lilith/work/zen/zensim/scripts/v_next/train_v_next_mlp.py:133: PerformanceWarning: DataFrame is highly fragmented.  This is usually the result of calling `frame.insert` many times, which has poor performance.  Consider joining all columns at once using pd.concat(axis=1) instead. To get a de-fragmented frame, use `newframe = frame.copy()`
  out[f"feat_{i}"] = df[f"f{i}"]
/home/lilith/work/zen/zensim/scripts/v_next/train_v_next_mlp.py:133: PerformanceWarning: DataFrame is highly fragmented.  This is usually the result of calling `frame.insert` many times, which has poor performance.  Consider joining all columns at once using pd.concat(axis=1) instead. To get a de-fragmented frame, use `newframe = frame.copy()`
  out[f"feat_{i}"] = df[f"f{i}"]
/home/lilith/work/zen/zensim/scripts/v_next/train_v_next_mlp.py:133: PerformanceWarning: DataFrame is highly fragmented.  This is usually the result of calling `frame.insert` many times, which has poor performance.  Consider joining all columns at once using pd.concat(axis=1) instead. To get a de-fragmented frame, use `newframe = frame.copy()`
  out[f"feat_{i}"] = df[f"f{i}"]
/home/lilith/work/zen/zensim/scripts/v_next/train_v_next_mlp.py:133: PerformanceWarning: DataFrame is highly fragmented.  This is usually the result of calling `frame.insert` many times, which has poor performance.  Consider joining all columns at once using pd.concat(axis=1) instead. To get a de-fragmented frame, use `newframe = frame.copy()`
  out[f"feat_{i}"] = df[f"f{i}"]
/home/lilith/work/zen/zensim/scripts/v_next/train_v_next_mlp.py:133: PerformanceWarning: DataFrame is highly fragmented.  This is usually the result of calling `frame.insert` many times, which has poor performance.  Consider joining all columns at once using pd.concat(axis=1) instead. To get a de-fragmented frame, use `newframe = frame.copy()`
  out[f"feat_{i}"] = df[f"f{i}"]
/home/lilith/work/zen/zensim/scripts/v_next/train_v_next_mlp.py:133: PerformanceWarning: DataFrame is highly fragmented.  This is usually the result of calling `frame.insert` many times, which has poor performance.  Consider joining all columns at once using pd.concat(axis=1) instead. To get a de-fragmented frame, use `newframe = frame.copy()`
  out[f"feat_{i}"] = df[f"f{i}"]
/home/lilith/work/zen/zensim/scripts/v_next/train_v_next_mlp.py:133: PerformanceWarning: DataFrame is highly fragmented.  This is usually the result of calling `frame.insert` many times, which has poor performance.  Consider joining all columns at once using pd.concat(axis=1) instead. To get a de-fragmented frame, use `newframe = frame.copy()`
  out[f"feat_{i}"] = df[f"f{i}"]
/home/lilith/work/zen/zensim/scripts/v_next/train_v_next_mlp.py:133: PerformanceWarning: DataFrame is highly fragmented.  This is usually the result of calling `frame.insert` many times, which has poor performance.  Consider joining all columns at once using pd.concat(axis=1) instead. To get a de-fragmented frame, use `newframe = frame.copy()`
  out[f"feat_{i}"] = df[f"f{i}"]
/home/lilith/work/zen/zensim/scripts/v_next/train_v_next_mlp.py:133: PerformanceWarning: DataFrame is highly fragmented.  This is usually the result of calling `frame.insert` many times, which has poor performance.  Consider joining all columns at once using pd.concat(axis=1) instead. To get a de-fragmented frame, use `newframe = frame.copy()`
  out[f"feat_{i}"] = df[f"f{i}"]
/home/lilith/work/zen/zensim/scripts/v_next/train_v_next_mlp.py:133: PerformanceWarning: DataFrame is highly fragmented.  This is usually the result of calling `frame.insert` many times, which has poor performance.  Consider joining all columns at once using pd.concat(axis=1) instead. To get a de-fragmented frame, use `newframe = frame.copy()`
  out[f"feat_{i}"] = df[f"f{i}"]
/home/lilith/work/zen/zensim/scripts/v_next/train_v_next_mlp.py:133: PerformanceWarning: DataFrame is highly fragmented.  This is usually the result of calling `frame.insert` many times, which has poor performance.  Consider joining all columns at once using pd.concat(axis=1) instead. To get a de-fragmented frame, use `newframe = frame.copy()`
  out[f"feat_{i}"] = df[f"f{i}"]
/home/lilith/work/zen/zensim/scripts/v_next/train_v_next_mlp.py:133: PerformanceWarning: DataFrame is highly fragmented.  This is usually the result of calling `frame.insert` many times, which has poor performance.  Consider joining all columns at once using pd.concat(axis=1) instead. To get a de-fragmented frame, use `newframe = frame.copy()`
  out[f"feat_{i}"] = df[f"f{i}"]
/home/lilith/work/zen/zensim/scripts/v_next/train_v_next_mlp.py:133: PerformanceWarning: DataFrame is highly fragmented.  This is usually the result of calling `frame.insert` many times, which has poor performance.  Consider joining all columns at once using pd.concat(axis=1) instead. To get a de-fragmented frame, use `newframe = frame.copy()`
  out[f"feat_{i}"] = df[f"f{i}"]
/home/lilith/work/zen/zensim/scripts/v_next/train_v_next_mlp.py:133: PerformanceWarning: DataFrame is highly fragmented.  This is usually the result of calling `frame.insert` many times, which has poor performance.  Consider joining all columns at once using pd.concat(axis=1) instead. To get a de-fragmented frame, use `newframe = frame.copy()`
  out[f"feat_{i}"] = df[f"f{i}"]
/home/lilith/work/zen/zensim/scripts/v_next/train_v_next_mlp.py:133: PerformanceWarning: DataFrame is highly fragmented.  This is usually the result of calling `frame.insert` many times, which has poor performance.  Consider joining all columns at once using pd.concat(axis=1) instead. To get a de-fragmented frame, use `newframe = frame.copy()`
  out[f"feat_{i}"] = df[f"f{i}"]
/home/lilith/work/zen/zensim/scripts/v_next/train_v_next_mlp.py:133: PerformanceWarning: DataFrame is highly fragmented.  This is usually the result of calling `frame.insert` many times, which has poor performance.  Consider joining all columns at once using pd.concat(axis=1) instead. To get a de-fragmented frame, use `newframe = frame.copy()`
  out[f"feat_{i}"] = df[f"f{i}"]
/home/lilith/work/zen/zensim/scripts/v_next/train_v_next_mlp.py:133: PerformanceWarning: DataFrame is highly fragmented.  This is usually the result of calling `frame.insert` many times, which has poor performance.  Consider joining all columns at once using pd.concat(axis=1) instead. To get a de-fragmented frame, use `newframe = frame.copy()`
  out[f"feat_{i}"] = df[f"f{i}"]
/home/lilith/work/zen/zensim/scripts/v_next/train_v_next_mlp.py:133: PerformanceWarning: DataFrame is highly fragmented.  This is usually the result of calling `frame.insert` many times, which has poor performance.  Consider joining all columns at once using pd.concat(axis=1) instead. To get a de-fragmented frame, use `newframe = frame.copy()`
  out[f"feat_{i}"] = df[f"f{i}"]
/home/lilith/work/zen/zensim/scripts/v_next/train_v_next_mlp.py:133: PerformanceWarning: DataFrame is highly fragmented.  This is usually the result of calling `frame.insert` many times, which has poor performance.  Consider joining all columns at once using pd.concat(axis=1) instead. To get a de-fragmented frame, use `newframe = frame.copy()`
  out[f"feat_{i}"] = df[f"f{i}"]
/home/lilith/work/zen/zensim/scripts/v_next/train_v_next_mlp.py:133: PerformanceWarning: DataFrame is highly fragmented.  This is usually the result of calling `frame.insert` many times, which has poor performance.  Consider joining all columns at once using pd.concat(axis=1) instead. To get a de-fragmented frame, use `newframe = frame.copy()`
  out[f"feat_{i}"] = df[f"f{i}"]
/home/lilith/work/zen/zensim/scripts/v_next/train_v_next_mlp.py:133: PerformanceWarning: DataFrame is highly fragmented.  This is usually the result of calling `frame.insert` many times, which has poor performance.  Consider joining all columns at once using pd.concat(axis=1) instead. To get a de-fragmented frame, use `newframe = frame.copy()`
  out[f"feat_{i}"] = df[f"f{i}"]
/home/lilith/work/zen/zensim/scripts/v_next/train_v_next_mlp.py:133: PerformanceWarning: DataFrame is highly fragmented.  This is usually the result of calling `frame.insert` many times, which has poor performance.  Consider joining all columns at once using pd.concat(axis=1) instead. To get a de-fragmented frame, use `newframe = frame.copy()`
  out[f"feat_{i}"] = df[f"f{i}"]
/home/lilith/work/zen/zensim/scripts/v_next/train_v_next_mlp.py:133: PerformanceWarning: DataFrame is highly fragmented.  This is usually the result of calling `frame.insert` many times, which has poor performance.  Consider joining all columns at once using pd.concat(axis=1) instead. To get a de-fragmented frame, use `newframe = frame.copy()`
  out[f"feat_{i}"] = df[f"f{i}"]
/home/lilith/work/zen/zensim/scripts/v_next/train_v_next_mlp.py:133: PerformanceWarning: DataFrame is highly fragmented.  This is usually the result of calling `frame.insert` many times, which has poor performance.  Consider joining all columns at once using pd.concat(axis=1) instead. To get a de-fragmented frame, use `newframe = frame.copy()`
  out[f"feat_{i}"] = df[f"f{i}"]
/home/lilith/work/zen/zensim/scripts/v_next/train_v_next_mlp.py:133: PerformanceWarning: DataFrame is highly fragmented.  This is usually the result of calling `frame.insert` many times, which has poor performance.  Consider joining all columns at once using pd.concat(axis=1) instead. To get a de-fragmented frame, use `newframe = frame.copy()`
  out[f"feat_{i}"] = df[f"f{i}"]
/home/lilith/work/zen/zensim/scripts/v_next/train_v_next_mlp.py:133: PerformanceWarning: DataFrame is highly fragmented.  This is usually the result of calling `frame.insert` many times, which has poor performance.  Consider joining all columns at once using pd.concat(axis=1) instead. To get a de-fragmented frame, use `newframe = frame.copy()`
  out[f"feat_{i}"] = df[f"f{i}"]
/home/lilith/work/zen/zensim/scripts/v_next/train_v_next_mlp.py:133: PerformanceWarning: DataFrame is highly fragmented.  This is usually the result of calling `frame.insert` many times, which has poor performance.  Consider joining all columns at once using pd.concat(axis=1) instead. To get a de-fragmented frame, use `newframe = frame.copy()`
  out[f"feat_{i}"] = df[f"f{i}"]
/home/lilith/work/zen/zensim/scripts/v_next/train_v_next_mlp.py:133: PerformanceWarning: DataFrame is highly fragmented.  This is usually the result of calling `frame.insert` many times, which has poor performance.  Consider joining all columns at once using pd.concat(axis=1) instead. To get a de-fragmented frame, use `newframe = frame.copy()`
  out[f"feat_{i}"] = df[f"f{i}"]
/home/lilith/work/zen/zensim/scripts/v_next/train_v_next_mlp.py:133: PerformanceWarning: DataFrame is highly fragmented.  This is usually the result of calling `frame.insert` many times, which has poor performance.  Consider joining all columns at once using pd.concat(axis=1) instead. To get a de-fragmented frame, use `newframe = frame.copy()`
  out[f"feat_{i}"] = df[f"f{i}"]
/home/lilith/work/zen/zensim/scripts/v_next/train_v_next_mlp.py:133: PerformanceWarning: DataFrame is highly fragmented.  This is usually the result of calling `frame.insert` many times, which has poor performance.  Consider joining all columns at once using pd.concat(axis=1) instead. To get a de-fragmented frame, use `newframe = frame.copy()`
  out[f"feat_{i}"] = df[f"f{i}"]
/home/lilith/work/zen/zensim/scripts/v_next/train_v_next_mlp.py:133: PerformanceWarning: DataFrame is highly fragmented.  This is usually the result of calling `frame.insert` many times, which has poor performance.  Consider joining all columns at once using pd.concat(axis=1) instead. To get a de-fragmented frame, use `newframe = frame.copy()`
  out[f"feat_{i}"] = df[f"f{i}"]
/home/lilith/work/zen/zensim/scripts/v_next/train_v_next_mlp.py:133: PerformanceWarning: DataFrame is highly fragmented.  This is usually the result of calling `frame.insert` many times, which has poor performance.  Consider joining all columns at once using pd.concat(axis=1) instead. To get a de-fragmented frame, use `newframe = frame.copy()`
  out[f"feat_{i}"] = df[f"f{i}"]
/home/lilith/work/zen/zensim/scripts/v_next/train_v_next_mlp.py:133: PerformanceWarning: DataFrame is highly fragmented.  This is usually the result of calling `frame.insert` many times, which has poor performance.  Consider joining all columns at once using pd.concat(axis=1) instead. To get a de-fragmented frame, use `newframe = frame.copy()`
  out[f"feat_{i}"] = df[f"f{i}"]
/home/lilith/work/zen/zensim/scripts/v_next/train_v_next_mlp.py:133: PerformanceWarning: DataFrame is highly fragmented.  This is usually the result of calling `frame.insert` many times, which has poor performance.  Consider joining all columns at once using pd.concat(axis=1) instead. To get a de-fragmented frame, use `newframe = frame.copy()`
  out[f"feat_{i}"] = df[f"f{i}"]
/home/lilith/work/zen/zensim/scripts/v_next/train_v_next_mlp.py:133: PerformanceWarning: DataFrame is highly fragmented.  This is usually the result of calling `frame.insert` many times, which has poor performance.  Consider joining all columns at once using pd.concat(axis=1) instead. To get a de-fragmented frame, use `newframe = frame.copy()`
  out[f"feat_{i}"] = df[f"f{i}"]
/home/lilith/work/zen/zensim/scripts/v_next/train_v_next_mlp.py:133: PerformanceWarning: DataFrame is highly fragmented.  This is usually the result of calling `frame.insert` many times, which has poor performance.  Consider joining all columns at once using pd.concat(axis=1) instead. To get a de-fragmented frame, use `newframe = frame.copy()`
  out[f"feat_{i}"] = df[f"f{i}"]
/home/lilith/work/zen/zensim/scripts/v_next/train_v_next_mlp.py:133: PerformanceWarning: DataFrame is highly fragmented.  This is usually the result of calling `frame.insert` many times, which has poor performance.  Consider joining all columns at once using pd.concat(axis=1) instead. To get a de-fragmented frame, use `newframe = frame.copy()`
  out[f"feat_{i}"] = df[f"f{i}"]
/home/lilith/work/zen/zensim/scripts/v_next/train_v_next_mlp.py:133: PerformanceWarning: DataFrame is highly fragmented.  This is usually the result of calling `frame.insert` many times, which has poor performance.  Consider joining all columns at once using pd.concat(axis=1) instead. To get a de-fragmented frame, use `newframe = frame.copy()`
  out[f"feat_{i}"] = df[f"f{i}"]
/home/lilith/work/zen/zensim/scripts/v_next/train_v_next_mlp.py:133: PerformanceWarning: DataFrame is highly fragmented.  This is usually the result of calling `frame.insert` many times, which has poor performance.  Consider joining all columns at once using pd.concat(axis=1) instead. To get a de-fragmented frame, use `newframe = frame.copy()`
  out[f"feat_{i}"] = df[f"f{i}"]
/home/lilith/work/zen/zensim/scripts/v_next/train_v_next_mlp.py:133: PerformanceWarning: DataFrame is highly fragmented.  This is usually the result of calling `frame.insert` many times, which has poor performance.  Consider joining all columns at once using pd.concat(axis=1) instead. To get a de-fragmented frame, use `newframe = frame.copy()`
  out[f"feat_{i}"] = df[f"f{i}"]
/home/lilith/work/zen/zensim/scripts/v_next/train_v_next_mlp.py:133: PerformanceWarning: DataFrame is highly fragmented.  This is usually the result of calling `frame.insert` many times, which has poor performance.  Consider joining all columns at once using pd.concat(axis=1) instead. To get a de-fragmented frame, use `newframe = frame.copy()`
  out[f"feat_{i}"] = df[f"f{i}"]
/home/lilith/work/zen/zensim/scripts/v_next/train_v_next_mlp.py:133: PerformanceWarning: DataFrame is highly fragmented.  This is usually the result of calling `frame.insert` many times, which has poor performance.  Consider joining all columns at once using pd.concat(axis=1) instead. To get a de-fragmented frame, use `newframe = frame.copy()`
  out[f"feat_{i}"] = df[f"f{i}"]
/home/lilith/work/zen/zensim/scripts/v_next/train_v_next_mlp.py:133: PerformanceWarning: DataFrame is highly fragmented.  This is usually the result of calling `frame.insert` many times, which has poor performance.  Consider joining all columns at once using pd.concat(axis=1) instead. To get a de-fragmented frame, use `newframe = frame.copy()`
  out[f"feat_{i}"] = df[f"f{i}"]
/home/lilith/work/zen/zensim/scripts/v_next/train_v_next_mlp.py:133: PerformanceWarning: DataFrame is highly fragmented.  This is usually the result of calling `frame.insert` many times, which has poor performance.  Consider joining all columns at once using pd.concat(axis=1) instead. To get a de-fragmented frame, use `newframe = frame.copy()`
  out[f"feat_{i}"] = df[f"f{i}"]
/home/lilith/work/zen/zensim/scripts/v_next/train_v_next_mlp.py:133: PerformanceWarning: DataFrame is highly fragmented.  This is usually the result of calling `frame.insert` many times, which has poor performance.  Consider joining all columns at once using pd.concat(axis=1) instead. To get a de-fragmented frame, use `newframe = frame.copy()`
  out[f"feat_{i}"] = df[f"f{i}"]
/home/lilith/work/zen/zensim/scripts/v_next/train_v_next_mlp.py:133: PerformanceWarning: DataFrame is highly fragmented.  This is usually the result of calling `frame.insert` many times, which has poor performance.  Consider joining all columns at once using pd.concat(axis=1) instead. To get a de-fragmented frame, use `newframe = frame.copy()`
  out[f"feat_{i}"] = df[f"f{i}"]
/home/lilith/work/zen/zensim/scripts/v_next/train_v_next_mlp.py:133: PerformanceWarning: DataFrame is highly fragmented.  This is usually the result of calling `frame.insert` many times, which has poor performance.  Consider joining all columns at once using pd.concat(axis=1) instead. To get a de-fragmented frame, use `newframe = frame.copy()`
  out[f"feat_{i}"] = df[f"f{i}"]
/home/lilith/work/zen/zensim/scripts/v_next/train_v_next_mlp.py:133: PerformanceWarning: DataFrame is highly fragmented.  This is usually the result of calling `frame.insert` many times, which has poor performance.  Consider joining all columns at once using pd.concat(axis=1) instead. To get a de-fragmented frame, use `newframe = frame.copy()`
  out[f"feat_{i}"] = df[f"f{i}"]
/home/lilith/work/zen/zensim/scripts/v_next/train_v_next_mlp.py:133: PerformanceWarning: DataFrame is highly fragmented.  This is usually the result of calling `frame.insert` many times, which has poor performance.  Consider joining all columns at once using pd.concat(axis=1) instead. To get a de-fragmented frame, use `newframe = frame.copy()`
  out[f"feat_{i}"] = df[f"f{i}"]
/home/lilith/work/zen/zensim/scripts/v_next/train_v_next_mlp.py:133: PerformanceWarning: DataFrame is highly fragmented.  This is usually the result of calling `frame.insert` many times, which has poor performance.  Consider joining all columns at once using pd.concat(axis=1) instead. To get a de-fragmented frame, use `newframe = frame.copy()`
  out[f"feat_{i}"] = df[f"f{i}"]
/home/lilith/work/zen/zensim/scripts/v_next/train_v_next_mlp.py:133: PerformanceWarning: DataFrame is highly fragmented.  This is usually the result of calling `frame.insert` many times, which has poor performance.  Consider joining all columns at once using pd.concat(axis=1) instead. To get a de-fragmented frame, use `newframe = frame.copy()`
  out[f"feat_{i}"] = df[f"f{i}"]
/home/lilith/work/zen/zensim/scripts/v_next/train_v_next_mlp.py:133: PerformanceWarning: DataFrame is highly fragmented.  This is usually the result of calling `frame.insert` many times, which has poor performance.  Consider joining all columns at once using pd.concat(axis=1) instead. To get a de-fragmented frame, use `newframe = frame.copy()`
  out[f"feat_{i}"] = df[f"f{i}"]
/home/lilith/work/zen/zensim/scripts/v_next/train_v_next_mlp.py:133: PerformanceWarning: DataFrame is highly fragmented.  This is usually the result of calling `frame.insert` many times, which has poor performance.  Consider joining all columns at once using pd.concat(axis=1) instead. To get a de-fragmented frame, use `newframe = frame.copy()`
  out[f"feat_{i}"] = df[f"f{i}"]
/home/lilith/work/zen/zensim/scripts/v_next/train_v_next_mlp.py:133: PerformanceWarning: DataFrame is highly fragmented.  This is usually the result of calling `frame.insert` many times, which has poor performance.  Consider joining all columns at once using pd.concat(axis=1) instead. To get a de-fragmented frame, use `newframe = frame.copy()`
  out[f"feat_{i}"] = df[f"f{i}"]
/home/lilith/work/zen/zensim/scripts/v_next/train_v_next_mlp.py:133: PerformanceWarning: DataFrame is highly fragmented.  This is usually the result of calling `frame.insert` many times, which has poor performance.  Consider joining all columns at once using pd.concat(axis=1) instead. To get a de-fragmented frame, use `newframe = frame.copy()`
  out[f"feat_{i}"] = df[f"f{i}"]
/home/lilith/work/zen/zensim/scripts/v_next/train_v_next_mlp.py:133: PerformanceWarning: DataFrame is highly fragmented.  This is usually the result of calling `frame.insert` many times, which has poor performance.  Consider joining all columns at once using pd.concat(axis=1) instead. To get a de-fragmented frame, use `newframe = frame.copy()`
  out[f"feat_{i}"] = df[f"f{i}"]
/home/lilith/work/zen/zensim/scripts/v_next/train_v_next_mlp.py:133: PerformanceWarning: DataFrame is highly fragmented.  This is usually the result of calling `frame.insert` many times, which has poor performance.  Consider joining all columns at once using pd.concat(axis=1) instead. To get a de-fragmented frame, use `newframe = frame.copy()`
  out[f"feat_{i}"] = df[f"f{i}"]
/home/lilith/work/zen/zensim/scripts/v_next/train_v_next_mlp.py:133: PerformanceWarning: DataFrame is highly fragmented.  This is usually the result of calling `frame.insert` many times, which has poor performance.  Consider joining all columns at once using pd.concat(axis=1) instead. To get a de-fragmented frame, use `newframe = frame.copy()`
  out[f"feat_{i}"] = df[f"f{i}"]
/home/lilith/work/zen/zensim/scripts/v_next/train_v_next_mlp.py:133: PerformanceWarning: DataFrame is highly fragmented.  This is usually the result of calling `frame.insert` many times, which has poor performance.  Consider joining all columns at once using pd.concat(axis=1) instead. To get a de-fragmented frame, use `newframe = frame.copy()`
  out[f"feat_{i}"] = df[f"f{i}"]
/home/lilith/work/zen/zensim/scripts/v_next/train_v_next_mlp.py:133: PerformanceWarning: DataFrame is highly fragmented.  This is usually the result of calling `frame.insert` many times, which has poor performance.  Consider joining all columns at once using pd.concat(axis=1) instead. To get a de-fragmented frame, use `newframe = frame.copy()`
  out[f"feat_{i}"] = df[f"f{i}"]
/home/lilith/work/zen/zensim/scripts/v_next/train_v_next_mlp.py:133: PerformanceWarning: DataFrame is highly fragmented.  This is usually the result of calling `frame.insert` many times, which has poor performance.  Consider joining all columns at once using pd.concat(axis=1) instead. To get a de-fragmented frame, use `newframe = frame.copy()`
  out[f"feat_{i}"] = df[f"f{i}"]
/home/lilith/work/zen/zensim/scripts/v_next/train_v_next_mlp.py:133: PerformanceWarning: DataFrame is highly fragmented.  This is usually the result of calling `frame.insert` many times, which has poor performance.  Consider joining all columns at once using pd.concat(axis=1) instead. To get a de-fragmented frame, use `newframe = frame.copy()`
  out[f"feat_{i}"] = df[f"f{i}"]
/home/lilith/work/zen/zensim/scripts/v_next/train_v_next_mlp.py:133: PerformanceWarning: DataFrame is highly fragmented.  This is usually the result of calling `frame.insert` many times, which has poor performance.  Consider joining all columns at once using pd.concat(axis=1) instead. To get a de-fragmented frame, use `newframe = frame.copy()`
  out[f"feat_{i}"] = df[f"f{i}"]
/home/lilith/work/zen/zensim/scripts/v_next/train_v_next_mlp.py:133: PerformanceWarning: DataFrame is highly fragmented.  This is usually the result of calling `frame.insert` many times, which has poor performance.  Consider joining all columns at once using pd.concat(axis=1) instead. To get a de-fragmented frame, use `newframe = frame.copy()`
  out[f"feat_{i}"] = df[f"f{i}"]
/home/lilith/work/zen/zensim/scripts/v_next/train_v_next_mlp.py:133: PerformanceWarning: DataFrame is highly fragmented.  This is usually the result of calling `frame.insert` many times, which has poor performance.  Consider joining all columns at once using pd.concat(axis=1) instead. To get a de-fragmented frame, use `newframe = frame.copy()`
  out[f"feat_{i}"] = df[f"f{i}"]
/home/lilith/work/zen/zensim/scripts/v_next/train_v_next_mlp.py:149: PerformanceWarning: DataFrame is highly fragmented.  This is usually the result of calling `frame.insert` many times, which has poor performance.  Consider joining all columns at once using pd.concat(axis=1) instead. To get a de-fragmented frame, use `newframe = frame.copy()`
  out["is_val_only"] = out["image_basename"].isin(val_refs)
/home/lilith/work/zen/zensim/scripts/v_next/train_v_next_mlp.py:150: PerformanceWarning: DataFrame is highly fragmented.  This is usually the result of calling `frame.insert` many times, which has poor performance.  Consider joining all columns at once using pd.concat(axis=1) instead. To get a de-fragmented frame, use `newframe = frame.copy()`
  out["train_weight"] = np.where(out["is_val_only"], 0.0, train_weight)
/home/lilith/work/zen/zensim/scripts/v_next/train_v_next_mlp.py:151: PerformanceWarning: DataFrame is highly fragmented.  This is usually the result of calling `frame.insert` many times, which has poor performance.  Consider joining all columns at once using pd.concat(axis=1) instead. To get a de-fragmented frame, use `newframe = frame.copy()`
  out["dataset"] = dataset_name
/home/lilith/work/zen/zensim/scripts/v_next/train_v_next_mlp.py:152: PerformanceWarning: DataFrame is highly fragmented.  This is usually the result of calling `frame.insert` many times, which has poor performance.  Consider joining all columns at once using pd.concat(axis=1) instead. To get a de-fragmented frame, use `newframe = frame.copy()`
  out["target_human"] = score_100  # explicit copy for V0_6 ranknet groups
  218,089 rows, 3579 unique refs (val=895 val_only refs); train_w=1.0, loaded in 4.2s
Loading kadid kadid_features.csv...
/home/lilith/work/zen/zensim/scripts/v_next/train_v_next_mlp.py:133: PerformanceWarning: DataFrame is highly fragmented.  This is usually the result of calling `frame.insert` many times, which has poor performance.  Consider joining all columns at once using pd.concat(axis=1) instead. To get a de-fragmented frame, use `newframe = frame.copy()`
  out[f"feat_{i}"] = df[f"f{i}"]
/home/lilith/work/zen/zensim/scripts/v_next/train_v_next_mlp.py:133: PerformanceWarning: DataFrame is highly fragmented.  This is usually the result of calling `frame.insert` many times, which has poor performance.  Consider joining all columns at once using pd.concat(axis=1) instead. To get a de-fragmented frame, use `newframe = frame.copy()`
  out[f"feat_{i}"] = df[f"f{i}"]
/home/lilith/work/zen/zensim/scripts/v_next/train_v_next_mlp.py:133: PerformanceWarning: DataFrame is highly fragmented.  This is usually the result of calling `frame.insert` many times, which has poor performance.  Consider joining all columns at once using pd.concat(axis=1) instead. To get a de-fragmented frame, use `newframe = frame.copy()`
  out[f"feat_{i}"] = df[f"f{i}"]
/home/lilith/work/zen/zensim/scripts/v_next/train_v_next_mlp.py:133: PerformanceWarning: DataFrame is highly fragmented.  This is usually the result of calling `frame.insert` many times, which has poor performance.  Consider joining all columns at once using pd.concat(axis=1) instead. To get a de-fragmented frame, use `newframe = frame.copy()`
  out[f"feat_{i}"] = df[f"f{i}"]
/home/lilith/work/zen/zensim/scripts/v_next/train_v_next_mlp.py:133: PerformanceWarning: DataFrame is highly fragmented.  This is usually the result of calling `frame.insert` many times, which has poor performance.  Consider joining all columns at once using pd.concat(axis=1) instead. To get a de-fragmented frame, use `newframe = frame.copy()`
  out[f"feat_{i}"] = df[f"f{i}"]
/home/lilith/work/zen/zensim/scripts/v_next/train_v_next_mlp.py:133: PerformanceWarning: DataFrame is highly fragmented.  This is usually the result of calling `frame.insert` many times, which has poor performance.  Consider joining all columns at once using pd.concat(axis=1) instead. To get a de-fragmented frame, use `newframe = frame.copy()`
  out[f"feat_{i}"] = df[f"f{i}"]
/home/lilith/work/zen/zensim/scripts/v_next/train_v_next_mlp.py:133: PerformanceWarning: DataFrame is highly fragmented.  This is usually the result of calling `frame.insert` many times, which has poor performance.  Consider joining all columns at once using pd.concat(axis=1) instead. To get a de-fragmented frame, use `newframe = frame.copy()`
  out[f"feat_{i}"] = df[f"f{i}"]
/home/lilith/work/zen/zensim/scripts/v_next/train_v_next_mlp.py:133: PerformanceWarning: DataFrame is highly fragmented.  This is usually the result of calling `frame.insert` many times, which has poor performance.  Consider joining all columns at once using pd.concat(axis=1) instead. To get a de-fragmented frame, use `newframe = frame.copy()`
  out[f"feat_{i}"] = df[f"f{i}"]
/home/lilith/work/zen/zensim/scripts/v_next/train_v_next_mlp.py:133: PerformanceWarning: DataFrame is highly fragmented.  This is usually the result of calling `frame.insert` many times, which has poor performance.  Consider joining all columns at once using pd.concat(axis=1) instead. To get a de-fragmented frame, use `newframe = frame.copy()`
  out[f"feat_{i}"] = df[f"f{i}"]
/home/lilith/work/zen/zensim/scripts/v_next/train_v_next_mlp.py:133: PerformanceWarning: DataFrame is highly fragmented.  This is usually the result of calling `frame.insert` many times, which has poor performance.  Consider joining all columns at once using pd.concat(axis=1) instead. To get a de-fragmented frame, use `newframe = frame.copy()`
  out[f"feat_{i}"] = df[f"f{i}"]
/home/lilith/work/zen/zensim/scripts/v_next/train_v_next_mlp.py:133: PerformanceWarning: DataFrame is highly fragmented.  This is usually the result of calling `frame.insert` many times, which has poor performance.  Consider joining all columns at once using pd.concat(axis=1) instead. To get a de-fragmented frame, use `newframe = frame.copy()`
  out[f"feat_{i}"] = df[f"f{i}"]
/home/lilith/work/zen/zensim/scripts/v_next/train_v_next_mlp.py:133: PerformanceWarning: DataFrame is highly fragmented.  This is usually the result of calling `frame.insert` many times, which has poor performance.  Consider joining all columns at once using pd.concat(axis=1) instead. To get a de-fragmented frame, use `newframe = frame.copy()`
  out[f"feat_{i}"] = df[f"f{i}"]
/home/lilith/work/zen/zensim/scripts/v_next/train_v_next_mlp.py:133: PerformanceWarning: DataFrame is highly fragmented.  This is usually the result of calling `frame.insert` many times, which has poor performance.  Consider joining all columns at once using pd.concat(axis=1) instead. To get a de-fragmented frame, use `newframe = frame.copy()`
  out[f"feat_{i}"] = df[f"f{i}"]
/home/lilith/work/zen/zensim/scripts/v_next/train_v_next_mlp.py:133: PerformanceWarning: DataFrame is highly fragmented.  This is usually the result of calling `frame.insert` many times, which has poor performance.  Consider joining all columns at once using pd.concat(axis=1) instead. To get a de-fragmented frame, use `newframe = frame.copy()`
  out[f"feat_{i}"] = df[f"f{i}"]
/home/lilith/work/zen/zensim/scripts/v_next/train_v_next_mlp.py:133: PerformanceWarning: DataFrame is highly fragmented.  This is usually the result of calling `frame.insert` many times, which has poor performance.  Consider joining all columns at once using pd.concat(axis=1) instead. To get a de-fragmented frame, use `newframe = frame.copy()`
  out[f"feat_{i}"] = df[f"f{i}"]
/home/lilith/work/zen/zensim/scripts/v_next/train_v_next_mlp.py:133: PerformanceWarning: DataFrame is highly fragmented.  This is usually the result of calling `frame.insert` many times, which has poor performance.  Consider joining all columns at once using pd.concat(axis=1) instead. To get a de-fragmented frame, use `newframe = frame.copy()`
  out[f"feat_{i}"] = df[f"f{i}"]
/home/lilith/work/zen/zensim/scripts/v_next/train_v_next_mlp.py:133: PerformanceWarning: DataFrame is highly fragmented.  This is usually the result of calling `frame.insert` many times, which has poor performance.  Consider joining all columns at once using pd.concat(axis=1) instead. To get a de-fragmented frame, use `newframe = frame.copy()`
  out[f"feat_{i}"] = df[f"f{i}"]
/home/lilith/work/zen/zensim/scripts/v_next/train_v_next_mlp.py:133: PerformanceWarning: DataFrame is highly fragmented.  This is usually the result of calling `frame.insert` many times, which has poor performance.  Consider joining all columns at once using pd.concat(axis=1) instead. To get a de-fragmented frame, use `newframe = frame.copy()`
  out[f"feat_{i}"] = df[f"f{i}"]
/home/lilith/work/zen/zensim/scripts/v_next/train_v_next_mlp.py:133: PerformanceWarning: DataFrame is highly fragmented.  This is usually the result of calling `frame.insert` many times, which has poor performance.  Consider joining all columns at once using pd.concat(axis=1) instead. To get a de-fragmented frame, use `newframe = frame.copy()`
  out[f"feat_{i}"] = df[f"f{i}"]
/home/lilith/work/zen/zensim/scripts/v_next/train_v_next_mlp.py:133: PerformanceWarning: DataFrame is highly fragmented.  This is usually the result of calling `frame.insert` many times, which has poor performance.  Consider joining all columns at once using pd.concat(axis=1) instead. To get a de-fragmented frame, use `newframe = frame.copy()`
  out[f"feat_{i}"] = df[f"f{i}"]
/home/lilith/work/zen/zensim/scripts/v_next/train_v_next_mlp.py:133: PerformanceWarning: DataFrame is highly fragmented.  This is usually the result of calling `frame.insert` many times, which has poor performance.  Consider joining all columns at once using pd.concat(axis=1) instead. To get a de-fragmented frame, use `newframe = frame.copy()`
  out[f"feat_{i}"] = df[f"f{i}"]
/home/lilith/work/zen/zensim/scripts/v_next/train_v_next_mlp.py:133: PerformanceWarning: DataFrame is highly fragmented.  This is usually the result of calling `frame.insert` many times, which has poor performance.  Consider joining all columns at once using pd.concat(axis=1) instead. To get a de-fragmented frame, use `newframe = frame.copy()`
  out[f"feat_{i}"] = df[f"f{i}"]
/home/lilith/work/zen/zensim/scripts/v_next/train_v_next_mlp.py:133: PerformanceWarning: DataFrame is highly fragmented.  This is usually the result of calling `frame.insert` many times, which has poor performance.  Consider joining all columns at once using pd.concat(axis=1) instead. To get a de-fragmented frame, use `newframe = frame.copy()`
  out[f"feat_{i}"] = df[f"f{i}"]
/home/lilith/work/zen/zensim/scripts/v_next/train_v_next_mlp.py:133: PerformanceWarning: DataFrame is highly fragmented.  This is usually the result of calling `frame.insert` many times, which has poor performance.  Consider joining all columns at once using pd.concat(axis=1) instead. To get a de-fragmented frame, use `newframe = frame.copy()`
  out[f"feat_{i}"] = df[f"f{i}"]
/home/lilith/work/zen/zensim/scripts/v_next/train_v_next_mlp.py:133: PerformanceWarning: DataFrame is highly fragmented.  This is usually the result of calling `frame.insert` many times, which has poor performance.  Consider joining all columns at once using pd.concat(axis=1) instead. To get a de-fragmented frame, use `newframe = frame.copy()`
  out[f"feat_{i}"] = df[f"f{i}"]
/home/lilith/work/zen/zensim/scripts/v_next/train_v_next_mlp.py:133: PerformanceWarning: DataFrame is highly fragmented.  This is usually the result of calling `frame.insert` many times, which has poor performance.  Consider joining all columns at once using pd.concat(axis=1) instead. To get a de-fragmented frame, use `newframe = frame.copy()`
  out[f"feat_{i}"] = df[f"f{i}"]
/home/lilith/work/zen/zensim/scripts/v_next/train_v_next_mlp.py:133: PerformanceWarning: DataFrame is highly fragmented.  This is usually the result of calling `frame.insert` many times, which has poor performance.  Consider joining all columns at once using pd.concat(axis=1) instead. To get a de-fragmented frame, use `newframe = frame.copy()`
  out[f"feat_{i}"] = df[f"f{i}"]
/home/lilith/work/zen/zensim/scripts/v_next/train_v_next_mlp.py:133: PerformanceWarning: DataFrame is highly fragmented.  This is usually the result of calling `frame.insert` many times, which has poor performance.  Consider joining all columns at once using pd.concat(axis=1) instead. To get a de-fragmented frame, use `newframe = frame.copy()`
  out[f"feat_{i}"] = df[f"f{i}"]
/home/lilith/work/zen/zensim/scripts/v_next/train_v_next_mlp.py:133: PerformanceWarning: DataFrame is highly fragmented.  This is usually the result of calling `frame.insert` many times, which has poor performance.  Consider joining all columns at once using pd.concat(axis=1) instead. To get a de-fragmented frame, use `newframe = frame.copy()`
  out[f"feat_{i}"] = df[f"f{i}"]
/home/lilith/work/zen/zensim/scripts/v_next/train_v_next_mlp.py:133: PerformanceWarning: DataFrame is highly fragmented.  This is usually the result of calling `frame.insert` many times, which has poor performance.  Consider joining all columns at once using pd.concat(axis=1) instead. To get a de-fragmented frame, use `newframe = frame.copy()`
  out[f"feat_{i}"] = df[f"f{i}"]
/home/lilith/work/zen/zensim/scripts/v_next/train_v_next_mlp.py:133: PerformanceWarning: DataFrame is highly fragmented.  This is usually the result of calling `frame.insert` many times, which has poor performance.  Consider joining all columns at once using pd.concat(axis=1) instead. To get a de-fragmented frame, use `newframe = frame.copy()`
  out[f"feat_{i}"] = df[f"f{i}"]
/home/lilith/work/zen/zensim/scripts/v_next/train_v_next_mlp.py:133: PerformanceWarning: DataFrame is highly fragmented.  This is usually the result of calling `frame.insert` many times, which has poor performance.  Consider joining all columns at once using pd.concat(axis=1) instead. To get a de-fragmented frame, use `newframe = frame.copy()`
  out[f"feat_{i}"] = df[f"f{i}"]
/home/lilith/work/zen/zensim/scripts/v_next/train_v_next_mlp.py:133: PerformanceWarning: DataFrame is highly fragmented.  This is usually the result of calling `frame.insert` many times, which has poor performance.  Consider joining all columns at once using pd.concat(axis=1) instead. To get a de-fragmented frame, use `newframe = frame.copy()`
  out[f"feat_{i}"] = df[f"f{i}"]
/home/lilith/work/zen/zensim/scripts/v_next/train_v_next_mlp.py:133: PerformanceWarning: DataFrame is highly fragmented.  This is usually the result of calling `frame.insert` many times, which has poor performance.  Consider joining all columns at once using pd.concat(axis=1) instead. To get a de-fragmented frame, use `newframe = frame.copy()`
  out[f"feat_{i}"] = df[f"f{i}"]
/home/lilith/work/zen/zensim/scripts/v_next/train_v_next_mlp.py:133: PerformanceWarning: DataFrame is highly fragmented.  This is usually the result of calling `frame.insert` many times, which has poor performance.  Consider joining all columns at once using pd.concat(axis=1) instead. To get a de-fragmented frame, use `newframe = frame.copy()`
  out[f"feat_{i}"] = df[f"f{i}"]
/home/lilith/work/zen/zensim/scripts/v_next/train_v_next_mlp.py:133: PerformanceWarning: DataFrame is highly fragmented.  This is usually the result of calling `frame.insert` many times, which has poor performance.  Consider joining all columns at once using pd.concat(axis=1) instead. To get a de-fragmented frame, use `newframe = frame.copy()`
  out[f"feat_{i}"] = df[f"f{i}"]
/home/lilith/work/zen/zensim/scripts/v_next/train_v_next_mlp.py:133: PerformanceWarning: DataFrame is highly fragmented.  This is usually the result of calling `frame.insert` many times, which has poor performance.  Consider joining all columns at once using pd.concat(axis=1) instead. To get a de-fragmented frame, use `newframe = frame.copy()`
  out[f"feat_{i}"] = df[f"f{i}"]
/home/lilith/work/zen/zensim/scripts/v_next/train_v_next_mlp.py:133: PerformanceWarning: DataFrame is highly fragmented.  This is usually the result of calling `frame.insert` many times, which has poor performance.  Consider joining all columns at once using pd.concat(axis=1) instead. To get a de-fragmented frame, use `newframe = frame.copy()`
  out[f"feat_{i}"] = df[f"f{i}"]
/home/lilith/work/zen/zensim/scripts/v_next/train_v_next_mlp.py:133: PerformanceWarning: DataFrame is highly fragmented.  This is usually the result of calling `frame.insert` many times, which has poor performance.  Consider joining all columns at once using pd.concat(axis=1) instead. To get a de-fragmented frame, use `newframe = frame.copy()`
  out[f"feat_{i}"] = df[f"f{i}"]
/home/lilith/work/zen/zensim/scripts/v_next/train_v_next_mlp.py:133: PerformanceWarning: DataFrame is highly fragmented.  This is usually the result of calling `frame.insert` many times, which has poor performance.  Consider joining all columns at once using pd.concat(axis=1) instead. To get a de-fragmented frame, use `newframe = frame.copy()`
  out[f"feat_{i}"] = df[f"f{i}"]
/home/lilith/work/zen/zensim/scripts/v_next/train_v_next_mlp.py:133: PerformanceWarning: DataFrame is highly fragmented.  This is usually the result of calling `frame.insert` many times, which has poor performance.  Consider joining all columns at once using pd.concat(axis=1) instead. To get a de-fragmented frame, use `newframe = frame.copy()`
  out[f"feat_{i}"] = df[f"f{i}"]
/home/lilith/work/zen/zensim/scripts/v_next/train_v_next_mlp.py:133: PerformanceWarning: DataFrame is highly fragmented.  This is usually the result of calling `frame.insert` many times, which has poor performance.  Consider joining all columns at once using pd.concat(axis=1) instead. To get a de-fragmented frame, use `newframe = frame.copy()`
  out[f"feat_{i}"] = df[f"f{i}"]
/home/lilith/work/zen/zensim/scripts/v_next/train_v_next_mlp.py:133: PerformanceWarning: DataFrame is highly fragmented.  This is usually the result of calling `frame.insert` many times, which has poor performance.  Consider joining all columns at once using pd.concat(axis=1) instead. To get a de-fragmented frame, use `newframe = frame.copy()`
  out[f"feat_{i}"] = df[f"f{i}"]
/home/lilith/work/zen/zensim/scripts/v_next/train_v_next_mlp.py:133: PerformanceWarning: DataFrame is highly fragmented.  This is usually the result of calling `frame.insert` many times, which has poor performance.  Consider joining all columns at once using pd.concat(axis=1) instead. To get a de-fragmented frame, use `newframe = frame.copy()`
  out[f"feat_{i}"] = df[f"f{i}"]
/home/lilith/work/zen/zensim/scripts/v_next/train_v_next_mlp.py:133: PerformanceWarning: DataFrame is highly fragmented.  This is usually the result of calling `frame.insert` many times, which has poor performance.  Consider joining all columns at once using pd.concat(axis=1) instead. To get a de-fragmented frame, use `newframe = frame.copy()`
  out[f"feat_{i}"] = df[f"f{i}"]
/home/lilith/work/zen/zensim/scripts/v_next/train_v_next_mlp.py:133: PerformanceWarning: DataFrame is highly fragmented.  This is usually the result of calling `frame.insert` many times, which has poor performance.  Consider joining all columns at once using pd.concat(axis=1) instead. To get a de-fragmented frame, use `newframe = frame.copy()`
  out[f"feat_{i}"] = df[f"f{i}"]
/home/lilith/work/zen/zensim/scripts/v_next/train_v_next_mlp.py:133: PerformanceWarning: DataFrame is highly fragmented.  This is usually the result of calling `frame.insert` many times, which has poor performance.  Consider joining all columns at once using pd.concat(axis=1) instead. To get a de-fragmented frame, use `newframe = frame.copy()`
  out[f"feat_{i}"] = df[f"f{i}"]
/home/lilith/work/zen/zensim/scripts/v_next/train_v_next_mlp.py:133: PerformanceWarning: DataFrame is highly fragmented.  This is usually the result of calling `frame.insert` many times, which has poor performance.  Consider joining all columns at once using pd.concat(axis=1) instead. To get a de-fragmented frame, use `newframe = frame.copy()`
  out[f"feat_{i}"] = df[f"f{i}"]
/home/lilith/work/zen/zensim/scripts/v_next/train_v_next_mlp.py:133: PerformanceWarning: DataFrame is highly fragmented.  This is usually the result of calling `frame.insert` many times, which has poor performance.  Consider joining all columns at once using pd.concat(axis=1) instead. To get a de-fragmented frame, use `newframe = frame.copy()`
  out[f"feat_{i}"] = df[f"f{i}"]
/home/lilith/work/zen/zensim/scripts/v_next/train_v_next_mlp.py:133: PerformanceWarning: DataFrame is highly fragmented.  This is usually the result of calling `frame.insert` many times, which has poor performance.  Consider joining all columns at once using pd.concat(axis=1) instead. To get a de-fragmented frame, use `newframe = frame.copy()`
  out[f"feat_{i}"] = df[f"f{i}"]
/home/lilith/work/zen/zensim/scripts/v_next/train_v_next_mlp.py:133: PerformanceWarning: DataFrame is highly fragmented.  This is usually the result of calling `frame.insert` many times, which has poor performance.  Consider joining all columns at once using pd.concat(axis=1) instead. To get a de-fragmented frame, use `newframe = frame.copy()`
  out[f"feat_{i}"] = df[f"f{i}"]
/home/lilith/work/zen/zensim/scripts/v_next/train_v_next_mlp.py:133: PerformanceWarning: DataFrame is highly fragmented.  This is usually the result of calling `frame.insert` many times, which has poor performance.  Consider joining all columns at once using pd.concat(axis=1) instead. To get a de-fragmented frame, use `newframe = frame.copy()`
  out[f"feat_{i}"] = df[f"f{i}"]
/home/lilith/work/zen/zensim/scripts/v_next/train_v_next_mlp.py:133: PerformanceWarning: DataFrame is highly fragmented.  This is usually the result of calling `frame.insert` many times, which has poor performance.  Consider joining all columns at once using pd.concat(axis=1) instead. To get a de-fragmented frame, use `newframe = frame.copy()`
  out[f"feat_{i}"] = df[f"f{i}"]
/home/lilith/work/zen/zensim/scripts/v_next/train_v_next_mlp.py:133: PerformanceWarning: DataFrame is highly fragmented.  This is usually the result of calling `frame.insert` many times, which has poor performance.  Consider joining all columns at once using pd.concat(axis=1) instead. To get a de-fragmented frame, use `newframe = frame.copy()`
  out[f"feat_{i}"] = df[f"f{i}"]
/home/lilith/work/zen/zensim/scripts/v_next/train_v_next_mlp.py:133: PerformanceWarning: DataFrame is highly fragmented.  This is usually the result of calling `frame.insert` many times, which has poor performance.  Consider joining all columns at once using pd.concat(axis=1) instead. To get a de-fragmented frame, use `newframe = frame.copy()`
  out[f"feat_{i}"] = df[f"f{i}"]
/home/lilith/work/zen/zensim/scripts/v_next/train_v_next_mlp.py:133: PerformanceWarning: DataFrame is highly fragmented.  This is usually the result of calling `frame.insert` many times, which has poor performance.  Consider joining all columns at once using pd.concat(axis=1) instead. To get a de-fragmented frame, use `newframe = frame.copy()`
  out[f"feat_{i}"] = df[f"f{i}"]
/home/lilith/work/zen/zensim/scripts/v_next/train_v_next_mlp.py:133: PerformanceWarning: DataFrame is highly fragmented.  This is usually the result of calling `frame.insert` many times, which has poor performance.  Consider joining all columns at once using pd.concat(axis=1) instead. To get a de-fragmented frame, use `newframe = frame.copy()`
  out[f"feat_{i}"] = df[f"f{i}"]
/home/lilith/work/zen/zensim/scripts/v_next/train_v_next_mlp.py:133: PerformanceWarning: DataFrame is highly fragmented.  This is usually the result of calling `frame.insert` many times, which has poor performance.  Consider joining all columns at once using pd.concat(axis=1) instead. To get a de-fragmented frame, use `newframe = frame.copy()`
  out[f"feat_{i}"] = df[f"f{i}"]
/home/lilith/work/zen/zensim/scripts/v_next/train_v_next_mlp.py:133: PerformanceWarning: DataFrame is highly fragmented.  This is usually the result of calling `frame.insert` many times, which has poor performance.  Consider joining all columns at once using pd.concat(axis=1) instead. To get a de-fragmented frame, use `newframe = frame.copy()`
  out[f"feat_{i}"] = df[f"f{i}"]
/home/lilith/work/zen/zensim/scripts/v_next/train_v_next_mlp.py:133: PerformanceWarning: DataFrame is highly fragmented.  This is usually the result of calling `frame.insert` many times, which has poor performance.  Consider joining all columns at once using pd.concat(axis=1) instead. To get a de-fragmented frame, use `newframe = frame.copy()`
  out[f"feat_{i}"] = df[f"f{i}"]
/home/lilith/work/zen/zensim/scripts/v_next/train_v_next_mlp.py:133: PerformanceWarning: DataFrame is highly fragmented.  This is usually the result of calling `frame.insert` many times, which has poor performance.  Consider joining all columns at once using pd.concat(axis=1) instead. To get a de-fragmented frame, use `newframe = frame.copy()`
  out[f"feat_{i}"] = df[f"f{i}"]
/home/lilith/work/zen/zensim/scripts/v_next/train_v_next_mlp.py:133: PerformanceWarning: DataFrame is highly fragmented.  This is usually the result of calling `frame.insert` many times, which has poor performance.  Consider joining all columns at once using pd.concat(axis=1) instead. To get a de-fragmented frame, use `newframe = frame.copy()`
  out[f"feat_{i}"] = df[f"f{i}"]
/home/lilith/work/zen/zensim/scripts/v_next/train_v_next_mlp.py:133: PerformanceWarning: DataFrame is highly fragmented.  This is usually the result of calling `frame.insert` many times, which has poor performance.  Consider joining all columns at once using pd.concat(axis=1) instead. To get a de-fragmented frame, use `newframe = frame.copy()`
  out[f"feat_{i}"] = df[f"f{i}"]
/home/lilith/work/zen/zensim/scripts/v_next/train_v_next_mlp.py:133: PerformanceWarning: DataFrame is highly fragmented.  This is usually the result of calling `frame.insert` many times, which has poor performance.  Consider joining all columns at once using pd.concat(axis=1) instead. To get a de-fragmented frame, use `newframe = frame.copy()`
  out[f"feat_{i}"] = df[f"f{i}"]
/home/lilith/work/zen/zensim/scripts/v_next/train_v_next_mlp.py:133: PerformanceWarning: DataFrame is highly fragmented.  This is usually the result of calling `frame.insert` many times, which has poor performance.  Consider joining all columns at once using pd.concat(axis=1) instead. To get a de-fragmented frame, use `newframe = frame.copy()`
  out[f"feat_{i}"] = df[f"f{i}"]
/home/lilith/work/zen/zensim/scripts/v_next/train_v_next_mlp.py:133: PerformanceWarning: DataFrame is highly fragmented.  This is usually the result of calling `frame.insert` many times, which has poor performance.  Consider joining all columns at once using pd.concat(axis=1) instead. To get a de-fragmented frame, use `newframe = frame.copy()`
  out[f"feat_{i}"] = df[f"f{i}"]
/home/lilith/work/zen/zensim/scripts/v_next/train_v_next_mlp.py:133: PerformanceWarning: DataFrame is highly fragmented.  This is usually the result of calling `frame.insert` many times, which has poor performance.  Consider joining all columns at once using pd.concat(axis=1) instead. To get a de-fragmented frame, use `newframe = frame.copy()`
  out[f"feat_{i}"] = df[f"f{i}"]
/home/lilith/work/zen/zensim/scripts/v_next/train_v_next_mlp.py:133: PerformanceWarning: DataFrame is highly fragmented.  This is usually the result of calling `frame.insert` many times, which has poor performance.  Consider joining all columns at once using pd.concat(axis=1) instead. To get a de-fragmented frame, use `newframe = frame.copy()`
  out[f"feat_{i}"] = df[f"f{i}"]
/home/lilith/work/zen/zensim/scripts/v_next/train_v_next_mlp.py:133: PerformanceWarning: DataFrame is highly fragmented.  This is usually the result of calling `frame.insert` many times, which has poor performance.  Consider joining all columns at once using pd.concat(axis=1) instead. To get a de-fragmented frame, use `newframe = frame.copy()`
  out[f"feat_{i}"] = df[f"f{i}"]
/home/lilith/work/zen/zensim/scripts/v_next/train_v_next_mlp.py:133: PerformanceWarning: DataFrame is highly fragmented.  This is usually the result of calling `frame.insert` many times, which has poor performance.  Consider joining all columns at once using pd.concat(axis=1) instead. To get a de-fragmented frame, use `newframe = frame.copy()`
  out[f"feat_{i}"] = df[f"f{i}"]
/home/lilith/work/zen/zensim/scripts/v_next/train_v_next_mlp.py:133: PerformanceWarning: DataFrame is highly fragmented.  This is usually the result of calling `frame.insert` many times, which has poor performance.  Consider joining all columns at once using pd.concat(axis=1) instead. To get a de-fragmented frame, use `newframe = frame.copy()`
  out[f"feat_{i}"] = df[f"f{i}"]
/home/lilith/work/zen/zensim/scripts/v_next/train_v_next_mlp.py:133: PerformanceWarning: DataFrame is highly fragmented.  This is usually the result of calling `frame.insert` many times, which has poor performance.  Consider joining all columns at once using pd.concat(axis=1) instead. To get a de-fragmented frame, use `newframe = frame.copy()`
  out[f"feat_{i}"] = df[f"f{i}"]
/home/lilith/work/zen/zensim/scripts/v_next/train_v_next_mlp.py:133: PerformanceWarning: DataFrame is highly fragmented.  This is usually the result of calling `frame.insert` many times, which has poor performance.  Consider joining all columns at once using pd.concat(axis=1) instead. To get a de-fragmented frame, use `newframe = frame.copy()`
  out[f"feat_{i}"] = df[f"f{i}"]
/home/lilith/work/zen/zensim/scripts/v_next/train_v_next_mlp.py:133: PerformanceWarning: DataFrame is highly fragmented.  This is usually the result of calling `frame.insert` many times, which has poor performance.  Consider joining all columns at once using pd.concat(axis=1) instead. To get a de-fragmented frame, use `newframe = frame.copy()`
  out[f"feat_{i}"] = df[f"f{i}"]
/home/lilith/work/zen/zensim/scripts/v_next/train_v_next_mlp.py:133: PerformanceWarning: DataFrame is highly fragmented.  This is usually the result of calling `frame.insert` many times, which has poor performance.  Consider joining all columns at once using pd.concat(axis=1) instead. To get a de-fragmented frame, use `newframe = frame.copy()`
  out[f"feat_{i}"] = df[f"f{i}"]
/home/lilith/work/zen/zensim/scripts/v_next/train_v_next_mlp.py:133: PerformanceWarning: DataFrame is highly fragmented.  This is usually the result of calling `frame.insert` many times, which has poor performance.  Consider joining all columns at once using pd.concat(axis=1) instead. To get a de-fragmented frame, use `newframe = frame.copy()`
  out[f"feat_{i}"] = df[f"f{i}"]
/home/lilith/work/zen/zensim/scripts/v_next/train_v_next_mlp.py:133: PerformanceWarning: DataFrame is highly fragmented.  This is usually the result of calling `frame.insert` many times, which has poor performance.  Consider joining all columns at once using pd.concat(axis=1) instead. To get a de-fragmented frame, use `newframe = frame.copy()`
  out[f"feat_{i}"] = df[f"f{i}"]
/home/lilith/work/zen/zensim/scripts/v_next/train_v_next_mlp.py:133: PerformanceWarning: DataFrame is highly fragmented.  This is usually the result of calling `frame.insert` many times, which has poor performance.  Consider joining all columns at once using pd.concat(axis=1) instead. To get a de-fragmented frame, use `newframe = frame.copy()`
  out[f"feat_{i}"] = df[f"f{i}"]
/home/lilith/work/zen/zensim/scripts/v_next/train_v_next_mlp.py:133: PerformanceWarning: DataFrame is highly fragmented.  This is usually the result of calling `frame.insert` many times, which has poor performance.  Consider joining all columns at once using pd.concat(axis=1) instead. To get a de-fragmented frame, use `newframe = frame.copy()`
  out[f"feat_{i}"] = df[f"f{i}"]
/home/lilith/work/zen/zensim/scripts/v_next/train_v_next_mlp.py:133: PerformanceWarning: DataFrame is highly fragmented.  This is usually the result of calling `frame.insert` many times, which has poor performance.  Consider joining all columns at once using pd.concat(axis=1) instead. To get a de-fragmented frame, use `newframe = frame.copy()`
  out[f"feat_{i}"] = df[f"f{i}"]
/home/lilith/work/zen/zensim/scripts/v_next/train_v_next_mlp.py:133: PerformanceWarning: DataFrame is highly fragmented.  This is usually the result of calling `frame.insert` many times, which has poor performance.  Consider joining all columns at once using pd.concat(axis=1) instead. To get a de-fragmented frame, use `newframe = frame.copy()`
  out[f"feat_{i}"] = df[f"f{i}"]
/home/lilith/work/zen/zensim/scripts/v_next/train_v_next_mlp.py:133: PerformanceWarning: DataFrame is highly fragmented.  This is usually the result of calling `frame.insert` many times, which has poor performance.  Consider joining all columns at once using pd.concat(axis=1) instead. To get a de-fragmented frame, use `newframe = frame.copy()`
  out[f"feat_{i}"] = df[f"f{i}"]
/home/lilith/work/zen/zensim/scripts/v_next/train_v_next_mlp.py:133: PerformanceWarning: DataFrame is highly fragmented.  This is usually the result of calling `frame.insert` many times, which has poor performance.  Consider joining all columns at once using pd.concat(axis=1) instead. To get a de-fragmented frame, use `newframe = frame.copy()`
  out[f"feat_{i}"] = df[f"f{i}"]
/home/lilith/work/zen/zensim/scripts/v_next/train_v_next_mlp.py:133: PerformanceWarning: DataFrame is highly fragmented.  This is usually the result of calling `frame.insert` many times, which has poor performance.  Consider joining all columns at once using pd.concat(axis=1) instead. To get a de-fragmented frame, use `newframe = frame.copy()`
  out[f"feat_{i}"] = df[f"f{i}"]
/home/lilith/work/zen/zensim/scripts/v_next/train_v_next_mlp.py:133: PerformanceWarning: DataFrame is highly fragmented.  This is usually the result of calling `frame.insert` many times, which has poor performance.  Consider joining all columns at once using pd.concat(axis=1) instead. To get a de-fragmented frame, use `newframe = frame.copy()`
  out[f"feat_{i}"] = df[f"f{i}"]
/home/lilith/work/zen/zensim/scripts/v_next/train_v_next_mlp.py:133: PerformanceWarning: DataFrame is highly fragmented.  This is usually the result of calling `frame.insert` many times, which has poor performance.  Consider joining all columns at once using pd.concat(axis=1) instead. To get a de-fragmented frame, use `newframe = frame.copy()`
  out[f"feat_{i}"] = df[f"f{i}"]
/home/lilith/work/zen/zensim/scripts/v_next/train_v_next_mlp.py:133: PerformanceWarning: DataFrame is highly fragmented.  This is usually the result of calling `frame.insert` many times, which has poor performance.  Consider joining all columns at once using pd.concat(axis=1) instead. To get a de-fragmented frame, use `newframe = frame.copy()`
  out[f"feat_{i}"] = df[f"f{i}"]
/home/lilith/work/zen/zensim/scripts/v_next/train_v_next_mlp.py:133: PerformanceWarning: DataFrame is highly fragmented.  This is usually the result of calling `frame.insert` many times, which has poor performance.  Consider joining all columns at once using pd.concat(axis=1) instead. To get a de-fragmented frame, use `newframe = frame.copy()`
  out[f"feat_{i}"] = df[f"f{i}"]
/home/lilith/work/zen/zensim/scripts/v_next/train_v_next_mlp.py:133: PerformanceWarning: DataFrame is highly fragmented.  This is usually the result of calling `frame.insert` many times, which has poor performance.  Consider joining all columns at once using pd.concat(axis=1) instead. To get a de-fragmented frame, use `newframe = frame.copy()`
  out[f"feat_{i}"] = df[f"f{i}"]
/home/lilith/work/zen/zensim/scripts/v_next/train_v_next_mlp.py:133: PerformanceWarning: DataFrame is highly fragmented.  This is usually the result of calling `frame.insert` many times, which has poor performance.  Consider joining all columns at once using pd.concat(axis=1) instead. To get a de-fragmented frame, use `newframe = frame.copy()`
  out[f"feat_{i}"] = df[f"f{i}"]
/home/lilith/work/zen/zensim/scripts/v_next/train_v_next_mlp.py:133: PerformanceWarning: DataFrame is highly fragmented.  This is usually the result of calling `frame.insert` many times, which has poor performance.  Consider joining all columns at once using pd.concat(axis=1) instead. To get a de-fragmented frame, use `newframe = frame.copy()`
  out[f"feat_{i}"] = df[f"f{i}"]
/home/lilith/work/zen/zensim/scripts/v_next/train_v_next_mlp.py:133: PerformanceWarning: DataFrame is highly fragmented.  This is usually the result of calling `frame.insert` many times, which has poor performance.  Consider joining all columns at once using pd.concat(axis=1) instead. To get a de-fragmented frame, use `newframe = frame.copy()`
  out[f"feat_{i}"] = df[f"f{i}"]
/home/lilith/work/zen/zensim/scripts/v_next/train_v_next_mlp.py:133: PerformanceWarning: DataFrame is highly fragmented.  This is usually the result of calling `frame.insert` many times, which has poor performance.  Consider joining all columns at once using pd.concat(axis=1) instead. To get a de-fragmented frame, use `newframe = frame.copy()`
  out[f"feat_{i}"] = df[f"f{i}"]
/home/lilith/work/zen/zensim/scripts/v_next/train_v_next_mlp.py:133: PerformanceWarning: DataFrame is highly fragmented.  This is usually the result of calling `frame.insert` many times, which has poor performance.  Consider joining all columns at once using pd.concat(axis=1) instead. To get a de-fragmented frame, use `newframe = frame.copy()`
  out[f"feat_{i}"] = df[f"f{i}"]
/home/lilith/work/zen/zensim/scripts/v_next/train_v_next_mlp.py:133: PerformanceWarning: DataFrame is highly fragmented.  This is usually the result of calling `frame.insert` many times, which has poor performance.  Consider joining all columns at once using pd.concat(axis=1) instead. To get a de-fragmented frame, use `newframe = frame.copy()`
  out[f"feat_{i}"] = df[f"f{i}"]
/home/lilith/work/zen/zensim/scripts/v_next/train_v_next_mlp.py:133: PerformanceWarning: DataFrame is highly fragmented.  This is usually the result of calling `frame.insert` many times, which has poor performance.  Consider joining all columns at once using pd.concat(axis=1) instead. To get a de-fragmented frame, use `newframe = frame.copy()`
  out[f"feat_{i}"] = df[f"f{i}"]
/home/lilith/work/zen/zensim/scripts/v_next/train_v_next_mlp.py:133: PerformanceWarning: DataFrame is highly fragmented.  This is usually the result of calling `frame.insert` many times, which has poor performance.  Consider joining all columns at once using pd.concat(axis=1) instead. To get a de-fragmented frame, use `newframe = frame.copy()`
  out[f"feat_{i}"] = df[f"f{i}"]
/home/lilith/work/zen/zensim/scripts/v_next/train_v_next_mlp.py:133: PerformanceWarning: DataFrame is highly fragmented.  This is usually the result of calling `frame.insert` many times, which has poor performance.  Consider joining all columns at once using pd.concat(axis=1) instead. To get a de-fragmented frame, use `newframe = frame.copy()`
  out[f"feat_{i}"] = df[f"f{i}"]
/home/lilith/work/zen/zensim/scripts/v_next/train_v_next_mlp.py:133: PerformanceWarning: DataFrame is highly fragmented.  This is usually the result of calling `frame.insert` many times, which has poor performance.  Consider joining all columns at once using pd.concat(axis=1) instead. To get a de-fragmented frame, use `newframe = frame.copy()`
  out[f"feat_{i}"] = df[f"f{i}"]
/home/lilith/work/zen/zensim/scripts/v_next/train_v_next_mlp.py:133: PerformanceWarning: DataFrame is highly fragmented.  This is usually the result of calling `frame.insert` many times, which has poor performance.  Consider joining all columns at once using pd.concat(axis=1) instead. To get a de-fragmented frame, use `newframe = frame.copy()`
  out[f"feat_{i}"] = df[f"f{i}"]
/home/lilith/work/zen/zensim/scripts/v_next/train_v_next_mlp.py:133: PerformanceWarning: DataFrame is highly fragmented.  This is usually the result of calling `frame.insert` many times, which has poor performance.  Consider joining all columns at once using pd.concat(axis=1) instead. To get a de-fragmented frame, use `newframe = frame.copy()`
  out[f"feat_{i}"] = df[f"f{i}"]
/home/lilith/work/zen/zensim/scripts/v_next/train_v_next_mlp.py:133: PerformanceWarning: DataFrame is highly fragmented.  This is usually the result of calling `frame.insert` many times, which has poor performance.  Consider joining all columns at once using pd.concat(axis=1) instead. To get a de-fragmented frame, use `newframe = frame.copy()`
  out[f"feat_{i}"] = df[f"f{i}"]
/home/lilith/work/zen/zensim/scripts/v_next/train_v_next_mlp.py:133: PerformanceWarning: DataFrame is highly fragmented.  This is usually the result of calling `frame.insert` many times, which has poor performance.  Consider joining all columns at once using pd.concat(axis=1) instead. To get a de-fragmented frame, use `newframe = frame.copy()`
  out[f"feat_{i}"] = df[f"f{i}"]
/home/lilith/work/zen/zensim/scripts/v_next/train_v_next_mlp.py:133: PerformanceWarning: DataFrame is highly fragmented.  This is usually the result of calling `frame.insert` many times, which has poor performance.  Consider joining all columns at once using pd.concat(axis=1) instead. To get a de-fragmented frame, use `newframe = frame.copy()`
  out[f"feat_{i}"] = df[f"f{i}"]
/home/lilith/work/zen/zensim/scripts/v_next/train_v_next_mlp.py:133: PerformanceWarning: DataFrame is highly fragmented.  This is usually the result of calling `frame.insert` many times, which has poor performance.  Consider joining all columns at once using pd.concat(axis=1) instead. To get a de-fragmented frame, use `newframe = frame.copy()`
  out[f"feat_{i}"] = df[f"f{i}"]
/home/lilith/work/zen/zensim/scripts/v_next/train_v_next_mlp.py:133: PerformanceWarning: DataFrame is highly fragmented.  This is usually the result of calling `frame.insert` many times, which has poor performance.  Consider joining all columns at once using pd.concat(axis=1) instead. To get a de-fragmented frame, use `newframe = frame.copy()`
  out[f"feat_{i}"] = df[f"f{i}"]
/home/lilith/work/zen/zensim/scripts/v_next/train_v_next_mlp.py:133: PerformanceWarning: DataFrame is highly fragmented.  This is usually the result of calling `frame.insert` many times, which has poor performance.  Consider joining all columns at once using pd.concat(axis=1) instead. To get a de-fragmented frame, use `newframe = frame.copy()`
  out[f"feat_{i}"] = df[f"f{i}"]
/home/lilith/work/zen/zensim/scripts/v_next/train_v_next_mlp.py:133: PerformanceWarning: DataFrame is highly fragmented.  This is usually the result of calling `frame.insert` many times, which has poor performance.  Consider joining all columns at once using pd.concat(axis=1) instead. To get a de-fragmented frame, use `newframe = frame.copy()`
  out[f"feat_{i}"] = df[f"f{i}"]
/home/lilith/work/zen/zensim/scripts/v_next/train_v_next_mlp.py:133: PerformanceWarning: DataFrame is highly fragmented.  This is usually the result of calling `frame.insert` many times, which has poor performance.  Consider joining all columns at once using pd.concat(axis=1) instead. To get a de-fragmented frame, use `newframe = frame.copy()`
  out[f"feat_{i}"] = df[f"f{i}"]
/home/lilith/work/zen/zensim/scripts/v_next/train_v_next_mlp.py:133: PerformanceWarning: DataFrame is highly fragmented.  This is usually the result of calling `frame.insert` many times, which has poor performance.  Consider joining all columns at once using pd.concat(axis=1) instead. To get a de-fragmented frame, use `newframe = frame.copy()`
  out[f"feat_{i}"] = df[f"f{i}"]
/home/lilith/work/zen/zensim/scripts/v_next/train_v_next_mlp.py:133: PerformanceWarning: DataFrame is highly fragmented.  This is usually the result of calling `frame.insert` many times, which has poor performance.  Consider joining all columns at once using pd.concat(axis=1) instead. To get a de-fragmented frame, use `newframe = frame.copy()`
  out[f"feat_{i}"] = df[f"f{i}"]
/home/lilith/work/zen/zensim/scripts/v_next/train_v_next_mlp.py:133: PerformanceWarning: DataFrame is highly fragmented.  This is usually the result of calling `frame.insert` many times, which has poor performance.  Consider joining all columns at once using pd.concat(axis=1) instead. To get a de-fragmented frame, use `newframe = frame.copy()`
  out[f"feat_{i}"] = df[f"f{i}"]
/home/lilith/work/zen/zensim/scripts/v_next/train_v_next_mlp.py:133: PerformanceWarning: DataFrame is highly fragmented.  This is usually the result of calling `frame.insert` many times, which has poor performance.  Consider joining all columns at once using pd.concat(axis=1) instead. To get a de-fragmented frame, use `newframe = frame.copy()`
  out[f"feat_{i}"] = df[f"f{i}"]
/home/lilith/work/zen/zensim/scripts/v_next/train_v_next_mlp.py:133: PerformanceWarning: DataFrame is highly fragmented.  This is usually the result of calling `frame.insert` many times, which has poor performance.  Consider joining all columns at once using pd.concat(axis=1) instead. To get a de-fragmented frame, use `newframe = frame.copy()`
  out[f"feat_{i}"] = df[f"f{i}"]
/home/lilith/work/zen/zensim/scripts/v_next/train_v_next_mlp.py:133: PerformanceWarning: DataFrame is highly fragmented.  This is usually the result of calling `frame.insert` many times, which has poor performance.  Consider joining all columns at once using pd.concat(axis=1) instead. To get a de-fragmented frame, use `newframe = frame.copy()`
  out[f"feat_{i}"] = df[f"f{i}"]
/home/lilith/work/zen/zensim/scripts/v_next/train_v_next_mlp.py:133: PerformanceWarning: DataFrame is highly fragmented.  This is usually the result of calling `frame.insert` many times, which has poor performance.  Consider joining all columns at once using pd.concat(axis=1) instead. To get a de-fragmented frame, use `newframe = frame.copy()`
  out[f"feat_{i}"] = df[f"f{i}"]
/home/lilith/work/zen/zensim/scripts/v_next/train_v_next_mlp.py:133: PerformanceWarning: DataFrame is highly fragmented.  This is usually the result of calling `frame.insert` many times, which has poor performance.  Consider joining all columns at once using pd.concat(axis=1) instead. To get a de-fragmented frame, use `newframe = frame.copy()`
  out[f"feat_{i}"] = df[f"f{i}"]
/home/lilith/work/zen/zensim/scripts/v_next/train_v_next_mlp.py:133: PerformanceWarning: DataFrame is highly fragmented.  This is usually the result of calling `frame.insert` many times, which has poor performance.  Consider joining all columns at once using pd.concat(axis=1) instead. To get a de-fragmented frame, use `newframe = frame.copy()`
  out[f"feat_{i}"] = df[f"f{i}"]
/home/lilith/work/zen/zensim/scripts/v_next/train_v_next_mlp.py:133: PerformanceWarning: DataFrame is highly fragmented.  This is usually the result of calling `frame.insert` many times, which has poor performance.  Consider joining all columns at once using pd.concat(axis=1) instead. To get a de-fragmented frame, use `newframe = frame.copy()`
  out[f"feat_{i}"] = df[f"f{i}"]
/home/lilith/work/zen/zensim/scripts/v_next/train_v_next_mlp.py:133: PerformanceWarning: DataFrame is highly fragmented.  This is usually the result of calling `frame.insert` many times, which has poor performance.  Consider joining all columns at once using pd.concat(axis=1) instead. To get a de-fragmented frame, use `newframe = frame.copy()`
  out[f"feat_{i}"] = df[f"f{i}"]
/home/lilith/work/zen/zensim/scripts/v_next/train_v_next_mlp.py:133: PerformanceWarning: DataFrame is highly fragmented.  This is usually the result of calling `frame.insert` many times, which has poor performance.  Consider joining all columns at once using pd.concat(axis=1) instead. To get a de-fragmented frame, use `newframe = frame.copy()`
  out[f"feat_{i}"] = df[f"f{i}"]
/home/lilith/work/zen/zensim/scripts/v_next/train_v_next_mlp.py:133: PerformanceWarning: DataFrame is highly fragmented.  This is usually the result of calling `frame.insert` many times, which has poor performance.  Consider joining all columns at once using pd.concat(axis=1) instead. To get a de-fragmented frame, use `newframe = frame.copy()`
  out[f"feat_{i}"] = df[f"f{i}"]
/home/lilith/work/zen/zensim/scripts/v_next/train_v_next_mlp.py:133: PerformanceWarning: DataFrame is highly fragmented.  This is usually the result of calling `frame.insert` many times, which has poor performance.  Consider joining all columns at once using pd.concat(axis=1) instead. To get a de-fragmented frame, use `newframe = frame.copy()`
  out[f"feat_{i}"] = df[f"f{i}"]
/home/lilith/work/zen/zensim/scripts/v_next/train_v_next_mlp.py:133: PerformanceWarning: DataFrame is highly fragmented.  This is usually the result of calling `frame.insert` many times, which has poor performance.  Consider joining all columns at once using pd.concat(axis=1) instead. To get a de-fragmented frame, use `newframe = frame.copy()`
  out[f"feat_{i}"] = df[f"f{i}"]
/home/lilith/work/zen/zensim/scripts/v_next/train_v_next_mlp.py:133: PerformanceWarning: DataFrame is highly fragmented.  This is usually the result of calling `frame.insert` many times, which has poor performance.  Consider joining all columns at once using pd.concat(axis=1) instead. To get a de-fragmented frame, use `newframe = frame.copy()`
  out[f"feat_{i}"] = df[f"f{i}"]
/home/lilith/work/zen/zensim/scripts/v_next/train_v_next_mlp.py:133: PerformanceWarning: DataFrame is highly fragmented.  This is usually the result of calling `frame.insert` many times, which has poor performance.  Consider joining all columns at once using pd.concat(axis=1) instead. To get a de-fragmented frame, use `newframe = frame.copy()`
  out[f"feat_{i}"] = df[f"f{i}"]
/home/lilith/work/zen/zensim/scripts/v_next/train_v_next_mlp.py:133: PerformanceWarning: DataFrame is highly fragmented.  This is usually the result of calling `frame.insert` many times, which has poor performance.  Consider joining all columns at once using pd.concat(axis=1) instead. To get a de-fragmented frame, use `newframe = frame.copy()`
  out[f"feat_{i}"] = df[f"f{i}"]
/home/lilith/work/zen/zensim/scripts/v_next/train_v_next_mlp.py:133: PerformanceWarning: DataFrame is highly fragmented.  This is usually the result of calling `frame.insert` many times, which has poor performance.  Consider joining all columns at once using pd.concat(axis=1) instead. To get a de-fragmented frame, use `newframe = frame.copy()`
  out[f"feat_{i}"] = df[f"f{i}"]
/home/lilith/work/zen/zensim/scripts/v_next/train_v_next_mlp.py:133: PerformanceWarning: DataFrame is highly fragmented.  This is usually the result of calling `frame.insert` many times, which has poor performance.  Consider joining all columns at once using pd.concat(axis=1) instead. To get a de-fragmented frame, use `newframe = frame.copy()`
  out[f"feat_{i}"] = df[f"f{i}"]
/home/lilith/work/zen/zensim/scripts/v_next/train_v_next_mlp.py:133: PerformanceWarning: DataFrame is highly fragmented.  This is usually the result of calling `frame.insert` many times, which has poor performance.  Consider joining all columns at once using pd.concat(axis=1) instead. To get a de-fragmented frame, use `newframe = frame.copy()`
  out[f"feat_{i}"] = df[f"f{i}"]
/home/lilith/work/zen/zensim/scripts/v_next/train_v_next_mlp.py:133: PerformanceWarning: DataFrame is highly fragmented.  This is usually the result of calling `frame.insert` many times, which has poor performance.  Consider joining all columns at once using pd.concat(axis=1) instead. To get a de-fragmented frame, use `newframe = frame.copy()`
  out[f"feat_{i}"] = df[f"f{i}"]
/home/lilith/work/zen/zensim/scripts/v_next/train_v_next_mlp.py:133: PerformanceWarning: DataFrame is highly fragmented.  This is usually the result of calling `frame.insert` many times, which has poor performance.  Consider joining all columns at once using pd.concat(axis=1) instead. To get a de-fragmented frame, use `newframe = frame.copy()`
  out[f"feat_{i}"] = df[f"f{i}"]
/home/lilith/work/zen/zensim/scripts/v_next/train_v_next_mlp.py:133: PerformanceWarning: DataFrame is highly fragmented.  This is usually the result of calling `frame.insert` many times, which has poor performance.  Consider joining all columns at once using pd.concat(axis=1) instead. To get a de-fragmented frame, use `newframe = frame.copy()`
  out[f"feat_{i}"] = df[f"f{i}"]
/home/lilith/work/zen/zensim/scripts/v_next/train_v_next_mlp.py:133: PerformanceWarning: DataFrame is highly fragmented.  This is usually the result of calling `frame.insert` many times, which has poor performance.  Consider joining all columns at once using pd.concat(axis=1) instead. To get a de-fragmented frame, use `newframe = frame.copy()`
  out[f"feat_{i}"] = df[f"f{i}"]
/home/lilith/work/zen/zensim/scripts/v_next/train_v_next_mlp.py:133: PerformanceWarning: DataFrame is highly fragmented.  This is usually the result of calling `frame.insert` many times, which has poor performance.  Consider joining all columns at once using pd.concat(axis=1) instead. To get a de-fragmented frame, use `newframe = frame.copy()`
  out[f"feat_{i}"] = df[f"f{i}"]
/home/lilith/work/zen/zensim/scripts/v_next/train_v_next_mlp.py:133: PerformanceWarning: DataFrame is highly fragmented.  This is usually the result of calling `frame.insert` many times, which has poor performance.  Consider joining all columns at once using pd.concat(axis=1) instead. To get a de-fragmented frame, use `newframe = frame.copy()`
  out[f"feat_{i}"] = df[f"f{i}"]
/home/lilith/work/zen/zensim/scripts/v_next/train_v_next_mlp.py:133: PerformanceWarning: DataFrame is highly fragmented.  This is usually the result of calling `frame.insert` many times, which has poor performance.  Consider joining all columns at once using pd.concat(axis=1) instead. To get a de-fragmented frame, use `newframe = frame.copy()`
  out[f"feat_{i}"] = df[f"f{i}"]
/home/lilith/work/zen/zensim/scripts/v_next/train_v_next_mlp.py:133: PerformanceWarning: DataFrame is highly fragmented.  This is usually the result of calling `frame.insert` many times, which has poor performance.  Consider joining all columns at once using pd.concat(axis=1) instead. To get a de-fragmented frame, use `newframe = frame.copy()`
  out[f"feat_{i}"] = df[f"f{i}"]
/home/lilith/work/zen/zensim/scripts/v_next/train_v_next_mlp.py:133: PerformanceWarning: DataFrame is highly fragmented.  This is usually the result of calling `frame.insert` many times, which has poor performance.  Consider joining all columns at once using pd.concat(axis=1) instead. To get a de-fragmented frame, use `newframe = frame.copy()`
  out[f"feat_{i}"] = df[f"f{i}"]
/home/lilith/work/zen/zensim/scripts/v_next/train_v_next_mlp.py:149: PerformanceWarning: DataFrame is highly fragmented.  This is usually the result of calling `frame.insert` many times, which has poor performance.  Consider joining all columns at once using pd.concat(axis=1) instead. To get a de-fragmented frame, use `newframe = frame.copy()`
  out["is_val_only"] = out["image_basename"].isin(val_refs)
/home/lilith/work/zen/zensim/scripts/v_next/train_v_next_mlp.py:150: PerformanceWarning: DataFrame is highly fragmented.  This is usually the result of calling `frame.insert` many times, which has poor performance.  Consider joining all columns at once using pd.concat(axis=1) instead. To get a de-fragmented frame, use `newframe = frame.copy()`
  out["train_weight"] = np.where(out["is_val_only"], 0.0, train_weight)
/home/lilith/work/zen/zensim/scripts/v_next/train_v_next_mlp.py:151: PerformanceWarning: DataFrame is highly fragmented.  This is usually the result of calling `frame.insert` many times, which has poor performance.  Consider joining all columns at once using pd.concat(axis=1) instead. To get a de-fragmented frame, use `newframe = frame.copy()`
  out["dataset"] = dataset_name
/home/lilith/work/zen/zensim/scripts/v_next/train_v_next_mlp.py:152: PerformanceWarning: DataFrame is highly fragmented.  This is usually the result of calling `frame.insert` many times, which has poor performance.  Consider joining all columns at once using pd.concat(axis=1) instead. To get a de-fragmented frame, use `newframe = frame.copy()`
  out["target_human"] = score_100  # explicit copy for V0_6 ranknet groups
  10,125 rows, 81 unique refs (val=20 val_only refs); train_w=0.3, loaded in 0.5s
Loading tid tid_features.csv...
/home/lilith/work/zen/zensim/scripts/v_next/train_v_next_mlp.py:133: PerformanceWarning: DataFrame is highly fragmented.  This is usually the result of calling `frame.insert` many times, which has poor performance.  Consider joining all columns at once using pd.concat(axis=1) instead. To get a de-fragmented frame, use `newframe = frame.copy()`
  out[f"feat_{i}"] = df[f"f{i}"]
/home/lilith/work/zen/zensim/scripts/v_next/train_v_next_mlp.py:133: PerformanceWarning: DataFrame is highly fragmented.  This is usually the result of calling `frame.insert` many times, which has poor performance.  Consider joining all columns at once using pd.concat(axis=1) instead. To get a de-fragmented frame, use `newframe = frame.copy()`
  out[f"feat_{i}"] = df[f"f{i}"]
/home/lilith/work/zen/zensim/scripts/v_next/train_v_next_mlp.py:133: PerformanceWarning: DataFrame is highly fragmented.  This is usually the result of calling `frame.insert` many times, which has poor performance.  Consider joining all columns at once using pd.concat(axis=1) instead. To get a de-fragmented frame, use `newframe = frame.copy()`
  out[f"feat_{i}"] = df[f"f{i}"]
/home/lilith/work/zen/zensim/scripts/v_next/train_v_next_mlp.py:133: PerformanceWarning: DataFrame is highly fragmented.  This is usually the result of calling `frame.insert` many times, which has poor performance.  Consider joining all columns at once using pd.concat(axis=1) instead. To get a de-fragmented frame, use `newframe = frame.copy()`
  out[f"feat_{i}"] = df[f"f{i}"]
/home/lilith/work/zen/zensim/scripts/v_next/train_v_next_mlp.py:133: PerformanceWarning: DataFrame is highly fragmented.  This is usually the result of calling `frame.insert` many times, which has poor performance.  Consider joining all columns at once using pd.concat(axis=1) instead. To get a de-fragmented frame, use `newframe = frame.copy()`
  out[f"feat_{i}"] = df[f"f{i}"]
/home/lilith/work/zen/zensim/scripts/v_next/train_v_next_mlp.py:133: PerformanceWarning: DataFrame is highly fragmented.  This is usually the result of calling `frame.insert` many times, which has poor performance.  Consider joining all columns at once using pd.concat(axis=1) instead. To get a de-fragmented frame, use `newframe = frame.copy()`
  out[f"feat_{i}"] = df[f"f{i}"]
/home/lilith/work/zen/zensim/scripts/v_next/train_v_next_mlp.py:133: PerformanceWarning: DataFrame is highly fragmented.  This is usually the result of calling `frame.insert` many times, which has poor performance.  Consider joining all columns at once using pd.concat(axis=1) instead. To get a de-fragmented frame, use `newframe = frame.copy()`
  out[f"feat_{i}"] = df[f"f{i}"]
/home/lilith/work/zen/zensim/scripts/v_next/train_v_next_mlp.py:133: PerformanceWarning: DataFrame is highly fragmented.  This is usually the result of calling `frame.insert` many times, which has poor performance.  Consider joining all columns at once using pd.concat(axis=1) instead. To get a de-fragmented frame, use `newframe = frame.copy()`
  out[f"feat_{i}"] = df[f"f{i}"]
/home/lilith/work/zen/zensim/scripts/v_next/train_v_next_mlp.py:133: PerformanceWarning: DataFrame is highly fragmented.  This is usually the result of calling `frame.insert` many times, which has poor performance.  Consider joining all columns at once using pd.concat(axis=1) instead. To get a de-fragmented frame, use `newframe = frame.copy()`
  out[f"feat_{i}"] = df[f"f{i}"]
/home/lilith/work/zen/zensim/scripts/v_next/train_v_next_mlp.py:133: PerformanceWarning: DataFrame is highly fragmented.  This is usually the result of calling `frame.insert` many times, which has poor performance.  Consider joining all columns at once using pd.concat(axis=1) instead. To get a de-fragmented frame, use `newframe = frame.copy()`
  out[f"feat_{i}"] = df[f"f{i}"]
/home/lilith/work/zen/zensim/scripts/v_next/train_v_next_mlp.py:133: PerformanceWarning: DataFrame is highly fragmented.  This is usually the result of calling `frame.insert` many times, which has poor performance.  Consider joining all columns at once using pd.concat(axis=1) instead. To get a de-fragmented frame, use `newframe = frame.copy()`
  out[f"feat_{i}"] = df[f"f{i}"]
/home/lilith/work/zen/zensim/scripts/v_next/train_v_next_mlp.py:133: PerformanceWarning: DataFrame is highly fragmented.  This is usually the result of calling `frame.insert` many times, which has poor performance.  Consider joining all columns at once using pd.concat(axis=1) instead. To get a de-fragmented frame, use `newframe = frame.copy()`
  out[f"feat_{i}"] = df[f"f{i}"]
/home/lilith/work/zen/zensim/scripts/v_next/train_v_next_mlp.py:133: PerformanceWarning: DataFrame is highly fragmented.  This is usually the result of calling `frame.insert` many times, which has poor performance.  Consider joining all columns at once using pd.concat(axis=1) instead. To get a de-fragmented frame, use `newframe = frame.copy()`
  out[f"feat_{i}"] = df[f"f{i}"]
/home/lilith/work/zen/zensim/scripts/v_next/train_v_next_mlp.py:133: PerformanceWarning: DataFrame is highly fragmented.  This is usually the result of calling `frame.insert` many times, which has poor performance.  Consider joining all columns at once using pd.concat(axis=1) instead. To get a de-fragmented frame, use `newframe = frame.copy()`
  out[f"feat_{i}"] = df[f"f{i}"]
/home/lilith/work/zen/zensim/scripts/v_next/train_v_next_mlp.py:133: PerformanceWarning: DataFrame is highly fragmented.  This is usually the result of calling `frame.insert` many times, which has poor performance.  Consider joining all columns at once using pd.concat(axis=1) instead. To get a de-fragmented frame, use `newframe = frame.copy()`
  out[f"feat_{i}"] = df[f"f{i}"]
/home/lilith/work/zen/zensim/scripts/v_next/train_v_next_mlp.py:133: PerformanceWarning: DataFrame is highly fragmented.  This is usually the result of calling `frame.insert` many times, which has poor performance.  Consider joining all columns at once using pd.concat(axis=1) instead. To get a de-fragmented frame, use `newframe = frame.copy()`
  out[f"feat_{i}"] = df[f"f{i}"]
/home/lilith/work/zen/zensim/scripts/v_next/train_v_next_mlp.py:133: PerformanceWarning: DataFrame is highly fragmented.  This is usually the result of calling `frame.insert` many times, which has poor performance.  Consider joining all columns at once using pd.concat(axis=1) instead. To get a de-fragmented frame, use `newframe = frame.copy()`
  out[f"feat_{i}"] = df[f"f{i}"]
/home/lilith/work/zen/zensim/scripts/v_next/train_v_next_mlp.py:133: PerformanceWarning: DataFrame is highly fragmented.  This is usually the result of calling `frame.insert` many times, which has poor performance.  Consider joining all columns at once using pd.concat(axis=1) instead. To get a de-fragmented frame, use `newframe = frame.copy()`
  out[f"feat_{i}"] = df[f"f{i}"]
/home/lilith/work/zen/zensim/scripts/v_next/train_v_next_mlp.py:133: PerformanceWarning: DataFrame is highly fragmented.  This is usually the result of calling `frame.insert` many times, which has poor performance.  Consider joining all columns at once using pd.concat(axis=1) instead. To get a de-fragmented frame, use `newframe = frame.copy()`
  out[f"feat_{i}"] = df[f"f{i}"]
/home/lilith/work/zen/zensim/scripts/v_next/train_v_next_mlp.py:133: PerformanceWarning: DataFrame is highly fragmented.  This is usually the result of calling `frame.insert` many times, which has poor performance.  Consider joining all columns at once using pd.concat(axis=1) instead. To get a de-fragmented frame, use `newframe = frame.copy()`
  out[f"feat_{i}"] = df[f"f{i}"]
/home/lilith/work/zen/zensim/scripts/v_next/train_v_next_mlp.py:133: PerformanceWarning: DataFrame is highly fragmented.  This is usually the result of calling `frame.insert` many times, which has poor performance.  Consider joining all columns at once using pd.concat(axis=1) instead. To get a de-fragmented frame, use `newframe = frame.copy()`
  out[f"feat_{i}"] = df[f"f{i}"]
/home/lilith/work/zen/zensim/scripts/v_next/train_v_next_mlp.py:133: PerformanceWarning: DataFrame is highly fragmented.  This is usually the result of calling `frame.insert` many times, which has poor performance.  Consider joining all columns at once using pd.concat(axis=1) instead. To get a de-fragmented frame, use `newframe = frame.copy()`
  out[f"feat_{i}"] = df[f"f{i}"]
/home/lilith/work/zen/zensim/scripts/v_next/train_v_next_mlp.py:133: PerformanceWarning: DataFrame is highly fragmented.  This is usually the result of calling `frame.insert` many times, which has poor performance.  Consider joining all columns at once using pd.concat(axis=1) instead. To get a de-fragmented frame, use `newframe = frame.copy()`
  out[f"feat_{i}"] = df[f"f{i}"]
/home/lilith/work/zen/zensim/scripts/v_next/train_v_next_mlp.py:133: PerformanceWarning: DataFrame is highly fragmented.  This is usually the result of calling `frame.insert` many times, which has poor performance.  Consider joining all columns at once using pd.concat(axis=1) instead. To get a de-fragmented frame, use `newframe = frame.copy()`
  out[f"feat_{i}"] = df[f"f{i}"]
/home/lilith/work/zen/zensim/scripts/v_next/train_v_next_mlp.py:133: PerformanceWarning: DataFrame is highly fragmented.  This is usually the result of calling `frame.insert` many times, which has poor performance.  Consider joining all columns at once using pd.concat(axis=1) instead. To get a de-fragmented frame, use `newframe = frame.copy()`
  out[f"feat_{i}"] = df[f"f{i}"]
/home/lilith/work/zen/zensim/scripts/v_next/train_v_next_mlp.py:133: PerformanceWarning: DataFrame is highly fragmented.  This is usually the result of calling `frame.insert` many times, which has poor performance.  Consider joining all columns at once using pd.concat(axis=1) instead. To get a de-fragmented frame, use `newframe = frame.copy()`
  out[f"feat_{i}"] = df[f"f{i}"]
/home/lilith/work/zen/zensim/scripts/v_next/train_v_next_mlp.py:133: PerformanceWarning: DataFrame is highly fragmented.  This is usually the result of calling `frame.insert` many times, which has poor performance.  Consider joining all columns at once using pd.concat(axis=1) instead. To get a de-fragmented frame, use `newframe = frame.copy()`
  out[f"feat_{i}"] = df[f"f{i}"]
/home/lilith/work/zen/zensim/scripts/v_next/train_v_next_mlp.py:133: PerformanceWarning: DataFrame is highly fragmented.  This is usually the result of calling `frame.insert` many times, which has poor performance.  Consider joining all columns at once using pd.concat(axis=1) instead. To get a de-fragmented frame, use `newframe = frame.copy()`
  out[f"feat_{i}"] = df[f"f{i}"]
/home/lilith/work/zen/zensim/scripts/v_next/train_v_next_mlp.py:133: PerformanceWarning: DataFrame is highly fragmented.  This is usually the result of calling `frame.insert` many times, which has poor performance.  Consider joining all columns at once using pd.concat(axis=1) instead. To get a de-fragmented frame, use `newframe = frame.copy()`
  out[f"feat_{i}"] = df[f"f{i}"]
/home/lilith/work/zen/zensim/scripts/v_next/train_v_next_mlp.py:133: PerformanceWarning: DataFrame is highly fragmented.  This is usually the result of calling `frame.insert` many times, which has poor performance.  Consider joining all columns at once using pd.concat(axis=1) instead. To get a de-fragmented frame, use `newframe = frame.copy()`
  out[f"feat_{i}"] = df[f"f{i}"]
/home/lilith/work/zen/zensim/scripts/v_next/train_v_next_mlp.py:133: PerformanceWarning: DataFrame is highly fragmented.  This is usually the result of calling `frame.insert` many times, which has poor performance.  Consider joining all columns at once using pd.concat(axis=1) instead. To get a de-fragmented frame, use `newframe = frame.copy()`
  out[f"feat_{i}"] = df[f"f{i}"]
/home/lilith/work/zen/zensim/scripts/v_next/train_v_next_mlp.py:133: PerformanceWarning: DataFrame is highly fragmented.  This is usually the result of calling `frame.insert` many times, which has poor performance.  Consider joining all columns at once using pd.concat(axis=1) instead. To get a de-fragmented frame, use `newframe = frame.copy()`
  out[f"feat_{i}"] = df[f"f{i}"]
/home/lilith/work/zen/zensim/scripts/v_next/train_v_next_mlp.py:133: PerformanceWarning: DataFrame is highly fragmented.  This is usually the result of calling `frame.insert` many times, which has poor performance.  Consider joining all columns at once using pd.concat(axis=1) instead. To get a de-fragmented frame, use `newframe = frame.copy()`
  out[f"feat_{i}"] = df[f"f{i}"]
/home/lilith/work/zen/zensim/scripts/v_next/train_v_next_mlp.py:133: PerformanceWarning: DataFrame is highly fragmented.  This is usually the result of calling `frame.insert` many times, which has poor performance.  Consider joining all columns at once using pd.concat(axis=1) instead. To get a de-fragmented frame, use `newframe = frame.copy()`
  out[f"feat_{i}"] = df[f"f{i}"]
/home/lilith/work/zen/zensim/scripts/v_next/train_v_next_mlp.py:133: PerformanceWarning: DataFrame is highly fragmented.  This is usually the result of calling `frame.insert` many times, which has poor performance.  Consider joining all columns at once using pd.concat(axis=1) instead. To get a de-fragmented frame, use `newframe = frame.copy()`
  out[f"feat_{i}"] = df[f"f{i}"]
/home/lilith/work/zen/zensim/scripts/v_next/train_v_next_mlp.py:133: PerformanceWarning: DataFrame is highly fragmented.  This is usually the result of calling `frame.insert` many times, which has poor performance.  Consider joining all columns at once using pd.concat(axis=1) instead. To get a de-fragmented frame, use `newframe = frame.copy()`
  out[f"feat_{i}"] = df[f"f{i}"]
/home/lilith/work/zen/zensim/scripts/v_next/train_v_next_mlp.py:133: PerformanceWarning: DataFrame is highly fragmented.  This is usually the result of calling `frame.insert` many times, which has poor performance.  Consider joining all columns at once using pd.concat(axis=1) instead. To get a de-fragmented frame, use `newframe = frame.copy()`
  out[f"feat_{i}"] = df[f"f{i}"]
/home/lilith/work/zen/zensim/scripts/v_next/train_v_next_mlp.py:133: PerformanceWarning: DataFrame is highly fragmented.  This is usually the result of calling `frame.insert` many times, which has poor performance.  Consider joining all columns at once using pd.concat(axis=1) instead. To get a de-fragmented frame, use `newframe = frame.copy()`
  out[f"feat_{i}"] = df[f"f{i}"]
/home/lilith/work/zen/zensim/scripts/v_next/train_v_next_mlp.py:133: PerformanceWarning: DataFrame is highly fragmented.  This is usually the result of calling `frame.insert` many times, which has poor performance.  Consider joining all columns at once using pd.concat(axis=1) instead. To get a de-fragmented frame, use `newframe = frame.copy()`
  out[f"feat_{i}"] = df[f"f{i}"]
/home/lilith/work/zen/zensim/scripts/v_next/train_v_next_mlp.py:133: PerformanceWarning: DataFrame is highly fragmented.  This is usually the result of calling `frame.insert` many times, which has poor performance.  Consider joining all columns at once using pd.concat(axis=1) instead. To get a de-fragmented frame, use `newframe = frame.copy()`
  out[f"feat_{i}"] = df[f"f{i}"]
/home/lilith/work/zen/zensim/scripts/v_next/train_v_next_mlp.py:133: PerformanceWarning: DataFrame is highly fragmented.  This is usually the result of calling `frame.insert` many times, which has poor performance.  Consider joining all columns at once using pd.concat(axis=1) instead. To get a de-fragmented frame, use `newframe = frame.copy()`
  out[f"feat_{i}"] = df[f"f{i}"]
/home/lilith/work/zen/zensim/scripts/v_next/train_v_next_mlp.py:133: PerformanceWarning: DataFrame is highly fragmented.  This is usually the result of calling `frame.insert` many times, which has poor performance.  Consider joining all columns at once using pd.concat(axis=1) instead. To get a de-fragmented frame, use `newframe = frame.copy()`
  out[f"feat_{i}"] = df[f"f{i}"]
/home/lilith/work/zen/zensim/scripts/v_next/train_v_next_mlp.py:133: PerformanceWarning: DataFrame is highly fragmented.  This is usually the result of calling `frame.insert` many times, which has poor performance.  Consider joining all columns at once using pd.concat(axis=1) instead. To get a de-fragmented frame, use `newframe = frame.copy()`
  out[f"feat_{i}"] = df[f"f{i}"]
/home/lilith/work/zen/zensim/scripts/v_next/train_v_next_mlp.py:133: PerformanceWarning: DataFrame is highly fragmented.  This is usually the result of calling `frame.insert` many times, which has poor performance.  Consider joining all columns at once using pd.concat(axis=1) instead. To get a de-fragmented frame, use `newframe = frame.copy()`
  out[f"feat_{i}"] = df[f"f{i}"]
/home/lilith/work/zen/zensim/scripts/v_next/train_v_next_mlp.py:133: PerformanceWarning: DataFrame is highly fragmented.  This is usually the result of calling `frame.insert` many times, which has poor performance.  Consider joining all columns at once using pd.concat(axis=1) instead. To get a de-fragmented frame, use `newframe = frame.copy()`
  out[f"feat_{i}"] = df[f"f{i}"]
/home/lilith/work/zen/zensim/scripts/v_next/train_v_next_mlp.py:133: PerformanceWarning: DataFrame is highly fragmented.  This is usually the result of calling `frame.insert` many times, which has poor performance.  Consider joining all columns at once using pd.concat(axis=1) instead. To get a de-fragmented frame, use `newframe = frame.copy()`
  out[f"feat_{i}"] = df[f"f{i}"]
/home/lilith/work/zen/zensim/scripts/v_next/train_v_next_mlp.py:133: PerformanceWarning: DataFrame is highly fragmented.  This is usually the result of calling `frame.insert` many times, which has poor performance.  Consider joining all columns at once using pd.concat(axis=1) instead. To get a de-fragmented frame, use `newframe = frame.copy()`
  out[f"feat_{i}"] = df[f"f{i}"]
/home/lilith/work/zen/zensim/scripts/v_next/train_v_next_mlp.py:133: PerformanceWarning: DataFrame is highly fragmented.  This is usually the result of calling `frame.insert` many times, which has poor performance.  Consider joining all columns at once using pd.concat(axis=1) instead. To get a de-fragmented frame, use `newframe = frame.copy()`
  out[f"feat_{i}"] = df[f"f{i}"]
/home/lilith/work/zen/zensim/scripts/v_next/train_v_next_mlp.py:133: PerformanceWarning: DataFrame is highly fragmented.  This is usually the result of calling `frame.insert` many times, which has poor performance.  Consider joining all columns at once using pd.concat(axis=1) instead. To get a de-fragmented frame, use `newframe = frame.copy()`
  out[f"feat_{i}"] = df[f"f{i}"]
/home/lilith/work/zen/zensim/scripts/v_next/train_v_next_mlp.py:133: PerformanceWarning: DataFrame is highly fragmented.  This is usually the result of calling `frame.insert` many times, which has poor performance.  Consider joining all columns at once using pd.concat(axis=1) instead. To get a de-fragmented frame, use `newframe = frame.copy()`
  out[f"feat_{i}"] = df[f"f{i}"]
/home/lilith/work/zen/zensim/scripts/v_next/train_v_next_mlp.py:133: PerformanceWarning: DataFrame is highly fragmented.  This is usually the result of calling `frame.insert` many times, which has poor performance.  Consider joining all columns at once using pd.concat(axis=1) instead. To get a de-fragmented frame, use `newframe = frame.copy()`
  out[f"feat_{i}"] = df[f"f{i}"]
/home/lilith/work/zen/zensim/scripts/v_next/train_v_next_mlp.py:133: PerformanceWarning: DataFrame is highly fragmented.  This is usually the result of calling `frame.insert` many times, which has poor performance.  Consider joining all columns at once using pd.concat(axis=1) instead. To get a de-fragmented frame, use `newframe = frame.copy()`
  out[f"feat_{i}"] = df[f"f{i}"]
/home/lilith/work/zen/zensim/scripts/v_next/train_v_next_mlp.py:133: PerformanceWarning: DataFrame is highly fragmented.  This is usually the result of calling `frame.insert` many times, which has poor performance.  Consider joining all columns at once using pd.concat(axis=1) instead. To get a de-fragmented frame, use `newframe = frame.copy()`
  out[f"feat_{i}"] = df[f"f{i}"]
/home/lilith/work/zen/zensim/scripts/v_next/train_v_next_mlp.py:133: PerformanceWarning: DataFrame is highly fragmented.  This is usually the result of calling `frame.insert` many times, which has poor performance.  Consider joining all columns at once using pd.concat(axis=1) instead. To get a de-fragmented frame, use `newframe = frame.copy()`
  out[f"feat_{i}"] = df[f"f{i}"]
/home/lilith/work/zen/zensim/scripts/v_next/train_v_next_mlp.py:133: PerformanceWarning: DataFrame is highly fragmented.  This is usually the result of calling `frame.insert` many times, which has poor performance.  Consider joining all columns at once using pd.concat(axis=1) instead. To get a de-fragmented frame, use `newframe = frame.copy()`
  out[f"feat_{i}"] = df[f"f{i}"]
/home/lilith/work/zen/zensim/scripts/v_next/train_v_next_mlp.py:133: PerformanceWarning: DataFrame is highly fragmented.  This is usually the result of calling `frame.insert` many times, which has poor performance.  Consider joining all columns at once using pd.concat(axis=1) instead. To get a de-fragmented frame, use `newframe = frame.copy()`
  out[f"feat_{i}"] = df[f"f{i}"]
/home/lilith/work/zen/zensim/scripts/v_next/train_v_next_mlp.py:133: PerformanceWarning: DataFrame is highly fragmented.  This is usually the result of calling `frame.insert` many times, which has poor performance.  Consider joining all columns at once using pd.concat(axis=1) instead. To get a de-fragmented frame, use `newframe = frame.copy()`
  out[f"feat_{i}"] = df[f"f{i}"]
/home/lilith/work/zen/zensim/scripts/v_next/train_v_next_mlp.py:133: PerformanceWarning: DataFrame is highly fragmented.  This is usually the result of calling `frame.insert` many times, which has poor performance.  Consider joining all columns at once using pd.concat(axis=1) instead. To get a de-fragmented frame, use `newframe = frame.copy()`
  out[f"feat_{i}"] = df[f"f{i}"]
/home/lilith/work/zen/zensim/scripts/v_next/train_v_next_mlp.py:133: PerformanceWarning: DataFrame is highly fragmented.  This is usually the result of calling `frame.insert` many times, which has poor performance.  Consider joining all columns at once using pd.concat(axis=1) instead. To get a de-fragmented frame, use `newframe = frame.copy()`
  out[f"feat_{i}"] = df[f"f{i}"]
/home/lilith/work/zen/zensim/scripts/v_next/train_v_next_mlp.py:133: PerformanceWarning: DataFrame is highly fragmented.  This is usually the result of calling `frame.insert` many times, which has poor performance.  Consider joining all columns at once using pd.concat(axis=1) instead. To get a de-fragmented frame, use `newframe = frame.copy()`
  out[f"feat_{i}"] = df[f"f{i}"]
/home/lilith/work/zen/zensim/scripts/v_next/train_v_next_mlp.py:133: PerformanceWarning: DataFrame is highly fragmented.  This is usually the result of calling `frame.insert` many times, which has poor performance.  Consider joining all columns at once using pd.concat(axis=1) instead. To get a de-fragmented frame, use `newframe = frame.copy()`
  out[f"feat_{i}"] = df[f"f{i}"]
/home/lilith/work/zen/zensim/scripts/v_next/train_v_next_mlp.py:133: PerformanceWarning: DataFrame is highly fragmented.  This is usually the result of calling `frame.insert` many times, which has poor performance.  Consider joining all columns at once using pd.concat(axis=1) instead. To get a de-fragmented frame, use `newframe = frame.copy()`
  out[f"feat_{i}"] = df[f"f{i}"]
/home/lilith/work/zen/zensim/scripts/v_next/train_v_next_mlp.py:133: PerformanceWarning: DataFrame is highly fragmented.  This is usually the result of calling `frame.insert` many times, which has poor performance.  Consider joining all columns at once using pd.concat(axis=1) instead. To get a de-fragmented frame, use `newframe = frame.copy()`
  out[f"feat_{i}"] = df[f"f{i}"]
/home/lilith/work/zen/zensim/scripts/v_next/train_v_next_mlp.py:133: PerformanceWarning: DataFrame is highly fragmented.  This is usually the result of calling `frame.insert` many times, which has poor performance.  Consider joining all columns at once using pd.concat(axis=1) instead. To get a de-fragmented frame, use `newframe = frame.copy()`
  out[f"feat_{i}"] = df[f"f{i}"]
/home/lilith/work/zen/zensim/scripts/v_next/train_v_next_mlp.py:133: PerformanceWarning: DataFrame is highly fragmented.  This is usually the result of calling `frame.insert` many times, which has poor performance.  Consider joining all columns at once using pd.concat(axis=1) instead. To get a de-fragmented frame, use `newframe = frame.copy()`
  out[f"feat_{i}"] = df[f"f{i}"]
/home/lilith/work/zen/zensim/scripts/v_next/train_v_next_mlp.py:133: PerformanceWarning: DataFrame is highly fragmented.  This is usually the result of calling `frame.insert` many times, which has poor performance.  Consider joining all columns at once using pd.concat(axis=1) instead. To get a de-fragmented frame, use `newframe = frame.copy()`
  out[f"feat_{i}"] = df[f"f{i}"]
/home/lilith/work/zen/zensim/scripts/v_next/train_v_next_mlp.py:133: PerformanceWarning: DataFrame is highly fragmented.  This is usually the result of calling `frame.insert` many times, which has poor performance.  Consider joining all columns at once using pd.concat(axis=1) instead. To get a de-fragmented frame, use `newframe = frame.copy()`
  out[f"feat_{i}"] = df[f"f{i}"]
/home/lilith/work/zen/zensim/scripts/v_next/train_v_next_mlp.py:133: PerformanceWarning: DataFrame is highly fragmented.  This is usually the result of calling `frame.insert` many times, which has poor performance.  Consider joining all columns at once using pd.concat(axis=1) instead. To get a de-fragmented frame, use `newframe = frame.copy()`
  out[f"feat_{i}"] = df[f"f{i}"]
/home/lilith/work/zen/zensim/scripts/v_next/train_v_next_mlp.py:133: PerformanceWarning: DataFrame is highly fragmented.  This is usually the result of calling `frame.insert` many times, which has poor performance.  Consider joining all columns at once using pd.concat(axis=1) instead. To get a de-fragmented frame, use `newframe = frame.copy()`
  out[f"feat_{i}"] = df[f"f{i}"]
/home/lilith/work/zen/zensim/scripts/v_next/train_v_next_mlp.py:133: PerformanceWarning: DataFrame is highly fragmented.  This is usually the result of calling `frame.insert` many times, which has poor performance.  Consider joining all columns at once using pd.concat(axis=1) instead. To get a de-fragmented frame, use `newframe = frame.copy()`
  out[f"feat_{i}"] = df[f"f{i}"]
/home/lilith/work/zen/zensim/scripts/v_next/train_v_next_mlp.py:133: PerformanceWarning: DataFrame is highly fragmented.  This is usually the result of calling `frame.insert` many times, which has poor performance.  Consider joining all columns at once using pd.concat(axis=1) instead. To get a de-fragmented frame, use `newframe = frame.copy()`
  out[f"feat_{i}"] = df[f"f{i}"]
/home/lilith/work/zen/zensim/scripts/v_next/train_v_next_mlp.py:133: PerformanceWarning: DataFrame is highly fragmented.  This is usually the result of calling `frame.insert` many times, which has poor performance.  Consider joining all columns at once using pd.concat(axis=1) instead. To get a de-fragmented frame, use `newframe = frame.copy()`
  out[f"feat_{i}"] = df[f"f{i}"]
/home/lilith/work/zen/zensim/scripts/v_next/train_v_next_mlp.py:133: PerformanceWarning: DataFrame is highly fragmented.  This is usually the result of calling `frame.insert` many times, which has poor performance.  Consider joining all columns at once using pd.concat(axis=1) instead. To get a de-fragmented frame, use `newframe = frame.copy()`
  out[f"feat_{i}"] = df[f"f{i}"]
/home/lilith/work/zen/zensim/scripts/v_next/train_v_next_mlp.py:133: PerformanceWarning: DataFrame is highly fragmented.  This is usually the result of calling `frame.insert` many times, which has poor performance.  Consider joining all columns at once using pd.concat(axis=1) instead. To get a de-fragmented frame, use `newframe = frame.copy()`
  out[f"feat_{i}"] = df[f"f{i}"]
/home/lilith/work/zen/zensim/scripts/v_next/train_v_next_mlp.py:133: PerformanceWarning: DataFrame is highly fragmented.  This is usually the result of calling `frame.insert` many times, which has poor performance.  Consider joining all columns at once using pd.concat(axis=1) instead. To get a de-fragmented frame, use `newframe = frame.copy()`
  out[f"feat_{i}"] = df[f"f{i}"]
/home/lilith/work/zen/zensim/scripts/v_next/train_v_next_mlp.py:133: PerformanceWarning: DataFrame is highly fragmented.  This is usually the result of calling `frame.insert` many times, which has poor performance.  Consider joining all columns at once using pd.concat(axis=1) instead. To get a de-fragmented frame, use `newframe = frame.copy()`
  out[f"feat_{i}"] = df[f"f{i}"]
/home/lilith/work/zen/zensim/scripts/v_next/train_v_next_mlp.py:133: PerformanceWarning: DataFrame is highly fragmented.  This is usually the result of calling `frame.insert` many times, which has poor performance.  Consider joining all columns at once using pd.concat(axis=1) instead. To get a de-fragmented frame, use `newframe = frame.copy()`
  out[f"feat_{i}"] = df[f"f{i}"]
/home/lilith/work/zen/zensim/scripts/v_next/train_v_next_mlp.py:133: PerformanceWarning: DataFrame is highly fragmented.  This is usually the result of calling `frame.insert` many times, which has poor performance.  Consider joining all columns at once using pd.concat(axis=1) instead. To get a de-fragmented frame, use `newframe = frame.copy()`
  out[f"feat_{i}"] = df[f"f{i}"]
/home/lilith/work/zen/zensim/scripts/v_next/train_v_next_mlp.py:133: PerformanceWarning: DataFrame is highly fragmented.  This is usually the result of calling `frame.insert` many times, which has poor performance.  Consider joining all columns at once using pd.concat(axis=1) instead. To get a de-fragmented frame, use `newframe = frame.copy()`
  out[f"feat_{i}"] = df[f"f{i}"]
/home/lilith/work/zen/zensim/scripts/v_next/train_v_next_mlp.py:133: PerformanceWarning: DataFrame is highly fragmented.  This is usually the result of calling `frame.insert` many times, which has poor performance.  Consider joining all columns at once using pd.concat(axis=1) instead. To get a de-fragmented frame, use `newframe = frame.copy()`
  out[f"feat_{i}"] = df[f"f{i}"]
/home/lilith/work/zen/zensim/scripts/v_next/train_v_next_mlp.py:133: PerformanceWarning: DataFrame is highly fragmented.  This is usually the result of calling `frame.insert` many times, which has poor performance.  Consider joining all columns at once using pd.concat(axis=1) instead. To get a de-fragmented frame, use `newframe = frame.copy()`
  out[f"feat_{i}"] = df[f"f{i}"]
/home/lilith/work/zen/zensim/scripts/v_next/train_v_next_mlp.py:133: PerformanceWarning: DataFrame is highly fragmented.  This is usually the result of calling `frame.insert` many times, which has poor performance.  Consider joining all columns at once using pd.concat(axis=1) instead. To get a de-fragmented frame, use `newframe = frame.copy()`
  out[f"feat_{i}"] = df[f"f{i}"]
/home/lilith/work/zen/zensim/scripts/v_next/train_v_next_mlp.py:133: PerformanceWarning: DataFrame is highly fragmented.  This is usually the result of calling `frame.insert` many times, which has poor performance.  Consider joining all columns at once using pd.concat(axis=1) instead. To get a de-fragmented frame, use `newframe = frame.copy()`
  out[f"feat_{i}"] = df[f"f{i}"]
/home/lilith/work/zen/zensim/scripts/v_next/train_v_next_mlp.py:133: PerformanceWarning: DataFrame is highly fragmented.  This is usually the result of calling `frame.insert` many times, which has poor performance.  Consider joining all columns at once using pd.concat(axis=1) instead. To get a de-fragmented frame, use `newframe = frame.copy()`
  out[f"feat_{i}"] = df[f"f{i}"]
/home/lilith/work/zen/zensim/scripts/v_next/train_v_next_mlp.py:133: PerformanceWarning: DataFrame is highly fragmented.  This is usually the result of calling `frame.insert` many times, which has poor performance.  Consider joining all columns at once using pd.concat(axis=1) instead. To get a de-fragmented frame, use `newframe = frame.copy()`
  out[f"feat_{i}"] = df[f"f{i}"]
/home/lilith/work/zen/zensim/scripts/v_next/train_v_next_mlp.py:133: PerformanceWarning: DataFrame is highly fragmented.  This is usually the result of calling `frame.insert` many times, which has poor performance.  Consider joining all columns at once using pd.concat(axis=1) instead. To get a de-fragmented frame, use `newframe = frame.copy()`
  out[f"feat_{i}"] = df[f"f{i}"]
/home/lilith/work/zen/zensim/scripts/v_next/train_v_next_mlp.py:133: PerformanceWarning: DataFrame is highly fragmented.  This is usually the result of calling `frame.insert` many times, which has poor performance.  Consider joining all columns at once using pd.concat(axis=1) instead. To get a de-fragmented frame, use `newframe = frame.copy()`
  out[f"feat_{i}"] = df[f"f{i}"]
/home/lilith/work/zen/zensim/scripts/v_next/train_v_next_mlp.py:133: PerformanceWarning: DataFrame is highly fragmented.  This is usually the result of calling `frame.insert` many times, which has poor performance.  Consider joining all columns at once using pd.concat(axis=1) instead. To get a de-fragmented frame, use `newframe = frame.copy()`
  out[f"feat_{i}"] = df[f"f{i}"]
/home/lilith/work/zen/zensim/scripts/v_next/train_v_next_mlp.py:133: PerformanceWarning: DataFrame is highly fragmented.  This is usually the result of calling `frame.insert` many times, which has poor performance.  Consider joining all columns at once using pd.concat(axis=1) instead. To get a de-fragmented frame, use `newframe = frame.copy()`
  out[f"feat_{i}"] = df[f"f{i}"]
/home/lilith/work/zen/zensim/scripts/v_next/train_v_next_mlp.py:133: PerformanceWarning: DataFrame is highly fragmented.  This is usually the result of calling `frame.insert` many times, which has poor performance.  Consider joining all columns at once using pd.concat(axis=1) instead. To get a de-fragmented frame, use `newframe = frame.copy()`
  out[f"feat_{i}"] = df[f"f{i}"]
/home/lilith/work/zen/zensim/scripts/v_next/train_v_next_mlp.py:133: PerformanceWarning: DataFrame is highly fragmented.  This is usually the result of calling `frame.insert` many times, which has poor performance.  Consider joining all columns at once using pd.concat(axis=1) instead. To get a de-fragmented frame, use `newframe = frame.copy()`
  out[f"feat_{i}"] = df[f"f{i}"]
/home/lilith/work/zen/zensim/scripts/v_next/train_v_next_mlp.py:133: PerformanceWarning: DataFrame is highly fragmented.  This is usually the result of calling `frame.insert` many times, which has poor performance.  Consider joining all columns at once using pd.concat(axis=1) instead. To get a de-fragmented frame, use `newframe = frame.copy()`
  out[f"feat_{i}"] = df[f"f{i}"]
/home/lilith/work/zen/zensim/scripts/v_next/train_v_next_mlp.py:133: PerformanceWarning: DataFrame is highly fragmented.  This is usually the result of calling `frame.insert` many times, which has poor performance.  Consider joining all columns at once using pd.concat(axis=1) instead. To get a de-fragmented frame, use `newframe = frame.copy()`
  out[f"feat_{i}"] = df[f"f{i}"]
/home/lilith/work/zen/zensim/scripts/v_next/train_v_next_mlp.py:133: PerformanceWarning: DataFrame is highly fragmented.  This is usually the result of calling `frame.insert` many times, which has poor performance.  Consider joining all columns at once using pd.concat(axis=1) instead. To get a de-fragmented frame, use `newframe = frame.copy()`
  out[f"feat_{i}"] = df[f"f{i}"]
/home/lilith/work/zen/zensim/scripts/v_next/train_v_next_mlp.py:133: PerformanceWarning: DataFrame is highly fragmented.  This is usually the result of calling `frame.insert` many times, which has poor performance.  Consider joining all columns at once using pd.concat(axis=1) instead. To get a de-fragmented frame, use `newframe = frame.copy()`
  out[f"feat_{i}"] = df[f"f{i}"]
/home/lilith/work/zen/zensim/scripts/v_next/train_v_next_mlp.py:133: PerformanceWarning: DataFrame is highly fragmented.  This is usually the result of calling `frame.insert` many times, which has poor performance.  Consider joining all columns at once using pd.concat(axis=1) instead. To get a de-fragmented frame, use `newframe = frame.copy()`
  out[f"feat_{i}"] = df[f"f{i}"]
/home/lilith/work/zen/zensim/scripts/v_next/train_v_next_mlp.py:133: PerformanceWarning: DataFrame is highly fragmented.  This is usually the result of calling `frame.insert` many times, which has poor performance.  Consider joining all columns at once using pd.concat(axis=1) instead. To get a de-fragmented frame, use `newframe = frame.copy()`
  out[f"feat_{i}"] = df[f"f{i}"]
/home/lilith/work/zen/zensim/scripts/v_next/train_v_next_mlp.py:133: PerformanceWarning: DataFrame is highly fragmented.  This is usually the result of calling `frame.insert` many times, which has poor performance.  Consider joining all columns at once using pd.concat(axis=1) instead. To get a de-fragmented frame, use `newframe = frame.copy()`
  out[f"feat_{i}"] = df[f"f{i}"]
/home/lilith/work/zen/zensim/scripts/v_next/train_v_next_mlp.py:133: PerformanceWarning: DataFrame is highly fragmented.  This is usually the result of calling `frame.insert` many times, which has poor performance.  Consider joining all columns at once using pd.concat(axis=1) instead. To get a de-fragmented frame, use `newframe = frame.copy()`
  out[f"feat_{i}"] = df[f"f{i}"]
/home/lilith/work/zen/zensim/scripts/v_next/train_v_next_mlp.py:133: PerformanceWarning: DataFrame is highly fragmented.  This is usually the result of calling `frame.insert` many times, which has poor performance.  Consider joining all columns at once using pd.concat(axis=1) instead. To get a de-fragmented frame, use `newframe = frame.copy()`
  out[f"feat_{i}"] = df[f"f{i}"]
/home/lilith/work/zen/zensim/scripts/v_next/train_v_next_mlp.py:133: PerformanceWarning: DataFrame is highly fragmented.  This is usually the result of calling `frame.insert` many times, which has poor performance.  Consider joining all columns at once using pd.concat(axis=1) instead. To get a de-fragmented frame, use `newframe = frame.copy()`
  out[f"feat_{i}"] = df[f"f{i}"]
/home/lilith/work/zen/zensim/scripts/v_next/train_v_next_mlp.py:133: PerformanceWarning: DataFrame is highly fragmented.  This is usually the result of calling `frame.insert` many times, which has poor performance.  Consider joining all columns at once using pd.concat(axis=1) instead. To get a de-fragmented frame, use `newframe = frame.copy()`
  out[f"feat_{i}"] = df[f"f{i}"]
/home/lilith/work/zen/zensim/scripts/v_next/train_v_next_mlp.py:133: PerformanceWarning: DataFrame is highly fragmented.  This is usually the result of calling `frame.insert` many times, which has poor performance.  Consider joining all columns at once using pd.concat(axis=1) instead. To get a de-fragmented frame, use `newframe = frame.copy()`
  out[f"feat_{i}"] = df[f"f{i}"]
/home/lilith/work/zen/zensim/scripts/v_next/train_v_next_mlp.py:133: PerformanceWarning: DataFrame is highly fragmented.  This is usually the result of calling `frame.insert` many times, which has poor performance.  Consider joining all columns at once using pd.concat(axis=1) instead. To get a de-fragmented frame, use `newframe = frame.copy()`
  out[f"feat_{i}"] = df[f"f{i}"]
/home/lilith/work/zen/zensim/scripts/v_next/train_v_next_mlp.py:133: PerformanceWarning: DataFrame is highly fragmented.  This is usually the result of calling `frame.insert` many times, which has poor performance.  Consider joining all columns at once using pd.concat(axis=1) instead. To get a de-fragmented frame, use `newframe = frame.copy()`
  out[f"feat_{i}"] = df[f"f{i}"]
/home/lilith/work/zen/zensim/scripts/v_next/train_v_next_mlp.py:133: PerformanceWarning: DataFrame is highly fragmented.  This is usually the result of calling `frame.insert` many times, which has poor performance.  Consider joining all columns at once using pd.concat(axis=1) instead. To get a de-fragmented frame, use `newframe = frame.copy()`
  out[f"feat_{i}"] = df[f"f{i}"]
/home/lilith/work/zen/zensim/scripts/v_next/train_v_next_mlp.py:133: PerformanceWarning: DataFrame is highly fragmented.  This is usually the result of calling `frame.insert` many times, which has poor performance.  Consider joining all columns at once using pd.concat(axis=1) instead. To get a de-fragmented frame, use `newframe = frame.copy()`
  out[f"feat_{i}"] = df[f"f{i}"]
/home/lilith/work/zen/zensim/scripts/v_next/train_v_next_mlp.py:133: PerformanceWarning: DataFrame is highly fragmented.  This is usually the result of calling `frame.insert` many times, which has poor performance.  Consider joining all columns at once using pd.concat(axis=1) instead. To get a de-fragmented frame, use `newframe = frame.copy()`
  out[f"feat_{i}"] = df[f"f{i}"]
/home/lilith/work/zen/zensim/scripts/v_next/train_v_next_mlp.py:133: PerformanceWarning: DataFrame is highly fragmented.  This is usually the result of calling `frame.insert` many times, which has poor performance.  Consider joining all columns at once using pd.concat(axis=1) instead. To get a de-fragmented frame, use `newframe = frame.copy()`
  out[f"feat_{i}"] = df[f"f{i}"]
/home/lilith/work/zen/zensim/scripts/v_next/train_v_next_mlp.py:133: PerformanceWarning: DataFrame is highly fragmented.  This is usually the result of calling `frame.insert` many times, which has poor performance.  Consider joining all columns at once using pd.concat(axis=1) instead. To get a de-fragmented frame, use `newframe = frame.copy()`
  out[f"feat_{i}"] = df[f"f{i}"]
/home/lilith/work/zen/zensim/scripts/v_next/train_v_next_mlp.py:133: PerformanceWarning: DataFrame is highly fragmented.  This is usually the result of calling `frame.insert` many times, which has poor performance.  Consider joining all columns at once using pd.concat(axis=1) instead. To get a de-fragmented frame, use `newframe = frame.copy()`
  out[f"feat_{i}"] = df[f"f{i}"]
/home/lilith/work/zen/zensim/scripts/v_next/train_v_next_mlp.py:133: PerformanceWarning: DataFrame is highly fragmented.  This is usually the result of calling `frame.insert` many times, which has poor performance.  Consider joining all columns at once using pd.concat(axis=1) instead. To get a de-fragmented frame, use `newframe = frame.copy()`
  out[f"feat_{i}"] = df[f"f{i}"]
/home/lilith/work/zen/zensim/scripts/v_next/train_v_next_mlp.py:133: PerformanceWarning: DataFrame is highly fragmented.  This is usually the result of calling `frame.insert` many times, which has poor performance.  Consider joining all columns at once using pd.concat(axis=1) instead. To get a de-fragmented frame, use `newframe = frame.copy()`
  out[f"feat_{i}"] = df[f"f{i}"]
/home/lilith/work/zen/zensim/scripts/v_next/train_v_next_mlp.py:133: PerformanceWarning: DataFrame is highly fragmented.  This is usually the result of calling `frame.insert` many times, which has poor performance.  Consider joining all columns at once using pd.concat(axis=1) instead. To get a de-fragmented frame, use `newframe = frame.copy()`
  out[f"feat_{i}"] = df[f"f{i}"]
/home/lilith/work/zen/zensim/scripts/v_next/train_v_next_mlp.py:133: PerformanceWarning: DataFrame is highly fragmented.  This is usually the result of calling `frame.insert` many times, which has poor performance.  Consider joining all columns at once using pd.concat(axis=1) instead. To get a de-fragmented frame, use `newframe = frame.copy()`
  out[f"feat_{i}"] = df[f"f{i}"]
/home/lilith/work/zen/zensim/scripts/v_next/train_v_next_mlp.py:133: PerformanceWarning: DataFrame is highly fragmented.  This is usually the result of calling `frame.insert` many times, which has poor performance.  Consider joining all columns at once using pd.concat(axis=1) instead. To get a de-fragmented frame, use `newframe = frame.copy()`
  out[f"feat_{i}"] = df[f"f{i}"]
/home/lilith/work/zen/zensim/scripts/v_next/train_v_next_mlp.py:133: PerformanceWarning: DataFrame is highly fragmented.  This is usually the result of calling `frame.insert` many times, which has poor performance.  Consider joining all columns at once using pd.concat(axis=1) instead. To get a de-fragmented frame, use `newframe = frame.copy()`
  out[f"feat_{i}"] = df[f"f{i}"]
/home/lilith/work/zen/zensim/scripts/v_next/train_v_next_mlp.py:133: PerformanceWarning: DataFrame is highly fragmented.  This is usually the result of calling `frame.insert` many times, which has poor performance.  Consider joining all columns at once using pd.concat(axis=1) instead. To get a de-fragmented frame, use `newframe = frame.copy()`
  out[f"feat_{i}"] = df[f"f{i}"]
/home/lilith/work/zen/zensim/scripts/v_next/train_v_next_mlp.py:133: PerformanceWarning: DataFrame is highly fragmented.  This is usually the result of calling `frame.insert` many times, which has poor performance.  Consider joining all columns at once using pd.concat(axis=1) instead. To get a de-fragmented frame, use `newframe = frame.copy()`
  out[f"feat_{i}"] = df[f"f{i}"]
/home/lilith/work/zen/zensim/scripts/v_next/train_v_next_mlp.py:133: PerformanceWarning: DataFrame is highly fragmented.  This is usually the result of calling `frame.insert` many times, which has poor performance.  Consider joining all columns at once using pd.concat(axis=1) instead. To get a de-fragmented frame, use `newframe = frame.copy()`
  out[f"feat_{i}"] = df[f"f{i}"]
/home/lilith/work/zen/zensim/scripts/v_next/train_v_next_mlp.py:133: PerformanceWarning: DataFrame is highly fragmented.  This is usually the result of calling `frame.insert` many times, which has poor performance.  Consider joining all columns at once using pd.concat(axis=1) instead. To get a de-fragmented frame, use `newframe = frame.copy()`
  out[f"feat_{i}"] = df[f"f{i}"]
/home/lilith/work/zen/zensim/scripts/v_next/train_v_next_mlp.py:133: PerformanceWarning: DataFrame is highly fragmented.  This is usually the result of calling `frame.insert` many times, which has poor performance.  Consider joining all columns at once using pd.concat(axis=1) instead. To get a de-fragmented frame, use `newframe = frame.copy()`
  out[f"feat_{i}"] = df[f"f{i}"]
/home/lilith/work/zen/zensim/scripts/v_next/train_v_next_mlp.py:133: PerformanceWarning: DataFrame is highly fragmented.  This is usually the result of calling `frame.insert` many times, which has poor performance.  Consider joining all columns at once using pd.concat(axis=1) instead. To get a de-fragmented frame, use `newframe = frame.copy()`
  out[f"feat_{i}"] = df[f"f{i}"]
/home/lilith/work/zen/zensim/scripts/v_next/train_v_next_mlp.py:133: PerformanceWarning: DataFrame is highly fragmented.  This is usually the result of calling `frame.insert` many times, which has poor performance.  Consider joining all columns at once using pd.concat(axis=1) instead. To get a de-fragmented frame, use `newframe = frame.copy()`
  out[f"feat_{i}"] = df[f"f{i}"]
/home/lilith/work/zen/zensim/scripts/v_next/train_v_next_mlp.py:133: PerformanceWarning: DataFrame is highly fragmented.  This is usually the result of calling `frame.insert` many times, which has poor performance.  Consider joining all columns at once using pd.concat(axis=1) instead. To get a de-fragmented frame, use `newframe = frame.copy()`
  out[f"feat_{i}"] = df[f"f{i}"]
/home/lilith/work/zen/zensim/scripts/v_next/train_v_next_mlp.py:133: PerformanceWarning: DataFrame is highly fragmented.  This is usually the result of calling `frame.insert` many times, which has poor performance.  Consider joining all columns at once using pd.concat(axis=1) instead. To get a de-fragmented frame, use `newframe = frame.copy()`
  out[f"feat_{i}"] = df[f"f{i}"]
/home/lilith/work/zen/zensim/scripts/v_next/train_v_next_mlp.py:133: PerformanceWarning: DataFrame is highly fragmented.  This is usually the result of calling `frame.insert` many times, which has poor performance.  Consider joining all columns at once using pd.concat(axis=1) instead. To get a de-fragmented frame, use `newframe = frame.copy()`
  out[f"feat_{i}"] = df[f"f{i}"]
/home/lilith/work/zen/zensim/scripts/v_next/train_v_next_mlp.py:133: PerformanceWarning: DataFrame is highly fragmented.  This is usually the result of calling `frame.insert` many times, which has poor performance.  Consider joining all columns at once using pd.concat(axis=1) instead. To get a de-fragmented frame, use `newframe = frame.copy()`
  out[f"feat_{i}"] = df[f"f{i}"]
/home/lilith/work/zen/zensim/scripts/v_next/train_v_next_mlp.py:133: PerformanceWarning: DataFrame is highly fragmented.  This is usually the result of calling `frame.insert` many times, which has poor performance.  Consider joining all columns at once using pd.concat(axis=1) instead. To get a de-fragmented frame, use `newframe = frame.copy()`
  out[f"feat_{i}"] = df[f"f{i}"]
/home/lilith/work/zen/zensim/scripts/v_next/train_v_next_mlp.py:133: PerformanceWarning: DataFrame is highly fragmented.  This is usually the result of calling `frame.insert` many times, which has poor performance.  Consider joining all columns at once using pd.concat(axis=1) instead. To get a de-fragmented frame, use `newframe = frame.copy()`
  out[f"feat_{i}"] = df[f"f{i}"]
/home/lilith/work/zen/zensim/scripts/v_next/train_v_next_mlp.py:133: PerformanceWarning: DataFrame is highly fragmented.  This is usually the result of calling `frame.insert` many times, which has poor performance.  Consider joining all columns at once using pd.concat(axis=1) instead. To get a de-fragmented frame, use `newframe = frame.copy()`
  out[f"feat_{i}"] = df[f"f{i}"]
/home/lilith/work/zen/zensim/scripts/v_next/train_v_next_mlp.py:133: PerformanceWarning: DataFrame is highly fragmented.  This is usually the result of calling `frame.insert` many times, which has poor performance.  Consider joining all columns at once using pd.concat(axis=1) instead. To get a de-fragmented frame, use `newframe = frame.copy()`
  out[f"feat_{i}"] = df[f"f{i}"]
/home/lilith/work/zen/zensim/scripts/v_next/train_v_next_mlp.py:133: PerformanceWarning: DataFrame is highly fragmented.  This is usually the result of calling `frame.insert` many times, which has poor performance.  Consider joining all columns at once using pd.concat(axis=1) instead. To get a de-fragmented frame, use `newframe = frame.copy()`
  out[f"feat_{i}"] = df[f"f{i}"]
/home/lilith/work/zen/zensim/scripts/v_next/train_v_next_mlp.py:133: PerformanceWarning: DataFrame is highly fragmented.  This is usually the result of calling `frame.insert` many times, which has poor performance.  Consider joining all columns at once using pd.concat(axis=1) instead. To get a de-fragmented frame, use `newframe = frame.copy()`
  out[f"feat_{i}"] = df[f"f{i}"]
/home/lilith/work/zen/zensim/scripts/v_next/train_v_next_mlp.py:133: PerformanceWarning: DataFrame is highly fragmented.  This is usually the result of calling `frame.insert` many times, which has poor performance.  Consider joining all columns at once using pd.concat(axis=1) instead. To get a de-fragmented frame, use `newframe = frame.copy()`
  out[f"feat_{i}"] = df[f"f{i}"]
/home/lilith/work/zen/zensim/scripts/v_next/train_v_next_mlp.py:133: PerformanceWarning: DataFrame is highly fragmented.  This is usually the result of calling `frame.insert` many times, which has poor performance.  Consider joining all columns at once using pd.concat(axis=1) instead. To get a de-fragmented frame, use `newframe = frame.copy()`
  out[f"feat_{i}"] = df[f"f{i}"]
/home/lilith/work/zen/zensim/scripts/v_next/train_v_next_mlp.py:133: PerformanceWarning: DataFrame is highly fragmented.  This is usually the result of calling `frame.insert` many times, which has poor performance.  Consider joining all columns at once using pd.concat(axis=1) instead. To get a de-fragmented frame, use `newframe = frame.copy()`
  out[f"feat_{i}"] = df[f"f{i}"]
/home/lilith/work/zen/zensim/scripts/v_next/train_v_next_mlp.py:133: PerformanceWarning: DataFrame is highly fragmented.  This is usually the result of calling `frame.insert` many times, which has poor performance.  Consider joining all columns at once using pd.concat(axis=1) instead. To get a de-fragmented frame, use `newframe = frame.copy()`
  out[f"feat_{i}"] = df[f"f{i}"]
/home/lilith/work/zen/zensim/scripts/v_next/train_v_next_mlp.py:133: PerformanceWarning: DataFrame is highly fragmented.  This is usually the result of calling `frame.insert` many times, which has poor performance.  Consider joining all columns at once using pd.concat(axis=1) instead. To get a de-fragmented frame, use `newframe = frame.copy()`
  out[f"feat_{i}"] = df[f"f{i}"]
/home/lilith/work/zen/zensim/scripts/v_next/train_v_next_mlp.py:149: PerformanceWarning: DataFrame is highly fragmented.  This is usually the result of calling `frame.insert` many times, which has poor performance.  Consider joining all columns at once using pd.concat(axis=1) instead. To get a de-fragmented frame, use `newframe = frame.copy()`
  out["is_val_only"] = out["image_basename"].isin(val_refs)
/home/lilith/work/zen/zensim/scripts/v_next/train_v_next_mlp.py:150: PerformanceWarning: DataFrame is highly fragmented.  This is usually the result of calling `frame.insert` many times, which has poor performance.  Consider joining all columns at once using pd.concat(axis=1) instead. To get a de-fragmented frame, use `newframe = frame.copy()`
  out["train_weight"] = np.where(out["is_val_only"], 0.0, train_weight)
/home/lilith/work/zen/zensim/scripts/v_next/train_v_next_mlp.py:151: PerformanceWarning: DataFrame is highly fragmented.  This is usually the result of calling `frame.insert` many times, which has poor performance.  Consider joining all columns at once using pd.concat(axis=1) instead. To get a de-fragmented frame, use `newframe = frame.copy()`
  out["dataset"] = dataset_name
/home/lilith/work/zen/zensim/scripts/v_next/train_v_next_mlp.py:152: PerformanceWarning: DataFrame is highly fragmented.  This is usually the result of calling `frame.insert` many times, which has poor performance.  Consider joining all columns at once using pd.concat(axis=1) instead. To get a de-fragmented frame, use `newframe = frame.copy()`
  out["target_human"] = score_100  # explicit copy for V0_6 ranknet groups
  3,000 rows, 25 unique refs (val=6 val_only refs); train_w=0.3, loaded in 0.2s
After human-MOS splice: 2,299,266 synthetic + 231,214 human = 2,530,480 total rows
Split: train=2,012,982 (79.5%) val=286,548 (11.3%) test=230,950 (9.1%)
Using 228 feature columns: feat_0..feat_227
Materializing feature matrix (this is the slow part — pandas → numpy on 2M+ rows × 228 cols)...
  done in 4.6s, X shape (2530480, 228)
Encoding RankNet groups (key=image)...
  4,639 unique groups (0.1s)
Config: TrainConfig(target='ssim2', loss='mse_rank', hidden=[192, 128], epochs=300, batch_size=16384, lr=0.003, weight_decay=1e-05, dropout=0.0, rank_weight=0.5, seed=0, tv_weight=10.0, lr_schedule='cosine_cyclic', optimizer='adamw', init='kaiming', val_policy='mean', lr_cycle_period=50)
Train rows: 1,966,582  Val rows: 338,606  Test rows: 225,292
Standardized features: train mean abs=0.643, std=1.000
Building TV adjacency pairs from training rows...
  1,731,456 adjacent-q pairs (0.7s)
  TV regularizer: 1,731,456 adjacent-q pairs, weight=10.0
  epoch   0  train_loss=591.0706  val_mse=88.049  val_srocc=0.9395  val_krocc=0.7946  sel=0.8439  kadid=0.7285  safesyn=0.9717  synthetic=0.9327  tid=0.7426
  epoch   1  train_loss=52.8811  val_mse=53.910  val_srocc=0.9617  val_krocc=0.8464  sel=0.8098  kadid=0.6315  safesyn=0.9861  synthetic=0.9599  tid=0.6618
  epoch   2  train_loss=31.3915  val_mse=39.623  val_srocc=0.9687  val_krocc=0.8668  sel=0.8138  kadid=0.6559  safesyn=0.9905  synthetic=0.9675  tid=0.6411
  epoch   3  train_loss=21.4360  val_mse=35.164  val_srocc=0.9707  val_krocc=0.8747  sel=0.8227  kadid=0.6777  safesyn=0.9919  synthetic=0.9689  tid=0.6520
  epoch   4  train_loss=15.6315  val_mse=31.336  val_srocc=0.9738  val_krocc=0.8842  sel=0.8450  kadid=0.7340  safesyn=0.9938  synthetic=0.9716  tid=0.6806
  epoch   5  train_loss=12.5407  val_mse=29.535  val_srocc=0.9755  val_krocc=0.8913  sel=0.8530  kadid=0.7522  safesyn=0.9952  synthetic=0.9730  tid=0.6919
  epoch   6  train_loss=10.8130  val_mse=30.544  val_srocc=0.9756  val_krocc=0.8921  sel=0.8658  kadid=0.7850  safesyn=0.9957  synthetic=0.9726  tid=0.7098
  epoch   7  train_loss=9.6331  val_mse=25.192  val_srocc=0.9777  val_krocc=0.8961  sel=0.8633  kadid=0.7876  safesyn=0.9958  synthetic=0.9750  tid=0.6947
  epoch   8  train_loss=8.4615  val_mse=27.179  val_srocc=0.9786  val_krocc=0.8994  sel=0.8779  kadid=0.8174  safesyn=0.9968  synthetic=0.9757  tid=0.7216
  epoch   9  train_loss=8.0214  val_mse=24.786  val_srocc=0.9789  val_krocc=0.9002  sel=0.8743  kadid=0.8121  safesyn=0.9969  synthetic=0.9757  tid=0.7125
  epoch  10  train_loss=7.0654  val_mse=24.776  val_srocc=0.9791  val_krocc=0.9011  sel=0.8758  kadid=0.8235  safesyn=0.9970  synthetic=0.9757  tid=0.7069
  epoch  11  train_loss=6.5194  val_mse=23.678  val_srocc=0.9802  val_krocc=0.9034  sel=0.8803  kadid=0.8286  safesyn=0.9972  synthetic=0.9770  tid=0.7185
  epoch  12  train_loss=6.5230  val_mse=23.906  val_srocc=0.9790  val_krocc=0.9009  sel=0.8783  kadid=0.8302  safesyn=0.9971  synthetic=0.9753  tid=0.7104
  epoch  13  train_loss=5.9755  val_mse=23.464  val_srocc=0.9802  val_krocc=0.9038  sel=0.8854  kadid=0.8424  safesyn=0.9974  synthetic=0.9766  tid=0.7251
  epoch  14  train_loss=5.5812  val_mse=21.587  val_srocc=0.9804  val_krocc=0.9038  sel=0.8833  kadid=0.8401  safesyn=0.9973  synthetic=0.9769  tid=0.7190
  epoch  15  train_loss=5.5988  val_mse=21.006  val_srocc=0.9812  val_krocc=0.9053  sel=0.8821  kadid=0.8394  safesyn=0.9971  synthetic=0.9779  tid=0.7140
  epoch  16  train_loss=5.5363  val_mse=21.901  val_srocc=0.9814  val_krocc=0.9065  sel=0.8911  kadid=0.8508  safesyn=0.9976  synthetic=0.9779  tid=0.7382
  epoch  17  train_loss=4.8236  val_mse=20.815  val_srocc=0.9816  val_krocc=0.9069  sel=0.8868  kadid=0.8476  safesyn=0.9975  synthetic=0.9782  tid=0.7239
  epoch  18  train_loss=4.7512  val_mse=20.292  val_srocc=0.9818  val_krocc=0.9081  sel=0.8882  kadid=0.8479  safesyn=0.9976  synthetic=0.9785  tid=0.7288
  epoch  19  train_loss=4.7002  val_mse=19.987  val_srocc=0.9820  val_krocc=0.9080  sel=0.8906  kadid=0.8532  safesyn=0.9977  synthetic=0.9786  tid=0.7327
  epoch  20  train_loss=4.3983  val_mse=20.195  val_srocc=0.9820  val_krocc=0.9082  sel=0.8906  kadid=0.8543  safesyn=0.9978  synthetic=0.9785  tid=0.7320
  epoch  21  train_loss=4.3101  val_mse=20.406  val_srocc=0.9819  val_krocc=0.9082  sel=0.8931  kadid=0.8600  safesyn=0.9978  synthetic=0.9782  tid=0.7364
  epoch  22  train_loss=4.1791  val_mse=19.713  val_srocc=0.9825  val_krocc=0.9098  sel=0.8949  kadid=0.8628  safesyn=0.9979  synthetic=0.9791  tid=0.7399
  epoch  23  train_loss=4.1108  val_mse=19.580  val_srocc=0.9823  val_krocc=0.9091  sel=0.8934  kadid=0.8593  safesyn=0.9979  synthetic=0.9787  tid=0.7376
  epoch  24  train_loss=4.0180  val_mse=19.366  val_srocc=0.9822  val_krocc=0.9083  sel=0.8953  kadid=0.8622  safesyn=0.9978  synthetic=0.9787  tid=0.7425
  epoch  25  train_loss=3.9562  val_mse=19.462  val_srocc=0.9822  val_krocc=0.9086  sel=0.8898  kadid=0.8505  safesyn=0.9978  synthetic=0.9786  tid=0.7324
  epoch  26  train_loss=3.8691  val_mse=18.675  val_srocc=0.9827  val_krocc=0.9097  sel=0.8961  kadid=0.8660  safesyn=0.9978  synthetic=0.9793  tid=0.7412
  epoch  27  train_loss=3.8224  val_mse=18.705  val_srocc=0.9828  val_krocc=0.9104  sel=0.8953  kadid=0.8645  safesyn=0.9979  synthetic=0.9792  tid=0.7396
  epoch  28  train_loss=3.7187  val_mse=19.550  val_srocc=0.9823  val_krocc=0.9092  sel=0.8980  kadid=0.8677  safesyn=0.9980  synthetic=0.9785  tid=0.7479
  epoch  29  train_loss=3.6686  val_mse=19.037  val_srocc=0.9825  val_krocc=0.9099  sel=0.8955  kadid=0.8640  safesyn=0.9979  synthetic=0.9788  tid=0.7413
  epoch  30  train_loss=3.6261  val_mse=19.419  val_srocc=0.9825  val_krocc=0.9103  sel=0.8995  kadid=0.8706  safesyn=0.9980  synthetic=0.9788  tid=0.7504
  epoch  31  train_loss=3.5690  val_mse=19.136  val_srocc=0.9825  val_krocc=0.9100  sel=0.8983  kadid=0.8678  safesyn=0.9980  synthetic=0.9788  tid=0.7487
  epoch  32  train_loss=3.5218  val_mse=19.009  val_srocc=0.9826  val_krocc=0.9100  sel=0.8989  kadid=0.8700  safesyn=0.9980  synthetic=0.9789  tid=0.7489
  epoch  33  train_loss=3.4775  val_mse=18.700  val_srocc=0.9827  val_krocc=0.9105  sel=0.8991  kadid=0.8696  safesyn=0.9980  synthetic=0.9790  tid=0.7498
  epoch  34  train_loss=3.4476  val_mse=19.096  val_srocc=0.9824  val_krocc=0.9096  sel=0.9016  kadid=0.8759  safesyn=0.9980  synthetic=0.9785  tid=0.7541
  epoch  35  train_loss=3.4158  val_mse=18.294  val_srocc=0.9829  val_krocc=0.9103  sel=0.9009  kadid=0.8721  safesyn=0.9981  synthetic=0.9792  tid=0.7541
  epoch  36  train_loss=3.3789  val_mse=18.754  val_srocc=0.9827  val_krocc=0.9100  sel=0.9017  kadid=0.8725  safesyn=0.9981  synthetic=0.9789  tid=0.7574
  epoch  37  train_loss=3.3471  val_mse=18.795  val_srocc=0.9828  val_krocc=0.9105  sel=0.9022  kadid=0.8760  safesyn=0.9981  synthetic=0.9790  tid=0.7556
  epoch  38  train_loss=3.3456  val_mse=18.374  val_srocc=0.9830  val_krocc=0.9107  sel=0.9021  kadid=0.8767  safesyn=0.9981  synthetic=0.9792  tid=0.7544
  epoch  39  train_loss=3.3206  val_mse=18.325  val_srocc=0.9830  val_krocc=0.9108  sel=0.9023  kadid=0.8754  safesyn=0.9981  synthetic=0.9793  tid=0.7564
  epoch  40  train_loss=3.2811  val_mse=18.520  val_srocc=0.9829  val_krocc=0.9109  sel=0.9024  kadid=0.8764  safesyn=0.9981  synthetic=0.9792  tid=0.7559
  epoch  41  train_loss=3.2682  val_mse=18.389  val_srocc=0.9829  val_krocc=0.9106  sel=0.9030  kadid=0.8766  safesyn=0.9981  synthetic=0.9791  tid=0.7584
  epoch  42  train_loss=3.2502  val_mse=18.452  val_srocc=0.9829  val_krocc=0.9106  sel=0.9025  kadid=0.8760  safesyn=0.9981  synthetic=0.9791  tid=0.7568
  epoch  43  train_loss=3.2435  val_mse=18.375  val_srocc=0.9830  val_krocc=0.9108  sel=0.9031  kadid=0.8769  safesyn=0.9981  synthetic=0.9792  tid=0.7582
  epoch  44  train_loss=3.2212  val_mse=18.439  val_srocc=0.9829  val_krocc=0.9105  sel=0.9029  kadid=0.8769  safesyn=0.9981  synthetic=0.9790  tid=0.7577
  epoch  45  train_loss=3.2194  val_mse=18.488  val_srocc=0.9829  val_krocc=0.9108  sel=0.9029  kadid=0.8763  safesyn=0.9981  synthetic=0.9791  tid=0.7579
  epoch  46  train_loss=3.2001  val_mse=18.382  val_srocc=0.9830  val_krocc=0.9108  sel=0.9028  kadid=0.8759  safesyn=0.9981  synthetic=0.9792  tid=0.7579
  epoch  47  train_loss=3.2201  val_mse=18.440  val_srocc=0.9829  val_krocc=0.9107  sel=0.9024  kadid=0.8752  safesyn=0.9981  synthetic=0.9791  tid=0.7570
  epoch  48  train_loss=3.2046  val_mse=18.402  val_srocc=0.9829  val_krocc=0.9108  sel=0.9027  kadid=0.8759  safesyn=0.9981  synthetic=0.9791  tid=0.7575
  epoch  49  train_loss=3.2078  val_mse=18.434  val_srocc=0.9829  val_krocc=0.9107  sel=0.9028  kadid=0.8760  safesyn=0.9981  synthetic=0.9791  tid=0.7579
  epoch  50  train_loss=114.2528  val_mse=33.559  val_srocc=0.9717  val_krocc=0.8711  sel=0.8606  kadid=0.7352  safesyn=0.9920  synthetic=0.9692  tid=0.7459
  epoch  51  train_loss=18.7510  val_mse=28.347  val_srocc=0.9774  val_krocc=0.8911  sel=0.8698  kadid=0.7821  safesyn=0.9954  synthetic=0.9751  tid=0.7267
  epoch  52  train_loss=13.8598  val_mse=28.932  val_srocc=0.9782  val_krocc=0.8961  sel=0.8820  kadid=0.8163  safesyn=0.9961  synthetic=0.9753  tid=0.7402
  epoch  53  train_loss=39.4712  val_mse=28.465  val_srocc=0.9779  val_krocc=0.8948  sel=0.8661  kadid=0.7808  safesyn=0.9958  synthetic=0.9752  tid=0.7127
  epoch  54  train_loss=16.8855  val_mse=26.625  val_srocc=0.9794  val_krocc=0.8991  sel=0.8766  kadid=0.8121  safesyn=0.9965  synthetic=0.9764  tid=0.7212
  epoch  55  train_loss=9.2908  val_mse=26.407  val_srocc=0.9800  val_krocc=0.9013  sel=0.8827  kadid=0.8302  safesyn=0.9969  synthetic=0.9767  tid=0.7272
  epoch  56  train_loss=10.5529  val_mse=24.881  val_srocc=0.9804  val_krocc=0.9028  sel=0.8865  kadid=0.8337  safesyn=0.9968  synthetic=0.9771  tid=0.7386
  epoch  57  train_loss=7.2755  val_mse=24.954  val_srocc=0.9807  val_krocc=0.9047  sel=0.8862  kadid=0.8378  safesyn=0.9974  synthetic=0.9771  tid=0.7326
  epoch  58  train_loss=6.9099  val_mse=24.366  val_srocc=0.9801  val_krocc=0.9022  sel=0.8808  kadid=0.8302  safesyn=0.9963  synthetic=0.9764  tid=0.7202
  epoch  59  train_loss=6.5123  val_mse=23.824  val_srocc=0.9811  val_krocc=0.9062  sel=0.8891  kadid=0.8458  safesyn=0.9975  synthetic=0.9775  tid=0.7356
  epoch  60  train_loss=5.9610  val_mse=23.640  val_srocc=0.9810  val_krocc=0.9060  sel=0.8874  kadid=0.8445  safesyn=0.9975  synthetic=0.9773  tid=0.7305
  epoch  61  train_loss=5.6927  val_mse=23.468  val_srocc=0.9811  val_krocc=0.9063  sel=0.8943  kadid=0.8587  safesyn=0.9976  synthetic=0.9773  tid=0.7435
  epoch  62  train_loss=5.4537  val_mse=23.519  val_srocc=0.9813  val_krocc=0.9072  sel=0.8916  kadid=0.8545  safesyn=0.9977  synthetic=0.9775  tid=0.7367
  epoch  63  train_loss=5.2942  val_mse=23.148  val_srocc=0.9812  val_krocc=0.9066  sel=0.8931  kadid=0.8572  safesyn=0.9977  synthetic=0.9774  tid=0.7403
  epoch  64  train_loss=5.1088  val_mse=23.078  val_srocc=0.9814  val_krocc=0.9071  sel=0.8955  kadid=0.8631  safesyn=0.9977  synthetic=0.9775  tid=0.7437
  epoch  65  train_loss=4.9676  val_mse=23.147  val_srocc=0.9811  val_krocc=0.9070  sel=0.8936  kadid=0.8609  safesyn=0.9977  synthetic=0.9771  tid=0.7387
  epoch  66  train_loss=4.8562  val_mse=23.297  val_srocc=0.9815  val_krocc=0.9076  sel=0.8957  kadid=0.8647  safesyn=0.9978  synthetic=0.9777  tid=0.7425
  epoch  67  train_loss=4.7241  val_mse=22.604  val_srocc=0.9814  val_krocc=0.9074  sel=0.8974  kadid=0.8660  safesyn=0.9977  synthetic=0.9775  tid=0.7483
  epoch  68  train_loss=4.6272  val_mse=22.613  val_srocc=0.9814  val_krocc=0.9076  sel=0.8984  kadid=0.8686  safesyn=0.9978  synthetic=0.9774  tid=0.7499
  epoch  69  train_loss=4.5192  val_mse=22.884  val_srocc=0.9816  val_krocc=0.9082  sel=0.9008  kadid=0.8714  safesyn=0.9978  synthetic=0.9778  tid=0.7564
  epoch  70  train_loss=4.4302  val_mse=23.235  val_srocc=0.9813  val_krocc=0.9073  sel=0.9004  kadid=0.8696  safesyn=0.9979  synthetic=0.9773  tid=0.7567
  epoch  71  train_loss=4.3616  val_mse=22.809  val_srocc=0.9817  val_krocc=0.9084  sel=0.9024  kadid=0.8729  safesyn=0.9979  synthetic=0.9777  tid=0.7609
  epoch  72  train_loss=4.2440  val_mse=23.282  val_srocc=0.9815  val_krocc=0.9078  sel=0.9036  kadid=0.8759  safesyn=0.9979  synthetic=0.9774  tid=0.7630
  epoch  73  train_loss=4.2111  val_mse=21.716  val_srocc=0.9819  val_krocc=0.9083  sel=0.8997  kadid=0.8693  safesyn=0.9979  synthetic=0.9780  tid=0.7536
  epoch  74  train_loss=4.1579  val_mse=22.520  val_srocc=0.9818  val_krocc=0.9084  sel=0.9039  kadid=0.8759  safesyn=0.9979  synthetic=0.9777  tid=0.7640
  epoch  75  train_loss=4.0944  val_mse=22.022  val_srocc=0.9820  val_krocc=0.9086  sel=0.9024  kadid=0.8734  safesyn=0.9979  synthetic=0.9779  tid=0.7604
  epoch  76  train_loss=3.9831  val_mse=22.263  val_srocc=0.9818  val_krocc=0.9082  sel=0.9054  kadid=0.8795  safesyn=0.9979  synthetic=0.9776  tid=0.7666
  epoch  77  train_loss=3.9530  val_mse=22.446  val_srocc=0.9818  val_krocc=0.9083  sel=0.9045  kadid=0.8750  safesyn=0.9979  synthetic=0.9777  tid=0.7674
  epoch  78  train_loss=3.8811  val_mse=22.084  val_srocc=0.9818  val_krocc=0.9081  sel=0.9045  kadid=0.8768  safesyn=0.9979  synthetic=0.9776  tid=0.7654
  epoch  79  train_loss=3.8444  val_mse=21.842  val_srocc=0.9821  val_krocc=0.9084  sel=0.9042  kadid=0.8766  safesyn=0.9979  synthetic=0.9781  tid=0.7641
  epoch  80  train_loss=3.8267  val_mse=22.060  val_srocc=0.9823  val_krocc=0.9093  sel=0.9055  kadid=0.8780  safesyn=0.9980  synthetic=0.9783  tid=0.7676
  epoch  81  train_loss=3.7517  val_mse=22.213  val_srocc=0.9819  val_krocc=0.9082  sel=0.9043  kadid=0.8773  safesyn=0.9979  synthetic=0.9777  tid=0.7644
  epoch  82  train_loss=3.7431  val_mse=22.046  val_srocc=0.9821  val_krocc=0.9091  sel=0.9062  kadid=0.8789  safesyn=0.9980  synthetic=0.9781  tid=0.7697
  epoch  83  train_loss=3.6990  val_mse=21.744  val_srocc=0.9821  val_krocc=0.9086  sel=0.9063  kadid=0.8788  safesyn=0.9979  synthetic=0.9781  tid=0.7703
  epoch  84  train_loss=3.6526  val_mse=21.946  val_srocc=0.9822  val_krocc=0.9091  sel=0.9065  kadid=0.8798  safesyn=0.9980  synthetic=0.9781  tid=0.7701
  epoch  85  train_loss=3.6117  val_mse=21.757  val_srocc=0.9822  val_krocc=0.9093  sel=0.9065  kadid=0.8797  safesyn=0.9980  synthetic=0.9782  tid=0.7699
  epoch  86  train_loss=3.5850  val_mse=21.948  val_srocc=0.9822  val_krocc=0.9091  sel=0.9072  kadid=0.8812  safesyn=0.9980  synthetic=0.9781  tid=0.7715
  epoch  87  train_loss=3.5732  val_mse=22.080  val_srocc=0.9822  val_krocc=0.9092  sel=0.9070  kadid=0.8786  safesyn=0.9980  synthetic=0.9781  tid=0.7734
  epoch  88  train_loss=3.5365  val_mse=21.752  val_srocc=0.9822  val_krocc=0.9093  sel=0.9074  kadid=0.8808  safesyn=0.9980  synthetic=0.9781  tid=0.7727
  epoch  89  train_loss=3.5194  val_mse=21.960  val_srocc=0.9821  val_krocc=0.9086  sel=0.9053  kadid=0.8784  safesyn=0.9980  synthetic=0.9779  tid=0.7671
  epoch  90  train_loss=3.5185  val_mse=21.710  val_srocc=0.9822  val_krocc=0.9088  sel=0.9067  kadid=0.8801  safesyn=0.9980  synthetic=0.9780  tid=0.7708
  epoch  91  train_loss=3.4999  val_mse=21.976  val_srocc=0.9823  val_krocc=0.9092  sel=0.9081  kadid=0.8829  safesyn=0.9980  synthetic=0.9781  tid=0.7732
  epoch  92  train_loss=3.4650  val_mse=21.657  val_srocc=0.9823  val_krocc=0.9093  sel=0.9077  kadid=0.8819  safesyn=0.9980  synthetic=0.9782  tid=0.7726
  epoch  93  train_loss=3.4566  val_mse=21.805  val_srocc=0.9823  val_krocc=0.9093  sel=0.9076  kadid=0.8815  safesyn=0.9980  synthetic=0.9781  tid=0.7728
  epoch  94  train_loss=3.4442  val_mse=21.877  val_srocc=0.9823  val_krocc=0.9093  sel=0.9082  kadid=0.8820  safesyn=0.9980  synthetic=0.9781  tid=0.7747
  epoch  95  train_loss=3.4560  val_mse=21.757  val_srocc=0.9823  val_krocc=0.9093  sel=0.9083  kadid=0.8826  safesyn=0.9980  synthetic=0.9781  tid=0.7744
  epoch  96  train_loss=3.4565  val_mse=21.754  val_srocc=0.9823  val_krocc=0.9094  sel=0.9081  kadid=0.8826  safesyn=0.9980  synthetic=0.9782  tid=0.7737
  epoch  97  train_loss=3.4402  val_mse=21.819  val_srocc=0.9822  val_krocc=0.9092  sel=0.9078  kadid=0.8818  safesyn=0.9980  synthetic=0.9781  tid=0.7734
  epoch  98  train_loss=3.4363  val_mse=21.726  val_srocc=0.9823  val_krocc=0.9093  sel=0.9080  kadid=0.8821  safesyn=0.9980  synthetic=0.9782  tid=0.7737
  epoch  99  train_loss=3.4266  val_mse=21.773  val_srocc=0.9823  val_krocc=0.9093  sel=0.9079  kadid=0.8821  safesyn=0.9980  synthetic=0.9782  tid=0.7735
  epoch 100  train_loss=81.3554  val_mse=28.174  val_srocc=0.9749  val_krocc=0.8810  sel=0.8769  kadid=0.7895  safesyn=0.9942  synthetic=0.9722  tid=0.7516
  epoch 101  train_loss=13.5247  val_mse=24.886  val_srocc=0.9792  val_krocc=0.8970  sel=0.8657  kadid=0.7822  safesyn=0.9957  synthetic=0.9768  tid=0.7081
  epoch 102  train_loss=10.1518  val_mse=23.341  val_srocc=0.9801  val_krocc=0.9022  sel=0.8672  kadid=0.7884  safesyn=0.9965  synthetic=0.9777  tid=0.7062
  epoch 103  train_loss=58.1216  val_mse=23.566  val_srocc=0.9815  val_krocc=0.9053  sel=0.8780  kadid=0.8194  safesyn=0.9972  synthetic=0.9790  tid=0.7163
  epoch 104  train_loss=8.0063  val_mse=22.328  val_srocc=0.9814  val_krocc=0.9060  sel=0.8894  kadid=0.8374  safesyn=0.9974  synthetic=0.9786  tid=0.7440
  epoch 105  train_loss=6.5236  val_mse=22.788  val_srocc=0.9815  val_krocc=0.9070  sel=0.8953  kadid=0.8510  safesyn=0.9975  synthetic=0.9786  tid=0.7541
  epoch 106  train_loss=5.9962  val_mse=22.146  val_srocc=0.9818  val_krocc=0.9080  sel=0.8944  kadid=0.8470  safesyn=0.9975  synthetic=0.9790  tid=0.7540
  epoch 107  train_loss=5.5524  val_mse=22.919  val_srocc=0.9818  val_krocc=0.9082  sel=0.8983  kadid=0.8536  safesyn=0.9977  synthetic=0.9787  tid=0.7630
  epoch 108  train_loss=5.2463  val_mse=22.106  val_srocc=0.9821  val_krocc=0.9096  sel=0.8944  kadid=0.8442  safesyn=0.9976  synthetic=0.9790  tid=0.7565
  epoch 109  train_loss=5.0241  val_mse=22.419  val_srocc=0.9818  val_krocc=0.9085  sel=0.8989  kadid=0.8571  safesyn=0.9978  synthetic=0.9784  tid=0.7623
  epoch 110  train_loss=4.8092  val_mse=23.249  val_srocc=0.9821  val_krocc=0.9097  sel=0.9015  kadid=0.8600  safesyn=0.9978  synthetic=0.9789  tid=0.7694
  epoch 111  train_loss=4.7101  val_mse=22.394  val_srocc=0.9819  val_krocc=0.9087  sel=0.8965  kadid=0.8545  safesyn=0.9977  synthetic=0.9785  tid=0.7554
  epoch 112  train_loss=4.5514  val_mse=22.183  val_srocc=0.9823  val_krocc=0.9099  sel=0.8999  kadid=0.8594  safesyn=0.9978  synthetic=0.9789  tid=0.7634
  epoch 113  train_loss=4.4218  val_mse=22.168  val_srocc=0.9820  val_krocc=0.9087  sel=0.9015  kadid=0.8617  safesyn=0.9979  synthetic=0.9784  tid=0.7679
  epoch 114  train_loss=4.2930  val_mse=21.674  val_srocc=0.9823  val_krocc=0.9091  sel=0.9014  kadid=0.8639  safesyn=0.9978  synthetic=0.9788  tid=0.7651
  epoch 115  train_loss=4.2158  val_mse=21.890  val_srocc=0.9821  val_krocc=0.9089  sel=0.9008  kadid=0.8613  safesyn=0.9979  synthetic=0.9785  tid=0.7655
  epoch 116  train_loss=4.2262  val_mse=21.241  val_srocc=0.9825  val_krocc=0.9106  sel=0.9029  kadid=0.8671  safesyn=0.9979  synthetic=0.9789  tid=0.7678
  epoch 117  train_loss=4.0882  val_mse=21.890  val_srocc=0.9822  val_krocc=0.9097  sel=0.9026  kadid=0.8667  safesyn=0.9979  synthetic=0.9785  tid=0.7674
  epoch 118  train_loss=4.0653  val_mse=22.383  val_srocc=0.9816  val_krocc=0.9080  sel=0.9018  kadid=0.8634  safesyn=0.9979  synthetic=0.9776  tid=0.7684
  epoch 119  train_loss=3.9466  val_mse=22.052  val_srocc=0.9824  val_krocc=0.9101  sel=0.9053  kadid=0.8711  safesyn=0.9980  synthetic=0.9787  tid=0.7732
  epoch 120  train_loss=3.8407  val_mse=21.439  val_srocc=0.9824  val_krocc=0.9097  sel=0.9059  kadid=0.8728  safesyn=0.9979  synthetic=0.9787  tid=0.7739
  epoch 121  train_loss=3.7632  val_mse=22.020  val_srocc=0.9822  val_krocc=0.9097  sel=0.9081  kadid=0.8767  safesyn=0.9980  synthetic=0.9784  tid=0.7794
  epoch 122  train_loss=3.7942  val_mse=21.854  val_srocc=0.9825  val_krocc=0.9103  sel=0.9071  kadid=0.8750  safesyn=0.9980  synthetic=0.9787  tid=0.7768
  epoch 123  train_loss=3.6805  val_mse=21.471  val_srocc=0.9824  val_krocc=0.9103  sel=0.9072  kadid=0.8776  safesyn=0.9980  synthetic=0.9786  tid=0.7745
  epoch 124  train_loss=3.6515  val_mse=21.351  val_srocc=0.9825  val_krocc=0.9103  sel=0.9068  kadid=0.8753  safesyn=0.9980  synthetic=0.9787  tid=0.7750
  epoch 125  train_loss=3.6107  val_mse=21.574  val_srocc=0.9824  val_krocc=0.9099  sel=0.9067  kadid=0.8759  safesyn=0.9980  synthetic=0.9785  tid=0.7745
  epoch 126  train_loss=3.5823  val_mse=21.950  val_srocc=0.9822  val_krocc=0.9100  sel=0.9118  kadid=0.8837  safesyn=0.9980  synthetic=0.9784  tid=0.7871
  epoch 127  train_loss=3.5555  val_mse=21.138  val_srocc=0.9823  val_krocc=0.9096  sel=0.9068  kadid=0.8759  safesyn=0.9980  synthetic=0.9784  tid=0.7750
  epoch 128  train_loss=3.5117  val_mse=21.395  val_srocc=0.9824  val_krocc=0.9101  sel=0.9072  kadid=0.8752  safesyn=0.9980  synthetic=0.9785  tid=0.7772
  epoch 129  train_loss=3.4673  val_mse=21.307  val_srocc=0.9824  val_krocc=0.9106  sel=0.9065  kadid=0.8748  safesyn=0.9980  synthetic=0.9786  tid=0.7745
  epoch 130  train_loss=3.4206  val_mse=21.264  val_srocc=0.9824  val_krocc=0.9103  sel=0.9095  kadid=0.8800  safesyn=0.9980  synthetic=0.9785  tid=0.7814
  epoch 131  train_loss=3.4338  val_mse=21.260  val_srocc=0.9822  val_krocc=0.9098  sel=0.9097  kadid=0.8780  safesyn=0.9980  synthetic=0.9783  tid=0.7845
  epoch 132  train_loss=3.3977  val_mse=21.434  val_srocc=0.9824  val_krocc=0.9102  sel=0.9109  kadid=0.8819  safesyn=0.9981  synthetic=0.9784  tid=0.7853
  epoch 133  train_loss=3.3744  val_mse=21.669  val_srocc=0.9822  val_krocc=0.9097  sel=0.9099  kadid=0.8810  safesyn=0.9981  synthetic=0.9781  tid=0.7823
  epoch 134  train_loss=3.3386  val_mse=21.239  val_srocc=0.9823  val_krocc=0.9103  sel=0.9090  kadid=0.8786  safesyn=0.9981  synthetic=0.9783  tid=0.7809
  epoch 135  train_loss=3.3104  val_mse=21.186  val_srocc=0.9825  val_krocc=0.9106  sel=0.9114  kadid=0.8830  safesyn=0.9981  synthetic=0.9785  tid=0.7859
  epoch 136  train_loss=3.2960  val_mse=20.899  val_srocc=0.9823  val_krocc=0.9099  sel=0.9096  kadid=0.8803  safesyn=0.9981  synthetic=0.9782  tid=0.7819
  epoch 137  train_loss=3.2840  val_mse=21.292  val_srocc=0.9822  val_krocc=0.9098  sel=0.9101  kadid=0.8801  safesyn=0.9981  synthetic=0.9781  tid=0.7839
  epoch 138  train_loss=3.2758  val_mse=21.391  val_srocc=0.9822  val_krocc=0.9096  sel=0.9106  kadid=0.8822  safesyn=0.9981  synthetic=0.9780  tid=0.7840
  epoch 139  train_loss=3.2510  val_mse=21.192  val_srocc=0.9822  val_krocc=0.9097  sel=0.9111  kadid=0.8833  safesyn=0.9981  synthetic=0.9781  tid=0.7849
  epoch 140  train_loss=3.2373  val_mse=21.363  val_srocc=0.9823  val_krocc=0.9102  sel=0.9104  kadid=0.8821  safesyn=0.9981  synthetic=0.9781  tid=0.7833
  epoch 141  train_loss=3.2353  val_mse=21.364  val_srocc=0.9823  val_krocc=0.9103  sel=0.9112  kadid=0.8822  safesyn=0.9981  synthetic=0.9782  tid=0.7862
  epoch 142  train_loss=3.1893  val_mse=21.016  val_srocc=0.9824  val_krocc=0.9105  sel=0.9113  kadid=0.8830  safesyn=0.9981  synthetic=0.9783  tid=0.7857
  epoch 143  train_loss=3.1927  val_mse=21.055  val_srocc=0.9823  val_krocc=0.9101  sel=0.9121  kadid=0.8848  safesyn=0.9981  synthetic=0.9782  tid=0.7872
  epoch 144  train_loss=3.1986  val_mse=21.348  val_srocc=0.9823  val_krocc=0.9103  sel=0.9119  kadid=0.8843  safesyn=0.9981  synthetic=0.9782  tid=0.7870
  epoch 145  train_loss=3.1856  val_mse=21.230  val_srocc=0.9823  val_krocc=0.9103  sel=0.9123  kadid=0.8850  safesyn=0.9981  synthetic=0.9782  tid=0.7880
  epoch 146  train_loss=3.1782  val_mse=21.202  val_srocc=0.9823  val_krocc=0.9103  sel=0.9118  kadid=0.8840  safesyn=0.9981  synthetic=0.9782  tid=0.7870
  epoch 147  train_loss=3.1908  val_mse=21.151  val_srocc=0.9823  val_krocc=0.9102  sel=0.9116  kadid=0.8838  safesyn=0.9981  synthetic=0.9782  tid=0.7862
  epoch 148  train_loss=3.1526  val_mse=21.172  val_srocc=0.9823  val_krocc=0.9103  sel=0.9115  kadid=0.8837  safesyn=0.9981  synthetic=0.9782  tid=0.7861
  epoch 149  train_loss=3.1672  val_mse=21.128  val_srocc=0.9823  val_krocc=0.9102  sel=0.9113  kadid=0.8832  safesyn=0.9981  synthetic=0.9782  tid=0.7856
  epoch 150  train_loss=83.7760  val_mse=35.282  val_srocc=0.9727  val_krocc=0.8727  sel=0.8697  kadid=0.7559  safesyn=0.9935  synthetic=0.9690  tid=0.7603
  epoch 151  train_loss=16.2473  val_mse=28.026  val_srocc=0.9783  val_krocc=0.8928  sel=0.8655  kadid=0.7695  safesyn=0.9958  synthetic=0.9752  tid=0.7217
  epoch 152  train_loss=11.3602  val_mse=24.666  val_srocc=0.9787  val_krocc=0.8954  sel=0.8855  kadid=0.8262  safesyn=0.9965  synthetic=0.9749  tid=0.7443
  epoch 153  train_loss=8.9670  val_mse=24.398  val_srocc=0.9794  val_krocc=0.8981  sel=0.8945  kadid=0.8487  safesyn=0.9969  synthetic=0.9755  tid=0.7571
  epoch 154  train_loss=7.6917  val_mse=23.467  val_srocc=0.9798  val_krocc=0.8994  sel=0.8947  kadid=0.8478  safesyn=0.9969  synthetic=0.9758  tid=0.7584
  epoch 155  train_loss=6.7394  val_mse=23.482  val_srocc=0.9797  val_krocc=0.8989  sel=0.8981  kadid=0.8578  safesyn=0.9969  synthetic=0.9756  tid=0.7621
  epoch 156  train_loss=6.0822  val_mse=23.555  val_srocc=0.9794  val_krocc=0.8986  sel=0.8986  kadid=0.8589  safesyn=0.9973  synthetic=0.9748  tid=0.7633
  epoch 157  train_loss=5.6604  val_mse=23.464  val_srocc=0.9799  val_krocc=0.9009  sel=0.9032  kadid=0.8680  safesyn=0.9975  synthetic=0.9756  tid=0.7717
  epoch 158  train_loss=5.2886  val_mse=23.195  val_srocc=0.9802  val_krocc=0.9014  sel=0.9009  kadid=0.8644  safesyn=0.9975  synthetic=0.9759  tid=0.7659
  epoch 159  train_loss=5.0180  val_mse=22.524  val_srocc=0.9803  val_krocc=0.9016  sel=0.9005  kadid=0.8648  safesyn=0.9975  synthetic=0.9759  tid=0.7636
  epoch 160  train_loss=4.7818  val_mse=22.505  val_srocc=0.9804  val_krocc=0.9018  sel=0.9018  kadid=0.8656  safesyn=0.9975  synthetic=0.9758  tid=0.7685
  epoch 161  train_loss=4.6530  val_mse=22.275  val_srocc=0.9806  val_krocc=0.9026  sel=0.8987  kadid=0.8625  safesyn=0.9976  synthetic=0.9760  tid=0.7588
  epoch 162  train_loss=4.4334  val_mse=22.433  val_srocc=0.9803  val_krocc=0.9011  sel=0.9071  kadid=0.8761  safesyn=0.9976  synthetic=0.9756  tid=0.7793
  epoch 163  train_loss=4.3450  val_mse=22.174  val_srocc=0.9806  val_krocc=0.9031  sel=0.9058  kadid=0.8752  safesyn=0.9976  synthetic=0.9759  tid=0.7744
  epoch 164  train_loss=4.2263  val_mse=21.779  val_srocc=0.9811  val_krocc=0.9042  sel=0.9085  kadid=0.8791  safesyn=0.9976  synthetic=0.9766  tid=0.7808
  epoch 165  train_loss=4.1538  val_mse=22.026  val_srocc=0.9808  val_krocc=0.9034  sel=0.9104  kadid=0.8808  safesyn=0.9977  synthetic=0.9762  tid=0.7868
  epoch 166  train_loss=4.0326  val_mse=22.683  val_srocc=0.9803  val_krocc=0.9023  sel=0.9086  kadid=0.8796  safesyn=0.9978  synthetic=0.9754  tid=0.7816
  epoch 167  train_loss=4.0408  val_mse=22.059  val_srocc=0.9807  val_krocc=0.9028  sel=0.9095  kadid=0.8800  safesyn=0.9978  synthetic=0.9760  tid=0.7842
  epoch 168  train_loss=3.9640  val_mse=21.942  val_srocc=0.9807  val_krocc=0.9034  sel=0.9043  kadid=0.8713  safesyn=0.9978  synthetic=0.9758  tid=0.7722
  epoch 169  train_loss=3.8740  val_mse=21.809  val_srocc=0.9810  val_krocc=0.9039  sel=0.9086  kadid=0.8777  safesyn=0.9979  synthetic=0.9763  tid=0.7824
  epoch 170  train_loss=3.7819  val_mse=22.461  val_srocc=0.9802  val_krocc=0.9018  sel=0.9128  kadid=0.8845  safesyn=0.9978  synthetic=0.9750  tid=0.7938
  epoch 171  train_loss=3.7423  val_mse=21.915  val_srocc=0.9807  val_krocc=0.9033  sel=0.9110  kadid=0.8824  safesyn=0.9978  synthetic=0.9758  tid=0.7881
  epoch 172  train_loss=3.6478  val_mse=21.592  val_srocc=0.9811  val_krocc=0.9042  sel=0.9151  kadid=0.8875  safesyn=0.9979  synthetic=0.9763  tid=0.7986
  epoch 173  train_loss=3.6165  val_mse=21.769  val_srocc=0.9807  val_krocc=0.9030  sel=0.9130  kadid=0.8811  safesyn=0.9978  synthetic=0.9758  tid=0.7972
  epoch 174  train_loss=3.5730  val_mse=22.228  val_srocc=0.9808  val_krocc=0.9041  sel=0.9139  kadid=0.8839  safesyn=0.9979  synthetic=0.9759  tid=0.7979
  epoch 175  train_loss=3.5412  val_mse=22.181  val_srocc=0.9806  val_krocc=0.9030  sel=0.9074  kadid=0.8742  safesyn=0.9979  synthetic=0.9755  tid=0.7819
  epoch 176  train_loss=3.5177  val_mse=21.748  val_srocc=0.9810  val_krocc=0.9044  sel=0.9143  kadid=0.8851  safesyn=0.9979  synthetic=0.9762  tid=0.7982
  epoch 177  train_loss=3.4608  val_mse=22.390  val_srocc=0.9803  val_krocc=0.9029  sel=0.9145  kadid=0.8894  safesyn=0.9980  synthetic=0.9751  tid=0.7953
  epoch 178  train_loss=3.4356  val_mse=21.683  val_srocc=0.9809  val_krocc=0.9039  sel=0.9126  kadid=0.8853  safesyn=0.9978  synthetic=0.9760  tid=0.7914
  epoch 179  train_loss=3.4049  val_mse=21.809  val_srocc=0.9806  val_krocc=0.9036  sel=0.9139  kadid=0.8879  safesyn=0.9980  synthetic=0.9755  tid=0.7943
  epoch 180  train_loss=3.3460  val_mse=21.859  val_srocc=0.9806  val_krocc=0.9035  sel=0.9139  kadid=0.8881  safesyn=0.9980  synthetic=0.9754  tid=0.7941
  epoch 181  train_loss=3.3077  val_mse=21.994  val_srocc=0.9806  val_krocc=0.9037  sel=0.9136  kadid=0.8870  safesyn=0.9980  synthetic=0.9754  tid=0.7940
  epoch 182  train_loss=3.3003  val_mse=21.598  val_srocc=0.9811  val_krocc=0.9049  sel=0.9147  kadid=0.8893  safesyn=0.9980  synthetic=0.9762  tid=0.7955
  epoch 183  train_loss=3.2615  val_mse=21.869  val_srocc=0.9806  val_krocc=0.9039  sel=0.9165  kadid=0.8893  safesyn=0.9980  synthetic=0.9755  tid=0.8034
  epoch 184  train_loss=3.2399  val_mse=21.781  val_srocc=0.9809  val_krocc=0.9048  sel=0.9148  kadid=0.8878  safesyn=0.9980  synthetic=0.9758  tid=0.7976
  epoch 185  train_loss=3.2247  val_mse=22.174  val_srocc=0.9802  val_krocc=0.9032  sel=0.9161  kadid=0.8900  safesyn=0.9980  synthetic=0.9749  tid=0.8015
  epoch 186  train_loss=3.2120  val_mse=21.744  val_srocc=0.9807  val_krocc=0.9040  sel=0.9153  kadid=0.8908  safesyn=0.9980  synthetic=0.9756  tid=0.7969
  epoch 187  train_loss=3.1640  val_mse=21.987  val_srocc=0.9806  val_krocc=0.9041  sel=0.9170  kadid=0.8933  safesyn=0.9981  synthetic=0.9754  tid=0.8014
  epoch 188  train_loss=3.1681  val_mse=21.798  val_srocc=0.9806  val_krocc=0.9043  sel=0.9152  kadid=0.8907  safesyn=0.9981  synthetic=0.9754  tid=0.7965
  epoch 189  train_loss=3.1372  val_mse=21.943  val_srocc=0.9807  val_krocc=0.9044  sel=0.9162  kadid=0.8921  safesyn=0.9981  synthetic=0.9755  tid=0.7992
  epoch 190  train_loss=3.1369  val_mse=21.791  val_srocc=0.9807  val_krocc=0.9046  sel=0.9163  kadid=0.8918  safesyn=0.9981  synthetic=0.9756  tid=0.7996
  epoch 191  train_loss=3.1319  val_mse=21.773  val_srocc=0.9807  val_krocc=0.9046  sel=0.9169  kadid=0.8927  safesyn=0.9981  synthetic=0.9756  tid=0.8012
  epoch 192  train_loss=3.0904  val_mse=21.710  val_srocc=0.9807  val_krocc=0.9043  sel=0.9157  kadid=0.8917  safesyn=0.9981  synthetic=0.9755  tid=0.7975
  epoch 193  train_loss=3.0933  val_mse=21.826  val_srocc=0.9807  val_krocc=0.9044  sel=0.9157  kadid=0.8914  safesyn=0.9981  synthetic=0.9755  tid=0.7980
  epoch 194  train_loss=3.0876  val_mse=21.930  val_srocc=0.9806  val_krocc=0.9044  sel=0.9156  kadid=0.8919  safesyn=0.9981  synthetic=0.9754  tid=0.7970
  epoch 195  train_loss=3.0864  val_mse=21.848  val_srocc=0.9806  val_krocc=0.9044  sel=0.9161  kadid=0.8917  safesyn=0.9981  synthetic=0.9754  tid=0.7994
  epoch 196  train_loss=3.0889  val_mse=21.763  val_srocc=0.9807  val_krocc=0.9046  sel=0.9165  kadid=0.8923  safesyn=0.9981  synthetic=0.9756  tid=0.7999
  epoch 197  train_loss=3.0736  val_mse=21.715  val_srocc=0.9807  val_krocc=0.9046  sel=0.9159  kadid=0.8912  safesyn=0.9981  synthetic=0.9755  tid=0.7987
  epoch 198  train_loss=3.0913  val_mse=21.803  val_srocc=0.9807  val_krocc=0.9045  sel=0.9159  kadid=0.8916  safesyn=0.9981  synthetic=0.9755  tid=0.7982
  epoch 199  train_loss=3.0624  val_mse=21.712  val_srocc=0.9807  val_krocc=0.9047  sel=0.9162  kadid=0.8918  safesyn=0.9981  synthetic=0.9756  tid=0.7993
  epoch 200  train_loss=99.9852  val_mse=33.515  val_srocc=0.9738  val_krocc=0.8804  sel=0.8735  kadid=0.7604  safesyn=0.9945  synthetic=0.9708  tid=0.7682
  epoch 201  train_loss=21.8845  val_mse=30.020  val_srocc=0.9763  val_krocc=0.8905  sel=0.8691  kadid=0.7731  safesyn=0.9960  synthetic=0.9737  tid=0.7338
  epoch 202  train_loss=10.0072  val_mse=26.114  val_srocc=0.9777  val_krocc=0.8960  sel=0.8750  kadid=0.7973  safesyn=0.9967  synthetic=0.9744  tid=0.7316
  epoch 203  train_loss=8.6151  val_mse=24.819  val_srocc=0.9785  val_krocc=0.8981  sel=0.8748  kadid=0.7943  safesyn=0.9969  synthetic=0.9750  tid=0.7328
  epoch 204  train_loss=7.1592  val_mse=25.045  val_srocc=0.9788  val_krocc=0.8997  sel=0.8882  kadid=0.8310  safesyn=0.9974  synthetic=0.9748  tid=0.7494
  epoch 205  train_loss=6.1104  val_mse=22.914  val_srocc=0.9794  val_krocc=0.9010  sel=0.8875  kadid=0.8345  safesyn=0.9974  synthetic=0.9753  tid=0.7429
  epoch 206  train_loss=5.6370  val_mse=23.008  val_srocc=0.9793  val_krocc=0.9013  sel=0.8911  kadid=0.8358  safesyn=0.9975  synthetic=0.9750  tid=0.7562
  epoch 207  train_loss=5.3104  val_mse=22.220  val_srocc=0.9798  val_krocc=0.9022  sel=0.8953  kadid=0.8451  safesyn=0.9976  synthetic=0.9755  tid=0.7632
  epoch 208  train_loss=5.0480  val_mse=22.176  val_srocc=0.9800  val_krocc=0.9025  sel=0.8965  kadid=0.8448  safesyn=0.9975  synthetic=0.9758  tid=0.7680
  epoch 209  train_loss=4.8743  val_mse=22.814  val_srocc=0.9802  val_krocc=0.9034  sel=0.9040  kadid=0.8622  safesyn=0.9977  synthetic=0.9758  tid=0.7802
  epoch 210  train_loss=4.7149  val_mse=22.072  val_srocc=0.9804  val_krocc=0.9042  sel=0.8952  kadid=0.8429  safesyn=0.9977  synthetic=0.9761  tid=0.7642
  epoch 211  train_loss=4.5403  val_mse=22.252  val_srocc=0.9805  val_krocc=0.9041  sel=0.9068  kadid=0.8705  safesyn=0.9976  synthetic=0.9763  tid=0.7826
  epoch 212  train_loss=4.4542  val_mse=22.317  val_srocc=0.9804  val_krocc=0.9043  sel=0.9047  kadid=0.8654  safesyn=0.9978  synthetic=0.9759  tid=0.7798
  epoch 213  train_loss=4.3078  val_mse=21.798  val_srocc=0.9804  val_krocc=0.9041  sel=0.9015  kadid=0.8538  safesyn=0.9978  synthetic=0.9760  tid=0.7784
  epoch 214  train_loss=4.2296  val_mse=22.079  val_srocc=0.9805  val_krocc=0.9041  sel=0.9086  kadid=0.8722  safesyn=0.9979  synthetic=0.9759  tid=0.7884
  epoch 215  train_loss=4.1156  val_mse=21.501  val_srocc=0.9809  val_krocc=0.9055  sel=0.9007  kadid=0.8504  safesyn=0.9978  synthetic=0.9766  tid=0.7779
  epoch 216  train_loss=4.0357  val_mse=22.333  val_srocc=0.9808  val_krocc=0.9053  sel=0.9101  kadid=0.8731  safesyn=0.9979  synthetic=0.9763  tid=0.7929
  epoch 217  train_loss=3.9714  val_mse=22.766  val_srocc=0.9805  val_krocc=0.9043  sel=0.9128  kadid=0.8797  safesyn=0.9980  synthetic=0.9760  tid=0.7974
  epoch 218  train_loss=3.9251  val_mse=21.721  val_srocc=0.9807  val_krocc=0.9049  sel=0.9023  kadid=0.8575  safesyn=0.9979  synthetic=0.9761  tid=0.7777
  epoch 219  train_loss=3.9055  val_mse=21.378  val_srocc=0.9807  val_krocc=0.9047  sel=0.9049  kadid=0.8653  safesyn=0.9980  synthetic=0.9760  tid=0.7804
  epoch 220  train_loss=3.7757  val_mse=21.442  val_srocc=0.9807  val_krocc=0.9048  sel=0.9109  kadid=0.8775  safesyn=0.9980  synthetic=0.9761  tid=0.7921
  epoch 221  train_loss=3.8181  val_mse=21.579  val_srocc=0.9810  val_krocc=0.9062  sel=0.9105  kadid=0.8775  safesyn=0.9980  synthetic=0.9764  tid=0.7902
  epoch 222  train_loss=4.5713  val_mse=22.230  val_srocc=0.9803  val_krocc=0.9038  sel=0.9063  kadid=0.8690  safesyn=0.9980  synthetic=0.9756  tid=0.7826
  epoch 223  train_loss=4.2000  val_mse=21.321  val_srocc=0.9808  val_krocc=0.9050  sel=0.9094  kadid=0.8771  safesyn=0.9980  synthetic=0.9762  tid=0.7865
  epoch 224  train_loss=3.7884  val_mse=21.273  val_srocc=0.9808  val_krocc=0.9052  sel=0.9099  kadid=0.8767  safesyn=0.9981  synthetic=0.9761  tid=0.7888
  epoch 225  train_loss=3.5498  val_mse=21.528  val_srocc=0.9810  val_krocc=0.9058  sel=0.9107  kadid=0.8768  safesyn=0.9981  synthetic=0.9764  tid=0.7915
  epoch 226  train_loss=3.5246  val_mse=21.616  val_srocc=0.9806  val_krocc=0.9045  sel=0.9089  kadid=0.8762  safesyn=0.9981  synthetic=0.9757  tid=0.7856
  epoch 227  train_loss=3.4830  val_mse=21.250  val_srocc=0.9810  val_krocc=0.9056  sel=0.9132  kadid=0.8829  safesyn=0.9981  synthetic=0.9762  tid=0.7956
  epoch 228  train_loss=3.4354  val_mse=21.213  val_srocc=0.9810  val_krocc=0.9059  sel=0.9109  kadid=0.8753  safesyn=0.9981  synthetic=0.9763  tid=0.7939
  epoch 229  train_loss=3.3871  val_mse=21.447  val_srocc=0.9809  val_krocc=0.9059  sel=0.9107  kadid=0.8786  safesyn=0.9981  synthetic=0.9762  tid=0.7901
  epoch 230  train_loss=3.3713  val_mse=21.419  val_srocc=0.9810  val_krocc=0.9061  sel=0.9128  kadid=0.8828  safesyn=0.9981  synthetic=0.9762  tid=0.7941
  epoch 231  train_loss=3.3422  val_mse=21.212  val_srocc=0.9811  val_krocc=0.9062  sel=0.9141  kadid=0.8860  safesyn=0.9981  synthetic=0.9764  tid=0.7959
  epoch 232  train_loss=3.2983  val_mse=21.503  val_srocc=0.9808  val_krocc=0.9052  sel=0.9116  kadid=0.8812  safesyn=0.9981  synthetic=0.9759  tid=0.7914
  epoch 233  train_loss=3.3007  val_mse=21.010  val_srocc=0.9810  val_krocc=0.9060  sel=0.9110  kadid=0.8807  safesyn=0.9982  synthetic=0.9762  tid=0.7891
  epoch 234  train_loss=3.2756  val_mse=21.135  val_srocc=0.9811  val_krocc=0.9064  sel=0.9120  kadid=0.8823  safesyn=0.9982  synthetic=0.9763  tid=0.7911
  epoch 235  train_loss=3.2595  val_mse=21.193  val_srocc=0.9810  val_krocc=0.9059  sel=0.9128  kadid=0.8846  safesyn=0.9982  synthetic=0.9761  tid=0.7922
  epoch 236  train_loss=3.2287  val_mse=21.089  val_srocc=0.9811  val_krocc=0.9061  sel=0.9121  kadid=0.8832  safesyn=0.9982  synthetic=0.9762  tid=0.7907
  epoch 237  train_loss=3.2298  val_mse=21.254  val_srocc=0.9809  val_krocc=0.9054  sel=0.9102  kadid=0.8802  safesyn=0.9982  synthetic=0.9760  tid=0.7865
  epoch 238  train_loss=3.1992  val_mse=20.971  val_srocc=0.9811  val_krocc=0.9061  sel=0.9125  kadid=0.8841  safesyn=0.9982  synthetic=0.9763  tid=0.7913
  epoch 239  train_loss=3.1698  val_mse=20.999  val_srocc=0.9810  val_krocc=0.9060  sel=0.9105  kadid=0.8790  safesyn=0.9982  synthetic=0.9762  tid=0.7885
  epoch 240  train_loss=3.1731  val_mse=20.929  val_srocc=0.9811  val_krocc=0.9063  sel=0.9117  kadid=0.8821  safesyn=0.9982  synthetic=0.9763  tid=0.7900
  epoch 241  train_loss=3.1615  val_mse=21.135  val_srocc=0.9810  val_krocc=0.9060  sel=0.9109  kadid=0.8803  safesyn=0.9982  synthetic=0.9761  tid=0.7890
  epoch 242  train_loss=3.1456  val_mse=21.089  val_srocc=0.9811  val_krocc=0.9061  sel=0.9124  kadid=0.8841  safesyn=0.9982  synthetic=0.9762  tid=0.7910
  epoch 243  train_loss=3.1337  val_mse=20.971  val_srocc=0.9812  val_krocc=0.9065  sel=0.9125  kadid=0.8842  safesyn=0.9982  synthetic=0.9764  tid=0.7913
  epoch 244  train_loss=3.1356  val_mse=21.107  val_srocc=0.9811  val_krocc=0.9063  sel=0.9124  kadid=0.8839  safesyn=0.9982  synthetic=0.9763  tid=0.7913
  epoch 245  train_loss=3.1191  val_mse=21.056  val_srocc=0.9811  val_krocc=0.9061  sel=0.9126  kadid=0.8852  safesyn=0.9982  synthetic=0.9762  tid=0.7908
  epoch 246  train_loss=3.1343  val_mse=21.018  val_srocc=0.9811  val_krocc=0.9061  sel=0.9128  kadid=0.8851  safesyn=0.9982  synthetic=0.9762  tid=0.7917
  epoch 247  train_loss=3.1157  val_mse=21.010  val_srocc=0.9811  val_krocc=0.9064  sel=0.9127  kadid=0.8851  safesyn=0.9982  synthetic=0.9763  tid=0.7912
  epoch 248  train_loss=3.0994  val_mse=21.042  val_srocc=0.9811  val_krocc=0.9063  sel=0.9126  kadid=0.8850  safesyn=0.9982  synthetic=0.9763  tid=0.7909
  epoch 249  train_loss=3.1097  val_mse=21.023  val_srocc=0.9811  val_krocc=0.9063  sel=0.9124  kadid=0.8848  safesyn=0.9982  synthetic=0.9763  tid=0.7903
  epoch 250  train_loss=44.2678  val_mse=24.660  val_srocc=0.9780  val_krocc=0.8937  sel=0.8787  kadid=0.7997  safesyn=0.9965  synthetic=0.9745  tid=0.7440
  epoch 251  train_loss=8.1134  val_mse=27.298  val_srocc=0.9794  val_krocc=0.9019  sel=0.8308  kadid=0.6604  safesyn=0.9965  synthetic=0.9766  tid=0.6898
  epoch 252  train_loss=14.3481  val_mse=24.126  val_srocc=0.9804  val_krocc=0.9042  sel=0.8947  kadid=0.8329  safesyn=0.9976  synthetic=0.9766  tid=0.7718
  epoch 253  train_loss=4.6958  val_mse=22.259  val_srocc=0.9811  val_krocc=0.9067  sel=0.9016  kadid=0.8632  safesyn=0.9979  synthetic=0.9768  tid=0.7682
  epoch 254  train_loss=4.2309  val_mse=21.454  val_srocc=0.9810  val_krocc=0.9064  sel=0.9020  kadid=0.8640  safesyn=0.9980  synthetic=0.9767  tid=0.7693
  epoch 255  train_loss=4.0341  val_mse=21.819  val_srocc=0.9810  val_krocc=0.9065  sel=0.9029  kadid=0.8696  safesyn=0.9980  synthetic=0.9766  tid=0.7674
  epoch 256  train_loss=3.9076  val_mse=21.200  val_srocc=0.9814  val_krocc=0.9070  sel=0.9040  kadid=0.8688  safesyn=0.9980  synthetic=0.9770  tid=0.7721
  epoch 257  train_loss=3.7732  val_mse=21.700  val_srocc=0.9813  val_krocc=0.9068  sel=0.9060  kadid=0.8746  safesyn=0.9981  synthetic=0.9768  tid=0.7746
  epoch 258  train_loss=3.6143  val_mse=21.668  val_srocc=0.9811  val_krocc=0.9062  sel=0.9078  kadid=0.8769  safesyn=0.9981  synthetic=0.9765  tid=0.7798
  epoch 259  train_loss=3.4977  val_mse=21.401  val_srocc=0.9809  val_krocc=0.9053  sel=0.9069  kadid=0.8776  safesyn=0.9980  synthetic=0.9763  tid=0.7757
  epoch 260  train_loss=3.4250  val_mse=22.201  val_srocc=0.9810  val_krocc=0.9061  sel=0.9037  kadid=0.8703  safesyn=0.9981  synthetic=0.9763  tid=0.7702
  epoch 261  train_loss=3.3670  val_mse=21.228  val_srocc=0.9812  val_krocc=0.9064  sel=0.9108  kadid=0.8803  safesyn=0.9981  synthetic=0.9765  tid=0.7882
  epoch 262  train_loss=3.2716  val_mse=21.519  val_srocc=0.9813  val_krocc=0.9070  sel=0.9080  kadid=0.8778  safesyn=0.9981  synthetic=0.9766  tid=0.7796
  epoch 263  train_loss=3.3480  val_mse=21.797  val_srocc=0.9810  val_krocc=0.9063  sel=0.9075  kadid=0.8769  safesyn=0.9982  synthetic=0.9762  tid=0.7785
  epoch 264  train_loss=3.4071  val_mse=21.520  val_srocc=0.9808  val_krocc=0.9055  sel=0.9112  kadid=0.8833  safesyn=0.9980  synthetic=0.9759  tid=0.7875
  epoch 265  train_loss=3.3586  val_mse=21.181  val_srocc=0.9813  val_krocc=0.9069  sel=0.9148  kadid=0.8873  safesyn=0.9982  synthetic=0.9765  tid=0.7972
  epoch 266  train_loss=3.2012  val_mse=21.820  val_srocc=0.9809  val_krocc=0.9059  sel=0.9157  kadid=0.8910  safesyn=0.9981  synthetic=0.9760  tid=0.7975
  epoch 267  train_loss=3.0945  val_mse=21.973  val_srocc=0.9810  val_krocc=0.9064  sel=0.9145  kadid=0.8890  safesyn=0.9982  synthetic=0.9761  tid=0.7949
  epoch 268  train_loss=3.0219  val_mse=21.382  val_srocc=0.9809  val_krocc=0.9059  sel=0.9159  kadid=0.8906  safesyn=0.9982  synthetic=0.9759  tid=0.7990
  epoch 269  train_loss=3.0006  val_mse=21.572  val_srocc=0.9811  val_krocc=0.9073  sel=0.9171  kadid=0.8913  safesyn=0.9982  synthetic=0.9763  tid=0.8025
  epoch 270  train_loss=2.9664  val_mse=21.443  val_srocc=0.9810  val_krocc=0.9066  sel=0.9176  kadid=0.8923  safesyn=0.9982  synthetic=0.9760  tid=0.8038
  epoch 271  train_loss=2.9181  val_mse=21.411  val_srocc=0.9811  val_krocc=0.9066  sel=0.9165  kadid=0.8896  safesyn=0.9982  synthetic=0.9762  tid=0.8021
  epoch 272  train_loss=2.8863  val_mse=21.484  val_srocc=0.9808  val_krocc=0.9057  sel=0.9134  kadid=0.8884  safesyn=0.9982  synthetic=0.9757  tid=0.7912
  epoch 273  train_loss=2.8563  val_mse=22.064  val_srocc=0.9809  val_krocc=0.9064  sel=0.9158  kadid=0.8905  safesyn=0.9983  synthetic=0.9759  tid=0.7985
  epoch 274  train_loss=2.8214  val_mse=21.658  val_srocc=0.9807  val_krocc=0.9058  sel=0.9175  kadid=0.8925  safesyn=0.9983  synthetic=0.9756  tid=0.8037
  epoch 275  train_loss=2.8010  val_mse=21.504  val_srocc=0.9806  val_krocc=0.9046  sel=0.9159  kadid=0.8913  safesyn=0.9982  synthetic=0.9755  tid=0.7985
  epoch 276  train_loss=2.7978  val_mse=21.393  val_srocc=0.9807  val_krocc=0.9058  sel=0.9174  kadid=0.8901  safesyn=0.9983  synthetic=0.9755  tid=0.8059
  epoch 277  train_loss=2.7497  val_mse=21.476  val_srocc=0.9805  val_krocc=0.9050  sel=0.9182  kadid=0.8929  safesyn=0.9982  synthetic=0.9753  tid=0.8066
  epoch 278  train_loss=2.7229  val_mse=21.691  val_srocc=0.9808  val_krocc=0.9059  sel=0.9184  kadid=0.8928  safesyn=0.9983  synthetic=0.9756  tid=0.8068
  epoch 279  train_loss=2.6988  val_mse=21.762  val_srocc=0.9808  val_krocc=0.9064  sel=0.9191  kadid=0.8948  safesyn=0.9983  synthetic=0.9757  tid=0.8075
  epoch 280  train_loss=2.6991  val_mse=21.715  val_srocc=0.9808  val_krocc=0.9063  sel=0.9180  kadid=0.8932  safesyn=0.9983  synthetic=0.9756  tid=0.8047
  epoch 281  train_loss=2.6569  val_mse=21.293  val_srocc=0.9808  val_krocc=0.9058  sel=0.9201  kadid=0.8948  safesyn=0.9983  synthetic=0.9756  tid=0.8118
  epoch 282  train_loss=2.6287  val_mse=21.655  val_srocc=0.9808  val_krocc=0.9060  sel=0.9206  kadid=0.8969  safesyn=0.9983  synthetic=0.9755  tid=0.8115
  epoch 283  train_loss=2.6185  val_mse=21.509  val_srocc=0.9809  val_krocc=0.9063  sel=0.9185  kadid=0.8944  safesyn=0.9983  synthetic=0.9757  tid=0.8057
  epoch 284  train_loss=2.6131  val_mse=20.985  val_srocc=0.9810  val_krocc=0.9063  sel=0.9187  kadid=0.8947  safesyn=0.9983  synthetic=0.9757  tid=0.8059
  epoch 285  train_loss=2.5901  val_mse=21.739  val_srocc=0.9808  val_krocc=0.9063  sel=0.9190  kadid=0.8944  safesyn=0.9984  synthetic=0.9755  tid=0.8078
  epoch 286  train_loss=2.5574  val_mse=21.417  val_srocc=0.9807  val_krocc=0.9057  sel=0.9191  kadid=0.8947  safesyn=0.9983  synthetic=0.9754  tid=0.8078
  epoch 287  train_loss=2.5611  val_mse=21.421  val_srocc=0.9808  val_krocc=0.9060  sel=0.9202  kadid=0.8955  safesyn=0.9983  synthetic=0.9755  tid=0.8114
  epoch 288  train_loss=2.5438  val_mse=21.269  val_srocc=0.9808  val_krocc=0.9060  sel=0.9193  kadid=0.8948  safesyn=0.9983  synthetic=0.9756  tid=0.8083
  epoch 289  train_loss=2.5421  val_mse=21.243  val_srocc=0.9809  val_krocc=0.9061  sel=0.9196  kadid=0.8956  safesyn=0.9983  synthetic=0.9756  tid=0.8090
  epoch 290  train_loss=2.5422  val_mse=21.532  val_srocc=0.9808  val_krocc=0.9060  sel=0.9203  kadid=0.8966  safesyn=0.9984  synthetic=0.9755  tid=0.8107
  epoch 291  train_loss=2.5251  val_mse=21.219  val_srocc=0.9809  val_krocc=0.9064  sel=0.9205  kadid=0.8966  safesyn=0.9984  synthetic=0.9757  tid=0.8113
  epoch 292  train_loss=2.4969  val_mse=21.297  val_srocc=0.9808  val_krocc=0.9060  sel=0.9202  kadid=0.8960  safesyn=0.9983  synthetic=0.9755  tid=0.8108
  epoch 293  train_loss=2.5026  val_mse=21.502  val_srocc=0.9808  val_krocc=0.9061  sel=0.9201  kadid=0.8965  safesyn=0.9984  synthetic=0.9755  tid=0.8099
  epoch 294  train_loss=2.5168  val_mse=21.337  val_srocc=0.9809  val_krocc=0.9064  sel=0.9204  kadid=0.8966  safesyn=0.9984  synthetic=0.9756  tid=0.8111
  epoch 295  train_loss=2.5161  val_mse=21.601  val_srocc=0.9808  val_krocc=0.9061  sel=0.9199  kadid=0.8960  safesyn=0.9984  synthetic=0.9755  tid=0.8098
  epoch 296  train_loss=2.4931  val_mse=21.416  val_srocc=0.9808  val_krocc=0.9062  sel=0.9201  kadid=0.8963  safesyn=0.9984  synthetic=0.9755  tid=0.8104
  epoch 297  train_loss=2.4879  val_mse=21.368  val_srocc=0.9808  val_krocc=0.9062  sel=0.9204  kadid=0.8964  safesyn=0.9984  synthetic=0.9756  tid=0.8114
  epoch 298  train_loss=2.4944  val_mse=21.401  val_srocc=0.9808  val_krocc=0.9063  sel=0.9206  kadid=0.8967  safesyn=0.9984  synthetic=0.9756  tid=0.8118
  epoch 299  train_loss=2.4887  val_mse=21.384  val_srocc=0.9808  val_krocc=0.9063  sel=0.9204  kadid=0.8966  safesyn=0.9984  synthetic=0.9755  tid=0.8112

Final: best_val_srocc=0.9206 test_srocc=0.9642 test_krocc=0.8734 test_mse=36.471  (177s)

Per-(sweep:codec) test metrics:
  human-kadid:human-kadid  n=  1,375  srocc=+0.8938  krocc=+0.7143  mse=178.272
  human-safesyn:human-safesyn n= 16,761  srocc=+0.9984  krocc=+0.9669  mse=3.184
  human-tid:human-tid      n=    360  srocc=+0.8646  krocc=+0.6676  mse=177.958
  v15r:zenjpeg             n=162,336  srocc=+0.9613  krocc=+0.8677  mse=37.596
  v15rc:zenjpeg            n= 44,460  srocc=+0.9607  krocc=+0.8626  mse=39.384

Wrote /mnt/v/zen/zensim-training/2026-05-07/runs/20260510T114311_cyclic_cosine_t50_2026-05-10/
