dataset,human_score,v02_distance,v04_distance,fast_ssim2_score,butter_3norm
KADIK10k,0.892500,0.000000,-18.405979,100.0000,0.000000
KADIK10k,0.832500,0.572660,-13.426686,83.8613,3.545688
KADIK10k,0.417500,2.254488,-5.535214,55.3828,6.626598
KADIK10k,0.167500,6.015852,1.219633,17.5260,15.727725
KADIK10k,0.025000,17.256500,15.163775,-48.3127,36.807556
KADIK10k,0.707500,1.139673,-9.693990,72.1814,5.559476
KADIK10k,0.317500,2.843834,-4.254327,47.8908,7.581688
KADIK10k,0.132500,7.686059,4.397735,4.5825,20.283508
KADIK10k,0.057500,12.643953,10.194613,-28.7274,27.607094
KADIK10k,0.050000,17.504041,15.471860,-49.2255,37.544106
KADIK10k,0.932500,0.000000,-18.405979,100.0000,0.000000
KADIK10k,0.742500,1.076549,-10.119524,74.1869,5.757205
KADIK10k,0.425000,2.712221,-4.708735,52.2591,8.554745
KADIK10k,0.257500,4.467325,-2.323628,34.2626,14.596061
KADIK10k,0.125000,9.939186,7.548448,-10.8277,25.649662
KADIK10k,0.932500,0.598501,-13.291715,80.6859,2.388445
KADIK10k,0.292500,14.796064,12.683511,-39.5081,47.129860
KADIK10k,0.092500,28.754598,23.662189,-63.5790,60.904419
KADIK10k,0.125000,40.028371,26.109495,-65.5358,92.761047
KADIK10k,0.117500,59.423128,27.897295,-190.2047,134.552658
KADIK10k,0.750000,4.611792,-2.243894,43.2079,22.221832
KADIK10k,0.300000,10.012273,9.063740,-2.6760,33.266800
KADIK10k,0.142500,14.381099,16.143196,-28.3112,47.569069
KADIK10k,0.082500,15.783094,18.024656,-35.1272,59.332695
KADIK10k,0.150000,14.801604,17.498400,-34.7067,43.778610
KADIK10k,0.807500,3.406505,-1.893701,52.3564,10.803528
KADIK10k,0.850000,4.342233,0.015281,45.5503,11.551066
KADIK10k,0.725000,4.873682,1.668394,41.1701,11.370111
KADIK10k,0.475000,9.180756,7.381746,10.7450,26.020386
KADIK10k,0.317500,13.765933,12.627355,-19.3692,31.160725
KADIK10k,0.432500,8.819948,6.404054,-23.2796,63.766945
KADIK10k,0.375000,14.485171,9.476110,-50.1197,86.868500
KADIK10k,0.317500,17.784889,10.743481,-57.9478,98.139053
KADIK10k,0.367500,21.327106,12.022182,-62.3141,109.648483
KADIK10k,0.300000,34.789188,21.052725,-64.8833,126.945724
KADIK10k,0.925000,0.000000,-18.405979,100.0000,0.000000
KADIK10k,0.692500,8.605416,8.197716,-1.1345,32.272312
KADIK10k,0.432500,16.256827,15.097590,-42.9346,47.026043
KADIK10k,0.242500,28.640867,23.955736,-63.6608,60.793560
KADIK10k,0.167500,56.363194,35.659035,-127.2273,116.699402
KADIK10k,0.900000,0.556896,-14.384338,86.7772,1.455036
KADIK10k,0.917500,1.524995,-8.610026,71.1123,3.792891
KADIK10k,0.850000,2.227824,-5.492086,60.5628,4.392092
KADIK10k,0.475000,6.759636,4.886539,14.4128,11.570632
KADIK10k,0.092500,15.316681,14.391494,-40.4523,22.697723
KADIK10k,0.842500,2.335920,-5.066775,60.4700,4.656760
KADIK10k,0.732500,2.658325,-3.783452,55.7768,4.712063
KADIK10k,0.692500,3.923335,-0.751224,41.4704,7.314065
KADIK10k,0.145000,13.870586,13.236336,-35.8043,11.960406
KADIK10k,0.042500,24.697390,19.292450,-62.1193,18.062387
KADIK10k,0.757500,3.151997,-0.503627,54.8433,5.023873
KADIK10k,0.567500,5.286437,4.348564,36.8666,7.021814
KADIK10k,0.417500,7.122745,6.876461,23.7806,8.042836
KADIK10k,0.317500,10.040039,10.239531,6.5633,10.865544
KADIK10k,0.342500,15.513238,15.948236,-19.5461,14.348342
KADIK10k,0.857500,1.256288,-7.755733,76.2620,3.158984
KADIK10k,0.675000,4.162678,2.513718,46.0615,6.467969
KADIK10k,0.442500,6.803177,6.511667,26.8959,8.670089
KADIK10k,0.342500,11.209938,11.455636,1.6495,11.719224
KADIK10k,0.242500,14.393105,14.701438,-11.9155,13.032950
KADIK10k,0.667500,2.349243,-3.995252,39.8192,12.392852
KADIK10k,0.467500,5.693941,4.999719,-7.6701,21.721807
KADIK10k,0.400000,8.620394,10.627284,-31.6498,26.192482
KADIK10k,0.267500,12.998941,16.524212,-50.5489,29.617691
KADIK10k,0.257500,16.888874,21.350721,-59.0633,40.604134
KADIK10k,0.892500,1.126402,-8.308549,75.9625,4.090107
KADIK10k,0.642500,3.689500,1.257094,46.8844,7.810059
KADIK10k,0.532500,6.067764,5.592681,29.4251,10.319374
KADIK10k,0.375000,9.776745,9.768887,6.7613,15.883890
KADIK10k,0.317500,16.800211,16.761805,-24.9093,19.790255
KADIK10k,0.642500,5.555913,2.706003,26.9096,7.411006
KADIK10k,0.407500,9.448328,9.309669,-4.6268,11.313894
KADIK10k,0.192500,12.357495,13.117628,-21.1214,15.545019
KADIK10k,0.100000,20.281573,19.932348,-50.2682,18.590460
KADIK10k,0.082500,27.870500,25.570408,-61.8554,28.635799
KADIK10k,0.842500,1.336746,-10.430235,71.4976,10.967448
KADIK10k,0.867500,3.037496,-4.221932,43.0134,21.992031
KADIK10k,0.735000,7.564049,2.506287,-8.5939,43.897873
KADIK10k,0.542500,17.994513,6.465428,-57.4511,76.340820
KADIK10k,0.295000,37.255129,11.372129,-67.6250,121.337700
KADIK10k,0.875000,0.546826,-14.424375,86.1920,5.160231
KADIK10k,0.892500,1.302910,-10.010180,69.9692,10.675606
KADIK10k,0.832500,3.195999,-2.369920,34.8187,20.905283
KADIK10k,0.600000,9.470632,6.910153,-34.6399,41.570442
KADIK10k,0.282500,32.094603,13.452691,-70.5632,75.802368
KADIK10k,0.875000,4.764288,-1.488644,40.0716,24.870426
KADIK10k,0.892500,2.099563,-8.807292,70.6329,12.670690
KADIK10k,0.892500,0.000000,-18.405979,100.0000,0.000000
KADIK10k,0.842500,2.514923,-6.588274,47.5295,12.446311
KADIK10k,0.742500,6.182872,2.998360,-2.4261,23.365595
KADIK10k,0.882500,1.518093,-10.579686,78.1960,3.661230
KADIK10k,0.732500,2.453474,-7.443554,66.6186,5.330354
KADIK10k,0.442500,5.571589,2.373039,26.4032,13.838297
KADIK10k,0.132500,6.838899,2.967692,18.5313,16.478193
KADIK10k,0.092500,11.657441,9.928121,-18.2458,27.337738
KADIK10k,0.882500,3.453443,-5.869770,33.3928,37.465786
KADIK10k,0.725000,5.902738,-1.525589,13.4306,54.757946
KADIK10k,0.750000,7.559175,0.683108,1.7401,87.785065
KADIK10k,0.582500,8.249024,2.516428,-4.1869,77.612076
KADIK10k,0.557500,9.400110,6.798113,-12.4476,79.554733
KADIK10k,0.592500,4.970751,-3.589110,33.8184,22.350279
KADIK10k,0.392500,5.690484,-1.759687,29.8287,23.065758
KADIK10k,0.257500,5.150235,-2.910480,35.1707,20.339550
KADIK10k,0.282500,5.177426,-2.087435,34.4481,18.863596
KADIK10k,0.107500,11.510731,8.687836,-16.3184,43.453403
KADIK10k,0.907500,2.600230,-3.689812,54.7749,6.654066
KADIK10k,0.750000,3.802882,-0.275275,41.5164,10.541311
KADIK10k,0.750000,5.485453,4.133582,26.4844,11.826936
KADIK10k,0.550000,9.999156,10.865605,-11.7124,26.089672
KADIK10k,0.300000,17.765225,16.368179,-41.0729,31.307325
KADIK10k,0.432500,14.917375,13.396211,-38.9783,97.294296
KADIK10k,0.292500,16.453356,17.819471,-54.8449,84.834648
KADIK10k,0.300000,25.829521,25.215382,-63.0539,114.690521
KADIK10k,0.342500,28.538191,26.450022,-63.4669,98.475578
KADIK10k,0.142500,29.814060,27.365469,-63.7440,113.716614
KADIK10k,0.642500,7.053617,2.587643,8.3338,19.492596
KADIK10k,0.375000,14.055711,13.210601,-40.8369,32.508911
KADIK10k,0.217500,20.193054,19.543154,-58.1645,40.654667
KADIK10k,0.150000,34.931845,31.822981,-64.3775,62.722507
KADIK10k,0.100000,53.531595,43.416317,-96.8420,85.301064
KADIK10k,0.607500,16.537090,11.310373,-31.4409,25.886452
KADIK10k,0.717500,10.817909,7.710143,-1.0956,18.365759
KADIK10k,0.815000,5.582297,0.037870,38.6902,10.809422
KADIK10k,0.792500,4.956725,1.210788,34.5117,11.891002
KADIK10k,0.567500,14.396423,11.264189,-35.0284,24.734346
KADIK10k,0.875000,0.000000,-18.405979,100.0000,0.000000
KADIK10k,0.792500,1.219993,-10.087065,74.1588,3.194690
KADIK10k,0.267500,5.584011,-1.204355,26.8242,7.198390
KADIK10k,0.142500,13.883905,8.492556,-23.7559,12.945907
KADIK10k,0.067500,30.615611,21.028519,-64.1770,29.909891
KADIK10k,0.550000,2.678982,-4.757070,53.4025,5.469287
KADIK10k,0.317500,7.322523,1.667600,15.1702,8.394846
KADIK10k,0.142500,17.475988,11.839514,-37.8800,16.655706
KADIK10k,0.042500,24.893757,17.482433,-60.3294,25.888117
KADIK10k,0.000000,31.019300,21.785555,-64.2011,31.615877
KADIK10k,0.900000,0.000000,-18.405979,100.0000,0.000000
KADIK10k,0.692500,2.075503,-6.869121,61.2199,4.716546
KADIK10k,0.332500,5.369092,-1.582958,29.5879,8.107404
KADIK10k,0.200000,8.816331,4.339742,7.5760,11.723263
KADIK10k,0.050000,17.480935,13.341195,-43.5315,22.873093
KADIK10k,0.825000,0.676301,-12.789179,78.4468,3.177042
KADIK10k,0.417500,5.133256,2.714566,25.0181,22.524256
KADIK10k,0.217500,9.371052,12.536721,-3.7631,29.586367
KADIK10k,0.192500,11.481671,17.170162,-13.9995,36.177895
KADIK10k,0.132500,15.130028,24.425390,-32.2710,50.248276
KADIK10k,0.692500,7.832480,8.065785,20.4925,15.202013
KADIK10k,0.200000,14.882054,17.192419,-26.1538,23.960632
KADIK10k,0.082500,19.865438,23.378317,-49.2854,28.181482
KADIK10k,0.092500,22.514430,24.999571,-55.8722,28.231577
KADIK10k,0.117500,21.650247,25.009323,-55.2264,33.069874
KADIK10k,0.800000,2.571255,-4.256296,59.3576,8.978350
KADIK10k,0.767500,3.093250,-2.404944,54.0825,10.474410
KADIK10k,0.742500,3.534336,-0.625546,48.3604,10.409514
KADIK10k,0.675000,5.013407,3.220564,32.5029,24.822409
KADIK10k,0.407500,11.417335,11.408763,0.0101,39.862118
KADIK10k,0.367500,4.604300,0.723010,33.0587,31.963985
KADIK10k,0.342500,7.709373,6.729274,6.0401,43.096722
KADIK10k,0.265000,9.595857,8.624002,-7.0343,48.727589
KADIK10k,0.242500,11.589146,10.112304,-19.1664,54.284676
KADIK10k,0.132500,19.961198,17.617384,-53.8844,51.776638
KADIK10k,0.850000,0.000000,-18.405979,100.0000,0.000000
KADIK10k,0.600000,3.248728,-2.909374,43.0443,21.619957
KADIK10k,0.515000,5.848812,3.491963,21.3705,27.396761
KADIK10k,0.242500,11.031014,12.877300,-12.1523,33.504269
KADIK10k,0.092500,16.277091,21.717470,-35.3232,51.268692
KADIK10k,0.892500,3.313953,-3.337815,53.3607,5.897492
KADIK10k,0.682500,7.262290,4.949415,20.8791,10.181778
KADIK10k,0.517500,8.858912,6.526929,9.3258,13.193338
KADIK10k,0.132500,17.812417,15.604704,-34.0606,16.334698
KADIK10k,0.067500,28.479951,21.363537,-62.0712,22.107954
KADIK10k,0.900000,2.572415,-4.422408,59.5166,4.680719
KADIK10k,0.832500,2.960048,-3.627485,56.2214,4.724612
KADIK10k,0.782500,4.184780,-1.086728,45.1823,5.021226
KADIK10k,0.400000,12.948391,12.191465,-14.0546,11.980392
KADIK10k,0.150000,23.020294,19.049116,-50.8176,18.040754
KADIK10k,0.817500,1.781636,-3.486346,69.5642,4.442363
KADIK10k,0.675000,2.773610,0.132448,58.1569,6.676025
KADIK10k,0.600000,3.620946,3.246652,49.4503,6.993309
KADIK10k,0.432500,4.939088,6.686772,37.7939,8.981427
KADIK10k,0.325000,7.917133,11.684275,14.9127,12.340862
KADIK10k,0.907500,0.798471,-10.987931,83.6410,2.564145
KADIK10k,0.765000,2.147453,-2.082829,64.6298,5.317240
KADIK10k,0.667500,3.390237,2.703435,51.1224,6.866055
KADIK10k,0.400000,5.353247,7.606574,33.9593,10.242333
KADIK10k,0.342500,6.943985,10.388639,20.1967,10.963350
KADIK10k,0.800000,1.951659,-5.753629,47.3869,16.721478
KADIK10k,0.582500,3.589023,0.641077,16.7361,18.539093
KADIK10k,0.432500,5.172826,6.290544,-5.9956,19.914019
KADIK10k,0.382500,7.734008,11.954882,-30.7610,23.762140
KADIK10k,0.242500,10.019131,15.839933,-42.4393,26.009573
KADIK10k,0.832500,0.852816,-10.033566,78.8373,4.469722
KADIK10k,0.592500,2.329511,-2.702458,57.1437,7.760835
KADIK10k,0.425000,3.696575,1.532945,42.4326,10.380338
KADIK10k,0.332500,5.615056,7.128927,24.6415,12.628237
KADIK10k,0.250000,9.786300,13.744728,-5.9864,20.262354
KADIK10k,0.642500,7.220091,6.575730,20.3624,9.561827
KADIK10k,0.442500,12.537596,13.061360,-14.2726,10.862910
KADIK10k,0.257500,15.530442,15.875829,-29.8639,13.233177
KADIK10k,0.125000,21.376012,21.010513,-49.5898,16.695318
KADIK10k,0.125000,25.454642,24.871380,-57.4519,25.611279
KADIK10k,0.850000,2.048036,-8.861670,70.4198,8.809711
KADIK10k,0.850000,4.733619,-1.435848,37.5623,17.414555
KADIK10k,0.692500,12.130950,6.071253,-23.7257,34.068890
KADIK10k,0.475000,28.579686,16.283545,-63.8846,58.658920
KADIK10k,0.207500,43.788429,19.197451,-71.2145,75.335899
KADIK10k,0.875000,0.849405,-12.172032,85.0208,4.310197
KADIK10k,0.907500,1.935547,-7.923299,68.2179,8.848966
KADIK10k,0.832500,4.707777,0.137713,31.1169,17.563963
KADIK10k,0.657500,13.453166,9.564338,-38.3687,34.949524
KADIK10k,0.225000,42.536645,22.001732,-71.8988,63.886410
KADIK10k,0.782500,8.193145,5.814991,2.1923,19.765215
KADIK10k,0.907500,3.130677,-4.985800,56.6029,11.949608
KADIK10k,0.932500,0.000000,-18.405979,100.0000,0.000000
KADIK10k,0.832500,3.426367,-4.099035,39.7851,8.851911
KADIK10k,0.757500,8.796672,6.732414,-12.9938,16.984140
KADIK10k,0.792500,2.943482,-4.340639,51.1734,6.305774
KADIK10k,0.750000,3.717458,-2.945545,43.6435,7.101837
KADIK10k,0.557500,7.591647,5.352638,10.5287,13.858192
KADIK10k,0.142500,16.131095,11.633270,-37.6970,19.241402
KADIK10k,0.075000,22.036222,16.784643,-53.0154,24.841204
KADIK10k,0.875000,5.323872,-3.166364,19.0241,43.342106
KADIK10k,0.867500,7.943865,3.886786,-7.2782,76.726166
KADIK10k,0.850000,8.471689,4.695752,-10.3137,42.367409
KADIK10k,0.707500,10.844366,9.955969,-25.8900,80.375366
KADIK10k,0.850000,12.844837,11.558033,-34.7692,84.176689
KADIK10k,0.800000,12.807322,9.840875,-13.8433,21.570723
KADIK10k,0.557500,13.335571,10.730282,-19.9111,20.372450
KADIK10k,0.532500,11.749966,9.371340,-12.5947,19.567091
KADIK10k,0.417500,14.495093,11.423320,-23.4975,24.695019
KADIK10k,0.092500,29.085013,24.838932,-62.7807,39.593704
KADIK10k,0.932500,1.647304,-7.762990,72.6983,7.433375
KADIK10k,0.815000,2.450486,-4.484434,67.2936,8.219179
KADIK10k,0.850000,3.487823,-1.738934,57.8679,11.457834
KADIK10k,0.732500,5.476449,3.436225,42.2709,11.885916
KADIK10k,0.550000,8.145161,7.751104,22.7695,15.551949
KADIK10k,0.275000,11.458526,11.710187,-36.8266,69.593399
KADIK10k,0.425000,19.931745,18.740355,-54.0409,77.529930
KADIK10k,0.317500,17.717699,18.858236,-47.4844,75.628204
KADIK10k,0.300000,24.173597,22.469841,-61.5395,74.168503
KADIK10k,0.267500,22.945827,24.722090,-61.2972,92.069275
KADIK10k,0.517500,10.887075,6.455715,-14.7064,17.337656
KADIK10k,0.232500,20.399672,17.846281,-54.7828,30.103386
KADIK10k,0.117500,27.492452,24.750036,-63.2998,40.518791
KADIK10k,0.057500,40.421122,36.453186,-65.2235,58.022629
KADIK10k,0.050000,51.898483,45.801991,-83.9014,82.403893
KADIK10k,0.592500,18.601507,13.737279,-41.8487,19.788147
KADIK10k,0.675000,11.500268,6.735564,-7.1741,14.159984
KADIK10k,0.817500,5.870881,-1.023520,37.1598,8.314564
KADIK10k,0.775000,4.889708,-0.973513,34.8306,8.905527
KADIK10k,0.582500,12.898635,10.720630,-31.7822,18.145037
KADIK10k,0.925000,0.000000,-18.405979,100.0000,0.000000
KADIK10k,0.907500,0.822821,-11.805597,81.1883,3.145936
KADIK10k,0.500000,3.531609,-3.869162,46.3695,7.392219
KADIK10k,0.207500,10.190840,6.080946,-6.0230,15.633318
KADIK10k,0.042500,32.396254,23.182716,-64.2216,39.202190
KADIK10k,0.757500,1.672815,-7.958321,67.4311,5.049536
KADIK10k,0.425000,4.498786,-2.705922,36.9492,8.788943
KADIK10k,0.175000,13.173204,8.979192,-22.2749,20.302660
KADIK10k,0.117500,22.899168,17.029499,-57.2712,29.433996
KADIK10k,0.057500,32.601289,23.863861,-64.2235,40.424080
KADIK10k,0.900000,0.000000,-18.405979,100.0000,0.000000
KADIK10k,0.842500,1.293454,-9.599294,72.9778,4.707751
KADIK10k,0.482500,3.330627,-4.176179,47.5379,9.074348
KADIK10k,0.307500,6.744792,1.131291,18.6912,14.268163
KADIK10k,0.157500,14.625499,11.146417,-31.3362,28.957205
KADIK10k,0.900000,1.498130,-7.322561,66.4718,7.871850
KADIK10k,0.475000,14.483841,22.601177,-36.3797,51.215469
KADIK10k,0.132500,29.843468,38.460457,-63.8965,77.137001
KADIK10k,0.050000,37.963425,43.166969,-64.4536,129.205627
KADIK10k,0.025000,40.745122,46.350243,-66.3450,129.201233
KADIK10k,0.945000,4.421466,-1.458517,49.5207,15.642640
KADIK10k,0.412500,12.019130,11.759934,-7.7180,34.087345
KADIK10k,0.250000,20.013060,22.217566,-43.9697,49.405655
KADIK10k,0.217500,22.620742,25.659260,-52.6480,58.191700
KADIK10k,0.307500,25.357562,27.227339,-58.0283,48.038383
KADIK10k,0.750000,4.069167,1.003570,46.0779,11.685785
KADIK10k,0.700000,4.094634,1.365049,42.6630,14.319407
KADIK10k,0.582500,4.811202,3.917672,36.8891,14.867029
KADIK10k,0.457500,7.440941,7.859869,13.9908,18.281738
KADIK10k,0.192500,11.874979,13.522232,-13.4977,33.273190
KADIK10k,0.342500,23.484316,15.771053,-60.4383,115.419106
KADIK10k,0.167500,35.213560,21.263229,-64.2405,153.064560
KADIK10k,0.107500,41.327075,24.274054,-65.9348,170.810822
KADIK10k,0.132500,47.466399,27.217554,-74.6550,188.174744
KADIK10k,0.117500,59.846535,41.444347,-167.0235,174.951431
KADIK10k,0.882500,0.000000,-18.405979,100.0000,0.000000
KADIK10k,0.532500,7.848955,3.728892,8.9648,38.152355
KADIK10k,0.367500,15.996330,19.959354,-36.0752,51.899757
KADIK10k,0.092500,26.684318,35.654034,-61.8005,77.145851
KADIK10k,0.057500,37.219214,44.719398,-64.2302,129.201218
KADIK10k,0.850000,1.922327,-8.024452,68.6887,4.370438
KADIK10k,0.650000,4.665679,-0.928959,42.8472,8.777230
KADIK10k,0.525000,6.184960,1.772140,30.4310,10.443065
KADIK10k,0.192500,14.596881,12.943851,-24.1721,21.133202
KADIK10k,0.025000,31.162388,27.038008,-63.3536,38.498672
KADIK10k,0.867500,2.237280,-5.588599,62.9598,4.757709
KADIK10k,0.792500,2.619624,-4.062472,59.5922,4.902146
KADIK10k,0.675000,3.512678,-2.786363,51.2254,5.644201
KADIK10k,0.307500,10.982151,10.710448,-2.8124,19.034771
KADIK10k,0.132500,19.117248,18.481188,-37.5383,22.247221
KADIK10k,0.742500,2.255957,-3.426659,64.6018,6.508901
KADIK10k,0.650000,3.606243,-0.055487,51.3109,7.942488
KADIK10k,0.567500,4.760105,3.270553,41.8413,9.970059
KADIK10k,0.482500,6.603898,6.346866,29.4538,12.579216
KADIK10k,0.375000,10.252537,11.494100,7.1585,17.883902
KADIK10k,0.892500,0.894577,-11.277279,81.6198,3.508870
KADIK10k,0.717500,2.695269,-2.413634,59.3218,6.968110
KADIK10k,0.542500,4.335223,2.369290,44.7271,9.553054
KADIK10k,0.475000,6.782733,6.868727,27.2494,13.175187
KADIK10k,0.400000,8.940761,9.925209,14.7046,17.720221
KADIK10k,0.850000,1.539113,-7.508142,66.7870,9.276666
KADIK10k,0.642500,2.994157,-0.647375,48.2841,16.636160
KADIK10k,0.457500,4.382173,3.798179,36.8155,17.873318
KADIK10k,0.325000,6.428911,8.645843,21.3081,21.969032
KADIK10k,0.350000,8.101568,11.251832,11.8452,19.953289
KADIK10k,0.850000,1.210503,-8.568475,76.1958,4.398336
KADIK10k,0.625000,3.717725,0.016406,49.2374,8.741891
KADIK10k,0.507500,5.900542,4.715182,31.7085,12.796332
KADIK10k,0.382500,9.116324,9.186366,12.1932,18.543364
KADIK10k,0.292500,15.270719,17.560152,-17.0256,29.159073
KADIK10k,0.782500,4.922532,0.791524,39.9030,14.694551
KADIK10k,0.575000,8.977694,7.916298,6.9660,22.347431
KADIK10k,0.382500,11.274683,10.460908,-6.6466,19.311922
KADIK10k,0.225000,17.993499,17.589249,-35.2658,31.754738
KADIK10k,0.107500,22.702888,21.375305,-50.4918,34.961052
KADIK10k,0.842500,1.446127,-9.896729,73.1850,21.894161
KADIK10k,0.817500,3.302942,-3.237115,46.0132,45.385433
KADIK10k,0.467500,8.500867,5.409728,-7.4406,90.595467
KADIK10k,0.325000,22.385830,11.434300,-60.4736,154.918259
KADIK10k,0.100000,44.226090,19.840931,-75.2877,179.651016
KADIK10k,0.875000,0.911940,-12.016778,83.0938,11.855681
KADIK10k,0.907500,1.980234,-8.413042,69.4821,22.256136
KADIK10k,0.850000,4.439821,-1.744995,41.5935,45.394802
KADIK10k,0.667500,10.999904,8.596871,-11.2790,89.293495
KADIK10k,0.442500,28.910184,16.314648,-62.5535,160.519150
KADIK10k,0.807500,5.971793,2.180390,31.0448,52.889080
KADIK10k,0.932500,2.738936,-6.562603,64.7807,25.937542
KADIK10k,0.875000,0.000000,-18.405979,100.0000,0.000000
KADIK10k,0.867500,3.554674,-4.318295,66.1068,16.754133
KADIK10k,0.800000,7.523403,4.619420,35.1772,33.724258
KADIK10k,0.792500,3.345901,-2.545820,55.6094,14.593720
KADIK10k,0.582500,6.616279,5.052205,21.5390,20.107075
KADIK10k,0.542500,7.749211,5.984214,13.2767,24.270922
KADIK10k,0.192500,13.796543,11.219513,-22.8253,23.414413
KADIK10k,0.092500,22.680838,17.874968,-55.2235,32.292309
KADIK10k,0.842500,6.585599,-3.899776,8.6294,66.742477
KADIK10k,0.917500,11.020437,6.973868,-19.4208,77.190132
KADIK10k,0.807500,12.045799,10.810575,-31.0902,86.292915
KADIK10k,0.792500,13.045578,11.636371,-35.2256,80.825851
KADIK10k,0.657500,15.373431,14.652787,-40.9313,76.366348
KADIK10k,0.742500,9.391418,4.913739,11.1347,25.629110
KADIK10k,0.450000,9.554569,5.011199,10.5697,27.827175
KADIK10k,0.432500,8.365720,3.672756,17.0681,23.098112
KADIK10k,0.467500,9.874938,6.086833,8.2745,31.338512
KADIK10k,0.097500,20.787804,17.434229,-45.0366,49.930984
KADIK10k,0.850000,1.169020,-10.363215,76.0389,8.519414
KADIK10k,0.900000,1.426028,-8.759613,72.1946,16.406176
KADIK10k,0.807500,1.943964,-6.474989,65.3965,22.631166
KADIK10k,0.767500,2.662164,-4.430537,57.8768,22.075396
KADIK10k,0.750000,4.761474,0.366191,39.3275,36.421215
KADIK10k,0.550000,9.430891,8.709553,-19.2628,75.788101
KADIK10k,0.325000,16.361544,18.290535,-47.4583,87.782166
KADIK10k,0.367500,22.223908,20.978098,-54.3741,129.247375
KADIK10k,0.275000,20.419543,21.420454,-50.9262,147.436523
KADIK10k,0.300000,21.827654,24.645058,-56.8509,89.141159
KADIK10k,0.667500,11.064164,7.362878,3.1664,18.757704
KADIK10k,0.367500,20.805099,20.165140,-39.7563,31.186077
KADIK10k,0.225000,28.220926,26.749855,-56.0124,40.039528
KADIK10k,0.100000,42.018658,36.790314,-64.2004,60.547596
KADIK10k,0.032500,55.318799,45.320824,-66.6130,77.459602
KADIK10k,0.667500,18.440754,13.005128,-11.7259,42.041500
KADIK10k,0.710000,12.314234,8.033846,15.3686,28.226778
KADIK10k,0.907500,6.566851,0.449479,48.6108,16.333538
KADIK10k,0.850000,5.191931,2.034063,40.6959,16.195749
KADIK10k,0.667500,14.078469,12.410207,-24.0184,32.110729
KADIK10k,0.942500,0.000000,-18.405979,100.0000,0.000000
KADIK10k,0.825000,0.977253,-10.706175,77.6589,4.012676
KADIK10k,0.375000,4.192763,-3.113015,38.3022,8.295439
KADIK10k,0.142500,9.986030,5.527264,-2.2560,13.862969
KADIK10k,0.050000,22.877627,18.215410,-56.9343,31.103960
KADIK10k,0.642500,2.063944,-6.371879,60.3129,6.658597
KADIK10k,0.357500,5.336932,-1.246097,28.6545,9.087809
KADIK10k,0.125000,12.336853,7.657144,-15.0480,16.976271
KADIK10k,0.107500,17.690377,13.492192,-42.2708,25.567188
KADIK10k,0.050000,22.851296,18.466143,-57.0690,32.049099
KADIK10k,0.925000,0.000000,-18.405979,100.0000,0.000000
KADIK10k,0.792500,1.847524,-7.210002,61.8646,7.513638
KADIK10k,0.407500,3.609223,-3.896996,43.4343,8.503148
KADIK10k,0.232500,6.717229,1.177669,18.4729,13.023247
KADIK10k,0.150000,13.108990,9.276363,-22.1610,21.926287
KADIK10k,0.832500,0.483392,-15.105889,84.4233,3.068832
KADIK10k,0.517500,9.357660,10.230894,-11.0372,38.307243
KADIK10k,0.342500,19.814335,20.238382,-54.2759,60.078892
KADIK10k,0.242500,24.503467,24.629940,-61.0537,64.152992
KADIK10k,0.167500,34.043776,32.059589,-64.2310,110.654655
KADIK10k,0.675000,6.058095,5.133816,32.8422,12.773422
KADIK10k,0.207500,14.051549,15.733870,-15.2845,32.705063
KADIK10k,0.232500,17.063743,19.673964,-28.4508,32.361862
KADIK10k,0.107500,21.863236,23.963646,-44.9841,43.573196
KADIK10k,0.117500,25.042984,26.114656,-55.9837,42.910709
KADIK10k,0.842500,3.992399,0.617180,53.5855,10.933227
KADIK10k,0.857500,5.181489,1.844644,46.3422,11.044624
KADIK10k,0.707500,7.499395,5.283630,29.6567,12.587998
KADIK10k,0.617500,10.734102,9.558615,5.6930,17.933952
KADIK10k,0.432500,16.223786,15.517962,-24.9059,28.586996
KADIK10k,0.425000,6.415452,5.780413,8.0559,44.832108
KADIK10k,0.407500,10.555626,10.071976,-20.3831,61.396053
KADIK10k,0.425000,12.983722,11.772963,-32.1071,69.791191
KADIK10k,0.392500,15.606951,13.326661,-41.8448,78.275444
KADIK10k,0.290000,26.556876,20.254416,-61.4416,98.108536
KADIK10k,0.925000,0.000000,-18.405979,100.0000,0.000000
KADIK10k,0.607500,5.019608,1.959085,25.9310,25.167721
KADIK10k,0.532500,10.236274,12.157063,-16.1579,38.300144
KADIK10k,0.332500,21.891491,23.940039,-57.7263,60.062553
KADIK10k,0.207500,31.556869,34.092808,-64.1854,73.835045
KADIK10k,0.900000,1.434195,-8.909141,74.0305,2.833177
KADIK10k,0.850000,3.634434,-2.462260,50.8195,6.313482
KADIK10k,0.767500,5.279761,0.824908,34.1785,7.790023
KADIK10k,0.182500,11.425783,9.171111,-9.2027,16.817610
KADIK10k,0.057500,21.155415,18.283834,-51.7329,29.748777
KADIK10k,0.817500,2.417114,-4.789042,60.3125,4.527358
KADIK10k,0.775000,2.825008,-3.478746,56.2372,4.633795
KADIK10k,0.717500,3.976315,-1.240437,44.7339,5.237283
KADIK10k,0.217500,13.319986,12.726452,-23.1423,11.850699
KADIK10k,0.057500,20.435257,17.624725,-50.6789,19.159565
KADIK10k,0.657500,2.829388,-0.904352,57.7288,5.556127
KADIK10k,0.642500,4.609076,4.117022,42.1472,7.723997
KADIK10k,0.507500,6.064182,6.569704,31.2387,9.325783
KADIK10k,0.350000,8.530088,9.867409,16.5872,11.509942
KADIK10k,0.325000,12.987494,15.082500,-7.7684,16.964378
KADIK10k,0.832500,1.116761,-8.034672,78.2531,3.155831
KADIK10k,0.567500,3.507459,1.654448,51.6560,6.542396
KADIK10k,0.550000,5.695025,6.214188,34.2287,8.651326
KADIK10k,0.375000,9.079190,10.544715,13.6987,12.867591
KADIK10k,0.300000,11.765783,13.620623,-0.6617,14.329849
KADIK10k,0.607500,2.127317,-4.272709,48.0801,15.764370
KADIK10k,0.457500,4.761734,3.450148,11.4720,18.001299
KADIK10k,0.432500,7.211011,9.482698,-14.0167,22.587708
KADIK10k,0.300000,10.697131,14.736180,-34.3577,30.881174
KADIK10k,0.217500,13.289482,18.510561,-45.1164,31.314352
KADIK10k,0.882500,1.054152,-8.099566,76.1965,4.147390
KADIK10k,0.557500,3.241046,0.480903,49.6977,7.589734
KADIK10k,0.457500,5.152456,5.369032,34.2265,9.654278
KADIK10k,0.350000,8.147632,9.552114,14.1691,12.729708
KADIK10k,0.275000,13.823377,16.016315,-13.7110,18.055050
KADIK10k,0.700000,6.010752,4.279581,30.3230,6.998177
KADIK10k,0.425000,10.606234,11.192413,-1.1605,12.131071
KADIK10k,0.307500,13.942894,15.231613,-19.1047,14.099265
KADIK10k,0.167500,20.048326,20.566162,-43.2652,22.770067
KADIK10k,0.067500,25.862015,24.715149,-55.4467,30.068663
KADIK10k,0.892500,1.555481,-9.768480,71.5073,11.531773
KADIK10k,0.867500,3.582302,-3.477644,41.5406,22.745123
KADIK10k,0.707500,9.260303,3.994501,-14.3770,44.220856
KADIK10k,0.432500,23.286826,12.820222,-62.0468,75.687386
KADIK10k,0.257500,41.629927,16.240959,-71.8277,114.054413
KADIK10k,0.882500,0.734740,-13.300733,85.7560,5.359023
KADIK10k,0.900000,1.661674,-9.125863,69.9596,11.380891
KADIK10k,0.742500,3.908325,-2.088234,34.6134,22.133564
KADIK10k,0.600000,10.825182,5.942802,-34.3775,43.851429
KADIK10k,0.242500,34.885614,16.052668,-67.5242,79.340492
KADIK10k,0.817500,7.263863,4.093466,19.6914,21.345739
KADIK10k,0.907500,2.790465,-6.910707,67.3716,11.123122
KADIK10k,0.967500,0.000000,-18.405979,100.0000,0.000000
KADIK10k,0.892500,3.275062,-5.112192,52.7100,12.439880
KADIK10k,0.657500,7.504691,3.228081,-0.6807,23.490574
KADIK10k,0.832500,2.343793,-7.167950,70.0886,5.809672
KADIK10k,0.725000,4.395796,-0.723311,46.7498,10.506866
KADIK10k,0.507500,7.222034,5.671121,21.0353,11.871634
KADIK10k,0.150000,12.154955,10.026906,-9.4111,18.247477
KADIK10k,0.082500,17.202469,14.682166,-34.9376,28.124153
KADIK10k,0.900000,5.158281,-4.581398,22.1032,54.212925
KADIK10k,0.775000,9.470909,3.631016,-12.3084,62.476223
KADIK10k,0.775000,9.532978,4.987493,-12.5012,83.523155
KADIK10k,0.650000,9.845141,5.702044,-10.8419,83.225548
KADIK10k,0.775000,10.729465,9.627411,-21.9759,93.646858
KADIK10k,0.850000,9.035733,5.461055,12.6795,22.478466
KADIK10k,0.542500,10.850539,7.626182,1.6890,29.362717
KADIK10k,0.507500,9.789782,7.148337,6.5859,30.213812
KADIK10k,0.482500,9.804706,6.280254,8.3069,29.045305
KADIK10k,0.067500,21.728922,17.799406,-48.6755,52.540665
KADIK10k,0.792500,2.304723,-4.039830,58.4581,8.057302
KADIK10k,0.670000,3.450230,-1.402086,45.6099,11.025456
KADIK10k,0.650000,5.445027,4.287990,28.5466,12.358030
KADIK10k,0.592500,7.447740,7.358857,12.2789,16.679964
KADIK10k,0.475000,12.221752,13.331478,-11.3071,22.216528
KADIK10k,0.317500,19.659103,19.265810,-55.2449,172.198563
KADIK10k,0.342500,14.286234,18.769335,-43.1934,69.935455
KADIK10k,0.217500,15.856764,18.579044,-45.2535,55.025635
KADIK10k,0.307500,25.008340,24.915052,-60.3790,138.272903
KADIK10k,0.300000,32.997038,26.841618,-64.2217,136.095245
KADIK10k,0.692500,9.014694,5.341489,-2.2489,17.987982
KADIK10k,0.400000,16.970958,14.495504,-49.8108,30.900751
KADIK10k,0.250000,23.118633,21.720901,-61.6703,40.147697
KADIK10k,0.167500,35.599363,31.862486,-64.2914,59.574139
KADIK10k,0.125000,48.417328,41.175636,-72.8112,77.500183
KADIK10k,0.652500,19.456611,12.675034,-34.4526,22.283024
KADIK10k,0.682500,12.540513,7.048097,-1.1902,16.592567
KADIK10k,0.725000,6.534445,0.583973,40.1166,10.166084
KADIK10k,0.807500,5.200333,0.654639,35.9566,11.758348
KADIK10k,0.607500,14.213556,11.480972,-31.3259,24.549568
KADIK10k,0.900000,0.000000,-18.405979,100.0000,0.000000
KADIK10k,0.867500,1.250190,-10.072713,73.3173,3.393339
KADIK10k,0.457500,5.912652,-0.873883,22.0617,7.382238
KADIK10k,0.175000,15.023307,9.408909,-31.4016,13.640561
KADIK10k,0.042500,33.540208,22.601315,-64.2285,34.115082
KADIK10k,0.667500,2.749435,-4.920567,51.5709,5.579849
KADIK10k,0.407500,7.763762,2.168701,9.5509,8.579139
KADIK10k,0.142500,19.087527,12.810946,-45.1985,17.504368
KADIK10k,0.082500,27.427519,18.972980,-62.4663,27.753012
KADIK10k,0.092500,34.452655,23.929203,-64.2311,34.917770
KADIK10k,0.867500,0.000000,-18.405979,100.0000,0.000000
KADIK10k,0.725000,2.006775,-7.234896,63.2163,4.928355
KADIK10k,0.420000,5.773388,-1.064356,24.5242,8.103486
KADIK10k,0.217500,10.659834,5.763434,-8.4853,13.492928
KADIK10k,0.132500,17.741372,13.253569,-42.7325,21.077036
KADIK10k,0.892500,0.903587,-11.791963,75.6790,2.139221
KADIK10k,0.500000,4.593615,2.327460,34.7143,18.408108
KADIK10k,0.192500,9.716825,14.488467,-1.3173,36.455521
KADIK10k,0.142500,13.561368,20.565052,-21.6479,45.805759
KADIK10k,0.132500,20.791632,29.165979,-49.7043,58.923965
KADIK10k,0.807500,6.377813,5.145571,31.6817,14.058942
KADIK10k,0.317500,12.086981,14.102177,-8.5182,26.794506
KADIK10k,0.207500,17.198021,20.831959,-34.8021,31.925945
KADIK10k,0.167500,20.027304,23.411882,-45.2953,33.880463
KADIK10k,0.157500,21.917617,24.766636,-52.8333,29.552618
KADIK10k,0.832500,2.275694,-4.509283,63.2350,5.918580
KADIK10k,0.842500,3.362897,-1.900632,54.9202,8.366909
KADIK10k,0.817500,4.297761,-0.208334,45.9955,9.816612
KADIK10k,0.657500,5.926785,4.526732,28.4029,11.120641
KADIK10k,0.475000,10.683586,9.955266,0.7233,24.227978
KADIK10k,0.392500,5.055059,0.840462,35.9572,16.398483
KADIK10k,0.332500,8.247612,5.677537,6.5714,21.980639
KADIK10k,0.275000,10.202525,7.290779,-8.1016,24.774515
KADIK10k,0.307500,12.332553,8.884197,-21.7131,27.540377
KADIK10k,0.307500,16.657186,16.183352,-50.7506,30.521856
KADIK10k,0.932500,0.000000,-18.405979,100.0000,0.000000
KADIK10k,0.592500,2.411543,-4.478653,59.3554,13.550870
KADIK10k,0.442500,4.876002,2.457220,35.7159,24.579924
KADIK10k,0.157500,11.212723,14.177649,-9.0899,38.584858
KADIK10k,0.175000,16.191501,22.372438,-33.2041,48.134144
KADIK10k,0.825000,4.075092,-1.419439,41.7815,4.547304
KADIK10k,0.400000,8.857374,6.964165,1.0902,7.919649
KADIK10k,0.342500,11.067440,9.362326,-11.6949,8.245314
KADIK10k,0.142500,20.914065,17.801630,-51.8809,14.827490
KADIK10k,0.057500,33.810984,24.595205,-64.2103,28.788874
KADIK10k,0.857500,2.840305,-3.582813,54.3823,3.989942
KADIK10k,0.850000,3.281757,-2.723082,50.4656,4.148958
KADIK10k,0.825000,4.605932,0.083090,38.7511,4.826026
KADIK10k,0.367500,14.998804,14.525085,-28.4299,9.609694
KADIK10k,0.067500,23.800412,19.871025,-56.2993,13.313849
KADIK10k,0.850000,1.854583,-3.677303,66.7272,3.602992
KADIK10k,0.807500,2.922666,0.018395,53.0719,5.309091
KADIK10k,0.707500,3.858740,3.291703,42.4736,5.992454
KADIK10k,0.582500,5.380452,6.878340,28.1361,7.318946
KADIK10k,0.382500,8.503503,12.031952,2.0213,10.002135
KADIK10k,0.882500,0.824532,-11.077899,82.2454,2.068094
KADIK10k,0.857500,2.297176,-2.069063,60.4683,4.266675
KADIK10k,0.765000,3.638597,2.814058,45.0131,5.566236
KADIK10k,0.507500,5.777249,7.769232,24.5352,7.523238
KADIK10k,0.450000,7.516382,10.692648,9.6211,9.656562
KADIK10k,0.617500,2.336534,-4.357004,18.6532,12.771940
KADIK10k,0.407500,4.747260,3.514861,-28.1475,20.572529
KADIK10k,0.325000,6.642048,8.910246,-44.5257,23.026285
KADIK10k,0.267500,10.273993,14.644766,-61.1054,26.259714
KADIK10k,0.267500,13.122210,18.984945,-63.7452,26.470890
KADIK10k,0.842500,0.473584,-14.619127,87.8146,2.025618
KADIK10k,0.842500,1.231443,-8.124475,74.8441,3.624019
KADIK10k,0.867500,1.783250,-4.256907,65.7576,5.165524
KADIK10k,0.800000,2.718034,-0.831399,54.5305,7.536089
KADIK10k,0.652500,4.725738,6.449229,33.7263,11.627394
KADIK10k,0.625000,8.403113,7.460681,3.1329,6.517727
KADIK10k,0.425000,14.391188,14.345336,-31.2613,9.974051
KADIK10k,0.292500,17.458081,17.152945,-43.9034,11.147918
KADIK10k,0.217500,22.668684,21.649530,-56.7510,15.737250
KADIK10k,0.117500,26.736861,25.409765,-62.2447,21.506054
KADIK10k,0.857500,2.142632,-8.966253,71.2566,7.617683
KADIK10k,0.842500,4.792913,-1.643048,41.5710,15.147996
KADIK10k,0.667500,11.252848,5.405974,-9.8936,30.735731
KADIK10k,0.525000,22.907717,12.037207,-53.9539,53.309807
KADIK10k,0.317500,37.526148,16.530844,-64.2351,80.021614
KADIK10k,0.875000,0.734945,-12.638772,85.4017,3.687053
KADIK10k,0.867500,1.710966,-8.466552,68.6334,7.590996
KADIK10k,0.632500,4.391827,-0.010927,30.2574,14.843124
KADIK10k,0.425000,13.271591,9.767235,-40.2948,28.993900
KADIK10k,0.075000,40.713379,23.209362,-69.8962,52.968975
KADIK10k,0.850000,5.607529,-0.620582,43.9394,17.253202
KADIK10k,0.867500,2.637179,-7.937815,71.5849,8.865870
KADIK10k,0.842500,0.000000,-18.405979,100.0000,0.000000
KADIK10k,0.750000,4.124335,-1.639713,29.4556,9.197363
KADIK10k,0.442500,11.323893,9.574453,-30.5756,17.470085
KADIK10k,0.757500,2.993490,-4.477739,47.2852,6.254818
KADIK10k,0.632500,5.990810,3.095925,7.4748,12.373028
KADIK10k,0.532500,8.611816,6.528704,-4.4551,11.363547
KADIK10k,0.250000,15.928767,12.418056,-35.7308,19.298496
KADIK10k,0.057500,25.693683,19.399902,-60.3863,26.286938
KADIK10k,0.867500,5.193737,-3.116766,17.3922,47.821354
KADIK10k,0.882500,7.484647,-0.109045,-0.5682,63.774719
KADIK10k,0.850000,9.998578,7.815190,-23.2273,59.392490
KADIK10k,0.857500,11.278849,9.297863,-26.6263,71.761589
KADIK10k,0.742500,12.744053,11.411252,-37.5187,64.462891
KADIK10k,0.792500,12.214281,9.385053,-8.9903,22.383774
KADIK10k,0.675000,13.250255,10.736320,-18.8580,23.848442
KADIK10k,0.600000,12.377579,9.904604,-18.7808,24.338200
KADIK10k,0.567500,14.597520,11.736544,-22.0608,31.967144
KADIK10k,0.100000,30.708889,25.249666,-63.6603,49.500465
KADIK10k,0.825000,1.993897,-5.888666,69.6737,4.490344
KADIK10k,0.882500,2.987617,-2.224031,59.0988,5.743333
KADIK10k,0.767500,4.338547,1.088926,47.7250,7.408534
KADIK10k,0.757500,7.607674,6.918093,22.8233,10.985098
KADIK10k,0.792500,7.528946,6.579217,25.8480,14.281338
KADIK10k,0.332500,11.910586,12.540348,-31.5103,57.939785
KADIK10k,0.275000,16.942111,19.632900,-47.4982,78.060173
KADIK10k,0.217500,23.115852,21.960629,-60.5799,97.432457
KADIK10k,0.200000,20.701903,20.790873,-55.7961,94.094772
KADIK10k,0.200000,26.608701,24.213522,-63.2343,94.778641
KADIK10k,0.517500,11.614606,7.382408,-23.4513,19.222111
KADIK10k,0.225000,21.386972,19.359447,-59.5983,32.617836
KADIK10k,0.192500,28.722920,26.874897,-64.1995,42.121803
KADIK10k,0.057500,42.173873,38.840870,-71.0926,58.505650
KADIK10k,0.050000,52.954883,47.272800,-104.0614,75.740242
KADIK10k,0.475000,19.053310,14.158299,-44.6596,19.407030
KADIK10k,0.625000,11.671259,7.264516,-10.4486,13.843571
KADIK10k,0.750000,5.922634,-0.658649,34.9282,7.869431
KADIK10k,0.807500,4.807122,-1.334835,35.5782,8.294259
KADIK10k,0.650000,12.433591,10.812627,-28.2889,17.424913
KADIK10k,0.925000,0.000000,-18.405979,100.0000,0.000000
KADIK10k,0.832500,0.826732,-12.287358,83.0291,2.496432
KADIK10k,0.607500,3.825559,-3.216664,49.8922,6.815444
KADIK10k,0.282500,8.792324,5.121351,13.0149,12.282375
KADIK10k,0.132500,16.610840,14.588406,-36.3275,25.898844
KADIK10k,0.782500,1.743392,-7.811185,68.9101,4.130979
KADIK10k,0.650000,5.018343,-1.368693,40.4211,8.021597
KADIK10k,0.282500,10.468559,6.794849,2.7772,14.713202
KADIK10k,0.142500,13.523179,10.859877,-19.5427,21.011511
KADIK10k,0.157500,16.515367,14.575987,-36.0386,27.143887
KADIK10k,0.867500,0.000000,-18.405979,100.0000,0.000000
KADIK10k,0.817500,1.504617,-8.829600,73.4241,4.876612
KADIK10k,0.567500,3.644489,-3.478254,51.3652,7.620177
KADIK10k,0.475000,5.586084,-0.137994,35.7008,8.538742
KADIK10k,0.292500,9.126883,5.977141,7.7089,18.943983
KADIK10k,0.900000,0.359370,-14.900095,88.7689,0.727474
KADIK10k,0.317500,10.472591,12.335150,-15.1630,34.565540
KADIK10k,0.275000,19.147864,21.673265,-53.1734,43.837852
KADIK10k,0.317500,26.205534,27.870537,-63.1210,48.370197
KADIK10k,0.192500,42.997918,43.262840,-67.9003,84.102966
KADIK10k,0.857500,1.711382,-6.921233,68.0927,7.650791
KADIK10k,0.532500,7.599334,5.126838,25.2051,23.888496
KADIK10k,0.300000,11.859763,14.120254,-4.6644,35.443634
KADIK10k,0.200000,15.810837,19.422503,-27.8586,49.601238
KADIK10k,0.200000,17.743289,20.701607,-33.8857,55.189041
KADIK10k,0.850000,3.130036,-1.714309,49.8390,11.178482
KADIK10k,0.682500,5.496421,3.535908,32.9360,12.655388
KADIK10k,0.717500,6.236584,4.628894,26.8847,13.336626
KADIK10k,0.582500,8.164025,7.345934,13.3204,17.315699
KADIK10k,0.350000,17.277097,16.594774,-32.2226,25.244562
KADIK10k,0.417500,9.697504,8.866670,-20.4545,36.067345
KADIK10k,0.442500,15.675246,12.321795,-49.6568,48.601254
KADIK10k,0.307500,19.082733,13.741159,-58.0940,54.963348
KADIK10k,0.307500,22.818140,15.199213,-62.6141,61.424934
KADIK10k,0.267500,36.085174,22.408680,-65.3269,72.663223
KADIK10k,0.900000,0.000000,-18.405979,100.0000,0.000000
KADIK10k,0.557500,5.811613,5.750965,15.9491,24.696949
KADIK10k,0.467500,12.329116,15.206036,-23.6918,34.303429
KADIK10k,0.292500,21.763266,27.101412,-54.9370,43.361256
KADIK10k,0.192500,38.636753,42.682785,-64.7910,58.048836
KADIK10k,0.857500,0.733792,-13.064124,83.1072,2.371832
KADIK10k,0.842500,1.944851,-6.412300,64.0360,3.830581
KADIK10k,0.875000,2.612875,-3.785408,55.3521,5.069721
KADIK10k,0.657500,7.038589,4.938185,9.4597,7.179021
KADIK10k,0.225000,14.097239,12.533696,-29.9580,12.951365
KADIK10k,0.900000,2.638171,-3.664734,54.9084,3.480496
KADIK10k,0.867500,3.103919,-2.601548,49.2316,3.676996
KADIK10k,0.832500,4.744937,1.105002,32.1573,4.468050
KADIK10k,0.150000,18.606976,15.498603,-51.1076,12.762316
KADIK10k,0.057500,27.178732,20.445818,-61.8717,20.733990
KADIK10k,0.767500,3.382343,0.593636,49.7849,5.392512
KADIK10k,0.600000,5.696727,5.210992,30.1120,7.202315
KADIK10k,0.482500,7.708839,8.212268,16.3166,8.509843
KADIK10k,0.457500,11.043243,12.241844,-3.6242,11.644615
KADIK10k,0.282500,17.520994,19.388470,-32.2849,15.103642
KADIK10k,0.887500,1.276361,-6.936394,74.4497,3.223368
KADIK10k,0.675000,4.318945,3.206602,41.1471,6.276237
KADIK10k,0.550000,7.293318,7.748781,18.7426,9.766317
KADIK10k,0.467500,11.974092,13.335258,-8.1434,11.392133
KADIK10k,0.332500,15.806092,17.392088,-24.8977,13.554688
KADIK10k,0.592500,1.826039,-5.730945,53.3741,15.057007
KADIK10k,0.375000,4.645405,3.345175,16.5548,19.765638
KADIK10k,0.325000,7.413483,9.289966,-6.8889,21.104618
KADIK10k,0.300000,11.407270,14.894829,-31.9165,27.181087
KADIK10k,0.282500,14.672760,18.799740,-45.0891,25.508299
KADIK10k,0.857500,1.209406,-7.460018,74.6614,4.293098
KADIK10k,0.657500,3.957164,2.299393,43.4217,7.455705
KADIK10k,0.525000,6.581525,6.781945,22.6631,8.993625
KADIK10k,0.425000,10.849125,12.124460,-3.6963,12.061702
KADIK10k,0.267500,19.566234,21.861361,-38.3880,17.670998
KADIK10k,0.557500,8.771118,7.137695,0.1802,6.786574
KADIK10k,0.492500,13.757696,13.332471,-29.5211,12.653711
KADIK10k,0.375000,17.076155,16.061638,-42.4376,17.144489
KADIK10k,0.142500,27.008573,24.096302,-62.2505,25.520044
KADIK10k,0.092500,33.973167,28.307816,-64.1990,28.046257
KADIK10k,0.757500,0.923490,-11.609982,73.6357,12.542013
KADIK10k,0.682500,2.167436,-5.620861,46.1060,24.133879
KADIK10k,0.515000,5.877799,0.797586,-7.4710,46.824539
KADIK10k,0.375000,15.757605,2.992300,-59.6766,76.879539
KADIK10k,0.100000,37.993443,4.792231,-72.8777,101.479355
KADIK10k,0.882500,0.403314,-15.552477,88.1903,6.030681
KADIK10k,0.867500,0.991694,-11.232230,73.4420,12.871034
KADIK10k,0.742500,2.347984,-4.923886,43.3506,25.238277
KADIK10k,0.607500,6.702249,1.217894,-21.2588,51.377750
KADIK10k,0.442500,24.331662,4.878959,-64.9237,94.339310
KADIK10k,0.700000,3.947333,-0.860227,35.7398,24.887707
KADIK10k,0.767500,1.585922,-9.046960,69.5840,12.627300
KADIK10k,0.882500,0.000000,-18.405979,100.0000,0.000000
KADIK10k,0.757500,1.897272,-7.815920,64.7865,11.016536
KADIK10k,0.692500,4.454295,1.253294,24.8464,20.537363
KADIK10k,0.850000,0.720678,-13.505657,87.8512,2.311178
KADIK10k,0.900000,1.542047,-10.146607,77.6302,4.019939
KADIK10k,0.607500,3.824366,-2.291079,48.8647,9.633698
KADIK10k,0.300000,8.882968,6.684921,7.2984,16.723948
KADIK10k,0.125000,12.431576,10.185613,-12.8849,22.393913
KADIK10k,0.832500,2.493533,-5.188200,43.3356,21.946396
KADIK10k,0.525000,6.327983,1.038281,11.3320,61.451962
KADIK10k,0.742500,5.974867,1.033778,13.9279,46.890572
KADIK10k,0.332500,8.305663,6.727375,-5.3175,77.154854
KADIK10k,0.442500,7.784011,5.619330,-2.4610,63.166149
KADIK10k,0.792500,6.924912,3.255497,20.4874,23.019144
KADIK10k,0.657500,8.315320,6.267629,7.6503,21.874346
KADIK10k,0.557500,7.415571,5.175188,11.6956,22.377140
KADIK10k,0.475000,7.610480,5.552142,12.5145,19.825920
KADIK10k,0.207500,16.971311,14.601047,-41.6920,56.565136
KADIK10k,0.725000,2.086897,-5.753346,58.9836,10.527602
KADIK10k,0.692500,2.636928,-3.375422,52.4231,10.827690
KADIK10k,0.675000,3.189700,-2.529328,47.2195,11.693834
KADIK10k,0.550000,4.942198,1.693087,33.2233,16.006897
KADIK10k,0.242500,11.822974,12.365649,-7.6642,24.384855
KADIK10k,0.332500,12.417162,13.833648,-26.9243,95.717712
KADIK10k,0.407500,20.780825,20.518072,-59.6775,97.696457
KADIK10k,0.292500,18.095006,17.810850,-45.2104,71.433800
KADIK10k,0.242500,28.124598,25.603161,-63.8830,105.832199
KADIK10k,0.315000,30.096805,24.539667,-64.2234,99.047745
KADIK10k,0.642500,6.670054,5.059813,17.0978,16.607929
KADIK10k,0.475000,14.753232,14.789483,-37.6647,25.485523
KADIK10k,0.317500,22.141857,21.453430,-58.6012,32.804585
KADIK10k,0.207500,39.547958,33.801838,-64.7161,54.945053
KADIK10k,0.057500,60.047850,48.555691,-105.5140,75.489853
KADIK10k,0.500000,14.416792,11.439871,-25.9292,21.088251
KADIK10k,0.707500,9.168534,7.601140,3.6332,15.442156
KADIK10k,0.782500,4.577524,-0.037358,41.6222,9.404112
KADIK10k,0.557500,4.709947,1.379354,34.3683,10.455756
KADIK10k,0.357500,14.106558,10.453852,-35.3170,21.492031
KADIK10k,0.875000,0.000000,-18.405979,100.0000,0.000000
KADIK10k,0.850000,0.532096,-14.120603,87.2963,1.552367
KADIK10k,0.375000,2.430253,-5.974704,64.1153,4.670064
KADIK10k,0.182500,5.784618,0.672950,35.6004,9.959702
KADIK10k,0.092500,13.750468,12.214481,-28.4084,25.803349
KADIK10k,0.675000,1.170558,-10.222147,77.0951,3.069417
KADIK10k,0.450000,3.129384,-4.310070,57.5064,5.592861
KADIK10k,0.167500,7.051226,3.070758,25.4497,12.712797
KADIK10k,0.107500,10.311994,8.051107,-3.5012,20.251623
KADIK10k,0.125000,13.460532,11.883895,-26.7093,26.093374
KADIK10k,0.917500,0.000000,-18.405979,100.0000,0.000000
KADIK10k,0.832500,0.957379,-11.015830,80.0082,3.768590
KADIK10k,0.442500,2.785459,-4.768953,61.1786,5.887755
KADIK10k,0.267500,3.435142,-3.576587,54.3576,8.789586
KADIK10k,0.132500,6.242485,1.998462,27.5475,17.231186
KADIK10k,0.867500,0.661538,-14.228459,83.8064,8.521830
KADIK10k,0.182500,16.083622,16.473042,-40.4786,39.071312
KADIK10k,0.107500,29.595580,22.011860,-63.9945,85.474869
KADIK10k,0.015000,41.783444,24.030312,-67.7338,145.294006
KADIK10k,0.032500,51.125938,30.619835,-104.9255,148.578690
KADIK10k,0.857500,3.262857,-3.523886,52.6150,16.187181
KADIK10k,0.492500,7.848449,5.530123,11.5447,27.647198
KADIK10k,0.125000,10.240487,11.329816,-7.8128,38.353970
KADIK10k,0.200000,9.351817,9.578753,-1.4152,43.320625
KADIK10k,0.157500,16.195828,19.556210,-44.0288,45.291389
KADIK10k,0.682500,2.571569,-2.319394,53.4796,8.766519
KADIK10k,0.765000,3.190298,-0.296550,48.2614,10.226650
KADIK10k,0.692500,4.709091,4.511189,31.1358,15.600041
KADIK10k,0.500000,7.557792,8.102961,3.6364,18.162535
KADIK10k,0.200000,15.758880,19.299206,-37.3609,22.508692
KADIK10k,0.425000,9.194277,7.357021,-18.6870,75.629379
KADIK10k,0.232500,17.533675,12.540076,-53.5781,112.448883
KADIK10k,0.317500,23.025714,15.203946,-62.0095,131.423721
KADIK10k,0.125000,29.234940,18.002920,-64.2072,150.407059
KADIK10k,0.067500,53.163029,30.957912,-105.0206,162.236359
KADIK10k,0.882500,0.000000,-18.405979,100.0000,0.000000
KADIK10k,0.425000,10.902163,11.690437,-12.4247,38.144466
KADIK10k,0.242500,16.355729,16.562666,-40.9958,38.345623
KADIK10k,0.175000,35.827608,25.933964,-64.5407,85.502373
KADIK10k,0.125000,56.281758,33.645786,-156.6140,148.578690
KADIK10k,0.932500,0.473297,-15.000707,87.8504,1.509683
KADIK10k,0.907500,1.273759,-9.350422,73.6022,2.628830
KADIK10k,0.907500,1.972452,-6.167960,63.2644,3.926267
KADIK10k,0.650000,5.386288,2.800834,26.0963,7.437227
KADIK10k,0.175000,11.615314,10.069102,-18.6550,16.515368
KADIK10k,0.775000,2.663461,-3.815156,55.8827,7.861607
KADIK10k,0.717500,3.099844,-2.686017,50.8575,6.132331
KADIK10k,0.717500,4.589580,0.468858,34.7653,8.342721
KADIK10k,0.150000,14.777510,13.651087,-36.1950,15.857314
KADIK10k,0.057500,31.971402,23.770456,-64.2291,26.149570
KADIK10k,0.587500,3.557369,0.518446,50.4387,5.985684
KADIK10k,0.425000,6.022005,4.957848,30.8715,7.513285
KADIK10k,0.400000,8.137937,7.770241,16.7283,9.443283
KADIK10k,0.335000,11.661302,11.546239,-1.8043,10.952730
KADIK10k,0.307500,18.061217,17.948450,-28.3824,14.439200
KADIK10k,0.807500,1.296468,-7.324034,75.2293,3.428182
KADIK10k,0.532500,4.474795,2.989948,42.5594,6.409760
KADIK10k,0.442500,7.605776,7.270993,20.7530,8.552393
KADIK10k,0.350000,12.452791,12.370056,-6.0481,11.315220
KADIK10k,0.265000,15.911255,15.821917,-20.2127,14.665362
KADIK10k,0.682500,1.730836,-5.977770,61.7561,11.118636
KADIK10k,0.500000,3.976686,1.824224,39.6656,14.349977
KADIK10k,0.432500,6.574446,8.279972,24.9406,15.714413
KADIK10k,0.282500,10.223164,13.409918,2.5385,19.203650
KADIK10k,0.250000,13.408029,17.463400,-14.5085,21.415092
KADIK10k,0.775000,2.087053,-2.761350,64.5630,4.039098
KADIK10k,0.442500,7.176909,6.699397,21.7603,7.517763
KADIK10k,0.400000,11.861340,11.767363,-4.8163,10.558036
KADIK10k,0.292500,18.433132,18.315727,-31.4097,13.213710
KADIK10k,0.150000,28.799301,25.528431,-55.2209,18.796581
KADIK10k,0.550000,6.785599,4.767775,15.9001,8.707448
KADIK10k,0.317500,10.605965,9.594620,-11.9429,13.375031
KADIK10k,0.192500,13.673917,13.280685,-27.3552,18.450724
KADIK10k,0.117500,21.833187,19.836123,-52.8733,27.631269
KADIK10k,0.092500,28.413038,24.790846,-61.7777,29.571396
KADIK10k,0.925000,0.949962,-11.674780,78.9156,12.302702
KADIK10k,0.800000,2.435385,-3.962518,54.3422,24.460051
KADIK10k,0.625000,7.213151,5.114365,-0.2438,50.612076
KADIK10k,0.250000,21.002558,11.810362,-59.3353,93.318779
KADIK10k,0.042500,35.518827,15.935107,-64.5900,148.957031
KADIK10k,0.925000,0.500185,-14.908993,87.4349,6.564475
KADIK10k,0.907500,1.180068,-10.415033,74.5690,14.131302
KADIK10k,0.775000,2.920828,-3.069155,47.8623,26.905403
KADIK10k,0.607500,8.221485,6.137046,-5.4588,52.534477
KADIK10k,0.400000,22.389672,9.242348,-61.0218,88.057114
KADIK10k,0.550000,5.725345,5.139709,4.4110,26.746000
KADIK10k,0.825000,1.645576,-7.945495,62.0149,13.561383
KADIK10k,0.875000,0.000000,-18.405979,100.0000,0.000000
KADIK10k,0.857500,1.326930,-10.322299,75.9869,12.754103
KADIK10k,0.750000,3.256833,-3.800259,51.9891,25.605188
KADIK10k,0.857500,0.705997,-13.947715,88.6577,4.225259
KADIK10k,0.875000,1.285345,-11.286606,81.7270,4.978598
KADIK10k,0.625000,2.791902,-5.562256,62.6692,8.008260
KADIK10k,0.232500,5.905212,0.898489,35.0818,13.497577
KADIK10k,0.092500,9.473065,7.587485,6.3932,20.610933
KADIK10k,0.575000,3.404325,-3.779846,42.3768,38.625626
KADIK10k,0.492500,3.724046,-1.523060,30.8095,30.941959
KADIK10k,0.492500,4.937523,-0.177266,19.0312,43.261097
KADIK10k,0.412500,6.495404,3.569281,7.6705,40.811031
KADIK10k,0.457500,7.286671,0.436213,4.4472,57.641201
KADIK10k,0.682500,4.707027,-1.135917,39.0704,20.843557
KADIK10k,0.482500,5.651038,0.710260,31.4252,19.143723
KADIK10k,0.607500,5.106046,-0.060198,32.8955,16.036041
KADIK10k,0.525000,5.515438,0.846898,32.8215,19.289948
KADIK10k,0.132500,11.903752,10.456280,-17.4498,37.161201
KADIK10k,0.742500,2.433639,-3.505260,55.4892,10.272918
KADIK10k,0.625000,3.450228,-0.701497,43.8375,12.194551
KADIK10k,0.650000,4.423459,2.425132,31.3223,14.292325
KADIK10k,0.457500,7.177917,6.555210,6.6266,18.526344
KADIK10k,0.267500,16.140017,14.882306,-38.0420,22.542280
KADIK10k,0.450000,16.458336,14.657817,-48.8193,112.606758
KADIK10k,0.317500,19.418219,18.307550,-57.4545,74.530899
KADIK10k,0.250000,27.485332,21.084915,-63.5996,109.142677
KADIK10k,0.250000,22.379003,20.175579,-49.9782,89.232628
KADIK10k,0.150000,30.640527,25.599243,-63.3231,92.527000
KADIK10k,0.700000,5.441945,2.205470,32.2449,15.480170
KADIK10k,0.457500,12.358290,11.494885,-17.0680,25.687410
KADIK10k,0.275000,18.840031,18.317617,-43.3102,33.844887
KADIK10k,0.200000,34.835401,30.429298,-63.8897,53.105297
KADIK10k,0.067500,56.330467,46.140865,-72.1859,76.476692
KADIK10k,0.467500,10.431182,9.388580,-10.3941,26.158085
KADIK10k,0.757500,6.160981,3.549865,22.5061,18.583149
KADIK10k,0.907500,2.960025,-4.503935,54.6248,10.834239
KADIK10k,0.857500,3.128679,-4.459809,53.9656,11.039473
KADIK10k,0.642500,8.725877,7.400801,-1.7159,21.918447
KADIK10k,0.950000,0.000000,-18.405979,100.0000,0.000000
KADIK10k,0.850000,0.389078,-15.220977,89.3716,1.532854
KADIK10k,0.500000,1.531753,-8.569788,70.6971,4.581501
KADIK10k,0.250000,4.045689,-2.515762,40.6736,10.916756
KADIK10k,0.117500,12.399299,10.822520,-25.7963,29.482782
KADIK10k,0.817500,0.765311,-12.012030,82.0076,2.689702
KADIK10k,0.550000,1.898714,-7.132758,65.2959,5.720478
KADIK10k,0.207500,5.090116,-0.678129,30.0028,14.025508
KADIK10k,0.132500,8.638476,6.275819,-1.3502,23.761314
KADIK10k,0.082500,12.249616,10.605108,-25.4065,31.577894
KADIK10k,0.975000,0.000000,-18.405979,100.0000,0.000000
KADIK10k,0.832500,0.565094,-13.623281,84.9865,2.615592
KADIK10k,0.557500,1.598311,-8.352477,69.4072,6.345748
KADIK10k,0.332500,2.772941,-4.712022,54.4199,10.631490
KADIK10k,0.207500,5.209757,-0.627732,27.3845,19.820166
KADIK10k,0.875000,0.820734,-12.074409,78.6691,7.434284
KADIK10k,0.467500,9.682395,12.740351,-7.8323,34.790386
KADIK10k,0.175000,16.645504,21.178312,-44.1631,56.434425
KADIK10k,0.167500,20.468694,24.845610,-56.5549,53.829777
KADIK10k,0.182500,27.300949,28.771744,-64.0735,74.487823
KADIK10k,0.850000,3.621804,-5.457619,51.1191,19.361637
KADIK10k,0.482500,7.697135,2.356175,13.6142,37.110508
KADIK10k,0.242500,12.056475,12.055187,-18.5334,55.936852
KADIK10k,0.182500,14.388246,15.764518,-31.3960,62.316402
KADIK10k,0.142500,15.821976,18.008965,-38.7263,65.408447
KADIK10k,0.692500,5.386205,5.022233,29.2827,13.455656
KADIK10k,0.700000,5.844620,5.824418,25.3727,15.417081
KADIK10k,0.567500,7.749684,8.384817,13.2067,18.263239
KADIK10k,0.450000,13.173488,15.264557,-17.3699,24.817060
KADIK10k,0.267500,16.384305,19.139107,-36.2157,33.980503
KADIK10k,0.467500,8.702555,6.854849,-9.2077,29.405529
KADIK10k,0.407500,14.071840,11.267375,-41.2554,40.008091
KADIK10k,0.257500,17.243494,13.495997,-52.3244,45.447746
KADIK10k,0.225000,20.632565,15.759680,-59.4338,50.898460
KADIK10k,0.332500,27.234174,23.858889,-64.2291,56.549568
KADIK10k,0.917500,0.000000,-18.405979,100.0000,0.000000
KADIK10k,0.592500,6.047471,3.918484,19.9934,32.261951
KADIK10k,0.517500,10.651446,13.666005,-10.4319,46.415138
KADIK10k,0.282500,19.982889,26.505991,-53.5844,61.682144
KADIK10k,0.150000,29.052152,33.038948,-64.1763,64.641945
KADIK10k,0.875000,0.420246,-15.398490,89.6931,1.478031
KADIK10k,0.932500,0.929787,-11.204950,80.0739,2.407463
KADIK10k,0.907500,1.297185,-9.154656,73.4140,3.373820
KADIK10k,0.632500,4.066040,-0.593951,40.0146,10.328200
KADIK10k,0.142500,10.432923,8.961424,-11.7204,20.227196
KADIK10k,0.892500,2.117981,-5.498928,60.9611,4.468742
KADIK10k,0.825000,2.393610,-4.320980,57.0733,4.826777
KADIK10k,0.707500,3.491788,-1.708345,43.2906,6.310094
KADIK10k,0.125000,12.606310,12.380842,-29.6261,15.780045
KADIK10k,0.050000,25.337509,21.660389,-61.6819,24.876942
KADIK10k,0.617500,4.364243,0.891912,43.9380,6.225364
KADIK10k,0.492500,7.356402,5.628050,22.1662,8.409068
KADIK10k,0.382500,9.754149,8.790126,7.4477,10.336117
KADIK10k,0.380000,13.431256,12.758275,-10.1783,12.543653
KADIK10k,0.292500,19.944608,19.966734,-36.8160,17.091173
KADIK10k,0.857500,1.452105,-7.521246,72.9572,3.513141
KADIK10k,0.625000,4.934079,2.553531,39.2161,6.828640
KADIK10k,0.482500,8.320377,7.270004,16.8112,9.430739
KADIK10k,0.342500,13.077791,12.928198,-8.9669,12.268029
KADIK10k,0.350000,16.607460,16.894722,-23.3676,15.755608
KADIK10k,0.582500,2.791009,-3.256721,28.7336,14.291709
KADIK10k,0.425000,7.123461,7.316787,-19.6370,23.891092
KADIK10k,0.450000,11.225953,12.973863,-43.2609,29.897650
KADIK10k,0.357500,17.092247,19.945415,-59.6918,33.727592
KADIK10k,0.275000,20.694027,24.192284,-63.3084,34.833530
KADIK10k,0.925000,1.035653,-9.510606,77.9289,3.593255
KADIK10k,0.650000,3.353983,-1.344746,51.0822,7.306947
KADIK10k,0.417500,5.627474,3.726858,32.2142,9.725229
KADIK10k,0.400000,9.103605,8.106124,10.6135,12.736236
KADIK10k,0.292500,16.483175,15.998321,-23.6784,21.139563
KADIK10k,0.700000,4.577373,0.318191,34.2535,10.419276
KADIK10k,0.382500,8.624396,7.465061,1.8531,12.677205
KADIK10k,0.257500,12.562998,12.220245,-20.8480,18.767735
KADIK10k,0.157500,21.456970,20.181314,-54.4501,30.557953
KADIK10k,0.132500,28.550637,25.782129,-62.9492,29.772205
KADIK10k,0.917500,1.119357,-11.025533,71.9345,13.877153
KADIK10k,0.817500,2.652895,-4.417016,43.2981,27.714769
KADIK10k,0.682500,6.862364,3.584045,-9.3774,56.605881
KADIK10k,0.382500,16.913392,7.640069,-57.5864,100.130692
KADIK10k,0.157500,38.288940,9.265507,-73.3924,155.041168
KADIK10k,0.907500,0.520115,-14.399042,84.2000,6.830739
KADIK10k,0.917500,1.202516,-10.100514,67.4606,14.187121
KADIK10k,0.867500,2.891411,-3.090067,30.3717,27.476824
KADIK10k,0.675000,8.566831,5.531587,-40.0961,55.199558
KADIK10k,0.367500,31.679652,12.316856,-74.8489,99.570480
KADIK10k,0.850000,4.192599,-0.189489,38.5640,29.118671
KADIK10k,0.875000,1.895145,-8.305057,69.7863,14.561264
KADIK10k,0.950000,0.000000,-18.405979,100.0000,0.000000
KADIK10k,0.882500,2.690735,-5.059111,38.5921,16.605818
KADIK10k,0.782500,6.745188,3.807883,-22.0226,31.537722
KADIK10k,0.925000,1.360556,-11.257079,79.3050,4.013259
KADIK10k,0.857500,2.606372,-6.380396,60.0198,9.142485
KADIK10k,0.792500,3.105055,-4.003448,59.3421,7.029309
KADIK10k,0.217500,5.770096,0.827048,29.3931,17.638012
KADIK10k,0.087500,9.481817,8.023793,-3.5111,30.178400
KADIK10k,0.892500,3.714805,-8.728465,40.8947,69.812004
KADIK10k,0.850000,4.905511,-3.162303,24.5374,48.375458
KADIK10k,0.625000,7.200044,2.969523,4.0609,71.117180
KADIK10k,0.742500,8.785971,3.187112,-1.5860,82.932327
KADIK10k,0.650000,8.544738,5.228661,-6.0649,66.047424
KADIK10k,0.767500,3.487267,-6.203524,54.4313,20.060085
KADIK10k,0.625000,3.619843,-5.568864,51.6812,18.456287
KADIK10k,0.532500,3.481399,-5.811100,54.4166,18.791067
KADIK10k,0.482500,3.527810,-5.615352,52.5389,19.708635
KADIK10k,0.157500,7.681006,1.869793,12.3033,34.669128
KADIK10k,0.407500,3.517039,-0.741817,40.1522,9.898626
KADIK10k,0.482500,5.131733,3.355577,24.8294,12.046764
KADIK10k,0.375000,7.298159,6.500522,6.6006,15.871845
KADIK10k,0.282500,9.637889,9.748520,-9.1662,22.066177
KADIK10k,0.150000,13.891626,13.493346,-32.6875,29.377310
KADIK10k,0.457500,17.088230,13.628519,-51.4142,136.848648
KADIK10k,0.450000,17.791033,19.098761,-40.9015,98.021301
KADIK10k,0.317500,27.974817,21.566133,-63.8439,162.888489
KADIK10k,0.257500,21.246725,22.741417,-57.4793,92.159111
KADIK10k,0.292500,24.960507,25.652472,-62.8013,90.670006
KADIK10k,0.775000,4.980533,-1.639921,38.5418,18.822506
KADIK10k,0.450000,10.107447,8.361919,-2.1030,31.929739
KADIK10k,0.367500,14.355153,13.165808,-26.8419,39.582127
KADIK10k,0.150000,23.874906,23.427906,-55.7408,59.073288
KADIK10k,0.075000,35.562283,32.386662,-64.0673,74.536201
KADIK10k,0.717500,17.823962,11.065376,-46.5651,29.325769
KADIK10k,0.750000,11.512978,7.929383,-14.5597,21.974369
KADIK10k,0.857500,5.862055,1.719219,31.7280,13.315893
KADIK10k,0.882500,5.519497,3.518042,28.2541,15.107574
KADIK10k,0.675000,15.506271,12.212508,-40.2841,31.871788
KADIK10k,0.932500,0.000000,-18.405979,100.0000,0.000000
KADIK10k,0.692500,1.057978,-10.740215,79.2841,2.459466
KADIK10k,0.232500,4.727095,-2.573787,41.8983,6.275829
KADIK10k,0.100000,11.556863,6.815482,-2.9407,11.872382
KADIK10k,0.050000,28.131652,19.645809,-62.3706,26.444893
KADIK10k,0.525000,2.299080,-6.079510,62.8691,4.112484
KADIK10k,0.282500,6.118997,-0.386333,32.0872,7.287157
KADIK10k,0.092500,14.393342,9.433827,-17.4448,14.947609
KADIK10k,0.142500,21.539876,15.469063,-49.9822,22.364489
KADIK10k,0.017500,28.101313,20.200115,-62.3183,27.554039
KADIK10k,0.875000,0.000000,-18.405979,100.0000,0.000000
KADIK10k,0.667500,1.769964,-7.892252,69.1243,3.684757
KADIK10k,0.282500,5.042950,-2.045807,39.1803,7.663934
KADIK10k,0.167500,8.485047,4.083821,14.2419,12.871017
KADIK10k,0.075000,11.859451,7.766808,-8.0487,21.796059
KADIK10k,0.817500,0.824941,-12.375563,78.9514,3.719996
KADIK10k,0.400000,8.624982,12.639814,-7.6019,22.294855
KADIK10k,0.150000,16.745807,21.448368,-47.6616,40.332249
KADIK10k,0.167500,21.231774,24.340073,-57.7718,61.785351
KADIK10k,0.117500,27.732607,29.003393,-63.5788,70.566162
KADIK10k,0.652500,5.514136,3.273433,39.5815,11.121678
KADIK10k,0.200000,10.119746,11.255779,7.6198,19.269245
KADIK10k,0.117500,16.115504,18.843975,-27.4096,24.587967
KADIK10k,0.125000,17.911359,20.686569,-34.5073,26.105726
KADIK10k,0.100000,18.957160,21.592367,-36.0780,32.047333
KADIK10k,0.725000,3.470743,-1.915513,52.8164,9.059918
KADIK10k,0.707500,3.966283,-0.636202,46.0478,12.812327
KADIK10k,0.692500,5.509321,2.813813,33.7308,13.103737
KADIK10k,0.425000,10.042485,10.075278,-0.5829,16.050962
KADIK10k,0.325000,14.478954,14.854849,-27.1618,30.116430
KADIK10k,0.467500,7.186143,6.219581,1.4412,42.777485
KADIK10k,0.432500,12.366557,11.410234,-33.6073,60.764751
KADIK10k,0.317500,15.766867,13.902852,-47.0441,69.986771
KADIK10k,0.267500,19.540743,16.190498,-56.5329,79.233925
KADIK10k,0.325000,34.863599,25.458160,-64.3883,79.622421
KADIK10k,0.842500,0.000000,-18.405979,100.0000,0.000000
KADIK10k,0.525000,5.204925,1.557312,25.6707,15.925914
KADIK10k,0.367500,9.269407,13.065966,-10.5804,24.791847
KADIK10k,0.145000,20.405313,27.551640,-55.8367,42.897060
KADIK10k,0.150000,30.336890,36.444645,-64.1299,67.269325
KADIK10k,0.775000,3.118471,-3.616875,55.8356,6.149703
KADIK10k,0.582500,5.828752,1.423375,32.6342,8.257894
KADIK10k,0.407500,8.004003,5.700128,15.8948,9.973831
KADIK10k,0.192500,14.089340,12.101999,-19.2604,14.301703
KADIK10k,0.042500,25.453602,20.569382,-57.0874,22.962223
KADIK10k,0.732500,2.725939,-3.818501,60.2935,4.717984
KADIK10k,0.842500,3.117946,-3.434998,57.0228,4.868757
KADIK10k,0.667500,4.488295,-0.474574,45.4061,6.646348
KADIK10k,0.232500,13.723500,13.345446,-16.0992,13.146912
KADIK10k,0.057500,23.262165,20.021015,-51.8005,19.454037
KADIK10k,0.825000,1.883900,-3.684174,67.8153,4.455675
KADIK10k,0.582500,2.976458,-0.047072,55.5654,6.356009
KADIK10k,0.500000,3.843448,3.070757,47.1782,7.269214
KADIK10k,0.382500,5.511086,6.819315,33.7361,9.001360
KADIK10k,0.275000,8.532243,11.606784,13.3509,12.308363
KADIK10k,0.917500,0.819319,-10.930395,82.8886,2.549046
KADIK10k,0.692500,2.302263,-2.126288,62.4355,5.241849
KADIK10k,0.457500,3.672824,2.710383,48.6145,6.803623
KADIK10k,0.425000,5.800178,7.599500,31.0910,9.397815
KADIK10k,0.300000,7.602736,10.405635,17.8258,11.975678
KADIK10k,0.742500,1.610872,-7.200914,59.5498,13.964634
KADIK10k,0.392500,3.073845,-0.744465,31.9846,13.975686
KADIK10k,0.457500,4.036780,3.433862,22.4686,17.796223
KADIK10k,0.355000,6.323096,9.985472,-1.9126,26.285749
KADIK10k,0.337500,7.867273,12.697718,-14.1216,25.580276
KADIK10k,0.832500,0.949008,-9.305572,77.9913,3.823967
KADIK10k,0.525000,2.735241,-1.184950,53.6657,7.195075
KADIK10k,0.475000,4.365768,3.930461,37.6398,9.720628
KADIK10k,0.317500,6.838369,8.485242,19.1600,12.864429
KADIK10k,0.157500,11.821170,15.206867,-10.2357,17.281126
KADIK10k,0.592500,6.473369,4.230228,27.3939,6.450998
KADIK10k,0.392500,11.463680,10.978384,-4.6386,10.569713
KADIK10k,0.307500,14.848218,14.725225,-22.7500,13.147753
KADIK10k,0.150000,19.446870,19.849720,-41.7359,18.189724
KADIK10k,0.125000,24.477896,23.748983,-53.6111,21.908161
KADIK10k,0.875000,1.591413,-9.544066,70.9217,8.715770
KADIK10k,0.742500,3.710868,-2.864913,40.0544,16.795671
KADIK10k,0.507500,9.840442,5.538729,-19.2798,33.515011
KADIK10k,0.332500,26.038618,14.876005,-64.0487,58.416672
KADIK10k,0.142500,46.422390,20.229450,-93.9334,84.201103
KADIK10k,0.900000,0.746840,-13.245942,85.5741,4.236462
KADIK10k,0.875000,1.719353,-9.332211,70.2140,8.963737
KADIK10k,0.782500,4.055726,-2.271556,37.2832,17.818752
KADIK10k,0.582500,11.147026,6.571346,-27.4238,36.239010
KADIK10k,0.217500,35.739392,17.499393,-66.1745,69.225662
KADIK10k,0.825000,6.672000,2.827820,22.2948,21.972574
KADIK10k,0.882500,2.772146,-7.078990,65.8363,11.638202
KADIK10k,0.882500,0.000000,-18.405979,100.0000,0.000000
KADIK10k,0.857500,3.340037,-4.186517,61.1351,9.290739
KADIK10k,0.700000,7.660504,4.611192,19.8313,17.743799
KADIK10k,0.792500,1.655434,-9.729746,78.8260,4.266048
KADIK10k,0.707500,4.333124,-0.759658,48.1499,9.848313
KADIK10k,0.607500,6.419381,3.717183,30.8913,10.055470
KADIK10k,0.207500,12.043258,8.843064,-3.5192,14.310894
KADIK10k,0.067500,20.081844,15.772089,-42.0473,23.882963
KADIK10k,0.850000,5.350178,-3.728212,21.4620,60.909271
KADIK10k,0.842500,6.265976,-0.976108,8.6737,60.832180
KADIK10k,0.775000,9.411259,5.959143,-12.2110,66.468269
KADIK10k,0.682500,10.054952,8.255140,-17.7426,72.235725
KADIK10k,0.575000,11.629745,10.547696,-31.4512,66.780891
KADIK10k,0.707500,9.762507,6.940501,6.3583,18.163963
KADIK10k,0.625000,10.989787,8.216875,-3.9478,18.611477
KADIK10k,0.517500,10.145709,7.504869,-0.9278,23.103563
KADIK10k,0.542500,12.023459,9.083601,-3.7415,23.461828
KADIK10k,0.142500,25.333821,21.730150,-56.6233,38.877010
KADIK10k,0.925000,1.034718,-10.438439,78.0639,5.189190
KADIK10k,0.832500,1.485125,-8.302862,70.6570,6.709599
KADIK10k,0.807500,2.220762,-4.900571,61.0367,9.132619
KADIK10k,0.775000,3.183581,-2.112806,51.5053,12.309278
KADIK10k,0.600000,6.763062,6.747852,16.5921,20.925207
KADIK10k,0.347500,9.244554,9.363041,-16.6066,36.505455
KADIK10k,0.332500,11.272296,10.089499,-11.8282,52.108028
KADIK10k,0.292500,21.159176,23.235104,-53.6336,66.391418
KADIK10k,0.257500,25.785563,25.191380,-61.3168,90.909737
KADIK10k,0.207500,26.661648,26.465693,-63.2879,104.422737
KADIK10k,0.517500,10.508663,7.441225,0.9588,16.251760
KADIK10k,0.300000,20.636526,20.860613,-46.1811,28.067297
KADIK10k,0.217500,28.269152,28.270327,-60.5474,38.007957
KADIK10k,0.057500,42.063217,39.959972,-64.3419,59.045307
KADIK10k,0.025000,54.370133,49.497646,-75.8970,83.764282
KADIK10k,0.517500,19.619870,14.066663,-25.8482,21.128635
KADIK10k,0.657500,12.770744,7.997481,4.7953,15.071804
KADIK10k,0.807500,6.645104,0.893789,42.7180,8.825267
KADIK10k,0.775000,5.330677,1.823305,35.7385,9.130575
KADIK10k,0.642500,14.627684,11.770171,-32.9542,18.706753
KADIK10k,0.932500,0.000000,-18.405979,100.0000,0.000000
KADIK10k,0.882500,0.788548,-12.038548,81.5790,2.360489
KADIK10k,0.450000,3.426283,-3.811297,48.4733,6.982897
KADIK10k,0.167500,8.578297,4.878455,8.6059,13.525344
KADIK10k,0.057500,19.933220,17.493816,-50.3960,26.651838
KADIK10k,0.725000,1.658350,-7.977248,67.4594,4.300100
KADIK10k,0.392500,4.383303,-2.480006,39.9946,8.015153
KADIK10k,0.192500,10.744325,7.010483,-4.4944,17.057272
KADIK10k,0.067500,15.754326,12.986549,-34.4705,23.353561
KADIK10k,0.082500,20.107010,18.013754,-50.9895,27.586555
KADIK10k,0.917500,0.000000,-18.405979,100.0000,0.000000
KADIK10k,0.800000,1.575173,-8.182042,67.7441,5.486806
KADIK10k,0.475000,2.873160,-4.739930,52.0751,7.109758
KADIK10k,0.292500,5.702896,-0.485895,31.1188,11.085937
KADIK10k,0.100000,9.491352,6.660771,-1.3005,23.718451
KADIK10k,0.907500,0.820206,-13.284115,81.8646,5.027960
KADIK10k,0.482500,9.048312,11.236524,-4.1895,38.165897
KADIK10k,0.232500,24.715640,26.424406,-60.2337,59.566936
KADIK10k,0.132500,38.459321,31.789591,-64.4760,100.115501
KADIK10k,0.067500,48.441946,36.177540,-82.0445,120.274506
KADIK10k,0.907500,2.799138,-3.768424,58.8920,11.013227
KADIK10k,0.375000,8.725222,8.572677,5.5554,23.254906
KADIK10k,0.182500,13.653274,15.625483,-18.5281,35.528996
KADIK10k,0.157500,15.432659,18.363369,-28.5378,36.378216
KADIK10k,0.207500,15.026145,17.647795,-28.1012,38.218922
KADIK10k,0.657500,3.304659,-0.342115,53.7223,7.062462
KADIK10k,0.707500,3.868264,1.295484,47.8535,8.778090
KADIK10k,0.700000,4.884167,3.309787,41.2979,9.968341
KADIK10k,0.532500,8.807789,8.182947,14.0537,17.531460
KADIK10k,0.257500,17.402127,18.005880,-33.6902,23.631847
KADIK10k,0.567500,12.415842,9.446676,-37.7450,69.974487
KADIK10k,0.317500,21.009756,14.075256,-60.6811,94.646538
KADIK10k,0.307500,25.999144,16.492525,-63.9042,106.392456
KADIK10k,0.332500,31.265656,18.721165,-64.2377,118.160973
KADIK10k,0.207500,46.680296,28.656664,-89.2137,130.377350
KADIK10k,0.932500,0.000000,-18.405979,100.0000,0.000000
KADIK10k,0.507500,5.600378,3.816975,18.8512,32.760189
KADIK10k,0.332500,10.037567,13.080358,-11.3703,38.087479
KADIK10k,0.157500,27.205987,28.616896,-61.6815,58.642399
KADIK10k,0.067500,52.234536,41.839596,-87.8257,120.271339
KADIK10k,0.925000,0.963423,-11.264380,79.2459,2.513180
KADIK10k,0.867500,2.400759,-5.153620,59.3593,5.121117
KADIK10k,0.757500,3.533239,-2.510962,46.7357,6.880019
KADIK10k,0.242500,8.339401,6.112240,5.8853,12.709964
KADIK10k,0.032500,17.973529,16.622240,-44.0243,21.290236
KADIK10k,0.767500,2.580622,-4.222655,58.4399,4.402320
KADIK10k,0.807500,2.948466,-3.092807,53.9835,6.027971
KADIK10k,0.600000,4.266035,-0.029991,39.7444,6.328385
KADIK10k,0.142500,14.185398,13.436737,-32.6032,12.047434
KADIK10k,0.042500,22.622670,19.177740,-58.2100,20.536882
KADIK10k,0.525000,3.297525,-0.571384,52.2690,5.583845
KADIK10k,0.475000,5.504663,4.416288,33.5732,8.064269
KADIK10k,0.457500,7.304536,6.915242,20.7452,8.928839
KADIK10k,0.317500,10.342012,10.551385,3.2323,11.357419
KADIK10k,0.200000,15.801239,16.579546,-23.3298,15.428878
KADIK10k,0.757500,1.262854,-7.813043,75.4620,3.183173
KADIK10k,0.500000,4.144971,2.122058,44.8968,6.610862
KADIK10k,0.400000,6.823962,6.407591,24.2608,8.329725
KADIK10k,0.332500,11.036129,11.423862,0.2091,11.319674
KADIK10k,0.275000,14.097459,14.728493,-16.0019,13.628426
KADIK10k,0.642500,2.172528,-4.712472,44.2632,14.065500
KADIK10k,0.425000,4.971869,3.160358,4.5604,22.623556
KADIK10k,0.325000,7.316164,8.775009,-14.2097,22.275969
KADIK10k,0.292500,11.342077,14.257145,-38.9011,28.653919
KADIK10k,0.242500,13.783631,17.563526,-47.6162,29.531717
KADIK10k,0.875000,1.310288,-7.386156,74.5229,3.660750
KADIK10k,0.550000,4.281683,2.172595,43.3935,7.129153
KADIK10k,0.367500,7.049788,6.471726,23.3061,10.667369
KADIK10k,0.267500,11.144986,11.121915,1.1102,13.321240
KADIK10k,0.217500,19.086835,19.649893,-33.3972,18.400652
KADIK10k,0.650000,5.586623,2.163507,28.9122,6.597677
KADIK10k,0.325000,9.787946,8.972128,-3.5531,10.320635
KADIK10k,0.257500,13.764835,13.743554,-26.3299,16.349724
KADIK10k,0.157500,22.257314,20.952873,-54.4499,23.567709
KADIK10k,0.092500,28.607485,26.317484,-62.4206,32.741314
KADIK10k,0.857500,1.308904,-10.538155,72.8124,12.114276
KADIK10k,0.792500,3.147816,-4.217383,44.1205,24.030279
KADIK10k,0.682500,8.651971,3.678164,-10.4852,46.679993
KADIK10k,0.442500,22.851842,10.417651,-61.3483,82.074478
KADIK10k,0.182500,43.005747,14.014787,-76.8972,125.489822
KADIK10k,0.967500,0.631023,-13.659289,85.7761,5.597894
KADIK10k,0.825000,1.503920,-9.635205,70.5839,11.914876
KADIK10k,0.807500,3.631706,-3.087943,38.7543,22.879351
KADIK10k,0.602500,10.306573,6.492741,-25.4291,45.279896
KADIK10k,0.317500,30.365740,14.371640,-64.3618,87.643425
KADIK10k,0.832500,5.918995,1.341181,36.1086,24.247383
KADIK10k,0.892500,2.458832,-7.584814,68.1534,12.281355
KADIK10k,0.932500,0.000000,-18.405979,100.0000,0.000000
KADIK10k,0.892500,3.027754,-5.149358,56.0553,12.518802
KADIK10k,0.700000,7.633831,4.595929,8.7315,23.756100
KADIK10k,0.907500,1.386994,-10.899590,81.4772,4.024383
KADIK10k,0.807500,2.598980,-6.631360,66.4125,5.361753
KADIK10k,0.607500,5.071757,0.645876,41.1211,9.233922
KADIK10k,0.157500,9.138121,6.625874,10.6836,15.892315
KADIK10k,0.050000,14.999496,12.982492,-26.3727,25.527670
KADIK10k,0.892500,2.752318,-5.955351,44.3205,29.024712
KADIK10k,0.867500,6.106606,0.429565,13.7945,70.397797
KADIK10k,0.857500,8.225934,2.844216,-2.9777,80.032524
KADIK10k,0.807500,8.661909,4.356139,-5.3482,69.643394
KADIK10k,0.742500,10.173202,9.544424,-19.6407,73.221581
KADIK10k,0.567500,6.028157,0.567863,26.8678,21.424141
KADIK10k,0.350000,8.557846,5.298701,9.3046,21.299633
KADIK10k,0.357500,7.979517,5.127999,11.6688,25.297625
KADIK10k,0.317500,8.060720,4.604619,12.4277,24.979315
KADIK10k,0.057500,17.508456,15.131697,-39.8080,46.627560
KADIK10k,0.702500,2.418262,-3.819467,53.9566,7.661923
KADIK10k,0.717500,3.377689,-0.785183,43.2239,11.519467
KADIK10k,0.492500,4.555096,2.928320,28.9883,12.689219
KADIK10k,0.507500,6.338549,5.616300,17.7976,13.606586
KADIK10k,0.275000,9.550049,10.084673,-7.9456,22.516623
KADIK10k,0.482500,11.412067,13.667387,-37.8186,81.496117
KADIK10k,0.257500,15.649227,19.046343,-48.3344,63.453445
KADIK10k,0.392500,21.951176,21.550129,-59.1528,103.618263
KADIK10k,0.242500,22.498318,22.381292,-59.2961,92.690193
KADIK10k,0.307500,26.986757,24.354073,-61.6811,117.382980
KADIK10k,0.667500,7.575215,4.315008,6.2958,17.189945
KADIK10k,0.407500,16.001291,15.755692,-46.1314,27.919140
KADIK10k,0.292500,23.314694,23.574936,-61.9312,37.864700
KADIK10k,0.125000,38.436271,34.553165,-65.4824,57.817314
KADIK10k,0.075000,54.281696,44.482235,-94.4384,78.951569
KADIK10k,0.557500,18.277880,13.444020,-26.8228,23.651644
KADIK10k,0.650000,11.627836,8.835992,4.2182,17.276392
KADIK10k,0.842500,5.887703,0.024428,42.4106,10.286262
KADIK10k,0.832500,5.143937,1.045837,38.6872,11.387742
KADIK10k,0.707500,14.244312,10.987959,-27.3046,23.826935
KADIK10k,0.900000,0.000000,-18.405979,100.0000,0.000000
KADIK10k,0.767500,0.888522,-11.658923,81.4540,2.802536
KADIK10k,0.375000,3.591464,-3.796419,46.6164,7.347631
KADIK10k,0.192500,8.380419,4.580034,7.7195,11.313645
KADIK10k,0.087500,19.522519,16.380699,-53.2672,28.295256
KADIK10k,0.600000,1.826176,-7.331056,66.0944,4.667032
KADIK10k,0.267500,4.566076,-2.407169,37.7812,7.741979
KADIK10k,0.192500,10.460944,6.653712,-5.6641,14.093757
KADIK10k,0.100000,15.322985,12.471363,-37.1196,24.379379
KADIK10k,0.067500,19.636439,16.837355,-53.6530,30.284603
KADIK10k,0.925000,0.000000,-18.405979,100.0000,0.000000
KADIK10k,0.642500,1.479401,-8.891323,71.3474,4.372412
KADIK10k,0.367500,3.762363,-3.570837,45.0231,7.011804
KADIK10k,0.275000,5.391557,-1.244312,31.4180,11.347491
KADIK10k,0.117500,9.434818,6.023342,-1.9571,15.785124
KADIK10k,0.867500,0.650391,-13.045829,81.5149,2.596044
KADIK10k,0.457500,10.379856,12.010452,-6.7568,38.871101
KADIK10k,0.250000,20.415157,20.669909,-49.7491,58.593719
KADIK10k,0.182500,26.191097,24.025946,-61.2197,95.130402
KADIK10k,0.150000,32.807345,28.172951,-64.2171,135.690552
KADIK10k,0.875000,3.186622,-3.454034,53.7660,11.332198
KADIK10k,0.192500,8.452517,7.769866,8.6370,29.188076
KADIK10k,0.242500,11.850921,13.077574,-16.2550,40.545898
KADIK10k,0.257500,13.742498,15.284987,-26.1946,42.832073
KADIK10k,0.150000,16.254349,18.669971,-37.7297,50.334480
KADIK10k,0.792500,4.848845,2.941330,39.0255,14.582587
KADIK10k,0.757500,5.421290,4.265199,34.0599,14.821319
KADIK10k,0.757500,7.519039,6.848136,16.5823,18.061075
KADIK10k,0.500000,11.020595,11.355119,-9.8472,18.460510
KADIK10k,0.225000,19.995395,20.275690,-53.0777,26.380426
KADIK10k,0.550000,7.396027,5.657548,-3.0419,58.457542
KADIK10k,0.382500,12.184058,9.118528,-33.5910,82.771591
KADIK10k,0.375000,15.031899,10.827990,-45.3397,95.336952
KADIK10k,0.400000,18.095397,12.462173,-54.0272,107.729340
KADIK10k,0.257500,27.151375,20.593559,-64.0112,120.984901
KADIK10k,0.882500,0.000000,-18.405979,100.0000,0.000000
KADIK10k,0.607500,5.879997,3.983608,21.8211,31.445299
KADIK10k,0.475000,10.958779,13.768982,-10.8052,38.925911
KADIK10k,0.250000,23.496481,25.223467,-56.8084,59.520966
KADIK10k,0.117500,36.478511,33.352089,-64.2661,119.040237
KADIK10k,0.907500,1.301274,-9.553263,74.4425,2.912704
KADIK10k,0.817500,3.176189,-3.047529,50.4098,4.601179
KADIK10k,0.775000,4.233406,-0.974923,39.2875,6.735682
KADIK10k,0.317500,8.684286,6.752436,2.3872,9.524300
KADIK10k,0.100000,16.968543,15.767037,-41.2466,16.855684
KADIK10k,0.857500,2.740337,-3.622823,55.5009,3.833396
KADIK10k,0.792500,3.128420,-3.012461,51.4979,5.457324
KADIK10k,0.757500,4.589667,0.468322,35.4744,7.092612
KADIK10k,0.157500,16.294344,14.863481,-41.5607,13.832526
KADIK10k,0.040000,26.657558,21.232765,-62.3741,20.858894
KADIK10k,0.742500,3.333999,-0.354564,52.3343,5.715030
KADIK10k,0.475000,5.598764,4.637708,33.0089,7.676346
KADIK10k,0.450000,7.407529,7.230398,20.4090,8.656483
KADIK10k,0.367500,10.476864,11.042811,2.1253,10.757499
KADIK10k,0.282500,16.179413,17.303320,-25.7975,16.116631
KADIK10k,0.882500,1.287418,-7.613565,75.5136,3.222272
KADIK10k,0.550000,4.238509,2.501397,44.0907,6.223353
KADIK10k,0.500000,7.004975,6.888458,23.3539,8.315716
KADIK10k,0.392500,11.244542,11.954649,-1.8770,11.180379
KADIK10k,0.282500,14.360967,15.311129,-16.2183,14.001333
KADIK10k,0.642500,2.627431,-3.846676,26.3488,17.968218
KADIK10k,0.417500,5.919987,5.124068,-22.5458,22.189253
KADIK10k,0.317500,9.157097,11.090734,-44.3848,23.679760
KADIK10k,0.350000,13.779325,17.289103,-59.5159,30.016685
KADIK10k,0.232500,17.317367,21.600000,-63.3756,33.529964
KADIK10k,0.892500,0.970075,-9.886478,78.1339,3.948677
KADIK10k,0.700000,3.076937,-1.361058,52.3903,8.163916
KADIK10k,0.450000,5.168724,3.986795,34.7581,10.973464
KADIK10k,0.407500,8.175348,8.102350,14.2280,13.905500
KADIK10k,0.307500,14.279632,14.751846,-16.5451,19.754280
KADIK10k,0.532500,6.796137,4.949759,17.0852,7.402740
KADIK10k,0.307500,11.695212,10.735465,-16.0380,12.452636
KADIK10k,0.182500,15.687689,15.379181,-35.3257,17.037514
KADIK10k,0.092500,24.197536,21.758404,-57.9148,25.184761
KADIK10k,0.107500,30.918003,27.796257,-63.7188,27.142277
KADIK10k,0.857500,1.530912,-9.967061,70.9553,11.895145
KADIK10k,0.767500,3.523274,-2.979275,41.0394,23.048822
KADIK10k,0.675000,8.772138,3.753928,-11.8361,45.412659
KADIK10k,0.550000,20.234645,9.055551,-58.2232,78.152054
KADIK10k,0.400000,37.439806,9.657573,-65.5019,122.472527
KADIK10k,0.925000,0.623465,-13.905781,85.6882,5.598186
KADIK10k,0.917500,1.513330,-8.849832,68.7754,11.940392
KADIK10k,0.900000,3.807926,0.340193,31.2934,23.046347
KADIK10k,0.582500,11.924947,7.976776,-40.8660,45.588039
KADIK10k,0.092500,43.802094,17.815952,-96.9334,79.507698
KADIK10k,0.807500,4.314327,-0.771228,41.7411,24.726667
KADIK10k,0.900000,1.835388,-8.989160,72.1447,12.735677
KADIK10k,0.920000,0.000000,-18.405979,100.0000,0.000000
KADIK10k,0.817500,2.608044,-5.385005,38.2759,12.738926
KADIK10k,0.617500,7.282656,5.577980,-21.6554,24.623344
KADIK10k,0.825000,1.262864,-11.210967,74.8637,5.330967
KADIK10k,0.807500,1.633843,-9.898125,72.8703,4.424491
KADIK10k,0.532500,4.060170,-1.771526,41.8586,8.626156
KADIK10k,0.217500,7.961984,4.397349,10.8707,13.245268
KADIK10k,0.100000,13.948384,11.740769,-27.0836,20.856838
KADIK10k,0.867500,4.479772,-4.062601,26.4165,38.759129
KADIK10k,0.917500,6.292745,1.339378,4.1151,45.103493
KADIK10k,0.792500,7.461178,3.573089,-7.6121,81.592476
KADIK10k,0.792500,7.845271,2.494489,-7.0648,58.526512
KADIK10k,0.757500,10.195060,9.649834,-23.6933,63.463455
KADIK10k,0.875000,7.006756,2.608010,16.8737,16.917877
KADIK10k,0.725000,6.936498,3.246212,15.5534,18.030361
KADIK10k,0.617500,6.818281,2.732558,13.7335,18.094505
KADIK10k,0.482500,8.504417,6.328122,2.4987,18.885433
KADIK10k,0.117500,16.635999,14.471550,-42.0225,32.916451
KADIK10k,0.775000,2.287240,-4.554884,59.2622,7.928545
KADIK10k,0.632500,3.710887,-0.168369,40.8415,11.321553
KADIK10k,0.525000,6.330109,5.638166,19.7044,18.696953
KADIK10k,0.375000,10.810243,11.581311,-9.1953,19.334139
KADIK10k,0.317500,20.325146,17.414503,-50.2585,22.235533
KADIK10k,0.232500,13.768425,15.783249,-31.3132,44.239742
KADIK10k,0.157500,19.541380,19.554144,-56.4533,92.842735
KADIK10k,0.375000,23.546892,22.539879,-59.4959,119.858513
KADIK10k,0.267500,29.117554,24.773380,-64.0473,99.422890
KADIK10k,0.150000,29.132095,26.178396,-63.8540,123.505898
KADIK10k,0.575000,7.724343,5.357757,1.5599,16.536499
KADIK10k,0.375000,16.105082,16.382263,-48.0548,28.778135
KADIK10k,0.207500,22.864636,23.786245,-61.9652,37.958759
KADIK10k,0.150000,36.847080,35.095047,-65.4874,51.549530
KADIK10k,0.032500,52.269839,45.782749,-111.5951,69.895264
KADIK10k,0.575000,15.512585,11.517271,-40.9208,24.208818
KADIK10k,0.642500,9.799987,7.366734,-8.0763,17.188337
KADIK10k,0.825000,4.913043,-0.967051,36.3918,10.064816
KADIK10k,0.682500,4.612330,0.122437,36.2011,10.567497
KADIK10k,0.457500,12.891675,10.281957,-29.0105,21.417330
KADIK10k,0.882500,0.000000,-18.405979,100.0000,0.000000
KADIK10k,0.717500,1.147268,-10.630067,76.5453,3.230623
KADIK10k,0.350000,5.022058,-2.363583,34.6170,7.976737
KADIK10k,0.167500,12.914979,7.883624,-16.3556,14.390356
KADIK10k,0.042500,33.888641,23.934464,-64.2274,36.457611
KADIK10k,0.532500,2.450431,-5.717866,58.4139,5.662221
KADIK10k,0.250000,6.483638,0.070695,23.8473,9.087967
KADIK10k,0.057500,16.419985,11.176189,-31.7109,19.373173
KADIK10k,0.092500,25.786839,18.998604,-59.7974,31.718010
KADIK10k,0.050000,34.434130,24.870188,-64.2291,39.595592
KADIK10k,0.882500,0.000000,-18.405979,100.0000,0.000000
KADIK10k,0.675000,2.090838,-6.962362,62.9512,5.291728
KADIK10k,0.265000,5.183517,-1.983646,32.6215,9.393538
KADIK10k,0.150000,8.676367,4.331393,10.3232,15.460499
KADIK10k,0.092500,17.629311,13.942468,-40.5905,26.678423
KADIK10k,0.875000,0.792673,-12.245361,77.3595,1.005335
KADIK10k,0.407500,7.201582,9.326863,13.4550,16.981354
KADIK10k,0.182500,12.037866,17.035234,-20.9177,26.202642
KADIK10k,0.132500,14.184930,19.645422,-30.6459,27.839256
KADIK10k,0.075000,17.216406,23.084324,-43.1277,31.838068
KADIK10k,0.500000,8.706101,9.786790,18.6572,19.618855
KADIK10k,0.292500,15.309148,17.487589,-18.1950,31.774506
KADIK10k,0.100000,26.929086,28.847424,-57.2007,44.918598
KADIK10k,0.042500,29.276909,30.451931,-60.7134,45.354153
KADIK10k,0.050000,33.842439,33.040825,-63.7361,47.163113
KADIK10k,0.862500,3.246533,-1.935481,59.8908,6.246115
KADIK10k,0.765000,4.154150,-0.016432,54.4625,9.011956
KADIK10k,0.750000,4.500319,1.003600,49.1350,9.292132
KADIK10k,0.567500,7.003940,5.742667,30.9442,13.683942
KADIK10k,0.340000,11.538588,10.974914,-9.3304,16.980944
KADIK10k,0.350000,3.387275,-1.208425,32.7601,9.946321
KADIK10k,0.217500,5.800548,3.710899,7.8795,13.437357
KADIK10k,0.417500,7.259322,4.969096,-3.9346,15.168921
KADIK10k,0.342500,8.831690,6.328504,-14.7666,16.886799
KADIK10k,0.232500,16.348198,14.974504,-47.5887,22.638401
KADIK10k,0.867500,0.000000,-18.405979,100.0000,0.000000
KADIK10k,0.625000,4.207122,0.259044,32.5114,10.513413
KADIK10k,0.532500,7.333646,7.044305,6.8704,16.747885
KADIK10k,0.387500,11.395773,15.495765,-15.1339,21.758156
KADIK10k,0.150000,13.640594,18.585482,-23.4009,25.278246
KADIK10k,0.782500,3.238036,-3.519331,55.9599,4.718360
KADIK10k,0.517500,6.728935,3.584674,28.1384,8.426419
KADIK10k,0.400000,8.340262,6.499759,16.9265,9.090464
KADIK10k,0.107500,15.906627,14.203768,-25.2129,15.940431
KADIK10k,0.025000,30.313917,23.692764,-62.1355,32.459091
KADIK10k,0.875000,2.440695,-4.818839,62.0862,3.960903
KADIK10k,0.825000,2.770383,-3.820299,59.2592,4.318345
KADIK10k,0.750000,3.906845,-1.630618,49.5787,5.303748
KADIK10k,0.415000,11.849221,11.544761,-5.3500,10.521398
KADIK10k,0.232500,20.142131,18.212912,-40.9554,15.171881
KADIK10k,0.870000,1.594826,-5.230626,74.9189,3.110329
KADIK10k,0.750000,2.433409,-1.414697,65.2843,4.514912
KADIK10k,0.707500,3.105440,1.333437,58.3422,4.929554
KADIK10k,0.517500,4.280151,5.271046,48.0799,6.116109
KADIK10k,0.382500,6.600871,9.649039,30.8678,9.477227
KADIK10k,0.907500,0.726007,-11.995939,86.2115,1.627454
KADIK10k,0.850000,1.864613,-2.922501,71.1657,3.674351
KADIK10k,0.732500,2.916926,0.954636,60.3156,5.168011
KADIK10k,0.582500,4.478883,5.973250,45.7513,6.789606
KADIK10k,0.492500,5.877488,8.630877,35.2458,7.935758
KADIK10k,0.825000,1.482417,-7.443829,63.8123,9.604383
KADIK10k,0.707500,2.736161,-0.975301,44.7360,13.296556
KADIK10k,0.507500,3.563600,3.006741,34.6264,14.616791
KADIK10k,0.432500,5.197868,9.019600,14.9298,24.515739
KADIK10k,0.292500,6.813819,12.280231,-1.1262,20.530691
KADIK10k,0.850000,0.783930,-11.171163,82.7996,2.582525
KADIK10k,0.867500,2.054339,-3.276336,65.1162,5.237038
KADIK10k,0.625000,3.243718,0.617287,53.6469,6.500549
KADIK10k,0.547500,4.861886,6.090980,39.8616,8.435743
KADIK10k,0.367500,8.397871,12.167460,16.1685,11.359769
KADIK10k,0.592500,6.478401,4.835918,31.3761,7.579999
KADIK10k,0.392500,10.662301,10.899351,2.8338,10.054275
KADIK10k,0.300000,13.752204,14.476951,-14.0746,13.149366
KADIK10k,0.217500,19.073769,20.355076,-37.4352,15.933942
KADIK10k,0.175000,23.293262,23.764931,-50.4719,19.645910
KADIK10k,0.825000,1.667460,-9.949168,74.8974,8.185133
KADIK10k,0.800000,3.740393,-4.305039,49.0517,16.011497
KADIK10k,0.575000,9.149510,2.667707,-1.6808,31.003628
KADIK10k,0.275000,21.582679,10.472770,-55.6330,52.690094
KADIK10k,0.142500,39.564641,18.015156,-66.0101,75.071213
KADIK10k,0.900000,0.790461,-12.834541,86.8232,3.932528
KADIK10k,0.900000,1.781100,-9.486446,73.3637,8.317170
KADIK10k,0.832500,4.090685,-3.534823,45.4275,16.389942
KADIK10k,0.725000,10.658515,4.852719,-12.2786,32.913151
KADIK10k,0.375000,31.322874,16.679302,-64.1253,60.650658
KADIK10k,0.857500,6.517878,1.190618,36.4491,16.729338
KADIK10k,0.875000,3.161157,-6.237137,67.4677,9.019790
KADIK10k,0.852500,0.000000,-18.405979,100.0000,0.000000
KADIK10k,0.807500,4.092508,-3.537422,62.7093,8.769366
KADIK10k,0.717500,8.878133,4.992408,25.4057,16.911146
KADIK10k,0.775000,3.048341,-4.696245,62.1672,7.406883
KADIK10k,0.782500,4.513575,-1.605437,47.1321,6.543654
KADIK10k,0.475000,9.210700,7.558700,5.5130,14.253389
KADIK10k,0.117500,16.930366,13.663237,-33.3782,20.189854
KADIK10k,0.050000,24.410622,19.325018,-56.2641,31.650530
KADIK10k,0.842500,6.697599,-3.354332,9.0003,65.611694
KADIK10k,0.750000,8.970984,4.283671,-10.6436,82.240059
KADIK10k,0.792500,10.858645,8.616169,-22.1990,73.888069
KADIK10k,0.592500,12.893457,11.654558,-35.9484,77.961380
KADIK10k,0.482500,14.341380,13.096105,-41.2206,71.385452
KADIK10k,0.550000,11.115762,7.013690,1.5324,23.446697
KADIK10k,0.292500,12.940715,9.458203,-8.3419,29.430754
KADIK10k,0.325000,11.844040,7.533525,-2.4671,32.249130
KADIK10k,0.292500,13.514253,9.900956,-10.1595,28.365606
KADIK10k,0.042500,27.420066,23.570442,-58.3906,61.880753
KADIK10k,0.882500,0.916595,-10.975006,81.8067,4.848188
KADIK10k,0.875000,1.268580,-9.294159,77.7570,6.351092
KADIK10k,0.817500,1.831630,-6.835285,72.4053,7.880029
KADIK10k,0.857500,2.791989,-3.458898,64.2271,9.465806
KADIK10k,0.775000,5.949344,3.906041,48.3711,14.076504
KADIK10k,0.315000,11.312313,14.012280,-23.7724,72.026787
KADIK10k,0.292500,18.334641,20.722523,-54.2956,69.474220
KADIK10k,0.392500,19.825758,21.876921,-60.7217,69.836288
KADIK10k,0.317500,18.188237,18.569609,-54.9986,85.584686
KADIK10k,0.282500,24.142545,23.655926,-62.1262,103.155235
KADIK10k,0.507500,12.124283,6.163442,-3.5488,16.575119
KADIK10k,0.225000,21.364023,16.843960,-43.2296,27.584253
KADIK10k,0.257500,27.596678,22.710480,-56.8842,35.657696
KADIK10k,0.075000,37.630809,31.396677,-64.1042,46.929657
KADIK10k,0.057500,45.522876,37.705544,-64.7225,58.584976
KADIK10k,0.517500,22.374459,14.207210,-23.7064,20.606359
KADIK10k,0.717500,14.941931,8.433052,4.9143,14.632366
KADIK10k,0.837500,7.925194,2.445949,42.2428,8.286008
KADIK10k,0.832500,5.451832,2.206894,33.8092,7.143246
KADIK10k,0.517500,14.937693,13.032033,-34.5776,14.581997
TID2013,0.612699,1.363129,-5.788489,73.8304,3.265363
TID2013,0.618619,2.213183,-2.178309,63.0180,4.380494
TID2013,0.549382,3.649080,2.929765,47.8655,6.283382
TID2013,0.486487,5.836579,7.449224,28.5103,7.958548
TID2013,0.429429,9.364938,12.007040,4.3669,10.759352
TID2013,0.669841,0.777327,-9.250691,83.1861,2.336830
TID2013,0.678679,1.222728,-4.538891,76.5730,3.393629
TID2013,0.598766,2.016733,0.149217,66.2415,4.483410
TID2013,0.523810,3.204235,4.814349,53.5679,5.970558
TID2013,0.484568,5.222916,8.329489,36.0466,8.360745
TID2013,0.530159,3.330869,-1.775885,49.9844,5.972013
TID2013,0.474474,5.466630,4.186234,26.4010,8.499222
TID2013,0.411411,8.675760,10.313211,0.4877,11.985540
TID2013,0.354938,14.081800,17.220669,-30.9030,15.921842
TID2013,0.301588,21.732894,23.876104,-54.8134,27.514950
TID2013,0.663492,0.754423,-7.391375,84.3763,2.775212
TID2013,0.639640,1.164338,-3.550453,78.4813,3.869868
TID2013,0.585586,1.839459,0.614910,69.8143,6.470110
TID2013,0.582582,2.829106,4.340832,58.0245,9.736470
TID2013,0.523810,4.673858,8.020018,36.4226,14.654013
TID2013,0.657658,0.856702,-7.374342,79.6508,3.218950
TID2013,0.633633,1.354795,-2.449214,71.8972,4.280822
TID2013,0.564814,2.963273,3.541883,53.6689,6.928695
TID2013,0.459877,6.621108,9.671800,24.6824,11.563253
TID2013,0.348766,14.707242,19.227009,-23.0337,21.274321
TID2013,0.444444,2.589064,-2.600403,38.6120,16.877851
TID2013,0.432432,3.738730,0.968150,24.8781,17.513548
TID2013,0.414414,5.061183,5.692075,11.0875,19.084044
TID2013,0.387301,7.790538,11.396707,-11.5316,21.763515
TID2013,0.327160,11.695647,16.571657,-34.1808,26.453409
TID2013,0.564814,2.199524,-3.565211,62.9919,5.560222
TID2013,0.527778,3.786140,0.525697,47.0292,10.628257
TID2013,0.444444,7.280876,7.806534,21.6118,12.211035
TID2013,0.358024,10.695954,11.547911,-8.1605,12.296122
TID2013,0.243827,21.449881,19.821882,-49.8186,21.961224
TID2013,0.576577,1.290889,-9.590599,77.9053,4.414849
TID2013,0.496913,2.961073,-4.204559,59.7405,7.701605
TID2013,0.387388,7.051462,1.903239,31.1381,13.069441
TID2013,0.333333,15.119596,10.416730,-9.4881,21.201633
TID2013,0.234568,27.527137,19.708858,-54.6361,31.200058
TID2013,0.675926,1.822399,-5.155872,67.6635,2.789876
TID2013,0.574074,3.078241,-2.690829,53.0177,4.457809
TID2013,0.492063,6.466030,3.982717,21.1826,6.934979
TID2013,0.312312,13.874345,12.558189,-24.1002,11.505437
TID2013,0.171171,30.395529,21.634161,-62.6128,19.958176
TID2013,0.663663,0.999408,-10.761719,77.3171,2.309902
TID2013,0.660661,1.824058,-7.061024,66.0398,3.426705
TID2013,0.546297,4.424305,-0.472871,36.7116,4.687671
TID2013,0.357358,12.323205,11.404466,-23.4117,9.091661
TID2013,0.231231,25.485706,20.246634,-63.1705,17.190420
TID2013,0.657143,1.216425,-9.970679,75.0411,2.446119
TID2013,0.630631,2.165741,-6.473155,62.4097,3.268923
TID2013,0.521604,4.039494,-2.731898,43.5735,5.920805
TID2013,0.408409,11.209328,8.506405,-11.7191,12.696813
TID2013,0.162162,33.485638,22.672070,-64.1381,24.509619
TID2013,0.660661,2.800952,-6.080881,52.7127,9.784822
TID2013,0.651651,3.138219,-5.223939,50.0511,8.978261
TID2013,0.468469,5.370141,-2.044787,31.7744,19.091595
TID2013,0.425926,7.502664,1.152219,23.5198,17.641367
TID2013,0.381381,10.968545,5.974129,7.3787,16.398481
TID2013,0.606607,1.693958,-7.874955,62.2509,6.583802
TID2013,0.434921,5.098242,-0.721432,25.7278,17.738270
TID2013,0.364198,10.195703,8.381621,-15.7660,25.462482
TID2013,0.351852,13.314962,12.173306,-29.3111,20.465906
TID2013,0.345346,11.123764,9.837990,-31.1313,23.908972
TID2013,0.632716,3.365821,-3.978219,33.6072,16.732006
TID2013,0.672672,4.958310,-0.810071,23.1902,23.482370
TID2013,0.639640,9.647933,9.389949,-11.9943,32.107185
TID2013,0.617284,12.647707,12.524370,-38.5693,35.116131
TID2013,0.496732,18.535349,18.626749,-55.0949,47.439186
TID2013,0.314814,11.677850,13.265919,-38.4498,50.174721
TID2013,0.314286,12.807451,13.791195,-39.9013,66.501335
TID2013,0.345346,13.588717,13.873771,-42.1039,79.463181
TID2013,0.398148,13.577524,13.483352,-42.3276,93.410904
TID2013,0.432432,14.098966,13.147020,-33.3131,107.673164
TID2013,0.645062,0.182538,-17.029535,88.4927,4.606885
TID2013,0.672672,0.278959,-16.165457,80.5763,7.931644
TID2013,0.543210,0.990380,-10.170894,55.3945,15.123778
TID2013,0.558642,1.385669,-6.758475,39.4483,25.195955
TID2013,0.466049,3.562671,0.107508,0.8865,29.069317
TID2013,0.594594,1.943839,-8.648614,73.4948,4.829236
TID2013,0.735736,5.205049,-0.488344,48.7983,9.488400
TID2013,0.453453,6.575175,4.727439,21.4013,12.319787
TID2013,0.693693,13.417128,9.778264,-6.7704,20.589504
TID2013,0.330159,20.887130,13.424986,-54.1356,25.250494
TID2013,0.513513,0.995829,-13.703249,78.5061,9.000207
TID2013,0.469136,1.618671,-11.896772,71.1029,12.557191
TID2013,0.419048,2.675770,-8.232859,61.6176,17.058531
TID2013,0.385802,4.294125,-1.184689,51.0005,22.590168
TID2013,0.379630,6.324366,1.586894,38.6286,29.507364
TID2013,0.660493,1.401954,-5.714978,71.8908,3.026036
TID2013,0.608024,2.248883,-2.066875,60.2769,4.313546
TID2013,0.564564,3.560736,2.950387,44.8678,5.312488
TID2013,0.503087,5.788158,7.762220,24.4016,7.203918
TID2013,0.438271,9.137815,12.399700,-0.8673,10.428282
TID2013,0.650793,0.805050,-11.219284,79.1906,2.456296
TID2013,0.648148,1.307545,-8.513259,70.4034,3.229446
TID2013,0.669753,2.352317,-4.403181,56.9415,4.582915
TID2013,0.564814,5.284154,1.478154,30.6605,5.609602
TID2013,0.481481,13.450090,11.773023,-20.1720,11.766004
TID2013,0.633633,1.789734,-7.542440,67.3613,3.867230
TID2013,0.586420,3.023992,-2.664301,51.3231,4.206737
TID2013,0.519520,5.240979,2.694902,28.2653,6.931188
TID2013,0.450793,9.389053,9.116899,-5.8296,11.177779
TID2013,0.339339,16.840619,17.865328,-43.6052,17.786507
TID2013,0.617284,1.874402,-6.195916,66.1415,5.170925
TID2013,0.576577,3.184187,-2.262106,52.2313,8.550723
TID2013,0.478396,6.175961,3.718832,26.6711,18.777815
TID2013,0.351351,10.054469,10.166297,6.9013,18.771824
TID2013,0.243827,19.989825,16.855621,-48.7992,29.476561
TID2013,0.698412,1.047003,-8.158144,78.7684,1.923657
TID2013,0.623457,2.265270,-2.227915,64.1005,3.877400
TID2013,0.641976,3.676159,2.327017,50.6810,6.654351
TID2013,0.533951,6.400063,7.716908,30.3253,10.702618
TID2013,0.267268,23.265980,18.808514,-47.0163,29.025103
TID2013,0.633633,1.514024,-8.433560,71.0767,2.246797
TID2013,0.620370,2.757470,-4.347765,55.7492,3.537011
TID2013,0.567568,5.565634,0.771688,28.0450,6.162319
TID2013,0.342342,13.213330,10.489202,-25.5447,12.114738
TID2013,0.051051,32.980206,24.135305,-64.2171,29.993196
TID2013,0.638096,1.613044,-5.794604,70.0543,3.263738
TID2013,0.593651,2.724274,-1.917455,56.7636,4.263913
TID2013,0.580247,4.688685,3.622466,38.2864,5.929250
TID2013,0.466049,7.915118,8.659021,15.2090,7.937112
TID2013,0.441441,13.017806,14.674574,-12.3437,11.174441
TID2013,0.672840,0.974821,-8.886688,79.5316,2.491262
TID2013,0.672672,1.633486,-4.176389,70.5675,3.481935
TID2013,0.654321,2.792720,0.066179,56.8603,4.896562
TID2013,0.588589,4.727280,5.506567,39.0599,5.972826
TID2013,0.487654,8.023921,10.664119,15.2862,9.174105
TID2013,0.533333,3.958195,0.100230,38.2527,5.987849
TID2013,0.492492,6.701394,5.910435,13.0743,9.641560
TID2013,0.426427,11.323106,12.301793,-18.7895,12.547657
TID2013,0.391976,18.396390,19.261507,-47.6033,16.009684
TID2013,0.324324,28.170204,26.870590,-62.6812,23.684902
TID2013,0.698412,0.997511,-7.834331,79.8504,4.669295
TID2013,0.684684,1.608004,-4.020802,71.5102,6.952047
TID2013,0.577160,2.691795,0.296419,58.6553,9.920163
TID2013,0.526984,4.678190,5.984103,36.1282,15.557989
TID2013,0.476190,8.557846,11.646146,-2.0755,26.913805
TID2013,0.679739,0.965965,-7.410370,78.1903,2.970309
TID2013,0.679012,1.609930,-3.220622,69.1862,3.961872
TID2013,0.603603,3.850416,3.601723,47.0686,6.498305
TID2013,0.486487,9.272010,11.460088,11.1646,10.984689
TID2013,0.379630,21.244450,21.865185,-42.5175,20.812185
TID2013,0.506173,3.407644,-0.174819,27.3867,11.808832
TID2013,0.475309,4.908900,3.317907,3.4885,16.514917
TID2013,0.414414,7.761154,9.103100,-23.5151,20.341152
TID2013,0.387301,12.533485,14.891789,-47.6901,24.108791
TID2013,0.345346,18.748442,21.848042,-62.3870,33.716179
TID2013,0.657143,2.553263,-3.104587,57.2680,4.456132
TID2013,0.620370,4.442176,1.830744,34.9438,7.094694
TID2013,0.418301,7.860830,8.436109,4.5788,8.987580
TID2013,0.417418,11.757209,12.768856,-20.7470,12.703285
TID2013,0.317460,19.692978,18.628147,-46.0699,20.545776
TID2013,0.678679,1.067983,-10.286551,83.9937,4.581415
TID2013,0.574074,2.452508,-4.531516,70.7727,8.040453
TID2013,0.504762,5.690597,1.553492,48.7146,13.314998
TID2013,0.426427,11.691543,9.440372,14.4455,20.200544
TID2013,0.336337,21.144136,17.384485,-32.0838,28.453638
TID2013,0.666667,2.297227,-5.234894,61.5260,3.195674
TID2013,0.612699,3.522135,-2.700317,47.2573,4.424133
TID2013,0.503087,6.223490,2.936353,21.8199,6.469809
TID2013,0.405406,11.208730,9.613701,-11.8609,10.924664
TID2013,0.268519,22.981608,18.640160,-55.2485,18.001053
TID2013,0.666667,1.341683,-8.866577,73.9155,2.689599
TID2013,0.663580,2.312186,-4.933408,61.2635,3.389189
TID2013,0.603603,5.461928,2.609508,27.2979,5.570050
TID2013,0.388889,14.129500,13.404870,-33.7124,13.276373
TID2013,0.301588,22.990797,19.154327,-57.4196,18.270172
TID2013,0.657408,2.816500,-3.897757,55.5371,4.118851
TID2013,0.533951,6.263613,3.253661,21.6909,6.769217
TID2013,0.330330,15.851013,13.661909,-36.4981,16.135662
TID2013,0.213213,32.877659,24.270342,-64.2031,40.286716
TID2013,0.141976,47.084588,31.094822,-72.5356,59.786533
TID2013,0.589507,5.024847,1.495211,34.1659,13.309914
TID2013,0.492492,4.736653,-1.632981,44.4622,10.888585
TID2013,0.342342,12.164662,12.189719,-36.1428,60.470470
TID2013,0.297298,17.124929,14.695388,-46.1291,64.952141
TID2013,0.263492,35.657333,28.922533,-69.9674,123.518616
TID2013,0.496913,4.584757,-0.428372,32.9024,8.156108
TID2013,0.444444,7.253096,5.907310,4.2216,13.335647
TID2013,0.376543,15.641174,14.836612,-42.5437,37.244572
TID2013,0.321321,24.370602,20.374252,-59.3758,27.946712
TID2013,0.401234,20.633222,22.106962,-58.6538,44.988400
TID2013,0.638889,4.574461,-1.604052,25.8027,22.578257
TID2013,0.675676,3.601309,-3.623923,39.8486,24.170389
TID2013,0.568254,6.663844,3.133083,8.0282,26.803370
TID2013,0.590477,8.873532,8.247319,-11.7199,41.166092
TID2013,0.468469,13.227824,13.365206,-37.7022,43.998981
TID2013,0.377778,13.834889,16.771318,-40.6100,68.256485
TID2013,0.402402,16.911579,21.310968,-49.5561,69.043213
TID2013,0.425926,17.105793,21.851389,-52.9887,79.452736
TID2013,0.426427,14.604866,17.818764,-43.6951,95.155380
TID2013,0.466667,18.160337,19.022112,-50.7212,103.742432
TID2013,0.660661,0.226424,-16.852137,88.4654,4.772616
TID2013,0.675926,0.500651,-14.600437,78.6813,8.116662
TID2013,0.591591,1.076036,-9.757827,54.9467,15.515099
TID2013,0.570988,2.484494,-3.207704,31.0115,24.677254
TID2013,0.507508,3.317356,0.490199,2.1878,29.634264
TID2013,0.657408,1.781030,-10.319012,76.6120,7.721479
TID2013,0.631746,4.132859,-1.890648,47.4980,13.199162
TID2013,0.537538,5.874831,3.889817,29.4001,20.074400
TID2013,0.530159,11.019999,11.811900,-6.7030,26.527735
TID2013,0.435186,17.732562,15.107886,-44.6900,42.725643
TID2013,0.663580,0.663933,-13.336143,86.1540,6.395736
TID2013,0.621621,0.947646,-11.838724,81.2334,8.532342
TID2013,0.536508,1.476471,-9.974708,72.8724,12.808420
TID2013,0.546547,2.310603,-5.896008,61.3224,18.077702
TID2013,0.504762,3.580002,-1.239727,47.3022,24.862555
TID2013,0.641976,2.471544,-3.176931,59.2582,4.814049
TID2013,0.603603,4.214424,1.183947,41.7603,6.444654
TID2013,0.537037,6.963121,6.881543,19.3090,8.893869
TID2013,0.469136,11.268131,12.922949,-5.8850,12.002535
TID2013,0.417418,17.640221,20.802313,-34.1658,14.476316
TID2013,0.672672,1.471031,-7.944233,70.1938,3.446456
TID2013,0.685714,3.369093,-2.673583,50.5869,4.940494
TID2013,0.589507,8.771578,6.034159,9.2454,7.981297
TID2013,0.444444,21.776135,19.462860,-48.8851,17.487125
TID2013,0.311729,46.338659,36.205547,-67.8874,35.345753
TID2013,0.663663,2.841667,-3.279028,54.0219,4.159589
TID2013,0.588589,5.116545,2.017111,30.5012,5.914004
TID2013,0.511111,9.343811,8.361893,-2.7003,9.934568
TID2013,0.364198,16.778385,16.956297,-38.0703,13.718218
TID2013,0.262346,27.390553,23.042694,-61.6371,22.027060
TID2013,0.612612,1.952222,-6.286690,64.0103,8.076749
TID2013,0.582582,4.050746,0.240079,36.8225,12.956178
TID2013,0.498412,6.279322,4.877838,15.0699,14.366388
TID2013,0.422840,12.724091,13.523030,-24.2968,24.516361
TID2013,0.246913,41.897579,27.570099,-64.7936,36.266098
TID2013,0.753087,2.717712,-3.764886,57.9218,6.327173
TID2013,0.615616,7.714257,7.503402,10.6848,14.872785
TID2013,0.382716,19.907840,21.055714,-48.4115,31.692392
TID2013,0.240240,37.096020,28.551439,-64.3176,48.676933
TID2013,0.090090,49.315827,32.550690,-79.3893,51.140125
TID2013,0.675676,3.006135,-3.664586,54.2764,3.985953
TID2013,0.546297,6.436076,2.829732,21.9991,7.092221
TID2013,0.333333,14.296402,12.566419,-30.9481,22.689407
TID2013,0.234568,30.548175,23.829321,-64.1042,36.216702
TID2013,0.099099,52.794320,32.432808,-92.4944,57.209072
TID2013,0.641026,2.223695,-3.259328,63.6823,4.428993
TID2013,0.567251,3.714649,0.527393,48.6828,5.409654
TID2013,0.520468,6.337369,5.666384,28.5265,7.662657
TID2013,0.472222,10.483946,11.235062,2.4402,10.041116
TID2013,0.436111,16.219481,17.601652,-24.1663,14.252131
TID2013,0.687134,0.983677,-8.572057,80.3684,2.741266
TID2013,0.698006,1.657801,-3.392763,71.4797,3.383857
TID2013,0.583333,2.740716,0.672596,59.4214,4.810393
TID2013,0.555556,4.616628,5.885439,42.4191,6.601177
TID2013,0.511111,7.916092,10.780798,19.1359,8.798327
TID2013,0.516667,5.300212,2.920254,28.3433,8.690350
TID2013,0.452991,8.895854,8.792636,-0.0106,11.364954
TID2013,0.427778,14.619421,15.577736,-30.2739,15.190668
TID2013,0.364672,22.379116,22.366974,-54.3555,20.404507
TID2013,0.321638,31.721731,30.298702,-63.7320,28.674887
TID2013,0.709402,1.066196,-7.490758,76.0026,5.203083
TID2013,0.628654,1.646024,-3.505531,67.0002,7.034869
TID2013,0.580556,2.489245,-0.345803,54.2918,10.459064
TID2013,0.511111,4.093249,5.197530,32.3257,17.234077
TID2013,0.397222,6.984277,10.102150,-1.6590,27.090166
TID2013,0.722222,1.327346,-5.341293,73.2130,3.792512
TID2013,0.625731,2.212412,-1.509716,62.7196,5.041761
TID2013,0.588889,5.166569,5.392510,38.3298,7.937790
TID2013,0.478632,11.545976,13.622902,0.7198,12.502006
TID2013,0.385964,23.375879,26.899492,-49.5786,22.565510
TID2013,0.535088,3.739945,-0.793598,16.4903,20.181108
TID2013,0.504273,5.520878,4.417355,-0.5492,16.584217
TID2013,0.455556,8.480524,9.888516,-25.0127,21.544950
TID2013,0.416667,12.890065,15.616508,-44.8843,26.961147
TID2013,0.388889,19.111456,23.019896,-59.4607,30.104528
TID2013,0.552707,4.689281,2.321875,33.9312,6.736492
TID2013,0.455556,8.660983,9.255620,-2.7355,11.028088
TID2013,0.427350,14.431764,13.662396,-34.6425,16.906223
TID2013,0.425000,17.124628,17.018612,-37.0449,22.107931
TID2013,0.401709,25.379729,21.555525,-55.7089,44.444168
TID2013,0.704679,0.976103,-10.619823,85.7151,4.683420
TID2013,0.622222,2.190227,-5.745397,75.2957,8.717257
TID2013,0.497076,4.819780,-0.496525,58.9198,14.645377
TID2013,0.416667,9.346017,7.434098,33.1754,22.082813
TID2013,0.327778,16.446239,15.401232,-8.7558,29.835787
TID2013,0.738889,1.655764,-7.406858,71.0307,3.128291
TID2013,0.695157,2.468406,-4.369900,60.6696,4.188488
TID2013,0.608333,4.460709,-0.626173,38.6369,6.211516
TID2013,0.415954,8.721021,7.452558,4.5608,12.408209
TID2013,0.274853,18.607384,16.291506,-45.6861,23.526567
TID2013,0.692982,1.078052,-10.629729,77.8499,3.432372
TID2013,0.629630,1.850756,-6.920352,65.9950,4.046477
TID2013,0.561253,4.345553,-0.337971,36.4051,7.129356
TID2013,0.366667,12.537744,12.067319,-24.5132,12.179960
TID2013,0.276353,23.737716,18.799242,-59.1150,25.300360
TID2013,0.596491,2.680708,-4.397985,57.3011,4.312631
TID2013,0.452991,6.262062,3.175471,21.2445,9.720371
TID2013,0.316239,12.929293,11.507630,-26.3315,18.847788
TID2013,0.202279,25.368293,21.844370,-61.6052,38.863533
TID2013,0.077778,44.589736,31.029209,-69.7553,51.368023
TID2013,0.601140,3.588379,-4.172440,49.9919,11.161141
TID2013,0.453217,4.670456,-3.159804,44.5479,21.466919
TID2013,0.315790,13.417668,13.424211,-40.7554,53.336750
TID2013,0.344444,15.606664,14.331469,-39.0720,64.331955
TID2013,0.266667,27.803701,23.731123,-61.0480,94.626427
TID2013,0.569801,3.288466,-2.925111,49.2565,9.769053
TID2013,0.404559,10.826885,9.239766,-18.3058,18.202295
TID2013,0.436111,11.446021,9.949207,-8.4805,14.156692
TID2013,0.325000,29.773222,23.147764,-63.8801,38.519798
TID2013,0.269006,48.964544,36.817348,-95.9689,67.311295
TID2013,0.564102,4.733357,-2.123132,26.5903,34.207066
TID2013,0.666667,3.079678,-6.346178,48.5158,21.941681
TID2013,0.538889,5.159083,-2.324224,29.1606,33.017426
TID2013,0.495727,7.062048,1.597198,11.1287,41.611389
TID2013,0.388889,10.425489,10.704331,-19.1175,54.662838
TID2013,0.413889,13.646364,16.383167,-40.2228,57.283085
TID2013,0.450000,16.308520,18.727175,-42.7181,69.474304
TID2013,0.447222,16.527211,18.740824,-43.1834,76.372299
TID2013,0.475783,18.467751,19.553944,-44.4353,93.263107
TID2013,0.532763,15.399781,15.284031,-51.3683,120.050400
TID2013,0.757834,0.229377,-16.845016,85.9788,5.896874
TID2013,0.725000,0.890036,-12.101642,71.6377,9.907721
TID2013,0.663889,1.135912,-9.613186,41.7351,19.311697
TID2013,0.675000,4.177075,1.892963,14.6195,29.608721
TID2013,0.558404,4.102594,1.334669,-25.8297,36.846458
TID2013,0.698006,1.896304,-9.051904,73.4838,9.721347
TID2013,0.750000,4.985964,-0.529192,43.2034,15.562377
TID2013,0.577778,6.160325,4.819015,23.2934,25.608324
TID2013,0.730556,12.650365,11.511680,-9.9872,28.285463
TID2013,0.421652,18.668437,13.183046,-51.0046,54.155987
TID2013,0.641026,0.716160,-13.351595,82.7410,10.363901
TID2013,0.635328,1.061988,-11.139201,76.0489,15.032390
TID2013,0.618233,1.625858,-8.826665,66.3946,21.437725
TID2013,0.555556,2.582636,-4.640469,51.7529,30.377523
TID2013,0.517543,4.322951,1.803657,30.4927,42.901119
TID2013,0.612536,2.463653,-3.166768,60.4248,5.633574
TID2013,0.558404,4.150323,1.225797,44.5848,7.336617
TID2013,0.522222,6.755162,6.594131,25.4461,9.331252
TID2013,0.478632,10.892136,12.202591,0.9542,13.087380
TID2013,0.410257,16.841979,18.924990,-25.4994,17.306919
TID2013,0.649123,2.061036,-6.130214,61.9754,4.218879
TID2013,0.606838,4.256751,-0.860938,39.0649,6.396262
TID2013,0.461988,9.553194,7.781233,-1.7948,11.769191
TID2013,0.353277,20.653861,20.306458,-50.4657,24.627678
TID2013,0.313889,38.109329,33.048996,-64.6918,54.130909
TID2013,0.581871,3.056406,-2.651653,52.5122,5.510659
TID2013,0.492878,5.181236,2.458467,31.5820,7.429432
TID2013,0.433049,8.777494,8.021628,5.0226,12.612720
TID2013,0.353277,14.363013,14.704454,-25.4400,16.883438
TID2013,0.233333,23.750182,22.080170,-57.1584,28.070551
TID2013,0.663818,1.758442,-4.853246,65.5178,7.110929
TID2013,0.595441,2.662308,-1.274560,53.6940,11.632380
TID2013,0.581197,4.368969,3.383882,40.0963,15.918693
TID2013,0.484330,12.579813,14.611906,-17.7505,25.931313
TID2013,0.435672,19.149292,21.373857,-42.9679,37.487904
TID2013,0.746439,1.820689,-5.500239,70.9844,7.969959
TID2013,0.649572,4.429842,0.472941,45.4132,16.714647
TID2013,0.433333,12.752778,13.825797,-11.7713,31.364418
TID2013,0.295321,21.562134,21.006510,-52.4912,43.794613
TID2013,0.219444,32.162583,26.555775,-64.2162,50.847565
TID2013,0.638177,2.980154,-4.055622,54.3224,5.474622
TID2013,0.467237,5.899856,0.535853,28.9219,10.103675
TID2013,0.313889,12.364783,10.773697,-22.1811,25.590471
TID2013,0.201754,27.547916,22.775211,-63.2893,45.394199
TID2013,0.046783,46.476186,33.015537,-78.7907,52.262077
TID2013,0.640211,1.761856,-4.365012,67.8514,3.687366
TID2013,0.608466,2.965336,-0.686507,54.2650,4.851213
TID2013,0.547619,5.018743,4.536614,35.7382,6.729068
TID2013,0.474254,8.285266,9.140413,12.6371,8.909236
TID2013,0.444444,13.658553,14.820453,-15.7477,13.084399
TID2013,0.697222,0.923499,-8.209093,80.8206,2.200218
TID2013,0.683761,1.519507,-2.775792,72.6633,3.094466
TID2013,0.631437,2.541424,1.197104,60.8185,4.280338
TID2013,0.589947,4.229113,5.592524,44.4223,5.810716
TID2013,0.504066,7.224372,9.588218,22.8718,8.405524
TID2013,0.531166,4.264708,0.334264,35.3916,6.960126
TID2013,0.468254,7.075068,6.615840,10.3395,9.454004
TID2013,0.433333,11.828664,12.622504,-21.6796,13.932291
TID2013,0.380556,18.999386,19.920216,-48.7746,18.409460
TID2013,0.335979,28.858450,26.928337,-63.1727,29.181915
TID2013,0.680556,1.614104,-4.748509,78.9447,14.358066
TID2013,0.696477,2.605851,-0.518046,71.1895,20.249458
TID2013,0.683333,4.274663,4.989764,60.3031,27.366516
TID2013,0.608466,7.383062,10.157380,40.9234,31.528025
TID2013,0.534391,12.090737,16.204098,8.9005,34.743267
TID2013,0.701058,1.061811,-5.871884,76.4125,3.192519
TID2013,0.655827,1.759451,-1.850532,66.9636,4.209365
TID2013,0.591667,4.128600,4.586597,44.3715,6.755915
TID2013,0.497354,9.650718,11.532198,8.7712,10.963796
TID2013,0.411924,21.336523,19.907333,-43.2901,20.140471
TID2013,0.558201,3.131449,-1.214743,28.7551,14.838084
TID2013,0.506776,5.194777,3.327872,-4.5619,19.615856
TID2013,0.473544,7.535349,8.494830,-24.4045,21.413017
TID2013,0.466124,11.657368,13.513558,-48.3109,27.512600
TID2013,0.383333,17.773513,20.315573,-61.6259,30.339567
TID2013,0.521164,3.438303,-1.316134,44.3372,6.747313
TID2013,0.452778,6.806075,7.139121,6.0133,10.620546
TID2013,0.391534,11.408105,12.664254,-17.7510,13.632518
TID2013,0.349207,19.261108,17.785629,-47.3790,20.476187
TID2013,0.328042,28.020451,24.729734,-62.5778,25.907007
TID2013,0.701058,0.858648,-11.356433,87.0534,4.771757
TID2013,0.658537,1.882901,-6.800127,77.0207,8.195592
TID2013,0.597883,4.184144,-1.871487,60.1056,13.938787
TID2013,0.486111,8.511356,6.515438,32.2795,21.984364
TID2013,0.407408,15.748047,15.151701,-10.0148,31.247337
TID2013,0.708994,2.179786,-5.843267,63.4614,3.858265
TID2013,0.644987,3.320313,-3.142197,49.5330,4.070446
TID2013,0.560976,5.660584,1.668207,25.4466,6.148088
TID2013,0.420054,10.013524,8.571261,-7.3706,9.920726
TID2013,0.277778,19.479212,18.067463,-48.2379,21.139292
TID2013,0.674603,1.133953,-9.820996,76.1707,2.539977
TID2013,0.663957,2.051888,-6.312237,64.6744,3.674897
TID2013,0.563492,5.058188,1.352449,30.5794,6.341653
TID2013,0.362433,13.087429,13.295643,-29.6733,14.651767
TID2013,0.243387,27.338652,21.451679,-63.3195,19.442486
TID2013,0.588889,4.398551,-1.144477,38.1106,5.830728
TID2013,0.444444,9.361404,7.469238,-4.3332,10.108376
TID2013,0.322493,16.915709,15.793419,-37.9018,19.740551
TID2013,0.222222,30.478335,23.878544,-63.8387,40.023388
TID2013,0.097883,47.293940,32.790222,-75.6971,51.628960
TID2013,0.672222,3.027391,-6.590261,58.9546,15.359991
TID2013,0.515873,4.867492,-2.499079,43.8304,20.955696
TID2013,0.436508,10.135700,7.386494,15.1328,23.828848
TID2013,0.322751,18.131418,17.945494,-40.0346,52.407833
TID2013,0.295393,28.535672,24.740808,-59.9495,80.810211
TID2013,0.518519,4.521369,-0.174749,32.3985,8.506802
TID2013,0.427350,10.503669,8.738410,-19.8609,27.288824
TID2013,0.373016,16.054385,14.304381,-44.5955,38.866978
TID2013,0.384823,16.757318,15.136226,-39.2064,49.280785
TID2013,0.264550,39.396921,29.976469,-65.5500,64.037895
TID2013,0.563492,5.533446,-1.649332,18.7448,44.244190
TID2013,0.711640,2.723174,-5.836480,53.3934,18.435980
TID2013,0.666667,4.897923,-1.544953,26.4674,31.906475
TID2013,0.489418,6.177748,1.797238,12.4204,36.111660
TID2013,0.401084,9.811857,10.238205,-13.7651,56.665092
TID2013,0.375661,10.796084,12.366081,-30.0150,44.070377
TID2013,0.378307,12.771725,14.927641,-33.9400,53.376358
TID2013,0.388889,14.809944,16.181856,-40.7423,66.495293
TID2013,0.417344,15.659633,15.749595,-43.9100,85.369728
TID2013,0.450142,16.762565,16.574060,-51.1479,137.543793
TID2013,0.698412,0.189886,-16.874466,87.8192,5.158023
TID2013,0.738096,0.410845,-15.548621,76.8107,8.693303
TID2013,0.677249,1.338358,-7.939360,48.3199,16.833773
TID2013,0.629630,1.825111,-4.756455,30.2660,26.051033
TID2013,0.572650,5.308820,3.175718,-13.6688,31.918030
TID2013,0.666667,1.685536,-10.207582,77.1964,5.305556
TID2013,0.740741,3.782599,-2.905727,55.3307,10.272775
TID2013,0.531166,5.568383,3.808958,31.2314,13.872828
TID2013,0.801588,9.802957,7.605711,6.4162,22.220087
TID2013,0.436111,17.297419,12.758762,-44.3439,29.310158
TID2013,0.601626,1.113192,-10.931890,78.4714,8.995285
TID2013,0.558266,1.696481,-8.048674,70.1353,12.524304
TID2013,0.518519,2.663972,-3.793056,59.3363,17.494429
TID2013,0.470900,4.260176,1.890700,45.7088,24.180155
TID2013,0.436314,6.657873,6.361869,30.6846,31.962893
TID2013,0.605820,1.972900,-3.719788,64.7891,4.597674
TID2013,0.595238,3.308309,0.125086,50.2951,6.241428
TID2013,0.544716,5.482582,5.587190,31.6213,8.265339
TID2013,0.491667,8.871910,10.371279,9.7729,11.619577
TID2013,0.462963,13.985611,16.034414,-16.6130,15.871867
TID2013,0.716931,2.012942,-6.258765,62.8115,4.326381
TID2013,0.580556,5.259327,0.434243,33.0699,6.016015
TID2013,0.465609,13.642008,11.910042,-23.2068,12.658749
TID2013,0.346561,26.767358,24.740135,-61.8595,24.381582
TID2013,0.268292,46.281625,38.319237,-72.6414,54.036770
TID2013,0.571816,3.230386,-2.377534,48.9135,5.214335
TID2013,0.525746,5.619968,3.432562,24.8697,8.653069
TID2013,0.423280,9.436833,8.818721,-5.4492,11.877573
TID2013,0.357723,15.008373,15.823214,-33.5173,20.693871
TID2013,0.222222,27.486519,24.105871,-62.3352,28.266331
TID2013,0.669377,2.040099,-4.593408,61.8054,6.133664
TID2013,0.642857,3.487888,-0.235464,47.0316,7.703107
TID2013,0.492063,6.595234,6.102795,26.6366,13.185801
TID2013,0.457994,10.942262,11.952415,3.1491,19.333803
TID2013,0.322751,34.505025,26.158298,-64.2289,51.346279
TID2013,0.713889,2.843135,-3.078633,57.0495,4.420227
TID2013,0.600529,8.234379,8.344991,17.3231,11.812972
TID2013,0.430894,18.031794,18.179060,-38.0113,24.637842
TID2013,0.327913,25.562787,22.254436,-58.9552,33.397079
TID2013,0.164021,43.962405,32.534649,-71.6584,42.450275
TID2013,0.616402,4.327652,-1.879802,39.8314,5.114354
TID2013,0.417989,8.598570,6.311450,0.1588,15.031341
TID2013,0.287263,16.411914,15.605043,-41.1441,25.143242
TID2013,0.211640,30.578316,23.143467,-64.0202,37.844994
TID2013,0.065041,48.689476,32.170509,-89.0550,50.945431
TID2013,0.613889,1.156491,-7.645675,77.6739,3.585748
TID2013,0.611111,1.826765,-3.488516,68.4533,5.492033
TID2013,0.538461,2.843710,0.001882,57.1747,7.409936
TID2013,0.450142,4.388918,5.149251,42.5044,9.371469
TID2013,0.395664,6.894272,9.773680,23.7015,12.156225
TID2013,0.647697,0.688531,-10.756516,85.0234,2.205688
TID2013,0.631437,1.062607,-6.728761,79.4196,2.776089
TID2013,0.591667,1.614784,-2.044771,71.2596,4.084848
TID2013,0.566396,2.602145,2.199680,60.1637,5.960510
TID2013,0.472934,4.134906,6.710612,45.3319,7.099160
TID2013,0.566396,2.615793,-4.469791,63.4700,6.694734
TID2013,0.498644,4.243123,0.196079,47.8146,9.503270
TID2013,0.408333,6.564889,6.415135,27.3793,12.222516
TID2013,0.341463,10.366992,12.931647,2.9911,20.744219
TID2013,0.263889,15.767839,20.067961,-23.6971,30.073658
TID2013,0.626017,0.704914,-8.969296,84.6124,2.716574
TID2013,0.638889,1.053246,-6.036000,79.3821,3.639993
TID2013,0.619444,1.655657,-1.732813,71.5261,5.547232
TID2013,0.547426,2.589358,2.716537,60.6479,7.809192
TID2013,0.488889,4.278146,6.203659,44.1623,12.740408
TID2013,0.625000,0.759123,-8.975163,80.7021,3.243109
TID2013,0.598916,1.165406,-4.849912,73.6895,4.265066
TID2013,0.522222,2.431570,2.065704,57.6389,6.728100
TID2013,0.423977,5.255256,8.177861,32.2657,11.049505
TID2013,0.324787,11.862175,17.946678,-14.3726,20.508694
TID2013,0.486111,2.497211,-2.729176,35.4195,16.845982
TID2013,0.435898,3.576608,0.701602,22.7716,19.669052
TID2013,0.388889,4.902483,5.519823,4.9166,22.067823
TID2013,0.368563,7.394720,11.101090,-18.7494,26.572737
TID2013,0.279202,11.303875,17.139349,-41.1240,29.053476
TID2013,0.586111,1.578788,-7.113698,73.2989,4.611949
TID2013,0.585366,2.936059,-2.298485,58.6209,8.052127
TID2013,0.504273,5.494938,4.256233,38.5558,11.321388
TID2013,0.450142,10.465364,12.942426,1.6162,19.354679
TID2013,0.349593,17.076600,20.294556,-28.5699,26.450602
TID2013,0.600000,1.065939,-10.891785,76.3850,4.319397
TID2013,0.518519,2.252956,-6.385412,58.6957,7.565311
TID2013,0.406504,5.091977,-1.635801,29.5487,14.000877
TID2013,0.308943,11.451252,7.203818,-13.3683,23.218742
TID2013,0.138889,23.263539,17.619051,-56.8515,33.446461
TID2013,0.647222,1.481640,-7.751816,75.1359,2.677486
TID2013,0.647222,2.333998,-4.305678,65.0150,4.107394
TID2013,0.591667,4.727591,-0.038406,41.2309,7.066354
TID2013,0.388889,10.940549,9.641478,-8.8774,12.466260
TID2013,0.151761,26.687286,21.189022,-61.6456,21.425022
TID2013,0.636857,1.029439,-10.840412,78.0156,2.313725
TID2013,0.572650,1.781172,-7.568956,69.0233,3.883676
TID2013,0.523036,4.045859,-1.397780,47.3447,5.690271
TID2013,0.382113,11.053389,10.838627,-1.2796,11.575782
TID2013,0.208672,20.714091,19.388149,-45.0847,22.771826
TID2013,0.639567,1.106730,-10.923520,78.5305,2.924327
TID2013,0.600000,1.906923,-7.801180,68.4827,3.689771
TID2013,0.500000,3.293479,-4.100135,53.2274,5.148919
TID2013,0.407408,6.899686,3.377724,22.7070,9.089361
TID2013,0.250000,16.501245,15.103299,-31.3051,18.101763
TID2013,0.631437,2.631551,-7.097037,54.7335,20.308578
TID2013,0.641667,3.239251,-5.286258,46.2653,20.153893
TID2013,0.594444,4.366505,-3.663060,35.2344,20.845375
TID2013,0.422222,12.652234,13.826066,-32.8650,49.671608
TID2013,0.302778,9.595389,3.090209,1.7532,25.091679
TID2013,0.607046,2.177841,-6.068589,63.7401,6.649674
TID2013,0.544716,4.069202,-0.902536,53.5279,8.527044
TID2013,0.386111,4.681042,-0.900695,36.2828,14.756795
TID2013,0.330623,13.451703,12.488092,-25.5275,27.454624
TID2013,0.219298,18.434882,17.245211,-38.9059,27.267168
TID2013,0.658537,3.450547,-6.069033,44.0574,31.794266
TID2013,0.615177,4.830391,-6.217253,35.1886,28.304564
TID2013,0.623307,9.574991,6.143193,-5.9199,42.530079
TID2013,0.580556,14.086003,12.990541,-32.4242,54.602715
TID2013,0.479674,21.753845,21.075630,-56.0005,71.916626
TID2013,0.338889,12.704375,14.727815,-42.6184,62.376110
TID2013,0.344444,15.367863,18.669376,-49.6860,69.084122
TID2013,0.368563,16.447688,19.980225,-51.3512,77.752769
TID2013,0.433333,15.729365,17.749737,-53.4229,84.637764
TID2013,0.427350,13.427328,14.089005,-26.3669,102.447227
TID2013,0.683333,0.288035,-16.419447,86.0831,5.019777
TID2013,0.661111,0.713423,-12.898412,73.4950,8.460818
TID2013,0.620597,1.680173,-6.934511,45.7544,16.410748
TID2013,0.566396,3.058651,-1.718122,22.0482,25.362043
TID2013,0.472222,7.423737,6.064031,-16.1928,31.354830
TID2013,0.588889,2.287590,-7.151042,67.5174,7.435410
TID2013,0.758808,6.976134,1.834018,38.7064,12.754317
TID2013,0.447222,7.622073,5.651936,6.3245,19.291859
TID2013,0.728998,15.947190,13.854242,-13.7085,25.207949
TID2013,0.311111,24.154332,17.030598,-62.7861,41.031151
TID2013,0.530556,1.257450,-11.038268,70.3972,9.813152
TID2013,0.467237,1.997983,-8.676006,58.0148,13.917619
TID2013,0.415954,3.335238,-3.768103,39.7812,19.167702
TID2013,0.393162,5.855121,4.205003,12.8178,25.447168
TID2013,0.350000,10.497411,5.334911,-23.5469,33.259174
TID2013,0.575000,1.289675,-7.393778,72.9075,5.566875
TID2013,0.533876,1.965502,-3.788826,63.4321,6.869911
TID2013,0.469444,3.004413,-0.068943,51.5227,8.423638
TID2013,0.405556,4.624242,5.481954,38.1234,11.440249
TID2013,0.373983,7.184567,10.530340,19.3695,17.162687
TID2013,0.631437,0.792509,-11.810257,80.4138,2.837173
TID2013,0.617887,1.312300,-9.428906,73.0363,3.635733
TID2013,0.558266,2.267319,-5.721639,62.1408,5.488498
TID2013,0.497222,4.367400,-1.130080,42.5768,6.411454
TID2013,0.364672,9.455023,8.161954,10.2213,10.769683
TID2013,0.622222,1.582342,-9.015326,72.9349,3.844448
TID2013,0.547222,2.674692,-4.567837,60.7428,5.454766
TID2013,0.485094,4.508396,0.249617,43.3336,7.920655
TID2013,0.372222,7.699228,7.039057,16.8619,11.321620
TID2013,0.275000,14.929195,15.860595,-26.3809,19.772350
TID2013,0.586111,1.138830,-8.194199,75.1119,5.549529
TID2013,0.583333,1.770677,-4.518742,64.1821,8.427856
TID2013,0.528456,3.162282,-0.280692,50.4290,12.270267
TID2013,0.455556,7.023424,7.959944,16.3827,18.990499
TID2013,0.352303,11.733481,13.215261,-11.5836,27.394468
TID2013,0.636857,1.008464,-8.682237,80.9198,1.856664
TID2013,0.619444,2.020954,-3.688086,70.3700,3.499102
TID2013,0.626017,3.078239,-0.413711,61.7676,5.350608
TID2013,0.639567,4.257418,2.945892,53.1355,7.138420
TID2013,0.604336,6.476049,7.239199,36.9739,9.739982
TID2013,0.613889,1.305683,-9.974370,75.9802,2.923048
TID2013,0.623307,2.236790,-6.421766,64.4661,3.907094
TID2013,0.577778,3.930968,-2.893711,46.6619,5.666461
TID2013,0.439024,7.334846,3.709425,16.9219,9.030035
TID2013,0.289973,15.202509,13.211720,-29.5852,15.930866
TID2013,0.639640,1.549605,-5.545189,72.0067,4.230841
TID2013,0.574074,2.516477,-1.887944,60.4611,5.669244
TID2013,0.558559,4.212095,3.705277,44.0685,8.475675
TID2013,0.479366,6.783304,8.055350,25.3360,10.451732
TID2013,0.401234,10.758471,13.247087,0.7749,16.006077
TID2013,0.684684,0.802163,-9.762817,83.8976,2.861413
TID2013,0.642642,1.250291,-5.208195,77.5054,3.994684
TID2013,0.606607,2.044177,-0.483018,68.1226,5.613187
TID2013,0.537037,3.337052,4.567727,54.5209,8.098210
TID2013,0.487654,5.441033,8.375679,37.0681,11.309210
TID2013,0.509259,3.616154,-0.801666,45.4111,6.119336
TID2013,0.450793,6.052652,5.762008,23.0575,8.466998
TID2013,0.385802,10.073148,11.604299,-6.8118,13.084714
TID2013,0.327328,15.710895,18.662069,-33.8426,16.702414
TID2013,0.277778,24.154808,25.355177,-56.0376,26.070501
TID2013,0.648148,0.884053,-7.528261,83.3167,3.225215
TID2013,0.651234,1.259823,-4.258134,77.6798,4.199933
TID2013,0.632716,1.897808,-0.414621,69.3639,5.579229
TID2013,0.564564,2.958421,4.306293,56.6356,8.454256
TID2013,0.509259,4.498643,7.520042,40.4548,12.404747
TID2013,0.657658,0.977523,-7.071409,78.1712,3.880044
TID2013,0.634921,1.561288,-2.439957,69.9896,5.418993
TID2013,0.552552,3.438835,3.700282,50.9944,9.301130
TID2013,0.447619,7.608991,10.498466,21.7563,15.882731
TID2013,0.327328,16.569491,21.138441,-24.1887,26.754210
TID2013,0.512346,2.412767,-2.660580,52.8876,10.054965
TID2013,0.487654,5.165835,2.589294,35.6287,14.122292
TID2013,0.419753,7.868098,8.990439,18.8514,15.961617
TID2013,0.391976,11.194190,13.810640,-3.6037,18.724106
TID2013,0.339339,15.952883,20.367062,-28.0387,25.815838
TID2013,0.591591,3.073977,-0.689682,53.2935,12.642297
TID2013,0.568254,4.925416,4.362356,35.9667,19.586239
TID2013,0.489490,8.276299,9.729782,12.4474,12.938560
TID2013,0.349207,13.074266,14.088371,-12.4103,16.816475
TID2013,0.298412,19.163200,18.054022,-44.1672,48.581459
TID2013,0.576577,1.971954,-6.526040,78.2553,11.552572
TID2013,0.509259,4.475826,-1.100456,60.3441,20.781668
TID2013,0.387301,9.569904,6.912721,31.2458,36.799892
TID2013,0.300300,18.037845,13.329809,-10.2783,60.317005
TID2013,0.228228,30.125404,20.559505,-54.0213,90.573112
TID2013,0.672672,1.998354,-5.116991,67.1057,4.580591
TID2013,0.651651,3.240998,-2.348172,52.9093,6.839442
TID2013,0.540540,6.682033,5.119435,21.2058,12.541944
TID2013,0.333333,13.879346,12.946007,-23.6357,24.233784
TID2013,0.184127,28.795981,21.304865,-62.5844,48.806698
TID2013,0.648649,1.025787,-10.787473,77.9331,2.493129
TID2013,0.625397,1.856674,-6.889279,66.8437,4.026314
TID2013,0.603174,4.491983,-0.089614,38.6643,5.797388
TID2013,0.351351,13.508083,12.445636,-24.9273,10.134855
TID2013,0.197531,26.957428,19.726122,-62.2304,17.897490
TID2013,0.615616,1.413312,-9.226265,73.9599,2.862138
TID2013,0.577160,2.651668,-5.093613,59.6906,3.534277
TID2013,0.500000,4.868972,-0.448520,37.0701,5.857598
TID2013,0.342342,12.162438,9.891824,-17.1844,10.786105
TID2013,0.084084,33.001208,24.317766,-64.2214,37.406334
TID2013,0.651234,2.923046,-5.870005,54.6506,16.916140
TID2013,0.527778,4.000405,-3.734052,45.5577,16.933146
TID2013,0.483483,4.967233,-2.366151,38.3736,16.924528
TID2013,0.403174,6.972150,0.365587,24.5863,17.642056
TID2013,0.426427,14.742006,12.592790,-31.6711,56.302959
TID2013,0.519520,2.752366,-3.524199,54.3725,8.026133
TID2013,0.536508,2.812661,-4.980902,55.4287,5.811703
TID2013,0.463492,7.203347,5.203695,9.9133,16.198347
TID2013,0.354938,17.761911,15.624403,-45.2743,21.671230
TID2013,0.300300,19.658888,18.142815,-47.3331,35.074444
TID2013,0.666667,3.188454,-5.193012,40.0661,33.152607
TID2013,0.666667,4.246904,-2.713289,30.8291,26.233118
TID2013,0.530159,8.552174,5.685609,-10.4972,39.755733
TID2013,0.481481,12.061666,10.966799,-34.0683,57.543411
TID2013,0.478396,18.769777,19.246422,-57.1223,70.379547
TID2013,0.402402,13.019223,14.880591,-41.5215,66.942825
TID2013,0.369369,14.858493,16.697437,-45.8983,76.397087
TID2013,0.416667,12.966090,11.982657,-39.0839,93.745766
TID2013,0.489490,12.569354,11.279050,-35.1187,120.762062
TID2013,0.537037,12.900275,10.575571,-35.1186,170.988937
TID2013,0.618619,0.193281,-17.116194,89.4655,6.639896
TID2013,0.694444,1.200454,-9.210773,70.3146,7.454810
TID2013,0.564814,0.954875,-10.924955,57.8764,22.750536
TID2013,0.648649,4.464908,2.851707,20.4098,22.530832
TID2013,0.459877,3.190352,-0.624828,3.2467,47.384945
TID2013,0.617284,1.987390,-8.806603,72.1542,14.332501
TID2013,0.675676,5.702089,2.383602,38.9414,12.955643
TID2013,0.450618,6.645253,5.076107,18.7409,38.396263
TID2013,0.648649,13.544243,11.104095,-13.0684,24.997581
TID2013,0.375376,20.484535,13.217326,-55.1782,81.042725
TID2013,0.577778,0.574619,-14.076190,80.0696,9.977270
TID2013,0.484568,0.964432,-11.936570,73.1219,14.513420
TID2013,0.432099,1.732530,-9.433625,63.2378,20.694847
TID2013,0.414414,3.184327,-4.306458,49.5621,29.304255
TID2013,0.420420,5.789181,1.986373,31.6181,41.904781
TID2013,0.592592,2.155483,-3.518838,62.5202,7.939816
TID2013,0.585586,3.505355,0.196894,48.9557,10.181113
TID2013,0.549550,5.478422,5.435923,32.8233,14.504208
TID2013,0.466049,8.502343,10.290150,13.0579,19.902023
TID2013,0.399399,13.006724,16.007389,-11.7067,26.437666
TID2013,0.623457,0.971352,-10.454195,77.5591,2.788089
TID2013,0.586420,1.641956,-7.359020,68.1932,3.765543
TID2013,0.621621,3.004472,-3.150919,52.9321,4.848276
TID2013,0.549550,6.125519,3.105092,25.5440,6.513726
TID2013,0.441441,15.713514,14.480360,-27.9158,11.379886
TID2013,0.633633,2.103205,-6.440979,64.0901,4.511312
TID2013,0.567901,3.579498,-1.476243,46.9296,6.672551
TID2013,0.523810,6.057211,4.396594,22.7656,10.452350
TID2013,0.404321,10.315923,10.290147,-10.0059,16.730206
TID2013,0.311729,18.662393,18.891405,-46.7496,28.858730
TID2013,0.626543,1.993634,-4.533770,62.2152,8.244486
TID2013,0.586420,3.273182,-0.531932,46.9020,11.990211
TID2013,0.462462,6.997035,5.963118,18.0562,25.740000
TID2013,0.396397,9.562040,8.896199,7.3102,25.947493
TID2013,0.330330,15.899600,14.269185,-27.9385,28.896156
TID2013,0.657143,1.049718,-8.302460,81.0673,2.346145
TID2013,0.645062,2.244111,-2.859939,69.6415,4.672688
TID2013,0.630631,3.828344,1.214782,56.1844,7.400597
TID2013,0.591591,5.518664,5.315805,42.3174,10.619396
TID2013,0.260318,23.664815,19.184261,-49.6262,27.468742
TID2013,0.648649,1.658028,-7.984964,70.5377,3.095734
TID2013,0.644444,2.980880,-3.652157,55.6750,4.590144
TID2013,0.534534,6.001548,1.973828,27.7957,7.375159
TID2013,0.357358,12.755217,10.414666,-19.2328,13.128881
TID2013,0.098766,32.280737,23.775164,-64.2046,38.780243
TID2013,0.631313,1.484139,-5.768061,72.3250,3.941274
TID2013,0.565657,2.422576,-2.169880,60.8800,5.026190
TID2013,0.533333,4.019941,3.036380,45.3954,6.943626
TID2013,0.494950,6.415178,7.571552,27.5294,10.918219
TID2013,0.441799,10.103342,12.524953,5.9278,13.847688
TID2013,0.671604,0.760744,-10.001901,83.8745,2.128274
TID2013,0.651516,1.199660,-5.606248,77.2059,2.889863
TID2013,0.617571,1.967284,-0.674509,67.4726,4.257174
TID2013,0.581396,3.160891,4.279020,54.7068,5.695777
TID2013,0.528396,5.195831,8.320268,37.2115,7.419448
TID2013,0.548148,3.474176,-1.900530,50.2427,7.107437
TID2013,0.469697,5.685988,3.618487,29.4028,10.682001
TID2013,0.414814,9.311734,10.398945,1.9347,14.706197
TID2013,0.367901,14.575923,16.995211,-26.5593,21.771629
TID2013,0.303703,22.091017,24.407444,-50.4397,29.269793
TID2013,0.651852,0.839353,-7.733144,82.0575,4.302524
TID2013,0.666667,1.267652,-4.167937,75.2850,6.789350
TID2013,0.602469,1.940255,-0.279386,65.8456,10.706816
TID2013,0.550136,3.206588,4.321119,49.7054,17.592407
TID2013,0.467700,5.283614,8.214268,24.1967,27.303661
TID2013,0.671604,0.926179,-7.119128,77.4412,3.489228
TID2013,0.644444,1.478611,-2.486629,69.0633,4.539591
TID2013,0.573232,3.251665,3.554161,50.5861,7.087712
TID2013,0.475452,7.134317,10.112884,23.7339,11.202602
TID2013,0.368687,15.305371,20.224781,-21.1577,19.733011
TID2013,0.537037,2.340122,-2.758765,47.3911,11.764090
TID2013,0.512627,3.148492,-0.344674,37.0781,14.928320
TID2013,0.462121,4.534971,4.382378,20.7447,16.619410
TID2013,0.416667,7.053532,10.135183,-2.5547,20.706514
TID2013,0.368687,10.877222,15.876296,-27.6069,23.065880
TID2013,0.620156,2.916292,-3.117687,55.0343,5.848068
TID2013,0.576720,5.405160,3.441143,35.7184,8.816941
TID2013,0.479798,10.766705,11.363522,-4.0700,13.861757
TID2013,0.402469,17.427583,17.631403,-31.8792,20.886406
TID2013,0.315246,25.112233,21.383316,-59.7014,29.743120
TID2013,0.651516,0.970709,-10.666236,85.4662,6.614316
TID2013,0.614814,2.130324,-6.215879,74.3945,11.657199
TID2013,0.509044,4.756196,-1.121192,52.0215,19.587282
TID2013,0.380247,10.376372,8.220683,2.6223,29.925388
TID2013,0.292929,23.835318,19.669891,-59.3881,40.930134
TID2013,0.713580,1.340678,-9.012725,75.3203,2.858342
TID2013,0.669136,2.011590,-5.935025,65.6142,4.144626
TID2013,0.580808,3.857276,-1.825547,43.9767,6.265967
TID2013,0.441860,7.952518,6.664725,8.8528,11.019362
TID2013,0.274074,20.840918,17.824295,-53.6652,21.241224
TID2013,0.681481,0.897328,-11.314153,79.5292,2.966208
TID2013,0.654040,1.534508,-8.128747,70.6163,4.116338
TID2013,0.560606,3.567092,-2.035347,46.8699,6.471066
TID2013,0.411617,10.655200,10.237285,-10.5273,13.687010
TID2013,0.247474,21.763597,18.452703,-56.3858,21.853603
TID2013,0.609819,1.913444,-7.285059,66.5982,5.058347
TID2013,0.501234,3.980389,-1.938487,43.4467,7.316561
TID2013,0.381313,8.421743,6.550762,1.4892,13.462406
TID2013,0.269136,17.836060,17.702372,-50.8150,21.364019
TID2013,0.108586,37.250984,28.443504,-65.3414,39.336773
TID2013,0.593434,4.664257,-0.049827,36.9635,28.063423
TID2013,0.525252,3.409760,-5.633606,50.3088,27.965473
TID2013,0.392592,4.948166,-3.616719,39.7707,24.402807
TID2013,0.318182,11.965363,11.299714,-0.4909,40.198177
TID2013,0.279012,18.537625,17.659323,-55.5586,49.534363
TID2013,0.509044,3.192630,-3.620759,53.3251,11.067086
TID2013,0.452020,6.451765,3.980715,19.9985,17.433535
TID2013,0.374677,11.787428,9.910307,-21.6491,23.909643
TID2013,0.303030,18.797246,16.683474,-45.9167,37.120747
TID2013,0.279012,26.650222,23.704401,-63.6382,42.072365
TID2013,0.643939,4.252533,-4.316469,31.2836,29.034756
TID2013,0.684343,3.272743,-5.399724,47.4043,23.374638
TID2013,0.633839,6.945871,1.294583,7.0309,36.011303
TID2013,0.580247,10.091919,9.574875,-18.1614,47.566925
TID2013,0.467172,14.559198,14.860932,-41.2105,50.516361
TID2013,0.404040,11.403359,13.297105,-35.7040,65.603958
TID2013,0.365432,15.941928,18.424232,-49.6868,64.753632
TID2013,0.338383,17.669367,20.104675,-55.2875,74.686325
TID2013,0.371212,18.342894,19.990156,-56.3544,86.655571
TID2013,0.405684,16.196043,17.415836,-50.6653,92.935051
TID2013,0.689394,0.255131,-16.716631,87.9333,5.471747
TID2013,0.705427,0.483643,-14.881677,78.8537,8.980388
TID2013,0.659259,1.246805,-9.037762,52.7581,18.442867
TID2013,0.595062,2.131927,-3.007276,35.5547,26.505882
TID2013,0.535353,4.281931,1.410572,-5.5291,37.071018
TID2013,0.616161,2.133123,-7.835781,71.3579,6.066528
TID2013,0.711111,6.085634,1.434137,46.0023,12.127851
TID2013,0.489418,7.073820,5.771376,15.8996,15.308617
TID2013,0.747474,15.384896,11.490028,-9.1867,24.419308
TID2013,0.371212,22.103169,15.479238,-58.2116,31.556797
TID2013,0.598484,1.124265,-10.581537,70.7928,15.485043
TID2013,0.550506,1.780850,-7.807533,59.5076,22.474979
TID2013,0.486420,2.831567,-3.375556,45.2476,31.673359
TID2013,0.429293,4.900097,2.794166,25.7112,44.352005
TID2013,0.404040,8.243643,8.226831,2.7040,58.846298
TID2013,0.651852,1.788933,-4.639107,67.4214,4.658223
TID2013,0.604938,2.858895,-1.371350,55.3893,6.786714
TID2013,0.533333,4.626773,4.097597,39.9067,8.962752
TID2013,0.457071,7.321817,8.915986,20.9123,11.723009
TID2013,0.411617,11.106703,14.007145,-0.5074,16.988981
TID2013,0.638889,1.337179,-8.951128,72.5444,4.050536
TID2013,0.602469,2.556370,-4.663620,57.4175,5.519127
TID2013,0.490956,5.575328,1.252607,29.4438,8.763773
TID2013,0.402469,11.767383,10.921890,-15.5648,17.982874
TID2013,0.325581,25.545522,24.885187,-59.7747,43.766636
TID2013,0.629630,2.227524,-5.426302,63.0290,4.901150
TID2013,0.550506,3.758559,-1.239860,46.2567,6.889134
TID2013,0.456790,6.302925,5.082412,21.6835,10.872244
TID2013,0.376262,10.606080,11.139228,-8.7502,16.759186
TID2013,0.258398,20.565832,21.096914,-51.2504,29.238998
TID2013,0.659259,1.689592,-5.604664,65.7999,7.193238
TID2013,0.581396,2.529153,-2.117496,52.7159,9.211637
TID2013,0.516796,4.415019,2.592143,32.3761,10.826080
TID2013,0.460318,8.195533,9.113586,-3.0250,21.383160
TID2013,0.295454,21.704568,20.314173,-60.6787,38.908752
TID2013,0.669136,1.474401,-6.885490,75.6428,4.898612
TID2013,0.637037,3.507432,-1.115538,54.0439,10.010694
TID2013,0.560493,7.282738,7.099093,18.7934,12.016536
TID2013,0.467700,10.163858,12.126739,1.0805,18.682018
TID2013,0.293827,22.399297,21.616632,-55.2794,32.695164
TID2013,0.635659,2.017784,-7.384162,65.2941,3.875104
TID2013,0.548148,3.741128,-3.045782,45.9652,7.099329
TID2013,0.429293,7.746737,5.365679,8.5877,13.530185
TID2013,0.250000,17.450192,16.179676,-46.4205,22.804867
TID2013,0.052910,36.315151,27.377642,-64.7740,33.695354
TID2013,0.616488,1.279036,-6.630929,75.6725,3.266725
TID2013,0.523298,2.041652,-2.881205,65.7684,4.326365
TID2013,0.537634,3.279113,1.524200,51.7245,5.779867
TID2013,0.455556,5.215457,6.461248,35.0877,7.685215
TID2013,0.394266,8.255903,11.174349,13.8286,11.273540
TID2013,0.621528,0.714101,-10.292294,85.2081,1.673025
TID2013,0.616488,1.123302,-6.018864,79.2250,2.286730
TID2013,0.600694,1.780171,-1.066648,70.6670,3.576612
TID2013,0.580646,2.857257,3.736281,59.0552,4.815310
TID2013,0.516129,4.607960,7.587125,43.1900,6.363638
TID2013,0.516129,2.915775,-3.153854,56.5510,5.373416
TID2013,0.476702,4.668271,1.625260,37.8012,7.561172
TID2013,0.385186,7.538404,8.961638,13.1555,10.480799
TID2013,0.329861,12.000115,15.121704,-14.5316,16.357176
TID2013,0.260417,17.880856,22.623970,-38.6789,20.038254
TID2013,0.673836,0.740822,-8.056598,85.3720,2.411490
TID2013,0.648746,1.056218,-5.134138,80.7137,3.638956
TID2013,0.625000,1.558676,-1.243600,73.8616,5.721467
TID2013,0.604167,2.359866,3.040660,64.4017,10.151594
TID2013,0.551971,3.702934,6.207472,50.6821,16.802809
TID2013,0.592592,0.828171,-8.174520,80.2169,3.016096
TID2013,0.605734,1.294335,-3.523379,72.8117,3.976668
TID2013,0.524306,2.772988,3.005858,55.5185,6.208888
TID2013,0.440860,6.068670,9.239456,28.7164,10.099531
TID2013,0.347222,13.343735,18.812931,-17.7599,19.462481
TID2013,0.487456,2.299395,-2.735114,43.8553,14.307367
TID2013,0.454861,3.462939,-0.614918,30.8340,18.618788
TID2013,0.437037,5.336931,4.211776,11.0219,17.327364
TID2013,0.401433,8.009514,10.320792,-11.7945,22.432663
TID2013,0.340502,11.617738,15.802119,-33.3908,27.978971
TID2013,0.611111,1.730158,-5.580113,70.9552,3.443968
TID2013,0.516129,3.239835,-0.894952,54.0572,5.133842
TID2013,0.462963,6.963681,7.935565,20.1030,14.011188
TID2013,0.383512,10.082815,12.802032,-0.2893,14.391040
TID2013,0.265233,15.987456,18.765770,-26.9029,21.050211
TID2013,0.579861,1.506686,-8.501162,76.2910,7.449440
TID2013,0.510417,3.332239,-4.549237,57.1843,13.329749
TID2013,0.433692,7.178697,0.937627,28.0981,22.998871
TID2013,0.318997,13.863557,9.044678,-9.5378,36.016392
TID2013,0.218638,24.414038,18.459860,-52.6075,50.047604
TID2013,0.634409,1.725852,-6.467507,69.8771,2.776819
TID2013,0.652778,2.657160,-3.831341,58.3316,3.676652
TID2013,0.559028,4.843284,0.682944,37.4021,6.224365
TID2013,0.388889,9.798248,9.124001,1.4949,10.122947
TID2013,0.194444,23.183472,20.087564,-52.9459,19.433144
TID2013,0.663082,1.010084,-10.326828,77.6934,2.596797
TID2013,0.621528,1.786908,-7.323694,68.3569,3.446427
TID2013,0.520833,4.301684,-0.681184,43.0700,5.200606
TID2013,0.357639,11.342201,11.248704,-11.4840,9.214993
TID2013,0.149306,20.521595,17.854227,-46.6805,18.479818
TID2013,0.666667,1.277921,-9.672679,75.3821,2.482895
TID2013,0.583333,2.307484,-6.161417,63.1161,3.654510
TID2013,0.507408,4.568699,-1.781695,40.5395,5.167365
TID2013,0.465950,6.819176,2.398055,21.9071,8.296679
TID2013,0.251852,16.090605,13.399933,-27.9308,15.657276
TID2013,0.688172,1.931482,-9.257258,65.9475,17.293734
TID2013,0.637993,2.602616,-7.256225,56.7446,17.449732
TID2013,0.611111,3.924847,-4.904237,42.7052,17.402870
TID2013,0.534722,6.974678,2.349682,23.6450,25.292532
TID2013,0.472222,11.812841,12.352809,-30.5462,67.007294
TID2013,0.642361,1.956730,-7.000725,63.9685,5.479701
TID2013,0.362963,5.556359,-0.562823,30.6637,17.868189
TID2013,0.487456,4.256778,-2.687921,37.7254,13.417061
TID2013,0.303703,9.354802,7.486575,-1.6798,17.855482
TID2013,0.236111,17.370882,16.584238,-47.8865,46.052746
TID2013,0.628472,2.835104,-7.829659,50.5763,27.200905
TID2013,0.604167,4.981765,-5.881823,32.3008,42.681557
TID2013,0.541219,8.659039,2.320287,0.2479,46.789536
TID2013,0.527778,11.440800,9.073335,-18.7461,57.259830
TID2013,0.444444,18.332850,17.276508,-48.0134,61.554417
TID2013,0.419354,12.792270,14.063984,-42.8309,59.879116
TID2013,0.326164,16.001764,18.217411,-51.9257,70.610085
TID2013,0.364583,16.665272,18.782614,-54.3331,80.109940
TID2013,0.409722,14.632130,15.730088,-53.3169,96.608665
TID2013,0.390681,12.212821,13.415641,-43.9722,104.855827
TID2013,0.673611,0.266519,-16.818098,88.9209,4.172668
TID2013,0.638889,1.013170,-10.810833,76.3225,6.922308
TID2013,0.652330,1.230999,-9.532204,56.5179,14.075804
TID2013,0.544803,4.849873,2.137042,27.7141,21.831360
TID2013,0.507408,4.410008,0.653534,4.5072,28.352201
TID2013,0.600694,2.421399,-6.064595,67.5594,6.306734
TID2013,0.620072,7.781157,3.329863,41.9896,10.195185
TID2013,0.465278,8.002097,5.415946,6.7324,16.444727
TID2013,0.562724,16.309905,11.550317,-6.3427,17.960360
TID2013,0.362007,24.565952,17.829697,-62.1400,34.461227
TID2013,0.472222,0.884451,-14.943990,66.5275,6.738446
TID2013,0.415771,1.734322,-12.590770,50.0679,9.492647
TID2013,0.326389,3.597434,-5.703691,25.4061,13.370422
TID2013,0.315972,6.944555,-2.592394,-5.5466,19.107286
TID2013,0.318997,11.798972,1.366008,-33.3340,26.386232
TID2013,0.598567,1.582317,-5.757955,69.6504,4.187241
TID2013,0.548387,2.451865,-2.371553,59.3703,5.685172
TID2013,0.520833,3.796945,1.775708,46.8466,7.419332
TID2013,0.448029,5.887825,7.401820,31.7446,10.528171
TID2013,0.399306,8.842215,12.085757,13.0744,16.126875
TID2013,0.652330,0.865115,-10.498713,77.5640,2.701240
TID2013,0.663082,1.447628,-7.676167,69.3573,3.666831
TID2013,0.585186,2.610532,-3.763847,56.6869,4.515858
TID2013,0.513889,5.187638,1.004432,34.5904,6.443295
TID2013,0.423611,10.368651,9.474154,-1.6593,8.690504
TID2013,0.631944,1.791423,-7.607659,69.0316,3.397691
TID2013,0.548387,3.027497,-3.114647,54.4007,5.072252
TID2013,0.476702,5.049845,1.787313,34.9076,8.716512
TID2013,0.422939,8.344492,8.236220,9.9000,10.422378
TID2013,0.297491,14.694155,16.081749,-26.5958,17.964640
TID2013,0.623656,1.406306,-7.205953,71.7246,4.535887
TID2013,0.605734,2.481834,-3.116674,58.3894,6.798733
TID2013,0.462366,4.358450,1.044829,40.4699,13.344091
TID2013,0.340278,8.177109,8.195608,11.9770,21.246824
TID2013,0.263889,12.997336,13.442585,-18.7800,26.252773
TID2013,0.670251,0.978972,-9.328486,80.7598,1.555856
TID2013,0.684588,2.002927,-3.482042,69.3648,2.668682
TID2013,0.630824,3.151158,0.215418,59.2858,3.941787
TID2013,0.611111,4.150329,3.247566,51.6947,4.954778
TID2013,0.604167,5.652439,7.176057,41.3596,6.531609
TID2013,0.659498,1.385888,-8.703756,73.5782,2.618159
TID2013,0.642361,2.449273,-5.420865,60.6362,3.774477
TID2013,0.587813,4.378380,-1.490210,41.8764,5.237700
TID2013,0.440860,7.723590,4.628269,14.5267,9.497922
TID2013,0.291667,14.751780,12.073675,-26.3068,18.954233
TID2013,0.595960,1.841950,-4.546834,68.2476,3.675640
TID2013,0.555556,3.102078,-0.669914,54.1948,4.644374
TID2013,0.505050,5.192288,4.466036,36.0121,6.607627
TID2013,0.448029,8.525228,9.256248,13.4945,9.222139
TID2013,0.404040,13.269580,14.827592,-11.1178,12.015419
TID2013,0.653199,0.847632,-9.618513,82.4953,2.161213
TID2013,0.670033,1.381730,-4.914560,75.2001,2.831007
TID2013,0.618056,2.309097,0.118941,64.4988,4.042772
TID2013,0.541667,3.871177,4.876009,49.4574,5.257674
TID2013,0.505050,6.403655,8.966581,30.2650,7.015095
TID2013,0.511784,4.295632,0.220151,39.4730,6.908552
TID2013,0.454861,7.430088,6.952246,11.4918,9.416835
TID2013,0.410774,11.937114,12.778938,-16.9999,15.193723
TID2013,0.361111,18.355892,19.659243,-43.5391,19.098856
TID2013,0.319866,27.442849,27.087130,-61.3077,28.602291
TID2013,0.637993,1.006239,-6.977171,80.5070,5.346741
TID2013,0.621528,1.523470,-3.045591,73.9544,9.684766
TID2013,0.598567,2.382859,0.557751,64.9051,15.634590
TID2013,0.519713,3.830293,5.440693,51.4222,21.607605
TID2013,0.474748,6.238731,9.595142,31.2583,26.775471
TID2013,0.659498,1.103930,-6.251780,75.6389,3.178628
TID2013,0.611111,1.822399,-1.991782,66.1981,4.167224
TID2013,0.552083,4.195375,4.333858,44.5992,6.598321
TID2013,0.454546,9.347860,11.519844,12.9110,10.947201
TID2013,0.399306,18.985988,22.606468,-31.2602,20.704308
TID2013,0.579861,2.668223,-2.289595,41.5564,12.531181
TID2013,0.479167,3.954644,1.484426,25.6312,15.463398
TID2013,0.462366,5.659837,6.332349,11.8986,22.355425
TID2013,0.423611,9.106406,11.975335,-12.7142,23.456057
TID2013,0.371528,13.500883,18.163639,-30.4616,25.775595
TID2013,0.542088,3.535637,-0.322991,44.6212,5.236908
TID2013,0.527778,6.237321,5.876746,19.8270,7.964389
TID2013,0.458781,9.000599,9.636323,-3.1261,10.912960
TID2013,0.407408,15.277234,16.463602,-40.6879,20.664429
TID2013,0.301076,23.312243,22.957502,-60.3573,29.925762
TID2013,0.652778,1.050476,-10.156672,83.5338,4.862208
TID2013,0.582491,2.326554,-5.197753,71.1109,8.445440
TID2013,0.482639,5.162498,-0.028504,49.5863,14.280420
TID2013,0.387206,10.564785,8.238066,15.2479,22.493330
TID2013,0.263889,20.093920,17.593899,-33.5302,32.050880
TID2013,0.727272,1.580029,-7.461884,71.4635,3.374645
TID2013,0.676768,2.400265,-4.439394,61.7447,4.548996
TID2013,0.572391,4.415219,-0.434189,40.4204,6.581011
TID2013,0.434028,8.587240,7.706740,6.8962,12.987638
TID2013,0.279461,20.403462,18.599047,-46.7270,22.826420
TID2013,0.666667,1.012133,-10.718338,78.9739,2.596670
TID2013,0.628472,1.712084,-7.348158,69.1619,3.403285
TID2013,0.545139,3.957330,-0.949482,42.0026,6.296877
TID2013,0.354839,11.430063,10.969262,-18.8859,13.793083
TID2013,0.260417,20.378453,18.428385,-53.6486,19.012655
TID2013,0.656250,2.042671,-6.814276,65.7059,3.546359
TID2013,0.572917,3.563613,-2.999371,49.1209,5.210752
TID2013,0.440972,7.806025,5.602490,10.7636,10.862140
TID2013,0.267361,18.530631,17.196911,-41.2182,21.550646
TID2013,0.097643,34.371049,26.337698,-63.9496,41.109081
TID2013,0.673401,2.509804,-6.950506,58.7547,10.843872
TID2013,0.656250,3.399957,-4.490769,51.7723,11.578061
TID2013,0.545139,6.587000,0.448867,34.6592,17.018406
TID2013,0.329861,10.529999,6.788944,11.2789,28.893570
TID2013,0.315972,17.345834,16.692509,-35.8790,57.407677
TID2013,0.501683,4.557387,-0.029340,32.6984,11.073197
TID2013,0.419354,8.730919,6.679291,0.0749,14.673882
TID2013,0.370370,11.981389,9.426676,-12.6354,27.909370
TID2013,0.313131,19.914586,18.269489,-48.1731,35.855385
TID2013,0.319866,19.355471,17.797157,-49.6663,26.951429
TID2013,0.649306,4.076520,-4.726257,33.1924,33.500912
TID2013,0.609428,3.560988,-5.413221,46.6232,24.257572
TID2013,0.697917,7.725154,2.726050,8.2005,35.394527
TID2013,0.493056,10.096423,8.835922,-10.7151,50.102638
TID2013,0.368056,14.697654,14.443288,-34.3716,60.999451
TID2013,0.323232,13.081650,15.300101,-41.8951,57.779575
TID2013,0.340068,15.828941,17.961460,-47.4241,71.557106
TID2013,0.361111,13.736183,15.089663,-46.9499,82.637245
TID2013,0.399306,14.939004,15.353525,-49.7056,92.356781
TID2013,0.649831,11.135318,9.399954,-31.2361,107.245903
TID2013,0.673401,0.218522,-16.881233,88.9709,4.734404
TID2013,0.700337,0.415497,-15.300649,79.9835,7.717678
TID2013,0.638889,1.016601,-10.597445,59.0354,16.081533
TID2013,0.655914,1.958292,-4.373837,38.1032,23.171486
TID2013,0.518519,3.267040,-0.553673,8.7933,32.990276
TID2013,0.645833,2.094810,-8.356547,72.3298,5.085470
TID2013,0.754209,5.883476,0.070442,45.0454,9.531326
TID2013,0.531250,6.879114,5.597271,19.5018,14.266366
TID2013,0.707071,14.540514,10.248417,-7.3861,20.673222
TID2013,0.400673,21.088451,14.549302,-54.9584,32.496601
TID2013,0.535353,0.926532,-13.366599,71.1326,12.603551
TID2013,0.478114,1.605041,-11.188289,56.7135,17.700912
TID2013,0.451613,3.059674,-6.212367,34.3812,24.185753
TID2013,0.368056,5.976359,-0.267195,1.7749,32.287888
TID2013,0.350694,10.954676,2.170241,-34.9653,42.096161
TID2013,0.611111,2.033409,-3.675003,64.1856,4.434657
TID2013,0.519713,3.455809,0.106784,48.7676,5.846714
TID2013,0.501792,5.641067,5.250110,30.5218,8.029387
TID2013,0.451389,9.139069,10.083881,8.3059,10.306046
TID2013,0.387206,13.779022,15.672146,-15.7910,14.242913
TID2013,0.645833,1.555066,-7.830198,70.2473,3.636213
TID2013,0.629630,2.985708,-3.377789,54.1333,5.401343
TID2013,0.500000,5.988383,2.618256,27.2715,8.108356
TID2013,0.434343,12.505352,11.867122,-16.5862,15.022183
TID2013,0.323232,26.229279,25.357435,-57.9251,26.534662
TID2013,0.585859,2.471564,-4.131533,59.7567,5.414763
TID2013,0.534722,4.132928,-0.241603,42.4137,6.245509
TID2013,0.472222,7.026161,5.899909,16.3413,10.199643
TID2013,0.388889,11.728972,12.080344,-11.5855,13.782331
TID2013,0.240143,23.687130,22.562021,-54.8138,26.123884
TID2013,0.635417,1.825795,-4.968108,63.6802,7.479558
TID2013,0.643098,2.931991,-1.972305,51.9326,12.188118
TID2013,0.611111,4.928313,2.851593,33.6934,16.453129
TID2013,0.454861,11.518294,12.543694,-10.6426,27.665520
TID2013,0.302083,16.474245,15.209333,-37.2075,35.071533
TID2013,0.694444,1.442295,-6.436351,77.6690,2.853619
TID2013,0.697917,2.954619,-1.494220,64.7268,5.016466
TID2013,0.670033,5.584026,4.273443,45.1863,8.837569
TID2013,0.534722,9.677626,11.284654,21.0310,11.609722
TID2013,0.319444,19.316687,20.642303,-34.4976,32.288589
TID2013,0.638889,2.144487,-6.515969,64.6760,4.291192
TID2013,0.565972,4.019163,-2.357042,43.8237,6.330975
TID2013,0.416667,8.203248,5.731011,8.8772,14.976491
TID2013,0.225589,17.594736,16.295483,-41.7138,30.969742
TID2013,0.026936,33.653108,26.449219,-64.1727,42.464649
TID2013,0.635328,1.797296,-4.506515,68.1346,3.461291
TID2013,0.603603,3.003191,-0.764617,54.4242,5.088456
TID2013,0.527066,5.031872,4.471350,36.2897,6.336434
TID2013,0.504273,8.282020,9.133806,13.2961,8.754361
TID2013,0.423977,13.283349,14.899141,-14.3003,12.158896
TID2013,0.672672,0.858353,-9.425531,82.6289,1.835082
TID2013,0.648649,1.390518,-4.608663,74.9575,2.639169
TID2013,0.641026,2.277805,0.368225,64.2844,3.749512
TID2013,0.614036,3.791467,4.992686,49.1946,5.249119
TID2013,0.525526,6.378101,9.062907,29.9096,6.990073
TID2013,0.561561,4.300385,0.505163,36.7220,6.985902
TID2013,0.484568,7.065710,6.773649,10.9682,10.155811
TID2013,0.447293,11.777280,12.855813,-19.9085,13.726734
TID2013,0.367521,18.708416,19.908466,-46.8283,20.221045
TID2013,0.324787,28.060589,27.237152,-62.6166,26.124586
TID2013,0.675213,1.185138,-5.987698,80.2005,6.435112
TID2013,0.567901,1.696839,-2.491209,74.6707,11.096801
TID2013,0.573099,2.608459,1.339840,65.8046,16.918655
TID2013,0.529914,4.109804,5.816074,52.0940,23.584074
TID2013,0.470086,6.744593,10.105570,30.8038,28.457903
TID2013,0.672364,1.097913,-6.169721,75.8289,3.278581
TID2013,0.643874,1.800610,-1.940954,66.4293,4.329389
TID2013,0.575499,4.142248,4.458626,44.6562,6.847668
TID2013,0.488304,9.338046,11.636104,12.0225,10.695276
TID2013,0.371346,19.566666,23.147005,-34.2629,18.790638
TID2013,0.573099,2.377668,-2.695540,46.3685,12.801252
TID2013,0.516517,3.977378,0.610268,26.8536,19.022675
TID2013,0.508772,5.820759,5.473266,12.4437,27.383472
TID2013,0.426901,8.800839,11.142823,-5.1928,25.639277
TID2013,0.378379,13.495385,17.283695,-28.9987,32.736687
TID2013,0.615616,3.645346,0.310750,44.5672,5.968698
TID2013,0.558404,6.489296,6.314726,15.6527,9.456856
TID2013,0.495727,12.620566,12.597445,-25.8566,12.516273
TID2013,0.444444,21.357737,18.500284,-55.0734,19.336075
TID2013,0.339181,27.630617,22.455379,-63.0175,27.681898
TID2013,0.663742,0.956820,-10.620673,84.2093,4.655284
TID2013,0.589743,2.091238,-5.980992,72.5149,8.143971
TID2013,0.483483,4.648996,-0.837760,52.2065,13.797385
TID2013,0.388889,9.745558,7.304293,18.3537,21.748793
TID2013,0.309941,18.759706,16.494268,-29.7009,30.893097
TID2013,0.663818,1.774379,-7.010976,69.5619,3.553852
TID2013,0.632479,2.645098,-3.986474,57.8349,4.437704
TID2013,0.575499,5.053440,0.556224,33.2154,7.137206
TID2013,0.423977,10.608200,9.840362,-6.0303,12.332683
TID2013,0.253561,23.301278,19.966787,-55.2285,24.861008
TID2013,0.652047,1.032706,-10.388412,78.8213,2.666724
TID2013,0.646199,1.805596,-7.097871,68.3008,3.286204
TID2013,0.578348,4.213480,-0.286685,38.2604,6.471920
TID2013,0.404559,12.510919,11.590477,-28.1293,11.400048
TID2013,0.270656,23.594567,18.540586,-60.1383,18.271990
TID2013,0.572650,2.132905,-6.442698,65.1162,3.901103
TID2013,0.495727,4.486725,-0.621317,39.0679,6.474988
TID2013,0.401709,10.656047,8.889709,-10.1384,14.698361
TID2013,0.242690,23.707437,19.237623,-54.4392,27.300730
TID2013,0.137427,39.143581,28.401543,-64.3302,42.424229
TID2013,0.529914,4.313277,-3.201808,53.1548,25.243395
TID2013,0.649123,4.249160,-2.230087,45.5908,13.453644
TID2013,0.547009,6.139983,-0.086205,27.4844,23.129490
TID2013,0.450292,13.912892,13.122136,-18.8714,55.648430
TID2013,0.298246,22.026605,21.517542,-51.4181,81.460091
TID2013,0.643274,2.778858,-4.662139,54.7388,9.658580
TID2013,0.435672,9.211778,7.407932,-12.1219,15.107500
TID2013,0.380117,12.959898,11.160439,-23.1438,23.496180
TID2013,0.298246,27.088593,21.350719,-63.7583,32.322460
TID2013,0.321938,25.628701,23.038860,-62.8283,49.787632
TID2013,0.646723,3.785957,-4.981575,42.2483,25.186930
TID2013,0.683761,4.241587,-3.344673,40.1801,22.910013
TID2013,0.616959,7.620908,2.097372,5.5373,40.458866
TID2013,0.474474,11.120541,10.451547,-19.5191,55.367443
TID2013,0.426901,15.093865,14.360214,-36.2641,62.945171
TID2013,0.342106,13.335551,14.979962,-38.5363,68.615654
TID2013,0.358974,14.843948,15.763621,-38.3414,60.456951
TID2013,0.401709,15.401031,16.338703,-38.3116,72.053261
TID2013,0.374269,15.701471,16.351036,-38.7439,84.993668
TID2013,0.464388,12.872921,12.770905,-41.6925,113.823570
TID2013,0.680912,0.207205,-16.913292,89.9239,4.713360
TID2013,0.678062,0.814765,-12.155398,75.0314,7.792976
TID2013,0.669516,0.960761,-10.667663,60.5234,15.709693
TID2013,0.619883,3.522026,0.372911,26.7517,22.941864
TID2013,0.569801,3.895425,0.313214,6.3967,31.284311
TID2013,0.634503,2.052665,-8.963596,73.7487,8.462181
TID2013,0.732193,5.392281,-0.204370,45.0728,8.618374
TID2013,0.507508,6.670183,5.519423,22.6387,20.789316
TID2013,0.729344,12.608074,10.583111,-4.3215,17.785686
TID2013,0.410257,20.252414,14.654666,-52.1613,44.774216
TID2013,0.501424,2.198886,-9.136126,54.1593,25.968960
TID2013,0.452991,4.102762,-3.460922,36.0125,35.792961
TID2013,0.424501,7.206468,2.010201,14.3245,43.769188
TID2013,0.403509,10.261784,5.501842,-8.0875,50.195869
TID2013,0.368421,12.146477,5.963824,-23.3084,53.149910
TID2013,0.619883,2.040443,-3.679110,63.7398,4.718356
TID2013,0.602339,3.456067,0.064998,48.7124,6.439760
TID2013,0.519520,5.755724,5.313703,28.9446,8.742867
TID2013,0.468469,9.226507,10.369469,4.5853,11.191615
TID2013,0.430199,14.213141,15.915179,-20.2279,14.979903
TID2013,0.649572,1.612198,-7.793042,69.7974,3.648116
TID2013,0.598291,3.237335,-3.003216,52.0183,5.379706
TID2013,0.492878,6.865253,4.206553,19.2501,9.355875
TID2013,0.397661,14.740372,13.851669,-28.5497,15.632882
TID2013,0.318318,33.533320,29.171680,-63.9001,29.971285
TID2013,0.611111,2.675283,-3.498914,56.4000,5.012069
TID2013,0.575499,4.625379,1.125727,35.2965,7.117404
TID2013,0.472934,7.650499,6.554187,9.9405,11.494333
TID2013,0.418803,13.067334,13.680517,-23.0597,13.574006
TID2013,0.279202,25.661210,23.531206,-58.9058,25.269545
TID2013,0.663742,1.800526,-4.818584,66.2621,7.797270
TID2013,0.541310,3.479360,-0.075269,44.2312,12.028644
TID2013,0.498499,5.712733,5.535183,23.2325,15.964059
TID2013,0.447531,8.077777,9.155352,8.7688,18.450771
TID2013,0.361823,15.535957,13.443964,-19.5495,41.981544
TID2013,0.683761,1.952312,-5.121716,76.9114,5.682581
TID2013,0.660969,3.074311,-2.078931,57.3745,10.395652
TID2013,0.505848,8.839808,8.619663,13.8527,17.889753
TID2013,0.289473,18.841873,18.836962,-40.2165,36.991776
TID2013,0.160819,31.359985,26.289789,-63.4939,46.734951
TID2013,0.606838,2.454420,-5.481798,62.4233,5.127377
TID2013,0.532163,4.652321,-1.126922,39.4498,8.422606
TID2013,0.390313,9.647795,7.254346,-2.0990,15.964320
TID2013,0.207207,22.009043,18.519953,-55.8668,28.124546
TID2013,0.040936,42.006207,28.911613,-65.6278,51.335537
TID2013,0.615616,1.500948,-5.360172,72.4865,3.536318
TID2013,0.573573,2.476028,-1.822709,60.3718,4.417322
TID2013,0.594594,4.021795,3.427789,44.8887,5.995739
TID2013,0.476190,6.493206,7.810280,25.6675,8.537518
TID2013,0.429012,10.447571,12.798609,0.0717,12.394659
TID2013,0.617284,0.780868,-9.434547,83.7324,1.863277
TID2013,0.653968,1.229783,-4.864338,76.8883,2.571848
TID2013,0.604938,2.038840,-0.089852,66.5691,3.535321
TID2013,0.577160,3.338638,4.586719,52.7036,4.985519
TID2013,0.527778,5.621370,8.614381,32.8175,6.748549
TID2013,0.555556,3.592387,-1.070653,47.9585,5.564335
TID2013,0.492492,5.916351,5.151430,25.0403,7.754866
TID2013,0.425397,9.470690,10.751099,0.1930,12.093368
TID2013,0.363363,15.124868,17.994360,-28.9529,15.712191
TID2013,0.324074,22.953328,25.062140,-53.2615,22.833944
TID2013,0.607843,0.789608,-7.604240,82.8707,2.627232
TID2013,0.624624,1.130869,-4.689960,77.6458,3.541297
TID2013,0.587301,1.750603,-0.810368,69.2580,5.149347
TID2013,0.577160,2.784999,3.554977,56.9680,7.703282
TID2013,0.519520,4.636229,7.128862,37.8237,12.418947
TID2013,0.669670,0.936057,-6.966362,78.0137,3.182647
TID2013,0.645062,1.506134,-2.324017,69.4695,4.225639
TID2013,0.588589,3.399877,3.732714,48.5742,6.666751
TID2013,0.466049,7.727159,10.620090,14.2094,10.578045
TID2013,0.339507,16.882022,21.322781,-36.9512,21.722109
TID2013,0.521604,3.860541,-0.577264,-1.5787,17.675674
TID2013,0.487654,5.168658,3.690696,-13.6040,20.942993
TID2013,0.441441,8.097510,10.456735,-39.7348,21.547134
TID2013,0.393393,11.604773,15.399947,-54.1198,31.970276
TID2013,0.336508,16.770127,21.857754,-61.7156,36.310966
TID2013,0.618619,2.581767,-3.349487,59.8593,6.005446
TID2013,0.533333,5.235227,3.440295,32.8578,8.918313
TID2013,0.503087,8.628933,9.783431,11.6996,9.268987
TID2013,0.437909,16.685817,18.613653,-29.1723,14.508561
TID2013,0.306307,24.310079,23.179920,-52.3414,30.178169
TID2013,0.549207,1.146452,-9.743634,79.6875,5.399619
TID2013,0.507937,2.516392,-4.423237,64.0474,9.687651
TID2013,0.417418,5.718553,0.780047,38.5782,16.318552
TID2013,0.317460,11.979518,9.037936,1.0338,24.685080
TID2013,0.259259,22.598865,17.331707,-44.5884,32.953930
TID2013,0.645646,1.915161,-5.711301,66.7855,2.810431
TID2013,0.651651,3.059509,-3.046929,54.0511,4.124865
TID2013,0.518519,5.973055,2.975508,26.9369,6.911583
TID2013,0.370370,11.774586,10.578598,-13.7396,12.599504
TID2013,0.219136,25.254926,19.480589,-59.7980,19.436716
TID2013,0.645646,1.036371,-10.524559,77.8249,2.379433
TID2013,0.627628,1.867131,-6.946576,67.2292,3.345177
TID2013,0.558642,4.418525,-0.237677,41.1212,5.853691
TID2013,0.387388,12.804302,12.693285,-16.5502,11.290697
TID2013,0.252252,25.260160,19.834442,-60.4811,19.916515
TID2013,0.651234,1.617039,-8.135707,71.8252,3.465939
TID2013,0.603174,2.758063,-4.418652,58.2004,3.864398
TID2013,0.496913,5.043640,-0.664630,36.6931,6.554828
TID2013,0.323810,14.380654,12.108001,-24.6875,13.947207
TID2013,0.108024,31.721391,23.389446,-64.0152,29.660089
TID2013,0.623457,2.086344,-8.819423,58.5329,15.496475
TID2013,0.663580,5.669906,4.906789,16.5714,15.384308
TID2013,0.513513,5.850787,-1.599836,31.3472,19.088732
TID2013,0.419753,9.314318,8.229546,-12.1795,31.382698
TID2013,0.225309,16.354942,13.412044,-40.4822,29.459652
TID2013,0.453703,7.258614,6.552791,3.2757,16.823341
TID2013,0.504504,3.660972,-2.892206,45.6138,8.668283
TID2013,0.361111,16.116275,15.392953,-34.4664,32.011696
TID2013,0.305556,15.142390,13.814310,-35.8233,23.579168
TID2013,0.253087,27.977244,23.068155,-61.7586,40.196888
TID2013,0.648148,3.216679,-6.188838,42.2145,26.852379
TID2013,0.606349,4.822430,-3.273499,35.5746,21.799788
TID2013,0.588589,8.020276,5.201907,-5.2782,40.900524
TID2013,0.574074,13.730444,12.431893,-27.3596,59.787876
TID2013,0.487654,17.794156,17.083263,-51.1107,65.539711
TID2013,0.354354,12.220621,14.108115,-38.7732,53.228546
TID2013,0.376543,15.695507,18.034952,-47.3737,63.464794
TID2013,0.388889,17.054421,19.265017,-52.1702,73.374077
TID2013,0.408409,16.097021,17.299946,-55.1964,87.449722
TID2013,0.388889,15.212631,15.945464,-37.3502,82.380150
TID2013,0.678679,0.235348,-16.688910,88.2575,4.821074
TID2013,0.657658,0.433906,-15.268834,78.3923,7.968977
TID2013,0.632716,1.695379,-6.091874,49.9138,16.073465
TID2013,0.549550,2.006840,-3.865209,33.1201,23.448412
TID2013,0.507508,7.845078,6.110555,-20.0718,31.683466
TID2013,0.621621,2.058413,-8.326527,71.2243,6.308300
TID2013,0.750000,5.897569,0.124447,42.9159,11.967354
TID2013,0.482540,6.844054,5.700959,13.9426,16.063421
TID2013,0.759760,14.235357,10.815274,-9.5193,23.406103
TID2013,0.357358,21.398296,15.048032,-59.2959,33.422157
TID2013,0.506173,1.178207,-11.592839,72.1121,16.057976
TID2013,0.474474,1.963529,-9.637056,62.0987,23.586075
TID2013,0.398148,3.475861,-3.970471,47.4830,32.178001
TID2013,0.382353,6.028592,3.287149,29.4784,40.520313
TID2013,0.390390,9.153683,9.185415,10.0088,51.067963
TID2013,0.627628,1.657498,-4.748879,69.5264,4.464289
TID2013,0.567901,2.628789,-1.304592,57.9222,5.810992
TID2013,0.516517,4.324759,4.257590,42.8648,7.268446
TID2013,0.441270,6.896925,8.992675,22.4994,11.274271
TID2013,0.402402,10.505222,13.896989,1.5501,14.999076
TID2013,0.669841,1.042939,-9.747183,75.9007,3.048670
TID2013,0.621621,1.807195,-6.531658,65.5523,4.400877
TID2013,0.594594,3.411229,-2.376693,49.5965,5.316464
TID2013,0.543210,7.550501,5.376051,18.2615,7.803762
TID2013,0.404321,18.572275,17.364655,-36.4211,16.796572
TID2013,0.633633,2.151338,-5.879884,64.1849,3.558721
TID2013,0.601852,3.623189,-1.444523,48.0402,5.656322
TID2013,0.489490,6.388921,5.048053,22.8562,7.945724
TID2013,0.429012,10.947489,10.996046,-6.9590,13.345126
TID2013,0.294294,19.803777,20.132992,-46.9559,17.776524
TID2013,0.618619,1.602869,-6.544927,68.9191,7.386170
TID2013,0.600601,2.584202,-2.794828,52.2550,12.595484
TID2013,0.543543,5.827726,5.914345,23.1602,16.259281
TID2013,0.405406,11.333067,11.560683,-9.5874,40.028557
TID2013,0.280864,19.313856,16.861500,-40.9628,42.669476
TID2013,0.651651,1.325800,-7.090752,76.8586,3.202963
TID2013,0.648649,2.723787,-2.058314,62.5146,5.890952
TID2013,0.660661,4.283911,2.355215,48.8521,9.055439
TID2013,0.585586,7.594957,9.062634,23.4754,15.492911
TID2013,0.306307,19.313035,19.249939,-39.3406,31.699835
TID2013,0.657658,1.715550,-7.666345,69.6332,2.985661
TID2013,0.608024,3.170742,-3.588649,53.2688,4.514267
TID2013,0.514286,5.986785,1.271101,27.6414,6.815998
TID2013,0.320634,12.749803,10.385812,-20.5668,14.432485
TID2013,0.064814,29.509885,22.956453,-63.8916,36.004654
TID2013,0.660661,1.900760,-4.346119,67.5443,3.908430
TID2013,0.552469,3.223954,-0.460047,53.5316,4.818573
TID2013,0.532163,5.507575,4.683398,34.2557,6.544118
TID2013,0.459877,9.140029,9.803493,10.2343,9.149674
TID2013,0.418129,14.560867,15.916134,-16.1927,11.996172
TID2013,0.675676,0.869283,-9.541136,82.4194,2.281924
TID2013,0.663663,1.425558,-4.617721,74.9302,3.759345
TID2013,0.614036,2.386769,0.061295,64.0015,4.495753
TID2013,0.561403,4.046164,4.987681,48.3861,5.745714
TID2013,0.504504,6.713150,9.183543,28.9924,7.836498
TID2013,0.507508,4.653151,1.837622,32.8802,7.182466
TID2013,0.462462,7.789593,7.499119,5.9800,9.532110
TID2013,0.417418,12.980219,13.974453,-23.8410,13.730051
TID2013,0.345029,21.243353,20.894384,-51.7399,19.064779
TID2013,0.301170,31.821879,28.340971,-63.6433,27.874628
TID2013,0.657658,1.046898,-6.930234,77.8759,4.133063
TID2013,0.614036,1.517100,-3.577595,71.4276,5.864441
TID2013,0.578948,2.397060,0.159007,61.9016,9.240927
TID2013,0.522522,3.933318,4.978877,47.7274,14.318745
TID2013,0.420420,6.295510,8.953952,27.0330,21.199228
TID2013,0.627628,1.154946,-6.149901,75.7589,3.362484
TID2013,0.645646,1.915563,-2.030860,66.3582,4.540049
TID2013,0.578948,4.472103,4.512442,44.0148,7.270325
TID2013,0.483483,10.197408,12.129457,11.4043,11.482844
TID2013,0.406432,21.153917,23.506664,-31.3852,18.459723
TID2013,0.564564,2.497534,-2.638803,51.2890,12.616463
TID2013,0.535088,5.258498,2.526532,36.2273,15.298783
TID2013,0.495496,8.148765,8.870029,18.7790,18.693613
TID2013,0.453453,12.054659,14.164651,-0.5396,20.388741
TID2013,0.416667,18.649350,21.559216,-25.4645,24.410269
TID2013,0.521604,3.984210,1.539515,43.8125,7.080270
TID2013,0.488304,6.292873,5.700059,21.2873,13.378023
TID2013,0.464912,12.317596,12.275293,-20.0910,15.965171
TID2013,0.354354,17.504841,15.857484,-43.9314,22.542282
TID2013,0.336420,26.655288,21.562738,-61.6483,28.328917
TID2013,0.687134,1.788584,-7.182045,83.8164,8.277445
TID2013,0.608187,4.168011,-1.354138,70.8047,14.742211
TID2013,0.502924,8.816508,6.669561,49.6979,25.315619
TID2013,0.400584,15.583586,13.861191,18.9743,39.561428
TID2013,0.308642,24.822881,20.055565,-24.4886,55.293873
TID2013,0.701754,2.298251,-5.139596,61.6365,3.741766
TID2013,0.614198,3.526645,-2.407408,47.7542,4.851079
TID2013,0.526316,6.597778,4.313114,19.1747,10.194016
TID2013,0.381381,11.745798,10.059067,-14.6789,15.647577
TID2013,0.250793,21.183611,17.554157,-50.0633,33.020096
TID2013,0.675676,1.039331,-10.537774,77.9147,2.750878
TID2013,0.654971,1.871730,-6.896559,66.6738,3.542975
TID2013,0.567251,4.854744,0.639385,33.8936,6.634760
TID2013,0.345029,13.421562,12.041115,-31.2954,13.115026
TID2013,0.248538,26.104449,19.577423,-60.9550,19.064323
TID2013,0.600601,2.723433,-4.477513,56.8994,4.202664
TID2013,0.519520,6.041621,2.479470,23.2335,7.379215
TID2013,0.308642,15.074466,13.195831,-33.8124,17.578928
TID2013,0.216374,23.198701,20.527531,-58.1186,35.478821
TID2013,0.090643,38.830685,29.574091,-64.8086,54.015205
TID2013,0.611111,3.211832,-1.075483,51.0860,8.212846
TID2013,0.561403,4.638607,-0.662436,41.1065,16.972794
TID2013,0.405406,8.499495,1.281776,20.5798,27.044226
TID2013,0.342106,17.550503,17.384523,-42.1710,71.995544
TID2013,0.342342,25.498219,18.045549,-48.8256,115.669952
TID2013,0.597598,5.051846,1.507414,21.8327,13.019960
TID2013,0.507508,5.870171,3.661201,21.0960,8.074345
TID2013,0.359649,14.730804,12.627485,-31.9937,17.550182
TID2013,0.314814,25.955368,21.004126,-59.9772,38.009151
TID2013,0.444444,12.599647,14.303025,-34.8049,40.776024
TID2013,0.616959,5.217670,-1.292606,22.6663,29.700520
TID2013,0.684210,3.477481,-6.460290,46.8029,29.607574
TID2013,0.504504,6.183373,-1.185553,22.2553,46.249401
TID2013,0.497076,8.878220,5.315800,-2.8197,52.668461
TID2013,0.396397,13.675363,13.234598,-32.7615,68.900955
TID2013,0.388889,14.104727,16.574694,-43.6023,56.515217
TID2013,0.390477,17.404246,20.057089,-49.1146,65.634827
TID2013,0.406432,17.349357,19.789614,-49.0359,78.729492
TID2013,0.453217,15.405414,16.204792,-50.5815,98.275627
TID2013,0.504762,15.560554,18.496157,-42.3025,84.510406
TID2013,0.725147,0.198335,-17.131237,90.2052,4.770328
TID2013,0.699700,1.162995,-9.799502,72.5997,7.889721
TID2013,0.672514,0.953358,-11.396952,64.4196,16.311834
TID2013,0.679012,5.227503,4.514651,22.6864,24.000950
TID2013,0.630631,2.858386,-1.266813,19.8902,33.870361
TID2013,0.695907,2.017439,-9.173824,73.7885,8.144528
TID2013,0.757310,5.759561,0.685863,44.4794,10.431651
TID2013,0.534534,6.341524,5.254747,24.5174,20.905005
TID2013,0.695907,14.340644,11.091786,-9.0874,21.215031
TID2013,0.447369,18.332524,14.185527,-48.6812,42.730015
TID2013,0.627628,0.886101,-12.491127,74.2425,12.760695
TID2013,0.594594,1.489425,-9.911526,63.8795,18.223743
TID2013,0.555556,2.536677,-6.448256,49.9293,24.817196
TID2013,0.498499,4.533722,0.900373,30.5147,33.664078
TID2013,0.477478,7.872937,7.608306,5.2853,45.086952
TID2013,0.636637,2.241937,-3.127600,62.7619,4.722908
TID2013,0.612612,3.790546,0.934687,46.9746,6.962476
TID2013,0.588589,6.291136,5.808108,27.0251,8.976256
TID2013,0.523392,10.503797,11.278269,2.3135,11.663915
TID2013,0.447369,16.520920,18.275511,-25.0818,16.237295
TID2013,0.620370,1.682778,-7.509838,68.1869,3.564283
TID2013,0.586420,3.686707,-2.056777,47.4814,5.056297
TID2013,0.492492,8.789557,6.228897,6.4928,8.557622
TID2013,0.400584,21.497926,18.480846,-51.4468,19.393414
TID2013,0.311729,41.335036,32.548904,-64.9192,30.873049
TID2013,0.573099,3.130356,-2.568196,50.9277,4.539401
TID2013,0.549550,5.549881,3.147916,26.8704,6.880368
TID2013,0.447369,9.239437,8.303732,-1.4944,9.694907
TID2013,0.336420,15.307182,15.441743,-30.6950,15.209521
TID2013,0.222222,26.046400,22.644295,-59.4934,39.266033
TID2013,0.583333,2.062836,-4.691835,58.5198,10.989264
TID2013,0.570176,3.078010,-1.421358,46.8461,10.437121
TID2013,0.507508,6.172249,6.554530,17.2260,14.755076
TID2013,0.388889,12.666429,11.952751,-16.1992,39.794903
TID2013,0.291291,20.658233,17.984272,-37.3962,45.073067
TID2013,0.672672,1.550331,-6.525219,72.2206,4.252757
TID2013,0.687134,3.488901,-1.214793,49.3781,9.204977
TID2013,0.543860,7.471327,5.380898,19.3572,12.776002
TID2013,0.354354,14.415286,14.854344,-26.3449,27.280476
TID2013,0.245614,25.723782,24.575356,-60.8269,50.138985
TID2013,0.651651,3.040748,-3.389138,54.0800,4.195197
TID2013,0.486487,6.051383,1.877144,26.8291,6.892338
TID2013,0.342106,12.245164,9.610998,-17.7914,17.628065
TID2013,0.219298,23.655075,20.394590,-58.8177,34.465942
TID2013,0.045046,39.553084,29.467045,-65.0374,49.726200
TID2013,0.614987,1.264500,-7.307329,76.8440,2.730194
TID2013,0.602778,1.993557,-2.978462,67.2374,4.352397
TID2013,0.563308,3.230527,1.531426,53.5207,5.102180
TID2013,0.532300,5.239518,6.975869,34.8920,7.155653
TID2013,0.447090,8.437820,11.856271,10.9495,8.859540
TID2013,0.589947,0.704898,-10.468021,85.8845,1.739671
TID2013,0.615177,1.081527,-5.916987,80.3116,2.343353
TID2013,0.625323,1.699383,-1.116074,72.2053,3.344968
TID2013,0.600529,2.720337,3.679816,60.6745,4.459862
TID2013,0.518519,4.434140,8.148561,43.4374,6.147046
TID2013,0.571429,2.994546,-3.288109,55.0726,5.073385
TID2013,0.563492,4.804256,2.448144,35.7493,6.498286
TID2013,0.462963,7.878599,9.893316,9.5153,8.650392
TID2013,0.407408,12.769548,16.379797,-20.5961,14.919620
TID2013,0.306878,19.948617,24.475988,-49.1187,19.282017
TID2013,0.636857,0.804297,-7.878687,85.4428,2.570758
TID2013,0.608333,1.099328,-5.356208,81.4342,3.710205
TID2013,0.617571,1.644634,-1.376112,74.4627,6.027974
TID2013,0.604336,2.459598,2.789617,64.8299,9.929770
TID2013,0.547619,3.952802,6.819731,49.0910,16.892130
TID2013,0.595238,0.820636,-8.492222,81.9863,2.793708
TID2013,0.560847,1.271193,-4.161915,75.0400,3.725475
TID2013,0.612403,2.702576,3.068386,57.3227,5.675486
TID2013,0.462963,5.994851,9.613697,27.0383,9.374187
TID2013,0.343916,13.862955,20.136749,-25.0610,15.526142
TID2013,0.505556,2.250598,-3.108912,45.9732,10.036933
TID2013,0.472868,3.321293,0.444324,27.1581,12.663398
TID2013,0.407408,4.746395,5.277657,7.2414,13.304937
TID2013,0.382429,7.232318,11.221449,-15.9252,15.786755
TID2013,0.343916,11.280826,17.199404,-41.7777,21.946625
TID2013,0.636111,1.636212,-6.491371,72.8381,5.950921
TID2013,0.590786,2.817413,-2.167402,60.2433,9.182634
TID2013,0.515873,4.857435,4.123250,39.5887,9.395056
TID2013,0.379403,9.828823,11.327310,2.3695,12.229453
TID2013,0.314363,21.616063,21.747147,-55.5367,21.011238
TID2013,0.534391,1.591442,-8.549260,73.6340,7.336868
TID2013,0.439153,3.476902,-4.208801,53.5448,12.755019
TID2013,0.346883,7.665787,2.321968,22.5108,22.169994
TID2013,0.286822,15.520559,10.633879,-20.3309,35.528004
TID2013,0.193122,27.484003,19.820724,-59.0671,51.712116
TID2013,0.563686,2.018120,-4.561977,66.7238,2.622230
TID2013,0.529716,3.565614,-1.538254,49.2867,3.649302
TID2013,0.354006,7.857212,6.579834,12.0769,6.823688
TID2013,0.240741,16.085106,14.083408,-34.2902,12.766744
TID2013,0.054200,32.323840,22.655561,-64.1384,24.598448
TID2013,0.609819,1.114737,-9.850647,76.1863,2.987670
TID2013,0.607236,2.106234,-6.230505,64.6989,3.453543
TID2013,0.497222,4.932618,0.396751,37.5264,4.902568
TID2013,0.361757,13.524903,12.156939,-21.6033,9.016642
TID2013,0.129199,27.239178,20.622520,-62.4439,15.342838
TID2013,0.591731,0.969244,-11.167912,79.5006,2.206906
TID2013,0.591731,1.671476,-8.174083,70.8191,2.873470
TID2013,0.521164,3.069770,-4.000574,56.0603,3.881011
TID2013,0.483204,6.031610,1.087558,29.4508,6.124439
TID2013,0.264550,17.515154,13.767859,-41.8623,13.607853
TID2013,0.581396,1.929204,-8.786971,67.3231,11.354385
TID2013,0.604651,3.237369,-4.647395,53.2882,12.158386
TID2013,0.568476,7.518001,7.413727,-0.3605,34.994759
TID2013,0.584656,5.395473,-1.799627,35.7304,15.085832
TID2013,0.560847,8.168777,2.047412,18.0875,16.316046
CID22,0.329467,3.567462,-2.341843,48.6088,4.797246
CID22,0.440019,3.231272,-3.036864,51.2519,5.433594
CID22,0.491262,2.830882,-4.034494,56.6639,4.747573
CID22,0.493425,2.667242,-4.628915,58.3552,4.055723
CID22,0.503882,3.128881,-3.410480,53.5136,5.298673
CID22,0.519308,3.343869,-2.822631,50.0894,5.460590
CID22,0.522156,3.384950,-2.900787,51.4233,5.166808
CID22,0.530874,2.628444,-4.665951,58.6208,5.192225
CID22,0.531676,2.918559,-3.565328,54.7871,4.530331
CID22,0.538192,3.161989,-3.463297,54.2165,4.645076
CID22,0.575617,2.158777,-6.143119,64.2149,4.117675
CID22,0.584276,2.309220,-5.527930,62.5280,3.507854
CID22,0.601076,2.723953,-4.265426,57.4826,4.677393
CID22,0.603361,2.237940,-6.036214,63.2402,3.619269
CID22,0.612419,2.541083,-5.081101,61.2235,4.062635
CID22,0.616426,2.549605,-4.485332,59.0831,3.733032
CID22,0.618440,2.605723,-4.638736,59.8635,4.171225
CID22,0.620621,2.329764,-5.803727,62.3218,4.729475
CID22,0.632358,2.171683,-6.298615,64.1324,3.794955
CID22,0.636636,1.773312,-7.363957,68.7724,3.838546
CID22,0.659436,2.344038,-5.622957,61.8814,5.090652
CID22,0.666716,2.013506,-6.614319,65.9429,3.345140
CID22,0.675077,2.187966,-6.361623,65.4069,3.507553
CID22,0.683593,1.876774,-6.977726,67.1313,4.660287
CID22,0.684999,1.824046,-7.115331,69.2051,3.415342
CID22,0.685203,1.949749,-7.327413,66.8822,3.855110
CID22,0.688787,2.003365,-6.700118,65.5593,3.524537
CID22,0.692705,1.570728,-8.181603,71.7832,3.020508
CID22,0.699462,2.097670,-6.467427,64.9135,4.405522
CID22,0.701050,2.133051,-6.389353,65.6983,3.941373
CID22,0.713092,1.602724,-7.922462,70.5958,4.422457
CID22,0.714707,1.801539,-7.420818,69.8621,3.068895
CID22,0.717807,1.713640,-8.306434,69.8996,3.047076
CID22,0.718652,1.608318,-7.707790,71.5496,3.070604
CID22,0.719352,1.647202,-7.861171,72.0963,2.823739
CID22,0.727053,1.377846,-8.660276,73.8003,2.847790
CID22,0.731922,1.705170,-7.714372,69.6171,3.691975
CID22,0.738760,1.681648,-7.743575,71.0426,3.175277
CID22,0.738810,1.599945,-8.037039,70.8873,3.043110
CID22,0.740098,1.546140,-8.136479,71.3757,2.997247
CID22,0.742513,1.564770,-8.882454,72.0608,3.283759
CID22,0.750724,1.695546,-7.817790,70.9554,2.977271
CID22,0.753050,1.438135,-8.398038,74.0749,2.765817
CID22,0.754029,1.431619,-8.527809,74.3874,2.796275
CID22,0.768568,1.151495,-9.712306,76.5852,3.355994
CID22,0.769118,1.452576,-8.478252,72.7819,3.001997
CID22,0.769394,1.462807,-9.240479,73.2112,3.001781
CID22,0.770171,1.459428,-8.466803,72.7348,4.092526
CID22,0.783831,1.334233,-9.080072,75.1543,2.535545
CID22,0.785150,1.273840,-9.180885,76.3699,2.608772
CID22,0.785828,1.292141,-9.213202,76.3306,2.425306
CID22,0.786128,1.388506,-8.816203,73.8933,2.818693
CID22,0.787730,1.216114,-9.382436,76.7082,2.391295
CID22,0.789276,1.281084,-9.113054,74.8535,3.184583
CID22,0.794030,1.431036,-9.492095,73.9860,3.007828
CID22,0.798532,1.254212,-9.259851,75.3075,2.500572
CID22,0.802234,0.872787,-11.258045,80.4308,2.405863
CID22,0.813157,1.124410,-9.860374,77.3283,2.478154
CID22,0.813296,1.044554,-10.258505,79.0196,2.157372
CID22,0.817342,1.089235,-10.285460,79.0232,2.152210
CID22,0.817625,1.279661,-9.966642,75.8657,3.082198
CID22,0.817944,1.049676,-10.030639,79.2435,1.930187
CID22,0.820397,1.028016,-10.424200,79.3159,2.254687
CID22,0.827655,1.223734,-9.505714,76.1430,2.903912
CID22,0.829612,1.108002,-9.854311,77.4794,2.306796
CID22,0.836305,1.035057,-10.318862,78.7039,2.623752
CID22,0.840075,0.725226,-12.025457,82.9596,2.120280
CID22,0.844065,1.138054,-10.601913,77.8576,2.527919
CID22,0.848202,0.928064,-10.951204,80.9709,1.949494
CID22,0.854110,0.802201,-11.374393,82.6879,1.655455
CID22,0.856416,0.920447,-11.029262,81.6657,1.795337
CID22,0.856882,0.895957,-11.298229,81.8193,1.904792
CID22,0.858218,1.002840,-10.398405,79.2239,2.408688
CID22,0.864861,1.080162,-9.999474,78.1119,2.552497
CID22,0.865306,0.926356,-10.936266,80.4217,2.549678
CID22,0.867325,1.086182,-10.909861,78.8991,2.510797
CID22,0.869258,0.466551,-14.310680,87.7091,1.894343
CID22,0.872814,0.583677,-12.973489,86.1396,1.337086
CID22,0.874085,0.733693,-11.849163,83.2246,1.685589
CID22,0.875229,0.765616,-11.921692,83.0972,1.846765
CID22,0.877767,0.976121,-11.307607,80.3179,2.517575
CID22,0.878174,0.471110,-14.672433,88.7496,1.390531
CID22,0.879344,0.758897,-11.820333,83.2743,2.329142
CID22,0.879503,0.532916,-14.200580,87.7284,1.546958
CID22,0.879768,0.958235,-10.660559,80.0789,2.473437
CID22,0.881856,0.279145,-16.063229,91.0637,1.193609
CID22,0.884868,0.343702,-15.401278,90.4363,0.883364
CID22,0.886955,0.572809,-13.533041,86.3773,1.747155
CID22,0.889513,0.846352,-12.002409,82.5242,2.247177
CID22,0.895437,0.741027,-11.994640,83.2693,1.941991
CID22,0.364475,4.429991,-2.129109,42.6810,10.633248
CID22,0.396795,4.454845,-1.223718,43.7839,10.344090
CID22,0.407125,3.834639,-2.916344,48.0280,9.313756
CID22,0.420300,3.591036,-3.389282,50.6433,9.321918
CID22,0.430843,3.770711,-2.663807,48.2045,11.535268
CID22,0.430850,3.347938,-2.621055,51.7475,6.716361
CID22,0.450771,3.419463,-3.727445,50.9845,9.044440
CID22,0.451289,3.633695,-3.079447,51.2417,9.317697
CID22,0.462913,3.984896,-2.355756,44.8341,9.277164
CID22,0.464170,3.839575,-2.176439,47.5276,7.709556
CID22,0.469791,2.882014,-4.642194,57.6693,8.011668
CID22,0.474282,3.172433,-3.935410,55.5379,8.612100
CID22,0.482645,3.213017,-3.753436,55.4649,8.818076
CID22,0.485844,3.036831,-3.159200,54.7618,5.450253
CID22,0.488780,3.383161,-3.471205,53.7998,9.529150
CID22,0.489771,2.922145,-4.548628,56.4404,9.596624
CID22,0.493847,3.395777,-3.441071,51.2395,9.152218
CID22,0.498735,2.808821,-4.846808,59.0647,7.596331
CID22,0.498784,3.161550,-3.526078,55.0137,6.716709
CID22,0.508421,2.863913,-4.617806,58.8426,8.045588
CID22,0.512242,2.600910,-5.673632,61.0914,7.012423
CID22,0.515782,2.754977,-5.258401,58.8203,8.474514
CID22,0.516097,2.319199,-6.192756,62.6122,4.841445
CID22,0.517006,2.585647,-4.473345,62.1116,6.544584
CID22,0.517974,3.083732,-3.990117,55.2330,9.300647
CID22,0.521000,2.588958,-4.270015,59.3984,4.603804
CID22,0.523334,2.577823,-5.708271,62.1356,7.587836
CID22,0.526534,2.510901,-6.295812,62.2709,7.599061
CID22,0.529207,2.615789,-4.836453,61.2565,6.832297
CID22,0.530548,2.529123,-5.708911,63.0947,7.240520
CID22,0.536218,2.371546,-5.397178,64.6657,6.125090
CID22,0.536689,2.759943,-5.009231,59.0046,8.089904
CID22,0.539628,2.399775,-6.668818,63.4717,7.589921
CID22,0.543258,2.412494,-6.422208,63.6476,7.640330
CID22,0.546430,2.354238,-6.656547,64.0127,7.523644
CID22,0.546630,2.316215,-6.817502,65.3513,7.611362
CID22,0.563517,2.423096,-6.166826,63.7083,6.529675
CID22,0.565872,1.925068,-7.966095,67.8187,3.909218
CID22,0.568717,2.231238,-5.961359,66.2115,5.964950
CID22,0.574288,2.003748,-6.609054,66.0917,3.960629
CID22,0.575329,2.479299,-6.185040,62.9464,7.048677
CID22,0.582611,2.107169,-6.938512,66.9302,5.836582
CID22,0.603075,2.214763,-7.076593,65.8162,7.334242
CID22,0.606176,1.835278,-7.352993,68.6462,3.819674
CID22,0.615884,2.225900,-7.284085,65.9384,7.362746
CID22,0.622349,1.963421,-7.995602,69.6966,7.290482
CID22,0.627764,2.217248,-7.230074,66.3562,7.276967
CID22,0.631734,1.734562,-8.726198,70.5187,4.558261
CID22,0.632216,2.055600,-7.670639,68.0414,6.708591
CID22,0.635862,1.813873,-7.555346,70.0968,5.707203
CID22,0.648822,1.808431,-7.885514,70.5383,6.003057
CID22,0.651648,1.609924,-8.122104,71.5812,2.921230
CID22,0.670754,2.081040,-7.800773,67.6310,7.854434
CID22,0.678001,2.071667,-7.775939,68.4784,7.189851
CID22,0.679661,1.538594,-9.449256,73.1289,3.325248
CID22,0.695155,1.590080,-9.317769,73.4743,5.500615
CID22,0.697247,1.605129,-8.358590,72.6863,4.805647
CID22,0.697762,1.345744,-9.435512,74.6475,2.744259
CID22,0.698215,1.912441,-8.106013,70.2076,6.947400
CID22,0.705587,1.882099,-8.384468,71.1199,7.042462
CID22,0.711580,1.545926,-8.832659,74.1054,5.751974
CID22,0.719352,2.014148,-8.064038,68.4906,7.630059
CID22,0.733479,1.944853,-8.123580,70.1238,7.537856
CID22,0.733482,1.474030,-9.843358,73.8648,3.421229
CID22,0.752262,1.138516,-10.304882,77.9376,2.529436
CID22,0.772817,1.445637,-9.948638,75.7303,5.413394
CID22,0.772931,1.765692,-8.891561,72.0296,6.356333
CID22,0.781831,1.930396,-8.308513,69.3863,7.034099
CID22,0.787079,1.399285,-10.018068,74.8111,2.952851
CID22,0.794923,1.881522,-8.404526,71.0963,6.794734
CID22,0.796498,1.791624,-8.658230,72.0812,6.930773
CID22,0.797742,1.383529,-9.328393,75.1361,4.768894
CID22,0.800122,1.423274,-9.282613,76.0237,5.504228
CID22,0.809877,0.880437,-11.687414,81.9430,1.965807
CID22,0.822803,1.249345,-10.601479,76.8905,2.980504
CID22,0.833401,1.716121,-9.060910,72.8875,6.922022
CID22,0.835314,1.815873,-8.720426,70.8346,7.571954
CID22,0.835782,0.515259,-14.334343,85.9467,2.267998
CID22,0.839081,1.655550,-9.207364,73.9781,7.036331
CID22,0.839709,1.156631,-10.409501,79.3779,5.409343
CID22,0.839734,0.650594,-13.592575,85.7816,1.876749
CID22,0.840389,1.587414,-9.592388,74.0742,6.543496
CID22,0.842036,1.131956,-10.991601,78.5776,3.063771
CID22,0.849942,1.607675,-9.475991,74.5599,6.924263
CID22,0.853427,1.076172,-11.262018,79.4235,2.628905
CID22,0.855037,0.328601,-16.066034,89.6990,1.435344
CID22,0.859731,1.565897,-9.638990,75.2571,6.819384
CID22,0.864244,0.382111,-15.967862,90.0399,1.136710
CID22,0.866728,0.962678,-11.736979,80.8421,2.602078
CID22,0.888468,0.864602,-12.211334,82.5636,2.366172
CID22,0.428717,3.301698,-2.725169,49.0309,6.290411
CID22,0.462179,2.533526,-4.595545,56.4662,6.654121
CID22,0.490933,2.719451,-4.123179,56.9077,5.349709
CID22,0.521864,2.496425,-4.635725,57.8818,5.985908
CID22,0.522338,2.972102,-3.566701,52.9448,6.430519
CID22,0.523216,2.912561,-3.427896,53.4830,7.309893
CID22,0.530807,2.490225,-4.678105,60.2459,5.202723
CID22,0.533235,2.143766,-5.942087,62.2894,4.976749
CID22,0.566478,2.313489,-5.575615,59.4460,5.550559
CID22,0.566725,2.199600,-5.814206,62.2496,4.837184
CID22,0.569649,2.712849,-4.428316,56.5653,6.214835
CID22,0.597309,2.482608,-5.334768,59.4788,5.183636
CID22,0.608283,2.485297,-4.930560,59.0879,5.011077
CID22,0.625125,2.035043,-6.381949,63.7216,5.413819
CID22,0.627067,2.022038,-6.396204,66.1679,5.118382
CID22,0.637010,1.795240,-7.119287,66.4432,4.342982
CID22,0.639279,2.052971,-6.330281,63.4972,4.116451
CID22,0.644732,1.937731,-6.811380,66.0827,4.480805
CID22,0.651507,2.141864,-6.066237,62.7676,4.882680
CID22,0.655638,2.215015,-5.910626,62.5812,5.066405
CID22,0.657843,2.238916,-6.250558,62.6600,5.515722
CID22,0.669749,1.761916,-7.485197,68.9566,4.828696
CID22,0.679430,1.540257,-8.130204,70.7061,4.315625
CID22,0.683115,1.738326,-7.391281,67.5002,5.025352
CID22,0.690916,1.910902,-6.968964,66.4546,4.044480
CID22,0.698916,1.606652,-7.830307,69.5805,3.684304
CID22,0.701428,1.714315,-7.788100,69.1918,4.120225
CID22,0.701674,1.926467,-7.384118,66.4883,4.664854
CID22,0.708292,1.790872,-7.475905,68.3446,4.728058
CID22,0.712081,1.420522,-8.743944,72.2015,6.003257
CID22,0.716071,1.485650,-8.467252,72.7251,3.921294
CID22,0.722784,1.626973,-8.070922,70.0749,3.677995
CID22,0.729379,1.555053,-8.365352,70.9515,3.520425
CID22,0.729998,1.549988,-8.050041,70.2456,4.890378
CID22,0.732701,1.352747,-8.845790,73.2283,2.950145
CID22,0.733848,1.650548,-7.903458,69.8013,3.952686
CID22,0.735703,1.369572,-8.673471,72.4055,3.345650
CID22,0.742387,1.411201,-8.799765,72.4617,3.063535
CID22,0.747282,1.267763,-9.358448,74.6595,3.002861
CID22,0.751646,1.322742,-9.004825,74.7735,3.318680
CID22,0.751790,1.373792,-8.870524,74.1351,3.538122
CID22,0.772319,1.306849,-9.206565,74.4344,3.170996
CID22,0.785626,1.234966,-9.410250,75.3362,3.013646
CID22,0.800066,1.206791,-9.590069,76.7360,2.709828
CID22,0.800904,1.385941,-8.722145,72.7900,4.954867
CID22,0.801135,1.115956,-10.267546,77.1075,2.625015
CID22,0.802929,1.204881,-10.098320,75.6392,2.970328
CID22,0.807118,1.177929,-9.859173,76.6258,2.819247
CID22,0.810787,1.175735,-9.727486,76.9895,3.287073
CID22,0.811516,1.153796,-10.009957,76.6597,2.929923
CID22,0.821828,1.172757,-9.654640,75.5951,4.541673
CID22,0.822083,1.042401,-10.442629,77.7879,2.865705
CID22,0.824698,1.058141,-10.450104,78.3742,2.659058
CID22,0.830947,0.917256,-11.362858,80.5853,2.208865
CID22,0.834652,1.035456,-10.617923,78.6364,3.000223
CID22,0.837700,1.014428,-10.831227,79.1357,2.440358
CID22,0.848478,1.018570,-10.650383,80.0678,2.674240
CID22,0.848938,0.931980,-11.064185,79.3318,3.897648
CID22,0.849290,0.943539,-11.008984,80.1563,2.244021
CID22,0.849958,0.945017,-11.293465,79.8014,2.328390
CID22,0.850934,1.007011,-11.213176,78.9850,2.556999
CID22,0.858809,0.951664,-11.057789,79.7380,2.547059
CID22,0.862881,0.820329,-12.086903,82.6510,2.227474
CID22,0.864208,0.930106,-11.283392,80.3309,2.250415
CID22,0.873934,0.792336,-11.890781,81.9609,3.834911
CID22,0.880934,0.756434,-12.353957,83.0703,1.928344
CID22,0.881339,0.874987,-11.399813,81.9612,2.322442
CID22,0.883267,0.842968,-11.785501,81.4384,2.574306
CID22,0.885324,0.729891,-12.468704,83.2525,1.886948
CID22,0.890132,0.850263,-12.088652,81.6880,2.282133
CID22,0.892817,0.495230,-14.011235,86.4533,2.279575
CID22,0.893099,0.498874,-14.771236,87.7659,1.278124
CID22,0.893129,0.713435,-12.802851,84.1972,2.034450
CID22,0.894342,0.695104,-12.824400,83.9713,1.811412
CID22,0.895313,0.734302,-12.243642,83.8482,2.012871
CID22,0.895383,0.556390,-14.053828,86.6896,1.483304
CID22,0.895753,0.529299,-14.272303,86.8056,1.429938
CID22,0.898714,0.547681,-14.199817,86.6635,1.454366
CID22,0.898810,0.328934,-15.796619,90.4678,1.551687
CID22,0.899412,0.491917,-14.918868,87.2679,1.224811
CID22,0.901819,0.318178,-16.180367,90.7363,1.068575
CID22,0.358233,2.974669,-3.253639,54.2080,6.758830
CID22,0.402841,2.347254,-4.944435,60.3822,5.288134
CID22,0.473535,2.251859,-5.459898,62.0749,5.516178
CID22,0.503034,2.811534,-3.871534,56.7830,6.857090
CID22,0.503394,2.803550,-3.339882,57.0067,6.936321
CID22,0.511314,2.744053,-3.891358,55.0204,6.594606
CID22,0.528370,2.824322,-4.022970,57.4371,6.896155
CID22,0.533747,2.103652,-5.874636,63.3446,4.894573
CID22,0.559665,2.088359,-6.426174,63.5833,6.335409
CID22,0.561488,2.701919,-4.002074,56.1074,7.374485
CID22,0.565650,1.845861,-7.037056,67.8209,6.439292
CID22,0.582264,2.312500,-5.466572,60.9905,6.347541
CID22,0.586590,2.304625,-5.436831,62.7783,6.164212
CID22,0.588045,2.139950,-5.850405,64.5869,6.230364
CID22,0.600267,2.293727,-5.676172,61.9838,6.706802
CID22,0.607550,1.743744,-7.585510,68.9517,5.841615
CID22,0.610580,1.858474,-6.871717,66.5702,3.918034
CID22,0.612825,2.208445,-5.968886,64.0743,5.755968
CID22,0.626591,2.005830,-6.456388,64.7988,6.623863
CID22,0.628148,1.632202,-7.827053,70.8469,5.956365
CID22,0.638847,2.019593,-6.523519,64.8635,5.715718
CID22,0.640317,1.933405,-6.418003,66.7898,6.066967
CID22,0.646659,1.551281,-8.259701,71.0099,4.509189
CID22,0.648146,2.058827,-6.360710,65.3412,5.260589
CID22,0.665545,1.353006,-8.772054,75.0093,3.304506
CID22,0.678623,1.833396,-7.367356,68.1192,5.771954
CID22,0.679843,1.840287,-7.307794,67.9623,5.037889
CID22,0.682607,1.460796,-8.705142,73.5498,5.214894
CID22,0.688686,1.814304,-7.274371,69.2841,4.238644
CID22,0.690461,1.361198,-9.063481,74.1585,4.215142
CID22,0.691157,1.663399,-7.498339,71.6010,5.621058
CID22,0.700663,1.777385,-7.348366,69.0518,4.478939
CID22,0.712709,1.197477,-9.484178,76.6403,3.541181
CID22,0.718281,1.515373,-8.536611,72.5655,5.657749
CID22,0.724062,1.526913,-8.311738,72.0263,4.192308
CID22,0.726141,1.333475,-9.141463,75.2300,5.623524
CID22,0.727284,1.286539,-9.420946,75.1545,3.954852
CID22,0.731821,1.441312,-8.381720,74.2795,5.608124
CID22,0.733154,1.462655,-8.499788,73.2919,3.640270
CID22,0.738368,1.644194,-7.709694,70.8382,4.444922
CID22,0.753350,1.279961,-9.206385,75.6016,5.072522
CID22,0.754838,1.078070,-10.133599,78.7782,3.489363
CID22,0.758445,1.259405,-9.660221,76.1979,3.995637
CID22,0.760854,1.300792,-9.243206,74.9312,5.126209
CID22,0.761566,1.121685,-10.329589,78.3620,4.760310
CID22,0.767357,1.240853,-9.599721,76.9489,3.559911
CID22,0.772349,1.279501,-9.632499,76.7582,4.418478
CID22,0.772374,1.330100,-8.851931,75.5918,4.895617
CID22,0.780544,1.145310,-10.228674,77.8203,4.129221
CID22,0.781636,1.209332,-9.849792,77.2416,4.589651
CID22,0.783224,0.928262,-11.246112,80.6063,2.348342
CID22,0.784247,1.182091,-10.097690,77.3691,3.975289
CID22,0.786608,0.853689,-11.797359,82.3837,3.490256
CID22,0.796105,0.973084,-10.983592,80.3672,3.426306
CID22,0.801915,1.158156,-9.588226,78.8371,3.374486
CID22,0.802413,1.103475,-10.612423,79.1316,3.819605
CID22,0.803669,1.028090,-10.888804,79.7419,3.916150
CID22,0.806354,1.083952,-10.428946,79.2781,4.141914
CID22,0.807988,1.078267,-10.401753,79.0354,4.153473
CID22,0.813701,0.830608,-11.850416,82.0216,2.488712
CID22,0.822258,0.747279,-12.444159,83.7517,2.947402
CID22,0.826466,0.886818,-11.407935,81.9224,3.693693
CID22,0.827524,0.973450,-11.178667,80.8060,4.459172
CID22,0.832054,0.976934,-11.011935,80.4359,4.064670
CID22,0.833160,0.969270,-11.312833,81.2888,3.290366
CID22,0.834248,0.974346,-11.140783,80.6725,4.025253
CID22,0.840347,1.045800,-10.022679,79.8644,3.058283
CID22,0.845854,0.653259,-12.967027,85.4383,1.656172
CID22,0.854483,0.878696,-11.753886,82.4178,4.801595
CID22,0.862750,0.829927,-11.916514,83.0571,3.672947
CID22,0.863815,0.393705,-15.239405,89.1869,1.741216
CID22,0.864025,0.821757,-11.920959,83.0523,4.042881
CID22,0.864244,0.596467,-13.102621,85.9681,3.470886
CID22,0.864699,0.490564,-14.534985,88.2013,1.283413
CID22,0.864851,0.885410,-10.756773,81.8586,2.884747
CID22,0.865123,0.677573,-13.194413,85.4906,3.198623
CID22,0.865505,0.757790,-12.444043,84.5569,4.428872
CID22,0.866321,0.686157,-12.878997,85.3856,3.777974
CID22,0.866913,0.666477,-12.993679,85.4220,3.671984
CID22,0.867111,0.277990,-16.355564,91.4874,1.247258
CID22,0.868423,0.312684,-16.199507,91.4153,1.002803
CID22,0.375669,2.943099,-3.440397,51.7194,5.279634
CID22,0.476299,2.558402,-5.032492,57.6163,4.450318
CID22,0.485029,2.375566,-5.450521,58.0402,6.066883
CID22,0.493059,2.209463,-5.710399,60.2485,4.482320
CID22,0.506640,2.701985,-4.524976,56.1039,5.558110
CID22,0.515155,2.812977,-3.942780,54.6430,6.530755
CID22,0.537460,2.151067,-6.199684,60.8111,4.415312
CID22,0.541213,2.031817,-6.807969,63.4881,3.935963
CID22,0.542553,2.093903,-6.636346,63.3202,5.424435
CID22,0.543395,2.585911,-5.105535,58.7132,7.430719
CID22,0.546466,1.807579,-7.069421,65.6022,4.126862
CID22,0.554024,1.953100,-6.884727,63.6973,4.931621
CID22,0.559753,2.223324,-6.103238,61.7269,5.157773
CID22,0.562985,2.198754,-6.000893,62.0445,4.151150
CID22,0.582428,1.912639,-6.801991,63.8340,3.703464
CID22,0.599117,1.835639,-8.387915,67.7333,5.763719
CID22,0.599621,1.837480,-7.635930,66.4745,3.725631
CID22,0.604210,1.520259,-8.010033,69.2881,4.146664
CID22,0.604675,2.022392,-6.972154,64.7052,5.741608
CID22,0.607854,1.870988,-7.460524,66.5118,4.873633
CID22,0.616037,1.891401,-7.199278,65.8940,3.846501
CID22,0.618298,2.091830,-6.779431,64.3872,5.142572
CID22,0.619221,1.671579,-7.833139,67.6173,4.575984
CID22,0.625254,1.389101,-8.661922,71.2842,3.422966
CID22,0.649279,1.578225,-9.588224,71.6185,5.143718
CID22,0.651843,1.721283,-7.782049,68.0452,4.037072
CID22,0.659043,1.334248,-8.762167,71.9003,4.265042
CID22,0.660318,1.677092,-8.067802,69.3777,3.602305
CID22,0.661098,1.431094,-8.852699,71.5222,3.356734
CID22,0.662270,1.474215,-8.604623,70.4431,3.974732
CID22,0.666696,1.415762,-9.244573,72.8776,4.019353
CID22,0.678243,1.284948,-9.139179,73.1349,2.915580
CID22,0.687330,1.686054,-8.168818,69.8447,4.384887
CID22,0.696461,1.465392,-8.722498,72.1285,4.254630
CID22,0.698046,1.423361,-10.086017,74.1085,4.981614
CID22,0.700219,1.339576,-9.121864,72.5286,3.731420
CID22,0.705212,1.588513,-8.297733,70.6990,3.757025
CID22,0.716875,1.298254,-9.143287,73.8208,2.666479
CID22,0.718377,1.213194,-9.292298,73.5935,3.336508
CID22,0.720794,1.147879,-9.828665,75.2806,2.635242
CID22,0.722456,1.197395,-10.065300,75.8370,3.775948
CID22,0.729389,1.257592,-10.696859,76.3276,3.715861
CID22,0.732214,1.292450,-9.393459,74.0446,3.737453
CID22,0.732972,1.251234,-9.550084,74.3631,3.247577
CID22,0.733418,1.360875,-9.337320,74.3258,3.415900
CID22,0.742718,1.276064,-9.764150,74.6271,2.618037
CID22,0.746668,1.008169,-10.172278,76.0853,3.045973
CID22,0.750145,0.972160,-10.913789,78.1185,2.785639
CID22,0.754171,1.218541,-9.812819,74.5326,3.617514
CID22,0.754420,1.255637,-10.741946,76.7408,3.976222
CID22,0.757612,1.095947,-10.271672,76.1149,2.259714
CID22,0.758712,1.083939,-10.543041,77.4250,3.552687
CID22,0.760420,1.122540,-10.280160,76.5930,2.949048
CID22,0.767819,1.090447,-10.611625,78.3305,3.103727
CID22,0.774549,1.092026,-10.446788,76.6204,2.882529
CID22,0.776289,1.168773,-10.825335,77.7211,3.562844
CID22,0.780780,0.818781,-11.374571,79.0852,2.777079
CID22,0.781126,1.016871,-10.799342,77.6640,2.416358
CID22,0.781615,0.893922,-11.193265,80.0309,2.064220
CID22,0.783360,0.997442,-10.834544,77.9919,2.999014
CID22,0.789036,0.951182,-10.921981,77.6240,2.161667
CID22,0.793568,0.981562,-11.231834,79.0943,2.815149
CID22,0.793874,0.864638,-11.622097,81.0878,2.349553
CID22,0.794873,0.966489,-11.024652,78.4320,2.541596
CID22,0.797892,1.063154,-11.282480,79.5747,2.728746
CID22,0.807643,0.703224,-12.090519,81.5029,2.302591
CID22,0.809687,0.912675,-11.349829,79.4213,2.385816
CID22,0.813517,0.707352,-12.509058,82.8904,1.722797
CID22,0.816908,0.869300,-11.537513,79.4307,1.884614
CID22,0.818780,0.916916,-11.280676,79.1380,2.938578
CID22,0.820598,0.985986,-11.591389,80.7652,2.800287
CID22,0.826219,0.784413,-12.400661,82.2564,1.815906
CID22,0.829977,0.850904,-11.325671,78.7728,2.005721
CID22,0.836067,0.875244,-11.516644,80.2280,2.639550
CID22,0.847317,0.824397,-11.876236,80.5561,2.518392
CID22,0.848081,0.398610,-14.988708,88.2257,1.957455
CID22,0.848228,0.739642,-12.354827,82.0678,1.963554
CID22,0.848743,0.530047,-14.029737,85.9047,1.323284
CID22,0.849172,0.939053,-11.787633,81.5185,3.014298
CID22,0.856383,0.590468,-13.641446,83.9311,1.493597
CID22,0.858131,0.698265,-12.398681,82.0937,1.919878
CID22,0.859254,0.504143,-14.544681,86.3262,1.331502
CID22,0.860913,0.708911,-12.669044,82.2306,1.978435
CID22,0.861316,0.842112,-12.162021,82.6376,3.181014
CID22,0.861916,0.701562,-12.650332,82.7603,1.747255
CID22,0.864622,0.592863,-13.513234,84.3282,2.075107
CID22,0.868807,0.270603,-16.211050,90.8336,1.601702
CID22,0.880803,0.737321,-12.808077,84.5936,2.154812
CID22,0.882264,0.567205,-13.712535,84.8719,1.313602
CID22,0.382275,3.202174,-3.274038,50.7256,6.842644
CID22,0.495274,2.708800,-3.886317,52.9618,5.350431
CID22,0.508451,2.862470,-3.890239,56.4900,6.514829
CID22,0.516693,2.391640,-5.416161,60.3094,6.144384
CID22,0.525898,2.983040,-3.735908,54.7748,6.197130
CID22,0.534430,2.350274,-5.911056,61.1618,5.199460
CID22,0.535812,3.173771,-3.215116,51.8755,5.693210
CID22,0.544143,2.853012,-3.803360,58.9607,6.667423
CID22,0.566566,2.469135,-4.740001,55.9602,4.627700
CID22,0.582305,1.971961,-6.919163,65.4323,6.004541
CID22,0.583360,2.147588,-6.387620,63.6214,5.091162
CID22,0.585245,2.480223,-5.297244,59.5912,5.742760
CID22,0.590778,2.407154,-5.466569,61.0911,4.401229
CID22,0.594623,2.541235,-5.182376,58.6200,5.180615
CID22,0.603631,2.283180,-5.803986,62.9337,4.730302
CID22,0.615478,2.150821,-6.037929,64.4650,5.465788
CID22,0.616575,1.945523,-7.162759,66.4249,4.740982
CID22,0.622044,2.115954,-5.793274,60.4010,3.699408
CID22,0.640966,2.196296,-6.276983,62.8506,4.550349
CID22,0.647177,2.145658,-6.254202,64.6219,4.917159
CID22,0.655636,1.670403,-8.041850,69.3113,5.242657
CID22,0.656324,1.767427,-7.850400,68.0854,4.103991
CID22,0.660613,2.204878,-6.144878,63.0538,5.392856
CID22,0.667902,1.641970,-7.559175,68.6355,3.267657
CID22,0.670956,1.742646,-7.873060,69.4494,4.185262
CID22,0.671409,1.943921,-6.820811,67.3378,5.013028
CID22,0.682852,1.806468,-7.375585,68.9429,4.222436
CID22,0.685887,1.962471,-7.135073,66.1722,4.197064
CID22,0.689908,1.831716,-7.425728,68.6220,4.242500
CID22,0.694013,1.541821,-8.620400,71.8461,4.058775
CID22,0.698562,1.583728,-8.812825,71.1223,4.004984
CID22,0.706414,1.472945,-8.253434,70.6310,3.172947
CID22,0.706677,1.482832,-8.607759,71.9407,4.812874
CID22,0.711890,1.520344,-8.086291,72.4404,3.069644
CID22,0.715400,1.917547,-7.254865,67.1752,4.547647
CID22,0.717777,1.439492,-8.864861,73.4551,4.302433
CID22,0.718123,1.571551,-8.469537,71.2053,3.590577
CID22,0.722282,1.490402,-8.337067,73.2828,3.807988
CID22,0.722662,1.694555,-7.808883,69.9953,3.879444
CID22,0.724029,1.397380,-9.519283,73.7321,3.510453
CID22,0.735344,1.379182,-9.176009,74.6380,3.648544
CID22,0.735862,1.307469,-8.870268,73.3194,2.764041
CID22,0.749190,1.418816,-9.119818,74.5423,3.925528
CID22,0.754691,1.278039,-9.069576,74.8545,2.900472
CID22,0.766752,1.331830,-9.793810,74.4229,3.416491
CID22,0.777298,1.220857,-9.443937,77.3043,3.198076
CID22,0.777594,1.345285,-9.235011,74.2334,4.867769
CID22,0.783150,1.564102,-8.521594,71.7684,4.188043
CID22,0.791035,1.257582,-9.720279,76.8097,3.154672
CID22,0.793743,1.271863,-9.703112,76.4231,3.618314
CID22,0.795459,1.263034,-9.896626,76.9901,4.084726
CID22,0.796075,1.106331,-9.892673,76.4055,2.657117
CID22,0.801489,1.278132,-10.111741,75.2848,3.516299
CID22,0.801683,1.115869,-10.151459,77.0842,3.809362
CID22,0.801743,1.125967,-9.636583,77.2527,2.874769
CID22,0.816784,0.978689,-10.951733,81.0035,3.016978
CID22,0.827844,1.116958,-10.512335,78.7883,3.896790
CID22,0.829807,1.086235,-10.611553,79.0395,3.489047
CID22,0.832565,1.086808,-10.694167,79.5907,3.247352
CID22,0.834046,1.143819,-10.601942,77.2959,3.188572
CID22,0.841748,0.868092,-11.479174,80.9127,3.056916
CID22,0.842388,0.966656,-10.653012,80.1044,2.805755
CID22,0.844515,0.967839,-10.591687,79.2672,2.291488
CID22,0.855956,1.228289,-9.875241,77.1820,4.364338
CID22,0.862680,0.914094,-11.474538,82.8598,2.906363
CID22,0.864542,1.053080,-10.946113,78.5633,2.841462
CID22,0.866110,0.998503,-11.117048,80.8390,3.339002
CID22,0.867578,1.059158,-10.865897,80.1092,3.449399
CID22,0.877122,0.737504,-12.311190,83.0624,2.905726
CID22,0.883581,0.888603,-11.027946,81.4824,2.506390
CID22,0.884746,0.749311,-11.993752,82.7292,1.747819
CID22,0.885740,0.931391,-11.633451,82.4194,3.680052
CID22,0.888729,0.960605,-11.339548,80.2182,2.541848
CID22,0.891133,0.964239,-11.518052,81.8961,3.811237
CID22,0.891410,0.821039,-12.135566,84.0667,3.423643
CID22,0.894306,0.470086,-14.253865,87.0050,1.814955
CID22,0.894372,0.618287,-13.152960,87.7276,2.613352
CID22,0.894600,0.527714,-14.106902,86.7728,1.407390
CID22,0.894678,0.867416,-11.819778,81.3087,2.482488
CID22,0.894741,0.990372,-11.047013,80.7332,3.209059
CID22,0.894809,0.778077,-11.740633,83.3167,2.622464
CID22,0.895123,0.669831,-13.146047,86.6980,3.501663
CID22,0.895280,0.832514,-12.150707,84.1030,3.479749
CID22,0.895295,0.609730,-13.890443,87.9928,2.873461
CID22,0.895659,0.323304,-16.001669,91.1405,0.833522
CID22,0.895766,0.320584,-15.851310,90.3964,1.356615
CID22,0.896378,0.762502,-12.444403,83.3765,2.217661
CID22,0.413836,3.865037,-1.675377,40.1072,6.163935
CID22,0.552494,3.029804,-4.028977,48.5407,5.334295
CID22,0.555389,2.832122,-3.570563,49.6337,5.113464
CID22,0.597947,2.331644,-5.145767,57.7351,4.916304
CID22,0.605695,3.200578,-2.933827,47.9097,6.932771
CID22,0.623736,2.786065,-4.399853,53.8937,4.447739
CID22,0.635721,3.071000,-3.230017,49.3838,6.182804
CID22,0.643431,2.620774,-4.814705,53.7775,4.816446
CID22,0.645265,3.019295,-3.614478,51.4277,4.278941
CID22,0.648833,2.316806,-4.938622,57.0716,4.694901
CID22,0.667823,2.584687,-4.182849,54.9982,5.944258
CID22,0.669575,3.079864,-3.107898,48.1269,5.107191
CID22,0.682385,2.652441,-4.102253,55.5359,5.283866
CID22,0.684191,1.949384,-6.086198,61.4815,4.870580
CID22,0.687199,2.277224,-5.863451,58.1150,3.873215
CID22,0.688165,2.257172,-5.848764,59.3984,3.657640
CID22,0.691462,2.415078,-5.114666,58.1740,3.734532
CID22,0.700658,1.920972,-6.555578,63.6680,3.991422
CID22,0.705450,2.243104,-5.401196,60.2632,6.483088
CID22,0.713122,2.348942,-5.194659,58.8740,4.767402
CID22,0.715993,2.553382,-4.144792,56.5849,5.258870
CID22,0.717779,1.744269,-6.864873,64.1183,3.886236
CID22,0.721091,1.847286,-6.985968,64.4619,3.403119
CID22,0.726139,2.011739,-6.343075,61.6499,3.531216
CID22,0.727535,2.150622,-5.790414,60.7359,3.721684
CID22,0.738003,1.672248,-7.432662,67.0280,3.644847
CID22,0.738803,1.910107,-6.160229,64.1747,5.669028
CID22,0.747158,2.066604,-6.341737,62.5264,4.071620
CID22,0.765014,1.653926,-7.540946,66.2166,3.351538
CID22,0.768002,1.763534,-7.040915,66.6079,2.973278
CID22,0.768454,1.975286,-6.073211,62.6745,4.081805
CID22,0.770563,1.673407,-7.246963,66.1751,3.664360
CID22,0.770842,1.516476,-7.544813,66.9496,3.932537
CID22,0.775516,1.705729,-7.429928,68.1721,5.774093
CID22,0.778675,1.624069,-7.603061,67.2572,3.747743
CID22,0.780382,1.448655,-8.179634,70.1253,3.360253
CID22,0.790894,1.512333,-7.614548,67.6383,3.641074
CID22,0.791027,1.256633,-8.506301,70.8542,3.548145
CID22,0.791895,1.461386,-8.128551,69.3614,2.854062
CID22,0.793686,1.658382,-7.414859,68.0957,3.154277
CID22,0.799166,1.360846,-8.609234,71.5127,3.540161
CID22,0.799219,1.363022,-8.416518,72.1976,4.330951
CID22,0.799598,1.592529,-7.609359,68.9540,3.335338
CID22,0.800284,1.372275,-8.483791,70.4119,3.159645
CID22,0.810925,1.380953,-8.073523,69.1693,3.611202
CID22,0.814434,0.999107,-9.682216,75.7587,2.949227
CID22,0.816483,1.230739,-8.814549,73.9258,2.345092
CID22,0.817574,1.316625,-8.706223,72.4918,3.887464
CID22,0.818603,1.255940,-8.786557,72.2716,3.201897
CID22,0.820371,1.174868,-9.105242,74.1722,2.835955
CID22,0.820373,1.205923,-8.952950,74.7549,3.463326
CID22,0.824436,1.227866,-8.740592,73.8566,2.802223
CID22,0.832364,1.098506,-9.205532,73.8437,3.090951
CID22,0.835756,1.140601,-9.389933,74.8514,3.560611
CID22,0.836837,0.816235,-10.452229,78.7870,2.388488
CID22,0.838645,1.052486,-9.530663,75.5703,2.464914
CID22,0.838772,1.127950,-9.400138,75.1805,2.253213
CID22,0.838795,1.058806,-9.664406,76.9428,2.173464
CID22,0.838849,1.071684,-9.614795,76.9672,3.440965
CID22,0.848778,0.978549,-9.905154,78.5770,2.094794
CID22,0.853274,1.001748,-9.940855,77.1850,3.330105
CID22,0.856966,0.972289,-10.141729,78.8051,3.035038
CID22,0.857540,1.008154,-9.762375,75.6402,3.080971
CID22,0.859240,0.526776,-13.101298,84.2004,1.965326
CID22,0.859581,0.944425,-10.100057,78.4998,2.195297
CID22,0.862849,0.888815,-10.571750,79.4804,1.778898
CID22,0.866364,0.871955,-10.499064,79.0416,1.751238
CID22,0.868397,0.903673,-10.469006,78.9696,2.938518
CID22,0.870370,0.862554,-10.873672,80.2839,1.676821
CID22,0.871499,0.724712,-11.212935,82.2415,1.856784
CID22,0.872131,0.748410,-11.100877,82.0025,2.350712
CID22,0.873575,0.629115,-12.011302,82.4138,1.515173
CID22,0.873609,0.721938,-11.096694,79.7897,2.105787
CID22,0.874270,0.520409,-13.618269,85.2241,1.443759
CID22,0.874808,0.805072,-10.940921,80.6579,2.269861
CID22,0.876706,0.320235,-15.335681,88.1144,1.977554
CID22,0.880845,0.499805,-13.763115,86.5496,1.274038
CID22,0.882416,0.535046,-12.863877,85.2833,1.430374
CID22,0.882929,0.541098,-12.760140,85.5170,2.362473
CID22,0.883431,0.652609,-11.747949,83.0911,1.667558
CID22,0.883908,0.367375,-14.790661,88.0685,0.829009
CID22,0.388693,3.735827,-1.731994,45.5224,6.133265
CID22,0.433356,2.912484,-3.641933,54.0400,5.218603
CID22,0.509300,2.899647,-3.393308,54.7522,4.605799
CID22,0.511221,2.864388,-3.481655,55.0897,5.364870
CID22,0.521225,3.014873,-3.229486,52.7530,4.869740
CID22,0.549502,2.575364,-4.514894,57.3942,4.689990
CID22,0.567385,3.024596,-3.341944,52.5490,5.470037
CID22,0.584287,3.260930,-2.390685,48.9472,6.989989
CID22,0.595527,2.550155,-4.534009,56.5336,5.062595
CID22,0.605003,2.443708,-5.015836,60.3118,3.858122
CID22,0.608291,2.344052,-5.263950,60.9755,5.048160
CID22,0.611103,2.360741,-5.017910,60.9180,4.095863
CID22,0.613983,2.260570,-5.527029,60.4006,3.921662
CID22,0.618720,2.577112,-4.654197,56.6050,5.531377
CID22,0.626880,2.716038,-3.742868,55.2758,5.779398
CID22,0.630664,2.112115,-6.071115,62.5132,4.037090
CID22,0.633088,2.406075,-5.143680,59.9686,5.608662
CID22,0.637916,2.195335,-5.929975,62.9687,3.976319
CID22,0.638580,1.978885,-6.630358,65.1315,4.579992
CID22,0.646998,1.922082,-6.913699,64.8243,3.959762
CID22,0.658536,2.319717,-5.621124,59.9066,5.616940
CID22,0.660928,2.106438,-5.989247,64.5483,3.994329
CID22,0.663785,1.710207,-7.467742,67.8649,3.134260
CID22,0.666533,2.366908,-5.145492,59.5282,5.520581
CID22,0.683389,2.278487,-5.660162,60.7191,4.724622
CID22,0.684032,1.827712,-7.250642,67.8194,3.526449
CID22,0.684595,1.747789,-7.420663,68.0233,3.917923
CID22,0.689673,1.558156,-8.267348,70.7130,3.070009
CID22,0.689972,1.989331,-6.664469,65.5152,4.113926
CID22,0.699166,1.664402,-7.866724,68.5315,3.472824
CID22,0.700746,1.925849,-7.121335,65.1328,4.576407
CID22,0.701550,1.794214,-7.057662,69.1598,3.727632
CID22,0.702432,2.068474,-6.359530,63.4091,4.790475
CID22,0.720649,1.372841,-8.654032,72.6537,2.775676
CID22,0.725025,1.706378,-7.687870,69.2001,3.347605
CID22,0.728712,1.576636,-8.034659,70.6016,3.870456
CID22,0.729122,1.756048,-7.450361,67.4752,3.731289
CID22,0.729729,1.748786,-8.016439,67.6125,3.620575
CID22,0.729848,1.590213,-8.039518,69.4561,3.434473
CID22,0.731519,1.580625,-8.149066,71.2525,4.045390
CID22,0.733229,1.526781,-8.204950,72.6001,3.174432
CID22,0.739024,2.037744,-6.637066,64.3459,4.966774
CID22,0.742261,1.516950,-8.429561,70.9176,3.148366
CID22,0.745851,1.340263,-8.889098,73.6671,3.870409
CID22,0.745893,1.506458,-8.839087,71.1101,3.433276
CID22,0.747483,1.188327,-9.430401,75.4751,2.484868
CID22,0.757858,1.503032,-8.471266,71.3716,3.571160
CID22,0.758973,1.441860,-8.535916,73.7957,2.923107
CID22,0.760492,1.395716,-8.857261,73.9668,2.680623
CID22,0.766963,1.248833,-9.250070,75.4404,2.548077
CID22,0.773038,1.463472,-9.192240,71.9458,3.457720
CID22,0.779187,1.010685,-10.280614,77.9986,3.208996
CID22,0.781391,1.331402,-9.081367,73.4274,3.287731
CID22,0.785445,1.041981,-10.117619,77.9937,2.218236
CID22,0.793098,1.318538,-9.071981,74.2870,2.747445
CID22,0.793340,1.018873,-10.276806,79.2135,2.348941
CID22,0.797983,1.211626,-9.384634,76.6773,2.701257
CID22,0.802219,1.416428,-9.398163,72.8646,3.251553
CID22,0.802268,1.188551,-9.571285,76.4433,2.499788
CID22,0.812994,1.162548,-9.646626,75.8578,2.523066
CID22,0.814471,1.056271,-10.275213,79.1010,2.579801
CID22,0.824407,0.845661,-11.256118,80.2444,2.730826
CID22,0.825686,1.160128,-9.613724,76.4996,2.544568
CID22,0.829040,1.243143,-9.962549,74.8650,2.782514
CID22,0.837195,0.808078,-11.373158,81.1746,1.680751
CID22,0.839302,1.029819,-10.110938,78.6932,2.433248
CID22,0.841147,1.071753,-10.077465,77.5181,2.423500
CID22,0.845747,0.946957,-10.899914,80.1597,1.897538
CID22,0.847096,0.822741,-11.318386,82.6799,2.036767
CID22,0.848951,1.046558,-10.211544,78.8424,2.256934
CID22,0.850945,1.102108,-10.603038,76.8297,2.406942
CID22,0.855399,0.914268,-11.066636,80.8891,2.022986
CID22,0.856029,0.525876,-13.793572,85.2914,2.308689
CID22,0.856312,0.953849,-10.590648,79.7443,2.327838
CID22,0.856424,0.579849,-13.375244,85.4710,1.552912
CID22,0.856781,0.841798,-11.253959,82.0986,1.856783
CID22,0.856988,0.833639,-11.004902,81.3904,2.049110
CID22,0.857165,1.047075,-10.939500,77.8596,2.238307
CID22,0.857843,0.622913,-12.996972,85.3755,1.590305
CID22,0.858161,0.353571,-15.738044,89.8745,1.040220
CID22,0.858221,0.813820,-11.409724,82.1885,1.833263
CID22,0.858386,0.609145,-13.262710,86.2226,1.451426
CID22,0.858448,0.691462,-12.255185,84.9500,1.534992
CID22,0.858706,0.337248,-15.626222,88.8186,1.681161
CID22,0.858727,0.659481,-12.444884,85.3107,1.515141
CID22,0.858784,0.963335,-11.337166,79.0953,2.175974
CID22,0.861251,0.833386,-12.048906,81.4089,2.148525
CID22,0.382313,4.106347,-0.850809,38.8545,5.875793
CID22,0.475193,4.459825,-0.148449,32.9399,7.423154
CID22,0.478607,3.362599,-3.225343,46.3399,5.773536
CID22,0.480153,4.273612,-0.793494,35.0141,5.719131
CID22,0.487020,4.230835,-0.970542,36.8387,5.756222
CID22,0.503266,3.282197,-2.717721,46.6058,5.019398
CID22,0.536501,3.135648,-2.878043,49.5086,5.021435
CID22,0.541979,2.903791,-3.918387,52.0822,6.432063
CID22,0.542191,2.874996,-3.764941,52.8534,4.274316
CID22,0.542751,3.644688,-1.810869,42.5561,7.027571
CID22,0.555256,3.273470,-2.806542,46.4603,4.526010
CID22,0.559820,2.676892,-4.185298,54.0160,4.208281
CID22,0.560109,3.363988,-2.638920,46.3347,6.559424
CID22,0.571358,2.905459,-3.464292,51.0576,4.314723
CID22,0.579121,3.023957,-3.311674,50.2359,4.926545
CID22,0.594605,2.483913,-4.806476,56.5122,3.974606
CID22,0.596988,2.377100,-5.341896,58.4019,3.315787
CID22,0.600631,2.993598,-3.100978,49.4109,5.364434
CID22,0.609663,2.379254,-5.247083,58.2594,3.791822
CID22,0.612620,2.814347,-3.541066,51.7594,3.912011
CID22,0.632408,2.499420,-4.690349,57.2166,4.540770
CID22,0.641285,2.574875,-4.332555,55.6363,4.778708
CID22,0.644954,2.547293,-4.864656,55.9980,3.691695
CID22,0.646449,1.921501,-6.712428,63.7181,3.683989
CID22,0.647425,2.613536,-4.222409,54.6868,3.531359
CID22,0.647758,2.434610,-5.040965,56.8926,5.068123
CID22,0.655546,2.092822,-6.087130,61.1255,3.723632
CID22,0.658122,2.012867,-6.176163,62.4711,4.071434
CID22,0.666394,2.287274,-5.255464,59.2133,3.378155
CID22,0.667238,1.958348,-6.535747,63.6129,3.174380
CID22,0.685906,2.123471,-6.138523,61.3924,4.295797
CID22,0.686277,2.102771,-6.112008,61.3220,3.491624
CID22,0.691602,2.010050,-6.478651,63.1443,3.129784
CID22,0.696185,1.739766,-7.213526,66.3402,3.180353
CID22,0.696935,1.727998,-7.274961,66.2810,3.167905
CID22,0.697947,2.055177,-6.122671,62.9345,3.459478
CID22,0.699038,1.729337,-7.226199,66.9204,4.011317
CID22,0.702248,1.832905,-6.942860,65.1598,3.252454
CID22,0.711307,2.122533,-5.864639,61.7573,3.377411
CID22,0.715128,1.881592,-6.972363,64.5652,3.692597
CID22,0.718140,1.710468,-7.435513,66.5074,3.751148
CID22,0.726841,1.722271,-7.268584,66.6469,3.003002
CID22,0.731964,1.525112,-8.109308,69.7629,2.888185
CID22,0.745105,1.496598,-8.082788,69.4836,2.619480
CID22,0.755185,1.687058,-7.461849,67.6165,3.195628
CID22,0.758842,1.621259,-7.676267,69.4031,2.832793
CID22,0.766044,1.771947,-7.357361,65.8217,3.904057
CID22,0.777470,1.556684,-7.780056,69.4414,3.966631
CID22,0.777798,1.449874,-8.483209,70.5550,2.518386
CID22,0.787972,1.238149,-9.276612,72.7214,2.694668
CID22,0.788399,1.508696,-8.145691,69.6598,2.873890
CID22,0.788505,1.553386,-8.012528,69.2451,2.434045
CID22,0.794789,1.318222,-8.840881,71.5575,2.398290
CID22,0.795366,1.668743,-7.752028,67.2280,3.319287
CID22,0.796898,1.302242,-8.933273,72.7512,3.444725
CID22,0.804276,1.269046,-9.249229,73.2226,2.358543
CID22,0.804280,1.210558,-9.372343,74.6725,2.327998
CID22,0.808044,1.443557,-8.432940,71.2200,2.887339
CID22,0.813005,1.296622,-9.054988,72.6831,2.543030
CID22,0.815294,1.507839,-8.371106,69.7238,2.927904
CID22,0.818487,1.107014,-10.112946,76.0261,2.468132
CID22,0.822161,1.287449,-9.198064,73.4513,2.320721
CID22,0.822780,1.007286,-10.240798,77.6860,3.599656
CID22,0.827752,1.033458,-10.098433,76.2109,2.297007
CID22,0.830082,1.121970,-9.910274,75.7389,2.115685
CID22,0.834845,1.317903,-9.232632,72.2372,2.663344
CID22,0.837445,1.170607,-9.528444,74.6815,2.703511
CID22,0.840721,0.921894,-10.885343,79.0514,2.099042
CID22,0.846728,1.114070,-9.818478,76.0044,2.290432
CID22,0.848736,0.834272,-11.424016,79.9659,1.775462
CID22,0.855455,1.228589,-9.716601,74.2068,2.717155
CID22,0.856589,0.816871,-11.329571,80.6483,2.942382
CID22,0.858873,0.846730,-11.412237,80.3568,1.876750
CID22,0.862722,1.001020,-10.561268,77.7524,1.798734
CID22,0.862975,0.934740,-10.545943,77.9091,1.915098
CID22,0.863764,1.016267,-10.300731,77.0078,2.250180
CID22,0.867609,0.822705,-11.703180,81.2311,2.007017
CID22,0.876953,1.092500,-10.556209,76.3370,2.567246
CID22,0.878624,0.588873,-13.244168,84.6635,1.519629
CID22,0.880460,0.835458,-11.387509,80.7259,1.965784
CID22,0.890187,0.548632,-13.737703,85.6108,2.124209
CID22,0.890480,0.828928,-11.553255,80.8034,2.034019
CID22,0.890492,0.532486,-14.306056,86.1798,1.355839
CID22,0.890534,0.742964,-11.593665,80.6713,1.804457
CID22,0.890581,0.620620,-13.293243,84.5481,1.698020
CID22,0.890740,0.497093,-14.495936,87.3174,1.205159
CID22,0.890984,0.927577,-11.483704,78.7888,2.356893
CID22,0.891225,0.345185,-15.403887,89.1768,0.842389
CID22,0.891408,0.592279,-13.515217,84.7062,1.791405
CID22,0.891770,0.367113,-15.402874,89.3095,1.332346
CID22,0.347684,2.755637,-3.646471,51.7383,4.792504
CID22,0.394427,2.999874,-3.264821,51.3957,6.187927
CID22,0.396662,2.336797,-5.306284,59.7494,5.599152
CID22,0.412780,2.198848,-5.786864,60.9346,5.279755
CID22,0.414410,2.097356,-6.308894,63.0551,5.258340
CID22,0.419274,2.850464,-4.173218,55.8289,6.971595
CID22,0.432979,2.099717,-6.181614,62.6828,4.592906
CID22,0.440992,2.449022,-5.172879,57.6195,5.607426
CID22,0.458164,2.283892,-5.730022,61.2493,5.716374
CID22,0.480174,1.949800,-6.698874,64.9450,4.761706
CID22,0.484016,2.069119,-6.087932,63.8107,4.259692
CID22,0.485326,1.878366,-6.975991,65.4784,4.819366
CID22,0.493414,2.047542,-6.332275,61.7583,3.701640
CID22,0.496961,2.319415,-5.995873,62.0272,5.516854
CID22,0.497852,2.181889,-6.060078,61.4751,4.681176
CID22,0.502944,1.841573,-7.332050,66.5965,4.547573
CID22,0.532509,1.900779,-6.876064,65.4969,3.913090
CID22,0.536218,1.741790,-7.536382,67.9736,4.921061
CID22,0.537069,1.720008,-7.562404,68.2506,4.585173
CID22,0.542166,1.904694,-7.137286,67.0002,5.085755
CID22,0.542316,1.708679,-7.355301,69.2436,3.730384
CID22,0.542564,1.978177,-6.814226,65.0025,4.473353
CID22,0.547393,1.549957,-8.245169,70.6477,3.756755
CID22,0.548058,2.108789,-6.576869,64.7515,5.390223
CID22,0.556596,1.539717,-8.197039,70.6326,4.203572
CID22,0.557775,1.353295,-9.139289,74.0549,3.781282
CID22,0.559057,1.484188,-8.494141,71.7954,3.348189
CID22,0.562026,1.424854,-8.749332,72.7665,3.236718
CID22,0.568264,1.728891,-7.591743,68.3032,2.988675
CID22,0.585718,1.655594,-7.821649,68.6406,3.101989
CID22,0.589590,1.617065,-7.985152,69.5412,3.683243
CID22,0.597992,1.765054,-7.615901,69.3248,4.566460
CID22,0.598005,1.402030,-8.782226,73.3488,3.004910
CID22,0.607094,1.468214,-8.484429,71.8498,3.842947
CID22,0.614406,1.399603,-8.912601,72.3273,2.789125
CID22,0.616027,1.534210,-8.358396,72.1480,3.710050
CID22,0.628923,1.421985,-8.886010,72.5885,3.319067
CID22,0.638268,1.193597,-9.817567,76.7778,2.885823
CID22,0.645462,1.402691,-8.736950,72.8519,3.815095
CID22,0.648153,1.692631,-7.898279,70.0959,4.746915
CID22,0.650403,1.211278,-9.825006,75.5707,2.680789
CID22,0.652686,1.230645,-9.516656,76.0234,2.952675
CID22,0.656008,1.249505,-9.436559,75.7552,2.842690
CID22,0.656483,1.255546,-9.444699,75.0922,2.909960
CID22,0.664941,1.230984,-9.634650,75.7385,2.968365
CID22,0.666212,1.262915,-9.619122,76.3383,2.957901
CID22,0.669034,1.272863,-9.225236,74.8427,3.022627
CID22,0.669555,1.091215,-10.456106,77.5786,2.343335
CID22,0.669923,1.144742,-9.899843,77.3332,2.740482
CID22,0.672507,1.089179,-10.160567,78.2632,2.954760
CID22,0.681628,1.113289,-10.203296,78.2544,2.767736
CID22,0.687663,1.281651,-9.507854,75.9397,3.084345
CID22,0.688004,1.138833,-9.938862,77.4354,2.802986
CID22,0.689349,1.046571,-10.537819,79.2112,2.407001
CID22,0.693947,1.092148,-10.198712,77.8518,2.601524
CID22,0.697472,1.152874,-9.948934,76.7906,3.641648
CID22,0.698999,1.021463,-10.598849,80.2089,2.401894
CID22,0.702027,0.978312,-10.614189,80.1025,2.546751
CID22,0.702095,0.920241,-11.340929,80.8706,2.301291
CID22,0.712857,0.912606,-11.138490,81.4749,2.154706
CID22,0.716546,1.043598,-10.360260,78.6048,2.768342
CID22,0.720012,0.988191,-10.832565,80.1341,2.584679
CID22,0.722787,1.007050,-10.653443,79.3613,2.291286
CID22,0.726391,1.091411,-10.212642,77.9568,2.995418
CID22,0.728863,0.803857,-11.979129,83.0515,2.135533
CID22,0.734630,0.779455,-12.158637,83.4347,2.054807
CID22,0.735188,0.826522,-11.887308,82.7097,2.079524
CID22,0.735376,0.699066,-12.937013,84.1547,2.069290
CID22,0.737329,1.063257,-10.582614,79.0047,2.640723
CID22,0.746407,0.938940,-11.019678,80.5873,2.340339
CID22,0.753195,0.770398,-12.184119,82.8415,1.820264
CID22,0.756112,1.004756,-10.724317,79.5055,2.422868
CID22,0.761403,0.652150,-13.248382,85.3486,1.593133
CID22,0.765800,0.770642,-12.240733,83.4284,2.399802
CID22,0.766689,0.716155,-12.758993,84.5874,1.972218
CID22,0.769404,0.581809,-13.899087,86.1483,2.037234
CID22,0.774540,0.721169,-12.580789,84.3354,1.946145
CID22,0.779091,0.868293,-11.858980,81.9081,2.058158
CID22,0.792843,0.775446,-12.128205,83.0174,2.232748
CID22,0.807635,0.583198,-13.734985,86.0555,1.769439
CID22,0.809862,0.474521,-14.633833,88.4806,1.218254
CID22,0.816684,0.868358,-11.391383,81.5547,2.359003
CID22,0.823899,0.376343,-15.352259,89.6394,1.506613
CID22,0.826951,0.573771,-13.837157,86.4433,1.603685
CID22,0.829132,0.561549,-13.798776,86.7651,1.682147
CID22,0.829383,0.420268,-15.200776,89.3059,1.242998
CID22,0.836012,0.481470,-14.923299,87.9208,1.282385
CID22,0.838893,0.283164,-16.199253,91.5593,0.843441
CID22,0.844069,0.253881,-16.331882,91.6128,1.148550
CID22,0.312862,3.343726,-2.012408,41.7323,5.640643
CID22,0.420503,2.576321,-4.080060,52.1800,5.302077
CID22,0.461421,2.886911,-3.229360,51.3264,7.656116
CID22,0.492001,2.659841,-4.172106,55.6365,7.621555
CID22,0.497077,2.081682,-6.078320,60.2193,4.798158
CID22,0.502837,2.746922,-4.177482,54.8909,9.164007
CID22,0.504961,1.903563,-6.648417,63.7373,4.956192
CID22,0.534852,2.439138,-4.582118,57.2887,6.888128
CID22,0.548448,2.881145,-3.732030,53.5948,7.349822
CID22,0.557356,2.190275,-5.920850,62.8286,6.702807
CID22,0.557947,1.788553,-7.073104,66.0527,4.573519
CID22,0.585346,1.770396,-8.409198,66.8742,5.562092
CID22,0.586614,2.185451,-5.749860,60.8267,5.579487
CID22,0.586881,1.858486,-6.914115,63.9659,4.881315
CID22,0.597749,2.248575,-5.836912,62.0979,6.104104
CID22,0.598208,2.146666,-6.426375,62.9890,6.397523
CID22,0.602492,2.427975,-5.133075,59.4889,5.895381
CID22,0.603444,1.533690,-7.890203,69.3984,4.344978
CID22,0.618550,1.965003,-6.779630,65.0073,5.806895
CID22,0.626777,1.741968,-7.327256,65.9169,4.508265
CID22,0.627001,1.961558,-6.675075,64.1383,4.713150
CID22,0.628866,1.214310,-9.628916,75.0371,3.282548
CID22,0.632452,2.240699,-5.876204,62.5075,4.914750
CID22,0.636159,1.484741,-8.573635,70.8476,4.796362
CID22,0.639519,1.506746,-9.389642,70.8098,5.132387
CID22,0.644396,1.841314,-7.366688,67.1976,5.334635
CID22,0.651319,1.684397,-7.680426,68.4121,5.500464
CID22,0.652486,1.633856,-7.687353,67.4690,5.535566
CID22,0.654655,1.897702,-7.100302,65.3437,5.381978
CID22,0.654706,1.661417,-7.795743,69.5902,5.675777
CID22,0.658813,1.363211,-9.208893,72.1894,4.026186
CID22,0.663783,1.096169,-10.201054,77.1233,3.441479
CID22,0.665681,1.868712,-7.520600,65.6864,4.282281
CID22,0.679223,1.490332,-8.341137,71.7022,4.416325
CID22,0.683911,1.334237,-10.046728,73.5194,4.226325
CID22,0.684148,1.517149,-8.649446,71.0720,5.089984
CID22,0.684646,1.414286,-8.582375,72.7286,4.229796
CID22,0.687179,1.229071,-9.976258,74.3010,3.583266
CID22,0.693960,1.745171,-7.976175,67.1561,4.489600
CID22,0.696799,0.980718,-10.905002,78.6078,2.572634
CID22,0.703762,1.627728,-8.039953,68.9950,5.001051
CID22,0.705784,1.350870,-9.243582,73.4666,3.544158
CID22,0.710150,1.220233,-10.383463,75.2321,4.025666
CID22,0.711797,1.174719,-10.268992,75.8444,3.389325
CID22,0.717447,1.281854,-9.121067,73.5520,3.636605
CID22,0.724993,1.287054,-9.750538,74.3396,4.689146
CID22,0.725546,1.474142,-8.639110,69.4658,4.340131
CID22,0.727310,1.435551,-9.101992,71.9052,4.992405
CID22,0.732452,1.125526,-10.664684,76.6294,3.185406
CID22,0.733684,0.864011,-11.320106,80.5402,2.334838
CID22,0.740770,1.200498,-10.040782,75.3168,2.977139
CID22,0.747502,1.147946,-10.600149,75.7814,4.343049
CID22,0.763339,1.159956,-10.027864,76.2748,3.889727
CID22,0.766744,1.254024,-9.657742,73.5042,3.829148
CID22,0.770419,1.095527,-10.089739,75.9007,3.268647
CID22,0.772235,1.083064,-10.777555,77.1451,3.214848
CID22,0.779712,1.042745,-11.047655,77.3978,3.605433
CID22,0.781784,0.817253,-11.807408,82.4423,1.851899
CID22,0.784044,1.208804,-10.302961,74.3126,3.387746
CID22,0.786104,1.094575,-10.561488,76.6783,2.963483
CID22,0.792181,1.131794,-10.617056,75.8346,3.990053
CID22,0.814416,0.992395,-11.133459,77.8724,2.837171
CID22,0.820505,1.028806,-10.373167,76.8974,3.261628
CID22,0.823157,0.917955,-11.542772,79.2847,3.580704
CID22,0.825596,0.952159,-11.723369,79.3526,3.455577
CID22,0.827385,0.621781,-13.536308,85.4033,1.618993
CID22,0.828002,1.073833,-10.601877,77.6448,3.877173
CID22,0.830619,0.998231,-11.253296,78.1858,3.225452
CID22,0.834021,0.917354,-11.554387,80.0021,2.575244
CID22,0.835284,1.088941,-10.962407,76.7206,3.022449
CID22,0.854861,0.908102,-11.633413,79.6525,3.225122
CID22,0.855237,0.869994,-11.679795,79.9572,2.892328
CID22,0.858849,0.471019,-14.732919,88.4245,1.204409
CID22,0.859961,0.922257,-11.883611,80.5760,3.506272
CID22,0.865395,0.844738,-11.850273,80.8705,3.683732
CID22,0.865461,0.834098,-11.591535,79.5611,3.324516
CID22,0.880607,0.801644,-12.393569,82.3651,2.779968
CID22,0.882619,0.877972,-11.879981,80.0479,2.677642
CID22,0.890185,0.893689,-11.524487,80.1653,3.629691
CID22,0.898192,0.841711,-12.234334,81.5796,3.249742
CID22,0.905685,0.448261,-14.874873,87.9217,1.916896
CID22,0.906469,0.300564,-16.388220,91.8450,0.898493
CID22,0.906819,0.833112,-12.427019,81.2734,2.710811
CID22,0.907232,0.798393,-12.255531,81.5870,2.799169
CID22,0.908177,0.621996,-13.399507,83.4364,3.252939
CID22,0.911243,0.761038,-12.792279,83.2228,2.836899
CID22,0.914847,0.765994,-12.524576,82.7420,2.652950
CID22,0.915172,0.312761,-16.074074,90.7499,1.068262
CID22,0.917377,0.685985,-13.020527,83.5360,2.282245
CID22,0.498945,3.024343,-3.445188,53.4777,5.376698
CID22,0.514070,2.916649,-3.472192,51.7874,4.626141
CID22,0.600764,2.375423,-5.382906,60.9417,5.030011
CID22,0.613524,2.976954,-3.581529,56.0946,5.373826
CID22,0.627155,2.585958,-3.970602,55.1465,4.328199
CID22,0.664221,3.032306,-3.352154,53.3533,6.861919
CID22,0.686170,1.952277,-6.883969,66.1083,4.890008
CID22,0.690790,2.784075,-3.674018,58.8358,7.449233
CID22,0.698083,2.296788,-5.277892,59.0706,4.182961
CID22,0.701288,3.052172,-3.408056,55.2508,7.040384
CID22,0.703661,2.458011,-5.470966,61.8656,5.203062
CID22,0.706022,2.912037,-3.901076,56.9697,5.765152
CID22,0.715973,1.642037,-7.845528,70.1753,4.723650
CID22,0.716648,2.484788,-5.364771,60.1297,4.761322
CID22,0.727133,2.409092,-5.627201,62.0715,5.326356
CID22,0.739932,2.199924,-5.791785,65.4211,6.280917
CID22,0.740524,1.638026,-7.578281,68.9538,3.653768
CID22,0.748688,1.468638,-8.533001,72.4211,3.990620
CID22,0.750093,2.462422,-5.194958,62.0083,5.472706
CID22,0.750807,2.196836,-6.338657,63.6515,4.295635
CID22,0.751048,2.174428,-6.437509,65.6081,4.622199
CID22,0.751076,2.356392,-5.781817,63.6524,4.764103
CID22,0.773178,2.014881,-6.889232,66.4691,5.065420
CID22,0.774689,1.333004,-9.089905,74.6385,3.873903
CID22,0.775494,1.521232,-8.098491,70.8283,3.371762
CID22,0.776790,1.905844,-6.958766,68.1300,6.006794
CID22,0.779257,2.006684,-7.060042,66.4576,4.331933
CID22,0.788240,1.935273,-7.246239,67.6499,3.973547
CID22,0.789831,2.061928,-6.789082,66.8459,5.247006
CID22,0.801721,1.555190,-8.615680,73.3420,3.456071
CID22,0.806862,1.957731,-6.941196,67.9575,4.700859
CID22,0.815405,1.347738,-8.648007,73.2357,3.003659
CID22,0.819496,1.607578,-7.944544,72.6347,6.123109
CID22,0.827240,1.801014,-7.611981,69.5273,5.215747
CID22,0.827382,1.677806,-7.998309,71.5169,3.831451
CID22,0.828537,1.651208,-8.528806,70.8627,3.821361
CID22,0.828548,1.155051,-9.969310,77.2684,4.275061
CID22,0.828787,1.554391,-8.359112,72.3458,3.991544
CID22,0.830410,1.573635,-8.413309,72.5613,4.055502
CID22,0.833032,1.600607,-8.150184,73.2858,4.496096
CID22,0.833538,1.318834,-9.375382,76.2724,2.874198
CID22,0.834322,1.462715,-8.522972,74.9723,3.132598
CID22,0.835314,1.160010,-9.517726,76.2751,2.464582
CID22,0.837053,1.490442,-8.777340,73.4190,3.863387
CID22,0.837777,1.597361,-8.382887,72.7149,3.770063
CID22,0.838106,1.504776,-9.134789,73.0983,3.536124
CID22,0.838583,1.348921,-9.169034,75.6550,3.629743
CID22,0.839828,0.840646,-11.532799,81.6465,2.960513
CID22,0.841490,1.409265,-9.223274,75.1348,3.960560
CID22,0.845186,1.286490,-9.339557,77.2950,2.841746
CID22,0.849575,1.295380,-9.090249,76.8188,2.897652
CID22,0.853001,1.000328,-10.513357,78.8743,2.257295
CID22,0.854063,1.322999,-9.898526,75.7913,4.034507
CID22,0.857031,1.234859,-9.801547,77.3981,2.636342
CID22,0.857296,1.170566,-10.111690,78.5079,2.866039
CID22,0.862237,1.179916,-9.995825,78.2322,2.697953
CID22,0.863777,0.714463,-12.259186,83.8366,2.833109
CID22,0.865481,1.262547,-9.901392,77.2332,3.478137
CID22,0.872055,1.024591,-10.754474,80.8148,2.634981
CID22,0.872717,1.046603,-10.178342,80.1469,3.112104
CID22,0.877938,1.259747,-10.131529,76.4545,3.159110
CID22,0.880091,1.030365,-10.832473,80.3490,2.598341
CID22,0.885287,1.135869,-10.512719,79.5211,2.904504
CID22,0.886079,1.054523,-10.674011,80.0176,2.640303
CID22,0.888298,0.741628,-11.964651,82.8290,1.631514
CID22,0.890529,1.052466,-10.770441,80.3041,2.531981
CID22,0.890843,1.210859,-10.401276,76.8283,2.978567
CID22,0.891793,0.427108,-14.559746,88.1448,1.951829
CID22,0.892521,0.949214,-11.153213,82.5587,2.175850
CID22,0.892708,0.949467,-10.574564,81.3971,2.428128
CID22,0.893036,1.074359,-10.843744,80.6835,3.485631
CID22,0.893168,0.874827,-11.744089,82.9693,2.753678
CID22,0.893531,0.953114,-11.190943,81.6045,2.720116
CID22,0.893704,1.072556,-10.936552,78.6853,2.875863
CID22,0.893757,0.554209,-13.856632,86.6031,1.364723
CID22,0.895288,0.947281,-11.497128,82.5328,3.303548
CID22,0.895487,0.961872,-11.475722,81.0955,2.819934
CID22,0.896034,0.953358,-11.283790,81.8976,2.551724
CID22,0.896438,0.267409,-16.163889,91.7615,1.133830
CID22,0.896465,0.779443,-12.233485,84.7427,2.764914
CID22,0.896633,0.748399,-11.807276,84.2662,2.004334
CID22,0.896666,0.601414,-13.630996,87.9403,2.104779
CID22,0.897611,0.591795,-13.731422,87.7282,2.512235
CID22,0.897657,0.898950,-11.772479,81.7641,2.654871
CID22,0.897801,0.337715,-15.916863,90.6291,0.856940
CID22,0.898187,0.814215,-12.222261,84.7767,3.318066
CID22,0.899833,0.814620,-12.161110,83.3253,2.324717
CID22,0.900675,0.639123,-13.263448,87.3057,2.562160
CID22,0.901727,0.621259,-13.344523,87.5516,2.624623
CID22,0.903600,0.716429,-12.963884,84.6842,2.244691
CID22,0.381007,3.775110,-2.183030,45.2859,8.781120
CID22,0.412437,3.203537,-2.959197,51.8376,6.207981
CID22,0.445099,2.928935,-4.019900,55.3880,6.296300
CID22,0.459743,3.718472,-2.275085,47.5435,8.369493
CID22,0.464990,2.992296,-3.817749,54.0938,5.869207
CID22,0.471026,3.673328,-2.067968,46.1144,6.234387
CID22,0.475488,3.477889,-3.001562,51.2008,6.386068
CID22,0.487305,3.438641,-2.973306,49.4674,5.906248
CID22,0.488518,2.830168,-3.696284,55.4814,4.488101
CID22,0.503338,3.042565,-3.708142,53.4919,7.126575
CID22,0.514079,2.597590,-4.955573,59.6337,5.735165
CID22,0.515687,2.970185,-3.883921,53.8189,7.745851
CID22,0.526817,2.517953,-5.035823,59.3996,6.320635
CID22,0.531380,2.569299,-4.959052,58.6974,5.890431
CID22,0.540847,3.008818,-3.618968,53.3037,5.761719
CID22,0.541330,2.786655,-3.974122,56.9682,6.042758
CID22,0.544597,2.829642,-4.241142,58.2897,5.075555
CID22,0.548142,2.385530,-4.761858,59.6783,3.884388
CID22,0.551723,2.353009,-5.607236,60.8376,5.790659
CID22,0.557281,2.670985,-4.192958,56.4047,6.737586
CID22,0.568695,2.136469,-6.492775,63.4996,5.352927
CID22,0.570731,2.402100,-5.212487,61.2090,5.686769
CID22,0.572069,2.316305,-5.721629,62.6258,4.818109
CID22,0.581957,2.535324,-4.919641,59.5152,5.683386
CID22,0.582237,2.794131,-3.991243,56.5726,5.285580
CID22,0.592029,2.069065,-6.776315,63.8917,5.004835
CID22,0.596777,2.135662,-6.668334,64.8809,5.194265
CID22,0.600114,2.339210,-5.907086,64.3541,5.065075
CID22,0.606359,1.955428,-7.164649,65.6238,5.104962
CID22,0.611891,2.401528,-5.212560,60.2256,4.996434
CID22,0.622480,1.998927,-6.871143,66.2205,4.133135
CID22,0.622580,1.832915,-6.950504,67.5861,3.429086
CID22,0.622943,2.000746,-6.973327,64.7562,5.207292
CID22,0.624182,1.977877,-7.305294,66.4337,4.607765
CID22,0.624395,2.094012,-6.541763,64.4536,5.070085
CID22,0.626585,1.836120,-7.654288,67.6141,4.757263
CID22,0.628903,1.696796,-7.349224,69.8248,3.061523
CID22,0.629369,1.860975,-7.515739,69.6066,4.469431
CID22,0.629470,1.909075,-7.578071,65.7764,4.944362
CID22,0.637801,1.764527,-7.776167,67.4449,5.149319
CID22,0.638865,2.065508,-6.518613,64.4194,4.511980
CID22,0.647958,1.823949,-7.728623,68.7544,4.010270
CID22,0.667860,1.675492,-8.278741,69.3083,5.013456
CID22,0.673626,1.484326,-8.418634,72.7257,2.737078
CID22,0.673942,1.986416,-6.812096,65.3661,5.007674
CID22,0.680807,1.835717,-7.673768,67.4137,4.499231
CID22,0.685016,1.744119,-8.136813,69.1919,4.434346
CID22,0.687879,1.578506,-8.632022,70.1901,4.825344
CID22,0.688120,1.619081,-8.803812,71.5258,3.406448
CID22,0.700401,1.573094,-8.864266,73.4014,4.268697
CID22,0.708180,1.782174,-8.044119,68.0383,4.775380
CID22,0.709277,1.239269,-9.544317,75.9261,2.333320
CID22,0.722359,1.427826,-9.261766,73.2467,4.500490
CID22,0.724156,1.536310,-9.041036,72.3141,3.261085
CID22,0.725374,1.680995,-8.283644,69.2679,4.606345
CID22,0.729468,1.674799,-8.570564,69.5799,4.787724
CID22,0.746326,1.075523,-10.941148,77.8717,4.280066
CID22,0.751875,1.294927,-10.349583,76.8612,4.101390
CID22,0.752576,1.074095,-10.511898,78.6497,2.123746
CID22,0.754143,1.489172,-9.472239,72.5107,4.673931
CID22,0.759563,1.660060,-8.679588,69.1409,4.624204
CID22,0.766191,1.480471,-9.228289,73.4485,2.972367
CID22,0.768699,1.579893,-8.791434,70.4817,4.360710
CID22,0.776393,1.295467,-9.990184,75.9999,3.941110
CID22,0.777869,1.475603,-9.308636,71.6244,4.165632
CID22,0.801080,1.191104,-10.793416,78.3162,3.847544
CID22,0.805166,0.805367,-11.866549,82.8552,1.990828
CID22,0.806124,1.345950,-9.851301,74.8050,2.847174
CID22,0.806599,0.912596,-11.770490,80.3973,3.820636
CID22,0.812245,1.490100,-9.319591,71.9293,4.557439
CID22,0.813574,1.583017,-9.007353,69.9002,4.726926
CID22,0.816208,1.382674,-9.808760,73.1357,4.527004
CID22,0.819537,1.302304,-10.313052,73.8220,4.140233
CID22,0.827413,1.110544,-10.845572,78.0002,3.951373
CID22,0.832277,1.224754,-10.309982,76.8622,2.702082
CID22,0.837727,0.571786,-13.756793,86.4446,1.491976
CID22,0.839118,1.249716,-10.469366,75.0612,4.323752
CID22,0.847985,0.887834,-12.268364,81.6811,3.921439
CID22,0.848543,0.462943,-14.683575,87.7845,2.097302
CID22,0.851259,1.464637,-9.648272,71.9138,4.627562
CID22,0.851642,1.120615,-10.765313,78.1466,2.672829
CID22,0.852310,1.036833,-11.428325,76.8704,4.204270
CID22,0.852371,1.227583,-10.639408,75.7823,4.405902
CID22,0.856731,1.117661,-11.087561,76.9716,4.387729
CID22,0.859597,0.350914,-15.998257,90.3353,0.913110
CID22,0.860385,0.293712,-16.189516,91.3272,1.253435
CID22,0.861021,1.007097,-11.184893,79.8051,2.882546
CID22,0.864242,1.369806,-10.156673,73.1854,4.435595
CID22,0.867878,1.056382,-11.380736,77.6057,4.372508
CID22,0.873356,0.906020,-11.783499,81.4266,2.198665
CID22,0.277319,3.517779,-2.831880,50.7116,4.723293
CID22,0.337911,3.495690,-2.781245,48.9197,4.879325
CID22,0.391031,3.293196,-3.498674,53.8711,4.796267
CID22,0.400496,2.636844,-4.776427,59.5425,3.840675
CID22,0.439511,3.783445,-2.202113,48.5574,5.743040
CID22,0.472721,2.704093,-4.588533,58.2530,4.275538
CID22,0.474359,3.049340,-3.386764,53.2772,4.180757
CID22,0.484335,3.476330,-2.698274,49.6772,7.757755
CID22,0.487455,2.570965,-5.172924,60.0957,4.578557
CID22,0.488845,3.021176,-3.686065,56.0758,4.594522
CID22,0.533617,2.526407,-5.028028,59.5480,3.411369
CID22,0.534737,2.114304,-6.322014,64.6306,3.469601
CID22,0.544778,2.943199,-3.643398,56.6013,4.926837
CID22,0.545643,2.674694,-4.033280,56.8053,3.858607
CID22,0.560272,2.390019,-5.667416,63.2365,3.628761
CID22,0.564718,2.856410,-4.006552,57.0057,7.832030
CID22,0.565819,2.183584,-6.388785,64.3783,3.671808
CID22,0.567682,2.156010,-6.398555,64.5103,3.773666
CID22,0.576614,1.749718,-7.601185,69.1371,3.862386
CID22,0.592717,2.282783,-6.218526,63.6240,4.336190
CID22,0.595789,1.887543,-6.883373,66.7635,3.328204
CID22,0.599639,2.272182,-5.863823,62.7903,3.403568
CID22,0.606496,2.279025,-5.798537,64.0060,3.831060
CID22,0.606667,2.395181,-5.659923,61.4880,6.241222
CID22,0.608358,2.125219,-6.559442,66.3431,3.303188
CID22,0.610513,1.920950,-7.284723,67.3528,3.666313
CID22,0.614641,1.946551,-7.049822,67.0678,3.362423
CID22,0.626355,1.538175,-8.430139,71.4996,2.890028
CID22,0.641973,1.687632,-7.551838,69.5959,2.920940
CID22,0.644054,1.898265,-7.850909,68.5852,3.579363
CID22,0.654770,2.065965,-6.579545,64.9643,4.948454
CID22,0.663973,1.631501,-8.068902,70.8041,3.006839
CID22,0.664728,1.765809,-7.549735,69.2399,2.626836
CID22,0.666558,1.538367,-8.429635,71.8437,3.499420
CID22,0.670038,1.760750,-7.488622,69.6566,3.002995
CID22,0.673942,1.720240,-7.838591,70.8432,2.893624
CID22,0.687856,1.337024,-9.140633,73.8988,3.421848
CID22,0.690329,1.704622,-8.650040,71.3287,3.678486
CID22,0.693884,1.657262,-7.993055,70.3461,4.061676
CID22,0.698029,1.481053,-8.202147,72.0345,2.633037
CID22,0.702305,1.518454,-8.386305,71.9886,2.914190
CID22,0.707166,1.516851,-8.576936,72.2190,2.544501
CID22,0.717053,1.690298,-7.901789,71.2892,2.788320
CID22,0.718445,1.322996,-9.199368,74.7160,2.427049
CID22,0.722767,1.393381,-8.762634,74.2476,2.571135
CID22,0.723108,1.474955,-9.499369,73.7111,2.956544
CID22,0.734281,1.397754,-9.029598,73.9800,3.858572
CID22,0.736554,1.154814,-9.868898,76.2967,2.702101
CID22,0.738518,1.455405,-8.660995,73.1729,2.588793
CID22,0.743608,1.254167,-9.268497,75.5894,2.507431
CID22,0.752230,1.391296,-9.829112,74.7158,2.860450
CID22,0.752748,1.304551,-9.264009,74.8651,2.454659
CID22,0.762037,1.254164,-9.498531,77.1054,2.296515
CID22,0.767468,1.133390,-10.086573,77.6490,2.117354
CID22,0.771221,1.287628,-9.316306,75.6072,2.881308
CID22,0.771645,1.219204,-9.610054,76.4458,3.556959
CID22,0.774052,1.082746,-10.206574,78.6220,2.199275
CID22,0.780612,1.071137,-10.179376,78.3254,2.249185
CID22,0.785526,1.355649,-9.991331,75.6543,2.587111
CID22,0.791035,0.858114,-11.533903,80.4522,2.421982
CID22,0.797033,1.034622,-10.224402,78.5821,2.048195
CID22,0.800655,1.115081,-10.077530,77.9682,2.840861
CID22,0.808306,1.052135,-10.338099,78.6542,3.122357
CID22,0.811832,1.032028,-10.693893,80.6364,1.982437
CID22,0.817234,1.005187,-10.698138,79.5430,1.846680
CID22,0.818817,1.222287,-10.530073,77.0938,2.648983
CID22,0.822666,0.951977,-11.063151,81.0284,2.012650
CID22,0.827433,0.807332,-11.586380,82.4569,1.705951
CID22,0.832354,1.019678,-10.597474,79.4072,2.160963
CID22,0.833953,0.688683,-12.388892,83.0741,2.056916
CID22,0.835502,0.963571,-10.503139,79.6760,1.879352
CID22,0.837379,1.092207,-11.081868,79.2355,2.282320
CID22,0.839412,0.948644,-10.895575,80.5524,2.603808
CID22,0.844501,0.807717,-11.865685,83.4053,1.640465
CID22,0.847064,0.877905,-11.326264,81.3243,1.936426
CID22,0.849346,0.886144,-11.292485,81.4488,2.076983
CID22,0.850238,0.571267,-13.333327,86.1423,1.358373
CID22,0.851209,1.025365,-11.447969,80.2653,2.174793
CID22,0.856976,0.708921,-12.450126,84.1692,2.130300
CID22,0.858657,0.539702,-14.272710,87.7990,1.168248
CID22,0.859938,0.747320,-11.616630,82.2892,1.757842
CID22,0.861141,0.417790,-14.778543,87.7649,1.679600
CID22,0.862367,0.925956,-11.849900,81.7015,2.113249
CID22,0.862901,0.672715,-12.756144,84.7026,1.526825
CID22,0.863145,0.707725,-12.545530,84.0866,1.766266
CID22,0.863568,0.335531,-15.733371,90.5202,0.818309
CID22,0.863569,0.450322,-14.864723,89.0880,1.300850
CID22,0.864665,0.528880,-14.084357,87.3672,1.505394
CID22,0.866850,0.262882,-16.212797,91.1312,1.178485
CID22,0.867249,0.827300,-12.418171,83.4781,1.935300
CID22,0.867421,0.475203,-14.445407,88.0865,1.149353
CID22,0.421354,2.691242,-4.546844,58.0488,5.084629
CID22,0.497143,2.218852,-5.383888,60.1120,5.271871
CID22,0.552457,2.274130,-5.441085,63.7273,4.959837
CID22,0.587856,2.098417,-6.510688,66.0258,6.251848
CID22,0.588960,2.696284,-4.380150,57.6671,6.298180
CID22,0.599181,1.952054,-6.991744,66.2333,4.275747
CID22,0.612239,2.754052,-4.460552,59.4037,13.132854
CID22,0.612865,2.028305,-6.135035,62.7852,4.340540
CID22,0.614849,2.628234,-4.920889,59.9768,5.860159
CID22,0.620311,2.562515,-4.592765,60.4304,5.983191
CID22,0.629652,1.843152,-6.790215,67.8103,4.217154
CID22,0.645851,1.733176,-7.516916,70.5793,4.117650
CID22,0.654837,2.177739,-6.278378,64.5167,5.140646
CID22,0.674479,1.833371,-6.972064,65.5182,4.068466
CID22,0.678320,1.550865,-8.213913,72.5149,4.407626
CID22,0.684455,1.656991,-7.996385,70.9425,3.863632
CID22,0.695290,2.125966,-6.513935,66.1637,4.812685
CID22,0.698102,1.875616,-7.665724,68.7899,5.592264
CID22,0.700153,2.169888,-6.252742,65.5041,6.017416
CID22,0.701567,1.502417,-8.121761,72.5969,3.054453
CID22,0.708452,1.864600,-7.162875,69.0943,4.946457
CID22,0.717614,1.882668,-7.174406,67.6348,5.049004
CID22,0.728142,1.309736,-9.183024,74.7628,3.423617
CID22,0.729587,1.261229,-9.422899,76.1422,3.426845
CID22,0.738039,1.868726,-7.351703,68.7984,4.478396
CID22,0.740200,1.345059,-9.124194,75.6229,3.600389
CID22,0.746746,1.535401,-9.020309,73.2458,4.296090
CID22,0.748061,1.691327,-7.895370,71.3889,4.500020
CID22,0.748247,1.269708,-9.006328,76.0703,2.943648
CID22,0.749134,1.694214,-7.798092,70.6230,4.672202
CID22,0.754504,1.166390,-9.833329,77.3347,2.958945
CID22,0.755522,1.158230,-9.834419,77.3366,3.320940
CID22,0.759647,1.682518,-8.049936,71.2255,4.193345
CID22,0.772146,1.388390,-9.065526,75.0577,3.742997
CID22,0.773244,1.430559,-9.656706,74.9513,4.846510
CID22,0.774327,1.303464,-9.448511,76.5098,3.299261
CID22,0.775586,1.533944,-8.696435,73.6927,3.742294
CID22,0.779501,1.087441,-10.097026,79.0929,2.609932
CID22,0.780290,1.373989,-9.253076,75.9995,3.962025
CID22,0.783887,1.035706,-10.471332,78.8147,2.580671
CID22,0.787327,1.053760,-10.486412,78.4549,3.087269
CID22,0.799003,1.179935,-9.913178,77.3924,3.444825
CID22,0.799019,1.264325,-10.258683,77.0883,4.139338
CID22,0.801771,1.219110,-9.786110,77.2933,3.088780
CID22,0.802638,1.393763,-9.053205,75.1669,3.513124
CID22,0.805621,1.426427,-9.142988,75.2725,3.377624
CID22,0.807788,0.952739,-10.661917,80.6247,2.444927
CID22,0.811402,0.873940,-11.396265,81.4128,2.332650
CID22,0.812800,1.121800,-10.324867,79.3141,3.349444
CID22,0.813882,0.880644,-11.442795,81.1207,2.839528
CID22,0.816675,1.223796,-10.458185,77.9574,3.195076
CID22,0.819507,1.084510,-10.499433,79.2693,2.881429
CID22,0.821009,1.020811,-10.820934,79.8285,2.967378
CID22,0.828967,1.114490,-10.497423,78.9526,2.642300
CID22,0.834163,0.796177,-12.042828,83.4375,2.008686
CID22,0.834330,0.813498,-11.541495,82.5354,2.426934
CID22,0.835645,0.662152,-12.725801,84.2339,2.800988
CID22,0.836823,1.196140,-9.932057,77.8301,3.321178
CID22,0.837143,1.157085,-10.695622,78.7245,3.275160
CID22,0.837410,0.914993,-11.436832,82.1106,2.402063
CID22,0.839818,0.965693,-11.135229,81.0974,2.550401
CID22,0.841223,0.913063,-11.342548,81.6080,2.349278
CID22,0.853507,0.936261,-11.336676,81.2275,2.189621
CID22,0.853640,1.048850,-11.039839,80.0804,3.280475
CID22,0.855048,0.619450,-13.326536,85.9900,1.542131
CID22,0.857818,0.875723,-11.593745,82.3191,2.944942
CID22,0.858151,0.539476,-13.883407,86.1034,1.986639
CID22,0.863036,0.823517,-11.901188,83.0379,2.117371
CID22,0.867524,0.745774,-11.930343,83.8023,2.145323
CID22,0.868633,0.814353,-12.050711,84.0191,2.313973
CID22,0.870037,0.945094,-11.306005,81.1283,2.537148
CID22,0.873256,0.957913,-11.508739,81.6921,3.123422
CID22,0.879087,0.799258,-12.230000,83.6711,2.031468
CID22,0.881615,0.459449,-14.717937,88.6393,1.337508
CID22,0.886636,0.345054,-15.464923,89.9915,2.002537
CID22,0.886645,0.755838,-12.612117,84.0669,2.110403
CID22,0.887638,0.887617,-11.782682,82.4963,2.749793
CID22,0.887715,0.631427,-13.421906,85.9335,1.875955
CID22,0.889024,0.611202,-13.223359,86.2381,1.600395
CID22,0.890054,0.671215,-13.204404,85.0950,1.675290
CID22,0.890223,0.643626,-13.260069,85.7681,1.909593
CID22,0.890357,0.480053,-14.738005,88.6517,1.490393
CID22,0.891965,0.803789,-12.128203,83.5515,2.502345
CID22,0.892674,0.485687,-14.599135,88.2143,1.359458
CID22,0.893674,0.276823,-16.397068,91.8623,0.789676
CID22,0.893976,0.232929,-16.528517,92.5427,1.562616
CID22,0.894764,0.445372,-15.082859,88.3993,1.355641
CID22,0.898431,0.480898,-14.667413,88.2153,1.468194
CID22,0.429112,3.046835,-3.459364,54.6979,4.930673
CID22,0.449027,2.745741,-3.784963,56.5754,4.845170
CID22,0.528104,2.814584,-4.151347,58.1703,5.882686
CID22,0.535648,2.403710,-5.138041,59.9549,4.634151
CID22,0.547822,3.120582,-3.684891,56.0132,6.936599
CID22,0.553824,2.901668,-3.836411,55.6907,6.931934
CID22,0.555134,2.471270,-5.255594,62.2887,4.959825
CID22,0.580563,2.749033,-4.426936,60.0370,6.764165
CID22,0.581790,2.909979,-3.482949,58.5311,5.709593
CID22,0.585071,2.241786,-5.898344,63.6694,4.054371
CID22,0.603276,2.127750,-6.025161,62.9771,3.782310
CID22,0.611449,2.447743,-5.478057,61.8835,5.000792
CID22,0.622999,2.377301,-5.636983,63.2941,4.739779
CID22,0.643222,2.517133,-4.899613,62.0335,5.060626
CID22,0.644729,2.003463,-6.795095,66.6637,4.079461
CID22,0.647435,2.322553,-5.517858,64.8700,3.712782
CID22,0.649127,1.611681,-8.124032,70.7997,3.336602
CID22,0.651571,2.216793,-5.971388,65.3943,4.279097
CID22,0.658598,2.159704,-6.268911,64.9535,4.220514
CID22,0.667674,2.007579,-7.390085,67.5675,4.883360
CID22,0.672347,1.690926,-7.861864,70.1953,3.678120
CID22,0.674036,1.877350,-7.256269,69.0897,3.939729
CID22,0.675285,1.830548,-7.371985,68.8419,4.284813
CID22,0.690841,2.089119,-6.425972,67.2094,3.478699
CID22,0.691905,1.890080,-7.225449,68.3098,4.161170
CID22,0.692690,2.001716,-6.729121,67.1500,3.744022
CID22,0.695891,1.975930,-6.943172,67.7906,4.167070
CID22,0.698548,1.494503,-8.462918,72.2639,2.993398
CID22,0.701076,1.513277,-8.535664,72.4329,3.732381
CID22,0.709723,1.656308,-7.981870,70.8848,3.579211
CID22,0.715965,1.703697,-8.804086,71.5277,4.042946
CID22,0.716347,1.552852,-8.412271,73.1711,3.279226
CID22,0.719929,1.570013,-8.228210,72.3572,3.551280
CID22,0.724582,1.381148,-8.894458,73.9599,3.406379
CID22,0.726028,1.681307,-7.897195,71.3261,3.815396
CID22,0.726664,1.642532,-8.132074,72.4734,3.361991
CID22,0.731350,1.597259,-8.172415,72.8067,3.323495
CID22,0.732542,1.458754,-8.708467,73.7510,3.406277
CID22,0.733314,1.306270,-8.997406,73.2682,2.719276
CID22,0.737237,1.572212,-9.461185,73.6965,3.827152
CID22,0.747669,1.381013,-9.063607,75.0200,3.620910
CID22,0.753638,1.391875,-8.900905,74.6579,3.217845
CID22,0.754484,1.337367,-9.214418,75.7950,2.875166
CID22,0.755965,1.455599,-8.850706,74.5596,2.902945
CID22,0.757195,1.638939,-7.890728,71.9512,3.405169
CID22,0.764585,1.403808,-10.086889,75.5785,3.775853
CID22,0.765758,1.228425,-9.616899,76.2910,3.130458
CID22,0.766626,1.133338,-10.048536,75.1183,2.171277
CID22,0.767051,1.320281,-9.239847,76.0692,3.265150
CID22,0.776227,1.198697,-9.952783,76.9908,2.971606
CID22,0.776415,1.305856,-9.311181,75.9245,3.162645
CID22,0.784716,1.349770,-10.270772,76.2188,3.345842
CID22,0.787322,1.340776,-9.302130,76.2414,2.814424
CID22,0.791699,1.264825,-9.620159,76.3334,2.630590
CID22,0.793944,1.181511,-9.996642,77.7347,2.666832
CID22,0.796208,1.001265,-10.877113,79.2392,2.130358
CID22,0.799049,0.947101,-11.440619,80.3404,3.356920
CID22,0.799384,1.208368,-10.027261,77.3199,3.172863
CID22,0.799505,1.040367,-10.857207,79.7007,2.255034
CID22,0.802309,1.094889,-10.476086,78.6803,2.647700
CID22,0.805831,1.274843,-10.519605,77.2680,3.348373
CID22,0.817223,1.142604,-10.419990,78.3976,2.494407
CID22,0.819790,1.077298,-10.784642,78.7193,2.274920
CID22,0.822363,1.104870,-10.584384,79.2309,2.330621
CID22,0.829083,0.779993,-12.096196,82.3190,1.738750
CID22,0.829513,1.173598,-10.921607,78.7178,2.976599
CID22,0.832106,0.906810,-11.537928,81.5173,2.327209
CID22,0.833075,0.989374,-10.900002,79.8807,2.468290
CID22,0.833226,1.091764,-10.504695,79.1182,2.574070
CID22,0.836576,0.822231,-12.044322,82.4085,2.319860
CID22,0.841787,1.042519,-11.007200,79.8208,2.414475
CID22,0.844035,0.906523,-11.570059,80.7805,2.229057
CID22,0.844119,1.016832,-11.110673,79.9806,2.345014
CID22,0.847640,1.066057,-11.360035,80.2371,2.647558
CID22,0.853398,0.567045,-13.891279,85.3732,1.372577
CID22,0.855755,0.825987,-11.979920,82.3665,1.978433
CID22,0.862026,0.992150,-10.994892,80.4779,2.102275
CID22,0.864979,0.923022,-11.533228,81.3866,2.142275
CID22,0.866632,0.989832,-11.533931,81.1795,2.775016
CID22,0.871526,0.506720,-14.118655,87.5186,1.757463
CID22,0.871777,0.782720,-12.263883,82.4498,2.108356
CID22,0.871895,0.581563,-14.230746,86.0033,2.066585
CID22,0.872229,0.612669,-13.494850,85.0143,1.721467
CID22,0.873007,0.351860,-16.097338,89.4453,0.870652
CID22,0.873373,0.679909,-12.867023,84.6272,1.732927
CID22,0.874176,0.903194,-12.000333,82.4167,2.863266
CID22,0.874484,0.795847,-12.048249,82.7319,1.869340
CID22,0.874825,0.791873,-12.184216,82.8975,1.719111
CID22,0.876606,0.333234,-15.775062,90.6277,1.262999
CID22,0.879551,0.659675,-12.972261,84.8037,1.660615
CID22,0.880105,0.813330,-12.452301,84.0625,2.401142
CID22,0.428159,3.392694,-2.493570,48.1462,5.493958
CID22,0.463730,2.883145,-3.614117,54.1671,4.916123
CID22,0.511724,3.235177,-2.856061,53.9492,4.733558
CID22,0.533838,2.545170,-4.574177,57.5777,5.069217
CID22,0.567296,3.067827,-3.306886,52.3451,6.311716
CID22,0.602840,2.979365,-3.553321,54.0289,4.932389
CID22,0.606310,3.245654,-2.404632,49.4849,8.036274
CID22,0.616943,2.568955,-4.540697,57.7363,4.685543
CID22,0.633703,2.072020,-6.278566,63.3831,4.512238
CID22,0.636314,2.329894,-5.290135,63.0767,4.354035
CID22,0.652824,2.341377,-5.303192,59.7414,4.192590
CID22,0.654608,3.173426,-3.164352,50.6521,5.770085
CID22,0.670044,1.995167,-6.773234,65.4352,4.308370
CID22,0.670620,2.606584,-4.316478,56.4909,6.931486
CID22,0.672923,2.268262,-5.582517,61.2794,4.186095
CID22,0.681976,2.372891,-5.409328,61.0257,4.048078
CID22,0.682434,1.722608,-7.573720,67.6803,4.026586
CID22,0.695136,2.109139,-6.007197,65.4960,4.147256
CID22,0.711176,2.565129,-5.200511,58.7069,4.429852
CID22,0.713783,2.269759,-5.698992,61.3950,4.142750
CID22,0.714979,2.236010,-6.577587,61.0400,5.364482
CID22,0.726742,1.631175,-8.091379,69.5006,3.493810
CID22,0.729643,1.497661,-8.369031,70.5003,3.782553
CID22,0.729649,2.016983,-6.621212,64.2904,4.294445
CID22,0.730899,1.365156,-9.122191,73.7282,2.694861
CID22,0.733463,2.085411,-6.491705,64.4236,3.873109
CID22,0.740029,1.742977,-7.412750,70.3812,4.148633
CID22,0.750591,2.013136,-6.531445,64.7944,3.711295
CID22,0.756191,1.941350,-7.070285,64.9576,4.066070
CID22,0.763781,1.893545,-7.711256,65.4458,5.270315
CID22,0.764704,1.471190,-8.584087,71.3726,3.048153
CID22,0.771008,1.715814,-7.822323,69.0091,3.500019
CID22,0.772776,1.761414,-7.396990,66.9464,3.899908
CID22,0.776072,1.530817,-8.265843,73.1294,4.098919
CID22,0.780067,1.373419,-8.780694,72.3173,3.819863
CID22,0.781022,1.659502,-7.859414,69.3667,3.320847
CID22,0.781377,1.226078,-9.490965,75.8465,3.421962
CID22,0.788067,1.705026,-8.431396,68.3144,3.874589
CID22,0.789351,1.547848,-8.285434,70.5853,4.109017
CID22,0.790791,1.624079,-8.122157,69.5542,3.176830
CID22,0.790863,1.298009,-9.304094,74.2644,3.014354
CID22,0.795954,1.160040,-9.546449,75.3539,3.370388
CID22,0.797251,1.648030,-8.116834,70.4499,2.960540
CID22,0.798650,1.418624,-8.761091,72.9012,3.055600
CID22,0.801906,1.479029,-8.499794,71.3850,4.455594
CID22,0.802233,1.422933,-8.609216,74.5651,3.937800
CID22,0.802838,1.539211,-9.309064,70.8827,5.327004
CID22,0.811661,1.394065,-8.777510,72.6760,4.312933
CID22,0.814308,1.117754,-10.274388,77.4964,2.484870
CID22,0.814433,1.258691,-9.536120,75.0032,2.500930
CID22,0.814997,0.873925,-11.405508,79.8983,3.006020
CID22,0.817400,1.102481,-10.125095,78.1661,2.905416
CID22,0.818298,1.224862,-9.479136,75.4770,2.742966
CID22,0.819813,1.460028,-9.547116,72.0972,3.759772
CID22,0.822097,1.252793,-9.343498,75.6283,2.416678
CID22,0.828086,1.167767,-9.690472,77.6778,2.933055
CID22,0.839887,0.721666,-12.249014,82.2141,2.691920
CID22,0.841868,1.022187,-10.764375,79.0452,2.032224
CID22,0.842347,1.416946,-9.722750,72.7268,4.402335
CID22,0.842652,1.251002,-9.199724,74.9386,3.816033
CID22,0.844420,1.002667,-11.059378,79.6192,2.419402
CID22,0.845060,1.109317,-9.944435,77.8624,2.505626
CID22,0.850024,1.046356,-10.247989,78.8476,2.250153
CID22,0.858696,0.990927,-10.404358,79.8121,2.206459
CID22,0.859518,0.979765,-10.556899,79.3287,2.285411
CID22,0.863742,1.303604,-10.224109,74.7644,4.108991
CID22,0.868023,1.105776,-9.945989,77.0480,2.711555
CID22,0.869448,0.905764,-11.718290,80.7413,1.840028
CID22,0.870446,1.010553,-10.358323,79.3162,2.381289
CID22,0.877875,0.447770,-14.795335,87.1015,2.258461
CID22,0.881528,0.869770,-11.272864,81.6615,2.093456
CID22,0.888459,1.187257,-10.696477,76.5090,3.292281
CID22,0.893591,1.008811,-10.439317,78.5816,3.804501
CID22,0.894338,0.772146,-11.814778,83.2078,1.823426
CID22,0.894715,0.768663,-12.287319,82.6437,1.785007
CID22,0.894719,0.776748,-11.759684,83.1531,1.694712
CID22,0.894764,0.526771,-14.960863,86.8899,1.220275
CID22,0.894807,0.762900,-11.813498,82.6580,2.117218
CID22,0.894813,1.124172,-10.918804,77.3594,2.874991
CID22,0.894844,0.966829,-10.494111,81.0326,3.130559
CID22,0.894856,0.546099,-14.235177,86.6811,1.431950
CID22,0.894861,0.497840,-14.170271,87.3800,1.202464
CID22,0.894918,0.283475,-16.214642,90.4430,1.784929
CID22,0.894924,0.599391,-13.230206,86.0286,1.622546
CID22,0.894931,1.027140,-11.371205,79.1401,2.770406
CID22,0.895040,0.724932,-12.238744,83.5890,1.904725
CID22,0.895049,0.579555,-13.348586,86.2665,1.308902
CID22,0.895052,0.337326,-16.201475,90.5015,0.962486
CID22,0.895165,0.894431,-11.966848,81.1201,2.512727
CID22,0.398584,2.988645,-3.271553,52.1099,6.524016
CID22,0.466230,2.725738,-3.871308,54.3679,4.537550
CID22,0.473314,2.847204,-3.718364,53.9841,6.453124
CID22,0.474328,2.326563,-5.824172,61.3616,5.003087
CID22,0.495385,2.750876,-3.606190,57.6568,4.647451
CID22,0.523574,2.296321,-5.540068,60.4889,4.127469
CID22,0.526971,2.426037,-4.912279,58.1208,4.899930
