dataset,human_score,v02_distance,v04_distance,fast_ssim2_score,butter_3norm
KADIK10k,0.892500,0.000000,-16.776386,100.0000,0.000000
KADIK10k,0.832500,0.572660,-13.464653,83.8613,3.545688
KADIK10k,0.417500,2.254488,-8.118906,55.3828,6.626598
KADIK10k,0.167500,6.015852,0.784206,17.5260,15.727725
KADIK10k,0.025000,17.256500,21.330462,-48.3127,36.807556
KADIK10k,0.707500,1.139673,-10.080265,72.1814,5.559476
KADIK10k,0.317500,2.843834,-6.913115,47.8908,7.581688
KADIK10k,0.132500,7.686059,4.993506,4.5825,20.283508
KADIK10k,0.057500,12.643953,15.044033,-28.7274,27.607094
KADIK10k,0.050000,17.504041,22.185883,-49.2255,37.544106
KADIK10k,0.932500,0.000000,-16.776386,100.0000,0.000000
KADIK10k,0.742500,1.076549,-10.631073,74.1869,5.757205
KADIK10k,0.425000,2.712221,-7.226551,52.2591,8.554745
KADIK10k,0.257500,4.467325,-3.735722,34.2626,14.596061
KADIK10k,0.125000,9.939186,12.411024,-10.8277,25.649662
KADIK10k,0.932500,0.598501,-12.173188,80.6859,2.388445
KADIK10k,0.292500,14.796064,11.344186,-39.5081,47.129860
KADIK10k,0.092500,28.754598,23.740885,-63.5790,60.904419
KADIK10k,0.125000,40.028371,30.675545,-65.5358,92.761047
KADIK10k,0.117500,59.423128,32.507538,-190.2047,134.552658
KADIK10k,0.750000,4.611792,9.981107,43.2079,22.221832
KADIK10k,0.300000,10.012273,27.226368,-2.6760,33.266800
KADIK10k,0.142500,14.381099,38.492031,-28.3112,47.569069
KADIK10k,0.082500,15.783094,41.401886,-35.1272,59.332695
KADIK10k,0.150000,14.801604,42.314911,-34.7067,43.778610
KADIK10k,0.807500,3.406505,1.487593,52.3564,10.803528
KADIK10k,0.850000,4.342233,4.535698,45.5503,11.551066
KADIK10k,0.725000,4.873682,7.034097,41.1701,11.370111
KADIK10k,0.475000,9.180756,14.372338,10.7450,26.020386
KADIK10k,0.317500,13.765933,23.691393,-19.3692,31.160725
KADIK10k,0.432500,8.819948,5.813114,-23.2796,63.766945
KADIK10k,0.375000,14.485171,8.270403,-50.1197,86.868500
KADIK10k,0.317500,17.784889,9.388368,-57.9478,98.139053
KADIK10k,0.367500,21.327106,10.358006,-62.3141,109.648483
KADIK10k,0.300000,34.789188,20.760162,-64.8833,126.945724
KADIK10k,0.925000,0.000000,-16.776386,100.0000,0.000000
KADIK10k,0.692500,8.605416,6.050717,-1.1345,32.272312
KADIK10k,0.432500,16.256827,14.748774,-42.9346,47.026043
KADIK10k,0.242500,28.640867,27.730265,-63.6608,60.793560
KADIK10k,0.167500,56.363194,39.291157,-127.2273,116.699402
KADIK10k,0.900000,0.556896,-12.017263,86.7772,1.455036
KADIK10k,0.917500,1.524995,-7.121096,71.1123,3.792891
KADIK10k,0.850000,2.227824,-3.908478,60.5628,4.392092
KADIK10k,0.475000,6.759636,5.216163,14.4128,11.570632
KADIK10k,0.092500,15.316681,19.894253,-40.4523,22.697723
KADIK10k,0.842500,2.335920,-5.052077,60.4700,4.656760
KADIK10k,0.732500,2.658325,-3.153482,55.7768,4.712063
KADIK10k,0.692500,3.923335,1.303271,41.4704,7.314065
KADIK10k,0.145000,13.870586,15.916497,-35.8043,11.960406
KADIK10k,0.042500,24.697390,22.177643,-62.1193,18.062387
KADIK10k,0.757500,3.151997,-1.286056,54.8433,5.023873
KADIK10k,0.567500,5.286437,4.552948,36.8666,7.021814
KADIK10k,0.417500,7.122745,8.836636,23.7806,8.042836
KADIK10k,0.317500,10.040039,15.089312,6.5633,10.865544
KADIK10k,0.342500,15.513238,26.359852,-19.5461,14.348342
KADIK10k,0.857500,1.256288,-8.804953,76.2620,3.158984
KADIK10k,0.675000,4.162678,1.432567,46.0615,6.467969
KADIK10k,0.442500,6.803177,7.921877,26.8959,8.670089
KADIK10k,0.342500,11.209938,17.183773,1.6495,11.719224
KADIK10k,0.242500,14.393105,23.932980,-11.9155,13.032950
KADIK10k,0.667500,2.349243,-5.246834,39.8192,12.392852
KADIK10k,0.467500,5.693941,10.517607,-7.6701,21.721807
KADIK10k,0.400000,8.620394,14.642456,-31.6498,26.192482
KADIK10k,0.267500,12.998941,19.697159,-50.5489,29.617691
KADIK10k,0.257500,16.888874,26.810328,-59.0633,40.604134
KADIK10k,0.892500,1.126402,-8.903319,75.9625,4.090107
KADIK10k,0.642500,3.689500,1.008118,46.8844,7.810059
KADIK10k,0.532500,6.067764,6.962318,29.4251,10.319374
KADIK10k,0.375000,9.776745,14.925512,6.7613,15.883890
KADIK10k,0.317500,16.800211,29.116211,-24.9093,19.790255
KADIK10k,0.642500,5.555913,5.763992,26.9096,7.411006
KADIK10k,0.407500,9.448328,12.371838,-4.6268,11.313894
KADIK10k,0.192500,12.357495,17.848320,-21.1214,15.545019
KADIK10k,0.100000,20.281573,29.274813,-50.2682,18.590460
KADIK10k,0.082500,27.870500,35.935474,-61.8554,28.635799
KADIK10k,0.842500,1.336746,-9.400843,71.4976,10.967448
KADIK10k,0.867500,3.037496,-1.890607,43.0134,21.992031
KADIK10k,0.735000,7.564049,3.544369,-8.5939,43.897873
KADIK10k,0.542500,17.994513,8.733073,-57.4511,76.340820
KADIK10k,0.295000,37.255129,13.773859,-67.6250,121.337700
KADIK10k,0.875000,0.546826,-12.637339,86.1920,5.160231
KADIK10k,0.892500,1.302910,-8.552588,69.9692,10.675606
KADIK10k,0.832500,3.195999,-1.122884,34.8187,20.905283
KADIK10k,0.600000,9.470632,4.689689,-34.6399,41.570442
KADIK10k,0.282500,32.094603,-2.198932,-70.5632,75.802368
KADIK10k,0.875000,4.764288,-0.157096,40.0716,24.870426
KADIK10k,0.892500,2.099563,-9.046814,70.6329,12.670690
KADIK10k,0.892500,0.000000,-16.776386,100.0000,0.000000
KADIK10k,0.842500,2.514923,-4.553340,47.5295,12.446311
KADIK10k,0.742500,6.182872,3.659508,-2.4261,23.365595
KADIK10k,0.882500,1.518093,-9.810463,78.1960,3.661230
KADIK10k,0.732500,2.453474,-6.302258,66.6186,5.330354
KADIK10k,0.442500,5.571589,2.327099,26.4032,13.838297
KADIK10k,0.132500,6.838899,5.030642,18.5313,16.478193
KADIK10k,0.092500,11.657441,18.564415,-18.2458,27.337738
KADIK10k,0.882500,3.453443,0.339577,33.3928,37.465786
KADIK10k,0.725000,5.902738,11.538206,13.4306,54.757946
KADIK10k,0.750000,7.559175,16.399530,1.7401,87.785065
KADIK10k,0.582500,8.249024,18.666744,-4.1869,77.612076
KADIK10k,0.557500,9.400110,19.326288,-12.4476,79.554733
KADIK10k,0.592500,4.970751,1.166916,33.8184,22.350279
KADIK10k,0.392500,5.690484,1.037281,29.8287,23.065758
KADIK10k,0.257500,5.150235,-0.633079,35.1707,20.339550
KADIK10k,0.282500,5.177426,-0.586787,34.4481,18.863596
KADIK10k,0.107500,11.510731,15.278483,-16.3184,43.453403
KADIK10k,0.907500,2.600230,-2.530731,54.7749,6.654066
KADIK10k,0.750000,3.802882,2.633989,41.5164,10.541311
KADIK10k,0.750000,5.485453,5.200234,26.4844,11.826936
KADIK10k,0.550000,9.999156,9.241833,-11.7124,26.089672
KADIK10k,0.300000,17.765225,17.243086,-41.0729,31.307325
KADIK10k,0.432500,14.917375,23.796133,-38.9783,97.294296
KADIK10k,0.292500,16.453356,36.529770,-54.8449,84.834648
KADIK10k,0.300000,25.829521,47.250519,-63.0539,114.690521
KADIK10k,0.342500,28.538191,48.153671,-63.4669,98.475578
KADIK10k,0.142500,29.814060,54.588020,-63.7440,113.716614
KADIK10k,0.642500,7.053617,10.359958,8.3338,19.492596
KADIK10k,0.375000,14.055711,27.318777,-40.8369,32.508911
KADIK10k,0.217500,20.193054,36.929550,-58.1645,40.654667
KADIK10k,0.150000,34.931845,53.611702,-64.3775,62.722507
KADIK10k,0.100000,53.531595,72.168716,-96.8420,85.301064
KADIK10k,0.607500,16.537090,11.746369,-31.4409,25.886452
KADIK10k,0.717500,10.817909,5.642050,-1.0956,18.365759
KADIK10k,0.815000,5.582297,0.660325,38.6902,10.809422
KADIK10k,0.792500,4.956725,3.979789,34.5117,11.891002
KADIK10k,0.567500,14.396423,16.887623,-35.0284,24.734346
KADIK10k,0.875000,0.000000,-16.776386,100.0000,0.000000
KADIK10k,0.792500,1.219993,-9.206118,74.1588,3.194690
KADIK10k,0.267500,5.584011,-0.532626,26.8242,7.198390
KADIK10k,0.142500,13.883905,7.222726,-23.7559,12.945907
KADIK10k,0.067500,30.615611,22.114893,-64.1770,29.909891
KADIK10k,0.550000,2.678982,-4.617517,53.4025,5.469287
KADIK10k,0.317500,7.322523,2.158742,15.1702,8.394846
KADIK10k,0.142500,17.475988,9.774934,-37.8800,16.655706
KADIK10k,0.042500,24.893757,16.309013,-60.3294,25.888117
KADIK10k,0.000000,31.019300,22.583508,-64.2011,31.615877
KADIK10k,0.900000,0.000000,-16.776386,100.0000,0.000000
KADIK10k,0.692500,2.075503,-5.660089,61.2199,4.716546
KADIK10k,0.332500,5.369092,-0.628036,29.5879,8.107404
KADIK10k,0.200000,8.816331,4.674216,7.5760,11.723263
KADIK10k,0.050000,17.480935,11.849771,-43.5315,22.873093
KADIK10k,0.825000,0.676301,-10.126906,78.4468,3.177042
KADIK10k,0.417500,5.133256,4.401450,25.0181,22.524256
KADIK10k,0.217500,9.371052,10.200934,-3.7631,29.586367
KADIK10k,0.192500,11.481671,13.306042,-13.9995,36.177895
KADIK10k,0.132500,15.130028,17.858320,-32.2710,50.248276
KADIK10k,0.692500,7.832480,13.244279,20.4925,15.202013
KADIK10k,0.200000,14.882054,26.259893,-26.1538,23.960632
KADIK10k,0.082500,19.865438,34.477013,-49.2854,28.181482
KADIK10k,0.092500,22.514430,39.322163,-55.8722,28.231577
KADIK10k,0.117500,21.650247,39.267536,-55.2264,33.069874
KADIK10k,0.800000,2.571255,-4.394834,59.3576,8.978350
KADIK10k,0.767500,3.093250,-2.367842,54.0825,10.474410
KADIK10k,0.742500,3.534336,0.238153,48.3604,10.409514
KADIK10k,0.675000,5.013407,5.961462,32.5029,24.822409
KADIK10k,0.407500,11.417335,15.546459,0.0101,39.862118
KADIK10k,0.367500,4.604300,-0.428266,33.0587,31.963985
KADIK10k,0.342500,7.709373,4.478205,6.0401,43.096722
KADIK10k,0.265000,9.595857,5.484294,-7.0343,48.727589
KADIK10k,0.242500,11.589146,5.535962,-19.1664,54.284676
KADIK10k,0.132500,19.961198,-6.076475,-53.8844,51.776638
KADIK10k,0.850000,0.000000,-16.776386,100.0000,0.000000
KADIK10k,0.600000,3.248728,2.625233,43.0443,21.619957
KADIK10k,0.515000,5.848812,5.119466,21.3705,27.396761
KADIK10k,0.242500,11.031014,10.679128,-12.1523,33.504269
KADIK10k,0.092500,16.277091,17.112068,-35.3232,51.268692
KADIK10k,0.892500,3.313953,-2.446722,53.3607,5.897492
KADIK10k,0.682500,7.262290,4.949950,20.8791,10.181778
KADIK10k,0.517500,8.858912,6.149961,9.3258,13.193338
KADIK10k,0.132500,17.812417,15.052564,-34.0606,16.334698
KADIK10k,0.067500,28.479951,23.286179,-62.0712,22.107954
KADIK10k,0.900000,2.572415,-6.485542,59.5166,4.680719
KADIK10k,0.832500,2.960048,-4.783331,56.2214,4.724612
KADIK10k,0.782500,4.184780,-0.719937,45.1823,5.021226
KADIK10k,0.400000,12.948391,12.409081,-14.0546,11.980392
KADIK10k,0.150000,23.020294,21.970541,-50.8176,18.040754
KADIK10k,0.817500,1.781636,-1.842885,69.5642,4.442363
KADIK10k,0.675000,2.773610,3.635727,58.1569,6.676025
KADIK10k,0.600000,3.620946,6.480968,49.4503,6.993309
KADIK10k,0.432500,4.939088,10.946100,37.7939,8.981427
KADIK10k,0.325000,7.917133,20.681000,14.9127,12.340862
KADIK10k,0.907500,0.798471,-9.222227,83.6410,2.564145
KADIK10k,0.765000,2.147453,0.774214,64.6298,5.317240
KADIK10k,0.667500,3.390237,6.003572,51.1224,6.866055
KADIK10k,0.400000,5.353247,12.249384,33.9593,10.242333
KADIK10k,0.342500,6.943985,17.622517,20.1967,10.963350
KADIK10k,0.800000,1.951659,-6.469141,47.3869,16.721478
KADIK10k,0.582500,3.589023,6.669618,16.7361,18.539093
KADIK10k,0.432500,5.172826,16.017494,-5.9956,19.914019
KADIK10k,0.382500,7.734008,22.654274,-30.7610,23.762140
KADIK10k,0.242500,10.019131,24.633640,-42.4393,26.009573
KADIK10k,0.832500,0.852816,-8.160483,78.8373,4.469722
KADIK10k,0.592500,2.329511,0.263874,57.1437,7.760835
KADIK10k,0.425000,3.696575,7.694720,42.4326,10.380338
KADIK10k,0.332500,5.615056,14.629239,24.6415,12.628237
KADIK10k,0.250000,9.786300,25.772633,-5.9864,20.262354
KADIK10k,0.642500,7.220091,8.015897,20.3624,9.561827
KADIK10k,0.442500,12.537596,14.477886,-14.2726,10.862910
KADIK10k,0.257500,15.530442,18.275185,-29.8639,13.233177
KADIK10k,0.125000,21.376012,27.428261,-49.5898,16.695318
KADIK10k,0.125000,25.454642,35.520302,-57.4519,25.611279
KADIK10k,0.850000,2.048036,-7.485538,70.4198,8.809711
KADIK10k,0.850000,4.733619,2.029157,37.5623,17.414555
KADIK10k,0.692500,12.130950,9.963906,-23.7257,34.068890
KADIK10k,0.475000,28.579686,18.126148,-63.8846,58.658920
KADIK10k,0.207500,43.788429,22.094183,-71.2145,75.335899
KADIK10k,0.875000,0.849405,-10.654447,85.0208,4.310197
KADIK10k,0.907500,1.935547,-5.290868,68.2179,8.848966
KADIK10k,0.832500,4.707777,3.779820,31.1169,17.563963
KADIK10k,0.657500,13.453166,9.226141,-38.3687,34.949524
KADIK10k,0.225000,42.536645,22.198290,-71.8988,63.886410
KADIK10k,0.782500,8.193145,8.725490,2.1923,19.765215
KADIK10k,0.907500,3.130677,-2.038176,56.6029,11.949608
KADIK10k,0.932500,0.000000,-16.776386,100.0000,0.000000
KADIK10k,0.832500,3.426367,-0.890452,39.7851,8.851911
KADIK10k,0.757500,8.796672,6.621907,-12.9938,16.984140
KADIK10k,0.792500,2.943482,-4.038267,51.1734,6.305774
KADIK10k,0.750000,3.717458,-2.972815,43.6435,7.101837
KADIK10k,0.557500,7.591647,5.901334,10.5287,13.858192
KADIK10k,0.142500,16.131095,13.796724,-37.6970,19.241402
KADIK10k,0.075000,22.036222,18.369524,-53.0154,24.841204
KADIK10k,0.875000,5.323872,7.133081,19.0241,43.342106
KADIK10k,0.867500,7.943865,18.363981,-7.2782,76.726166
KADIK10k,0.850000,8.471689,18.417122,-10.3137,42.367409
KADIK10k,0.707500,10.844366,25.548246,-25.8900,80.375366
KADIK10k,0.850000,12.844837,27.530340,-34.7692,84.176689
KADIK10k,0.800000,12.807322,12.323811,-13.8433,21.570723
KADIK10k,0.557500,13.335571,14.362336,-19.9111,20.372450
KADIK10k,0.532500,11.749966,11.799573,-12.5947,19.567091
KADIK10k,0.417500,14.495093,14.793858,-23.4975,24.695019
KADIK10k,0.092500,29.085013,32.167519,-62.7807,39.593704
KADIK10k,0.932500,1.647304,-6.709425,72.6983,7.433375
KADIK10k,0.815000,2.450486,-2.078857,67.2936,8.219179
KADIK10k,0.850000,3.487823,4.303890,57.8679,11.457834
KADIK10k,0.732500,5.476449,9.753087,42.2709,11.885916
KADIK10k,0.550000,8.145161,15.484124,22.7695,15.551949
KADIK10k,0.275000,11.458526,21.818918,-36.8266,69.593399
KADIK10k,0.425000,19.931745,36.606293,-54.0409,77.529930
KADIK10k,0.317500,17.717699,38.882278,-47.4844,75.628204
KADIK10k,0.300000,24.173597,44.100494,-61.5395,74.168503
KADIK10k,0.267500,22.945827,45.647789,-61.2972,92.069275
KADIK10k,0.517500,10.887075,19.205965,-14.7064,17.337656
KADIK10k,0.232500,20.399672,38.006470,-54.7828,30.103386
KADIK10k,0.117500,27.492452,50.873737,-63.2998,40.518791
KADIK10k,0.057500,40.421122,69.257202,-65.2235,58.022629
KADIK10k,0.050000,51.898483,81.616264,-83.9014,82.403893
KADIK10k,0.592500,18.601507,19.244297,-41.8487,19.788147
KADIK10k,0.675000,11.500268,11.398949,-7.1741,14.159984
KADIK10k,0.817500,5.870881,5.021605,37.1598,8.314564
KADIK10k,0.775000,4.889708,3.569531,34.8306,8.905527
KADIK10k,0.582500,12.898635,15.861628,-31.7822,18.145037
KADIK10k,0.925000,0.000000,-16.776386,100.0000,0.000000
KADIK10k,0.907500,0.822821,-11.736976,81.1883,3.145936
KADIK10k,0.500000,3.531609,-5.492582,46.3695,7.392219
KADIK10k,0.207500,10.190840,6.754711,-6.0230,15.633318
KADIK10k,0.042500,32.396254,29.707396,-64.2216,39.202190
KADIK10k,0.757500,1.672815,-7.264943,67.4311,5.049536
KADIK10k,0.425000,4.498786,-3.668039,36.9492,8.788943
KADIK10k,0.175000,13.173204,9.392994,-22.2749,20.302660
KADIK10k,0.117500,22.899168,19.480700,-57.2712,29.433996
KADIK10k,0.057500,32.601289,29.864594,-64.2235,40.424080
KADIK10k,0.900000,0.000000,-16.776386,100.0000,0.000000
KADIK10k,0.842500,1.293454,-9.217048,72.9778,4.707751
KADIK10k,0.482500,3.330627,-6.270556,47.5379,9.074348
KADIK10k,0.307500,6.744792,1.188852,18.6912,14.268163
KADIK10k,0.157500,14.625499,13.215040,-31.3362,28.957205
KADIK10k,0.900000,1.498130,-4.875896,66.4718,7.871850
KADIK10k,0.475000,14.483841,20.833933,-36.3797,51.215469
KADIK10k,0.132500,29.843468,38.933392,-63.8965,77.137001
KADIK10k,0.050000,37.963425,45.044811,-64.4536,129.205627
KADIK10k,0.025000,40.745122,47.642464,-66.3450,129.201233
KADIK10k,0.945000,4.421466,8.356360,49.5207,15.642640
KADIK10k,0.412500,12.019130,32.246010,-7.7180,34.087345
KADIK10k,0.250000,20.013060,46.716808,-43.9697,49.405655
KADIK10k,0.217500,22.620742,50.373543,-52.6480,58.191700
KADIK10k,0.307500,25.357562,52.877193,-58.0283,48.038383
KADIK10k,0.750000,4.069167,5.493582,46.0779,11.685785
KADIK10k,0.700000,4.094634,6.699919,42.6630,14.319407
KADIK10k,0.582500,4.811202,9.560537,36.8891,14.867029
KADIK10k,0.457500,7.440941,13.688537,13.9908,18.281738
KADIK10k,0.192500,11.874979,27.029213,-13.4977,33.273190
KADIK10k,0.342500,23.484316,17.968418,-60.4383,115.419106
KADIK10k,0.167500,35.213560,23.514193,-64.2405,153.064560
KADIK10k,0.107500,41.327075,25.697104,-65.9348,170.810822
KADIK10k,0.132500,47.466399,27.684902,-74.6550,188.174744
KADIK10k,0.117500,59.846535,37.448246,-167.0235,174.951431
KADIK10k,0.882500,0.000000,-16.776386,100.0000,0.000000
KADIK10k,0.532500,7.848955,10.387567,8.9648,38.152355
KADIK10k,0.367500,15.996330,21.338465,-36.0752,51.899757
KADIK10k,0.092500,26.684318,39.835773,-61.8005,77.145851
KADIK10k,0.057500,37.219214,47.828236,-64.2302,129.201218
KADIK10k,0.850000,1.922327,-6.350621,68.6887,4.370438
KADIK10k,0.650000,4.665679,2.491434,42.8472,8.777230
KADIK10k,0.525000,6.184960,6.835445,30.4310,10.443065
KADIK10k,0.192500,14.596881,17.775864,-24.1721,21.133202
KADIK10k,0.025000,31.162388,35.626972,-63.3536,38.498672
KADIK10k,0.867500,2.237280,-4.441813,62.9598,4.757709
KADIK10k,0.792500,2.619624,-2.707451,59.5922,4.902146
KADIK10k,0.675000,3.512678,0.949313,51.2254,5.644201
KADIK10k,0.307500,10.982151,15.585314,-2.8124,19.034771
KADIK10k,0.132500,19.117248,22.814247,-37.5383,22.247221
KADIK10k,0.742500,2.255957,-4.168591,64.6018,6.508901
KADIK10k,0.650000,3.606243,2.278752,51.3109,7.942488
KADIK10k,0.567500,4.760105,6.159385,41.8413,9.970059
KADIK10k,0.482500,6.603898,10.984513,29.4538,12.579216
KADIK10k,0.375000,10.252537,17.814754,7.1585,17.883902
KADIK10k,0.892500,0.894577,-10.428009,81.6198,3.508870
KADIK10k,0.717500,2.695269,-1.377512,59.3218,6.968110
KADIK10k,0.542500,4.335223,5.459715,44.7271,9.553054
KADIK10k,0.475000,6.782733,11.921114,27.2494,13.175187
KADIK10k,0.400000,8.940761,15.778001,14.7046,17.720221
KADIK10k,0.850000,1.539113,-6.769483,66.7870,9.276666
KADIK10k,0.642500,2.994157,2.300161,48.2841,16.636160
KADIK10k,0.457500,4.382173,10.609748,36.8155,17.873318
KADIK10k,0.325000,6.428911,14.675913,21.3081,21.969032
KADIK10k,0.350000,8.101568,17.484213,11.8452,19.953289
KADIK10k,0.850000,1.210503,-8.852934,76.1958,4.398336
KADIK10k,0.625000,3.717725,2.068481,49.2374,8.741891
KADIK10k,0.507500,5.900542,8.788437,31.7085,12.796332
KADIK10k,0.382500,9.116324,14.485012,12.1932,18.543364
KADIK10k,0.292500,15.270719,26.650780,-17.0256,29.159073
KADIK10k,0.782500,4.922532,2.836696,39.9030,14.694551
KADIK10k,0.575000,8.977694,10.266972,6.9660,22.347431
KADIK10k,0.382500,11.274683,14.852655,-6.6466,19.311922
KADIK10k,0.225000,17.993499,23.419302,-35.2658,31.754738
KADIK10k,0.107500,22.702888,30.232536,-50.4918,34.961052
KADIK10k,0.842500,1.446127,-7.216408,73.1850,21.894161
KADIK10k,0.817500,3.302942,-1.706692,46.0132,45.385433
KADIK10k,0.467500,8.500867,6.990484,-7.4406,90.595467
KADIK10k,0.325000,22.385830,13.580216,-60.4736,154.918259
KADIK10k,0.100000,44.226090,21.210173,-75.2877,179.651016
KADIK10k,0.875000,0.911940,-10.086557,83.0938,11.855681
KADIK10k,0.907500,1.980234,-4.426571,69.4821,22.256136
KADIK10k,0.850000,4.439821,5.555399,41.5935,45.394802
KADIK10k,0.667500,10.999904,9.512712,-11.2790,89.293495
KADIK10k,0.442500,28.910184,22.852137,-62.5535,160.519150
KADIK10k,0.807500,5.971793,4.540047,31.0448,52.889080
KADIK10k,0.932500,2.738936,-1.162997,64.7807,25.937542
KADIK10k,0.875000,0.000000,-16.776386,100.0000,0.000000
KADIK10k,0.867500,3.554674,1.123909,66.1068,16.754133
KADIK10k,0.800000,7.523403,8.871174,35.1772,33.724258
KADIK10k,0.792500,3.345901,-3.665214,55.6094,14.593720
KADIK10k,0.582500,6.616279,3.678546,21.5390,20.107075
KADIK10k,0.542500,7.749211,5.824177,13.2767,24.270922
KADIK10k,0.192500,13.796543,14.499909,-22.8253,23.414413
KADIK10k,0.092500,22.680838,23.527504,-55.2235,32.292309
KADIK10k,0.842500,6.585599,16.789267,8.6294,66.742477
KADIK10k,0.917500,11.020437,33.081852,-19.4208,77.190132
KADIK10k,0.807500,12.045799,35.391891,-31.0902,86.292915
KADIK10k,0.792500,13.045578,38.918808,-35.2256,80.825851
KADIK10k,0.657500,15.373431,39.674049,-40.9313,76.366348
KADIK10k,0.742500,9.391418,11.121535,11.1347,25.629110
KADIK10k,0.450000,9.554569,10.736934,10.5697,27.827175
KADIK10k,0.432500,8.365720,7.135446,17.0681,23.098112
KADIK10k,0.467500,9.874938,9.899081,8.2745,31.338512
KADIK10k,0.097500,20.787804,34.564995,-45.0366,49.930984
KADIK10k,0.850000,1.169020,-8.895286,76.0389,8.519414
KADIK10k,0.900000,1.426028,-6.549121,72.1946,16.406176
KADIK10k,0.807500,1.943964,-3.429919,65.3965,22.631166
KADIK10k,0.767500,2.662164,1.055889,57.8768,22.075396
KADIK10k,0.750000,4.761474,9.477091,39.3275,36.421215
KADIK10k,0.550000,9.430891,24.836266,-19.2628,75.788101
KADIK10k,0.325000,16.361544,29.215366,-47.4583,87.782166
KADIK10k,0.367500,22.223908,42.506359,-54.3741,129.247375
KADIK10k,0.275000,20.419543,43.230507,-50.9262,147.436523
KADIK10k,0.300000,21.827654,47.842529,-56.8509,89.141159
KADIK10k,0.667500,11.064164,17.128696,3.1664,18.757704
KADIK10k,0.367500,20.805099,34.837765,-39.7563,31.186077
KADIK10k,0.225000,28.220926,46.255177,-56.0124,40.039528
KADIK10k,0.100000,42.018658,60.122627,-64.2004,60.547596
KADIK10k,0.032500,55.318799,69.767189,-66.6130,77.459602
KADIK10k,0.667500,18.440754,16.707550,-11.7259,42.041500
KADIK10k,0.710000,12.314234,13.949668,15.3686,28.226778
KADIK10k,0.907500,6.566851,8.221917,48.6108,16.333538
KADIK10k,0.850000,5.191931,6.857275,40.6959,16.195749
KADIK10k,0.667500,14.078469,18.855860,-24.0184,32.110729
KADIK10k,0.942500,0.000000,-16.776386,100.0000,0.000000
KADIK10k,0.825000,0.977253,-10.428796,77.6589,4.012676
KADIK10k,0.375000,4.192763,-2.372435,38.3022,8.295439
KADIK10k,0.142500,9.986030,7.276058,-2.2560,13.862969
KADIK10k,0.050000,22.877627,21.321810,-56.9343,31.103960
KADIK10k,0.642500,2.063944,-5.560588,60.3129,6.658597
KADIK10k,0.357500,5.336932,0.096874,28.6545,9.087809
KADIK10k,0.125000,12.336853,9.424414,-15.0480,16.976271
KADIK10k,0.107500,17.690377,15.015887,-42.2708,25.567188
KADIK10k,0.050000,22.851296,21.528393,-57.0690,32.049099
KADIK10k,0.925000,0.000000,-16.776386,100.0000,0.000000
KADIK10k,0.792500,1.847524,-6.222848,61.8646,7.513638
KADIK10k,0.407500,3.609223,-3.759001,43.4343,8.503148
KADIK10k,0.232500,6.717229,2.766752,18.4729,13.023247
KADIK10k,0.150000,13.108990,11.104248,-22.1610,21.926287
KADIK10k,0.832500,0.483392,-14.845361,84.4233,3.068832
KADIK10k,0.517500,9.357660,8.220311,-11.0372,38.307243
KADIK10k,0.342500,19.814335,19.832167,-54.2759,60.078892
KADIK10k,0.242500,24.503467,26.787409,-61.0537,64.152992
KADIK10k,0.167500,34.043776,38.217854,-64.2310,110.654655
KADIK10k,0.675000,6.058095,18.518177,32.8422,12.773422
KADIK10k,0.207500,14.051549,34.056305,-15.2845,32.705063
KADIK10k,0.232500,17.063743,40.214935,-28.4508,32.361862
KADIK10k,0.107500,21.863236,47.727036,-44.9841,43.573196
KADIK10k,0.117500,25.042984,53.639111,-55.9837,42.910709
KADIK10k,0.842500,3.992399,3.271855,53.5855,10.933227
KADIK10k,0.857500,5.181489,8.122280,46.3422,11.044624
KADIK10k,0.707500,7.499395,8.300764,29.6567,12.587998
KADIK10k,0.617500,10.734102,14.567801,5.6930,17.933952
KADIK10k,0.432500,16.223786,21.520243,-24.9059,28.586996
KADIK10k,0.425000,6.415452,6.321375,8.0559,44.832108
KADIK10k,0.407500,10.555626,8.135770,-20.3831,61.396053
KADIK10k,0.425000,12.983722,8.302102,-32.1071,69.791191
KADIK10k,0.392500,15.606951,8.345909,-41.8448,78.275444
KADIK10k,0.290000,26.556876,0.035827,-61.4416,98.108536
KADIK10k,0.925000,0.000000,-16.776386,100.0000,0.000000
KADIK10k,0.607500,5.019608,2.378159,25.9310,25.167721
KADIK10k,0.532500,10.236274,11.629430,-16.1579,38.300144
KADIK10k,0.332500,21.891491,24.932247,-57.7263,60.062553
KADIK10k,0.207500,31.556869,38.084435,-64.1854,73.835045
KADIK10k,0.900000,1.434195,-7.327390,74.0305,2.833177
KADIK10k,0.850000,3.634434,-2.041881,50.8195,6.313482
KADIK10k,0.767500,5.279761,2.298816,34.1785,7.790023
KADIK10k,0.182500,11.425783,12.390406,-9.2027,16.817610
KADIK10k,0.057500,21.155415,22.007389,-51.7329,29.748777
KADIK10k,0.817500,2.417114,-5.590137,60.3125,4.527358
KADIK10k,0.775000,2.825008,-3.637155,56.2372,4.633795
KADIK10k,0.717500,3.976315,0.583284,44.7339,5.237283
KADIK10k,0.217500,13.319986,15.355330,-23.1423,11.850699
KADIK10k,0.057500,20.435257,20.305859,-50.6789,19.159565
KADIK10k,0.657500,2.829388,0.805313,57.7288,5.556127
KADIK10k,0.642500,4.609076,6.168390,42.1472,7.723997
KADIK10k,0.507500,6.064182,10.821963,31.2387,9.325783
KADIK10k,0.350000,8.530088,18.457348,16.5872,11.509942
KADIK10k,0.325000,12.987494,32.322468,-7.7684,16.964378
KADIK10k,0.832500,1.116761,-8.096539,78.2531,3.155831
KADIK10k,0.567500,3.507459,3.319953,51.6560,6.542396
KADIK10k,0.550000,5.695025,10.398008,34.2287,8.651326
KADIK10k,0.375000,9.079190,20.572998,13.6987,12.867591
KADIK10k,0.300000,11.765783,29.119585,-0.6617,14.329849
KADIK10k,0.607500,2.127317,-5.100027,48.0801,15.764370
KADIK10k,0.457500,4.761734,10.195786,11.4720,18.001299
KADIK10k,0.432500,7.211011,17.501284,-14.0167,22.587708
KADIK10k,0.300000,10.697131,23.293390,-34.3577,30.881174
KADIK10k,0.217500,13.289482,28.534311,-45.1164,31.314352
KADIK10k,0.882500,1.054152,-7.768355,76.1965,4.147390
KADIK10k,0.557500,3.241046,4.085883,49.6977,7.589734
KADIK10k,0.457500,5.152456,10.069983,34.2265,9.654278
KADIK10k,0.350000,8.147632,20.424145,14.1691,12.729708
KADIK10k,0.275000,13.823377,37.977634,-13.7110,18.055050
KADIK10k,0.700000,6.010752,9.548085,30.3230,6.998177
KADIK10k,0.425000,10.606234,16.397091,-1.1605,12.131071
KADIK10k,0.307500,13.942894,22.109789,-19.1047,14.099265
KADIK10k,0.167500,20.048326,33.138023,-43.2652,22.770067
KADIK10k,0.067500,25.862015,42.126743,-55.4467,30.068663
KADIK10k,0.892500,1.555481,-7.920666,71.5073,11.531773
KADIK10k,0.867500,3.582302,1.209412,41.5406,22.745123
KADIK10k,0.707500,9.260303,7.000036,-14.3770,44.220856
KADIK10k,0.432500,23.286826,12.884645,-62.0468,75.687386
KADIK10k,0.257500,41.629927,18.934137,-71.8277,114.054413
KADIK10k,0.882500,0.734740,-11.332992,85.7560,5.359023
KADIK10k,0.900000,1.661674,-7.250693,69.9596,11.380891
KADIK10k,0.742500,3.908325,0.344515,34.6134,22.133564
KADIK10k,0.600000,10.825182,5.958423,-34.3775,43.851429
KADIK10k,0.242500,34.885614,14.516282,-67.5242,79.340492
KADIK10k,0.817500,7.263863,6.119721,19.6914,21.345739
KADIK10k,0.907500,2.790465,-4.834673,67.3716,11.123122
KADIK10k,0.967500,0.000000,-16.776386,100.0000,0.000000
KADIK10k,0.892500,3.275062,-3.019240,52.7100,12.439880
KADIK10k,0.657500,7.504691,3.376231,-0.6807,23.490574
KADIK10k,0.832500,2.343793,-5.059978,70.0886,5.809672
KADIK10k,0.725000,4.395796,0.093986,46.7498,10.506866
KADIK10k,0.507500,7.222034,7.171185,21.0353,11.871634
KADIK10k,0.150000,12.154955,13.983443,-9.4111,18.247477
KADIK10k,0.082500,17.202469,18.660788,-34.9376,28.124153
KADIK10k,0.900000,5.158281,6.515433,22.1032,54.212925
KADIK10k,0.775000,9.470909,25.059225,-12.3084,62.476223
KADIK10k,0.775000,9.532978,24.368750,-12.5012,83.523155
KADIK10k,0.650000,9.845141,22.369043,-10.8419,83.225548
KADIK10k,0.775000,10.729465,23.914383,-21.9759,93.646858
KADIK10k,0.850000,9.035733,9.066918,12.6795,22.478466
KADIK10k,0.542500,10.850539,9.523129,1.6890,29.362717
KADIK10k,0.507500,9.789782,11.026031,6.5859,30.213812
KADIK10k,0.482500,9.804706,9.057995,8.3069,29.045305
KADIK10k,0.067500,21.728922,30.445274,-48.6755,52.540665
KADIK10k,0.792500,2.304723,-2.310779,58.4581,8.057302
KADIK10k,0.670000,3.450230,3.561418,45.6099,11.025456
KADIK10k,0.650000,5.445027,7.751561,28.5466,12.358030
KADIK10k,0.592500,7.447740,11.958605,12.2789,16.679964
KADIK10k,0.475000,12.221752,18.219254,-11.3071,22.216528
KADIK10k,0.317500,19.659103,42.904579,-55.2449,172.198563
KADIK10k,0.342500,14.286234,24.555532,-43.1934,69.935455
KADIK10k,0.217500,15.856764,30.850876,-45.2535,55.025635
KADIK10k,0.307500,25.008340,50.644234,-60.3790,138.272903
KADIK10k,0.300000,32.997038,49.688030,-64.2217,136.095245
KADIK10k,0.692500,9.014694,16.298056,-2.2489,17.987982
KADIK10k,0.400000,16.970958,33.590145,-49.8108,30.900751
KADIK10k,0.250000,23.118633,43.719635,-61.6703,40.147697
KADIK10k,0.167500,35.599363,62.549557,-64.2914,59.574139
KADIK10k,0.125000,48.417328,78.343719,-72.8112,77.500183
KADIK10k,0.652500,19.456611,15.866927,-34.4526,22.283024
KADIK10k,0.682500,12.540513,8.812282,-1.1902,16.592567
KADIK10k,0.725000,6.534445,4.024321,40.1166,10.166084
KADIK10k,0.807500,5.200333,6.539197,35.9566,11.758348
KADIK10k,0.607500,14.213556,19.232357,-31.3259,24.549568
KADIK10k,0.900000,0.000000,-16.776386,100.0000,0.000000
KADIK10k,0.867500,1.250190,-9.092525,73.3173,3.393339
KADIK10k,0.457500,5.912652,-0.187594,22.0617,7.382238
KADIK10k,0.175000,15.023307,7.919036,-31.4016,13.640561
KADIK10k,0.042500,33.540208,23.922941,-64.2285,34.115082
KADIK10k,0.667500,2.749435,-5.029076,51.5709,5.579849
KADIK10k,0.407500,7.763762,2.728196,9.5509,8.579139
KADIK10k,0.142500,19.087527,10.722104,-45.1985,17.504368
KADIK10k,0.082500,27.427519,17.858820,-62.4663,27.753012
KADIK10k,0.092500,34.452655,24.952450,-64.2311,34.917770
KADIK10k,0.867500,0.000000,-16.776386,100.0000,0.000000
KADIK10k,0.725000,2.006775,-6.507946,63.2163,4.928355
KADIK10k,0.420000,5.773388,-0.162667,24.5242,8.103486
KADIK10k,0.217500,10.659834,6.012224,-8.4853,13.492928
KADIK10k,0.132500,17.741372,12.158905,-42.7325,21.077036
KADIK10k,0.892500,0.903587,-11.144282,75.6790,2.139221
KADIK10k,0.500000,4.593615,4.329597,34.7143,18.408108
KADIK10k,0.192500,9.716825,9.066111,-1.3173,36.455521
KADIK10k,0.142500,13.561368,15.834554,-21.6479,45.805759
KADIK10k,0.132500,20.791632,27.685545,-49.7043,58.923965
KADIK10k,0.807500,6.377813,12.925905,31.6817,14.058942
KADIK10k,0.317500,12.086981,25.679535,-8.5182,26.794506
KADIK10k,0.207500,17.198021,34.966293,-34.8021,31.925945
KADIK10k,0.167500,20.027304,39.417255,-45.2953,33.880463
KADIK10k,0.157500,21.917617,42.038208,-52.8333,29.552618
KADIK10k,0.832500,2.275694,-4.450900,63.2350,5.918580
KADIK10k,0.842500,3.362897,0.051331,54.9202,8.366909
KADIK10k,0.817500,4.297761,2.781276,45.9955,9.816612
KADIK10k,0.657500,5.926785,6.281421,28.4029,11.120641
KADIK10k,0.475000,10.683586,11.984831,0.7233,24.227978
KADIK10k,0.392500,5.055059,-1.023006,35.9572,16.398483
KADIK10k,0.332500,8.247612,5.753438,6.5714,21.980639
KADIK10k,0.275000,10.202525,5.542409,-8.1016,24.774515
KADIK10k,0.307500,12.332553,4.957668,-21.7131,27.540377
KADIK10k,0.307500,16.657186,-13.313091,-50.7506,30.521856
KADIK10k,0.932500,0.000000,-16.776386,100.0000,0.000000
KADIK10k,0.592500,2.411543,-3.385921,59.3554,13.550870
KADIK10k,0.442500,4.876002,2.704022,35.7159,24.579924
KADIK10k,0.157500,11.212723,10.171299,-9.0899,38.584858
KADIK10k,0.175000,16.191501,16.584003,-33.2041,48.134144
KADIK10k,0.825000,4.075092,-0.340905,41.7815,4.547304
KADIK10k,0.400000,8.857374,5.983011,1.0902,7.919649
KADIK10k,0.342500,11.067440,7.789769,-11.6949,8.245314
KADIK10k,0.142500,20.914065,17.256653,-51.8809,14.827490
KADIK10k,0.057500,33.810984,25.767397,-64.2103,28.788874
KADIK10k,0.857500,2.840305,-5.997530,54.3823,3.989942
KADIK10k,0.850000,3.281757,-3.490891,50.4656,4.148958
KADIK10k,0.825000,4.605932,1.266596,38.7511,4.826026
KADIK10k,0.367500,14.998804,15.765838,-28.4299,9.609694
KADIK10k,0.067500,23.800412,22.486074,-56.2993,13.313849
KADIK10k,0.850000,1.854583,-2.118810,66.7272,3.602992
KADIK10k,0.807500,2.922666,3.312820,53.0719,5.309091
KADIK10k,0.707500,3.858740,6.442297,42.4736,5.992454
KADIK10k,0.582500,5.380452,11.776950,28.1361,7.318946
KADIK10k,0.382500,8.503503,22.516449,2.0213,10.002135
KADIK10k,0.882500,0.824532,-9.213402,82.2454,2.068094
KADIK10k,0.857500,2.297176,0.832286,60.4683,4.266675
KADIK10k,0.765000,3.638597,6.189372,45.0131,5.566236
KADIK10k,0.507500,5.777249,13.368724,24.5352,7.523238
KADIK10k,0.450000,7.516382,18.752838,9.6211,9.656562
KADIK10k,0.617500,2.336534,-5.564371,18.6532,12.771940
KADIK10k,0.407500,4.747260,10.811692,-28.1475,20.572529
KADIK10k,0.325000,6.642048,17.128126,-44.5257,23.026285
KADIK10k,0.267500,10.273993,22.703285,-61.1054,26.259714
KADIK10k,0.267500,13.122210,26.153528,-63.7452,26.470890
KADIK10k,0.842500,0.473584,-11.259813,87.8146,2.025618
KADIK10k,0.842500,1.231443,-6.300570,74.8441,3.624019
KADIK10k,0.867500,1.783250,-1.791508,65.7576,5.165524
KADIK10k,0.800000,2.718034,4.984296,54.5305,7.536089
KADIK10k,0.652500,4.725738,14.212365,33.7263,11.627394
KADIK10k,0.625000,8.403113,8.566995,3.1329,6.517727
KADIK10k,0.425000,14.391188,14.721972,-31.2613,9.974051
KADIK10k,0.292500,17.458081,18.878841,-43.9034,11.147918
KADIK10k,0.217500,22.668684,28.608818,-56.7510,15.737250
KADIK10k,0.117500,26.736861,36.030769,-62.2447,21.506054
KADIK10k,0.857500,2.142632,-8.428214,71.2566,7.617683
KADIK10k,0.842500,4.792913,0.759486,41.5710,15.147996
KADIK10k,0.667500,11.252848,7.865144,-9.8936,30.735731
KADIK10k,0.525000,22.907717,15.441113,-53.9539,53.309807
KADIK10k,0.317500,37.526148,20.776339,-64.2351,80.021614
KADIK10k,0.875000,0.734945,-10.863539,85.4017,3.687053
KADIK10k,0.867500,1.710966,-5.725311,68.6334,7.590996
KADIK10k,0.632500,4.391827,3.545367,30.2574,14.843124
KADIK10k,0.425000,13.271591,9.822493,-40.2948,28.993900
KADIK10k,0.075000,40.713379,25.034302,-69.8962,52.968975
KADIK10k,0.850000,5.607529,3.526303,43.9394,17.253202
KADIK10k,0.867500,2.637179,-6.571385,71.5849,8.865870
KADIK10k,0.842500,0.000000,-16.776386,100.0000,0.000000
KADIK10k,0.750000,4.124335,1.266131,29.4556,9.197363
KADIK10k,0.442500,11.323893,8.975637,-30.5756,17.470085
KADIK10k,0.757500,2.993490,-3.834913,47.2852,6.254818
KADIK10k,0.632500,5.990810,3.931566,7.4748,12.373028
KADIK10k,0.532500,8.611816,7.716707,-4.4551,11.363547
KADIK10k,0.250000,15.928767,14.194879,-35.7308,19.298496
KADIK10k,0.057500,25.693683,21.681345,-60.3863,26.286938
KADIK10k,0.867500,5.193737,9.192205,17.3922,47.821354
KADIK10k,0.882500,7.484647,16.114643,-0.5682,63.774719
KADIK10k,0.850000,9.998578,24.010681,-23.2273,59.392490
KADIK10k,0.857500,11.278849,26.329870,-26.6263,71.761589
KADIK10k,0.742500,12.744053,30.831505,-37.5187,64.462891
KADIK10k,0.792500,12.214281,13.237757,-8.9903,22.383774
KADIK10k,0.675000,13.250255,15.951303,-18.8580,23.848442
KADIK10k,0.600000,12.377579,14.294162,-18.7808,24.338200
KADIK10k,0.567500,14.597520,16.492630,-22.0608,31.967144
KADIK10k,0.100000,30.708889,34.458946,-63.6603,49.500465
KADIK10k,0.825000,1.993897,-5.057680,69.6737,4.490344
KADIK10k,0.882500,2.987617,0.598911,59.0988,5.743333
KADIK10k,0.767500,4.338547,5.899596,47.7250,7.408534
KADIK10k,0.757500,7.607674,12.680464,22.8233,10.985098
KADIK10k,0.792500,7.528946,11.750181,25.8480,14.281338
KADIK10k,0.332500,11.910586,29.193321,-31.5103,57.939785
KADIK10k,0.275000,16.942111,34.858742,-47.4982,78.060173
KADIK10k,0.217500,23.115852,47.412502,-60.5799,97.432457
KADIK10k,0.200000,20.701903,39.541267,-55.7961,94.094772
KADIK10k,0.200000,26.608701,49.275723,-63.2343,94.778641
KADIK10k,0.517500,11.614606,20.522593,-23.4513,19.222111
KADIK10k,0.225000,21.386972,39.048302,-59.5983,32.617836
KADIK10k,0.192500,28.722920,50.647388,-64.1995,42.121803
KADIK10k,0.057500,42.173873,67.189011,-71.0926,58.505650
KADIK10k,0.050000,52.954883,78.075546,-104.0614,75.740242
KADIK10k,0.475000,19.053310,18.828754,-44.6596,19.407030
KADIK10k,0.625000,11.671259,11.552892,-10.4486,13.843571
KADIK10k,0.750000,5.922634,5.298301,34.9282,7.869431
KADIK10k,0.807500,4.807122,3.621275,35.5782,8.294259
KADIK10k,0.650000,12.433591,17.860582,-28.2889,17.424913
KADIK10k,0.925000,0.000000,-16.776386,100.0000,0.000000
KADIK10k,0.832500,0.826732,-12.395585,83.0291,2.496432
KADIK10k,0.607500,3.825559,-1.749952,49.8922,6.815444
KADIK10k,0.282500,8.792324,6.136896,13.0149,12.282375
KADIK10k,0.132500,16.610840,15.283778,-36.3275,25.898844
KADIK10k,0.782500,1.743392,-7.092235,68.9101,4.130979
KADIK10k,0.650000,5.018343,0.127272,40.4211,8.021597
KADIK10k,0.282500,10.468559,7.456357,2.7772,14.713202
KADIK10k,0.142500,13.523179,11.309903,-19.5427,21.011511
KADIK10k,0.157500,16.515367,15.190089,-36.0386,27.143887
KADIK10k,0.867500,0.000000,-16.776386,100.0000,0.000000
KADIK10k,0.817500,1.504617,-9.000008,73.4241,4.876612
KADIK10k,0.567500,3.644489,-1.814265,51.3652,7.620177
KADIK10k,0.475000,5.586084,1.229347,35.7008,8.538742
KADIK10k,0.292500,9.126883,7.455416,7.7089,18.943983
KADIK10k,0.900000,0.359370,-12.265341,88.7689,0.727474
KADIK10k,0.317500,10.472591,9.273175,-15.1630,34.565540
KADIK10k,0.275000,19.147864,23.981926,-53.1734,43.837852
KADIK10k,0.317500,26.205534,34.238922,-63.1210,48.370197
KADIK10k,0.192500,42.997918,54.072712,-67.9003,84.102966
KADIK10k,0.857500,1.711382,-4.341395,68.0927,7.650791
KADIK10k,0.532500,7.599334,15.919127,25.2051,23.888496
KADIK10k,0.300000,11.859763,26.389738,-4.6644,35.443634
KADIK10k,0.200000,15.810837,34.455517,-27.8586,49.601238
KADIK10k,0.200000,17.743289,37.122776,-33.8857,55.189041
KADIK10k,0.850000,3.130036,-0.413707,49.8390,11.178482
KADIK10k,0.682500,5.496421,6.279072,32.9360,12.655388
KADIK10k,0.717500,6.236584,7.301515,26.8847,13.336626
KADIK10k,0.582500,8.164025,10.498504,13.3204,17.315699
KADIK10k,0.350000,17.277097,19.959780,-32.2226,25.244562
KADIK10k,0.417500,9.697504,9.271167,-20.4545,36.067345
KADIK10k,0.442500,15.675246,13.942682,-49.6568,48.601254
KADIK10k,0.307500,19.082733,16.103645,-58.0940,54.963348
KADIK10k,0.307500,22.818140,18.201653,-62.6141,61.424934
KADIK10k,0.267500,36.085174,23.552601,-65.3269,72.663223
KADIK10k,0.900000,0.000000,-16.776386,100.0000,0.000000
KADIK10k,0.557500,5.811613,5.010648,15.9491,24.696949
KADIK10k,0.467500,12.329116,12.888443,-23.6918,34.303429
KADIK10k,0.292500,21.763266,27.185926,-54.9370,43.361256
KADIK10k,0.192500,38.636753,50.330910,-64.7910,58.048836
KADIK10k,0.857500,0.733792,-10.631551,83.1072,2.371832
KADIK10k,0.842500,1.944851,-5.888094,64.0360,3.830581
KADIK10k,0.875000,2.612875,-3.901844,55.3521,5.069721
KADIK10k,0.657500,7.038589,4.375174,9.4597,7.179021
KADIK10k,0.225000,14.097239,11.596088,-29.9580,12.951365
KADIK10k,0.900000,2.638171,-4.336531,54.9084,3.480496
KADIK10k,0.867500,3.103919,-2.800148,49.2316,3.676996
KADIK10k,0.832500,4.744937,1.652150,32.1573,4.468050
KADIK10k,0.150000,18.606976,14.657164,-51.1076,12.762316
KADIK10k,0.057500,27.178732,22.102037,-61.8717,20.733990
KADIK10k,0.767500,3.382343,0.699598,49.7849,5.392512
KADIK10k,0.600000,5.696727,7.756386,30.1120,7.202315
KADIK10k,0.482500,7.708839,13.706481,16.3166,8.509843
KADIK10k,0.457500,11.043243,22.822563,-3.6242,11.644615
KADIK10k,0.282500,17.520994,37.609104,-32.2849,15.103642
KADIK10k,0.887500,1.276361,-7.739105,74.4497,3.223368
KADIK10k,0.675000,4.318945,4.150588,41.1471,6.276237
KADIK10k,0.550000,7.293318,12.860350,18.7426,9.766317
KADIK10k,0.467500,11.974092,25.657862,-8.1434,11.392133
KADIK10k,0.332500,15.806092,35.033966,-24.8977,13.554688
KADIK10k,0.592500,1.826039,-4.866827,53.3741,15.057007
KADIK10k,0.375000,4.645405,9.605231,16.5548,19.765638
KADIK10k,0.325000,7.413483,16.196066,-6.8889,21.104618
KADIK10k,0.300000,11.407270,23.237589,-31.9165,27.181087
KADIK10k,0.282500,14.672760,26.448288,-45.0891,25.508299
KADIK10k,0.857500,1.209406,-7.786242,74.6614,4.293098
KADIK10k,0.657500,3.957164,3.777648,43.4217,7.455705
KADIK10k,0.525000,6.581525,12.222120,22.6631,8.993625
KADIK10k,0.425000,10.849125,24.347017,-3.6963,12.061702
KADIK10k,0.267500,19.566234,44.086407,-38.3880,17.670998
KADIK10k,0.557500,8.771118,6.391750,0.1802,6.786574
KADIK10k,0.492500,13.757696,12.036587,-29.5211,12.653711
KADIK10k,0.375000,17.076155,17.792906,-42.4376,17.144489
KADIK10k,0.142500,27.008573,31.565979,-62.2505,25.520044
KADIK10k,0.092500,33.973167,40.967632,-64.1990,28.046257
KADIK10k,0.757500,0.923490,-10.961041,73.6357,12.542013
KADIK10k,0.682500,2.167436,-3.943863,46.1060,24.133879
KADIK10k,0.515000,5.877799,0.625605,-7.4710,46.824539
KADIK10k,0.375000,15.757605,-6.755181,-59.6766,76.879539
KADIK10k,0.100000,37.993443,-19.908630,-72.8777,101.479355
KADIK10k,0.882500,0.403314,-13.229664,88.1903,6.030681
KADIK10k,0.867500,0.991694,-9.964208,73.4420,12.871034
KADIK10k,0.742500,2.347984,-2.870525,43.3506,25.238277
KADIK10k,0.607500,6.702249,2.691794,-21.2588,51.377750
KADIK10k,0.442500,24.331662,-0.197939,-64.9237,94.339310
KADIK10k,0.700000,3.947333,0.685835,35.7398,24.887707
KADIK10k,0.767500,1.585922,-8.566382,69.5840,12.627300
KADIK10k,0.882500,0.000000,-16.776386,100.0000,0.000000
KADIK10k,0.757500,1.897272,-7.531925,64.7865,11.016536
KADIK10k,0.692500,4.454295,0.510641,24.8464,20.537363
KADIK10k,0.850000,0.720678,-13.494041,87.8512,2.311178
KADIK10k,0.900000,1.542047,-9.405946,77.6302,4.019939
KADIK10k,0.607500,3.824366,-1.218930,48.8647,9.633698
KADIK10k,0.300000,8.882968,9.499648,7.2984,16.723948
KADIK10k,0.125000,12.431576,12.546015,-12.8849,22.393913
KADIK10k,0.832500,2.493533,-3.655049,43.3356,21.946396
KADIK10k,0.525000,6.327983,8.052837,11.3320,61.451962
KADIK10k,0.742500,5.974867,13.154228,13.9279,46.890572
KADIK10k,0.332500,8.305663,18.167345,-5.3175,77.154854
KADIK10k,0.442500,7.784011,15.912098,-2.4610,63.166149
KADIK10k,0.792500,6.924912,6.236469,20.4874,23.019144
KADIK10k,0.657500,8.315320,9.624872,7.6503,21.874346
KADIK10k,0.557500,7.415571,8.372643,11.6956,22.377140
KADIK10k,0.475000,7.610480,7.455831,12.5145,19.825920
KADIK10k,0.207500,16.971311,22.937458,-41.6920,56.565136
KADIK10k,0.725000,2.086897,-4.212152,58.9836,10.527602
KADIK10k,0.692500,2.636928,-1.787764,52.4231,10.827690
KADIK10k,0.675000,3.189700,2.792594,47.2195,11.693834
KADIK10k,0.550000,4.942198,9.149387,33.2233,16.006897
KADIK10k,0.242500,11.822974,17.325165,-7.6642,24.384855
KADIK10k,0.332500,12.417162,22.913492,-26.9243,95.717712
KADIK10k,0.407500,20.780825,32.035126,-59.6775,97.696457
KADIK10k,0.292500,18.095006,30.720570,-45.2104,71.433800
KADIK10k,0.242500,28.124598,43.190304,-63.8830,105.832199
KADIK10k,0.315000,30.096805,39.428581,-64.2234,99.047745
KADIK10k,0.642500,6.670054,8.560585,17.0978,16.607929
KADIK10k,0.475000,14.753232,22.228020,-37.6647,25.485523
KADIK10k,0.317500,22.141857,32.590752,-58.6012,32.804585
KADIK10k,0.207500,39.547958,54.951023,-64.7161,54.945053
KADIK10k,0.057500,60.047850,82.369186,-105.5140,75.489853
KADIK10k,0.500000,14.416792,12.434281,-25.9292,21.088251
KADIK10k,0.707500,9.168534,6.201177,3.6332,15.442156
KADIK10k,0.782500,4.577524,1.640986,41.6222,9.404112
KADIK10k,0.557500,4.709947,3.895602,34.3683,10.455756
KADIK10k,0.357500,14.106558,17.146151,-35.3170,21.492031
KADIK10k,0.875000,0.000000,-16.776386,100.0000,0.000000
KADIK10k,0.850000,0.532096,-14.086908,87.2963,1.552367
KADIK10k,0.375000,2.430253,-6.406245,64.1153,4.670064
KADIK10k,0.182500,5.784618,-1.246983,35.6004,9.959702
KADIK10k,0.092500,13.750468,17.632692,-28.4084,25.803349
KADIK10k,0.675000,1.170558,-10.432534,77.0951,3.069417
KADIK10k,0.450000,3.129384,-5.387709,57.5064,5.592861
KADIK10k,0.167500,7.051226,1.506645,25.4497,12.712797
KADIK10k,0.107500,10.311994,9.883757,-3.5012,20.251623
KADIK10k,0.125000,13.460532,16.844641,-26.7093,26.093374
KADIK10k,0.917500,0.000000,-16.776386,100.0000,0.000000
KADIK10k,0.832500,0.957379,-11.430456,80.0082,3.768590
KADIK10k,0.442500,2.785459,-5.568707,61.1786,5.887755
KADIK10k,0.267500,3.435142,-5.075424,54.3576,8.789586
KADIK10k,0.132500,6.242485,1.864804,27.5475,17.231186
KADIK10k,0.867500,0.661538,-12.152973,83.8064,8.521830
KADIK10k,0.182500,16.083622,27.493435,-40.4786,39.071312
KADIK10k,0.107500,29.595580,31.350910,-63.9945,85.474869
KADIK10k,0.015000,41.783444,35.902744,-67.7338,145.294006
KADIK10k,0.032500,51.125938,42.966099,-104.9255,148.578690
KADIK10k,0.857500,3.262857,1.388664,52.6150,16.187181
KADIK10k,0.492500,7.848449,19.208645,11.5447,27.647198
KADIK10k,0.125000,10.240487,29.281490,-7.8128,38.353970
KADIK10k,0.200000,9.351817,28.836140,-1.4152,43.320625
KADIK10k,0.157500,16.195828,45.121922,-44.0288,45.291389
KADIK10k,0.682500,2.571569,-2.685873,53.4796,8.766519
KADIK10k,0.765000,3.190298,0.971731,48.2614,10.226650
KADIK10k,0.692500,4.709091,5.761368,31.1358,15.600041
KADIK10k,0.500000,7.557792,8.224716,3.6364,18.162535
KADIK10k,0.200000,15.758880,20.952230,-37.3609,22.508692
KADIK10k,0.425000,9.194277,9.384916,-18.6870,75.629379
KADIK10k,0.232500,17.533675,17.506191,-53.5781,112.448883
KADIK10k,0.317500,23.025714,22.048239,-62.0095,131.423721
KADIK10k,0.125000,29.234940,26.444323,-64.2072,150.407059
KADIK10k,0.067500,53.163029,43.461155,-105.0206,162.236359
KADIK10k,0.882500,0.000000,-16.776386,100.0000,0.000000
KADIK10k,0.425000,10.902163,16.252392,-12.4247,38.144466
KADIK10k,0.242500,16.355729,24.014524,-40.9958,38.345623
KADIK10k,0.175000,35.827608,33.570042,-64.5407,85.502373
KADIK10k,0.125000,56.281758,40.056168,-156.6140,148.578690
KADIK10k,0.932500,0.473297,-12.240557,87.8504,1.509683
KADIK10k,0.907500,1.273759,-8.472748,73.6022,2.628830
KADIK10k,0.907500,1.972452,-5.353281,63.2644,3.926267
KADIK10k,0.650000,5.386288,2.427218,26.0963,7.437227
KADIK10k,0.175000,11.615314,9.691335,-18.6550,16.515368
KADIK10k,0.775000,2.663461,-3.303698,55.8827,7.861607
KADIK10k,0.717500,3.099844,-1.277730,50.8575,6.132331
KADIK10k,0.717500,4.589580,2.075468,34.7653,8.342721
KADIK10k,0.150000,14.777510,14.381908,-36.1950,15.857314
KADIK10k,0.057500,31.971402,27.266500,-64.2291,26.149570
KADIK10k,0.587500,3.557369,-0.234427,50.4387,5.985684
KADIK10k,0.425000,6.022005,6.669810,30.8715,7.513285
KADIK10k,0.400000,8.137937,12.321463,16.7283,9.443283
KADIK10k,0.335000,11.661302,21.208912,-1.8043,10.952730
KADIK10k,0.307500,18.061217,35.173874,-28.3824,14.439200
KADIK10k,0.807500,1.296468,-8.535154,75.2293,3.428182
KADIK10k,0.532500,4.474795,2.761923,42.5594,6.409760
KADIK10k,0.442500,7.605776,11.525306,20.7530,8.552393
KADIK10k,0.350000,12.452791,23.933601,-6.0481,11.315220
KADIK10k,0.265000,15.911255,32.110992,-20.2127,14.665362
KADIK10k,0.682500,1.730836,-4.728218,61.7561,11.118636
KADIK10k,0.500000,3.976686,7.507683,39.6656,14.349977
KADIK10k,0.432500,6.574446,14.491724,24.9406,15.714413
KADIK10k,0.282500,10.223164,21.326023,2.5385,19.203650
KADIK10k,0.250000,13.408029,25.136587,-14.5085,21.415092
KADIK10k,0.775000,2.087053,-4.735929,64.5630,4.039098
KADIK10k,0.442500,7.176909,11.120075,21.7603,7.517763
KADIK10k,0.400000,11.861340,23.085367,-4.8163,10.558036
KADIK10k,0.292500,18.433132,35.641407,-31.4097,13.213710
KADIK10k,0.150000,28.799301,55.084396,-55.2209,18.796581
KADIK10k,0.550000,6.785599,4.924802,15.9001,8.707448
KADIK10k,0.317500,10.605965,9.989000,-11.9429,13.375031
KADIK10k,0.192500,13.673917,14.547981,-27.3552,18.450724
KADIK10k,0.117500,21.833187,27.658213,-52.8733,27.631269
KADIK10k,0.092500,28.413038,36.470882,-61.7777,29.571396
KADIK10k,0.925000,0.949962,-10.261550,78.9156,12.302702
KADIK10k,0.800000,2.435385,-1.417148,54.3422,24.460051
KADIK10k,0.625000,7.213151,6.357374,-0.2438,50.612076
KADIK10k,0.250000,21.002558,14.852753,-59.3353,93.318779
KADIK10k,0.042500,35.518827,23.176710,-64.5900,148.957031
KADIK10k,0.925000,0.500185,-12.358697,87.4349,6.564475
KADIK10k,0.907500,1.180068,-9.665875,74.5690,14.131302
KADIK10k,0.775000,2.920828,-1.338270,47.8623,26.905403
KADIK10k,0.607500,8.221485,5.237338,-5.4588,52.534477
KADIK10k,0.400000,22.389672,11.111461,-61.0218,88.057114
KADIK10k,0.550000,5.725345,2.938162,4.4110,26.746000
KADIK10k,0.825000,1.645576,-6.488930,62.0149,13.561383
KADIK10k,0.875000,0.000000,-16.776386,100.0000,0.000000
KADIK10k,0.857500,1.326930,-9.407292,75.9869,12.754103
KADIK10k,0.750000,3.256833,-1.364870,51.9891,25.605188
KADIK10k,0.857500,0.705997,-13.471478,88.6577,4.225259
KADIK10k,0.875000,1.285345,-10.910108,81.7270,4.978598
KADIK10k,0.625000,2.791902,-5.484898,62.6692,8.008260
KADIK10k,0.232500,5.905212,3.445487,35.0818,13.497577
KADIK10k,0.092500,9.473065,11.465855,6.3932,20.610933
KADIK10k,0.575000,3.404325,0.910709,42.3768,38.625626
KADIK10k,0.492500,3.724046,3.724880,30.8095,30.941959
KADIK10k,0.492500,4.937523,10.133616,19.0312,43.261097
KADIK10k,0.412500,6.495404,14.065901,7.6705,40.811031
KADIK10k,0.457500,7.286671,15.021419,4.4472,57.641201
KADIK10k,0.682500,4.707027,3.105487,39.0704,20.843557
KADIK10k,0.482500,5.651038,4.976095,31.4252,19.143723
KADIK10k,0.607500,5.106046,2.870553,32.8955,16.036041
KADIK10k,0.525000,5.515438,5.780139,32.8215,19.289948
KADIK10k,0.132500,11.903752,16.574223,-17.4498,37.161201
KADIK10k,0.742500,2.433639,-1.920108,55.4892,10.272918
KADIK10k,0.625000,3.450228,3.305005,43.8375,12.194551
KADIK10k,0.650000,4.423459,5.688182,31.3223,14.292325
KADIK10k,0.457500,7.177917,8.638884,6.6266,18.526344
KADIK10k,0.267500,16.140017,17.724453,-38.0420,22.542280
KADIK10k,0.450000,16.458336,26.358917,-48.8193,112.606758
KADIK10k,0.317500,19.418219,24.373701,-57.4545,74.530899
KADIK10k,0.250000,27.485332,34.023396,-63.5996,109.142677
KADIK10k,0.250000,22.379003,37.126774,-49.9782,89.232628
KADIK10k,0.150000,30.640527,49.959492,-63.3231,92.527000
KADIK10k,0.700000,5.441945,4.961943,32.2449,15.480170
KADIK10k,0.457500,12.358290,17.583279,-17.0680,25.687410
KADIK10k,0.275000,18.840031,27.631769,-43.3102,33.844887
KADIK10k,0.200000,34.835401,50.191021,-63.8897,53.105297
KADIK10k,0.067500,56.330467,79.745308,-72.1859,76.476692
KADIK10k,0.467500,10.431182,7.686124,-10.3941,26.158085
KADIK10k,0.757500,6.160981,3.014083,22.5061,18.583149
KADIK10k,0.907500,2.960025,-0.734134,54.6248,10.834239
KADIK10k,0.857500,3.128679,1.368719,53.9656,11.039473
KADIK10k,0.642500,8.725877,15.864694,-1.7159,21.918447
KADIK10k,0.950000,0.000000,-16.776386,100.0000,0.000000
KADIK10k,0.850000,0.389078,-14.910420,89.3716,1.532854
KADIK10k,0.500000,1.531753,-9.292362,70.6971,4.581501
KADIK10k,0.250000,4.045689,-2.508591,40.6736,10.916756
KADIK10k,0.117500,12.399299,23.727245,-25.7963,29.482782
KADIK10k,0.817500,0.765311,-12.883682,82.0076,2.689702
KADIK10k,0.550000,1.898714,-9.318471,65.2959,5.720478
KADIK10k,0.207500,5.090116,1.111209,30.0028,14.025508
KADIK10k,0.132500,8.638476,14.033784,-1.3502,23.761314
KADIK10k,0.082500,12.249616,23.658833,-25.4065,31.577894
KADIK10k,0.975000,0.000000,-16.776386,100.0000,0.000000
KADIK10k,0.832500,0.565094,-13.938991,84.9865,2.615592
KADIK10k,0.557500,1.598311,-9.698717,69.4072,6.345748
KADIK10k,0.332500,2.772941,-8.029658,54.4199,10.631490
KADIK10k,0.207500,5.209757,3.117985,27.3845,19.820166
KADIK10k,0.875000,0.820734,-8.463026,78.6691,7.434284
KADIK10k,0.467500,9.682395,17.996181,-7.8323,34.790386
KADIK10k,0.175000,16.645504,27.266333,-44.1631,56.434425
KADIK10k,0.167500,20.468694,30.111111,-56.5549,53.829777
KADIK10k,0.182500,27.300949,33.493145,-64.0735,74.487823
KADIK10k,0.850000,3.621804,10.530791,51.1191,19.361637
KADIK10k,0.482500,7.697135,30.690998,13.6142,37.110508
KADIK10k,0.242500,12.056475,44.025093,-18.5334,55.936852
KADIK10k,0.182500,14.388246,46.501511,-31.3960,62.316402
KADIK10k,0.142500,15.821976,50.242001,-38.7263,65.408447
KADIK10k,0.692500,5.386205,9.705220,29.2827,13.455656
KADIK10k,0.700000,5.844620,10.956988,25.3727,15.417081
KADIK10k,0.567500,7.749684,14.404572,13.2067,18.263239
KADIK10k,0.450000,13.173488,20.605806,-17.3699,24.817060
KADIK10k,0.267500,16.384305,33.955593,-36.2157,33.980503
KADIK10k,0.467500,8.702555,10.592444,-9.2077,29.405529
KADIK10k,0.407500,14.071840,16.175865,-41.2554,40.008091
KADIK10k,0.257500,17.243494,19.167915,-52.3244,45.447746
KADIK10k,0.225000,20.632565,22.202147,-59.4338,50.898460
KADIK10k,0.332500,27.234174,20.865271,-64.2291,56.549568
KADIK10k,0.917500,0.000000,-16.776386,100.0000,0.000000
KADIK10k,0.592500,6.047471,6.710008,19.9934,32.261951
KADIK10k,0.517500,10.651446,17.937948,-10.4319,46.415138
KADIK10k,0.282500,19.982889,33.719139,-53.5844,61.682144
KADIK10k,0.150000,29.052152,38.192482,-64.1763,64.641945
KADIK10k,0.875000,0.420246,-12.248310,89.6931,1.478031
KADIK10k,0.932500,0.929787,-9.175224,80.0739,2.407463
KADIK10k,0.907500,1.297185,-6.889917,73.4140,3.373820
KADIK10k,0.632500,4.066040,3.363590,40.0146,10.328200
KADIK10k,0.142500,10.432923,20.116714,-11.7204,20.227196
KADIK10k,0.892500,2.117981,-3.249051,60.9611,4.468742
KADIK10k,0.825000,2.393610,-1.354552,57.0733,4.826777
KADIK10k,0.707500,3.491788,3.348167,43.2906,6.310094
KADIK10k,0.125000,12.606310,17.653973,-29.6261,15.780045
KADIK10k,0.050000,25.337509,28.805107,-61.6819,24.876942
KADIK10k,0.617500,4.364243,0.258897,43.9380,6.225364
KADIK10k,0.492500,7.356402,6.786139,22.1662,8.409068
KADIK10k,0.382500,9.754149,12.454053,7.4477,10.336117
KADIK10k,0.380000,13.431256,20.193342,-10.1783,12.543653
KADIK10k,0.292500,19.944608,32.121735,-36.8160,17.091173
KADIK10k,0.857500,1.452105,-9.244838,72.9572,3.513141
KADIK10k,0.625000,4.934079,1.811282,39.2161,6.828640
KADIK10k,0.482500,8.320377,10.079853,16.8112,9.430739
KADIK10k,0.342500,13.077791,20.721573,-8.9669,12.268029
KADIK10k,0.350000,16.607460,27.027367,-23.3676,15.755608
KADIK10k,0.582500,2.791009,-3.160753,28.7336,14.291709
KADIK10k,0.425000,7.123461,12.295373,-19.6370,23.891092
KADIK10k,0.450000,11.225953,16.646523,-43.2609,29.897650
KADIK10k,0.357500,17.092247,22.270962,-59.6918,33.727592
KADIK10k,0.275000,20.694027,29.306110,-63.3084,34.833530
KADIK10k,0.925000,1.035653,-10.141677,77.9289,3.593255
KADIK10k,0.650000,3.353983,-2.105445,51.0822,7.306947
KADIK10k,0.417500,5.627474,5.372879,32.2142,9.725229
KADIK10k,0.400000,9.103605,13.733452,10.6135,12.736236
KADIK10k,0.292500,16.483175,29.690269,-23.6784,21.139563
KADIK10k,0.700000,4.577373,4.684634,34.2535,10.419276
KADIK10k,0.382500,8.624396,12.353980,1.8531,12.677205
KADIK10k,0.257500,12.562998,17.951944,-20.8480,18.767735
KADIK10k,0.157500,21.456970,29.803093,-54.4501,30.557953
KADIK10k,0.132500,28.550637,41.107712,-62.9492,29.772205
KADIK10k,0.917500,1.119357,-9.372420,71.9345,13.877153
KADIK10k,0.817500,2.652895,-1.053653,43.2981,27.714769
KADIK10k,0.682500,6.862364,4.663434,-9.3774,56.605881
KADIK10k,0.382500,16.913392,8.655858,-57.5864,100.130692
KADIK10k,0.157500,38.288940,13.404765,-73.3924,155.041168
KADIK10k,0.907500,0.520115,-11.789984,84.2000,6.830739
KADIK10k,0.917500,1.202516,-8.434007,67.4606,14.187121
KADIK10k,0.867500,2.891411,-1.847449,30.3717,27.476824
KADIK10k,0.675000,8.566831,4.914436,-40.0961,55.199558
KADIK10k,0.367500,31.679652,12.237577,-74.8489,99.570480
KADIK10k,0.850000,4.192599,3.181104,38.5640,29.118671
KADIK10k,0.875000,1.895145,-6.181963,69.7863,14.561264
KADIK10k,0.950000,0.000000,-16.776386,100.0000,0.000000
KADIK10k,0.882500,2.690735,-4.151024,38.5921,16.605818
KADIK10k,0.782500,6.745188,0.204658,-22.0226,31.537722
KADIK10k,0.925000,1.360556,-9.038940,79.3050,4.013259
KADIK10k,0.857500,2.606372,-3.007773,60.0198,9.142485
KADIK10k,0.792500,3.105055,-4.732959,59.3421,7.029309
KADIK10k,0.217500,5.770096,3.628676,29.3931,17.638012
KADIK10k,0.087500,9.481817,18.797354,-3.5111,30.178400
KADIK10k,0.892500,3.714805,4.069778,40.8947,69.812004
KADIK10k,0.850000,4.905511,5.265197,24.5374,48.375458
KADIK10k,0.625000,7.200044,21.820745,4.0609,71.117180
KADIK10k,0.742500,8.785971,28.317032,-1.5860,82.932327
KADIK10k,0.650000,8.544738,27.829729,-6.0649,66.047424
KADIK10k,0.767500,3.487267,-2.078313,54.4313,20.060085
KADIK10k,0.625000,3.619843,-2.498170,51.6812,18.456287
KADIK10k,0.532500,3.481399,-4.384243,54.4166,18.791067
KADIK10k,0.482500,3.527810,-2.417981,52.5389,19.708635
KADIK10k,0.157500,7.681006,11.498669,12.3033,34.669128
KADIK10k,0.407500,3.517039,2.503308,40.1522,9.898626
KADIK10k,0.482500,5.131733,5.569899,24.8294,12.046764
KADIK10k,0.375000,7.298159,6.626998,6.6006,15.871845
KADIK10k,0.282500,9.637889,8.901773,-9.1662,22.066177
KADIK10k,0.150000,13.891626,15.877522,-32.6875,29.377310
KADIK10k,0.457500,17.088230,22.708170,-51.4142,136.848648
KADIK10k,0.450000,17.791033,30.583044,-40.9015,98.021301
KADIK10k,0.317500,27.974817,33.880814,-63.8439,162.888489
KADIK10k,0.257500,21.246725,35.974586,-57.4793,92.159111
KADIK10k,0.292500,24.960507,45.977325,-62.8013,90.670006
KADIK10k,0.775000,4.980533,3.929100,38.5418,18.822506
KADIK10k,0.450000,10.107447,17.383688,-2.1030,31.929739
KADIK10k,0.367500,14.355153,27.898657,-26.8419,39.582127
KADIK10k,0.150000,23.874906,47.333511,-55.7408,59.073288
KADIK10k,0.075000,35.562283,62.188210,-64.0673,74.536201
KADIK10k,0.717500,17.823962,10.946666,-46.5651,29.325769
KADIK10k,0.750000,11.512978,8.350460,-14.5597,21.974369
KADIK10k,0.857500,5.862055,4.605835,31.7280,13.315893
KADIK10k,0.882500,5.519497,11.585161,28.2541,15.107574
KADIK10k,0.675000,15.506271,25.465431,-40.2841,31.871788
KADIK10k,0.932500,0.000000,-16.776386,100.0000,0.000000
KADIK10k,0.692500,1.057978,-10.391200,79.2841,2.459466
KADIK10k,0.232500,4.727095,-1.918958,41.8983,6.275829
KADIK10k,0.100000,11.556863,6.257013,-2.9407,11.872382
KADIK10k,0.050000,28.131652,21.421000,-62.3706,26.444893
KADIK10k,0.525000,2.299080,-4.863903,62.8691,4.112484
KADIK10k,0.282500,6.118997,0.156445,32.0872,7.287157
KADIK10k,0.092500,14.393342,8.296786,-17.4448,14.947609
KADIK10k,0.142500,21.539876,14.617551,-49.9822,22.364489
KADIK10k,0.017500,28.101313,21.155642,-62.3183,27.554039
KADIK10k,0.875000,0.000000,-16.776386,100.0000,0.000000
KADIK10k,0.667500,1.769964,-6.480027,69.1243,3.684757
KADIK10k,0.282500,5.042950,-1.244863,39.1803,7.663934
KADIK10k,0.167500,8.485047,4.061689,14.2419,12.871017
KADIK10k,0.075000,11.859451,8.491686,-8.0487,21.796059
KADIK10k,0.817500,0.824941,-10.039538,78.9514,3.719996
KADIK10k,0.400000,8.624982,11.396002,-7.6019,22.294855
KADIK10k,0.150000,16.745807,18.261873,-47.6616,40.332249
KADIK10k,0.167500,21.231774,23.805716,-57.7718,61.785351
KADIK10k,0.117500,27.732607,32.075565,-63.5788,70.566162
KADIK10k,0.652500,5.514136,11.667615,39.5815,11.121678
KADIK10k,0.200000,10.119746,21.329145,7.6198,19.269245
KADIK10k,0.117500,16.115504,30.049353,-27.4096,24.587967
KADIK10k,0.125000,17.911359,32.327354,-34.5073,26.105726
KADIK10k,0.100000,18.957160,34.542194,-36.0780,32.047333
KADIK10k,0.725000,3.470743,0.967280,52.8164,9.059918
KADIK10k,0.707500,3.966283,2.998940,46.0478,12.812327
KADIK10k,0.692500,5.509321,7.704774,33.7308,13.103737
KADIK10k,0.425000,10.042485,12.884778,-0.5829,16.050962
KADIK10k,0.325000,14.478954,19.116314,-27.1618,30.116430
KADIK10k,0.467500,7.186143,7.311766,1.4412,42.777485
KADIK10k,0.432500,12.366557,10.980996,-33.6073,60.764751
KADIK10k,0.317500,15.766867,11.277614,-47.0441,69.986771
KADIK10k,0.267500,19.540743,11.280285,-56.5329,79.233925
KADIK10k,0.325000,34.863599,-0.066306,-64.3883,79.622421
KADIK10k,0.842500,0.000000,-16.776386,100.0000,0.000000
KADIK10k,0.525000,5.204925,9.920350,25.6707,15.925914
KADIK10k,0.367500,9.269407,17.548695,-10.5804,24.791847
KADIK10k,0.145000,20.405313,33.583790,-55.8367,42.897060
KADIK10k,0.150000,30.336890,42.033676,-64.1299,67.269325
KADIK10k,0.775000,3.118471,-2.607734,55.8356,6.149703
KADIK10k,0.582500,5.828752,1.934495,32.6342,8.257894
KADIK10k,0.407500,8.004003,5.234435,15.8948,9.973831
KADIK10k,0.192500,14.089340,11.530928,-19.2604,14.301703
KADIK10k,0.042500,25.453602,22.201315,-57.0874,22.962223
KADIK10k,0.732500,2.725939,-5.204620,60.2935,4.717984
KADIK10k,0.842500,3.117946,-3.272107,57.0228,4.868757
KADIK10k,0.667500,4.488295,0.915462,45.4061,6.646348
KADIK10k,0.232500,13.723500,14.449988,-16.0992,13.146912
KADIK10k,0.057500,23.262165,23.311440,-51.8005,19.454037
KADIK10k,0.825000,1.883900,-2.612548,67.8153,4.455675
KADIK10k,0.582500,2.976458,2.537797,55.5654,6.356009
KADIK10k,0.500000,3.843448,5.505429,47.1782,7.269214
KADIK10k,0.382500,5.511086,11.381485,33.7361,9.001360
KADIK10k,0.275000,8.532243,21.017294,13.3509,12.308363
KADIK10k,0.917500,0.819319,-9.230360,82.8886,2.549046
KADIK10k,0.692500,2.302263,0.155776,62.4355,5.241849
KADIK10k,0.457500,3.672824,5.131572,48.6145,6.803623
KADIK10k,0.425000,5.800178,12.462232,31.0910,9.397815
KADIK10k,0.300000,7.602736,18.180613,17.8258,11.975678
KADIK10k,0.742500,1.610872,-8.118444,59.5498,13.964634
KADIK10k,0.392500,3.073845,4.193897,31.9846,13.975686
KADIK10k,0.457500,4.036780,11.472247,22.4686,17.796223
KADIK10k,0.355000,6.323096,21.034994,-1.9126,26.285749
KADIK10k,0.337500,7.867273,23.472910,-14.1216,25.580276
KADIK10k,0.832500,0.949008,-8.001265,77.9913,3.823967
KADIK10k,0.525000,2.735241,1.929217,53.6657,7.195075
KADIK10k,0.475000,4.365768,7.484965,37.6398,9.720628
KADIK10k,0.317500,6.838369,15.739118,19.1600,12.864429
KADIK10k,0.157500,11.821170,30.219152,-10.2357,17.281126
KADIK10k,0.592500,6.473369,6.889582,27.3939,6.450998
KADIK10k,0.392500,11.463680,12.308919,-4.6386,10.569713
KADIK10k,0.307500,14.848218,16.528797,-22.7500,13.147753
KADIK10k,0.150000,19.446870,26.717699,-41.7359,18.189724
KADIK10k,0.125000,24.477896,34.662128,-53.6111,21.908161
KADIK10k,0.875000,1.591413,-7.458856,70.9217,8.715770
KADIK10k,0.742500,3.710868,1.216669,40.0544,16.795671
KADIK10k,0.507500,9.840442,7.012731,-19.2798,33.515011
KADIK10k,0.332500,26.038618,13.241230,-64.0487,58.416672
KADIK10k,0.142500,46.422390,19.811392,-93.9334,84.201103
KADIK10k,0.900000,0.746840,-11.352647,85.5741,4.236462
KADIK10k,0.875000,1.719353,-7.106077,70.2140,8.963737
KADIK10k,0.782500,4.055726,0.811525,37.2832,17.818752
KADIK10k,0.582500,11.147026,7.342535,-27.4238,36.239010
KADIK10k,0.217500,35.739392,14.569773,-66.1745,69.225662
KADIK10k,0.825000,6.672000,5.699429,22.2948,21.972574
KADIK10k,0.882500,2.772146,-4.987423,65.8363,11.638202
KADIK10k,0.882500,0.000000,-16.776386,100.0000,0.000000
KADIK10k,0.857500,3.340037,-2.050129,61.1351,9.290739
KADIK10k,0.700000,7.660504,5.228917,19.8313,17.743799
KADIK10k,0.792500,1.655434,-8.051456,78.8260,4.266048
KADIK10k,0.707500,4.333124,-1.257343,48.1499,9.848313
KADIK10k,0.607500,6.419381,3.249609,30.8913,10.055470
KADIK10k,0.207500,12.043258,10.165349,-3.5192,14.310894
KADIK10k,0.067500,20.081844,17.402281,-42.0473,23.882963
KADIK10k,0.850000,5.350178,6.116729,21.4620,60.909271
KADIK10k,0.842500,6.265976,12.041089,8.6737,60.832180
KADIK10k,0.775000,9.411259,22.432463,-12.2110,66.468269
KADIK10k,0.682500,10.054952,25.765224,-17.7426,72.235725
KADIK10k,0.575000,11.629745,25.026991,-31.4512,66.780891
KADIK10k,0.707500,9.762507,9.790500,6.3583,18.163963
KADIK10k,0.625000,10.989787,11.230953,-3.9478,18.611477
KADIK10k,0.517500,10.145709,10.041509,-0.9278,23.103563
KADIK10k,0.542500,12.023459,12.661820,-3.7415,23.461828
KADIK10k,0.142500,25.333821,28.843843,-56.6233,38.877010
KADIK10k,0.925000,1.034718,-9.025339,78.0639,5.189190
KADIK10k,0.832500,1.485125,-6.240324,70.6570,6.709599
KADIK10k,0.807500,2.220762,-1.453371,61.0367,9.132619
KADIK10k,0.775000,3.183581,4.904584,51.5053,12.309278
KADIK10k,0.600000,6.763062,13.214758,16.5921,20.925207
KADIK10k,0.347500,9.244554,24.631889,-16.6066,36.505455
KADIK10k,0.332500,11.272296,29.410015,-11.8282,52.108028
KADIK10k,0.292500,21.159176,44.344772,-53.6336,66.391418
KADIK10k,0.257500,25.785563,44.339115,-61.3168,90.909737
KADIK10k,0.207500,26.661648,51.011272,-63.2879,104.422737
KADIK10k,0.517500,10.508663,18.000496,0.9588,16.251760
KADIK10k,0.300000,20.636526,38.173733,-46.1811,28.067297
KADIK10k,0.217500,28.269152,51.677818,-60.5474,38.007957
KADIK10k,0.057500,42.063217,72.692955,-64.3419,59.045307
KADIK10k,0.025000,54.370133,86.294952,-75.8970,83.764282
KADIK10k,0.517500,19.619870,18.382912,-25.8482,21.128635
KADIK10k,0.657500,12.770744,11.136146,4.7953,15.071804
KADIK10k,0.807500,6.645104,5.038860,42.7180,8.825267
KADIK10k,0.775000,5.330677,6.533681,35.7385,9.130575
KADIK10k,0.642500,14.627684,18.943129,-32.9542,18.706753
KADIK10k,0.932500,0.000000,-16.776386,100.0000,0.000000
KADIK10k,0.882500,0.788548,-12.519755,81.5790,2.360489
KADIK10k,0.450000,3.426283,-4.851628,48.4733,6.982897
KADIK10k,0.167500,8.578297,4.584305,8.6059,13.525344
KADIK10k,0.057500,19.933220,24.426233,-50.3960,26.651838
KADIK10k,0.725000,1.658350,-7.814464,67.4594,4.300100
KADIK10k,0.392500,4.383303,-2.646646,39.9946,8.015153
KADIK10k,0.192500,10.744325,6.714676,-4.4944,17.057272
KADIK10k,0.067500,15.754326,16.301022,-34.4705,23.353561
KADIK10k,0.082500,20.107010,25.154194,-50.9895,27.586555
KADIK10k,0.917500,0.000000,-16.776386,100.0000,0.000000
KADIK10k,0.800000,1.575173,-8.165636,67.7441,5.486806
KADIK10k,0.475000,2.873160,-6.106328,52.0751,7.109758
KADIK10k,0.292500,5.702896,0.607410,31.1188,11.085937
KADIK10k,0.100000,9.491352,9.072231,-1.3005,23.718451
KADIK10k,0.907500,0.820206,-12.593184,81.8646,5.027960
KADIK10k,0.482500,9.048312,9.272865,-4.1895,38.165897
KADIK10k,0.232500,24.715640,27.720089,-60.2337,59.566936
KADIK10k,0.132500,38.459321,37.906742,-64.4760,100.115501
KADIK10k,0.067500,48.441946,44.030678,-82.0445,120.274506
KADIK10k,0.907500,2.799138,2.225396,58.8920,11.013227
KADIK10k,0.375000,8.725222,23.343374,5.5554,23.254906
KADIK10k,0.182500,13.653274,37.946129,-18.5281,35.528996
KADIK10k,0.157500,15.432659,42.352257,-28.5378,36.378216
KADIK10k,0.207500,15.026145,41.452450,-28.1012,38.218922
KADIK10k,0.657500,3.304659,1.293965,53.7223,7.062462
KADIK10k,0.707500,3.868264,5.005908,47.8535,8.778090
KADIK10k,0.700000,4.884167,7.610804,41.2979,9.968341
KADIK10k,0.532500,8.807789,16.320559,14.0537,17.531460
KADIK10k,0.257500,17.402127,30.810610,-33.6902,23.631847
KADIK10k,0.567500,12.415842,10.737177,-37.7450,69.974487
KADIK10k,0.317500,21.009756,16.459723,-60.6811,94.646538
KADIK10k,0.307500,25.999144,18.606445,-63.9042,106.392456
KADIK10k,0.332500,31.265656,19.817236,-64.2377,118.160973
KADIK10k,0.207500,46.680296,23.218157,-89.2137,130.377350
KADIK10k,0.932500,0.000000,-16.776386,100.0000,0.000000
KADIK10k,0.507500,5.600378,3.647324,18.8512,32.760189
KADIK10k,0.332500,10.037567,10.749356,-11.3703,38.087479
KADIK10k,0.157500,27.205987,30.142458,-61.6815,58.642399
KADIK10k,0.067500,52.234536,46.895046,-87.8257,120.271339
KADIK10k,0.925000,0.963423,-9.853342,79.2459,2.513180
KADIK10k,0.867500,2.400759,-4.270335,59.3593,5.121117
KADIK10k,0.757500,3.533239,-1.322641,46.7357,6.880019
KADIK10k,0.242500,8.339401,10.282958,5.8853,12.709964
KADIK10k,0.032500,17.973529,23.579962,-44.0243,21.290236
KADIK10k,0.767500,2.580622,-4.718358,58.4399,4.402320
KADIK10k,0.807500,2.948466,-2.864395,53.9835,6.027971
KADIK10k,0.600000,4.266035,3.055471,39.7444,6.328385
KADIK10k,0.142500,14.185398,17.848640,-32.6032,12.047434
KADIK10k,0.042500,22.622670,23.864847,-58.2100,20.536882
KADIK10k,0.525000,3.297525,-0.722740,52.2690,5.583845
KADIK10k,0.475000,5.504663,5.232306,33.5732,8.064269
KADIK10k,0.457500,7.304536,9.967353,20.7452,8.928839
KADIK10k,0.317500,10.342012,16.682894,3.2323,11.357419
KADIK10k,0.200000,15.801239,28.889278,-23.3298,15.428878
KADIK10k,0.757500,1.262854,-8.520649,75.4620,3.183173
KADIK10k,0.500000,4.144971,1.859518,44.8968,6.610862
KADIK10k,0.400000,6.823962,8.895438,24.2608,8.329725
KADIK10k,0.332500,11.036129,18.367081,0.2091,11.319674
KADIK10k,0.275000,14.097459,25.202204,-16.0019,13.628426
KADIK10k,0.642500,2.172528,-6.041616,44.2632,14.065500
KADIK10k,0.425000,4.971869,8.344342,4.5604,22.623556
KADIK10k,0.325000,7.316164,14.742251,-14.2097,22.275969
KADIK10k,0.292500,11.342077,20.585102,-38.9011,28.653919
KADIK10k,0.242500,13.783631,23.231817,-47.6162,29.531717
KADIK10k,0.875000,1.310288,-7.828988,74.5229,3.660750
KADIK10k,0.550000,4.281683,2.771548,43.3935,7.129153
KADIK10k,0.367500,7.049788,9.956028,23.3061,10.667369
KADIK10k,0.267500,11.144986,19.416525,1.1102,13.321240
KADIK10k,0.217500,19.086835,36.771832,-33.3972,18.400652
KADIK10k,0.650000,5.586623,4.753544,28.9122,6.597677
KADIK10k,0.325000,9.787946,11.855349,-3.5531,10.320635
KADIK10k,0.257500,13.764835,18.620819,-26.3299,16.349724
KADIK10k,0.157500,22.257314,31.443890,-54.4499,23.567709
KADIK10k,0.092500,28.607485,41.301308,-62.4206,32.741314
KADIK10k,0.857500,1.308904,-9.377346,72.8124,12.114276
KADIK10k,0.792500,3.147816,-1.544298,44.1205,24.030279
KADIK10k,0.682500,8.651971,5.764930,-10.4852,46.679993
KADIK10k,0.442500,22.851842,11.777260,-61.3483,82.074478
KADIK10k,0.182500,43.005747,15.861846,-76.8972,125.489822
KADIK10k,0.967500,0.631023,-11.469539,85.7761,5.597894
KADIK10k,0.825000,1.503920,-7.361194,70.5839,11.914876
KADIK10k,0.807500,3.631706,1.757805,38.7543,22.879351
KADIK10k,0.602500,10.306573,9.009964,-25.4291,45.279896
KADIK10k,0.317500,30.365740,16.895073,-64.3618,87.643425
KADIK10k,0.832500,5.918995,4.666313,36.1086,24.247383
KADIK10k,0.892500,2.458832,-5.898502,68.1534,12.281355
KADIK10k,0.932500,0.000000,-16.776386,100.0000,0.000000
KADIK10k,0.892500,3.027754,-0.635636,56.0553,12.518802
KADIK10k,0.700000,7.633831,7.884504,8.7315,23.756100
KADIK10k,0.907500,1.386994,-9.761183,81.4772,4.024383
KADIK10k,0.807500,2.598980,-5.131116,66.4125,5.361753
KADIK10k,0.607500,5.071757,0.771187,41.1211,9.233922
KADIK10k,0.157500,9.138121,10.871483,10.6836,15.892315
KADIK10k,0.050000,14.999496,19.260994,-26.3727,25.527670
KADIK10k,0.892500,2.752318,-4.946580,44.3205,29.024712
KADIK10k,0.867500,6.106606,12.135729,13.7945,70.397797
KADIK10k,0.857500,8.225934,22.044128,-2.9777,80.032524
KADIK10k,0.807500,8.661909,22.345198,-5.3482,69.643394
KADIK10k,0.742500,10.173202,22.301779,-19.6407,73.221581
KADIK10k,0.567500,6.028157,3.587914,26.8678,21.424141
KADIK10k,0.350000,8.557846,9.584529,9.3046,21.299633
KADIK10k,0.357500,7.979517,7.717762,11.6688,25.297625
KADIK10k,0.317500,8.060720,7.256507,12.4277,24.979315
KADIK10k,0.057500,17.508456,24.251190,-39.8080,46.627560
KADIK10k,0.702500,2.418262,-1.357447,53.9566,7.661923
KADIK10k,0.717500,3.377689,4.192250,43.2239,11.519467
KADIK10k,0.492500,4.555096,6.207161,28.9883,12.689219
KADIK10k,0.507500,6.338549,8.528769,17.7976,13.606586
KADIK10k,0.275000,9.550049,12.713874,-7.9456,22.516623
KADIK10k,0.482500,11.412067,23.472218,-37.8186,81.496117
KADIK10k,0.257500,15.649227,36.055531,-48.3344,63.453445
KADIK10k,0.392500,21.951176,38.683022,-59.1528,103.618263
KADIK10k,0.242500,22.498318,40.626362,-59.2961,92.690193
KADIK10k,0.307500,26.986757,41.063725,-61.6811,117.382980
KADIK10k,0.667500,7.575215,12.378757,6.2958,17.189945
KADIK10k,0.407500,16.001291,30.330465,-46.1314,27.919140
KADIK10k,0.292500,23.314694,40.687775,-61.9312,37.864700
KADIK10k,0.125000,38.436271,60.715439,-65.4824,57.817314
KADIK10k,0.075000,54.281696,78.237389,-94.4384,78.951569
KADIK10k,0.557500,18.277880,16.979797,-26.8228,23.651644
KADIK10k,0.650000,11.627836,9.933236,4.2182,17.276392
KADIK10k,0.842500,5.887703,5.188528,42.4106,10.286262
KADIK10k,0.832500,5.143937,5.888668,38.6872,11.387742
KADIK10k,0.707500,14.244312,19.115862,-27.3046,23.826935
KADIK10k,0.900000,0.000000,-16.776386,100.0000,0.000000
KADIK10k,0.767500,0.888522,-12.035675,81.4540,2.802536
KADIK10k,0.375000,3.591464,-2.352042,46.6164,7.347631
KADIK10k,0.192500,8.380419,5.440820,7.7195,11.313645
KADIK10k,0.087500,19.522519,17.584208,-53.2672,28.295256
KADIK10k,0.600000,1.826176,-6.332773,66.0944,4.667032
KADIK10k,0.267500,4.566076,-0.839577,37.7812,7.741979
KADIK10k,0.192500,10.460944,6.970039,-5.6641,14.093757
KADIK10k,0.100000,15.322985,12.276952,-37.1196,24.379379
KADIK10k,0.067500,19.636439,17.475092,-53.6530,30.284603
KADIK10k,0.925000,0.000000,-16.776386,100.0000,0.000000
KADIK10k,0.642500,1.479401,-8.545732,71.3474,4.372412
KADIK10k,0.367500,3.762363,-2.239350,45.0231,7.011804
KADIK10k,0.275000,5.391557,0.619760,31.4180,11.347491
KADIK10k,0.117500,9.434818,7.115349,-1.9571,15.785124
KADIK10k,0.867500,0.650391,-11.367858,81.5149,2.596044
KADIK10k,0.457500,10.379856,9.206377,-6.7568,38.871101
KADIK10k,0.250000,20.415157,21.186611,-49.7491,58.593719
KADIK10k,0.182500,26.191097,25.702187,-61.2197,95.130402
KADIK10k,0.150000,32.807345,32.116405,-64.2171,135.690552
KADIK10k,0.875000,3.186622,-0.532387,53.7660,11.332198
KADIK10k,0.192500,8.452517,19.077908,8.6370,29.188076
KADIK10k,0.242500,11.850921,28.658001,-16.2550,40.545898
KADIK10k,0.257500,13.742498,31.800083,-26.1946,42.832073
KADIK10k,0.150000,16.254349,36.660954,-37.7297,50.334480
KADIK10k,0.792500,4.848845,5.682602,39.0255,14.582587
KADIK10k,0.757500,5.421290,8.036967,34.0599,14.821319
KADIK10k,0.757500,7.519039,12.359351,16.5823,18.061075
KADIK10k,0.500000,11.020595,17.632730,-9.8472,18.460510
KADIK10k,0.225000,19.995395,30.264301,-53.0777,26.380426
KADIK10k,0.550000,7.396027,7.181698,-3.0419,58.457542
KADIK10k,0.382500,12.184058,9.813993,-33.5910,82.771591
KADIK10k,0.375000,15.031899,10.037553,-45.3397,95.336952
KADIK10k,0.400000,18.095397,10.113079,-54.0272,107.729340
KADIK10k,0.257500,27.151375,6.410268,-64.0112,120.984901
KADIK10k,0.882500,0.000000,-16.776386,100.0000,0.000000
KADIK10k,0.607500,5.879997,4.077308,21.8211,31.445299
KADIK10k,0.475000,10.958779,11.591902,-10.8052,38.925911
KADIK10k,0.250000,23.496481,25.292845,-56.8084,59.520966
KADIK10k,0.117500,36.478511,35.485287,-64.2661,119.040237
KADIK10k,0.907500,1.301274,-8.482309,74.4425,2.912704
KADIK10k,0.817500,3.176189,-2.374555,50.4098,4.601179
KADIK10k,0.775000,4.233406,-0.481644,39.2875,6.735682
KADIK10k,0.317500,8.684286,7.266175,2.3872,9.524300
KADIK10k,0.100000,16.968543,17.165972,-41.2466,16.855684
KADIK10k,0.857500,2.740337,-4.052847,55.5009,3.833396
KADIK10k,0.792500,3.128420,-1.984075,51.4979,5.457324
KADIK10k,0.757500,4.589667,1.991535,35.4744,7.092612
KADIK10k,0.157500,16.294344,16.918190,-41.5607,13.832526
KADIK10k,0.040000,26.657558,25.094801,-62.3741,20.858894
KADIK10k,0.742500,3.333999,-0.410945,52.3343,5.715030
KADIK10k,0.475000,5.598764,5.902973,33.0089,7.676346
KADIK10k,0.450000,7.407529,10.008080,20.4090,8.656483
KADIK10k,0.367500,10.476864,17.303385,2.1253,10.757499
KADIK10k,0.282500,16.179413,30.381905,-25.7975,16.116631
KADIK10k,0.882500,1.287418,-8.204123,75.5136,3.222272
KADIK10k,0.550000,4.238509,2.381240,44.0907,6.223353
KADIK10k,0.500000,7.004975,9.456554,23.3539,8.315716
KADIK10k,0.392500,11.244542,19.251528,-1.8770,11.180379
KADIK10k,0.282500,14.360967,26.039707,-16.2183,14.001333
KADIK10k,0.642500,2.627431,-4.182735,26.3488,17.968218
KADIK10k,0.417500,5.919987,12.012429,-22.5458,22.189253
KADIK10k,0.317500,9.157097,16.741924,-44.3848,23.679760
KADIK10k,0.350000,13.779325,21.864914,-59.5159,30.016685
KADIK10k,0.232500,17.317367,27.676668,-63.3756,33.529964
KADIK10k,0.892500,0.970075,-9.545734,78.1339,3.948677
KADIK10k,0.700000,3.076937,-1.718405,52.3903,8.163916
KADIK10k,0.450000,5.168724,5.121092,34.7581,10.973464
KADIK10k,0.407500,8.175348,12.505167,14.2280,13.905500
KADIK10k,0.307500,14.279632,26.576416,-16.5451,19.754280
KADIK10k,0.532500,6.796137,5.892584,17.0852,7.402740
KADIK10k,0.307500,11.695212,12.070374,-16.0380,12.452636
KADIK10k,0.182500,15.687689,19.154812,-35.3257,17.037514
KADIK10k,0.092500,24.197536,28.593117,-57.9148,25.184761
KADIK10k,0.107500,30.918003,40.865578,-63.7188,27.142277
KADIK10k,0.857500,1.530912,-9.220741,70.9553,11.895145
KADIK10k,0.767500,3.523274,-0.500857,41.0394,23.048822
KADIK10k,0.675000,8.772138,5.251537,-11.8361,45.412659
KADIK10k,0.550000,20.234645,10.449450,-58.2232,78.152054
KADIK10k,0.400000,37.439806,13.812453,-65.5019,122.472527
KADIK10k,0.925000,0.623465,-12.006092,85.6882,5.598186
KADIK10k,0.917500,1.513330,-7.062582,68.7754,11.940392
KADIK10k,0.900000,3.807926,1.821748,31.2934,23.046347
KADIK10k,0.582500,11.924947,7.989268,-40.8660,45.588039
KADIK10k,0.092500,43.802094,16.649118,-96.9334,79.507698
KADIK10k,0.807500,4.314327,1.113557,41.7411,24.726667
KADIK10k,0.900000,1.835388,-8.317803,72.1447,12.735677
KADIK10k,0.920000,0.000000,-16.776386,100.0000,0.000000
KADIK10k,0.817500,2.608044,-2.414047,38.2759,12.738926
KADIK10k,0.617500,7.282656,5.193969,-21.6554,24.623344
KADIK10k,0.825000,1.262864,-10.223053,74.8637,5.330967
KADIK10k,0.807500,1.633843,-8.774754,72.8703,4.424491
KADIK10k,0.532500,4.060170,-0.977821,41.8586,8.626156
KADIK10k,0.217500,7.961984,7.450334,10.8707,13.245268
KADIK10k,0.100000,13.948384,13.566377,-27.0836,20.856838
KADIK10k,0.867500,4.479772,4.014904,26.4165,38.759129
KADIK10k,0.917500,6.292745,12.226508,4.1151,45.103493
KADIK10k,0.792500,7.461178,17.804871,-7.6121,81.592476
KADIK10k,0.792500,7.845271,21.799200,-7.0648,58.526512
KADIK10k,0.757500,10.195060,25.124342,-23.6933,63.463455
KADIK10k,0.875000,7.006756,6.635033,16.8737,16.917877
KADIK10k,0.725000,6.936498,5.575112,15.5534,18.030361
KADIK10k,0.617500,6.818281,4.439048,13.7335,18.094505
KADIK10k,0.482500,8.504417,7.776778,2.4987,18.885433
KADIK10k,0.117500,16.635999,20.663027,-42.0225,32.916451
KADIK10k,0.775000,2.287240,-3.534302,59.2622,7.928545
KADIK10k,0.632500,3.710887,4.237497,40.8415,11.321553
KADIK10k,0.525000,6.330109,8.303419,19.7044,18.696953
KADIK10k,0.375000,10.810243,13.698217,-9.1953,19.334139
KADIK10k,0.317500,20.325146,21.668692,-50.2585,22.235533
KADIK10k,0.232500,13.768425,24.878994,-31.3132,44.239742
KADIK10k,0.157500,19.541380,32.639660,-56.4533,92.842735
KADIK10k,0.375000,23.546892,44.876923,-59.4959,119.858513
KADIK10k,0.267500,29.117554,44.152210,-64.0473,99.422890
KADIK10k,0.150000,29.132095,44.602215,-63.8540,123.505898
KADIK10k,0.575000,7.724343,11.409858,1.5599,16.536499
KADIK10k,0.375000,16.105082,27.830690,-48.0548,28.778135
KADIK10k,0.207500,22.864636,39.989056,-61.9652,37.958759
KADIK10k,0.150000,36.847080,61.503983,-65.4874,51.549530
KADIK10k,0.032500,52.269839,78.953598,-111.5951,69.895264
KADIK10k,0.575000,15.512585,13.776106,-40.9208,24.208818
KADIK10k,0.642500,9.799987,7.946276,-8.0763,17.188337
KADIK10k,0.825000,4.913043,3.875334,36.3918,10.064816
KADIK10k,0.682500,4.612330,6.215734,36.2011,10.567497
KADIK10k,0.457500,12.891675,18.404787,-29.0105,21.417330
KADIK10k,0.882500,0.000000,-16.776386,100.0000,0.000000
KADIK10k,0.717500,1.147268,-9.525276,76.5453,3.230623
KADIK10k,0.350000,5.022058,-2.010499,34.6170,7.976737
KADIK10k,0.167500,12.914979,7.272472,-16.3556,14.390356
KADIK10k,0.042500,33.888641,26.169445,-64.2274,36.457611
KADIK10k,0.532500,2.450431,-5.455142,58.4139,5.662221
KADIK10k,0.250000,6.483638,0.703210,23.8473,9.087967
KADIK10k,0.057500,16.419985,9.931068,-31.7109,19.373173
KADIK10k,0.092500,25.786839,18.446287,-59.7974,31.718010
KADIK10k,0.050000,34.434130,26.852537,-64.2291,39.595592
KADIK10k,0.882500,0.000000,-16.776386,100.0000,0.000000
KADIK10k,0.675000,2.090838,-6.247406,62.9512,5.291728
KADIK10k,0.265000,5.183517,-1.680646,32.6215,9.393538
KADIK10k,0.150000,8.676367,4.993274,10.3232,15.460499
KADIK10k,0.092500,17.629311,13.586410,-40.5905,26.678423
KADIK10k,0.875000,0.792673,-10.048059,77.3595,1.005335
KADIK10k,0.407500,7.201582,5.930765,13.4550,16.981354
KADIK10k,0.182500,12.037866,11.400012,-20.9177,26.202642
KADIK10k,0.132500,14.184930,14.071122,-30.6459,27.839256
KADIK10k,0.075000,17.216406,17.211536,-43.1277,31.838068
KADIK10k,0.500000,8.706101,18.255339,18.6572,19.618855
KADIK10k,0.292500,15.309148,33.017941,-18.1950,31.774506
KADIK10k,0.100000,26.929086,48.571121,-57.2007,44.918598
KADIK10k,0.042500,29.276909,52.104836,-60.7134,45.354153
KADIK10k,0.050000,33.842439,56.514576,-63.7361,47.163113
KADIK10k,0.862500,3.246533,-0.427620,59.8908,6.246115
KADIK10k,0.765000,4.154150,3.636776,54.4625,9.011956
KADIK10k,0.750000,4.500319,4.511493,49.1350,9.292132
KADIK10k,0.567500,7.003940,7.684675,30.9442,13.683942
KADIK10k,0.340000,11.538588,11.601421,-9.3304,16.980944
KADIK10k,0.350000,3.387275,-5.549009,32.7601,9.946321
KADIK10k,0.217500,5.800548,-2.905604,7.8795,13.437357
KADIK10k,0.417500,7.259322,-2.526056,-3.9346,15.168921
KADIK10k,0.342500,8.831690,-2.151666,-14.7666,16.886799
KADIK10k,0.232500,16.348198,-12.318281,-47.5887,22.638401
KADIK10k,0.867500,0.000000,-16.776386,100.0000,0.000000
KADIK10k,0.625000,4.207122,-0.403971,32.5114,10.513413
KADIK10k,0.532500,7.333646,4.919748,6.8704,16.747885
KADIK10k,0.387500,11.395773,12.752361,-15.1339,21.758156
KADIK10k,0.150000,13.640594,17.379829,-23.4009,25.278246
KADIK10k,0.782500,3.238036,-2.383184,55.9599,4.718360
KADIK10k,0.517500,6.728935,4.430857,28.1384,8.426419
KADIK10k,0.400000,8.340262,6.363409,16.9265,9.090464
KADIK10k,0.107500,15.906627,13.837971,-25.2129,15.940431
KADIK10k,0.025000,30.313917,25.990536,-62.1355,32.459091
KADIK10k,0.875000,2.440695,-6.457407,62.0862,3.960903
KADIK10k,0.825000,2.770383,-5.177522,59.2592,4.318345
KADIK10k,0.750000,3.906845,-0.563461,49.5787,5.303748
KADIK10k,0.415000,11.849221,12.025204,-5.3500,10.521398
KADIK10k,0.232500,20.142131,20.702909,-40.9554,15.171881
KADIK10k,0.870000,1.594826,-4.480114,74.9189,3.110329
KADIK10k,0.750000,2.433409,1.097004,65.2843,4.514912
KADIK10k,0.707500,3.105440,3.452817,58.3422,4.929554
KADIK10k,0.517500,4.280151,8.204361,48.0799,6.116109
KADIK10k,0.382500,6.600871,16.359549,30.8678,9.477227
KADIK10k,0.907500,0.726007,-10.391961,86.2115,1.627454
KADIK10k,0.850000,1.864613,-1.514507,71.1657,3.674351
KADIK10k,0.732500,2.916926,3.258658,60.3156,5.168011
KADIK10k,0.582500,4.478883,9.218805,45.7513,6.789606
KADIK10k,0.492500,5.877488,13.945807,35.2458,7.935758
KADIK10k,0.825000,1.482417,-7.395034,63.8123,9.604383
KADIK10k,0.707500,2.736161,4.370749,44.7360,13.296556
KADIK10k,0.507500,3.563600,11.797956,34.6264,14.616791
KADIK10k,0.432500,5.197868,20.498247,14.9298,24.515739
KADIK10k,0.292500,6.813819,24.712074,-1.1262,20.530691
KADIK10k,0.850000,0.783930,-9.490854,82.7996,2.582525
KADIK10k,0.867500,2.054339,-1.852468,65.1162,5.237038
KADIK10k,0.625000,3.243718,4.442798,53.6469,6.500549
KADIK10k,0.547500,4.861886,11.188315,39.8616,8.435743
KADIK10k,0.367500,8.397871,24.246727,16.1685,11.359769
KADIK10k,0.592500,6.478401,7.818888,31.3761,7.579999
KADIK10k,0.392500,10.662301,14.447539,2.8338,10.054275
KADIK10k,0.300000,13.752204,18.484917,-14.0746,13.149366
KADIK10k,0.217500,19.073769,29.013618,-37.4352,15.933942
KADIK10k,0.175000,23.293262,35.575111,-50.4719,19.645910
KADIK10k,0.825000,1.667460,-7.861989,74.8974,8.185133
KADIK10k,0.800000,3.740393,-0.042971,49.0517,16.011497
KADIK10k,0.575000,9.149510,6.081224,-1.6808,31.003628
KADIK10k,0.275000,21.582679,12.548182,-55.6330,52.690094
KADIK10k,0.142500,39.564641,18.884375,-66.0101,75.071213
KADIK10k,0.900000,0.790461,-11.246155,86.8232,3.932528
KADIK10k,0.900000,1.781100,-6.957980,73.3637,8.317170
KADIK10k,0.832500,4.090685,2.040450,45.4275,16.389942
KADIK10k,0.725000,10.658515,8.370750,-12.2786,32.913151
KADIK10k,0.375000,31.322874,17.177475,-64.1253,60.650658
KADIK10k,0.857500,6.517878,4.133574,36.4491,16.729338
KADIK10k,0.875000,3.161157,-4.566381,67.4677,9.019790
KADIK10k,0.852500,0.000000,-16.776386,100.0000,0.000000
KADIK10k,0.807500,4.092508,0.393560,62.7093,8.769366
KADIK10k,0.717500,8.878133,8.165771,25.4057,16.911146
KADIK10k,0.775000,3.048341,-4.955211,62.1672,7.406883
KADIK10k,0.782500,4.513575,-2.595106,47.1321,6.543654
KADIK10k,0.475000,9.210700,8.013400,5.5130,14.253389
KADIK10k,0.117500,16.930366,15.137775,-33.3782,20.189854
KADIK10k,0.050000,24.410622,21.819754,-56.2641,31.650530
KADIK10k,0.842500,6.697599,12.986149,9.0003,65.611694
KADIK10k,0.750000,8.970984,22.877844,-10.6436,82.240059
KADIK10k,0.792500,10.858645,27.607012,-22.1990,73.888069
KADIK10k,0.592500,12.893457,29.728544,-35.9484,77.961380
KADIK10k,0.482500,14.341380,33.782570,-41.2206,71.385452
KADIK10k,0.550000,11.115762,11.081717,1.5324,23.446697
KADIK10k,0.292500,12.940715,13.509420,-8.3419,29.430754
KADIK10k,0.325000,11.844040,12.215105,-2.4671,32.249130
KADIK10k,0.292500,13.514253,13.225847,-10.1595,28.365606
KADIK10k,0.042500,27.420066,32.221695,-58.3906,61.880753
KADIK10k,0.882500,0.916595,-10.654474,81.8067,4.848188
KADIK10k,0.875000,1.268580,-8.781972,77.7570,6.351092
KADIK10k,0.817500,1.831630,-5.790216,72.4053,7.880029
KADIK10k,0.857500,2.791989,-0.432389,64.2271,9.465806
KADIK10k,0.775000,5.949344,10.727492,48.3711,14.076504
KADIK10k,0.315000,11.312313,27.215176,-23.7724,72.026787
KADIK10k,0.292500,18.334641,38.849529,-54.2956,69.474220
KADIK10k,0.392500,19.825758,45.116665,-60.7217,69.836288
KADIK10k,0.317500,18.188237,40.251446,-54.9986,85.584686
KADIK10k,0.282500,24.142545,45.623112,-62.1262,103.155235
KADIK10k,0.507500,12.124283,22.151087,-3.5488,16.575119
KADIK10k,0.225000,21.364023,43.141903,-43.2296,27.584253
KADIK10k,0.257500,27.596678,55.291401,-56.8842,35.657696
KADIK10k,0.075000,37.630809,71.061241,-64.1042,46.929657
KADIK10k,0.057500,45.522876,80.645477,-64.7225,58.584976
KADIK10k,0.517500,22.374459,19.617188,-23.7064,20.606359
KADIK10k,0.717500,14.941931,11.982006,4.9143,14.632366
KADIK10k,0.837500,7.925194,5.628517,42.2428,8.286008
KADIK10k,0.832500,5.451832,3.325128,33.8092,7.143246
KADIK10k,0.517500,14.937693,16.431185,-34.5776,14.581997
TID2013,0.612699,1.363129,-4.859263,73.8304,3.265363
TID2013,0.618619,2.213183,2.178363,63.0180,4.380494
TID2013,0.549382,3.649080,9.047278,47.8655,6.283382
TID2013,0.486487,5.836579,18.362425,28.5103,7.958548
TID2013,0.429429,9.364938,31.907558,4.3669,10.759352
TID2013,0.669841,0.777327,-5.594914,83.1861,2.336830
TID2013,0.678679,1.222728,1.099378,76.5730,3.393629
TID2013,0.598766,2.016733,8.238578,66.2415,4.483410
TID2013,0.523810,3.204235,15.106453,53.5679,5.970558
TID2013,0.484568,5.222916,22.831078,36.0466,8.360745
TID2013,0.530159,3.330869,3.964619,49.9844,5.972013
TID2013,0.474474,5.466630,12.977186,26.4010,8.499222
TID2013,0.411411,8.675760,19.685032,0.4877,11.985540
TID2013,0.354938,14.081800,30.538361,-30.9030,15.921842
TID2013,0.301588,21.732894,43.192738,-54.8134,27.514950
TID2013,0.663492,0.754423,-6.486811,84.3763,2.775212
TID2013,0.639640,1.164338,-1.914717,78.4813,3.869868
TID2013,0.585586,1.839459,4.821618,69.8143,6.470110
TID2013,0.582582,2.829106,12.195636,58.0245,9.736470
TID2013,0.523810,4.673858,25.731831,36.4226,14.654013
TID2013,0.657658,0.856702,-6.156278,79.6508,3.218950
TID2013,0.633633,1.354795,-1.058081,71.8972,4.280822
TID2013,0.564814,2.963273,8.761075,53.6689,6.928695
TID2013,0.459877,6.621108,29.735567,24.6824,11.563253
TID2013,0.348766,14.707242,55.696949,-23.0337,21.274321
TID2013,0.444444,2.589064,0.239409,38.6120,16.877851
TID2013,0.432432,3.738730,9.701665,24.8781,17.513548
TID2013,0.414414,5.061183,17.263165,11.0875,19.084044
TID2013,0.387301,7.790538,26.069593,-11.5316,21.763515
TID2013,0.327160,11.695647,37.587124,-34.1808,26.453409
TID2013,0.564814,2.199524,-0.755846,62.9919,5.560222
TID2013,0.527778,3.786140,9.472385,47.0292,10.628257
TID2013,0.444444,7.280876,14.502172,21.6118,12.211035
TID2013,0.358024,10.695954,21.124226,-8.1605,12.296122
TID2013,0.243827,21.449881,36.441689,-49.8186,21.961224
TID2013,0.576577,1.290889,-8.950700,77.9053,4.414849
TID2013,0.496913,2.961073,-3.481692,59.7405,7.701605
TID2013,0.387388,7.051462,3.299478,31.1381,13.069441
TID2013,0.333333,15.119596,11.631403,-9.4881,21.201633
TID2013,0.234568,27.527137,23.532597,-54.6361,31.200058
TID2013,0.675926,1.822399,-3.851324,67.6635,2.789876
TID2013,0.574074,3.078241,1.256787,53.0177,4.457809
TID2013,0.492063,6.466030,5.930278,21.1826,6.934979
TID2013,0.312312,13.874345,13.636168,-24.1002,11.505437
TID2013,0.171171,30.395529,28.349306,-62.6128,19.958176
TID2013,0.663663,0.999408,-11.623305,77.3171,2.309902
TID2013,0.660661,1.824058,-8.239576,66.0398,3.426705
TID2013,0.546297,4.424305,0.907813,36.7116,4.687671
TID2013,0.357358,12.323205,12.006726,-23.4117,9.091661
TID2013,0.231231,25.485706,22.406370,-63.1705,17.190420
TID2013,0.657143,1.216425,-9.934232,75.0411,2.446119
TID2013,0.630631,2.165741,-5.776412,62.4097,3.268923
TID2013,0.521604,4.039494,-1.639504,43.5735,5.920805
TID2013,0.408409,11.209328,8.989008,-11.7191,12.696813
TID2013,0.162162,33.485638,27.545391,-64.1381,24.509619
TID2013,0.660661,2.800952,-5.457236,52.7127,9.784822
TID2013,0.651651,3.138219,-4.785740,50.0511,8.978261
TID2013,0.468469,5.370141,0.904355,31.7744,19.091595
TID2013,0.425926,7.502664,4.288595,23.5198,17.641367
TID2013,0.381381,10.968545,8.220311,7.3787,16.398481
TID2013,0.606607,1.693958,-7.644527,62.2509,6.583802
TID2013,0.434921,5.098242,1.015296,25.7278,17.738270
TID2013,0.364198,10.195703,10.182651,-15.7660,25.462482
TID2013,0.351852,13.314962,13.566856,-29.3111,20.465906
TID2013,0.345346,11.123764,14.822797,-31.1313,23.908972
TID2013,0.632716,3.365821,-3.176674,33.6072,16.732006
TID2013,0.672672,4.958310,3.075286,23.1902,23.482370
TID2013,0.639640,9.647933,16.946342,-11.9943,32.107185
TID2013,0.617284,12.647707,20.834091,-38.5693,35.116131
TID2013,0.496732,18.535349,27.459341,-55.0949,47.439186
TID2013,0.314814,11.677850,25.315914,-38.4498,50.174721
TID2013,0.314286,12.807451,24.796860,-39.9013,66.501335
TID2013,0.345346,13.588717,24.773636,-42.1039,79.463181
TID2013,0.398148,13.577524,25.952318,-42.3276,93.410904
TID2013,0.432432,14.098966,28.350168,-33.3131,107.673164
TID2013,0.645062,0.182538,-15.062661,88.4927,4.606885
TID2013,0.672672,0.278959,-14.914329,80.5763,7.931644
TID2013,0.543210,0.990380,-10.796330,55.3945,15.123778
TID2013,0.558642,1.385669,-8.822036,39.4483,25.195955
TID2013,0.466049,3.562671,-2.731156,0.8865,29.069317
TID2013,0.594594,1.943839,-5.376424,73.4948,4.829236
TID2013,0.735736,5.205049,2.912026,48.7983,9.488400
TID2013,0.453453,6.575175,6.960453,21.4013,12.319787
TID2013,0.693693,13.417128,9.466920,-6.7704,20.589504
TID2013,0.330159,20.887130,20.231739,-54.1356,25.250494
TID2013,0.513513,0.995829,-10.918163,78.5061,9.000207
TID2013,0.469136,1.618671,-9.135876,71.1029,12.557191
TID2013,0.419048,2.675770,-5.970178,61.6176,17.058531
TID2013,0.385802,4.294125,-6.293678,51.0005,22.590168
TID2013,0.379630,6.324366,-18.910089,38.6286,29.507364
TID2013,0.660493,1.401954,-4.311484,71.8908,3.026036
TID2013,0.608024,2.248883,2.856288,60.2769,4.313546
TID2013,0.564564,3.560736,9.248763,44.8678,5.312488
TID2013,0.503087,5.788158,18.126516,24.4016,7.203918
TID2013,0.438271,9.137815,31.093300,-0.8673,10.428282
TID2013,0.650793,0.805050,-11.956796,79.1906,2.456296
TID2013,0.648148,1.307545,-9.934757,70.4034,3.229446
TID2013,0.669753,2.352317,-6.183961,56.9415,4.582915
TID2013,0.564814,5.284154,3.260846,30.6605,5.609602
TID2013,0.481481,13.450090,11.965262,-20.1720,11.766004
TID2013,0.633633,1.789734,-7.440230,67.3613,3.867230
TID2013,0.586420,3.023992,-0.888165,51.3231,4.206737
TID2013,0.519520,5.240979,5.723393,28.2653,6.931188
TID2013,0.450793,9.389053,13.842628,-5.8296,11.177779
TID2013,0.339339,16.840619,28.444773,-43.6052,17.786507
TID2013,0.617284,1.874402,-5.804229,66.1415,5.170925
TID2013,0.576577,3.184187,-0.566540,52.2313,8.550723
TID2013,0.478396,6.175961,10.047600,26.6711,18.777815
TID2013,0.351351,10.054469,18.771765,6.9013,18.771824
TID2013,0.243827,19.989825,27.428574,-48.7992,29.476561
TID2013,0.698412,1.047003,-5.203603,78.7684,1.923657
TID2013,0.623457,2.265270,7.785305,64.1005,3.877400
TID2013,0.641976,3.676159,15.938450,50.6810,6.654351
TID2013,0.533951,6.400063,20.907417,30.3253,10.702618
TID2013,0.267268,23.265980,30.139009,-47.0163,29.025103
TID2013,0.633633,1.514024,-8.281650,71.0767,2.246797
TID2013,0.620370,2.757470,-3.794005,55.7492,3.537011
TID2013,0.567568,5.565634,1.926209,28.0450,6.162319
TID2013,0.342342,13.213330,10.690000,-25.5447,12.114738
TID2013,0.051051,32.980206,29.883413,-64.2171,29.993196
TID2013,0.638096,1.613044,-5.211856,70.0543,3.263738
TID2013,0.593651,2.724274,0.731090,56.7636,4.263913
TID2013,0.580247,4.688685,8.055008,38.2864,5.929250
TID2013,0.466049,7.915118,18.780546,15.2090,7.937112
TID2013,0.441441,13.017806,32.642620,-12.3437,11.174441
TID2013,0.672840,0.974821,-6.446870,79.5316,2.491262
TID2013,0.672672,1.633486,-0.766086,70.5675,3.481935
TID2013,0.654321,2.792720,6.570412,56.8603,4.896562
TID2013,0.588589,4.727280,15.983687,39.0599,5.972826
TID2013,0.487654,8.023921,28.105928,15.2862,9.174105
TID2013,0.533333,3.958195,5.495163,38.2527,5.987849
TID2013,0.492492,6.701394,12.836658,13.0743,9.641560
TID2013,0.426427,11.323106,20.375927,-18.7895,12.547657
TID2013,0.391976,18.396390,32.689369,-47.6033,16.009684
TID2013,0.324324,28.170204,50.129772,-62.6812,23.684902
TID2013,0.698412,0.997511,-7.533649,79.8504,4.669295
TID2013,0.684684,1.608004,-3.492299,71.5102,6.952047
TID2013,0.577160,2.691795,4.360425,58.6553,9.920163
TID2013,0.526984,4.678190,15.405402,36.1282,15.557989
TID2013,0.476190,8.557846,30.170269,-2.0755,26.913805
TID2013,0.679739,0.965965,-7.567174,78.1903,2.970309
TID2013,0.679012,1.609930,-3.135325,69.1862,3.961872
TID2013,0.603603,3.850416,8.057741,47.0686,6.498305
TID2013,0.486487,9.272010,30.672356,11.1646,10.984689
TID2013,0.379630,21.244450,65.771187,-42.5175,20.812185
TID2013,0.506173,3.407644,8.011113,27.3867,11.808832
TID2013,0.475309,4.908900,11.579608,3.4885,16.514917
TID2013,0.414414,7.761154,18.238775,-23.5151,20.341152
TID2013,0.387301,12.533485,29.108370,-47.6901,24.108791
TID2013,0.345346,18.748442,44.670258,-62.3870,33.716179
TID2013,0.657143,2.553263,-0.643060,57.2680,4.456132
TID2013,0.620370,4.442176,8.566512,34.9438,7.094694
TID2013,0.418301,7.860830,17.280550,4.5788,8.987580
TID2013,0.417418,11.757209,22.968971,-20.7470,12.703285
TID2013,0.317460,19.692978,25.247646,-46.0699,20.545776
TID2013,0.678679,1.067983,-10.543076,83.9937,4.581415
TID2013,0.574074,2.452508,-3.664520,70.7727,8.040453
TID2013,0.504762,5.690597,3.040726,48.7146,13.314998
TID2013,0.426427,11.691543,10.062019,14.4455,20.200544
TID2013,0.336337,21.144136,20.566780,-32.0838,28.453638
TID2013,0.666667,2.297227,-4.764229,61.5260,3.195674
TID2013,0.612699,3.522135,-1.942427,47.2573,4.424133
TID2013,0.503087,6.223490,3.516179,21.8199,6.469809
TID2013,0.405406,11.208730,9.279984,-11.8609,10.924664
TID2013,0.268519,22.981608,26.651527,-55.2485,18.001053
TID2013,0.666667,1.341683,-9.776329,73.9155,2.689599
TID2013,0.663580,2.312186,-6.404627,61.2635,3.389189
TID2013,0.603603,5.461928,4.112002,27.2979,5.570050
TID2013,0.388889,14.129500,14.284402,-33.7124,13.276373
TID2013,0.301588,22.990797,23.197926,-57.4196,18.270172
TID2013,0.657408,2.816500,-4.549517,55.5371,4.118851
TID2013,0.533951,6.263613,3.206014,21.6909,6.769217
TID2013,0.330330,15.851013,14.441455,-36.4981,16.135662
TID2013,0.213213,32.877659,32.006809,-64.2031,40.286716
TID2013,0.141976,47.084588,45.584240,-72.5356,59.786533
TID2013,0.589507,5.024847,9.836074,34.1659,13.309914
TID2013,0.492492,4.736653,-1.411090,44.4622,10.888585
TID2013,0.342342,12.164662,12.991030,-36.1428,60.470470
TID2013,0.297298,17.124929,16.760574,-46.1291,64.952141
TID2013,0.263492,35.657333,47.071930,-69.9674,123.518616
TID2013,0.496913,4.584757,1.114087,32.9024,8.156108
TID2013,0.444444,7.253096,6.058709,4.2216,13.335647
TID2013,0.376543,15.641174,15.436425,-42.5437,37.244572
TID2013,0.321321,24.370602,25.145868,-59.3758,27.946712
TID2013,0.401234,20.633222,26.429972,-58.6538,44.988400
TID2013,0.638889,4.574461,3.841314,25.8027,22.578257
TID2013,0.675676,3.601309,0.080796,39.8486,24.170389
TID2013,0.568254,6.663844,14.317718,8.0282,26.803370
TID2013,0.590477,8.873532,20.353651,-11.7199,41.166092
TID2013,0.468469,13.227824,25.507030,-37.7022,43.998981
TID2013,0.377778,13.834889,30.618624,-40.6100,68.256485
TID2013,0.402402,16.911579,38.760494,-49.5561,69.043213
TID2013,0.425926,17.105793,41.805817,-52.9887,79.452736
TID2013,0.426427,14.604866,31.819832,-43.6951,95.155380
TID2013,0.466667,18.160337,44.005318,-50.7212,103.742432
TID2013,0.660661,0.226424,-14.727861,88.4654,4.772616
TID2013,0.675926,0.500651,-15.078899,78.6813,8.116662
TID2013,0.591591,1.076036,-8.958716,54.9467,15.515099
TID2013,0.570988,2.484494,-5.736848,31.0115,24.677254
TID2013,0.507508,3.317356,-0.109678,2.1878,29.634264
TID2013,0.657408,1.781030,-7.904438,76.6120,7.721479
TID2013,0.631746,4.132859,0.021328,47.4980,13.199162
TID2013,0.537538,5.874831,7.638199,29.4001,20.074400
TID2013,0.530159,11.019999,9.733651,-6.7030,26.527735
TID2013,0.435186,17.732562,24.919739,-44.6900,42.725643
TID2013,0.663580,0.663933,-11.839358,86.1540,6.395736
TID2013,0.621621,0.947646,-9.909405,81.2334,8.532342
TID2013,0.536508,1.476471,-6.334071,72.8724,12.808420
TID2013,0.546547,2.310603,-2.188424,61.3224,18.077702
TID2013,0.504762,3.580002,2.878676,47.3022,24.862555
TID2013,0.641976,2.471544,-2.782847,59.2582,4.814049
TID2013,0.603603,4.214424,4.152836,41.7603,6.444654
TID2013,0.537037,6.963121,10.962147,19.3090,8.893869
TID2013,0.469136,11.268131,19.676125,-5.8850,12.002535
TID2013,0.417418,17.640221,32.442928,-34.1658,14.476316
TID2013,0.672672,1.471031,-9.573659,70.1938,3.446456
TID2013,0.685714,3.369093,-3.809822,50.5869,4.940494
TID2013,0.589507,8.771578,6.206612,9.2454,7.981297
TID2013,0.444444,21.776135,20.588869,-48.8851,17.487125
TID2013,0.311729,46.338659,40.718094,-67.8874,35.345753
TID2013,0.663663,2.841667,-2.653002,54.0219,4.159589
TID2013,0.588589,5.116545,4.439668,30.5012,5.914004
TID2013,0.511111,9.343811,11.236142,-2.7003,9.934568
TID2013,0.364198,16.778385,22.826754,-38.0703,13.718218
TID2013,0.262346,27.390553,37.955849,-61.6371,22.027060
TID2013,0.612612,1.952222,-5.863127,64.0103,8.076749
TID2013,0.582582,4.050746,2.334389,36.8225,12.956178
TID2013,0.498412,6.279322,8.898233,15.0699,14.366388
TID2013,0.422840,12.724091,23.666393,-24.2968,24.516361
TID2013,0.246913,41.897579,44.734097,-64.7936,36.266098
TID2013,0.753087,2.717712,2.821748,57.9218,6.327173
TID2013,0.615616,7.714257,16.770092,10.6848,14.872785
TID2013,0.382716,19.907840,30.916683,-48.4115,31.692392
TID2013,0.240240,37.096020,46.607773,-64.3176,48.676933
TID2013,0.090090,49.315827,53.446770,-79.3893,51.140125
TID2013,0.675676,3.006135,-4.139921,54.2764,3.985953
TID2013,0.546297,6.436076,3.294693,21.9991,7.092221
TID2013,0.333333,14.296402,16.267609,-30.9481,22.689407
TID2013,0.234568,30.548175,34.929119,-64.1042,36.216702
TID2013,0.099099,52.794320,48.287579,-92.4944,57.209072
TID2013,0.641026,2.223695,-4.382659,63.6823,4.428993
TID2013,0.567251,3.714649,0.629260,48.6828,5.409654
TID2013,0.520468,6.337369,8.062906,28.5265,7.662657
TID2013,0.472222,10.483946,18.681416,2.4402,10.041116
TID2013,0.436111,16.219481,30.890026,-24.1663,14.252131
TID2013,0.687134,0.983677,-5.724592,80.3684,2.741266
TID2013,0.698006,1.657801,-1.144414,71.4797,3.383857
TID2013,0.583333,2.740716,4.769563,59.4214,4.810393
TID2013,0.555556,4.616628,9.662910,42.4191,6.601177
TID2013,0.511111,7.916092,18.349077,19.1359,8.798327
TID2013,0.516667,5.300212,7.878047,28.3433,8.690350
TID2013,0.452991,8.895854,13.153554,-0.0106,11.364954
TID2013,0.427778,14.619421,21.207975,-30.2739,15.190668
TID2013,0.364672,22.379116,30.858019,-54.3555,20.404507
TID2013,0.321638,31.721731,43.641441,-63.7320,28.674887
TID2013,0.709402,1.066196,-7.104290,76.0026,5.203083
TID2013,0.628654,1.646024,-3.829347,67.0002,7.034869
TID2013,0.580556,2.489245,2.187254,54.2918,10.459064
TID2013,0.511111,4.093249,10.729552,32.3257,17.234077
TID2013,0.397222,6.984277,21.652773,-1.6590,27.090166
TID2013,0.722222,1.327346,-7.138106,73.2130,3.792512
TID2013,0.625731,2.212412,-3.287567,62.7196,5.041761
TID2013,0.588889,5.166569,6.063061,38.3298,7.937790
TID2013,0.478632,11.545976,22.807411,0.7198,12.502006
TID2013,0.385964,23.375879,54.119064,-49.5786,22.565510
TID2013,0.535088,3.739945,3.097874,16.4903,20.181108
TID2013,0.504273,5.520878,10.006049,-0.5492,16.584217
TID2013,0.455556,8.480524,15.108401,-25.0127,21.544950
TID2013,0.416667,12.890065,21.962416,-44.8843,26.961147
TID2013,0.388889,19.111456,32.203773,-59.4607,30.104528
TID2013,0.552707,4.689281,7.461236,33.9312,6.736492
TID2013,0.455556,8.660983,9.155538,-2.7355,11.028088
TID2013,0.427350,14.431764,15.724975,-34.6425,16.906223
TID2013,0.425000,17.124628,21.830774,-37.0449,22.107931
TID2013,0.401709,25.379729,27.362114,-55.7089,44.444168
TID2013,0.704679,0.976103,-11.213917,85.7151,4.683420
TID2013,0.622222,2.190227,-5.269709,75.2957,8.717257
TID2013,0.497076,4.819780,1.345276,58.9198,14.645377
TID2013,0.416667,9.346017,8.954933,33.1754,22.082813
TID2013,0.327778,16.446239,19.061224,-8.7558,29.835787
TID2013,0.738889,1.655764,-6.039595,71.0307,3.128291
TID2013,0.695157,2.468406,-2.842042,60.6696,4.188488
TID2013,0.608333,4.460709,0.453602,38.6369,6.211516
TID2013,0.415954,8.721021,8.835515,4.5608,12.408209
TID2013,0.274853,18.607384,27.191519,-45.6861,23.526567
TID2013,0.692982,1.078052,-10.745408,77.8499,3.432372
TID2013,0.629630,1.850756,-6.726686,65.9950,4.046477
TID2013,0.561253,4.345553,1.943691,36.4051,7.129356
TID2013,0.366667,12.537744,15.069817,-24.5132,12.179960
TID2013,0.276353,23.737716,23.645708,-59.1150,25.300360
TID2013,0.596491,2.680708,-4.079821,57.3011,4.312631
TID2013,0.452991,6.262062,5.179779,21.2445,9.720371
TID2013,0.316239,12.929293,16.736626,-26.3315,18.847788
TID2013,0.202279,25.368293,35.673569,-61.6052,38.863533
TID2013,0.077778,44.589736,47.239086,-69.7553,51.368023
TID2013,0.601140,3.588379,-4.166292,49.9919,11.161141
TID2013,0.453217,4.670456,-2.770742,44.5479,21.466919
TID2013,0.315790,13.417668,13.275213,-40.7554,53.336750
TID2013,0.344444,15.606664,20.710470,-39.0720,64.331955
TID2013,0.266667,27.803701,43.777557,-61.0480,94.626427
TID2013,0.569801,3.288466,-3.056163,49.2565,9.769053
TID2013,0.404559,10.826885,10.560967,-18.3058,18.202295
TID2013,0.436111,11.446021,12.342371,-8.4805,14.156692
TID2013,0.325000,29.773222,29.449560,-63.8801,38.519798
TID2013,0.269006,48.964544,44.416805,-95.9689,67.311295
TID2013,0.564102,4.733357,3.347926,26.5903,34.207066
TID2013,0.666667,3.079678,-3.125751,48.5158,21.941681
TID2013,0.538889,5.159083,10.866610,29.1606,33.017426
TID2013,0.495727,7.062048,12.840726,11.1287,41.611389
TID2013,0.388889,10.425489,28.487309,-19.1175,54.662838
TID2013,0.413889,13.646364,35.039562,-40.2228,57.283085
TID2013,0.450000,16.308520,32.823944,-42.7181,69.474304
TID2013,0.447222,16.527211,27.777235,-43.1834,76.372299
TID2013,0.475783,18.467751,29.659889,-44.4353,93.263107
TID2013,0.532763,15.399781,30.573793,-51.3683,120.050400
TID2013,0.757834,0.229377,-14.860493,85.9788,5.896874
TID2013,0.725000,0.890036,-10.028930,71.6377,9.907721
TID2013,0.663889,1.135912,-9.642624,41.7351,19.311697
TID2013,0.675000,4.177075,3.778142,14.6195,29.608721
TID2013,0.558404,4.102594,-0.827485,-25.8297,36.846458
TID2013,0.698006,1.896304,-4.617561,73.4838,9.721347
TID2013,0.750000,4.985964,6.585089,43.2034,15.562377
TID2013,0.577778,6.160325,10.768648,23.2934,25.608324
TID2013,0.730556,12.650365,14.264881,-9.9872,28.285463
TID2013,0.421652,18.668437,24.193703,-51.0046,54.155987
TID2013,0.641026,0.716160,-10.796393,82.7410,10.363901
TID2013,0.635328,1.061988,-8.783460,76.0489,15.032390
TID2013,0.618233,1.625858,-5.284381,66.3946,21.437725
TID2013,0.555556,2.582636,-1.644561,51.7529,30.377523
TID2013,0.517543,4.322951,4.647017,30.4927,42.901119
TID2013,0.612536,2.463653,-2.955973,60.4248,5.633574
TID2013,0.558404,4.150323,4.003078,44.5848,7.336617
TID2013,0.522222,6.755162,11.874387,25.4461,9.331252
TID2013,0.478632,10.892136,22.046892,0.9542,13.087380
TID2013,0.410257,16.841979,34.880993,-25.4994,17.306919
TID2013,0.649123,2.061036,-6.671760,61.9754,4.218879
TID2013,0.606838,4.256751,-1.453667,39.0649,6.396262
TID2013,0.461988,9.553194,6.740983,-1.7948,11.769191
TID2013,0.353277,20.653861,21.986292,-50.4657,24.627678
TID2013,0.313889,38.109329,41.381481,-64.6918,54.130909
TID2013,0.581871,3.056406,-0.413837,52.5122,5.510659
TID2013,0.492878,5.181236,6.252989,31.5820,7.429432
TID2013,0.433049,8.777494,12.808467,5.0226,12.612720
TID2013,0.353277,14.363013,22.807734,-25.4400,16.883438
TID2013,0.233333,23.750182,37.872799,-57.1584,28.070551
TID2013,0.663818,1.758442,-6.324230,65.5178,7.110929
TID2013,0.595441,2.662308,-2.613926,53.6940,11.632380
TID2013,0.581197,4.368969,4.956830,40.0963,15.918693
TID2013,0.484330,12.579813,23.980492,-17.7505,25.931313
TID2013,0.435672,19.149292,36.294598,-42.9679,37.487904
TID2013,0.746439,1.820689,-0.799117,70.9844,7.969959
TID2013,0.649572,4.429842,13.347507,45.4132,16.714647
TID2013,0.433333,12.752778,26.281397,-11.7713,31.364418
TID2013,0.295321,21.562134,39.913475,-52.4912,43.794613
TID2013,0.219444,32.162583,48.474495,-64.2162,50.847565
TID2013,0.638177,2.980154,-3.266475,54.3224,5.474622
TID2013,0.467237,5.899856,4.437032,28.9219,10.103675
TID2013,0.313889,12.364783,19.377661,-22.1811,25.590471
TID2013,0.201754,27.547916,35.975876,-63.2893,45.394199
TID2013,0.046783,46.476186,48.400894,-78.7907,52.262077
TID2013,0.640211,1.761856,-3.422767,67.8514,3.687366
TID2013,0.608466,2.965336,3.151889,54.2650,4.851213
TID2013,0.547619,5.018743,11.336231,35.7382,6.729068
TID2013,0.474254,8.285266,24.487751,12.6371,8.909236
TID2013,0.444444,13.658553,39.854164,-15.7477,13.084399
TID2013,0.697222,0.923499,-4.727051,80.8206,2.200218
TID2013,0.683761,1.519507,2.257049,72.6633,3.094466
TID2013,0.631437,2.541424,10.877706,60.8185,4.280338
TID2013,0.589947,4.229113,20.288660,44.4223,5.810716
TID2013,0.504066,7.224372,31.045107,22.8718,8.405524
TID2013,0.531166,4.264708,6.565296,35.3916,6.960126
TID2013,0.468254,7.075068,14.583536,10.3395,9.454004
TID2013,0.433333,11.828664,23.677834,-21.6796,13.932291
TID2013,0.380556,18.999386,36.659248,-48.7746,18.409460
TID2013,0.335979,28.858450,51.925720,-63.1727,29.181915
TID2013,0.680556,1.614104,-3.755724,78.9447,14.358066
TID2013,0.696477,2.605851,4.369774,71.1895,20.249458
TID2013,0.683333,4.274663,11.053911,60.3031,27.366516
TID2013,0.608466,7.383062,21.660852,40.9234,31.528025
TID2013,0.534391,12.090737,38.673790,8.9005,34.743267
TID2013,0.701058,1.061811,-5.532307,76.4125,3.192519
TID2013,0.655827,1.759451,-0.941233,66.9636,4.209365
TID2013,0.591667,4.128600,12.261021,44.3715,6.755915
TID2013,0.497354,9.650718,38.053719,8.7712,10.963796
TID2013,0.411924,21.336523,71.461700,-43.2901,20.140471
TID2013,0.558201,3.131449,3.502515,28.7551,14.838084
TID2013,0.506776,5.194777,8.732296,-4.5619,19.615856
TID2013,0.473544,7.535349,13.970576,-24.4045,21.413017
TID2013,0.466124,11.657368,23.245031,-48.3109,27.512600
TID2013,0.383333,17.773513,36.853054,-61.6259,30.339567
TID2013,0.521164,3.438303,4.956067,44.3372,6.747313
TID2013,0.452778,6.806075,14.223079,6.0133,10.620546
TID2013,0.391534,11.408105,18.905531,-17.7510,13.632518
TID2013,0.349207,19.261108,28.221159,-47.3790,20.476187
TID2013,0.328042,28.020451,39.519257,-62.5778,25.907007
TID2013,0.701058,0.858648,-11.731936,87.0534,4.771757
TID2013,0.658537,1.882901,-6.023456,77.0207,8.195592
TID2013,0.597883,4.184144,0.226242,60.1056,13.938787
TID2013,0.486111,8.511356,8.308505,32.2795,21.984364
TID2013,0.407408,15.748047,16.834520,-10.0148,31.247337
TID2013,0.708994,2.179786,-5.691601,63.4614,3.858265
TID2013,0.644987,3.320313,-2.528768,49.5330,4.070446
TID2013,0.560976,5.660584,2.907769,25.4466,6.148088
TID2013,0.420054,10.013524,10.207236,-7.3706,9.920726
TID2013,0.277778,19.479212,27.505232,-48.2379,21.139292
TID2013,0.674603,1.133953,-10.131370,76.1707,2.539977
TID2013,0.663957,2.051888,-6.602879,64.6744,3.674897
TID2013,0.563492,5.058188,4.120437,30.5794,6.341653
TID2013,0.362433,13.087429,14.766479,-29.6733,14.651767
TID2013,0.243387,27.338652,23.759308,-63.3195,19.442486
TID2013,0.588889,4.398551,-0.736037,38.1106,5.830728
TID2013,0.444444,9.361404,7.024203,-4.3332,10.108376
TID2013,0.322493,16.915709,17.346361,-37.9018,19.740551
TID2013,0.222222,30.478335,30.297497,-63.8387,40.023388
TID2013,0.097883,47.293940,44.792774,-75.6971,51.628960
TID2013,0.672222,3.027391,-6.143422,58.9546,15.359991
TID2013,0.515873,4.867492,-0.294096,43.8304,20.955696
TID2013,0.436508,10.135700,11.540697,15.1328,23.828848
TID2013,0.322751,18.131418,26.752914,-40.0346,52.407833
TID2013,0.295393,28.535672,39.615784,-59.9495,80.810211
TID2013,0.518519,4.521369,1.318270,32.3985,8.506802
TID2013,0.427350,10.503669,10.237087,-19.8609,27.288824
TID2013,0.373016,16.054385,16.352257,-44.5955,38.866978
TID2013,0.384823,16.757318,20.147266,-39.2064,49.280785
TID2013,0.264550,39.396921,40.553123,-65.5500,64.037895
TID2013,0.563492,5.533446,5.365708,18.7448,44.244190
TID2013,0.711640,2.723174,-4.283568,53.3934,18.435980
TID2013,0.666667,4.897923,8.471017,26.4674,31.906475
TID2013,0.489418,6.177748,14.432129,12.4204,36.111660
TID2013,0.401084,9.811857,22.665457,-13.7651,56.665092
TID2013,0.375661,10.796084,22.515337,-30.0150,44.070377
TID2013,0.378307,12.771725,27.448681,-33.9400,53.376358
TID2013,0.388889,14.809944,25.948288,-40.7423,66.495293
TID2013,0.417344,15.659633,25.161720,-43.9100,85.369728
TID2013,0.450142,16.762565,33.172844,-51.1479,137.543793
TID2013,0.698412,0.189886,-15.090342,87.8192,5.158023
TID2013,0.738096,0.410845,-14.851552,76.8107,8.693303
TID2013,0.677249,1.338358,-9.288392,48.3199,16.833773
TID2013,0.629630,1.825111,-9.459568,30.2660,26.051033
TID2013,0.572650,5.308820,0.442860,-13.6688,31.918030
TID2013,0.666667,1.685536,-7.882714,77.1964,5.305556
TID2013,0.740741,3.782599,0.627148,55.3307,10.272775
TID2013,0.531166,5.568383,6.889735,31.2314,13.872828
TID2013,0.801588,9.802957,7.559498,6.4162,22.220087
TID2013,0.436111,17.297419,20.651951,-44.3439,29.310158
TID2013,0.601626,1.113192,-9.567322,78.4714,8.995285
TID2013,0.558266,1.696481,-6.486233,70.1353,12.524304
TID2013,0.518519,2.663972,-2.560974,59.3363,17.494429
TID2013,0.470900,4.260176,2.412337,45.7088,24.180155
TID2013,0.436314,6.657873,5.238886,30.6846,31.962893
TID2013,0.605820,1.972900,-2.281939,64.7891,4.597674
TID2013,0.595238,3.308309,5.121572,50.2951,6.241428
TID2013,0.544716,5.482582,13.004047,31.6213,8.265339
TID2013,0.491667,8.871910,24.126364,9.7729,11.619577
TID2013,0.462963,13.985611,39.159988,-16.6130,15.871867
TID2013,0.716931,2.012942,-7.351174,62.8115,4.326381
TID2013,0.580556,5.259327,1.375461,33.0699,6.016015
TID2013,0.465609,13.642008,11.437380,-23.2068,12.658749
TID2013,0.346561,26.767358,26.580099,-61.8595,24.381582
TID2013,0.268292,46.281625,42.459084,-72.6414,54.036770
TID2013,0.571816,3.230386,-0.188237,48.9135,5.214335
TID2013,0.525746,5.619968,6.930514,24.8697,8.653069
TID2013,0.423280,9.436833,14.695625,-5.4492,11.877573
TID2013,0.357723,15.008373,26.584740,-33.5173,20.693871
TID2013,0.222222,27.486519,41.608143,-62.3352,28.266331
TID2013,0.669377,2.040099,-3.394420,61.8054,6.133664
TID2013,0.642857,3.487888,2.325281,47.0316,7.703107
TID2013,0.492063,6.595234,10.930125,26.6366,13.185801
TID2013,0.457994,10.942262,19.780087,3.1491,19.333803
TID2013,0.322751,34.505025,44.585110,-64.2289,51.346279
TID2013,0.713889,2.843135,4.464604,57.0495,4.420227
TID2013,0.600529,8.234379,14.555115,17.3231,11.812972
TID2013,0.430894,18.031794,28.867489,-38.0113,24.637842
TID2013,0.327913,25.562787,41.461147,-58.9552,33.397079
TID2013,0.164021,43.962405,53.538559,-71.6584,42.450275
TID2013,0.616402,4.327652,-1.121830,39.8314,5.114354
TID2013,0.417989,8.598570,6.845985,0.1588,15.031341
TID2013,0.287263,16.411914,19.174755,-41.1441,25.143242
TID2013,0.211640,30.578316,31.437773,-64.0202,37.844994
TID2013,0.065041,48.689476,47.288391,-89.0550,50.945431
TID2013,0.613889,1.156491,-6.404080,77.6739,3.585748
TID2013,0.611111,1.826765,-1.642760,68.4533,5.492033
TID2013,0.538461,2.843710,4.085954,57.1747,7.409936
TID2013,0.450142,4.388918,9.849108,42.5044,9.371469
TID2013,0.395664,6.894272,18.958824,23.7015,12.156225
TID2013,0.647697,0.688531,-6.777446,85.0234,2.205688
TID2013,0.631437,1.062607,-2.812323,79.4196,2.776089
TID2013,0.591667,1.614784,3.077098,71.2596,4.084848
TID2013,0.566396,2.602145,7.450415,60.1637,5.960510
TID2013,0.472934,4.134906,12.556019,45.3319,7.099160
TID2013,0.566396,2.615793,0.181431,63.4700,6.694734
TID2013,0.498644,4.243123,9.401327,47.8146,9.503270
TID2013,0.408333,6.564889,15.749340,27.3793,12.222516
TID2013,0.341463,10.366992,24.013281,2.9911,20.744219
TID2013,0.263889,15.767839,34.691471,-23.6971,30.073658
TID2013,0.626017,0.704914,-7.888867,84.6124,2.716574
TID2013,0.638889,1.053246,-5.266066,79.3821,3.639993
TID2013,0.619444,1.655657,-0.538919,71.5261,5.547232
TID2013,0.547426,2.589358,3.836482,60.6479,7.809192
TID2013,0.488889,4.278146,12.845899,44.1623,12.740408
TID2013,0.625000,0.759123,-7.799476,80.7021,3.243109
TID2013,0.598916,1.165406,-4.203013,73.6895,4.265066
TID2013,0.522222,2.431570,2.617429,57.6389,6.728100
TID2013,0.423977,5.255256,14.482518,32.2657,11.049505
TID2013,0.324787,11.862175,36.112606,-14.3726,20.508694
TID2013,0.486111,2.497211,-1.003424,35.4195,16.845982
TID2013,0.435898,3.576608,6.843890,22.7716,19.669052
TID2013,0.388889,4.902483,15.464082,4.9166,22.067823
TID2013,0.368563,7.394720,21.211721,-18.7494,26.572737
TID2013,0.279202,11.303875,27.378712,-41.1240,29.053476
TID2013,0.586111,1.578788,-4.028166,73.2989,4.611949
TID2013,0.585366,2.936059,6.805029,58.6209,8.052127
TID2013,0.504273,5.494938,15.700428,38.5558,11.321388
TID2013,0.450142,10.465364,24.561041,1.6162,19.354679
TID2013,0.349593,17.076600,32.876682,-28.5699,26.450602
TID2013,0.600000,1.065939,-10.392662,76.3850,4.319397
TID2013,0.518519,2.252956,-6.316702,58.6957,7.565311
TID2013,0.406504,5.091977,-1.595495,29.5487,14.000877
TID2013,0.308943,11.451252,7.958263,-13.3683,23.218742
TID2013,0.138889,23.263539,18.717323,-56.8515,33.446461
TID2013,0.647222,1.481640,-5.446978,75.1359,2.677486
TID2013,0.647222,2.333998,-1.489630,65.0150,4.107394
TID2013,0.591667,4.727591,4.225870,41.2309,7.066354
TID2013,0.388889,10.940549,10.167091,-8.8774,12.466260
TID2013,0.151761,26.687286,27.765162,-61.6456,21.425022
TID2013,0.636857,1.029439,-11.556237,78.0156,2.313725
TID2013,0.572650,1.781172,-8.030580,69.0233,3.883676
TID2013,0.523036,4.045859,1.716058,47.3447,5.690271
TID2013,0.382113,11.053389,14.058820,-1.2796,11.575782
TID2013,0.208672,20.714091,21.684038,-45.0847,22.771826
TID2013,0.639567,1.106730,-10.795022,78.5305,2.924327
TID2013,0.600000,1.906923,-7.503826,68.4827,3.689771
TID2013,0.500000,3.293479,-3.018680,53.2274,5.148919
TID2013,0.407408,6.899686,4.599728,22.7070,9.089361
TID2013,0.250000,16.501245,17.418390,-31.3051,18.101763
TID2013,0.631437,2.631551,-7.209192,54.7335,20.308578
TID2013,0.641667,3.239251,-5.893370,46.2653,20.153893
TID2013,0.594444,4.366505,-3.628143,35.2344,20.845375
TID2013,0.422222,12.652234,14.961827,-32.8650,49.671608
TID2013,0.302778,9.595389,7.370229,1.7532,25.091679
TID2013,0.607046,2.177841,-5.345852,63.7401,6.649674
TID2013,0.544716,4.069202,2.900434,53.5279,8.527044
TID2013,0.386111,4.681042,1.245089,36.2828,14.756795
TID2013,0.330623,13.451703,17.094881,-25.5275,27.454624
TID2013,0.219298,18.434882,23.877556,-38.9059,27.267168
TID2013,0.658537,3.450547,-2.910934,44.0574,31.794266
TID2013,0.615177,4.830391,0.945576,35.1886,28.304564
TID2013,0.623307,9.574991,20.232843,-5.9199,42.530079
TID2013,0.580556,14.086003,31.644333,-32.4242,54.602715
TID2013,0.479674,21.753845,45.942505,-56.0005,71.916626
TID2013,0.338889,12.704375,35.272209,-42.6184,62.376110
TID2013,0.344444,15.367863,39.931461,-49.6860,69.084122
TID2013,0.368563,16.447688,44.364750,-51.3512,77.752769
TID2013,0.433333,15.729365,45.244808,-53.4229,84.637764
TID2013,0.427350,13.427328,24.485975,-26.3669,102.447227
TID2013,0.683333,0.288035,-13.670444,86.0831,5.019777
TID2013,0.661111,0.713423,-11.293615,73.4950,8.460818
TID2013,0.620597,1.680173,-4.676272,45.7544,16.410748
TID2013,0.566396,3.058651,-0.996306,22.0482,25.362043
TID2013,0.472222,7.423737,3.807056,-16.1928,31.354830
TID2013,0.588889,2.287590,-3.338704,67.5174,7.435410
TID2013,0.758808,6.976134,8.439887,38.7064,12.754317
TID2013,0.447222,7.622073,9.414806,6.3245,19.291859
TID2013,0.728998,15.947190,18.231060,-13.7085,25.207949
TID2013,0.311111,24.154332,23.176178,-62.7861,41.031151
TID2013,0.530556,1.257450,-9.122146,70.3972,9.813152
TID2013,0.467237,1.997983,-6.984532,58.0148,13.917619
TID2013,0.415954,3.335238,-4.792184,39.7812,19.167702
TID2013,0.393162,5.855121,-0.791556,12.8178,25.447168
TID2013,0.350000,10.497411,-12.652466,-23.5469,33.259174
TID2013,0.575000,1.289675,-5.806717,72.9075,5.566875
TID2013,0.533876,1.965502,-1.068633,63.4321,6.869911
TID2013,0.469444,3.004413,5.652399,51.5227,8.423638
TID2013,0.405556,4.624242,13.402759,38.1234,11.440249
TID2013,0.373983,7.184567,22.431353,19.3695,17.162687
TID2013,0.631437,0.792509,-12.104116,80.4138,2.837173
TID2013,0.617887,1.312300,-10.478621,73.0363,3.635733
TID2013,0.558266,2.267319,-6.920516,62.1408,5.488498
TID2013,0.497222,4.367400,0.445344,42.5768,6.411454
TID2013,0.364672,9.455023,9.367887,10.2213,10.769683
TID2013,0.622222,1.582342,-8.181263,72.9349,3.844448
TID2013,0.547222,2.674692,-2.371973,60.7428,5.454766
TID2013,0.485094,4.508396,4.726449,43.3336,7.920655
TID2013,0.372222,7.699228,11.779327,16.8619,11.321620
TID2013,0.275000,14.929195,21.656782,-26.3809,19.772350
TID2013,0.586111,1.138830,-7.705096,75.1119,5.549529
TID2013,0.583333,1.770677,-3.891648,64.1821,8.427856
TID2013,0.528456,3.162282,4.200625,50.4290,12.270267
TID2013,0.455556,7.023424,14.763017,16.3827,18.990499
TID2013,0.352303,11.733481,26.964205,-11.5836,27.394468
TID2013,0.636857,1.008464,-5.351861,80.9198,1.856664
TID2013,0.619444,2.020954,1.829153,70.3700,3.499102
TID2013,0.626017,3.078239,8.708028,61.7676,5.350608
TID2013,0.639567,4.257418,13.910598,53.1355,7.138420
TID2013,0.604336,6.476049,19.716223,36.9739,9.739982
TID2013,0.613889,1.305683,-9.181208,75.9802,2.923048
TID2013,0.623307,2.236790,-5.575265,64.4661,3.907094
TID2013,0.577778,3.930968,-1.379710,46.6619,5.666461
TID2013,0.439024,7.334846,5.997365,16.9219,9.030035
TID2013,0.289973,15.202509,15.827885,-29.5852,15.930866
TID2013,0.639640,1.549605,-5.300913,72.0067,4.230841
TID2013,0.574074,2.516477,0.610979,60.4611,5.669244
TID2013,0.558559,4.212095,6.766777,44.0685,8.475675
TID2013,0.479366,6.783304,15.501670,25.3360,10.451732
TID2013,0.401234,10.758471,28.492836,0.7749,16.006077
TID2013,0.684684,0.802163,-6.623121,83.8976,2.861413
TID2013,0.642642,1.250291,-1.283545,77.5054,3.994684
TID2013,0.606607,2.044177,5.395144,68.1226,5.613187
TID2013,0.537037,3.337052,11.337058,54.5209,8.098210
TID2013,0.487654,5.441033,18.117231,37.0681,11.309210
TID2013,0.509259,3.616154,3.970845,45.4111,6.119336
TID2013,0.450793,6.052652,11.930616,23.0575,8.466998
TID2013,0.385802,10.073148,19.252708,-6.8118,13.084714
TID2013,0.327328,15.710895,28.866220,-33.8426,16.702414
TID2013,0.277778,24.154808,41.486420,-56.0376,26.070501
TID2013,0.648148,0.884053,-6.934975,83.3167,3.225215
TID2013,0.651234,1.259823,-3.472759,77.6798,4.199933
TID2013,0.632716,1.897808,2.700953,69.3639,5.579229
TID2013,0.564564,2.958421,9.646270,56.6356,8.454256
TID2013,0.509259,4.498643,17.621407,40.4548,12.404747
TID2013,0.657658,0.977523,-6.964106,78.1712,3.880044
TID2013,0.634921,1.561288,-2.534120,69.9896,5.418993
TID2013,0.552552,3.438835,5.647779,50.9944,9.301130
TID2013,0.447619,7.608991,22.551794,21.7563,15.882731
TID2013,0.327328,16.569491,53.747696,-24.1887,26.754210
TID2013,0.512346,2.412767,-0.855847,52.8876,10.054965
TID2013,0.487654,5.165835,7.079589,35.6287,14.122292
TID2013,0.419753,7.868098,13.105025,18.8514,15.961617
TID2013,0.391976,11.194190,18.543232,-3.6037,18.724106
TID2013,0.339339,15.952883,27.240147,-28.0387,25.815838
TID2013,0.591591,3.073977,5.153986,53.2935,12.642297
TID2013,0.568254,4.925416,10.065504,35.9667,19.586239
TID2013,0.489490,8.276299,14.301616,12.4474,12.938560
TID2013,0.349207,13.074266,22.234449,-12.4103,16.816475
TID2013,0.298412,19.163200,29.542944,-44.1672,48.581459
TID2013,0.576577,1.971954,-4.574944,78.2553,11.552572
TID2013,0.509259,4.475826,0.481933,60.3441,20.781668
TID2013,0.387301,9.569904,8.091077,31.2458,36.799892
TID2013,0.300300,18.037845,16.662317,-10.2783,60.317005
TID2013,0.228228,30.125404,29.119804,-54.0213,90.573112
TID2013,0.672672,1.998354,-3.453150,67.1057,4.580591
TID2013,0.651651,3.240998,1.362136,52.9093,6.839442
TID2013,0.540540,6.682033,5.881833,21.2058,12.541944
TID2013,0.333333,13.879346,12.483911,-23.6357,24.233784
TID2013,0.184127,28.795981,28.885866,-62.5844,48.806698
TID2013,0.648649,1.025787,-12.294964,77.9331,2.493129
TID2013,0.625397,1.856674,-8.830647,66.8437,4.026314
TID2013,0.603174,4.491983,0.927861,38.6643,5.797388
TID2013,0.351351,13.508083,13.581593,-24.9273,10.134855
TID2013,0.197531,26.957428,22.360744,-62.2304,17.897490
TID2013,0.615616,1.413312,-9.346582,73.9599,2.862138
TID2013,0.577160,2.651668,-4.847201,59.6906,3.534277
TID2013,0.500000,4.868972,0.522198,37.0701,5.857598
TID2013,0.342342,12.162438,9.618389,-17.1844,10.786105
TID2013,0.084084,33.001208,29.071028,-64.2214,37.406334
TID2013,0.651234,2.923046,-5.612072,54.6506,16.916140
TID2013,0.527778,4.000405,-3.523288,45.5577,16.933146
TID2013,0.483483,4.967233,-1.965151,38.3736,16.924528
TID2013,0.403174,6.972150,3.573939,24.5863,17.642056
TID2013,0.426427,14.742006,13.089346,-31.6711,56.302959
TID2013,0.519520,2.752366,-2.719201,54.3725,8.026133
TID2013,0.536508,2.812661,-4.436533,55.4287,5.811703
TID2013,0.463492,7.203347,6.527025,9.9133,16.198347
TID2013,0.354938,17.761911,18.074219,-45.2743,21.671230
TID2013,0.300300,19.658888,21.988945,-47.3331,35.074444
TID2013,0.666667,3.188454,-2.908928,40.0661,33.152607
TID2013,0.666667,4.246904,0.387478,30.8291,26.233118
TID2013,0.530159,8.552174,18.065235,-10.4972,39.755733
TID2013,0.481481,12.061666,25.819025,-34.0683,57.543411
TID2013,0.478396,18.769777,36.421234,-57.1223,70.379547
TID2013,0.402402,13.019223,28.022299,-41.5215,66.942825
TID2013,0.369369,14.858493,32.854092,-45.8983,76.397087
TID2013,0.416667,12.966090,28.383698,-39.0839,93.745766
TID2013,0.489490,12.569354,23.123716,-35.1187,120.762062
TID2013,0.537037,12.900275,20.897352,-35.1186,170.988937
TID2013,0.618619,0.193281,-15.329036,89.4655,6.639896
TID2013,0.694444,1.200454,-8.868140,70.3146,7.454810
TID2013,0.564814,0.954875,-11.172534,57.8764,22.750536
TID2013,0.648649,4.464908,-3.522581,20.4098,22.530832
TID2013,0.459877,3.190352,-3.757848,3.2467,47.384945
TID2013,0.617284,1.987390,-6.140745,72.1542,14.332501
TID2013,0.675676,5.702089,2.747654,38.9414,12.955643
TID2013,0.450618,6.645253,9.508878,18.7409,38.396263
TID2013,0.648649,13.544243,11.221266,-13.0684,24.997581
TID2013,0.375376,20.484535,23.565720,-55.1782,81.042725
TID2013,0.577778,0.574619,-12.649178,80.0696,9.977270
TID2013,0.484568,0.964432,-10.712806,73.1219,14.513420
TID2013,0.432099,1.732530,-7.795184,63.2378,20.694847
TID2013,0.414414,3.184327,-6.818114,49.5621,29.304255
TID2013,0.420420,5.789181,-7.496199,31.6181,41.904781
TID2013,0.592592,2.155483,-3.199646,62.5202,7.939816
TID2013,0.585586,3.505355,2.972142,48.9557,10.181113
TID2013,0.549550,5.478422,9.404457,32.8233,14.504208
TID2013,0.466049,8.502343,18.421043,13.0579,19.902023
TID2013,0.399399,13.006724,29.255226,-11.7067,26.437666
TID2013,0.623457,0.971352,-11.514416,77.5591,2.788089
TID2013,0.586420,1.641956,-8.895082,68.1932,3.765543
TID2013,0.621621,3.004472,-4.137439,52.9321,4.848276
TID2013,0.549550,6.125519,4.797882,25.5440,6.513726
TID2013,0.441441,15.713514,14.069044,-27.9158,11.379886
TID2013,0.633633,2.103205,-5.919045,64.0901,4.511312
TID2013,0.567901,3.579498,1.269323,46.9296,6.672551
TID2013,0.523810,6.057211,6.890536,22.7656,10.452350
TID2013,0.404321,10.315923,14.087646,-10.0059,16.730206
TID2013,0.311729,18.662393,26.759836,-46.7496,28.858730
TID2013,0.626543,1.993634,-4.877287,62.2152,8.244486
TID2013,0.586420,3.273182,1.776029,46.9020,11.990211
TID2013,0.462462,6.997035,16.314440,18.0562,25.740000
TID2013,0.396397,9.562040,20.552258,7.3102,25.947493
TID2013,0.330330,15.899600,29.007765,-27.9385,28.896156
TID2013,0.657143,1.049718,-6.214024,81.0673,2.346145
TID2013,0.645062,2.244111,3.899061,69.6415,4.672688
TID2013,0.630631,3.828344,15.131533,56.1844,7.400597
TID2013,0.591591,5.518664,21.110510,42.3174,10.619396
TID2013,0.260318,23.664815,28.440073,-49.6262,27.468742
TID2013,0.648649,1.658028,-8.132945,70.5377,3.095734
TID2013,0.644444,2.980880,-3.005022,55.6750,4.590144
TID2013,0.534534,6.001548,3.519783,27.7957,7.375159
TID2013,0.357358,12.755217,11.563086,-19.2328,13.128881
TID2013,0.098766,32.280737,29.206455,-64.2046,38.780243
TID2013,0.631313,1.484139,-5.642557,72.3250,3.941274
TID2013,0.565657,2.422576,-0.640230,60.8800,5.026190
TID2013,0.533333,4.019941,5.423952,45.3954,6.943626
TID2013,0.494950,6.415178,13.376088,27.5294,10.918219
TID2013,0.441799,10.103342,24.305704,5.9278,13.847688
TID2013,0.671604,0.760744,-6.817789,83.8745,2.128274
TID2013,0.651516,1.199660,-2.161541,77.2059,2.889863
TID2013,0.617571,1.967284,3.989227,67.4726,4.257174
TID2013,0.581396,3.160891,8.485503,54.7068,5.695777
TID2013,0.528396,5.195831,15.335423,37.2115,7.419448
TID2013,0.548148,3.474176,2.635702,50.2427,7.107437
TID2013,0.469697,5.685988,11.479212,29.4028,10.682001
TID2013,0.414814,9.311734,18.750853,1.9347,14.706197
TID2013,0.367901,14.575923,28.829338,-26.5593,21.771629
TID2013,0.303703,22.091017,41.101509,-50.4397,29.269793
TID2013,0.651852,0.839353,-7.014115,82.0575,4.302524
TID2013,0.666667,1.267652,-3.918764,75.2850,6.789350
TID2013,0.602469,1.940255,1.889325,65.8456,10.706816
TID2013,0.550136,3.206588,8.796309,49.7054,17.592407
TID2013,0.467700,5.283614,19.984089,24.1967,27.303661
TID2013,0.671604,0.926179,-7.426428,77.4412,3.489228
TID2013,0.644444,1.478611,-3.813773,69.0633,4.539591
TID2013,0.573232,3.251665,3.651197,50.5861,7.087712
TID2013,0.475452,7.134317,17.614969,23.7339,11.202602
TID2013,0.368687,15.305371,45.284664,-21.1577,19.733011
TID2013,0.537037,2.340122,-2.246566,47.3911,11.764090
TID2013,0.512627,3.148492,5.614504,37.0781,14.928320
TID2013,0.462121,4.534971,13.362100,20.7447,16.619410
TID2013,0.416667,7.053532,20.726337,-2.5547,20.706514
TID2013,0.368687,10.877222,27.327114,-27.6069,23.065880
TID2013,0.620156,2.916292,1.584579,55.0343,5.848068
TID2013,0.576720,5.405160,9.558460,35.7184,8.816941
TID2013,0.479798,10.766705,16.075701,-4.0700,13.861757
TID2013,0.402469,17.427583,25.104374,-31.8792,20.886406
TID2013,0.315246,25.112233,30.754128,-59.7014,29.743120
TID2013,0.651516,0.970709,-10.520360,85.4662,6.614316
TID2013,0.614814,2.130324,-5.038147,74.3945,11.657199
TID2013,0.509044,4.756196,0.086486,52.0215,19.587282
TID2013,0.380247,10.376372,8.935689,2.6223,29.925388
TID2013,0.292929,23.835318,21.431278,-59.3881,40.930134
TID2013,0.713580,1.340678,-7.258279,75.3203,2.858342
TID2013,0.669136,2.011590,-3.981448,65.6142,4.144626
TID2013,0.580808,3.857276,1.891393,43.9767,6.265967
TID2013,0.441860,7.952518,9.664076,8.8528,11.019362
TID2013,0.274074,20.840918,27.295731,-53.6652,21.241224
TID2013,0.681481,0.897328,-11.645988,79.5292,2.966208
TID2013,0.654040,1.534508,-8.562533,70.6163,4.116338
TID2013,0.560606,3.567092,1.106179,46.8699,6.471066
TID2013,0.411617,10.655200,12.885625,-10.5273,13.687010
TID2013,0.247474,21.763597,21.665588,-56.3858,21.853603
TID2013,0.609819,1.913444,-6.662033,66.5982,5.058347
TID2013,0.501234,3.980389,-0.281984,43.4467,7.316561
TID2013,0.381313,8.421743,9.765194,1.4892,13.462406
TID2013,0.269136,17.836060,22.571173,-50.8150,21.364019
TID2013,0.108586,37.250984,34.165722,-65.3414,39.336773
TID2013,0.593434,4.664257,17.798538,36.9635,28.063423
TID2013,0.525252,3.409760,-5.995852,50.3088,27.965473
TID2013,0.392592,4.948166,-2.998542,39.7707,24.402807
TID2013,0.318182,11.965363,22.317654,-0.4909,40.198177
TID2013,0.279012,18.537625,18.028152,-55.5586,49.534363
TID2013,0.509044,3.192630,-2.728405,53.3251,11.067086
TID2013,0.452020,6.451765,5.789393,19.9985,17.433535
TID2013,0.374677,11.787428,11.772965,-21.6491,23.909643
TID2013,0.303030,18.797246,21.803114,-45.9167,37.120747
TID2013,0.279012,26.650222,28.868628,-63.6382,42.072365
TID2013,0.643939,4.252533,4.596386,31.2836,29.034756
TID2013,0.684343,3.272743,-2.220536,47.4043,23.374638
TID2013,0.633839,6.945871,15.969330,7.0309,36.011303
TID2013,0.580247,10.091919,24.929628,-18.1614,47.566925
TID2013,0.467172,14.559198,34.050125,-41.2105,50.516361
TID2013,0.404040,11.403359,27.321342,-35.7040,65.603958
TID2013,0.365432,15.941928,32.078926,-49.6868,64.753632
TID2013,0.338383,17.669367,34.553211,-55.2875,74.686325
TID2013,0.371212,18.342894,32.739780,-56.3544,86.655571
TID2013,0.405684,16.196043,32.188053,-50.6653,92.935051
TID2013,0.689394,0.255131,-14.876098,87.9333,5.471747
TID2013,0.705427,0.483643,-13.398163,78.8537,8.980388
TID2013,0.659259,1.246805,-9.224162,52.7581,18.442867
TID2013,0.595062,2.131927,-5.370265,35.5547,26.505882
TID2013,0.535353,4.281931,-2.591327,-5.5291,37.071018
TID2013,0.616161,2.133123,-3.478664,71.3579,6.066528
TID2013,0.711111,6.085634,5.495702,46.0023,12.127851
TID2013,0.489418,7.073820,10.292357,15.8996,15.308617
TID2013,0.747474,15.384896,13.561659,-9.1867,24.419308
TID2013,0.371212,22.103169,23.020554,-58.2116,31.556797
TID2013,0.598484,1.124265,-8.491627,70.7928,15.485043
TID2013,0.550506,1.780850,-5.318591,59.5076,22.474979
TID2013,0.486420,2.831567,-2.570681,45.2476,31.673359
TID2013,0.429293,4.900097,2.696907,25.7112,44.352005
TID2013,0.404040,8.243643,4.008032,2.7040,58.846298
TID2013,0.651852,1.788933,-4.568446,67.4214,4.658223
TID2013,0.604938,2.858895,0.662850,55.3893,6.786714
TID2013,0.533333,4.626773,7.245658,39.9067,8.962752
TID2013,0.457071,7.321817,15.905247,20.9123,11.723009
TID2013,0.411617,11.106703,27.332273,-0.5074,16.988981
TID2013,0.638889,1.337179,-9.550265,72.5444,4.050536
TID2013,0.602469,2.556370,-4.674878,57.4175,5.519127
TID2013,0.490956,5.575328,2.508137,29.4438,8.763773
TID2013,0.402469,11.767383,14.131265,-15.5648,17.982874
TID2013,0.325581,25.545522,31.116838,-59.7747,43.766636
TID2013,0.629630,2.227524,-4.329747,63.0290,4.901150
TID2013,0.550506,3.758559,3.547981,46.2567,6.889134
TID2013,0.456790,6.302925,9.920200,21.6835,10.872244
TID2013,0.376262,10.606080,18.728067,-8.7502,16.759186
TID2013,0.258398,20.565832,32.712620,-51.2504,29.238998
TID2013,0.659259,1.689592,-6.059125,65.7999,7.193238
TID2013,0.581396,2.529153,-0.924043,52.7159,9.211637
TID2013,0.516796,4.415019,4.921874,32.3761,10.826080
TID2013,0.460318,8.195533,12.702662,-3.0250,21.383160
TID2013,0.295454,21.704568,31.120289,-60.6787,38.908752
TID2013,0.669136,1.474401,-1.870032,75.6428,4.898612
TID2013,0.637037,3.507432,12.752110,54.0439,10.010694
TID2013,0.560493,7.282738,17.381056,18.7934,12.016536
TID2013,0.467700,10.163858,22.836042,1.0805,18.682018
TID2013,0.293827,22.399297,35.000587,-55.2794,32.695164
TID2013,0.635659,2.017784,-6.403809,65.2941,3.875104
TID2013,0.548148,3.741128,-1.518732,45.9652,7.099329
TID2013,0.429293,7.746737,8.847533,8.5877,13.530185
TID2013,0.250000,17.450192,21.821026,-46.4205,22.804867
TID2013,0.052910,36.315151,34.092918,-64.7740,33.695354
TID2013,0.616488,1.279036,-5.703506,75.6725,3.266725
TID2013,0.523298,2.041652,-0.747251,65.7684,4.326365
TID2013,0.537634,3.279113,5.277027,51.7245,5.779867
TID2013,0.455556,5.215457,12.014388,35.0877,7.685215
TID2013,0.394266,8.255903,22.324160,13.8286,11.273540
TID2013,0.621528,0.714101,-6.522105,85.2081,1.673025
TID2013,0.616488,1.123302,-1.977308,79.2250,2.286730
TID2013,0.600694,1.780171,4.410118,70.6670,3.576612
TID2013,0.580646,2.857257,8.769300,59.0552,4.815310
TID2013,0.516129,4.607960,14.133194,43.1900,6.363638
TID2013,0.516129,2.915775,0.743385,56.5510,5.373416
TID2013,0.476702,4.668271,9.638114,37.8012,7.561172
TID2013,0.385186,7.538404,16.393919,13.1555,10.480799
TID2013,0.329861,12.000115,25.702648,-14.5316,16.357176
TID2013,0.260417,17.880856,37.687767,-38.6789,20.038254
TID2013,0.673836,0.740822,-6.907622,85.3720,2.411490
TID2013,0.648746,1.056218,-3.958200,80.7137,3.638956
TID2013,0.625000,1.558676,0.690025,73.8616,5.721467
TID2013,0.604167,2.359866,4.821975,64.4017,10.151594
TID2013,0.551971,3.702934,11.095437,50.6821,16.802809
TID2013,0.592592,0.828171,-7.006085,80.2169,3.016096
TID2013,0.605734,1.294335,-2.983759,72.8117,3.976668
TID2013,0.524306,2.772988,4.442826,55.5185,6.208888
TID2013,0.440860,6.068670,17.595501,28.7164,10.099531
TID2013,0.347222,13.343735,43.883434,-17.7599,19.462481
TID2013,0.487456,2.299395,-0.755353,43.8553,14.307367
TID2013,0.454861,3.462939,2.513811,30.8340,18.618788
TID2013,0.437037,5.336931,9.797771,11.0219,17.327364
TID2013,0.401433,8.009514,16.835100,-11.7945,22.432663
TID2013,0.340502,11.617738,25.257557,-33.3908,27.978971
TID2013,0.611111,1.730158,-3.249328,70.9552,3.443968
TID2013,0.516129,3.239835,7.158352,54.0572,5.133842
TID2013,0.462963,6.963681,15.187176,20.1030,14.011188
TID2013,0.383512,10.082815,23.661598,-0.2893,14.391040
TID2013,0.265233,15.987456,27.378752,-26.9029,21.050211
TID2013,0.579861,1.506686,-7.079704,76.2910,7.449440
TID2013,0.510417,3.332239,-4.365420,57.1843,13.329749
TID2013,0.433692,7.178697,2.661375,28.0981,22.998871
TID2013,0.318997,13.863557,10.858735,-9.5378,36.016392
TID2013,0.218638,24.414038,20.199120,-52.6075,50.047604
TID2013,0.634409,1.725852,-5.009292,69.8771,2.776819
TID2013,0.652778,2.657160,-1.186444,58.3316,3.676652
TID2013,0.559028,4.843284,3.766974,37.4021,6.224365
TID2013,0.388889,9.798248,11.412584,1.4949,10.122947
TID2013,0.194444,23.183472,27.489428,-52.9459,19.433144
TID2013,0.663082,1.010084,-11.817158,77.6934,2.596797
TID2013,0.621528,1.786908,-8.911736,68.3569,3.446427
TID2013,0.520833,4.301684,1.215551,43.0700,5.200606
TID2013,0.357639,11.342201,12.989306,-11.4840,9.214993
TID2013,0.149306,20.521595,20.606066,-46.6805,18.479818
TID2013,0.666667,1.277921,-9.707023,75.3821,2.482895
TID2013,0.583333,2.307484,-6.175181,63.1161,3.654510
TID2013,0.507408,4.568699,-1.131657,40.5395,5.167365
TID2013,0.465950,6.819176,3.282813,21.9071,8.296679
TID2013,0.251852,16.090605,14.195693,-27.9308,15.657276
TID2013,0.688172,1.931482,-10.016345,65.9475,17.293734
TID2013,0.637993,2.602616,-8.378401,56.7446,17.449732
TID2013,0.611111,3.924847,-5.713331,42.7052,17.402870
TID2013,0.534722,6.974678,2.315266,23.6450,25.292532
TID2013,0.472222,11.812841,11.740082,-30.5462,67.007294
TID2013,0.642361,1.956730,-6.795199,63.9685,5.479701
TID2013,0.362963,5.556359,0.969626,30.6637,17.868189
TID2013,0.487456,4.256778,-1.547538,37.7254,13.417061
TID2013,0.303703,9.354802,9.854258,-1.6798,17.855482
TID2013,0.236111,17.370882,21.632109,-47.8865,46.052746
TID2013,0.628472,2.835104,-3.395987,50.5763,27.200905
TID2013,0.604167,4.981765,2.958579,32.3008,42.681557
TID2013,0.541219,8.659039,18.798578,0.2479,46.789536
TID2013,0.527778,11.440800,25.403120,-18.7461,57.259830
TID2013,0.444444,18.332850,39.710678,-48.0134,61.554417
TID2013,0.419354,12.792270,30.903166,-42.8309,59.879116
TID2013,0.326164,16.001764,34.891159,-51.9257,70.610085
TID2013,0.364583,16.665272,35.020744,-54.3331,80.109940
TID2013,0.409722,14.632130,31.178444,-53.3169,96.608665
TID2013,0.390681,12.212821,32.215454,-43.9722,104.855827
TID2013,0.673611,0.266519,-14.812000,88.9209,4.172668
TID2013,0.638889,1.013170,-8.441207,76.3225,6.922308
TID2013,0.652330,1.230999,-9.793151,56.5179,14.075804
TID2013,0.544803,4.849873,1.816612,27.7141,21.831360
TID2013,0.507408,4.410008,0.057561,4.5072,28.352201
TID2013,0.600694,2.421399,-3.165200,67.5594,6.306734
TID2013,0.620072,7.781157,5.409875,41.9896,10.195185
TID2013,0.465278,8.002097,11.813312,6.7324,16.444727
TID2013,0.562724,16.309905,12.336061,-6.3427,17.960360
TID2013,0.362007,24.565952,23.629230,-62.1400,34.461227
TID2013,0.472222,0.884451,-11.372928,66.5275,6.738446
TID2013,0.415771,1.734322,-11.498566,50.0679,9.492647
TID2013,0.326389,3.597434,-14.038931,25.4061,13.370422
TID2013,0.315972,6.944555,-30.661394,-5.5466,19.107286
TID2013,0.318997,11.798972,-72.073334,-33.3340,26.386232
TID2013,0.598567,1.582317,-4.607885,69.6504,4.187241
TID2013,0.548387,2.451865,0.208901,59.3703,5.685172
TID2013,0.520833,3.796945,7.111680,46.8466,7.419332
TID2013,0.448029,5.887825,14.709062,31.7446,10.528171
TID2013,0.399306,8.842215,24.375414,13.0744,16.126875
TID2013,0.652330,0.865115,-11.609003,77.5640,2.701240
TID2013,0.663082,1.447628,-9.130743,69.3573,3.666831
TID2013,0.585186,2.610532,-5.267952,56.6869,4.515858
TID2013,0.513889,5.187638,2.973193,34.5904,6.443295
TID2013,0.423611,10.368651,10.463369,-1.6593,8.690504
TID2013,0.631944,1.791423,-7.358194,69.0316,3.397691
TID2013,0.548387,3.027497,-1.116976,54.4007,5.072252
TID2013,0.476702,5.049845,5.681595,34.9076,8.716512
TID2013,0.422939,8.344492,12.117816,9.9000,10.422378
TID2013,0.297491,14.694155,22.902288,-26.5958,17.964640
TID2013,0.623656,1.406306,-6.862031,71.7246,4.535887
TID2013,0.605734,2.481834,-2.643512,58.3894,6.798733
TID2013,0.462366,4.358450,4.326272,40.4699,13.344091
TID2013,0.340278,8.177109,11.989539,11.9770,21.246824
TID2013,0.263889,12.997336,20.964537,-18.7800,26.252773
TID2013,0.670251,0.978972,-5.045939,80.7598,1.555856
TID2013,0.684588,2.002927,1.825019,69.3648,2.668682
TID2013,0.630824,3.151158,9.495771,59.2858,3.941787
TID2013,0.611111,4.150329,13.045100,51.6947,4.954778
TID2013,0.604167,5.652439,16.713419,41.3596,6.531609
TID2013,0.659498,1.385888,-8.739877,73.5782,2.618159
TID2013,0.642361,2.449273,-4.855743,60.6362,3.774477
TID2013,0.587813,4.378380,-0.599165,41.8764,5.237700
TID2013,0.440860,7.723590,6.129173,14.5267,9.497922
TID2013,0.291667,14.751780,13.825580,-26.3068,18.954233
TID2013,0.595960,1.841950,-5.223867,68.2476,3.675640
TID2013,0.555556,3.102078,-0.076212,54.1948,4.644374
TID2013,0.505050,5.192288,6.143121,36.0121,6.607627
TID2013,0.448029,8.525228,14.885532,13.4945,9.222139
TID2013,0.404040,13.269580,26.967991,-11.1178,12.015419
TID2013,0.653199,0.847632,-6.638694,82.4953,2.161213
TID2013,0.670033,1.381730,-2.227818,75.2001,2.831007
TID2013,0.618056,2.309097,3.735050,64.4988,4.042772
TID2013,0.541667,3.871177,7.624625,49.4574,5.257674
TID2013,0.505050,6.403655,14.658840,30.2650,7.015095
TID2013,0.511784,4.295632,4.330666,39.4730,6.908552
TID2013,0.454861,7.430088,11.564953,11.4918,9.416835
TID2013,0.410774,11.937114,19.503122,-16.9999,15.193723
TID2013,0.361111,18.355892,27.439714,-43.5391,19.098856
TID2013,0.319866,27.442849,40.133942,-61.3077,28.602291
TID2013,0.637993,1.006239,-5.577585,80.5070,5.346741
TID2013,0.621528,1.523470,-2.133106,73.9544,9.684766
TID2013,0.598567,2.382859,5.448668,64.9051,15.634590
TID2013,0.519713,3.830293,11.967291,51.4222,21.607605
TID2013,0.474748,6.238731,19.094357,31.2583,26.775471
TID2013,0.659498,1.103930,-7.122955,75.6389,3.178628
TID2013,0.611111,1.822399,-3.704690,66.1981,4.167224
TID2013,0.552083,4.195375,3.893251,44.5992,6.598321
TID2013,0.454546,9.347860,18.046667,12.9110,10.947201
TID2013,0.399306,18.985988,45.766022,-31.2602,20.704308
TID2013,0.579861,2.668223,-1.897767,41.5564,12.531181
TID2013,0.479167,3.954644,5.447096,25.6312,15.463398
TID2013,0.462366,5.659837,11.784403,11.8986,22.355425
TID2013,0.423611,9.106406,17.731529,-12.7142,23.456057
TID2013,0.371528,13.500883,25.849695,-30.4616,25.775595
TID2013,0.542088,3.535637,5.202099,44.6212,5.236908
TID2013,0.527778,6.237321,10.014170,19.8270,7.964389
TID2013,0.458781,9.000599,11.048032,-3.1261,10.912960
TID2013,0.407408,15.277234,20.234819,-40.6879,20.664429
TID2013,0.301076,23.312243,28.721380,-60.3573,29.925762
TID2013,0.652778,1.050476,-10.046885,83.5338,4.862208
TID2013,0.582491,2.326554,-4.530626,71.1109,8.445440
TID2013,0.482639,5.162498,1.795349,49.5863,14.280420
TID2013,0.387206,10.564785,10.198909,15.2479,22.493330
TID2013,0.263889,20.093920,21.210358,-33.5302,32.050880
TID2013,0.727272,1.580029,-5.803941,71.4635,3.374645
TID2013,0.676768,2.400265,-3.137729,61.7447,4.548996
TID2013,0.572391,4.415219,1.940510,40.4204,6.581011
TID2013,0.434028,8.587240,9.565665,6.8962,12.987638
TID2013,0.279461,20.403462,29.019703,-46.7270,22.826420
TID2013,0.666667,1.012133,-11.427696,78.9739,2.596670
TID2013,0.628472,1.712084,-7.946141,69.1619,3.403285
TID2013,0.545139,3.957330,1.041723,42.0026,6.296877
TID2013,0.354839,11.430063,13.157990,-18.8859,13.793083
TID2013,0.260417,20.378453,22.247723,-53.6486,19.012655
TID2013,0.656250,2.042671,-6.108121,65.7059,3.546359
TID2013,0.572917,3.563613,-2.057100,49.1209,5.210752
TID2013,0.440972,7.806025,8.945640,10.7636,10.862140
TID2013,0.267361,18.530631,22.506998,-41.2182,21.550646
TID2013,0.097643,34.371049,37.427773,-63.9496,41.109081
TID2013,0.673401,2.509804,-5.930347,58.7547,10.843872
TID2013,0.656250,3.399957,-4.248477,51.7723,11.578061
TID2013,0.545139,6.587000,7.135791,34.6592,17.018406
TID2013,0.329861,10.529999,14.225577,11.2789,28.893570
TID2013,0.315972,17.345834,24.002129,-35.8790,57.407677
TID2013,0.501683,4.557387,1.374969,32.6984,11.073197
TID2013,0.419354,8.730919,7.842400,0.0749,14.673882
TID2013,0.370370,11.981389,11.931724,-12.6354,27.909370
TID2013,0.313131,19.914586,22.827148,-48.1731,35.855385
TID2013,0.319866,19.355471,23.435410,-49.6663,26.951429
TID2013,0.649306,4.076520,-0.102803,33.1924,33.500912
TID2013,0.609428,3.560988,-3.948745,46.6232,24.257572
TID2013,0.697917,7.725154,16.803061,8.2005,35.394527
TID2013,0.493056,10.096423,22.736942,-10.7151,50.102638
TID2013,0.368056,14.697654,32.649338,-34.3716,60.999451
TID2013,0.323232,13.081650,32.297634,-41.8951,57.779575
TID2013,0.340068,15.828941,32.326054,-47.4241,71.557106
TID2013,0.361111,13.736183,26.312750,-46.9499,82.637245
TID2013,0.399306,14.939004,25.946749,-49.7056,92.356781
TID2013,0.649831,11.135318,20.008776,-31.2361,107.245903
TID2013,0.673401,0.218522,-15.067234,88.9709,4.734404
TID2013,0.700337,0.415497,-14.817224,79.9835,7.717678
TID2013,0.638889,1.016601,-10.314869,59.0354,16.081533
TID2013,0.655914,1.958292,-8.178282,38.1032,23.171486
TID2013,0.518519,3.267040,-5.808972,8.7933,32.990276
TID2013,0.645833,2.094810,-3.399952,72.3298,5.085470
TID2013,0.754209,5.883476,4.917479,45.0454,9.531326
TID2013,0.531250,6.879114,13.434520,19.5018,14.266366
TID2013,0.707071,14.540514,14.021795,-7.3861,20.673222
TID2013,0.400673,21.088451,27.771151,-54.9584,32.496601
TID2013,0.535353,0.926532,-9.571490,71.1326,12.603551
TID2013,0.478114,1.605041,-6.367840,56.7135,17.700912
TID2013,0.451613,3.059674,-4.696328,34.3812,24.185753
TID2013,0.368056,5.976359,-4.241881,1.7749,32.287888
TID2013,0.350694,10.954676,-25.590111,-34.9653,42.096161
TID2013,0.611111,2.033409,-4.639012,64.1856,4.434657
TID2013,0.519713,3.455809,1.046059,48.7676,5.846714
TID2013,0.501792,5.641067,7.262053,30.5218,8.029387
TID2013,0.451389,9.139069,15.755176,8.3059,10.306046
TID2013,0.387206,13.779022,27.566969,-15.7910,14.242913
TID2013,0.645833,1.555066,-8.852456,70.2473,3.636213
TID2013,0.629630,2.985708,-3.987579,54.1333,5.401343
TID2013,0.500000,5.988383,3.293683,27.2715,8.108356
TID2013,0.434343,12.505352,12.891972,-16.5862,15.022183
TID2013,0.323232,26.229279,29.861858,-57.9251,26.534662
TID2013,0.585859,2.471564,-4.016961,59.7567,5.414763
TID2013,0.534722,4.132928,3.429842,42.4137,6.245509
TID2013,0.472222,7.026161,10.247344,16.3413,10.199643
TID2013,0.388889,11.728972,19.990749,-11.5855,13.782331
TID2013,0.240143,23.687130,39.391613,-54.8138,26.123884
TID2013,0.635417,1.825795,-5.688463,63.6802,7.479558
TID2013,0.643098,2.931991,-0.982120,51.9326,12.188118
TID2013,0.611111,4.928313,7.465742,33.6934,16.453129
TID2013,0.454861,11.518294,23.108942,-10.6426,27.665520
TID2013,0.302083,16.474245,29.737682,-37.2075,35.071533
TID2013,0.694444,1.442295,-2.673105,77.6690,2.853619
TID2013,0.697917,2.954619,8.345921,64.7268,5.016466
TID2013,0.670033,5.584026,20.883633,45.1863,8.837569
TID2013,0.534722,9.677626,23.173622,21.0310,11.609722
TID2013,0.319444,19.316687,37.106728,-34.4976,32.288589
TID2013,0.638889,2.144487,-5.773360,64.6760,4.291192
TID2013,0.565972,4.019163,-0.335313,43.8237,6.330975
TID2013,0.416667,8.203248,10.013173,8.8772,14.976491
TID2013,0.225589,17.594736,26.168793,-41.7138,30.969742
TID2013,0.026936,33.653108,38.902107,-64.1727,42.464649
TID2013,0.635328,1.797296,-4.732111,68.1346,3.461291
TID2013,0.603603,3.003191,0.614031,54.4242,5.088456
TID2013,0.527066,5.031872,6.542558,36.2897,6.336434
TID2013,0.504273,8.282020,15.892094,13.2961,8.754361
TID2013,0.423977,13.283349,29.419903,-14.3003,12.158896
TID2013,0.672672,0.858353,-6.457156,82.6289,1.835082
TID2013,0.648649,1.390518,-1.132457,74.9575,2.639169
TID2013,0.641026,2.277805,4.932067,64.2844,3.749512
TID2013,0.614036,3.791467,9.856973,49.1946,5.249119
TID2013,0.525526,6.378101,17.889788,29.9096,6.990073
TID2013,0.561561,4.300385,4.904970,36.7220,6.985902
TID2013,0.484568,7.065710,12.089577,10.9682,10.155811
TID2013,0.447293,11.777280,19.615013,-19.9085,13.726734
TID2013,0.367521,18.708416,28.246658,-46.8283,20.221045
TID2013,0.324787,28.060589,40.277618,-62.6166,26.124586
TID2013,0.675213,1.185138,-5.289994,80.2005,6.435112
TID2013,0.567901,1.696839,-1.916740,74.6707,11.096801
TID2013,0.573099,2.608459,5.602139,65.8046,16.918655
TID2013,0.529914,4.109804,13.323516,52.0940,23.584074
TID2013,0.470086,6.744593,22.898907,30.8038,28.457903
TID2013,0.672364,1.097913,-6.840773,75.8289,3.278581
TID2013,0.643874,1.800610,-2.752580,66.4293,4.329389
TID2013,0.575499,4.142248,5.903178,44.6562,6.847668
TID2013,0.488304,9.338046,22.408169,12.0225,10.695276
TID2013,0.371346,19.566666,56.377075,-34.2629,18.790638
TID2013,0.573099,2.377668,-2.392904,46.3685,12.801252
TID2013,0.516517,3.977378,3.373199,26.8536,19.022675
TID2013,0.508772,5.820759,11.081390,12.4437,27.383472
TID2013,0.426901,8.800839,17.768456,-5.1928,25.639277
TID2013,0.378379,13.495385,25.206621,-28.9987,32.736687
TID2013,0.615616,3.645346,5.174152,44.5672,5.968698
TID2013,0.558404,6.489296,10.882298,15.6527,9.456856
TID2013,0.495727,12.620566,15.678512,-25.8566,12.516273
TID2013,0.444444,21.357737,24.172819,-55.0734,19.336075
TID2013,0.339181,27.630617,31.639786,-63.0175,27.681898
TID2013,0.663742,0.956820,-11.036124,84.2093,4.655284
TID2013,0.589743,2.091238,-5.156031,72.5149,8.143971
TID2013,0.483483,4.648996,0.634681,52.2065,13.797385
TID2013,0.388889,9.745558,9.064446,18.3537,21.748793
TID2013,0.309941,18.759706,19.318441,-29.7009,30.893097
TID2013,0.663818,1.774379,-5.815805,69.5619,3.553852
TID2013,0.632479,2.645098,-2.514500,57.8349,4.437704
TID2013,0.575499,5.053440,2.477704,33.2154,7.137206
TID2013,0.423977,10.608200,11.217213,-6.0303,12.332683
TID2013,0.253561,23.301278,32.136784,-55.2285,24.861008
TID2013,0.652047,1.032706,-11.542000,78.8213,2.666724
TID2013,0.646199,1.805596,-9.065801,68.3008,3.286204
TID2013,0.578348,4.213480,1.497647,38.2604,6.471920
TID2013,0.404559,12.510919,15.289524,-28.1293,11.400048
TID2013,0.270656,23.594567,23.073658,-60.1383,18.271990
TID2013,0.572650,2.132905,-6.161107,65.1162,3.901103
TID2013,0.495727,4.486725,-0.249438,39.0679,6.474988
TID2013,0.401709,10.656047,12.116458,-10.1384,14.698361
TID2013,0.242690,23.707437,26.049221,-54.4392,27.300730
TID2013,0.137427,39.143581,42.043396,-64.3302,42.424229
TID2013,0.529914,4.313277,15.218972,53.1548,25.243395
TID2013,0.649123,4.249160,-2.018164,45.5908,13.453644
TID2013,0.547009,6.139983,0.871809,27.4844,23.129490
TID2013,0.450292,13.912892,28.732574,-18.8714,55.648430
TID2013,0.298246,22.026605,26.126272,-51.4181,81.460091
TID2013,0.643274,2.778858,-3.747778,54.7388,9.658580
TID2013,0.435672,9.211778,7.888846,-12.1219,15.107500
TID2013,0.380117,12.959898,12.311518,-23.1438,23.496180
TID2013,0.298246,27.088593,25.193615,-63.7583,32.322460
TID2013,0.321938,25.628701,32.407990,-62.8283,49.787632
TID2013,0.646723,3.785957,-2.813848,42.2483,25.186930
TID2013,0.683761,4.241587,1.257113,40.1801,22.910013
TID2013,0.616959,7.620908,16.663736,5.5373,40.458866
TID2013,0.474474,11.120541,28.311672,-19.5191,55.367443
TID2013,0.426901,15.093865,38.291595,-36.2641,62.945171
TID2013,0.342106,13.335551,35.266285,-38.5363,68.615654
TID2013,0.358974,14.843948,35.515213,-38.3414,60.456951
TID2013,0.401709,15.401031,30.678238,-38.3116,72.053261
TID2013,0.374269,15.701471,28.188677,-38.7439,84.993668
TID2013,0.464388,12.872921,29.237343,-41.6925,113.823570
TID2013,0.680912,0.207205,-15.555425,89.9239,4.713360
TID2013,0.678062,0.814765,-12.019642,75.0314,7.792976
TID2013,0.669516,0.960761,-11.781115,60.5234,15.709693
TID2013,0.619883,3.522026,-5.322266,26.7517,22.941864
TID2013,0.569801,3.895425,-3.718225,6.3967,31.284311
TID2013,0.634503,2.052665,-4.862619,73.7487,8.462181
TID2013,0.732193,5.392281,3.986198,45.0728,8.618374
TID2013,0.507508,6.670183,13.321378,22.6387,20.789316
TID2013,0.729344,12.608074,12.038402,-4.3215,17.785686
TID2013,0.410257,20.252414,31.018606,-52.1613,44.774216
TID2013,0.501424,2.198886,-6.170479,54.1593,25.968960
TID2013,0.452991,4.102762,-4.625551,36.0125,35.792961
TID2013,0.424501,7.206468,-9.370826,14.3245,43.769188
TID2013,0.403509,10.261784,-33.168571,-8.0875,50.195869
TID2013,0.368421,12.146477,-49.360611,-23.3084,53.149910
TID2013,0.619883,2.040443,-4.247812,63.7398,4.718356
TID2013,0.602339,3.456067,1.871061,48.7124,6.439760
TID2013,0.519520,5.755724,8.565091,28.9446,8.742867
TID2013,0.468469,9.226507,18.355637,4.5853,11.191615
TID2013,0.430199,14.213141,30.761654,-20.2279,14.979903
TID2013,0.649572,1.612198,-8.803665,69.7974,3.648116
TID2013,0.598291,3.237335,-3.629504,52.0183,5.379706
TID2013,0.492878,6.865253,4.993852,19.2501,9.355875
TID2013,0.397661,14.740372,14.691031,-28.5497,15.632882
TID2013,0.318318,33.533320,34.988586,-63.9001,29.971285
TID2013,0.611111,2.675283,-2.992459,56.4000,5.012069
TID2013,0.575499,4.625379,4.303444,35.2965,7.117404
TID2013,0.472934,7.650499,10.623863,9.9405,11.494333
TID2013,0.418803,13.067334,20.821234,-23.0597,13.574006
TID2013,0.279202,25.661210,42.749393,-58.9058,25.269545
TID2013,0.663742,1.800526,-6.234857,66.2621,7.797270
TID2013,0.541310,3.479360,0.289159,44.2312,12.028644
TID2013,0.498499,5.712733,9.252511,23.2325,15.964059
TID2013,0.447531,8.077777,13.211737,8.7688,18.450771
TID2013,0.361823,15.535957,30.453892,-19.5495,41.981544
TID2013,0.683761,1.952312,-4.402404,76.9114,5.682581
TID2013,0.660969,3.074311,7.997990,57.3745,10.395652
TID2013,0.505848,8.839808,20.071159,13.8527,17.889753
TID2013,0.289473,18.841873,38.446423,-40.2165,36.991776
TID2013,0.160819,31.359985,55.209206,-63.4939,46.734951
TID2013,0.606838,2.454420,-4.529418,62.4233,5.127377
TID2013,0.532163,4.652321,2.725041,39.4498,8.422606
TID2013,0.390313,9.647795,13.296312,-2.0990,15.964320
TID2013,0.207207,22.009043,29.649832,-55.8668,28.124546
TID2013,0.040936,42.006207,45.800236,-65.6278,51.335537
TID2013,0.615616,1.500948,-4.919815,72.4865,3.536318
TID2013,0.573573,2.476028,1.097346,60.3718,4.417322
TID2013,0.594594,4.021795,6.877431,44.8887,5.995739
TID2013,0.476190,6.493206,15.921146,25.6675,8.537518
TID2013,0.429012,10.447571,29.313417,0.0717,12.394659
TID2013,0.617284,0.780868,-5.862146,83.7324,1.863277
TID2013,0.653968,1.229783,-0.416930,76.8883,2.571848
TID2013,0.604938,2.038840,5.862073,66.5691,3.535321
TID2013,0.577160,3.338638,11.676313,52.7036,4.985519
TID2013,0.527778,5.621370,19.997601,32.8175,6.748549
TID2013,0.555556,3.592387,4.340070,47.9585,5.564335
TID2013,0.492492,5.916351,12.549830,25.0403,7.754866
TID2013,0.425397,9.470690,19.310150,0.1930,12.093368
TID2013,0.363363,15.124868,30.556049,-28.9529,15.712191
TID2013,0.324074,22.953328,42.484138,-53.2615,22.833944
TID2013,0.607843,0.789608,-6.619951,82.8707,2.627232
TID2013,0.624624,1.130869,-3.812387,77.6458,3.541297
TID2013,0.587301,1.750603,1.886349,69.2580,5.149347
TID2013,0.577160,2.784999,7.785707,56.9680,7.703282
TID2013,0.519520,4.636229,18.875710,37.8237,12.418947
TID2013,0.669670,0.936057,-6.647552,78.0137,3.182647
TID2013,0.645062,1.506134,-2.302397,69.4695,4.225639
TID2013,0.588589,3.399877,6.087777,48.5742,6.666751
TID2013,0.466049,7.727159,24.081797,14.2094,10.578045
TID2013,0.339507,16.882022,55.670181,-36.9512,21.722109
TID2013,0.521604,3.860541,4.175409,-1.5787,17.675674
TID2013,0.487654,5.168658,10.726523,-13.6040,20.942993
TID2013,0.441441,8.097510,17.686127,-39.7348,21.547134
TID2013,0.393393,11.604773,25.240631,-54.1198,31.970276
TID2013,0.336508,16.770127,37.909294,-61.7156,36.310966
TID2013,0.618619,2.581767,0.659838,59.8593,6.005446
TID2013,0.533333,5.235227,9.771212,32.8578,8.918313
TID2013,0.503087,8.628933,17.771049,11.6996,9.268987
TID2013,0.437909,16.685817,28.218390,-29.1723,14.508561
TID2013,0.306307,24.310079,40.036682,-52.3414,30.178169
TID2013,0.549207,1.146452,-9.330484,79.6875,5.399619
TID2013,0.507937,2.516392,-4.127069,64.0474,9.687651
TID2013,0.417418,5.718553,2.033306,38.5782,16.318552
TID2013,0.317460,11.979518,9.869488,1.0338,24.685080
TID2013,0.259259,22.598865,20.458008,-44.5884,32.953930
TID2013,0.645646,1.915161,-3.912505,66.7855,2.810431
TID2013,0.651651,3.059509,0.425186,54.0511,4.124865
TID2013,0.518519,5.973055,4.935532,26.9369,6.911583
TID2013,0.370370,11.774586,11.274780,-13.7396,12.599504
TID2013,0.219136,25.254926,29.248415,-59.7980,19.436716
TID2013,0.645646,1.036371,-11.683638,77.8249,2.379433
TID2013,0.627628,1.867131,-8.765650,67.2292,3.345177
TID2013,0.558642,4.418525,0.850389,41.1212,5.853691
TID2013,0.387388,12.804302,14.438956,-16.5502,11.290697
TID2013,0.252252,25.260160,24.911949,-60.4811,19.916515
TID2013,0.651234,1.617039,-8.225056,71.8252,3.465939
TID2013,0.603174,2.758063,-3.922018,58.2004,3.864398
TID2013,0.496913,5.043640,0.659795,36.6931,6.554828
TID2013,0.323810,14.380654,12.832758,-24.6875,13.947207
TID2013,0.108024,31.721391,28.770950,-64.0152,29.660089
TID2013,0.623457,2.086344,-9.424798,58.5329,15.496475
TID2013,0.663580,5.669906,4.635233,16.5714,15.384308
TID2013,0.513513,5.850787,0.082383,31.3472,19.088732
TID2013,0.419753,9.314318,9.229305,-12.1795,31.382698
TID2013,0.225309,16.354942,14.635778,-40.4822,29.459652
TID2013,0.453703,7.258614,6.978787,3.2757,16.823341
TID2013,0.504504,3.660972,-0.622701,45.6138,8.668283
TID2013,0.361111,16.116275,17.434319,-34.4664,32.011696
TID2013,0.305556,15.142390,16.645510,-35.8233,23.579168
TID2013,0.253087,27.977244,29.586658,-61.7586,40.196888
TID2013,0.648148,3.216679,-4.422998,42.2145,26.852379
TID2013,0.606349,4.822430,4.192034,35.5746,21.799788
TID2013,0.588589,8.020276,17.087374,-5.2782,40.900524
TID2013,0.574074,13.730444,32.844936,-27.3596,59.787876
TID2013,0.487654,17.794156,39.068356,-51.1107,65.539711
TID2013,0.354354,12.220621,31.871172,-38.7732,53.228546
TID2013,0.376543,15.695507,37.350357,-47.3737,63.464794
TID2013,0.388889,17.054421,40.629620,-52.1702,73.374077
TID2013,0.408409,16.097021,40.409306,-55.1964,87.449722
TID2013,0.388889,15.212631,33.129028,-37.3502,82.380150
TID2013,0.678679,0.235348,-14.367504,88.2575,4.821074
TID2013,0.657658,0.433906,-14.839739,78.3923,7.968977
TID2013,0.632716,1.695379,-4.581573,49.9138,16.073465
TID2013,0.549550,2.006840,-8.679175,33.1201,23.448412
TID2013,0.507508,7.845078,4.602354,-20.0718,31.683466
TID2013,0.621621,2.058413,-4.585344,71.2243,6.308300
TID2013,0.750000,5.897569,4.591363,42.9159,11.967354
TID2013,0.482540,6.844054,10.796183,13.9426,16.063421
TID2013,0.759760,14.235357,14.270182,-9.5193,23.406103
TID2013,0.357358,21.398296,25.534447,-59.2959,33.422157
TID2013,0.506173,1.178207,-9.447331,72.1121,16.057976
TID2013,0.474474,1.963529,-6.277638,62.0987,23.586075
TID2013,0.398148,3.475861,-5.126952,47.4830,32.178001
TID2013,0.382353,6.028592,-7.100176,29.4784,40.520313
TID2013,0.390390,9.153683,-32.079700,10.0088,51.067963
TID2013,0.627628,1.657498,-3.489829,69.5264,4.464289
TID2013,0.567901,2.628789,2.616562,57.9222,5.810992
TID2013,0.516517,4.324759,9.632880,42.8648,7.268446
TID2013,0.441270,6.896925,18.334198,22.4994,11.274271
TID2013,0.402402,10.505222,28.913078,1.5501,14.999076
TID2013,0.669841,1.042939,-10.957067,75.9007,3.048670
TID2013,0.621621,1.807195,-7.909991,65.5523,4.400877
TID2013,0.594594,3.411229,-1.921880,49.5965,5.316464
TID2013,0.543210,7.550501,6.293799,18.2615,7.803762
TID2013,0.404321,18.572275,17.936913,-36.4211,16.796572
TID2013,0.633633,2.151338,-5.796127,64.1849,3.558721
TID2013,0.601852,3.623189,1.779127,48.0402,5.656322
TID2013,0.489490,6.388921,8.062023,22.8562,7.945724
TID2013,0.429012,10.947489,16.464783,-6.9590,13.345126
TID2013,0.294294,19.803777,29.619156,-46.9559,17.776524
TID2013,0.618619,1.602869,-6.863334,68.9191,7.386170
TID2013,0.600601,2.584202,-1.719673,52.2550,12.595484
TID2013,0.543543,5.827726,7.614298,23.1602,16.259281
TID2013,0.405406,11.333067,23.765621,-9.5874,40.028557
TID2013,0.280864,19.313856,31.388117,-40.9628,42.669476
TID2013,0.651651,1.325800,-3.713394,76.8586,3.202963
TID2013,0.648649,2.723787,6.957839,62.5146,5.890952
TID2013,0.660661,4.283911,15.301011,48.8521,9.055439
TID2013,0.585586,7.594957,20.325357,23.4754,15.492911
TID2013,0.306307,19.313035,33.208675,-39.3406,31.699835
TID2013,0.657658,1.715550,-7.583238,69.6332,2.985661
TID2013,0.608024,3.170742,-2.624205,53.2688,4.514267
TID2013,0.514286,5.986785,3.016292,27.6414,6.815998
TID2013,0.320634,12.749803,13.179345,-20.5668,14.432485
TID2013,0.064814,29.509885,30.419888,-63.8916,36.004654
TID2013,0.660661,1.900760,-4.514928,67.5443,3.908430
TID2013,0.552469,3.223954,0.763525,53.5316,4.818573
TID2013,0.532163,5.507575,8.006317,34.2557,6.544118
TID2013,0.459877,9.140029,18.317041,10.2343,9.149674
TID2013,0.418129,14.560867,32.405060,-16.1927,11.996172
TID2013,0.675676,0.869283,-6.496336,82.4194,2.281924
TID2013,0.663663,1.425558,-0.884097,74.9302,3.759345
TID2013,0.614036,2.386769,5.812974,64.0015,4.495753
TID2013,0.561403,4.046164,11.894737,48.3861,5.745714
TID2013,0.504504,6.713150,21.220955,28.9924,7.836498
TID2013,0.507508,4.653151,5.778801,32.8802,7.182466
TID2013,0.462462,7.789593,12.497130,5.9800,9.532110
TID2013,0.417418,12.980219,20.410410,-23.8410,13.730051
TID2013,0.345029,21.243353,30.431965,-51.7399,19.064779
TID2013,0.301170,31.821879,42.751968,-63.6433,27.874628
TID2013,0.657658,1.046898,-6.562270,77.8759,4.133063
TID2013,0.614036,1.517100,-3.397586,71.4276,5.864441
TID2013,0.578948,2.397060,3.463951,61.9016,9.240927
TID2013,0.522522,3.933318,11.298090,47.7274,14.318745
TID2013,0.420420,6.295510,21.050089,27.0330,21.199228
TID2013,0.627628,1.154946,-6.863939,75.7589,3.362484
TID2013,0.645646,1.915563,-2.534863,66.3582,4.540049
TID2013,0.578948,4.472103,6.794256,44.0148,7.270325
TID2013,0.483483,10.197408,26.066046,11.4043,11.482844
TID2013,0.406432,21.153917,60.704266,-31.3852,18.459723
TID2013,0.564564,2.497534,0.038090,51.2890,12.616463
TID2013,0.535088,5.258498,6.614028,36.2273,15.298783
TID2013,0.495496,8.148765,11.596872,18.7790,18.693613
TID2013,0.453453,12.054659,18.752296,-0.5396,20.388741
TID2013,0.416667,18.649350,30.348589,-25.4645,24.410269
TID2013,0.521604,3.984210,5.269992,43.8125,7.080270
TID2013,0.488304,6.292873,11.946359,21.2873,13.378023
TID2013,0.464912,12.317596,15.423711,-20.0910,15.965171
TID2013,0.354354,17.504841,22.826689,-43.9314,22.542282
TID2013,0.336420,26.655288,30.711233,-61.6483,28.328917
TID2013,0.687134,1.788584,-6.169906,83.8164,8.277445
TID2013,0.608187,4.168011,0.644218,70.8047,14.742211
TID2013,0.502924,8.816508,8.171504,49.6979,25.315619
TID2013,0.400584,15.583586,16.459253,18.9743,39.561428
TID2013,0.308642,24.822881,26.791817,-24.4886,55.293873
TID2013,0.701754,2.298251,-4.476167,61.6365,3.741766
TID2013,0.614198,3.526645,-1.164187,47.7542,4.851079
TID2013,0.526316,6.597778,4.154301,19.1747,10.194016
TID2013,0.381381,11.745798,9.864372,-14.6789,15.647577
TID2013,0.250793,21.183611,28.621174,-50.0633,33.020096
TID2013,0.675676,1.039331,-11.281524,77.9147,2.750878
TID2013,0.654971,1.871730,-8.276444,66.6738,3.542975
TID2013,0.567251,4.854744,2.418534,33.8936,6.634760
TID2013,0.345029,13.421562,13.050673,-31.2954,13.115026
TID2013,0.248538,26.104449,22.167404,-60.9550,19.064323
TID2013,0.600601,2.723433,-4.526524,56.8994,4.202664
TID2013,0.519520,6.041621,3.098617,23.2335,7.379215
TID2013,0.308642,15.074466,14.582408,-33.8124,17.578928
TID2013,0.216374,23.198701,29.045322,-58.1186,35.478821
TID2013,0.090643,38.830685,43.096668,-64.8086,54.015205
TID2013,0.611111,3.211832,-0.386263,51.0860,8.212846
TID2013,0.561403,4.638607,12.808716,41.1065,16.972794
TID2013,0.405406,8.499495,7.567597,20.5798,27.044226
TID2013,0.342106,17.550503,29.309563,-42.1710,71.995544
TID2013,0.342342,25.498219,36.889130,-48.8256,115.669952
TID2013,0.597598,5.051846,3.042234,21.8327,13.019960
TID2013,0.507508,5.870171,4.117069,21.0960,8.074345
TID2013,0.359649,14.730804,13.758242,-31.9937,17.550182
TID2013,0.314814,25.955368,26.373915,-59.9772,38.009151
TID2013,0.444444,12.599647,28.064707,-34.8049,40.776024
TID2013,0.616959,5.217670,5.375793,22.6663,29.700520
TID2013,0.684210,3.477481,-2.386353,46.8029,29.607574
TID2013,0.504504,6.183373,8.812471,22.2553,46.249401
TID2013,0.497076,8.878220,20.642124,-2.8197,52.668461
TID2013,0.396397,13.675363,33.764648,-32.7615,68.900955
TID2013,0.388889,14.104727,35.807529,-43.6023,56.515217
TID2013,0.390477,17.404246,40.641399,-49.1146,65.634827
TID2013,0.406432,17.349357,42.727978,-49.0359,78.729492
TID2013,0.453217,15.405414,36.657379,-50.5815,98.275627
TID2013,0.504762,15.560554,42.196651,-42.3025,84.510406
TID2013,0.725147,0.198335,-15.472697,90.2052,4.770328
TID2013,0.699700,1.162995,-8.629662,72.5997,7.889721
TID2013,0.672514,0.953358,-11.650040,64.4196,16.311834
TID2013,0.679012,5.227503,-2.383938,22.6864,24.000950
TID2013,0.630631,2.858386,-5.308708,19.8902,33.870361
TID2013,0.695907,2.017439,-3.888491,73.7885,8.144528
TID2013,0.757310,5.759561,4.536734,44.4794,10.431651
TID2013,0.534534,6.341524,13.636517,24.5174,20.905005
TID2013,0.695907,14.340644,10.233612,-9.0874,21.215031
TID2013,0.447369,18.332524,30.145922,-48.6812,42.730015
TID2013,0.627628,0.886101,-9.096572,74.2425,12.760695
TID2013,0.594594,1.489425,-5.847781,63.8795,18.223743
TID2013,0.555556,2.536677,-2.367626,49.9293,24.817196
TID2013,0.498499,4.533722,-0.821200,30.5147,33.664078
TID2013,0.477478,7.872937,-2.436821,5.2853,45.086952
TID2013,0.636637,2.241937,-3.400331,62.7619,4.722908
TID2013,0.612612,3.790546,2.581049,46.9746,6.962476
TID2013,0.588589,6.291136,9.610713,27.0251,8.976256
TID2013,0.523392,10.503797,20.953579,2.3135,11.663915
TID2013,0.447369,16.520920,33.061359,-25.0818,16.237295
TID2013,0.620370,1.682778,-8.786439,68.1869,3.564283
TID2013,0.586420,3.686707,-2.333198,47.4814,5.056297
TID2013,0.492492,8.789557,5.871531,6.4928,8.557622
TID2013,0.400584,21.497926,17.793755,-51.4468,19.393414
TID2013,0.311729,41.335036,38.072704,-64.9192,30.873049
TID2013,0.573099,3.130356,-1.598525,50.9277,4.539401
TID2013,0.549550,5.549881,4.930168,26.8704,6.880368
TID2013,0.447369,9.239437,11.815501,-1.4944,9.694907
TID2013,0.336420,15.307182,22.090099,-30.6950,15.209521
TID2013,0.222222,26.046400,39.924355,-59.4934,39.266033
TID2013,0.583333,2.062836,-5.112761,58.5198,10.989264
TID2013,0.570176,3.078010,-0.241442,46.8461,10.437121
TID2013,0.507508,6.172249,7.201767,17.2260,14.755076
TID2013,0.388889,12.666429,22.830473,-16.1992,39.794903
TID2013,0.291291,20.658233,35.979179,-37.3962,45.073067
TID2013,0.672672,1.550331,-2.180749,72.2206,4.252757
TID2013,0.687134,3.488901,13.143262,49.3781,9.204977
TID2013,0.543860,7.471327,18.308304,19.3572,12.776002
TID2013,0.354354,14.415286,31.182701,-26.3449,27.280476
TID2013,0.245614,25.723782,49.326649,-60.8269,50.138985
TID2013,0.651651,3.040748,-3.153955,54.0800,4.195197
TID2013,0.486487,6.051383,2.947055,26.8291,6.892338
TID2013,0.342106,12.245164,13.088390,-17.7914,17.628065
TID2013,0.219298,23.655075,28.134792,-58.8177,34.465942
TID2013,0.045046,39.553084,45.290462,-65.0374,49.726200
TID2013,0.614987,1.264500,-6.121893,76.8440,2.730194
TID2013,0.602778,1.993557,-0.695322,67.2374,4.352397
TID2013,0.563308,3.230527,5.297928,53.5207,5.102180
TID2013,0.532300,5.239518,11.590545,34.8920,7.155653
TID2013,0.447090,8.437820,21.650597,10.9495,8.859540
TID2013,0.589947,0.704898,-6.705822,85.8845,1.739671
TID2013,0.615177,1.081527,-2.237306,80.3116,2.343353
TID2013,0.625323,1.699383,4.124106,72.2053,3.344968
TID2013,0.600529,2.720337,8.899819,60.6745,4.459862
TID2013,0.518519,4.434140,13.094425,43.4374,6.147046
TID2013,0.571429,2.994546,1.639806,55.0726,5.073385
TID2013,0.563492,4.804256,10.164402,35.7493,6.498286
TID2013,0.462963,7.878599,17.935801,9.5153,8.650392
TID2013,0.407408,12.769548,27.539602,-20.5961,14.919620
TID2013,0.306878,19.948617,40.106251,-49.1187,19.282017
TID2013,0.636857,0.804297,-7.860821,85.4428,2.570758
TID2013,0.608333,1.099328,-5.610599,81.4342,3.710205
TID2013,0.617571,1.644634,-0.709400,74.4627,6.027974
TID2013,0.604336,2.459598,3.364698,64.8299,9.929770
TID2013,0.547619,3.952802,10.560611,49.0910,16.892130
TID2013,0.595238,0.820636,-7.538694,81.9863,2.793708
TID2013,0.560847,1.271193,-3.539507,75.0400,3.725475
TID2013,0.612403,2.702576,3.773892,57.3227,5.675486
TID2013,0.462963,5.994851,16.370548,27.0383,9.374187
TID2013,0.343916,13.862955,41.727997,-25.0610,15.526142
TID2013,0.505556,2.250598,-1.081154,45.9732,10.036933
TID2013,0.472868,3.321293,6.862406,27.1581,12.663398
TID2013,0.407408,4.746395,15.411054,7.2414,13.304937
TID2013,0.382429,7.232318,22.210472,-15.9252,15.786755
TID2013,0.343916,11.280826,27.406460,-41.7777,21.946625
TID2013,0.636111,1.636212,-4.722631,72.8381,5.950921
TID2013,0.590786,2.817413,3.184602,60.2433,9.182634
TID2013,0.515873,4.857435,10.620308,39.5887,9.395056
TID2013,0.379403,9.828823,18.084208,2.3695,12.229453
TID2013,0.314363,21.616063,29.544163,-55.5367,21.011238
TID2013,0.534391,1.591442,-6.684858,73.6340,7.336868
TID2013,0.439153,3.476902,-3.350567,53.5448,12.755019
TID2013,0.346883,7.665787,3.829600,22.5108,22.169994
TID2013,0.286822,15.520559,12.049639,-20.3309,35.528004
TID2013,0.193122,27.484003,23.604031,-59.0671,51.712116
TID2013,0.563686,2.018120,-3.083683,66.7238,2.622230
TID2013,0.529716,3.565614,2.261140,49.2867,3.649302
TID2013,0.354006,7.857212,7.257215,12.0769,6.823688
TID2013,0.240741,16.085106,13.146024,-34.2902,12.766744
TID2013,0.054200,32.323840,28.204462,-64.1384,24.598448
TID2013,0.609819,1.114737,-12.258854,76.1863,2.987670
TID2013,0.607236,2.106234,-7.729267,64.6989,3.453543
TID2013,0.497222,4.932618,1.716548,37.5264,4.902568
TID2013,0.361757,13.524903,12.595413,-21.6033,9.016642
TID2013,0.129199,27.239178,23.529774,-62.4439,15.342838
TID2013,0.591731,0.969244,-11.693509,79.5006,2.206906
TID2013,0.591731,1.671476,-8.550520,70.8191,2.873470
TID2013,0.521164,3.069770,-4.053020,56.0603,3.881011
TID2013,0.483204,6.031610,2.327615,29.4508,6.124439
TID2013,0.264550,17.515154,14.331984,-41.8623,13.607853
TID2013,0.581396,1.929204,-7.730881,67.3231,11.354385
TID2013,0.604651,3.237369,-5.168549,53.2882,12.158386
TID2013,0.568476,7.518001,5.201894,-0.3605,34.994759
TID2013,0.584656,5.395473,-1.111455,35.7304,15.085832
TID2013,0.560847,8.168777,4.662950,18.0875,16.316046
CID22,0.329467,3.567462,-1.957149,48.6088,4.797246
CID22,0.440019,3.231272,-2.697678,51.2519,5.433594
CID22,0.491262,2.830882,-2.783291,56.6639,4.747573
CID22,0.493425,2.667242,-4.731281,58.3552,4.055723
CID22,0.503882,3.128881,-2.877021,53.5136,5.298673
CID22,0.519308,3.343869,-3.144857,50.0894,5.460590
CID22,0.522156,3.384950,-1.391250,51.4233,5.166808
CID22,0.530874,2.628444,-3.953700,58.6208,5.192225
CID22,0.531676,2.918559,-3.143211,54.7871,4.530331
CID22,0.538192,3.161989,-2.797958,54.2165,4.645076
CID22,0.575617,2.158777,-6.450101,64.2149,4.117675
CID22,0.584276,2.309220,-4.913810,62.5280,3.507854
CID22,0.601076,2.723953,-3.997032,57.4826,4.677393
CID22,0.603361,2.237940,-5.230853,63.2402,3.619269
CID22,0.612419,2.541083,-4.908185,61.2235,4.062635
CID22,0.616426,2.549605,-3.899520,59.0831,3.733032
CID22,0.618440,2.605723,-3.838978,59.8635,4.171225
CID22,0.620621,2.329764,-5.235086,62.3218,4.729475
CID22,0.632358,2.171683,-5.633197,64.1324,3.794955
CID22,0.636636,1.773312,-7.440554,68.7724,3.838546
CID22,0.659436,2.344038,-4.745065,61.8814,5.090652
CID22,0.666716,2.013506,-5.992882,65.9429,3.345140
CID22,0.675077,2.187966,-6.405591,65.4069,3.507553
CID22,0.683593,1.876774,-6.202748,67.1313,4.660287
CID22,0.684999,1.824046,-7.200110,69.2051,3.415342
CID22,0.685203,1.949749,-6.415938,66.8822,3.855110
CID22,0.688787,2.003365,-5.958851,65.5593,3.524537
CID22,0.692705,1.570728,-8.503662,71.7832,3.020508
CID22,0.699462,2.097670,-5.623914,64.9135,4.405522
CID22,0.701050,2.133051,-5.911920,65.6983,3.941373
CID22,0.713092,1.602724,-7.136710,70.5958,4.422457
CID22,0.714707,1.801539,-7.222868,69.8621,3.068895
CID22,0.717807,1.713640,-7.110606,69.8996,3.047076
CID22,0.718652,1.608318,-7.726697,71.5496,3.070604
CID22,0.719352,1.647202,-7.493546,72.0963,2.823739
CID22,0.727053,1.377846,-8.962274,73.8003,2.847790
CID22,0.731922,1.705170,-6.746875,69.6171,3.691975
CID22,0.738760,1.681648,-7.070149,71.0426,3.175277
CID22,0.738810,1.599945,-7.331040,70.8873,3.043110
CID22,0.740098,1.546140,-7.332809,71.3757,2.997247
CID22,0.742513,1.564770,-7.708795,72.0608,3.283759
CID22,0.750724,1.695546,-7.511942,70.9554,2.977271
CID22,0.753050,1.438135,-8.499999,74.0749,2.765817
CID22,0.754029,1.431619,-8.599382,74.3874,2.796275
CID22,0.768568,1.151495,-10.130773,76.5852,3.355994
CID22,0.769118,1.452576,-7.707592,72.7819,3.001997
CID22,0.769394,1.462807,-7.974336,73.2112,3.001781
CID22,0.770171,1.459428,-7.558122,72.7348,4.092526
CID22,0.783831,1.334233,-8.216054,75.1543,2.535545
CID22,0.785150,1.273840,-9.686079,76.3699,2.608772
CID22,0.785828,1.292141,-8.452318,76.3306,2.425306
CID22,0.786128,1.388506,-8.093699,73.8933,2.818693
CID22,0.787730,1.216114,-9.645329,76.7082,2.391295
CID22,0.789276,1.281084,-8.011565,74.8535,3.184583
CID22,0.794030,1.431036,-8.259842,73.9860,3.007828
CID22,0.798532,1.254212,-8.118878,75.3075,2.500572
CID22,0.802234,0.872787,-11.441096,80.4308,2.405863
CID22,0.813157,1.124410,-8.540315,77.3283,2.478154
CID22,0.813296,1.044554,-10.845607,79.0196,2.157372
CID22,0.817342,1.089235,-9.079886,79.0232,2.152210
CID22,0.817625,1.279661,-8.730580,75.8657,3.082198
CID22,0.817944,1.049676,-10.344539,79.2435,1.930187
CID22,0.820397,1.028016,-8.688211,79.3159,2.254687
CID22,0.827655,1.223734,-8.523474,76.1430,2.903912
CID22,0.829612,1.108002,-8.501832,77.4794,2.306796
CID22,0.836305,1.035057,-8.695052,78.7039,2.623752
CID22,0.840075,0.725226,-12.151894,82.9596,2.120280
CID22,0.844065,1.138054,-9.376647,77.8576,2.527919
CID22,0.848202,0.928064,-11.673686,80.9709,1.949494
CID22,0.854110,0.802201,-11.465955,82.6879,1.655455
CID22,0.856416,0.920447,-8.806620,81.6657,1.795337
CID22,0.856882,0.895957,-9.175437,81.8193,1.904792
CID22,0.858218,1.002840,-8.559069,79.2239,2.408688
CID22,0.864861,1.080162,-8.849203,78.1119,2.552497
CID22,0.865306,0.926356,-8.940504,80.4217,2.549678
CID22,0.867325,1.086182,-9.769277,78.8991,2.510797
CID22,0.869258,0.466551,-13.390525,87.7091,1.894343
CID22,0.872814,0.583677,-12.356192,86.1396,1.337086
CID22,0.874085,0.733693,-12.129580,83.2246,1.685589
CID22,0.875229,0.765616,-9.438461,83.0972,1.846765
CID22,0.877767,0.976121,-10.135304,80.3179,2.517575
CID22,0.878174,0.471110,-11.413693,88.7496,1.390531
CID22,0.879344,0.758897,-9.480486,83.2743,2.329142
CID22,0.879503,0.532916,-10.306997,87.7284,1.546958
CID22,0.879768,0.958235,-9.177415,80.0789,2.473437
CID22,0.881856,0.279145,-14.609180,91.0637,1.193609
CID22,0.884868,0.343702,-13.798722,90.4363,0.883364
CID22,0.886955,0.572809,-9.948846,86.3773,1.747155
CID22,0.889513,0.846352,-11.029368,82.5242,2.247177
CID22,0.895437,0.741027,-9.844228,83.2693,1.941991
CID22,0.364475,4.429991,5.119899,42.6810,10.633248
CID22,0.396795,4.454845,7.823128,43.7839,10.344090
CID22,0.407125,3.834639,1.770906,48.0280,9.313756
CID22,0.420300,3.591036,2.171671,50.6433,9.321918
CID22,0.430843,3.770711,2.278216,48.2045,11.535268
CID22,0.430850,3.347938,1.878911,51.7475,6.716361
CID22,0.450771,3.419463,-0.490385,50.9845,9.044440
CID22,0.451289,3.633695,4.019690,51.2417,9.317697
CID22,0.462913,3.984896,0.792467,44.8341,9.277164
CID22,0.464170,3.839575,0.609922,47.5276,7.709556
CID22,0.469791,2.882014,-1.448053,57.6693,8.011668
CID22,0.474282,3.172433,1.251050,55.5379,8.612100
CID22,0.482645,3.213017,0.991405,55.4649,8.818076
CID22,0.485844,3.036831,0.735331,54.7618,5.450253
CID22,0.488780,3.383161,3.443757,53.7998,9.529150
CID22,0.489771,2.922145,-2.313480,56.4404,9.596624
CID22,0.493847,3.395777,-0.742161,51.2395,9.152218
CID22,0.498735,2.808821,-1.055271,59.0647,7.596331
CID22,0.498784,3.161550,-1.146506,55.0137,6.716709
CID22,0.508421,2.863913,-0.788623,58.8426,8.045588
CID22,0.512242,2.600910,-1.945768,61.0914,7.012423
CID22,0.515782,2.754977,-2.344178,58.8203,8.474514
CID22,0.516097,2.319199,-4.234348,62.6122,4.841445
CID22,0.517006,2.585647,-0.749827,62.1116,6.544584
CID22,0.517974,3.083732,-1.594716,55.2330,9.300647
CID22,0.521000,2.588958,-1.192288,59.3984,4.603804
CID22,0.523334,2.577823,-2.233286,62.1356,7.587836
CID22,0.526534,2.510901,-3.348563,62.2709,7.599061
CID22,0.529207,2.615789,-1.833668,61.2565,6.832297
CID22,0.530548,2.529123,-1.523429,63.0947,7.240520
CID22,0.536218,2.371546,-2.273465,64.6657,6.125090
CID22,0.536689,2.759943,-2.703023,59.0046,8.089904
CID22,0.539628,2.399775,-4.176122,63.4717,7.589921
CID22,0.543258,2.412494,-3.632762,63.6476,7.640330
CID22,0.546430,2.354238,-4.247624,64.0127,7.523644
CID22,0.546630,2.316215,-3.354735,65.3513,7.611362
CID22,0.563517,2.423096,-2.149021,63.7083,6.529675
CID22,0.565872,1.925068,-5.564477,67.8187,3.909218
CID22,0.568717,2.231238,-3.280501,66.2115,5.964950
CID22,0.574288,2.003748,-5.164270,66.0917,3.960629
CID22,0.575329,2.479299,-3.414678,62.9464,7.048677
CID22,0.582611,2.107169,-2.870198,66.9302,5.836582
CID22,0.603075,2.214763,-5.121616,65.8162,7.334242
CID22,0.606176,1.835278,-6.863735,68.6462,3.819674
CID22,0.615884,2.225900,-5.093846,65.9384,7.362746
CID22,0.622349,1.963421,-5.728728,69.6966,7.290482
CID22,0.627764,2.217248,-4.860505,66.3562,7.276967
CID22,0.631734,1.734562,-6.573544,70.5187,4.558261
CID22,0.632216,2.055600,-3.921964,68.0414,6.708591
CID22,0.635862,1.813873,-6.234449,70.0968,5.707203
CID22,0.648822,1.808431,-3.501558,70.5383,6.003057
CID22,0.651648,1.609924,-7.708758,71.5812,2.921230
CID22,0.670754,2.081040,-6.079047,67.6310,7.854434
CID22,0.678001,2.071667,-5.410679,68.4784,7.189851
CID22,0.679661,1.538594,-7.413840,73.1289,3.325248
CID22,0.695155,1.590080,-9.434275,73.4743,5.500615
CID22,0.697247,1.605129,-7.118128,72.6863,4.805647
CID22,0.697762,1.345744,-9.361356,74.6475,2.744259
CID22,0.698215,1.912441,-5.566740,70.2076,6.947400
CID22,0.705587,1.882099,-6.589147,71.1199,7.042462
CID22,0.711580,1.545926,-4.620896,74.1054,5.751974
CID22,0.719352,2.014148,-6.546560,68.4906,7.630059
CID22,0.733479,1.944853,-6.307725,70.1238,7.537856
CID22,0.733482,1.474030,-7.681257,73.8648,3.421229
CID22,0.752262,1.138516,-9.699324,77.9376,2.529436
CID22,0.772817,1.445637,-10.254988,75.7303,5.413394
CID22,0.772931,1.765692,-6.587392,72.0296,6.356333
CID22,0.781831,1.930396,-7.085521,69.3863,7.034099
CID22,0.787079,1.399285,-7.976439,74.8111,2.952851
CID22,0.794923,1.881522,-6.968377,71.0963,6.794734
CID22,0.796498,1.791624,-6.892693,72.0812,6.930773
CID22,0.797742,1.383529,-8.188679,75.1361,4.768894
CID22,0.800122,1.423274,-4.833309,76.0237,5.504228
CID22,0.809877,0.880437,-10.998995,81.9430,1.965807
CID22,0.822803,1.249345,-8.543622,76.8905,2.980504
CID22,0.833401,1.716121,-8.054775,72.8875,6.922022
CID22,0.835314,1.815873,-8.057912,70.8346,7.571954
CID22,0.835782,0.515259,-12.593885,85.9467,2.267998
CID22,0.839081,1.655550,-8.337964,73.9781,7.036331
CID22,0.839709,1.156631,-6.748435,79.3779,5.409343
CID22,0.839734,0.650594,-12.742097,85.7816,1.876749
CID22,0.840389,1.587414,-8.344953,74.0742,6.543496
CID22,0.842036,1.131956,-9.251848,78.5776,3.063771
CID22,0.849942,1.607675,-8.818402,74.5599,6.924263
CID22,0.853427,1.076172,-9.728681,79.4235,2.628905
CID22,0.855037,0.328601,-13.257396,89.6990,1.435344
CID22,0.859731,1.565897,-8.914063,75.2571,6.819384
CID22,0.864244,0.382111,-13.594746,90.0399,1.136710
CID22,0.866728,0.962678,-10.336636,80.8421,2.602078
CID22,0.888468,0.864602,-11.068953,82.5636,2.366172
CID22,0.428717,3.301698,-1.590084,49.0309,6.290411
CID22,0.462179,2.533526,-4.072985,56.4662,6.654121
CID22,0.490933,2.719451,-3.274762,56.9077,5.349709
CID22,0.521864,2.496425,-4.004190,57.8818,5.985908
CID22,0.522338,2.972102,-2.982515,52.9448,6.430519
CID22,0.523216,2.912561,-2.605586,53.4830,7.309893
CID22,0.530807,2.490225,-2.727866,60.2459,5.202723
CID22,0.533235,2.143766,-4.111997,62.2894,4.976749
CID22,0.566478,2.313489,-4.513569,59.4460,5.550559
CID22,0.566725,2.199600,-3.873564,62.2496,4.837184
CID22,0.569649,2.712849,-3.190256,56.5653,6.214835
CID22,0.597309,2.482608,-4.098211,59.4788,5.183636
CID22,0.608283,2.485297,-3.891796,59.0879,5.011077
CID22,0.625125,2.035043,-5.615033,63.7216,5.413819
CID22,0.627067,2.022038,-4.725609,66.1679,5.118382
CID22,0.637010,1.795240,-4.575127,66.4432,4.342982
CID22,0.639279,2.052971,-4.773624,63.4972,4.116451
CID22,0.644732,1.937731,-4.987957,66.0827,4.480805
CID22,0.651507,2.141864,-4.334381,62.7676,4.882680
CID22,0.655638,2.215015,-4.164846,62.5812,5.066405
CID22,0.657843,2.238916,-4.508607,62.6600,5.515722
CID22,0.669749,1.761916,-5.872217,68.9566,4.828696
CID22,0.679430,1.540257,-7.828755,70.7061,4.315625
CID22,0.683115,1.738326,-6.730093,67.5002,5.025352
CID22,0.690916,1.910902,-4.892260,66.4546,4.044480
CID22,0.698916,1.606652,-5.218125,69.5805,3.684304
CID22,0.701428,1.714315,-5.775653,69.1918,4.120225
CID22,0.701674,1.926467,-5.796930,66.4883,4.664854
CID22,0.708292,1.790872,-5.489787,68.3446,4.728058
CID22,0.712081,1.420522,-5.829448,72.2015,6.003257
CID22,0.716071,1.485650,-7.224635,72.7251,3.921294
CID22,0.722784,1.626973,-5.673399,70.0749,3.677995
CID22,0.729379,1.555053,-6.389645,70.9515,3.520425
CID22,0.729998,1.549988,-7.434662,70.2456,4.890378
CID22,0.732701,1.352747,-6.320140,73.2283,2.950145
CID22,0.733848,1.650548,-6.119447,69.8013,3.952686
CID22,0.735703,1.369572,-8.433620,72.4055,3.345650
CID22,0.742387,1.411201,-6.452199,72.4617,3.063535
CID22,0.747282,1.267763,-6.534938,74.6595,3.002861
CID22,0.751646,1.322742,-7.950172,74.7735,3.318680
CID22,0.751790,1.373792,-6.346693,74.1351,3.538122
CID22,0.772319,1.306849,-6.686135,74.4344,3.170996
CID22,0.785626,1.234966,-9.097976,75.3362,3.013646
CID22,0.800066,1.206791,-7.088778,76.7360,2.709828
CID22,0.800904,1.385941,-8.173326,72.7900,4.954867
CID22,0.801135,1.115956,-7.393618,77.1075,2.625015
CID22,0.802929,1.204881,-7.873278,75.6392,2.970328
CID22,0.807118,1.177929,-7.062031,76.6258,2.819247
CID22,0.810787,1.175735,-9.226169,76.9895,3.287073
CID22,0.811516,1.153796,-7.302230,76.6597,2.929923
CID22,0.821828,1.172757,-9.433196,75.5951,4.541673
CID22,0.822083,1.042401,-10.064203,77.7879,2.865705
CID22,0.824698,1.058141,-7.427444,78.3742,2.659058
CID22,0.830947,0.917256,-8.093431,80.5853,2.208865
CID22,0.834652,1.035456,-7.538148,78.6364,3.000223
CID22,0.837700,1.014428,-7.875137,79.1357,2.440358
CID22,0.848478,1.018570,-10.395660,80.0678,2.674240
CID22,0.848938,0.931980,-10.817090,79.3318,3.897648
CID22,0.849290,0.943539,-8.033442,80.1563,2.244021
CID22,0.849958,0.945017,-10.563460,79.8014,2.328390
CID22,0.850934,1.007011,-8.503929,78.9850,2.556999
CID22,0.858809,0.951664,-7.781410,79.7380,2.547059
CID22,0.862881,0.820329,-8.548872,82.6510,2.227474
CID22,0.864208,0.930106,-8.099174,80.3309,2.250415
CID22,0.873934,0.792336,-11.632480,81.9609,3.834911
CID22,0.880934,0.756434,-9.139868,83.0703,1.928344
CID22,0.881339,0.874987,-10.894448,81.9612,2.322442
CID22,0.883267,0.842968,-8.143408,81.4384,2.574306
CID22,0.885324,0.729891,-11.681364,83.2525,1.886948
CID22,0.890132,0.850263,-9.065453,81.6880,2.282133
CID22,0.892817,0.495230,-12.620555,86.4533,2.279575
CID22,0.893099,0.498874,-9.899099,87.7659,1.278124
CID22,0.893129,0.713435,-9.081912,84.1972,2.034450
CID22,0.894342,0.695104,-8.841821,83.9713,1.811412
CID22,0.895313,0.734302,-11.493096,83.8482,2.012871
CID22,0.895383,0.556390,-10.153001,86.6896,1.483304
CID22,0.895753,0.529299,-12.895629,86.8056,1.429938
CID22,0.898714,0.547681,-9.920511,86.6635,1.454366
CID22,0.898810,0.328934,-13.846997,90.4678,1.551687
CID22,0.899412,0.491917,-11.133505,87.2679,1.224811
CID22,0.901819,0.318178,-14.072619,90.7363,1.068575
CID22,0.358233,2.974669,-0.584473,54.2080,6.758830
CID22,0.402841,2.347254,-1.671741,60.3822,5.288134
CID22,0.473535,2.251859,-3.545958,62.0749,5.516178
CID22,0.503034,2.811534,-1.573219,56.7830,6.857090
CID22,0.503394,2.803550,0.288765,57.0067,6.936321
CID22,0.511314,2.744053,-2.263473,55.0204,6.594606
CID22,0.528370,2.824322,-1.239514,57.4371,6.896155
CID22,0.533747,2.103652,-2.734223,63.3446,4.894573
CID22,0.559665,2.088359,-4.098395,63.5833,6.335409
CID22,0.561488,2.701919,-0.284850,56.1074,7.374485
CID22,0.565650,1.845861,-5.901342,67.8209,6.439292
CID22,0.582264,2.312500,-3.362650,60.9905,6.347541
CID22,0.586590,2.304625,-2.744512,62.7783,6.164212
CID22,0.588045,2.139950,-2.311217,64.5869,6.230364
CID22,0.600267,2.293727,-2.028217,61.9838,6.706802
CID22,0.607550,1.743744,-5.359289,68.9517,5.841615
CID22,0.610580,1.858474,-4.921913,66.5702,3.918034
CID22,0.612825,2.208445,-3.697839,64.0743,5.755968
CID22,0.626591,2.005830,-4.062816,64.7988,6.623863
CID22,0.628148,1.632202,-7.132111,70.8469,5.956365
CID22,0.638847,2.019593,-3.028416,64.8635,5.715718
CID22,0.640317,1.933405,-4.256615,66.7898,6.066967
CID22,0.646659,1.551281,-5.868555,71.0099,4.509189
CID22,0.648146,2.058827,-4.029924,65.3412,5.260589
CID22,0.665545,1.353006,-8.987024,75.0093,3.304506
CID22,0.678623,1.833396,-5.366095,68.1192,5.771954
CID22,0.679843,1.840287,-3.913486,67.9623,5.037889
CID22,0.682607,1.460796,-8.129002,73.5498,5.214894
CID22,0.688686,1.814304,-5.175441,69.2841,4.238644
CID22,0.690461,1.361198,-6.487640,74.1585,4.215142
CID22,0.691157,1.663399,-6.962573,71.6010,5.621058
CID22,0.700663,1.777385,-5.318695,69.0518,4.478939
CID22,0.712709,1.197477,-9.280699,76.6403,3.541181
CID22,0.718281,1.515373,-6.330854,72.5655,5.657749
CID22,0.724062,1.526913,-6.547002,72.0263,4.192308
CID22,0.726141,1.333475,-8.876673,75.2300,5.623524
CID22,0.727284,1.286539,-6.860271,75.1545,3.954852
CID22,0.731821,1.441312,-8.839920,74.2795,5.608124
CID22,0.733154,1.462655,-6.445553,73.2919,3.640270
CID22,0.738368,1.644194,-6.055887,70.8382,4.444922
CID22,0.753350,1.279961,-7.270234,75.6016,5.072522
CID22,0.754838,1.078070,-9.471335,78.7782,3.489363
CID22,0.758445,1.259405,-7.034942,76.1979,3.995637
CID22,0.760854,1.300792,-7.137347,74.9312,5.126209
CID22,0.761566,1.121685,-9.734578,78.3620,4.760310
CID22,0.767357,1.240853,-7.289912,76.9489,3.559911
CID22,0.772349,1.279501,-7.826706,76.7582,4.418478
CID22,0.772374,1.330100,-8.916979,75.5918,4.895617
CID22,0.780544,1.145310,-7.718628,77.8203,4.129221
CID22,0.781636,1.209332,-7.699020,77.2416,4.589651
CID22,0.783224,0.928262,-10.278597,80.6063,2.348342
CID22,0.784247,1.182091,-7.723040,77.3691,3.975289
CID22,0.786608,0.853689,-11.281429,82.3837,3.490256
CID22,0.796105,0.973084,-8.267058,80.3672,3.426306
CID22,0.801915,1.158156,-9.946277,78.8371,3.374486
CID22,0.802413,1.103475,-8.220203,79.1316,3.819605
CID22,0.803669,1.028090,-8.101901,79.7419,3.916150
CID22,0.806354,1.083952,-7.967872,79.2781,4.141914
CID22,0.807988,1.078267,-7.944286,79.0354,4.153473
CID22,0.813701,0.830608,-10.266878,82.0216,2.488712
CID22,0.822258,0.747279,-12.134345,83.7517,2.947402
CID22,0.826466,0.886818,-8.406987,81.9224,3.693693
CID22,0.827524,0.973450,-8.450498,80.8060,4.459172
CID22,0.832054,0.976934,-8.555326,80.4359,4.064670
CID22,0.833160,0.969270,-8.922926,81.2888,3.290366
CID22,0.834248,0.974346,-8.493007,80.6725,4.025253
CID22,0.840347,1.045800,-10.412169,79.8644,3.058283
CID22,0.845854,0.653259,-11.583197,85.4383,1.656172
CID22,0.854483,0.878696,-9.030510,82.4178,4.801595
CID22,0.862750,0.829927,-9.484878,83.0571,3.672947
CID22,0.863815,0.393705,-12.615470,89.1869,1.741216
CID22,0.864025,0.821757,-9.385996,83.0523,4.042881
CID22,0.864244,0.596467,-10.019275,85.9681,3.470886
CID22,0.864699,0.490564,-12.314273,88.2013,1.283413
CID22,0.864851,0.885410,-11.133263,81.8586,2.884747
CID22,0.865123,0.677573,-11.423018,85.4906,3.198623
CID22,0.865505,0.757790,-10.141633,84.5569,4.428872
CID22,0.866321,0.686157,-10.661569,85.3856,3.777974
CID22,0.866913,0.666477,-11.188589,85.4220,3.671984
CID22,0.867111,0.277990,-13.814328,91.4874,1.247258
CID22,0.868423,0.312684,-13.543634,91.4153,1.002803
CID22,0.375669,2.943099,-1.738898,51.7194,5.279634
CID22,0.476299,2.558402,-2.461527,57.6163,4.450318
CID22,0.485029,2.375566,-4.413698,58.0402,6.066883
CID22,0.493059,2.209463,-5.254173,60.2485,4.482320
CID22,0.506640,2.701985,-1.954437,56.1039,5.558110
CID22,0.515155,2.812977,-3.005082,54.6430,6.530755
CID22,0.537460,2.151067,-4.573149,60.8111,4.415312
CID22,0.541213,2.031817,-4.928198,63.4881,3.935963
CID22,0.542553,2.093903,-3.977644,63.3202,5.424435
CID22,0.543395,2.585911,-2.269115,58.7132,7.430719
CID22,0.546466,1.807579,-6.496886,65.6022,4.126862
CID22,0.554024,1.953100,-4.389185,63.6973,4.931621
CID22,0.559753,2.223324,-4.089110,61.7269,5.157773
CID22,0.562985,2.198754,-4.190122,62.0445,4.151150
CID22,0.582428,1.912639,-5.354424,63.8340,3.703464
CID22,0.599117,1.835639,-6.846648,67.7333,5.763719
CID22,0.599621,1.837480,-5.942465,66.4745,3.725631
CID22,0.604210,1.520259,-7.434781,69.2881,4.146664
CID22,0.604675,2.022392,-4.947652,64.7052,5.741608
CID22,0.607854,1.870988,-5.291947,66.5118,4.873633
CID22,0.616037,1.891401,-5.191956,65.8940,3.846501
CID22,0.618298,2.091830,-4.463231,64.3872,5.142572
CID22,0.619221,1.671579,-5.134604,67.6173,4.575984
CID22,0.625254,1.389101,-8.154510,71.2842,3.422966
CID22,0.649279,1.578225,-8.248738,71.6185,5.143718
CID22,0.651843,1.721283,-5.692178,68.0452,4.037072
CID22,0.659043,1.334248,-8.096232,71.9003,4.265042
CID22,0.660318,1.677092,-6.025100,69.3777,3.602305
CID22,0.661098,1.431094,-8.070609,71.5222,3.356734
CID22,0.662270,1.474215,-6.165381,70.4431,3.974732
CID22,0.666696,1.415762,-7.010528,72.8776,4.019353
CID22,0.678243,1.284948,-8.807707,73.1349,2.915580
CID22,0.687330,1.686054,-6.166698,69.8447,4.384887
CID22,0.696461,1.465392,-6.580714,72.1285,4.254630
CID22,0.698046,1.423361,-8.785857,74.1085,4.981614
CID22,0.700219,1.339576,-6.911067,72.5286,3.731420
CID22,0.705212,1.588513,-6.238807,70.6990,3.757025
CID22,0.716875,1.298254,-9.276644,73.8208,2.666479
CID22,0.718377,1.213194,-8.694653,73.5935,3.336508
CID22,0.720794,1.147879,-9.306911,75.2806,2.635242
CID22,0.722456,1.197395,-7.778840,75.8370,3.775948
CID22,0.729389,1.257592,-9.610453,76.3276,3.715861
CID22,0.732214,1.292450,-7.091762,74.0446,3.737453
CID22,0.732972,1.251234,-6.980669,74.3631,3.247577
CID22,0.733418,1.360875,-6.846104,74.3258,3.415900
CID22,0.742718,1.276064,-7.621851,74.6271,2.618037
CID22,0.746668,1.008169,-9.602646,76.0853,3.045973
CID22,0.750145,0.972160,-10.236378,78.1185,2.785639
CID22,0.754171,1.218541,-7.512411,74.5326,3.617514
CID22,0.754420,1.255637,-9.609030,76.7408,3.976222
CID22,0.757612,1.095947,-9.557760,76.1149,2.259714
CID22,0.758712,1.083939,-8.123160,77.4250,3.552687
CID22,0.760420,1.122540,-7.809853,76.5930,2.949048
CID22,0.767819,1.090447,-7.663780,78.3305,3.103727
CID22,0.774549,1.092026,-7.831689,76.6204,2.882529
CID22,0.776289,1.168773,-9.617000,77.7211,3.562844
CID22,0.780780,0.818781,-11.107442,79.0852,2.777079
CID22,0.781126,1.016871,-8.449380,77.6640,2.416358
CID22,0.781615,0.893922,-10.848679,80.0309,2.064220
CID22,0.783360,0.997442,-8.221341,77.9919,2.999014
CID22,0.789036,0.951182,-10.502546,77.6240,2.161667
CID22,0.793568,0.981562,-8.697122,79.0943,2.815149
CID22,0.793874,0.864638,-8.272066,81.0878,2.349553
CID22,0.794873,0.966489,-8.060550,78.4320,2.541596
CID22,0.797892,1.063154,-10.221634,79.5747,2.728746
CID22,0.807643,0.703224,-11.537360,81.5029,2.302591
CID22,0.809687,0.912675,-8.532289,79.4213,2.385816
CID22,0.813517,0.707352,-11.332169,82.8904,1.722797
CID22,0.816908,0.869300,-8.852180,79.4307,1.884614
CID22,0.818780,0.916916,-8.230724,79.1380,2.938578
CID22,0.820598,0.985986,-10.700839,80.7652,2.800287
CID22,0.826219,0.784413,-8.744845,82.2564,1.815906
CID22,0.829977,0.850904,-10.812308,78.7728,2.005721
CID22,0.836067,0.875244,-8.719230,80.2280,2.639550
CID22,0.847317,0.824397,-8.651554,80.5561,2.518392
CID22,0.848081,0.398610,-12.989371,88.2257,1.957455
CID22,0.848228,0.739642,-9.117814,82.0678,1.963554
CID22,0.848743,0.530047,-12.452944,85.9047,1.323284
CID22,0.849172,0.939053,-10.788371,81.5185,3.014298
CID22,0.856383,0.590468,-9.991748,83.9311,1.493597
CID22,0.858131,0.698265,-11.259576,82.0937,1.919878
CID22,0.859254,0.504143,-9.893907,86.3262,1.331502
CID22,0.860913,0.708911,-9.331319,82.2306,1.978435
CID22,0.861316,0.842112,-11.262549,82.6376,3.181014
CID22,0.861916,0.701562,-9.297486,82.7603,1.747255
CID22,0.864622,0.592863,-9.684175,84.3282,2.075107
CID22,0.868807,0.270603,-14.046418,90.8336,1.601702
CID22,0.880803,0.737321,-11.734674,84.5936,2.154812
CID22,0.882264,0.567205,-10.108475,84.8719,1.313602
CID22,0.382275,3.202174,-1.151287,50.7256,6.842644
CID22,0.495274,2.708800,-2.626690,52.9618,5.350431
CID22,0.508451,2.862470,-2.052267,56.4900,6.514829
CID22,0.516693,2.391640,-3.981313,60.3094,6.144384
CID22,0.525898,2.983040,-2.447390,54.7748,6.197130
CID22,0.534430,2.350274,-3.872876,61.1618,5.199460
CID22,0.535812,3.173771,-2.418860,51.8755,5.693210
CID22,0.544143,2.853012,0.320420,58.9607,6.667423
CID22,0.566566,2.469135,-2.852598,55.9602,4.627700
CID22,0.582305,1.971961,-5.653532,65.4323,6.004541
CID22,0.583360,2.147588,-4.183945,63.6214,5.091162
CID22,0.585245,2.480223,-3.024798,59.5912,5.742760
CID22,0.590778,2.407154,-3.542271,61.0911,4.401229
CID22,0.594623,2.541235,-4.292557,58.6200,5.180615
CID22,0.603631,2.283180,-3.718463,62.9337,4.730302
CID22,0.615478,2.150821,-2.935311,64.4650,5.465788
CID22,0.616575,1.945523,-4.902014,66.4249,4.740982
CID22,0.622044,2.115954,-4.179456,60.4010,3.699408
CID22,0.640966,2.196296,-4.357015,62.8506,4.550349
CID22,0.647177,2.145658,-4.583756,64.6219,4.917159
CID22,0.655636,1.670403,-6.983979,69.3113,5.242657
CID22,0.656324,1.767427,-5.525690,68.0854,4.103991
CID22,0.660613,2.204878,-3.674201,63.0538,5.392856
CID22,0.667902,1.641970,-6.876199,68.6355,3.267657
CID22,0.670956,1.742646,-5.481336,69.4494,4.185262
CID22,0.671409,1.943921,-4.040600,67.3378,5.013028
CID22,0.682852,1.806468,-4.752239,68.9429,4.222436
CID22,0.685887,1.962471,-5.146706,66.1722,4.197064
CID22,0.689908,1.831716,-5.517447,68.6220,4.242500
CID22,0.694013,1.541821,-6.139185,71.8461,4.058775
CID22,0.698562,1.583728,-6.743567,71.1223,4.004984
CID22,0.706414,1.472945,-7.507172,70.6310,3.172947
CID22,0.706677,1.482832,-7.871696,71.9407,4.812874
CID22,0.711890,1.520344,-6.527672,72.4404,3.069644
CID22,0.715400,1.917547,-4.494215,67.1752,4.547647
CID22,0.717777,1.439492,-6.272353,73.4551,4.302433
CID22,0.718123,1.571551,-6.212011,71.2053,3.590577
CID22,0.722282,1.490402,-5.989041,73.2828,3.807988
CID22,0.722662,1.694555,-5.745260,69.9953,3.879444
CID22,0.724029,1.397380,-7.460781,73.7321,3.510453
CID22,0.735344,1.379182,-6.695314,74.6380,3.648544
CID22,0.735862,1.307469,-8.241179,73.3194,2.764041
CID22,0.749190,1.418816,-6.899253,74.5423,3.925528
CID22,0.754691,1.278039,-7.848900,74.8545,2.900472
CID22,0.766752,1.331830,-7.665540,74.4229,3.416491
CID22,0.777298,1.220857,-7.253414,77.3043,3.198076
CID22,0.777594,1.345285,-8.617938,74.2334,4.867769
CID22,0.783150,1.564102,-6.152614,71.7684,4.188043
CID22,0.791035,1.257582,-7.556763,76.8097,3.154672
CID22,0.793743,1.271863,-7.193558,76.4231,3.618314
CID22,0.795459,1.263034,-7.463603,76.9901,4.084726
CID22,0.796075,1.106331,-9.881518,76.4055,2.657117
CID22,0.801489,1.278132,-8.014165,75.2848,3.516299
CID22,0.801683,1.115869,-9.744721,77.0842,3.809362
CID22,0.801743,1.125967,-8.887083,77.2527,2.874769
CID22,0.816784,0.978689,-7.913955,81.0035,3.016978
CID22,0.827844,1.116958,-7.871997,78.7883,3.896790
CID22,0.829807,1.086235,-8.116123,79.0395,3.489047
CID22,0.832565,1.086808,-8.389019,79.5907,3.247352
CID22,0.834046,1.143819,-8.164998,77.2959,3.188572
CID22,0.841748,0.868092,-11.151247,80.9127,3.056916
CID22,0.842388,0.966656,-10.223442,80.1044,2.805755
CID22,0.844515,0.967839,-9.951285,79.2672,2.291488
CID22,0.855956,1.228289,-7.308102,77.1820,4.364338
CID22,0.862680,0.914094,-8.372587,82.8598,2.906363
CID22,0.864542,1.053080,-8.646462,78.5633,2.841462
CID22,0.866110,0.998503,-8.535523,80.8390,3.339002
CID22,0.867578,1.059158,-8.372193,80.1092,3.449399
CID22,0.877122,0.737504,-11.973430,83.0624,2.905726
CID22,0.883581,0.888603,-10.417448,81.4824,2.506390
CID22,0.884746,0.749311,-10.708972,82.7292,1.747819
CID22,0.885740,0.931391,-9.158708,82.4194,3.680052
CID22,0.888729,0.960605,-9.132518,80.2182,2.541848
CID22,0.891133,0.964239,-8.926303,81.8961,3.811237
CID22,0.891410,0.821039,-9.508275,84.0667,3.423643
CID22,0.894306,0.470086,-11.991940,87.0050,1.814955
CID22,0.894372,0.618287,-9.682234,87.7276,2.613352
CID22,0.894600,0.527714,-12.379021,86.7728,1.407390
CID22,0.894678,0.867416,-9.479114,81.3087,2.482488
CID22,0.894741,0.990372,-8.560671,80.7332,3.209059
CID22,0.894809,0.778077,-11.274206,83.3167,2.622464
CID22,0.895123,0.669831,-10.989904,86.6980,3.501663
CID22,0.895280,0.832514,-10.038012,84.1030,3.479749
CID22,0.895295,0.609730,-12.244792,87.9928,2.873461
CID22,0.895659,0.323304,-13.212811,91.1405,0.833522
CID22,0.895766,0.320584,-12.991423,90.3964,1.356615
CID22,0.896378,0.762502,-10.446237,83.3765,2.217661
CID22,0.413836,3.865037,-1.412775,40.1072,6.163935
CID22,0.552494,3.029804,-3.179979,48.5407,5.334295
CID22,0.555389,2.832122,-3.482633,49.6337,5.113464
CID22,0.597947,2.331644,-4.033808,57.7351,4.916304
CID22,0.605695,3.200578,-2.553188,47.9097,6.932771
CID22,0.623736,2.786065,-3.388319,53.8937,4.447739
CID22,0.635721,3.071000,-2.452242,49.3838,6.182804
CID22,0.643431,2.620774,-3.948636,53.7775,4.816446
CID22,0.645265,3.019295,-3.134309,51.4277,4.278941
CID22,0.648833,2.316806,-4.907057,57.0716,4.694901
CID22,0.667823,2.584687,-4.003372,54.9982,5.944258
CID22,0.669575,3.079864,-2.247653,48.1269,5.107191
CID22,0.682385,2.652441,-3.154547,55.5359,5.283866
CID22,0.684191,1.949384,-6.161714,61.4815,4.870580
CID22,0.687199,2.277224,-4.508460,58.1150,3.873215
CID22,0.688165,2.257172,-4.423342,59.3984,3.657640
CID22,0.691462,2.415078,-4.240901,58.1740,3.734532
CID22,0.700658,1.920972,-5.291809,63.6680,3.991422
CID22,0.705450,2.243104,-4.473705,60.2632,6.483088
CID22,0.713122,2.348942,-3.847815,58.8740,4.767402
CID22,0.715993,2.553382,-3.612894,56.5849,5.258870
CID22,0.717779,1.744269,-6.940353,64.1183,3.886236
CID22,0.721091,1.847286,-6.195458,64.4619,3.403119
CID22,0.726139,2.011739,-5.201587,61.6499,3.531216
CID22,0.727535,2.150622,-4.945786,60.7359,3.721684
CID22,0.738003,1.672248,-6.163795,67.0280,3.644847
CID22,0.738803,1.910107,-4.918853,64.1747,5.669028
CID22,0.747158,2.066604,-4.514492,62.5264,4.071620
CID22,0.765014,1.653926,-6.942645,66.2166,3.351538
CID22,0.768002,1.763534,-6.211154,66.6079,2.973278
CID22,0.768454,1.975286,-4.964198,62.6745,4.081805
CID22,0.770563,1.673407,-6.501742,66.1751,3.664360
CID22,0.770842,1.516476,-7.467679,66.9496,3.932537
CID22,0.775516,1.705729,-5.545078,68.1721,5.774093
CID22,0.778675,1.624069,-6.237235,67.2572,3.747743
CID22,0.780382,1.448655,-6.858705,70.1253,3.360253
CID22,0.790894,1.512333,-7.013551,67.6383,3.641074
CID22,0.791027,1.256633,-8.245272,70.8542,3.548145
CID22,0.791895,1.461386,-7.553185,69.3614,2.854062
CID22,0.793686,1.658382,-6.828520,68.0957,3.154277
CID22,0.799166,1.360846,-7.544164,71.5127,3.540161
CID22,0.799219,1.363022,-7.096356,72.1976,4.330951
CID22,0.799598,1.592529,-6.416707,68.9540,3.335338
CID22,0.800284,1.372275,-7.120342,70.4119,3.159645
CID22,0.810925,1.380953,-7.602960,69.1693,3.611202
CID22,0.814434,0.999107,-10.243430,75.7587,2.949227
CID22,0.816483,1.230739,-8.012218,73.9258,2.345092
CID22,0.817574,1.316625,-7.418912,72.4918,3.887464
CID22,0.818603,1.255940,-8.112134,72.2716,3.201897
CID22,0.820371,1.174868,-7.651232,74.1722,2.835955
CID22,0.820373,1.205923,-7.485281,74.7549,3.463326
CID22,0.824436,1.227866,-7.661821,73.8566,2.802223
CID22,0.832364,1.098506,-8.846523,73.8437,3.090951
CID22,0.835756,1.140601,-7.916874,74.8514,3.560611
CID22,0.836837,0.816235,-10.924716,78.7870,2.388488
CID22,0.838645,1.052486,-7.997108,75.5703,2.464914
CID22,0.838772,1.127950,-9.123284,75.1805,2.253213
CID22,0.838795,1.058806,-8.099376,76.9428,2.173464
CID22,0.838849,1.071684,-8.055011,76.9672,3.440965
CID22,0.848778,0.978549,-8.180446,78.5770,2.094794
CID22,0.853274,1.001748,-8.477389,77.1850,3.330105
CID22,0.856966,0.972289,-8.382114,78.8051,3.035038
CID22,0.857540,1.008154,-9.688036,75.6402,3.080971
CID22,0.859240,0.526776,-12.919211,84.2004,1.965326
CID22,0.859581,0.944425,-8.264112,78.4998,2.195297
CID22,0.862849,0.888815,-8.591487,79.4804,1.778898
CID22,0.866364,0.871955,-10.079536,79.0416,1.751238
CID22,0.868397,0.903673,-8.861904,78.9696,2.938518
CID22,0.870370,0.862554,-8.334751,80.2839,1.676821
CID22,0.871499,0.724712,-8.710905,82.2415,1.856784
CID22,0.872131,0.748410,-8.883876,82.0025,2.350712
CID22,0.873575,0.629115,-11.387410,82.4138,1.515173
CID22,0.873609,0.721938,-11.915669,79.7897,2.105787
CID22,0.874270,0.520409,-10.180795,85.2241,1.443759
CID22,0.874808,0.805072,-9.048768,80.6579,2.269861
CID22,0.876706,0.320235,-13.810284,88.1144,1.977554
CID22,0.880845,0.499805,-9.789872,86.5496,1.274038
CID22,0.882416,0.535046,-9.667932,85.2833,1.430374
CID22,0.882929,0.541098,-9.374220,85.5170,2.362473
CID22,0.883431,0.652609,-9.375855,83.0911,1.667558
CID22,0.883908,0.367375,-12.891174,88.0685,0.829009
CID22,0.388693,3.735827,-0.721437,45.5224,6.133265
CID22,0.433356,2.912484,-1.792772,54.0400,5.218603
CID22,0.509300,2.899647,-2.528362,54.7522,4.605799
CID22,0.511221,2.864388,-3.350484,55.0897,5.364870
CID22,0.521225,3.014873,-2.401857,52.7530,4.869740
CID22,0.549502,2.575364,-2.972756,57.3942,4.689990
CID22,0.567385,3.024596,-1.343761,52.5490,5.470037
CID22,0.584287,3.260930,-2.495945,48.9472,6.989989
CID22,0.595527,2.550155,-3.837346,56.5336,5.062595
CID22,0.605003,2.443708,-3.844803,60.3118,3.858122
CID22,0.608291,2.344052,-5.345295,60.9755,5.048160
CID22,0.611103,2.360741,-3.833189,60.9180,4.095863
CID22,0.613983,2.260570,-3.725659,60.4006,3.921662
CID22,0.618720,2.577112,-3.429720,56.6050,5.531377
CID22,0.626880,2.716038,-3.476634,55.2758,5.779398
CID22,0.630664,2.112115,-4.656382,62.5132,4.037090
CID22,0.633088,2.406075,-3.235160,59.9686,5.608662
CID22,0.637916,2.195335,-4.810195,62.9687,3.976319
CID22,0.638580,1.978885,-7.033910,65.1315,4.579992
CID22,0.646998,1.922082,-5.218340,64.8243,3.959762
CID22,0.658536,2.319717,-4.038779,59.9066,5.616940
CID22,0.660928,2.106438,-5.324957,64.5483,3.994329
CID22,0.663785,1.710207,-7.360750,67.8649,3.134260
CID22,0.666533,2.366908,-4.024130,59.5282,5.520581
CID22,0.683389,2.278487,-3.913659,60.7191,4.724622
CID22,0.684032,1.827712,-6.090223,67.8194,3.526449
CID22,0.684595,1.747789,-8.187894,68.0233,3.917923
CID22,0.689673,1.558156,-8.215942,70.7130,3.070009
CID22,0.689972,1.989331,-4.892500,65.5152,4.113926
CID22,0.699166,1.664402,-6.290328,68.5315,3.472824
CID22,0.700746,1.925849,-5.613968,65.1328,4.576407
CID22,0.701550,1.794214,-6.678723,69.1598,3.727632
CID22,0.702432,2.068474,-4.883895,63.4091,4.790475
CID22,0.720649,1.372841,-8.506209,72.6537,2.775676
CID22,0.725025,1.706378,-6.467065,69.2001,3.347605
CID22,0.728712,1.576636,-8.966222,70.6016,3.870456
CID22,0.729122,1.756048,-6.089198,67.4752,3.731289
CID22,0.729729,1.748786,-6.422971,67.6125,3.620575
CID22,0.729848,1.590213,-6.389174,69.4561,3.434473
CID22,0.731519,1.580625,-5.950453,71.2525,4.045390
CID22,0.733229,1.526781,-8.474726,72.6001,3.174432
CID22,0.739024,2.037744,-4.504208,64.3459,4.966774
CID22,0.742261,1.516950,-6.562620,70.9176,3.148366
CID22,0.745851,1.340263,-9.975319,73.6671,3.870409
CID22,0.745893,1.506458,-7.269288,71.1101,3.433276
CID22,0.747483,1.188327,-9.507311,75.4751,2.484868
CID22,0.757858,1.503032,-6.704341,71.3716,3.571160
CID22,0.758973,1.441860,-8.661865,73.7957,2.923107
CID22,0.760492,1.395716,-7.173625,73.9668,2.680623
CID22,0.766963,1.248833,-7.200525,75.4404,2.548077
CID22,0.773038,1.463472,-7.480484,71.9458,3.457720
CID22,0.779187,1.010685,-11.112555,77.9986,3.208996
CID22,0.781391,1.331402,-6.775168,73.4274,3.287731
CID22,0.785445,1.041981,-10.465752,77.9937,2.218236
CID22,0.793098,1.318538,-7.050589,74.2870,2.747445
CID22,0.793340,1.018873,-8.247076,79.2135,2.348941
CID22,0.797983,1.211626,-9.948375,76.6773,2.701257
CID22,0.802219,1.416428,-7.818252,72.8646,3.251553
CID22,0.802268,1.188551,-7.505306,76.4433,2.499788
CID22,0.812994,1.162548,-7.350444,75.8578,2.523066
CID22,0.814471,1.056271,-8.020110,79.1010,2.579801
CID22,0.824407,0.845661,-11.865877,80.2444,2.730826
CID22,0.825686,1.160128,-7.481307,76.4996,2.544568
CID22,0.829040,1.243143,-8.361567,74.8650,2.782514
CID22,0.837195,0.808078,-11.526190,81.1746,1.680751
CID22,0.839302,1.029819,-10.507133,78.6932,2.433248
CID22,0.841147,1.071753,-7.651134,77.5181,2.423500
CID22,0.845747,0.946957,-8.372710,80.1597,1.897538
CID22,0.847096,0.822741,-8.782038,82.6799,2.036767
CID22,0.848951,1.046558,-7.879415,78.8424,2.256934
CID22,0.850945,1.102108,-8.749298,76.8297,2.406942
CID22,0.855399,0.914268,-8.054980,80.8891,2.022986
CID22,0.856029,0.525876,-12.401145,85.2914,2.308689
CID22,0.856312,0.953849,-8.375060,79.7443,2.327838
CID22,0.856424,0.579849,-12.865191,85.4710,1.552912
CID22,0.856781,0.841798,-8.515333,82.0986,1.856783
CID22,0.856988,0.833639,-11.422121,81.3904,2.049110
CID22,0.857165,1.047075,-8.931790,77.8596,2.238307
CID22,0.857843,0.622913,-10.116214,85.3755,1.590305
CID22,0.858161,0.353571,-13.793386,89.8745,1.040220
CID22,0.858221,0.813820,-8.735744,82.1885,1.833263
CID22,0.858386,0.609145,-8.912484,86.2226,1.451426
CID22,0.858448,0.691462,-9.205425,84.9500,1.534992
CID22,0.858706,0.337248,-12.989124,88.8186,1.681161
CID22,0.858727,0.659481,-10.000852,85.3107,1.515141
CID22,0.858784,0.963335,-9.311130,79.0953,2.175974
CID22,0.861251,0.833386,-10.418524,81.4089,2.148525
CID22,0.382313,4.106347,-0.749914,38.8545,5.875793
CID22,0.475193,4.459825,-0.446927,32.9399,7.423154
CID22,0.478607,3.362599,-2.238840,46.3399,5.773536
CID22,0.480153,4.273612,-0.941975,35.0141,5.719131
CID22,0.487020,4.230835,-0.700770,36.8387,5.756222
CID22,0.503266,3.282197,-2.853377,46.6058,5.019398
CID22,0.536501,3.135648,-2.643273,49.5086,5.021435
CID22,0.541979,2.903791,-2.992073,52.0822,6.432063
CID22,0.542191,2.874996,-2.381968,52.8534,4.274316
CID22,0.542751,3.644688,-1.928938,42.5561,7.027571
CID22,0.555256,3.273470,-2.688876,46.4603,4.526010
CID22,0.559820,2.676892,-3.792068,54.0160,4.208281
CID22,0.560109,3.363988,-1.509426,46.3347,6.559424
CID22,0.571358,2.905459,-3.315382,51.0576,4.314723
CID22,0.579121,3.023957,-2.742501,50.2359,4.926545
CID22,0.594605,2.483913,-3.561453,56.5122,3.974606
CID22,0.596988,2.377100,-4.898693,58.4019,3.315787
CID22,0.600631,2.993598,-3.350532,49.4109,5.364434
CID22,0.609663,2.379254,-4.457848,58.2594,3.791822
CID22,0.612620,2.814347,-3.186928,51.7594,3.912011
CID22,0.632408,2.499420,-5.142527,57.2166,4.540770
CID22,0.641285,2.574875,-3.721550,55.6363,4.778708
CID22,0.644954,2.547293,-4.159749,55.9980,3.691695
CID22,0.646449,1.921501,-6.297227,63.7181,3.683989
CID22,0.647425,2.613536,-4.030066,54.6868,3.531359
CID22,0.647758,2.434610,-4.110502,56.8926,5.068123
CID22,0.655546,2.092822,-5.244902,61.1255,3.723632
CID22,0.658122,2.012867,-6.568340,62.4711,4.071434
CID22,0.666394,2.287274,-4.999771,59.2133,3.378155
CID22,0.667238,1.958348,-5.415546,63.6129,3.174380
CID22,0.685906,2.123471,-5.062897,61.3924,4.295797
CID22,0.686277,2.102771,-5.270531,61.3220,3.491624
CID22,0.691602,2.010050,-5.371210,63.1443,3.129784
CID22,0.696185,1.739766,-6.832601,66.3402,3.180353
CID22,0.696935,1.727998,-6.978740,66.2810,3.167905
CID22,0.697947,2.055177,-5.339930,62.9345,3.459478
CID22,0.699038,1.729337,-7.536869,66.9204,4.011317
CID22,0.702248,1.832905,-5.678027,65.1598,3.252454
CID22,0.711307,2.122533,-5.769511,61.7573,3.377411
CID22,0.715128,1.881592,-5.625800,64.5652,3.692597
CID22,0.718140,1.710468,-6.103671,66.5074,3.751148
CID22,0.726841,1.722271,-5.892923,66.6469,3.003002
CID22,0.731964,1.525112,-8.103359,69.7629,2.888185
CID22,0.745105,1.496598,-7.905387,69.4836,2.619480
CID22,0.755185,1.687058,-6.222616,67.6165,3.195628
CID22,0.758842,1.621259,-6.732547,69.4031,2.832793
CID22,0.766044,1.771947,-5.999434,65.8217,3.904057
CID22,0.777470,1.556684,-8.081295,69.4414,3.966631
CID22,0.777798,1.449874,-6.591706,70.5550,2.518386
CID22,0.787972,1.238149,-9.089434,72.7214,2.694668
CID22,0.788399,1.508696,-6.632497,69.6598,2.873890
CID22,0.788505,1.553386,-6.923700,69.2451,2.434045
CID22,0.794789,1.318222,-8.860641,71.5575,2.398290
CID22,0.795366,1.668743,-6.245022,67.2280,3.319287
CID22,0.796898,1.302242,-9.302410,72.7512,3.444725
CID22,0.804276,1.269046,-7.224598,73.2226,2.358543
CID22,0.804280,1.210558,-7.672419,74.6725,2.327998
CID22,0.808044,1.443557,-6.787724,71.2200,2.887339
CID22,0.813005,1.296622,-7.210417,72.6831,2.543030
CID22,0.815294,1.507839,-6.703743,69.7238,2.927904
CID22,0.818487,1.107014,-9.934345,76.0261,2.468132
CID22,0.822161,1.287449,-7.737783,73.4513,2.320721
CID22,0.822780,1.007286,-10.541923,77.6860,3.599656
CID22,0.827752,1.033458,-10.235803,76.2109,2.297007
CID22,0.830082,1.121970,-7.615029,75.7389,2.115685
CID22,0.834845,1.317903,-7.577049,72.2372,2.663344
CID22,0.837445,1.170607,-7.584671,74.6815,2.703511
CID22,0.840721,0.921894,-8.654442,79.0514,2.099042
CID22,0.846728,1.114070,-7.895246,76.0044,2.290432
CID22,0.848736,0.834272,-10.860521,79.9659,1.775462
CID22,0.855455,1.228589,-7.857557,74.2068,2.717155
CID22,0.856589,0.816871,-10.983092,80.6483,2.942382
CID22,0.858873,0.846730,-8.514661,80.3568,1.876750
CID22,0.862722,1.001020,-8.118587,77.7524,1.798734
CID22,0.862975,0.934740,-10.605434,77.9091,1.915098
CID22,0.863764,1.016267,-8.108303,77.0078,2.250180
CID22,0.867609,0.822705,-8.697471,81.2311,2.007017
CID22,0.876953,1.092500,-8.502181,76.3370,2.567246
CID22,0.878624,0.588873,-11.864653,84.6635,1.519629
CID22,0.880460,0.835458,-8.839916,80.7259,1.965784
CID22,0.890187,0.548632,-11.777031,85.6108,2.124209
CID22,0.890480,0.828928,-8.619699,80.8034,2.034019
CID22,0.890492,0.532486,-10.181360,86.1798,1.355839
CID22,0.890534,0.742964,-11.403020,80.6713,1.804457
CID22,0.890581,0.620620,-9.086115,84.5481,1.698020
CID22,0.890740,0.497093,-10.112726,87.3174,1.205159
CID22,0.890984,0.927577,-9.172707,78.7888,2.356893
CID22,0.891225,0.345185,-13.502221,89.1768,0.842389
CID22,0.891408,0.592279,-10.198879,84.7062,1.791405
CID22,0.891770,0.367113,-12.979606,89.3095,1.332346
CID22,0.347684,2.755637,-0.858997,51.7383,4.792504
CID22,0.394427,2.999874,-2.557341,51.3957,6.187927
CID22,0.396662,2.336797,-3.731078,59.7494,5.599152
CID22,0.412780,2.198848,-4.822000,60.9346,5.279755
CID22,0.414410,2.097356,-4.426745,63.0551,5.258340
CID22,0.419274,2.850464,-2.736506,55.8289,6.971595
CID22,0.432979,2.099717,-5.097555,62.6828,4.592906
CID22,0.440992,2.449022,-3.588470,57.6195,5.607426
CID22,0.458164,2.283892,-4.027495,61.2493,5.716374
CID22,0.480174,1.949800,-5.350035,64.9450,4.761706
CID22,0.484016,2.069119,-3.886456,63.8107,4.259692
CID22,0.485326,1.878366,-6.201564,65.4784,4.819366
CID22,0.493414,2.047542,-4.093659,61.7583,3.701640
CID22,0.496961,2.319415,-4.477668,62.0272,5.516854
CID22,0.497852,2.181889,-4.561057,61.4751,4.681176
CID22,0.502944,1.841573,-5.695525,66.5965,4.547573
CID22,0.532509,1.900779,-5.635912,65.4969,3.913090
CID22,0.536218,1.741790,-6.350069,67.9736,4.921061
CID22,0.537069,1.720008,-7.195287,68.2506,4.585173
CID22,0.542166,1.904694,-5.822690,67.0002,5.085755
CID22,0.542316,1.708679,-5.631486,69.2436,3.730384
CID22,0.542564,1.978177,-5.622423,65.0025,4.473353
CID22,0.547393,1.549957,-7.068889,70.6477,3.756755
CID22,0.548058,2.108789,-5.523959,64.7515,5.390223
CID22,0.556596,1.539717,-7.653307,70.6326,4.203572
CID22,0.557775,1.353295,-7.699187,74.0549,3.781282
CID22,0.559057,1.484188,-7.320648,71.7954,3.348189
CID22,0.562026,1.424854,-7.623246,72.7665,3.236718
CID22,0.568264,1.728891,-6.664737,68.3032,2.988675
CID22,0.585718,1.655594,-5.819918,68.6406,3.101989
CID22,0.589590,1.617065,-6.777035,69.5412,3.683243
CID22,0.597992,1.765054,-6.638171,69.3248,4.566460
CID22,0.598005,1.402030,-7.073479,73.3488,3.004910
CID22,0.607094,1.468214,-8.049623,71.8498,3.842947
CID22,0.614406,1.399603,-7.119317,72.3273,2.789125
CID22,0.616027,1.534210,-6.868636,72.1480,3.710050
CID22,0.628923,1.421985,-7.473068,72.5885,3.319067
CID22,0.638268,1.193597,-8.342894,76.7778,2.885823
CID22,0.645462,1.402691,-8.547066,72.8519,3.815095
CID22,0.648153,1.692631,-7.079145,70.0959,4.746915
CID22,0.650403,1.211278,-8.097854,75.5707,2.680789
CID22,0.652686,1.230645,-8.120543,76.0234,2.952675
CID22,0.656008,1.249505,-8.762862,75.7552,2.842690
CID22,0.656483,1.255546,-8.062624,75.0922,2.909960
CID22,0.664941,1.230984,-8.072160,75.7385,2.968365
CID22,0.666212,1.262915,-8.367206,76.3383,2.957901
CID22,0.669034,1.272863,-8.932300,74.8427,3.022627
CID22,0.669555,1.091215,-8.581295,77.5786,2.343335
CID22,0.669923,1.144742,-8.841500,77.3332,2.740482
CID22,0.672507,1.089179,-8.882824,78.2632,2.954760
CID22,0.681628,1.113289,-8.946205,78.2544,2.767736
CID22,0.687663,1.281651,-8.406707,75.9397,3.084345
CID22,0.688004,1.138833,-8.771026,77.4354,2.802986
CID22,0.689349,1.046571,-9.569271,79.2112,2.407001
CID22,0.693947,1.092148,-8.521940,77.8518,2.601524
CID22,0.697472,1.152874,-9.617583,76.7906,3.641648
CID22,0.698999,1.021463,-9.320451,80.2089,2.401894
CID22,0.702027,0.978312,-9.441505,80.1025,2.546751
CID22,0.702095,0.920241,-9.339908,80.8706,2.301291
CID22,0.712857,0.912606,-10.478515,81.4749,2.154706
CID22,0.716546,1.043598,-8.973795,78.6048,2.768342
CID22,0.720012,0.988191,-9.542290,80.1341,2.584679
CID22,0.722787,1.007050,-8.891600,79.3613,2.291286
CID22,0.726391,1.091411,-9.828661,77.9568,2.995418
CID22,0.728863,0.803857,-10.164641,83.0515,2.135533
CID22,0.734630,0.779455,-10.165379,83.4347,2.054807
CID22,0.735188,0.826522,-10.295861,82.7097,2.079524
CID22,0.735376,0.699066,-11.106642,84.1547,2.069290
CID22,0.737329,1.063257,-9.251151,79.0047,2.640723
CID22,0.746407,0.938940,-9.605002,80.5873,2.340339
CID22,0.753195,0.770398,-9.808583,82.8415,1.820264
CID22,0.756112,1.004756,-10.232619,79.5055,2.422868
CID22,0.761403,0.652150,-11.270962,85.3486,1.593133
CID22,0.765800,0.770642,-10.310023,83.4284,2.399802
CID22,0.766689,0.716155,-10.377929,84.5874,1.972218
CID22,0.769404,0.581809,-11.537258,86.1483,2.037234
CID22,0.774540,0.721169,-10.765196,84.3354,1.946145
CID22,0.779091,0.868293,-9.971025,81.9081,2.058158
CID22,0.792843,0.775446,-10.329822,83.0174,2.232748
CID22,0.807635,0.583198,-10.709829,86.0555,1.769439
CID22,0.809862,0.474521,-12.419002,88.4806,1.218254
CID22,0.816684,0.868358,-10.891163,81.5547,2.359003
CID22,0.823899,0.376343,-13.422397,89.6394,1.506613
CID22,0.826951,0.573771,-11.485979,86.4433,1.603685
CID22,0.829132,0.561549,-11.178697,86.7651,1.682147
CID22,0.829383,0.420268,-11.704719,89.3059,1.242998
CID22,0.836012,0.481470,-11.598404,87.9208,1.282385
CID22,0.838893,0.283164,-14.200575,91.5593,0.843441
CID22,0.844069,0.253881,-14.379331,91.6128,1.148550
CID22,0.312862,3.343726,0.561073,41.7323,5.640643
CID22,0.420503,2.576321,-2.567988,52.1800,5.302077
CID22,0.461421,2.886911,-1.511322,51.3264,7.656116
CID22,0.492001,2.659841,-1.600329,55.6365,7.621555
CID22,0.497077,2.081682,-5.125091,60.2193,4.798158
CID22,0.502837,2.746922,-0.957285,54.8909,9.164007
CID22,0.504961,1.903563,-4.098066,63.7373,4.956192
CID22,0.534852,2.439138,-3.002729,57.2887,6.888128
CID22,0.548448,2.881145,-1.730033,53.5948,7.349822
CID22,0.557356,2.190275,-2.589771,62.8286,6.702807
CID22,0.557947,1.788553,-4.390332,66.0527,4.573519
CID22,0.585346,1.770396,-6.591720,66.8742,5.562092
CID22,0.586614,2.185451,-4.348547,60.8267,5.579487
CID22,0.586881,1.858486,-6.369690,63.9659,4.881315
CID22,0.597749,2.248575,-3.920836,62.0979,6.104104
CID22,0.598208,2.146666,-3.584455,62.9890,6.397523
CID22,0.602492,2.427975,-2.421163,59.4889,5.895381
CID22,0.603444,1.533690,-5.164586,69.3984,4.344978
CID22,0.618550,1.965003,-3.958053,65.0073,5.806895
CID22,0.626777,1.741968,-4.866383,65.9169,4.508265
CID22,0.627001,1.961558,-4.658309,64.1383,4.713150
CID22,0.628866,1.214310,-10.797128,75.0371,3.282548
CID22,0.632452,2.240699,-3.334537,62.5075,4.914750
CID22,0.636159,1.484741,-6.468789,70.8476,4.796362
CID22,0.639519,1.506746,-7.651671,70.8098,5.132387
CID22,0.644396,1.841314,-4.988901,67.1976,5.334635
CID22,0.651319,1.684397,-5.904056,68.4121,5.500464
CID22,0.652486,1.633856,-7.991355,67.4690,5.535566
CID22,0.654655,1.897702,-4.821383,65.3437,5.381978
CID22,0.654706,1.661417,-7.090086,69.5902,5.675777
CID22,0.658813,1.363211,-7.429419,72.1894,4.026186
CID22,0.663783,1.096169,-10.786300,77.1233,3.441479
CID22,0.665681,1.868712,-5.092924,65.6864,4.282281
CID22,0.679223,1.490332,-6.779391,71.7022,4.416325
CID22,0.683911,1.334237,-8.322165,73.5194,4.226325
CID22,0.684148,1.517149,-6.915569,71.0720,5.089984
CID22,0.684646,1.414286,-9.045886,72.7286,4.229796
CID22,0.687179,1.229071,-8.675245,74.3010,3.583266
CID22,0.693960,1.745171,-6.206883,67.1561,4.489600
CID22,0.696799,0.980718,-11.376926,78.6078,2.572634
CID22,0.703762,1.627728,-6.633220,68.9950,5.001051
CID22,0.705784,1.350870,-8.003750,73.4666,3.544158
CID22,0.710150,1.220233,-8.755200,75.2321,4.025666
CID22,0.711797,1.174719,-8.589174,75.8444,3.389325
CID22,0.717447,1.281854,-8.359956,73.5520,3.636605
CID22,0.724993,1.287054,-7.885569,74.3396,4.689146
CID22,0.725546,1.474142,-8.909715,69.4658,4.340131
CID22,0.727310,1.435551,-8.191972,71.9052,4.992405
CID22,0.732452,1.125526,-9.470648,76.6294,3.185406
CID22,0.733684,0.864011,-12.172561,80.5402,2.334838
CID22,0.740770,1.200498,-9.058958,75.3168,2.977139
CID22,0.747502,1.147946,-8.993152,75.7814,4.343049
CID22,0.763339,1.159956,-10.112898,76.2748,3.889727
CID22,0.766744,1.254024,-10.367131,73.5042,3.829148
CID22,0.770419,1.095527,-9.880301,75.9007,3.268647
CID22,0.772235,1.083064,-8.860087,77.1451,3.214848
CID22,0.779712,1.042745,-9.508243,77.3978,3.605433
CID22,0.781784,0.817253,-11.225130,82.4423,1.851899
CID22,0.784044,1.208804,-8.677555,74.3126,3.387746
CID22,0.786104,1.094575,-8.882510,76.6783,2.963483
CID22,0.792181,1.131794,-9.229451,75.8346,3.990053
CID22,0.814416,0.992395,-11.525262,77.8724,2.837171
CID22,0.820505,1.028806,-9.730202,76.8974,3.261628
CID22,0.823157,0.917955,-9.525329,79.2847,3.580704
CID22,0.825596,0.952159,-10.836004,79.3526,3.455577
CID22,0.827385,0.621781,-11.909142,85.4033,1.618993
CID22,0.828002,1.073833,-9.734962,77.6448,3.877173
CID22,0.830619,0.998231,-9.557353,78.1858,3.225452
CID22,0.834021,0.917354,-10.737012,80.0021,2.575244
CID22,0.835284,1.088941,-9.748205,76.7206,3.022449
CID22,0.854861,0.908102,-9.837840,79.6525,3.225122
CID22,0.855237,0.869994,-12.558505,79.9572,2.892328
CID22,0.858849,0.471019,-12.929235,88.4245,1.204409
CID22,0.859961,0.922257,-10.729188,80.5760,3.506272
CID22,0.865395,0.844738,-9.481039,80.8705,3.683732
CID22,0.865461,0.834098,-10.628801,79.5611,3.324516
CID22,0.880607,0.801644,-11.761287,82.3651,2.779968
CID22,0.882619,0.877972,-10.175061,80.0479,2.677642
CID22,0.890185,0.893689,-10.722255,80.1653,3.629691
CID22,0.898192,0.841711,-11.304356,81.5796,3.249742
CID22,0.905685,0.448261,-12.405724,87.9217,1.916896
CID22,0.906469,0.300564,-13.760436,91.8450,0.898493
CID22,0.906819,0.833112,-11.908306,81.2734,2.710811
CID22,0.907232,0.798393,-10.602945,81.5870,2.799169
CID22,0.908177,0.621996,-10.138219,83.4364,3.252939
CID22,0.911243,0.761038,-11.886292,83.2228,2.836899
CID22,0.914847,0.765994,-11.815730,82.7420,2.652950
CID22,0.915172,0.312761,-13.429777,90.7499,1.068262
CID22,0.917377,0.685985,-11.222031,83.5360,2.282245
CID22,0.498945,3.024343,-0.887051,53.4777,5.376698
CID22,0.514070,2.916649,-0.469682,51.7874,4.626141
CID22,0.600764,2.375423,-3.767040,60.9417,5.030011
CID22,0.613524,2.976954,-1.074499,56.0946,5.373826
CID22,0.627155,2.585958,-1.736557,55.1465,4.328199
CID22,0.664221,3.032306,-2.236577,53.3533,6.861919
CID22,0.686170,1.952277,-5.797487,66.1083,4.890008
CID22,0.690790,2.784075,0.570371,58.8358,7.449233
CID22,0.698083,2.296788,-2.871721,59.0706,4.182961
CID22,0.701288,3.052172,-0.011999,55.2508,7.040384
CID22,0.703661,2.458011,-2.359272,61.8656,5.203062
CID22,0.706022,2.912037,-1.379791,56.9697,5.765152
CID22,0.715973,1.642037,-7.246318,70.1753,4.723650
CID22,0.716648,2.484788,-3.454437,60.1297,4.761322
CID22,0.727133,2.409092,-2.687448,62.0715,5.326356
CID22,0.739932,2.199924,-1.783566,65.4211,6.280917
CID22,0.740524,1.638026,-7.177710,68.9538,3.653768
CID22,0.748688,1.468638,-8.136198,72.4211,3.990620
CID22,0.750093,2.462422,-1.754948,62.0083,5.472706
CID22,0.750807,2.196836,-4.440250,63.6515,4.295635
CID22,0.751048,2.174428,-3.501247,65.6081,4.622199
CID22,0.751076,2.356392,-3.450748,63.6524,4.764103
CID22,0.773178,2.014881,-4.176808,66.4691,5.065420
CID22,0.774689,1.333004,-8.874207,74.6385,3.873903
CID22,0.775494,1.521232,-7.738214,70.8283,3.371762
CID22,0.776790,1.905844,-3.873705,68.1300,6.006794
CID22,0.779257,2.006684,-4.468168,66.4576,4.331933
CID22,0.788240,1.935273,-5.330026,67.6499,3.973547
CID22,0.789831,2.061928,-4.816925,66.8459,5.247006
CID22,0.801721,1.555190,-6.169638,73.3420,3.456071
CID22,0.806862,1.957731,-4.197980,67.9575,4.700859
CID22,0.815405,1.347738,-8.525926,73.2357,3.003659
CID22,0.819496,1.607578,-5.905053,72.6347,6.123109
CID22,0.827240,1.801014,-5.019123,69.5273,5.215747
CID22,0.827382,1.677806,-6.081942,71.5169,3.831451
CID22,0.828537,1.651208,-5.874453,70.8627,3.821361
CID22,0.828548,1.155051,-9.996417,77.2684,4.275061
CID22,0.828787,1.554391,-6.388110,72.3458,3.991544
CID22,0.830410,1.573635,-5.855968,72.5613,4.055502
CID22,0.833032,1.600607,-5.447434,73.2858,4.496096
CID22,0.833538,1.318834,-7.005485,76.2724,2.874198
CID22,0.834322,1.462715,-7.248074,74.9723,3.132598
CID22,0.835314,1.160010,-9.882795,76.2751,2.464582
CID22,0.837053,1.490442,-6.229972,73.4190,3.863387
CID22,0.837777,1.597361,-6.696720,72.7149,3.770063
CID22,0.838106,1.504776,-6.691689,73.0983,3.536124
CID22,0.838583,1.348921,-6.804738,75.6550,3.629743
CID22,0.839828,0.840646,-11.602802,81.6465,2.960513
CID22,0.841490,1.409265,-6.550661,75.1348,3.960560
CID22,0.845186,1.286490,-6.834717,77.2950,2.841746
CID22,0.849575,1.295380,-8.328410,76.8188,2.897652
CID22,0.853001,1.000328,-10.834219,78.8743,2.257295
CID22,0.854063,1.322999,-7.293106,75.7913,4.034507
CID22,0.857031,1.234859,-7.530949,77.3981,2.636342
CID22,0.857296,1.170566,-7.761039,78.5079,2.866039
CID22,0.862237,1.179916,-7.537074,78.2322,2.697953
CID22,0.863777,0.714463,-12.059482,83.8366,2.833109
CID22,0.865481,1.262547,-6.913139,77.2332,3.478137
CID22,0.872055,1.024591,-7.816385,80.8148,2.634981
CID22,0.872717,1.046603,-10.238441,80.1469,3.112104
CID22,0.877938,1.259747,-7.680468,76.4545,3.159110
CID22,0.880091,1.030365,-8.152084,80.3490,2.598341
CID22,0.885287,1.135869,-7.693243,79.5211,2.904504
CID22,0.886079,1.054523,-7.929524,80.0176,2.640303
CID22,0.888298,0.741628,-11.515630,82.8290,1.631514
CID22,0.890529,1.052466,-7.958840,80.3041,2.531981
CID22,0.890843,1.210859,-7.818174,76.8283,2.978567
CID22,0.891793,0.427108,-12.547686,88.1448,1.951829
CID22,0.892521,0.949214,-7.926696,82.5587,2.175850
CID22,0.892708,0.949467,-10.927112,81.3971,2.428128
CID22,0.893036,1.074359,-7.926195,80.6835,3.485631
CID22,0.893168,0.874827,-8.817203,82.9693,2.753678
CID22,0.893531,0.953114,-8.122935,81.6045,2.720116
CID22,0.893704,1.072556,-8.701736,78.6853,2.875863
CID22,0.893757,0.554209,-13.716908,86.6031,1.364723
CID22,0.895288,0.947281,-8.517452,82.5328,3.303548
CID22,0.895487,0.961872,-9.474072,81.0955,2.819934
CID22,0.896034,0.953358,-8.402081,81.8976,2.551724
CID22,0.896438,0.267409,-13.562313,91.7615,1.133830
CID22,0.896465,0.779443,-9.165225,84.7427,2.764914
CID22,0.896633,0.748399,-11.124655,84.2662,2.004334
CID22,0.896666,0.601414,-9.588350,87.9403,2.104779
CID22,0.897611,0.591795,-11.173643,87.7282,2.512235
CID22,0.897657,0.898950,-9.782570,81.7641,2.654871
CID22,0.897801,0.337715,-14.016875,90.6291,0.856940
CID22,0.898187,0.814215,-9.237042,84.7767,3.318066
CID22,0.899833,0.814620,-10.389335,83.3253,2.324717
CID22,0.900675,0.639123,-10.486423,87.3057,2.562160
CID22,0.901727,0.621259,-10.834528,87.5516,2.624623
CID22,0.903600,0.716429,-10.983992,84.6842,2.244691
CID22,0.381007,3.775110,0.887693,45.2859,8.781120
CID22,0.412437,3.203537,-0.305685,51.8376,6.207981
CID22,0.445099,2.928935,-1.632743,55.3880,6.296300
CID22,0.459743,3.718472,3.392991,47.5435,8.369493
CID22,0.464990,2.992296,-0.742315,54.0938,5.869207
CID22,0.471026,3.673328,-1.192947,46.1144,6.234387
CID22,0.475488,3.477889,-0.678863,51.2008,6.386068
CID22,0.487305,3.438641,-0.259775,49.4674,5.906248
CID22,0.488518,2.830168,-2.133262,55.4814,4.488101
CID22,0.503338,3.042565,-1.724338,53.4919,7.126575
CID22,0.514079,2.597590,-2.719661,59.6337,5.735165
CID22,0.515687,2.970185,1.009820,53.8189,7.745851
CID22,0.526817,2.517953,-2.108908,59.3996,6.320635
CID22,0.531380,2.569299,-3.137969,58.6974,5.890431
CID22,0.540847,3.008818,-2.787528,53.3037,5.761719
CID22,0.541330,2.786655,-1.112675,56.9682,6.042758
CID22,0.544597,2.829642,-1.686052,58.2897,5.075555
CID22,0.548142,2.385530,-3.076197,59.6783,3.884388
CID22,0.551723,2.353009,-3.314152,60.8376,5.790659
CID22,0.557281,2.670985,-0.030481,56.4047,6.737586
CID22,0.568695,2.136469,-4.368087,63.4996,5.352927
CID22,0.570731,2.402100,-3.529014,61.2090,5.686769
CID22,0.572069,2.316305,-3.186444,62.6258,4.818109
CID22,0.581957,2.535324,-2.031845,59.5152,5.683386
CID22,0.582237,2.794131,-2.764561,56.5726,5.285580
CID22,0.592029,2.069065,-4.833324,63.8917,5.004835
CID22,0.596777,2.135662,-3.808499,64.8809,5.194265
CID22,0.600114,2.339210,-3.520949,64.3541,5.065075
CID22,0.606359,1.955428,-5.373581,65.6238,5.104962
CID22,0.611891,2.401528,-3.805666,60.2256,4.996434
CID22,0.622480,1.998927,-4.590015,66.2205,4.133135
CID22,0.622580,1.832915,-6.512063,67.5861,3.429086
CID22,0.622943,2.000746,-4.931623,64.7562,5.207292
CID22,0.624182,1.977877,-4.843657,66.4337,4.607765
CID22,0.624395,2.094012,-3.779991,64.4536,5.070085
CID22,0.626585,1.836120,-5.837364,67.6141,4.757263
CID22,0.628903,1.696796,-6.973740,69.8248,3.061523
CID22,0.629369,1.860975,-4.617558,69.6066,4.469431
CID22,0.629470,1.909075,-5.437339,65.7764,4.944362
CID22,0.637801,1.764527,-6.910587,67.4449,5.149319
CID22,0.638865,2.065508,-4.344354,64.4194,4.511980
CID22,0.647958,1.823949,-5.391612,68.7544,4.010270
CID22,0.667860,1.675492,-6.656845,69.3083,5.013456
CID22,0.673626,1.484326,-8.171432,72.7257,2.737078
CID22,0.673942,1.986416,-4.245366,65.3661,5.007674
CID22,0.680807,1.835717,-5.524387,67.4137,4.499231
CID22,0.685016,1.744119,-5.512847,69.1919,4.434346
CID22,0.687879,1.578506,-8.575222,70.1901,4.825344
CID22,0.688120,1.619081,-6.662441,71.5258,3.406448
CID22,0.700401,1.573094,-5.744262,73.4014,4.268697
CID22,0.708180,1.782174,-5.650095,68.0383,4.775380
CID22,0.709277,1.239269,-9.294203,75.9261,2.333320
CID22,0.722359,1.427826,-9.468762,73.2467,4.500490
CID22,0.724156,1.536310,-6.873695,72.3141,3.261085
CID22,0.725374,1.680995,-6.133275,69.2679,4.606345
CID22,0.729468,1.674799,-5.975196,69.5799,4.787724
CID22,0.746326,1.075523,-11.078045,77.8717,4.280066
CID22,0.751875,1.294927,-6.928847,76.8612,4.101390
CID22,0.752576,1.074095,-9.994973,78.6497,2.123746
CID22,0.754143,1.489172,-6.975840,72.5107,4.673931
CID22,0.759563,1.660060,-6.344050,69.1409,4.624204
CID22,0.766191,1.480471,-7.108760,73.4485,2.972367
CID22,0.768699,1.579893,-6.460813,70.4817,4.360710
CID22,0.776393,1.295467,-9.899320,75.9999,3.941110
CID22,0.777869,1.475603,-6.548406,71.6244,4.165632
CID22,0.801080,1.191104,-7.273352,78.3162,3.847544
CID22,0.805166,0.805367,-11.768246,82.8552,1.990828
CID22,0.806124,1.345950,-7.558971,74.8050,2.847174
CID22,0.806599,0.912596,-12.369591,80.3973,3.820636
CID22,0.812245,1.490100,-7.206403,71.9293,4.557439
CID22,0.813574,1.583017,-7.091751,69.9002,4.726926
CID22,0.816208,1.382674,-7.555535,73.1357,4.527004
CID22,0.819537,1.302304,-8.206262,73.8220,4.140233
CID22,0.827413,1.110544,-10.374802,78.0002,3.951373
CID22,0.832277,1.224754,-8.451327,76.8622,2.702082
CID22,0.837727,0.571786,-12.650042,86.4446,1.491976
CID22,0.839118,1.249716,-9.276792,75.0612,4.323752
CID22,0.847985,0.887834,-9.151777,81.6811,3.921439
CID22,0.848543,0.462943,-12.926011,87.7845,2.097302
CID22,0.851259,1.464637,-8.139012,71.9138,4.627562
CID22,0.851642,1.120615,-8.646221,78.1466,2.672829
CID22,0.852310,1.036833,-10.688403,76.8704,4.204270
CID22,0.852371,1.227583,-9.269523,75.7823,4.405902
CID22,0.856731,1.117661,-10.298157,76.9716,4.387729
CID22,0.859597,0.350914,-14.111470,90.3353,0.913110
CID22,0.860385,0.293712,-14.030025,91.3272,1.253435
CID22,0.861021,1.007097,-9.591124,79.8051,2.882546
CID22,0.864242,1.369806,-9.020553,73.1854,4.435595
CID22,0.867878,1.056382,-10.841036,77.6057,4.372508
CID22,0.873356,0.906020,-10.307311,81.4266,2.198665
CID22,0.277319,3.517779,-2.272624,50.7116,4.723293
CID22,0.337911,3.495690,-1.937897,48.9197,4.879325
CID22,0.391031,3.293196,-2.360782,53.8711,4.796267
CID22,0.400496,2.636844,-4.830755,59.5425,3.840675
CID22,0.439511,3.783445,-1.419932,48.5574,5.743040
CID22,0.472721,2.704093,-4.090220,58.2530,4.275538
CID22,0.474359,3.049340,-2.557364,53.2772,4.180757
CID22,0.484335,3.476330,-3.067437,49.6772,7.757755
CID22,0.487455,2.570965,-4.552648,60.0957,4.578557
CID22,0.488845,3.021176,-3.136735,56.0758,4.594522
CID22,0.533617,2.526407,-4.416225,59.5480,3.411369
CID22,0.534737,2.114304,-6.542355,64.6306,3.469601
CID22,0.544778,2.943199,-2.574534,56.6013,4.926837
CID22,0.545643,2.674694,-3.628765,56.8053,3.858607
CID22,0.560272,2.390019,-5.537216,63.2365,3.628761
CID22,0.564718,2.856410,-3.970397,57.0057,7.832030
CID22,0.565819,2.183584,-5.843485,64.3783,3.671808
CID22,0.567682,2.156010,-5.763314,64.5103,3.773666
CID22,0.576614,1.749718,-7.640961,69.1371,3.862386
CID22,0.592717,2.282783,-5.503753,63.6240,4.336190
CID22,0.595789,1.887543,-6.962023,66.7635,3.328204
CID22,0.599639,2.272182,-5.720058,62.7903,3.403568
CID22,0.606496,2.279025,-5.480484,64.0060,3.831060
CID22,0.606667,2.395181,-4.986437,61.4880,6.241222
CID22,0.608358,2.125219,-6.577862,66.3431,3.303188
CID22,0.610513,1.920950,-6.656541,67.3528,3.666313
CID22,0.614641,1.946551,-6.365947,67.0678,3.362423
CID22,0.626355,1.538175,-8.280827,71.4996,2.890028
CID22,0.641973,1.687632,-7.649091,69.5959,2.920940
CID22,0.644054,1.898265,-6.749701,68.5852,3.579363
CID22,0.654770,2.065965,-5.764879,64.9643,4.948454
CID22,0.663973,1.631501,-7.318455,70.8041,3.006839
CID22,0.664728,1.765809,-7.210911,69.2399,2.626836
CID22,0.666558,1.538367,-7.669995,71.8437,3.499420
CID22,0.670038,1.760750,-7.131427,69.6566,3.002995
CID22,0.673942,1.720240,-7.504606,70.8432,2.893624
CID22,0.687856,1.337024,-8.952352,73.8988,3.421848
CID22,0.690329,1.704622,-7.659739,71.3287,3.678486
CID22,0.693884,1.657262,-7.030076,70.3461,4.061676
CID22,0.698029,1.481053,-8.381275,72.0345,2.633037
CID22,0.702305,1.518454,-7.496014,71.9886,2.914190
CID22,0.707166,1.516851,-8.672137,72.2190,2.544501
CID22,0.717053,1.690298,-7.543135,71.2892,2.788320
CID22,0.718445,1.322996,-8.379116,74.7160,2.427049
CID22,0.722767,1.393381,-7.873743,74.2476,2.571135
CID22,0.723108,1.474955,-8.685426,73.7111,2.956544
CID22,0.734281,1.397754,-7.878747,73.9800,3.858572
CID22,0.736554,1.154814,-9.932169,76.2967,2.702101
CID22,0.738518,1.455405,-7.830739,73.1729,2.588793
CID22,0.743608,1.254167,-9.100035,75.5894,2.507431
CID22,0.752230,1.391296,-9.187892,74.7158,2.860450
CID22,0.752748,1.304551,-9.486020,74.8651,2.454659
CID22,0.762037,1.254164,-8.966616,77.1054,2.296515
CID22,0.767468,1.133390,-9.038512,77.6490,2.117354
CID22,0.771221,1.287628,-8.567823,75.6072,2.881308
CID22,0.771645,1.219204,-8.430616,76.4458,3.556959
CID22,0.774052,1.082746,-8.478393,78.6220,2.199275
CID22,0.780612,1.071137,-10.022911,78.3254,2.249185
CID22,0.785526,1.355649,-9.324720,75.6543,2.587111
CID22,0.791035,0.858114,-11.337920,80.4522,2.421982
CID22,0.797033,1.034622,-10.834858,78.5821,2.048195
CID22,0.800655,1.115081,-9.048835,77.9682,2.840861
CID22,0.808306,1.052135,-9.133440,78.6542,3.122357
CID22,0.811832,1.032028,-9.405272,80.6364,1.982437
CID22,0.817234,1.005187,-9.375132,79.5430,1.846680
CID22,0.818817,1.222287,-10.023664,77.0938,2.648983
CID22,0.822666,0.951977,-8.683447,81.0284,2.012650
CID22,0.827433,0.807332,-11.324339,82.4569,1.705951
CID22,0.832354,1.019678,-9.371543,79.4072,2.160963
CID22,0.833953,0.688683,-12.098991,83.0741,2.056916
CID22,0.835502,0.963571,-11.411616,79.6760,1.879352
CID22,0.837379,1.092207,-10.747582,79.2355,2.282320
CID22,0.839412,0.948644,-9.426317,80.5524,2.603808
CID22,0.844501,0.807717,-10.044163,83.4053,1.640465
CID22,0.847064,0.877905,-9.633577,81.3243,1.936426
CID22,0.849346,0.886144,-9.589490,81.4488,2.076983
CID22,0.850238,0.571267,-12.679132,86.1423,1.358373
CID22,0.851209,1.025365,-11.105146,80.2653,2.174793
CID22,0.856976,0.708921,-10.043079,84.1692,2.130300
CID22,0.858657,0.539702,-10.301787,87.7990,1.168248
CID22,0.859938,0.747320,-12.226849,82.2892,1.757842
CID22,0.861141,0.417790,-13.731581,87.7649,1.679600
CID22,0.862367,0.925956,-11.373745,81.7015,2.113249
CID22,0.862901,0.672715,-10.361679,84.7026,1.526825
CID22,0.863145,0.707725,-10.067600,84.0866,1.766266
CID22,0.863568,0.335531,-14.482118,90.5202,0.818309
CID22,0.863569,0.450322,-11.887089,89.0880,1.300850
CID22,0.864665,0.528880,-10.707615,87.3672,1.505394
CID22,0.866850,0.262882,-14.668705,91.1312,1.178485
CID22,0.867249,0.827300,-12.086776,83.4781,1.935300
CID22,0.867421,0.475203,-11.884252,88.0865,1.149353
CID22,0.421354,2.691242,-2.301002,58.0488,5.084629
CID22,0.497143,2.218852,-2.743495,60.1120,5.271871
CID22,0.552457,2.274130,-1.816779,63.7273,4.959837
CID22,0.587856,2.098417,-3.960429,66.0258,6.251848
CID22,0.588960,2.696284,-3.040552,57.6671,6.298180
CID22,0.599181,1.952054,-5.690283,66.2333,4.275747
CID22,0.612239,2.754052,-1.856752,59.4037,13.132854
CID22,0.612865,2.028305,-3.332362,62.7852,4.340540
CID22,0.614849,2.628234,-2.604045,59.9768,5.860159
CID22,0.620311,2.562515,-2.002882,60.4304,5.983191
CID22,0.629652,1.843152,-4.065132,67.8103,4.217154
CID22,0.645851,1.733176,-4.982322,70.5793,4.117650
CID22,0.654837,2.177739,-4.329246,64.5167,5.140646
CID22,0.674479,1.833371,-4.543851,65.5182,4.068466
CID22,0.678320,1.550865,-5.800581,72.5149,4.407626
CID22,0.684455,1.656991,-6.747955,70.9425,3.863632
CID22,0.695290,2.125966,-4.166309,66.1637,4.812685
CID22,0.698102,1.875616,-5.655181,68.7899,5.592264
CID22,0.700153,2.169888,-2.905117,65.5041,6.017416
CID22,0.701567,1.502417,-5.397688,72.5969,3.054453
CID22,0.708452,1.864600,-4.294789,69.0943,4.946457
CID22,0.717614,1.882668,-5.420068,67.6348,5.049004
CID22,0.728142,1.309736,-8.052239,74.7628,3.423617
CID22,0.729587,1.261229,-8.401631,76.1422,3.426845
CID22,0.738039,1.868726,-5.069036,68.7984,4.478396
CID22,0.740200,1.345059,-6.744764,75.6229,3.600389
CID22,0.746746,1.535401,-6.815984,73.2458,4.296090
CID22,0.748061,1.691327,-5.075609,71.3889,4.500020
CID22,0.748247,1.269708,-6.642902,76.0703,2.943648
CID22,0.749134,1.694214,-5.764117,70.6230,4.672202
CID22,0.754504,1.166390,-9.140370,77.3347,2.958945
CID22,0.755522,1.158230,-8.757409,77.3366,3.320940
CID22,0.759647,1.682518,-5.297077,71.2255,4.193345
CID22,0.772146,1.388390,-6.991123,75.0577,3.742997
CID22,0.773244,1.430559,-7.614619,74.9513,4.846510
CID22,0.774327,1.303464,-6.970729,76.5098,3.299261
CID22,0.775586,1.533944,-6.273285,73.6927,3.742294
CID22,0.779501,1.087441,-8.124488,79.0929,2.609932
CID22,0.780290,1.373989,-6.410141,75.9995,3.962025
CID22,0.783887,1.035706,-9.713843,78.8147,2.580671
CID22,0.787327,1.053760,-9.225945,78.4549,3.087269
CID22,0.799003,1.179935,-7.466891,77.3924,3.444825
CID22,0.799019,1.264325,-8.411444,77.0883,4.139338
CID22,0.801771,1.219110,-7.131968,77.2933,3.088780
CID22,0.802638,1.393763,-6.470917,75.1669,3.513124
CID22,0.805621,1.426427,-6.611126,75.2725,3.377624
CID22,0.807788,0.952739,-8.757785,80.6247,2.444927
CID22,0.811402,0.873940,-10.094419,81.4128,2.332650
CID22,0.812800,1.121800,-7.342084,79.3141,3.349444
CID22,0.813882,0.880644,-10.353707,81.1207,2.839528
CID22,0.816675,1.223796,-8.748147,77.9574,3.195076
CID22,0.819507,1.084510,-7.854208,79.2693,2.881429
CID22,0.821009,1.020811,-8.342502,79.8285,2.967378
CID22,0.828967,1.114490,-8.075219,78.9526,2.642300
CID22,0.834163,0.796177,-10.845253,83.4375,2.008686
CID22,0.834330,0.813498,-10.222708,82.5354,2.426934
CID22,0.835645,0.662152,-11.762618,84.2339,2.800988
CID22,0.836823,1.196140,-7.228196,77.8301,3.321178
CID22,0.837143,1.157085,-8.977370,78.7245,3.275160
CID22,0.837410,0.914993,-8.388368,82.1106,2.402063
CID22,0.839818,0.965693,-8.339845,81.0974,2.550401
CID22,0.841223,0.913063,-8.830861,81.6080,2.349278
CID22,0.853507,0.936261,-8.559581,81.2275,2.189621
CID22,0.853640,1.048850,-9.713888,80.0804,3.280475
CID22,0.855048,0.619450,-11.498540,85.9900,1.542131
CID22,0.857818,0.875723,-8.648582,82.3191,2.944942
CID22,0.858151,0.539476,-12.251636,86.1034,1.986639
CID22,0.863036,0.823517,-9.152287,83.0379,2.117371
CID22,0.867524,0.745774,-10.412847,83.8023,2.145323
CID22,0.868633,0.814353,-8.891786,84.0191,2.313973
CID22,0.870037,0.945094,-8.546879,81.1283,2.537148
CID22,0.873256,0.957913,-10.004035,81.6921,3.123422
CID22,0.879087,0.799258,-9.097868,83.6711,2.031468
CID22,0.881615,0.459449,-12.486938,88.6393,1.337508
CID22,0.886636,0.345054,-13.431064,89.9915,2.002537
CID22,0.886645,0.755838,-10.106609,84.0669,2.110403
CID22,0.887638,0.887617,-10.330842,82.4963,2.749793
CID22,0.887715,0.631427,-9.946268,85.9335,1.875955
CID22,0.889024,0.611202,-11.655168,86.2381,1.600395
CID22,0.890054,0.671215,-9.891817,85.0950,1.675290
CID22,0.890223,0.643626,-9.858400,85.7681,1.909593
CID22,0.890357,0.480053,-10.170978,88.6517,1.490393
CID22,0.891965,0.803789,-10.550733,83.5515,2.502345
CID22,0.892674,0.485687,-10.511579,88.2143,1.359458
CID22,0.893674,0.276823,-14.229304,91.8623,0.789676
CID22,0.893976,0.232929,-14.415565,92.5427,1.562616
CID22,0.894764,0.445372,-11.428452,88.3993,1.355641
CID22,0.898431,0.480898,-11.058666,88.2153,1.468194
CID22,0.429112,3.046835,-2.415603,54.6979,4.930673
CID22,0.449027,2.745741,-1.615668,56.5754,4.845170
CID22,0.528104,2.814584,-2.814029,58.1703,5.882686
CID22,0.535648,2.403710,-2.830768,59.9549,4.634151
CID22,0.547822,3.120582,-2.140588,56.0132,6.936599
CID22,0.553824,2.901668,-4.126544,55.6907,6.931934
CID22,0.555134,2.471270,-4.099302,62.2887,4.959825
CID22,0.580563,2.749033,-2.967423,60.0370,6.764165
CID22,0.581790,2.909979,-0.999104,58.5311,5.709593
CID22,0.585071,2.241786,-4.193578,63.6694,4.054371
CID22,0.603276,2.127750,-4.167562,62.9771,3.782310
CID22,0.611449,2.447743,-4.346123,61.8835,5.000792
CID22,0.622999,2.377301,-3.851979,63.2941,4.739779
CID22,0.643222,2.517133,-2.949371,62.0335,5.060626
CID22,0.644729,2.003463,-5.598150,66.6637,4.079461
CID22,0.647435,2.322553,-2.353564,64.8700,3.712782
CID22,0.649127,1.611681,-8.010639,70.7997,3.336602
CID22,0.651571,2.216793,-4.167596,65.3943,4.279097
CID22,0.658598,2.159704,-4.459478,64.9535,4.220514
CID22,0.667674,2.007579,-4.617275,67.5675,4.883360
CID22,0.672347,1.690926,-6.486908,70.1953,3.678120
CID22,0.674036,1.877350,-4.940105,69.0897,3.939729
CID22,0.675285,1.830548,-5.143006,68.8419,4.284813
CID22,0.690841,2.089119,-3.073936,67.2094,3.478699
CID22,0.691905,1.890080,-5.411172,68.3098,4.161170
CID22,0.692690,2.001716,-5.013608,67.1500,3.744022
CID22,0.695891,1.975930,-4.447269,67.7906,4.167070
CID22,0.698548,1.494503,-8.669319,72.2639,2.993398
CID22,0.701076,1.513277,-7.409285,72.4329,3.732381
CID22,0.709723,1.656308,-5.777853,70.8848,3.579211
CID22,0.715965,1.703697,-6.012868,71.5277,4.042946
CID22,0.716347,1.552852,-5.901456,73.1711,3.279226
CID22,0.719929,1.570013,-5.968675,72.3572,3.551280
CID22,0.724582,1.381148,-7.860015,73.9599,3.406379
CID22,0.726028,1.681307,-5.702518,71.3261,3.815396
CID22,0.726664,1.642532,-6.021359,72.4734,3.361991
CID22,0.731350,1.597259,-5.986877,72.8067,3.323495
CID22,0.732542,1.458754,-5.889554,73.7510,3.406277
CID22,0.733314,1.306270,-9.092935,73.2682,2.719276
CID22,0.737237,1.572212,-6.524506,73.6965,3.827152
CID22,0.747669,1.381013,-6.427480,75.0200,3.620910
CID22,0.753638,1.391875,-6.174370,74.6579,3.217845
CID22,0.754484,1.337367,-6.421644,75.7950,2.875166
CID22,0.755965,1.455599,-7.538098,74.5596,2.902945
CID22,0.757195,1.638939,-5.638752,71.9512,3.405169
CID22,0.764585,1.403808,-7.477137,75.5785,3.775853
CID22,0.765758,1.228425,-8.912986,76.2910,3.130458
CID22,0.766626,1.133338,-9.778907,75.1183,2.171277
CID22,0.767051,1.320281,-6.900142,76.0692,3.265150
CID22,0.776227,1.198697,-6.734872,76.9908,2.971606
CID22,0.776415,1.305856,-6.363667,75.9245,3.162645
CID22,0.784716,1.349770,-7.781916,76.2188,3.345842
CID22,0.787322,1.340776,-8.180839,76.2414,2.814424
CID22,0.791699,1.264825,-6.911866,76.3334,2.630590
CID22,0.793944,1.181511,-6.845738,77.7347,2.666832
CID22,0.796208,1.001265,-10.409576,79.2392,2.130358
CID22,0.799049,0.947101,-10.861348,80.3404,3.356920
CID22,0.799384,1.208368,-6.811943,77.3199,3.172863
CID22,0.799505,1.040367,-7.032152,79.7007,2.255034
CID22,0.802309,1.094889,-7.073425,78.6803,2.647700
CID22,0.805831,1.274843,-8.046690,77.2680,3.348373
CID22,0.817223,1.142604,-10.127425,78.3976,2.494407
CID22,0.819790,1.077298,-7.648505,78.7193,2.274920
CID22,0.822363,1.104870,-7.269696,79.2309,2.330621
CID22,0.829083,0.779993,-11.823244,82.3190,1.738750
CID22,0.829513,1.173598,-8.375835,78.7178,2.976599
CID22,0.832106,0.906810,-7.308044,81.5173,2.327209
CID22,0.833075,0.989374,-7.449790,79.8807,2.468290
CID22,0.833226,1.091764,-7.448668,79.1182,2.574070
CID22,0.836576,0.822231,-11.313335,82.4085,2.319860
CID22,0.841787,1.042519,-7.578089,79.8208,2.414475
CID22,0.844035,0.906523,-8.349035,80.7805,2.229057
CID22,0.844119,1.016832,-10.751080,79.9806,2.345014
CID22,0.847640,1.066057,-8.896318,80.2371,2.647558
CID22,0.853398,0.567045,-12.938391,85.3732,1.372577
CID22,0.855755,0.825987,-8.277674,82.3665,1.978433
CID22,0.862026,0.992150,-7.549623,80.4779,2.102275
CID22,0.864979,0.923022,-7.996260,81.3866,2.142275
CID22,0.866632,0.989832,-9.334230,81.1795,2.775016
CID22,0.871526,0.506720,-12.548596,87.5186,1.757463
CID22,0.871777,0.782720,-10.626241,82.4498,2.108356
CID22,0.871895,0.581563,-8.465649,86.0033,2.066585
CID22,0.872229,0.612669,-10.315363,85.0143,1.721467
CID22,0.873007,0.351860,-13.945947,89.4453,0.870652
CID22,0.873373,0.679909,-9.170154,84.6272,1.732927
CID22,0.874176,0.903194,-9.852489,82.4167,2.863266
CID22,0.874484,0.795847,-8.231744,82.7319,1.869340
CID22,0.874825,0.791873,-8.409751,82.8975,1.719111
CID22,0.876606,0.333234,-13.083229,90.6277,1.262999
CID22,0.879551,0.659675,-9.806885,84.8037,1.660615
CID22,0.880105,0.813330,-10.444351,84.0625,2.401142
CID22,0.428159,3.392694,-2.964073,48.1462,5.493958
CID22,0.463730,2.883145,-3.943043,54.1671,4.916123
CID22,0.511724,3.235177,-3.129657,53.9492,4.733558
CID22,0.533838,2.545170,-4.656934,57.5777,5.069217
CID22,0.567296,3.067827,-3.570942,52.3451,6.311716
CID22,0.602840,2.979365,-3.897604,54.0289,4.932389
CID22,0.606310,3.245654,-3.359358,49.4849,8.036274
CID22,0.616943,2.568955,-3.818373,57.7363,4.685543
CID22,0.633703,2.072020,-6.211215,63.3831,4.512238
CID22,0.636314,2.329894,-4.084547,63.0767,4.354035
CID22,0.652824,2.341377,-4.255936,59.7414,4.192590
CID22,0.654608,3.173426,-3.398251,50.6521,5.770085
CID22,0.670044,1.995167,-5.482147,65.4352,4.308370
CID22,0.670620,2.606584,-4.298077,56.4909,6.931486
CID22,0.672923,2.268262,-4.072282,61.2794,4.186095
CID22,0.681976,2.372891,-4.300348,61.0257,4.048078
CID22,0.682434,1.722608,-7.367900,67.6803,4.026586
CID22,0.695136,2.109139,-4.720588,65.4960,4.147256
CID22,0.711176,2.565129,-4.247417,58.7069,4.429852
CID22,0.713783,2.269759,-4.500358,61.3950,4.142750
CID22,0.714979,2.236010,-4.786301,61.0400,5.364482
CID22,0.726742,1.631175,-7.837547,69.5006,3.493810
CID22,0.729643,1.497661,-8.186224,70.5003,3.782553
CID22,0.729649,2.016983,-5.442419,64.2904,4.294445
CID22,0.730899,1.365156,-7.672609,73.7282,2.694861
CID22,0.733463,2.085411,-5.238709,64.4236,3.873109
CID22,0.740029,1.742977,-6.856584,70.3812,4.148633
CID22,0.750591,2.013136,-5.139725,64.7944,3.711295
CID22,0.756191,1.941350,-5.927187,64.9576,4.066070
CID22,0.763781,1.893545,-5.685539,65.4458,5.270315
CID22,0.764704,1.471190,-8.423269,71.3726,3.048153
CID22,0.771008,1.715814,-6.508554,69.0091,3.500019
CID22,0.772776,1.761414,-5.998154,66.9464,3.899908
CID22,0.776072,1.530817,-8.105070,73.1294,4.098919
CID22,0.780067,1.373419,-8.348541,72.3173,3.819863
CID22,0.781022,1.659502,-6.187384,69.3667,3.320847
CID22,0.781377,1.226078,-7.980980,75.8465,3.421962
CID22,0.788067,1.705026,-6.392071,68.3144,3.874589
CID22,0.789351,1.547848,-6.865196,70.5853,4.109017
CID22,0.790791,1.624079,-6.272578,69.5542,3.176830
CID22,0.790863,1.298009,-8.872647,74.2644,3.014354
CID22,0.795954,1.160040,-9.478445,75.3539,3.370388
CID22,0.797251,1.648030,-6.859594,70.4499,2.960540
CID22,0.798650,1.418624,-7.136395,72.9012,3.055600
CID22,0.801906,1.479029,-7.078558,71.3850,4.455594
CID22,0.802233,1.422933,-8.566988,74.5651,3.937800
CID22,0.802838,1.539211,-6.990636,70.8827,5.327004
CID22,0.811661,1.394065,-7.280477,72.6760,4.312933
CID22,0.814308,1.117754,-10.127350,77.4964,2.484870
CID22,0.814433,1.258691,-6.976840,75.0032,2.500930
CID22,0.814997,0.873925,-11.470207,79.8983,3.006020
CID22,0.817400,1.102481,-8.389156,78.1661,2.905416
CID22,0.818298,1.224862,-7.681193,75.4770,2.742966
CID22,0.819813,1.460028,-7.184459,72.0972,3.759772
CID22,0.822097,1.252793,-7.766215,75.6283,2.416678
CID22,0.828086,1.167767,-9.719551,77.6778,2.933055
CID22,0.839887,0.721666,-12.106068,82.2141,2.691920
CID22,0.841868,1.022187,-7.749567,79.0452,2.032224
CID22,0.842347,1.416946,-7.451156,72.7268,4.402335
CID22,0.842652,1.251002,-7.697323,74.9386,3.816033
CID22,0.844420,1.002667,-10.912131,79.6192,2.419402
CID22,0.845060,1.109317,-8.088614,77.8624,2.505626
CID22,0.850024,1.046356,-8.403330,78.8476,2.250153
CID22,0.858696,0.990927,-10.503841,79.8121,2.206459
CID22,0.859518,0.979765,-8.513855,79.3287,2.285411
CID22,0.863742,1.303604,-8.189685,74.7644,4.108991
CID22,0.868023,1.105776,-8.283070,77.0480,2.711555
CID22,0.869448,0.905764,-7.836207,80.7413,1.840028
CID22,0.870446,1.010553,-8.350830,79.3162,2.381289
CID22,0.877875,0.447770,-13.781229,87.1015,2.258461
CID22,0.881528,0.869770,-9.288405,81.6615,2.093456
CID22,0.888459,1.187257,-8.696486,76.5090,3.292281
CID22,0.893591,1.008811,-8.447516,78.5816,3.804501
CID22,0.894338,0.772146,-9.169799,83.2078,1.823426
CID22,0.894715,0.768663,-12.077389,82.6437,1.785007
CID22,0.894719,0.776748,-9.310375,83.1531,1.694712
CID22,0.894764,0.526771,-8.996907,86.8899,1.220275
CID22,0.894807,0.762900,-11.907857,82.6580,2.117218
CID22,0.894813,1.124172,-9.049841,77.3594,2.874991
CID22,0.894844,0.966829,-8.636641,81.0326,3.130559
CID22,0.894856,0.546099,-13.190269,86.6811,1.431950
CID22,0.894861,0.497840,-11.673518,87.3800,1.202464
CID22,0.894918,0.283475,-14.463095,90.4430,1.784929
CID22,0.894924,0.599391,-9.893575,86.0286,1.622546
CID22,0.894931,1.027140,-9.367984,79.1401,2.770406
CID22,0.895040,0.724932,-9.406342,83.5890,1.904725
CID22,0.895049,0.579555,-10.554874,86.2665,1.308902
CID22,0.895052,0.337326,-14.556605,90.5015,0.962486
CID22,0.895165,0.894431,-10.170398,81.1201,2.512727
CID22,0.398584,2.988645,-1.051905,52.1099,6.524016
CID22,0.466230,2.725738,-1.830066,54.3679,4.537550
CID22,0.473314,2.847204,-3.132906,53.9841,6.453124
CID22,0.474328,2.326563,-2.695579,61.3616,5.003087
CID22,0.495385,2.750876,-0.498708,57.6568,4.647451
CID22,0.523574,2.296321,-3.889273,60.4889,4.127469
CID22,0.526971,2.426037,-2.902996,58.1208,4.899930
