dataset,human_score,v02_distance,v04_distance,fast_ssim2_score,butter_3norm
KADIK10k,0.892500,0.000000,-56.855515,100.0000,0.000000
KADIK10k,0.832500,0.572660,-45.812851,83.8613,3.545688
KADIK10k,0.417500,2.254488,-16.902929,55.3828,6.626598
KADIK10k,0.167500,6.015852,16.900869,17.5260,15.727725
KADIK10k,0.025000,17.256500,81.681549,-48.3127,36.807556
KADIK10k,0.707500,1.139673,-35.341190,72.1814,5.559476
KADIK10k,0.317500,2.843834,-4.456491,47.8908,7.581688
KADIK10k,0.132500,7.686059,25.150694,4.5825,20.283508
KADIK10k,0.057500,12.643953,53.106766,-28.7274,27.607094
KADIK10k,0.050000,17.504041,82.573174,-49.2255,37.544106
KADIK10k,0.932500,0.000000,-56.855515,100.0000,0.000000
KADIK10k,0.742500,1.076549,-36.321243,74.1869,5.757205
KADIK10k,0.425000,2.712221,-8.559001,52.2591,8.554745
KADIK10k,0.257500,4.467325,8.691399,34.2626,14.596061
KADIK10k,0.125000,9.939186,36.389381,-10.8277,25.649662
KADIK10k,0.932500,0.598501,-48.566772,80.6859,2.388445
KADIK10k,0.292500,14.796064,85.414886,-39.5081,47.129860
KADIK10k,0.092500,28.754598,170.501495,-63.5790,60.904419
KADIK10k,0.125000,40.028371,251.749283,-65.5358,92.761047
KADIK10k,0.117500,59.423128,376.368103,-190.2047,134.552658
KADIK10k,0.750000,4.611792,-5.461713,43.2079,22.221832
KADIK10k,0.300000,10.012273,24.718218,-2.6760,33.266800
KADIK10k,0.142500,14.381099,46.755375,-28.3112,47.569069
KADIK10k,0.082500,15.783094,54.213840,-35.1272,59.332695
KADIK10k,0.150000,14.801604,47.326912,-34.7067,43.778610
KADIK10k,0.807500,3.406505,0.580516,52.3564,10.803528
KADIK10k,0.850000,4.342233,7.676506,45.5503,11.551066
KADIK10k,0.725000,4.873682,10.972525,41.1701,11.370111
KADIK10k,0.475000,9.180756,29.560192,10.7450,26.020386
KADIK10k,0.317500,13.765933,49.918282,-19.3692,31.160725
KADIK10k,0.432500,8.819948,39.723736,-23.2796,63.766945
KADIK10k,0.375000,14.485171,76.730751,-50.1197,86.868500
KADIK10k,0.317500,17.784889,97.680595,-57.9478,98.139053
KADIK10k,0.367500,21.327106,120.110558,-62.3141,109.648483
KADIK10k,0.300000,34.789188,221.285202,-64.8833,126.945724
KADIK10k,0.925000,0.000000,-56.855515,100.0000,0.000000
KADIK10k,0.692500,8.605416,36.125904,-1.1345,32.272312
KADIK10k,0.432500,16.256827,85.427071,-42.9346,47.026043
KADIK10k,0.242500,28.640867,159.286896,-63.6608,60.793560
KADIK10k,0.167500,56.363194,354.610718,-127.2273,116.699402
KADIK10k,0.900000,0.556896,-48.015259,86.7772,1.455036
KADIK10k,0.917500,1.524995,-29.111418,71.1123,3.792891
KADIK10k,0.850000,2.227824,-16.671150,60.5628,4.392092
KADIK10k,0.475000,6.759636,21.822849,14.4128,11.570632
KADIK10k,0.092500,15.316681,70.856201,-40.4523,22.697723
KADIK10k,0.842500,2.335920,-16.738668,60.4700,4.656760
KADIK10k,0.732500,2.658325,-10.763652,55.7768,4.712063
KADIK10k,0.692500,3.923335,3.223733,41.4704,7.314065
KADIK10k,0.145000,13.870586,65.104767,-35.8043,11.960406
KADIK10k,0.042500,24.697390,132.086960,-62.1193,18.062387
KADIK10k,0.757500,3.151997,3.913054,54.8433,5.023873
KADIK10k,0.567500,5.286437,15.141222,36.8666,7.021814
KADIK10k,0.417500,7.122745,24.015202,23.7806,8.042836
KADIK10k,0.317500,10.040039,38.228310,6.5633,10.865544
KADIK10k,0.342500,15.513238,65.437904,-19.5461,14.348342
KADIK10k,0.857500,1.256288,-30.934769,76.2620,3.158984
KADIK10k,0.675000,4.162678,9.317258,46.0615,6.467969
KADIK10k,0.442500,6.803177,22.666458,26.8959,8.670089
KADIK10k,0.342500,11.209938,44.307835,1.6495,11.719224
KADIK10k,0.242500,14.393105,59.781479,-11.9155,13.032950
KADIK10k,0.667500,2.349243,-12.025927,39.8192,12.392852
KADIK10k,0.467500,5.693941,15.359607,-7.6701,21.721807
KADIK10k,0.400000,8.620394,29.957510,-31.6498,26.192482
KADIK10k,0.267500,12.998941,52.067894,-50.5489,29.617691
KADIK10k,0.257500,16.888874,72.224739,-59.0633,40.604134
KADIK10k,0.892500,1.126402,-32.032333,75.9625,4.090107
KADIK10k,0.642500,3.689500,7.043312,46.8844,7.810059
KADIK10k,0.532500,6.067764,19.125753,29.4251,10.319374
KADIK10k,0.375000,9.776745,37.904869,6.7613,15.883890
KADIK10k,0.317500,16.800211,74.833092,-24.9093,19.790255
KADIK10k,0.642500,5.555913,12.706100,26.9096,7.411006
KADIK10k,0.407500,9.448328,32.485619,-4.6268,11.313894
KADIK10k,0.192500,12.357495,47.633987,-21.1214,15.545019
KADIK10k,0.100000,20.281573,86.532799,-50.2682,18.590460
KADIK10k,0.082500,27.870500,126.211494,-61.8554,28.635799
KADIK10k,0.842500,1.336746,-38.861141,71.4976,10.967448
KADIK10k,0.867500,3.037496,-19.983335,43.0134,21.992031
KADIK10k,0.735000,7.564049,8.474386,-8.5939,43.897873
KADIK10k,0.542500,17.994513,52.688343,-57.4511,76.340820
KADIK10k,0.295000,37.255129,157.994385,-67.6250,121.337700
KADIK10k,0.875000,0.546826,-48.501728,86.1920,5.160231
KADIK10k,0.892500,1.302910,-36.562481,69.9692,10.675606
KADIK10k,0.832500,3.195999,-5.642684,34.8187,20.905283
KADIK10k,0.600000,9.470632,27.413673,-34.6399,41.570442
KADIK10k,0.282500,32.094603,156.147202,-70.5632,75.802368
KADIK10k,0.875000,4.764288,-2.076534,40.0716,24.870426
KADIK10k,0.892500,2.099563,-33.961235,70.6329,12.670690
KADIK10k,0.892500,0.000000,-56.855515,100.0000,0.000000
KADIK10k,0.842500,2.514923,-25.363008,47.5295,12.446311
KADIK10k,0.742500,6.182872,8.533745,-2.4261,23.365595
KADIK10k,0.882500,1.518093,-33.434071,78.1960,3.661230
KADIK10k,0.732500,2.453474,-19.172745,66.6186,5.330354
KADIK10k,0.442500,5.571589,9.802465,26.4032,13.838297
KADIK10k,0.132500,6.838899,16.280880,18.5313,16.478193
KADIK10k,0.092500,11.657441,41.506649,-18.2458,27.337738
KADIK10k,0.882500,3.453443,-7.719581,33.3928,37.465786
KADIK10k,0.725000,5.902738,8.404007,13.4306,54.757946
KADIK10k,0.750000,7.559175,11.970646,1.7401,87.785065
KADIK10k,0.582500,8.249024,15.861550,-4.1869,77.612076
KADIK10k,0.557500,9.400110,26.593792,-12.4476,79.554733
KADIK10k,0.592500,4.970751,0.383163,33.8184,22.350279
KADIK10k,0.392500,5.690484,6.033401,29.8287,23.065758
KADIK10k,0.257500,5.150235,1.975844,35.1707,20.339550
KADIK10k,0.282500,5.177426,4.740253,34.4481,18.863596
KADIK10k,0.107500,11.510731,32.706665,-16.3184,43.453403
KADIK10k,0.907500,2.600230,-11.811740,54.7749,6.654066
KADIK10k,0.750000,3.802882,2.000791,41.5164,10.541311
KADIK10k,0.750000,5.485453,9.760751,26.4844,11.826936
KADIK10k,0.550000,9.999156,34.077374,-11.7124,26.089672
KADIK10k,0.300000,17.765225,75.922722,-41.0729,31.307325
KADIK10k,0.432500,14.917375,49.913097,-38.9783,97.294296
KADIK10k,0.292500,16.453356,69.973015,-54.8449,84.834648
KADIK10k,0.300000,25.829521,121.988419,-63.0539,114.690521
KADIK10k,0.342500,28.538191,149.650146,-63.4669,98.475578
KADIK10k,0.142500,29.814060,148.576187,-63.7440,113.716614
KADIK10k,0.642500,7.053617,9.010933,8.3338,19.492596
KADIK10k,0.375000,14.055711,42.186169,-40.8369,32.508911
KADIK10k,0.217500,20.193054,74.922104,-58.1645,40.654667
KADIK10k,0.150000,34.931845,157.311829,-64.3775,62.722507
KADIK10k,0.100000,53.531595,259.606079,-96.8420,85.301064
KADIK10k,0.607500,16.537090,60.816723,-31.4409,25.886452
KADIK10k,0.717500,10.817909,31.399189,-1.0956,18.365759
KADIK10k,0.815000,5.582297,6.426676,38.6902,10.809422
KADIK10k,0.792500,4.956725,8.388866,34.5117,11.891002
KADIK10k,0.567500,14.396423,63.802555,-35.0284,24.734346
KADIK10k,0.875000,0.000000,-56.855515,100.0000,0.000000
KADIK10k,0.792500,1.219993,-36.005104,74.1588,3.194690
KADIK10k,0.267500,5.584011,12.200871,26.8242,7.198390
KADIK10k,0.142500,13.883905,47.915005,-23.7559,12.945907
KADIK10k,0.067500,30.615611,138.000549,-64.1770,29.909891
KADIK10k,0.550000,2.678982,-11.225261,53.4025,5.469287
KADIK10k,0.317500,7.322523,19.340113,15.1702,8.394846
KADIK10k,0.142500,17.475988,63.123466,-37.8800,16.655706
KADIK10k,0.042500,24.893757,102.301086,-60.3294,25.888117
KADIK10k,0.000000,31.019300,140.723694,-64.2011,31.615877
KADIK10k,0.900000,0.000000,-56.855515,100.0000,0.000000
KADIK10k,0.692500,2.075503,-21.527971,61.2199,4.716546
KADIK10k,0.332500,5.369092,11.078778,29.5879,8.107404
KADIK10k,0.200000,8.816331,25.550583,7.5760,11.723263
KADIK10k,0.050000,17.480935,67.343773,-43.5315,22.873093
KADIK10k,0.825000,0.676301,-47.242153,78.4468,3.177042
KADIK10k,0.417500,5.133256,14.219923,25.0181,22.524256
KADIK10k,0.217500,9.371052,37.973930,-3.7631,29.586367
KADIK10k,0.192500,11.481671,48.918278,-13.9995,36.177895
KADIK10k,0.132500,15.130028,69.017456,-32.2710,50.248276
KADIK10k,0.692500,7.832480,16.790775,20.4925,15.202013
KADIK10k,0.200000,14.882054,48.058510,-26.1538,23.960632
KADIK10k,0.082500,19.865438,73.592285,-49.2854,28.181482
KADIK10k,0.092500,22.514430,86.070847,-55.8722,28.231577
KADIK10k,0.117500,21.650247,81.307770,-55.2264,33.069874
KADIK10k,0.800000,2.571255,-18.779434,59.3576,8.978350
KADIK10k,0.767500,3.093250,-10.120463,54.0825,10.474410
KADIK10k,0.742500,3.534336,0.289285,48.3604,10.409514
KADIK10k,0.675000,5.013407,12.061481,32.5029,24.822409
KADIK10k,0.407500,11.417335,37.391384,0.0101,39.862118
KADIK10k,0.367500,4.604300,0.049449,33.0587,31.963985
KADIK10k,0.342500,7.709373,20.470232,6.0401,43.096722
KADIK10k,0.265000,9.595857,29.528616,-7.0343,48.727589
KADIK10k,0.242500,11.589146,40.083721,-19.1664,54.284676
KADIK10k,0.132500,19.961198,84.003906,-53.8844,51.776638
KADIK10k,0.850000,0.000000,-56.855515,100.0000,0.000000
KADIK10k,0.600000,3.248728,-5.801235,43.0443,21.619957
KADIK10k,0.515000,5.848812,11.067423,21.3705,27.396761
KADIK10k,0.242500,11.031014,34.364239,-12.1523,33.504269
KADIK10k,0.092500,16.277091,62.613976,-35.3232,51.268692
KADIK10k,0.892500,3.313953,-5.253591,53.3607,5.897492
KADIK10k,0.682500,7.262290,19.327951,20.8791,10.181778
KADIK10k,0.517500,8.858912,25.960098,9.3258,13.193338
KADIK10k,0.132500,17.812417,71.515221,-34.0606,16.334698
KADIK10k,0.067500,28.479951,129.597733,-62.0712,22.107954
KADIK10k,0.900000,2.572415,-14.639352,59.5166,4.680719
KADIK10k,0.832500,2.960048,-8.882136,56.2214,4.724612
KADIK10k,0.782500,4.184780,2.601612,45.1823,5.021226
KADIK10k,0.400000,12.948391,45.349136,-14.0546,11.980392
KADIK10k,0.150000,23.020294,100.533607,-50.8176,18.040754
KADIK10k,0.817500,1.781636,-22.623217,69.5642,4.442363
KADIK10k,0.675000,2.773610,-2.095682,58.1569,6.676025
KADIK10k,0.600000,3.620946,3.342893,49.4503,6.993309
KADIK10k,0.432500,4.939088,9.364145,37.7939,8.981427
KADIK10k,0.325000,7.917133,21.937679,14.9127,12.340862
KADIK10k,0.907500,0.798471,-41.362503,83.6410,2.564145
KADIK10k,0.765000,2.147453,-13.952593,64.6298,5.317240
KADIK10k,0.667500,3.390237,2.185379,51.1224,6.866055
KADIK10k,0.400000,5.353247,11.388779,33.9593,10.242333
KADIK10k,0.342500,6.943985,17.996149,20.1967,10.963350
KADIK10k,0.800000,1.951659,-22.175661,47.3869,16.721478
KADIK10k,0.582500,3.589023,2.489276,16.7361,18.539093
KADIK10k,0.432500,5.172826,12.778690,-5.9956,19.914019
KADIK10k,0.382500,7.734008,25.575630,-30.7610,23.762140
KADIK10k,0.242500,10.019131,36.723228,-42.4393,26.009573
KADIK10k,0.832500,0.852816,-37.604355,78.8373,4.469722
KADIK10k,0.592500,2.329511,-6.633634,57.1437,7.760835
KADIK10k,0.425000,3.696575,5.312313,42.4326,10.380338
KADIK10k,0.332500,5.615056,13.490300,24.6415,12.628237
KADIK10k,0.250000,9.786300,30.324951,-5.9864,20.262354
KADIK10k,0.642500,7.220091,21.998857,20.3624,9.561827
KADIK10k,0.442500,12.537596,48.695274,-14.2726,10.862910
KADIK10k,0.257500,15.530442,62.995575,-29.8639,13.233177
KADIK10k,0.125000,21.376012,91.359772,-49.5898,16.695318
KADIK10k,0.125000,25.454642,113.248833,-57.4519,25.611279
KADIK10k,0.850000,2.048036,-30.831038,70.4198,8.809711
KADIK10k,0.850000,4.733619,-0.882516,37.5623,17.414555
KADIK10k,0.692500,12.130950,31.329025,-23.7257,34.068890
KADIK10k,0.475000,28.579686,116.995575,-63.8846,58.658920
KADIK10k,0.207500,43.788429,176.222122,-71.2145,75.335899
KADIK10k,0.875000,0.849405,-43.015003,85.0208,4.310197
KADIK10k,0.907500,1.935547,-26.175035,68.2179,8.848966
KADIK10k,0.832500,4.707777,2.079920,31.1169,17.563963
KADIK10k,0.657500,13.453166,47.154808,-38.3687,34.949524
KADIK10k,0.225000,42.536645,224.247299,-71.8988,63.886410
KADIK10k,0.782500,8.193145,20.647852,2.1923,19.765215
KADIK10k,0.907500,3.130677,-16.732416,56.6029,11.949608
KADIK10k,0.932500,0.000000,-56.855515,100.0000,0.000000
KADIK10k,0.832500,3.426367,-13.052666,39.7851,8.851911
KADIK10k,0.757500,8.796672,19.720404,-12.9938,16.984140
KADIK10k,0.792500,2.943482,-7.379862,51.1734,6.305774
KADIK10k,0.750000,3.717458,1.622859,43.6435,7.101837
KADIK10k,0.557500,7.591647,18.487709,10.5287,13.858192
KADIK10k,0.142500,16.131095,57.396545,-37.6970,19.241402
KADIK10k,0.075000,22.036222,86.734558,-53.0154,24.841204
KADIK10k,0.875000,5.323872,1.420748,19.0241,43.342106
KADIK10k,0.867500,7.943865,20.672029,-7.2782,76.726166
KADIK10k,0.850000,8.471689,20.885733,-10.3137,42.367409
KADIK10k,0.707500,10.844366,33.537472,-25.8900,80.375366
KADIK10k,0.850000,12.844837,40.616013,-34.7692,84.176689
KADIK10k,0.800000,12.807322,39.283718,-13.8433,21.570723
KADIK10k,0.557500,13.335571,41.800198,-19.9111,20.372450
KADIK10k,0.532500,11.749966,35.744160,-12.5947,19.567091
KADIK10k,0.417500,14.495093,46.300701,-23.4975,24.695019
KADIK10k,0.092500,29.085013,124.713318,-62.7807,39.593704
KADIK10k,0.932500,1.647304,-31.822952,72.6983,7.433375
KADIK10k,0.815000,2.450486,-20.937475,67.2936,8.219179
KADIK10k,0.850000,3.487823,-5.890539,57.8679,11.457834
KADIK10k,0.732500,5.476449,3.717498,42.2709,11.885916
KADIK10k,0.550000,8.145161,12.384131,22.7695,15.551949
KADIK10k,0.275000,11.458526,48.404270,-36.8266,69.593399
KADIK10k,0.425000,19.931745,79.092468,-54.0409,77.529930
KADIK10k,0.317500,17.717699,67.298225,-47.4844,75.628204
KADIK10k,0.300000,24.173597,98.985619,-61.5395,74.168503
KADIK10k,0.267500,22.945827,105.019485,-61.2972,92.069275
KADIK10k,0.517500,10.887075,16.383184,-14.7064,17.337656
KADIK10k,0.232500,20.399672,55.392956,-54.7828,30.103386
KADIK10k,0.117500,27.492452,85.789772,-63.2998,40.518791
KADIK10k,0.057500,40.421122,140.914703,-65.2235,58.022629
KADIK10k,0.050000,51.898483,190.113800,-83.9014,82.403893
KADIK10k,0.592500,18.601507,55.180901,-41.8487,19.788147
KADIK10k,0.675000,11.500268,22.582527,-7.1741,14.159984
KADIK10k,0.817500,5.870881,0.741838,37.1598,8.314564
KADIK10k,0.775000,4.889708,1.724473,34.8306,8.905527
KADIK10k,0.582500,12.898635,42.701675,-31.7822,18.145037
KADIK10k,0.925000,0.000000,-56.855515,100.0000,0.000000
KADIK10k,0.907500,0.822821,-41.266335,81.1883,3.145936
KADIK10k,0.500000,3.531609,1.257604,46.3695,7.392219
KADIK10k,0.207500,10.190840,33.782314,-6.0230,15.633318
KADIK10k,0.042500,32.396254,166.627762,-64.2216,39.202190
KADIK10k,0.757500,1.672815,-26.353699,67.4311,5.049536
KADIK10k,0.425000,4.498786,7.332922,36.9492,8.788943
KADIK10k,0.175000,13.173204,47.794918,-22.2749,20.302660
KADIK10k,0.117500,22.899168,102.679611,-57.2712,29.433996
KADIK10k,0.057500,32.601289,166.830551,-64.2235,40.424080
KADIK10k,0.900000,0.000000,-56.855515,100.0000,0.000000
KADIK10k,0.842500,1.293454,-33.364098,72.9778,4.707751
KADIK10k,0.482500,3.330627,-1.489942,47.5379,9.074348
KADIK10k,0.307500,6.744792,16.210302,18.6912,14.268163
KADIK10k,0.157500,14.625499,55.553471,-31.3362,28.957205
KADIK10k,0.900000,1.498130,-37.784725,66.4718,7.871850
KADIK10k,0.475000,14.483841,75.740730,-36.3797,51.215469
KADIK10k,0.132500,29.843468,184.116379,-63.8965,77.137001
KADIK10k,0.050000,37.963425,248.422440,-64.4536,129.205627
KADIK10k,0.025000,40.745122,268.983185,-66.3450,129.201233
KADIK10k,0.945000,4.421466,-5.567987,49.5207,15.642640
KADIK10k,0.412500,12.019130,28.379601,-7.7180,34.087345
KADIK10k,0.250000,20.013060,70.451752,-43.9697,49.405655
KADIK10k,0.217500,22.620742,88.107910,-52.6480,58.191700
KADIK10k,0.307500,25.357562,104.074806,-58.0283,48.038383
KADIK10k,0.750000,4.069167,7.212423,46.0779,11.685785
KADIK10k,0.700000,4.094634,7.066795,42.6630,14.319407
KADIK10k,0.582500,4.811202,10.348101,36.8891,14.867029
KADIK10k,0.457500,7.440941,23.208261,13.9908,18.281738
KADIK10k,0.192500,11.874979,38.979481,-13.4977,33.273190
KADIK10k,0.342500,23.484316,139.491180,-60.4383,115.419106
KADIK10k,0.167500,35.213560,215.191986,-64.2405,153.064560
KADIK10k,0.107500,41.327075,252.670578,-65.9348,170.810822
KADIK10k,0.132500,47.466399,289.822632,-74.6550,188.174744
KADIK10k,0.117500,59.846535,374.418396,-167.0235,174.951431
KADIK10k,0.882500,0.000000,-56.855515,100.0000,0.000000
KADIK10k,0.532500,7.848955,23.078796,8.9648,38.152355
KADIK10k,0.367500,15.996330,63.999397,-36.0752,51.899757
KADIK10k,0.092500,26.684318,131.504578,-61.8005,77.145851
KADIK10k,0.057500,37.219214,199.486771,-64.2302,129.201218
KADIK10k,0.850000,1.922327,-27.424625,68.6887,4.370438
KADIK10k,0.650000,4.665679,1.761265,42.8472,8.777230
KADIK10k,0.525000,6.184960,11.372247,30.4310,10.443065
KADIK10k,0.192500,14.596881,52.171333,-24.1721,21.133202
KADIK10k,0.025000,31.162388,150.139206,-63.3536,38.498672
KADIK10k,0.867500,2.237280,-23.404373,62.9598,4.757709
KADIK10k,0.792500,2.619624,-16.677881,59.5922,4.902146
KADIK10k,0.675000,3.512678,-6.062817,51.2254,5.644201
KADIK10k,0.307500,10.982151,33.794392,-2.8124,19.034771
KADIK10k,0.132500,19.117248,80.045998,-37.5383,22.247221
KADIK10k,0.742500,2.255957,-13.275352,64.6018,6.508901
KADIK10k,0.650000,3.606243,6.557420,51.3109,7.942488
KADIK10k,0.567500,4.760105,13.195332,41.8413,9.970059
KADIK10k,0.482500,6.603898,23.447533,29.4538,12.579216
KADIK10k,0.375000,10.252537,41.328514,7.1585,17.883902
KADIK10k,0.892500,0.894577,-39.606789,81.6198,3.508870
KADIK10k,0.717500,2.695269,-2.674688,59.3218,6.968110
KADIK10k,0.542500,4.335223,10.964344,44.7271,9.553054
KADIK10k,0.475000,6.782733,24.176823,27.2494,13.175187
KADIK10k,0.400000,8.940761,35.293373,14.7046,17.720221
KADIK10k,0.850000,1.539113,-28.442717,66.7870,9.276666
KADIK10k,0.642500,2.994157,0.537917,48.2841,16.636160
KADIK10k,0.457500,4.382173,10.289932,36.8155,17.873318
KADIK10k,0.325000,6.428911,21.184692,21.3081,21.969032
KADIK10k,0.350000,8.101568,29.749168,11.8452,19.953289
KADIK10k,0.850000,1.210503,-32.687702,76.1958,4.398336
KADIK10k,0.625000,3.717725,6.930132,49.2374,8.741891
KADIK10k,0.507500,5.900542,18.277695,31.7085,12.796332
KADIK10k,0.382500,9.116324,35.168697,12.1932,18.543364
KADIK10k,0.292500,15.270719,64.717545,-17.0256,29.159073
KADIK10k,0.782500,4.922532,7.866863,39.9030,14.694551
KADIK10k,0.575000,8.977694,27.630037,6.9660,22.347431
KADIK10k,0.382500,11.274683,38.511936,-6.6466,19.311922
KADIK10k,0.225000,17.993499,73.886986,-35.2658,31.754738
KADIK10k,0.107500,22.702888,96.006714,-50.4918,34.961052
KADIK10k,0.842500,1.446127,-34.302887,73.1850,21.894161
KADIK10k,0.817500,3.302942,-7.201842,46.0132,45.385433
KADIK10k,0.467500,8.500867,23.269878,-7.4406,90.595467
KADIK10k,0.325000,22.385830,98.893341,-60.4736,154.918259
KADIK10k,0.100000,44.226090,242.018204,-75.2877,179.651016
KADIK10k,0.875000,0.911940,-42.545891,83.0938,11.855681
KADIK10k,0.907500,1.980234,-29.038258,69.4821,22.256136
KADIK10k,0.850000,4.439821,-3.006910,41.5935,45.394802
KADIK10k,0.667500,10.999904,30.181938,-11.2790,89.293495
KADIK10k,0.442500,28.910184,111.196762,-62.5535,160.519150
KADIK10k,0.807500,5.971793,6.087398,31.0448,52.889080
KADIK10k,0.932500,2.738936,-25.718204,64.7807,25.937542
KADIK10k,0.875000,0.000000,-56.855515,100.0000,0.000000
KADIK10k,0.867500,3.554674,-14.620007,66.1068,16.754133
KADIK10k,0.800000,7.523403,15.905345,35.1772,33.724258
KADIK10k,0.792500,3.345901,1.039136,55.6094,14.593720
KADIK10k,0.582500,6.616279,17.314608,21.5390,20.107075
KADIK10k,0.542500,7.749211,20.103201,13.2767,24.270922
KADIK10k,0.192500,13.796543,47.764374,-22.8253,23.414413
KADIK10k,0.092500,22.680838,99.439377,-55.2235,32.292309
KADIK10k,0.842500,6.585599,-0.278777,8.6294,66.742477
KADIK10k,0.917500,11.020437,25.500555,-19.4208,77.190132
KADIK10k,0.807500,12.045799,40.608784,-31.0902,86.292915
KADIK10k,0.792500,13.045578,40.581387,-35.2256,80.825851
KADIK10k,0.657500,15.373431,56.989391,-40.9313,76.366348
KADIK10k,0.742500,9.391418,18.537853,11.1347,25.629110
KADIK10k,0.450000,9.554569,20.259964,10.5697,27.827175
KADIK10k,0.432500,8.365720,16.360365,17.0681,23.098112
KADIK10k,0.467500,9.874938,22.749525,8.2745,31.338512
KADIK10k,0.097500,20.787804,73.373505,-45.0366,49.930984
KADIK10k,0.850000,1.169020,-37.652336,76.0389,8.519414
KADIK10k,0.900000,1.426028,-31.875639,72.1946,16.406176
KADIK10k,0.807500,1.943964,-25.119150,65.3965,22.631166
KADIK10k,0.767500,2.662164,-15.217175,57.8768,22.075396
KADIK10k,0.750000,4.761474,-1.575582,39.3275,36.421215
KADIK10k,0.550000,9.430891,31.579491,-19.2628,75.788101
KADIK10k,0.325000,16.361544,69.770454,-47.4583,87.782166
KADIK10k,0.367500,22.223908,97.323875,-54.3741,129.247375
KADIK10k,0.275000,20.419543,87.359108,-50.9262,147.436523
KADIK10k,0.300000,21.827654,95.883789,-56.8509,89.141159
KADIK10k,0.667500,11.064164,21.173855,3.1664,18.757704
KADIK10k,0.367500,20.805099,65.364746,-39.7563,31.186077
KADIK10k,0.225000,28.220926,101.083038,-56.0124,40.039528
KADIK10k,0.100000,42.018658,166.663757,-64.2004,60.547596
KADIK10k,0.032500,55.318799,228.825668,-66.6130,77.459602
KADIK10k,0.667500,18.440754,57.303791,-11.7259,42.041500
KADIK10k,0.710000,12.314234,30.681128,15.3686,28.226778
KADIK10k,0.907500,6.566851,4.128475,48.6108,16.333538
KADIK10k,0.850000,5.191931,7.943295,40.6959,16.195749
KADIK10k,0.667500,14.078469,55.687481,-24.0184,32.110729
KADIK10k,0.942500,0.000000,-56.855515,100.0000,0.000000
KADIK10k,0.825000,0.977253,-39.021664,77.6589,4.012676
KADIK10k,0.375000,4.192763,6.740688,38.3022,8.295439
KADIK10k,0.142500,9.986030,32.618092,-2.2560,13.862969
KADIK10k,0.050000,22.877627,103.361305,-56.9343,31.103960
KADIK10k,0.642500,2.063944,-19.637960,60.3129,6.658597
KADIK10k,0.357500,5.336932,11.818569,28.6545,9.087809
KADIK10k,0.125000,12.336853,43.409164,-15.0480,16.976271
KADIK10k,0.107500,17.690377,72.657967,-42.2708,25.567188
KADIK10k,0.050000,22.851296,103.677048,-57.0690,32.049099
KADIK10k,0.925000,0.000000,-56.855515,100.0000,0.000000
KADIK10k,0.792500,1.847524,-22.874886,61.8646,7.513638
KADIK10k,0.407500,3.609223,2.939955,43.4343,8.503148
KADIK10k,0.232500,6.717229,18.014076,18.4729,13.023247
KADIK10k,0.150000,13.108990,49.012428,-22.1610,21.926287
KADIK10k,0.832500,0.483392,-52.751633,84.4233,3.068832
KADIK10k,0.517500,9.357660,46.957230,-11.0372,38.307243
KADIK10k,0.342500,19.814335,118.352936,-54.2759,60.078892
KADIK10k,0.242500,24.503467,143.081696,-61.0537,64.152992
KADIK10k,0.167500,34.043776,199.003922,-64.2310,110.654655
KADIK10k,0.675000,6.058095,8.766391,32.8422,12.773422
KADIK10k,0.207500,14.051549,37.321522,-15.2845,32.705063
KADIK10k,0.232500,17.063743,52.861511,-28.4508,32.361862
KADIK10k,0.107500,21.863236,76.186234,-44.9841,43.573196
KADIK10k,0.117500,25.042984,96.561546,-55.9837,42.910709
KADIK10k,0.842500,3.992399,4.299366,53.5855,10.933227
KADIK10k,0.857500,5.181489,9.673923,46.3422,11.044624
KADIK10k,0.707500,7.499395,19.123022,29.6567,12.587998
KADIK10k,0.617500,10.734102,34.449753,5.6930,17.933952
KADIK10k,0.432500,16.223786,59.118439,-24.9059,28.586996
KADIK10k,0.425000,6.415452,21.966776,8.0559,44.832108
KADIK10k,0.407500,10.555626,45.862705,-20.3831,61.396053
KADIK10k,0.425000,12.983722,59.306927,-32.1071,69.791191
KADIK10k,0.392500,15.606951,73.824005,-41.8448,78.275444
KADIK10k,0.290000,26.556876,133.002289,-61.4416,98.108536
KADIK10k,0.925000,0.000000,-56.855515,100.0000,0.000000
KADIK10k,0.607500,5.019608,13.293950,25.9310,25.167721
KADIK10k,0.532500,10.236274,47.814587,-16.1579,38.300144
KADIK10k,0.332500,21.891491,121.114052,-57.7263,60.062553
KADIK10k,0.207500,31.556869,174.415726,-64.1854,73.835045
KADIK10k,0.900000,1.434195,-30.761763,74.0305,2.833177
KADIK10k,0.850000,3.634434,-0.519412,50.8195,6.313482
KADIK10k,0.767500,5.279761,11.001692,34.1785,7.790023
KADIK10k,0.182500,11.425783,41.236320,-9.2027,16.817610
KADIK10k,0.057500,21.155415,97.880577,-51.7329,29.748777
KADIK10k,0.817500,2.417114,-14.722828,60.3125,4.527358
KADIK10k,0.775000,2.825008,-8.643807,56.2372,4.633795
KADIK10k,0.717500,3.976315,1.877346,44.7339,5.237283
KADIK10k,0.217500,13.319986,55.862110,-23.1423,11.850699
KADIK10k,0.057500,20.435257,95.327415,-50.6789,19.159565
KADIK10k,0.657500,2.829388,1.697503,57.7288,5.556127
KADIK10k,0.642500,4.609076,12.541466,42.1472,7.723997
KADIK10k,0.507500,6.064182,20.738976,31.2387,9.325783
KADIK10k,0.350000,8.530088,33.223167,16.5872,11.509942
KADIK10k,0.325000,12.987494,54.815331,-7.7684,16.964378
KADIK10k,0.832500,1.116761,-32.969372,78.2531,3.155831
KADIK10k,0.567500,3.507459,6.511369,51.6560,6.542396
KADIK10k,0.550000,5.695025,18.857740,34.2287,8.651326
KADIK10k,0.375000,9.079190,35.999886,13.6987,12.867591
KADIK10k,0.300000,11.765783,49.107201,-0.6617,14.329849
KADIK10k,0.607500,2.127317,-14.444495,48.0801,15.764370
KADIK10k,0.457500,4.761734,11.321445,11.4720,18.001299
KADIK10k,0.432500,7.211011,24.559872,-14.0167,22.587708
KADIK10k,0.300000,10.697131,43.891758,-34.3577,30.881174
KADIK10k,0.217500,13.289482,58.966961,-45.1164,31.314352
KADIK10k,0.882500,1.054152,-32.963249,76.1965,4.147390
KADIK10k,0.557500,3.241046,5.680344,49.6977,7.589734
KADIK10k,0.457500,5.152456,15.810897,34.2265,9.654278
KADIK10k,0.350000,8.147632,30.643515,14.1691,12.729708
KADIK10k,0.275000,13.823377,56.509583,-13.7110,18.055050
KADIK10k,0.700000,6.010752,16.136646,30.3230,6.998177
KADIK10k,0.425000,10.606234,37.789513,-1.1605,12.131071
KADIK10k,0.307500,13.942894,54.380108,-19.1047,14.099265
KADIK10k,0.167500,20.048326,87.411064,-43.2652,22.770067
KADIK10k,0.067500,25.862015,116.972397,-55.4467,30.068663
KADIK10k,0.892500,1.555481,-33.753647,71.5073,11.531773
KADIK10k,0.867500,3.582302,-6.531777,41.5406,22.745123
KADIK10k,0.707500,9.260303,17.330755,-14.3770,44.220856
KADIK10k,0.432500,23.286826,87.337631,-62.0468,75.687386
KADIK10k,0.257500,41.629927,174.965530,-71.8277,114.054413
KADIK10k,0.882500,0.734740,-45.391014,85.7560,5.359023
KADIK10k,0.900000,1.661674,-32.548714,69.9596,11.380891
KADIK10k,0.742500,3.908325,-3.167328,34.6134,22.133564
KADIK10k,0.600000,10.825182,26.506264,-34.3775,43.851429
KADIK10k,0.242500,34.885614,152.630386,-67.5242,79.340492
KADIK10k,0.817500,7.263863,13.479259,19.6914,21.345739
KADIK10k,0.907500,2.790465,-26.896011,67.3716,11.123122
KADIK10k,0.967500,0.000000,-56.855515,100.0000,0.000000
KADIK10k,0.892500,3.275062,-23.884626,52.7100,12.439880
KADIK10k,0.657500,7.504691,10.856823,-0.6807,23.490574
KADIK10k,0.832500,2.343793,-16.989147,70.0886,5.809672
KADIK10k,0.725000,4.395796,4.002240,46.7498,10.506866
KADIK10k,0.507500,7.222034,16.401882,21.0353,11.871634
KADIK10k,0.150000,12.154955,38.433834,-9.4111,18.247477
KADIK10k,0.082500,17.202469,64.825050,-34.9376,28.124153
KADIK10k,0.900000,5.158281,-1.947297,22.1032,54.212925
KADIK10k,0.775000,9.470909,16.822714,-12.3084,62.476223
KADIK10k,0.775000,9.532978,21.562763,-12.5012,83.523155
KADIK10k,0.650000,9.845141,22.842337,-10.8419,83.225548
KADIK10k,0.775000,10.729465,31.213072,-21.9759,93.646858
KADIK10k,0.850000,9.035733,18.655260,12.6795,22.478466
KADIK10k,0.542500,10.850539,25.218210,1.6890,29.362717
KADIK10k,0.507500,9.789782,22.678240,6.5859,30.213812
KADIK10k,0.482500,9.804706,20.631844,8.3069,29.045305
KADIK10k,0.067500,21.728922,77.479362,-48.6755,52.540665
KADIK10k,0.792500,2.304723,-15.469555,58.4581,8.057302
KADIK10k,0.670000,3.450230,-2.128435,45.6099,11.025456
KADIK10k,0.650000,5.445027,9.180569,28.5466,12.358030
KADIK10k,0.592500,7.447740,18.081158,12.2789,16.679964
KADIK10k,0.475000,12.221752,36.653748,-11.3071,22.216528
KADIK10k,0.317500,19.659103,65.344299,-55.2449,172.198563
KADIK10k,0.342500,14.286234,61.312675,-43.1934,69.935455
KADIK10k,0.217500,15.856764,65.084778,-45.2535,55.025635
KADIK10k,0.307500,25.008340,109.819336,-60.3790,138.272903
KADIK10k,0.300000,32.997038,168.884735,-64.2217,136.095245
KADIK10k,0.692500,9.014694,11.580029,-2.2489,17.987982
KADIK10k,0.400000,16.970958,44.622746,-49.8108,30.900751
KADIK10k,0.250000,23.118633,73.954231,-61.6703,40.147697
KADIK10k,0.167500,35.599363,131.770081,-64.2914,59.574139
KADIK10k,0.125000,48.417328,190.679642,-72.8112,77.500183
KADIK10k,0.652500,19.456611,60.997589,-34.4526,22.283024
KADIK10k,0.682500,12.540513,30.226748,-1.1902,16.592567
KADIK10k,0.725000,6.534445,6.406901,40.1166,10.166084
KADIK10k,0.807500,5.200333,5.951019,35.9566,11.758348
KADIK10k,0.607500,14.213556,56.013287,-31.3259,24.549568
KADIK10k,0.900000,0.000000,-56.855515,100.0000,0.000000
KADIK10k,0.867500,1.250190,-35.636787,73.3173,3.393339
KADIK10k,0.457500,5.912652,13.411133,22.0617,7.382238
KADIK10k,0.175000,15.023307,52.489101,-31.4016,13.640561
KADIK10k,0.042500,33.540208,154.509247,-64.2285,34.115082
KADIK10k,0.667500,2.749435,-11.390285,51.5709,5.579849
KADIK10k,0.407500,7.763762,20.863932,9.5509,8.579139
KADIK10k,0.142500,19.087527,69.788406,-45.1985,17.504368
KADIK10k,0.082500,27.427519,116.284988,-62.4663,27.753012
KADIK10k,0.092500,34.452655,160.499680,-64.2311,34.917770
KADIK10k,0.867500,0.000000,-56.855515,100.0000,0.000000
KADIK10k,0.725000,2.006775,-22.767296,63.2163,4.928355
KADIK10k,0.420000,5.773388,12.778334,24.5242,8.103486
KADIK10k,0.217500,10.659834,32.678936,-8.4853,13.492928
KADIK10k,0.132500,17.741372,66.788155,-42.7325,21.077036
KADIK10k,0.892500,0.903587,-45.275398,75.6790,2.139221
KADIK10k,0.500000,4.593615,8.261359,34.7143,18.408108
KADIK10k,0.192500,9.716825,36.275253,-1.3173,36.455521
KADIK10k,0.142500,13.561368,56.486366,-21.6479,45.805759
KADIK10k,0.132500,20.791632,100.221611,-49.7043,58.923965
KADIK10k,0.807500,6.377813,7.712234,31.6817,14.058942
KADIK10k,0.317500,12.086981,30.365219,-8.5182,26.794506
KADIK10k,0.207500,17.198021,53.895073,-34.8021,31.925945
KADIK10k,0.167500,20.027304,66.619293,-45.2953,33.880463
KADIK10k,0.157500,21.917617,76.327538,-52.8333,29.552618
KADIK10k,0.832500,2.275694,-20.660204,63.2350,5.918580
KADIK10k,0.842500,3.362897,-7.014163,54.9202,8.366909
KADIK10k,0.817500,4.297761,-0.983953,45.9955,9.816612
KADIK10k,0.657500,5.926785,12.100633,28.4029,11.120641
KADIK10k,0.475000,10.683586,29.289745,0.7233,24.227978
KADIK10k,0.392500,5.055059,0.358539,35.9572,16.398483
KADIK10k,0.332500,8.247612,23.665691,6.5714,21.980639
KADIK10k,0.275000,10.202525,33.760517,-8.1016,24.774515
KADIK10k,0.307500,12.332553,45.075909,-21.7131,27.540377
KADIK10k,0.307500,16.657186,72.222214,-50.7506,30.521856
KADIK10k,0.932500,0.000000,-56.855515,100.0000,0.000000
KADIK10k,0.592500,2.411543,-14.204720,59.3554,13.550870
KADIK10k,0.442500,4.876002,0.030659,35.7159,24.579924
KADIK10k,0.157500,11.212723,29.663544,-9.0899,38.584858
KADIK10k,0.175000,16.191501,53.892334,-33.2041,48.134144
KADIK10k,0.825000,4.075092,2.400083,41.7815,4.547304
KADIK10k,0.400000,8.857374,26.667641,1.0902,7.919649
KADIK10k,0.342500,11.067440,36.644760,-11.6949,8.245314
KADIK10k,0.142500,20.914065,88.651001,-51.8809,14.827490
KADIK10k,0.057500,33.810984,157.961517,-64.2103,28.788874
KADIK10k,0.857500,2.840305,-9.511148,54.3823,3.989942
KADIK10k,0.850000,3.281757,-2.791553,50.4656,4.148958
KADIK10k,0.825000,4.605932,6.786043,38.7511,4.826026
KADIK10k,0.367500,14.998804,57.123421,-28.4299,9.609694
KADIK10k,0.067500,23.800412,107.060951,-56.2993,13.313849
KADIK10k,0.850000,1.854583,-21.306700,66.7272,3.602992
KADIK10k,0.807500,2.922666,-0.285038,53.0719,5.309091
KADIK10k,0.707500,3.858740,4.922783,42.4736,5.992454
KADIK10k,0.582500,5.380452,12.736320,28.1361,7.318946
KADIK10k,0.382500,8.503503,26.943918,2.0213,10.002135
KADIK10k,0.882500,0.824532,-40.731281,82.2454,2.068094
KADIK10k,0.857500,2.297176,-10.792802,60.4683,4.266675
KADIK10k,0.765000,3.638597,4.022554,45.0131,5.566236
KADIK10k,0.507500,5.777249,14.582396,24.5352,7.523238
KADIK10k,0.450000,7.516382,22.579815,9.6211,9.656562
KADIK10k,0.617500,2.336534,-16.111399,18.6532,12.771940
KADIK10k,0.407500,4.747260,9.685885,-28.1475,20.572529
KADIK10k,0.325000,6.642048,20.015341,-44.5257,23.026285
KADIK10k,0.267500,10.273993,39.604244,-61.1054,26.259714
KADIK10k,0.267500,13.122210,54.161224,-63.7452,26.470890
KADIK10k,0.842500,0.473584,-49.349480,87.8146,2.025618
KADIK10k,0.842500,1.231443,-35.568901,74.8441,3.624019
KADIK10k,0.867500,1.783250,-25.552910,65.7576,5.165524
KADIK10k,0.800000,2.718034,-7.633793,54.5305,7.536089
KADIK10k,0.652500,4.725738,3.426584,33.7263,11.627394
KADIK10k,0.625000,8.403113,27.356083,3.1329,6.517727
KADIK10k,0.425000,14.391188,55.969414,-31.2613,9.974051
KADIK10k,0.292500,17.458081,72.092728,-43.9034,11.147918
KADIK10k,0.217500,22.668684,97.425674,-56.7510,15.737250
KADIK10k,0.117500,26.736861,120.223305,-62.2447,21.506054
KADIK10k,0.857500,2.142632,-32.783703,71.2566,7.617683
KADIK10k,0.842500,4.792913,-2.011245,41.5710,15.147996
KADIK10k,0.667500,11.252848,22.934607,-9.8936,30.735731
KADIK10k,0.525000,22.907717,66.135246,-53.9539,53.309807
KADIK10k,0.317500,37.526148,117.661850,-64.2351,80.021614
KADIK10k,0.875000,0.734945,-44.274704,85.4017,3.687053
KADIK10k,0.867500,1.710966,-27.047970,68.6334,7.590996
KADIK10k,0.632500,4.391827,1.364221,30.2574,14.843124
KADIK10k,0.425000,13.271591,49.484245,-40.2948,28.993900
KADIK10k,0.075000,40.713379,217.144272,-69.8962,52.968975
KADIK10k,0.850000,5.607529,-0.298529,43.9394,17.253202
KADIK10k,0.867500,2.637179,-30.620117,71.5849,8.865870
KADIK10k,0.842500,0.000000,-56.855515,100.0000,0.000000
KADIK10k,0.750000,4.124335,-0.949031,29.4556,9.197363
KADIK10k,0.442500,11.323893,40.807842,-30.5756,17.470085
KADIK10k,0.757500,2.993490,-7.504361,47.2852,6.254818
KADIK10k,0.632500,5.990810,10.921999,7.4748,12.373028
KADIK10k,0.532500,8.611816,22.608189,-4.4551,11.363547
KADIK10k,0.250000,15.928767,55.162811,-35.7308,19.298496
KADIK10k,0.057500,25.693683,105.187836,-60.3863,26.286938
KADIK10k,0.867500,5.193737,0.513186,17.3922,47.821354
KADIK10k,0.882500,7.484647,12.870644,-0.5682,63.774719
KADIK10k,0.850000,9.998578,28.465284,-23.2273,59.392490
KADIK10k,0.857500,11.278849,32.290413,-26.6263,71.761589
KADIK10k,0.742500,12.744053,39.194138,-37.5187,64.462891
KADIK10k,0.792500,12.214281,33.358887,-8.9903,22.383774
KADIK10k,0.675000,13.250255,39.431438,-18.8580,23.848442
KADIK10k,0.600000,12.377579,36.437004,-18.7808,24.338200
KADIK10k,0.567500,14.597520,44.969379,-22.0608,31.967144
KADIK10k,0.100000,30.708889,133.696198,-63.6603,49.500465
KADIK10k,0.825000,1.993897,-25.295404,69.6737,4.490344
KADIK10k,0.882500,2.987617,-6.673571,59.0988,5.743333
KADIK10k,0.767500,4.338547,2.373909,47.7250,7.408534
KADIK10k,0.757500,7.607674,14.526122,22.8233,10.985098
KADIK10k,0.792500,7.528946,12.741272,25.8480,14.281338
KADIK10k,0.332500,11.910586,35.486679,-31.5103,57.939785
KADIK10k,0.275000,16.942111,63.590084,-47.4982,78.060173
KADIK10k,0.217500,23.115852,94.552467,-60.5799,97.432457
KADIK10k,0.200000,20.701903,80.958664,-55.7961,94.094772
KADIK10k,0.200000,26.608701,118.842339,-63.2343,94.778641
KADIK10k,0.517500,11.614606,19.381762,-23.4513,19.222111
KADIK10k,0.225000,21.386972,61.748383,-59.5983,32.617836
KADIK10k,0.192500,28.722920,94.985939,-64.1995,42.121803
KADIK10k,0.057500,42.173873,154.219528,-71.0926,58.505650
KADIK10k,0.050000,52.954883,198.230698,-104.0614,75.740242
KADIK10k,0.475000,19.053310,59.994572,-44.6596,19.407030
KADIK10k,0.625000,11.671259,23.715088,-10.4486,13.843571
KADIK10k,0.750000,5.922634,1.268903,34.9282,7.869431
KADIK10k,0.807500,4.807122,0.314195,35.5782,8.294259
KADIK10k,0.650000,12.433591,37.471577,-28.2889,17.424913
KADIK10k,0.925000,0.000000,-56.855515,100.0000,0.000000
KADIK10k,0.832500,0.826732,-43.185764,83.0291,2.496432
KADIK10k,0.607500,3.825559,1.626509,49.8922,6.815444
KADIK10k,0.282500,8.792324,26.503523,13.0149,12.282375
KADIK10k,0.132500,16.610840,78.761162,-36.3275,25.898844
KADIK10k,0.782500,1.743392,-26.964329,68.9101,4.130979
KADIK10k,0.650000,5.018343,7.458495,40.4211,8.021597
KADIK10k,0.282500,10.468559,35.104706,2.7772,14.713202
KADIK10k,0.142500,13.523179,57.702087,-19.5427,21.011511
KADIK10k,0.157500,16.515367,78.383469,-36.0386,27.143887
KADIK10k,0.867500,0.000000,-56.855515,100.0000,0.000000
KADIK10k,0.817500,1.504617,-31.441166,73.4241,4.876612
KADIK10k,0.567500,3.644489,1.168980,51.3652,7.620177
KADIK10k,0.475000,5.586084,10.429110,35.7008,8.538742
KADIK10k,0.292500,9.126883,31.205391,7.7089,18.943983
KADIK10k,0.900000,0.359370,-51.589279,88.7689,0.727474
KADIK10k,0.317500,10.472591,60.372566,-15.1630,34.565540
KADIK10k,0.275000,19.147864,118.359932,-53.1734,43.837852
KADIK10k,0.317500,26.205534,171.314743,-63.1210,48.370197
KADIK10k,0.192500,42.997918,281.306061,-67.9003,84.102966
KADIK10k,0.857500,1.711382,-24.479053,68.0927,7.650791
KADIK10k,0.532500,7.599334,17.008120,25.2051,23.888496
KADIK10k,0.300000,11.859763,36.455219,-4.6644,35.443634
KADIK10k,0.200000,15.810837,63.289154,-27.8586,49.601238
KADIK10k,0.200000,17.743289,71.849167,-33.8857,55.189041
KADIK10k,0.850000,3.130036,0.501396,49.8390,11.178482
KADIK10k,0.682500,5.496421,12.947375,32.9360,12.655388
KADIK10k,0.717500,6.236584,16.406754,26.8847,13.336626
KADIK10k,0.582500,8.164025,26.180809,13.3204,17.315699
KADIK10k,0.350000,17.277097,69.790375,-32.2226,25.244562
KADIK10k,0.417500,9.697504,44.619175,-20.4545,36.067345
KADIK10k,0.442500,15.675246,84.728058,-49.6568,48.601254
KADIK10k,0.307500,19.082733,108.131149,-58.0940,54.963348
KADIK10k,0.307500,22.818140,133.614578,-62.6141,61.424934
KADIK10k,0.267500,36.085174,222.060654,-65.3269,72.663223
KADIK10k,0.900000,0.000000,-56.855515,100.0000,0.000000
KADIK10k,0.557500,5.811613,25.245787,15.9491,24.696949
KADIK10k,0.467500,12.329116,69.337433,-23.6918,34.303429
KADIK10k,0.292500,21.763266,125.196785,-54.9370,43.361256
KADIK10k,0.192500,38.636753,236.132568,-64.7910,58.048836
KADIK10k,0.857500,0.733792,-44.541973,83.1072,2.371832
KADIK10k,0.842500,1.944851,-19.697275,64.0360,3.830581
KADIK10k,0.875000,2.612875,-7.058030,55.3521,5.069721
KADIK10k,0.657500,7.038589,23.766956,9.4597,7.179021
KADIK10k,0.225000,14.097239,63.275417,-29.9580,12.951365
KADIK10k,0.900000,2.638171,-8.207473,54.9084,3.480496
KADIK10k,0.867500,3.103919,-2.235505,49.2316,3.676996
KADIK10k,0.832500,4.744937,10.186097,32.1573,4.468050
KADIK10k,0.150000,18.606976,92.401505,-51.1076,12.762316
KADIK10k,0.057500,27.178732,142.030807,-61.8717,20.733990
KADIK10k,0.767500,3.382343,4.732792,49.7849,5.392512
KADIK10k,0.600000,5.696727,18.014858,30.1120,7.202315
KADIK10k,0.482500,7.708839,28.758223,16.3166,8.509843
KADIK10k,0.457500,11.043243,45.900707,-3.6242,11.644615
KADIK10k,0.282500,17.520994,79.290169,-32.2849,15.103642
KADIK10k,0.887500,1.276361,-29.648676,74.4497,3.223368
KADIK10k,0.675000,4.318945,10.524145,41.1471,6.276237
KADIK10k,0.550000,7.293318,26.914049,18.7426,9.766317
KADIK10k,0.467500,11.974092,51.696678,-8.1434,11.392133
KADIK10k,0.332500,15.806092,71.408798,-24.8977,13.554688
KADIK10k,0.592500,1.826039,-19.541574,53.3741,15.057007
KADIK10k,0.375000,4.645405,11.048315,16.5548,19.765638
KADIK10k,0.325000,7.413483,25.203653,-6.8889,21.104618
KADIK10k,0.300000,11.407270,45.570744,-31.9165,27.181087
KADIK10k,0.282500,14.672760,61.355988,-45.0891,25.508299
KADIK10k,0.857500,1.209406,-30.424986,74.6614,4.293098
KADIK10k,0.657500,3.957164,8.632342,43.4217,7.455705
KADIK10k,0.525000,6.581525,23.028318,22.6631,8.993625
KADIK10k,0.425000,10.849125,45.630795,-3.6963,12.061702
KADIK10k,0.267500,19.566234,89.558838,-38.3880,17.670998
KADIK10k,0.557500,8.771118,31.088219,0.1802,6.786574
KADIK10k,0.492500,13.757696,59.785976,-29.5211,12.653711
KADIK10k,0.375000,17.076155,78.277031,-42.4376,17.144489
KADIK10k,0.142500,27.008573,134.854111,-62.2505,25.520044
KADIK10k,0.092500,33.973167,170.485413,-64.1990,28.046257
KADIK10k,0.757500,0.923490,-44.637829,73.6357,12.542013
KADIK10k,0.682500,2.167436,-30.549526,46.1060,24.133879
KADIK10k,0.515000,5.877799,0.169699,-7.4710,46.824539
KADIK10k,0.375000,15.757605,41.122375,-59.6766,76.879539
KADIK10k,0.100000,37.993443,151.976746,-72.8777,101.479355
KADIK10k,0.882500,0.403314,-51.708725,88.1903,6.030681
KADIK10k,0.867500,0.991694,-43.913876,73.4420,12.871034
KADIK10k,0.742500,2.347984,-30.207081,43.3506,25.238277
KADIK10k,0.607500,6.702249,3.081262,-21.2588,51.377750
KADIK10k,0.442500,24.331662,74.669022,-64.9237,94.339310
KADIK10k,0.700000,3.947333,0.015530,35.7398,24.887707
KADIK10k,0.767500,1.585922,-33.998184,69.5840,12.627300
KADIK10k,0.882500,0.000000,-56.855515,100.0000,0.000000
KADIK10k,0.757500,1.897272,-31.100983,64.7865,11.016536
KADIK10k,0.692500,4.454295,3.631447,24.8464,20.537363
KADIK10k,0.850000,0.720678,-46.964405,87.8512,2.311178
KADIK10k,0.900000,1.542047,-33.772408,77.6302,4.019939
KADIK10k,0.607500,3.824366,3.439016,48.8647,9.633698
KADIK10k,0.300000,8.882968,27.034763,7.2984,16.723948
KADIK10k,0.125000,12.431576,46.634995,-12.8849,22.393913
KADIK10k,0.832500,2.493533,-7.953062,43.3356,21.946396
KADIK10k,0.525000,6.327983,15.117249,11.3320,61.451962
KADIK10k,0.742500,5.974867,12.556946,13.9279,46.890572
KADIK10k,0.332500,8.305663,27.819735,-5.3175,77.154854
KADIK10k,0.442500,7.784011,22.656904,-2.4610,63.166149
KADIK10k,0.792500,6.924912,17.385984,20.4874,23.019144
KADIK10k,0.657500,8.315320,25.163519,7.6503,21.874346
KADIK10k,0.557500,7.415571,21.095562,11.6956,22.377140
KADIK10k,0.475000,7.610480,22.474564,12.5145,19.825920
KADIK10k,0.207500,16.971311,74.890083,-41.6920,56.565136
KADIK10k,0.725000,2.086897,-22.651812,58.9836,10.527602
KADIK10k,0.692500,2.636928,-12.133450,52.4231,10.827690
KADIK10k,0.675000,3.189700,-5.959017,47.2195,11.693834
KADIK10k,0.550000,4.942198,6.671681,33.2233,16.006897
KADIK10k,0.242500,11.822974,34.090260,-7.6642,24.384855
KADIK10k,0.332500,12.417162,34.882355,-26.9243,95.717712
KADIK10k,0.407500,20.780825,99.955406,-59.6775,97.696457
KADIK10k,0.292500,18.095006,84.333778,-45.2104,71.433800
KADIK10k,0.242500,28.124598,161.795822,-63.8830,105.832199
KADIK10k,0.315000,30.096805,172.229935,-64.2234,99.047745
KADIK10k,0.642500,6.670054,16.188118,17.0978,16.607929
KADIK10k,0.475000,14.753232,63.101162,-37.6647,25.485523
KADIK10k,0.317500,22.141857,106.908722,-58.6012,32.804585
KADIK10k,0.207500,39.547958,210.575043,-64.7161,54.945053
KADIK10k,0.057500,60.047850,327.188629,-105.5140,75.489853
KADIK10k,0.500000,14.416792,64.092918,-25.9292,21.088251
KADIK10k,0.707500,9.168534,32.273212,3.6332,15.442156
KADIK10k,0.782500,4.577524,6.696832,41.6222,9.404112
KADIK10k,0.557500,4.709947,8.178220,34.3683,10.455756
KADIK10k,0.357500,14.106558,65.950562,-35.3170,21.492031
KADIK10k,0.875000,0.000000,-56.855515,100.0000,0.000000
KADIK10k,0.850000,0.532096,-47.558784,87.2963,1.552367
KADIK10k,0.375000,2.430253,-17.178879,64.1153,4.670064
KADIK10k,0.182500,5.784618,9.538262,35.6004,9.959702
KADIK10k,0.092500,13.750468,57.642422,-28.4084,25.803349
KADIK10k,0.675000,1.170558,-36.346687,77.0951,3.069417
KADIK10k,0.450000,3.129384,-3.699926,57.5064,5.592861
KADIK10k,0.167500,7.051226,15.991927,25.4497,12.712797
KADIK10k,0.107500,10.311994,35.752804,-3.5012,20.251623
KADIK10k,0.125000,13.460532,56.176590,-26.7093,26.093374
KADIK10k,0.917500,0.000000,-56.855515,100.0000,0.000000
KADIK10k,0.832500,0.957379,-39.372715,80.0082,3.768590
KADIK10k,0.442500,2.785459,-10.278501,61.1786,5.887755
KADIK10k,0.267500,3.435142,-1.962364,54.3576,8.789586
KADIK10k,0.132500,6.242485,14.159262,27.5475,17.231186
KADIK10k,0.867500,0.661538,-51.844746,83.8064,8.521830
KADIK10k,0.182500,16.083622,74.905319,-40.4786,39.071312
KADIK10k,0.107500,29.595580,177.011826,-63.9945,85.474869
KADIK10k,0.015000,41.783444,277.134796,-67.7338,145.294006
KADIK10k,0.032500,51.125938,331.500488,-104.9255,148.578690
KADIK10k,0.857500,3.262857,-6.642596,52.6150,16.187181
KADIK10k,0.492500,7.848449,13.422536,11.5447,27.647198
KADIK10k,0.125000,10.240487,28.204260,-7.8128,38.353970
KADIK10k,0.200000,9.351817,27.159842,-1.4152,43.320625
KADIK10k,0.157500,16.195828,67.238396,-44.0288,45.291389
KADIK10k,0.682500,2.571569,-2.410774,53.4796,8.766519
KADIK10k,0.765000,3.190298,5.217080,48.2614,10.226650
KADIK10k,0.692500,4.709091,15.222040,31.1358,15.600041
KADIK10k,0.500000,7.557792,29.174345,3.6364,18.162535
KADIK10k,0.200000,15.758880,74.738358,-37.3609,22.508692
KADIK10k,0.425000,9.194277,44.774555,-18.6870,75.629379
KADIK10k,0.232500,17.533675,99.794891,-53.5781,112.448883
KADIK10k,0.317500,23.025714,137.808014,-62.0095,131.423721
KADIK10k,0.125000,29.234940,181.768799,-64.2072,150.407059
KADIK10k,0.067500,53.163029,346.551178,-105.0206,162.236359
KADIK10k,0.882500,0.000000,-56.855515,100.0000,0.000000
KADIK10k,0.425000,10.902163,38.671696,-12.4247,38.144466
KADIK10k,0.242500,16.355729,71.377541,-40.9958,38.345623
KADIK10k,0.175000,35.827608,220.966339,-64.5407,85.502373
KADIK10k,0.125000,56.281758,373.564880,-156.6140,148.578690
KADIK10k,0.932500,0.473297,-49.339355,87.8504,1.509683
KADIK10k,0.907500,1.273759,-32.811954,73.6022,2.628830
KADIK10k,0.907500,1.972452,-18.799421,63.2644,3.926267
KADIK10k,0.650000,5.386288,14.968311,26.0963,7.437227
KADIK10k,0.175000,11.615314,51.094109,-18.6550,16.515368
KADIK10k,0.775000,2.663461,-8.384731,55.8827,7.861607
KADIK10k,0.717500,3.099844,-2.222284,50.8575,6.132331
KADIK10k,0.717500,4.589580,9.611568,34.7653,8.342721
KADIK10k,0.150000,14.777510,69.860893,-36.1950,15.857314
KADIK10k,0.057500,31.971402,185.734619,-64.2291,26.149570
KADIK10k,0.587500,3.557369,5.604774,50.4387,5.985684
KADIK10k,0.425000,6.022005,18.068956,30.8715,7.513285
KADIK10k,0.400000,8.137937,28.909636,16.7283,9.443283
KADIK10k,0.335000,11.661302,46.715839,-1.8043,10.952730
KADIK10k,0.307500,18.061217,79.174103,-28.3824,14.439200
KADIK10k,0.807500,1.296468,-29.778910,75.2293,3.428182
KADIK10k,0.532500,4.474795,10.932964,42.5594,6.409760
KADIK10k,0.442500,7.605776,26.837505,20.7530,8.552393
KADIK10k,0.350000,12.452791,51.379951,-6.0481,11.315220
KADIK10k,0.265000,15.911255,69.443344,-20.2127,14.665362
KADIK10k,0.682500,1.730836,-20.783169,61.7561,11.118636
KADIK10k,0.500000,3.976686,7.647788,39.6656,14.349977
KADIK10k,0.432500,6.574446,21.592602,24.9406,15.714413
KADIK10k,0.282500,10.223164,39.126808,2.5385,19.203650
KADIK10k,0.250000,13.408029,55.756149,-14.5085,21.415092
KADIK10k,0.775000,2.087053,-13.407621,64.5630,4.039098
KADIK10k,0.442500,7.176909,24.845533,21.7603,7.517763
KADIK10k,0.400000,11.861340,49.136780,-4.8163,10.558036
KADIK10k,0.292500,18.433132,84.711731,-31.4097,13.213710
KADIK10k,0.150000,28.799301,145.064163,-55.2209,18.796581
KADIK10k,0.550000,6.785599,21.440195,15.9001,8.707448
KADIK10k,0.317500,10.605965,42.249287,-11.9429,13.375031
KADIK10k,0.192500,13.673917,59.307663,-27.3552,18.450724
KADIK10k,0.117500,21.833187,101.536209,-52.8733,27.631269
KADIK10k,0.092500,28.413038,137.757919,-61.7777,29.571396
KADIK10k,0.925000,0.949962,-43.405991,78.9156,12.302702
KADIK10k,0.800000,2.435385,-19.194326,54.3422,24.460051
KADIK10k,0.625000,7.213151,22.111567,-0.2438,50.612076
KADIK10k,0.250000,21.002558,112.248009,-59.3353,93.318779
KADIK10k,0.042500,35.518827,206.803619,-64.5900,148.957031
KADIK10k,0.925000,0.500185,-49.676517,87.4349,6.564475
KADIK10k,0.907500,1.180068,-39.532463,74.5690,14.131302
KADIK10k,0.775000,2.920828,-13.883408,47.8623,26.905403
KADIK10k,0.607500,8.221485,18.210060,-5.4588,52.534477
KADIK10k,0.400000,22.389672,81.309364,-61.0218,88.057114
KADIK10k,0.550000,5.725345,14.163900,4.4110,26.746000
KADIK10k,0.825000,1.645576,-33.114613,62.0149,13.561383
KADIK10k,0.875000,0.000000,-56.855515,100.0000,0.000000
KADIK10k,0.857500,1.326930,-38.581707,75.9869,12.754103
KADIK10k,0.750000,3.256833,-13.361284,51.9891,25.605188
KADIK10k,0.857500,0.705997,-48.600082,88.6577,4.225259
KADIK10k,0.875000,1.285345,-39.978065,81.7270,4.978598
KADIK10k,0.625000,2.791902,-15.821980,62.6692,8.008260
KADIK10k,0.232500,5.905212,12.856186,35.0818,13.497577
KADIK10k,0.092500,9.473065,29.934061,6.3932,20.610933
KADIK10k,0.575000,3.404325,-0.044604,42.3768,38.625626
KADIK10k,0.492500,3.724046,5.465077,30.8095,30.941959
KADIK10k,0.492500,4.937523,10.474543,19.0312,43.261097
KADIK10k,0.412500,6.495404,19.404078,7.6705,40.811031
KADIK10k,0.457500,7.286671,13.382993,4.4472,57.641201
KADIK10k,0.682500,4.707027,7.204260,39.0704,20.843557
KADIK10k,0.482500,5.651038,11.783746,31.4252,19.143723
KADIK10k,0.607500,5.106046,9.591192,32.8955,16.036041
KADIK10k,0.525000,5.515438,11.982557,32.8215,19.289948
KADIK10k,0.132500,11.903752,48.225422,-17.4498,37.161201
KADIK10k,0.742500,2.433639,-9.906394,55.4892,10.272918
KADIK10k,0.625000,3.450228,0.992915,43.8375,12.194551
KADIK10k,0.650000,4.423459,6.597239,31.3223,14.292325
KADIK10k,0.457500,7.177917,22.893969,6.6266,18.526344
KADIK10k,0.267500,16.140017,76.088310,-38.0420,22.542280
KADIK10k,0.450000,16.458336,69.227554,-48.8193,112.606758
KADIK10k,0.317500,19.418219,95.262833,-57.4545,74.530899
KADIK10k,0.250000,27.485332,155.572357,-63.5996,109.142677
KADIK10k,0.250000,22.379003,107.869423,-49.9782,89.232628
KADIK10k,0.150000,30.640527,169.197968,-63.3231,92.527000
KADIK10k,0.700000,5.441945,8.863934,32.2449,15.480170
KADIK10k,0.457500,12.358290,49.873352,-17.0680,25.687410
KADIK10k,0.275000,18.840031,88.079315,-43.3102,33.844887
KADIK10k,0.200000,34.835401,186.545197,-63.8897,53.105297
KADIK10k,0.067500,56.330467,317.334198,-72.1859,76.476692
KADIK10k,0.467500,10.431182,32.452919,-10.3941,26.158085
KADIK10k,0.757500,6.160981,10.413790,22.5061,18.583149
KADIK10k,0.907500,2.960025,-11.873102,54.6248,10.834239
KADIK10k,0.857500,3.128679,-9.117792,53.9656,11.039473
KADIK10k,0.642500,8.725877,30.601223,-1.7159,21.918447
KADIK10k,0.950000,0.000000,-56.855515,100.0000,0.000000
KADIK10k,0.850000,0.389078,-49.762005,89.3716,1.532854
KADIK10k,0.500000,1.531753,-30.244545,70.6971,4.581501
KADIK10k,0.250000,4.045689,5.631870,40.6736,10.916756
KADIK10k,0.117500,12.399299,50.720989,-25.7963,29.482782
KADIK10k,0.817500,0.765311,-42.832100,82.0076,2.689702
KADIK10k,0.550000,1.898714,-24.149454,65.2959,5.720478
KADIK10k,0.207500,5.090116,10.911248,30.0028,14.025508
KADIK10k,0.132500,8.638476,29.128534,-1.3502,23.761314
KADIK10k,0.082500,12.249616,49.402725,-25.4065,31.577894
KADIK10k,0.975000,0.000000,-56.855515,100.0000,0.000000
KADIK10k,0.832500,0.565094,-46.108643,84.9865,2.615592
KADIK10k,0.557500,1.598311,-28.941315,69.4072,6.345748
KADIK10k,0.332500,2.772941,-6.858761,54.4199,10.631490
KADIK10k,0.207500,5.209757,11.583941,27.3845,19.820166
KADIK10k,0.875000,0.820734,-47.189774,78.6691,7.434284
KADIK10k,0.467500,9.682395,44.280067,-7.8323,34.790386
KADIK10k,0.175000,16.645504,87.456764,-44.1631,56.434425
KADIK10k,0.167500,20.468694,112.901894,-56.5549,53.829777
KADIK10k,0.182500,27.300949,164.937820,-64.0735,74.487823
KADIK10k,0.850000,3.621804,-15.248303,51.1191,19.361637
KADIK10k,0.482500,7.697135,12.934339,13.6142,37.110508
KADIK10k,0.242500,12.056475,36.807854,-18.5334,55.936852
KADIK10k,0.182500,14.388246,49.348766,-31.3960,62.316402
KADIK10k,0.142500,15.821976,62.605896,-38.7263,65.408447
KADIK10k,0.692500,5.386205,17.803312,29.2827,13.455656
KADIK10k,0.700000,5.844620,20.802063,25.3727,15.417081
KADIK10k,0.567500,7.749684,30.414330,13.2067,18.263239
KADIK10k,0.450000,13.173488,64.048195,-17.3699,24.817060
KADIK10k,0.267500,16.384305,70.783966,-36.2157,33.980503
KADIK10k,0.467500,8.702555,36.813210,-9.2077,29.405529
KADIK10k,0.407500,14.071840,71.543846,-41.2554,40.008091
KADIK10k,0.257500,17.243494,92.628189,-52.3244,45.447746
KADIK10k,0.225000,20.632565,115.592789,-59.4338,50.898460
KADIK10k,0.332500,27.234174,161.719421,-64.2291,56.549568
KADIK10k,0.917500,0.000000,-56.855515,100.0000,0.000000
KADIK10k,0.592500,6.047471,19.933342,19.9934,32.261951
KADIK10k,0.517500,10.651446,43.202091,-10.4319,46.415138
KADIK10k,0.282500,19.982889,93.749596,-53.5844,61.682144
KADIK10k,0.150000,29.052152,150.427704,-64.1763,64.641945
KADIK10k,0.875000,0.420246,-50.373531,89.6931,1.478031
KADIK10k,0.932500,0.929787,-40.244808,80.0739,2.407463
KADIK10k,0.907500,1.297185,-32.841816,73.4140,3.373820
KADIK10k,0.632500,4.066040,6.027010,40.0146,10.328200
KADIK10k,0.142500,10.432923,41.585899,-11.7204,20.227196
KADIK10k,0.892500,2.117981,-20.056505,60.9611,4.468742
KADIK10k,0.825000,2.393610,-14.533064,57.0733,4.826777
KADIK10k,0.707500,3.491788,-1.944288,43.2906,6.310094
KADIK10k,0.125000,12.606310,55.170277,-29.6261,15.780045
KADIK10k,0.050000,25.337509,139.398987,-61.6819,24.876942
KADIK10k,0.617500,4.364243,8.012856,43.9380,6.225364
KADIK10k,0.492500,7.356402,21.421883,22.1662,8.409068
KADIK10k,0.382500,9.754149,32.544544,7.4477,10.336117
KADIK10k,0.380000,13.431256,48.632927,-10.1783,12.543653
KADIK10k,0.292500,19.944608,79.207153,-36.8160,17.091173
KADIK10k,0.857500,1.452105,-27.631237,72.9572,3.513141
KADIK10k,0.625000,4.934079,11.114424,39.2161,6.828640
KADIK10k,0.482500,8.320377,26.603975,16.8112,9.430739
KADIK10k,0.342500,13.077791,48.269390,-8.9669,12.268029
KADIK10k,0.350000,16.607460,64.851227,-23.3676,15.755608
KADIK10k,0.582500,2.791009,-4.555068,28.7336,14.291709
KADIK10k,0.425000,7.123461,18.872683,-19.6370,23.891092
KADIK10k,0.450000,11.225953,38.658566,-43.2609,29.897650
KADIK10k,0.357500,17.092247,65.038231,-59.6918,33.727592
KADIK10k,0.275000,20.694027,81.724312,-63.3084,34.833530
KADIK10k,0.925000,1.035653,-35.757702,77.9289,3.593255
KADIK10k,0.650000,3.353983,3.589701,51.0822,7.306947
KADIK10k,0.417500,5.627474,14.055367,32.2142,9.725229
KADIK10k,0.400000,9.103605,29.940443,10.6135,12.736236
KADIK10k,0.292500,16.483175,63.024780,-23.6784,21.139563
KADIK10k,0.700000,4.577373,6.540809,34.2535,10.419276
KADIK10k,0.382500,8.624396,26.755796,1.8531,12.677205
KADIK10k,0.257500,12.562998,46.898476,-20.8480,18.767735
KADIK10k,0.157500,21.456970,94.105438,-54.4501,30.557953
KADIK10k,0.132500,28.550637,130.134995,-62.9492,29.772205
KADIK10k,0.917500,1.119357,-40.370350,71.9345,13.877153
KADIK10k,0.817500,2.652895,-19.977030,43.2981,27.714769
KADIK10k,0.682500,6.862364,10.562964,-9.3774,56.605881
KADIK10k,0.382500,16.913392,52.942593,-57.5864,100.130692
KADIK10k,0.157500,38.288940,164.032364,-73.3924,155.041168
KADIK10k,0.907500,0.520115,-48.046467,84.2000,6.830739
KADIK10k,0.917500,1.202516,-37.085247,67.4606,14.187121
KADIK10k,0.867500,2.891411,-11.345753,30.3717,27.476824
KADIK10k,0.675000,8.566831,22.620733,-40.0961,55.199558
KADIK10k,0.367500,31.679652,164.903549,-74.8489,99.570480
KADIK10k,0.850000,4.192599,1.760106,38.5640,29.118671
KADIK10k,0.875000,1.895145,-30.424129,69.7863,14.561264
KADIK10k,0.950000,0.000000,-56.855515,100.0000,0.000000
KADIK10k,0.882500,2.690735,-22.483912,38.5921,16.605818
KADIK10k,0.782500,6.745188,11.948473,-22.0226,31.537722
KADIK10k,0.925000,1.360556,-36.944984,79.3050,4.013259
KADIK10k,0.857500,2.606372,-17.185732,60.0198,9.142485
KADIK10k,0.792500,3.105055,-8.285769,59.3421,7.029309
KADIK10k,0.217500,5.770096,9.882979,29.3931,17.638012
KADIK10k,0.087500,9.481817,29.182034,-3.5111,30.178400
KADIK10k,0.892500,3.714805,-17.086994,40.8947,69.812004
KADIK10k,0.850000,4.905511,-4.856343,24.5374,48.375458
KADIK10k,0.625000,7.200044,18.363338,4.0609,71.117180
KADIK10k,0.742500,8.785971,18.043657,-1.5860,82.932327
KADIK10k,0.650000,8.544738,25.822737,-6.0649,66.047424
KADIK10k,0.767500,3.487267,-11.428287,54.4313,20.060085
KADIK10k,0.625000,3.619843,-8.968856,51.6812,18.456287
KADIK10k,0.532500,3.481399,-9.164969,54.4166,18.791067
KADIK10k,0.482500,3.527810,-9.804492,52.5389,19.708635
KADIK10k,0.157500,7.681006,13.636934,12.3033,34.669128
KADIK10k,0.407500,3.517039,2.066322,40.1522,9.898626
KADIK10k,0.482500,5.131733,10.419860,24.8294,12.046764
KADIK10k,0.375000,7.298159,22.826233,6.6006,15.871845
KADIK10k,0.282500,9.637889,35.997940,-9.1662,22.066177
KADIK10k,0.150000,13.891626,62.024208,-32.6875,29.377310
KADIK10k,0.457500,17.088230,58.260471,-51.4142,136.848648
KADIK10k,0.450000,17.791033,72.898262,-40.9015,98.021301
KADIK10k,0.317500,27.974817,133.372482,-63.8439,162.888489
KADIK10k,0.257500,21.246725,110.741486,-57.4793,92.159111
KADIK10k,0.292500,24.960507,133.020096,-62.8013,90.670006
KADIK10k,0.775000,4.980533,-3.153073,38.5418,18.822506
KADIK10k,0.450000,10.107447,23.145166,-2.1030,31.929739
KADIK10k,0.367500,14.355153,43.298687,-26.8419,39.582127
KADIK10k,0.150000,23.874906,89.762352,-55.7408,59.073288
KADIK10k,0.075000,35.562283,154.283142,-64.0673,74.536201
KADIK10k,0.717500,17.823962,67.698936,-46.5651,29.325769
KADIK10k,0.750000,11.512978,36.196091,-14.5597,21.974369
KADIK10k,0.857500,5.862055,9.475223,31.7280,13.315893
KADIK10k,0.882500,5.519497,12.327723,28.2541,15.107574
KADIK10k,0.675000,15.506271,70.065392,-40.2841,31.871788
KADIK10k,0.932500,0.000000,-56.855515,100.0000,0.000000
KADIK10k,0.692500,1.057978,-38.867210,79.2841,2.459466
KADIK10k,0.232500,4.727095,8.272531,41.8983,6.275829
KADIK10k,0.100000,11.556863,37.947670,-2.9407,11.872382
KADIK10k,0.050000,28.131652,128.598297,-62.3706,26.444893
KADIK10k,0.525000,2.299080,-17.540613,62.8691,4.112484
KADIK10k,0.282500,6.118997,13.901280,32.0872,7.287157
KADIK10k,0.092500,14.393342,49.955265,-17.4448,14.947609
KADIK10k,0.142500,21.539876,87.489182,-49.9822,22.364489
KADIK10k,0.017500,28.101313,127.905952,-62.3183,27.554039
KADIK10k,0.875000,0.000000,-56.855515,100.0000,0.000000
KADIK10k,0.667500,1.769964,-26.619120,69.1243,3.684757
KADIK10k,0.282500,5.042950,9.681400,39.1803,7.663934
KADIK10k,0.167500,8.485047,24.396173,14.2419,12.871017
KADIK10k,0.075000,11.859451,40.780636,-8.0487,21.796059
KADIK10k,0.817500,0.824941,-45.914009,78.9514,3.719996
KADIK10k,0.400000,8.624982,38.134502,-7.6019,22.294855
KADIK10k,0.150000,16.745807,90.300934,-47.6616,40.332249
KADIK10k,0.167500,21.231774,116.798134,-57.7718,61.785351
KADIK10k,0.117500,27.732607,162.632370,-63.5788,70.566162
KADIK10k,0.652500,5.514136,8.306043,39.5815,11.121678
KADIK10k,0.200000,10.119746,26.695047,7.6198,19.269245
KADIK10k,0.117500,16.115504,56.896893,-27.4096,24.587967
KADIK10k,0.125000,17.911359,65.986855,-34.5073,26.105726
KADIK10k,0.100000,18.957160,67.668236,-36.0780,32.047333
KADIK10k,0.725000,3.470743,-2.150210,52.8164,9.059918
KADIK10k,0.707500,3.966283,3.362234,46.0478,12.812327
KADIK10k,0.692500,5.509321,12.017694,33.7308,13.103737
KADIK10k,0.425000,10.042485,34.998070,-0.5829,16.050962
KADIK10k,0.325000,14.478954,52.134338,-27.1618,30.116430
KADIK10k,0.467500,7.186143,24.041870,1.4412,42.777485
KADIK10k,0.432500,12.366557,56.592854,-33.6073,60.764751
KADIK10k,0.317500,15.766867,77.271843,-47.0441,69.986771
KADIK10k,0.267500,19.540743,101.463905,-56.5329,79.233925
KADIK10k,0.325000,34.863599,194.598343,-64.3883,79.622421
KADIK10k,0.842500,0.000000,-56.855515,100.0000,0.000000
KADIK10k,0.525000,5.204925,8.941011,25.6707,15.925914
KADIK10k,0.367500,9.269407,30.930307,-10.5804,24.791847
KADIK10k,0.145000,20.405313,94.901024,-55.8367,42.897060
KADIK10k,0.150000,30.336890,152.578293,-64.1299,67.269325
KADIK10k,0.775000,3.118471,-6.969395,55.8356,6.149703
KADIK10k,0.582500,5.828752,11.646402,32.6342,8.257894
KADIK10k,0.407500,8.004003,21.816153,15.8948,9.973831
KADIK10k,0.192500,14.089340,51.028400,-19.2604,14.301703
KADIK10k,0.042500,25.453602,115.342354,-57.0874,22.962223
KADIK10k,0.732500,2.725939,-11.851232,60.2935,4.717984
KADIK10k,0.842500,3.117946,-5.838275,57.0228,4.868757
KADIK10k,0.667500,4.488295,3.883860,45.4061,6.646348
KADIK10k,0.232500,13.723500,49.336742,-16.0992,13.146912
KADIK10k,0.057500,23.262165,102.126045,-51.8005,19.454037
KADIK10k,0.825000,1.883900,-21.054323,67.8153,4.455675
KADIK10k,0.582500,2.976458,0.079755,55.5654,6.356009
KADIK10k,0.500000,3.843448,5.342185,47.1782,7.269214
KADIK10k,0.382500,5.511086,13.771761,33.7361,9.001360
KADIK10k,0.275000,8.532243,26.718636,13.3509,12.308363
KADIK10k,0.917500,0.819319,-40.650269,82.8886,2.549046
KADIK10k,0.692500,2.302263,-10.457813,62.4355,5.241849
KADIK10k,0.457500,3.672824,4.788605,48.6145,6.803623
KADIK10k,0.425000,5.800178,15.566348,31.0910,9.397815
KADIK10k,0.300000,7.602736,22.991873,17.8258,11.975678
KADIK10k,0.742500,1.610872,-27.205584,59.5498,13.964634
KADIK10k,0.392500,3.073845,-1.715904,31.9846,13.975686
KADIK10k,0.457500,4.036780,7.502632,22.4686,17.796223
KADIK10k,0.355000,6.323096,19.595968,-1.9126,26.285749
KADIK10k,0.337500,7.867273,26.177542,-14.1216,25.580276
KADIK10k,0.832500,0.949008,-36.477932,77.9913,3.823967
KADIK10k,0.525000,2.735241,-0.457734,53.6657,7.195075
KADIK10k,0.475000,4.365768,9.355674,37.6398,9.720628
KADIK10k,0.317500,6.838369,20.528006,19.1600,12.864429
KADIK10k,0.157500,11.821170,40.701023,-10.2357,17.281126
KADIK10k,0.592500,6.473369,17.927893,27.3939,6.450998
KADIK10k,0.392500,11.463680,41.201523,-4.6386,10.569713
KADIK10k,0.307500,14.848218,56.572556,-22.7500,13.147753
KADIK10k,0.150000,19.446870,80.409782,-41.7359,18.189724
KADIK10k,0.125000,24.477896,104.163429,-53.6111,21.908161
KADIK10k,0.875000,1.591413,-33.024441,70.9217,8.715770
KADIK10k,0.742500,3.710868,-5.091510,40.0544,16.795671
KADIK10k,0.507500,9.840442,22.728127,-19.2798,33.515011
KADIK10k,0.332500,26.038618,112.378494,-64.0487,58.416672
KADIK10k,0.142500,46.422390,227.246521,-93.9334,84.201103
KADIK10k,0.900000,0.746840,-45.442638,85.5741,4.236462
KADIK10k,0.875000,1.719353,-32.414127,70.2140,8.963737
KADIK10k,0.782500,4.055726,-3.910677,37.2832,17.818752
KADIK10k,0.582500,11.147026,27.577017,-27.4238,36.239010
KADIK10k,0.217500,35.739392,159.353165,-66.1745,69.225662
KADIK10k,0.825000,6.672000,8.293196,22.2948,21.972574
KADIK10k,0.882500,2.772146,-27.187445,65.8363,11.638202
KADIK10k,0.882500,0.000000,-56.855515,100.0000,0.000000
KADIK10k,0.857500,3.340037,-19.234291,61.1351,9.290739
KADIK10k,0.700000,7.660504,14.526366,19.8313,17.743799
KADIK10k,0.792500,1.655434,-29.570080,78.8260,4.266048
KADIK10k,0.707500,4.333124,3.843554,48.1499,9.848313
KADIK10k,0.607500,6.419381,13.328044,30.8913,10.055470
KADIK10k,0.207500,12.043258,38.150253,-3.5192,14.310894
KADIK10k,0.067500,20.081844,77.769592,-42.0473,23.882963
KADIK10k,0.850000,5.350178,-0.042738,21.4620,60.909271
KADIK10k,0.842500,6.265976,8.468854,8.6737,60.832180
KADIK10k,0.775000,9.411259,27.365025,-12.2110,66.468269
KADIK10k,0.682500,10.054952,29.857128,-17.7426,72.235725
KADIK10k,0.575000,11.629745,39.473366,-31.4512,66.780891
KADIK10k,0.707500,9.762507,26.274227,6.3583,18.163963
KADIK10k,0.625000,10.989787,31.625610,-3.9478,18.611477
KADIK10k,0.517500,10.145709,28.397892,-0.9278,23.103563
KADIK10k,0.542500,12.023459,35.475140,-3.7415,23.461828
KADIK10k,0.142500,25.333821,106.689453,-56.6233,38.877010
KADIK10k,0.925000,1.034718,-40.379807,78.0639,5.189190
KADIK10k,0.832500,1.485125,-34.371483,70.6570,6.709599
KADIK10k,0.807500,2.220762,-24.415894,61.0367,9.132619
KADIK10k,0.775000,3.183581,-8.972523,51.5053,12.309278
KADIK10k,0.600000,6.763062,10.691701,16.5921,20.925207
KADIK10k,0.347500,9.244554,30.575558,-16.6066,36.505455
KADIK10k,0.332500,11.272296,29.185556,-11.8282,52.108028
KADIK10k,0.292500,21.159176,91.878296,-53.6336,66.391418
KADIK10k,0.257500,25.785563,117.726959,-61.3168,90.909737
KADIK10k,0.207500,26.661648,122.125595,-63.2879,104.422737
KADIK10k,0.517500,10.508663,19.309572,0.9588,16.251760
KADIK10k,0.300000,20.636526,63.208588,-46.1811,28.067297
KADIK10k,0.217500,28.269152,96.500954,-60.5474,38.007957
KADIK10k,0.057500,42.063217,157.590393,-64.3419,59.045307
KADIK10k,0.025000,54.370133,212.770844,-75.8970,83.764282
KADIK10k,0.517500,19.619870,60.470982,-25.8482,21.128635
KADIK10k,0.657500,12.770744,30.678690,4.7953,15.071804
KADIK10k,0.807500,6.645104,6.170708,42.7180,8.825267
KADIK10k,0.775000,5.330677,7.620480,35.7385,9.130575
KADIK10k,0.642500,14.627684,58.940811,-32.9542,18.706753
KADIK10k,0.932500,0.000000,-56.855515,100.0000,0.000000
KADIK10k,0.882500,0.788548,-42.908096,81.5790,2.360489
KADIK10k,0.450000,3.426283,1.257219,48.4733,6.982897
KADIK10k,0.167500,8.578297,26.391567,8.6059,13.525344
KADIK10k,0.057500,19.933220,91.746628,-50.3960,26.651838
KADIK10k,0.725000,1.658350,-27.506739,67.4594,4.300100
KADIK10k,0.392500,4.383303,6.675069,39.9946,8.015153
KADIK10k,0.192500,10.744325,36.576897,-4.4944,17.057272
KADIK10k,0.067500,15.754326,65.266785,-34.4705,23.353561
KADIK10k,0.082500,20.107010,92.602402,-50.9895,27.586555
KADIK10k,0.917500,0.000000,-56.855515,100.0000,0.000000
KADIK10k,0.800000,1.575173,-27.998539,67.7441,5.486806
KADIK10k,0.475000,2.873160,-5.389925,52.0751,7.109758
KADIK10k,0.292500,5.702896,13.470534,31.1188,11.085937
KADIK10k,0.100000,9.491352,32.685001,-1.3005,23.718451
KADIK10k,0.907500,0.820206,-48.640675,81.8646,5.027960
KADIK10k,0.482500,9.048312,47.517517,-4.1895,38.165897
KADIK10k,0.232500,24.715640,158.751923,-60.2337,59.566936
KADIK10k,0.132500,38.459321,263.830017,-64.4760,100.115501
KADIK10k,0.067500,48.441946,333.802521,-82.0445,120.274506
KADIK10k,0.907500,2.799138,-9.055444,58.8920,11.013227
KADIK10k,0.375000,8.725222,22.409462,5.5554,23.254906
KADIK10k,0.182500,13.653274,42.607796,-18.5281,35.528996
KADIK10k,0.157500,15.432659,50.443989,-28.5378,36.378216
KADIK10k,0.207500,15.026145,51.362801,-28.1012,38.218922
KADIK10k,0.657500,3.304659,4.791356,53.7223,7.062462
KADIK10k,0.707500,3.868264,7.866644,47.8535,8.778090
KADIK10k,0.700000,4.884167,12.259086,41.2979,9.968341
KADIK10k,0.532500,8.807789,30.544102,14.0537,17.531460
KADIK10k,0.257500,17.402127,74.642372,-33.6902,23.631847
KADIK10k,0.567500,12.415842,65.165710,-37.7450,69.974487
KADIK10k,0.317500,21.009756,125.391846,-60.6811,94.646538
KADIK10k,0.307500,25.999144,159.519760,-63.9042,106.392456
KADIK10k,0.332500,31.265656,195.285004,-64.2377,118.160973
KADIK10k,0.207500,46.680296,310.195221,-89.2137,130.377350
KADIK10k,0.932500,0.000000,-56.855515,100.0000,0.000000
KADIK10k,0.507500,5.600378,20.018513,18.8512,32.760189
KADIK10k,0.332500,10.037567,45.643238,-11.3703,38.087479
KADIK10k,0.157500,27.205987,156.538528,-61.6815,58.642399
KADIK10k,0.067500,52.234536,349.937866,-87.8257,120.271339
KADIK10k,0.925000,0.963423,-40.335091,79.2459,2.513180
KADIK10k,0.867500,2.400759,-14.907965,59.3593,5.121117
KADIK10k,0.757500,3.533239,-1.413666,46.7357,6.880019
KADIK10k,0.242500,8.339401,26.869270,5.8853,12.709964
KADIK10k,0.032500,17.973529,81.242455,-44.0243,21.290236
KADIK10k,0.767500,2.580622,-13.967697,58.4399,4.402320
KADIK10k,0.807500,2.948466,-7.538969,53.9835,6.027971
KADIK10k,0.600000,4.266035,4.827993,39.7444,6.328385
KADIK10k,0.142500,14.185398,62.203625,-32.6032,12.047434
KADIK10k,0.042500,22.622670,112.652061,-58.2100,20.536882
KADIK10k,0.525000,3.297525,4.263290,52.2690,5.583845
KADIK10k,0.475000,5.504663,15.262518,33.5732,8.064269
KADIK10k,0.457500,7.304536,24.171934,20.7452,8.928839
KADIK10k,0.317500,10.342012,38.680584,3.2323,11.357419
KADIK10k,0.200000,15.801239,65.866112,-23.3298,15.428878
KADIK10k,0.757500,1.262854,-31.242329,75.4620,3.183173
KADIK10k,0.500000,4.144971,8.875127,44.8968,6.610862
KADIK10k,0.400000,6.823962,22.271339,24.2608,8.329725
KADIK10k,0.332500,11.036129,42.723907,0.2091,11.319674
KADIK10k,0.275000,14.097459,57.917072,-16.0019,13.628426
KADIK10k,0.642500,2.172528,-16.477516,44.2632,14.065500
KADIK10k,0.425000,4.971869,11.033565,4.5604,22.623556
KADIK10k,0.325000,7.316164,22.905695,-14.2097,22.275969
KADIK10k,0.292500,11.342077,42.325275,-38.9011,28.653919
KADIK10k,0.242500,13.783631,54.522839,-47.6162,29.531717
KADIK10k,0.875000,1.310288,-29.874424,74.5229,3.660750
KADIK10k,0.550000,4.281683,9.222681,43.3935,7.129153
KADIK10k,0.367500,7.049788,22.749258,23.3061,10.667369
KADIK10k,0.267500,11.144986,42.770493,1.1102,13.321240
KADIK10k,0.217500,19.086835,83.734291,-33.3972,18.400652
KADIK10k,0.650000,5.586623,12.112033,28.9122,6.597677
KADIK10k,0.325000,9.787946,33.435444,-3.5531,10.320635
KADIK10k,0.257500,13.764835,52.715778,-26.3299,16.349724
KADIK10k,0.157500,22.257314,97.468521,-54.4499,23.567709
KADIK10k,0.092500,28.607485,127.878525,-62.4206,32.741314
KADIK10k,0.857500,1.308904,-38.568146,72.8124,12.114276
KADIK10k,0.792500,3.147816,-15.648435,44.1205,24.030279
KADIK10k,0.682500,8.651971,12.832751,-10.4852,46.679993
KADIK10k,0.442500,22.851842,82.518082,-61.3483,82.074478
KADIK10k,0.182500,43.005747,210.807266,-76.8972,125.489822
KADIK10k,0.967500,0.631023,-46.556866,85.7761,5.597894
KADIK10k,0.825000,1.503920,-32.975006,70.5839,11.914876
KADIK10k,0.807500,3.631706,-5.101187,38.7543,22.879351
KADIK10k,0.602500,10.306573,24.983704,-25.4291,45.279896
KADIK10k,0.317500,30.365740,130.182236,-64.3618,87.643425
KADIK10k,0.832500,5.918995,4.934971,36.1086,24.247383
KADIK10k,0.892500,2.458832,-28.701422,68.1534,12.281355
KADIK10k,0.932500,0.000000,-56.855515,100.0000,0.000000
KADIK10k,0.892500,3.027754,-14.270576,56.0553,12.518802
KADIK10k,0.700000,7.633831,16.379993,8.7315,23.756100
KADIK10k,0.907500,1.386994,-35.770874,81.4772,4.024383
KADIK10k,0.807500,2.598980,-17.069342,66.4125,5.361753
KADIK10k,0.607500,5.071757,7.476629,41.1211,9.233922
KADIK10k,0.157500,9.138121,26.137045,10.6836,15.892315
KADIK10k,0.050000,14.999496,56.641747,-26.3727,25.527670
KADIK10k,0.892500,2.752318,-9.302709,44.3205,29.024712
KADIK10k,0.867500,6.106606,11.767059,13.7945,70.397797
KADIK10k,0.857500,8.225934,17.442095,-2.9777,80.032524
KADIK10k,0.807500,8.661909,21.455009,-5.3482,69.643394
KADIK10k,0.742500,10.173202,34.548069,-19.6407,73.221581
KADIK10k,0.567500,6.028157,9.985525,26.8678,21.424141
KADIK10k,0.350000,8.557846,20.453211,9.3046,21.299633
KADIK10k,0.357500,7.979517,19.558090,11.6688,25.297625
KADIK10k,0.317500,8.060720,17.573656,12.4277,24.979315
KADIK10k,0.057500,17.508456,66.883583,-39.8080,46.627560
KADIK10k,0.702500,2.418262,-12.866764,53.9566,7.661923
KADIK10k,0.717500,3.377689,0.034758,43.2239,11.519467
KADIK10k,0.492500,4.555096,6.740471,28.9883,12.689219
KADIK10k,0.507500,6.338549,13.830689,17.7976,13.606586
KADIK10k,0.275000,9.550049,27.974953,-7.9456,22.516623
KADIK10k,0.482500,11.412067,44.946964,-37.8186,81.496117
KADIK10k,0.257500,15.649227,68.672791,-48.3344,63.453445
KADIK10k,0.392500,21.951176,107.709724,-59.1528,103.618263
KADIK10k,0.242500,22.498318,108.655823,-59.2961,92.690193
KADIK10k,0.307500,26.986757,147.347626,-61.6811,117.382980
KADIK10k,0.667500,7.575215,11.644175,6.2958,17.189945
KADIK10k,0.407500,16.001291,50.005219,-46.1314,27.919140
KADIK10k,0.292500,23.314694,87.583092,-61.9312,37.864700
KADIK10k,0.125000,38.436271,170.817810,-65.4824,57.817314
KADIK10k,0.075000,54.281696,256.567078,-94.4384,78.951569
KADIK10k,0.557500,18.277880,62.627087,-26.8228,23.651644
KADIK10k,0.650000,11.627836,30.839447,4.2182,17.276392
KADIK10k,0.842500,5.887703,5.918255,42.4106,10.286262
KADIK10k,0.832500,5.143937,7.566612,38.6872,11.387742
KADIK10k,0.707500,14.244312,58.942879,-27.3046,23.826935
KADIK10k,0.900000,0.000000,-56.855515,100.0000,0.000000
KADIK10k,0.767500,0.888522,-42.121754,81.4540,2.802536
KADIK10k,0.375000,3.591464,2.027315,46.6164,7.347631
KADIK10k,0.192500,8.380419,25.603823,7.7195,11.313645
KADIK10k,0.087500,19.522519,89.317299,-53.2672,28.295256
KADIK10k,0.600000,1.826176,-25.238010,66.0944,4.667032
KADIK10k,0.267500,4.566076,7.875618,37.7812,7.741979
KADIK10k,0.192500,10.460944,35.135891,-5.6641,14.093757
KADIK10k,0.100000,15.322985,63.070507,-37.1196,24.379379
KADIK10k,0.067500,19.636439,90.169319,-53.6530,30.284603
KADIK10k,0.925000,0.000000,-56.855515,100.0000,0.000000
KADIK10k,0.642500,1.479401,-32.034813,71.3474,4.372412
KADIK10k,0.367500,3.762363,3.312679,45.0231,7.011804
KADIK10k,0.275000,5.391557,12.458867,31.4180,11.347491
KADIK10k,0.117500,9.434818,31.990145,-1.9571,15.785124
KADIK10k,0.867500,0.650391,-48.781086,81.5149,2.596044
KADIK10k,0.457500,10.379856,46.619633,-6.7568,38.871101
KADIK10k,0.250000,20.415157,113.282677,-49.7491,58.593719
KADIK10k,0.182500,26.191097,158.033783,-61.2197,95.130402
KADIK10k,0.150000,32.807345,201.768250,-64.2171,135.690552
KADIK10k,0.875000,3.186622,-5.071235,53.7660,11.332198
KADIK10k,0.192500,8.452517,23.732502,8.6370,29.188076
KADIK10k,0.242500,11.850921,39.331863,-16.2550,40.545898
KADIK10k,0.257500,13.742498,47.919247,-26.1946,42.832073
KADIK10k,0.150000,16.254349,61.541981,-37.7297,50.334480
KADIK10k,0.792500,4.848845,11.584227,39.0255,14.582587
KADIK10k,0.757500,5.421290,14.495803,34.0599,14.821319
KADIK10k,0.757500,7.519039,23.994673,16.5823,18.061075
KADIK10k,0.500000,11.020595,41.783211,-9.8472,18.460510
KADIK10k,0.225000,19.995395,83.368736,-53.0777,26.380426
KADIK10k,0.550000,7.396027,26.519514,-3.0419,58.457542
KADIK10k,0.382500,12.184058,54.531429,-33.5910,82.771591
KADIK10k,0.375000,15.031899,71.328201,-45.3397,95.336952
KADIK10k,0.400000,18.095397,89.603043,-54.0272,107.729340
KADIK10k,0.257500,27.151375,152.177368,-64.0112,120.984901
KADIK10k,0.882500,0.000000,-56.855515,100.0000,0.000000
KADIK10k,0.607500,5.879997,16.684500,21.8211,31.445299
KADIK10k,0.475000,10.958779,43.840984,-10.8052,38.925911
KADIK10k,0.250000,23.496481,118.306915,-56.8084,59.520966
KADIK10k,0.117500,36.478511,208.316238,-64.2661,119.040237
KADIK10k,0.907500,1.301274,-33.990509,74.4425,2.912704
KADIK10k,0.817500,3.176189,-2.560675,50.4098,4.601179
KADIK10k,0.775000,4.233406,5.827614,39.2875,6.735682
KADIK10k,0.317500,8.684286,29.610161,2.3872,9.524300
KADIK10k,0.100000,16.968543,75.872002,-41.2466,16.855684
KADIK10k,0.857500,2.740337,-9.748401,55.5009,3.833396
KADIK10k,0.792500,3.128420,-3.792663,51.4979,5.457324
KADIK10k,0.757500,4.589667,7.772977,35.4744,7.092612
KADIK10k,0.157500,16.294344,76.388008,-41.5607,13.832526
KADIK10k,0.040000,26.657558,136.884995,-62.3741,20.858894
KADIK10k,0.742500,3.333999,4.597573,52.3343,5.715030
KADIK10k,0.475000,5.598764,15.956747,33.0089,7.676346
KADIK10k,0.450000,7.407529,24.988657,20.4090,8.656483
KADIK10k,0.367500,10.476864,40.016144,2.1253,10.757499
KADIK10k,0.282500,16.179413,68.063248,-25.7975,16.116631
KADIK10k,0.882500,1.287418,-31.022194,75.5136,3.222272
KADIK10k,0.550000,4.238509,9.631774,44.0907,6.223353
KADIK10k,0.500000,7.004975,23.423815,23.3539,8.315716
KADIK10k,0.392500,11.244542,44.279747,-1.8770,11.180379
KADIK10k,0.282500,14.360967,59.562439,-16.2183,14.001333
KADIK10k,0.642500,2.627431,-8.871617,26.3488,17.968218
KADIK10k,0.417500,5.919987,14.960609,-22.5458,22.189253
KADIK10k,0.317500,9.157097,30.687859,-44.3848,23.679760
KADIK10k,0.350000,13.779325,54.198105,-59.5159,30.016685
KADIK10k,0.232500,17.317367,70.932632,-63.3756,33.529964
KADIK10k,0.892500,0.970075,-36.238331,78.1339,3.948677
KADIK10k,0.700000,3.076937,2.793447,52.3903,8.163916
KADIK10k,0.450000,5.168724,13.295241,34.7581,10.973464
KADIK10k,0.407500,8.175348,28.306904,14.2280,13.905500
KADIK10k,0.307500,14.279632,58.904697,-16.5451,19.754280
KADIK10k,0.532500,6.796137,19.418211,17.0852,7.402740
KADIK10k,0.307500,11.695212,42.840866,-16.0380,12.452636
KADIK10k,0.182500,15.687689,62.177635,-35.3257,17.037514
KADIK10k,0.092500,24.197536,107.583626,-57.9148,25.184761
KADIK10k,0.107500,30.918003,141.214676,-63.7188,27.142277
KADIK10k,0.857500,1.530912,-36.950714,70.9553,11.895145
KADIK10k,0.767500,3.523274,-12.230503,41.0394,23.048822
KADIK10k,0.675000,8.772138,14.453587,-11.8361,45.412659
KADIK10k,0.550000,20.234645,61.954273,-58.2232,78.152054
KADIK10k,0.400000,37.439806,133.949326,-65.5019,122.472527
KADIK10k,0.925000,0.623465,-47.181808,85.6882,5.598186
KADIK10k,0.917500,1.513330,-32.363312,68.7754,11.940392
KADIK10k,0.900000,3.807926,1.751343,31.2934,23.046347
KADIK10k,0.582500,11.924947,45.179607,-40.8660,45.588039
KADIK10k,0.092500,43.802094,242.732254,-96.9334,79.507698
KADIK10k,0.807500,4.314327,0.984197,41.7411,24.726667
KADIK10k,0.900000,1.835388,-33.639576,72.1447,12.735677
KADIK10k,0.920000,0.000000,-56.855515,100.0000,0.000000
KADIK10k,0.817500,2.608044,-23.103678,38.2759,12.738926
KADIK10k,0.617500,7.282656,13.326876,-21.6554,24.623344
KADIK10k,0.825000,1.262864,-38.339031,74.8637,5.330967
KADIK10k,0.807500,1.633843,-31.713127,72.8703,4.424491
KADIK10k,0.532500,4.060170,4.148771,41.8586,8.626156
KADIK10k,0.217500,7.961984,22.133881,10.8707,13.245268
KADIK10k,0.100000,13.948384,52.543602,-27.0836,20.856838
KADIK10k,0.867500,4.479772,-2.170480,26.4165,38.759129
KADIK10k,0.917500,6.292745,15.230026,4.1151,45.103493
KADIK10k,0.792500,7.461178,20.338545,-7.6121,81.592476
KADIK10k,0.792500,7.845271,18.700314,-7.0648,58.526512
KADIK10k,0.757500,10.195060,35.538414,-23.6933,63.463455
KADIK10k,0.875000,7.006756,14.882929,16.8737,16.917877
KADIK10k,0.725000,6.936498,14.805964,15.5534,18.030361
KADIK10k,0.617500,6.818281,14.225945,13.7335,18.094505
KADIK10k,0.482500,8.504417,23.169966,2.4987,18.885433
KADIK10k,0.117500,16.635999,64.589142,-42.0225,32.916451
KADIK10k,0.775000,2.287240,-17.021704,59.2622,7.928545
KADIK10k,0.632500,3.710887,2.738155,40.8415,11.321553
KADIK10k,0.525000,6.330109,14.118642,19.7044,18.696953
KADIK10k,0.375000,10.810243,36.144592,-9.1953,19.334139
KADIK10k,0.317500,20.325146,88.046997,-50.2585,22.235533
KADIK10k,0.232500,13.768425,54.291622,-31.3132,44.239742
KADIK10k,0.157500,19.541380,95.853264,-56.4533,92.842735
KADIK10k,0.375000,23.546892,93.834999,-59.4959,119.858513
KADIK10k,0.267500,29.117554,141.836578,-64.0473,99.422890
KADIK10k,0.150000,29.132095,139.650208,-63.8540,123.505898
KADIK10k,0.575000,7.724343,11.637843,1.5599,16.536499
KADIK10k,0.375000,16.105082,51.924881,-48.0548,28.778135
KADIK10k,0.207500,22.864636,86.091408,-61.9652,37.958759
KADIK10k,0.150000,36.847080,157.860809,-65.4874,51.549530
KADIK10k,0.032500,52.269839,242.211365,-111.5951,69.895264
KADIK10k,0.575000,15.512585,50.537571,-40.9208,24.208818
KADIK10k,0.642500,9.799987,23.448370,-8.0763,17.188337
KADIK10k,0.825000,4.913043,1.222207,36.3918,10.064816
KADIK10k,0.682500,4.612330,4.724505,36.2011,10.567497
KADIK10k,0.457500,12.891675,52.254612,-29.0105,21.417330
KADIK10k,0.882500,0.000000,-56.855515,100.0000,0.000000
KADIK10k,0.717500,1.147268,-36.742474,76.5453,3.230623
KADIK10k,0.350000,5.022058,9.585617,34.6170,7.976737
KADIK10k,0.167500,12.914979,44.820202,-16.3556,14.390356
KADIK10k,0.042500,33.888641,158.855881,-64.2274,36.457611
KADIK10k,0.532500,2.450431,-15.180904,58.4139,5.662221
KADIK10k,0.250000,6.483638,15.739854,23.8473,9.087967
KADIK10k,0.057500,16.419985,60.320164,-31.7109,19.373173
KADIK10k,0.092500,25.786839,108.412201,-59.7974,31.718010
KADIK10k,0.050000,34.434130,161.785889,-64.2291,39.595592
KADIK10k,0.882500,0.000000,-56.855515,100.0000,0.000000
KADIK10k,0.675000,2.090838,-21.145250,62.9512,5.291728
KADIK10k,0.265000,5.183517,10.143669,32.6215,9.393538
KADIK10k,0.150000,8.676367,24.694279,10.3232,15.460499
KADIK10k,0.092500,17.629311,68.760902,-40.5905,26.678423
KADIK10k,0.875000,0.792673,-46.214203,77.3595,1.005335
KADIK10k,0.407500,7.201582,28.831524,13.4550,16.981354
KADIK10k,0.182500,12.037866,64.928543,-20.9177,26.202642
KADIK10k,0.132500,14.184930,80.273453,-30.6459,27.839256
KADIK10k,0.075000,17.216406,103.082840,-43.1277,31.838068
KADIK10k,0.500000,8.706101,14.213223,18.6572,19.618855
KADIK10k,0.292500,15.309148,42.213470,-18.1950,31.774506
KADIK10k,0.100000,26.929086,102.672546,-57.2007,44.918598
KADIK10k,0.042500,29.276909,115.795937,-60.7134,45.354153
KADIK10k,0.050000,33.842439,138.357254,-63.7361,47.163113
KADIK10k,0.862500,3.246533,-11.903727,59.8908,6.246115
KADIK10k,0.765000,4.154150,-3.761193,54.4625,9.011956
KADIK10k,0.750000,4.500319,-0.198845,49.1350,9.292132
KADIK10k,0.567500,7.003940,13.287037,30.9442,13.683942
KADIK10k,0.340000,11.538588,33.817379,-9.3304,16.980944
KADIK10k,0.350000,3.387275,-8.537261,32.7601,9.946321
KADIK10k,0.217500,5.800548,19.321299,7.8795,13.437357
KADIK10k,0.417500,7.259322,29.056881,-3.9346,15.168921
KADIK10k,0.342500,8.831690,37.786621,-14.7666,16.886799
KADIK10k,0.232500,16.348198,75.295044,-47.5887,22.638401
KADIK10k,0.867500,0.000000,-56.855515,100.0000,0.000000
KADIK10k,0.625000,4.207122,9.229164,32.5114,10.513413
KADIK10k,0.532500,7.333646,29.945820,6.8704,16.747885
KADIK10k,0.387500,11.395773,52.423283,-15.1339,21.758156
KADIK10k,0.150000,13.640594,64.705971,-23.4009,25.278246
KADIK10k,0.782500,3.238036,-6.027429,55.9599,4.718360
KADIK10k,0.517500,6.728935,17.201725,28.1384,8.426419
KADIK10k,0.400000,8.340262,24.804695,16.9265,9.090464
KADIK10k,0.107500,15.906627,59.538681,-25.2129,15.940431
KADIK10k,0.025000,30.313917,137.566620,-62.1355,32.459091
KADIK10k,0.875000,2.440695,-16.964066,62.0862,3.960903
KADIK10k,0.825000,2.770383,-12.111679,59.2592,4.318345
KADIK10k,0.750000,3.906845,0.044483,49.5787,5.303748
KADIK10k,0.415000,11.849221,40.246769,-5.3500,10.521398
KADIK10k,0.232500,20.142131,83.816788,-40.9554,15.171881
KADIK10k,0.870000,1.594826,-29.844883,74.9189,3.110329
KADIK10k,0.750000,2.433409,-12.160651,65.2843,4.514912
KADIK10k,0.707500,3.105440,-1.926687,58.3422,4.929554
KADIK10k,0.517500,4.280151,4.740003,48.0799,6.116109
KADIK10k,0.382500,6.600871,13.999339,30.8678,9.477227
KADIK10k,0.907500,0.726007,-43.615345,86.2115,1.627454
KADIK10k,0.850000,1.864613,-23.655449,71.1657,3.674351
KADIK10k,0.732500,2.916926,-3.279980,60.3156,5.168011
KADIK10k,0.582500,4.478883,5.650624,45.7513,6.789606
KADIK10k,0.492500,5.877488,11.846367,35.2458,7.935758
KADIK10k,0.825000,1.482417,-30.808470,63.8123,9.604383
KADIK10k,0.707500,2.736161,-6.009968,44.7360,13.296556
KADIK10k,0.507500,3.563600,3.957800,34.6264,14.616791
KADIK10k,0.432500,5.197868,11.203465,14.9298,24.515739
KADIK10k,0.292500,6.813819,18.456444,-1.1262,20.530691
KADIK10k,0.850000,0.783930,-41.621441,82.7996,2.582525
KADIK10k,0.867500,2.054339,-18.200930,65.1162,5.237038
KADIK10k,0.625000,3.243718,-0.490436,53.6469,6.500549
KADIK10k,0.547500,4.861886,7.626656,39.8616,8.435743
KADIK10k,0.367500,8.397871,20.851023,16.1685,11.359769
KADIK10k,0.592500,6.478401,16.694702,31.3761,7.579999
KADIK10k,0.392500,10.662301,36.307423,2.8338,10.054275
KADIK10k,0.300000,13.752204,51.025345,-14.0746,13.149366
KADIK10k,0.217500,19.073769,75.541641,-37.4352,15.933942
KADIK10k,0.175000,23.293262,95.042717,-50.4719,19.645910
KADIK10k,0.825000,1.667460,-35.508411,74.8974,8.185133
KADIK10k,0.800000,3.740393,-11.474125,49.0517,16.011497
KADIK10k,0.575000,9.149510,9.202427,-1.6808,31.003628
KADIK10k,0.275000,21.582679,55.076183,-55.6330,52.690094
KADIK10k,0.142500,39.564641,133.470993,-66.0101,75.071213
KADIK10k,0.900000,0.790461,-45.218361,86.8232,3.932528
KADIK10k,0.900000,1.781100,-34.014778,73.3637,8.317170
KADIK10k,0.832500,4.090685,-9.589577,45.4275,16.389942
KADIK10k,0.725000,10.658515,14.094265,-12.2786,32.913151
KADIK10k,0.375000,31.322874,101.361908,-64.1253,60.650658
KADIK10k,0.857500,6.517878,5.494680,36.4491,16.729338
KADIK10k,0.875000,3.161157,-25.697359,67.4677,9.019790
KADIK10k,0.852500,0.000000,-56.855515,100.0000,0.000000
KADIK10k,0.807500,4.092508,-15.165380,62.7093,8.769366
KADIK10k,0.717500,8.878133,12.892442,25.4057,16.911146
KADIK10k,0.775000,3.048341,-3.154772,62.1672,7.406883
KADIK10k,0.782500,4.513575,3.866994,47.1321,6.543654
KADIK10k,0.475000,9.210700,24.907421,5.5130,14.253389
KADIK10k,0.117500,16.930366,60.095181,-33.3782,20.189854
KADIK10k,0.050000,24.410622,98.914238,-56.2641,31.650530
KADIK10k,0.842500,6.697599,1.755415,9.0003,65.611694
KADIK10k,0.750000,8.970984,18.849634,-10.6436,82.240059
KADIK10k,0.792500,10.858645,28.960073,-22.1990,73.888069
KADIK10k,0.592500,12.893457,38.287022,-35.9484,77.961380
KADIK10k,0.482500,14.341380,43.674503,-41.2206,71.385452
KADIK10k,0.550000,11.115762,26.205023,1.5324,23.446697
KADIK10k,0.292500,12.940715,34.296856,-8.3419,29.430754
KADIK10k,0.325000,11.844040,27.935909,-2.4671,32.249130
KADIK10k,0.292500,13.514253,35.537865,-10.1595,28.365606
KADIK10k,0.042500,27.420066,104.228951,-58.3906,61.880753
KADIK10k,0.882500,0.916595,-43.800152,81.8067,4.848188
KADIK10k,0.875000,1.268580,-40.150230,77.7570,6.351092
KADIK10k,0.817500,1.831630,-34.480320,72.4053,7.880029
KADIK10k,0.857500,2.791989,-22.823692,64.2271,9.465806
KADIK10k,0.775000,5.949344,1.268275,48.3711,14.076504
KADIK10k,0.315000,11.312313,35.770615,-23.7724,72.026787
KADIK10k,0.292500,18.334641,72.421669,-54.2956,69.474220
KADIK10k,0.392500,19.825758,88.184029,-60.7217,69.836288
KADIK10k,0.317500,18.188237,70.727333,-54.9986,85.584686
KADIK10k,0.282500,24.142545,105.171783,-62.1262,103.155235
KADIK10k,0.507500,12.124283,14.851763,-3.5488,16.575119
KADIK10k,0.225000,21.364023,47.566319,-43.2296,27.584253
KADIK10k,0.257500,27.596678,70.488243,-56.8842,35.657696
KADIK10k,0.075000,37.630809,108.773018,-64.1042,46.929657
KADIK10k,0.057500,45.522876,141.115448,-64.7225,58.584976
KADIK10k,0.517500,22.374459,64.601456,-23.7064,20.606359
KADIK10k,0.717500,14.941931,35.357090,4.9143,14.632366
KADIK10k,0.837500,7.925194,9.464475,42.2428,8.286008
KADIK10k,0.832500,5.451832,6.883937,33.8092,7.143246
KADIK10k,0.517500,14.937693,57.567257,-34.5776,14.581997
TID2013,0.612699,1.363129,-29.012831,73.8304,3.265363
TID2013,0.618619,2.213183,-10.747430,63.0180,4.380494
TID2013,0.549382,3.649080,5.842720,47.8655,6.283382
TID2013,0.486487,5.836579,18.187908,28.5103,7.958548
TID2013,0.429429,9.364938,36.583282,4.3669,10.759352
TID2013,0.669841,0.777327,-38.539467,83.1861,2.336830
TID2013,0.678679,1.222728,-28.673964,76.5730,3.393629
TID2013,0.598766,2.016733,-8.022818,66.2415,4.483410
TID2013,0.523810,3.204235,4.739067,53.5679,5.970558
TID2013,0.484568,5.222916,17.231386,36.0466,8.360745
TID2013,0.530159,3.330869,-5.505260,49.9844,5.972013
TID2013,0.474474,5.466630,8.653423,26.4010,8.499222
TID2013,0.411411,8.675760,24.637695,0.4877,11.985540
TID2013,0.354938,14.081800,52.173107,-30.9030,15.921842
TID2013,0.301588,21.732894,90.992805,-54.8134,27.514950
TID2013,0.663492,0.754423,-36.399933,84.3763,2.775212
TID2013,0.639640,1.164338,-26.515450,78.4813,3.869868
TID2013,0.585586,1.839459,-6.190440,69.8143,6.470110
TID2013,0.582582,2.829106,5.982469,58.0245,9.736470
TID2013,0.523810,4.673858,17.588484,36.4226,14.654013
TID2013,0.657658,0.856702,-34.163387,79.6508,3.218950
TID2013,0.633633,1.354795,-21.274107,71.8972,4.280822
TID2013,0.564814,2.963273,7.306128,53.6689,6.928695
TID2013,0.459877,6.621108,29.816730,24.6824,11.563253
TID2013,0.348766,14.707242,75.931389,-23.0337,21.274321
TID2013,0.444444,2.589064,-3.371592,38.6120,16.877851
TID2013,0.432432,3.738730,7.276069,24.8781,17.513548
TID2013,0.414414,5.061183,16.326824,11.0875,19.084044
TID2013,0.387301,7.790538,32.849865,-11.5316,21.763515
TID2013,0.327160,11.695647,52.946091,-34.1808,26.453409
TID2013,0.564814,2.199524,-16.106981,62.9919,5.560222
TID2013,0.527778,3.786140,3.011474,47.0292,10.628257
TID2013,0.444444,7.280876,22.026762,21.6118,12.211035
TID2013,0.358024,10.695954,38.763573,-8.1605,12.296122
TID2013,0.243827,21.449881,92.238434,-49.8186,21.961224
TID2013,0.576577,1.290889,-33.905602,77.9053,4.414849
TID2013,0.496913,2.961073,-3.938698,59.7405,7.701605
TID2013,0.387388,7.051462,17.858109,31.1381,13.069441
TID2013,0.333333,15.119596,52.286133,-9.4881,21.201633
TID2013,0.234568,27.527137,121.707870,-54.6361,31.200058
TID2013,0.675926,1.822399,-21.649443,67.6635,2.789876
TID2013,0.574074,3.078241,0.936310,53.0177,4.457809
TID2013,0.492063,6.466030,18.975037,21.1826,6.934979
TID2013,0.312312,13.874345,53.699905,-24.1002,11.505437
TID2013,0.171171,30.395529,142.985687,-62.6128,19.958176
TID2013,0.663663,0.999408,-38.186031,77.3171,2.309902
TID2013,0.660661,1.824058,-24.003237,66.0398,3.426705
TID2013,0.546297,4.424305,5.623824,36.7116,4.687671
TID2013,0.357358,12.323205,46.935192,-23.4117,9.091661
TID2013,0.231231,25.485706,124.743469,-63.1705,17.190420
TID2013,0.657143,1.216425,-34.211555,75.0411,2.446119
TID2013,0.630631,2.165741,-19.210306,62.4097,3.268923
TID2013,0.521604,4.039494,2.387342,43.5735,5.920805
TID2013,0.408409,11.209328,36.639500,-11.7191,12.696813
TID2013,0.162162,33.485638,162.963943,-64.1381,24.509619
TID2013,0.660661,2.800952,-12.190040,52.7127,9.784822
TID2013,0.651651,3.138219,-7.506139,50.0511,8.978261
TID2013,0.468469,5.370141,9.129756,31.7744,19.091595
TID2013,0.425926,7.502664,15.350525,23.5198,17.641367
TID2013,0.381381,10.968545,26.110647,7.3787,16.398481
TID2013,0.606607,1.693958,-23.512909,62.2509,6.583802
TID2013,0.434921,5.098242,8.513975,25.7278,17.738270
TID2013,0.364198,10.195703,34.329617,-15.7660,25.462482
TID2013,0.351852,13.314962,51.708580,-29.3111,20.465906
TID2013,0.345346,11.123764,36.570919,-31.1313,23.908972
TID2013,0.632716,3.365821,-1.927569,33.6072,16.732006
TID2013,0.672672,4.958310,9.166503,23.1902,23.482370
TID2013,0.639640,9.647933,38.330956,-11.9943,32.107185
TID2013,0.617284,12.647707,57.065250,-38.5693,35.116131
TID2013,0.496732,18.535349,92.195961,-55.0949,47.439186
TID2013,0.314814,11.677850,55.270279,-38.4498,50.174721
TID2013,0.314286,12.807451,59.307365,-39.9013,66.501335
TID2013,0.345346,13.588717,58.668949,-42.1039,79.463181
TID2013,0.398148,13.577524,55.577999,-42.3276,93.410904
TID2013,0.432432,14.098966,32.002457,-33.3131,107.673164
TID2013,0.645062,0.182538,-54.654800,88.4927,4.606885
TID2013,0.672672,0.278959,-53.991600,80.5763,7.931644
TID2013,0.543210,0.990380,-45.916611,55.3945,15.123778
TID2013,0.558642,1.385669,-47.011570,39.4483,25.195955
TID2013,0.466049,3.562671,-15.153984,0.8865,29.069317
TID2013,0.594594,1.943839,-25.621153,73.4948,4.829236
TID2013,0.735736,5.205049,2.832783,48.7983,9.488400
TID2013,0.453453,6.575175,15.509163,21.4013,12.319787
TID2013,0.693693,13.417128,40.934952,-6.7704,20.589504
TID2013,0.330159,20.887130,100.793236,-54.1356,25.250494
TID2013,0.513513,0.995829,-45.954422,78.5061,9.000207
TID2013,0.469136,1.618671,-39.122044,71.1029,12.557191
TID2013,0.419048,2.675770,-27.688005,61.6176,17.058531
TID2013,0.385802,4.294125,-4.170926,51.0005,22.590168
TID2013,0.379630,6.324366,10.365511,38.6286,29.507364
TID2013,0.660493,1.401954,-29.296572,71.8908,3.026036
TID2013,0.608024,2.248883,-11.124084,60.2769,4.313546
TID2013,0.564564,3.560736,4.235364,44.8678,5.312488
TID2013,0.503087,5.788158,16.297796,24.4016,7.203918
TID2013,0.438271,9.137815,33.569958,-0.8673,10.428282
TID2013,0.650793,0.805050,-38.656036,79.1906,2.456296
TID2013,0.648148,1.307545,-27.843021,70.4034,3.229446
TID2013,0.669753,2.352317,-9.482192,56.9415,4.582915
TID2013,0.564814,5.284154,11.398740,30.6605,5.609602
TID2013,0.481481,13.450090,46.093113,-20.1720,11.766004
TID2013,0.633633,1.789734,-25.674807,67.3613,3.867230
TID2013,0.586420,3.023992,-4.245994,51.3231,4.206737
TID2013,0.519520,5.240979,9.721224,28.2653,6.931188
TID2013,0.450793,9.389053,32.018627,-5.8296,11.177779
TID2013,0.339339,16.840619,72.117119,-43.6052,17.786507
TID2013,0.617284,1.874402,-22.052231,66.1415,5.170925
TID2013,0.576577,3.184187,0.346171,52.2313,8.550723
TID2013,0.478396,6.175961,16.490553,26.6711,18.777815
TID2013,0.351351,10.054469,29.981916,6.9013,18.771824
TID2013,0.243827,19.989825,79.357819,-48.7992,29.476561
TID2013,0.698412,1.047003,-35.457661,78.7684,1.923657
TID2013,0.623457,2.265270,-6.907084,64.1005,3.877400
TID2013,0.641976,3.676159,5.699205,50.6810,6.654351
TID2013,0.533951,6.400063,19.279703,30.3253,10.702618
TID2013,0.267268,23.265980,94.001060,-47.0163,29.025103
TID2013,0.633633,1.514024,-29.768566,71.0767,2.246797
TID2013,0.620370,2.757470,-10.561950,55.7492,3.537011
TID2013,0.567568,5.565634,11.142565,28.0450,6.162319
TID2013,0.342342,13.213330,49.546978,-25.5447,12.114738
TID2013,0.051051,32.980206,163.148972,-64.2171,29.993196
TID2013,0.638096,1.613044,-24.702597,70.0543,3.263738
TID2013,0.593651,2.724274,-1.259878,56.7636,4.263913
TID2013,0.580247,4.688685,10.647966,38.2864,5.929250
TID2013,0.466049,7.915118,28.141497,15.2090,7.937112
TID2013,0.441441,13.017806,54.825573,-12.3437,11.174441
TID2013,0.672840,0.974821,-36.054241,79.5316,2.491262
TID2013,0.672672,1.633486,-23.389109,70.5675,3.481935
TID2013,0.654321,2.792720,-0.282533,56.8603,4.896562
TID2013,0.588589,4.727280,10.997392,39.0599,5.972826
TID2013,0.487654,8.023921,29.770399,15.2862,9.174105
TID2013,0.533333,3.958195,2.125628,38.2527,5.987849
TID2013,0.492492,6.701394,17.060524,13.0743,9.641560
TID2013,0.426427,11.323106,41.727814,-18.7895,12.547657
TID2013,0.391976,18.396390,82.202827,-47.6033,16.009684
TID2013,0.324324,28.170204,139.201828,-62.6812,23.684902
TID2013,0.698412,0.997511,-32.885765,79.8504,4.669295
TID2013,0.684684,1.608004,-19.702002,71.5102,6.952047
TID2013,0.577160,2.691795,3.877377,58.6553,9.920163
TID2013,0.526984,4.678190,14.295824,36.1282,15.557989
TID2013,0.476190,8.557846,35.445419,-2.0755,26.913805
TID2013,0.679739,0.965965,-32.737122,78.1903,2.970309
TID2013,0.679012,1.609930,-17.904596,69.1862,3.961872
TID2013,0.603603,3.850416,11.422482,47.0686,6.498305
TID2013,0.486487,9.272010,41.728180,11.1646,10.984689
TID2013,0.379630,21.244450,106.252388,-42.5175,20.812185
TID2013,0.506173,3.407644,5.624537,27.3867,11.808832
TID2013,0.475309,4.908900,12.725222,3.4885,16.514917
TID2013,0.414414,7.761154,28.656034,-23.5151,20.341152
TID2013,0.387301,12.533485,54.942467,-47.6901,24.108791
TID2013,0.345346,18.748442,91.589302,-62.3870,33.716179
TID2013,0.657143,2.553263,-9.606761,57.2680,4.456132
TID2013,0.620370,4.442176,5.356671,34.9438,7.094694
TID2013,0.418301,7.860830,23.978476,4.5788,8.987580
TID2013,0.417418,11.757209,48.229416,-20.7470,12.703285
TID2013,0.317460,19.692978,92.230240,-46.0699,20.545776
TID2013,0.678679,1.067983,-37.697617,83.9937,4.581415
TID2013,0.574074,2.452508,-12.048591,70.7727,8.040453
TID2013,0.504762,5.690597,13.470579,48.7146,13.314998
TID2013,0.426427,11.691543,45.068802,14.4455,20.200544
TID2013,0.336337,21.144136,104.109879,-32.0838,28.453638
TID2013,0.666667,2.297227,-15.010621,61.5260,3.195674
TID2013,0.612699,3.522135,1.898382,47.2573,4.424133
TID2013,0.503087,6.223490,15.755117,21.8199,6.469809
TID2013,0.405406,11.208730,42.162151,-11.8609,10.924664
TID2013,0.268519,22.981608,110.987610,-55.2485,18.001053
TID2013,0.666667,1.341683,-31.409872,73.9155,2.689599
TID2013,0.663580,2.312186,-14.078029,61.2635,3.389189
TID2013,0.603603,5.461928,13.425002,27.2979,5.570050
TID2013,0.388889,14.129500,64.840538,-33.7124,13.276373
TID2013,0.301588,22.990797,114.697861,-57.4196,18.270172
TID2013,0.657408,2.816500,-6.673411,55.5371,4.118851
TID2013,0.533951,6.263613,16.196354,21.6909,6.769217
TID2013,0.330330,15.851013,70.658409,-36.4981,16.135662
TID2013,0.213213,32.877659,179.467651,-64.2031,40.286716
TID2013,0.141976,47.084588,276.013550,-72.5356,59.786533
TID2013,0.589507,5.024847,8.305637,34.1659,13.309914
TID2013,0.492492,4.736653,4.426175,44.4622,10.888585
TID2013,0.342342,12.164662,56.512341,-36.1428,60.470470
TID2013,0.297298,17.124929,72.218987,-46.1291,64.952141
TID2013,0.263492,35.657333,190.750305,-69.9674,123.518616
TID2013,0.496913,4.584757,7.002175,32.9024,8.156108
TID2013,0.444444,7.253096,23.227041,4.2216,13.335647
TID2013,0.376543,15.641174,69.556595,-42.5437,37.244572
TID2013,0.321321,24.370602,112.087341,-59.3758,27.946712
TID2013,0.401234,20.633222,100.820557,-58.6538,44.988400
TID2013,0.638889,4.574461,7.563201,25.8027,22.578257
TID2013,0.675676,3.601309,-0.349059,39.8486,24.170389
TID2013,0.568254,6.663844,20.493866,8.0282,26.803370
TID2013,0.590477,8.873532,32.956825,-11.7199,41.166092
TID2013,0.468469,13.227824,59.625843,-37.7022,43.998981
TID2013,0.377778,13.834889,55.727554,-40.6100,68.256485
TID2013,0.402402,16.911579,72.283707,-49.5561,69.043213
TID2013,0.425926,17.105793,77.053001,-52.9887,79.452736
TID2013,0.426427,14.604866,55.700748,-43.6951,95.155380
TID2013,0.466667,18.160337,59.093029,-50.7212,103.742432
TID2013,0.660661,0.226424,-54.121387,88.4654,4.772616
TID2013,0.675926,0.500651,-50.944355,78.6813,8.116662
TID2013,0.591591,1.076036,-42.955959,54.9467,15.515099
TID2013,0.570988,2.484494,-30.328033,31.0115,24.677254
TID2013,0.507508,3.317356,-6.834581,2.1878,29.634264
TID2013,0.657408,1.781030,-32.076668,76.6120,7.721479
TID2013,0.631746,4.132859,0.061272,47.4980,13.199162
TID2013,0.537538,5.874831,12.452165,29.4001,20.074400
TID2013,0.530159,11.019999,36.721191,-6.7030,26.527735
TID2013,0.435186,17.732562,86.582680,-44.6900,42.725643
TID2013,0.663580,0.663933,-45.597958,86.1540,6.395736
TID2013,0.621621,0.947646,-40.165680,81.2334,8.532342
TID2013,0.536508,1.476471,-31.807545,72.8724,12.808420
TID2013,0.546547,2.310603,-18.566153,61.3224,18.077702
TID2013,0.504762,3.580002,1.625898,47.3022,24.862555
TID2013,0.641976,2.471544,-7.403127,59.2582,4.814049
TID2013,0.603603,4.214424,7.263988,41.7603,6.444654
TID2013,0.537037,6.963121,22.132616,19.3090,8.893869
TID2013,0.469136,11.268131,43.260548,-5.8850,12.002535
TID2013,0.417418,17.640221,72.748627,-34.1658,14.476316
TID2013,0.672672,1.471031,-25.640020,70.1938,3.446456
TID2013,0.685714,3.369093,1.678228,50.5869,4.940494
TID2013,0.589507,8.771578,25.390013,9.2454,7.981297
TID2013,0.444444,21.776135,94.911125,-48.8851,17.487125
TID2013,0.311729,46.338659,247.350464,-67.8874,35.345753
TID2013,0.663663,2.841667,-4.881521,54.0219,4.159589
TID2013,0.588589,5.116545,10.604266,30.5012,5.914004
TID2013,0.511111,9.343811,31.449890,-2.7003,9.934568
TID2013,0.364198,16.778385,70.375443,-38.0703,13.718218
TID2013,0.262346,27.390553,136.312210,-61.6371,22.027060
TID2013,0.612612,1.952222,-20.894495,64.0103,8.076749
TID2013,0.582582,4.050746,7.083081,36.8225,12.956178
TID2013,0.498412,6.279322,16.665709,15.0699,14.366388
TID2013,0.422840,12.724091,45.652954,-24.2968,24.516361
TID2013,0.246913,41.897579,239.788528,-64.7936,36.266098
TID2013,0.753087,2.717712,-6.489206,57.9218,6.327173
TID2013,0.615616,7.714257,24.550987,10.6848,14.872785
TID2013,0.382716,19.907840,92.914200,-48.4115,31.692392
TID2013,0.240240,37.096020,206.615189,-64.3176,48.676933
TID2013,0.090090,49.315827,281.998108,-79.3893,51.140125
TID2013,0.675676,3.006135,-5.871808,54.2764,3.985953
TID2013,0.546297,6.436076,16.410280,21.9991,7.092221
TID2013,0.333333,14.296402,62.211437,-30.9481,22.689407
TID2013,0.234568,30.548175,165.296127,-64.1042,36.216702
TID2013,0.099099,52.794320,312.395172,-92.4944,57.209072
TID2013,0.641026,2.223695,-12.788398,63.6823,4.428993
TID2013,0.567251,3.714649,6.058330,48.6828,5.409654
TID2013,0.520468,6.337369,19.024323,28.5265,7.662657
TID2013,0.472222,10.483946,39.158115,2.4402,10.041116
TID2013,0.436111,16.219481,67.036072,-24.1663,14.252131
TID2013,0.687134,0.983677,-35.304314,80.3684,2.741266
TID2013,0.698006,1.657801,-22.180948,71.4797,3.383857
TID2013,0.583333,2.740716,-0.019471,59.4214,4.810393
TID2013,0.555556,4.616628,10.348759,42.4191,6.601177
TID2013,0.511111,7.916092,27.192707,19.1359,8.798327
TID2013,0.516667,5.300212,9.670305,28.3433,8.690350
TID2013,0.452991,8.895854,29.358671,-0.0106,11.364954
TID2013,0.427778,14.619421,57.462654,-30.2739,15.190668
TID2013,0.364672,22.379116,97.227966,-54.3555,20.404507
TID2013,0.321638,31.721731,148.240784,-63.7320,28.674887
TID2013,0.709402,1.066196,-30.283426,76.0026,5.203083
TID2013,0.628654,1.646024,-17.060858,67.0002,7.034869
TID2013,0.580556,2.489245,2.993872,54.2918,10.459064
TID2013,0.511111,4.093249,11.913102,32.3257,17.234077
TID2013,0.397222,6.984277,26.620377,-1.6590,27.090166
TID2013,0.722222,1.327346,-23.312254,73.2130,3.792512
TID2013,0.625731,2.212412,-1.717913,62.7196,5.041761
TID2013,0.588889,5.166569,18.193842,38.3298,7.937790
TID2013,0.478632,11.545976,50.108570,0.7198,12.502006
TID2013,0.385964,23.375879,104.128433,-49.5786,22.565510
TID2013,0.535088,3.739945,4.245170,16.4903,20.181108
TID2013,0.504273,5.520878,13.959439,-0.5492,16.584217
TID2013,0.455556,8.480524,28.075802,-25.0127,21.544950
TID2013,0.416667,12.890065,48.926888,-44.8843,26.961147
TID2013,0.388889,19.111456,79.611267,-59.4607,30.104528
TID2013,0.552707,4.689281,6.303653,33.9312,6.736492
TID2013,0.455556,8.660983,30.661013,-2.7355,11.028088
TID2013,0.427350,14.431764,64.319855,-34.6425,16.906223
TID2013,0.425000,17.124628,73.419350,-37.0449,22.107931
TID2013,0.401709,25.379729,118.292213,-55.7089,44.444168
TID2013,0.704679,0.976103,-38.925961,85.7151,4.683420
TID2013,0.622222,2.190227,-16.262827,75.2957,8.717257
TID2013,0.497076,4.819780,9.779937,58.9198,14.645377
TID2013,0.416667,9.346017,34.046959,33.1754,22.082813
TID2013,0.327778,16.446239,79.433952,-8.7558,29.835787
TID2013,0.738889,1.655764,-25.363739,71.0307,3.128291
TID2013,0.695157,2.468406,-10.756284,60.6696,4.188488
TID2013,0.608333,4.460709,7.649307,38.6369,6.211516
TID2013,0.415954,8.721021,29.417156,4.5608,12.408209
TID2013,0.274853,18.607384,85.446609,-45.6861,23.526567
TID2013,0.692982,1.078052,-38.855244,77.8499,3.432372
TID2013,0.629630,1.850756,-24.666565,65.9950,4.046477
TID2013,0.561253,4.345553,6.616121,36.4051,7.129356
TID2013,0.366667,12.537744,53.693249,-24.5132,12.179960
TID2013,0.276353,23.737716,122.256996,-59.1150,25.300360
TID2013,0.596491,2.680708,-10.471175,57.3011,4.312631
TID2013,0.452991,6.262062,17.095760,21.2445,9.720371
TID2013,0.316239,12.929293,55.284229,-26.3315,18.847788
TID2013,0.202279,25.368293,130.797211,-61.6052,38.863533
TID2013,0.077778,44.589736,258.425201,-69.7553,51.368023
TID2013,0.601140,3.588379,-3.405326,49.9919,11.161141
TID2013,0.453217,4.670456,2.333715,44.5479,21.466919
TID2013,0.315790,13.417668,63.945511,-40.7554,53.336750
TID2013,0.344444,15.606664,62.647491,-39.0720,64.331955
TID2013,0.266667,27.803701,127.572060,-61.0480,94.626427
TID2013,0.569801,3.288466,0.553746,49.2565,9.769053
TID2013,0.404559,10.826885,39.599384,-18.3058,18.202295
TID2013,0.436111,11.446021,32.488255,-8.4805,14.156692
TID2013,0.325000,29.773222,146.872864,-63.8801,38.519798
TID2013,0.269006,48.964544,281.877747,-95.9689,67.311295
TID2013,0.564102,4.733357,4.981456,26.5903,34.207066
TID2013,0.666667,3.079678,-11.728842,48.5158,21.941681
TID2013,0.538889,5.159083,4.261448,29.1606,33.017426
TID2013,0.495727,7.062048,15.610830,11.1287,41.611389
TID2013,0.388889,10.425489,38.531898,-19.1175,54.662838
TID2013,0.413889,13.646364,60.905132,-40.2228,57.283085
TID2013,0.450000,16.308520,65.463432,-42.7181,69.474304
TID2013,0.447222,16.527211,66.058250,-43.1834,76.372299
TID2013,0.475783,18.467751,68.503769,-44.4353,93.263107
TID2013,0.532763,15.399781,67.627846,-51.3683,120.050400
TID2013,0.757834,0.229377,-54.351784,85.9788,5.896874
TID2013,0.725000,0.890036,-44.877377,71.6377,9.907721
TID2013,0.663889,1.135912,-45.154137,41.7351,19.311697
TID2013,0.675000,4.177075,-1.192209,14.6195,29.608721
TID2013,0.558404,4.102594,-0.847759,-25.8297,36.846458
TID2013,0.698006,1.896304,-27.497309,73.4838,9.721347
TID2013,0.750000,4.985964,3.588133,43.2034,15.562377
TID2013,0.577778,6.160325,16.327568,23.2934,25.608324
TID2013,0.730556,12.650365,41.132336,-9.9872,28.285463
TID2013,0.421652,18.668437,95.673515,-51.0046,54.155987
TID2013,0.641026,0.716160,-45.562847,82.7410,10.363901
TID2013,0.635328,1.061988,-39.329651,76.0489,15.032390
TID2013,0.618233,1.625858,-30.201660,66.3946,21.437725
TID2013,0.555556,2.582636,-14.643785,51.7529,30.377523
TID2013,0.517543,4.322951,7.984122,30.4927,42.901119
TID2013,0.612536,2.463653,-9.117337,60.4248,5.633574
TID2013,0.558404,4.150323,8.624863,44.5848,7.336617
TID2013,0.522222,6.755162,21.506605,25.4461,9.331252
TID2013,0.478632,10.892136,41.411720,0.9542,13.087380
TID2013,0.410257,16.841979,67.851532,-25.4994,17.306919
TID2013,0.649123,2.061036,-16.227697,61.9754,4.218879
TID2013,0.606838,4.256751,6.524652,39.0649,6.396262
TID2013,0.461988,9.553194,32.750320,-1.7948,11.769191
TID2013,0.353277,20.653861,95.107231,-50.4657,24.627678
TID2013,0.313889,38.109329,207.822632,-64.6918,54.130909
TID2013,0.581871,3.056406,-2.086399,52.5122,5.510659
TID2013,0.492878,5.181236,11.170997,31.5820,7.429432
TID2013,0.433049,8.777494,29.393440,5.0226,12.612720
TID2013,0.353277,14.363013,55.595497,-25.4400,16.883438
TID2013,0.233333,23.750182,105.040154,-57.1584,28.070551
TID2013,0.663818,1.758442,-16.670059,65.5178,7.110929
TID2013,0.595441,2.662308,4.169423,53.6940,11.632380
TID2013,0.581197,4.368969,13.421501,40.0963,15.918693
TID2013,0.484330,12.579813,49.498043,-17.7505,25.931313
TID2013,0.435672,19.149292,85.879593,-42.9679,37.487904
TID2013,0.746439,1.820689,-26.845707,70.9844,7.969959
TID2013,0.649572,4.429842,2.930517,45.4132,16.714647
TID2013,0.433333,12.752778,48.337589,-11.7713,31.364418
TID2013,0.295321,21.562134,103.368805,-52.4912,43.794613
TID2013,0.219444,32.162583,175.120193,-64.2162,50.847565
TID2013,0.638177,2.980154,-7.528485,54.3224,5.474622
TID2013,0.467237,5.899856,13.117366,28.9219,10.103675
TID2013,0.313889,12.364783,53.519100,-22.1811,25.590471
TID2013,0.201754,27.547916,148.073807,-63.2893,45.394199
TID2013,0.046783,46.476186,276.088959,-78.7907,52.262077
TID2013,0.640211,1.761856,-21.608999,67.8514,3.687366
TID2013,0.608466,2.965336,1.689879,54.2650,4.851213
TID2013,0.547619,5.018743,13.971260,35.7382,6.729068
TID2013,0.474254,8.285266,32.169697,12.6371,8.909236
TID2013,0.444444,13.658553,59.976608,-15.7477,13.084399
TID2013,0.697222,0.923499,-36.451061,80.8206,2.200218
TID2013,0.683761,1.519507,-24.332045,72.6633,3.094466
TID2013,0.631437,2.541424,-0.091832,60.8185,4.280338
TID2013,0.589947,4.229113,11.248662,44.4223,5.810716
TID2013,0.504066,7.224372,29.081779,22.8718,8.405524
TID2013,0.531166,4.264708,3.428852,35.3916,6.960126
TID2013,0.468254,7.075068,18.216343,10.3395,9.454004
TID2013,0.433333,11.828664,44.090118,-21.6796,13.932291
TID2013,0.380556,18.999386,81.544899,-48.7746,18.409460
TID2013,0.335979,28.858450,136.486206,-63.1727,29.181915
TID2013,0.680556,1.614104,-19.884882,78.9447,14.358066
TID2013,0.696477,2.605851,4.314257,71.1895,20.249458
TID2013,0.683333,4.274663,15.519979,60.3031,27.366516
TID2013,0.608466,7.383062,37.066696,40.9234,31.528025
TID2013,0.534391,12.090737,68.736115,8.9005,34.743267
TID2013,0.701058,1.061811,-29.509809,76.4125,3.192519
TID2013,0.655827,1.759451,-11.674204,66.9636,4.209365
TID2013,0.591667,4.128600,15.641482,44.3715,6.755915
TID2013,0.497354,9.650718,48.075287,8.7712,10.963796
TID2013,0.411924,21.336523,113.981438,-43.2901,20.140471
TID2013,0.558201,3.131449,2.098969,28.7551,14.838084
TID2013,0.506776,5.194777,12.766989,-4.5619,19.615856
TID2013,0.473544,7.535349,25.568272,-24.4045,21.413017
TID2013,0.466124,11.657368,47.103188,-48.3109,27.512600
TID2013,0.383333,17.773513,80.884560,-61.6259,30.339567
TID2013,0.521164,3.438303,-1.759886,44.3372,6.747313
TID2013,0.452778,6.806075,19.502779,6.0133,10.620546
TID2013,0.391534,11.408105,40.002041,-17.7510,13.632518
TID2013,0.349207,19.261108,84.248840,-47.3790,20.476187
TID2013,0.328042,28.020451,134.739578,-62.5778,25.907007
TID2013,0.701058,0.858648,-40.972179,87.0534,4.771757
TID2013,0.658537,1.882901,-22.114706,77.0207,8.195592
TID2013,0.597883,4.184144,6.026246,60.1056,13.938787
TID2013,0.486111,8.511356,29.046179,32.2795,21.984364
TID2013,0.407408,15.748047,73.602600,-10.0148,31.247337
TID2013,0.708994,2.179786,-18.048986,63.4614,3.858265
TID2013,0.644987,3.320313,-0.012014,49.5330,4.070446
TID2013,0.560976,5.660584,12.473109,25.4466,6.148088
TID2013,0.420054,10.013524,35.374111,-7.3706,9.920726
TID2013,0.277778,19.479212,88.921654,-48.2379,21.139292
TID2013,0.674603,1.133953,-36.032940,76.1707,2.539977
TID2013,0.663957,2.051888,-20.230043,64.6744,3.674897
TID2013,0.563492,5.058188,11.399533,30.5794,6.341653
TID2013,0.362433,13.087429,56.182091,-29.6733,14.651767
TID2013,0.243387,27.338652,145.609161,-63.3195,19.442486
TID2013,0.588889,4.398551,6.919731,38.1106,5.830728
TID2013,0.444444,9.361404,33.302784,-4.3332,10.108376
TID2013,0.322493,16.915709,74.794922,-37.9018,19.740551
TID2013,0.222222,30.478335,160.992950,-63.8387,40.023388
TID2013,0.097883,47.293940,276.643890,-75.6971,51.628960
TID2013,0.672222,3.027391,-14.389568,58.9546,15.359991
TID2013,0.515873,4.867492,5.455533,43.8304,20.955696
TID2013,0.436508,10.135700,26.991625,15.1328,23.828848
TID2013,0.322751,18.131418,79.126328,-40.0346,52.407833
TID2013,0.295393,28.535672,136.709671,-59.9495,80.810211
TID2013,0.518519,4.521369,7.504582,32.3985,8.506802
TID2013,0.427350,10.503669,38.976791,-19.8609,27.288824
TID2013,0.373016,16.054385,66.940750,-44.5955,38.866978
TID2013,0.384823,16.757318,66.608414,-39.2064,49.280785
TID2013,0.264550,39.396921,207.420700,-65.5500,64.037895
TID2013,0.563492,5.533446,8.887920,18.7448,44.244190
TID2013,0.711640,2.723174,-13.208023,53.3934,18.435980
TID2013,0.666667,4.897923,7.805829,26.4674,31.906475
TID2013,0.489418,6.177748,17.504316,12.4204,36.111660
TID2013,0.401084,9.811857,38.998444,-13.7651,56.665092
TID2013,0.375661,10.796084,45.032021,-30.0150,44.070377
TID2013,0.378307,12.771725,50.090851,-33.9400,53.376358
TID2013,0.388889,14.809944,60.428940,-40.7423,66.495293
TID2013,0.417344,15.659633,64.530907,-43.9100,85.369728
TID2013,0.450142,16.762565,69.550583,-51.1479,137.543793
TID2013,0.698412,0.189886,-53.816143,87.8192,5.158023
TID2013,0.738096,0.410845,-52.638016,76.8107,8.693303
TID2013,0.677249,1.338358,-38.858009,48.3199,16.833773
TID2013,0.629630,1.825111,-42.756935,30.2660,26.051033
TID2013,0.572650,5.308820,0.556240,-13.6688,31.918030
TID2013,0.666667,1.685536,-32.585007,77.1964,5.305556
TID2013,0.740741,3.782599,-4.163033,55.3307,10.272775
TID2013,0.531166,5.568383,10.580064,31.2314,13.872828
TID2013,0.801588,9.802957,27.201250,6.4162,22.220087
TID2013,0.436111,17.297419,82.672318,-44.3439,29.310158
TID2013,0.601626,1.113192,-38.308624,78.4714,8.995285
TID2013,0.558266,1.696481,-28.820129,70.1353,12.524304
TID2013,0.518519,2.663972,-13.577689,59.3363,17.494429
TID2013,0.470900,4.260176,5.115113,45.7088,24.180155
TID2013,0.436314,6.657873,17.959673,30.6846,31.962893
TID2013,0.605820,1.972900,-16.682852,64.7891,4.597674
TID2013,0.595238,3.308309,4.224862,50.2951,6.241428
TID2013,0.544716,5.482582,16.495033,31.6213,8.265339
TID2013,0.491667,8.871910,34.464787,9.7729,11.619577
TID2013,0.462963,13.985611,59.468021,-16.6130,15.871867
TID2013,0.716931,2.012942,-16.831888,62.8115,4.326381
TID2013,0.580556,5.259327,9.094462,33.0699,6.016015
TID2013,0.465609,13.642008,51.662506,-23.2068,12.658749
TID2013,0.346561,26.767358,128.602844,-61.8595,24.381582
TID2013,0.268292,46.281625,251.789642,-72.6414,54.036770
TID2013,0.571816,3.230386,-0.526921,48.9135,5.214335
TID2013,0.525746,5.619968,13.265446,24.8697,8.653069
TID2013,0.423280,9.436833,33.037636,-5.4492,11.877573
TID2013,0.357723,15.008373,62.132793,-33.5173,20.693871
TID2013,0.222222,27.486519,135.510391,-62.3352,28.266331
TID2013,0.669377,2.040099,-13.599799,61.8054,6.133664
TID2013,0.642857,3.487888,6.525577,47.0316,7.703107
TID2013,0.492063,6.595234,18.858648,26.6366,13.185801
TID2013,0.457994,10.942262,41.334942,3.1491,19.333803
TID2013,0.322751,34.505025,185.755524,-64.2289,51.346279
TID2013,0.713889,2.843135,-6.215087,57.0495,4.420227
TID2013,0.600529,8.234379,25.382168,17.3231,11.812972
TID2013,0.430894,18.031794,81.466835,-38.0113,24.637842
TID2013,0.327913,25.562787,128.559082,-58.9552,33.397079
TID2013,0.164021,43.962405,254.623642,-71.6584,42.450275
TID2013,0.616402,4.327652,4.417536,39.8314,5.114354
TID2013,0.417989,8.598570,29.558084,0.1588,15.031341
TID2013,0.287263,16.411914,73.458984,-41.1441,25.143242
TID2013,0.211640,30.578316,157.562088,-64.0202,37.844994
TID2013,0.065041,48.689476,284.354889,-89.0550,50.945431
TID2013,0.613889,1.156491,-33.975090,77.6739,3.585748
TID2013,0.611111,1.826765,-20.740942,68.4533,5.492033
TID2013,0.538461,2.843710,-0.446190,57.1747,7.409936
TID2013,0.450142,4.388918,8.571017,42.5044,9.371469
TID2013,0.395664,6.894272,19.933605,23.7015,12.156225
TID2013,0.647697,0.688531,-41.576462,85.0234,2.205688
TID2013,0.631437,1.062607,-33.888988,79.4196,2.776089
TID2013,0.591667,1.614784,-22.007872,71.2596,4.084848
TID2013,0.566396,2.602145,-1.304310,60.1637,5.960510
TID2013,0.472934,4.134906,6.290507,45.3319,7.099160
TID2013,0.566396,2.615793,-16.478254,63.4700,6.694734
TID2013,0.498644,4.243123,-1.763533,47.8146,9.503270
TID2013,0.408333,6.564889,10.242456,27.3793,12.222516
TID2013,0.341463,10.366992,25.641857,2.9911,20.744219
TID2013,0.263889,15.767839,48.983147,-23.6971,30.073658
TID2013,0.626017,0.704914,-41.560558,84.6124,2.716574
TID2013,0.638889,1.053246,-34.352276,79.3821,3.639993
TID2013,0.619444,1.655657,-21.063833,71.5261,5.547232
TID2013,0.547426,2.589358,0.124027,60.6479,7.809192
TID2013,0.488889,4.278146,7.722646,44.1623,12.740408
TID2013,0.625000,0.759123,-37.619972,80.7021,3.243109
TID2013,0.598916,1.165406,-27.198025,73.6895,4.265066
TID2013,0.522222,2.431570,3.081620,57.6389,6.728100
TID2013,0.423977,5.255256,19.217363,32.2657,11.049505
TID2013,0.324787,11.862175,48.112343,-14.3726,20.508694
TID2013,0.486111,2.497211,-6.851204,35.4195,16.845982
TID2013,0.435898,3.576608,4.906490,22.7716,19.669052
TID2013,0.388889,4.902483,12.944406,4.9166,22.067823
TID2013,0.368563,7.394720,26.656759,-18.7494,26.572737
TID2013,0.279202,11.303875,43.868965,-41.1240,29.053476
TID2013,0.586111,1.578788,-31.463188,73.2989,4.611949
TID2013,0.585366,2.936059,-9.290360,58.6209,8.052127
TID2013,0.504273,5.494938,5.387928,38.5558,11.321388
TID2013,0.450142,10.465364,25.179243,1.6162,19.354679
TID2013,0.349593,17.076600,50.487446,-28.5699,26.450602
TID2013,0.600000,1.065939,-38.099506,76.3850,4.319397
TID2013,0.518519,2.252956,-18.098866,58.6957,7.565311
TID2013,0.406504,5.091977,10.077454,29.5487,14.000877
TID2013,0.308943,11.451252,38.394726,-13.3683,23.218742
TID2013,0.138889,23.263539,98.005119,-56.8515,33.446461
TID2013,0.647222,1.481640,-31.190189,75.1359,2.677486
TID2013,0.647222,2.333998,-17.334318,65.0150,4.107394
TID2013,0.591667,4.727591,8.490228,41.2309,7.066354
TID2013,0.388889,10.940549,36.298859,-8.8774,12.466260
TID2013,0.151761,26.687286,118.146278,-61.6456,21.425022
TID2013,0.636857,1.029439,-40.723286,78.0156,2.313725
TID2013,0.572650,1.781172,-28.671238,69.0233,3.883676
TID2013,0.523036,4.045859,-0.283851,47.3447,5.690271
TID2013,0.382113,11.053389,36.150810,-1.2796,11.575782
TID2013,0.208672,20.714091,89.459084,-45.0847,22.771826
TID2013,0.639567,1.106730,-38.413929,78.5305,2.924327
TID2013,0.600000,1.906923,-26.831846,68.4827,3.689771
TID2013,0.500000,3.293479,-5.617185,53.2274,5.148919
TID2013,0.407408,6.899686,16.220425,22.7070,9.089361
TID2013,0.250000,16.501245,64.873161,-31.3051,18.101763
TID2013,0.631437,2.631551,-17.830889,54.7335,20.308578
TID2013,0.641667,3.239251,-7.244335,46.2653,20.153893
TID2013,0.594444,4.366505,1.126300,35.2344,20.845375
TID2013,0.422222,12.652234,60.975632,-32.8650,49.671608
TID2013,0.302778,9.595389,21.694868,1.7532,25.091679
TID2013,0.607046,2.177841,-17.640965,63.7401,6.649674
TID2013,0.544716,4.069202,-2.396979,53.5279,8.527044
TID2013,0.386111,4.681042,7.168712,36.2828,14.756795
TID2013,0.330623,13.451703,46.210705,-25.5275,27.454624
TID2013,0.219298,18.434882,71.224014,-38.9059,27.267168
TID2013,0.658537,3.450547,-10.987651,44.0574,31.794266
TID2013,0.615177,4.830391,-8.801107,35.1886,28.304564
TID2013,0.623307,9.574991,23.812393,-5.9199,42.530079
TID2013,0.580556,14.086003,47.123768,-32.4242,54.602715
TID2013,0.479674,21.753845,88.570923,-56.0005,71.916626
TID2013,0.338889,12.704375,52.741955,-42.6184,62.376110
TID2013,0.344444,15.367863,61.470592,-49.6860,69.084122
TID2013,0.368563,16.447688,64.969131,-51.3512,77.752769
TID2013,0.433333,15.729365,64.639610,-53.4229,84.637764
TID2013,0.427350,13.427328,33.703072,-26.3669,102.447227
TID2013,0.683333,0.288035,-53.201721,86.0831,5.019777
TID2013,0.661111,0.713423,-46.563206,73.4950,8.460818
TID2013,0.620597,1.680173,-33.643536,45.7544,16.410748
TID2013,0.566396,3.058651,-14.855242,22.0482,25.362043
TID2013,0.472222,7.423737,15.564660,-16.1928,31.354830
TID2013,0.588889,2.287590,-15.969009,67.5174,7.435410
TID2013,0.758808,6.976134,9.570985,38.7064,12.754317
TID2013,0.447222,7.622073,21.417896,6.3245,19.291859
TID2013,0.728998,15.947190,48.295986,-13.7085,25.207949
TID2013,0.311111,24.154332,121.714020,-62.7861,41.031151
TID2013,0.530556,1.257450,-41.761482,70.3972,9.813152
TID2013,0.467237,1.997983,-33.969193,58.0148,13.917619
TID2013,0.415954,3.335238,-18.656517,39.7812,19.167702
TID2013,0.393162,5.855121,12.032480,12.8178,25.447168
TID2013,0.350000,10.497411,42.069069,-23.5469,33.259174
TID2013,0.575000,1.289675,-32.705421,72.9075,5.566875
TID2013,0.533876,1.965502,-20.214163,63.4321,6.869911
TID2013,0.469444,3.004413,-0.919496,51.5227,8.423638
TID2013,0.405556,4.624242,8.193237,38.1234,11.440249
TID2013,0.373983,7.184567,17.619617,19.3695,17.162687
TID2013,0.631437,0.792509,-40.978367,80.4138,2.837173
TID2013,0.617887,1.312300,-32.069080,73.0363,3.635733
TID2013,0.558266,2.267319,-17.446453,62.1408,5.488498
TID2013,0.497222,4.367400,5.941894,42.5768,6.411454
TID2013,0.364672,9.455023,28.024439,10.2213,10.769683
TID2013,0.622222,1.582342,-31.740759,72.9349,3.844448
TID2013,0.547222,2.674692,-15.363533,60.7428,5.454766
TID2013,0.485094,4.508396,4.150758,43.3336,7.920655
TID2013,0.372222,7.699228,20.175217,16.8619,11.321620
TID2013,0.275000,14.929195,57.234936,-26.3809,19.772350
TID2013,0.586111,1.138830,-33.205635,75.1119,5.549529
TID2013,0.583333,1.770677,-21.048687,64.1821,8.427856
TID2013,0.528456,3.162282,1.227873,50.4290,12.270267
TID2013,0.455556,7.023424,19.781038,16.3827,18.990499
TID2013,0.352303,11.733481,36.200634,-11.5836,27.394468
TID2013,0.636857,1.008464,-38.869610,80.9198,1.856664
TID2013,0.619444,2.020954,-22.793049,70.3700,3.499102
TID2013,0.626017,3.078239,-8.673344,61.7676,5.350608
TID2013,0.639567,4.257418,-2.514857,53.1355,7.138420
TID2013,0.604336,6.476049,7.533309,36.9739,9.739982
TID2013,0.613889,1.305683,-35.781815,75.9802,2.923048
TID2013,0.623307,2.236790,-21.095007,64.4661,3.907094
TID2013,0.577778,3.930968,-1.200869,46.6619,5.666461
TID2013,0.439024,7.334846,18.235979,16.9219,9.030035
TID2013,0.289973,15.202509,58.446823,-29.5852,15.930866
TID2013,0.639640,1.549605,-26.023695,72.0067,4.230841
TID2013,0.574074,2.516477,-4.918726,60.4611,5.669244
TID2013,0.558559,4.212095,8.674338,44.0685,8.475675
TID2013,0.479366,6.783304,22.383787,25.3360,10.451732
TID2013,0.401234,10.758471,43.297829,0.7749,16.006077
TID2013,0.684684,0.802163,-39.070152,83.8976,2.861413
TID2013,0.642642,1.250291,-29.487244,77.5054,3.994684
TID2013,0.606607,2.044177,-11.205634,68.1226,5.613187
TID2013,0.537037,3.337052,3.950577,54.5209,8.098210
TID2013,0.487654,5.441033,15.594782,37.0681,11.309210
TID2013,0.509259,3.616154,-0.862020,45.4111,6.119336
TID2013,0.450793,6.052652,13.004475,23.0575,8.466998
TID2013,0.385802,10.073148,34.371574,-6.8118,13.084714
TID2013,0.327328,15.710895,64.262825,-33.8426,16.702414
TID2013,0.277778,24.154808,108.172119,-56.0376,26.070501
TID2013,0.648148,0.884053,-34.958843,83.3167,3.225215
TID2013,0.651234,1.259823,-26.074663,77.6798,4.199933
TID2013,0.632716,1.897808,-7.376070,69.3639,5.579229
TID2013,0.564564,2.958421,4.895030,56.6356,8.454256
TID2013,0.509259,4.498643,13.195864,40.4548,12.404747
TID2013,0.657658,0.977523,-32.419697,78.1712,3.880044
TID2013,0.634921,1.561288,-18.159060,69.9896,5.418993
TID2013,0.552552,3.438835,9.072233,50.9944,9.301130
TID2013,0.447619,7.608991,32.585236,21.7563,15.882731
TID2013,0.327328,16.569491,77.832672,-24.1887,26.754210
TID2013,0.512346,2.412767,-5.990025,52.8876,10.054965
TID2013,0.487654,5.165835,11.429459,35.6287,14.122292
TID2013,0.419753,7.868098,25.758688,18.8514,15.961617
TID2013,0.391976,11.194190,43.174519,-3.6037,18.724106
TID2013,0.339339,15.952883,70.753937,-28.0387,25.815838
TID2013,0.591591,3.073977,-0.878021,53.2935,12.642297
TID2013,0.568254,4.925416,8.286716,35.9667,19.586239
TID2013,0.489490,8.276299,27.274981,12.4474,12.938560
TID2013,0.349207,13.074266,51.320419,-12.4103,16.816475
TID2013,0.298412,19.163200,79.610153,-44.1672,48.581459
TID2013,0.576577,1.971954,-19.048246,78.2553,11.552572
TID2013,0.509259,4.475826,9.607104,60.3441,20.781668
TID2013,0.387301,9.569904,33.970554,31.2458,36.799892
TID2013,0.300300,18.037845,75.637932,-10.2783,60.317005
TID2013,0.228228,30.125404,148.949905,-54.0213,90.573112
TID2013,0.672672,1.998354,-18.536037,67.1057,4.580591
TID2013,0.651651,3.240998,2.062643,52.9093,6.839442
TID2013,0.540540,6.682033,19.696011,21.2058,12.541944
TID2013,0.333333,13.879346,54.388317,-23.6357,24.233784
TID2013,0.184127,28.795981,137.333191,-62.5844,48.806698
TID2013,0.648649,1.025787,-38.270535,77.9331,2.493129
TID2013,0.625397,1.856674,-23.790697,66.8437,4.026314
TID2013,0.603174,4.491983,6.862265,38.6643,5.797388
TID2013,0.351351,13.508083,56.843670,-24.9273,10.134855
TID2013,0.197531,26.957428,133.273331,-62.2304,17.897490
TID2013,0.615616,1.413312,-31.876328,73.9599,2.862138
TID2013,0.577160,2.651668,-12.603457,59.6906,3.534277
TID2013,0.500000,4.868972,8.613723,37.0701,5.857598
TID2013,0.342342,12.162438,44.569141,-17.1844,10.786105
TID2013,0.084084,33.001208,169.282043,-64.2214,37.406334
TID2013,0.651234,2.923046,-9.870228,54.6506,16.916140
TID2013,0.527778,4.000405,-0.028810,45.5577,16.933146
TID2013,0.483483,4.967233,5.991791,38.3736,16.924528
TID2013,0.403174,6.972150,14.293844,24.5863,17.642056
TID2013,0.426427,14.742006,57.540062,-31.6711,56.302959
TID2013,0.519520,2.752366,-1.834864,54.3725,8.026133
TID2013,0.536508,2.812661,-9.491611,55.4287,5.811703
TID2013,0.463492,7.203347,19.191681,9.9133,16.198347
TID2013,0.354938,17.761911,78.377243,-45.2743,21.671230
TID2013,0.300300,19.658888,79.909615,-47.3331,35.074444
TID2013,0.666667,3.188454,-6.546343,40.0661,33.152607
TID2013,0.666667,4.246904,1.821252,30.8291,26.233118
TID2013,0.530159,8.552174,23.890547,-10.4972,39.755733
TID2013,0.481481,12.061666,46.813931,-34.0683,57.543411
TID2013,0.478396,18.769777,88.753975,-57.1223,70.379547
TID2013,0.402402,13.019223,56.850243,-41.5215,66.942825
TID2013,0.369369,14.858493,63.200035,-45.8983,76.397087
TID2013,0.416667,12.966090,46.713104,-39.0839,93.745766
TID2013,0.489490,12.569354,43.899796,-35.1187,120.762062
TID2013,0.537037,12.900275,36.646587,-35.1186,170.988937
TID2013,0.618619,0.193281,-54.959522,89.4655,6.639896
TID2013,0.694444,1.200454,-33.938225,70.3146,7.454810
TID2013,0.564814,0.954875,-48.501698,57.8764,22.750536
TID2013,0.648649,4.464908,1.927804,20.4098,22.530832
TID2013,0.459877,3.190352,-21.069374,3.2467,47.384945
TID2013,0.617284,1.987390,-26.320625,72.1542,14.332501
TID2013,0.675676,5.702089,7.666241,38.9414,12.955643
TID2013,0.450618,6.645253,16.133883,18.7409,38.396263
TID2013,0.648649,13.544243,45.533203,-13.0684,24.997581
TID2013,0.375376,20.484535,99.037949,-55.1782,81.042725
TID2013,0.577778,0.574619,-48.361149,80.0696,9.977270
TID2013,0.484568,0.964432,-42.901417,73.1219,14.513420
TID2013,0.432099,1.732530,-33.718460,63.2378,20.694847
TID2013,0.414414,3.184327,-12.731503,49.5621,29.304255
TID2013,0.420420,5.789181,13.992381,31.6181,41.904781
TID2013,0.592592,2.155483,-12.168239,62.5202,7.939816
TID2013,0.585586,3.505355,5.618254,48.9557,10.181113
TID2013,0.549550,5.478422,16.594776,32.8233,14.504208
TID2013,0.466049,8.502343,32.144577,13.0579,19.902023
TID2013,0.399399,13.006724,54.556808,-11.7067,26.437666
TID2013,0.623457,0.971352,-35.589375,77.5591,2.788089
TID2013,0.586420,1.641956,-22.659767,68.1932,3.765543
TID2013,0.621621,3.004472,-0.028639,52.9321,4.848276
TID2013,0.549550,6.125519,15.196087,25.5440,6.513726
TID2013,0.441441,15.713514,60.335629,-27.9158,11.379886
TID2013,0.633633,2.103205,-20.791086,64.0901,4.511312
TID2013,0.567901,3.579498,1.146918,46.9296,6.672551
TID2013,0.523810,6.057211,14.586032,22.7656,10.452350
TID2013,0.404321,10.315923,37.567425,-10.0059,16.730206
TID2013,0.311729,18.662393,80.565208,-46.7496,28.858730
TID2013,0.626543,1.993634,-13.161764,62.2152,8.244486
TID2013,0.586420,3.273182,4.509502,46.9020,11.990211
TID2013,0.462462,6.997035,18.901344,18.0562,25.740000
TID2013,0.396397,9.562040,28.683647,7.3102,25.947493
TID2013,0.330330,15.899600,59.998253,-27.9385,28.896156
TID2013,0.657143,1.049718,-38.787407,81.0673,2.346145
TID2013,0.645062,2.244111,-16.200111,69.6415,4.672688
TID2013,0.630631,3.828344,-3.055608,56.1844,7.400597
TID2013,0.591591,5.518664,5.461227,42.3174,10.619396
TID2013,0.260318,23.664815,96.279457,-49.6262,27.468742
TID2013,0.648649,1.658028,-27.732267,70.5377,3.095734
TID2013,0.644444,2.980880,-6.347742,55.6750,4.590144
TID2013,0.534534,6.001548,13.724441,27.7957,7.375159
TID2013,0.357358,12.755217,47.998241,-19.2328,13.128881
TID2013,0.098766,32.280737,162.865341,-64.2046,38.780243
TID2013,0.631313,1.484139,-26.216606,72.3250,3.941274
TID2013,0.565657,2.422576,-5.413172,60.8800,5.026190
TID2013,0.533333,4.019941,8.613382,45.3954,6.943626
TID2013,0.494950,6.415178,21.279457,27.5294,10.918219
TID2013,0.441799,10.103342,38.684223,5.9278,13.847688
TID2013,0.671604,0.760744,-39.357189,83.8745,2.128274
TID2013,0.651516,1.199660,-30.124348,77.2059,2.889863
TID2013,0.617571,1.967284,-12.575526,67.4726,4.257174
TID2013,0.581396,3.160891,3.264913,54.7068,5.695777
TID2013,0.528396,5.195831,14.779016,37.2115,7.419448
TID2013,0.548148,3.474176,-4.822165,50.2427,7.107437
TID2013,0.469697,5.685988,9.223509,29.4028,10.682001
TID2013,0.414814,9.311734,26.939777,1.9347,14.706197
TID2013,0.367901,14.575923,51.929474,-26.5593,21.771629
TID2013,0.303703,22.091017,86.304840,-50.4397,29.269793
TID2013,0.651852,0.839353,-35.083290,82.0575,4.302524
TID2013,0.666667,1.267652,-24.550125,75.2850,6.789350
TID2013,0.602469,1.940255,-5.971125,65.8456,10.706816
TID2013,0.550136,3.206588,6.511559,49.7054,17.592407
TID2013,0.467700,5.283614,16.471468,24.1967,27.303661
TID2013,0.671604,0.926179,-31.525366,77.4412,3.489228
TID2013,0.644444,1.478611,-16.832733,69.0633,4.539591
TID2013,0.573232,3.251665,10.111931,50.5861,7.087712
TID2013,0.475452,7.134317,31.232309,23.7339,11.202602
TID2013,0.368687,15.305371,68.449028,-21.1577,19.733011
TID2013,0.537037,2.340122,-7.218393,47.3911,11.764090
TID2013,0.512627,3.148492,2.514097,37.0781,14.928320
TID2013,0.462121,4.534971,11.904878,20.7447,16.619410
TID2013,0.416667,7.053532,24.925741,-2.5547,20.706514
TID2013,0.368687,10.877222,45.174332,-27.6069,23.065880
TID2013,0.620156,2.916292,-9.683356,55.0343,5.848068
TID2013,0.576720,5.405160,6.843105,35.7184,8.816941
TID2013,0.479798,10.766705,30.155863,-4.0700,13.861757
TID2013,0.402469,17.427583,59.901447,-31.8792,20.886406
TID2013,0.315246,25.112233,106.789589,-59.7014,29.743120
TID2013,0.651516,0.970709,-37.668156,85.4662,6.614316
TID2013,0.614814,2.130324,-16.528769,74.3945,11.657199
TID2013,0.509044,4.756196,9.013626,52.0215,19.587282
TID2013,0.380247,10.376372,36.575653,2.6223,29.925388
TID2013,0.292929,23.835318,117.679375,-59.3881,40.930134
TID2013,0.713580,1.340678,-33.054497,75.3203,2.858342
TID2013,0.669136,2.011590,-21.183958,65.6142,4.144626
TID2013,0.580808,3.857276,2.381937,43.9767,6.265967
TID2013,0.441860,7.952518,23.129019,8.8528,11.019362
TID2013,0.274074,20.840918,93.325607,-53.6652,21.241224
TID2013,0.681481,0.897328,-41.855152,79.5292,2.966208
TID2013,0.654040,1.534508,-31.570265,70.6163,4.116338
TID2013,0.560606,3.567092,-2.959692,46.8699,6.471066
TID2013,0.411617,10.655200,37.874474,-10.5273,13.687010
TID2013,0.247474,21.763597,101.014328,-56.3858,21.853603
TID2013,0.609819,1.913444,-25.262569,66.5982,5.058347
TID2013,0.501234,3.980389,-0.052090,43.4467,7.316561
TID2013,0.381313,8.421743,27.276581,1.4892,13.462406
TID2013,0.269136,17.836060,82.453476,-50.8150,21.364019
TID2013,0.108586,37.250984,201.570145,-65.3414,39.336773
TID2013,0.593434,4.664257,1.846894,36.9635,28.063423
TID2013,0.525252,3.409760,-7.984300,50.3088,27.965473
TID2013,0.392592,4.948166,2.504480,39.7707,24.402807
TID2013,0.318182,11.965363,36.353180,-0.4909,40.198177
TID2013,0.279012,18.537625,84.826340,-55.5586,49.534363
TID2013,0.509044,3.192630,-4.150813,53.3251,11.067086
TID2013,0.452020,6.451765,16.877405,19.9985,17.433535
TID2013,0.374677,11.787428,40.772041,-21.6491,23.909643
TID2013,0.303030,18.797246,76.558731,-45.9167,37.120747
TID2013,0.279012,26.650222,123.765915,-63.6382,42.072365
TID2013,0.643939,4.252533,-3.357263,31.2836,29.034756
TID2013,0.684343,3.272743,-9.421268,47.4043,23.374638
TID2013,0.633839,6.945871,16.325113,7.0309,36.011303
TID2013,0.580247,10.091919,36.295612,-18.1614,47.566925
TID2013,0.467172,14.559198,63.078808,-41.2105,50.516361
TID2013,0.404040,11.403359,48.459377,-35.7040,65.603958
TID2013,0.365432,15.941928,69.391777,-49.6868,64.753632
TID2013,0.338383,17.669367,81.386604,-55.2875,74.686325
TID2013,0.371212,18.342894,85.097717,-56.3544,86.655571
TID2013,0.405684,16.196043,63.253006,-50.6653,92.935051
TID2013,0.689394,0.255131,-54.167702,87.9333,5.471747
TID2013,0.705427,0.483643,-50.950253,78.8537,8.980388
TID2013,0.659259,1.246805,-43.987881,52.7581,18.442867
TID2013,0.595062,2.131927,-36.060482,35.5547,26.505882
TID2013,0.535353,4.281931,0.358321,-5.5291,37.071018
TID2013,0.616161,2.133123,-21.132656,71.3579,6.066528
TID2013,0.711111,6.085634,7.906822,46.0023,12.127851
TID2013,0.489418,7.073820,19.577822,15.8996,15.308617
TID2013,0.747474,15.384896,50.121925,-9.1867,24.419308
TID2013,0.371212,22.103169,112.633568,-58.2116,31.556797
TID2013,0.598484,1.124265,-37.783150,70.7928,15.485043
TID2013,0.550506,1.780850,-26.817749,59.5076,22.474979
TID2013,0.486420,2.831567,-9.974114,45.2476,31.673359
TID2013,0.429293,4.900097,8.225822,25.7112,44.352005
TID2013,0.404040,8.243643,29.297327,2.7040,58.846298
TID2013,0.651852,1.788933,-19.523558,67.4214,4.658223
TID2013,0.604938,2.858895,1.413407,55.3893,6.786714
TID2013,0.533333,4.626773,12.405579,39.9067,8.962752
TID2013,0.457071,7.321817,25.785843,20.9123,11.723009
TID2013,0.411617,11.106703,42.447353,-0.5074,16.988981
TID2013,0.638889,1.337179,-30.194544,72.5444,4.050536
TID2013,0.602469,2.556370,-11.296148,57.4175,5.519127
TID2013,0.490956,5.575328,10.542830,29.4438,8.763773
TID2013,0.402469,11.767383,40.536533,-15.5648,17.982874
TID2013,0.325581,25.545522,116.444778,-59.7747,43.766636
TID2013,0.629630,2.227524,-19.196175,63.0290,4.901150
TID2013,0.550506,3.758559,0.567119,46.2567,6.889134
TID2013,0.456790,6.302925,15.659535,21.6835,10.872244
TID2013,0.376262,10.606080,37.198914,-8.7502,16.759186
TID2013,0.258398,20.565832,88.105301,-51.2504,29.238998
TID2013,0.659259,1.689592,-20.254345,65.7999,7.193238
TID2013,0.581396,2.529153,0.234353,52.7159,9.211637
TID2013,0.516796,4.415019,11.722317,32.3761,10.826080
TID2013,0.460318,8.195533,31.103136,-3.0250,21.383160
TID2013,0.295454,21.704568,103.156761,-60.6787,38.908752
TID2013,0.669136,1.474401,-31.137978,75.6428,4.898612
TID2013,0.637037,3.507432,-6.199492,54.0439,10.010694
TID2013,0.560493,7.282738,18.127693,18.7934,12.016536
TID2013,0.467700,10.163858,31.517105,1.0805,18.682018
TID2013,0.293827,22.399297,101.838997,-55.2794,32.695164
TID2013,0.635659,2.017784,-25.387960,65.2941,3.875104
TID2013,0.548148,3.741128,-1.978003,45.9652,7.099329
TID2013,0.429293,7.746737,22.993330,8.5877,13.530185
TID2013,0.250000,17.450192,77.365479,-46.4205,22.804867
TID2013,0.052910,36.315151,191.598419,-64.7740,33.695354
TID2013,0.616488,1.279036,-31.091213,75.6725,3.266725
TID2013,0.523298,2.041652,-15.625457,65.7684,4.326365
TID2013,0.537634,3.279113,3.670979,51.7245,5.779867
TID2013,0.455556,5.215457,14.060766,35.0877,7.685215
TID2013,0.394266,8.255903,28.594660,13.8286,11.273540
TID2013,0.621528,0.714101,-40.450478,85.2081,1.673025
TID2013,0.616488,1.123302,-31.731354,79.2250,2.286730
TID2013,0.600694,1.780171,-17.042732,70.6670,3.576612
TID2013,0.580646,2.857257,1.223621,59.0552,4.815310
TID2013,0.516129,4.607960,10.337462,43.1900,6.363638
TID2013,0.516129,2.915775,-9.730009,56.5510,5.373416
TID2013,0.476702,4.668271,3.528170,37.8012,7.561172
TID2013,0.385186,7.538404,17.541389,13.1555,10.480799
TID2013,0.329861,12.000115,38.164734,-14.5316,16.357176
TID2013,0.260417,17.880856,63.221996,-38.6789,20.038254
TID2013,0.673836,0.740822,-37.373215,85.3720,2.411490
TID2013,0.648746,1.056218,-29.682541,80.7137,3.638956
TID2013,0.625000,1.558676,-16.846964,73.8616,5.721467
TID2013,0.604167,2.359866,1.581296,64.4017,10.151594
TID2013,0.551971,3.702934,8.362669,50.6821,16.802809
TID2013,0.592592,0.828171,-35.293377,80.2169,3.016096
TID2013,0.605734,1.294335,-23.285782,72.8117,3.976668
TID2013,0.524306,2.772988,5.522938,55.5185,6.208888
TID2013,0.440860,6.068670,24.320772,28.7164,10.099531
TID2013,0.347222,13.343735,57.001293,-17.7599,19.462481
TID2013,0.487456,2.299395,-6.976099,43.8553,14.307367
TID2013,0.454861,3.462939,3.447741,30.8340,18.618788
TID2013,0.437037,5.336931,13.472065,11.0219,17.327364
TID2013,0.401433,8.009514,27.074797,-11.7945,22.432663
TID2013,0.340502,11.617738,45.903301,-33.3908,27.978971
TID2013,0.611111,1.730158,-26.248528,70.9552,3.443968
TID2013,0.516129,3.239835,-3.189646,54.0572,5.133842
TID2013,0.462963,6.963681,17.086775,20.1030,14.011188
TID2013,0.383512,10.082815,29.259031,-0.2893,14.391040
TID2013,0.265233,15.987456,51.266762,-26.9029,21.050211
TID2013,0.579861,1.506686,-28.141943,76.2910,7.449440
TID2013,0.510417,3.332239,0.391519,57.1843,13.329749
TID2013,0.433692,7.178697,18.148041,28.0981,22.998871
TID2013,0.318997,13.863557,46.213596,-9.5378,36.016392
TID2013,0.218638,24.414038,98.406342,-52.6075,50.047604
TID2013,0.634409,1.725852,-24.520639,69.8771,2.776819
TID2013,0.652778,2.657160,-7.763579,58.3316,3.676652
TID2013,0.559028,4.843284,9.837577,37.4021,6.224365
TID2013,0.388889,9.798248,31.715794,1.4949,10.122947
TID2013,0.194444,23.183472,91.888313,-52.9459,19.433144
TID2013,0.663082,1.010084,-37.761627,77.6934,2.596797
TID2013,0.621528,1.786908,-25.932932,68.3569,3.446427
TID2013,0.520833,4.301684,3.547406,43.0700,5.200606
TID2013,0.357639,11.342201,40.792336,-11.4840,9.214993
TID2013,0.149306,20.521595,88.746658,-46.6805,18.479818
TID2013,0.666667,1.277921,-33.642170,75.3821,2.482895
TID2013,0.583333,2.307484,-18.869457,63.1161,3.654510
TID2013,0.507408,4.568699,5.197636,40.5395,5.167365
TID2013,0.465950,6.819176,15.972824,21.9071,8.296679
TID2013,0.251852,16.090605,56.694492,-27.9308,15.657276
TID2013,0.688172,1.931482,-28.183552,65.9475,17.293734
TID2013,0.637993,2.602616,-17.259840,56.7446,17.449732
TID2013,0.611111,3.924847,-3.158526,42.7052,17.402870
TID2013,0.534722,6.974678,14.554768,23.6450,25.292532
TID2013,0.472222,11.812841,50.582943,-30.5462,67.007294
TID2013,0.642361,1.956730,-20.655380,63.9685,5.479701
TID2013,0.362963,5.556359,7.349363,30.6637,17.868189
TID2013,0.487456,4.256778,3.345096,37.7254,13.417061
TID2013,0.303703,9.354802,28.803440,-1.6798,17.855482
TID2013,0.236111,17.370882,68.827141,-47.8865,46.052746
TID2013,0.628472,2.835104,-16.879438,50.5763,27.200905
TID2013,0.604167,4.981765,-7.015112,32.3008,42.681557
TID2013,0.541219,8.659039,15.239197,0.2479,46.789536
TID2013,0.527778,11.440800,27.036287,-18.7461,57.259830
TID2013,0.444444,18.332850,65.444778,-48.0134,61.554417
TID2013,0.419354,12.792270,50.553265,-42.8309,59.879116
TID2013,0.326164,16.001764,66.146667,-51.9257,70.610085
TID2013,0.364583,16.665272,70.637749,-54.3331,80.109940
TID2013,0.409722,14.632130,67.080254,-53.3169,96.608665
TID2013,0.390681,12.212821,48.259472,-43.9722,104.855827
TID2013,0.673611,0.266519,-54.322704,88.9209,4.172668
TID2013,0.638889,1.013170,-40.232365,76.3225,6.922308
TID2013,0.652330,1.230999,-45.012329,56.5179,14.075804
TID2013,0.544803,4.849873,2.405916,27.7141,21.831360
TID2013,0.507408,4.410008,-2.091834,4.5072,28.352201
TID2013,0.600694,2.421399,-12.144848,67.5594,6.306734
TID2013,0.620072,7.781157,11.116484,41.9896,10.195185
TID2013,0.465278,8.002097,23.941835,6.7324,16.444727
TID2013,0.562724,16.309905,42.798565,-6.3427,17.960360
TID2013,0.362007,24.565952,125.590233,-62.1400,34.461227
TID2013,0.472222,0.884451,-45.602386,66.5275,6.738446
TID2013,0.415771,1.734322,-35.011093,50.0679,9.492647
TID2013,0.326389,3.597434,-7.953785,25.4061,13.370422
TID2013,0.315972,6.944555,21.163258,-5.5466,19.107286
TID2013,0.318997,11.798972,29.954294,-33.3340,26.386232
TID2013,0.598567,1.582317,-23.913082,69.6504,4.187241
TID2013,0.548387,2.451865,-4.931431,59.3703,5.685172
TID2013,0.520833,3.796945,7.248514,46.8466,7.419332
TID2013,0.448029,5.887825,17.704884,31.7446,10.528171
TID2013,0.399306,8.842215,29.443098,13.0744,16.126875
TID2013,0.652330,0.865115,-36.290573,77.5640,2.701240
TID2013,0.663082,1.447628,-24.922138,69.3573,3.666831
TID2013,0.585186,2.610532,-6.111804,56.6869,4.515858
TID2013,0.513889,5.187638,11.123221,34.5904,6.443295
TID2013,0.423611,10.368651,34.282715,-1.6593,8.690504
TID2013,0.631944,1.791423,-25.894899,69.0316,3.397691
TID2013,0.548387,3.027497,-4.989440,54.4007,5.072252
TID2013,0.476702,5.049845,8.965604,34.9076,8.716512
TID2013,0.422939,8.344492,26.097874,9.9000,10.422378
TID2013,0.297491,14.694155,57.272812,-26.5958,17.964640
TID2013,0.623656,1.406306,-28.063387,71.7246,4.535887
TID2013,0.605734,2.481834,-8.483799,58.3894,6.798733
TID2013,0.462366,4.358450,8.216228,40.4699,13.344091
TID2013,0.340278,8.177109,24.515030,11.9770,21.246824
TID2013,0.263889,12.997336,44.445435,-18.7800,26.252773
TID2013,0.670251,0.978972,-38.345257,80.7598,1.555856
TID2013,0.684588,2.002927,-21.176018,69.3648,2.668682
TID2013,0.630824,3.151158,-7.349697,59.2858,3.941787
TID2013,0.611111,4.150329,-1.808264,51.6947,4.954778
TID2013,0.604167,5.652439,5.191035,41.3596,6.531609
TID2013,0.659498,1.385888,-32.223293,73.5782,2.618159
TID2013,0.642361,2.449273,-16.604074,60.6362,3.774477
TID2013,0.587813,4.378380,3.330981,41.8764,5.237700
TID2013,0.440860,7.723590,20.592915,14.5267,9.497922
TID2013,0.291667,14.751780,52.220478,-26.3068,18.954233
TID2013,0.595960,1.841950,-19.925451,68.2476,3.675640
TID2013,0.555556,3.102078,3.217609,54.1948,4.644374
TID2013,0.505050,5.192288,14.995710,36.0121,6.607627
TID2013,0.448029,8.525228,31.777800,13.4945,9.222139
TID2013,0.404040,13.269580,55.652210,-11.1178,12.015419
TID2013,0.653199,0.847632,-37.608944,82.4953,2.161213
TID2013,0.670033,1.381730,-26.487911,75.2001,2.831007
TID2013,0.618056,2.309097,-4.584522,64.4988,4.042772
TID2013,0.541667,3.871177,7.738177,49.4574,5.257674
TID2013,0.505050,6.403655,21.381027,30.2650,7.015095
TID2013,0.511784,4.295632,4.365480,39.4730,6.908552
TID2013,0.454861,7.430088,21.001713,11.4918,9.416835
TID2013,0.410774,11.937114,44.643539,-16.9999,15.193723
TID2013,0.361111,18.355892,78.432411,-43.5391,19.098856
TID2013,0.319866,27.442849,125.839478,-61.3077,28.602291
TID2013,0.637993,1.006239,-31.837574,80.5070,5.346741
TID2013,0.621528,1.523470,-19.433321,73.9544,9.684766
TID2013,0.598567,2.382859,2.038897,64.9051,15.634590
TID2013,0.519713,3.830293,10.506955,51.4222,21.607605
TID2013,0.474748,6.238731,23.630470,31.2583,26.775471
TID2013,0.659498,1.103930,-27.805326,75.6389,3.178628
TID2013,0.611111,1.822399,-10.153671,66.1981,4.167224
TID2013,0.552083,4.195375,14.599961,44.5992,6.598321
TID2013,0.454546,9.347860,42.642010,12.9110,10.947201
TID2013,0.399306,18.985988,86.762604,-31.2602,20.704308
TID2013,0.579861,2.668223,-1.971405,41.5564,12.531181
TID2013,0.479167,3.954644,8.189121,25.6312,15.463398
TID2013,0.462366,5.659837,17.414652,11.8986,22.355425
TID2013,0.423611,9.106406,34.379742,-12.7142,23.456057
TID2013,0.371528,13.500883,56.896114,-30.4616,25.775595
TID2013,0.542088,3.535637,2.023075,44.6212,5.236908
TID2013,0.527778,6.237321,15.815304,19.8270,7.964389
TID2013,0.458781,9.000599,28.854477,-3.1261,10.912960
TID2013,0.407408,15.277234,65.124428,-40.6879,20.664429
TID2013,0.301076,23.312243,111.171204,-60.3573,29.925762
TID2013,0.652778,1.050476,-36.463772,83.5338,4.862208
TID2013,0.582491,2.326554,-12.486555,71.1109,8.445440
TID2013,0.482639,5.162498,12.010234,49.5863,14.280420
TID2013,0.387206,10.564785,38.882591,15.2479,22.493330
TID2013,0.263889,20.093920,95.424278,-33.5302,32.050880
TID2013,0.727272,1.580029,-25.935596,71.4635,3.374645
TID2013,0.676768,2.400265,-12.415032,61.7447,4.548996
TID2013,0.572391,4.415219,7.473637,40.4204,6.581011
TID2013,0.434028,8.587240,27.885885,6.8962,12.987638
TID2013,0.279461,20.403462,93.123077,-46.7270,22.826420
TID2013,0.666667,1.012133,-38.627880,78.9739,2.596670
TID2013,0.628472,1.712084,-26.949795,69.1619,3.403285
TID2013,0.545139,3.957330,2.936079,42.0026,6.296877
TID2013,0.354839,11.430063,46.955048,-18.8859,13.793083
TID2013,0.260417,20.378453,99.040367,-53.6486,19.012655
TID2013,0.656250,2.042671,-22.262516,65.7059,3.546359
TID2013,0.572917,3.563613,-0.846637,49.1209,5.210752
TID2013,0.440972,7.806025,24.995045,10.7636,10.862140
TID2013,0.267361,18.530631,88.138336,-41.2182,21.550646
TID2013,0.097643,34.371049,190.010254,-63.9496,41.109081
TID2013,0.673401,2.509804,-17.117716,58.7547,10.843872
TID2013,0.656250,3.399957,-4.387407,51.7723,11.578061
TID2013,0.545139,6.587000,12.800174,34.6592,17.018406
TID2013,0.329861,10.529999,27.065058,11.2789,28.893570
TID2013,0.315972,17.345834,73.494919,-35.8790,57.407677
TID2013,0.501683,4.557387,8.102105,32.6984,11.073197
TID2013,0.419354,8.730919,27.566019,0.0749,14.673882
TID2013,0.370370,11.981389,37.868607,-12.6354,27.909370
TID2013,0.313131,19.914586,88.908546,-48.1731,35.855385
TID2013,0.319866,19.355471,82.806374,-49.6663,26.951429
TID2013,0.649306,4.076520,-2.924351,33.1924,33.500912
TID2013,0.609428,3.560988,-7.177248,46.6232,24.257572
TID2013,0.697917,7.725154,17.329544,8.2005,35.394527
TID2013,0.493056,10.096423,35.479118,-10.7151,50.102638
TID2013,0.368056,14.697654,58.239414,-34.3716,60.999451
TID2013,0.323232,13.081650,56.358585,-41.8951,57.779575
TID2013,0.340068,15.828941,66.907700,-47.4241,71.557106
TID2013,0.361111,13.736183,63.289330,-46.9499,82.637245
TID2013,0.399306,14.939004,65.728020,-49.7056,92.356781
TID2013,0.649831,11.135318,29.289804,-31.2361,107.245903
TID2013,0.673401,0.218522,-53.943314,88.9709,4.734404
TID2013,0.700337,0.415497,-51.846512,79.9835,7.717678
TID2013,0.638889,1.016601,-46.074539,59.0354,16.081533
TID2013,0.655914,1.958292,-36.655415,38.1032,23.171486
TID2013,0.518519,3.267040,-22.711639,8.7933,32.990276
TID2013,0.645833,2.094810,-23.018911,72.3298,5.085470
TID2013,0.754209,5.883476,5.586452,45.0454,9.531326
TID2013,0.531250,6.879114,19.303801,19.5018,14.266366
TID2013,0.707071,14.540514,44.288143,-7.3861,20.673222
TID2013,0.400673,21.088451,108.148521,-54.9584,32.496601
TID2013,0.535353,0.926532,-45.089527,71.1326,12.603551
TID2013,0.478114,1.605041,-36.589451,56.7135,17.700912
TID2013,0.451613,3.059674,-17.559420,34.3812,24.185753
TID2013,0.368056,5.976359,18.646748,1.7749,32.287888
TID2013,0.350694,10.954676,45.539230,-34.9653,42.096161
TID2013,0.611111,2.033409,-14.885333,64.1856,4.434657
TID2013,0.519713,3.455809,5.589208,48.7676,5.846714
TID2013,0.501792,5.641067,17.303383,30.5218,8.029387
TID2013,0.451389,9.139069,34.571400,8.3059,10.306046
TID2013,0.387206,13.779022,58.005505,-15.7910,14.242913
TID2013,0.645833,1.555066,-25.238846,70.2473,3.636213
TID2013,0.629630,2.985708,-1.600623,54.1333,5.401343
TID2013,0.500000,5.988383,13.922915,27.2715,8.108356
TID2013,0.434343,12.505352,47.948418,-16.5862,15.022183
TID2013,0.323232,26.229279,127.185921,-57.9251,26.534662
TID2013,0.585859,2.471564,-12.985866,59.7567,5.414763
TID2013,0.534722,4.132928,6.120525,42.4137,6.245509
TID2013,0.472222,7.026161,21.127001,16.3413,10.199643
TID2013,0.388889,11.728972,44.414783,-11.5855,13.782331
TID2013,0.240143,23.687130,106.304428,-54.8138,26.123884
TID2013,0.635417,1.825795,-15.144978,63.6802,7.479558
TID2013,0.643098,2.931991,0.509260,51.9326,12.188118
TID2013,0.611111,4.928313,12.637609,33.6934,16.453129
TID2013,0.454861,11.518294,40.788376,-10.6426,27.665520
TID2013,0.302083,16.474245,63.782101,-37.2075,35.071533
TID2013,0.694444,1.442295,-31.550035,77.6690,2.853619
TID2013,0.697917,2.954619,-8.142138,64.7268,5.016466
TID2013,0.670033,5.584026,6.516817,45.1863,8.837569
TID2013,0.534722,9.677626,27.109875,21.0310,11.609722
TID2013,0.319444,19.316687,80.415062,-34.4976,32.288589
TID2013,0.638889,2.144487,-21.009451,64.6760,4.291192
TID2013,0.565972,4.019163,0.972680,43.8237,6.330975
TID2013,0.416667,8.203248,26.583841,8.8772,14.976491
TID2013,0.225589,17.594736,77.652527,-41.7138,30.969742
TID2013,0.026936,33.653108,177.446686,-64.1727,42.464649
TID2013,0.635328,1.797296,-20.632357,68.1346,3.461291
TID2013,0.603603,3.003191,2.128394,54.4242,5.088456
TID2013,0.527066,5.031872,14.214725,36.2897,6.336434
TID2013,0.504273,8.282020,31.188175,13.2961,8.754361
TID2013,0.423977,13.283349,56.059036,-14.3003,12.158896
TID2013,0.672672,0.858353,-37.652191,82.6289,1.835082
TID2013,0.648649,1.390518,-26.695995,74.9575,2.639169
TID2013,0.641026,2.277805,-4.938403,64.2844,3.749512
TID2013,0.614036,3.791467,7.251230,49.1946,5.249119
TID2013,0.525526,6.378101,21.378105,29.9096,6.990073
TID2013,0.561561,4.300385,4.260480,36.7220,6.985902
TID2013,0.484568,7.065710,19.055502,10.9682,10.155811
TID2013,0.447293,11.777280,44.371353,-19.9085,13.726734
TID2013,0.367521,18.708416,80.479843,-46.8283,20.221045
TID2013,0.324787,28.060589,132.171127,-62.6166,26.124586
TID2013,0.675213,1.185138,-29.100740,80.2005,6.435112
TID2013,0.567901,1.696839,-15.734086,74.6707,11.096801
TID2013,0.573099,2.608459,3.507687,65.8046,16.918655
TID2013,0.529914,4.109804,12.360512,52.0940,23.584074
TID2013,0.470086,6.744593,26.912413,30.8038,28.457903
TID2013,0.672364,1.097913,-28.365520,75.8289,3.278581
TID2013,0.643874,1.800610,-11.238236,66.4293,4.329389
TID2013,0.575499,4.142248,14.987354,44.6562,6.847668
TID2013,0.488304,9.338046,42.406593,12.0225,10.695276
TID2013,0.371346,19.566666,90.586121,-34.2629,18.790638
TID2013,0.573099,2.377668,-6.511845,46.3685,12.801252
TID2013,0.516517,3.977378,7.047712,26.8536,19.022675
TID2013,0.508772,5.820759,15.921877,12.4437,27.383472
TID2013,0.426901,8.800839,30.885756,-5.1928,25.639277
TID2013,0.378379,13.495385,53.884487,-28.9987,32.736687
TID2013,0.615616,3.645346,2.103586,44.5672,5.968698
TID2013,0.558404,6.489296,16.657480,15.6527,9.456856
TID2013,0.495727,12.620566,47.817017,-25.8566,12.516273
TID2013,0.444444,21.357737,102.967232,-55.0734,19.336075
TID2013,0.339181,27.630617,142.060410,-63.0175,27.681898
TID2013,0.663742,0.956820,-38.453957,84.2093,4.655284
TID2013,0.589743,2.091238,-16.699505,72.5149,8.143971
TID2013,0.483483,4.648996,10.052497,52.2065,13.797385
TID2013,0.388889,9.745558,34.891857,18.3537,21.748793
TID2013,0.309941,18.759706,87.911385,-29.7009,30.893097
TID2013,0.663818,1.774379,-23.711544,69.5619,3.553852
TID2013,0.632479,2.645098,-8.574656,57.8349,4.437704
TID2013,0.575499,5.053440,9.879230,33.2154,7.137206
TID2013,0.423977,10.608200,37.220692,-6.0303,12.332683
TID2013,0.253561,23.301278,109.440033,-55.2285,24.861008
TID2013,0.652047,1.032706,-38.346928,78.8213,2.666724
TID2013,0.646199,1.805596,-25.103752,68.3008,3.286204
TID2013,0.578348,4.213480,6.453818,38.2604,6.471920
TID2013,0.404559,12.510919,53.730762,-28.1293,11.400048
TID2013,0.270656,23.594567,123.096169,-60.1383,18.271990
TID2013,0.572650,2.132905,-20.486221,65.1162,3.901103
TID2013,0.495727,4.486725,6.883980,39.0679,6.474988
TID2013,0.401709,10.656047,40.976425,-10.1384,14.698361
TID2013,0.242690,23.707437,122.940491,-54.4392,27.300730
TID2013,0.137427,39.143581,222.737946,-64.3302,42.424229
TID2013,0.529914,4.313277,-11.938853,53.1548,25.243395
TID2013,0.649123,4.249160,-0.446254,45.5908,13.453644
TID2013,0.547009,6.139983,10.436682,27.4844,23.129490
TID2013,0.450292,13.912892,51.995869,-18.8714,55.648430
TID2013,0.298246,22.026605,104.110909,-51.4181,81.460091
TID2013,0.643274,2.778858,-6.302669,54.7388,9.658580
TID2013,0.435672,9.211778,31.676218,-12.1219,15.107500
TID2013,0.380117,12.959898,46.079933,-23.1438,23.496180
TID2013,0.298246,27.088593,137.493835,-63.7583,32.322460
TID2013,0.321938,25.628701,114.346169,-62.8283,49.787632
TID2013,0.646723,3.785957,-7.310117,42.2483,25.186930
TID2013,0.683761,4.241587,-0.729009,40.1801,22.910013
TID2013,0.616959,7.620908,15.999475,5.5373,40.458866
TID2013,0.474474,11.120541,38.525036,-19.5191,55.367443
TID2013,0.426901,15.093865,54.796108,-36.2641,62.945171
TID2013,0.342106,13.335551,54.097912,-38.5363,68.615654
TID2013,0.358974,14.843948,51.448807,-38.3414,60.456951
TID2013,0.401709,15.401031,54.060886,-38.3116,72.053261
TID2013,0.374269,15.701471,53.990887,-38.7439,84.993668
TID2013,0.464388,12.872921,41.543499,-41.6925,113.823570
TID2013,0.680912,0.207205,-54.402187,89.9239,4.713360
TID2013,0.678062,0.814765,-44.991901,75.0314,7.792976
TID2013,0.669516,0.960761,-47.589916,60.5234,15.709693
TID2013,0.619883,3.522026,-3.747489,26.7517,22.941864
TID2013,0.569801,3.895425,-8.528802,6.3967,31.284311
TID2013,0.634503,2.052665,-26.178097,73.7487,8.462181
TID2013,0.732193,5.392281,4.296221,45.0728,8.618374
TID2013,0.507508,6.670183,17.193293,22.6387,20.789316
TID2013,0.729344,12.608074,39.147175,-4.3215,17.785686
TID2013,0.410257,20.252414,100.322037,-52.1613,44.774216
TID2013,0.501424,2.198886,-37.303146,54.1593,25.968960
TID2013,0.452991,4.102762,-14.224954,36.0125,35.792961
TID2013,0.424501,7.206468,15.170546,14.3245,43.769188
TID2013,0.403509,10.261784,25.224909,-8.0875,50.195869
TID2013,0.368421,12.146477,31.250065,-23.3084,53.149910
TID2013,0.619883,2.040443,-15.659945,63.7398,4.718356
TID2013,0.602339,3.456067,5.185091,48.7124,6.439760
TID2013,0.519520,5.755724,17.794285,28.9446,8.742867
TID2013,0.468469,9.226507,36.260273,4.5853,11.191615
TID2013,0.430199,14.213141,60.560661,-20.2279,14.979903
TID2013,0.649572,1.612198,-25.061764,69.7974,3.648116
TID2013,0.598291,3.237335,-0.046429,52.0183,5.379706
TID2013,0.492878,6.865253,17.440409,19.2501,9.355875
TID2013,0.397661,14.740372,59.174232,-28.5497,15.632882
TID2013,0.318318,33.533320,166.774292,-63.9001,29.971285
TID2013,0.611111,2.675283,-9.454655,56.4000,5.012069
TID2013,0.575499,4.625379,8.389621,35.2965,7.117404
TID2013,0.472934,7.650499,23.982674,9.9405,11.494333
TID2013,0.418803,13.067334,51.489838,-23.0597,13.574006
TID2013,0.279202,25.661210,116.452309,-58.9058,25.269545
TID2013,0.663742,1.800526,-16.846962,66.2621,7.797270
TID2013,0.541310,3.479360,5.019968,44.2312,12.028644
TID2013,0.498499,5.712733,18.043037,23.2325,15.964059
TID2013,0.447531,8.077777,31.381447,8.7688,18.450771
TID2013,0.361823,15.535957,54.008934,-19.5495,41.981544
TID2013,0.683761,1.952312,-25.814678,76.9114,5.682581
TID2013,0.660969,3.074311,-7.395215,57.3745,10.395652
TID2013,0.505848,8.839808,25.087772,13.8527,17.889753
TID2013,0.289473,18.841873,75.326027,-40.2165,36.991776
TID2013,0.160819,31.359985,158.459747,-63.4939,46.734951
TID2013,0.606838,2.454420,-16.395779,62.4233,5.127377
TID2013,0.532163,4.652321,6.111105,39.4498,8.422606
TID2013,0.390313,9.647795,34.347237,-2.0990,15.964320
TID2013,0.207207,22.009043,104.637299,-55.8668,28.124546
TID2013,0.040936,42.006207,228.126404,-65.6278,51.335537
TID2013,0.615616,1.500948,-25.938074,72.4865,3.536318
TID2013,0.573573,2.476028,-4.667806,60.3718,4.417322
TID2013,0.594594,4.021795,7.949801,44.8887,5.995739
TID2013,0.476190,6.493206,21.373436,25.6675,8.537518
TID2013,0.429012,10.447571,41.248463,0.0717,12.394659
TID2013,0.617284,0.780868,-38.848988,83.7324,1.863277
TID2013,0.653968,1.229783,-29.344721,76.8883,2.571848
TID2013,0.604938,2.038840,-9.851332,66.5691,3.535321
TID2013,0.577160,3.338638,4.355721,52.7036,4.985519
TID2013,0.527778,5.621370,17.360071,32.8175,6.748549
TID2013,0.555556,3.592387,-2.422466,47.9585,5.564335
TID2013,0.492492,5.916351,11.337988,25.0403,7.754866
TID2013,0.425397,9.470690,28.800976,0.1930,12.093368
TID2013,0.363363,15.124868,57.679844,-28.9529,15.712191
TID2013,0.324074,22.953328,97.445633,-53.2615,22.833944
TID2013,0.607843,0.789608,-36.070648,82.8707,2.627232
TID2013,0.624624,1.130869,-27.889662,77.6458,3.541297
TID2013,0.587301,1.750603,-11.643451,69.2580,5.149347
TID2013,0.577160,2.784999,4.790030,56.9680,7.703282
TID2013,0.519520,4.636229,14.448683,37.8237,12.418947
TID2013,0.669670,0.936057,-32.162144,78.0137,3.182647
TID2013,0.645062,1.506134,-17.562765,69.4695,4.225639
TID2013,0.588589,3.399877,9.955354,48.5742,6.666751
TID2013,0.466049,7.727159,34.244862,14.2094,10.578045
TID2013,0.339507,16.882022,79.063309,-36.9512,21.722109
TID2013,0.521604,3.860541,4.796329,-1.5787,17.675674
TID2013,0.487654,5.168658,12.506395,-13.6040,20.942993
TID2013,0.441441,8.097510,28.879198,-39.7348,21.547134
TID2013,0.393393,11.604773,48.475967,-54.1198,31.970276
TID2013,0.336508,16.770127,75.865936,-61.7156,36.310966
TID2013,0.618619,2.581767,-12.910538,59.8593,6.005446
TID2013,0.533333,5.235227,7.566400,32.8578,8.918313
TID2013,0.503087,8.628933,20.868671,11.6996,9.268987
TID2013,0.437909,16.685817,61.049683,-29.1723,14.508561
TID2013,0.306307,24.310079,90.484322,-52.3414,30.178169
TID2013,0.549207,1.146452,-34.654282,79.6875,5.399619
TID2013,0.507937,2.516392,-8.715041,64.0474,9.687651
TID2013,0.417418,5.718553,14.444317,38.5782,16.318552
TID2013,0.317460,11.979518,44.452084,1.0338,24.685080
TID2013,0.259259,22.598865,105.965668,-44.5884,32.953930
TID2013,0.645646,1.915161,-19.540445,66.7855,2.810431
TID2013,0.651651,3.059509,-0.530486,54.0511,4.124865
TID2013,0.518519,5.973055,15.523111,26.9369,6.911583
TID2013,0.370370,11.774586,41.883759,-13.7396,12.599504
TID2013,0.219136,25.254926,113.434387,-59.7980,19.436716
TID2013,0.645646,1.036371,-37.790699,77.8249,2.379433
TID2013,0.627628,1.867131,-24.348261,67.2292,3.345177
TID2013,0.558642,4.418525,5.493260,41.1212,5.853691
TID2013,0.387388,12.804302,50.420673,-16.5502,11.290697
TID2013,0.252252,25.260160,125.858597,-60.4811,19.916515
TID2013,0.651234,1.617039,-28.111479,71.8252,3.465939
TID2013,0.603174,2.758063,-10.449944,58.2004,3.864398
TID2013,0.496913,5.043640,8.241549,36.6931,6.554828
TID2013,0.323810,14.380654,55.538563,-24.6875,13.947207
TID2013,0.108024,31.721391,154.115967,-64.0152,29.660089
TID2013,0.623457,2.086344,-26.742458,58.5329,15.496475
TID2013,0.663580,5.669906,18.548101,16.5714,15.384308
TID2013,0.513513,5.850787,8.247007,31.3472,19.088732
TID2013,0.419753,9.314318,34.598553,-12.1795,31.382698
TID2013,0.225309,16.354942,63.070141,-40.4822,29.459652
TID2013,0.453703,7.258614,26.986490,3.2757,16.823341
TID2013,0.504504,3.660972,0.744433,45.6138,8.668283
TID2013,0.361111,16.116275,72.008888,-34.4664,32.011696
TID2013,0.305556,15.142390,58.728733,-35.8233,23.579168
TID2013,0.253087,27.977244,133.761459,-61.7586,40.196888
TID2013,0.648148,3.216679,-11.738448,42.2145,26.852379
TID2013,0.606349,4.822430,0.147526,35.5746,21.799788
TID2013,0.588589,8.020276,23.540253,-5.2782,40.900524
TID2013,0.574074,13.730444,42.875423,-27.3596,59.787876
TID2013,0.487654,17.794156,72.804520,-51.1107,65.539711
TID2013,0.354354,12.220621,51.538658,-38.7732,53.228546
TID2013,0.376543,15.695507,65.791924,-47.3737,63.464794
TID2013,0.388889,17.054421,73.129433,-52.1702,73.374077
TID2013,0.408409,16.097021,75.237411,-55.1964,87.449722
TID2013,0.388889,15.212631,51.919952,-37.3502,82.380150
TID2013,0.678679,0.235348,-53.850883,88.2575,4.821074
TID2013,0.657658,0.433906,-52.197361,78.3923,7.968977
TID2013,0.632716,1.695379,-29.696775,49.9138,16.073465
TID2013,0.549550,2.006840,-40.163422,33.1201,23.448412
TID2013,0.507508,7.845078,19.932198,-20.0718,31.683466
TID2013,0.621621,2.058413,-23.208271,71.2243,6.308300
TID2013,0.750000,5.897569,4.948586,42.9159,11.967354
TID2013,0.482540,6.844054,18.154871,13.9426,16.063421
TID2013,0.759760,14.235357,41.073578,-9.5193,23.406103
TID2013,0.357358,21.398296,106.910851,-59.2959,33.422157
TID2013,0.506173,1.178207,-43.507069,72.1121,16.057976
TID2013,0.474474,1.963529,-36.643566,62.0987,23.586075
TID2013,0.398148,3.475861,-19.132341,47.4830,32.178001
TID2013,0.382353,6.028592,7.727171,29.4784,40.520313
TID2013,0.390390,9.153683,24.018579,10.0088,51.067963
TID2013,0.627628,1.657498,-21.276686,69.5264,4.464289
TID2013,0.567901,2.628789,-0.117151,57.9222,5.810992
TID2013,0.516517,4.324759,10.763345,42.8648,7.268446
TID2013,0.441270,6.896925,24.778278,22.4994,11.274271
TID2013,0.402402,10.505222,43.414291,1.5501,14.999076
TID2013,0.669841,1.042939,-33.442764,75.9007,3.048670
TID2013,0.621621,1.807195,-19.583263,65.5523,4.400877
TID2013,0.594594,3.411229,2.765874,49.5965,5.316464
TID2013,0.543210,7.550501,20.944164,18.2615,7.803762
TID2013,0.404321,18.572275,75.323997,-36.4211,16.796572
TID2013,0.633633,2.151338,-19.337883,64.1849,3.558721
TID2013,0.601852,3.623189,1.433390,48.0402,5.656322
TID2013,0.489490,6.388921,17.129894,22.8562,7.945724
TID2013,0.429012,10.947489,39.399166,-6.9590,13.345126
TID2013,0.294294,19.803777,84.858994,-46.9559,17.776524
TID2013,0.618619,1.602869,-25.099861,68.9191,7.386170
TID2013,0.600601,2.584202,-4.629081,52.2550,12.595484
TID2013,0.543543,5.827726,17.841087,23.1602,16.259281
TID2013,0.405406,11.333067,38.829239,-9.5874,40.028557
TID2013,0.280864,19.313856,80.936447,-40.9628,42.669476
TID2013,0.651651,1.325800,-32.806835,76.8586,3.202963
TID2013,0.648649,2.723787,-7.850054,62.5146,5.890952
TID2013,0.660661,4.283911,2.483464,48.8521,9.055439
TID2013,0.585586,7.594957,16.216490,23.4754,15.492911
TID2013,0.306307,19.313035,75.953896,-39.3406,31.699835
TID2013,0.657658,1.715550,-26.899502,69.6332,2.985661
TID2013,0.608024,3.170742,-3.518596,53.2688,4.514267
TID2013,0.514286,5.986785,12.810125,27.6414,6.815998
TID2013,0.320634,12.749803,48.334297,-20.5668,14.432485
TID2013,0.064814,29.509885,142.198227,-63.8916,36.004654
TID2013,0.660661,1.900760,-19.017935,67.5443,3.908430
TID2013,0.552469,3.223954,3.099806,53.5316,4.818573
TID2013,0.532163,5.507575,16.340239,34.2557,6.544118
TID2013,0.459877,9.140029,35.653667,10.2343,9.149674
TID2013,0.418129,14.560867,64.193390,-16.1927,11.996172
TID2013,0.675676,0.869283,-37.793175,82.4194,2.281924
TID2013,0.663663,1.425558,-26.643545,74.9302,3.759345
TID2013,0.614036,2.386769,-3.284501,64.0015,4.495753
TID2013,0.561403,4.046164,8.239090,48.3861,5.745714
TID2013,0.504504,6.713150,23.643768,28.9924,7.836498
TID2013,0.507508,4.653151,7.060235,32.8802,7.182466
TID2013,0.462462,7.789593,24.583055,5.9800,9.532110
TID2013,0.417418,12.980219,52.529194,-23.8410,13.730051
TID2013,0.345029,21.243353,96.763176,-51.7399,19.064779
TID2013,0.301170,31.821879,156.218185,-63.6433,27.874628
TID2013,0.657658,1.046898,-29.883194,77.8759,4.133063
TID2013,0.614036,1.517100,-19.237337,71.4276,5.864441
TID2013,0.578948,2.397060,3.475371,61.9016,9.240927
TID2013,0.522522,3.933318,12.570755,47.7274,14.318745
TID2013,0.420420,6.295510,25.964298,27.0330,21.199228
TID2013,0.627628,1.154946,-28.312012,75.7589,3.362484
TID2013,0.645646,1.915563,-10.401814,66.3582,4.540049
TID2013,0.578948,4.472103,16.225485,44.0148,7.270325
TID2013,0.483483,10.197408,47.544273,11.4043,11.482844
TID2013,0.406432,21.153917,101.217903,-31.3852,18.459723
TID2013,0.564564,2.497534,-4.456725,51.2890,12.616463
TID2013,0.535088,5.258498,11.296001,36.2273,15.298783
TID2013,0.495496,8.148765,25.263426,18.7790,18.693613
TID2013,0.453453,12.054659,45.120945,-0.5396,20.388741
TID2013,0.416667,18.649350,76.320465,-25.4645,24.410269
TID2013,0.521604,3.984210,4.388650,43.8125,7.080270
TID2013,0.488304,6.292873,17.193762,21.2873,13.378023
TID2013,0.464912,12.317596,52.517086,-20.0910,15.965171
TID2013,0.354354,17.504841,79.449944,-43.9314,22.542282
TID2013,0.336420,26.655288,133.477737,-61.6483,28.328917
TID2013,0.687134,1.788584,-22.521303,83.8164,8.277445
TID2013,0.608187,4.168011,6.565835,70.8047,14.742211
TID2013,0.502924,8.816508,28.903990,49.6979,25.315619
TID2013,0.400584,15.583586,70.406975,18.9743,39.561428
TID2013,0.308642,24.822881,131.184891,-24.4886,55.293873
TID2013,0.701754,2.298251,-13.879624,61.6365,3.741766
TID2013,0.614198,3.526645,2.657429,47.7542,4.851079
TID2013,0.526316,6.597778,17.736023,19.1747,10.194016
TID2013,0.381381,11.745798,44.156326,-14.6789,15.647577
TID2013,0.250793,21.183611,96.223442,-50.0633,33.020096
TID2013,0.675676,1.039331,-37.894669,77.9147,2.750878
TID2013,0.654971,1.871730,-24.020596,66.6738,3.542975
TID2013,0.567251,4.854744,8.972067,33.8936,6.634760
TID2013,0.345029,13.421562,59.864670,-31.2954,13.115026
TID2013,0.248538,26.104449,136.871262,-60.9550,19.064323
TID2013,0.600601,2.723433,-9.867490,56.8994,4.202664
TID2013,0.519520,6.041621,14.710710,23.2335,7.379215
TID2013,0.308642,15.074466,65.483421,-33.8124,17.578928
TID2013,0.216374,23.198701,111.618332,-58.1186,35.478821
TID2013,0.090643,38.830685,216.456436,-64.8086,54.015205
TID2013,0.611111,3.211832,-5.900072,51.0860,8.212846
TID2013,0.561403,4.638607,-0.884311,41.1065,16.972794
TID2013,0.405406,8.499495,17.660336,20.5798,27.044226
TID2013,0.342106,17.550503,76.992622,-42.1710,71.995544
TID2013,0.342342,25.498219,100.526283,-48.8256,115.669952
TID2013,0.597598,5.051846,11.523831,21.8327,13.019960
TID2013,0.507508,5.870171,13.968493,21.0960,8.074345
TID2013,0.359649,14.730804,58.345787,-31.9937,17.550182
TID2013,0.314814,25.955368,131.410110,-59.9772,38.009151
TID2013,0.444444,12.599647,59.795876,-34.8049,40.776024
TID2013,0.616959,5.217670,8.300209,22.6663,29.700520
TID2013,0.684210,3.477481,-10.832370,46.8029,29.607574
TID2013,0.504504,6.183373,6.881958,22.2553,46.249401
TID2013,0.497076,8.878220,25.452265,-2.8197,52.668461
TID2013,0.396397,13.675363,52.229095,-32.7615,68.900955
TID2013,0.388889,14.104727,58.525864,-43.6023,56.515217
TID2013,0.390477,17.404246,68.841194,-49.1146,65.634827
TID2013,0.406432,17.349357,70.181061,-49.0359,78.729492
TID2013,0.453217,15.405414,66.293533,-50.5815,98.275627
TID2013,0.504762,15.560554,59.846802,-42.3025,84.510406
TID2013,0.725147,0.198335,-54.822685,90.2052,4.770328
TID2013,0.699700,1.162995,-36.871254,72.5997,7.889721
TID2013,0.672514,0.953358,-48.580620,64.4196,16.311834
TID2013,0.679012,5.227503,3.476525,22.6864,24.000950
TID2013,0.630631,2.858386,-32.038322,19.8902,33.870361
TID2013,0.695907,2.017439,-27.513756,73.7885,8.144528
TID2013,0.757310,5.759561,5.070220,44.4794,10.431651
TID2013,0.534534,6.341524,14.206079,24.5174,20.905005
TID2013,0.695907,14.340644,42.441963,-9.0874,21.215031
TID2013,0.447369,18.332524,85.647087,-48.6812,42.730015
TID2013,0.627628,0.886101,-43.508930,74.2425,12.760695
TID2013,0.594594,1.489425,-35.186440,63.8795,18.223743
TID2013,0.555556,2.536677,-21.193766,49.9293,24.817196
TID2013,0.498499,4.533722,3.393227,30.5147,33.664078
TID2013,0.477478,7.872937,26.651583,5.2853,45.086952
TID2013,0.636637,2.241937,-12.120030,62.7619,4.722908
TID2013,0.612612,3.790546,6.879309,46.9746,6.962476
TID2013,0.588589,6.291136,20.183126,27.0251,8.976256
TID2013,0.523392,10.503797,41.492142,2.3135,11.663915
TID2013,0.447369,16.520920,74.207268,-25.0818,16.237295
TID2013,0.620370,1.682778,-23.250195,68.1869,3.564283
TID2013,0.586420,3.686707,3.161204,47.4814,5.056297
TID2013,0.492492,8.789557,27.101854,6.4928,8.557622
TID2013,0.400584,21.497926,95.125496,-51.4468,19.393414
TID2013,0.311729,41.335036,215.365295,-64.9192,30.873049
TID2013,0.573099,3.130356,-0.786033,50.9277,4.539401
TID2013,0.549550,5.549881,12.284719,26.8704,6.880368
TID2013,0.447369,9.239437,31.653679,-1.4944,9.694907
TID2013,0.336420,15.307182,61.232513,-30.6950,15.209521
TID2013,0.222222,26.046400,122.204094,-59.4934,39.266033
TID2013,0.583333,2.062836,-14.646338,58.5198,10.989264
TID2013,0.570176,3.078010,3.444413,46.8461,10.437121
TID2013,0.507508,6.172249,20.190874,17.2260,14.755076
TID2013,0.388889,12.666429,44.141949,-16.1992,39.794903
TID2013,0.291291,20.658233,82.195518,-37.3962,45.073067
TID2013,0.672672,1.550331,-29.460169,72.2206,4.252757
TID2013,0.687134,3.488901,-6.965735,49.3781,9.204977
TID2013,0.543860,7.471327,17.818554,19.3572,12.776002
TID2013,0.354354,14.415286,53.632607,-26.3449,27.280476
TID2013,0.245614,25.723782,124.299202,-60.8269,50.138985
TID2013,0.651651,3.040748,-4.882261,54.0800,4.195197
TID2013,0.486487,6.051383,14.147655,26.8291,6.892338
TID2013,0.342106,12.245164,47.424084,-17.7914,17.628065
TID2013,0.219298,23.655075,119.425270,-58.8177,34.465942
TID2013,0.045046,39.553084,221.696564,-65.0374,49.726200
TID2013,0.614987,1.264500,-33.099762,76.8440,2.730194
TID2013,0.602778,1.993557,-19.715044,67.2374,4.352397
TID2013,0.563308,3.230527,0.216746,53.5207,5.102180
TID2013,0.532300,5.239518,10.431093,34.8920,7.155653
TID2013,0.447090,8.437820,24.837420,10.9495,8.859540
TID2013,0.589947,0.704898,-41.552795,85.8845,1.739671
TID2013,0.615177,1.081527,-33.798294,80.3116,2.343353
TID2013,0.625323,1.699383,-21.116976,72.2053,3.344968
TID2013,0.600529,2.720337,-2.291536,60.6745,4.459862
TID2013,0.518519,4.434140,5.114222,43.4374,6.147046
TID2013,0.571429,2.994546,-10.101484,55.0726,5.073385
TID2013,0.563492,4.804256,2.197803,35.7493,6.498286
TID2013,0.462963,7.878599,15.689452,9.5153,8.650392
TID2013,0.407408,12.769548,37.528656,-20.5961,14.919620
TID2013,0.306878,19.948617,73.057076,-49.1187,19.282017
TID2013,0.636857,0.804297,-38.794968,85.4428,2.570758
TID2013,0.608333,1.099328,-32.322529,81.4342,3.710205
TID2013,0.617571,1.644634,-19.091373,74.4627,6.027974
TID2013,0.604336,2.459598,-0.254581,64.8299,9.929770
TID2013,0.547619,3.952802,7.624490,49.0910,16.892130
TID2013,0.595238,0.820636,-38.076061,81.9863,2.793708
TID2013,0.560847,1.271193,-27.960205,75.0400,3.725475
TID2013,0.612403,2.702576,1.776165,57.3227,5.675486
TID2013,0.462963,5.994851,19.739704,27.0383,9.374187
TID2013,0.343916,13.862955,56.059372,-25.0610,15.526142
TID2013,0.505556,2.250598,-12.556555,45.9732,10.036933
TID2013,0.472868,3.321293,3.528583,27.1581,12.663398
TID2013,0.407408,4.746395,12.494666,7.2414,13.304937
TID2013,0.382429,7.232318,25.666779,-15.9252,15.786755
TID2013,0.343916,11.280826,45.017239,-41.7777,21.946625
TID2013,0.636111,1.636212,-28.870558,72.8381,5.950921
TID2013,0.590786,2.817413,-6.453426,60.2433,9.182634
TID2013,0.515873,4.857435,8.065746,39.5887,9.395056
TID2013,0.379403,9.828823,33.703300,2.3695,12.229453
TID2013,0.314363,21.616063,99.045540,-55.5367,21.011238
TID2013,0.534391,1.591442,-28.544472,73.6340,7.336868
TID2013,0.439153,3.476902,3.173843,53.5448,12.755019
TID2013,0.346883,7.665787,21.392181,22.5108,22.169994
TID2013,0.286822,15.520559,54.773766,-20.3309,35.528004
TID2013,0.193122,27.484003,116.607018,-59.0671,51.712116
TID2013,0.563686,2.018120,-20.049496,66.7238,2.622230
TID2013,0.529716,3.565614,4.734507,49.2867,3.649302
TID2013,0.354006,7.857212,25.692596,12.0769,6.823688
TID2013,0.240741,16.085106,61.651047,-34.2902,12.766744
TID2013,0.054200,32.323840,147.410522,-64.1384,24.598448
TID2013,0.609819,1.114737,-35.217876,76.1863,2.987670
TID2013,0.607236,2.106234,-19.137177,64.6989,3.453543
TID2013,0.497222,4.932618,9.090030,37.5264,4.902568
TID2013,0.361757,13.524903,49.170765,-21.6033,9.016642
TID2013,0.129199,27.239178,129.197311,-62.4439,15.342838
TID2013,0.591731,0.969244,-38.617081,79.5006,2.206906
TID2013,0.591731,1.671476,-27.499777,70.8191,2.873470
TID2013,0.521164,3.069770,-6.283371,56.0603,3.881011
TID2013,0.483204,6.031610,13.142211,29.4508,6.124439
TID2013,0.264550,17.515154,67.909172,-41.8623,13.607853
TID2013,0.581396,1.929204,-25.288015,67.3231,11.354385
TID2013,0.604651,3.237369,-3.472718,53.2882,12.158386
TID2013,0.568476,7.518001,29.928457,-0.3605,34.994759
TID2013,0.584656,5.395473,8.728485,35.7304,15.085832
TID2013,0.560847,8.168777,17.676872,18.0875,16.316046
CID22,0.329467,3.567462,-1.228377,48.6088,4.797246
CID22,0.440019,3.231272,-4.099933,51.2519,5.433594
CID22,0.491262,2.830882,-12.148353,56.6639,4.747573
CID22,0.493425,2.667242,-13.168382,58.3552,4.055723
CID22,0.503882,3.128881,-5.795421,53.5136,5.298673
CID22,0.519308,3.343869,-2.946629,50.0894,5.460590
CID22,0.522156,3.384950,-3.829992,51.4233,5.166808
CID22,0.530874,2.628444,-13.672290,58.6208,5.192225
CID22,0.531676,2.918559,-9.607076,54.7871,4.530331
CID22,0.538192,3.161989,-6.540507,54.2165,4.645076
CID22,0.575617,2.158777,-20.253674,64.2149,4.117675
CID22,0.584276,2.309220,-18.933098,62.5280,3.507854
CID22,0.601076,2.723953,-11.865959,57.4826,4.677393
CID22,0.603361,2.237940,-20.045479,63.2402,3.619269
CID22,0.612419,2.541083,-16.380571,61.2235,4.062635
CID22,0.616426,2.549605,-15.051358,59.0831,3.733032
CID22,0.618440,2.605723,-14.667460,59.8635,4.171225
CID22,0.620621,2.329764,-18.889414,62.3218,4.729475
CID22,0.632358,2.171683,-21.162727,64.1324,3.794955
CID22,0.636636,1.773312,-26.316105,68.7724,3.838546
CID22,0.659436,2.344038,-17.984043,61.8814,5.090652
CID22,0.666716,2.013506,-24.424852,65.9429,3.345140
CID22,0.675077,2.187966,-21.551973,65.4069,3.507553
CID22,0.683593,1.876774,-24.471209,67.1313,4.660287
CID22,0.684999,1.824046,-25.840080,69.2051,3.415342
CID22,0.685203,1.949749,-25.501871,66.8822,3.855110
CID22,0.688787,2.003365,-23.329716,65.5593,3.524537
CID22,0.692705,1.570728,-29.843235,71.7832,3.020508
CID22,0.699462,2.097670,-22.010344,64.9135,4.405522
CID22,0.701050,2.133051,-22.181122,65.6983,3.941373
CID22,0.713092,1.602724,-28.888559,70.5958,4.422457
CID22,0.714707,1.801539,-26.860918,69.8621,3.068895
CID22,0.717807,1.713640,-29.091995,69.8996,3.047076
CID22,0.718652,1.608318,-28.941427,71.5496,3.070604
CID22,0.719352,1.647202,-29.958210,72.0963,2.823739
CID22,0.727053,1.377846,-32.013718,73.8003,2.847790
CID22,0.731922,1.705170,-27.690186,69.6171,3.691975
CID22,0.738760,1.681648,-28.746040,71.0426,3.175277
CID22,0.738810,1.599945,-29.822241,70.8873,3.043110
CID22,0.740098,1.546140,-29.964979,71.3757,2.997247
CID22,0.742513,1.564770,-31.349901,72.0608,3.283759
CID22,0.750724,1.695546,-28.973627,70.9554,2.977271
CID22,0.753050,1.438135,-32.065487,74.0749,2.765817
CID22,0.754029,1.431619,-32.596523,74.3874,2.796275
CID22,0.768568,1.151495,-36.167747,76.5852,3.355994
CID22,0.769118,1.452576,-31.713089,72.7819,3.001997
CID22,0.769394,1.462807,-33.023262,73.2112,3.001781
CID22,0.770171,1.459428,-31.307819,72.7348,4.092526
CID22,0.783831,1.334233,-35.058231,75.1543,2.535545
CID22,0.785150,1.273840,-35.036556,76.3699,2.608772
CID22,0.785828,1.292141,-35.248352,76.3306,2.425306
CID22,0.786128,1.388506,-32.966240,73.8933,2.818693
CID22,0.787730,1.216114,-35.976677,76.7082,2.391295
CID22,0.789276,1.281084,-34.126785,74.8535,3.184583
CID22,0.794030,1.431036,-34.125900,73.9860,3.007828
CID22,0.798532,1.254212,-34.320583,75.3075,2.500572
CID22,0.802234,0.872787,-40.274078,80.4308,2.405863
CID22,0.813157,1.124410,-37.211548,77.3283,2.478154
CID22,0.813296,1.044554,-38.315166,79.0196,2.157372
CID22,0.817342,1.089235,-38.421238,79.0232,2.152210
CID22,0.817625,1.279661,-35.980301,75.8657,3.082198
CID22,0.817944,1.049676,-38.717934,79.2435,1.930187
CID22,0.820397,1.028016,-39.567242,79.3159,2.254687
CID22,0.827655,1.223734,-35.662777,76.1430,2.903912
CID22,0.829612,1.108002,-36.722393,77.4794,2.306796
CID22,0.836305,1.035057,-38.678391,78.7039,2.623752
CID22,0.840075,0.725226,-43.305752,82.9596,2.120280
CID22,0.844065,1.138054,-38.311516,77.8576,2.527919
CID22,0.848202,0.928064,-40.786961,80.9709,1.949494
CID22,0.854110,0.802201,-43.668156,82.6879,1.655455
CID22,0.856416,0.920447,-41.590122,81.6657,1.795337
CID22,0.856882,0.895957,-41.951271,81.8193,1.904792
CID22,0.858218,1.002840,-38.914867,79.2239,2.408688
CID22,0.864861,1.080162,-37.880661,78.1119,2.552497
CID22,0.865306,0.926356,-40.850876,80.4217,2.549678
CID22,0.867325,1.086182,-39.247009,78.8991,2.510797
CID22,0.869258,0.466551,-48.031502,87.7091,1.894343
CID22,0.872814,0.583677,-47.635948,86.1396,1.337086
CID22,0.874085,0.733693,-44.162354,83.2246,1.685589
CID22,0.875229,0.765616,-43.880421,83.0972,1.846765
CID22,0.877767,0.976121,-40.689606,80.3179,2.517575
CID22,0.878174,0.471110,-49.821857,88.7496,1.390531
CID22,0.879344,0.758897,-43.925491,83.2743,2.329142
CID22,0.879503,0.532916,-49.113041,87.7284,1.546958
CID22,0.879768,0.958235,-40.067402,80.0789,2.473437
CID22,0.881856,0.279145,-51.944969,91.0637,1.193609
CID22,0.884868,0.343702,-52.591560,90.4363,0.883364
CID22,0.886955,0.572809,-47.591629,86.3773,1.747155
CID22,0.889513,0.846352,-43.248592,82.5242,2.247177
CID22,0.895437,0.741027,-44.382252,83.2693,1.941991
CID22,0.364475,4.429991,-0.377977,42.6810,10.633248
CID22,0.396795,4.454845,-1.584455,43.7839,10.344090
CID22,0.407125,3.834639,-4.040096,48.0280,9.313756
CID22,0.420300,3.591036,-5.985648,50.6433,9.321918
CID22,0.430843,3.770711,-4.682923,48.2045,11.535268
CID22,0.430850,3.347938,-5.059888,51.7475,6.716361
CID22,0.450771,3.419463,-6.304920,50.9845,9.044440
CID22,0.451289,3.633695,-5.905578,51.2417,9.317697
CID22,0.462913,3.984896,-1.404394,44.8341,9.277164
CID22,0.464170,3.839575,-1.641277,47.5276,7.709556
CID22,0.469791,2.882014,-16.080368,57.6693,8.011668
CID22,0.474282,3.172433,-12.090546,55.5379,8.612100
CID22,0.482645,3.213017,-10.637227,55.4649,8.818076
CID22,0.485844,3.036831,-7.216695,54.7618,5.450253
CID22,0.488780,3.383161,-7.977035,53.7998,9.529150
CID22,0.489771,2.922145,-14.481230,56.4404,9.596624
CID22,0.493847,3.395777,-6.164379,51.2395,9.152218
CID22,0.498735,2.808821,-18.155920,59.0647,7.596331
CID22,0.498784,3.161550,-6.271659,55.0137,6.716709
CID22,0.508421,2.863913,-16.877981,58.8426,8.045588
CID22,0.512242,2.600910,-20.369268,61.0914,7.012423
CID22,0.515782,2.754977,-17.454082,58.8203,8.474514
CID22,0.516097,2.319199,-20.141779,62.6122,4.841445
CID22,0.517006,2.585647,-18.629280,62.1116,6.544584
CID22,0.517974,3.083732,-11.485343,55.2330,9.300647
CID22,0.521000,2.588958,-17.296682,59.3984,4.603804
CID22,0.523334,2.577823,-22.014408,62.1356,7.587836
CID22,0.526534,2.510901,-21.911345,62.2709,7.599061
CID22,0.529207,2.615789,-16.407938,61.2565,6.832297
CID22,0.530548,2.529123,-21.017445,63.0947,7.240520
CID22,0.536218,2.371546,-21.415382,64.6657,6.125090
CID22,0.536689,2.759943,-17.315300,59.0046,8.089904
CID22,0.539628,2.399775,-23.737009,63.4717,7.589921
CID22,0.543258,2.412494,-24.791758,63.6476,7.640330
CID22,0.546430,2.354238,-23.791117,64.0127,7.523644
CID22,0.546630,2.316215,-25.248219,65.3513,7.611362
CID22,0.563517,2.423096,-22.793943,63.7083,6.529675
CID22,0.565872,1.925068,-26.811687,67.8187,3.909218
CID22,0.568717,2.231238,-23.625158,66.2115,5.964950
CID22,0.574288,2.003748,-26.542545,66.0917,3.960629
CID22,0.575329,2.479299,-22.330601,62.9464,7.048677
CID22,0.582611,2.107169,-25.078285,66.9302,5.836582
CID22,0.603075,2.214763,-27.575430,65.8162,7.334242
CID22,0.606176,1.835278,-29.069574,68.6462,3.819674
CID22,0.615884,2.225900,-26.328611,65.9384,7.362746
CID22,0.622349,1.963421,-30.319231,69.6966,7.290482
CID22,0.627764,2.217248,-26.591858,66.3562,7.276967
CID22,0.631734,1.734562,-29.833429,70.5187,4.558261
CID22,0.632216,2.055600,-29.304317,68.0414,6.708591
CID22,0.635862,1.813873,-29.391407,70.0968,5.707203
CID22,0.648822,1.808431,-29.346514,70.5383,6.003057
CID22,0.651648,1.609924,-32.135288,71.5812,2.921230
CID22,0.670754,2.081040,-28.690943,67.6310,7.854434
CID22,0.678001,2.071667,-29.166006,68.4784,7.189851
CID22,0.679661,1.538594,-33.210060,73.1289,3.325248
CID22,0.695155,1.590080,-33.643337,73.4743,5.500615
CID22,0.697247,1.605129,-32.621403,72.6863,4.805647
CID22,0.697762,1.345744,-36.519432,74.6475,2.744259
CID22,0.698215,1.912441,-31.025558,70.2076,6.947400
CID22,0.705587,1.882099,-31.389111,71.1199,7.042462
CID22,0.711580,1.545926,-33.228722,74.1054,5.751974
CID22,0.719352,2.014148,-29.761723,68.4906,7.630059
CID22,0.733479,1.944853,-30.873833,70.1238,7.537856
CID22,0.733482,1.474030,-34.369682,73.8648,3.421229
CID22,0.752262,1.138516,-39.733990,77.9376,2.529436
CID22,0.772817,1.445637,-35.959702,75.7303,5.413394
CID22,0.772931,1.765692,-34.268322,72.0296,6.356333
CID22,0.781831,1.930396,-30.905672,69.3863,7.034099
CID22,0.787079,1.399285,-35.202396,74.8111,2.952851
CID22,0.794923,1.881522,-31.648413,71.0963,6.794734
CID22,0.796498,1.791624,-32.836742,72.0812,6.930773
CID22,0.797742,1.383529,-36.014965,75.1361,4.768894
CID22,0.800122,1.423274,-35.548485,76.0237,5.504228
CID22,0.809877,0.880437,-44.619881,81.9430,1.965807
CID22,0.822803,1.249345,-37.370480,76.8905,2.980504
CID22,0.833401,1.716121,-33.896442,72.8875,6.922022
CID22,0.835314,1.815873,-32.746815,70.8346,7.571954
CID22,0.835782,0.515259,-47.307922,85.9467,2.267998
CID22,0.839081,1.655550,-34.925373,73.9781,7.036331
CID22,0.839709,1.156631,-39.220486,79.3779,5.409343
CID22,0.839734,0.650594,-49.744099,85.7816,1.876749
CID22,0.840389,1.587414,-36.340561,74.0742,6.543496
CID22,0.842036,1.131956,-39.166782,78.5776,3.063771
CID22,0.849942,1.607675,-35.680138,74.5599,6.924263
CID22,0.853427,1.076172,-40.235065,79.4235,2.628905
CID22,0.855037,0.328601,-51.331444,89.6990,1.435344
CID22,0.859731,1.565897,-36.368179,75.2571,6.819384
CID22,0.864244,0.382111,-53.640091,90.0399,1.136710
CID22,0.866728,0.962678,-41.892105,80.8421,2.602078
CID22,0.888468,0.864602,-43.606632,82.5636,2.366172
CID22,0.428717,3.301698,-2.852562,49.0309,6.290411
CID22,0.462179,2.533526,-14.558417,56.4662,6.654121
CID22,0.490933,2.719451,-12.212773,56.9077,5.349709
CID22,0.521864,2.496425,-13.337468,57.8818,5.985908
CID22,0.522338,2.972102,-7.552397,52.9448,6.430519
CID22,0.523216,2.912561,-7.827522,53.4830,7.309893
CID22,0.530807,2.490225,-14.945032,60.2459,5.202723
CID22,0.533235,2.143766,-19.440870,62.2894,4.976749
CID22,0.566478,2.313489,-19.092299,59.4460,5.550559
CID22,0.566725,2.199600,-19.527618,62.2496,4.837184
CID22,0.569649,2.712849,-13.423959,56.5653,6.214835
CID22,0.597309,2.482608,-16.070356,59.4788,5.183636
CID22,0.608283,2.485297,-16.073511,59.0879,5.011077
CID22,0.625125,2.035043,-21.004099,63.7216,5.413819
CID22,0.627067,2.022038,-22.907732,66.1679,5.118382
CID22,0.637010,1.795240,-24.965475,66.4432,4.342982
CID22,0.639279,2.052971,-22.110361,63.4972,4.116451
CID22,0.644732,1.937731,-23.476805,66.0827,4.480805
CID22,0.651507,2.141864,-21.556524,62.7676,4.882680
CID22,0.655638,2.215015,-20.412762,62.5812,5.066405
CID22,0.657843,2.238916,-19.896523,62.6600,5.515722
CID22,0.669749,1.761916,-27.637741,68.9566,4.828696
CID22,0.679430,1.540257,-30.636858,70.7061,4.315625
CID22,0.683115,1.738326,-25.686369,67.5002,5.025352
CID22,0.690916,1.910902,-25.094778,66.4546,4.044480
CID22,0.698916,1.606652,-28.613197,69.5805,3.684304
CID22,0.701428,1.714315,-26.963779,69.1918,4.120225
CID22,0.701674,1.926467,-25.494333,66.4883,4.664854
CID22,0.708292,1.790872,-26.957262,68.3446,4.728058
CID22,0.712081,1.420522,-31.699545,72.2015,6.003257
CID22,0.716071,1.485650,-31.635607,72.7251,3.921294
CID22,0.722784,1.626973,-29.436340,70.0749,3.677995
CID22,0.729379,1.555053,-30.423079,70.9515,3.520425
CID22,0.729998,1.549988,-28.646603,70.2456,4.890378
CID22,0.732701,1.352747,-32.647655,73.2283,2.950145
CID22,0.733848,1.650548,-28.252241,69.8013,3.952686
CID22,0.735703,1.369572,-32.675819,72.4055,3.345650
CID22,0.742387,1.411201,-32.910595,72.4617,3.063535
CID22,0.747282,1.267763,-34.227810,74.6595,3.002861
CID22,0.751646,1.322742,-34.112129,74.7735,3.318680
CID22,0.751790,1.373792,-33.277023,74.1351,3.538122
CID22,0.772319,1.306849,-33.795742,74.4344,3.170996
CID22,0.785626,1.234966,-35.097340,75.3362,3.013646
CID22,0.800066,1.206791,-35.880737,76.7360,2.709828
CID22,0.800904,1.385941,-31.511631,72.7900,4.954867
CID22,0.801135,1.115956,-37.910889,77.1075,2.625015
CID22,0.802929,1.204881,-35.928196,75.6392,2.970328
CID22,0.807118,1.177929,-35.605347,76.6258,2.819247
CID22,0.810787,1.175735,-36.768246,76.9895,3.287073
CID22,0.811516,1.153796,-36.275421,76.6597,2.929923
CID22,0.821828,1.172757,-34.927509,75.5951,4.541673
CID22,0.822083,1.042401,-38.687664,77.7879,2.865705
CID22,0.824698,1.058141,-38.385254,78.3742,2.659058
CID22,0.830947,0.917256,-41.513866,80.5853,2.208865
CID22,0.834652,1.035456,-38.086292,78.6364,3.000223
CID22,0.837700,1.014428,-38.878063,79.1357,2.440358
CID22,0.848478,1.018570,-39.173283,80.0678,2.674240
CID22,0.848938,0.931980,-38.293934,79.3318,3.897648
CID22,0.849290,0.943539,-40.364090,80.1563,2.244021
CID22,0.849958,0.945017,-40.373604,79.8014,2.328390
CID22,0.850934,1.007011,-39.592705,78.9850,2.556999
CID22,0.858809,0.951664,-40.100975,79.7380,2.547059
CID22,0.862881,0.820329,-43.505882,82.6510,2.227474
CID22,0.864208,0.930106,-40.301907,80.3309,2.250415
CID22,0.873934,0.792336,-40.741436,81.9609,3.834911
CID22,0.880934,0.756434,-43.877377,83.0703,1.928344
CID22,0.881339,0.874987,-41.238262,81.9612,2.322442
CID22,0.883267,0.842968,-42.184105,81.4384,2.574306
CID22,0.885324,0.729891,-44.453243,83.2525,1.886948
CID22,0.890132,0.850263,-42.537960,81.6880,2.282133
CID22,0.892817,0.495230,-46.545544,86.4533,2.279575
CID22,0.893099,0.498874,-49.827148,87.7659,1.278124
CID22,0.893129,0.713435,-44.630699,84.1972,2.034450
CID22,0.894342,0.695104,-44.762810,83.9713,1.811412
CID22,0.895313,0.734302,-43.643135,83.8482,2.012871
CID22,0.895383,0.556390,-47.974792,86.6896,1.483304
CID22,0.895753,0.529299,-48.785095,86.8056,1.429938
CID22,0.898714,0.547681,-48.075703,86.6635,1.454366
CID22,0.898810,0.328934,-50.985336,90.4678,1.551687
CID22,0.899412,0.491917,-49.283714,87.2679,1.224811
CID22,0.901819,0.318178,-52.897221,90.7363,1.068575
CID22,0.358233,2.974669,-7.603879,54.2080,6.758830
CID22,0.402841,2.347254,-18.830606,60.3822,5.288134
CID22,0.473535,2.251859,-18.743259,62.0749,5.516178
CID22,0.503034,2.811534,-11.864895,56.7830,6.857090
CID22,0.503394,2.803550,-10.758916,57.0067,6.936321
CID22,0.511314,2.744053,-11.956429,55.0204,6.594606
CID22,0.528370,2.824322,-13.618059,57.4371,6.896155
CID22,0.533747,2.103652,-23.454348,63.3446,4.894573
CID22,0.559665,2.088359,-22.385796,63.5833,6.335409
CID22,0.561488,2.701919,-13.071905,56.1074,7.374485
CID22,0.565650,1.845861,-25.988001,67.8209,6.439292
CID22,0.582264,2.312500,-18.534687,60.9905,6.347541
CID22,0.586590,2.304625,-19.814140,62.7783,6.164212
CID22,0.588045,2.139950,-22.567858,64.5869,6.230364
CID22,0.600267,2.293727,-19.897060,61.9838,6.706802
CID22,0.607550,1.743744,-28.410198,68.9517,5.841615
CID22,0.610580,1.858474,-26.674311,66.5702,3.918034
CID22,0.612825,2.208445,-22.174288,64.0743,5.755968
CID22,0.626591,2.005830,-23.253828,64.7988,6.623863
CID22,0.628148,1.632202,-29.574142,70.8469,5.956365
CID22,0.638847,2.019593,-24.077604,64.8635,5.715718
CID22,0.640317,1.933405,-25.469963,66.7898,6.066967
CID22,0.646659,1.551281,-30.695345,71.0099,4.509189
CID22,0.648146,2.058827,-23.766449,65.3412,5.260589
CID22,0.665545,1.353006,-34.228779,75.0093,3.304506
CID22,0.678623,1.833396,-26.933565,68.1192,5.771954
CID22,0.679843,1.840287,-26.595152,67.9623,5.037889
CID22,0.682607,1.460796,-32.809860,73.5498,5.214894
CID22,0.688686,1.814304,-28.205093,69.2841,4.238644
CID22,0.690461,1.361198,-34.765419,74.1585,4.215142
CID22,0.691157,1.663399,-30.134626,71.6010,5.621058
CID22,0.700663,1.777385,-27.677351,69.0518,4.478939
CID22,0.712709,1.197477,-36.936764,76.6403,3.541181
CID22,0.718281,1.515373,-32.536587,72.5655,5.657749
CID22,0.724062,1.526913,-31.615246,72.0263,4.192308
CID22,0.726141,1.333475,-34.493038,75.2300,5.623524
CID22,0.727284,1.286539,-35.868267,75.1545,3.954852
CID22,0.731821,1.441312,-33.295364,74.2795,5.608124
CID22,0.733154,1.462655,-33.733692,73.2919,3.640270
CID22,0.738368,1.644194,-29.451586,70.8382,4.444922
CID22,0.753350,1.279961,-35.422497,75.6016,5.072522
CID22,0.754838,1.078070,-38.485371,78.7782,3.489363
CID22,0.758445,1.259405,-36.206306,76.1979,3.995637
CID22,0.760854,1.300792,-35.093388,74.9312,5.126209
CID22,0.761566,1.121685,-38.493259,78.3620,4.760310
CID22,0.767357,1.240853,-37.079773,76.9489,3.559911
CID22,0.772349,1.279501,-36.596630,76.7582,4.418478
CID22,0.772374,1.330100,-34.287052,75.5918,4.895617
CID22,0.780544,1.145310,-37.984119,77.8203,4.129221
CID22,0.781636,1.209332,-37.116299,77.2416,4.589651
CID22,0.783224,0.928262,-42.168369,80.6063,2.348342
CID22,0.784247,1.182091,-37.600891,77.3691,3.975289
CID22,0.786608,0.853689,-42.479111,82.3837,3.490256
CID22,0.796105,0.973084,-41.655239,80.3672,3.426306
CID22,0.801915,1.158156,-36.810684,78.8371,3.374486
CID22,0.802413,1.103475,-39.114120,79.1316,3.819605
CID22,0.803669,1.028090,-40.430984,79.7419,3.916150
CID22,0.806354,1.083952,-38.976368,79.2781,4.141914
CID22,0.807988,1.078267,-38.832977,79.0354,4.153473
CID22,0.813701,0.830608,-44.008099,82.0216,2.488712
CID22,0.822258,0.747279,-44.615150,83.7517,2.947402
CID22,0.826466,0.886818,-42.683392,81.9224,3.693693
CID22,0.827524,0.973450,-41.736755,80.8060,4.459172
CID22,0.832054,0.976934,-40.935658,80.4359,4.064670
CID22,0.833160,0.969270,-41.712040,81.2888,3.290366
CID22,0.834248,0.974346,-41.352253,80.6725,4.025253
CID22,0.840347,1.045800,-38.809219,79.8644,3.058283
CID22,0.845854,0.653259,-46.745621,85.4383,1.656172
CID22,0.854483,0.878696,-43.602711,82.4178,4.801595
CID22,0.862750,0.829927,-43.886841,83.0571,3.672947
CID22,0.863815,0.393705,-49.916149,89.1869,1.741216
CID22,0.864025,0.821757,-44.009762,83.0523,4.042881
CID22,0.864244,0.596467,-47.490139,85.9681,3.470886
CID22,0.864699,0.490564,-50.053150,88.2013,1.283413
CID22,0.864851,0.885410,-41.494053,81.8586,2.884747
CID22,0.865123,0.677573,-46.897453,85.4906,3.198623
CID22,0.865505,0.757790,-45.858280,84.5569,4.428872
CID22,0.866321,0.686157,-46.589008,85.3856,3.777974
CID22,0.866913,0.666477,-47.050068,85.4220,3.671984
CID22,0.867111,0.277990,-52.618446,91.4874,1.247258
CID22,0.868423,0.312684,-53.360512,91.4153,1.002803
CID22,0.375669,2.943099,-7.113817,51.7194,5.279634
CID22,0.476299,2.558402,-16.223251,57.6163,4.450318
CID22,0.485029,2.375566,-18.434200,58.0402,6.066883
CID22,0.493059,2.209463,-18.460487,60.2485,4.482320
CID22,0.506640,2.701985,-13.697091,56.1039,5.558110
CID22,0.515155,2.812977,-9.567300,54.6430,6.530755
CID22,0.537460,2.151067,-22.188231,60.8111,4.415312
CID22,0.541213,2.031817,-24.040394,63.4881,3.935963
CID22,0.542553,2.093903,-21.946037,63.3202,5.424435
CID22,0.543395,2.585911,-16.621170,58.7132,7.430719
CID22,0.546466,1.807579,-24.791920,65.6022,4.126862
CID22,0.554024,1.953100,-22.984003,63.6973,4.931621
CID22,0.559753,2.223324,-18.964762,61.7269,5.157773
CID22,0.562985,2.198754,-20.560991,62.0445,4.151150
CID22,0.582428,1.912639,-25.288969,63.8340,3.703464
CID22,0.599117,1.835639,-27.576155,67.7333,5.763719
CID22,0.599621,1.837480,-27.704956,66.4745,3.725631
CID22,0.604210,1.520259,-29.352236,69.2881,4.146664
CID22,0.604675,2.022392,-23.335886,64.7052,5.741608
CID22,0.607854,1.870988,-25.963167,66.5118,4.873633
CID22,0.616037,1.891401,-25.743282,65.8940,3.846501
CID22,0.618298,2.091830,-23.939453,64.3872,5.142572
CID22,0.619221,1.671579,-27.513597,67.6173,4.575984
CID22,0.625254,1.389101,-32.746052,71.2842,3.422966
CID22,0.649279,1.578225,-32.788086,71.6185,5.143718
CID22,0.651843,1.721283,-27.266785,68.0452,4.037072
CID22,0.659043,1.334248,-32.263523,71.9003,4.265042
CID22,0.660318,1.677092,-29.959181,69.3777,3.602305
CID22,0.661098,1.431094,-32.876606,71.5222,3.356734
CID22,0.662270,1.474215,-31.141710,70.4431,3.974732
CID22,0.666696,1.415762,-33.513191,72.8776,4.019353
CID22,0.678243,1.284948,-34.198635,73.1349,2.915580
CID22,0.687330,1.686054,-30.093351,69.8447,4.384887
CID22,0.696461,1.465392,-31.634748,72.1285,4.254630
CID22,0.698046,1.423361,-34.516407,74.1085,4.981614
CID22,0.700219,1.339576,-33.169022,72.5286,3.731420
CID22,0.705212,1.588513,-31.112598,70.6990,3.757025
CID22,0.716875,1.298254,-34.310997,73.8208,2.666479
CID22,0.718377,1.213194,-34.485424,73.5935,3.336508
CID22,0.720794,1.147879,-36.346176,75.2806,2.635242
CID22,0.722456,1.197395,-37.188889,75.8370,3.775948
CID22,0.729389,1.257592,-37.153603,76.3276,3.715861
CID22,0.732214,1.292450,-34.020679,74.0446,3.737453
CID22,0.732972,1.251234,-35.018028,74.3631,3.247577
CID22,0.733418,1.360875,-35.168365,74.3258,3.415900
CID22,0.742718,1.276064,-36.412884,74.6271,2.618037
CID22,0.746668,1.008169,-37.354576,76.0853,3.045973
CID22,0.750145,0.972160,-40.193497,78.1185,2.785639
CID22,0.754171,1.218541,-35.988712,74.5326,3.617514
CID22,0.754420,1.255637,-37.205936,76.7408,3.976222
CID22,0.757612,1.095947,-38.691078,76.1149,2.259714
CID22,0.758712,1.083939,-38.788219,77.4250,3.552687
CID22,0.760420,1.122540,-37.399017,76.5930,2.949048
CID22,0.767819,1.090447,-39.397614,78.3305,3.103727
CID22,0.774549,1.092026,-38.069859,76.6204,2.882529
CID22,0.776289,1.168773,-38.057003,77.7211,3.562844
CID22,0.780780,0.818781,-40.593006,79.0852,2.777079
CID22,0.781126,1.016871,-39.357475,77.6640,2.416358
CID22,0.781615,0.893922,-40.824295,80.0309,2.064220
CID22,0.783360,0.997442,-39.221184,77.9919,2.999014
CID22,0.789036,0.951182,-40.915043,77.6240,2.161667
CID22,0.793568,0.981562,-40.769588,79.0943,2.815149
CID22,0.793874,0.864638,-42.804386,81.0878,2.349553
CID22,0.794873,0.966489,-40.118782,78.4320,2.541596
CID22,0.797892,1.063154,-39.946682,79.5747,2.728746
CID22,0.807643,0.703224,-43.285603,81.5029,2.302591
CID22,0.809687,0.912675,-41.099117,79.4213,2.385816
CID22,0.813517,0.707352,-45.073761,82.8904,1.722797
CID22,0.816908,0.869300,-41.956921,79.4307,1.884614
CID22,0.818780,0.916916,-40.866810,79.1380,2.938578
CID22,0.820598,0.985986,-41.193672,80.7652,2.800287
CID22,0.826219,0.784413,-44.588615,82.2564,1.815906
CID22,0.829977,0.850904,-42.224136,78.7728,2.005721
CID22,0.836067,0.875244,-41.921471,80.2280,2.639550
CID22,0.847317,0.824397,-43.097301,80.5561,2.518392
CID22,0.848081,0.398610,-49.276138,88.2257,1.957455
CID22,0.848228,0.739642,-44.130848,82.0678,1.963554
CID22,0.848743,0.530047,-48.545013,85.9047,1.323284
CID22,0.849172,0.939053,-42.178642,81.5185,3.014298
CID22,0.856383,0.590468,-47.005093,83.9311,1.493597
CID22,0.858131,0.698265,-44.946243,82.0937,1.919878
CID22,0.859254,0.504143,-49.270630,86.3262,1.331502
CID22,0.860913,0.708911,-44.951099,82.2306,1.978435
CID22,0.861316,0.842112,-43.742321,82.6376,3.181014
CID22,0.861916,0.701562,-45.176888,82.7603,1.747255
CID22,0.864622,0.592863,-47.173702,84.3282,2.075107
CID22,0.868807,0.270603,-52.264282,90.8336,1.601702
CID22,0.880803,0.737321,-45.456791,84.5936,2.154812
CID22,0.882264,0.567205,-47.763454,84.8719,1.313602
CID22,0.382275,3.202174,-4.260454,50.7256,6.842644
CID22,0.495274,2.708800,-11.463955,52.9618,5.350431
CID22,0.508451,2.862470,-9.933387,56.4900,6.514829
CID22,0.516693,2.391640,-16.892601,60.3094,6.144384
CID22,0.525898,2.983040,-7.687409,54.7748,6.197130
CID22,0.534430,2.350274,-18.650473,61.1618,5.199460
CID22,0.535812,3.173771,-3.641554,51.8755,5.693210
CID22,0.544143,2.853012,-11.126674,58.9607,6.667423
CID22,0.566566,2.469135,-16.270910,55.9602,4.627700
CID22,0.582305,1.971961,-24.594492,65.4323,6.004541
CID22,0.583360,2.147588,-21.410303,63.6214,5.091162
CID22,0.585245,2.480223,-16.714130,59.5912,5.742760
CID22,0.590778,2.407154,-17.430244,61.0911,4.401229
CID22,0.594623,2.541235,-15.443975,58.6200,5.180615
CID22,0.603631,2.283180,-19.736921,62.9337,4.730302
CID22,0.615478,2.150821,-22.363115,64.4650,5.465788
CID22,0.616575,1.945523,-24.720974,66.4249,4.740982
CID22,0.622044,2.115954,-21.097912,60.4010,3.699408
CID22,0.640966,2.196296,-20.508890,62.8506,4.550349
CID22,0.647177,2.145658,-21.597010,64.6219,4.917159
CID22,0.655636,1.670403,-29.483963,69.3113,5.242657
CID22,0.656324,1.767427,-27.392962,68.0854,4.103991
CID22,0.660613,2.204878,-20.869179,63.0538,5.392856
CID22,0.667902,1.641970,-28.115404,68.6355,3.267657
CID22,0.670956,1.742646,-28.117590,69.4494,4.185262
CID22,0.671409,1.943921,-26.031782,67.3378,5.013028
CID22,0.682852,1.806468,-26.974285,68.9429,4.222436
CID22,0.685887,1.962471,-24.641811,66.1722,4.197064
CID22,0.689908,1.831716,-27.101059,68.6220,4.242500
CID22,0.694013,1.541821,-31.523371,71.8461,4.058775
CID22,0.698562,1.583728,-30.941898,71.1223,4.004984
CID22,0.706414,1.472945,-31.297413,70.6310,3.172947
CID22,0.706677,1.482832,-31.668150,71.9407,4.812874
CID22,0.711890,1.520344,-31.859144,72.4404,3.069644
CID22,0.715400,1.917547,-25.461344,67.1752,4.547647
CID22,0.717777,1.439492,-33.039074,73.4551,4.302433
CID22,0.718123,1.571551,-31.088865,71.2053,3.590577
CID22,0.722282,1.490402,-32.824001,73.2828,3.807988
CID22,0.722662,1.694555,-28.470366,69.9953,3.879444
CID22,0.724029,1.397380,-33.771412,73.7321,3.510453
CID22,0.735344,1.379182,-34.326584,74.6380,3.648544
CID22,0.735862,1.307469,-33.784710,73.3194,2.764041
CID22,0.749190,1.418816,-34.112545,74.5423,3.925528
CID22,0.754691,1.278039,-35.024261,74.8545,2.900472
CID22,0.766752,1.331830,-34.986000,74.4229,3.416491
CID22,0.777298,1.220857,-36.987106,77.3043,3.198076
CID22,0.777594,1.345285,-34.478416,74.2334,4.867769
CID22,0.783150,1.564102,-31.457235,71.7684,4.188043
CID22,0.791035,1.257582,-36.373348,76.8097,3.154672
CID22,0.793743,1.271863,-36.268845,76.4231,3.618314
CID22,0.795459,1.263034,-36.875751,76.9901,4.084726
CID22,0.796075,1.106331,-38.244160,76.4055,2.657117
CID22,0.801489,1.278132,-36.119370,75.2848,3.516299
CID22,0.801683,1.115869,-37.584114,77.0842,3.809362
CID22,0.801743,1.125967,-37.582623,77.2527,2.874769
CID22,0.816784,0.978689,-41.740837,81.0035,3.016978
CID22,0.827844,1.116958,-39.013508,78.7883,3.896790
CID22,0.829807,1.086235,-39.455521,79.0395,3.489047
CID22,0.832565,1.086808,-39.386612,79.5907,3.247352
CID22,0.834046,1.143819,-37.985287,77.2959,3.188572
CID22,0.841748,0.868092,-41.341919,80.9127,3.056916
CID22,0.842388,0.966656,-40.755226,80.1044,2.805755
CID22,0.844515,0.967839,-39.987537,79.2672,2.291488
CID22,0.855956,1.228289,-37.779125,77.1820,4.364338
CID22,0.862680,0.914094,-42.890987,82.8598,2.906363
CID22,0.864542,1.053080,-39.265411,78.5633,2.841462
CID22,0.866110,0.998503,-41.155659,80.8390,3.339002
CID22,0.867578,1.059158,-40.190536,80.1092,3.449399
CID22,0.877122,0.737504,-44.245831,83.0624,2.905726
CID22,0.883581,0.888603,-42.401291,81.4824,2.506390
CID22,0.884746,0.749311,-44.189167,82.7292,1.747819
CID22,0.885740,0.931391,-42.602226,82.4194,3.680052
CID22,0.888729,0.960605,-40.996666,80.2182,2.541848
CID22,0.891133,0.964239,-42.355206,81.8961,3.811237
CID22,0.891410,0.821039,-44.860344,84.0667,3.423643
CID22,0.894306,0.470086,-47.813232,87.0050,1.814955
CID22,0.894372,0.618287,-48.127590,87.7276,2.613352
CID22,0.894600,0.527714,-49.207623,86.7728,1.407390
CID22,0.894678,0.867416,-42.468086,81.3087,2.482488
CID22,0.894741,0.990372,-41.679958,80.7332,3.209059
CID22,0.894809,0.778077,-44.885521,83.3167,2.622464
CID22,0.895123,0.669831,-47.859154,86.6980,3.501663
CID22,0.895280,0.832514,-44.684910,84.1030,3.479749
CID22,0.895295,0.609730,-48.777290,87.9928,2.873461
CID22,0.895659,0.323304,-53.158157,91.1405,0.833522
CID22,0.895766,0.320584,-51.394829,90.3964,1.356615
CID22,0.896378,0.762502,-44.364315,83.3765,2.217661
CID22,0.413836,3.865037,3.391835,40.1072,6.163935
CID22,0.552494,3.029804,-5.307250,48.5407,5.334295
CID22,0.555389,2.832122,-5.210165,49.6337,5.113464
CID22,0.597947,2.331644,-15.375494,57.7351,4.916304
CID22,0.605695,3.200578,-1.944506,47.9097,6.932771
CID22,0.623736,2.786065,-10.411914,53.8937,4.447739
CID22,0.635721,3.071000,-3.238135,49.3838,6.182804
CID22,0.643431,2.620774,-13.777328,53.7775,4.816446
CID22,0.645265,3.019295,-5.070175,51.4277,4.278941
CID22,0.648833,2.316806,-14.195762,57.0716,4.694901
CID22,0.667823,2.584687,-10.542517,54.9982,5.944258
CID22,0.669575,3.079864,-3.517732,48.1269,5.107191
CID22,0.682385,2.652441,-10.891062,55.5359,5.283866
CID22,0.684191,1.949384,-20.033890,61.4815,4.870580
CID22,0.687199,2.277224,-18.939253,58.1150,3.873215
CID22,0.688165,2.257172,-18.040680,59.3984,3.657640
CID22,0.691462,2.415078,-14.937649,58.1740,3.734532
CID22,0.700658,1.920972,-21.870758,63.6680,3.991422
CID22,0.705450,2.243104,-15.874528,60.2632,6.483088
CID22,0.713122,2.348942,-16.284420,58.8740,4.767402
CID22,0.715993,2.553382,-10.685366,56.5849,5.258870
CID22,0.717779,1.744269,-23.374998,64.1183,3.886236
CID22,0.721091,1.847286,-23.706882,64.4619,3.403119
CID22,0.726139,2.011739,-21.074730,61.6499,3.531216
CID22,0.727535,2.150622,-17.835358,60.7359,3.721684
CID22,0.738003,1.672248,-26.017782,67.0280,3.644847
CID22,0.738803,1.910107,-20.235527,64.1747,5.669028
CID22,0.747158,2.066604,-21.177473,62.5264,4.071620
CID22,0.765014,1.653926,-26.353315,66.2166,3.351538
CID22,0.768002,1.763534,-24.153982,66.6079,2.973278
CID22,0.768454,1.975286,-20.503256,62.6745,4.081805
CID22,0.770563,1.673407,-25.801382,66.1751,3.664360
CID22,0.770842,1.516476,-26.641443,66.9496,3.932537
CID22,0.775516,1.705729,-24.806635,68.1721,5.774093
CID22,0.778675,1.624069,-26.993448,67.2572,3.747743
CID22,0.780382,1.448655,-29.116747,70.1253,3.360253
CID22,0.790894,1.512333,-28.072968,67.6383,3.641074
CID22,0.791027,1.256633,-31.245619,70.8542,3.548145
CID22,0.791895,1.461386,-29.332266,69.3614,2.854062
CID22,0.793686,1.658382,-25.978613,68.0957,3.154277
CID22,0.799166,1.360846,-30.929110,71.5127,3.540161
CID22,0.799219,1.363022,-30.198343,72.1976,4.330951
CID22,0.799598,1.592529,-26.696932,68.9540,3.335338
CID22,0.800284,1.372275,-30.615833,70.4119,3.159645
CID22,0.810925,1.380953,-30.151562,69.1693,3.611202
CID22,0.814434,0.999107,-35.128082,75.7587,2.949227
CID22,0.816483,1.230739,-33.084187,73.9258,2.345092
CID22,0.817574,1.316625,-31.491911,72.4918,3.887464
CID22,0.818603,1.255940,-32.277534,72.2716,3.201897
CID22,0.820371,1.174868,-33.752396,74.1722,2.835955
CID22,0.820373,1.205923,-32.518719,74.7549,3.463326
CID22,0.824436,1.227866,-32.899960,73.8566,2.802223
CID22,0.832364,1.098506,-34.632355,73.8437,3.090951
CID22,0.835756,1.140601,-34.565552,74.8514,3.560611
CID22,0.836837,0.816235,-37.772305,78.7870,2.388488
CID22,0.838645,1.052486,-35.365398,75.5703,2.464914
CID22,0.838772,1.127950,-35.310181,75.1805,2.253213
CID22,0.838795,1.058806,-36.570183,76.9428,2.173464
CID22,0.838849,1.071684,-35.222874,76.9672,3.440965
CID22,0.848778,0.978549,-37.810570,78.5770,2.094794
CID22,0.853274,1.001748,-36.969631,77.1850,3.330105
CID22,0.856966,0.972289,-37.251457,78.8051,3.035038
CID22,0.857540,1.008154,-36.425518,75.6402,3.080971
CID22,0.859240,0.526776,-44.582115,84.2004,1.965326
CID22,0.859581,0.944425,-37.296101,78.4998,2.195297
CID22,0.862849,0.888815,-39.720585,79.4804,1.778898
CID22,0.866364,0.871955,-40.242596,79.0416,1.751238
CID22,0.868397,0.903673,-38.973560,78.9696,2.938518
CID22,0.870370,0.862554,-40.916206,80.2839,1.676821
CID22,0.871499,0.724712,-42.388977,82.2415,1.856784
CID22,0.872131,0.748410,-41.409100,82.0025,2.350712
CID22,0.873575,0.629115,-45.265232,82.4138,1.515173
CID22,0.873609,0.721938,-42.395790,79.7897,2.105787
CID22,0.874270,0.520409,-47.142982,85.2241,1.443759
CID22,0.874808,0.805072,-40.842251,80.6579,2.269861
CID22,0.876706,0.320235,-49.920929,88.1144,1.977554
CID22,0.880845,0.499805,-48.343449,86.5496,1.274038
CID22,0.882416,0.535046,-46.451599,85.2833,1.430374
CID22,0.882929,0.541098,-45.943512,85.5170,2.362473
CID22,0.883431,0.652609,-43.899792,83.0911,1.667558
CID22,0.883908,0.367375,-50.999767,88.0685,0.829009
CID22,0.388693,3.735827,0.518772,45.5224,6.133265
CID22,0.433356,2.912484,-7.028338,54.0400,5.218603
CID22,0.509300,2.899647,-8.769905,54.7522,4.605799
CID22,0.511221,2.864388,-7.779899,55.0897,5.364870
CID22,0.521225,3.014873,-6.128917,52.7530,4.869740
CID22,0.549502,2.575364,-13.405208,57.3942,4.689990
CID22,0.567385,3.024596,-6.251581,52.5490,5.470037
CID22,0.584287,3.260930,-2.111191,48.9472,6.989989
CID22,0.595527,2.550155,-12.409553,56.5336,5.062595
CID22,0.605003,2.443708,-16.029394,60.3118,3.858122
CID22,0.608291,2.344052,-16.067659,60.9755,5.048160
CID22,0.611103,2.360741,-16.432671,60.9180,4.095863
CID22,0.613983,2.260570,-17.921576,60.4006,3.921662
CID22,0.618720,2.577112,-13.520241,56.6050,5.531377
CID22,0.626880,2.716038,-9.950560,55.2758,5.779398
CID22,0.630664,2.112115,-19.420145,62.5132,4.037090
CID22,0.633088,2.406075,-16.752996,59.9686,5.608662
CID22,0.637916,2.195335,-19.883179,62.9687,3.976319
CID22,0.638580,1.978885,-22.209431,65.1315,4.579992
CID22,0.646998,1.922082,-23.361679,64.8243,3.959762
CID22,0.658536,2.319717,-17.470797,59.9066,5.616940
CID22,0.660928,2.106438,-20.301851,64.5483,3.994329
CID22,0.663785,1.710207,-26.728857,67.8649,3.134260
CID22,0.666533,2.366908,-15.824030,59.5282,5.520581
CID22,0.683389,2.278487,-18.281706,60.7191,4.724622
CID22,0.684032,1.827712,-25.739475,67.8194,3.526449
CID22,0.684595,1.747789,-25.877476,68.0233,3.917923
CID22,0.689673,1.558156,-29.975786,70.7130,3.070009
CID22,0.689972,1.989331,-24.056381,65.5152,4.113926
CID22,0.699166,1.664402,-27.601681,68.5315,3.472824
CID22,0.700746,1.925849,-23.499495,65.1328,4.576407
CID22,0.701550,1.794214,-25.178436,69.1598,3.727632
CID22,0.702432,2.068474,-21.373247,63.4091,4.790475
CID22,0.720649,1.372841,-31.997093,72.6537,2.775676
CID22,0.725025,1.706378,-27.574013,69.2001,3.347605
CID22,0.728712,1.576636,-28.500425,70.6016,3.870456
CID22,0.729122,1.756048,-26.335426,67.4752,3.731289
CID22,0.729729,1.748786,-26.897848,67.6125,3.620575
CID22,0.729848,1.590213,-28.717241,69.4561,3.434473
CID22,0.731519,1.580625,-29.865162,71.2525,4.045390
CID22,0.733229,1.526781,-30.323523,72.6001,3.174432
CID22,0.739024,2.037744,-22.686506,64.3459,4.966774
CID22,0.742261,1.516950,-30.356421,70.9176,3.148366
CID22,0.745851,1.340263,-32.851364,73.6671,3.870409
CID22,0.745893,1.506458,-30.638435,71.1101,3.433276
CID22,0.747483,1.188327,-35.101559,75.4751,2.484868
CID22,0.757858,1.503032,-30.751188,71.3716,3.571160
CID22,0.758973,1.441860,-31.768167,73.7957,2.923107
CID22,0.760492,1.395716,-32.812111,73.9668,2.680623
CID22,0.766963,1.248833,-35.197632,75.4404,2.548077
CID22,0.773038,1.463472,-31.651133,71.9458,3.457720
CID22,0.779187,1.010685,-36.989613,77.9986,3.208996
CID22,0.781391,1.331402,-33.138508,73.4274,3.287731
CID22,0.785445,1.041981,-37.858059,77.9937,2.218236
CID22,0.793098,1.318538,-33.871265,74.2870,2.747445
CID22,0.793340,1.018873,-38.879997,79.2135,2.348941
CID22,0.797983,1.211626,-35.522079,76.6773,2.701257
CID22,0.802219,1.416428,-32.391262,72.8646,3.251553
CID22,0.802268,1.188551,-35.648151,76.4433,2.499788
CID22,0.812994,1.162548,-36.090836,75.8578,2.523066
CID22,0.814471,1.056271,-38.711246,79.1010,2.579801
CID22,0.824407,0.845661,-40.058109,80.2444,2.730826
CID22,0.825686,1.160128,-36.210377,76.4996,2.544568
CID22,0.829040,1.243143,-34.732796,74.8650,2.782514
CID22,0.837195,0.808078,-42.210014,81.1746,1.680751
CID22,0.839302,1.029819,-38.033207,78.6932,2.433248
CID22,0.841147,1.071753,-37.641155,77.5181,2.423500
CID22,0.845747,0.946957,-40.632408,80.1597,1.897538
CID22,0.847096,0.822741,-42.778839,82.6799,2.036767
CID22,0.848951,1.046558,-38.462738,78.8424,2.256934
CID22,0.850945,1.102108,-37.670567,76.8297,2.406942
CID22,0.855399,0.914268,-41.556438,80.8891,2.022986
CID22,0.856029,0.525876,-46.324623,85.2914,2.308689
CID22,0.856312,0.953849,-40.159073,79.7443,2.327838
CID22,0.856424,0.579849,-47.518364,85.4710,1.552912
CID22,0.856781,0.841798,-42.307461,82.0986,1.856783
CID22,0.856988,0.833639,-41.930027,81.3904,2.049110
CID22,0.857165,1.047075,-38.713337,77.8596,2.238307
CID22,0.857843,0.622913,-47.055870,85.3755,1.590305
CID22,0.858161,0.353571,-52.530666,89.8745,1.040220
CID22,0.858221,0.813820,-42.986752,82.1885,1.833263
CID22,0.858386,0.609145,-47.553104,86.2226,1.451426
CID22,0.858448,0.691462,-45.710884,84.9500,1.534992
CID22,0.858706,0.337248,-50.622803,88.8186,1.681161
CID22,0.858727,0.659481,-46.319584,85.3107,1.515141
CID22,0.858784,0.963335,-40.323044,79.0953,2.175974
CID22,0.861251,0.833386,-42.751095,81.4089,2.148525
CID22,0.382313,4.106347,5.733276,38.8545,5.875793
CID22,0.475193,4.459825,8.814387,32.9399,7.423154
CID22,0.478607,3.362599,-2.294203,46.3399,5.773536
CID22,0.480153,4.273612,7.537811,35.0141,5.719131
CID22,0.487020,4.230835,5.547576,36.8387,5.756222
CID22,0.503266,3.282197,-0.998905,46.6058,5.019398
CID22,0.536501,3.135648,-2.298507,49.5086,5.021435
CID22,0.541979,2.903791,-7.945002,52.0822,6.432063
CID22,0.542191,2.874996,-7.772499,52.8534,4.274316
CID22,0.542751,3.644688,2.713356,42.5561,7.027571
CID22,0.555256,3.273470,-0.719472,46.4603,4.526010
CID22,0.559820,2.676892,-10.007786,54.0160,4.208281
CID22,0.560109,3.363988,-1.157753,46.3347,6.559424
CID22,0.571358,2.905459,-6.779252,51.0576,4.314723
CID22,0.579121,3.023957,-3.880465,50.2359,4.926545
CID22,0.594605,2.483913,-14.113083,56.5122,3.974606
CID22,0.596988,2.377100,-15.671405,58.4019,3.315787
CID22,0.600631,2.993598,-2.890563,49.4109,5.364434
CID22,0.609663,2.379254,-15.981096,58.2594,3.791822
CID22,0.612620,2.814347,-5.147300,51.7594,3.912011
CID22,0.632408,2.499420,-12.932331,57.2166,4.540770
CID22,0.641285,2.574875,-11.596784,55.6363,4.778708
CID22,0.644954,2.547293,-13.900279,55.9980,3.691695
CID22,0.646449,1.921501,-22.525673,63.7181,3.683989
CID22,0.647425,2.613536,-10.487624,54.6868,3.531359
CID22,0.647758,2.434610,-14.103734,56.8926,5.068123
CID22,0.655546,2.092822,-20.112171,61.1255,3.723632
CID22,0.658122,2.012867,-20.277205,62.4711,4.071434
CID22,0.666394,2.287274,-15.451647,59.2133,3.378155
CID22,0.667238,1.958348,-21.503628,63.6129,3.174380
CID22,0.685906,2.123471,-18.853300,61.3924,4.295797
CID22,0.686277,2.102771,-19.469189,61.3220,3.491624
CID22,0.691602,2.010050,-21.537275,63.1443,3.129784
CID22,0.696185,1.739766,-25.914160,66.3402,3.180353
CID22,0.696935,1.727998,-25.410023,66.2810,3.167905
CID22,0.697947,2.055177,-19.989866,62.9345,3.459478
CID22,0.699038,1.729337,-25.174795,66.9204,4.011317
CID22,0.702248,1.832905,-23.780037,65.1598,3.252454
CID22,0.711307,2.122533,-18.471273,61.7573,3.377411
CID22,0.715128,1.881592,-22.869770,64.5652,3.692597
CID22,0.718140,1.710468,-25.851772,66.5074,3.751148
CID22,0.726841,1.722271,-25.288530,66.6469,3.003002
CID22,0.731964,1.525112,-29.106495,69.7629,2.888185
CID22,0.745105,1.496598,-29.371758,69.4836,2.619480
CID22,0.755185,1.687058,-26.552628,67.6165,3.195628
CID22,0.758842,1.621259,-27.840626,69.4031,2.832793
CID22,0.766044,1.771947,-25.176201,65.8217,3.904057
CID22,0.777470,1.556684,-27.803991,69.4414,3.966631
CID22,0.777798,1.449874,-30.001827,70.5550,2.518386
CID22,0.787972,1.238149,-33.965633,72.7214,2.694668
CID22,0.788399,1.508696,-28.964401,69.6598,2.873890
CID22,0.788505,1.553386,-28.236023,69.2451,2.434045
CID22,0.794789,1.318222,-32.208176,71.5575,2.398290
CID22,0.795366,1.668743,-26.551514,67.2280,3.319287
CID22,0.796898,1.302242,-32.150925,72.7512,3.444725
CID22,0.804276,1.269046,-33.589981,73.2226,2.358543
CID22,0.804280,1.210558,-35.083294,74.6725,2.327998
CID22,0.808044,1.443557,-30.602257,71.2200,2.887339
CID22,0.813005,1.296622,-32.982853,72.6831,2.543030
CID22,0.815294,1.507839,-29.380722,69.7238,2.927904
CID22,0.818487,1.107014,-36.357460,76.0261,2.468132
CID22,0.822161,1.287449,-33.507595,73.4513,2.320721
CID22,0.822780,1.007286,-36.903362,77.6860,3.599656
CID22,0.827752,1.033458,-37.527199,76.2109,2.297007
CID22,0.830082,1.121970,-36.348171,75.7389,2.115685
CID22,0.834845,1.317903,-33.035011,72.2372,2.663344
CID22,0.837445,1.170607,-35.083241,74.6815,2.703511
CID22,0.840721,0.921894,-40.554031,79.0514,2.099042
CID22,0.846728,1.114070,-36.355247,76.0044,2.290432
CID22,0.848736,0.834272,-41.615128,79.9659,1.775462
CID22,0.855455,1.228589,-34.513748,74.2068,2.717155
CID22,0.856589,0.816871,-40.568790,80.6483,2.942382
CID22,0.858873,0.846730,-41.654083,80.3568,1.876750
CID22,0.862722,1.001020,-38.645672,77.7524,1.798734
CID22,0.862975,0.934740,-39.358494,77.9091,1.915098
CID22,0.863764,1.016267,-38.355244,77.0078,2.250180
CID22,0.867609,0.822705,-42.646976,81.2311,2.007017
CID22,0.876953,1.092500,-37.605095,76.3370,2.567246
CID22,0.878624,0.588873,-46.900257,84.6635,1.519629
CID22,0.880460,0.835458,-42.001667,80.7259,1.965784
CID22,0.890187,0.548632,-46.012226,85.6108,2.124209
CID22,0.890480,0.828928,-41.947170,80.8034,2.034019
CID22,0.890492,0.532486,-48.039497,86.1798,1.355839
CID22,0.890534,0.742964,-43.372791,80.6713,1.804457
CID22,0.890581,0.620620,-46.187714,84.5481,1.698020
CID22,0.890740,0.497093,-49.193459,87.3174,1.205159
CID22,0.890984,0.927577,-40.821693,78.7888,2.356893
CID22,0.891225,0.345185,-51.872761,89.1768,0.842389
CID22,0.891408,0.592279,-47.018848,84.7062,1.791405
CID22,0.891770,0.367113,-50.089184,89.3095,1.332346
CID22,0.347684,2.755637,-7.302092,51.7383,4.792504
CID22,0.394427,2.999874,-4.711202,51.3957,6.187927
CID22,0.396662,2.336797,-15.070943,59.7494,5.599152
CID22,0.412780,2.198848,-17.051868,60.9346,5.279755
CID22,0.414410,2.097356,-19.762571,63.0551,5.258340
CID22,0.419274,2.850464,-9.951850,55.8289,6.971595
CID22,0.432979,2.099717,-21.103504,62.6828,4.592906
CID22,0.440992,2.449022,-14.240665,57.6195,5.607426
CID22,0.458164,2.283892,-17.274923,61.2493,5.716374
CID22,0.480174,1.949800,-22.006672,64.9450,4.761706
CID22,0.484016,2.069119,-20.301821,63.8107,4.259692
CID22,0.485326,1.878366,-23.188721,65.4784,4.819366
CID22,0.493414,2.047542,-19.884779,61.7583,3.701640
CID22,0.496961,2.319415,-18.566032,62.0272,5.516854
CID22,0.497852,2.181889,-18.715899,61.4751,4.681176
CID22,0.502944,1.841573,-24.819601,66.5965,4.547573
CID22,0.532509,1.900779,-24.080544,65.4969,3.913090
CID22,0.536218,1.741790,-26.024771,67.9736,4.921061
CID22,0.537069,1.720008,-26.310528,68.2506,4.585173
CID22,0.542166,1.904694,-24.361929,67.0002,5.085755
CID22,0.542316,1.708679,-26.232695,69.2436,3.730384
CID22,0.542564,1.978177,-22.526230,65.0025,4.473353
CID22,0.547393,1.549957,-29.511044,70.6477,3.756755
CID22,0.548058,2.108789,-21.666534,64.7515,5.390223
CID22,0.556596,1.539717,-29.359673,70.6326,4.203572
CID22,0.557775,1.353295,-33.138870,74.0549,3.781282
CID22,0.559057,1.484188,-30.400208,71.7954,3.348189
CID22,0.562026,1.424854,-31.602200,72.7665,3.236718
CID22,0.568264,1.728891,-27.064449,68.3032,2.988675
CID22,0.585718,1.655594,-27.128277,68.6406,3.101989
CID22,0.589590,1.617065,-27.892698,69.5412,3.683243
CID22,0.597992,1.765054,-26.813221,69.3248,4.566460
CID22,0.598005,1.402030,-32.472736,73.3488,3.004910
CID22,0.607094,1.468214,-30.509270,71.8498,3.842947
CID22,0.614406,1.399603,-31.550678,72.3273,2.789125
CID22,0.616027,1.534210,-30.428680,72.1480,3.710050
CID22,0.628923,1.421985,-31.567535,72.5885,3.319067
CID22,0.638268,1.193597,-36.011002,76.7778,2.885823
CID22,0.645462,1.402691,-31.814188,72.8519,3.815095
CID22,0.648153,1.692631,-28.385277,70.0959,4.746915
CID22,0.650403,1.211278,-35.211430,75.5707,2.680789
CID22,0.652686,1.230645,-35.372681,76.0234,2.952675
CID22,0.656008,1.249505,-34.935127,75.7552,2.842690
CID22,0.656483,1.255546,-34.480572,75.0922,2.909960
CID22,0.664941,1.230984,-34.807499,75.7385,2.968365
CID22,0.666212,1.262915,-35.791630,76.3383,2.957901
CID22,0.669034,1.272863,-33.763344,74.8427,3.022627
CID22,0.669555,1.091215,-37.678249,77.5786,2.343335
CID22,0.669923,1.144742,-36.762928,77.3332,2.740482
CID22,0.672507,1.089179,-38.059288,78.2632,2.954760
CID22,0.681628,1.113289,-37.579479,78.2544,2.767736
CID22,0.687663,1.281651,-34.924755,75.9397,3.084345
CID22,0.688004,1.138833,-36.287548,77.4354,2.802986
CID22,0.689349,1.046571,-38.963814,79.2112,2.407001
CID22,0.693947,1.092148,-37.306961,77.8518,2.601524
CID22,0.697472,1.152874,-36.226963,76.7906,3.641648
CID22,0.698999,1.021463,-39.412384,80.2089,2.401894
CID22,0.702027,0.978312,-39.648560,80.1025,2.546751
CID22,0.702095,0.920241,-40.865746,80.8706,2.301291
CID22,0.712857,0.912606,-41.492451,81.4749,2.154706
CID22,0.716546,1.043598,-38.029282,78.6048,2.768342
CID22,0.720012,0.988191,-39.699028,80.1341,2.584679
CID22,0.722787,1.007050,-39.092842,79.3613,2.291286
CID22,0.726391,1.091411,-37.064480,77.9568,2.995418
CID22,0.728863,0.803857,-43.491783,83.0515,2.135533
CID22,0.734630,0.779455,-43.607651,83.4347,2.054807
CID22,0.735188,0.826522,-42.700363,82.7097,2.079524
CID22,0.735376,0.699066,-44.938797,84.1547,2.069290
CID22,0.737329,1.063257,-38.779259,79.0047,2.640723
CID22,0.746407,0.938940,-40.210297,80.5873,2.340339
CID22,0.753195,0.770398,-43.362892,82.8415,1.820264
CID22,0.756112,1.004756,-38.965561,79.5055,2.422868
CID22,0.761403,0.652150,-46.195988,85.3486,1.593133
CID22,0.765800,0.770642,-43.669769,83.4284,2.399802
CID22,0.766689,0.716155,-45.249920,84.5874,1.972218
CID22,0.769404,0.581809,-47.276051,86.1483,2.037234
CID22,0.774540,0.721169,-44.585899,84.3354,1.946145
CID22,0.779091,0.868293,-42.333992,81.9081,2.058158
CID22,0.792843,0.775446,-43.286343,83.0174,2.232748
CID22,0.807635,0.583198,-47.101467,86.0555,1.769439
CID22,0.809862,0.474521,-49.582390,88.4806,1.218254
CID22,0.816684,0.868358,-41.451920,81.5547,2.359003
CID22,0.823899,0.376343,-50.521923,89.6394,1.506613
CID22,0.826951,0.573771,-47.839428,86.4433,1.603685
CID22,0.829132,0.561549,-47.667912,86.7651,1.682147
CID22,0.829383,0.420268,-50.817448,89.3059,1.242998
CID22,0.836012,0.481470,-49.305801,87.9208,1.282385
CID22,0.838893,0.283164,-53.165657,91.5593,0.843441
CID22,0.844069,0.253881,-52.834648,91.6128,1.148550
CID22,0.312862,3.343726,-0.038517,41.7323,5.640643
CID22,0.420503,2.576321,-10.315141,52.1800,5.302077
CID22,0.461421,2.886911,-4.339917,51.3264,7.656116
CID22,0.492001,2.659841,-11.122482,55.6365,7.621555
CID22,0.497077,2.081682,-19.787720,60.2193,4.798158
CID22,0.502837,2.746922,-12.911312,54.8909,9.164007
CID22,0.504961,1.903563,-25.193823,63.7373,4.956192
CID22,0.534852,2.439138,-12.651963,57.2887,6.888128
CID22,0.548448,2.881145,-5.938952,53.5948,7.349822
CID22,0.557356,2.190275,-20.110722,62.8286,6.702807
CID22,0.557947,1.788553,-27.518560,66.0527,4.573519
CID22,0.585346,1.770396,-26.901056,66.8742,5.562092
CID22,0.586614,2.185451,-18.156569,60.8267,5.579487
CID22,0.586881,1.858486,-23.796656,63.9659,4.881315
CID22,0.597749,2.248575,-20.285177,62.0979,6.104104
CID22,0.598208,2.146666,-22.259882,62.9890,6.397523
CID22,0.602492,2.427975,-15.090019,59.4889,5.895381
CID22,0.603444,1.533690,-31.622000,69.3984,4.344978
CID22,0.618550,1.965003,-24.219303,65.0073,5.806895
CID22,0.626777,1.741968,-26.771149,65.9169,4.508265
CID22,0.627001,1.961558,-22.711973,64.1383,4.713150
CID22,0.628866,1.214310,-37.239143,75.0371,3.282548
CID22,0.632452,2.240699,-17.920635,62.5075,4.914750
CID22,0.636159,1.484741,-31.360708,70.8476,4.796362
CID22,0.639519,1.506746,-31.838856,70.8098,5.132387
CID22,0.644396,1.841314,-26.825474,67.1976,5.334635
CID22,0.651319,1.684397,-27.242802,68.4121,5.500464
CID22,0.652486,1.633856,-27.267921,67.4690,5.535566
CID22,0.654655,1.897702,-25.767902,65.3437,5.381978
CID22,0.654706,1.661417,-29.247990,69.5902,5.675777
CID22,0.658813,1.363211,-33.747288,72.1894,4.026186
CID22,0.663783,1.096169,-38.593792,77.1233,3.441479
CID22,0.665681,1.868712,-25.320812,65.6864,4.282281
CID22,0.679223,1.490332,-30.429285,71.7022,4.416325
CID22,0.683911,1.334237,-34.582745,73.5194,4.226325
CID22,0.684148,1.517149,-32.119694,71.0720,5.089984
CID22,0.684646,1.414286,-33.412312,72.7286,4.229796
CID22,0.687179,1.229071,-36.248886,74.3010,3.583266
CID22,0.693960,1.745171,-27.533957,67.1561,4.489600
CID22,0.696799,0.980718,-40.659130,78.6078,2.572634
CID22,0.703762,1.627728,-29.895172,68.9950,5.001051
CID22,0.705784,1.350870,-33.525585,73.4666,3.544158
CID22,0.710150,1.220233,-36.121490,75.2321,4.025666
CID22,0.711797,1.174719,-36.998905,75.8444,3.389325
CID22,0.717447,1.281854,-34.372360,73.5520,3.636605
CID22,0.724993,1.287054,-35.942726,74.3396,4.689146
CID22,0.725546,1.474142,-30.373024,69.4658,4.340131
CID22,0.727310,1.435551,-31.976616,71.9052,4.992405
CID22,0.732452,1.125526,-38.645561,76.6294,3.185406
CID22,0.733684,0.864011,-42.333000,80.5402,2.334838
CID22,0.740770,1.200498,-36.271572,75.3168,2.977139
CID22,0.747502,1.147946,-37.436695,75.7814,4.343049
CID22,0.763339,1.159956,-37.417118,76.2748,3.889727
CID22,0.766744,1.254024,-34.972389,73.5042,3.829148
CID22,0.770419,1.095527,-36.925076,75.9007,3.268647
CID22,0.772235,1.083064,-39.433178,77.1451,3.214848
CID22,0.779712,1.042745,-39.823235,77.3978,3.605433
CID22,0.781784,0.817253,-43.481415,82.4423,1.851899
CID22,0.784044,1.208804,-36.450409,74.3126,3.387746
CID22,0.786104,1.094575,-38.047886,76.6783,2.963483
CID22,0.792181,1.131794,-37.543983,75.8346,3.990053
CID22,0.814416,0.992395,-38.750595,77.8724,2.837171
CID22,0.820505,1.028806,-38.067806,76.8974,3.261628
CID22,0.823157,0.917955,-41.775936,79.2847,3.580704
CID22,0.825596,0.952159,-41.913380,79.3526,3.455577
CID22,0.827385,0.621781,-47.484314,85.4033,1.618993
CID22,0.828002,1.073833,-38.614803,77.6448,3.877173
CID22,0.830619,0.998231,-40.121792,78.1858,3.225452
CID22,0.834021,0.917354,-41.351807,80.0021,2.575244
CID22,0.835284,1.088941,-38.374107,76.7206,3.022449
CID22,0.854861,0.908102,-41.506046,79.6525,3.225122
CID22,0.855237,0.869994,-41.255638,79.9572,2.892328
CID22,0.858849,0.471019,-50.372902,88.4245,1.204409
CID22,0.859961,0.922257,-42.448566,80.5760,3.506272
CID22,0.865395,0.844738,-42.873093,80.8705,3.683732
CID22,0.865461,0.834098,-42.184368,79.5611,3.324516
CID22,0.880607,0.801644,-43.596870,82.3651,2.779968
CID22,0.882619,0.877972,-42.172859,80.0479,2.677642
CID22,0.890185,0.893689,-41.866226,80.1653,3.629691
CID22,0.898192,0.841711,-44.125912,81.5796,3.249742
CID22,0.905685,0.448261,-48.987946,87.9217,1.916896
CID22,0.906469,0.300564,-53.649532,91.8450,0.898493
CID22,0.906819,0.833112,-43.042114,81.2734,2.710811
CID22,0.907232,0.798393,-43.606182,81.5870,2.799169
CID22,0.908177,0.621996,-46.284069,83.4364,3.252939
CID22,0.911243,0.761038,-45.231087,83.2228,2.836899
CID22,0.914847,0.765994,-44.261677,82.7420,2.652950
CID22,0.915172,0.312761,-51.778049,90.7499,1.068262
CID22,0.917377,0.685985,-45.337097,83.5360,2.282245
CID22,0.498945,3.024343,-7.676948,53.4777,5.376698
CID22,0.514070,2.916649,-6.845068,51.7874,4.626141
CID22,0.600764,2.375423,-18.187582,60.9417,5.030011
CID22,0.613524,2.976954,-9.888461,56.0946,5.373826
CID22,0.627155,2.585958,-13.704379,55.1465,4.328199
CID22,0.664221,3.032306,-7.740252,53.3533,6.861919
CID22,0.686170,1.952277,-24.746094,66.1083,4.890008
CID22,0.690790,2.784075,-12.028143,58.8358,7.449233
CID22,0.698083,2.296788,-18.730610,59.0706,4.182961
CID22,0.701288,3.052172,-8.319331,55.2508,7.040384
CID22,0.703661,2.458011,-18.568277,61.8656,5.203062
CID22,0.706022,2.912037,-12.297699,56.9697,5.765152
CID22,0.715973,1.642037,-29.005150,70.1753,4.723650
CID22,0.716648,2.484788,-17.527872,60.1297,4.761322
CID22,0.727133,2.409092,-19.309446,62.0715,5.326356
CID22,0.739932,2.199924,-21.613239,65.4211,6.280917
CID22,0.740524,1.638026,-28.775846,68.9538,3.653768
CID22,0.748688,1.468638,-32.096478,72.4211,3.990620
CID22,0.750093,2.462422,-18.766663,62.0083,5.472706
CID22,0.750807,2.196836,-21.783556,63.6515,4.295635
CID22,0.751048,2.174428,-22.685888,65.6081,4.622199
CID22,0.751076,2.356392,-20.713604,63.6524,4.764103
CID22,0.773178,2.014881,-24.743343,66.4691,5.065420
CID22,0.774689,1.333004,-34.402168,74.6385,3.873903
CID22,0.775494,1.521232,-30.964275,70.8283,3.371762
CID22,0.776790,1.905844,-25.878893,68.1300,6.006794
CID22,0.779257,2.006684,-24.691212,66.4576,4.331933
CID22,0.788240,1.935273,-26.295347,67.6499,3.973547
CID22,0.789831,2.061928,-25.449203,66.8459,5.247006
CID22,0.801721,1.555190,-33.343597,73.3420,3.456071
CID22,0.806862,1.957731,-26.675819,67.9575,4.700859
CID22,0.815405,1.347738,-33.570457,73.2357,3.003659
CID22,0.819496,1.607578,-30.823669,72.6347,6.123109
CID22,0.827240,1.801014,-28.091005,69.5273,5.215747
CID22,0.827382,1.677806,-31.166201,71.5169,3.831451
CID22,0.828537,1.651208,-30.448233,70.8627,3.821361
CID22,0.828548,1.155051,-37.723610,77.2684,4.275061
CID22,0.828787,1.554391,-31.966560,72.3458,3.991544
CID22,0.830410,1.573635,-32.290611,72.5613,4.055502
CID22,0.833032,1.600607,-31.968145,73.2858,4.496096
CID22,0.833538,1.318834,-36.925968,76.2724,2.874198
CID22,0.834322,1.462715,-33.184151,74.9723,3.132598
CID22,0.835314,1.160010,-36.711315,76.2751,2.464582
CID22,0.837053,1.490442,-33.617821,73.4190,3.863387
CID22,0.837777,1.597361,-33.086395,72.7149,3.770063
CID22,0.838106,1.504776,-32.610420,73.0983,3.536124
CID22,0.838583,1.348921,-35.629059,75.6550,3.629743
CID22,0.839828,0.840646,-41.871727,81.6465,2.960513
CID22,0.841490,1.409265,-35.410198,75.1348,3.960560
CID22,0.845186,1.286490,-37.278572,77.2950,2.841746
CID22,0.849575,1.295380,-36.130703,76.8188,2.897652
CID22,0.853001,1.000328,-40.503136,78.8743,2.257295
CID22,0.854063,1.322999,-35.848705,75.7913,4.034507
CID22,0.857031,1.234859,-38.394672,77.3981,2.636342
CID22,0.857296,1.170566,-39.296604,78.5079,2.866039
CID22,0.862237,1.179916,-38.385189,78.2322,2.697953
CID22,0.863777,0.714463,-44.303738,83.8366,2.833109
CID22,0.865481,1.262547,-37.796772,77.2332,3.478137
CID22,0.872055,1.024591,-41.408161,80.8148,2.634981
CID22,0.872717,1.046603,-39.806961,80.1469,3.112104
CID22,0.877938,1.259747,-37.125633,76.4545,3.159110
CID22,0.880091,1.030365,-41.256001,80.3490,2.598341
CID22,0.885287,1.135869,-40.072857,79.5211,2.904504
CID22,0.886079,1.054523,-40.597301,80.0176,2.640303
CID22,0.888298,0.741628,-45.121723,82.8290,1.631514
CID22,0.890529,1.052466,-41.036961,80.3041,2.531981
CID22,0.890843,1.210859,-37.890652,76.8283,2.978567
CID22,0.891793,0.427108,-48.846642,88.1448,1.951829
CID22,0.892521,0.949214,-42.602875,82.5587,2.175850
CID22,0.892708,0.949467,-40.787186,81.3971,2.428128
CID22,0.893036,1.074359,-40.922318,80.6835,3.485631
CID22,0.893168,0.874827,-44.167477,82.9693,2.753678
CID22,0.893531,0.953114,-42.542622,81.6045,2.720116
CID22,0.893704,1.072556,-39.922798,78.6853,2.875863
CID22,0.893757,0.554209,-49.199265,86.6031,1.364723
CID22,0.895288,0.947281,-43.121643,82.5328,3.303548
CID22,0.895487,0.961872,-41.660770,81.0955,2.819934
CID22,0.896034,0.953358,-42.830982,81.8976,2.551724
CID22,0.896438,0.267409,-52.407703,91.7615,1.133830
CID22,0.896465,0.779443,-45.945194,84.7427,2.764914
CID22,0.896633,0.748399,-44.843361,84.2662,2.004334
CID22,0.896666,0.601414,-49.110107,87.9403,2.104779
CID22,0.897611,0.591795,-49.433880,87.7282,2.512235
CID22,0.897657,0.898950,-42.771847,81.7641,2.654871
CID22,0.897801,0.337715,-53.281834,90.6291,0.856940
CID22,0.898187,0.814215,-45.509365,84.7767,3.318066
CID22,0.899833,0.814620,-44.109798,83.3253,2.324717
CID22,0.900675,0.639123,-48.661625,87.3057,2.562160
CID22,0.901727,0.621259,-49.038086,87.5516,2.624623
CID22,0.903600,0.716429,-45.770123,84.6842,2.244691
CID22,0.381007,3.775110,-0.446017,45.2859,8.781120
CID22,0.412437,3.203537,-4.745316,51.8376,6.207981
CID22,0.445099,2.928935,-10.808813,55.3880,6.296300
CID22,0.459743,3.718472,-3.703753,47.5435,8.369493
CID22,0.464990,2.992296,-8.767433,54.0938,5.869207
CID22,0.471026,3.673328,-0.690507,46.1144,6.234387
CID22,0.475488,3.477889,-4.712599,51.2008,6.386068
CID22,0.487305,3.438641,-4.179487,49.4674,5.906248
CID22,0.488518,2.830168,-10.227581,55.4814,4.488101
CID22,0.503338,3.042565,-6.403410,53.4919,7.126575
CID22,0.514079,2.597590,-16.065916,59.6337,5.735165
CID22,0.515687,2.970185,-8.574143,53.8189,7.745851
CID22,0.526817,2.517953,-16.535725,59.3996,6.320635
CID22,0.531380,2.569299,-15.299678,58.6974,5.890431
CID22,0.540847,3.008818,-6.062392,53.3037,5.761719
CID22,0.541330,2.786655,-12.171020,56.9682,6.042758
CID22,0.544597,2.829642,-13.123622,58.2897,5.075555
CID22,0.548142,2.385530,-17.440456,59.6783,3.884388
CID22,0.551723,2.353009,-17.786156,60.8376,5.790659
CID22,0.557281,2.670985,-14.181438,56.4047,6.737586
CID22,0.568695,2.136469,-22.202337,63.4996,5.352927
CID22,0.570731,2.402100,-16.760286,61.2090,5.686769
CID22,0.572069,2.316305,-19.712187,62.6258,4.818109
CID22,0.581957,2.535324,-16.167583,59.5152,5.683386
CID22,0.582237,2.794131,-10.490410,56.5726,5.285580
CID22,0.592029,2.069065,-23.247650,63.8917,5.004835
CID22,0.596777,2.135662,-25.047670,64.8809,5.194265
CID22,0.600114,2.339210,-21.220219,64.3541,5.065075
CID22,0.606359,1.955428,-25.298916,65.6238,5.104962
CID22,0.611891,2.401528,-16.217806,60.2256,4.996434
CID22,0.622480,1.998927,-23.247932,66.2205,4.133135
CID22,0.622580,1.832915,-26.671520,67.5861,3.429086
CID22,0.622943,2.000746,-24.046446,64.7562,5.207292
CID22,0.624182,1.977877,-26.364532,66.4337,4.607765
CID22,0.624395,2.094012,-23.248150,64.4536,5.070085
CID22,0.626585,1.836120,-29.074249,67.6141,4.757263
CID22,0.628903,1.696796,-28.696760,69.8248,3.061523
CID22,0.629369,1.860975,-28.438831,69.6066,4.469431
CID22,0.629470,1.909075,-26.538000,65.7764,4.944362
CID22,0.637801,1.764527,-28.125885,67.4449,5.149319
CID22,0.638865,2.065508,-22.202156,64.4194,4.511980
CID22,0.647958,1.823949,-26.495621,68.7544,4.010270
CID22,0.667860,1.675492,-31.356844,69.3083,5.013456
CID22,0.673626,1.484326,-32.407497,72.7257,2.737078
CID22,0.673942,1.986416,-24.199871,65.3661,5.007674
CID22,0.680807,1.835717,-27.152260,67.4137,4.499231
CID22,0.685016,1.744119,-29.435484,69.1919,4.434346
CID22,0.687879,1.578506,-31.237858,70.1901,4.825344
CID22,0.688120,1.619081,-30.433508,71.5258,3.406448
CID22,0.700401,1.573094,-33.638329,73.4014,4.268697
CID22,0.708180,1.782174,-28.262484,68.0383,4.775380
CID22,0.709277,1.239269,-36.464245,75.9261,2.333320
CID22,0.722359,1.427826,-35.949902,73.2467,4.500490
CID22,0.724156,1.536310,-31.557066,72.3141,3.261085
CID22,0.725374,1.680995,-29.792343,69.2679,4.606345
CID22,0.729468,1.674799,-30.281353,69.5799,4.787724
CID22,0.746326,1.075523,-39.592216,77.8717,4.280066
CID22,0.751875,1.294927,-37.826851,76.8612,4.101390
CID22,0.752576,1.074095,-39.397717,78.6497,2.123746
CID22,0.754143,1.489172,-34.303200,72.5107,4.673931
CID22,0.759563,1.660060,-30.504488,69.1409,4.624204
CID22,0.766191,1.480471,-32.429340,73.4485,2.972367
CID22,0.768699,1.579893,-31.068380,70.4817,4.360710
CID22,0.776393,1.295467,-38.013535,75.9999,3.941110
CID22,0.777869,1.475603,-33.556763,71.6244,4.165632
CID22,0.801080,1.191104,-39.391239,78.3162,3.847544
CID22,0.805166,0.805367,-44.100487,82.8552,1.990828
CID22,0.806124,1.345950,-34.799973,74.8050,2.847174
CID22,0.806599,0.912596,-42.897079,80.3973,3.820636
CID22,0.812245,1.490100,-32.861408,71.9293,4.557439
CID22,0.813574,1.583017,-31.554659,69.9002,4.726926
CID22,0.816208,1.382674,-35.405827,73.1357,4.527004
CID22,0.819537,1.302304,-36.901016,73.8220,4.140233
CID22,0.827413,1.110544,-40.760860,78.0002,3.951373
CID22,0.832277,1.224754,-36.612667,76.8622,2.702082
CID22,0.837727,0.571786,-48.648529,86.4446,1.491976
CID22,0.839118,1.249716,-37.572453,75.0612,4.323752
CID22,0.847985,0.887834,-43.948917,81.6811,3.921439
CID22,0.848543,0.462943,-48.685001,87.7845,2.097302
CID22,0.851259,1.464637,-33.742466,71.9138,4.627562
CID22,0.851642,1.120615,-38.352932,78.1466,2.672829
CID22,0.852310,1.036833,-41.074970,76.8704,4.204270
CID22,0.852371,1.227583,-38.065769,75.7823,4.405902
CID22,0.856731,1.117661,-39.861382,76.9716,4.387729
CID22,0.859597,0.350914,-53.281963,90.3353,0.913110
CID22,0.860385,0.293712,-52.106297,91.3272,1.253435
CID22,0.861021,1.007097,-40.136486,79.8051,2.882546
CID22,0.864242,1.369806,-35.352306,73.1854,4.435595
CID22,0.867878,1.056382,-40.891907,77.6057,4.372508
CID22,0.873356,0.906020,-42.043339,81.4266,2.198665
CID22,0.277319,3.517779,-2.107020,50.7116,4.723293
CID22,0.337911,3.495690,-2.180841,48.9197,4.879325
CID22,0.391031,3.293196,-6.208990,53.8711,4.796267
CID22,0.400496,2.636844,-13.699364,59.5425,3.840675
CID22,0.439511,3.783445,-1.334460,48.5574,5.743040
CID22,0.472721,2.704093,-13.007592,58.2530,4.275538
CID22,0.474359,3.049340,-6.178751,53.2772,4.180757
CID22,0.484335,3.476330,-1.687437,49.6772,7.757755
CID22,0.487455,2.570965,-15.553920,60.0957,4.578557
CID22,0.488845,3.021176,-9.696227,56.0758,4.594522
CID22,0.533617,2.526407,-16.147247,59.5480,3.411369
CID22,0.534737,2.114304,-21.178602,64.6306,3.469601
CID22,0.544778,2.943199,-9.978643,56.6013,4.926837
CID22,0.545643,2.674694,-12.670510,56.8053,3.858607
CID22,0.560272,2.390019,-18.730032,63.2365,3.628761
CID22,0.564718,2.856410,-10.195106,57.0057,7.832030
CID22,0.565819,2.183584,-21.335268,64.3783,3.671808
CID22,0.567682,2.156010,-21.505474,64.5103,3.773666
CID22,0.576614,1.749718,-27.008635,69.1371,3.862386
CID22,0.592717,2.282783,-21.223705,63.6240,4.336190
CID22,0.595789,1.887543,-24.991623,66.7635,3.328204
CID22,0.599639,2.272182,-19.821199,62.7903,3.403568
CID22,0.606496,2.279025,-19.933659,64.0060,3.831060
CID22,0.606667,2.395181,-17.680393,61.4880,6.241222
CID22,0.608358,2.125219,-23.096140,66.3431,3.303188
CID22,0.610513,1.920950,-25.590067,67.3528,3.666313
CID22,0.614641,1.946551,-24.754482,67.0678,3.362423
CID22,0.626355,1.538175,-30.777153,71.4996,2.890028
CID22,0.641973,1.687632,-27.872290,69.5959,2.920940
CID22,0.644054,1.898265,-27.213120,68.5852,3.579363
CID22,0.654770,2.065965,-22.125294,64.9643,4.948454
CID22,0.663973,1.631501,-29.797853,70.8041,3.006839
CID22,0.664728,1.765809,-27.842327,69.2399,2.626836
CID22,0.666558,1.538367,-31.803036,71.8437,3.499420
CID22,0.670038,1.760750,-28.459423,69.6566,3.002995
CID22,0.673942,1.720240,-29.206772,70.8432,2.893624
CID22,0.687856,1.337024,-33.739841,73.8988,3.421848
CID22,0.690329,1.704622,-30.267401,71.3287,3.678486
CID22,0.693884,1.657262,-28.837551,70.3461,4.061676
CID22,0.698029,1.481053,-31.795906,72.0345,2.633037
CID22,0.702305,1.518454,-31.680124,71.9886,2.914190
CID22,0.707166,1.516851,-32.278244,72.2190,2.544501
CID22,0.717053,1.690298,-29.445616,71.2892,2.788320
CID22,0.718445,1.322996,-34.934113,74.7160,2.427049
CID22,0.722767,1.393381,-34.123901,74.2476,2.571135
CID22,0.723108,1.474955,-33.849564,73.7111,2.956544
CID22,0.734281,1.397754,-33.489857,73.9800,3.858572
CID22,0.736554,1.154814,-36.308128,76.2967,2.702101
CID22,0.738518,1.455405,-32.802914,73.1729,2.588793
CID22,0.743608,1.254167,-35.942566,75.5894,2.507431
CID22,0.752230,1.391296,-35.168903,74.7158,2.860450
CID22,0.752748,1.304551,-35.181423,74.8651,2.454659
CID22,0.762037,1.254164,-36.762974,77.1054,2.296515
CID22,0.767468,1.133390,-38.424664,77.6490,2.117354
CID22,0.771221,1.287628,-35.598450,75.6072,2.881308
CID22,0.771645,1.219204,-36.033794,76.4458,3.556959
CID22,0.774052,1.082746,-39.120182,78.6220,2.199275
CID22,0.780612,1.071137,-38.565186,78.3254,2.249185
CID22,0.785526,1.355649,-35.866028,75.6543,2.587111
CID22,0.791035,0.858114,-41.037056,80.4522,2.421982
CID22,0.797033,1.034622,-38.741322,78.5821,2.048195
CID22,0.800655,1.115081,-38.204453,77.9682,2.840861
CID22,0.808306,1.052135,-38.767067,78.6542,3.122357
CID22,0.811832,1.032028,-40.159740,80.6364,1.982437
CID22,0.817234,1.005187,-40.491177,79.5430,1.846680
CID22,0.818817,1.222287,-37.868107,77.0938,2.648983
CID22,0.822666,0.951977,-41.605370,81.0284,2.012650
CID22,0.827433,0.807332,-43.603325,82.4569,1.705951
CID22,0.832354,1.019678,-40.019299,79.4072,2.160963
CID22,0.833953,0.688683,-44.311394,83.0741,2.056916
CID22,0.835502,0.963571,-39.902676,79.6760,1.879352
CID22,0.837379,1.092207,-40.025112,79.2355,2.282320
CID22,0.839412,0.948644,-40.935665,80.5524,2.603808
CID22,0.844501,0.807717,-43.815350,83.4053,1.640465
CID22,0.847064,0.877905,-42.672417,81.3243,1.936426
CID22,0.849346,0.886144,-42.309933,81.4488,2.076983
CID22,0.850238,0.571267,-48.238998,86.1423,1.358373
CID22,0.851209,1.025365,-41.093437,80.2653,2.174793
CID22,0.856976,0.708921,-45.328152,84.1692,2.130300
CID22,0.858657,0.539702,-49.165813,87.7990,1.168248
CID22,0.859938,0.747320,-43.789982,82.2892,1.757842
CID22,0.861141,0.417790,-48.958622,87.7649,1.679600
CID22,0.862367,0.925956,-42.620453,81.7015,2.113249
CID22,0.862901,0.672715,-46.369446,84.7026,1.526825
CID22,0.863145,0.707725,-45.757946,84.0866,1.766266
CID22,0.863568,0.335531,-52.694714,90.5202,0.818309
CID22,0.863569,0.450322,-50.469006,89.0880,1.300850
CID22,0.864665,0.528880,-49.023277,87.3672,1.505394
CID22,0.866850,0.262882,-52.310898,91.1312,1.178485
CID22,0.867249,0.827300,-44.704128,83.4781,1.935300
CID22,0.867421,0.475203,-50.277493,88.0865,1.149353
CID22,0.421354,2.691242,-14.514712,58.0488,5.084629
CID22,0.497143,2.218852,-20.414076,60.1120,5.271871
CID22,0.552457,2.274130,-19.179953,63.7273,4.959837
CID22,0.587856,2.098417,-22.651463,66.0258,6.251848
CID22,0.588960,2.696284,-13.745644,57.6671,6.298180
CID22,0.599181,1.952054,-25.087244,66.2333,4.275747
CID22,0.612239,2.754052,-13.736211,59.4037,13.132854
CID22,0.612865,2.028305,-23.524872,62.7852,4.340540
CID22,0.614849,2.628234,-16.725182,59.9768,5.860159
CID22,0.620311,2.562515,-16.332062,60.4304,5.983191
CID22,0.629652,1.843152,-25.777521,67.8103,4.217154
CID22,0.645851,1.733176,-27.468822,70.5793,4.117650
CID22,0.654837,2.177739,-22.012697,64.5167,5.140646
CID22,0.674479,1.833371,-27.080662,65.5182,4.068466
CID22,0.678320,1.550865,-30.786018,72.5149,4.407626
CID22,0.684455,1.656991,-30.121752,70.9425,3.863632
CID22,0.695290,2.125966,-23.805376,66.1637,4.812685
CID22,0.698102,1.875616,-26.108387,68.7899,5.592264
CID22,0.700153,2.169888,-23.430964,65.5041,6.017416
CID22,0.701567,1.502417,-31.984543,72.5969,3.054453
CID22,0.708452,1.864600,-26.320782,69.0943,4.946457
CID22,0.717614,1.882668,-26.217335,67.6348,5.049004
CID22,0.728142,1.309736,-34.242813,74.7628,3.423617
CID22,0.729587,1.261229,-36.378250,76.1422,3.426845
CID22,0.738039,1.868726,-27.769533,68.7984,4.478396
CID22,0.740200,1.345059,-34.296490,75.6229,3.600389
CID22,0.746746,1.535401,-31.703190,73.2458,4.296090
CID22,0.748061,1.691327,-31.059889,71.3889,4.500020
CID22,0.748247,1.269708,-35.981590,76.0703,2.943648
CID22,0.749134,1.694214,-28.609518,70.6230,4.672202
CID22,0.754504,1.166390,-37.546818,77.3347,2.958945
CID22,0.755522,1.158230,-36.987247,77.3366,3.320940
CID22,0.759647,1.682518,-30.492001,71.2255,4.193345
CID22,0.772146,1.388390,-34.691536,75.0577,3.742997
CID22,0.773244,1.430559,-34.046322,74.9513,4.846510
CID22,0.774327,1.303464,-35.564316,76.5098,3.299261
CID22,0.775586,1.533944,-33.366497,73.6927,3.742294
CID22,0.779501,1.087441,-39.151405,79.0929,2.609932
CID22,0.780290,1.373989,-36.060108,75.9995,3.962025
CID22,0.783887,1.035706,-39.795902,78.8147,2.580671
CID22,0.787327,1.053760,-38.842476,78.4549,3.087269
CID22,0.799003,1.179935,-37.664936,77.3924,3.444825
CID22,0.799019,1.264325,-36.547447,77.0883,4.139338
CID22,0.801771,1.219110,-36.724052,77.2933,3.088780
CID22,0.802638,1.393763,-34.938057,75.1669,3.513124
CID22,0.805621,1.426427,-34.838505,75.2725,3.377624
CID22,0.807788,0.952739,-40.626888,80.6247,2.444927
CID22,0.811402,0.873940,-42.449875,81.4128,2.332650
CID22,0.812800,1.121800,-39.677670,79.3141,3.349444
CID22,0.813882,0.880644,-41.796833,81.1207,2.839528
CID22,0.816675,1.223796,-37.561859,77.9574,3.195076
CID22,0.819507,1.084510,-38.954033,79.2693,2.881429
CID22,0.821009,1.020811,-40.456821,79.8285,2.967378
CID22,0.828967,1.114490,-39.457405,78.9526,2.642300
CID22,0.834163,0.796177,-44.270763,83.4375,2.008686
CID22,0.834330,0.813498,-43.119343,82.5354,2.426934
CID22,0.835645,0.662152,-45.129757,84.2339,2.800988
CID22,0.836823,1.196140,-37.890106,77.8301,3.321178
CID22,0.837143,1.157085,-38.307350,78.7245,3.275160
CID22,0.837410,0.914993,-43.131016,82.1106,2.402063
CID22,0.839818,0.965693,-41.270943,81.0974,2.550401
CID22,0.841223,0.913063,-42.367233,81.6080,2.349278
CID22,0.853507,0.936261,-41.936905,81.2275,2.189621
CID22,0.853640,1.048850,-40.068020,80.0804,3.280475
CID22,0.855048,0.619450,-47.551937,85.9900,1.542131
CID22,0.857818,0.875723,-42.819027,82.3191,2.944942
CID22,0.858151,0.539476,-47.631767,86.1034,1.986639
CID22,0.863036,0.823517,-43.786858,83.0379,2.117371
CID22,0.867524,0.745774,-43.858658,83.8023,2.145323
CID22,0.868633,0.814353,-44.614754,84.0191,2.313973
CID22,0.870037,0.945094,-42.122406,81.1283,2.537148
CID22,0.873256,0.957913,-41.661030,81.6921,3.123422
CID22,0.879087,0.799258,-44.421925,83.6711,2.031468
CID22,0.881615,0.459449,-50.766891,88.6393,1.337508
CID22,0.886636,0.345054,-50.813358,89.9915,2.002537
CID22,0.886645,0.755838,-45.414131,84.0669,2.110403
CID22,0.887638,0.887617,-42.482750,82.4963,2.749793
CID22,0.887715,0.631427,-47.278172,85.9335,1.875955
CID22,0.889024,0.611202,-47.174400,86.2381,1.600395
CID22,0.890054,0.671215,-46.859921,85.0950,1.675290
CID22,0.890223,0.643626,-46.714821,85.7681,1.909593
CID22,0.890357,0.480053,-50.230148,88.6517,1.490393
CID22,0.891965,0.803789,-43.780495,83.5515,2.502345
CID22,0.892674,0.485687,-49.977947,88.2143,1.359458
CID22,0.893674,0.276823,-53.802872,91.8623,0.789676
CID22,0.893976,0.232929,-53.155025,92.5427,1.562616
CID22,0.894764,0.445372,-50.421940,88.3993,1.355641
CID22,0.898431,0.480898,-50.296272,88.2153,1.468194
CID22,0.429112,3.046835,-6.999176,54.6979,4.930673
CID22,0.449027,2.745741,-11.956339,56.5754,4.845170
CID22,0.528104,2.814584,-13.948777,58.1703,5.882686
CID22,0.535648,2.403710,-19.165836,59.9549,4.634151
CID22,0.547822,3.120582,-8.524968,56.0132,6.936599
CID22,0.553824,2.901668,-11.861075,55.6907,6.931934
CID22,0.555134,2.471270,-17.831972,62.2887,4.959825
CID22,0.580563,2.749033,-15.794033,60.0370,6.764165
CID22,0.581790,2.909979,-11.939327,58.5311,5.709593
CID22,0.585071,2.241786,-21.386181,63.6694,4.054371
CID22,0.603276,2.127750,-22.869802,62.9771,3.782310
CID22,0.611449,2.447743,-18.789734,61.8835,5.000792
CID22,0.622999,2.377301,-20.133362,63.2941,4.739779
CID22,0.643222,2.517133,-18.067385,62.0335,5.060626
CID22,0.644729,2.003463,-24.389969,66.6637,4.079461
CID22,0.647435,2.322553,-21.497311,64.8700,3.712782
CID22,0.649127,1.611681,-31.603394,70.7997,3.336602
CID22,0.651571,2.216793,-22.128189,65.3943,4.279097
CID22,0.658598,2.159704,-22.082933,64.9535,4.220514
CID22,0.667674,2.007579,-25.486542,67.5675,4.883360
CID22,0.672347,1.690926,-29.613815,70.1953,3.678120
CID22,0.674036,1.877350,-26.941320,69.0897,3.939729
CID22,0.675285,1.830548,-27.362324,68.8419,4.284813
CID22,0.690841,2.089119,-25.219130,67.2094,3.478699
CID22,0.691905,1.890080,-26.335768,68.3098,4.161170
CID22,0.692690,2.001716,-25.276035,67.1500,3.744022
CID22,0.695891,1.975930,-25.910503,67.7906,4.167070
CID22,0.698548,1.494503,-32.938622,72.2639,2.993398
CID22,0.701076,1.513277,-32.313564,72.4329,3.732381
CID22,0.709723,1.656308,-29.718580,70.8848,3.579211
CID22,0.715965,1.703697,-30.623032,71.5277,4.042946
CID22,0.716347,1.552852,-31.664022,73.1711,3.279226
CID22,0.719929,1.570013,-30.904501,72.3572,3.551280
CID22,0.724582,1.381148,-33.521450,73.9599,3.406379
CID22,0.726028,1.681307,-29.706230,71.3261,3.815396
CID22,0.726664,1.642532,-31.514154,72.4734,3.361991
CID22,0.731350,1.597259,-31.528179,72.8067,3.323495
CID22,0.732542,1.458754,-33.017319,73.7510,3.406277
CID22,0.733314,1.306270,-35.687775,73.2682,2.719276
CID22,0.737237,1.572212,-33.174374,73.6965,3.827152
CID22,0.747669,1.381013,-34.495289,75.0200,3.620910
CID22,0.753638,1.391875,-33.761799,74.6579,3.217845
CID22,0.754484,1.337367,-35.113583,75.7950,2.875166
CID22,0.755965,1.455599,-34.256050,74.5596,2.902945
CID22,0.757195,1.638939,-30.243176,71.9512,3.405169
CID22,0.764585,1.403808,-35.531410,75.5785,3.775853
CID22,0.765758,1.228425,-36.008518,76.2910,3.130458
CID22,0.766626,1.133338,-38.190010,75.1183,2.171277
CID22,0.767051,1.320281,-35.635128,76.0692,3.265150
CID22,0.776227,1.198697,-37.086205,76.9908,2.971606
CID22,0.776415,1.305856,-35.151333,75.9245,3.162645
CID22,0.784716,1.349770,-36.147614,76.2188,3.345842
CID22,0.787322,1.340776,-36.174164,76.2414,2.814424
CID22,0.791699,1.264825,-36.202961,76.3334,2.630590
CID22,0.793944,1.181511,-37.586250,77.7347,2.666832
CID22,0.796208,1.001265,-40.482395,79.2392,2.130358
CID22,0.799049,0.947101,-39.392326,80.3404,3.356920
CID22,0.799384,1.208368,-36.955940,77.3199,3.172863
CID22,0.799505,1.040367,-40.318462,79.7007,2.255034
CID22,0.802309,1.094889,-38.439964,78.6803,2.647700
CID22,0.805831,1.274843,-37.399014,77.2680,3.348373
CID22,0.817223,1.142604,-39.451992,78.3976,2.494407
CID22,0.819790,1.077298,-39.132038,78.7193,2.274920
CID22,0.822363,1.104870,-38.685207,79.2309,2.330621
CID22,0.829083,0.779993,-44.740772,82.3190,1.738750
CID22,0.829513,1.173598,-38.898472,78.7178,2.976599
CID22,0.832106,0.906810,-42.348843,81.5173,2.327209
CID22,0.833075,0.989374,-39.690327,79.8807,2.468290
CID22,0.833226,1.091764,-38.584637,79.1182,2.574070
CID22,0.836576,0.822231,-41.487808,82.4085,2.319860
CID22,0.841787,1.042519,-39.864422,79.8208,2.414475
CID22,0.844035,0.906523,-41.401932,80.7805,2.229057
CID22,0.844119,1.016832,-40.974174,79.9806,2.345014
CID22,0.847640,1.066057,-40.537998,80.2371,2.647558
CID22,0.853398,0.567045,-48.752239,85.3732,1.372577
CID22,0.855755,0.825987,-42.675041,82.3665,1.978433
CID22,0.862026,0.992150,-40.108490,80.4779,2.102275
CID22,0.864979,0.923022,-41.480808,81.3866,2.142275
CID22,0.866632,0.989832,-41.045395,81.1795,2.775016
CID22,0.871526,0.506720,-47.016441,87.5186,1.757463
CID22,0.871777,0.782720,-44.954933,82.4498,2.108356
CID22,0.871895,0.581563,-47.993065,86.0033,2.066585
CID22,0.872229,0.612669,-46.616470,85.0143,1.721467
CID22,0.873007,0.351860,-52.966160,89.4453,0.870652
CID22,0.873373,0.679909,-45.384197,84.6272,1.732927
CID22,0.874176,0.903194,-42.887882,82.4167,2.863266
CID22,0.874484,0.795847,-43.366329,82.7319,1.869340
CID22,0.874825,0.791873,-43.494843,82.8975,1.719111
CID22,0.876606,0.333234,-50.962360,90.6277,1.262999
CID22,0.879551,0.659675,-45.904415,84.8037,1.660615
CID22,0.880105,0.813330,-44.499496,84.0625,2.401142
CID22,0.428159,3.392694,-1.781956,48.1462,5.493958
CID22,0.463730,2.883145,-8.326827,54.1671,4.916123
CID22,0.511724,3.235177,-5.102399,53.9492,4.733558
CID22,0.533838,2.545170,-14.504484,57.5777,5.069217
CID22,0.567296,3.067827,-6.933743,52.3451,6.311716
CID22,0.602840,2.979365,-8.568997,54.0289,4.932389
CID22,0.606310,3.245654,-2.953888,49.4849,8.036274
CID22,0.616943,2.568955,-14.840010,57.7363,4.685543
CID22,0.633703,2.072020,-21.868183,63.3831,4.512238
CID22,0.636314,2.329894,-18.473093,63.0767,4.354035
CID22,0.652824,2.341377,-17.779099,59.7414,4.192590
CID22,0.654608,3.173426,-5.671068,50.6521,5.770085
CID22,0.670044,1.995167,-24.124193,65.4352,4.308370
CID22,0.670620,2.606584,-13.148252,56.4909,6.931486
CID22,0.672923,2.268262,-19.663303,61.2794,4.186095
CID22,0.681976,2.372891,-18.564226,61.0257,4.048078
CID22,0.682434,1.722608,-26.917891,67.6803,4.026586
CID22,0.695136,2.109139,-21.950998,65.4960,4.147256
CID22,0.711176,2.565129,-17.192543,58.7069,4.429852
CID22,0.713783,2.269759,-19.615845,61.3950,4.142750
CID22,0.714979,2.236010,-21.507446,61.0400,5.364482
CID22,0.726742,1.631175,-30.656172,69.5006,3.493810
CID22,0.729643,1.497661,-30.593161,70.5003,3.782553
CID22,0.729649,2.016983,-23.161760,64.2904,4.294445
CID22,0.730899,1.365156,-34.187698,73.7282,2.694861
CID22,0.733463,2.085411,-23.415659,64.4236,3.873109
CID22,0.740029,1.742977,-27.155874,70.3812,4.148633
CID22,0.750591,2.013136,-23.346071,64.7944,3.711295
CID22,0.756191,1.941350,-25.464903,64.9576,4.066070
CID22,0.763781,1.893545,-26.057304,65.4458,5.270315
CID22,0.764704,1.471190,-33.139950,71.3726,3.048153
CID22,0.771008,1.715814,-28.949869,69.0091,3.500019
CID22,0.772776,1.761414,-26.579830,66.9464,3.899908
CID22,0.776072,1.530817,-31.317003,73.1294,4.098919
CID22,0.780067,1.373419,-32.524780,72.3173,3.819863
CID22,0.781022,1.659502,-28.752676,69.3667,3.320847
CID22,0.781377,1.226078,-36.003880,75.8465,3.421962
CID22,0.788067,1.705026,-28.471661,68.3144,3.874589
CID22,0.789351,1.547848,-30.586788,70.5853,4.109017
CID22,0.790791,1.624079,-29.676908,69.5542,3.176830
CID22,0.790863,1.298009,-35.971031,74.2644,3.014354
CID22,0.795954,1.160040,-35.977844,75.3539,3.370388
CID22,0.797251,1.648030,-29.861601,70.4499,2.960540
CID22,0.798650,1.418624,-32.433907,72.9012,3.055600
CID22,0.801906,1.479029,-31.529684,71.3850,4.455594
CID22,0.802233,1.422933,-33.029922,74.5651,3.937800
CID22,0.802838,1.539211,-31.812473,70.8827,5.327004
CID22,0.811661,1.394065,-32.817032,72.6760,4.312933
CID22,0.814308,1.117754,-38.831657,77.4964,2.484870
CID22,0.814433,1.258691,-35.710155,75.0032,2.500930
CID22,0.814997,0.873925,-40.367107,79.8983,3.006020
CID22,0.817400,1.102481,-38.122910,78.1661,2.905416
CID22,0.818298,1.224862,-35.483616,75.4770,2.742966
CID22,0.819813,1.460028,-33.041485,72.0972,3.759772
CID22,0.822097,1.252793,-35.428349,75.6283,2.416678
CID22,0.828086,1.167767,-37.229115,77.6778,2.933055
CID22,0.839887,0.721666,-42.797863,82.2141,2.691920
CID22,0.841868,1.022187,-39.888775,79.0452,2.032224
CID22,0.842347,1.416946,-33.802914,72.7268,4.402335
CID22,0.842652,1.251002,-34.830215,74.9386,3.816033
CID22,0.844420,1.002667,-40.936668,79.6192,2.419402
CID22,0.845060,1.109317,-37.178635,77.8624,2.505626
CID22,0.850024,1.046356,-38.367794,78.8476,2.250153
CID22,0.858696,0.990927,-39.840912,79.8121,2.206459
CID22,0.859518,0.979765,-39.599873,79.3287,2.285411
CID22,0.863742,1.303604,-36.046909,74.7644,4.108991
CID22,0.868023,1.105776,-37.459518,77.0480,2.711555
CID22,0.869448,0.905764,-41.453358,80.7413,1.840028
CID22,0.870446,1.010553,-38.856030,79.3162,2.381289
CID22,0.877875,0.447770,-48.469982,87.1015,2.258461
CID22,0.881528,0.869770,-41.644173,81.6615,2.093456
CID22,0.888459,1.187257,-37.920898,76.5090,3.292281
CID22,0.893591,1.008811,-39.120121,78.5816,3.804501
CID22,0.894338,0.772146,-42.917461,83.2078,1.823426
CID22,0.894715,0.768663,-45.055286,82.6437,1.785007
CID22,0.894719,0.776748,-42.988384,83.1531,1.694712
CID22,0.894764,0.526771,-48.137993,86.8899,1.220275
CID22,0.894807,0.762900,-43.570980,82.6580,2.117218
CID22,0.894813,1.124172,-38.877262,77.3594,2.874991
CID22,0.894844,0.966829,-39.185322,81.0326,3.130559
CID22,0.894856,0.546099,-49.478348,86.6811,1.431950
CID22,0.894861,0.497840,-48.211792,87.3800,1.202464
CID22,0.894918,0.283475,-52.043053,90.4430,1.784929
CID22,0.894924,0.599391,-46.141766,86.0286,1.622546
CID22,0.894931,1.027140,-40.204594,79.1401,2.770406
CID22,0.895040,0.724932,-44.167316,83.5890,1.904725
CID22,0.895049,0.579555,-46.718662,86.2665,1.308902
CID22,0.895052,0.337326,-53.234901,90.5015,0.962486
CID22,0.895165,0.894431,-42.552803,81.1201,2.512727
CID22,0.398584,2.988645,-6.705482,52.1099,6.524016
CID22,0.466230,2.725738,-11.705171,54.3679,4.537550
CID22,0.473314,2.847204,-9.944906,53.9841,6.453124
CID22,0.474328,2.326563,-19.646446,61.3616,5.003087
CID22,0.495385,2.750876,-11.534431,57.6568,4.647451
CID22,0.523574,2.296321,-18.491283,60.4889,4.127469
CID22,0.526971,2.426037,-17.313437,58.1208,4.899930
